ISO-10303-21;
HEADER;
FILE_DESCRIPTION (( 'STEP AP203' ),
    '1' );
FILE_NAME ('#3舵机臂1.STEP',
    '2026-07-10T02:36:04',
    ( '' ),
    ( '' ),
    'SwSTEP 2.0',
    'SolidWorks 2021',
    '' );
FILE_SCHEMA (( 'CONFIG_CONTROL_DESIGN' ));
ENDSEC;

DATA;
#1 = ORIENTED_EDGE ( 'NONE', *, *, #894, .F. ) ;
#2 = VERTEX_POINT ( 'NONE', #3367 ) ;
#3 = CARTESIAN_POINT ( 'NONE',  ( 20.15350679518575205, -0.9875097370588891144, -0.6736651628591446839 ) ) ;
#4 = EDGE_CURVE ( 'NONE', #2140, #3509, #2506, .T. ) ;
#5 = CARTESIAN_POINT ( 'NONE',  ( 30.62500000000001421, -21.99999999999999289, 0.000000000000000000 ) ) ;
#6 = ORIENTED_EDGE ( 'NONE', *, *, #5242, .T. ) ;
#7 = AXIS2_PLACEMENT_3D ( 'NONE', #983, #2873, #5171 ) ;
#8 = ORIENTED_EDGE ( 'NONE', *, *, #3854, .T. ) ;
#9 = AXIS2_PLACEMENT_3D ( 'NONE', #1784, #247, #4296 ) ;
#10 = CARTESIAN_POINT ( 'NONE',  ( 30.73768568794501377, -17.41999999999999105, -20.00000000000000000 ) ) ;
#11 = FACE_BOUND ( 'NONE', #1688, .T. ) ;
#12 = DIRECTION ( 'NONE',  ( -1.000000000000000000, -2.931054078198949621E-16, -1.649128060369352172E-48 ) ) ;
#13 = FACE_OUTER_BOUND ( 'NONE', #5347, .T. ) ;
#14 = B_SPLINE_CURVE_WITH_KNOTS ( 'NONE', 3,
 ( #2818, #4176, #1909, #60, #1603, #5884, #5771, #216, #3440, #2959 ),
 .UNSPECIFIED., .F., .F.,
 ( 4, 2, 2, 2, 4 ),
 ( -7.766797712304726955E-06, 0.0003977681362954482388, 0.0008033030703032011978, 0.001208838004310953994, 0.001614372938318707007 ),
 .UNSPECIFIED. ) ;
#15 = DIRECTION ( 'NONE',  ( 0.000000000000000000, 0.000000000000000000, 1.000000000000000000 ) ) ;
#16 = ORIENTED_EDGE ( 'NONE', *, *, #4420, .T. ) ;
#17 = VERTEX_POINT ( 'NONE', #4649 ) ;
#18 = FACE_OUTER_BOUND ( 'NONE', #5414, .T. ) ;
#19 = CARTESIAN_POINT ( 'NONE',  ( -30.20657591876751269, -1.721607348392484083, 7.278392651607664021 ) ) ;
#20 = DIRECTION ( 'NONE',  ( 0.000000000000000000, 0.9659719663645303100, 0.2586467865600553528 ) ) ;
#21 = AXIS2_PLACEMENT_3D ( 'NONE', #3205, #5385, #1820 ) ;
#22 = ORIENTED_EDGE ( 'NONE', *, *, #1666, .F. ) ;
#23 = CARTESIAN_POINT ( 'NONE',  ( -22.62500000000001421, -22.96999999999999531, -14.00000000000000000 ) ) ;
#24 = CARTESIAN_POINT ( 'NONE',  ( 5.000000000000012434, -26.20000000000000284, 15.00000000000001421 ) ) ;
#25 = DIRECTION ( 'NONE',  ( 1.000000000000000000, -6.938893903907232322E-16, -1.972152263052529514E-31 ) ) ;
#26 = LINE ( 'NONE', #2806, #1951 ) ;
#27 = CIRCLE ( 'NONE', #2827, 12.50000000000000000 ) ;
#28 = EDGE_CURVE ( 'NONE', #3261, #2023, #5217, .T. ) ;
#29 = ADVANCED_FACE ( 'NONE', ( #1504 ), #4504, .T. ) ;
#30 = ORIENTED_EDGE ( 'NONE', *, *, #843, .F. ) ;
#31 = ORIENTED_EDGE ( 'NONE', *, *, #1520, .F. ) ;
#32 = CYLINDRICAL_SURFACE ( 'NONE', #2781, 1.000000000000001776 ) ;
#33 = CARTESIAN_POINT ( 'NONE',  ( -30.62500000000002132, -22.23301366067114415, -7.710323222972040647 ) ) ;
#34 = ORIENTED_EDGE ( 'NONE', *, *, #5469, .T. ) ;
#35 = CIRCLE ( 'NONE', #4930, 1.049999999999998934 ) ;
#36 = EDGE_CURVE ( 'NONE', #709, #3598, #1936, .T. ) ;
#37 = DIRECTION ( 'NONE',  ( -3.061616997868382648E-16, 1.000000000000000000, 0.000000000000000000 ) ) ;
#38 = CARTESIAN_POINT ( 'NONE',  ( 8.878689293818307707E-15, -22.99999999999999289, 15.00000000000000000 ) ) ;
#39 = CARTESIAN_POINT ( 'NONE',  ( -28.62500000000000000, -0.9999999999999861222, 0.000000000000000000 ) ) ;
#40 = CYLINDRICAL_SURFACE ( 'NONE', #3718, 1.049999999999998934 ) ;
#41 = EDGE_CURVE ( 'NONE', #66, #2239, #3336, .T. ) ;
#42 = DIRECTION ( 'NONE',  ( -1.000000000000000000, -6.938893903907232322E-16, -0.000000000000000000 ) ) ;
#43 = ORIENTED_EDGE ( 'NONE', *, *, #3544, .T. ) ;
#44 = CARTESIAN_POINT ( 'NONE',  ( -25.62500000000000000, -4.619999999999988560, -20.00000000000000000 ) ) ;
#45 = DIRECTION ( 'NONE',  ( -1.000000000000000000, 6.938893903907232322E-16, 0.000000000000000000 ) ) ;
#46 = DIRECTION ( 'NONE',  ( 1.000000000000000000, -6.938893903907230350E-16, -1.972152263052529514E-31 ) ) ;
#47 = AXIS2_PLACEMENT_3D ( 'NONE', #5819, #4540, #1783 ) ;
#48 = ORIENTED_EDGE ( 'NONE', *, *, #1930, .T. ) ;
#49 = CARTESIAN_POINT ( 'NONE',  ( 7.500000000000010658, -23.99999999999999645, 15.00000000000000178 ) ) ;
#50 = LINE ( 'NONE', #3720, #3340 ) ;
#51 = CARTESIAN_POINT ( 'NONE',  ( -30.62500000000000000, 2.030000000000012683, -14.00000000000000000 ) ) ;
#52 = CYLINDRICAL_SURFACE ( 'NONE', #4907, 3.099999999999998757 ) ;
#53 = LINE ( 'NONE', #1894, #111 ) ;
#54 = VERTEX_POINT ( 'NONE', #1060 ) ;
#55 = ORIENTED_EDGE ( 'NONE', *, *, #212, .T. ) ;
#56 = DIRECTION ( 'NONE',  ( 3.469446951953612217E-16, -1.000000000000000000, 0.000000000000000000 ) ) ;
#57 = EDGE_LOOP ( 'NONE', ( #3563, #4839, #1187, #384 ) ) ;
#58 = TOROIDAL_SURFACE ( 'NONE', #156, 9.999999999999998224, 1.000000000000000000 ) ;
#59 = DIRECTION ( 'NONE',  ( 1.000000000000000000, -6.938893903907232322E-16, -0.000000000000000000 ) ) ;
#60 = CARTESIAN_POINT ( 'NONE',  ( 7.976197503822010759, 5.380490724258550905, 8.185197985380369801 ) ) ;
#61 = FACE_OUTER_BOUND ( 'NONE', #4457, .T. ) ;
#62 = EDGE_CURVE ( 'NONE', #503, #199, #2893, .T. ) ;
#63 = DIRECTION ( 'NONE',  ( -6.802837160693360652E-16, 1.000000000000000000, 0.000000000000000000 ) ) ;
#64 = AXIS2_PLACEMENT_3D ( 'NONE', #523, #4178, #63 ) ;
#65 = DIRECTION ( 'NONE',  ( 1.000000000000000000, -6.938893903907232322E-16, 0.000000000000000000 ) ) ;
#66 = VERTEX_POINT ( 'NONE', #1632 ) ;
#67 = VECTOR ( 'NONE', #3441, 1000.000000000000000 ) ;
#68 = DIRECTION ( 'NONE',  ( -1.000000000000000000, -0.000000000000000000, 1.241116166072645175E-16 ) ) ;
#69 = CARTESIAN_POINT ( 'NONE',  ( -9.999999999999998224, 4.500000000000001776, 15.00000000000000000 ) ) ;
#70 = AXIS2_PLACEMENT_3D ( 'NONE', #2830, #4642, #4315 ) ;
#71 = DIRECTION ( 'NONE',  ( -8.326672684688675039E-16, 1.000000000000000000, 0.000000000000000000 ) ) ;
#72 = ORIENTED_EDGE ( 'NONE', *, *, #2945, .T. ) ;
#73 = ADVANCED_FACE ( 'NONE', ( #3587 ), #2118, .F. ) ;
#74 = AXIS2_PLACEMENT_3D ( 'NONE', #2450, #1513, #492 ) ;
#75 = VECTOR ( 'NONE', #3309, 1000.000000000000000 ) ;
#76 = CIRCLE ( 'NONE', #2971, 1.049999999999998934 ) ;
#77 = ORIENTED_EDGE ( 'NONE', *, *, #1085, .F. ) ;
#78 = CARTESIAN_POINT ( 'NONE',  ( 2.795174069461583422, -0.6821163329047631452, 13.65808184345190313 ) ) ;
#79 = CARTESIAN_POINT ( 'NONE',  ( -26.82500000000000284, -5.369999999999990337, -20.00000000000000000 ) ) ;
#80 = CYLINDRICAL_SURFACE ( 'NONE', #1113, 1.049999999999998934 ) ;
#81 = CARTESIAN_POINT ( 'NONE',  ( 1.035509157445142348E-14, -29.19999999999999929, 9.999999999999998224 ) ) ;
#82 = EDGE_CURVE ( 'NONE', #5108, #2365, #1145, .T. ) ;
#83 = DIRECTION ( 'NONE',  ( -1.000000000000000000, -6.938893903907232322E-16, -0.000000000000000000 ) ) ;
#84 = AXIS2_PLACEMENT_3D ( 'NONE', #440, #5091, #3193 ) ;
#85 = ORIENTED_EDGE ( 'NONE', *, *, #1271, .F. ) ;
#86 = ORIENTED_EDGE ( 'NONE', *, *, #4279, .F. ) ;
#87 = CARTESIAN_POINT ( 'NONE',  ( 29.62730136216342203, -22.86783159439258739, 7.735663188785178335 ) ) ;
#88 = LINE ( 'NONE', #3257, #5835 ) ;
#89 = FACE_OUTER_BOUND ( 'NONE', #3228, .T. ) ;
#90 = ORIENTED_EDGE ( 'NONE', *, *, #4014, .F. ) ;
#91 = ORIENTED_EDGE ( 'NONE', *, *, #4335, .T. ) ;
#92 = PLANE ( 'NONE',  #2963 ) ;
#93 = DIRECTION ( 'NONE',  ( -8.673617379884035472E-16, -1.000000000000000000, 0.000000000000000000 ) ) ;
#94 = CARTESIAN_POINT ( 'NONE',  ( 25.62500000000000355, -2.663145750507624587, -14.34314575050761320 ) ) ;
#95 = CARTESIAN_POINT ( 'NONE',  ( -23.82500000000000639, -10.46999999999999353, -20.00000000000000000 ) ) ;
#96 = ORIENTED_EDGE ( 'NONE', *, *, #4704, .F. ) ;
#97 = CIRCLE ( 'NONE', #3476, 6.999999999999995559 ) ;
#98 = ADVANCED_FACE ( 'NONE', ( #2656, #3966 ), #4025, .F. ) ;
#99 = EDGE_CURVE ( 'NONE', #4007, #3022, #5284, .T. ) ;
#100 = EDGE_LOOP ( 'NONE', ( #2885, #304 ) ) ;
#101 = DIRECTION ( 'NONE',  ( 1.000000000000000000, -0.000000000000000000, -0.000000000000000000 ) ) ;
#102 = CARTESIAN_POINT ( 'NONE',  ( -22.62500000000001421, -23.98828135042174736, -5.000000000000000000 ) ) ;
#103 = DIRECTION ( 'NONE',  ( -7.501506923142976515E-16, -1.000000000000000000, 0.000000000000000000 ) ) ;
#104 = EDGE_CURVE ( 'NONE', #2019, #3509, #1210, .T. ) ;
#105 = VERTEX_POINT ( 'NONE', #5761 ) ;
#106 = LINE ( 'NONE', #5545, #1352 ) ;
#107 = DIRECTION ( 'NONE',  ( 3.061616997868382648E-16, -1.000000000000000000, -0.000000000000000000 ) ) ;
#108 = CARTESIAN_POINT ( 'NONE',  ( 30.62499999999999645, 2.030000000000011351, -20.00000000000000000 ) ) ;
#109 = CARTESIAN_POINT ( 'NONE',  ( 1.961234274584282353E-14, -58.05877273185281240, 15.00000000000000000 ) ) ;
#110 = CIRCLE ( 'NONE', #5485, 9.999999999999998224 ) ;
#111 = VECTOR ( 'NONE', #5126, 1000.000000000000000 ) ;
#112 = ADVANCED_FACE ( 'NONE', ( #1754 ), #4897, .F. ) ;
#113 = ORIENTED_EDGE ( 'NONE', *, *, #3893, .F. ) ;
#114 = ORIENTED_EDGE ( 'NONE', *, *, #1883, .F. ) ;
#115 = CARTESIAN_POINT ( 'NONE',  ( 29.92895656095061341, -23.56254638674935009, 7.562546386749430027 ) ) ;
#116 = LINE ( 'NONE', #5665, #1146 ) ;
#117 = DIRECTION ( 'NONE',  ( -1.000000000000000000, -2.931054078198949621E-16, -1.649128060369352172E-48 ) ) ;
#118 = ORIENTED_EDGE ( 'NONE', *, *, #4, .F. ) ;
#119 = CIRCLE ( 'NONE', #325, 7.500000000000000888 ) ;
#120 = EDGE_LOOP ( 'NONE', ( #85, #5005, #5023, #5413 ) ) ;
#121 = CARTESIAN_POINT ( 'NONE',  ( -22.62499999999998934, 15.77854679802961257, 0.000000000000000000 ) ) ;
#122 = CARTESIAN_POINT ( 'NONE',  ( 1.402903197189348108E-14, -29.19999999999999929, 20.00000000000000000 ) ) ;
#123 = FACE_OUTER_BOUND ( 'NONE', #3472, .T. ) ;
#124 = FACE_OUTER_BOUND ( 'NONE', #3061, .T. ) ;
#125 = EDGE_LOOP ( 'NONE', ( #5236, #1766, #3450, #3755 ) ) ;
#126 = DIRECTION ( 'NONE',  ( 1.000000000000000000, 6.938893903907228378E-16, -0.000000000000000000 ) ) ;
#127 = DIRECTION ( 'NONE',  ( -1.000000000000000000, -6.938893903907232322E-16, 0.000000000000000000 ) ) ;
#128 = CARTESIAN_POINT ( 'NONE',  ( 19.38708631540075089, -23.99995446391194776, -0.3179198490311512248 ) ) ;
#129 = DIRECTION ( 'NONE',  ( 1.000000000000000000, 6.938893903907231336E-16, 0.000000000000000000 ) ) ;
#130 = VECTOR ( 'NONE', #915, 1000.000000000000000 ) ;
#131 = ORIENTED_EDGE ( 'NONE', *, *, #3207, .F. ) ;
#132 = LINE ( 'NONE', #1498, #2880 ) ;
#133 = FACE_BOUND ( 'NONE', #5776, .T. ) ;
#134 = FACE_OUTER_BOUND ( 'NONE', #1043, .T. ) ;
#135 = AXIS2_PLACEMENT_3D ( 'NONE', #4952, #848, #1364 ) ;
#136 = CARTESIAN_POINT ( 'NONE',  ( 22.62500000000001066, -16.46999999999998110, -14.00000000000000178 ) ) ;
#137 = EDGE_CURVE ( 'NONE', #5821, #2023, #4422, .T. ) ;
#138 = EDGE_CURVE ( 'NONE', #1781, #5149, #4888, .T. ) ;
#139 = ORIENTED_EDGE ( 'NONE', *, *, #335, .F. ) ;
#140 = CARTESIAN_POINT ( 'NONE',  ( 8.878689293818310863E-15, -23.00000000000000000, 15.00000000000000000 ) ) ;
#141 = CARTESIAN_POINT ( 'NONE',  ( 30.62500000000002132, -22.26184657318205851, 6.130923286590472365 ) ) ;
#142 = PLANE ( 'NONE',  #1622 ) ;
#143 = CARTESIAN_POINT ( 'NONE',  ( 23.82500000000000995, -15.56999999999999140, -29.74884608556315158 ) ) ;
#144 = EDGE_LOOP ( 'NONE', ( #2899, #2924, #2556, #2589 ) ) ;
#145 = ADVANCED_FACE ( 'NONE', ( #3898 ), #725, .F. ) ;
#146 = EDGE_LOOP ( 'NONE', ( #2448, #5584, #650, #5728 ) ) ;
#147 = DIRECTION ( 'NONE',  ( 1.000000000000000000, 3.061616997868382648E-16, 0.000000000000000000 ) ) ;
#148 = CARTESIAN_POINT ( 'NONE',  ( -22.62500000000001421, -20.61999999999999389, -22.81558164506022024 ) ) ;
#149 = PLANE ( 'NONE',  #3723 ) ;
#150 = CARTESIAN_POINT ( 'NONE',  ( 30.62500000000000355, -2.999999999999987566, 6.000000000000000000 ) ) ;
#151 = VERTEX_POINT ( 'NONE', #4925 ) ;
#152 = CARTESIAN_POINT ( 'NONE',  ( 28.62499999999999645, 0.03000000000001265543, -14.00000000000000000 ) ) ;
#153 = DIRECTION ( 'NONE',  ( 0.000000000000000000, 1.000000000000000000, 0.000000000000000000 ) ) ;
#154 = CARTESIAN_POINT ( 'NONE',  ( -8.485281374238569541, 4.499999999999955591, 8.000000000000000000 ) ) ;
#155 = ORIENTED_EDGE ( 'NONE', *, *, #3925, .T. ) ;
#156 = AXIS2_PLACEMENT_3D ( 'NONE', #4853, #780, #3099 ) ;
#157 = ORIENTED_EDGE ( 'NONE', *, *, #3249, .T. ) ;
#158 = EDGE_LOOP ( 'NONE', ( #3159, #449, #1962, #5637 ) ) ;
#159 = AXIS2_PLACEMENT_3D ( 'NONE', #2432, #988, #5205 ) ;
#160 = AXIS2_PLACEMENT_3D ( 'NONE', #4762, #5161, #604 ) ;
#161 = FACE_BOUND ( 'NONE', #3316, .T. ) ;
#162 = FACE_BOUND ( 'NONE', #100, .T. ) ;
#163 = PERSON_AND_ORGANIZATION_ROLE ( 'creator' ) ;
#164 = CYLINDRICAL_SURFACE ( 'NONE', #1176, 11.00000000000000000 ) ;
#165 = VECTOR ( 'NONE', #3685, 1000.000000000000000 ) ;
#166 = VECTOR ( 'NONE', #126, 1000.000000000000000 ) ;
#167 = EDGE_LOOP ( 'NONE', ( #5397, #5120, #1670, #3634 ) ) ;
#168 = ADVANCED_FACE ( 'NONE', ( #4799 ), #4202, .T. ) ;
#169 = ORIENTED_EDGE ( 'NONE', *, *, #1520, .T. ) ;
#170 = VECTOR ( 'NONE', #3016, 1000.000000000000000 ) ;
#171 = EDGE_CURVE ( 'NONE', #571, #230, #1724, .T. ) ;
#172 = CARTESIAN_POINT ( 'NONE',  ( 1.530808498934192064E-16, 7.100000000000001421, 15.00000000000000000 ) ) ;
#173 = DIRECTION ( 'NONE',  ( -0.3420201433256724877, 0.9396926207859070956, 0.000000000000000000 ) ) ;
#174 = AXIS2_PLACEMENT_3D ( 'NONE', #328, #4891, #353 ) ;
#175 = CARTESIAN_POINT ( 'NONE',  ( 23.82500000000000284, -5.369999999999992113, -20.00000000000000000 ) ) ;
#176 = ORIENTED_EDGE ( 'NONE', *, *, #3613, .T. ) ;
#177 = AXIS2_PLACEMENT_3D ( 'NONE', #4981, #3276, #5540 ) ;
#178 = VECTOR ( 'NONE', #5913, 1000.000000000000000 ) ;
#179 = AXIS2_PLACEMENT_3D ( 'NONE', #3105, #2171, #4857 ) ;
#180 = ORIENTED_EDGE ( 'NONE', *, *, #1923, .F. ) ;
#181 = VECTOR ( 'NONE', #2010, 1000.000000000000000 ) ;
#182 = EDGE_LOOP ( 'NONE', ( #2148, #3855 ) ) ;
#183 = EDGE_CURVE ( 'NONE', #5474, #5223, #3993, .T. ) ;
#184 = PLANE ( 'NONE',  #5253 ) ;
#185 = DIRECTION ( 'NONE',  ( 0.000000000000000000, 1.000000000000000000, 0.000000000000000000 ) ) ;
#186 = CARTESIAN_POINT ( 'NONE',  ( -10.50600731640227714, -1.000000000000011768, 8.000000000000000000 ) ) ;
#187 = DIRECTION ( 'NONE',  ( -1.000000000000000000, -3.154042683594194627E-16, 0.000000000000000000 ) ) ;
#188 = ORIENTED_EDGE ( 'NONE', *, *, #570, .T. ) ;
#189 = EDGE_CURVE ( 'NONE', #4073, #17, #2113, .T. ) ;
#190 = FACE_OUTER_BOUND ( 'NONE', #2265, .T. ) ;
#191 = CARTESIAN_POINT ( 'NONE',  ( -30.40302397096339604, -22.99127640711927967, 6.991276407119405789 ) ) ;
#192 = LINE ( 'NONE', #154, #181 ) ;
#193 = ORIENTED_EDGE ( 'NONE', *, *, #3460, .F. ) ;
#194 = DIRECTION ( 'NONE',  ( 3.469446951953613696E-16, -1.000000000000000000, 9.860761315262647568E-32 ) ) ;
#195 = VECTOR ( 'NONE', #3005, 1000.000000000000000 ) ;
#196 = EDGE_CURVE ( 'NONE', #882, #5567, #3553, .T. ) ;
#197 = VERTEX_POINT ( 'NONE', #2082 ) ;
#198 =( BOUNDED_CURVE ( )  B_SPLINE_CURVE ( 3, ( #3363, #4224, #2917, #4163 ),
 .UNSPECIFIED., .F., .T. ) 
 B_SPLINE_CURVE_WITH_KNOTS ( ( 4, 4 ),
 ( 0.000000000000000000, 1.570796326794896558 ),
 .UNSPECIFIED. ) 
 CURVE ( )  GEOMETRIC_REPRESENTATION_ITEM ( )  RATIONAL_B_SPLINE_CURVE ( ( 1.000000000000000000, 0.8047378541243649375, 0.8047378541243649375, 1.000000000000000000 ) ) 
 REPRESENTATION_ITEM ( '' )  );
#199 = VERTEX_POINT ( 'NONE', #306 ) ;
#200 = CARTESIAN_POINT ( 'NONE',  ( 3.094850713848265933, -1.439777376540805065, 14.79461532125178103 ) ) ;
#201 = CARTESIAN_POINT ( 'NONE',  ( 1.219206177317245228E-14, -29.19999999999999929, 15.00000000000000000 ) ) ;
#202 = APPROVAL_DATE_TIME ( #3074, #4032 ) ;
#203 = CARTESIAN_POINT ( 'NONE',  ( -30.62500000000001421, -16.46999999999997399, -14.00000000000000178 ) ) ;
#204 = CARTESIAN_POINT ( 'NONE',  ( 1.000000000000015543, -29.19999999999999929, 20.00000000000000000 ) ) ;
#205 = ORIENTED_EDGE ( 'NONE', *, *, #4522, .T. ) ;
#206 = VECTOR ( 'NONE', #2839, 1000.000000000000000 ) ;
#207 = VERTEX_POINT ( 'NONE', #4862 ) ;
#208 = CARTESIAN_POINT ( 'NONE',  ( 30.62500000000002132, -21.99999999999999289, 6.000000000000000000 ) ) ;
#209 = CARTESIAN_POINT ( 'NONE',  ( -30.62500000000001066, -16.12685424949239987, -14.34314575050765050 ) ) ;
#210 = DIRECTION ( 'NONE',  ( 1.000000000000000000, 6.938893903907230350E-16, 1.972152263052529514E-31 ) ) ;
#211 = ORIENTED_EDGE ( 'NONE', *, *, #1780, .F. ) ;
#212 = EDGE_CURVE ( 'NONE', #3732, #2579, #3650, .T. ) ;
#213 = VERTEX_POINT ( 'NONE', #2802 ) ;
#214 = VERTEX_POINT ( 'NONE', #390 ) ;
#215 = DIRECTION ( 'NONE',  ( 0.000000000000000000, -1.000000000000000000, 0.000000000000000000 ) ) ;
#216 = CARTESIAN_POINT ( 'NONE',  ( 8.457203557238001324, 4.770642698249496050, 8.010068326526170068 ) ) ;
#217 = PERSON ( '未指定', '未指定', '未指定', ('未指定'), ('未指定'), ('未指定') ) ;
#218 = DIRECTION ( 'NONE',  ( -1.224646799147353207E-16, 3.806064991452846376E-32, 1.000000000000000000 ) ) ;
#219 = LINE ( 'NONE', #4876, #3637 ) ;
#220 = ADVANCED_FACE ( 'NONE', ( #883 ), #2743, .F. ) ;
#221 = ADVANCED_FACE ( 'NONE', ( #5429 ), #1259, .T. ) ;
#222 = ORIENTED_EDGE ( 'NONE', *, *, #1479, .T. ) ;
#223 = DIRECTION ( 'NONE',  ( 0.000000000000000000, 0.000000000000000000, 1.000000000000000000 ) ) ;
#224 = CARTESIAN_POINT ( 'NONE',  ( -29.26943133430555477, -22.94892610094868601, 7.897852201897244129 ) ) ;
#225 = FACE_OUTER_BOUND ( 'NONE', #4371, .T. ) ;
#226 = EDGE_LOOP ( 'NONE', ( #1129, #4085, #1101, #3291 ) ) ;
#227 = DIRECTION ( 'NONE',  ( 1.000000000000000000, -6.938893903907232322E-16, -0.000000000000000000 ) ) ;
#228 = AXIS2_PLACEMENT_3D ( 'NONE', #3290, #3341, #3758 ) ;
#229 = EDGE_CURVE ( 'NONE', #5374, #3386, #2293, .T. ) ;
#230 = VERTEX_POINT ( 'NONE', #3169 ) ;
#231 = EDGE_LOOP ( 'NONE', ( #4228, #3917, #5409, #717, #1073, #4126, #2277, #3301, #5938, #5194, #1640, #2072 ) ) ;
#232 = CARTESIAN_POINT ( 'NONE',  ( 25.62500000000000355, -3.763145750507624232, -14.34314575050761320 ) ) ;
#233 = CARTESIAN_POINT ( 'NONE',  ( 29.14356511640537661, -2.031983349264013139, 7.936033301471936419 ) ) ;
#234 = DIRECTION ( 'NONE',  ( 0.000000000000000000, 0.000000000000000000, -1.000000000000000000 ) ) ;
#235 = CARTESIAN_POINT ( 'NONE',  ( -10.84397084019265201, 2.208941801418442985, 13.14922864254523382 ) ) ;
#236 = VERTEX_POINT ( 'NONE', #4080 ) ;
#237 = AXIS2_PLACEMENT_3D ( 'NONE', #2268, #444, #4513 ) ;
#238 = DIRECTION ( 'NONE',  ( -0.000000000000000000, 1.520050659198664737E-16, 1.000000000000000000 ) ) ;
#239 = FACE_BOUND ( 'NONE', #5846, .T. ) ;
#240 = CARTESIAN_POINT ( 'NONE',  ( -26.82500000000000995, -15.56999999999998963, -20.00000000000000000 ) ) ;
#241 = DIRECTION ( 'NONE',  ( 1.047444401652940007E-14, 3.500570266918239887E-30, -1.000000000000000000 ) ) ;
#242 = ORIENTED_EDGE ( 'NONE', *, *, #1511, .F. ) ;
#243 = ORIENTED_EDGE ( 'NONE', *, *, #5458, .F. ) ;
#244 = ORIENTED_EDGE ( 'NONE', *, *, #2282, .T. ) ;
#245 = FACE_OUTER_BOUND ( 'NONE', #4254, .T. ) ;
#246 = DIRECTION ( 'NONE',  ( 1.054747025274378568E-31, -1.520050659198664737E-16, -1.000000000000000000 ) ) ;
#247 = DIRECTION ( 'NONE',  ( -6.938893903907231336E-16, -1.000000000000000000, 0.000000000000000000 ) ) ;
#248 = DIRECTION ( 'NONE',  ( 1.000000000000000000, -6.938893903907228378E-16, 0.000000000000000000 ) ) ;
#249 = CARTESIAN_POINT ( 'NONE',  ( -28.62500000000001066, -16.46999999999997399, -14.00000000000000178 ) ) ;
#250 = ORIENTED_EDGE ( 'NONE', *, *, #212, .F. ) ;
#251 = CARTESIAN_POINT ( 'NONE',  ( 8.485281374238578422, -23.13037618104181448, 8.000000000000000000 ) ) ;
#252 = CARTESIAN_POINT ( 'NONE',  ( -28.75590116331783364, -24.00000000000001066, 6.999999999983565147 ) ) ;
#253 = EDGE_CURVE ( 'NONE', #2248, #4933, #2266, .T. ) ;
#254 = DIRECTION ( 'NONE',  ( 1.000000000000000000, 0.000000000000000000, -0.000000000000000000 ) ) ;
#255 = VERTEX_POINT ( 'NONE', #4110 ) ;
#256 = CARTESIAN_POINT ( 'NONE',  ( -8.274225777661406767, -23.44471281836429455, 7.901578796381463654 ) ) ;
#257 = CIRCLE ( 'NONE', #5142, 1.049999999999998490 ) ;
#258 = EDGE_LOOP ( 'NONE', ( #1631, #2948 ) ) ;
#259 = ORIENTED_EDGE ( 'NONE', *, *, #3460, .T. ) ;
#260 = CARTESIAN_POINT ( 'NONE',  ( -22.62500000000000000, 0.6800000000000083755, -22.81558164506020958 ) ) ;
#261 = FACE_BOUND ( 'NONE', #2604, .T. ) ;
#262 = EDGE_CURVE ( 'NONE', #4727, #2750, #1363, .T. ) ;
#263 = DATE_AND_TIME ( #2943, #1215 ) ;
#264 = AXIS2_PLACEMENT_3D ( 'NONE', #324, #808, #1170 ) ;
#265 = DIRECTION ( 'NONE',  ( 0.000000000000000000, -1.000000000000000000, 0.000000000000000000 ) ) ;
#266 = VECTOR ( 'NONE', #4180, 1000.000000000000000 ) ;
#267 = DIRECTION ( 'NONE',  ( 0.000000000000000000, 0.000000000000000000, 1.000000000000000000 ) ) ;
#268 = ORIENTED_EDGE ( 'NONE', *, *, #1224, .F. ) ;
#269 = DIRECTION ( 'NONE',  ( 0.000000000000000000, -0.7071067811865511255, 0.7071067811865437980 ) ) ;
#270 = FACE_BOUND ( 'NONE', #2841, .T. ) ;
#271 = EDGE_CURVE ( 'NONE', #2291, #916, #3733, .T. ) ;
#272 = DIRECTION ( 'NONE',  ( -6.938893903907233308E-16, -1.000000000000000000, 0.000000000000000000 ) ) ;
#273 = AXIS2_PLACEMENT_3D ( 'NONE', #152, #5592, #3323 ) ;
#274 = AXIS2_PLACEMENT_3D ( 'NONE', #879, #4099, #2678 ) ;
#275 = AXIS2_PLACEMENT_3D ( 'NONE', #1642, #4393, #3504 ) ;
#276 = FACE_OUTER_BOUND ( 'NONE', #2939, .T. ) ;
#277 = EDGE_LOOP ( 'NONE', ( #30, #5306, #3232, #4924 ) ) ;
#278 = CIRCLE ( 'NONE', #3729, 1.000000000000000000 ) ;
#279 = VERTEX_POINT ( 'NONE', #5013 ) ;
#280 = VECTOR ( 'NONE', #4424, 1000.000000000000000 ) ;
#281 = ORIENTED_EDGE ( 'NONE', *, *, #489, .F. ) ;
#282 = CARTESIAN_POINT ( 'NONE',  ( -4.999999999999988454, -29.19999999999999929, 14.99999999999994849 ) ) ;
#283 = CARTESIAN_POINT ( 'NONE',  ( -30.62500000000000000, -1.078031548962386177, -8.275843538728121729 ) ) ;
#284 = DIRECTION ( 'NONE',  ( 1.000000000000000000, 6.938893903907232322E-16, 0.000000000000000000 ) ) ;
#285 = DIRECTION ( 'NONE',  ( 2.866895177889046461E-16, -0.4407073469389274911, 0.8976508421173858832 ) ) ;
#286 = DIRECTION ( 'NONE',  ( -1.000000000000000000, -6.938893903907232322E-16, -0.000000000000000000 ) ) ;
#287 = AXIS2_PLACEMENT_3D ( 'NONE', #4051, #502, #3611 ) ;
#288 = ORIENTED_EDGE ( 'NONE', *, *, #2371, .T. ) ;
#289 = DIRECTION ( 'NONE',  ( 1.000000000000000000, -6.938893903907232322E-16, -0.000000000000000000 ) ) ;
#290 = DIRECTION ( 'NONE',  ( 0.000000000000000000, 1.000000000000000000, 0.000000000000000000 ) ) ;
#291 = CARTESIAN_POINT ( 'NONE',  ( -28.62500000000001776, -23.00000000000001066, 7.000000000000000000 ) ) ;
#292 = DIRECTION ( 'NONE',  ( 1.000000000000000000, -6.938893903907228378E-16, -0.000000000000000000 ) ) ;
#293 = ADVANCED_FACE ( 'NONE', ( #4138 ), #5910, .T. ) ;
#294 = ADVANCED_FACE ( 'NONE', ( #1808 ), #1864, .F. ) ;
#295 = ORIENTED_EDGE ( 'NONE', *, *, #4307, .F. ) ;
#296 = ORIENTED_EDGE ( 'NONE', *, *, #1952, .T. ) ;
#297 = CARTESIAN_POINT ( 'NONE',  ( -30.62499999999998934, 15.77854679802961968, 6.000000000000000000 ) ) ;
#298 = CARTESIAN_POINT ( 'NONE',  ( 30.62500000000000711, -2.999999999999987121, 6.000000000000000000 ) ) ;
#299 = DATE_TIME_ROLE ( 'creation_date' ) ;
#300 = CARTESIAN_POINT ( 'NONE',  ( 1.530808498934192064E-16, -12.89999999999999858, 15.00000000000000000 ) ) ;
#301 = VECTOR ( 'NONE', #3236, 1000.000000000000000 ) ;
#302 = EDGE_CURVE ( 'NONE', #207, #4958, #4599, .T. ) ;
#303 = AXIS2_PLACEMENT_3D ( 'NONE', #4311, #2834, #4645 ) ;
#304 = ORIENTED_EDGE ( 'NONE', *, *, #4252, .F. ) ;
#305 = VECTOR ( 'NONE', #3752, 1000.000000000000114 ) ;
#306 = CARTESIAN_POINT ( 'NONE',  ( 23.82500000000000284, -3.763145750507626008, -14.34314575050761320 ) ) ;
#307 = DIRECTION ( 'NONE',  ( 1.000000000000000000, 3.066914432666178346E-16, 0.000000000000000000 ) ) ;
#308 = CARTESIAN_POINT ( 'NONE',  ( 7.053903195132210639E-15, -23.00000000000000000, 7.000000000000000000 ) ) ;
#309 = LINE ( 'NONE', #4425, #2040 ) ;
#310 = VERTEX_POINT ( 'NONE', #23 ) ;
#311 = EDGE_CURVE ( 'NONE', #2018, #2919, #911, .T. ) ;
#312 = ORIENTED_EDGE ( 'NONE', *, *, #3583, .F. ) ;
#313 = ORIENTED_EDGE ( 'NONE', *, *, #3023, .T. ) ;
#314 = LINE ( 'NONE', #2431, #166 ) ;
#315 = CARTESIAN_POINT ( 'NONE',  ( -8.485281374238569541, 4.499999999999997335, 8.000000000000000000 ) ) ;
#316 = CARTESIAN_POINT ( 'NONE',  ( -23.82500000000000284, -4.813145750507624498, -14.34314575050761320 ) ) ;
#317 = DIRECTION ( 'NONE',  ( -3.469446951953612217E-16, 1.000000000000000000, -0.000000000000000000 ) ) ;
#318 = AXIS2_PLACEMENT_3D ( 'NONE', #5744, #802, #4398 ) ;
#319 = ORIENTED_EDGE ( 'NONE', *, *, #3893, .T. ) ;
#320 = CIRCLE ( 'NONE', #1100, 1.000000000000000888 ) ;
#321 = FACE_BOUND ( 'NONE', #4903, .T. ) ;
#322 = DIRECTION ( 'NONE',  ( 1.000000000000000000, 6.938893903907232322E-16, 0.000000000000000000 ) ) ;
#323 = DIRECTION ( 'NONE',  ( -1.000000000000000000, -3.066914432666178839E-16, -0.000000000000000000 ) ) ;
#324 = CARTESIAN_POINT ( 'NONE',  ( -2.500000000000000444, 0.1000000000000011297, 15.00000000000000000 ) ) ;
#325 = AXIS2_PLACEMENT_3D ( 'NONE', #927, #5391, #2757 ) ;
#326 = ORIENTED_EDGE ( 'NONE', *, *, #5907, .F. ) ;
#327 = ORIENTED_EDGE ( 'NONE', *, *, #1503, .F. ) ;
#328 = CARTESIAN_POINT ( 'NONE',  ( -25.62500000000000711, -16.12685424949240343, -14.34314575050765050 ) ) ;
#329 = CARTESIAN_POINT ( 'NONE',  ( 29.81153773056853851, -1.348110444803674479, 7.651889555196297543 ) ) ;
#330 = CARTESIAN_POINT ( 'NONE',  ( 5.000000000000012434, -26.20000000000000284, 15.00000000000001421 ) ) ;
#331 = ORIENTED_EDGE ( 'NONE', *, *, #5691, .T. ) ;
#332 = DIRECTION ( 'NONE',  ( -1.000000000000000000, -6.938893903907228378E-16, 0.000000000000000000 ) ) ;
#333 = CARTESIAN_POINT ( 'NONE',  ( 28.62500000000000355, -0.9999999999999900080, 0.000000000000000000 ) ) ;
#334 = CARTESIAN_POINT ( 'NONE',  ( -25.62500000000000711, -16.12685424949240343, -14.34314575050765050 ) ) ;
#335 = EDGE_CURVE ( 'NONE', #1902, #3598, #4565, .T. ) ;
#336 = ADVANCED_FACE ( 'NONE', ( #3222 ), #1891, .F. ) ;
#337 = CARTESIAN_POINT ( 'NONE',  ( -25.62500000000000355, -2.663145750507624587, -14.34314575050761320 ) ) ;
#338 = ORIENTED_EDGE ( 'NONE', *, *, #2299, .T. ) ;
#339 = VERTEX_POINT ( 'NONE', #4590 ) ;
#340 = ORIENTED_EDGE ( 'NONE', *, *, #2915, .T. ) ;
#341 = DIRECTION ( 'NONE',  ( 7.501506923142975529E-16, 1.000000000000000000, 0.000000000000000000 ) ) ;
#342 = LINE ( 'NONE', #3224, #467 ) ;
#343 = EDGE_CURVE ( 'NONE', #4374, #3088, #3453, .T. ) ;
#344 = VECTOR ( 'NONE', #1083, 1000.000000000000000 ) ;
#345 = CYLINDRICAL_SURFACE ( 'NONE', #1574, 10.00000000000000000 ) ;
#346 = ORIENTED_EDGE ( 'NONE', *, *, #3977, .T. ) ;
#347 = FACE_OUTER_BOUND ( 'NONE', #2776, .T. ) ;
#348 = DIRECTION ( 'NONE',  ( 0.000000000000000000, -1.000000000000000000, 0.000000000000000000 ) ) ;
#349 = CARTESIAN_POINT ( 'NONE',  ( -12.23805812397114856, -1.000000000000002442, 0.000000000000000000 ) ) ;
#350 = DIRECTION ( 'NONE',  ( 0.000000000000000000, -1.000000000000000000, 0.000000000000000000 ) ) ;
#351 = ORIENTED_EDGE ( 'NONE', *, *, #302, .F. ) ;
#352 = VERTEX_POINT ( 'NONE', #49 ) ;
#353 = DIRECTION ( 'NONE',  ( 0.000000000000000000, -1.000000000000000000, 0.000000000000000000 ) ) ;
#354 = CARTESIAN_POINT ( 'NONE',  ( 30.40302397096286313, -2.008723592880511166, 6.991276407119325853 ) ) ;
#355 = CARTESIAN_POINT ( 'NONE',  ( 8.485281374238585528, -58.05877273185281240, 8.000000000000000000 ) ) ;
#356 = EDGE_LOOP ( 'NONE', ( #4174, #1492 ) ) ;
#357 = CARTESIAN_POINT ( 'NONE',  ( -30.62500000000001776, -22.00000000000001066, 6.000000000000000000 ) ) ;
#358 = CARTESIAN_POINT ( 'NONE',  ( -10.67470074011997916, -0.8041488327165526862, 17.65630654204011663 ) ) ;
#359 = CARTESIAN_POINT ( 'NONE',  ( -25.62500000000000355, -6.963145750507621301, -14.34314575050761320 ) ) ;
#360 = DIRECTION ( 'NONE',  ( 6.203362532614061029E-16, 1.000000000000000000, 0.000000000000000000 ) ) ;
#361 = ORIENTED_EDGE ( 'NONE', *, *, #5272, .F. ) ;
#362 = AXIS2_PLACEMENT_3D ( 'NONE', #5002, #4554, #5899 ) ;
#363 = EDGE_CURVE ( 'NONE', #3791, #882, #3719, .T. ) ;
#364 = ORIENTED_EDGE ( 'NONE', *, *, #1629, .F. ) ;
#365 = VECTOR ( 'NONE', #3763, 1000.000000000000000 ) ;
#366 = EDGE_LOOP ( 'NONE', ( #2813, #3555, #2183, #2783, #2156, #55, #578, #4442 ) ) ;
#367 = AXIS2_PLACEMENT_3D ( 'NONE', #5587, #5050, #2366 ) ;
#368 = CARTESIAN_POINT ( 'NONE',  ( -12.23805812397114856, -2.433796624112513380E-15, 8.000000000000000000 ) ) ;
#369 = LINE ( 'NONE', #5, #4350 ) ;
#370 = VERTEX_POINT ( 'NONE', #846 ) ;
#371 = VECTOR ( 'NONE', #4431, 1000.000000000000000 ) ;
#372 = CIRCLE ( 'NONE', #1435, 2.000000000000000000 ) ;
#373 = ORIENTED_EDGE ( 'NONE', *, *, #5475, .T. ) ;
#374 = CARTESIAN_POINT ( 'NONE',  ( -18.76916459594514208, -0.9995282642515934679, -0.1298985387178184792 ) ) ;
#375 = CARTESIAN_POINT ( 'NONE',  ( 28.62499999999998934, 15.77854679802961968, 6.000000000000000000 ) ) ;
#376 = AXIS2_PLACEMENT_3D ( 'NONE', #2609, #4873, #3404 ) ;
#377 = VECTOR ( 'NONE', #3457, 1000.000000000000000 ) ;
#378 = DIRECTION ( 'NONE',  ( -8.326672684688674053E-16, -1.000000000000000000, 0.000000000000000000 ) ) ;
#379 = CARTESIAN_POINT ( 'NONE',  ( -28.32500000000000284, -5.369999999999992113, -29.74884608556314802 ) ) ;
#380 = AXIS2_PLACEMENT_3D ( 'NONE', #5879, #5035, #2713 ) ;
#381 = ADVANCED_FACE ( 'NONE', ( #2685 ), #4512, .F. ) ;
#382 = CARTESIAN_POINT ( 'NONE',  ( 23.82500000000000284, -4.813145750507624498, -14.34314575050761320 ) ) ;
#383 = ORIENTED_EDGE ( 'NONE', *, *, #3709, .F. ) ;
#384 = ORIENTED_EDGE ( 'NONE', *, *, #2760, .F. ) ;
#385 = VECTOR ( 'NONE', #323, 1000.000000000000000 ) ;
#386 = DIRECTION ( 'NONE',  ( 0.000000000000000000, -1.000000000000000000, 0.000000000000000000 ) ) ;
#387 = CARTESIAN_POINT ( 'NONE',  ( -29.84497956991495826, -2.204892369787501138, 7.590215260425034138 ) ) ;
#388 = CYLINDRICAL_SURFACE ( 'NONE', #4781, 1.549999999999999378 ) ;
#389 = ORIENTED_EDGE ( 'NONE', *, *, #4364, .F. ) ;
#390 = CARTESIAN_POINT ( 'NONE',  ( -7.999999999999998224, 0.1000000000000011297, 13.44999999999999929 ) ) ;
#391 = FACE_OUTER_BOUND ( 'NONE', #5736, .T. ) ;
#392 = FACE_OUTER_BOUND ( 'NONE', #5880, .T. ) ;
#393 = LINE ( 'NONE', #4989, #2500 ) ;
#394 = ORIENTED_EDGE ( 'NONE', *, *, #4997, .F. ) ;
#395 = ORIENTED_EDGE ( 'NONE', *, *, #4756, .T. ) ;
#396 = EDGE_LOOP ( 'NONE', ( #1148, #1095, #1487, #2117 ) ) ;
#397 = CARTESIAN_POINT ( 'NONE',  ( 28.62500000000000000, 2.030000000000011351, -14.00000000000000000 ) ) ;
#398 = CIRCLE ( 'NONE', #3844, 2.149999999999999023 ) ;
#399 = CARTESIAN_POINT ( 'NONE',  ( 30.62500000000000355, -2.999999999999980460, 0.000000000000000000 ) ) ;
#400 = ORIENTED_EDGE ( 'NONE', *, *, #4731, .T. ) ;
#401 = ADVANCED_FACE ( 'NONE', ( #5096, #161 ), #1982, .F. ) ;
#402 = ORIENTED_EDGE ( 'NONE', *, *, #1875, .T. ) ;
#403 = CARTESIAN_POINT ( 'NONE',  ( -20.14915580277770601, -0.9875807236719470472, -0.6713408685681855337 ) ) ;
#404 = DIRECTION ( 'NONE',  ( -4.906538933386792312E-16, 0.7071067811865463515, 0.7071067811865487940 ) ) ;
#405 = CARTESIAN_POINT ( 'NONE',  ( 1.298819788630739840E-14, -26.20000000000000284, 20.00000000000000000 ) ) ;
#406 = EDGE_CURVE ( 'NONE', #3200, #2919, #665, .T. ) ;
#407 = EDGE_CURVE ( 'NONE', #4517, #2649, #4022, .T. ) ;
#408 = CARTESIAN_POINT ( 'NONE',  ( -30.73768568794500666, -11.52000000000001378, -12.00000000000000000 ) ) ;
#409 = DIRECTION ( 'NONE',  ( -1.000000000000000000, -6.938893903907233308E-16, -0.000000000000000000 ) ) ;
#410 = ORIENTED_EDGE ( 'NONE', *, *, #2505, .T. ) ;
#411 = ORIENTED_EDGE ( 'NONE', *, *, #3469, .F. ) ;
#412 = CARTESIAN_POINT ( 'NONE',  ( -10.91087127505296195, 2.528349577128464531, 16.40578274298847106 ) ) ;
#413 = CARTESIAN_POINT ( 'NONE',  ( -29.94665351144596244, -2.246613193349880966, 7.506773613300231851 ) ) ;
#414 = DIRECTION ( 'NONE',  ( -1.000000000000000000, -6.938893903907232322E-16, -0.000000000000000000 ) ) ;
#415 = EDGE_CURVE ( 'NONE', #2185, #4358, #2602, .T. ) ;
#416 = ORIENTED_EDGE ( 'NONE', *, *, #4150, .T. ) ;
#417 = DIRECTION ( 'NONE',  ( -6.938893903907232322E-16, 1.000000000000000000, 0.000000000000000000 ) ) ;
#418 = CYLINDRICAL_SURFACE ( 'NONE', #3699, 2.149999999999999023 ) ;
#419 = DIRECTION ( 'NONE',  ( -4.012354050806743404E-31, -5.782411586589356653E-16, 1.000000000000000000 ) ) ;
#420 = DIRECTION ( 'NONE',  ( 3.469446951953614189E-16, -1.000000000000000000, 0.000000000000000000 ) ) ;
#421 = ORIENTED_EDGE ( 'NONE', *, *, #782, .F. ) ;
#422 = ORIENTED_EDGE ( 'NONE', *, *, #3176, .T. ) ;
#423 = CYLINDRICAL_SURFACE ( 'NONE', #2304, 1.000000000000000000 ) ;
#424 = CARTESIAN_POINT ( 'NONE',  ( 2.684678751731757629, 0.1000000000000013239, 16.54999999999999716 ) ) ;
#425 = ORIENTED_EDGE ( 'NONE', *, *, #1317, .T. ) ;
#426 = CIRCLE ( 'NONE', #5795, 1.000000000000002665 ) ;
#427 = ORIENTED_EDGE ( 'NONE', *, *, #5212, .T. ) ;
#428 = APPROVAL_PERSON_ORGANIZATION ( #1659, #2613, #5338 ) ;
#429 = CARTESIAN_POINT ( 'NONE',  ( 26.82500000000000284, -5.369999999999990337, -20.00000000000000000 ) ) ;
#430 = DIRECTION ( 'NONE',  ( 1.000000000000000000, 0.000000000000000000, 0.000000000000000000 ) ) ;
#431 = CARTESIAN_POINT ( 'NONE',  ( -4.999999999999989342, -26.20000000000000284, 14.99999999999994849 ) ) ;
#432 = FACE_BOUND ( 'NONE', #746, .T. ) ;
#433 = CARTESIAN_POINT ( 'NONE',  ( -7.999999999999998224, 0.1000000000000014627, 17.80000000000000426 ) ) ;
#434 = EDGE_CURVE ( 'NONE', #2170, #4869, #132, .T. ) ;
#435 = ADVANCED_FACE ( 'NONE', ( #5121 ), #3303, .F. ) ;
#436 = ORIENTED_EDGE ( 'NONE', *, *, #343, .F. ) ;
#437 = ORIENTED_EDGE ( 'NONE', *, *, #1408, .T. ) ;
#438 = CARTESIAN_POINT ( 'NONE',  ( -30.73768568794501377, -17.41999999999999105, -20.00000000000000000 ) ) ;
#439 = CARTESIAN_POINT ( 'NONE',  ( -29.94665351144587362, -1.493226386699686881, 6.753386806650107488 ) ) ;
#440 = CARTESIAN_POINT ( 'NONE',  ( 25.62500000000000000, -2.469999999999991314, -20.00000000000000000 ) ) ;
#441 = EDGE_CURVE ( 'NONE', #3608, #3727, #2081, .T. ) ;
#442 = ORIENTED_EDGE ( 'NONE', *, *, #5578, .F. ) ;
#443 = CARTESIAN_POINT ( 'NONE',  ( 30.62500000000000000, 2.030000000000012683, -14.00000000000000000 ) ) ;
#444 = DIRECTION ( 'NONE',  ( 1.000000000000000000, 6.938893903907230350E-16, 1.972152263052529514E-31 ) ) ;
#445 = CARTESIAN_POINT ( 'NONE',  ( -25.62500000000000000, -2.469999999999991314, -20.00000000000000000 ) ) ;
#446 = CARTESIAN_POINT ( 'NONE',  ( -25.62500000000000355, -5.863145750507621656, -14.34314575050761320 ) ) ;
#447 = DIRECTION ( 'NONE',  ( 1.000000000000000000, 6.938893903907232322E-16, 0.000000000000000000 ) ) ;
#448 = EDGE_CURVE ( 'NONE', #4933, #4168, #106, .T. ) ;
#449 = ORIENTED_EDGE ( 'NONE', *, *, #5640, .T. ) ;
#450 = EDGE_LOOP ( 'NONE', ( #2221, #2612, #113 ) ) ;
#451 = DIRECTION ( 'NONE',  ( -3.469446951953612217E-16, 1.000000000000000000, -0.000000000000000000 ) ) ;
#452 = AXIS2_PLACEMENT_3D ( 'NONE', #95, #3321, #1099 ) ;
#453 = CARTESIAN_POINT ( 'NONE',  ( -10.79697391888985081, -1.752192460150343356, 12.89228538165681393 ) ) ;
#454 = ORIENTED_EDGE ( 'NONE', *, *, #2024, .T. ) ;
#455 = AXIS2_PLACEMENT_3D ( 'NONE', #591, #2375, #3381 ) ;
#456 = VERTEX_POINT ( 'NONE', #2888 ) ;
#457 = AXIS2_PLACEMENT_3D ( 'NONE', #2234, #4534, #4583 ) ;
#458 = VECTOR ( 'NONE', #1694, 1000.000000000000000 ) ;
#459 = CARTESIAN_POINT ( 'NONE',  ( -22.37939729110926734, -0.6508508188404427131, -3.418721313300255193 ) ) ;
#460 = DIRECTION ( 'NONE',  ( 0.000000000000000000, 1.000000000000000000, 0.000000000000000000 ) ) ;
#461 = CARTESIAN_POINT ( 'NONE',  ( 30.62499999999999645, 1.400481377743827860, -9.215034448638984799 ) ) ;
#462 = DIRECTION ( 'NONE',  ( -8.326672684688676025E-16, 1.000000000000000000, 0.000000000000000000 ) ) ;
#463 = AXIS2_PLACEMENT_3D ( 'NONE', #3079, #5853, #3018 ) ;
#464 = AXIS2_PLACEMENT_3D ( 'NONE', #5582, #3841, #3807 ) ;
#465 = EDGE_CURVE ( 'NONE', #3522, #2127, #4699, .T. ) ;
#466 = CARTESIAN_POINT ( 'NONE',  ( -10.99999999999999822, -2.699999999999999289, 15.00000000000000000 ) ) ;
#467 = VECTOR ( 'NONE', #913, 1000.000000000000000 ) ;
#468 = ORIENTED_EDGE ( 'NONE', *, *, #2364, .T. ) ;
#469 = CARTESIAN_POINT ( 'NONE',  ( -10.72911903821954915, 1.505907896909511212, 17.42833872192387901 ) ) ;
#470 = CARTESIAN_POINT ( 'NONE',  ( -17.95513636847800854, -23.99999999999993960, -5.618651883453525911E-16 ) ) ;
#471 = DIRECTION ( 'NONE',  ( 1.000000000000000000, 6.938893903907232322E-16, 0.000000000000000000 ) ) ;
#472 = AXIS2_PLACEMENT_3D ( 'NONE', #599, #2918, #4226 ) ;
#473 = EDGE_CURVE ( 'NONE', #5859, #2935, #5264, .T. ) ;
#474 = EDGE_CURVE ( 'NONE', #1781, #2057, #4471, .T. ) ;
#475 = VECTOR ( 'NONE', #4825, 1000.000000000000000 ) ;
#476 = VECTOR ( 'NONE', #5808, 1000.000000000000000 ) ;
#477 = VERTEX_POINT ( 'NONE', #3931 ) ;
#478 = CARTESIAN_POINT ( 'NONE',  ( 25.62500000000000000, -2.469999999999991314, -20.00000000000000000 ) ) ;
#479 = DIRECTION ( 'NONE',  ( -1.000000000000000000, -6.938893903907232322E-16, -0.000000000000000000 ) ) ;
#480 = PLANE ( 'NONE',  #1627 ) ;
#481 = CARTESIAN_POINT ( 'NONE',  ( -30.73768568794501377, -16.12685424949239987, -14.34314575050765050 ) ) ;
#482 = CARTESIAN_POINT ( 'NONE',  ( 28.62500000000001066, -20.96999999999998820, -13.99999999999999822 ) ) ;
#483 = ADVANCED_FACE ( 'NONE', ( #1623 ), #718, .F. ) ;
#484 = VERTEX_POINT ( 'NONE', #1174 ) ;
#485 = ORIENTED_EDGE ( 'NONE', *, *, #3942, .T. ) ;
#486 = CYLINDRICAL_SURFACE ( 'NONE', #5065, 7.500000000000000888 ) ;
#487 = CARTESIAN_POINT ( 'NONE',  ( -25.62500000000000000, -0.3199999999999934563, -20.00000000000000000 ) ) ;
#488 = ORIENTED_EDGE ( 'NONE', *, *, #2025, .T. ) ;
#489 = EDGE_CURVE ( 'NONE', #105, #3455, #5549, .T. ) ;
#490 = ORIENTED_EDGE ( 'NONE', *, *, #3589, .F. ) ;
#491 = AXIS2_PLACEMENT_3D ( 'NONE', #2499, #2891, #4251 ) ;
#492 = DIRECTION ( 'NONE',  ( 0.000000000000000000, 1.000000000000000000, 0.000000000000000000 ) ) ;
#493 = CARTESIAN_POINT ( 'NONE',  ( -25.62500000000000711, -10.47000000000001663, -12.00000000000000000 ) ) ;
#494 = CARTESIAN_POINT ( 'NONE',  ( -25.62500000000000000, -2.469999999999991314, -20.00000000000000000 ) ) ;
#495 = EDGE_CURVE ( 'NONE', #3727, #4089, #3012, .T. ) ;
#496 = FACE_BOUND ( 'NONE', #5892, .T. ) ;
#497 = CARTESIAN_POINT ( 'NONE',  ( 30.73768568794499956, -3.519999999999986251, -20.00000000000000000 ) ) ;
#498 = AXIS2_PLACEMENT_3D ( 'NONE', #3021, #634, #2085 ) ;
#499 = EDGE_LOOP ( 'NONE', ( #3103, #946 ) ) ;
#500 = FACE_OUTER_BOUND ( 'NONE', #4001, .T. ) ;
#501 = CARTESIAN_POINT ( 'NONE',  ( -18.28167475452263702, -24.00000146037545434, -0.03237991387288917389 ) ) ;
#502 = DIRECTION ( 'NONE',  ( 0.000000000000000000, -0.000000000000000000, -1.000000000000000000 ) ) ;
#503 = VERTEX_POINT ( 'NONE', #232 ) ;
#504 = CARTESIAN_POINT ( 'NONE',  ( 28.62499999999927880, 1042.681666666833962, 0.000000000000000000 ) ) ;
#505 = DIRECTION ( 'NONE',  ( 6.927954457821723194E-16, 1.000000000000000000, 0.000000000000000000 ) ) ;
#506 = DIRECTION ( 'NONE',  ( -0.000000000000000000, 1.000000000000000000, -0.000000000000000000 ) ) ;
#507 = B_SPLINE_CURVE_WITH_KNOTS ( 'NONE', 3,
 ( #1296, #2231, #5243, #837, #2675, #2079, #1591, #4069, #235, #4499, #3867, #2258, #4531, #2115, #5873, #1178, #3935, #4046 ),
 .UNSPECIFIED., .F., .F.,
 ( 4, 2, 2, 2, 2, 2, 2, 2, 4 ),
 ( 0.01318503209850118915, 0.01373417827073043773, 0.01428332444295968458, 0.01483247061518893316, 0.01538161678741818000, 0.01593076295964742858, 0.01647990913187667716, 0.01702905530410592227, 0.01757820147633517086 ),
 .UNSPECIFIED. ) ;
#508 = LINE ( 'NONE', #5071, #2453 ) ;
#509 = AXIS2_PLACEMENT_3D ( 'NONE', #4971, #2705, #4527 ) ;
#510 = ORIENTED_EDGE ( 'NONE', *, *, #1987, .T. ) ;
#511 = ADVANCED_FACE ( 'NONE', ( #4376 ), #3891, .F. ) ;
#512 = VERTEX_POINT ( 'NONE', #1269 ) ;
#513 = EDGE_CURVE ( 'NONE', #709, #2930, #2975, .T. ) ;
#514 = LINE ( 'NONE', #5162, #5543 ) ;
#515 = CARTESIAN_POINT ( 'NONE',  ( 2.684678751731756297, 0.2043573525702166993, 13.45000000000000107 ) ) ;
#516 = ORIENTED_EDGE ( 'NONE', *, *, #1302, .T. ) ;
#517 = VECTOR ( 'NONE', #2362, 1000.000000000000000 ) ;
#518 = ORIENTED_EDGE ( 'NONE', *, *, #5204, .T. ) ;
#519 = EDGE_CURVE ( 'NONE', #66, #4964, #5784, .T. ) ;
#520 = CARTESIAN_POINT ( 'NONE',  ( 22.62500000000000000, -0.9999999999999917843, 8.000000000000000000 ) ) ;
#521 = CARTESIAN_POINT ( 'NONE',  ( -23.82500000000001350, -20.61999999999999389, -20.00000000000000000 ) ) ;
#522 = DIRECTION ( 'NONE',  ( 0.9396926207859069846, 0.3420201433256724877, -0.000000000000000000 ) ) ;
#523 = CARTESIAN_POINT ( 'NONE',  ( 23.82500000000000639, -10.46999999999999176, -20.00000000000000000 ) ) ;
#524 = CARTESIAN_POINT ( 'NONE',  ( 30.62500000000000355, -2.999999999999987566, 6.000000000000000000 ) ) ;
#525 = ORIENTED_EDGE ( 'NONE', *, *, #4412, .F. ) ;
#526 = CARTESIAN_POINT ( 'NONE',  ( 23.82499999999999929, -2.469999999999992646, -20.00000000000000000 ) ) ;
#527 = DIRECTION ( 'NONE',  ( 1.000000000000000000, -6.938893903907232322E-16, 0.000000000000000000 ) ) ;
#528 = ORIENTED_EDGE ( 'NONE', *, *, #1804, .T. ) ;
#529 = CIRCLE ( 'NONE', #135, 11.00000000000000000 ) ;
#530 = ORIENTED_EDGE ( 'NONE', *, *, #3024, .F. ) ;
#531 = DIRECTION ( 'NONE',  ( -1.000000000000000000, -6.938893903907232322E-16, -0.000000000000000000 ) ) ;
#532 = CARTESIAN_POINT ( 'NONE',  ( 23.82499999999999929, -0.3199999999999917355, -20.00000000000000000 ) ) ;
#533 = CARTESIAN_POINT ( 'NONE',  ( 8.485281374238585528, -58.05877273185281240, 8.000000000000000000 ) ) ;
#534 = ORIENTED_EDGE ( 'NONE', *, *, #1805, .F. ) ;
#535 = ORIENTED_EDGE ( 'NONE', *, *, #5889, .F. ) ;
#536 = CYLINDRICAL_SURFACE ( 'NONE', #464, 18.49999999999998579 ) ;
#537 = CARTESIAN_POINT ( 'NONE',  ( -10.99999999999999822, 4.500000000000000888, 15.00000000000000000 ) ) ;
#538 = VERTEX_POINT ( 'NONE', #5753 ) ;
#539 = EDGE_CURVE ( 'NONE', #5252, #1304, #2790, .T. ) ;
#540 = EDGE_CURVE ( 'NONE', #5567, #882, #964, .T. ) ;
#541 = VERTEX_POINT ( 'NONE', #785 ) ;
#542 = AXIS2_PLACEMENT_3D ( 'NONE', #3515, #5392, #836 ) ;
#543 = DIRECTION ( 'NONE',  ( 1.000000000000000000, -0.000000000000000000, -1.241116166072645175E-16 ) ) ;
#544 = CARTESIAN_POINT ( 'NONE',  ( -30.62500000000000355, -3.000000000000006217, 6.000000000000000000 ) ) ;
#545 = DIRECTION ( 'NONE',  ( -0.000000000000000000, -0.000000000000000000, 1.000000000000000000 ) ) ;
#546 = CARTESIAN_POINT ( 'NONE',  ( -25.62500000000000711, -15.07685424949240272, -14.34314575050765050 ) ) ;
#547 = AXIS2_PLACEMENT_3D ( 'NONE', #2503, #1115, #2946 ) ;
#548 = ADVANCED_FACE ( 'NONE', ( #5237 ), #1587, .F. ) ;
#549 = CIRCLE ( 'NONE', #1718, 10.00000000000000000 ) ;
#550 = CARTESIAN_POINT ( 'NONE',  ( 28.62500000000001066, -10.46999999999998998, -20.00000000000000000 ) ) ;
#551 = ORIENTED_EDGE ( 'NONE', *, *, #730, .T. ) ;
#552 = AXIS2_PLACEMENT_3D ( 'NONE', #5297, #5772, #4434 ) ;
#553 = CARTESIAN_POINT ( 'NONE',  ( 30.62500000000001776, -22.96999999999998465, -20.00000000000000000 ) ) ;
#554 = CARTESIAN_POINT ( 'NONE',  ( -28.62499999999998934, 15.77854679802961968, 0.000000000000000000 ) ) ;
#555 = CIRCLE ( 'NONE', #273, 2.000000000000001776 ) ;
#556 = CIRCLE ( 'NONE', #3915, 2.149999999999998135 ) ;
#557 = AXIS2_PLACEMENT_3D ( 'NONE', #3498, #3020, #758 ) ;
#558 = CARTESIAN_POINT ( 'NONE',  ( -28.62499999999999645, -0.5314625549852315389, -9.732328021759114378 ) ) ;
#559 = ORIENTED_EDGE ( 'NONE', *, *, #1278, .T. ) ;
#560 = EDGE_CURVE ( 'NONE', #3033, #2023, #5309, .T. ) ;
#561 = AXIS2_PLACEMENT_3D ( 'NONE', #2340, #37, #1430 ) ;
#562 = AXIS2_PLACEMENT_3D ( 'NONE', #5404, #2986, #1693 ) ;
#563 = VECTOR ( 'NONE', #5315, 1000.000000000000000 ) ;
#564 = VERTEX_POINT ( 'NONE', #748 ) ;
#565 = CARTESIAN_POINT ( 'NONE',  ( 3.078129840352279434, -1.407357024095036602, 15.41358160648459830 ) ) ;
#566 = CARTESIAN_POINT ( 'NONE',  ( -25.62500000000000711, -16.31999999999999318, -20.00000000000000000 ) ) ;
#567 = DIRECTION ( 'NONE',  ( 0.000000000000000000, 1.000000000000000000, 0.000000000000000000 ) ) ;
#568 = CARTESIAN_POINT ( 'NONE',  ( 29.79657287525381548, -0.9999999999999885647, 7.000000000000000000 ) ) ;
#569 = CARTESIAN_POINT ( 'NONE',  ( -28.32500000000000995, -10.46999999999998998, -20.00000000000000000 ) ) ;
#570 = EDGE_CURVE ( 'NONE', #888, #1018, #3559, .T. ) ;
#571 = VERTEX_POINT ( 'NONE', #2142 ) ;
#572 = ORIENTED_EDGE ( 'NONE', *, *, #1728, .T. ) ;
#573 = CARTESIAN_POINT ( 'NONE',  ( 30.22433366422760415, -22.61454673025955486, 7.229093460518604353 ) ) ;
#574 = CYLINDRICAL_SURFACE ( 'NONE', #4203, 1.049999999999998934 ) ;
#575 = DIRECTION ( 'NONE',  ( 1.000000000000000000, -0.000000000000000000, -0.000000000000000000 ) ) ;
#576 = ORIENTED_EDGE ( 'NONE', *, *, #3998, .T. ) ;
#577 = CC_DESIGN_PERSON_AND_ORGANIZATION_ASSIGNMENT ( #2016, #4378, ( #700 ) ) ;
#578 = ORIENTED_EDGE ( 'NONE', *, *, #2371, .F. ) ;
#579 = DIRECTION ( 'NONE',  ( 6.927954457821723194E-16, 1.000000000000000000, 0.000000000000000000 ) ) ;
#580 = PLANE ( 'NONE',  #4320 ) ;
#581 = EDGE_CURVE ( 'NONE', #4640, #3527, #4920, .T. ) ;
#582 = DIRECTION ( 'NONE',  ( 1.000000000000000000, 6.938893903907232322E-16, 0.000000000000000000 ) ) ;
#583 = LINE ( 'NONE', #5590, #1135 ) ;
#584 = B_SPLINE_CURVE_WITH_KNOTS ( 'NONE', 3,
 ( #5562, #4131, #3689, #5505, #1410, #957, #2794, #5533, #2345, #4610, #3272, #5086, #2797, #906, #4560, #2320, #3692, #501, #470, #4614 ),
 .UNSPECIFIED., .F., .F.,
 ( 4, 2, 2, 2, 2, 2, 2, 2, 2, 4 ),
 ( 8.673617379884035472E-19, 0.0009763517548624024885, 0.001464527632293603299, 0.001952703509724804110, 0.002929055264587207032, 0.003905407019449609954, 0.004881758774312012876, 0.005858110529174415798, 0.006834462284036818720, 0.007810814038899222510 ),
 .UNSPECIFIED. ) ;
#585 = AXIS2_PLACEMENT_3D ( 'NONE', #5232, #5517, #1420 ) ;
#586 = ORIENTED_EDGE ( 'NONE', *, *, #4271, .F. ) ;
#587 = CIRCLE ( 'NONE', #1461, 1.000000000000000000 ) ;
#588 = ADVANCED_FACE ( 'NONE', ( #5336 ), #3072, .T. ) ;
#589 = DIRECTION ( 'NONE',  ( 3.061616997868382648E-16, -1.000000000000000000, 0.000000000000000000 ) ) ;
#590 = DIRECTION ( 'NONE',  ( -3.061616997868382648E-16, 1.000000000000000000, 0.000000000000000000 ) ) ;
#591 = CARTESIAN_POINT ( 'NONE',  ( -30.62500000000000711, -10.46999999999998820, -20.00000000000000000 ) ) ;
#592 = ADVANCED_FACE ( 'NONE', ( #2651 ), #5687, .F. ) ;
#593 = DIRECTION ( 'NONE',  ( -1.000000000000000000, -2.931054078198949621E-16, -1.649128060369352172E-48 ) ) ;
#594 = ORIENTED_EDGE ( 'NONE', *, *, #3999, .F. ) ;
#595 = CARTESIAN_POINT ( 'NONE',  ( 3.060163788682666919, -1.369117916150246250, 14.49545348592556415 ) ) ;
#596 = CARTESIAN_POINT ( 'NONE',  ( 25.62500000000000711, -16.12685424949240343, -14.34314575050765050 ) ) ;
#597 = ADVANCED_FACE ( 'NONE', ( #18 ), #1834, .F. ) ;
#598 = CARTESIAN_POINT ( 'NONE',  ( 23.82500000000000995, -16.12685424949240343, -14.34314575050765050 ) ) ;
#599 = CARTESIAN_POINT ( 'NONE',  ( -28.62500000000001066, -16.46999999999997399, -14.00000000000000178 ) ) ;
#600 = AXIS2_PLACEMENT_3D ( 'NONE', #3477, #2960, #2518 ) ;
#601 = AXIS2_PLACEMENT_3D ( 'NONE', #1869, #4675, #5100 ) ;
#602 = EDGE_LOOP ( 'NONE', ( #851, #1288 ) ) ;
#603 = ORIENTED_EDGE ( 'NONE', *, *, #2467, .T. ) ;
#604 = DIRECTION ( 'NONE',  ( 1.000000000000000000, 0.000000000000000000, 0.000000000000000000 ) ) ;
#605 = DIRECTION ( 'NONE',  ( 2.264240584104833350E-47, -7.395570986446985676E-32, -1.000000000000000000 ) ) ;
#606 = LINE ( 'NONE', #4651, #517 ) ;
#607 = ORIENTED_EDGE ( 'NONE', *, *, #4822, .T. ) ;
#608 = ORIENTED_EDGE ( 'NONE', *, *, #3279, .T. ) ;
#609 = CARTESIAN_POINT ( 'NONE',  ( -10.63766891757775568, 0.1000000000000011297, 12.20000000000000284 ) ) ;
#610 = DIRECTION ( 'NONE',  ( -1.000000000000000000, 6.938893903907230350E-16, 1.972152263052529514E-31 ) ) ;
#611 = CARTESIAN_POINT ( 'NONE',  ( 25.62500000000000355, -4.813145750507622722, -14.34314575050761320 ) ) ;
#612 = FACE_OUTER_BOUND ( 'NONE', #2622, .T. ) ;
#613 = ORIENTED_EDGE ( 'NONE', *, *, #3494, .T. ) ;
#614 = DIRECTION ( 'NONE',  ( 1.000000000000000000, 0.000000000000000000, 0.000000000000000000 ) ) ;
#615 = DIRECTION ( 'NONE',  ( 1.000000000000000000, 6.938893903907233308E-16, -0.000000000000000000 ) ) ;
#616 = CARTESIAN_POINT ( 'NONE',  ( 25.62500000000000711, -11.52000000000001734, -12.00000000000000000 ) ) ;
#617 = EDGE_CURVE ( 'NONE', #2753, #2967, #556, .T. ) ;
#618 = CIRCLE ( 'NONE', #3982, 16.77854679802959836 ) ;
#619 = EDGE_CURVE ( 'NONE', #352, #5107, #5539, .T. ) ;
#620 = VERTEX_POINT ( 'NONE', #1326 ) ;
#621 =( BOUNDED_CURVE ( )  B_SPLINE_CURVE ( 3, ( #5089, #3766, #2824, #2457 ),
 .UNSPECIFIED., .F., .T. ) 
 B_SPLINE_CURVE_WITH_KNOTS ( ( 4, 4 ),
 ( 8.673617379884042375E-16, 1.570796326794897224 ),
 .UNSPECIFIED. ) 
 CURVE ( )  GEOMETRIC_REPRESENTATION_ITEM ( )  RATIONAL_B_SPLINE_CURVE ( ( 1.000000000000000000, 0.8047378541243650485, 0.8047378541243650485, 1.000000000000000000 ) ) 
 REPRESENTATION_ITEM ( '' )  );
#622 = ORIENTED_EDGE ( 'NONE', *, *, #4587, .T. ) ;
#623 = CARTESIAN_POINT ( 'NONE',  ( 10.50000000000000000, 0.1000000000000011297, 15.00000000000000000 ) ) ;
#624 = CYLINDRICAL_SURFACE ( 'NONE', #1614, 2.149999999999997247 ) ;
#625 = DIRECTION ( 'NONE',  ( 1.000000000000000000, -6.938893903907232322E-16, -0.000000000000000000 ) ) ;
#626 = VECTOR ( 'NONE', #2354, 1000.000000000000000 ) ;
#627 = CARTESIAN_POINT ( 'NONE',  ( 23.82500000000000995, -16.12685424949240343, -14.34314575050765050 ) ) ;
#628 = ADVANCED_FACE ( 'NONE', ( #960 ), #2738, .F. ) ;
#629 = CC_DESIGN_APPROVAL ( #2613, ( #3670 ) ) ;
#630 = ORIENTED_EDGE ( 'NONE', *, *, #4837, .F. ) ;
#631 = VERTEX_POINT ( 'NONE', #840 ) ;
#632 = CARTESIAN_POINT ( 'NONE',  ( 29.94665351144587362, -22.75338680665002755, 7.506773613300333992 ) ) ;
#633 = FACE_BOUND ( 'NONE', #3002, .T. ) ;
#634 = DIRECTION ( 'NONE',  ( -0.000000000000000000, 0.000000000000000000, 1.000000000000000000 ) ) ;
#635 = EDGE_LOOP ( 'NONE', ( #5823, #660, #346, #3668 ) ) ;
#636 = EDGE_CURVE ( 'NONE', #1318, #2073, #3809, .T. ) ;
#637 = ORIENTED_EDGE ( 'NONE', *, *, #5789, .F. ) ;
#638 = ORIENTED_EDGE ( 'NONE', *, *, #189, .F. ) ;
#639 = CARTESIAN_POINT ( 'NONE',  ( -30.73768568794500311, -4.813145750507619169, -14.34314575050761320 ) ) ;
#640 = CARTESIAN_POINT ( 'NONE',  ( 23.82500000000001350, -20.61999999999999389, -22.81558164506022024 ) ) ;
#641 = CARTESIAN_POINT ( 'NONE',  ( 25.62500000000000711, -16.12685424949240343, -14.34314575050765050 ) ) ;
#642 = CARTESIAN_POINT ( 'NONE',  ( 23.82500000000001350, -20.61999999999999389, -20.00000000000000000 ) ) ;
#643 = ORIENTED_EDGE ( 'NONE', *, *, #5028, .F. ) ;
#644 = CARTESIAN_POINT ( 'NONE',  ( 6.000000000000180300, -23.99999999999999645, 7.000000000000130562 ) ) ;
#645 = CARTESIAN_POINT ( 'NONE',  ( -25.62500000000000711, -18.46999999999999176, -20.00000000000000000 ) ) ;
#646 = DIRECTION ( 'NONE',  ( -3.061616997868382648E-16, 1.000000000000000000, 0.000000000000000000 ) ) ;
#647 = VERTEX_POINT ( 'NONE', #3609 ) ;
#648 = CIRCLE ( 'NONE', #362, 2.000000000000001776 ) ;
#649 = VECTOR ( 'NONE', #1858, 1000.000000000000000 ) ;
#650 = ORIENTED_EDGE ( 'NONE', *, *, #4252, .T. ) ;
#651 = VERTEX_POINT ( 'NONE', #1749 ) ;
#652 = CIRCLE ( 'NONE', #4967, 2.149999999999997691 ) ;
#653 = CARTESIAN_POINT ( 'NONE',  ( 2.684678751731755852, -0.004172882472366816822, 13.44999999999999929 ) ) ;
#654 = DIRECTION ( 'NONE',  ( -1.000000000000000000, 6.938893903907228378E-16, -0.000000000000000000 ) ) ;
#655 = LINE ( 'NONE', #2441, #2714 ) ;
#656 = EDGE_CURVE ( 'NONE', #4605, #2540, #4287, .T. ) ;
#657 = VECTOR ( 'NONE', #3538, 1000.000000000000000 ) ;
#658 = VECTOR ( 'NONE', #918, 1000.000000000000000 ) ;
#659 = CARTESIAN_POINT ( 'NONE',  ( -25.62500000000000355, -4.813145750507622722, -14.34314575050761320 ) ) ;
#660 = ORIENTED_EDGE ( 'NONE', *, *, #3214, .T. ) ;
#661 = DIRECTION ( 'NONE',  ( 1.000000000000000000, -6.938893903907232322E-16, -0.000000000000000000 ) ) ;
#662 = AXIS2_PLACEMENT_3D ( 'NONE', #5692, #5281, #4942 ) ;
#663 = CARTESIAN_POINT ( 'NONE',  ( 29.53341389844906928, -23.81080415495170044, 7.810804154951959788 ) ) ;
#664 = FACE_OUTER_BOUND ( 'NONE', #231, .T. ) ;
#665 = CIRCLE ( 'NONE', #1251, 18.49999999999998934 ) ;
#666 = ADVANCED_FACE ( 'NONE', ( #4979 ), #2796, .F. ) ;
#667 = DIRECTION ( 'NONE',  ( -1.000000000000000000, 3.469446951953614189E-15, 0.000000000000000000 ) ) ;
#668 = ORIENTED_EDGE ( 'NONE', *, *, #253, .F. ) ;
#669 = CIRCLE ( 'NONE', #3456, 2.149999999999997247 ) ;
#670 = ORIENTED_EDGE ( 'NONE', *, *, #1557, .T. ) ;
#671 = VECTOR ( 'NONE', #4665, 1000.000000000000000 ) ;
#672 = ORIENTED_EDGE ( 'NONE', *, *, #519, .T. ) ;
#673 = DIRECTION ( 'NONE',  ( 1.000000000000000000, 6.938893903907232322E-16, 0.000000000000000000 ) ) ;
#674 = DIRECTION ( 'NONE',  ( 1.000000000000000000, -6.938893903907232322E-16, -0.000000000000000000 ) ) ;
#675 = EDGE_CURVE ( 'NONE', #631, #5909, #1412, .T. ) ;
#676 = LINE ( 'NONE', #2548, #2434 ) ;
#677 = DIRECTION ( 'NONE',  ( 0.000000000000000000, 1.000000000000000000, 0.000000000000000000 ) ) ;
#678 = ORIENTED_EDGE ( 'NONE', *, *, #5798, .F. ) ;
#679 = DIRECTION ( 'NONE',  ( 1.000000000000000000, -6.938893903907228378E-16, 0.000000000000000000 ) ) ;
#680 = LINE ( 'NONE', #1167, #195 ) ;
#681 = DIRECTION ( 'NONE',  ( 0.000000000000000000, 0.000000000000000000, -1.000000000000000000 ) ) ;
#682 = EDGE_LOOP ( 'NONE', ( #2300, #4685, #3010, #1034, #3928, #1565, #811, #5402, #3941, #3435, #2124, #4486 ) ) ;
#683 = DIRECTION ( 'NONE',  ( 1.000000000000000000, -6.938893903907233308E-16, 0.000000000000000000 ) ) ;
#684 = VECTOR ( 'NONE', #4843, 1000.000000000000000 ) ;
#685 = EDGE_LOOP ( 'NONE', ( #77, #4034, #703, #4344 ) ) ;
#686 = ORIENTED_EDGE ( 'NONE', *, *, #3846, .F. ) ;
#687 = CARTESIAN_POINT ( 'NONE',  ( 1.298819788630739840E-14, -26.20000000000000284, 20.00000000000000000 ) ) ;
#688 = CARTESIAN_POINT ( 'NONE',  ( 30.37257278571703267, -1.992762061006657648, 6.503618969496721469 ) ) ;
#689 = PERSON_AND_ORGANIZATION_ROLE ( 'creator' ) ;
#690 = AXIS2_PLACEMENT_3D ( 'NONE', #203, #4794, #1142 ) ;
#691 = DIRECTION ( 'NONE',  ( -1.000000000000000000, 0.000000000000000000, 0.000000000000000000 ) ) ;
#692 = CARTESIAN_POINT ( 'NONE',  ( 1.298819788630739840E-14, -26.20000000000000284, 20.00000000000000000 ) ) ;
#693 = ORIENTED_EDGE ( 'NONE', *, *, #3084, .F. ) ;
#694 = AXIS2_PLACEMENT_3D ( 'NONE', #1153, #210, #1185 ) ;
#695 = CARTESIAN_POINT ( 'NONE',  ( 25.62500000000000711, -16.31999999999999318, -20.00000000000000000 ) ) ;
#696 = CARTESIAN_POINT ( 'NONE',  ( 29.14356511640522740, -23.93603330147195862, 6.968016650735984641 ) ) ;
#697 = CARTESIAN_POINT ( 'NONE',  ( -30.62500000000000000, -4.619999999999985008, -20.00000000000000000 ) ) ;
#698 = CARTESIAN_POINT ( 'NONE',  ( -9.999999999999998224, 5.499999999999999112, 15.00000000000000000 ) ) ;
#699 = ORIENTED_EDGE ( 'NONE', *, *, #2964, .F. ) ;
#700 = PRODUCT ( '#3舵机臂1', '#3舵机臂1', '', ( #1562 ) ) ;
#701 = EDGE_CURVE ( 'NONE', #3011, #5797, #1860, .T. ) ;
#702 = ORIENTED_EDGE ( 'NONE', *, *, #4173, .F. ) ;
#703 = ORIENTED_EDGE ( 'NONE', *, *, #5318, .F. ) ;
#704 = DIRECTION ( 'NONE',  ( 1.000000000000000000, 3.066914432666178839E-16, 0.000000000000000000 ) ) ;
#705 = CARTESIAN_POINT ( 'NONE',  ( 25.62500000000000000, -2.469999999999991314, -20.00000000000000000 ) ) ;
#706 = CARTESIAN_POINT ( 'NONE',  ( -30.73768568794499956, -1.419999999999989493, -20.00000000000000000 ) ) ;
#707 = CARTESIAN_POINT ( 'NONE',  ( 25.62500000000000711, -15.07685424949240272, -14.34314575050765050 ) ) ;
#708 = EDGE_CURVE ( 'NONE', #4782, #5694, #5456, .T. ) ;
#709 = VERTEX_POINT ( 'NONE', #2763 ) ;
#710 = DIRECTION ( 'NONE',  ( 0.000000000000000000, 1.000000000000000000, 0.000000000000000000 ) ) ;
#711 = CARTESIAN_POINT ( 'NONE',  ( 4.592425496802564111E-16, 4.500000000000003553, 15.00000000000000000 ) ) ;
#712 = DIRECTION ( 'NONE',  ( 0.000000000000000000, 0.000000000000000000, 1.000000000000000000 ) ) ;
#713 = ORIENTED_EDGE ( 'NONE', *, *, #1852, .T. ) ;
#714 = DIRECTION ( 'NONE',  ( -6.938893903907232322E-16, -1.000000000000000000, 0.000000000000000000 ) ) ;
#715 = EDGE_CURVE ( 'NONE', #4503, #3485, #5723, .T. ) ;
#716 = ORIENTED_EDGE ( 'NONE', *, *, #3675, .T. ) ;
#717 = ORIENTED_EDGE ( 'NONE', *, *, #817, .T. ) ;
#718 = CYLINDRICAL_SURFACE ( 'NONE', #774, 2.149999999999997247 ) ;
#719 = CARTESIAN_POINT ( 'NONE',  ( 30.62490745014036264, -2.803663029950462349, 6.196336970049324933 ) ) ;
#720 = COORDINATED_UNIVERSAL_TIME_OFFSET ( 8, 0, .AHEAD. ) ;
#721 = DIRECTION ( 'NONE',  ( 1.000000000000000000, 0.000000000000000000, 0.000000000000000000 ) ) ;
#722 = CARTESIAN_POINT ( 'NONE',  ( 25.62500000000000355, -2.663145750507624587, -14.34314575050761320 ) ) ;
#723 = VERTEX_POINT ( 'NONE', #1299 ) ;
#724 =( GEOMETRIC_REPRESENTATION_CONTEXT ( 3 ) GLOBAL_UNCERTAINTY_ASSIGNED_CONTEXT ( ( #4386 ) ) GLOBAL_UNIT_ASSIGNED_CONTEXT ( ( #2411, #1112, #5755 ) ) REPRESENTATION_CONTEXT ( 'NONE', 'WORKASPACE' ) );
#725 = CYLINDRICAL_SURFACE ( 'NONE', #562, 1.049999999999998490 ) ;
#726 = PLANE ( 'NONE',  #2587 ) ;
#727 = DIRECTION ( 'NONE',  ( 0.5000000000000049960, 0.8660254037844357100, -0.000000000000000000 ) ) ;
#728 = CARTESIAN_POINT ( 'NONE',  ( -28.32500000000001350, -15.56999999999998785, -20.00000000000000000 ) ) ;
#729 = EDGE_LOOP ( 'NONE', ( #288, #34, #5609 ) ) ;
#730 = EDGE_CURVE ( 'NONE', #4836, #5552, #1776, .T. ) ;
#731 = ORIENTED_EDGE ( 'NONE', *, *, #489, .T. ) ;
#732 = ORIENTED_EDGE ( 'NONE', *, *, #4210, .F. ) ;
#733 = CARTESIAN_POINT ( 'NONE',  ( -29.79657287525381548, -1.000000000000007327, 7.000000000000000000 ) ) ;
#734 = CARTESIAN_POINT ( 'NONE',  ( -8.351950196330081511, 5.016493323032019447, 8.048037714023873690 ) ) ;
#735 = LINE ( 'NONE', #3029, #684 ) ;
#736 = CARTESIAN_POINT ( 'NONE',  ( 9.999999999999998224, 4.500000000000006217, 15.00000000000000178 ) ) ;
#737 = ADVANCED_FACE ( 'NONE', ( #3691 ), #3133, .T. ) ;
#738 = EDGE_CURVE ( 'NONE', #1169, #2185, #4497, .T. ) ;
#739 = FACE_OUTER_BOUND ( 'NONE', #2696, .T. ) ;
#740 = ORIENTED_EDGE ( 'NONE', *, *, #137, .F. ) ;
#741 = CARTESIAN_POINT ( 'NONE',  ( 28.32500000000000995, -15.56999999999998963, -20.00000000000000000 ) ) ;
#742 = CARTESIAN_POINT ( 'NONE',  ( -30.62500000000002132, -22.00000000000001066, 5.999999999999999112 ) ) ;
#743 = CARTESIAN_POINT ( 'NONE',  ( -30.62500000000000355, -3.000000000000006217, 6.000000000000000000 ) ) ;
#744 = EDGE_CURVE ( 'NONE', #1027, #1902, #2881, .T. ) ;
#745 = DIRECTION ( 'NONE',  ( 0.000000000000000000, 1.000000000000000000, 8.673617379884027583E-16 ) ) ;
#746 = EDGE_LOOP ( 'NONE', ( #454, #4367 ) ) ;
#747 = ORIENTED_EDGE ( 'NONE', *, *, #4380, .T. ) ;
#748 = CARTESIAN_POINT ( 'NONE',  ( -30.62500000000001066, -16.31999999999998963, -20.00000000000000000 ) ) ;
#749 = CARTESIAN_POINT ( 'NONE',  ( 30.57294534432812583, -2.476504209532954803, 6.261747895233460426 ) ) ;
#750 = COORDINATED_UNIVERSAL_TIME_OFFSET ( 8, 0, .AHEAD. ) ;
#751 = AXIS2_PLACEMENT_3D ( 'NONE', #5872, #2257, #1354 ) ;
#752 = CARTESIAN_POINT ( 'NONE',  ( 30.73768568794500666, -10.47000000000001663, -12.00000000000000000 ) ) ;
#753 = ADVANCED_FACE ( 'NONE', ( #4693 ), #1442, .T. ) ;
#754 = AXIS2_PLACEMENT_3D ( 'NONE', #5791, #1243, #3019 ) ;
#755 = EDGE_LOOP ( 'NONE', ( #1123, #2606, #608, #1316 ) ) ;
#756 = CARTESIAN_POINT ( 'NONE',  ( 4.592425496802564111E-16, 4.500000000000003553, 15.00000000000000000 ) ) ;
#757 = FACE_OUTER_BOUND ( 'NONE', #2175, .T. ) ;
#758 = DIRECTION ( 'NONE',  ( -6.308085367188395171E-16, 1.000000000000000000, 0.000000000000000000 ) ) ;
#759 = CIRCLE ( 'NONE', #5357, 2.149999999999998135 ) ;
#760 = VECTOR ( 'NONE', #3298, 1000.000000000000000 ) ;
#761 = AXIS2_PLACEMENT_3D ( 'NONE', #1253, #3946, #4430 ) ;
#762 = CARTESIAN_POINT ( 'NONE',  ( 2.730437188677488081, 0.6060433022844619044, 13.53144404475045803 ) ) ;
#763 = ORIENTED_EDGE ( 'NONE', *, *, #5355, .F. ) ;
#764 = AXIS2_PLACEMENT_3D ( 'NONE', #2090, #2159, #2515 ) ;
#765 = ORIENTED_EDGE ( 'NONE', *, *, #995, .F. ) ;
#766 = VECTOR ( 'NONE', #2861, 1000.000000000000000 ) ;
#767 = EDGE_LOOP ( 'NONE', ( #2912, #5767, #244, #4823 ) ) ;
#768 = DIRECTION ( 'NONE',  ( 0.000000000000000000, 0.000000000000000000, -1.000000000000000000 ) ) ;
#769 = CIRCLE ( 'NONE', #287, 1.000000000000000000 ) ;
#770 = FACE_OUTER_BOUND ( 'NONE', #2952, .T. ) ;
#771 = CYLINDRICAL_SURFACE ( 'NONE', #552, 2.000000000000001776 ) ;
#772 = DIRECTION ( 'NONE',  ( 3.469446951953612217E-16, -1.000000000000000000, 0.000000000000000000 ) ) ;
#773 = AXIS2_PLACEMENT_3D ( 'NONE', #3085, #2661, #796 ) ;
#774 = AXIS2_PLACEMENT_3D ( 'NONE', #2561, #5275, #2530 ) ;
#775 = AXIS2_PLACEMENT_3D ( 'NONE', #3830, #1017, #593 ) ;
#776 = ORIENTED_EDGE ( 'NONE', *, *, #1303, .T. ) ;
#777 = DIRECTION ( 'NONE',  ( 3.469446951953612217E-16, -1.000000000000000000, 0.000000000000000000 ) ) ;
#778 = DIRECTION ( 'NONE',  ( -1.000000000000000000, -3.154042683594194627E-16, 0.000000000000000000 ) ) ;
#779 = DIRECTION ( 'NONE',  ( 0.000000000000000000, 1.000000000000000000, 0.000000000000000000 ) ) ;
#780 = DIRECTION ( 'NONE',  ( -3.066914432666178839E-16, 1.000000000000000000, 0.000000000000000000 ) ) ;
#781 = EDGE_CURVE ( 'NONE', #4992, #5567, #2374, .T. ) ;
#782 = EDGE_CURVE ( 'NONE', #987, #1311, #860, .T. ) ;
#783 = ORIENTED_EDGE ( 'NONE', *, *, #5188, .F. ) ;
#784 = ORIENTED_EDGE ( 'NONE', *, *, #4854, .F. ) ;
#785 = CARTESIAN_POINT ( 'NONE',  ( 30.62500000000000355, -6.963145750507616860, -14.34314575050761320 ) ) ;
#786 = CARTESIAN_POINT ( 'NONE',  ( 29.14356511640538372, -1.063966698528054255, 6.968016650735989970 ) ) ;
#787 = DIRECTION ( 'NONE',  ( 1.000000000000000000, 6.938893903907229364E-16, 9.860761315262647568E-32 ) ) ;
#788 = CIRCLE ( 'NONE', #5280, 1.000000000000001554 ) ;
#789 = EDGE_CURVE ( 'NONE', #1311, #352, #5116, .T. ) ;
#790 = ORIENTED_EDGE ( 'NONE', *, *, #4847, .T. ) ;
#791 = VECTOR ( 'NONE', #25, 1000.000000000000000 ) ;
#792 = CARTESIAN_POINT ( 'NONE',  ( -30.62500000000002132, -22.58578643762691485, 7.171572875253810153 ) ) ;
#793 = DIRECTION ( 'NONE',  ( -1.000000000000000000, 6.938893903907232322E-16, 0.000000000000000000 ) ) ;
#794 = CARTESIAN_POINT ( 'NONE',  ( -23.82499999999999929, -3.519999999999991136, -20.00000000000000000 ) ) ;
#795 =( BOUNDED_SURFACE ( )  B_SPLINE_SURFACE ( 3, 2, ( 
 ( #3989, #2110, #4445 ),
 ( #3551, #5754, #1235 ),
 ( #3489, #1270, #2652 ),
 ( #233, #4892, #786 ),
 ( #2625, #1658, #3043 ),
 ( #1624, #329, #4417 ),
 ( #3421, #2172, #4858 ),
 ( #4472, #5276, #1175 ),
 ( #2980, #3458, #4826 ),
 ( #5371, #354, #5238 ),
 ( #2199, #5849, #688 ),
 ( #4792, #2531, #749 ),
 ( #2075, #719, #2593 ),
 ( #3013, #2562, #298 ) ),
 .UNSPECIFIED., .F., .F., .T. ) 
 B_SPLINE_SURFACE_WITH_KNOTS ( ( 4, 2, 2, 2, 2, 2, 4 ),
 ( 3, 3 ),
 ( 3.141592653589793560, 3.337942194439155408, 3.534291735288517700, 3.730641276137879547, 3.926990816987241395, 4.319689898685965090, 4.712388980384689674 ),
 ( 0.000000000000000000, 1.000000000000000000 ),
 .UNSPECIFIED. ) 
 GEOMETRIC_REPRESENTATION_ITEM ( )  RATIONAL_B_SPLINE_SURFACE ( (
 ( 1.000000000000000000, 0.7071067811865475727, 1.000000000000000000),
 ( 1.000000000000000000, 0.7070717215218270679, 1.000000000000000000),
 ( 1.000000000000000000, 0.7117460116570429873, 1.000000000000000000),
 ( 1.000000000000000000, 0.7291288848862734762, 1.000000000000000000),
 ( 1.000000000000000000, 0.7418334301983656731, 1.000000000000000000),
 ( 1.000000000000000000, 0.7723968094988363786, 1.000000000000000000),
 ( 1.000000000000000000, 0.7902180193271386432, 1.000000000000000000),
 ( 1.000000000000000000, 0.8275942589162024188, 1.000000000000000000),
 ( 1.000000000000000000, 0.8471316681044517294, 1.000000000000000000),
 ( 1.000000000000000000, 0.9038128751444135522, 1.000000000000000000),
 ( 1.000000000000000000, 0.9386556568292753200, 1.000000000000000000),
 ( 1.000000000000000000, 0.9867291829330371300, 1.000000000000000000),
 ( 1.000000000000000000, 1.000158585517668230, 1.000000000000000000),
 ( 1.000000000000000000, 1.000000000000000000, 1.000000000000000000) ) ) 
 REPRESENTATION_ITEM ( '' )  SURFACE ( )  );
#796 = DIRECTION ( 'NONE',  ( 8.326672684688675039E-16, 1.000000000000000000, 0.000000000000000000 ) ) ;
#797 = ORIENTED_EDGE ( 'NONE', *, *, #1876, .T. ) ;
#798 = EDGE_LOOP ( 'NONE', ( #1411, #1850 ) ) ;
#799 = ORIENTED_EDGE ( 'NONE', *, *, #2186, .F. ) ;
#800 = CARTESIAN_POINT ( 'NONE',  ( 28.32500000000000284, -5.369999999999990337, -20.00000000000000000 ) ) ;
#801 = CARTESIAN_POINT ( 'NONE',  ( 7.485281374238565988, 5.500000000000004441, -4.067564042545842997E-31 ) ) ;
#802 = DIRECTION ( 'NONE',  ( 1.000000000000000000, -6.938893903907232322E-16, -0.000000000000000000 ) ) ;
#803 = LINE ( 'NONE', #4779, #5351 ) ;
#804 = ORIENTED_EDGE ( 'NONE', *, *, #3620, .T. ) ;
#805 = CARTESIAN_POINT ( 'NONE',  ( -23.82499999999999929, -0.3199999999999917355, -22.81558164506020958 ) ) ;
#806 = CARTESIAN_POINT ( 'NONE',  ( -28.82159951090279648, -23.99999999924629890, 7.999999999246348636 ) ) ;
#807 = CARTESIAN_POINT ( 'NONE',  ( 23.82500000000000639, -11.52000000000001911, -12.00000000000000000 ) ) ;
#808 = DIRECTION ( 'NONE',  ( -1.000000000000000000, 0.000000000000000000, 0.000000000000000000 ) ) ;
#809 = AXIS2_PLACEMENT_3D ( 'NONE', #3738, #5112, #4237 ) ;
#810 = EDGE_LOOP ( 'NONE', ( #4787, #1552, #877 ) ) ;
#811 = ORIENTED_EDGE ( 'NONE', *, *, #4953, .F. ) ;
#812 = DIRECTION ( 'NONE',  ( 0.000000000000000000, -1.000000000000000000, 0.000000000000000000 ) ) ;
#813 = FACE_OUTER_BOUND ( 'NONE', #450, .T. ) ;
#814 = CARTESIAN_POINT ( 'NONE',  ( -28.32500000000000995, -15.56999999999998963, -20.00000000000000000 ) ) ;
#815 = CIRCLE ( 'NONE', #5866, 1.049999999999998934 ) ;
#816 = EDGE_CURVE ( 'NONE', #484, #5768, #4974, .T. ) ;
#817 = EDGE_CURVE ( 'NONE', #538, #2185, #4663, .T. ) ;
#818 = ORIENTED_EDGE ( 'NONE', *, *, #4038, .F. ) ;
#819 = DIRECTION ( 'NONE',  ( 0.000000000000000000, 1.000000000000000000, 0.000000000000000000 ) ) ;
#820 = CARTESIAN_POINT ( 'NONE',  ( -10.72913797855447982, -1.305993037662650735, 17.42823658383115415 ) ) ;
#821 = CARTESIAN_POINT ( 'NONE',  ( 28.62500000000001776, -23.99999999999999289, 7.000000000000000000 ) ) ;
#822 = CARTESIAN_POINT ( 'NONE',  ( 25.62500000000000711, -16.31999999999999318, -20.00000000000000000 ) ) ;
#823 = ORIENTED_EDGE ( 'NONE', *, *, #1437, .F. ) ;
#824 = ADVANCED_FACE ( 'NONE', ( #5649 ), #2004, .F. ) ;
#825 = EDGE_LOOP ( 'NONE', ( #5222, #2272, #2086, #637 ) ) ;
#826 = ORIENTED_EDGE ( 'NONE', *, *, #5327, .F. ) ;
#827 = CARTESIAN_POINT ( 'NONE',  ( -28.62500000000000711, -8.259238285901476573, -11.80150231423954565 ) ) ;
#828 = AXIS2_PLACEMENT_3D ( 'NONE', #1244, #1120, #3082 ) ;
#829 = LINE ( 'NONE', #3597, #3382 ) ;
#830 = VERTEX_POINT ( 'NONE', #3793 ) ;
#831 = EDGE_CURVE ( 'NONE', #214, #2087, #3166, .T. ) ;
#832 = EDGE_LOOP ( 'NONE', ( #5500, #4351 ) ) ;
#833 = CARTESIAN_POINT ( 'NONE',  ( -17.62500000000000000, -0.9999999999999940048, 0.000000000000000000 ) ) ;
#834 = DIRECTION ( 'NONE',  ( 1.000000000000000000, -6.938893903907228378E-16, -0.000000000000000000 ) ) ;
#835 = DIRECTION ( 'NONE',  ( 1.040834085586083310E-14, 0.000000000000000000, -1.000000000000000000 ) ) ;
#836 = DIRECTION ( 'NONE',  ( 0.000000000000000000, -1.000000000000000000, 0.000000000000000000 ) ) ;
#837 = CARTESIAN_POINT ( 'NONE',  ( -10.97746071278641367, 2.810321960874988978, 14.27351786161441183 ) ) ;
#838 = EDGE_LOOP ( 'NONE', ( #319, #268, #5378, #4078 ) ) ;
#839 = ORIENTED_EDGE ( 'NONE', *, *, #3076, .T. ) ;
#840 = CARTESIAN_POINT ( 'NONE',  ( -0.9999999999999922284, -26.20000000000000284, 9.999999999999998224 ) ) ;
#841 = CARTESIAN_POINT ( 'NONE',  ( -29.26943133430576083, -1.102147798102854681, 6.948926100948614071 ) ) ;
#842 = CYLINDRICAL_SURFACE ( 'NONE', #1355, 1.049999999999998934 ) ;
#843 = EDGE_CURVE ( 'NONE', #2087, #3183, #3744, .T. ) ;
#844 = ORIENTED_EDGE ( 'NONE', *, *, #4187, .F. ) ;
#845 = CIRCLE ( 'NONE', #2384, 18.49999999999998579 ) ;
#846 = CARTESIAN_POINT ( 'NONE',  ( -25.62500000000000711, -11.52000000000001734, -12.00000000000000000 ) ) ;
#847 = ADVANCED_FACE ( 'NONE', ( #3357 ), #1075, .F. ) ;
#848 = DIRECTION ( 'NONE',  ( -3.066914432666178839E-16, 1.000000000000000000, 0.000000000000000000 ) ) ;
#849 = LINE ( 'NONE', #5671, #5384 ) ;
#850 = DIRECTION ( 'NONE',  ( -1.000000000000000000, -6.938893903907232322E-16, -0.000000000000000000 ) ) ;
#851 = ORIENTED_EDGE ( 'NONE', *, *, #3244, .T. ) ;
#852 = AXIS2_PLACEMENT_3D ( 'NONE', #4880, #322, #3097 ) ;
#853 = AXIS2_PLACEMENT_3D ( 'NONE', #5152, #1054, #4192 ) ;
#854 = ORIENTED_EDGE ( 'NONE', *, *, #894, .T. ) ;
#855 = CIRCLE ( 'NONE', #1857, 2.149999999999998135 ) ;
#856 = ADVANCED_FACE ( 'NONE', ( #4215 ), #1948, .T. ) ;
#857 = ORIENTED_EDGE ( 'NONE', *, *, #513, .T. ) ;
#858 = EDGE_CURVE ( 'NONE', #54, #5836, #621, .T. ) ;
#859 = CARTESIAN_POINT ( 'NONE',  ( 22.13716256943948224, -0.7639287141913125856, -2.821409176679291697 ) ) ;
#860 = CIRCLE ( 'NONE', #159, 7.500000000000000888 ) ;
#861 = CIRCLE ( 'NONE', #160, 1.000000000000000888 ) ;
#862 = CARTESIAN_POINT ( 'NONE',  ( -10.97739487311153006, -2.610058220786390049, 14.27224004699164439 ) ) ;
#863 = ORIENTED_EDGE ( 'NONE', *, *, #2600, .T. ) ;
#864 = AXIS2_PLACEMENT_3D ( 'NONE', #1702, #4568, #5829 ) ;
#865 = AXIS2_PLACEMENT_3D ( 'NONE', #5341, #5817, #4352 ) ;
#866 = CIRCLE ( 'NONE', #2394, 1.000000000000002665 ) ;
#867 = ORIENTED_EDGE ( 'NONE', *, *, #3214, .F. ) ;
#868 = EDGE_CURVE ( 'NONE', #4343, #5374, #555, .T. ) ;
#869 = DIRECTION ( 'NONE',  ( -1.000000000000000000, -6.938893903907232322E-16, -0.000000000000000000 ) ) ;
#870 = FACE_OUTER_BOUND ( 'NONE', #3785, .T. ) ;
#871 = AXIS2_PLACEMENT_3D ( 'NONE', #2534, #4349, #3896 ) ;
#872 = AXIS2_PLACEMENT_3D ( 'NONE', #3196, #969, #1417 ) ;
#873 = LINE ( 'NONE', #3629, #3209 ) ;
#874 = CARTESIAN_POINT ( 'NONE',  ( -30.62499999999998934, 15.77854679802961968, 0.000000000000000000 ) ) ;
#875 = VECTOR ( 'NONE', #1414, 1000.000000000000000 ) ;
#876 = LINE ( 'NONE', #2708, #1150 ) ;
#877 = ORIENTED_EDGE ( 'NONE', *, *, #3136, .F. ) ;
#878 = VERTEX_POINT ( 'NONE', #1045 ) ;
#879 = CARTESIAN_POINT ( 'NONE',  ( 11.18732520091240268, 4.738158552792091061E-15, 8.000000000000000000 ) ) ;
#880 = CARTESIAN_POINT ( 'NONE',  ( -30.37257278571690122, -2.496381030503285636, 7.007237938993645443 ) ) ;
#881 = LINE ( 'NONE', #1888, #875 ) ;
#882 = VERTEX_POINT ( 'NONE', #3828 ) ;
#883 = FACE_OUTER_BOUND ( 'NONE', #1682, .T. ) ;
#884 = CARTESIAN_POINT ( 'NONE',  ( -30.62499999999998934, 15.77854679802961968, 0.000000000000000000 ) ) ;
#885 = LINE ( 'NONE', #2718, #3003 ) ;
#886 = DIRECTION ( 'NONE',  ( -1.000000000000000000, 6.938893903907231336E-16, 1.972152263052529514E-31 ) ) ;
#887 = AXIS2_PLACEMENT_3D ( 'NONE', #5099, #994, #5069 ) ;
#888 = VERTEX_POINT ( 'NONE', #1554 ) ;
#889 = VERTEX_POINT ( 'NONE', #1104 ) ;
#890 = LINE ( 'NONE', #1872, #4293 ) ;
#891 = CARTESIAN_POINT ( 'NONE',  ( -10.91445540156397520, -2.346180137347378292, 13.58961138326470319 ) ) ;
#892 = ORIENTED_EDGE ( 'NONE', *, *, #5302, .T. ) ;
#893 = ADVANCED_FACE ( 'NONE', ( #500 ), #4338, .F. ) ;
#894 = EDGE_CURVE ( 'NONE', #3455, #105, #4972, .T. ) ;
#895 = VERTEX_POINT ( 'NONE', #2553 ) ;
#896 = DIRECTION ( 'NONE',  ( 0.000000000000000000, -0.000000000000000000, 1.000000000000000000 ) ) ;
#897 = LINE ( 'NONE', #1378, #5757 ) ;
#898 = CARTESIAN_POINT ( 'NONE',  ( -2.500000000000000444, 0.1000000000000013239, 16.54999999999999716 ) ) ;
#899 = DIRECTION ( 'NONE',  ( 1.000000000000000000, 6.938893903907230350E-16, 1.547267552600383664E-31 ) ) ;
#900 = ADVANCED_FACE ( 'NONE', ( #321, #3856 ), #1707, .F. ) ;
#901 = AXIS2_PLACEMENT_3D ( 'NONE', #569, #3285, #3859 ) ;
#902 = FACE_OUTER_BOUND ( 'NONE', #4996, .T. ) ;
#903 = EDGE_LOOP ( 'NONE', ( #4790, #1122, #3897, #5616 ) ) ;
#904 = ORIENTED_EDGE ( 'NONE', *, *, #4769, .T. ) ;
#905 = CARTESIAN_POINT ( 'NONE',  ( -10.70862920376474037, 1.342131518794342560, 17.51603808197042511 ) ) ;
#906 = CARTESIAN_POINT ( 'NONE',  ( -20.13390078608842160, -23.99980988910192892, -0.6625631218577657799 ) ) ;
#907 = DIRECTION ( 'NONE',  ( 0.000000000000000000, 0.000000000000000000, -1.000000000000000000 ) ) ;
#908 = VECTOR ( 'NONE', #4608, 1000.000000000000000 ) ;
#909 = EDGE_CURVE ( 'NONE', #2, #4804, #4106, .T. ) ;
#910 = ORIENTED_EDGE ( 'NONE', *, *, #5204, .F. ) ;
#911 = LINE ( 'NONE', #5881, #1441 ) ;
#912 = DIRECTION ( 'NONE',  ( 1.000000000000000000, 0.000000000000000000, 0.000000000000000000 ) ) ;
#913 = DIRECTION ( 'NONE',  ( 1.000000000000000000, -6.938893903907229364E-16, -9.860761315262647568E-32 ) ) ;
#914 = CARTESIAN_POINT ( 'NONE',  ( -28.62500000000001421, -22.96999999999998465, -20.00000000000000000 ) ) ;
#915 = DIRECTION ( 'NONE',  ( 1.000000000000000000, 6.938893903907230350E-16, 9.860761315262647568E-32 ) ) ;
#916 = VERTEX_POINT ( 'NONE', #5329 ) ;
#917 = VERTEX_POINT ( 'NONE', #2968 ) ;
#918 = DIRECTION ( 'NONE',  ( -3.061616997868382648E-16, 1.000000000000000000, 0.000000000000000000 ) ) ;
#919 = DIRECTION ( 'NONE',  ( 0.000000000000000000, -1.000000000000000000, 0.000000000000000000 ) ) ;
#920 = ORIENTED_EDGE ( 'NONE', *, *, #5832, .T. ) ;
#921 = EDGE_CURVE ( 'NONE', #1775, #5299, #5267, .T. ) ;
#922 = CIRCLE ( 'NONE', #4259, 1.049999999999998934 ) ;
#923 = ADVANCED_FACE ( 'NONE', ( #3883 ), #5359, .F. ) ;
#924 = DIRECTION ( 'NONE',  ( 0.000000000000000000, -0.7071067811865511255, 0.7071067811865437980 ) ) ;
#925 = DIRECTION ( 'NONE',  ( 0.000000000000000000, 1.000000000000000000, 0.000000000000000000 ) ) ;
#926 = EDGE_CURVE ( 'NONE', #2012, #889, #2302, .T. ) ;
#927 = CARTESIAN_POINT ( 'NONE',  ( 1.038794935815657448E-14, -24.00000000000000000, 15.00000000000000000 ) ) ;
#928 = FACE_OUTER_BOUND ( 'NONE', #5586, .T. ) ;
#929 = PLANE ( 'NONE',  #4757 ) ;
#930 = VERTEX_POINT ( 'NONE', #741 ) ;
#931 = DIRECTION ( 'NONE',  ( 0.5000000000000049960, 0.8660254037844357100, -0.000000000000000000 ) ) ;
#932 = CARTESIAN_POINT ( 'NONE',  ( -30.57294534432825728, -2.738252104766547124, 6.523495790466713018 ) ) ;
#933 = EDGE_CURVE ( 'NONE', #3690, #3089, #3545, .T. ) ;
#934 = CYLINDRICAL_SURFACE ( 'NONE', #3353, 1.049999999999998490 ) ;
#935 = EDGE_LOOP ( 'NONE', ( #3017, #3480, #2346, #2727, #402 ) ) ;
#936 = DIRECTION ( 'NONE',  ( 1.000000000000000000, -6.938893903907232322E-16, -0.000000000000000000 ) ) ;
#937 = EDGE_CURVE ( 'NONE', #2365, #4168, #1816, .T. ) ;
#938 = CARTESIAN_POINT ( 'NONE',  ( 22.62500000000000000, 0.6800000000000083755, -22.81558164506020958 ) ) ;
#939 = CARTESIAN_POINT ( 'NONE',  ( 1.402903197189348108E-14, -29.19999999999999929, 20.00000000000000000 ) ) ;
#940 = CARTESIAN_POINT ( 'NONE',  ( 5.000000000000012434, -26.20000000000000284, 15.00000000000001421 ) ) ;
#941 = CARTESIAN_POINT ( 'NONE',  ( 22.62500000000001421, -22.96999999999999531, -14.00000000000000000 ) ) ;
#942 = ORIENTED_EDGE ( 'NONE', *, *, #28, .F. ) ;
#943 = EDGE_LOOP ( 'NONE', ( #4097, #4771, #5519, #139 ) ) ;
#944 = CARTESIAN_POINT ( 'NONE',  ( 17.62500000000000000, -0.9999999999999933387, 0.000000000000000000 ) ) ;
#945 = CARTESIAN_POINT ( 'NONE',  ( -10.63766891757775923, -0.08587930231633102152, 12.20000000000000817 ) ) ;
#946 = ORIENTED_EDGE ( 'NONE', *, *, #1415, .F. ) ;
#947 = ORIENTED_EDGE ( 'NONE', *, *, #99, .F. ) ;
#948 = AXIS2_PLACEMENT_3D ( 'NONE', #4945, #5059, #5033 ) ;
#949 = CONICAL_SURFACE ( 'NONE', #4872, 5.499999999999998224, 0.7531512809621936366 ) ;
#950 = FACE_BOUND ( 'NONE', #1248, .T. ) ;
#951 = DIRECTION ( 'NONE',  ( 0.000000000000000000, -3.227392513445226657E-15, 1.000000000000000000 ) ) ;
#952 = CARTESIAN_POINT ( 'NONE',  ( 1.000000000000010880, -26.20000000000000284, 9.999999999999998224 ) ) ;
#953 = CIRCLE ( 'NONE', #3344, 2.000000000000001776 ) ;
#954 = LINE ( 'NONE', #2792, #4389 ) ;
#955 = VECTOR ( 'NONE', #4832, 1000.000000000000000 ) ;
#956 = CIRCLE ( 'NONE', #4772, 18.49999999999993605 ) ;
#957 = CARTESIAN_POINT ( 'NONE',  ( -22.36288614909236472, -23.99461206819199788, -3.393969324059804116 ) ) ;
#958 = CIRCLE ( 'NONE', #376, 1.049999999999998934 ) ;
#959 = ORIENTED_EDGE ( 'NONE', *, *, #3846, .T. ) ;
#960 = FACE_OUTER_BOUND ( 'NONE', #5523, .T. ) ;
#961 = DIRECTION ( 'NONE',  ( 1.000000000000000000, 4.625929269271484928E-16, 0.000000000000000000 ) ) ;
#962 = AXIS2_PLACEMENT_3D ( 'NONE', #5722, #5815, #1206 ) ;
#963 = AXIS2_PLACEMENT_3D ( 'NONE', #3842, #1811, #1334 ) ;
#964 = CIRCLE ( 'NONE', #179, 2.149999999999997691 ) ;
#965 = EDGE_CURVE ( 'NONE', #2141, #3682, #1221, .T. ) ;
#966 = EDGE_CURVE ( 'NONE', #2930, #5468, #2134, .T. ) ;
#967 = AXIS2_PLACEMENT_3D ( 'NONE', #4370, #3886, #4883 ) ;
#968 = ORIENTED_EDGE ( 'NONE', *, *, #560, .T. ) ;
#969 = DIRECTION ( 'NONE',  ( 1.000000000000000000, -6.938893903907231336E-16, -1.972152263052529514E-31 ) ) ;
#970 = DIRECTION ( 'NONE',  ( 0.000000000000000000, 0.7071067811865463515, 0.7071067811865486830 ) ) ;
#971 = DIRECTION ( 'NONE',  ( 0.8660254037844359321, -0.5000000000000047740, 0.000000000000000000 ) ) ;
#972 = FACE_BOUND ( 'NONE', #1003, .T. ) ;
#973 = EDGE_CURVE ( 'NONE', #3379, #4516, #3511, .T. ) ;
#974 = ORIENTED_EDGE ( 'NONE', *, *, #1952, .F. ) ;
#975 = EDGE_LOOP ( 'NONE', ( #5831, #3052, #4732, #5209, #2691, #2504, #340, #3518, #205, #1699, #5386, #5860 ) ) ;
#976 = LINE ( 'NONE', #2811, #1914 ) ;
#977 = DIRECTION ( 'NONE',  ( 0.000000000000000000, 0.000000000000000000, -1.000000000000000000 ) ) ;
#978 = ORIENTED_EDGE ( 'NONE', *, *, #495, .T. ) ;
#979 = AXIS2_PLACEMENT_3D ( 'NONE', #3686, #2646, #5390 ) ;
#980 = ADVANCED_FACE ( 'NONE', ( #190 ), #1227, .T. ) ;
#981 = AXIS2_PLACEMENT_3D ( 'NONE', #4056, #4514, #2997 ) ;
#982 = DIRECTION ( 'NONE',  ( 0.000000000000000000, -1.000000000000000000, 0.000000000000000000 ) ) ;
#983 = CARTESIAN_POINT ( 'NONE',  ( 1.661371418603622132E-16, 5.500000000000001776, 15.00000000000000000 ) ) ;
#984 = CYLINDRICAL_SURFACE ( 'NONE', #2681, 2.149999999999997247 ) ;
#985 = CARTESIAN_POINT ( 'NONE',  ( 23.82499999999999929, -0.3199999999999917355, -20.00000000000000000 ) ) ;
#986 = CARTESIAN_POINT ( 'NONE',  ( 8.485281374238585528, -58.05877273185281240, -4.067564042545842997E-31 ) ) ;
#987 = VERTEX_POINT ( 'NONE', #4437 ) ;
#988 = DIRECTION ( 'NONE',  ( 3.469446951953612217E-16, -1.000000000000000000, 0.000000000000000000 ) ) ;
#989 = DIRECTION ( 'NONE',  ( 0.000000000000000000, 1.000000000000000000, 0.000000000000000000 ) ) ;
#990 = ORIENTED_EDGE ( 'NONE', *, *, #3136, .T. ) ;
#991 = DIRECTION ( 'NONE',  ( -0.000000000000000000, 1.000000000000000000, -0.000000000000000000 ) ) ;
#992 = DIRECTION ( 'NONE',  ( 0.000000000000000000, 0.000000000000000000, 1.000000000000000000 ) ) ;
#993 = CARTESIAN_POINT ( 'NONE',  ( 25.62500000000000711, -9.420000000000021245, -12.00000000000000000 ) ) ;
#994 = DIRECTION ( 'NONE',  ( 1.000000000000000000, -6.938893903907232322E-16, -0.000000000000000000 ) ) ;
#995 = EDGE_CURVE ( 'NONE', #1318, #3432, #4305, .T. ) ;
#996 = EDGE_CURVE ( 'NONE', #5811, #1874, #1853, .T. ) ;
#997 = FACE_OUTER_BOUND ( 'NONE', #5368, .T. ) ;
#998 = ORIENTED_EDGE ( 'NONE', *, *, #3503, .T. ) ;
#999 = ORIENTED_EDGE ( 'NONE', *, *, #2407, .F. ) ;
#1000 = FACE_OUTER_BOUND ( 'NONE', #635, .T. ) ;
#1001 = ADVANCED_FACE ( 'NONE', ( #4525 ), #2278, .T. ) ;
#1002 = DIRECTION ( 'NONE',  ( 0.000000000000000000, -1.000000000000000000, 0.000000000000000000 ) ) ;
#1003 = EDGE_LOOP ( 'NONE', ( #389, #1509 ) ) ;
#1004 = AXIS2_PLACEMENT_3D ( 'NONE', #1508, #3703, #117 ) ;
#1005 = ORIENTED_EDGE ( 'NONE', *, *, #4044, .T. ) ;
#1006 = DIRECTION ( 'NONE',  ( -2.267975102510408941E-30, -3.491481338843133355E-15, 1.000000000000000000 ) ) ;
#1007 = FACE_OUTER_BOUND ( 'NONE', #729, .T. ) ;
#1008 = EDGE_CURVE ( 'NONE', #5845, #1421, #4009, .T. ) ;
#1009 = FACE_OUTER_BOUND ( 'NONE', #4604, .T. ) ;
#1010 = DIRECTION ( 'NONE',  ( -6.938893903907232322E-16, 1.000000000000000000, 0.000000000000000000 ) ) ;
#1011 = FACE_OUTER_BOUND ( 'NONE', #2870, .T. ) ;
#1012 = AXIS2_PLACEMENT_3D ( 'NONE', #884, #4111, #2242 ) ;
#1013 = CARTESIAN_POINT ( 'NONE',  ( 7.500000000000012434, -29.19999999999999574, 15.00000000000000178 ) ) ;
#1014 = DIRECTION ( 'NONE',  ( 0.000000000000000000, -1.000000000000000000, 0.000000000000000000 ) ) ;
#1015 = EDGE_CURVE ( 'NONE', #5453, #3936, #5732, .T. ) ;
#1016 =( BOUNDED_CURVE ( )  B_SPLINE_CURVE ( 3, ( #4819, #5303, #3540, #743 ),
 .UNSPECIFIED., .F., .T. ) 
 B_SPLINE_CURVE_WITH_KNOTS ( ( 4, 4 ),
 ( 3.141592653589790451, 4.712388980384688786 ),
 .UNSPECIFIED. ) 
 CURVE ( )  GEOMETRIC_REPRESENTATION_ITEM ( )  RATIONAL_B_SPLINE_CURVE ( ( 1.000000000000000000, 0.8047378541243646044, 0.8047378541243646044, 1.000000000000000000 ) ) 
 REPRESENTATION_ITEM ( '' )  );
#1017 = DIRECTION ( 'NONE',  ( -2.931054078198949621E-16, 1.000000000000000000, -7.395570986446985676E-32 ) ) ;
#1018 = VERTEX_POINT ( 'NONE', #3153 ) ;
#1019 = ORIENTED_EDGE ( 'NONE', *, *, #271, .T. ) ;
#1020 = CARTESIAN_POINT ( 'NONE',  ( 2.926358181217794563, -1.066327347340110476, 16.02571398118153922 ) ) ;
#1021 = CC_DESIGN_PERSON_AND_ORGANIZATION_ASSIGNMENT ( #4894, #3490, ( #4079 ) ) ;
#1022 = PLANE ( 'NONE',  #5726 ) ;
#1023 = CARTESIAN_POINT ( 'NONE',  ( -30.62500000000001421, -20.96999999999998465, -14.00000000000000000 ) ) ;
#1024 = DIRECTION ( 'NONE',  ( -3.061616997868382648E-16, 1.000000000000000000, 0.000000000000000000 ) ) ;
#1025 = CARTESIAN_POINT ( 'NONE',  ( 23.82500000000000995, -16.56999999999998963, -29.74884608556315158 ) ) ;
#1026 = EDGE_CURVE ( 'NONE', #66, #4706, #953, .T. ) ;
#1027 = VERTEX_POINT ( 'NONE', #805 ) ;
#1028 = DIRECTION ( 'NONE',  ( -1.000000000000000000, -3.066914432666178839E-16, 0.000000000000000000 ) ) ;
#1029 = CARTESIAN_POINT ( 'NONE',  ( -25.62500000000000711, -17.41999999999999460, -20.00000000000000000 ) ) ;
#1030 = DIRECTION ( 'NONE',  ( 0.000000000000000000, -1.000000000000000000, 0.000000000000000000 ) ) ;
#1031 = CARTESIAN_POINT ( 'NONE',  ( -5.499999999999998224, 7.099999999999999645, 15.00000000000000000 ) ) ;
#1032 = VERTEX_POINT ( 'NONE', #2645 ) ;
#1033 = ADVANCED_FACE ( 'NONE', ( #347 ), #3126, .T. ) ;
#1034 = ORIENTED_EDGE ( 'NONE', *, *, #926, .T. ) ;
#1035 = AXIS2_PLACEMENT_3D ( 'NONE', #4094, #1856, #1830 ) ;
#1036 = DIRECTION ( 'NONE',  ( 0.000000000000000000, 1.000000000000000000, 0.000000000000000000 ) ) ;
#1037 = DIRECTION ( 'NONE',  ( -1.000000000000000000, 0.000000000000000000, 0.000000000000000000 ) ) ;
#1038 = CARTESIAN_POINT ( 'NONE',  ( -25.62500000000000000, -2.469999999999991314, -20.00000000000000000 ) ) ;
#1039 = CARTESIAN_POINT ( 'NONE',  ( 25.62500000000000355, -6.963145750507621301, -14.34314575050761320 ) ) ;
#1040 = CIRCLE ( 'NONE', #5349, 8.000000000000000000 ) ;
#1041 = TOROIDAL_SURFACE ( 'NONE', #1240, 1064.681666666833962, 2.000000000000000000 ) ;
#1042 = EDGE_CURVE ( 'NONE', #2023, #4292, #4021, .T. ) ;
#1043 = EDGE_LOOP ( 'NONE', ( #5245, #1416, #1080, #2809, #1497 ) ) ;
#1044 = ORIENTED_EDGE ( 'NONE', *, *, #465, .T. ) ;
#1045 = CARTESIAN_POINT ( 'NONE',  ( 5.327213576290982297E-16, 7.100000000000001421, 11.90000000000000036 ) ) ;
#1046 = CARTESIAN_POINT ( 'NONE',  ( -2.499999999999999556, -12.89999999999999858, 13.16696972201766336 ) ) ;
#1047 = AXIS2_PLACEMENT_3D ( 'NONE', #2165, #1579, #223 ) ;
#1048 = CIRCLE ( 'NONE', #1819, 1.000000000000000000 ) ;
#1049 = CARTESIAN_POINT ( 'NONE',  ( -25.62500000000000711, -13.97685424949240485, -14.34314575050765050 ) ) ;
#1050 = CIRCLE ( 'NONE', #5930, 1064.681666666833962 ) ;
#1051 = ORIENTED_EDGE ( 'NONE', *, *, #3278, .F. ) ;
#1052 = VECTOR ( 'NONE', #414, 1000.000000000000000 ) ;
#1053 = CARTESIAN_POINT ( 'NONE',  ( 2.690944035782813160, -0.1088613042701348094, 13.46072427163353247 ) ) ;
#1054 = DIRECTION ( 'NONE',  ( 1.000000000000000000, 6.938893903907232322E-16, 0.000000000000000000 ) ) ;
#1055 = LINE ( 'NONE', #51, #4468 ) ;
#1056 = CARTESIAN_POINT ( 'NONE',  ( -23.82500000000000284, -5.863145750507623433, -14.34314575050761320 ) ) ;
#1057 = VECTOR ( 'NONE', #3669, 1000.000000000000000 ) ;
#1058 = AXIS2_PLACEMENT_3D ( 'NONE', #4562, #2288, #4103 ) ;
#1059 = ORIENTED_EDGE ( 'NONE', *, *, #1661, .T. ) ;
#1060 = CARTESIAN_POINT ( 'NONE',  ( 28.62500000000001776, -22.99999999999998934, 8.000000000000000000 ) ) ;
#1061 = CARTESIAN_POINT ( 'NONE',  ( 7.999271510646282835, 2.911496725688921927, 7.000000000000000000 ) ) ;
#1062 = DIRECTION ( 'NONE',  ( 1.000000000000000000, -6.938893903907233308E-16, -0.000000000000000000 ) ) ;
#1063 = ORIENTED_EDGE ( 'NONE', *, *, #2694, .T. ) ;
#1064 = ORIENTED_EDGE ( 'NONE', *, *, #4372, .F. ) ;
#1065 = DIRECTION ( 'NONE',  ( 1.000000000000000000, -6.938893903907232322E-16, -0.000000000000000000 ) ) ;
#1066 = CYLINDRICAL_SURFACE ( 'NONE', #2804, 1.000000000000000888 ) ;
#1067 = AXIS2_PLACEMENT_3D ( 'NONE', #4092, #3658, #1292 ) ;
#1068 = CARTESIAN_POINT ( 'NONE',  ( 30.62500000000001421, -20.96999999999998465, -20.00000000000000000 ) ) ;
#1069 = EDGE_CURVE ( 'NONE', #5197, #3086, #3725, .T. ) ;
#1070 = EDGE_CURVE ( 'NONE', #930, #4655, #1741, .T. ) ;
#1071 = DIRECTION ( 'NONE',  ( 3.066914432666182783E-16, -1.000000000000000000, 0.000000000000000000 ) ) ;
#1072 = CIRCLE ( 'NONE', #1551, 1.000000000000000888 ) ;
#1073 = ORIENTED_EDGE ( 'NONE', *, *, #738, .F. ) ;
#1074 = TOROIDAL_SURFACE ( 'NONE', #472, 16.49999999999998579, 2.000000000000000000 ) ;
#1075 = CYLINDRICAL_SURFACE ( 'NONE', #1723, 1.000000000000001776 ) ;
#1076 = CARTESIAN_POINT ( 'NONE',  ( 18.75876072350822099, -23.99999284934803612, -0.1275174691267895177 ) ) ;
#1077 = DIRECTION ( 'NONE',  ( 1.000000000000000000, 6.938893903907230350E-16, 1.972152263052529514E-31 ) ) ;
#1078 = EDGE_CURVE ( 'NONE', #3191, #1158, #1826, .T. ) ;
#1079 = ORIENTED_EDGE ( 'NONE', *, *, #4307, .T. ) ;
#1080 = ORIENTED_EDGE ( 'NONE', *, *, #973, .T. ) ;
#1081 = CARTESIAN_POINT ( 'NONE',  ( 3.000865278768639399, -1.241734489146234743, 15.78251584179898082 ) ) ;
#1082 = DIRECTION ( 'NONE',  ( 6.938893903907233308E-16, 1.000000000000000000, -1.520050659198664737E-16 ) ) ;
#1083 = DIRECTION ( 'NONE',  ( -1.000000000000000000, -6.938893903907229364E-16, -9.860761315262647568E-32 ) ) ;
#1084 = DIRECTION ( 'NONE',  ( -0.000000000000000000, -0.000000000000000000, 1.000000000000000000 ) ) ;
#1085 = EDGE_CURVE ( 'NONE', #2919, #4868, #3914, .T. ) ;
#1086 = CIRCLE ( 'NONE', #4443, 2.000000000000000444 ) ;
#1087 = ORIENTED_EDGE ( 'NONE', *, *, #4125, .T. ) ;
#1088 = EDGE_LOOP ( 'NONE', ( #4760, #4469, #395, #5796 ) ) ;
#1089 = CARTESIAN_POINT ( 'NONE',  ( -8.485281374238569541, 2.499999999999974243, 8.000000000000000000 ) ) ;
#1090 = DIRECTION ( 'NONE',  ( 0.000000000000000000, 1.000000000000000000, 0.000000000000000000 ) ) ;
#1091 = CYLINDRICAL_SURFACE ( 'NONE', #228, 1066.681666666833962 ) ;
#1092 = VERTEX_POINT ( 'NONE', #1377 ) ;
#1093 = TOROIDAL_SURFACE ( 'NONE', #2439, 18.77854679802960192, 2.000000000000000000 ) ;
#1094 = ORIENTED_EDGE ( 'NONE', *, *, #3354, .F. ) ;
#1095 = ORIENTED_EDGE ( 'NONE', *, *, #843, .T. ) ;
#1096 = DIRECTION ( 'NONE',  ( -1.000000000000000000, 6.938893903907232322E-16, 0.000000000000000000 ) ) ;
#1097 = FACE_OUTER_BOUND ( 'NONE', #5428, .T. ) ;
#1098 = DIRECTION ( 'NONE',  ( -1.000000000000000000, -6.938893903907232322E-16, -0.000000000000000000 ) ) ;
#1099 = DIRECTION ( 'NONE',  ( 8.326672684688676025E-16, 1.000000000000000000, 0.000000000000000000 ) ) ;
#1100 = AXIS2_PLACEMENT_3D ( 'NONE', #1025, #83, #3307 ) ;
#1101 = ORIENTED_EDGE ( 'NONE', *, *, #513, .F. ) ;
#1102 = EDGE_CURVE ( 'NONE', #4902, #456, #759, .T. ) ;
#1103 = EDGE_CURVE ( 'NONE', #477, #255, #2755, .T. ) ;
#1104 = CARTESIAN_POINT ( 'NONE',  ( 11.18732520091240268, -0.9999999999999952260, 0.000000000000000000 ) ) ;
#1105 = DIRECTION ( 'NONE',  ( 3.469446951953612217E-16, -1.000000000000000000, 0.000000000000000000 ) ) ;
#1106 = CARTESIAN_POINT ( 'NONE',  ( 22.62500000000000711, -10.46999999999999353, -20.00000000000000000 ) ) ;
#1107 = ADVANCED_FACE ( 'NONE', ( #4175 ), #5064, .T. ) ;
#1108 = ORIENTED_EDGE ( 'NONE', *, *, #4006, .T. ) ;
#1109 = EDGE_LOOP ( 'NONE', ( #4520, #5358, #797, #2408 ) ) ;
#1110 = DIRECTION ( 'NONE',  ( -1.000000000000000000, 6.938893903907232322E-16, 0.000000000000000000 ) ) ;
#1111 = DIRECTION ( 'NONE',  ( 3.469446951953612217E-16, -1.000000000000000000, 0.000000000000000000 ) ) ;
#1112 =( NAMED_UNIT ( * ) PLANE_ANGLE_UNIT ( ) SI_UNIT ( $, .RADIAN. ) );
#1113 = AXIS2_PLACEMENT_3D ( 'NONE', #5153, #1892, #4672 ) ;
#1114 = CARTESIAN_POINT ( 'NONE',  ( 7.545588753452658892, 4.157979856674303143, 8.000000000000000000 ) ) ;
#1115 = DIRECTION ( 'NONE',  ( 1.000000000000000000, 6.938893903907232322E-16, 0.000000000000000000 ) ) ;
#1116 = EDGE_CURVE ( 'NONE', #916, #2291, #4770, .T. ) ;
#1117 = ORIENTED_EDGE ( 'NONE', *, *, #4566, .T. ) ;
#1118 = CARTESIAN_POINT ( 'NONE',  ( -30.62500000000000000, -0.9999999999999847899, 0.000000000000000000 ) ) ;
#1119 = CARTESIAN_POINT ( 'NONE',  ( 29.81153773056820455, -23.65188955519649383, 7.651889555196264681 ) ) ;
#1120 = DIRECTION ( 'NONE',  ( 1.000000000000000000, -6.938893903907232322E-16, -0.000000000000000000 ) ) ;
#1121 = CARTESIAN_POINT ( 'NONE',  ( 3.094783925427634586, 1.639642787847626737, 14.79377894935044502 ) ) ;
#1122 = ORIENTED_EDGE ( 'NONE', *, *, #5093, .F. ) ;
#1123 = ORIENTED_EDGE ( 'NONE', *, *, #675, .F. ) ;
#1124 = VERTEX_POINT ( 'NONE', #609 ) ;
#1125 = CYLINDRICAL_SURFACE ( 'NONE', #2214, 1.049999999999998490 ) ;
#1126 = DIRECTION ( 'NONE',  ( -1.000000000000000000, 6.938893903907228378E-16, -0.000000000000000000 ) ) ;
#1127 = CARTESIAN_POINT ( 'NONE',  ( -23.82500000000000639, -10.46999999999999353, -20.00000000000000000 ) ) ;
#1128 = CARTESIAN_POINT ( 'NONE',  ( 25.62500000000000711, -13.97685424949240485, -14.34314575050765050 ) ) ;
#1129 = ORIENTED_EDGE ( 'NONE', *, *, #4483, .F. ) ;
#1130 = CARTESIAN_POINT ( 'NONE',  ( 6.000000000000014211, -26.20000000000000284, 15.00000000000001421 ) ) ;
#1131 = CARTESIAN_POINT ( 'NONE',  ( -28.88679617165909619, -23.98710782014100573, 6.993553910070506419 ) ) ;
#1132 = DIRECTION ( 'NONE',  ( 0.000000000000000000, 0.000000000000000000, 1.000000000000000000 ) ) ;
#1133 = VECTOR ( 'NONE', #3358, 1000.000000000000000 ) ;
#1134 = LINE ( 'NONE', #1452, #1671 ) ;
#1135 = VECTOR ( 'NONE', #4299, 1000.000000000000000 ) ;
#1136 = AXIS2_PLACEMENT_3D ( 'NONE', #5083, #582, #4743 ) ;
#1137 = CIRCLE ( 'NONE', #1905, 2.149999999999998135 ) ;
#1138 = ORIENTED_EDGE ( 'NONE', *, *, #4923, .F. ) ;
#1139 = ORIENTED_EDGE ( 'NONE', *, *, #817, .F. ) ;
#1140 = CARTESIAN_POINT ( 'NONE',  ( -10.50000000000000000, 0.1000000000000011297, 13.44999999999999929 ) ) ;
#1141 = DIRECTION ( 'NONE',  ( 6.938893903907232322E-16, 1.000000000000000000, -0.000000000000000000 ) ) ;
#1142 = DIRECTION ( 'NONE',  ( -6.308085367188396157E-16, -1.000000000000000000, 0.000000000000000000 ) ) ;
#1143 = EDGE_CURVE ( 'NONE', #4503, #1585, #1488, .T. ) ;
#1144 = ADVANCED_FACE ( 'NONE', ( #3293 ), #4630, .F. ) ;
#1145 = CIRCLE ( 'NONE', #1913, 1066.681666666833962 ) ;
#1146 = VECTOR ( 'NONE', #605, 1000.000000000000000 ) ;
#1147 = CARTESIAN_POINT ( 'NONE',  ( 23.82500000000001350, -20.61999999999999389, -20.00000000000000000 ) ) ;
#1148 = ORIENTED_EDGE ( 'NONE', *, *, #831, .T. ) ;
#1149 = ORIENTED_EDGE ( 'NONE', *, *, #5394, .T. ) ;
#1150 = VECTOR ( 'NONE', #409, 1000.000000000000000 ) ;
#1151 = DIRECTION ( 'NONE',  ( 0.6839411288813295187, -0.7295372041400853824, 0.000000000000000000 ) ) ;
#1152 = LINE ( 'NONE', #240, #563 ) ;
#1153 = CARTESIAN_POINT ( 'NONE',  ( 30.62500000000000711, -10.47000000000001485, -12.00000000000000000 ) ) ;
#1154 = ORIENTED_EDGE ( 'NONE', *, *, #1923, .T. ) ;
#1155 = CIRCLE ( 'NONE', #2125, 2.149999999999998135 ) ;
#1156 = ADVANCED_FACE ( 'NONE', ( #2843 ), #1997, .F. ) ;
#1157 = ORIENTED_EDGE ( 'NONE', *, *, #5805, .F. ) ;
#1158 = VERTEX_POINT ( 'NONE', #2395 ) ;
#1159 = LINE ( 'NONE', #5741, #1628 ) ;
#1160 = CARTESIAN_POINT ( 'NONE',  ( -23.82500000000001350, -19.51999999999999247, -20.00000000000000000 ) ) ;
#1161 = DIRECTION ( 'NONE',  ( -0.000000000000000000, 0.000000000000000000, 1.000000000000000000 ) ) ;
#1162 = CARTESIAN_POINT ( 'NONE',  ( -30.62500000000001066, -13.97685424949239952, -14.34314575050765050 ) ) ;
#1163 = DIRECTION ( 'NONE',  ( 0.000000000000000000, -1.000000000000000000, 0.000000000000000000 ) ) ;
#1164 = ORIENTED_EDGE ( 'NONE', *, *, #636, .F. ) ;
#1165 = CIRCLE ( 'NONE', #4521, 2.000000000000001776 ) ;
#1166 = CARTESIAN_POINT ( 'NONE',  ( 8.177960995208055195, -23.52040841298356000, 7.857465839098453309 ) ) ;
#1167 = CARTESIAN_POINT ( 'NONE',  ( 30.62500000000001066, -17.10043478260868000, -30.59657183213386489 ) ) ;
#1168 = CARTESIAN_POINT ( 'NONE',  ( 1.298819788630739840E-14, -26.20000000000000284, 20.00000000000000000 ) ) ;
#1169 = VERTEX_POINT ( 'NONE', #2817 ) ;
#1170 = DIRECTION ( 'NONE',  ( 0.000000000000000000, 0.000000000000000000, 1.000000000000000000 ) ) ;
#1171 = AXIS2_PLACEMENT_3D ( 'NONE', #81, #3618, #4988 ) ;
#1172 = ORIENTED_EDGE ( 'NONE', *, *, #3646, .T. ) ;
#1173 = ORIENTED_EDGE ( 'NONE', *, *, #4798, .T. ) ;
#1174 = CARTESIAN_POINT ( 'NONE',  ( 23.82499999999999929, -1.419999999999994156, -20.00000000000000000 ) ) ;
#1175 = CARTESIAN_POINT ( 'NONE',  ( 29.84497956991503642, -1.409784739575005164, 6.795107630212505967 ) ) ;
#1176 = AXIS2_PLACEMENT_3D ( 'NONE', #109, #5187, #1476 ) ;
#1177 = CARTESIAN_POINT ( 'NONE',  ( -25.62500000000000355, -4.813145750507622722, -14.34314575050761320 ) ) ;
#1178 = CARTESIAN_POINT ( 'NONE',  ( -10.64253508768107892, 0.4687694339480103500, 12.21830370875533056 ) ) ;
#1179 = ORIENTED_EDGE ( 'NONE', *, *, #4916, .T. ) ;
#1180 = EDGE_CURVE ( 'NONE', #1748, #4516, #5447, .T. ) ;
#1181 = CARTESIAN_POINT ( 'NONE',  ( -28.62500000000001776, -23.00000000000001066, 8.000000000000000000 ) ) ;
#1182 = ADVANCED_FACE ( 'NONE', ( #5137 ), #92, .F. ) ;
#1183 = CARTESIAN_POINT ( 'NONE',  ( -25.62500000000000000, -4.619999999999989448, -20.00000000000000000 ) ) ;
#1184 = DIRECTION ( 'NONE',  ( 3.469446951953613203E-16, -1.000000000000000000, -9.860761315262647568E-32 ) ) ;
#1185 = DIRECTION ( 'NONE',  ( 0.000000000000000000, -3.227392513445226657E-15, 1.000000000000000000 ) ) ;
#1186 = EDGE_LOOP ( 'NONE', ( #713, #3776, #2860, #4017 ) ) ;
#1187 = ORIENTED_EDGE ( 'NONE', *, *, #5363, .T. ) ;
#1188 = ORIENTED_EDGE ( 'NONE', *, *, #1738, .F. ) ;
#1189 = ADVANCED_FACE ( 'NONE', ( #3705 ), #3235, .T. ) ;
#1190 = CARTESIAN_POINT ( 'NONE',  ( -22.62500000000002842, -41.46999999999992781, -14.00000000000000178 ) ) ;
#1191 = LINE ( 'NONE', #1602, #1823 ) ;
#1192 = CARTESIAN_POINT ( 'NONE',  ( -28.32500000000000639, -3.839565217391295526, -30.59657183213385778 ) ) ;
#1193 = CARTESIAN_POINT ( 'NONE',  ( 28.62500000000000355, -2.999999999999988898, 0.000000000000000000 ) ) ;
#1194 = CARTESIAN_POINT ( 'NONE',  ( 25.62500000000000355, -4.813145750507622722, -14.34314575050761320 ) ) ;
#1195 = ORIENTED_EDGE ( 'NONE', *, *, #5773, .F. ) ;
#1196 = EDGE_CURVE ( 'NONE', #2967, #2753, #1137, .T. ) ;
#1197 = CARTESIAN_POINT ( 'NONE',  ( -30.73768568794501377, -18.46999999999998820, -20.00000000000000000 ) ) ;
#1198 = CARTESIAN_POINT ( 'NONE',  ( -30.57294534432827149, -22.26174789523331299, 6.523495790466716571 ) ) ;
#1199 = CARTESIAN_POINT ( 'NONE',  ( 8.485281374238574870, -23.99999999999999645, 7.000000000000000000 ) ) ;
#1200 = DIRECTION ( 'NONE',  ( 0.000000000000000000, 1.000000000000000000, 0.000000000000000000 ) ) ;
#1201 = EDGE_LOOP ( 'NONE', ( #1375, #3118 ) ) ;
#1202 = ORIENTED_EDGE ( 'NONE', *, *, #2659, .F. ) ;
#1203 = DIRECTION ( 'NONE',  ( -1.000000000000000000, -3.061616997868382648E-16, 0.000000000000000000 ) ) ;
#1204 = DIRECTION ( 'NONE',  ( 1.000000000000000000, 6.938893903907232322E-16, 0.000000000000000000 ) ) ;
#1205 = PERSON_AND_ORGANIZATION_ROLE ( 'classification_officer' ) ;
#1206 = DIRECTION ( 'NONE',  ( -1.000000000000000000, 0.000000000000000000, 0.000000000000000000 ) ) ;
#1207 = ADVANCED_FACE ( 'NONE', ( #1908 ), #3736, .F. ) ;
#1208 = ORIENTED_EDGE ( 'NONE', *, *, #1647, .T. ) ;
#1209 = AXIS2_PLACEMENT_3D ( 'NONE', #5911, #4028, #5883 ) ;
#1210 = LINE ( 'NONE', #3523, #2596 ) ;
#1211 = CARTESIAN_POINT ( 'NONE',  ( 28.62500000000001421, -23.99999999999999289, 8.000000000000000000 ) ) ;
#1212 = CARTESIAN_POINT ( 'NONE',  ( -30.62500000000000711, -8.320000000000014495, -12.00000000000000000 ) ) ;
#1213 = CARTESIAN_POINT ( 'NONE',  ( 2.684678751731757629, 0.1000000000000013239, 16.54999999999999716 ) ) ;
#1214 = ORIENTED_EDGE ( 'NONE', *, *, #3306, .T. ) ;
#1215 = LOCAL_TIME ( 10, 36, 4.000000000000000000, #4276 ) ;
#1216 = ORIENTED_EDGE ( 'NONE', *, *, #3534, .F. ) ;
#1217 = EDGE_LOOP ( 'NONE', ( #3160, #1087 ) ) ;
#1218 = DIRECTION ( 'NONE',  ( 1.000000000000000000, 0.000000000000000000, 0.000000000000000000 ) ) ;
#1219 = CYLINDRICAL_SURFACE ( 'NONE', #5452, 1.999999999999998224 ) ;
#1220 = CARTESIAN_POINT ( 'NONE',  ( 28.62500000000001421, -22.96999999999998465, -20.00000000000000000 ) ) ;
#1221 = B_SPLINE_CURVE_WITH_KNOTS ( 'NONE', 3,
 ( #4850, #251, #3953, #3411, #1166, #4817, #4368, #2581, #4746, #2097, #5747, #644 ),
 .UNSPECIFIED., .F., .F.,
 ( 4, 2, 2, 2, 2, 4 ),
 ( 3.469446951953614189E-18, 0.0003848779396954726340, 0.0007697558793909417985, 0.001539511758781877959, 0.002309267638172814770, 0.003079023517563751148 ),
 .UNSPECIFIED. ) ;
#1222 = CARTESIAN_POINT ( 'NONE',  ( 23.82500000000000284, -5.369999999999993889, -29.74884608556315158 ) ) ;
#1223 = DIRECTION ( 'NONE',  ( -0.5000000000000049960, -0.8660254037844357100, -0.000000000000000000 ) ) ;
#1224 = EDGE_CURVE ( 'NONE', #1961, #4390, #4713, .T. ) ;
#1225 = ADVANCED_FACE ( 'NONE', ( #1404, #950 ), #4235, .T. ) ;
#1226 = ORIENTED_EDGE ( 'NONE', *, *, #1578, .T. ) ;
#1227 = PLANE ( 'NONE',  #1339 ) ;
#1228 = CARTESIAN_POINT ( 'NONE',  ( -25.62500000000000711, -18.46999999999999176, -20.00000000000000000 ) ) ;
#1229 = DIRECTION ( 'NONE',  ( 0.000000000000000000, 1.000000000000000000, 0.000000000000000000 ) ) ;
#1230 = CARTESIAN_POINT ( 'NONE',  ( -8.485281374238560659, -23.00000000000000000, 8.000000000000000000 ) ) ;
#1231 = EDGE_CURVE ( 'NONE', #2141, #54, #1943, .T. ) ;
#1232 = VERTEX_POINT ( 'NONE', #4606 ) ;
#1233 = ORIENTED_EDGE ( 'NONE', *, *, #1437, .T. ) ;
#1234 = DIRECTION ( 'NONE',  ( 1.000000000000000000, -0.000000000000000000, -0.000000000000000000 ) ) ;
#1235 = CARTESIAN_POINT ( 'NONE',  ( 28.75590116331779456, -0.9999999999999887867, 6.999999999983565147 ) ) ;
#1236 = PERSON_AND_ORGANIZATION ( #217, #3038 ) ;
#1237 = CIRCLE ( 'NONE', #3801, 1.049999999999998934 ) ;
#1238 = FACE_OUTER_BOUND ( 'NONE', #3804, .T. ) ;
#1239 = AXIS2_PLACEMENT_3D ( 'NONE', #5007, #4613, #3665 ) ;
#1240 = AXIS2_PLACEMENT_3D ( 'NONE', #1956, #5597, #5184 ) ;
#1241 = EDGE_LOOP ( 'NONE', ( #4149, #5228, #638, #4768 ) ) ;
#1242 = CARTESIAN_POINT ( 'NONE',  ( -17.62500000000000000, -1.000000000000007772, 0.000000000000000000 ) ) ;
#1243 = DIRECTION ( 'NONE',  ( -6.938893903907231336E-16, 1.000000000000000000, 0.000000000000000000 ) ) ;
#1244 = CARTESIAN_POINT ( 'NONE',  ( -30.62500000000000711, -10.46999999999998820, -20.00000000000000000 ) ) ;
#1245 = VECTOR ( 'NONE', #5868, 1000.000000000000000 ) ;
#1246 = AXIS2_PLACEMENT_3D ( 'NONE', #5769, #5321, #768 ) ;
#1247 = DIRECTION ( 'NONE',  ( 1.000000000000000000, 0.000000000000000000, 0.000000000000000000 ) ) ;
#1248 = EDGE_LOOP ( 'NONE', ( #5048, #4302 ) ) ;
#1249 = AXIS2_PLACEMENT_3D ( 'NONE', #1735, #1286, #3120 ) ;
#1250 = ORIENTED_EDGE ( 'NONE', *, *, #4822, .F. ) ;
#1251 = AXIS2_PLACEMENT_3D ( 'NONE', #3750, #4274, #2015 ) ;
#1252 = ORIENTED_EDGE ( 'NONE', *, *, #2820, .F. ) ;
#1253 = CARTESIAN_POINT ( 'NONE',  ( 28.32500000000000995, -10.46999999999998998, -20.00000000000000000 ) ) ;
#1254 = CIRCLE ( 'NONE', #2014, 3.099999999999998757 ) ;
#1255 = FACE_OUTER_BOUND ( 'NONE', #5788, .T. ) ;
#1256 = CARTESIAN_POINT ( 'NONE',  ( -28.62500000000001776, -24.00000000000000711, 0.000000000000000000 ) ) ;
#1257 = PLANE ( 'NONE',  #4498 ) ;
#1258 = TOROIDAL_SURFACE ( 'NONE', #4885, 20.49999999999993605, 2.000000000000000000 ) ;
#1259 = TOROIDAL_SURFACE ( 'NONE', #4300, 1064.681666666833962, 2.000000000000000000 ) ;
#1260 = ORIENTED_EDGE ( 'NONE', *, *, #4420, .F. ) ;
#1261 = EDGE_CURVE ( 'NONE', #5768, #484, #1438, .T. ) ;
#1262 = CARTESIAN_POINT ( 'NONE',  ( 22.62500000000002842, -41.46999999999992781, -14.00000000000000178 ) ) ;
#1263 = CARTESIAN_POINT ( 'NONE',  ( 25.62500000000000711, -18.46999999999999176, -20.00000000000000000 ) ) ;
#1264 = EDGE_CURVE ( 'NONE', #895, #3395, #3449, .T. ) ;
#1265 = DIRECTION ( 'NONE',  ( 1.000000000000000000, 6.938893903907232322E-16, 0.000000000000000000 ) ) ;
#1266 = FACE_BOUND ( 'NONE', #4429, .T. ) ;
#1267 = EDGE_LOOP ( 'NONE', ( #4207, #3887 ) ) ;
#1268 = ORIENTED_EDGE ( 'NONE', *, *, #581, .T. ) ;
#1269 = CARTESIAN_POINT ( 'NONE',  ( 30.62500000000001066, -20.61999999999999034, -20.00000000000000000 ) ) ;
#1270 = CARTESIAN_POINT ( 'NONE',  ( 29.01498141954120058, -1.025939188151217873, 7.974060811848749708 ) ) ;
#1271 = EDGE_CURVE ( 'NONE', #370, #5603, #958, .T. ) ;
#1272 = DIRECTION ( 'NONE',  ( 0.000000000000000000, 1.000000000000000000, 0.000000000000000000 ) ) ;
#1273 = CIRCLE ( 'NONE', #2326, 10.49999999999999822 ) ;
#1274 = ORIENTED_EDGE ( 'NONE', *, *, #3845, .T. ) ;
#1275 = AXIS2_PLACEMENT_3D ( 'NONE', #481, #5912, #5516 ) ;
#1276 = CARTESIAN_POINT ( 'NONE',  ( 30.73768568794501377, -18.46999999999998820, -20.00000000000000000 ) ) ;
#1277 = CARTESIAN_POINT ( 'NONE',  ( -30.62500000000000000, 0.03000000000001265543, 0.000000000000000000 ) ) ;
#1278 = EDGE_CURVE ( 'NONE', #4292, #1748, #1643, .T. ) ;
#1279 = CARTESIAN_POINT ( 'NONE',  ( 23.82500000000000284, -5.863145750507623433, -14.34314575050761320 ) ) ;
#1280 = CARTESIAN_POINT ( 'NONE',  ( 10.50000000000000000, 0.1000000000000011297, 13.44999999999999929 ) ) ;
#1281 = EDGE_LOOP ( 'NONE', ( #114, #5864, #91, #1656 ) ) ;
#1282 = AXIS2_PLACEMENT_3D ( 'NONE', #5735, #2472, #4289 ) ;
#1283 = ORIENTED_EDGE ( 'NONE', *, *, #3237, .T. ) ;
#1284 = ORIENTED_EDGE ( 'NONE', *, *, #5554, .T. ) ;
#1285 = ADVANCED_FACE ( 'NONE', ( #2958 ), #1219, .T. ) ;
#1286 = DIRECTION ( 'NONE',  ( 3.066914432666178839E-16, -1.000000000000000000, -0.000000000000000000 ) ) ;
#1287 = CARTESIAN_POINT ( 'NONE',  ( 2.684678751731757629, 0.1000000000000009909, 13.44999999999999929 ) ) ;
#1288 = ORIENTED_EDGE ( 'NONE', *, *, #5727, .T. ) ;
#1289 = ORIENTED_EDGE ( 'NONE', *, *, #1042, .T. ) ;
#1290 = ADVANCED_FACE ( 'NONE', ( #770 ), #1125, .F. ) ;
#1291 = CARTESIAN_POINT ( 'NONE',  ( -25.62500000000000355, -6.963145750507620413, -14.34314575050761320 ) ) ;
#1292 = DIRECTION ( 'NONE',  ( 1.000000000000000000, 0.000000000000000000, 0.000000000000000000 ) ) ;
#1293 = DIRECTION ( 'NONE',  ( -1.000000000000000000, 0.000000000000000000, 0.000000000000000000 ) ) ;
#1294 = LINE ( 'NONE', #5332, #5054 ) ;
#1295 = EDGE_CURVE ( 'NONE', #3564, #5312, #1191, .T. ) ;
#1296 = CARTESIAN_POINT ( 'NONE',  ( -11.00000000000000000, 2.900000000000002576, 15.00000000000000000 ) ) ;
#1297 = ORIENTED_EDGE ( 'NONE', *, *, #3032, .F. ) ;
#1298 = VERTEX_POINT ( 'NONE', #1160 ) ;
#1299 = CARTESIAN_POINT ( 'NONE',  ( -8.485281374238569541, 2.499999999999974243, 8.000000000000000000 ) ) ;
#1300 = CARTESIAN_POINT ( 'NONE',  ( -30.62500000000000711, -3.000000000000005773, 6.000000000000000000 ) ) ;
#1301 = DIRECTION ( 'NONE',  ( 1.000000000000000000, -6.938893903907232322E-16, -0.000000000000000000 ) ) ;
#1302 = EDGE_CURVE ( 'NONE', #2042, #1402, #2875, .T. ) ;
#1303 = EDGE_CURVE ( 'NONE', #213, #2579, #2455, .T. ) ;
#1304 = VERTEX_POINT ( 'NONE', #283 ) ;
#1305 = CARTESIAN_POINT ( 'NONE',  ( -25.62500000000000000, -0.3199999999999934563, -20.00000000000000000 ) ) ;
#1306 = CARTESIAN_POINT ( 'NONE',  ( -10.63766891757775745, 0.1000000000000014627, 17.80000000000000426 ) ) ;
#1307 = DIRECTION ( 'NONE',  ( 1.000000000000000000, 6.938893903907228378E-16, -0.000000000000000000 ) ) ;
#1308 = DIRECTION ( 'NONE',  ( -6.938893903907232322E-16, 1.000000000000000000, 0.000000000000000000 ) ) ;
#1309 = ORIENTED_EDGE ( 'NONE', *, *, #3614, .F. ) ;
#1310 = EDGE_CURVE ( 'NONE', #3086, #2107, #2129, .T. ) ;
#1311 = VERTEX_POINT ( 'NONE', #5770 ) ;
#1312 = ORIENTED_EDGE ( 'NONE', *, *, #3510, .T. ) ;
#1313 = CARTESIAN_POINT ( 'NONE',  ( 19.86246334401259617, -0.9925306244617727591, -0.5164992561280628003 ) ) ;
#1314 = AXIS2_PLACEMENT_3D ( 'NONE', #5575, #5628, #970 ) ;
#1315 = DIRECTION ( 'NONE',  ( 0.000000000000000000, -1.000000000000000000, 0.000000000000000000 ) ) ;
#1316 = ORIENTED_EDGE ( 'NONE', *, *, #2407, .T. ) ;
#1317 = EDGE_CURVE ( 'NONE', #4869, #1232, #4114, .T. ) ;
#1318 = VERTEX_POINT ( 'NONE', #5258 ) ;
#1319 = CARTESIAN_POINT ( 'NONE',  ( -21.62083941555751210, -0.8855151398233751525, -1.976389336214774639 ) ) ;
#1320 = CARTESIAN_POINT ( 'NONE',  ( 11.18732520091240268, -0.9999999999999952260, 7.000000000000000000 ) ) ;
#1321 = DIRECTION ( 'NONE',  ( 0.000000000000000000, -1.000000000000000000, 0.000000000000000000 ) ) ;
#1322 = DIRECTION ( 'NONE',  ( 0.000000000000000000, 1.000000000000000000, 0.000000000000000000 ) ) ;
#1323 = LINE ( 'NONE', #722, #4982 ) ;
#1324 = ORIENTED_EDGE ( 'NONE', *, *, #1196, .F. ) ;
#1325 = VERTEX_POINT ( 'NONE', #1676 ) ;
#1326 = CARTESIAN_POINT ( 'NONE',  ( 10.24763258012649381, -0.3420201433256683798, 7.000000000000000000 ) ) ;
#1327 = CARTESIAN_POINT ( 'NONE',  ( -29.37263398995435537, -1.121685122913735899, 7.878314877086240564 ) ) ;
#1328 = DIRECTION ( 'NONE',  ( 0.000000000000000000, -3.227392513445226657E-15, 1.000000000000000000 ) ) ;
#1329 = ORIENTED_EDGE ( 'NONE', *, *, #5546, .F. ) ;
#1330 = CARTESIAN_POINT ( 'NONE',  ( 28.62500000000001421, -22.96999999999998820, -14.00000000000000000 ) ) ;
#1331 = DIRECTION ( 'NONE',  ( 1.000000000000000000, -6.938893903907232322E-16, -0.000000000000000000 ) ) ;
#1332 = LINE ( 'NONE', #2327, #4524 ) ;
#1333 = EDGE_CURVE ( 'NONE', #5797, #538, #278, .T. ) ;
#1334 = DIRECTION ( 'NONE',  ( -6.836348673800225775E-16, 1.000000000000000000, 0.000000000000000000 ) ) ;
#1335 = CIRCLE ( 'NONE', #4394, 1.000000000000000888 ) ;
#1336 = ORIENTED_EDGE ( 'NONE', *, *, #4044, .F. ) ;
#1337 = AXIS2_PLACEMENT_3D ( 'NONE', #611, #2452, #3911 ) ;
#1338 = ORIENTED_EDGE ( 'NONE', *, *, #2155, .T. ) ;
#1339 = AXIS2_PLACEMENT_3D ( 'NONE', #4879, #777, #2615 ) ;
#1340 = CARTESIAN_POINT ( 'NONE',  ( 22.50419857825737679, -0.5422138156709973567, -3.895959192725529263 ) ) ;
#1341 = CIRCLE ( 'NONE', #5156, 2.149999999999997247 ) ;
#1342 = ADVANCED_FACE ( 'NONE', ( #4810 ), #2996, .T. ) ;
#1343 = FACE_OUTER_BOUND ( 'NONE', #2385, .T. ) ;
#1344 = ORIENTED_EDGE ( 'NONE', *, *, #5889, .T. ) ;
#1345 = B_SPLINE_CURVE_WITH_KNOTS ( 'NONE', 3,
 ( #1939, #515, #5583, #2991, #762, #2603, #1568, #5666, #5289, #4387, #2951, #1121, #5764, #3940, #1696, #3400, #2570, #3901, #2539, #2922, #1637, #4767, #4835, #1213 ),
 .UNSPECIFIED., .F., .F.,
 ( 4, 2, 2, 2, 2, 2, 2, 2, 2, 2, 2, 4 ),
 ( 1.355252715606880543E-20, 0.0003081203255972065833, 0.0006162406511944131665, 0.001232481302388826984, 0.001848721953583240801, 0.002156842279180447818, 0.002464962604777654401, 0.003081203255972078843, 0.003389323581569288462, 0.003697443907166498515, 0.004313684558360925993, 0.004929925209555353904 ),
 .UNSPECIFIED. ) ;
#1346 = VECTOR ( 'NONE', #238, 1000.000000000000000 ) ;
#1347 = AXIS2_PLACEMENT_3D ( 'NONE', #4802, #3466, #2601 ) ;
#1348 = ORIENTED_EDGE ( 'NONE', *, *, #1026, .F. ) ;
#1349 = DIRECTION ( 'NONE',  ( 0.000000000000000000, 1.000000000000000000, 0.000000000000000000 ) ) ;
#1350 = CARTESIAN_POINT ( 'NONE',  ( -23.82499999999999929, -0.3199999999999917355, -20.00000000000000000 ) ) ;
#1351 = EDGE_CURVE ( 'NONE', #151, #4073, #1050, .T. ) ;
#1352 = VECTOR ( 'NONE', #531, 1000.000000000000000 ) ;
#1353 = DIRECTION ( 'NONE',  ( 1.000000000000000000, 0.000000000000000000, -3.469446951953614189E-15 ) ) ;
#1354 = DIRECTION ( 'NONE',  ( 0.000000000000000000, 1.000000000000000000, 0.000000000000000000 ) ) ;
#1355 = AXIS2_PLACEMENT_3D ( 'NONE', #752, #5278, #265 ) ;
#1356 = FACE_OUTER_BOUND ( 'NONE', #1527, .T. ) ;
#1357 = ORIENTED_EDGE ( 'NONE', *, *, #138, .T. ) ;
#1358 = EDGE_LOOP ( 'NONE', ( #1371, #5381, #1329, #4855 ) ) ;
#1359 = CARTESIAN_POINT ( 'NONE',  ( -8.312518189193864870, 4.799234614174803681, 0.000000000000000000 ) ) ;
#1360 = LINE ( 'NONE', #5008, #4285 ) ;
#1361 = DIRECTION ( 'NONE',  ( 3.469446951953612217E-16, -1.000000000000000000, 0.000000000000000000 ) ) ;
#1362 = EDGE_LOOP ( 'NONE', ( #4137, #1164, #4652, #4740 ) ) ;
#1363 = LINE ( 'NONE', #4986, #2312 ) ;
#1364 = DIRECTION ( 'NONE',  ( -1.000000000000000000, -3.154042683594194627E-16, 0.000000000000000000 ) ) ;
#1365 = CIRCLE ( 'NONE', #1067, 1.000000000000000888 ) ;
#1366 = DIRECTION ( 'NONE',  ( -6.938893903907232322E-16, 1.000000000000000000, 0.000000000000000000 ) ) ;
#1367 = DIRECTION ( 'NONE',  ( -1.000000000000000000, 0.000000000000000000, 0.000000000000000000 ) ) ;
#1368 = AXIS2_PLACEMENT_3D ( 'NONE', #3423, #4754, #3391 ) ;
#1369 = ADVANCED_FACE ( 'NONE', ( #4741, #4295 ), #184, .T. ) ;
#1370 = EDGE_CURVE ( 'NONE', #3992, #3492, #2546, .T. ) ;
#1371 = ORIENTED_EDGE ( 'NONE', *, *, #3977, .F. ) ;
#1372 = ORIENTED_EDGE ( 'NONE', *, *, #965, .T. ) ;
#1373 = LINE ( 'NONE', #1423, #3347 ) ;
#1374 = CARTESIAN_POINT ( 'NONE',  ( -10.99540879220293377, -2.682127219860767298, 14.63418824271981222 ) ) ;
#1375 = ORIENTED_EDGE ( 'NONE', *, *, #3170, .T. ) ;
#1376 = ORIENTED_EDGE ( 'NONE', *, *, #1889, .F. ) ;
#1377 = CARTESIAN_POINT ( 'NONE',  ( 8.485281374238565988, 4.499999999999976019, -4.067564042545842997E-31 ) ) ;
#1378 = CARTESIAN_POINT ( 'NONE',  ( 30.62499999999998934, 15.77854679802961968, 6.000000000000000000 ) ) ;
#1379 = DIRECTION ( 'NONE',  ( 0.000000000000000000, 0.000000000000000000, -1.000000000000000000 ) ) ;
#1380 = CARTESIAN_POINT ( 'NONE',  ( -22.62500000000001421, -23.97000000000004860, -7.999999999999653610 ) ) ;
#1381 = AXIS2_PLACEMENT_3D ( 'NONE', #1703, #3406, #5226 ) ;
#1382 = EDGE_CURVE ( 'NONE', #3904, #2107, #4298, .T. ) ;
#1383 = CARTESIAN_POINT ( 'NONE',  ( 1.530808498934192064E-16, 7.100000000000001421, 15.00000000000000000 ) ) ;
#1384 = ORIENTED_EDGE ( 'NONE', *, *, #3345, .F. ) ;
#1385 = DIRECTION ( 'NONE',  ( 1.000000000000000000, -6.938893903907229364E-16, -9.860761315262647568E-32 ) ) ;
#1386 = CARTESIAN_POINT ( 'NONE',  ( -30.62500000000000711, -3.000000000000005773, 6.000000000000000000 ) ) ;
#1387 = CARTESIAN_POINT ( 'NONE',  ( 28.62500000000000000, -0.5314625549852352027, -9.732328021759094838 ) ) ;
#1388 = CIRCLE ( 'NONE', #2541, 1.000000000000000888 ) ;
#1389 = ADVANCED_FACE ( 'NONE', ( #1393, #4460 ), #480, .T. ) ;
#1390 = VERTEX_POINT ( 'NONE', #5940 ) ;
#1391 = DIRECTION ( 'NONE',  ( 1.000000000000000000, -6.938893903907232322E-16, -0.000000000000000000 ) ) ;
#1392 = DIRECTION ( 'NONE',  ( 0.000000000000000000, -0.7071067811865511255, 0.7071067811865437980 ) ) ;
#1393 = FACE_BOUND ( 'NONE', #4310, .T. ) ;
#1394 = DIRECTION ( 'NONE',  ( -1.000000000000000000, -6.938893903907232322E-16, -0.000000000000000000 ) ) ;
#1395 = LINE ( 'NONE', #533, #4432 ) ;
#1396 = VERTEX_POINT ( 'NONE', #2770 ) ;
#1397 = ORIENTED_EDGE ( 'NONE', *, *, #4690, .F. ) ;
#1398 = DIRECTION ( 'NONE',  ( 3.469446951953613696E-16, -1.000000000000000000, 9.860761315262647568E-32 ) ) ;
#1399 = DIRECTION ( 'NONE',  ( -0.000000000000000000, 0.000000000000000000, -1.000000000000000000 ) ) ;
#1400 = EDGE_LOOP ( 'NONE', ( #4977, #4426, #2754, #559, #4198, #5902, #3131, #863, #3428, #1260, #2777, #5454, #857, #3743, #3138 ) ) ;
#1401 = AXIS2_PLACEMENT_3D ( 'NONE', #3619, #420, #1367 ) ;
#1402 = VERTEX_POINT ( 'NONE', #5489 ) ;
#1403 = CIRCLE ( 'NONE', #2558, 1.000000000000000888 ) ;
#1404 = FACE_OUTER_BOUND ( 'NONE', #1863, .T. ) ;
#1405 = DIRECTION ( 'NONE',  ( -8.326672684688676025E-16, 1.000000000000000000, 0.000000000000000000 ) ) ;
#1406 = DIRECTION ( 'NONE',  ( 3.469446951953613696E-16, -1.000000000000000000, 9.860761315262647568E-32 ) ) ;
#1407 = ADVANCED_FACE ( 'NONE', ( #5015 ), #3672, .F. ) ;
#1408 = EDGE_CURVE ( 'NONE', #2540, #236, #342, .T. ) ;
#1409 = FACE_BOUND ( 'NONE', #4889, .T. ) ;
#1410 = CARTESIAN_POINT ( 'NONE',  ( -22.45795089236790787, -23.99356695165592512, -3.707914334967535641 ) ) ;
#1411 = ORIENTED_EDGE ( 'NONE', *, *, #656, .T. ) ;
#1412 = LINE ( 'NONE', #2261, #2591 ) ;
#1413 = CARTESIAN_POINT ( 'NONE',  ( -29.51130239515460829, -1.202334071852014352, 6.898832964073957186 ) ) ;
#1414 = DIRECTION ( 'NONE',  ( -0.000000000000000000, 1.000000000000000000, -0.000000000000000000 ) ) ;
#1415 = EDGE_CURVE ( 'NONE', #3791, #4992, #1526, .T. ) ;
#1416 = ORIENTED_EDGE ( 'NONE', *, *, #2660, .T. ) ;
#1417 = DIRECTION ( 'NONE',  ( 0.000000000000000000, -1.000000000000000000, 0.000000000000000000 ) ) ;
#1418 = DIRECTION ( 'NONE',  ( 3.469446951953613203E-16, -1.000000000000000000, -9.860761315262647568E-32 ) ) ;
#1419 = CARTESIAN_POINT ( 'NONE',  ( -10.50600731640227714, -1.000000000000011768, 7.000000000000000000 ) ) ;
#1420 = DIRECTION ( 'NONE',  ( 1.000000000000000000, 0.000000000000000000, 0.000000000000000000 ) ) ;
#1421 = VERTEX_POINT ( 'NONE', #801 ) ;
#1422 = ORIENTED_EDGE ( 'NONE', *, *, #2982, .F. ) ;
#1423 = CARTESIAN_POINT ( 'NONE',  ( -12.23805812397114856, -1.000000000000002442, 0.000000000000000000 ) ) ;
#1424 = AXIS2_PLACEMENT_3D ( 'NONE', #4045, #1322, #3156 ) ;
#1425 = DIRECTION ( 'NONE',  ( 1.000000000000000000, 8.239936510889833698E-14, 0.000000000000000000 ) ) ;
#1426 = ORIENTED_EDGE ( 'NONE', *, *, #1116, .F. ) ;
#1427 = VECTOR ( 'NONE', #545, 1000.000000000000000 ) ;
#1428 = AXIS2_PLACEMENT_3D ( 'NONE', #5055, #3740, #3188 ) ;
#1429 = CIRCLE ( 'NONE', #2387, 2.149999999999999023 ) ;
#1430 = DIRECTION ( 'NONE',  ( -1.000000000000000000, -2.478176394252583113E-16, 0.000000000000000000 ) ) ;
#1431 = CARTESIAN_POINT ( 'NONE',  ( 30.73768568794501377, -19.51999999999998892, -20.00000000000000000 ) ) ;
#1432 = CYLINDRICAL_SURFACE ( 'NONE', #809, 1.000000000000001554 ) ;
#1433 = AXIS2_PLACEMENT_3D ( 'NONE', #5416, #1794, #1349 ) ;
#1434 = DIRECTION ( 'NONE',  ( -3.061616997868382648E-16, 1.000000000000000000, 0.000000000000000000 ) ) ;
#1435 = AXIS2_PLACEMENT_3D ( 'NONE', #368, #5917, #3680 ) ;
#1436 = CARTESIAN_POINT ( 'NONE',  ( 28.62500000000000000, -1.999999999999990008, 8.000000000000000000 ) ) ;
#1437 = EDGE_CURVE ( 'NONE', #4007, #2247, #4594, .T. ) ;
#1438 = CIRCLE ( 'NONE', #74, 1.049999999999998490 ) ;
#1439 = EDGE_CURVE ( 'NONE', #1571, #4189, #4406, .T. ) ;
#1440 = ORIENTED_EDGE ( 'NONE', *, *, #1070, .T. ) ;
#1441 = VECTOR ( 'NONE', #1391, 1000.000000000000000 ) ;
#1442 = CYLINDRICAL_SURFACE ( 'NONE', #3444, 11.00000000000000000 ) ;
#1443 = CARTESIAN_POINT ( 'NONE',  ( -30.73768568794499956, -2.469999999999987761, -20.00000000000000000 ) ) ;
#1444 = CARTESIAN_POINT ( 'NONE',  ( -5.999999999999991118, -26.20000000000000284, 14.99999999999994849 ) ) ;
#1445 = AXIS2_PLACEMENT_3D ( 'NONE', #3163, #1361, #961 ) ;
#1446 = CIRCLE ( 'NONE', #2983, 16.77854679802959836 ) ;
#1447 = EDGE_CURVE ( 'NONE', #5221, #1396, #2295, .T. ) ;
#1448 = ORIENTED_EDGE ( 'NONE', *, *, #5908, .T. ) ;
#1449 = DIRECTION ( 'NONE',  ( 0.000000000000000000, 1.000000000000000000, 0.000000000000000000 ) ) ;
#1450 = DIRECTION ( 'NONE',  ( -1.000000000000000000, -6.938893903907232322E-16, -0.000000000000000000 ) ) ;
#1451 = FACE_OUTER_BOUND ( 'NONE', #3040, .T. ) ;
#1452 = CARTESIAN_POINT ( 'NONE',  ( 25.62500000000000711, -8.320000000000019824, -12.00000000000000000 ) ) ;
#1453 = ADVANCED_FACE ( 'NONE', ( #1255 ), #4112, .T. ) ;
#1454 = EDGE_LOOP ( 'NONE', ( #1138, #118, #4796, #5852 ) ) ;
#1455 = ORIENTED_EDGE ( 'NONE', *, *, #1143, .F. ) ;
#1456 = LINE ( 'NONE', #4708, #2871 ) ;
#1457 = DIRECTION ( 'NONE',  ( -1.000000000000000000, -6.938893903907228378E-16, 0.000000000000000000 ) ) ;
#1458 = ORIENTED_EDGE ( 'NONE', *, *, #1447, .T. ) ;
#1459 = CIRCLE ( 'NONE', #5473, 2.149999999999999023 ) ;
#1460 = ORIENTED_EDGE ( 'NONE', *, *, #1102, .T. ) ;
#1461 = AXIS2_PLACEMENT_3D ( 'NONE', #1419, #3722, #971 ) ;
#1462 = CARTESIAN_POINT ( 'NONE',  ( -22.62499999999927525, 1042.681666666833962, 0.000000000000000000 ) ) ;
#1463 = DIRECTION ( 'NONE',  ( 1.000000000000000000, -6.938893903907230350E-16, -1.972152263052529514E-31 ) ) ;
#1464 = CYLINDRICAL_SURFACE ( 'NONE', #2640, 1.000000000000000000 ) ;
#1465 = DIRECTION ( 'NONE',  ( 1.000000000000000000, 6.938893903907232322E-16, 0.000000000000000000 ) ) ;
#1466 = CARTESIAN_POINT ( 'NONE',  ( -30.73768568794499956, -3.519999999999986251, -20.00000000000000000 ) ) ;
#1467 = ORIENTED_EDGE ( 'NONE', *, *, #4447, .F. ) ;
#1468 = DIRECTION ( 'NONE',  ( -0.5000000000000051070, -0.8660254037844358210, 0.000000000000000000 ) ) ;
#1469 = CARTESIAN_POINT ( 'NONE',  ( 22.36751493807742364, -23.99467749724147936, -3.383067488637446552 ) ) ;
#1470 = CARTESIAN_POINT ( 'NONE',  ( -28.62500000000003197, -41.46999999999992070, -14.00000000000000178 ) ) ;
#1471 = EDGE_CURVE ( 'NONE', #2649, #4623, #3821, .T. ) ;
#1472 = ORIENTED_EDGE ( 'NONE', *, *, #636, .T. ) ;
#1473 = CARTESIAN_POINT ( 'NONE',  ( 2.690812283507217462, -0.1071600364049975773, 16.53950401668835823 ) ) ;
#1474 = DIRECTION ( 'NONE',  ( -1.000000000000000000, -6.938893903907232322E-16, -0.000000000000000000 ) ) ;
#1475 = CYLINDRICAL_SURFACE ( 'NONE', #1786, 1066.681666666833962 ) ;
#1476 = DIRECTION ( 'NONE',  ( -1.000000000000000000, 0.000000000000000000, 0.000000000000000000 ) ) ;
#1477 = LINE ( 'NONE', #5683, #4234 ) ;
#1478 = EDGE_CURVE ( 'NONE', #5182, #5693, #3130, .T. ) ;
#1479 = EDGE_CURVE ( 'NONE', #2571, #5811, #1729, .T. ) ;
#1480 = VERTEX_POINT ( 'NONE', #1147 ) ;
#1481 = DIRECTION ( 'NONE',  ( 0.000000000000000000, 0.000000000000000000, 1.000000000000000000 ) ) ;
#1482 = CARTESIAN_POINT ( 'NONE',  ( 28.88679617165931646, -23.98710782014094534, 6.993553910070477109 ) ) ;
#1483 = CARTESIAN_POINT ( 'NONE',  ( 28.32500000000000284, -5.369999999999992113, -29.74884608556314802 ) ) ;
#1484 = CARTESIAN_POINT ( 'NONE',  ( -30.57257802840846495, -22.49538623572820484, -7.753247557696425929 ) ) ;
#1485 = ORIENTED_EDGE ( 'NONE', *, *, #1370, .T. ) ;
#1486 = ADVANCED_FACE ( 'NONE', ( #4318 ), #4795, .T. ) ;
#1487 = ORIENTED_EDGE ( 'NONE', *, *, #4404, .F. ) ;
#1488 = LINE ( 'NONE', #4262, #2970 ) ;
#1489 = CARTESIAN_POINT ( 'NONE',  ( 10.24763258012649381, -0.3420201433256687684, 0.000000000000000000 ) ) ;
#1490 = CARTESIAN_POINT ( 'NONE',  ( -30.62500000000001421, -22.00000000000001066, 8.000000000000000000 ) ) ;
#1491 = CARTESIAN_POINT ( 'NONE',  ( 28.62500000000000711, -10.46999999999998998, -20.00000000000000000 ) ) ;
#1492 = ORIENTED_EDGE ( 'NONE', *, *, #3109, .F. ) ;
#1493 = CIRCLE ( 'NONE', #237, 2.149999999999997247 ) ;
#1494 = DIRECTION ( 'NONE',  ( 1.000000000000000000, -6.938893903907232322E-16, -0.000000000000000000 ) ) ;
#1495 = CARTESIAN_POINT ( 'NONE',  ( 17.95513637490688552, -24.00000000000000000, -1.143494478793305150E-17 ) ) ;
#1496 = DIRECTION ( 'NONE',  ( 1.000000000000000000, -6.938893903907232322E-16, -1.972152263052529514E-31 ) ) ;
#1497 = ORIENTED_EDGE ( 'NONE', *, *, #1698, .T. ) ;
#1498 = CARTESIAN_POINT ( 'NONE',  ( 22.62500000000001421, -20.61999999999999389, -22.81558164506022024 ) ) ;
#1499 = FACE_OUTER_BOUND ( 'NONE', #975, .T. ) ;
#1500 = CARTESIAN_POINT ( 'NONE',  ( -25.62500000000000711, -10.47000000000001663, -12.00000000000000000 ) ) ;
#1501 = CARTESIAN_POINT ( 'NONE',  ( -8.485281374238569541, 4.499999999999997335, 8.000000000000000000 ) ) ;
#1502 = EDGE_LOOP ( 'NONE', ( #2080, #4544, #1208, #2378 ) ) ;
#1503 = EDGE_CURVE ( 'NONE', #4896, #3684, #3262, .T. ) ;
#1504 = FACE_OUTER_BOUND ( 'NONE', #125, .T. ) ;
#1505 = EDGE_CURVE ( 'NONE', #3485, #1124, #507, .T. ) ;
#1506 = DIRECTION ( 'NONE',  ( 0.000000000000000000, 1.000000000000000000, 0.000000000000000000 ) ) ;
#1507 = LINE ( 'NONE', #4201, #4588 ) ;
#1508 = CARTESIAN_POINT ( 'NONE',  ( 4.592425496802564111E-16, 4.500000000000003553, 15.00000000000000000 ) ) ;
#1509 = ORIENTED_EDGE ( 'NONE', *, *, #2642, .F. ) ;
#1510 = ORIENTED_EDGE ( 'NONE', *, *, #2707, .F. ) ;
#1511 = EDGE_CURVE ( 'NONE', #4185, #620, #4509, .T. ) ;
#1512 = AXIS2_PLACEMENT_3D ( 'NONE', #3710, #899, #2734 ) ;
#1513 = DIRECTION ( 'NONE',  ( 1.000000000000000000, 6.938893903907232322E-16, 0.000000000000000000 ) ) ;
#1514 = CARTESIAN_POINT ( 'NONE',  ( 30.62500000000001421, -21.61999999999998678, -22.81558164506022024 ) ) ;
#1515 = PLANE ( 'NONE',  #2390 ) ;
#1516 = DIRECTION ( 'NONE',  ( 6.938893903907231336E-16, 1.000000000000000000, -0.000000000000000000 ) ) ;
#1517 = AXIS2_PLACEMENT_3D ( 'NONE', #986, #4555, #3215 ) ;
#1518 = AXIS2_PLACEMENT_3D ( 'NONE', #1194, #3031, #3951 ) ;
#1519 = ORIENTED_EDGE ( 'NONE', *, *, #921, .F. ) ;
#1520 = EDGE_CURVE ( 'NONE', #889, #1961, #1630, .T. ) ;
#1521 = DIRECTION ( 'NONE',  ( 8.326672684688676025E-16, 1.000000000000000000, 0.000000000000000000 ) ) ;
#1522 = CARTESIAN_POINT ( 'NONE',  ( -25.62500000000000711, -12.62000000000001698, -12.00000000000000000 ) ) ;
#1523 = CIRCLE ( 'NONE', #4877, 1066.681666666833962 ) ;
#1524 = DIRECTION ( 'NONE',  ( 0.000000000000000000, 0.000000000000000000, -1.000000000000000000 ) ) ;
#1525 = EDGE_LOOP ( 'NONE', ( #490, #2852, #2544, #4048 ) ) ;
#1526 = CIRCLE ( 'NONE', #4881, 2.149999999999997691 ) ;
#1527 = EDGE_LOOP ( 'NONE', ( #2628, #1357, #5317, #4698 ) ) ;
#1528 = AXIS2_PLACEMENT_3D ( 'NONE', #4473, #787, #1626 ) ;
#1529 = CARTESIAN_POINT ( 'NONE',  ( 2.845851561214582492, -0.8474157716372304749, 16.23080351219062578 ) ) ;
#1530 = CARTESIAN_POINT ( 'NONE',  ( 1.530808498934192064E-16, 7.100000000000001421, 15.00000000000000000 ) ) ;
#1531 = DIRECTION ( 'NONE',  ( -1.000000000000000000, -6.938893903907232322E-16, -0.000000000000000000 ) ) ;
#1532 = DIRECTION ( 'NONE',  ( 1.000000000000000000, -6.938893903907231336E-16, 0.000000000000000000 ) ) ;
#1533 = CIRCLE ( 'NONE', #4118, 2.000000000000000000 ) ;
#1534 = AXIS2_PLACEMENT_3D ( 'NONE', #1979, #1950, #3768 ) ;
#1535 = EDGE_CURVE ( 'NONE', #199, #5693, #4206, .T. ) ;
#1536 = ORIENTED_EDGE ( 'NONE', *, *, #4916, .F. ) ;
#1537 = ORIENTED_EDGE ( 'NONE', *, *, #3535, .F. ) ;
#1538 = CARTESIAN_POINT ( 'NONE',  ( 29.62730136216342203, -23.73566318878516768, 6.867831594392598049 ) ) ;
#1539 = DIRECTION ( 'NONE',  ( -1.241116166072645175E-16, 0.000000000000000000, -1.000000000000000000 ) ) ;
#1540 = CARTESIAN_POINT ( 'NONE',  ( -30.22673528270176035, -23.19666300235518719, -7.869404406093119420 ) ) ;
#1541 = ORIENTED_EDGE ( 'NONE', *, *, #1471, .T. ) ;
#1542 = EDGE_CURVE ( 'NONE', #3401, #1837, #1323, .T. ) ;
#1543 = EDGE_CURVE ( 'NONE', #4640, #279, #4381, .T. ) ;
#1544 = EDGE_LOOP ( 'NONE', ( #5931, #3615, #1792, #1154, #2473, #3372, #5067, #3175, #48, #1283, #4966 ) ) ;
#1545 = DIRECTION ( 'NONE',  ( 1.000000000000000000, 0.000000000000000000, 0.000000000000000000 ) ) ;
#1546 = CARTESIAN_POINT ( 'NONE',  ( -23.82500000000000284, -3.763145750507626008, -14.34314575050761320 ) ) ;
#1547 = AXIS2_PLACEMENT_3D ( 'NONE', #5138, #1463, #4607 ) ;
#1548 = CYLINDRICAL_SURFACE ( 'NONE', #1679, 2.000000000000001776 ) ;
#1549 = DIRECTION ( 'NONE',  ( 1.000000000000000000, 6.938893903907232322E-16, 0.000000000000000000 ) ) ;
#1550 = ADVANCED_FACE ( 'NONE', ( #3606 ), #5420, .T. ) ;
#1551 = AXIS2_PLACEMENT_3D ( 'NONE', #2526, #194, #5043 ) ;
#1552 = ORIENTED_EDGE ( 'NONE', *, *, #5942, .F. ) ;
#1553 = AXIS2_PLACEMENT_3D ( 'NONE', #3878, #284, #5225 ) ;
#1554 = CARTESIAN_POINT ( 'NONE',  ( -25.62500000000000000, -3.519999999999989804, -20.00000000000000000 ) ) ;
#1555 = DIRECTION ( 'NONE',  ( -1.000000000000000000, -6.938893903907232322E-16, -0.000000000000000000 ) ) ;
#1556 = DIRECTION ( 'NONE',  ( 0.000000000000000000, 1.000000000000000000, 0.000000000000000000 ) ) ;
#1557 = EDGE_CURVE ( 'NONE', #4655, #3760, #876, .T. ) ;
#1558 = ORIENTED_EDGE ( 'NONE', *, *, #617, .F. ) ;
#1559 = ORIENTED_EDGE ( 'NONE', *, *, #1557, .F. ) ;
#1560 = CARTESIAN_POINT ( 'NONE',  ( 2.730230376862911701, -0.4050737116775171009, 16.46895193373521238 ) ) ;
#1561 = FACE_OUTER_BOUND ( 'NONE', #5738, .T. ) ;
#1562 = MECHANICAL_CONTEXT ( 'NONE', #2360, 'mechanical' ) ;
#1563 = EDGE_CURVE ( 'NONE', #4533, #3547, #5901, .T. ) ;
#1564 = ORIENTED_EDGE ( 'NONE', *, *, #2915, .F. ) ;
#1565 = ORIENTED_EDGE ( 'NONE', *, *, #3032, .T. ) ;
#1566 = DIRECTION ( 'NONE',  ( 0.000000000000000000, 0.000000000000000000, 1.000000000000000000 ) ) ;
#1567 = DIRECTION ( 'NONE',  ( -3.469446951953605117E-15, 0.000000000000000000, 1.000000000000000000 ) ) ;
#1568 = CARTESIAN_POINT ( 'NONE',  ( 2.846497655606802457, 1.054984082773771759, 13.76306441734591246 ) ) ;
#1569 = ORIENTED_EDGE ( 'NONE', *, *, #5673, .T. ) ;
#1570 = EDGE_LOOP ( 'NONE', ( #373, #839, #1448, #5190, #1541, #2892, #259, #4024, #2923, #3110 ) ) ;
#1571 = VERTEX_POINT ( 'NONE', #204 ) ;
#1572 = CARTESIAN_POINT ( 'NONE',  ( -8.087290042589332373, 5.309047484701480357, 8.144382261675600532 ) ) ;
#1573 = CYLINDRICAL_SURFACE ( 'NONE', #1941, 18.49999999999993605 ) ;
#1574 = AXIS2_PLACEMENT_3D ( 'NONE', #5830, #1736, #3567 ) ;
#1575 = DIRECTION ( 'NONE',  ( 1.000000000000000000, -6.938893903907232322E-16, 0.000000000000000000 ) ) ;
#1576 = LINE ( 'NONE', #2369, #2957 ) ;
#1577 = EDGE_LOOP ( 'NONE', ( #2985, #2597, #1348, #1051 ) ) ;
#1578 = EDGE_CURVE ( 'NONE', #197, #2170, #3452, .T. ) ;
#1579 = DIRECTION ( 'NONE',  ( -1.000000000000000000, 0.000000000000000000, 0.000000000000000000 ) ) ;
#1580 = CARTESIAN_POINT ( 'NONE',  ( -29.94665351144588072, -22.75338680665018742, 7.506773613300325110 ) ) ;
#1581 = EDGE_CURVE ( 'NONE', #5453, #5768, #4758, .T. ) ;
#1582 = FACE_OUTER_BOUND ( 'NONE', #2428, .T. ) ;
#1583 = ORIENTED_EDGE ( 'NONE', *, *, #2733, .F. ) ;
#1584 = PLANE ( 'NONE',  #303 ) ;
#1585 = VERTEX_POINT ( 'NONE', #433 ) ;
#1586 = ORIENTED_EDGE ( 'NONE', *, *, #868, .F. ) ;
#1587 = CYLINDRICAL_SURFACE ( 'NONE', #3268, 1.000000000000001554 ) ;
#1588 = FACE_OUTER_BOUND ( 'NONE', #3486, .T. ) ;
#1589 = ADVANCED_FACE ( 'NONE', ( #2400 ), #929, .T. ) ;
#1590 = DIRECTION ( 'NONE',  ( 0.000000000000000000, 1.000000000000000000, 0.000000000000000000 ) ) ;
#1591 = CARTESIAN_POINT ( 'NONE',  ( -10.91118309510486206, 2.529785378271607321, 13.59648117519041755 ) ) ;
#1592 = APPROVAL_PERSON_ORGANIZATION ( #4753, #4032, #2045 ) ;
#1593 = ORIENTED_EDGE ( 'NONE', *, *, #781, .T. ) ;
#1594 = ORIENTED_EDGE ( 'NONE', *, *, #1953, .T. ) ;
#1595 = LINE ( 'NONE', #2508, #5828 ) ;
#1596 = FACE_OUTER_BOUND ( 'NONE', #2233, .T. ) ;
#1597 = CARTESIAN_POINT ( 'NONE',  ( 30.62500000000000000, -4.619999999999985008, -20.00000000000000000 ) ) ;
#1598 = ORIENTED_EDGE ( 'NONE', *, *, #3805, .T. ) ;
#1599 = EDGE_LOOP ( 'NONE', ( #5667, #699, #3255, #826 ) ) ;
#1600 = EDGE_LOOP ( 'NONE', ( #5088, #5256 ) ) ;
#1601 = CARTESIAN_POINT ( 'NONE',  ( 1.000000000000014655, -26.20000000000000284, 20.00000000000000000 ) ) ;
#1602 = CARTESIAN_POINT ( 'NONE',  ( 4.000000000000010658, -26.20000000000000284, 15.00000000000001421 ) ) ;
#1603 = CARTESIAN_POINT ( 'NONE',  ( 8.087290042589328820, 5.309047484701488351, 8.144382261675602308 ) ) ;
#1604 = CARTESIAN_POINT ( 'NONE',  ( 1.530808498934192064E-16, 7.100000000000001421, 18.09999999999999787 ) ) ;
#1605 = DIRECTION ( 'NONE',  ( -7.501506923142955807E-16, -1.000000000000000000, 0.000000000000000000 ) ) ;
#1606 = EDGE_LOOP ( 'NONE', ( #4488, #2684 ) ) ;
#1607 = AXIS2_PLACEMENT_3D ( 'NONE', #3912, #3060, #1163 ) ;
#1608 = CARTESIAN_POINT ( 'NONE',  ( 11.18732520091240268, 4.738158552792091061E-15, 0.000000000000000000 ) ) ;
#1609 = CARTESIAN_POINT ( 'NONE',  ( -29.14356511640546188, -22.96801665073599352, 7.936033301471922208 ) ) ;
#1610 = DIRECTION ( 'NONE',  ( -1.000000000000000000, -6.938893903907232322E-16, -0.000000000000000000 ) ) ;
#1611 = ORIENTED_EDGE ( 'NONE', *, *, #1543, .F. ) ;
#1612 = CIRCLE ( 'NONE', #5441, 11.00000000000000000 ) ;
#1613 = CARTESIAN_POINT ( 'NONE',  ( -30.62500000000000355, -2.999999999999981792, 0.000000000000000000 ) ) ;
#1614 = AXIS2_PLACEMENT_3D ( 'NONE', #596, #4275, #4249 ) ;
#1615 = ADVANCED_FACE ( 'NONE', ( #1011 ), #3240, .F. ) ;
#1616 = EDGE_CURVE ( 'NONE', #3500, #4655, #2001, .T. ) ;
#1617 = CIRCLE ( 'NONE', #4674, 2.149999999999998135 ) ;
#1618 = AXIS2_PLACEMENT_3D ( 'NONE', #1262, #3034, #1683 ) ;
#1619 = EDGE_LOOP ( 'NONE', ( #974, #2041, #1458, #5604 ) ) ;
#1620 = EDGE_LOOP ( 'NONE', ( #3070, #3418, #1586, #2461 ) ) ;
#1621 = AXIS2_PLACEMENT_3D ( 'NONE', #4074, #5483, #386 ) ;
#1622 = AXIS2_PLACEMENT_3D ( 'NONE', #5132, #2863, #1539 ) ;
#1623 = FACE_OUTER_BOUND ( 'NONE', #5888, .T. ) ;
#1624 = CARTESIAN_POINT ( 'NONE',  ( 29.51130239515482145, -2.101167035926029936, 7.797665928147904602 ) ) ;
#1625 = DATE_AND_TIME ( #3894, #2274 ) ;
#1626 = DIRECTION ( 'NONE',  ( 0.000000000000000000, 1.000000000000000000, 0.000000000000000000 ) ) ;
#1627 = AXIS2_PLACEMENT_3D ( 'NONE', #1840, #5352, #3566 ) ;
#1628 = VECTOR ( 'NONE', #4904, 1000.000000000000000 ) ;
#1629 = EDGE_CURVE ( 'NONE', #878, #2669, #3906, .T. ) ;
#1630 = LINE ( 'NONE', #5725, #2401 ) ;
#1631 = ORIENTED_EDGE ( 'NONE', *, *, #171, .T. ) ;
#1632 = CARTESIAN_POINT ( 'NONE',  ( -28.62500000000000000, 2.030000000000010019, -20.00000000000000000 ) ) ;
#1633 = AXIS2_PLACEMENT_3D ( 'NONE', #382, #3462, #4829 ) ;
#1634 = CARTESIAN_POINT ( 'NONE',  ( -10.99525548620262860, -2.681520814657774032, 15.36982346691343970 ) ) ;
#1635 = LINE ( 'NONE', #3049, #5739 ) ;
#1636 = AXIS2_PLACEMENT_3D ( 'NONE', #3642, #2323, #5461 ) ;
#1637 = CARTESIAN_POINT ( 'NONE',  ( 2.790812954686712200, 0.8835325522895501882, 16.35240841823241453 ) ) ;
#1638 = ORIENTED_EDGE ( 'NONE', *, *, #171, .F. ) ;
#1639 = EDGE_CURVE ( 'NONE', #4072, #2248, #4965, .T. ) ;
#1640 = ORIENTED_EDGE ( 'NONE', *, *, #3278, .T. ) ;
#1641 = ORIENTED_EDGE ( 'NONE', *, *, #3345, .T. ) ;
#1642 = CARTESIAN_POINT ( 'NONE',  ( -25.62500000000000000, -2.469999999999991314, -20.00000000000000000 ) ) ;
#1643 = LINE ( 'NONE', #3055, #5737 ) ;
#1644 = FACE_OUTER_BOUND ( 'NONE', #1798, .T. ) ;
#1645 = FACE_OUTER_BOUND ( 'NONE', #4543, .T. ) ;
#1646 = CARTESIAN_POINT ( 'NONE',  ( 1.035509157445142348E-14, -29.19999999999999929, 9.999999999999998224 ) ) ;
#1647 = EDGE_CURVE ( 'NONE', #5254, #1571, #2822, .T. ) ;
#1648 = VERTEX_POINT ( 'NONE', #4635 ) ;
#1649 = DIRECTION ( 'NONE',  ( 6.938893903907232322E-16, 1.000000000000000000, 0.000000000000000000 ) ) ;
#1650 = CARTESIAN_POINT ( 'NONE',  ( -29.62730136216345400, -22.86783159439260871, 7.735663188785159683 ) ) ;
#1651 = CARTESIAN_POINT ( 'NONE',  ( -25.62500000000000711, -18.27685424949240200, -14.34314575050765050 ) ) ;
#1652 = CARTESIAN_POINT ( 'NONE',  ( -12.23805812397114856, -1.000000000000002442, 7.000000000000000000 ) ) ;
#1653 = ADVANCED_FACE ( 'NONE', ( #1356 ), #3662, .T. ) ;
#1654 = CIRCLE ( 'NONE', #1171, 1.000000000000001554 ) ;
#1655 = VERTEX_POINT ( 'NONE', #3711 ) ;
#1656 = ORIENTED_EDGE ( 'NONE', *, *, #730, .F. ) ;
#1657 = DIRECTION ( 'NONE',  ( -1.770437314373276754E-16, -0.4407073469389279352, 0.8976508421173856611 ) ) ;
#1658 = CARTESIAN_POINT ( 'NONE',  ( 29.53341389844867848, -1.189195845048069744, 7.810804154951933143 ) ) ;
#1659 = PERSON_AND_ORGANIZATION ( #217, #3038 ) ;
#1660 = DIRECTION ( 'NONE',  ( -1.000000000000000000, 6.938893903907232322E-16, 1.479114197289397135E-31 ) ) ;
#1661 = EDGE_CURVE ( 'NONE', #4597, #3522, #3923, .T. ) ;
#1662 = ORIENTED_EDGE ( 'NONE', *, *, #1578, .F. ) ;
#1663 = DIRECTION ( 'NONE',  ( 0.000000000000000000, -1.000000000000000000, 0.000000000000000000 ) ) ;
#1664 = CARTESIAN_POINT ( 'NONE',  ( -10.79644222196733416, -1.749168357015374875, 17.11049391137108699 ) ) ;
#1665 = DIRECTION ( 'NONE',  ( 0.000000000000000000, 1.000000000000000000, 0.000000000000000000 ) ) ;
#1666 = EDGE_CURVE ( 'NONE', #888, #5544, #5481, .T. ) ;
#1667 = ADVANCED_FACE ( 'NONE', ( #5004 ), #5030, .T. ) ;
#1668 = CIRCLE ( 'NONE', #318, 1.049999999999998934 ) ;
#1669 = CARTESIAN_POINT ( 'NONE',  ( 9.314257488865340803E-15, -26.20000000000000284, 9.999999999999998224 ) ) ;
#1670 = ORIENTED_EDGE ( 'NONE', *, *, #5900, .F. ) ;
#1671 = VECTOR ( 'NONE', #5577, 1000.000000000000000 ) ;
#1672 = VERTEX_POINT ( 'NONE', #2317 ) ;
#1673 = ORIENTED_EDGE ( 'NONE', *, *, #2290, .F. ) ;
#1674 =( BOUNDED_SURFACE ( )  B_SPLINE_SURFACE ( 3, 2, ( 
 ( #1300, #1386, #4980 ),
 ( #2712, #4135, #1835 ),
 ( #932, #4507, #3162 ),
 ( #880, #4100, #3243 ),
 ( #5877, #5399, #2739 ),
 ( #413, #19, #439 ),
 ( #387, #3134, #1861 ),
 ( #1801, #5424, #5905 ),
 ( #4535, #3636, #1413 ),
 ( #2287, #4946, #841 ),
 ( #2679, #1327, #5934 ),
 ( #2235, #3218, #5034 ),
 ( #4050, #5509, #1777 ),
 ( #3610, #2262, #5457 ) ),
 .UNSPECIFIED., .F., .F., .F. ) 
 B_SPLINE_SURFACE_WITH_KNOTS ( ( 4, 2, 2, 2, 2, 2, 4 ),
 ( 3, 3 ),
 ( 1.570796326794896780, 1.963495408493620697, 2.356194490192344837, 2.552544031041706685, 2.748893571891068532, 2.945243112740430824, 3.141592653589792672 ),
 ( 0.000000000000000000, 1.000000000000000000 ),
 .UNSPECIFIED. ) 
 GEOMETRIC_REPRESENTATION_ITEM ( )  RATIONAL_B_SPLINE_SURFACE ( (
 ( 1.000000000000000000, 1.000000000000000000, 1.000000000000000000),
 ( 1.000000000000000000, 1.000158585517660459, 1.000000000000000000),
 ( 1.000000000000000000, 0.9867291829330471220, 1.000000000000000000),
 ( 1.000000000000000000, 0.9386556568292654390, 1.000000000000000000),
 ( 1.000000000000000000, 0.9038128751444047815, 1.000000000000000000),
 ( 1.000000000000000000, 0.8471316681044563923, 1.000000000000000000),
 ( 1.000000000000000000, 0.8275942589161818796, 1.000000000000000000),
 ( 1.000000000000000000, 0.7902180193271596265, 1.000000000000000000),
 ( 1.000000000000000000, 0.7723968094988108435, 1.000000000000000000),
 ( 1.000000000000000000, 0.7418334301983945389, 1.000000000000000000),
 ( 1.000000000000000000, 0.7291288848862591543, 1.000000000000000000),
 ( 1.000000000000000000, 0.7117460116570583084, 1.000000000000000000),
 ( 1.000000000000000000, 0.7070717215218156326, 1.000000000000000000),
 ( 1.000000000000000000, 0.7071067811865475727, 1.000000000000000000) ) ) 
 REPRESENTATION_ITEM ( '' )  SURFACE ( )  );
#1675 = DIRECTION ( 'NONE',  ( -2.931054078198949621E-16, 1.000000000000000000, -7.395570986446985676E-32 ) ) ;
#1676 = CARTESIAN_POINT ( 'NONE',  ( 30.62500000000000711, -12.62000000000001165, -12.00000000000000000 ) ) ;
#1677 = CYLINDRICAL_SURFACE ( 'NONE', #3194, 5.100000000000000533 ) ;
#1678 = ADVANCED_FACE ( 'NONE', ( #902 ), #2847, .F. ) ;
#1679 = AXIS2_PLACEMENT_3D ( 'NONE', #3376, #2368, #5589 ) ;
#1680 = CARTESIAN_POINT ( 'NONE',  ( -11.00000000000000000, 2.900000000000002576, 15.00000000000000000 ) ) ;
#1681 = PLANE ( 'NONE',  #3445 ) ;
#1682 = EDGE_LOOP ( 'NONE', ( #5273, #3408, #4143, #5274 ) ) ;
#1683 = DIRECTION ( 'NONE',  ( -7.501506923142975529E-16, 1.000000000000000000, 0.000000000000000000 ) ) ;
#1684 = CARTESIAN_POINT ( 'NONE',  ( -29.53341389844869269, -23.81080415495209479, 7.810804154951897615 ) ) ;
#1685 = DIRECTION ( 'NONE',  ( 1.000000000000000000, 0.000000000000000000, 0.000000000000000000 ) ) ;
#1686 = CARTESIAN_POINT ( 'NONE',  ( 23.82500000000000639, -10.46999999999999353, -20.00000000000000000 ) ) ;
#1687 = ORIENTED_EDGE ( 'NONE', *, *, #5882, .F. ) ;
#1688 = EDGE_LOOP ( 'NONE', ( #5824, #5686 ) ) ;
#1689 = DIRECTION ( 'NONE',  ( 1.000000000000000000, 0.000000000000000000, 0.000000000000000000 ) ) ;
#1690 = PLANE ( 'NONE',  #4190 ) ;
#1691 = CARTESIAN_POINT ( 'NONE',  ( -2.499999999999999556, 7.100000000000001421, 13.16696972201766336 ) ) ;
#1692 = EDGE_LOOP ( 'NONE', ( #2389, #1846, #4132, #2572 ) ) ;
#1693 = DIRECTION ( 'NONE',  ( 0.000000000000000000, 1.000000000000000000, 0.000000000000000000 ) ) ;
#1694 = DIRECTION ( 'NONE',  ( -0.000000000000000000, -0.000000000000000000, -1.000000000000000000 ) ) ;
#1695 = CARTESIAN_POINT ( 'NONE',  ( -28.32500000000000995, -10.46999999999998998, -20.00000000000000000 ) ) ;
#1696 = CARTESIAN_POINT ( 'NONE',  ( 3.078495774071115409, 1.608146716672497201, 15.41192421269846413 ) ) ;
#1697 = VERTEX_POINT ( 'NONE', #466 ) ;
#1698 = EDGE_CURVE ( 'NONE', #1748, #5821, #584, .T. ) ;
#1699 = ORIENTED_EDGE ( 'NONE', *, *, #1889, .T. ) ;
#1700 = ORIENTED_EDGE ( 'NONE', *, *, #415, .T. ) ;
#1701 = CARTESIAN_POINT ( 'NONE',  ( 25.62500000000000711, -17.17685424949240058, -14.34314575050765050 ) ) ;
#1702 = CARTESIAN_POINT ( 'NONE',  ( 30.73768568794501377, -16.12685424949239987, -14.34314575050765050 ) ) ;
#1703 = CARTESIAN_POINT ( 'NONE',  ( 5.000000000000013323, -29.19999999999999929, 15.00000000000001421 ) ) ;
#1704 = CARTESIAN_POINT ( 'NONE',  ( 1.530808498934192064E-16, -12.89999999999999858, 15.00000000000000000 ) ) ;
#1705 = ADVANCED_FACE ( 'NONE', ( #3582 ), #1674, .T. ) ;
#1706 = ORIENTED_EDGE ( 'NONE', *, *, #5207, .T. ) ;
#1707 = PLANE ( 'NONE',  #1047 ) ;
#1708 = CARTESIAN_POINT ( 'NONE',  ( -29.01498141954114018, -23.97406081184871596, 7.974060811848832309 ) ) ;
#1709 = CARTESIAN_POINT ( 'NONE',  ( 25.62500000000000000, -0.3199999999999934563, -20.00000000000000000 ) ) ;
#1710 = CARTESIAN_POINT ( 'NONE',  ( -7.647711397214601803, -23.78991647864989645, 7.623198623244556771 ) ) ;
#1711 = EDGE_CURVE ( 'NONE', #5197, #3904, #1360, .T. ) ;
#1712 = ORIENTED_EDGE ( 'NONE', *, *, #5907, .T. ) ;
#1713 = ORIENTED_EDGE ( 'NONE', *, *, #1910, .T. ) ;
#1714 = CARTESIAN_POINT ( 'NONE',  ( 22.62500000000000000, -0.9999999999999917843, 0.000000000000000000 ) ) ;
#1715 = FACE_BOUND ( 'NONE', #5579, .T. ) ;
#1716 = VECTOR ( 'NONE', #3822, 1000.000000000000000 ) ;
#1717 = CARTESIAN_POINT ( 'NONE',  ( -28.62500000000001421, -22.96999999999998820, -14.00000000000000000 ) ) ;
#1718 = AXIS2_PLACEMENT_3D ( 'NONE', #4814, #4366, #5745 ) ;
#1719 = ORIENTED_EDGE ( 'NONE', *, *, #3925, .F. ) ;
#1720 = CARTESIAN_POINT ( 'NONE',  ( 25.62500000000000711, -16.12685424949240343, -14.34314575050765050 ) ) ;
#1721 = CARTESIAN_POINT ( 'NONE',  ( 28.62500000000000000, -0.9999999999999861222, 0.000000000000000000 ) ) ;
#1722 = LINE ( 'NONE', #4927, #626 ) ;
#1723 = AXIS2_PLACEMENT_3D ( 'NONE', #3713, #5564, #614 ) ;
#1724 = CIRCLE ( 'NONE', #3920, 2.149999999999998135 ) ;
#1725 = AXIS2_PLACEMENT_3D ( 'NONE', #3530, #3975, #1218 ) ;
#1726 = CARTESIAN_POINT ( 'NONE',  ( -22.62499999999998934, 15.77854679802961257, 0.000000000000000000 ) ) ;
#1727 = VERTEX_POINT ( 'NONE', #1522 ) ;
#1728 = EDGE_CURVE ( 'NONE', #4868, #5252, #3714, .T. ) ;
#1729 = CIRCLE ( 'NONE', #5070, 2.149999999999998135 ) ;
#1730 = ORIENTED_EDGE ( 'NONE', *, *, #5475, .F. ) ;
#1731 = AXIS2_PLACEMENT_3D ( 'NONE', #3695, #3248, #4162 ) ;
#1732 = EDGE_LOOP ( 'NONE', ( #1214, #4726, #3195, #2724 ) ) ;
#1733 = PLANE ( 'NONE',  #4402 ) ;
#1734 = AXIS2_PLACEMENT_3D ( 'NONE', #330, #5372, #721 ) ;
#1735 = CARTESIAN_POINT ( 'NONE',  ( 9.185380737084930226E-15, -24.00000000000000000, 15.00000000000000000 ) ) ;
#1736 = DIRECTION ( 'NONE',  ( 1.000000000000000000, 6.938893903907232322E-16, 0.000000000000000000 ) ) ;
#1737 = ORIENTED_EDGE ( 'NONE', *, *, #1070, .F. ) ;
#1738 = EDGE_CURVE ( 'NONE', #631, #5396, #3436, .T. ) ;
#1739 = AXIS2_PLACEMENT_3D ( 'NONE', #2067, #1265, #1229 ) ;
#1740 = ORIENTED_EDGE ( 'NONE', *, *, #2666, .T. ) ;
#1741 = LINE ( 'NONE', #4968, #2006 ) ;
#1742 = DIRECTION ( 'NONE',  ( 1.000000000000000000, -6.938893903907232322E-16, -0.000000000000000000 ) ) ;
#1743 = CARTESIAN_POINT ( 'NONE',  ( 25.62500000000000711, -18.46999999999999176, -20.00000000000000000 ) ) ;
#1744 = EDGE_CURVE ( 'NONE', #4090, #647, #1040, .T. ) ;
#1745 = CARTESIAN_POINT ( 'NONE',  ( 30.62500000000000711, -8.320000000000014495, -12.00000000000000000 ) ) ;
#1746 = CARTESIAN_POINT ( 'NONE',  ( -30.62500000000000711, -8.259238285901474796, -11.80150231423954565 ) ) ;
#1747 = EDGE_LOOP ( 'NONE', ( #4232, #3335, #892, #968, #942 ) ) ;
#1748 = VERTEX_POINT ( 'NONE', #102 ) ;
#1749 = CARTESIAN_POINT ( 'NONE',  ( -28.62500000000000000, -2.000000000000007550, 8.000000000000000000 ) ) ;
#1750 = CYLINDRICAL_SURFACE ( 'NONE', #5365, 1.000000000000000888 ) ;
#1751 = EDGE_CURVE ( 'NONE', #2935, #5859, #2101, .T. ) ;
#1752 = EDGE_LOOP ( 'NONE', ( #4624, #672, #1759, #5076 ) ) ;
#1753 = AXIS2_PLACEMENT_3D ( 'NONE', #4082, #3866, #691 ) ;
#1754 = FACE_OUTER_BOUND ( 'NONE', #1186, .T. ) ;
#1755 = CARTESIAN_POINT ( 'NONE',  ( -10.63766891757775568, -0.08314313114713596520, 17.80000000000000426 ) ) ;
#1756 = CYLINDRICAL_SURFACE ( 'NONE', #4563, 2.800000000000000266 ) ;
#1757 = EDGE_CURVE ( 'NONE', #4706, #3342, #5148, .T. ) ;
#1758 = CARTESIAN_POINT ( 'NONE',  ( -23.82500000000000639, -10.47000000000002018, -12.00000000000000000 ) ) ;
#1759 = ORIENTED_EDGE ( 'NONE', *, *, #5882, .T. ) ;
#1760 = AXIS2_PLACEMENT_3D ( 'NONE', #3499, #3873, #5251 ) ;
#1761 = ORIENTED_EDGE ( 'NONE', *, *, #415, .F. ) ;
#1762 = ORIENTED_EDGE ( 'NONE', *, *, #3496, .F. ) ;
#1763 = DIRECTION ( 'NONE',  ( -6.927954457821723194E-16, 1.000000000000000000, 1.865174681370262988E-13 ) ) ;
#1764 = CARTESIAN_POINT ( 'NONE',  ( -23.82500000000000995, -16.12685424949240343, -14.34314575050765050 ) ) ;
#1765 = ORIENTED_EDGE ( 'NONE', *, *, #1711, .F. ) ;
#1766 = ORIENTED_EDGE ( 'NONE', *, *, #2466, .T. ) ;
#1767 = DIRECTION ( 'NONE',  ( 1.000000000000000000, 6.938893903907233308E-16, 0.000000000000000000 ) ) ;
#1768 = CARTESIAN_POINT ( 'NONE',  ( 30.62500000000002132, -22.23301366067114415, -7.710323222972040647 ) ) ;
#1769 = LINE ( 'NONE', #461, #908 ) ;
#1770 = LINE ( 'NONE', #408, #3631 ) ;
#1771 = TOROIDAL_SURFACE ( 'NONE', #4629, 9.999999999999998224, 1.000000000000000000 ) ;
#1772 = CARTESIAN_POINT ( 'NONE',  ( -23.82500000000000995, -15.56999999999999140, -20.00000000000000000 ) ) ;
#1773 = EDGE_CURVE ( 'NONE', #2127, #1961, #2204, .T. ) ;
#1774 = ORIENTED_EDGE ( 'NONE', *, *, #4549, .T. ) ;
#1775 = VERTEX_POINT ( 'NONE', #5593 ) ;
#1776 = LINE ( 'NONE', #438, #3253 ) ;
#1777 = CARTESIAN_POINT ( 'NONE',  ( -28.75590116331764179, -1.000000000000007772, 6.999999999983565147 ) ) ;
#1778 = FACE_OUTER_BOUND ( 'NONE', #3221, .T. ) ;
#1779 = CIRCLE ( 'NONE', #5114, 1.000000000000000000 ) ;
#1780 = EDGE_CURVE ( 'NONE', #3732, #3964, #5531, .T. ) ;
#1781 = VERTEX_POINT ( 'NONE', #1922 ) ;
#1782 = CARTESIAN_POINT ( 'NONE',  ( -23.82500000000000639, -10.47000000000002018, -12.00000000000000000 ) ) ;
#1783 = DIRECTION ( 'NONE',  ( 1.000000000000000000, 0.000000000000000000, 0.000000000000000000 ) ) ;
#1784 = CARTESIAN_POINT ( 'NONE',  ( -23.82500000000001350, -20.61999999999999389, -20.00000000000000000 ) ) ;
#1785 = DIRECTION ( 'NONE',  ( -3.469446951953605117E-15, 0.000000000000000000, 1.000000000000000000 ) ) ;
#1786 = AXIS2_PLACEMENT_3D ( 'NONE', #5185, #625, #505 ) ;
#1787 = ADVANCED_FACE ( 'NONE', ( #2403 ), #4216, .F. ) ;
#1788 = VERTEX_POINT ( 'NONE', #1046 ) ;
#1789 = VERTEX_POINT ( 'NONE', #4638 ) ;
#1790 = CARTESIAN_POINT ( 'NONE',  ( 6.000000000000015099, -29.19999999999999929, 15.00000000000001421 ) ) ;
#1791 = DIRECTION ( 'NONE',  ( 0.000000000000000000, 0.000000000000000000, 1.000000000000000000 ) ) ;
#1792 = ORIENTED_EDGE ( 'NONE', *, *, #4187, .T. ) ;
#1793 = ORIENTED_EDGE ( 'NONE', *, *, #1479, .F. ) ;
#1794 = DIRECTION ( 'NONE',  ( 1.000000000000000000, 6.938893903907232322E-16, 0.000000000000000000 ) ) ;
#1795 = CARTESIAN_POINT ( 'NONE',  ( 28.88849211244312443, -23.95690525378397595, -7.997765924825387174 ) ) ;
#1796 = CARTESIAN_POINT ( 'NONE',  ( 30.62500000000001776, -21.99999999999999289, 0.000000000000000000 ) ) ;
#1797 = DIRECTION ( 'NONE',  ( 1.000000000000000000, -6.938893903907230350E-16, -1.972152263052529514E-31 ) ) ;
#1798 = EDGE_LOOP ( 'NONE', ( #4959, #2543, #5334, #2762 ) ) ;
#1799 = ORIENTED_EDGE ( 'NONE', *, *, #5333, .T. ) ;
#1800 = DIRECTION ( 'NONE',  ( -1.000000000000000000, -6.938893903907230350E-16, -1.972152263052529514E-31 ) ) ;
#1801 = CARTESIAN_POINT ( 'NONE',  ( -29.62730136216345755, -2.132168405607422823, 7.735663188785144584 ) ) ;
#1802 = DIRECTION ( 'NONE',  ( -5.854642564886893661E-16, 0.2586467865600553528, -0.9659719663645303100 ) ) ;
#1803 = ADVANCED_BREP_SHAPE_REPRESENTATION ( '#3舵机臂1', ( #2314, #5599 ), #724 ) ;
#1804 = EDGE_CURVE ( 'NONE', #1124, #3385, #5619, .T. ) ;
#1805 = EDGE_CURVE ( 'NONE', #1158, #5108, #5651, .T. ) ;
#1806 = ORIENTED_EDGE ( 'NONE', *, *, #441, .F. ) ;
#1807 = AXIS2_PLACEMENT_3D ( 'NONE', #3688, #3239, #5053 ) ;
#1808 = FACE_OUTER_BOUND ( 'NONE', #396, .T. ) ;
#1809 = CARTESIAN_POINT ( 'NONE',  ( 22.62500000000000000, 0.7172701352723739321, -7.394428844850263083 ) ) ;
#1810 = CARTESIAN_POINT ( 'NONE',  ( -30.73768568794500311, -5.863145750507618104, -14.34314575050761320 ) ) ;
#1811 = DIRECTION ( 'NONE',  ( 1.000000000000000000, 6.938893903907232322E-16, 0.000000000000000000 ) ) ;
#1812 = EDGE_CURVE ( 'NONE', #5252, #3261, #1899, .T. ) ;
#1813 = CIRCLE ( 'NONE', #3438, 3.099999999999998757 ) ;
#1814 = EDGE_LOOP ( 'NONE', ( #5506, #2363, #1926, #3734 ) ) ;
#1815 = ORIENTED_EDGE ( 'NONE', *, *, #4847, .F. ) ;
#1816 = CIRCLE ( 'NONE', #1618, 18.49999999999993605 ) ;
#1817 = DIRECTION ( 'NONE',  ( -1.000000000000000000, -6.938893903907232322E-16, -0.000000000000000000 ) ) ;
#1818 = AXIS2_PLACEMENT_3D ( 'NONE', #4159, #1468, #4182 ) ;
#1819 = AXIS2_PLACEMENT_3D ( 'NONE', #5436, #4735, #2471 ) ;
#1820 = DIRECTION ( 'NONE',  ( 0.000000000000000000, 0.7071067811865463515, 0.7071067811865486830 ) ) ;
#1821 = ORIENTED_EDGE ( 'NONE', *, *, #5715, .F. ) ;
#1822 = ADVANCED_FACE ( 'NONE', ( #3324 ), #5090, .F. ) ;
#1823 = VECTOR ( 'NONE', #2575, 1000.000000000000000 ) ;
#1824 = VECTOR ( 'NONE', #661, 1000.000000000000000 ) ;
#1825 = AXIS2_PLACEMENT_3D ( 'NONE', #3638, #471, #1862 ) ;
#1826 = LINE ( 'NONE', #4127, #5630 ) ;
#1827 = CARTESIAN_POINT ( 'NONE',  ( -30.62500000000001421, -22.96999999999998820, -14.00000000000000000 ) ) ;
#1828 = AXIS2_PLACEMENT_3D ( 'NONE', #5039, #2768, #3616 ) ;
#1829 = DIRECTION ( 'NONE',  ( -3.469446951953614189E-15, 0.000000000000000000, -1.000000000000000000 ) ) ;
#1830 = DIRECTION ( 'NONE',  ( 0.000000000000000000, -1.000000000000000000, 0.000000000000000000 ) ) ;
#1831 = AXIS2_PLACEMENT_3D ( 'NONE', #4243, #1524, #2037 ) ;
#1832 = DIRECTION ( 'NONE',  ( 0.000000000000000000, 0.000000000000000000, -1.000000000000000000 ) ) ;
#1833 = ORIENTED_EDGE ( 'NONE', *, *, #4286, .T. ) ;
#1834 = CYLINDRICAL_SURFACE ( 'NONE', #5827, 1.049999999999998934 ) ;
#1835 = CARTESIAN_POINT ( 'NONE',  ( -30.62500000000000711, -2.738153426818153768, 6.130923286590966192 ) ) ;
#1836 = CARTESIAN_POINT ( 'NONE',  ( -28.62500000000000000, 0.03000000000001135439, -14.00000000000000000 ) ) ;
#1837 = VERTEX_POINT ( 'NONE', #5807 ) ;
#1838 = CARTESIAN_POINT ( 'NONE',  ( -23.82499999999999929, -0.3199999999999917355, -20.00000000000000000 ) ) ;
#1839 = CARTESIAN_POINT ( 'NONE',  ( 30.62500000000001776, -21.99999999999999289, 6.000000000000000000 ) ) ;
#1840 = CARTESIAN_POINT ( 'NONE',  ( 25.62500000000000711, -18.46999999999999176, -20.00000000000000000 ) ) ;
#1841 = CIRCLE ( 'NONE', #5180, 11.00000000000000000 ) ;
#1842 = CARTESIAN_POINT ( 'NONE',  ( 28.62500000000001421, -20.96999999999999531, -2.124952227952476672E-14 ) ) ;
#1843 = DIRECTION ( 'NONE',  ( -1.000000000000000000, -6.938893903907233308E-16, 0.000000000000000000 ) ) ;
#1844 = CIRCLE ( 'NONE', #4616, 18.77854679802960192 ) ;
#1845 = EDGE_LOOP ( 'NONE', ( #1233, #1966 ) ) ;
#1846 = ORIENTED_EDGE ( 'NONE', *, *, #5908, .F. ) ;
#1847 = EDGE_CURVE ( 'NONE', #2107, #3904, #5921, .T. ) ;
#1848 = CARTESIAN_POINT ( 'NONE',  ( 1.219206177317245228E-14, -29.19999999999999929, 15.00000000000000000 ) ) ;
#1849 = DIRECTION ( 'NONE',  ( -1.000000000000000000, -6.938893903907232322E-16, -0.000000000000000000 ) ) ;
#1850 = ORIENTED_EDGE ( 'NONE', *, *, #2223, .T. ) ;
#1851 = ORIENTED_EDGE ( 'NONE', *, *, #1116, .T. ) ;
#1852 = EDGE_CURVE ( 'NONE', #2536, #477, #3808, .T. ) ;
#1853 = LINE ( 'NONE', #1291, #2778 ) ;
#1854 = CARTESIAN_POINT ( 'NONE',  ( 30.37469240486185029, -22.97411239240349090, -7.832284623402633095 ) ) ;
#1855 = DIRECTION ( 'NONE',  ( 0.000000000000000000, -1.000000000000000000, 0.000000000000000000 ) ) ;
#1856 = DIRECTION ( 'NONE',  ( -1.000000000000000000, -6.938893903907232322E-16, 0.000000000000000000 ) ) ;
#1857 = AXIS2_PLACEMENT_3D ( 'NONE', #3057, #2641, #2161 ) ;
#1858 = DIRECTION ( 'NONE',  ( 3.469446951953613696E-16, -1.000000000000000000, -0.000000000000000000 ) ) ;
#1859 = EDGE_LOOP ( 'NONE', ( #169, #3945, #4918, #4281, #4109 ) ) ;
#1860 = LINE ( 'NONE', #3635, #4401 ) ;
#1861 = CARTESIAN_POINT ( 'NONE',  ( -29.84497956991503997, -1.409784739575027368, 6.795107630212505967 ) ) ;
#1862 = DIRECTION ( 'NONE',  ( 0.000000000000000000, 1.000000000000000000, 0.000000000000000000 ) ) ;
#1863 = EDGE_LOOP ( 'NONE', ( #5020, #5713 ) ) ;
#1864 = CYLINDRICAL_SURFACE ( 'NONE', #1636, 1.549999999999999378 ) ;
#1865 = DIRECTION ( 'NONE',  ( 1.000000000000000000, -6.938893903907228378E-16, -0.000000000000000000 ) ) ;
#1866 = CIRCLE ( 'NONE', #3125, 2.000000000000001776 ) ;
#1867 = LINE ( 'NONE', #108, #5895 ) ;
#1868 = CARTESIAN_POINT ( 'NONE',  ( -10.99999999999998046, -58.05877273185281240, 15.00000000000000000 ) ) ;
#1869 = CARTESIAN_POINT ( 'NONE',  ( 25.62500000000000355, -4.813145750507622722, -14.34314575050761320 ) ) ;
#1870 = ORIENTED_EDGE ( 'NONE', *, *, #3059, .T. ) ;
#1871 = ORIENTED_EDGE ( 'NONE', *, *, #2945, .F. ) ;
#1872 = CARTESIAN_POINT ( 'NONE',  ( -25.62500000000000711, -12.62000000000001521, -12.00000000000000000 ) ) ;
#1873 = CARTESIAN_POINT ( 'NONE',  ( 28.62500000000001776, -22.99999999999998934, 7.000000000000000000 ) ) ;
#1874 = VERTEX_POINT ( 'NONE', #2135 ) ;
#1875 = EDGE_CURVE ( 'NONE', #2766, #5520, #1612, .T. ) ;
#1876 = EDGE_CURVE ( 'NONE', #5603, #4958, #5330, .T. ) ;
#1877 = ORIENTED_EDGE ( 'NONE', *, *, #3039, .F. ) ;
#1878 = AXIS2_PLACEMENT_3D ( 'NONE', #598, #1984, #567 ) ;
#1879 = DIRECTION ( 'NONE',  ( 1.000000000000000000, -6.938893903907230350E-16, -1.972152263052529514E-31 ) ) ;
#1880 = CARTESIAN_POINT ( 'NONE',  ( 5.327213576290982297E-16, -12.89999999999999858, 11.90000000000000036 ) ) ;
#1881 = CARTESIAN_POINT ( 'NONE',  ( -28.62500000000000355, -10.46999999999998998, -20.00000000000000000 ) ) ;
#1882 = CARTESIAN_POINT ( 'NONE',  ( 30.73768568794501377, -16.12685424949239987, -14.34314575050765050 ) ) ;
#1883 = EDGE_CURVE ( 'NONE', #2392, #4836, #4101, .T. ) ;
#1884 = CARTESIAN_POINT ( 'NONE',  ( -8.485281374238569541, 4.499999999999955591, -4.067564042545842997E-31 ) ) ;
#1885 = ORIENTED_EDGE ( 'NONE', *, *, #996, .F. ) ;
#1886 = DIRECTION ( 'NONE',  ( -6.938893903907232322E-16, 1.000000000000000000, 5.782411586589356653E-16 ) ) ;
#1887 = CARTESIAN_POINT ( 'NONE',  ( 22.11789359549347722, -23.99641466765743303, -2.781931961421730826 ) ) ;
#1888 = CARTESIAN_POINT ( 'NONE',  ( 5.327213576290984270E-16, -12.89999999999999858, 11.90000000000000036 ) ) ;
#1889 = EDGE_CURVE ( 'NONE', #3796, #3500, #680, .T. ) ;
#1890 = ORIENTED_EDGE ( 'NONE', *, *, #3116, .F. ) ;
#1891 = CYLINDRICAL_SURFACE ( 'NONE', #1828, 1.549999999999999378 ) ;
#1892 = DIRECTION ( 'NONE',  ( 1.000000000000000000, -6.938893903907228378E-16, 0.000000000000000000 ) ) ;
#1893 = CYLINDRICAL_SURFACE ( 'NONE', #1275, 1.049999999999998934 ) ;
#1894 = CARTESIAN_POINT ( 'NONE',  ( 30.62500000000000355, -2.999999999999987566, 8.000000000000000000 ) ) ;
#1895 = ADVANCED_FACE ( 'NONE', ( #2554 ), #4684, .T. ) ;
#1896 = EDGE_LOOP ( 'NONE', ( #3677, #3419, #5610, #5717, #5746 ) ) ;
#1897 = ORIENTED_EDGE ( 'NONE', *, *, #1478, .F. ) ;
#1898 = DIRECTION ( 'NONE',  ( 1.000000000000000000, 0.000000000000000000, 0.000000000000000000 ) ) ;
#1899 = CIRCLE ( 'NONE', #5241, 16.77854679802960192 ) ;
#1900 = AXIS2_PLACEMENT_3D ( 'NONE', #2846, #1516, #2000 ) ;
#1901 = CARTESIAN_POINT ( 'NONE',  ( -28.75788041248153348, -23.97000000000008058, -7.999999999999665157 ) ) ;
#1902 = VERTEX_POINT ( 'NONE', #1350 ) ;
#1903 = ADVANCED_FACE ( 'NONE', ( #4526 ), #4465, .T. ) ;
#1904 = AXIS2_PLACEMENT_3D ( 'NONE', #3707, #3789, #4689 ) ;
#1905 = AXIS2_PLACEMENT_3D ( 'NONE', #2872, #5527, #4656 ) ;
#1906 = AXIS2_PLACEMENT_3D ( 'NONE', #2624, #2979, #4345 ) ;
#1907 = CIRCLE ( 'NONE', #1518, 2.149999999999998135 ) ;
#1908 = FACE_OUTER_BOUND ( 'NONE', #1109, .T. ) ;
#1909 = CARTESIAN_POINT ( 'NONE',  ( 7.739510809550849579, 5.475515225924914020, 8.273104310206926826 ) ) ;
#1910 = EDGE_CURVE ( 'NONE', #564, #2552, #1459, .T. ) ;
#1911 = DIRECTION ( 'NONE',  ( 1.000000000000000000, -6.938893903907232322E-16, -0.000000000000000000 ) ) ;
#1912 = DIRECTION ( 'NONE',  ( -1.000000000000000000, -3.154042683594194627E-16, 0.000000000000000000 ) ) ;
#1913 = AXIS2_PLACEMENT_3D ( 'NONE', #4383, #3464, #3495 ) ;
#1914 = VECTOR ( 'NONE', #4625, 1000.000000000000000 ) ;
#1915 = CIRCLE ( 'NONE', #5260, 2.149999999999999023 ) ;
#1916 = DIRECTION ( 'NONE',  ( 0.000000000000000000, 1.000000000000000000, 0.000000000000000000 ) ) ;
#1917 = AXIS2_PLACEMENT_3D ( 'NONE', #1746, #3158, #4975 ) ;
#1918 = ORIENTED_EDGE ( 'NONE', *, *, #2620, .F. ) ;
#1919 = AXIS2_PLACEMENT_3D ( 'NONE', #1928, #1110, #5572 ) ;
#1920 = ADVANCED_FACE ( 'NONE', ( #870 ), #2279, .F. ) ;
#1921 = DIRECTION ( 'NONE',  ( -1.000000000000000000, 6.938893903907232322E-16, 0.000000000000000000 ) ) ;
#1922 = CARTESIAN_POINT ( 'NONE',  ( -30.62500000000001776, -22.00000000000001066, 6.000000000000000000 ) ) ;
#1923 = EDGE_CURVE ( 'NONE', #4597, #5836, #897, .T. ) ;
#1924 = DIRECTION ( 'NONE',  ( -1.000000000000000000, 6.938893903907228378E-16, 0.000000000000000000 ) ) ;
#1925 = CIRCLE ( 'NONE', #3653, 16.77854679802960547 ) ;
#1926 = ORIENTED_EDGE ( 'NONE', *, *, #1629, .T. ) ;
#1927 = ORIENTED_EDGE ( 'NONE', *, *, #2793, .F. ) ;
#1928 = CARTESIAN_POINT ( 'NONE',  ( -28.32500000000000639, -4.369999999999991225, -29.74884608556315158 ) ) ;
#1929 = CARTESIAN_POINT ( 'NONE',  ( 22.62499999999999645, 1.400481377743817424, -9.215034448638984799 ) ) ;
#1930 = EDGE_CURVE ( 'NONE', #5920, #4937, #1273, .T. ) ;
#1931 = CARTESIAN_POINT ( 'NONE',  ( 9.185380737084930226E-15, -24.00000000000000000, 15.00000000000000000 ) ) ;
#1932 = DIRECTION ( 'NONE',  ( 1.000000000000000000, 6.938893903907232322E-16, 0.000000000000000000 ) ) ;
#1933 = DIRECTION ( 'NONE',  ( -1.000000000000000000, -3.061616997868382648E-16, 0.000000000000000000 ) ) ;
#1934 = ORIENTED_EDGE ( 'NONE', *, *, #2147, .T. ) ;
#1935 = CIRCLE ( 'NONE', #1547, 2.149999999999997247 ) ;
#1936 = LINE ( 'NONE', #3756, #2487 ) ;
#1937 = CARTESIAN_POINT ( 'NONE',  ( 30.57294534432815425, -22.26174789523329167, 6.523495790466992794 ) ) ;
#1938 = DIRECTION ( 'NONE',  ( -0.000000000000000000, -0.000000000000000000, 1.000000000000000000 ) ) ;
#1939 = CARTESIAN_POINT ( 'NONE',  ( 2.684678751731757629, 0.1000000000000009909, 13.44999999999999929 ) ) ;
#1940 = ORIENTED_EDGE ( 'NONE', *, *, #2878, .F. ) ;
#1941 = AXIS2_PLACEMENT_3D ( 'NONE', #4397, #674, #3506 ) ;
#1942 = ORIENTED_EDGE ( 'NONE', *, *, #4105, .F. ) ;
#1943 = LINE ( 'NONE', #3761, #5633 ) ;
#1944 = DIRECTION ( 'NONE',  ( 1.000000000000000000, -6.938893903907232322E-16, -0.000000000000000000 ) ) ;
#1945 = DIRECTION ( 'NONE',  ( 0.000000000000000000, 0.000000000000000000, 1.000000000000000000 ) ) ;
#1946 = LINE ( 'NONE', #4212, #5918 ) ;
#1947 = ORIENTED_EDGE ( 'NONE', *, *, #1910, .F. ) ;
#1948 = CYLINDRICAL_SURFACE ( 'NONE', #2391, 1.000000000000000000 ) ;
#1949 = CARTESIAN_POINT ( 'NONE',  ( 22.62500000000001421, -23.98828135042174736, -5.000000000000000000 ) ) ;
#1950 = DIRECTION ( 'NONE',  ( 1.000000000000000000, -6.938893903907231336E-16, -1.972152263052529514E-31 ) ) ;
#1951 = VECTOR ( 'NONE', #683, 1000.000000000000000 ) ;
#1952 = EDGE_CURVE ( 'NONE', #2702, #310, #2730, .T. ) ;
#1953 = EDGE_CURVE ( 'NONE', #1961, #620, #1365, .T. ) ;
#1954 = ORIENTED_EDGE ( 'NONE', *, *, #3998, .F. ) ;
#1955 = CARTESIAN_POINT ( 'NONE',  ( 9.185380737084930226E-15, -24.00000000000000000, 15.00000000000000000 ) ) ;
#1956 = CARTESIAN_POINT ( 'NONE',  ( -28.62499999999927880, 1042.681666666833962, 0.000000000000000000 ) ) ;
#1957 = AXIS2_PLACEMENT_3D ( 'NONE', #3238, #4940, #1321 ) ;
#1958 = CARTESIAN_POINT ( 'NONE',  ( -0.9999999999999911182, -29.19999999999999929, 9.999999999999998224 ) ) ;
#1959 = CARTESIAN_POINT ( 'NONE',  ( 30.62500000000001066, -18.46999999999998820, -20.00000000000000000 ) ) ;
#1960 = ADVANCED_FACE ( 'NONE', ( #11, #5924 ), #3628, .T. ) ;
#1961 = VERTEX_POINT ( 'NONE', #1320 ) ;
#1962 = ORIENTED_EDGE ( 'NONE', *, *, #2937, .F. ) ;
#1963 = DIRECTION ( 'NONE',  ( -0.000000000000000000, -0.000000000000000000, 1.000000000000000000 ) ) ;
#1964 = CARTESIAN_POINT ( 'NONE',  ( 1.219206177317245228E-14, -29.19999999999999929, 15.00000000000000000 ) ) ;
#1965 = CARTESIAN_POINT ( 'NONE',  ( -29.84838408112418762, -23.55811807972294503, -7.930139563786853252 ) ) ;
#1966 = ORIENTED_EDGE ( 'NONE', *, *, #3654, .T. ) ;
#1967 = EDGE_CURVE ( 'NONE', #4804, #5718, #3154, .T. ) ;
#1968 = ORIENTED_EDGE ( 'NONE', *, *, #5288, .T. ) ;
#1969 = CARTESIAN_POINT ( 'NONE',  ( -25.62500000000000711, -10.47000000000001663, -12.00000000000000000 ) ) ;
#1970 = DIRECTION ( 'NONE',  ( 3.469446951953614189E-16, -1.000000000000000000, 0.000000000000000000 ) ) ;
#1971 = DIRECTION ( 'NONE',  ( -1.000000000000000000, 6.938893903907232322E-16, 0.000000000000000000 ) ) ;
#1972 = CIRCLE ( 'NONE', #1401, 1.000000000000001554 ) ;
#1973 = CYLINDRICAL_SURFACE ( 'NONE', #4580, 1.000000000000000888 ) ;
#1974 = ORIENTED_EDGE ( 'NONE', *, *, #271, .F. ) ;
#1975 = AXIS2_PLACEMENT_3D ( 'NONE', #4478, #3142, #2769 ) ;
#1976 = CARTESIAN_POINT ( 'NONE',  ( -22.62500000000000711, -10.46999999999999353, -20.00000000000000000 ) ) ;
#1977 = CARTESIAN_POINT ( 'NONE',  ( -30.62500000000000355, -3.839565217391291974, -30.59657183213386489 ) ) ;
#1978 = DIRECTION ( 'NONE',  ( 2.167681850043526736E-47, -7.395570986446985676E-32, -1.000000000000000000 ) ) ;
#1979 = CARTESIAN_POINT ( 'NONE',  ( -30.62500000000000355, -4.813145750507619169, -14.34314575050761320 ) ) ;
#1980 = EDGE_CURVE ( 'NONE', #5127, #917, #5095, .T. ) ;
#1981 = VERTEX_POINT ( 'NONE', #3573 ) ;
#1982 = CYLINDRICAL_SURFACE ( 'NONE', #3356, 3.099999999999998757 ) ;
#1983 = CARTESIAN_POINT ( 'NONE',  ( 23.82500000000000284, -3.839565217391299079, -30.59657183213385778 ) ) ;
#1984 = DIRECTION ( 'NONE',  ( 1.000000000000000000, 6.938893903907232322E-16, 0.000000000000000000 ) ) ;
#1985 = CARTESIAN_POINT ( 'NONE',  ( 25.62500000000000711, -12.62000000000001698, -12.00000000000000000 ) ) ;
#1986 = EDGE_CURVE ( 'NONE', #3500, #2164, #4611, .T. ) ;
#1987 = EDGE_CURVE ( 'NONE', #2073, #1788, #2614, .T. ) ;
#1988 = ORIENTED_EDGE ( 'NONE', *, *, #3817, .F. ) ;
#1989 = DIRECTION ( 'NONE',  ( -1.000000000000000000, -6.938893903907232322E-16, -1.972152263052529514E-31 ) ) ;
#1990 = CARTESIAN_POINT ( 'NONE',  ( 29.84497956991502221, -22.79510763021248110, 7.590215260425002164 ) ) ;
#1991 = CARTESIAN_POINT ( 'NONE',  ( 25.62500000000000000, -3.519999999999989804, -20.00000000000000000 ) ) ;
#1992 = EDGE_CURVE ( 'NONE', #4992, #3791, #5379, .T. ) ;
#1993 = CARTESIAN_POINT ( 'NONE',  ( -30.37469240486185029, -22.97411239240349090, -7.832284623402633095 ) ) ;
#1994 = VERTEX_POINT ( 'NONE', #2310 ) ;
#1995 = EDGE_LOOP ( 'NONE', ( #3206, #5526, #5045, #4039 ) ) ;
#1996 = CIRCLE ( 'NONE', #4759, 0.9999999999999991118 ) ;
#1997 = CYLINDRICAL_SURFACE ( 'NONE', #367, 2.149999999999997247 ) ;
#1998 = DIRECTION ( 'NONE',  ( 1.000000000000000000, -6.938893903907232322E-16, -0.000000000000000000 ) ) ;
#1999 = DIRECTION ( 'NONE',  ( 6.938893903907232322E-16, 1.000000000000000000, 0.000000000000000000 ) ) ;
#2000 = DIRECTION ( 'NONE',  ( -1.000000000000000000, 6.938893903907231336E-16, 0.000000000000000000 ) ) ;
#2001 = CIRCLE ( 'NONE', #4668, 1.000000000000000888 ) ;
#2002 = CIRCLE ( 'NONE', #4766, 1.049999999999998490 ) ;
#2003 = ORIENTED_EDGE ( 'NONE', *, *, #831, .F. ) ;
#2004 = PLANE ( 'NONE',  #5733 ) ;
#2005 = DIRECTION ( 'NONE',  ( -1.000000000000000000, 6.938893903907228378E-16, -0.000000000000000000 ) ) ;
#2006 = VECTOR ( 'NONE', #3210, 1000.000000000000000 ) ;
#2007 = EDGE_CURVE ( 'NONE', #3191, #3201, #4427, .T. ) ;
#2008 = CLOSED_SHELL ( 'NONE', ( #3151, #3775, #2799, #29, #2252, #511, #2116, #1156, #5279, #2842, #5101, #2263, #3399, #220, #2701, #3305, #847, #3900, #5401, #3233, #2800, #294, #2328, #401, #5010, #2886, #2535, #2442, #3605, #2621, #4456, #112, #1822, #1290, #435, #2267, #5851, #5130, #4448, #923, #5524, #1207, #2868, #145, #5057, #4365, #2289, #3741, #1407, #597, #5066, #4501, #5234, #1144, #5174, #3970, #98, #5179, #4146, #2078, #1615, #753, #4537, #2230, #3137, #900, #4808, #336, #5167, #381, #5498, #5704, #5287, #5102, #3312, #980, #5296, #3969, #548, #1486, #1920, #2357, #1678, #3774, #5585, #824, #73, #5448, #221, #4070, #3461, #2335, #1903, #4621, #3571, #2905, #4116, #1107, #1589, #3410, #2732, #1369, #3425, #1960, #4462, #4490, #3384, #4179, #5709, #1389, #3178, #4970, #1453, #628, #4246, #1033, #3058, #592, #1182, #5766, #1342, #5128, #5674, #4816, #2179, #5878, #4523, #4632, #2741, #1285, #5056, #2551, #3319, #3220, #1653, #2692, #3392, #483, #2672, #4720, #1225, #5834, #5641, #4800, #2869, #1787, #4931, #5682, #4653, #2238, #2255, #5036, #4961, #4214, #893, #1705, #1667, #2635, #2222, #737, #5143, #666, #293, #4245, #5440, #3334, #2106, #5914, #3676, #5136, #1001, #1189, #856, #1550, #5570, #3716, #168, #1895, #5613, #4411, #4552, #4893, #5373, #2938, #588 ) ) ;
#2009 = CIRCLE ( 'NONE', #4505, 1.000000000000000000 ) ;
#2010 = DIRECTION ( 'NONE',  ( 0.000000000000000000, 0.000000000000000000, 1.000000000000000000 ) ) ;
#2011 = AXIS2_PLACEMENT_3D ( 'NONE', #756, #2598, #2207 ) ;
#2012 = VERTEX_POINT ( 'NONE', #1489 ) ;
#2013 = EDGE_LOOP ( 'NONE', ( #1765, #784, #3980, #5486 ) ) ;
#2014 = AXIS2_PLACEMENT_3D ( 'NONE', #300, #1272, #3963 ) ;
#2015 = DIRECTION ( 'NONE',  ( 7.501506923142953835E-16, 1.000000000000000000, 0.000000000000000000 ) ) ;
#2016 = PERSON_AND_ORGANIZATION ( #217, #3038 ) ;
#2017 = FACE_OUTER_BOUND ( 'NONE', #2925, .T. ) ;
#2018 = VERTEX_POINT ( 'NONE', #4688 ) ;
#2019 = VERTEX_POINT ( 'NONE', #521 ) ;
#2020 = CARTESIAN_POINT ( 'NONE',  ( 30.62500000000002132, -22.13092328659131169, 6.261846573181516717 ) ) ;
#2021 = DIRECTION ( 'NONE',  ( -1.000000000000000000, -4.625929269271484928E-16, 0.000000000000000000 ) ) ;
#2022 = CARTESIAN_POINT ( 'NONE',  ( -2.499999999999999556, 7.100000000000001421, 16.83303027798233131 ) ) ;
#2023 = VERTEX_POINT ( 'NONE', #5528 ) ;
#2024 = EDGE_CURVE ( 'NONE', #2920, #5571, #1935, .T. ) ;
#2025 = EDGE_CURVE ( 'NONE', #3088, #3386, #3267, .T. ) ;
#2026 = ORIENTED_EDGE ( 'NONE', *, *, #3589, .T. ) ;
#2027 = VERTEX_POINT ( 'NONE', #1546 ) ;
#2028 = CARTESIAN_POINT ( 'NONE',  ( -8.485281374238569541, 4.636529077491872819, 8.000000000000000000 ) ) ;
#2029 = CARTESIAN_POINT ( 'NONE',  ( -26.82500000000000995, -10.46999999999998998, -20.00000000000000000 ) ) ;
#2030 = CYLINDRICAL_SURFACE ( 'NONE', #5196, 2.000000000000001776 ) ;
#2031 = CARTESIAN_POINT ( 'NONE',  ( 7.053903195132210639E-15, -23.00000000000000000, 7.000000000000000000 ) ) ;
#2032 = EDGE_CURVE ( 'NONE', #339, #2141, #1841, .T. ) ;
#2033 = ORIENTED_EDGE ( 'NONE', *, *, #62, .T. ) ;
#2034 = VECTOR ( 'NONE', #2833, 1000.000000000000000 ) ;
#2035 = CARTESIAN_POINT ( 'NONE',  ( 1.530808498934192064E-16, -12.89999999999999858, 18.09999999999999787 ) ) ;
#2036 = CARTESIAN_POINT ( 'NONE',  ( -30.22433366422762901, -23.22909346051858392, 6.614546730259359464 ) ) ;
#2037 = DIRECTION ( 'NONE',  ( -1.000000000000000000, 0.000000000000000000, 0.000000000000000000 ) ) ;
#2038 = ORIENTED_EDGE ( 'NONE', *, *, #5578, .T. ) ;
#2039 = CARTESIAN_POINT ( 'NONE',  ( 10.24763258012649381, -0.3420201433256684909, 3.469446951953614189E-15 ) ) ;
#2040 = VECTOR ( 'NONE', #2123, 1000.000000000000000 ) ;
#2041 = ORIENTED_EDGE ( 'NONE', *, *, #2348, .T. ) ;
#2042 = VERTEX_POINT ( 'NONE', #3375 ) ;
#2043 = CARTESIAN_POINT ( 'NONE',  ( 2.684678751731757629, 0.1000000000000009909, 13.44999999999999929 ) ) ;
#2044 = CARTESIAN_POINT ( 'NONE',  ( 22.62500000000001421, -23.98828135042174736, -5.000000000000000000 ) ) ;
#2045 = APPROVAL_ROLE ( '' ) ;
#2046 = DIRECTION ( 'NONE',  ( 0.000000000000000000, -1.000000000000000000, 0.000000000000000000 ) ) ;
#2047 = DIRECTION ( 'NONE',  ( 0.000000000000000000, 0.7071067811865463515, 0.7071067811865486830 ) ) ;
#2048 = B_SPLINE_CURVE_WITH_KNOTS ( 'NONE', 3,
 ( #3129, #3956, #2586, #256, #4496, #4408, #1710, #4373, #2674, #4941, #2618, #4012 ),
 .UNSPECIFIED., .F., .F.,
 ( 4, 2, 2, 2, 2, 4 ),
 ( 3.469446951953614189E-18, 0.0003848779396954729592, 0.0007697558793909424490, 0.001539511758781879260, 0.002309267638172816505, 0.003079023517563753750 ),
 .UNSPECIFIED. ) ;
#2049 = EDGE_LOOP ( 'NONE', ( #1662, #3929, #2459, #3517 ) ) ;
#2050 = ORIENTED_EDGE ( 'NONE', *, *, #1581, .T. ) ;
#2051 = CARTESIAN_POINT ( 'NONE',  ( 30.62490745013973736, -22.19633697005045292, 6.196336970048692550 ) ) ;
#2052 = FACE_OUTER_BOUND ( 'NONE', #2449, .T. ) ;
#2053 = DIRECTION ( 'NONE',  ( 1.000000000000000000, 6.938893903907231336E-16, 1.972152263052529514E-31 ) ) ;
#2054 = ORIENTED_EDGE ( 'NONE', *, *, #2024, .F. ) ;
#2055 = CIRCLE ( 'NONE', #5492, 1.000000000000001554 ) ;
#2056 = EDGE_LOOP ( 'NONE', ( #2339, #5648, #4998, #488 ) ) ;
#2057 = VERTEX_POINT ( 'NONE', #544 ) ;
#2058 = DIRECTION ( 'NONE',  ( 1.000000000000000000, -6.938893903907232322E-16, -0.000000000000000000 ) ) ;
#2059 = FACE_OUTER_BOUND ( 'NONE', #3327, .T. ) ;
#2060 = DIRECTION ( 'NONE',  ( 1.000000000000000000, 0.000000000000000000, 0.000000000000000000 ) ) ;
#2061 = EDGE_CURVE ( 'NONE', #5857, #5513, #2999, .T. ) ;
#2062 = DIRECTION ( 'NONE',  ( 1.000000000000000000, 6.938893903907232322E-16, 0.000000000000000000 ) ) ;
#2063 = EDGE_LOOP ( 'NONE', ( #5760, #3365 ) ) ;
#2064 = EDGE_LOOP ( 'NONE', ( #5435, #3468, #180, #1059 ) ) ;
#2065 = DIRECTION ( 'NONE',  ( -1.000000000000000000, 6.938893903907227392E-16, 0.000000000000000000 ) ) ;
#2066 = CARTESIAN_POINT ( 'NONE',  ( -29.84497956991499024, -22.79510763021250241, 7.590215260425022592 ) ) ;
#2067 = CARTESIAN_POINT ( 'NONE',  ( 23.82500000000000284, -4.813145750507624498, -14.34314575050761320 ) ) ;
#2068 = ORIENTED_EDGE ( 'NONE', *, *, #3417, .F. ) ;
#2069 = EDGE_CURVE ( 'NONE', #3346, #2460, #3366, .T. ) ;
#2070 = CARTESIAN_POINT ( 'NONE',  ( 30.62500000000001066, -16.12685424949239987, -14.34314575050765050 ) ) ;
#2071 = AXIS2_PLACEMENT_3D ( 'NONE', #334, #2181, #5792 ) ;
#2072 = ORIENTED_EDGE ( 'NONE', *, *, #41, .T. ) ;
#2073 = VERTEX_POINT ( 'NONE', #1880 ) ;
#2074 = CARTESIAN_POINT ( 'NONE',  ( 17.62499999999998934, 15.77854679802960902, -5.000000000000000000 ) ) ;
#2075 = CARTESIAN_POINT ( 'NONE',  ( 30.62500000000000711, -2.869076713409103530, 6.261846573181768960 ) ) ;
#2076 = APPROVAL_STATUS ( 'not_yet_approved' ) ;
#2077 = DIRECTION ( 'NONE',  ( -1.000000000000000000, 0.000000000000000000, 0.000000000000000000 ) ) ;
#2078 = ADVANCED_FACE ( 'NONE', ( #1007 ), #580, .F. ) ;
#2079 = CARTESIAN_POINT ( 'NONE',  ( -10.93088644902946172, 2.615734420549013617, 13.75722442384904554 ) ) ;
#2080 = ORIENTED_EDGE ( 'NONE', *, *, #2998, .F. ) ;
#2081 = B_SPLINE_CURVE_WITH_KNOTS ( 'NONE', 3,
 ( #4751, #5626, #1473, #3771, #1560, #5183, #2829, #1529, #4191, #1020, #2496, #1081, #3281, #565, #2854, #5151, #200, #4671, #595, #2913, #2941, #4728, #3387, #78, #4314, #5211, #4221, #1053, #653, #2043 ),
 .UNSPECIFIED., .F., .F.,
 ( 4, 2, 2, 2, 2, 2, 2, 2, 2, 2, 2, 2, 2, 2, 4 ),
 ( 0.004929925209555353904, 0.005237500877922275644, 0.005545076546289197383, 0.005852652214656119123, 0.006160227883023040862, 0.006467803551389962602, 0.006775379219756883474, 0.007390530556490713075, 0.007698106224857626141, 0.008005681893224538340, 0.008620833229958357533, 0.008928408898325270598, 0.009235984566692181930, 0.009543560235059093261, 0.009851135903426004592 ),
 .UNSPECIFIED. ) ;
#2082 = CARTESIAN_POINT ( 'NONE',  ( 23.82500000000001350, -22.58956521739129286, -23.06041483158719885 ) ) ;
#2083 = DIRECTION ( 'NONE',  ( 6.938893903907232322E-16, 1.000000000000000000, 0.000000000000000000 ) ) ;
#2084 = DIRECTION ( 'NONE',  ( -1.000000000000000000, -6.938893903907232322E-16, -0.000000000000000000 ) ) ;
#2085 = DIRECTION ( 'NONE',  ( 1.000000000000000000, 0.000000000000000000, 0.000000000000000000 ) ) ;
#2086 = ORIENTED_EDGE ( 'NONE', *, *, #3783, .F. ) ;
#2087 = VERTEX_POINT ( 'NONE', #4236 ) ;
#2088 = EDGE_LOOP ( 'NONE', ( #250, #2206, #1195, #776 ) ) ;
#2089 = CYLINDRICAL_SURFACE ( 'NONE', #275, 2.149999999999997247 ) ;
#2090 = CARTESIAN_POINT ( 'NONE',  ( 22.62500000000001421, -21.61999999999999389, -22.81558164506022024 ) ) ;
#2091 = CC_DESIGN_DATE_AND_TIME_ASSIGNMENT ( #263, #299, ( #3670 ) ) ;
#2092 = FACE_OUTER_BOUND ( 'NONE', #3973, .T. ) ;
#2093 = DIRECTION ( 'NONE',  ( 0.000000000000000000, -0.8976508421173857721, -0.4407073469389273801 ) ) ;
#2094 = FACE_OUTER_BOUND ( 'NONE', #2415, .T. ) ;
#2095 = VERTEX_POINT ( 'NONE', #3318 ) ;
#2096 = EDGE_CURVE ( 'NONE', #4189, #1571, #788, .T. ) ;
#2097 = CARTESIAN_POINT ( 'NONE',  ( 6.482981132164891136, -23.99037063872957987, 7.165914728619912744 ) ) ;
#2098 = CARTESIAN_POINT ( 'NONE',  ( -28.62500000000001776, -24.00000000000001066, 7.000000000000000000 ) ) ;
#2099 = CARTESIAN_POINT ( 'NONE',  ( 17.62500000000001421, -23.99999999999999645, 0.000000000000000000 ) ) ;
#2100 = EDGE_LOOP ( 'NONE', ( #1455, #3770, #4030, #528, #4719 ) ) ;
#2101 = CIRCLE ( 'NONE', #2956, 1.049999999999998934 ) ;
#2102 = FACE_OUTER_BOUND ( 'NONE', #2559, .T. ) ;
#2103 = VECTOR ( 'NONE', #5818, 1000.000000000000000 ) ;
#2104 = EDGE_CURVE ( 'NONE', #2169, #1304, #3189, .T. ) ;
#2105 = AXIS2_PLACEMENT_3D ( 'NONE', #4208, #3787, #3348 ) ;
#2106 = ADVANCED_FACE ( 'NONE', ( #4209 ), #1066, .T. ) ;
#2107 = VERTEX_POINT ( 'NONE', #3349 ) ;
#2108 = ORIENTED_EDGE ( 'NONE', *, *, #5538, .F. ) ;
#2109 = CARTESIAN_POINT ( 'NONE',  ( -28.62500000000000000, 2.030000000000011351, -20.00000000000000000 ) ) ;
#2110 = CARTESIAN_POINT ( 'NONE',  ( 28.62500000000000711, -0.9999999999999886757, 8.000000000000000000 ) ) ;
#2111 = APPROVAL_STATUS ( 'not_yet_approved' ) ;
#2112 = DIRECTION ( 'NONE',  ( 0.000000000000000000, 0.000000000000000000, -1.000000000000000000 ) ) ;
#2113 = CIRCLE ( 'NONE', #2121, 2.000000000000001776 ) ;
#2114 = AXIS2_PLACEMENT_3D ( 'NONE', #5763, #2084, #5219 ) ;
#2115 = CARTESIAN_POINT ( 'NONE',  ( -10.67502127047491811, 1.007838633687987873, 12.34498046020620876 ) ) ;
#2116 = ADVANCED_FACE ( 'NONE', ( #2901 ), #2844, .F. ) ;
#2117 = ORIENTED_EDGE ( 'NONE', *, *, #3803, .F. ) ;
#2118 = PLANE ( 'NONE',  #463 ) ;
#2119 = PLANE ( 'NONE',  #3543 ) ;
#2120 = DIRECTION ( 'NONE',  ( -1.000000000000000000, -3.066914432666178839E-16, 0.000000000000000000 ) ) ;
#2121 = AXIS2_PLACEMENT_3D ( 'NONE', #3937, #5313, #5375 ) ;
#2122 = DESIGN_CONTEXT ( 'detailed design', #3202, 'design' ) ;
#2123 = DIRECTION ( 'NONE',  ( -2.264240584104833350E-47, 7.395570986446985676E-32, 1.000000000000000000 ) ) ;
#2124 = ORIENTED_EDGE ( 'NONE', *, *, #708, .T. ) ;
#2125 = AXIS2_PLACEMENT_3D ( 'NONE', #2202, #4419, #3933 ) ;
#2126 = EDGE_LOOP ( 'NONE', ( #3314, #4325 ) ) ;
#2127 = VERTEX_POINT ( 'NONE', #4714 ) ;
#2128 = CARTESIAN_POINT ( 'NONE',  ( -28.62500000000000000, 0.7172701352723825918, -7.394428844850265747 ) ) ;
#2129 = LINE ( 'NONE', #3439, #371 ) ;
#2130 = FACE_OUTER_BOUND ( 'NONE', #5158, .T. ) ;
#2131 = CARTESIAN_POINT ( 'NONE',  ( 22.62500000000000000, -0.2376834904517996505, -4.999999999999999112 ) ) ;
#2132 = FACE_OUTER_BOUND ( 'NONE', #5094, .T. ) ;
#2133 = ORIENTED_EDGE ( 'NONE', *, *, #4798, .F. ) ;
#2134 = LINE ( 'NONE', #3481, #4015 ) ;
#2135 = CARTESIAN_POINT ( 'NONE',  ( -30.62500000000000355, -6.963145750507616860, -14.34314575050761320 ) ) ;
#2136 = FACE_OUTER_BOUND ( 'NONE', #2358, .T. ) ;
#2137 = CARTESIAN_POINT ( 'NONE',  ( 30.62500000000000000, 0.03000000000001404321, -14.00000000000000000 ) ) ;
#2138 = AXIS2_PLACEMENT_3D ( 'NONE', #2070, #5491, #4595 ) ;
#2139 = VECTOR ( 'NONE', #4194, 1000.000000000000000 ) ;
#2140 = VERTEX_POINT ( 'NONE', #148 ) ;
#2141 = VERTEX_POINT ( 'NONE', #2396 ) ;
#2142 = CARTESIAN_POINT ( 'NONE',  ( 25.62500000000000711, -13.97685424949240485, -14.34314575050765050 ) ) ;
#2143 = PLANE ( 'NONE',  #5625 ) ;
#2144 = APPROVAL_STATUS ( 'not_yet_approved' ) ;
#2145 = DIRECTION ( 'NONE',  ( 1.000000000000000000, -6.938893903907232322E-16, -0.000000000000000000 ) ) ;
#2146 = EDGE_CURVE ( 'NONE', #5146, #4869, #5645, .T. ) ;
#2147 = EDGE_CURVE ( 'NONE', #5552, #1298, #5858, .T. ) ;
#2148 = ORIENTED_EDGE ( 'NONE', *, *, #2069, .T. ) ;
#2149 = DIRECTION ( 'NONE',  ( 0.000000000000000000, 0.000000000000000000, -1.000000000000000000 ) ) ;
#2150 = FACE_OUTER_BOUND ( 'NONE', #4005, .T. ) ;
#2151 = LINE ( 'NONE', #4453, #2399 ) ;
#2152 = VECTOR ( 'NONE', #2275, 1000.000000000000000 ) ;
#2153 = PLANE ( 'NONE',  #4052 ) ;
#2154 = VERTEX_POINT ( 'NONE', #3819 ) ;
#2155 = EDGE_CURVE ( 'NONE', #2536, #5595, #4152, .T. ) ;
#2156 = ORIENTED_EDGE ( 'NONE', *, *, #5943, .T. ) ;
#2157 = ORIENTED_EDGE ( 'NONE', *, *, #5518, .T. ) ;
#2158 = DIRECTION ( 'NONE',  ( -1.000000000000000000, 6.938893903907230350E-16, 1.972152263052529514E-31 ) ) ;
#2159 = DIRECTION ( 'NONE',  ( -1.000000000000000000, -6.938893903907232322E-16, -0.000000000000000000 ) ) ;
#2160 = CIRCLE ( 'NONE', #1957, 1.049999999999998934 ) ;
#2161 = DIRECTION ( 'NONE',  ( 0.000000000000000000, 0.7071067811865463515, 0.7071067811865486830 ) ) ;
#2162 = EDGE_CURVE ( 'NONE', #5513, #2766, #14, .T. ) ;
#2163 = CARTESIAN_POINT ( 'NONE',  ( 25.62500000000000000, -2.469999999999991314, -20.00000000000000000 ) ) ;
#2164 = VERTEX_POINT ( 'NONE', #5259 ) ;
#2165 = CARTESIAN_POINT ( 'NONE',  ( -2.499999999999999556, -12.89999999999999858, 13.16696972201766336 ) ) ;
#2166 = CARTESIAN_POINT ( 'NONE',  ( -29.84497956991502221, -23.59021526042501193, 6.795107630212525507 ) ) ;
#2167 = LINE ( 'NONE', #1651, #4309 ) ;
#2168 = LINE ( 'NONE', #2648, #3537 ) ;
#2169 = VERTEX_POINT ( 'NONE', #3850 ) ;
#2170 = VERTEX_POINT ( 'NONE', #640 ) ;
#2171 = DIRECTION ( 'NONE',  ( 1.000000000000000000, -6.938893903907232322E-16, -0.000000000000000000 ) ) ;
#2172 = CARTESIAN_POINT ( 'NONE',  ( 29.92895656095028301, -1.437453613250635698, 7.562546386749312788 ) ) ;
#2173 = LINE ( 'NONE', #3584, #3077 ) ;
#2174 = EDGE_CURVE ( 'NONE', #4936, #3997, #735, .T. ) ;
#2175 = EDGE_LOOP ( 'NONE', ( #516, #1344, #5668, #4480, #4272, #2359, #622, #4181, #3649, #4000, #4683, #5235 ) ) ;
#2176 = CIRCLE ( 'NONE', #3227, 2.149999999999998135 ) ;
#2177 = EDGE_CURVE ( 'NONE', #5920, #2248, #1165, .T. ) ;
#2178 = DIRECTION ( 'NONE',  ( 1.000000000000000000, 6.938893903907229364E-16, 9.860761315262647568E-32 ) ) ;
#2179 = ADVANCED_FACE ( 'NONE', ( #2059 ), #1573, .F. ) ;
#2180 = DIRECTION ( 'NONE',  ( 1.000000000000000000, -6.938893903907233308E-16, 0.000000000000000000 ) ) ;
#2181 = DIRECTION ( 'NONE',  ( -1.000000000000000000, 6.938893903907230350E-16, 4.930380657631323784E-32 ) ) ;
#2182 = CARTESIAN_POINT ( 'NONE',  ( 11.18732520091240268, 4.738158552792091061E-15, 8.000000000000000000 ) ) ;
#2183 = ORIENTED_EDGE ( 'NONE', *, *, #3683, .F. ) ;
#2184 = ORIENTED_EDGE ( 'NONE', *, *, #2807, .F. ) ;
#2185 = VERTEX_POINT ( 'NONE', #1192 ) ;
#2186 = EDGE_CURVE ( 'NONE', #5044, #2337, #5092, .T. ) ;
#2187 = DIRECTION ( 'NONE',  ( 3.469446951953613696E-16, -1.000000000000000000, 9.860761315262647568E-32 ) ) ;
#2188 = CARTESIAN_POINT ( 'NONE',  ( 25.62500000000000711, -18.46999999999999176, -20.00000000000000000 ) ) ;
#2189 = CARTESIAN_POINT ( 'NONE',  ( 7.485281374238565988, 5.500000000000003553, -4.067564042545844749E-31 ) ) ;
#2190 = EDGE_LOOP ( 'NONE', ( #4233, #1569 ) ) ;
#2191 = EDGE_CURVE ( 'NONE', #1655, #2552, #849, .T. ) ;
#2192 = CARTESIAN_POINT ( 'NONE',  ( -22.62500000000000355, -0.3369672956204927128, -4.681969542500308279 ) ) ;
#2193 = DIRECTION ( 'NONE',  ( 6.938893903907232322E-16, -1.000000000000000000, 0.000000000000000000 ) ) ;
#2194 = CARTESIAN_POINT ( 'NONE',  ( 1.530808498934192064E-16, -12.89999999999999858, 15.00000000000000000 ) ) ;
#2195 = CARTESIAN_POINT ( 'NONE',  ( -22.62500000000000000, -0.2376834904517996505, -4.999999999999999112 ) ) ;
#2196 = EDGE_LOOP ( 'NONE', ( #854, #731 ) ) ;
#2197 = ORIENTED_EDGE ( 'NONE', *, *, #5027, .F. ) ;
#2198 = DIRECTION ( 'NONE',  ( 0.000000000000000000, -1.000000000000000000, 0.000000000000000000 ) ) ;
#2199 = CARTESIAN_POINT ( 'NONE',  ( 30.37257278571697583, -2.496381030503266540, 7.007237938993472248 ) ) ;
#2200 = VECTOR ( 'NONE', #2850, 1000.000000000000000 ) ;
#2201 = AXIS2_PLACEMENT_3D ( 'NONE', #5615, #3407, #2454 ) ;
#2202 = CARTESIAN_POINT ( 'NONE',  ( -30.62500000000000355, -4.813145750507619169, -14.34314575050761320 ) ) ;
#2203 = CIRCLE ( 'NONE', #2962, 2.149999999999999023 ) ;
#2204 = CIRCLE ( 'NONE', #2773, 1.000000000000000000 ) ;
#2205 = AXIS2_PLACEMENT_3D ( 'NONE', #172, #1506, #1566 ) ;
#2206 = ORIENTED_EDGE ( 'NONE', *, *, #1780, .T. ) ;
#2207 = DIRECTION ( 'NONE',  ( -1.000000000000000000, -3.154042683594194627E-16, 0.000000000000000000 ) ) ;
#2208 = CARTESIAN_POINT ( 'NONE',  ( -10.66113991835925034, -0.6296076020802693352, 17.70951718033139244 ) ) ;
#2209 = DIRECTION ( 'NONE',  ( 0.000000000000000000, 1.000000000000000000, 0.000000000000000000 ) ) ;
#2210 = AXIS2_PLACEMENT_3D ( 'NONE', #2900, #4151, #982 ) ;
#2211 = CIRCLE ( 'NONE', #3549, 10.00000000000000000 ) ;
#2212 = DIRECTION ( 'NONE',  ( 1.000000000000000000, -6.938893903907232322E-16, -0.000000000000000000 ) ) ;
#2213 = ORIENTED_EDGE ( 'NONE', *, *, #363, .F. ) ;
#2214 = AXIS2_PLACEMENT_3D ( 'NONE', #639, #3474, #5670 ) ;
#2215 = ORIENTED_EDGE ( 'NONE', *, *, #5395, .T. ) ;
#2216 = AXIS2_PLACEMENT_3D ( 'NONE', #2409, #5657, #1449 ) ;
#2217 = EDGE_LOOP ( 'NONE', ( #4282, #4474, #3147, #4313 ) ) ;
#2218 = LINE ( 'NONE', #5521, #3259 ) ;
#2219 = CIRCLE ( 'NONE', #380, 2.149999999999998135 ) ;
#2220 = CARTESIAN_POINT ( 'NONE',  ( -10.67483346737123107, -0.8057992568618903562, 12.34421702544977073 ) ) ;
#2221 = ORIENTED_EDGE ( 'NONE', *, *, #1661, .F. ) ;
#2222 = ADVANCED_FACE ( 'NONE', ( #1097 ), #4225, .T. ) ;
#2223 = EDGE_CURVE ( 'NONE', #2540, #4605, #2422, .T. ) ;
#2224 = AXIS2_PLACEMENT_3D ( 'NONE', #4695, #646, #2489 ) ;
#2225 = EDGE_LOOP ( 'NONE', ( #534, #1297, #763, #5189 ) ) ;
#2226 = CARTESIAN_POINT ( 'NONE',  ( -21.98364490749091615, -0.8108077533063478004, -2.527922199549068605 ) ) ;
#2227 = CARTESIAN_POINT ( 'NONE',  ( -30.62500000000001066, -18.46999999999998820, -20.00000000000000000 ) ) ;
#2228 = CYLINDRICAL_SURFACE ( 'NONE', #509, 10.14999999999999858 ) ;
#2229 = PLANE ( 'NONE',  #1424 ) ;
#2230 = ADVANCED_FACE ( 'NONE', ( #2130 ), #2808, .T. ) ;
#2231 = CARTESIAN_POINT ( 'NONE',  ( -11.00000000000000178, 2.900000000000003908, 14.81538145309284538 ) ) ;
#2232 = ORIENTED_EDGE ( 'NONE', *, *, #4077, .F. ) ;
#2233 = EDGE_LOOP ( 'NONE', ( #1558, #1324 ) ) ;
#2234 = CARTESIAN_POINT ( 'NONE',  ( 26.82500000000000995, -10.46999999999998998, -20.00000000000000000 ) ) ;
#2235 = CARTESIAN_POINT ( 'NONE',  ( -28.88679617165935554, -2.006446089929507792, 7.987107820140943559 ) ) ;
#2236 = DIRECTION ( 'NONE',  ( 1.000000000000000000, -0.000000000000000000, -0.000000000000000000 ) ) ;
#2237 = AXIS2_PLACEMENT_3D ( 'NONE', #4041, #4128, #5417 ) ;
#2238 = ADVANCED_FACE ( 'NONE', ( #2092 ), #4361, .F. ) ;
#2239 = VERTEX_POINT ( 'NONE', #3910 ) ;
#2240 = CIRCLE ( 'NONE', #887, 1.049999999999998490 ) ;
#2241 = DIRECTION ( 'NONE',  ( 1.000000000000000000, 3.061616997868382648E-16, 0.000000000000000000 ) ) ;
#2242 = DIRECTION ( 'NONE',  ( 6.203362532614058071E-16, 1.000000000000000000, 0.000000000000000000 ) ) ;
#2243 = DIRECTION ( 'NONE',  ( 1.000000000000000000, -6.938893903907233308E-16, 0.000000000000000000 ) ) ;
#2244 = CARTESIAN_POINT ( 'NONE',  ( 28.62499999999998934, 15.77854679802961968, 0.000000000000000000 ) ) ;
#2245 = ORIENTED_EDGE ( 'NONE', *, *, #2998, .T. ) ;
#2246 = CIRCLE ( 'NONE', #3585, 1.000000000000000000 ) ;
#2247 = VERTEX_POINT ( 'NONE', #5743 ) ;
#2248 = VERTEX_POINT ( 'NONE', #1220 ) ;
#2249 = CARTESIAN_POINT ( 'NONE',  ( -8.485281374238550001, -58.05877273185281950, 8.000000000000000000 ) ) ;
#2250 = CARTESIAN_POINT ( 'NONE',  ( 28.62499999999999645, 0.03000000000000918599, -20.00000000000000000 ) ) ;
#2251 = ORIENTED_EDGE ( 'NONE', *, *, #1264, .F. ) ;
#2252 = ADVANCED_FACE ( 'NONE', ( #1644 ), #2479, .F. ) ;
#2253 = CARTESIAN_POINT ( 'NONE',  ( -28.62499999999999645, 0.03000000000001005335, -20.00000000000000000 ) ) ;
#2254 = CARTESIAN_POINT ( 'NONE',  ( 29.95102723495196173, -23.47348905859761103, -7.915875543035896911 ) ) ;
#2255 = ADVANCED_FACE ( 'NONE', ( #5295 ), #1677, .F. ) ;
#2256 = DIRECTION ( 'NONE',  ( 3.469446951953613696E-16, -1.000000000000000000, -0.000000000000000000 ) ) ;
#2257 = DIRECTION ( 'NONE',  ( 1.000000000000000000, 6.938893903907230350E-16, 1.972152263052529514E-31 ) ) ;
#2258 = CARTESIAN_POINT ( 'NONE',  ( -10.72902265596289872, 1.505233688715186036, 12.57121880431214045 ) ) ;
#2259 = VERTEX_POINT ( 'NONE', #4874 ) ;
#2260 = VERTEX_POINT ( 'NONE', #2687 ) ;
#2261 = CARTESIAN_POINT ( 'NONE',  ( -0.9999999999999922284, -26.20000000000000284, 9.999999999999998224 ) ) ;
#2262 = CARTESIAN_POINT ( 'NONE',  ( -28.62500000000000711, -1.000000000000007772, 8.000000000000000000 ) ) ;
#2263 = ADVANCED_FACE ( 'NONE', ( #392 ), #5199, .F. ) ;
#2264 = CARTESIAN_POINT ( 'NONE',  ( -25.62500000000000711, -18.27685424949240200, -14.34314575050765050 ) ) ;
#2265 = EDGE_LOOP ( 'NONE', ( #2157, #4016 ) ) ;
#2266 = LINE ( 'NONE', #1330, #1057 ) ;
#2267 = ADVANCED_FACE ( 'NONE', ( #5464 ), #1893, .F. ) ;
#2268 = CARTESIAN_POINT ( 'NONE',  ( 30.62500000000000711, -10.47000000000001485, -12.00000000000000000 ) ) ;
#2269 = DIRECTION ( 'NONE',  ( 0.000000000000000000, 0.000000000000000000, -1.000000000000000000 ) ) ;
#2270 = AXIS2_PLACEMENT_3D ( 'NONE', #1500, #2832, #4193 ) ;
#2271 = ORIENTED_EDGE ( 'NONE', *, *, #495, .F. ) ;
#2272 = ORIENTED_EDGE ( 'NONE', *, *, #2989, .F. ) ;
#2273 = DIRECTION ( 'NONE',  ( -1.000000000000000000, -6.938893903907232322E-16, -0.000000000000000000 ) ) ;
#2274 = LOCAL_TIME ( 10, 36, 4.000000000000000000, #4859 ) ;
#2275 = DIRECTION ( 'NONE',  ( 2.264240584104833350E-47, -7.395570986446985676E-32, -1.000000000000000000 ) ) ;
#2276 = ORIENTED_EDGE ( 'NONE', *, *, #4549, .F. ) ;
#2277 = ORIENTED_EDGE ( 'NONE', *, *, #1302, .F. ) ;
#2278 = CYLINDRICAL_SURFACE ( 'NONE', #3813, 1.000000000000000888 ) ;
#2279 = CYLINDRICAL_SURFACE ( 'NONE', #2237, 1.000000000000001776 ) ;
#2280 = DIRECTION ( 'NONE',  ( -2.931054078198949621E-16, 1.000000000000000000, -7.395570986446985676E-32 ) ) ;
#2281 = FACE_OUTER_BOUND ( 'NONE', #182, .T. ) ;
#2282 = EDGE_CURVE ( 'NONE', #3322, #3396, #587, .T. ) ;
#2283 = CARTESIAN_POINT ( 'NONE',  ( 29.79657287525381903, -1.999999999999988232, 8.000000000000001776 ) ) ;
#2284 = ORIENTED_EDGE ( 'NONE', *, *, #1370, .F. ) ;
#2285 = EDGE_LOOP ( 'NONE', ( #5141, #518, #732, #331 ) ) ;
#2286 = DIRECTION ( 'NONE',  ( 1.000000000000000000, -6.938893903907228378E-16, 0.000000000000000000 ) ) ;
#2287 = CARTESIAN_POINT ( 'NONE',  ( -29.26943133430566846, -2.051073899051392146, 7.897852201897191726 ) ) ;
#2288 = DIRECTION ( 'NONE',  ( 1.000000000000000000, 6.938893903907228378E-16, -0.000000000000000000 ) ) ;
#2289 = ADVANCED_FACE ( 'NONE', ( #2805 ), #4164, .F. ) ;
#2290 = EDGE_CURVE ( 'NONE', #4090, #3684, #1844, .T. ) ;
#2291 = VERTEX_POINT ( 'NONE', #446 ) ;
#2292 = AXIS2_PLACEMENT_3D ( 'NONE', #2903, #3378, #1912 ) ;
#2293 = LINE ( 'NONE', #443, #5459 ) ;
#2294 = CARTESIAN_POINT ( 'NONE',  ( -8.485281374238569541, 4.499999999999955591, -1.607575889660060295E-16 ) ) ;
#2295 = LINE ( 'NONE', #3976, #5160 ) ;
#2296 = FACE_OUTER_BOUND ( 'NONE', #1814, .T. ) ;
#2297 = CARTESIAN_POINT ( 'NONE',  ( 0.000000000000000000, 0.000000000000000000, 0.000000000000000000 ) ) ;
#2298 = VECTOR ( 'NONE', #5122, 1000.000000000000000 ) ;
#2299 = EDGE_CURVE ( 'NONE', #2291, #2590, #5490, .T. ) ;
#2300 = ORIENTED_EDGE ( 'NONE', *, *, #1008, .T. ) ;
#2301 = ORIENTED_EDGE ( 'NONE', *, *, #5333, .F. ) ;
#2302 = CIRCLE ( 'NONE', #4586, 1.000000000000000888 ) ;
#2303 = CARTESIAN_POINT ( 'NONE',  ( 22.32038261546997404, -0.6782322533770287487, -3.273775984563608521 ) ) ;
#2304 = AXIS2_PLACEMENT_3D ( 'NONE', #3623, #3148, #4035 ) ;
#2305 = CARTESIAN_POINT ( 'NONE',  ( -10.96400005584762205, -2.555920247773382670, 14.09482821182401935 ) ) ;
#2306 = ORIENTED_EDGE ( 'NONE', *, *, #858, .F. ) ;
#2307 = AXIS2_PLACEMENT_3D ( 'NONE', #3909, #2639, #5800 ) ;
#2308 = CIRCLE ( 'NONE', #3823, 1064.681666666833735 ) ;
#2309 = DIRECTION ( 'NONE',  ( 1.000000000000000000, 6.938893903907229364E-16, 9.860761315262647568E-32 ) ) ;
#2310 = CARTESIAN_POINT ( 'NONE',  ( 22.62500000000000000, -0.3199999999999925682, -22.81558164506020958 ) ) ;
#2311 = AXIS2_PLACEMENT_3D ( 'NONE', #3143, #850, #5432 ) ;
#2312 = VECTOR ( 'NONE', #5068, 1000.000000000000000 ) ;
#2313 = CARTESIAN_POINT ( 'NONE',  ( -28.32500000000000639, -5.369999999999989448, -20.00000000000000000 ) ) ;
#2314 = MANIFOLD_SOLID_BREP ( '圆角9', #2008 ) ;
#2315 = DIRECTION ( 'NONE',  ( 1.000000000000000000, 6.938893903907232322E-16, 0.000000000000000000 ) ) ;
#2316 = AXIS2_PLACEMENT_3D ( 'NONE', #558, #5145, #3413 ) ;
#2317 = CARTESIAN_POINT ( 'NONE',  ( -3.999999999999988010, -26.20000000000000284, 14.99999999999994849 ) ) ;
#2318 = ORIENTED_EDGE ( 'NONE', *, *, #1231, .F. ) ;
#2319 = CARTESIAN_POINT ( 'NONE',  ( -10.93063365997543279, 2.614655237867601567, 16.24521862068156253 ) ) ;
#2320 = CARTESIAN_POINT ( 'NONE',  ( -19.24194445615752258, -23.99997622412032072, -0.2574890542510859248 ) ) ;
#2321 = DIRECTION ( 'NONE',  ( -3.066914432666178839E-16, 1.000000000000000000, 0.000000000000000000 ) ) ;
#2322 = ORIENTED_EDGE ( 'NONE', *, *, #3510, .F. ) ;
#2323 = DIRECTION ( 'NONE',  ( 1.000000000000000000, -0.000000000000000000, -0.000000000000000000 ) ) ;
#2324 = DIRECTION ( 'NONE',  ( -1.000000000000000000, -2.602085213965211135E-16, 0.000000000000000000 ) ) ;
#2325 = DIRECTION ( 'NONE',  ( 3.469446951953614189E-16, -1.000000000000000000, 0.000000000000000000 ) ) ;
#2326 = AXIS2_PLACEMENT_3D ( 'NONE', #5502, #2671, #4551 ) ;
#2327 = CARTESIAN_POINT ( 'NONE',  ( -8.485281374238550001, -58.05877273185281950, 8.000000000000000000 ) ) ;
#2328 = ADVANCED_FACE ( 'NONE', ( #2296 ), #52, .F. ) ;
#2329 = PLANE ( 'NONE',  #2725 ) ;
#2330 = CIRCLE ( 'NONE', #2138, 2.149999999999998135 ) ;
#2331 = AXIS2_PLACEMENT_3D ( 'NONE', #1842, #4644, #2771 ) ;
#2332 = ORIENTED_EDGE ( 'NONE', *, *, #2908, .F. ) ;
#2333 = EDGE_LOOP ( 'NONE', ( #1954, #5563, #1641, #959 ) ) ;
#2334 = CARTESIAN_POINT ( 'NONE',  ( 4.000000000000011546, -29.19999999999999929, 15.00000000000001421 ) ) ;
#2335 = ADVANCED_FACE ( 'NONE', ( #1451 ), #3198, .T. ) ;
#2336 = CYLINDRICAL_SURFACE ( 'NONE', #3868, 1.049999999999998934 ) ;
#2337 = VERTEX_POINT ( 'NONE', #3673 ) ;
#2338 = CIRCLE ( 'NONE', #4618, 1.000000000000000000 ) ;
#2339 = ORIENTED_EDGE ( 'NONE', *, *, #229, .F. ) ;
#2340 = CARTESIAN_POINT ( 'NONE',  ( 1.530808498934193789E-16, 5.500000000000001776, 15.00000000000000000 ) ) ;
#2341 = DIRECTION ( 'NONE',  ( -1.000000000000000000, -6.938893903907232322E-16, -0.000000000000000000 ) ) ;
#2342 = EDGE_CURVE ( 'NONE', #4168, #1981, #2382, .T. ) ;
#2343 = CARTESIAN_POINT ( 'NONE',  ( -28.62499999999998934, 15.77854679802961968, 0.000000000000000000 ) ) ;
#2344 = CARTESIAN_POINT ( 'NONE',  ( 28.62500000000001776, -23.99999999999999289, 7.000000000000000000 ) ) ;
#2345 = CARTESIAN_POINT ( 'NONE',  ( -21.96565432857071087, -23.99711213165839752, -2.496930390269630706 ) ) ;
#2346 = ORIENTED_EDGE ( 'NONE', *, *, #2707, .T. ) ;
#2347 = DIRECTION ( 'NONE',  ( -1.000000000000000000, 6.938893903907233308E-16, -0.000000000000000000 ) ) ;
#2348 = EDGE_CURVE ( 'NONE', #2702, #5221, #5042, .T. ) ;
#2349 = DIRECTION ( 'NONE',  ( -6.203362532614058071E-16, 1.000000000000000000, 0.000000000000000000 ) ) ;
#2350 = AXIS2_PLACEMENT_3D ( 'NONE', #2194, #3575, #1132 ) ;
#2351 = ORIENTED_EDGE ( 'NONE', *, *, #5943, .F. ) ;
#2352 = DIRECTION ( 'NONE',  ( -1.000000000000000000, -6.938893903907232322E-16, -0.000000000000000000 ) ) ;
#2353 = VECTOR ( 'NONE', #5438, 1000.000000000000000 ) ;
#2354 = DIRECTION ( 'NONE',  ( 3.469446951953613696E-16, -1.000000000000000000, 9.860761315262647568E-32 ) ) ;
#2355 = FACE_OUTER_BOUND ( 'NONE', #1217, .T. ) ;
#2356 = DIRECTION ( 'NONE',  ( 1.000000000000000000, 6.938893903907230350E-16, 4.930380657631323784E-32 ) ) ;
#2357 = ADVANCED_FACE ( 'NONE', ( #2355 ), #4541, .T. ) ;
#2358 = EDGE_LOOP ( 'NONE', ( #765, #1202, #3454, #790 ) ) ;
#2359 = ORIENTED_EDGE ( 'NONE', *, *, #1333, .T. ) ;
#2360 = APPLICATION_CONTEXT ( 'configuration controlled 3d designs of mechanical parts and assemblies' ) ;
#2361 = CARTESIAN_POINT ( 'NONE',  ( 7.485281374238232033, 5.500000000000004441, 8.368969706864385572 ) ) ;
#2362 = DIRECTION ( 'NONE',  ( 1.000000000000000000, -6.938893903907231336E-16, -0.000000000000000000 ) ) ;
#2363 = ORIENTED_EDGE ( 'NONE', *, *, #2775, .T. ) ;
#2364 = EDGE_CURVE ( 'NONE', #5544, #2443, #2240, .T. ) ;
#2365 = VERTEX_POINT ( 'NONE', #2746 ) ;
#2366 = DIRECTION ( 'NONE',  ( 0.000000000000000000, -1.000000000000000000, 0.000000000000000000 ) ) ;
#2367 = DIRECTION ( 'NONE',  ( -1.000000000000000000, -6.938893903907228378E-16, 0.000000000000000000 ) ) ;
#2368 = DIRECTION ( 'NONE',  ( 0.000000000000000000, 0.000000000000000000, 1.000000000000000000 ) ) ;
#2369 = CARTESIAN_POINT ( 'NONE',  ( -30.62500000000001066, -17.10043478260868355, -30.59657183213386489 ) ) ;
#2370 = CC_DESIGN_APPROVAL ( #4032, ( #4079 ) ) ;
#2371 = EDGE_CURVE ( 'NONE', #723, #2579, #1332, .T. ) ;
#2372 = DIRECTION ( 'NONE',  ( -1.000000000000000000, -6.938893903907232322E-16, -0.000000000000000000 ) ) ;
#2373 = ORIENTED_EDGE ( 'NONE', *, *, #1751, .T. ) ;
#2374 = LINE ( 'NONE', #44, #4107 ) ;
#2375 = DIRECTION ( 'NONE',  ( -1.000000000000000000, 6.938893903907232322E-16, 0.000000000000000000 ) ) ;
#2376 = CARTESIAN_POINT ( 'NONE',  ( 8.485281374238565988, 1.576195599836918593, 8.000000000000000000 ) ) ;
#2377 = EDGE_CURVE ( 'NONE', #2867, #1697, #3251, .T. ) ;
#2378 = ORIENTED_EDGE ( 'NONE', *, *, #1439, .T. ) ;
#2379 = DIRECTION ( 'NONE',  ( -1.000000000000000000, -3.061616997868382648E-16, 0.000000000000000000 ) ) ;
#2380 = CYLINDRICAL_SURFACE ( 'NONE', #3726, 12.49999999999999822 ) ;
#2381 = FACE_OUTER_BOUND ( 'NONE', #57, .T. ) ;
#2382 = LINE ( 'NONE', #5016, #4326 ) ;
#2383 = LINE ( 'NONE', #2039, #3948 ) ;
#2384 = AXIS2_PLACEMENT_3D ( 'NONE', #249, #4399, #1605 ) ;
#2385 = EDGE_LOOP ( 'NONE', ( #2976, #5119, #3957, #867 ) ) ;
#2386 = CYLINDRICAL_SURFACE ( 'NONE', #4197, 0.9999999999999998890 ) ;
#2387 = AXIS2_PLACEMENT_3D ( 'NONE', #5462, #1865, #3696 ) ;
#2388 = DIRECTION ( 'NONE',  ( -1.000000000000000000, -6.938893903907231336E-16, 0.000000000000000000 ) ) ;
#2389 = ORIENTED_EDGE ( 'NONE', *, *, #4585, .F. ) ;
#2390 = AXIS2_PLACEMENT_3D ( 'NONE', #2902, #522, #1945 ) ;
#2391 = AXIS2_PLACEMENT_3D ( 'NONE', #5535, #1494, #2932 ) ;
#2392 = VERTEX_POINT ( 'NONE', #3698 ) ;
#2393 = VECTOR ( 'NONE', #1921, 1000.000000000000000 ) ;
#2394 = AXIS2_PLACEMENT_3D ( 'NONE', #2569, #1184, #1567 ) ;
#2395 = CARTESIAN_POINT ( 'NONE',  ( 17.62500000000001421, -23.99999999999999645, 0.000000000000000000 ) ) ;
#2396 = CARTESIAN_POINT ( 'NONE',  ( 8.485281374238574870, -22.99999999999999289, 8.000000000000000000 ) ) ;
#2397 = DIRECTION ( 'NONE',  ( 1.000000000000000000, 6.938893903907230350E-16, 9.860761315262647568E-32 ) ) ;
#2398 = EDGE_CURVE ( 'NONE', #5387, #4533, #5431, .T. ) ;
#2399 = VECTOR ( 'NONE', #727, 1000.000000000000000 ) ;
#2400 = FACE_OUTER_BOUND ( 'NONE', #158, .T. ) ;
#2401 = VECTOR ( 'NONE', #5759, 1000.000000000000000 ) ;
#2402 = DIRECTION ( 'NONE',  ( 0.000000000000000000, 0.000000000000000000, -1.000000000000000000 ) ) ;
#2403 = FACE_OUTER_BOUND ( 'NONE', #2468, .T. ) ;
#2404 = FACE_OUTER_BOUND ( 'NONE', #1620, .T. ) ;
#2405 = CIRCLE ( 'NONE', #2698, 2.000000000000000000 ) ;
#2406 = ORIENTED_EDGE ( 'NONE', *, *, #3207, .T. ) ;
#2407 = EDGE_CURVE ( 'NONE', #1789, #5909, #1654, .T. ) ;
#2408 = ORIENTED_EDGE ( 'NONE', *, *, #4077, .T. ) ;
#2409 = CARTESIAN_POINT ( 'NONE',  ( -30.73768568794500666, -10.47000000000001663, -12.00000000000000000 ) ) ;
#2410 = DIRECTION ( 'NONE',  ( 0.000000000000000000, 0.000000000000000000, 1.000000000000000000 ) ) ;
#2411 =( LENGTH_UNIT ( ) NAMED_UNIT ( * ) SI_UNIT ( .MILLI., .METRE. ) );
#2412 = CARTESIAN_POINT ( 'NONE',  ( 22.62500000000000000, -0.3199999999999925682, -20.00000000000000000 ) ) ;
#2413 = EDGE_CURVE ( 'NONE', #3342, #5875, #885, .T. ) ;
#2414 = FACE_OUTER_BOUND ( 'NONE', #3777, .T. ) ;
#2415 = EDGE_LOOP ( 'NONE', ( #3414, #222, #5006, #1918 ) ) ;
#2416 = AXIS2_PLACEMENT_3D ( 'NONE', #375, #2193, #430 ) ;
#2417 = ORIENTED_EDGE ( 'NONE', *, *, #62, .F. ) ;
#2418 = CARTESIAN_POINT ( 'NONE',  ( 30.20657591876738479, -23.27839265160746507, 7.278392651607545893 ) ) ;
#2419 = CYLINDRICAL_SURFACE ( 'NONE', #2488, 7.500000000000000888 ) ;
#2420 = CARTESIAN_POINT ( 'NONE',  ( -29.51575574938736679, -23.76576131946087855, -7.965262423376764822 ) ) ;
#2421 = ORIENTED_EDGE ( 'NONE', *, *, #1805, .T. ) ;
#2422 = CIRCLE ( 'NONE', #981, 1.049999999999998934 ) ;
#2423 = ORIENTED_EDGE ( 'NONE', *, *, #1103, .F. ) ;
#2424 = DIRECTION ( 'NONE',  ( 1.000000000000000000, 3.061616997868382648E-16, -0.000000000000000000 ) ) ;
#2425 = DIRECTION ( 'NONE',  ( -3.061616997868382648E-16, 1.000000000000000000, 0.000000000000000000 ) ) ;
#2426 = CARTESIAN_POINT ( 'NONE',  ( -30.62500000000001066, -16.12685424949239987, -14.34314575050765050 ) ) ;
#2427 = CARTESIAN_POINT ( 'NONE',  ( -25.62500000000000711, -16.31999999999999318, -20.00000000000000000 ) ) ;
#2428 = EDGE_LOOP ( 'NONE', ( #394, #243 ) ) ;
#2429 = EDGE_CURVE ( 'NONE', #4390, #4597, #5307, .T. ) ;
#2430 = EDGE_CURVE ( 'NONE', #5221, #3342, #5660, .T. ) ;
#2431 = CARTESIAN_POINT ( 'NONE',  ( 25.62500000000000711, -20.61999999999999389, -20.00000000000000000 ) ) ;
#2432 = CARTESIAN_POINT ( 'NONE',  ( 1.219206177317245228E-14, -29.19999999999999929, 15.00000000000000000 ) ) ;
#2433 = CARTESIAN_POINT ( 'NONE',  ( -18.00000000000000000, 0.1000000000000011297, 12.20000000000000284 ) ) ;
#2434 = VECTOR ( 'NONE', #248, 1000.000000000000000 ) ;
#2435 = DIRECTION ( 'NONE',  ( 0.000000000000000000, -0.000000000000000000, 1.000000000000000000 ) ) ;
#2436 = EDGE_CURVE ( 'NONE', #2750, #3471, #5283, .T. ) ;
#2437 = ORIENTED_EDGE ( 'NONE', *, *, #2377, .F. ) ;
#2438 = CARTESIAN_POINT ( 'NONE',  ( 10.48711766270269408, -1.999999999999995781, 8.000000000000000000 ) ) ;
#2439 = AXIS2_PLACEMENT_3D ( 'NONE', #2343, #4153, #5871 ) ;
#2440 = CYLINDRICAL_SURFACE ( 'NONE', #2270, 2.149999999999997247 ) ;
#2441 = CARTESIAN_POINT ( 'NONE',  ( -23.82500000000001350, -20.61999999999999389, -20.00000000000000000 ) ) ;
#2442 = ADVANCED_FACE ( 'NONE', ( #4317 ), #4348, .F. ) ;
#2443 = VERTEX_POINT ( 'NONE', #2465 ) ;
#2444 = CARTESIAN_POINT ( 'NONE',  ( 30.73768568794500311, -3.763145750507620679, -14.34314575050761320 ) ) ;
#2445 = CARTESIAN_POINT ( 'NONE',  ( 22.62500000000001421, -20.61999999999999389, -22.81558164506022024 ) ) ;
#2446 = CARTESIAN_POINT ( 'NONE',  ( 1.000000000000010880, -26.20000000000000284, 9.999999999999998224 ) ) ;
#2447 = CARTESIAN_POINT ( 'NONE',  ( 7.485281374238565988, 4.500000000000003553, 0.000000000000000000 ) ) ;
#2448 = ORIENTED_EDGE ( 'NONE', *, *, #5727, .F. ) ;
#2449 = EDGE_LOOP ( 'NONE', ( #6, #3812, #411, #2677 ) ) ;
#2450 = CARTESIAN_POINT ( 'NONE',  ( 23.82499999999999929, -2.469999999999992646, -20.00000000000000000 ) ) ;
#2451 = CARTESIAN_POINT ( 'NONE',  ( 22.62500000000001421, -20.61999999999999389, -20.00000000000000000 ) ) ;
#2452 = DIRECTION ( 'NONE',  ( 1.000000000000000000, 6.938893903907231336E-16, 1.972152263052529514E-31 ) ) ;
#2453 = VECTOR ( 'NONE', #3252, 1000.000000000000000 ) ;
#2454 = DIRECTION ( 'NONE',  ( -6.938893903907233308E-16, -1.000000000000000000, 0.000000000000000000 ) ) ;
#2455 = B_SPLINE_CURVE_WITH_KNOTS ( 'NONE', 3,
 ( #2478, #3947, #5742, #4395, #1572, #4842, #734, #4331, #2028, #315 ),
 .UNSPECIFIED., .F., .F.,
 ( 4, 2, 2, 2, 4 ),
 ( -7.766797712306497254E-06, 0.0003977681362954501904, 0.0008033030703032046672, 0.001208838004310958981, 0.001614372938318713079 ),
 .UNSPECIFIED. ) ;
#2456 = ORIENTED_EDGE ( 'NONE', *, *, #4327, .T. ) ;
#2457 = CARTESIAN_POINT ( 'NONE',  ( 30.62500000000001776, -21.99999999999999289, 6.000000000000000000 ) ) ;
#2458 = CARTESIAN_POINT ( 'NONE',  ( 25.62500000000000711, -10.47000000000001840, -12.00000000000000000 ) ) ;
#2459 = ORIENTED_EDGE ( 'NONE', *, *, #1317, .F. ) ;
#2460 = VERTEX_POINT ( 'NONE', #1985 ) ;
#2461 = ORIENTED_EDGE ( 'NONE', *, *, #3237, .F. ) ;
#2462 = CARTESIAN_POINT ( 'NONE',  ( 1.530808498934192064E-16, -12.89999999999999858, 15.00000000000000000 ) ) ;
#2463 = LINE ( 'NONE', #2889, #2298 ) ;
#2464 = SHAPE_DEFINITION_REPRESENTATION ( #4337, #1803 ) ;
#2465 = CARTESIAN_POINT ( 'NONE',  ( -23.82499999999999929, -1.419999999999994156, -20.00000000000000000 ) ) ;
#2466 = EDGE_CURVE ( 'NONE', #2649, #2867, #5568, .T. ) ;
#2467 = EDGE_CURVE ( 'NONE', #2019, #1032, #655, .T. ) ;
#2468 = EDGE_LOOP ( 'NONE', ( #2197, #4666, #4582, #1947 ) ) ;
#2469 = ORIENTED_EDGE ( 'NONE', *, *, #1015, .F. ) ;
#2470 = DIRECTION ( 'NONE',  ( 1.000000000000000000, 6.938893903907232322E-16, 0.000000000000000000 ) ) ;
#2471 = DIRECTION ( 'NONE',  ( 0.000000000000000000, 1.000000000000000000, 0.000000000000000000 ) ) ;
#2472 = DIRECTION ( 'NONE',  ( -1.000000000000000000, -6.938893903907232322E-16, -0.000000000000000000 ) ) ;
#2473 = ORIENTED_EDGE ( 'NONE', *, *, #3659, .T. ) ;
#2474 = EDGE_CURVE ( 'NONE', #2785, #4669, #4703, .T. ) ;
#2475 = ORIENTED_EDGE ( 'NONE', *, *, #5318, .T. ) ;
#2476 = ORIENTED_EDGE ( 'NONE', *, *, #2162, .T. ) ;
#2477 = CIRCLE ( 'NONE', #5822, 1.000000000000000000 ) ;
#2478 = CARTESIAN_POINT ( 'NONE',  ( -7.485281374238569541, 5.499999999999999112, 8.368969706864392677 ) ) ;
#2479 = CYLINDRICAL_SURFACE ( 'NONE', #3577, 2.149999999999999023 ) ;
#2480 = CARTESIAN_POINT ( 'NONE',  ( -6.999999999999995559, 5.500000000000000000, 15.00000000000000000 ) ) ;
#2481 = CARTESIAN_POINT ( 'NONE',  ( 30.62500000000001421, -22.58956521739129286, -23.06041483158719885 ) ) ;
#2482 = AXIS2_PLACEMENT_3D ( 'NONE', #526, #2849, #2906 ) ;
#2483 = ORIENTED_EDGE ( 'NONE', *, *, #2793, .T. ) ;
#2484 = DIRECTION ( 'NONE',  ( 1.000000000000000000, 0.000000000000000000, 0.000000000000000000 ) ) ;
#2485 = CARTESIAN_POINT ( 'NONE',  ( 20.12808325103852525, -23.99981160915083933, -0.6593535018464127262 ) ) ;
#2486 = VECTOR ( 'NONE', #101, 1000.000000000000000 ) ;
#2487 = VECTOR ( 'NONE', #1481, 1000.000000000000000 ) ;
#2488 = AXIS2_PLACEMENT_3D ( 'NONE', #1964, #3338, #2021 ) ;
#2489 = DIRECTION ( 'NONE',  ( -1.000000000000000000, 0.000000000000000000, 0.000000000000000000 ) ) ;
#2490 = ORIENTED_EDGE ( 'NONE', *, *, #183, .T. ) ;
#2491 = AXIS2_PLACEMENT_3D ( 'NONE', #692, #3578, #3424 ) ;
#2492 = AXIS2_PLACEMENT_3D ( 'NONE', #4950, #2241, #5514 ) ;
#2493 = ORIENTED_EDGE ( 'NONE', *, *, #1563, .T. ) ;
#2494 = EDGE_LOOP ( 'NONE', ( #5886, #4239, #920, #3974 ) ) ;
#2495 = CIRCLE ( 'NONE', #1528, 1.049999999999998934 ) ;
#2496 = CARTESIAN_POINT ( 'NONE',  ( 2.952415044579753012, -1.129558300165626861, 15.94908844083398414 ) ) ;
#2497 = DIRECTION ( 'NONE',  ( 0.000000000000000000, 1.000000000000000000, 0.000000000000000000 ) ) ;
#2498 = DIRECTION ( 'NONE',  ( 0.000000000000000000, 0.000000000000000000, 1.000000000000000000 ) ) ;
#2499 = CARTESIAN_POINT ( 'NONE',  ( 30.73768568794499956, -2.469999999999987761, -20.00000000000000000 ) ) ;
#2500 = VECTOR ( 'NONE', #3560, 1000.000000000000000 ) ;
#2501 = AXIS2_PLACEMENT_3D ( 'NONE', #4791, #1657, #3488 ) ;
#2502 = CIRCLE ( 'NONE', #3562, 18.49999999999993250 ) ;
#2503 = CARTESIAN_POINT ( 'NONE',  ( 23.82500000000001350, -21.61999999999999034, -22.81558164506022024 ) ) ;
#2504 = ORIENTED_EDGE ( 'NONE', *, *, #3999, .T. ) ;
#2505 = EDGE_CURVE ( 'NONE', #2169, #1648, #3754, .T. ) ;
#2506 = LINE ( 'NONE', #5246, #75 ) ;
#2507 = EDGE_CURVE ( 'NONE', #3022, #512, #398, .T. ) ;
#2508 = CARTESIAN_POINT ( 'NONE',  ( -11.37203272018671463, -0.5000000000000061062, 8.000000000000000000 ) ) ;
#2509 = CARTESIAN_POINT ( 'NONE',  ( -30.73768568794501377, -15.07685424949239916, -14.34314575050765050 ) ) ;
#2510 = DIRECTION ( 'NONE',  ( 1.000000000000000000, 0.000000000000000000, 0.000000000000000000 ) ) ;
#2511 = VERTEX_POINT ( 'NONE', #5240 ) ;
#2512 = ORIENTED_EDGE ( 'NONE', *, *, #1333, .F. ) ;
#2513 = ORIENTED_EDGE ( 'NONE', *, *, #1295, .T. ) ;
#2514 = EDGE_CURVE ( 'NONE', #3386, #5104, #5476, .T. ) ;
#2515 = DIRECTION ( 'NONE',  ( 0.000000000000000000, 1.000000000000000000, 0.000000000000000000 ) ) ;
#2516 = DIRECTION ( 'NONE',  ( -1.000000000000000000, 6.938893903907228378E-16, -0.000000000000000000 ) ) ;
#2517 = AXIS2_PLACEMENT_3D ( 'NONE', #493, #610, #4657 ) ;
#2518 = DIRECTION ( 'NONE',  ( 0.000000000000000000, 0.000000000000000000, -1.000000000000000000 ) ) ;
#2519 = CARTESIAN_POINT ( 'NONE',  ( -2.500000000000000444, 0.1000000000000011297, 15.00000000000000000 ) ) ;
#2520 = ORIENTED_EDGE ( 'NONE', *, *, #3066, .F. ) ;
#2521 = EDGE_CURVE ( 'NONE', #4185, #3832, #2944, .T. ) ;
#2522 = DIRECTION ( 'NONE',  ( 0.000000000000000000, 1.000000000000000000, 0.000000000000000000 ) ) ;
#2523 = CARTESIAN_POINT ( 'NONE',  ( -30.59879281257659400, -22.39743864246437255, 6.397438642465047565 ) ) ;
#2524 = DIRECTION ( 'NONE',  ( -6.802837160693360652E-16, -1.000000000000000000, 0.000000000000000000 ) ) ;
#2525 = ORIENTED_EDGE ( 'NONE', *, *, #5691, .F. ) ;
#2526 = CARTESIAN_POINT ( 'NONE',  ( -4.999999999999988454, -29.19999999999999929, 14.99999999999994849 ) ) ;
#2527 = VECTOR ( 'NONE', #3431, 1000.000000000000000 ) ;
#2528 = ORIENTED_EDGE ( 'NONE', *, *, #2069, .F. ) ;
#2529 = ORIENTED_EDGE ( 'NONE', *, *, #4778, .T. ) ;
#2530 = DIRECTION ( 'NONE',  ( 0.000000000000000000, -1.000000000000000000, 0.000000000000000000 ) ) ;
#2531 = CARTESIAN_POINT ( 'NONE',  ( 30.59879281257627781, -2.602561357535405406, 6.397438642465183456 ) ) ;
#2532 = PERSON_AND_ORGANIZATION ( #217, #3038 ) ;
#2533 = CARTESIAN_POINT ( 'NONE',  ( 30.62500000000000355, -2.999999999999987566, 6.000000000000000000 ) ) ;
#2534 = CARTESIAN_POINT ( 'NONE',  ( 9.307939959340584934, -0.6840402866513408675, 7.000000000000000000 ) ) ;
#2535 = ADVANCED_FACE ( 'NONE', ( #4277 ), #164, .T. ) ;
#2536 = VERTEX_POINT ( 'NONE', #3304 ) ;
#2537 = DIRECTION ( 'NONE',  ( 1.000000000000000000, 6.938893903907232322E-16, 0.000000000000000000 ) ) ;
#2538 = DIRECTION ( 'NONE',  ( 1.000000000000000000, -6.938893903907229364E-16, -9.860761315262647568E-32 ) ) ;
#2539 = CARTESIAN_POINT ( 'NONE',  ( 2.925694953102252249, 1.264667082951099530, 16.02759402561821744 ) ) ;
#2540 = VERTEX_POINT ( 'NONE', #5661 ) ;
#2541 = AXIS2_PLACEMENT_3D ( 'NONE', #431, #1406, #835 ) ;
#2542 = EDGE_CURVE ( 'NONE', #3395, #895, #97, .T. ) ;
#2543 = ORIENTED_EDGE ( 'NONE', *, *, #5027, .T. ) ;
#2544 = ORIENTED_EDGE ( 'NONE', *, *, #2162, .F. ) ;
#2545 = PLANE ( 'NONE',  #4108 ) ;
#2546 = LINE ( 'NONE', #4360, #2688 ) ;
#2547 = DIRECTION ( 'NONE',  ( 3.061616997868382648E-16, -1.000000000000000000, -0.000000000000000000 ) ) ;
#2548 = CARTESIAN_POINT ( 'NONE',  ( -30.73768568794501377, -19.51999999999998892, -20.00000000000000000 ) ) ;
#2549 = DIRECTION ( 'NONE',  ( 0.000000000000000000, 0.000000000000000000, 1.000000000000000000 ) ) ;
#2550 = EDGE_CURVE ( 'NONE', #1994, #3547, #4673, .T. ) ;
#2551 = ADVANCED_FACE ( 'NONE', ( #2017 ), #1074, .T. ) ;
#2552 = VERTEX_POINT ( 'NONE', #3773 ) ;
#2553 = CARTESIAN_POINT ( 'NONE',  ( 6.999999999999995559, 5.500000000000003553, 15.00000000000000000 ) ) ;
#2554 = FACE_OUTER_BOUND ( 'NONE', #810, .T. ) ;
#2555 = CARTESIAN_POINT ( 'NONE',  ( 30.62500000000001066, -16.31999999999998963, -20.00000000000000000 ) ) ;
#2556 = ORIENTED_EDGE ( 'NONE', *, *, #4271, .T. ) ;
#2557 = DIRECTION ( 'NONE',  ( 0.000000000000000000, -1.000000000000000000, 0.000000000000000000 ) ) ;
#2558 = AXIS2_PLACEMENT_3D ( 'NONE', #4139, #2890, #3721 ) ;
#2559 = EDGE_LOOP ( 'NONE', ( #1871, #4548, #5932, #1226, #2911, #1384, #3150, #5032, #799, #2215, #2284, #96 ) ) ;
#2560 = ORIENTED_EDGE ( 'NONE', *, *, #4095, .F. ) ;
#2561 = CARTESIAN_POINT ( 'NONE',  ( -25.62500000000000000, -2.469999999999991314, -20.00000000000000000 ) ) ;
#2562 = CARTESIAN_POINT ( 'NONE',  ( 30.62500000000000711, -2.999999999999987566, 6.000000000000000000 ) ) ;
#2563 = DATE_TIME_ROLE ( 'classification_date' ) ;
#2564 = CYLINDRICAL_SURFACE ( 'NONE', #84, 2.149999999999997691 ) ;
#2565 = DIRECTION ( 'NONE',  ( 1.000000000000000000, 6.938893903907231336E-16, 1.972152263052529514E-31 ) ) ;
#2566 = EDGE_LOOP ( 'NONE', ( #5266, #3890, #3759, #1687 ) ) ;
#2567 = DIRECTION ( 'NONE',  ( 1.000000000000000000, 6.938893903907228378E-16, -0.000000000000000000 ) ) ;
#2568 = DIRECTION ( 'NONE',  ( 0.000000000000000000, -1.000000000000000000, 0.000000000000000000 ) ) ;
#2569 = CARTESIAN_POINT ( 'NONE',  ( 5.000000000000013323, -29.19999999999999929, 15.00000000000001421 ) ) ;
#2570 = CARTESIAN_POINT ( 'NONE',  ( 3.000793301035566518, 1.441575432197854667, 15.78279642028578778 ) ) ;
#2571 = VERTEX_POINT ( 'NONE', #5600 ) ;
#2572 = ORIENTED_EDGE ( 'NONE', *, *, #2032, .F. ) ;
#2573 = ORIENTED_EDGE ( 'NONE', *, *, #2146, .T. ) ;
#2574 = CARTESIAN_POINT ( 'NONE',  ( -28.62500000000000355, -1.000000000000007327, 7.000000000000000000 ) ) ;
#2575 = DIRECTION ( 'NONE',  ( 3.469446951953613203E-16, -1.000000000000000000, -9.860761315262647568E-32 ) ) ;
#2576 = DIRECTION ( 'NONE',  ( 0.000000000000000000, 0.000000000000000000, -1.000000000000000000 ) ) ;
#2577 = DIRECTION ( 'NONE',  ( 1.000000000000000000, 6.938893903907228378E-16, 0.000000000000000000 ) ) ;
#2578 = DIRECTION ( 'NONE',  ( 0.000000000000000000, -1.000000000000000000, 0.000000000000000000 ) ) ;
#2579 = VERTEX_POINT ( 'NONE', #1501 ) ;
#2580 = CIRCLE ( 'NONE', #4867, 1.049999999999998934 ) ;
#2581 = CARTESIAN_POINT ( 'NONE',  ( 7.190156250685681982, -23.90744562519882166, 7.434611325858019981 ) ) ;
#2582 = DIRECTION ( 'NONE',  ( 0.000000000000000000, -1.000000000000000000, 0.000000000000000000 ) ) ;
#2583 = EDGE_CURVE ( 'NONE', #3201, #5127, #2308, .T. ) ;
#2584 = FACE_OUTER_BOUND ( 'NONE', #4815, .T. ) ;
#2585 = AXIS2_PLACEMENT_3D ( 'NONE', #1228, #5679, #2582 ) ;
#2586 = CARTESIAN_POINT ( 'NONE',  ( -8.428829140938329800, -23.25155536481318919, 7.973310698254090667 ) ) ;
#2587 = AXIS2_PLACEMENT_3D ( 'NONE', #3141, #4423, #2180 ) ;
#2588 = VECTOR ( 'NONE', #5229, 1000.000000000000000 ) ;
#2589 = ORIENTED_EDGE ( 'NONE', *, *, #2726, .F. ) ;
#2590 = VERTEX_POINT ( 'NONE', #1056 ) ;
#2591 = VECTOR ( 'NONE', #5508, 1000.000000000000000 ) ;
#2592 = CARTESIAN_POINT ( 'NONE',  ( -25.62500000000000000, -2.469999999999991314, -20.00000000000000000 ) ) ;
#2593 = CARTESIAN_POINT ( 'NONE',  ( 30.62500000000000711, -2.738153426818304759, 6.130923286590840959 ) ) ;
#2594 = EDGE_CURVE ( 'NONE', #5700, #2140, #5936, .T. ) ;
#2595 = DIRECTION ( 'NONE',  ( -6.938893903907232322E-16, 1.000000000000000000, -0.000000000000000000 ) ) ;
#2596 = VECTOR ( 'NONE', #2149, 1000.000000000000000 ) ;
#2597 = ORIENTED_EDGE ( 'NONE', *, *, #1757, .F. ) ;
#2598 = DIRECTION ( 'NONE',  ( 2.931054078198949621E-16, -1.000000000000000000, 7.395570986446985676E-32 ) ) ;
#2599 = LINE ( 'NONE', #2630, #3254 ) ;
#2600 = EDGE_CURVE ( 'NONE', #1396, #5700, #2978, .T. ) ;
#2601 = DIRECTION ( 'NONE',  ( 0.000000000000000000, -3.227392513445226657E-15, 1.000000000000000000 ) ) ;
#2602 = CIRCLE ( 'NONE', #1919, 1.000000000000000000 ) ;
#2603 = CARTESIAN_POINT ( 'NONE',  ( 2.791426444560696662, 0.8859592389484851616, 13.64881024846436297 ) ) ;
#2604 = EDGE_LOOP ( 'NONE', ( #3594, #2940 ) ) ;
#2605 = CIRCLE ( 'NONE', #5937, 1.549999999999999378 ) ;
#2606 = ORIENTED_EDGE ( 'NONE', *, *, #5518, .F. ) ;
#2607 = ORIENTED_EDGE ( 'NONE', *, *, #1351, .T. ) ;
#2608 = DIRECTION ( 'NONE',  ( 1.000000000000000000, 3.061616997868382648E-16, 0.000000000000000000 ) ) ;
#2609 = CARTESIAN_POINT ( 'NONE',  ( -25.62500000000000711, -10.47000000000001840, -12.00000000000000000 ) ) ;
#2610 = CARTESIAN_POINT ( 'NONE',  ( 28.62500000000000000, -1.999999999999990008, 8.000000000000000000 ) ) ;
#2611 = CYLINDRICAL_SURFACE ( 'NONE', #1607, 2.149999999999997247 ) ;
#2612 = ORIENTED_EDGE ( 'NONE', *, *, #2429, .F. ) ;
#2613 = APPROVAL ( #2076, '未指定' ) ;
#2614 = CIRCLE ( 'NONE', #3663, 3.099999999999998757 ) ;
#2615 = DIRECTION ( 'NONE',  ( 1.000000000000000000, 3.469446951953612217E-16, 0.000000000000000000 ) ) ;
#2616 = DIRECTION ( 'NONE',  ( 1.000000000000000000, -6.938893903907230350E-16, -1.972152263052529514E-31 ) ) ;
#2617 = CYLINDRICAL_SURFACE ( 'NONE', #2350, 3.099999999999998757 ) ;
#2618 = CARTESIAN_POINT ( 'NONE',  ( -6.243402487338405749, -23.99999999999999289, 7.081186530942411572 ) ) ;
#2619 = AXIS2_PLACEMENT_3D ( 'NONE', #3405, #2547, #5323 ) ;
#2620 = EDGE_CURVE ( 'NONE', #5494, #1874, #1155, .T. ) ;
#2621 = ADVANCED_FACE ( 'NONE', ( #4860 ), #842, .F. ) ;
#2622 = EDGE_LOOP ( 'NONE', ( #3094, #4329, #5632, #4033 ) ) ;
#2623 = EDGE_LOOP ( 'NONE', ( #5210, #326 ) ) ;
#2624 = CARTESIAN_POINT ( 'NONE',  ( 7.485281374238565988, 4.500000000000003553, -5.033334849888799490E-30 ) ) ;
#2625 = CARTESIAN_POINT ( 'NONE',  ( 29.26943133430553345, -2.051073899051372607, 7.897852201897245905 ) ) ;
#2626 = DIRECTION ( 'NONE',  ( -6.927954457821723194E-16, -1.000000000000000000, 0.000000000000000000 ) ) ;
#2627 = EDGE_CURVE ( 'NONE', #2239, #3200, #2173, .T. ) ;
#2628 = ORIENTED_EDGE ( 'NONE', *, *, #474, .F. ) ;
#2629 = CARTESIAN_POINT ( 'NONE',  ( -29.79657287525382614, -23.00000000000001421, 8.000000000000001776 ) ) ;
#2630 = CARTESIAN_POINT ( 'NONE',  ( -22.62499999999999289, -24.00000000000000711, 0.000000000000000000 ) ) ;
#2631 = LINE ( 'NONE', #2509, #280 ) ;
#2632 = AXIS2_PLACEMENT_3D ( 'NONE', #3624, #4088, #2752 ) ;
#2633 = LINE ( 'NONE', #4454, #178 ) ;
#2634 = ORIENTED_EDGE ( 'NONE', *, *, #196, .F. ) ;
#2635 = ADVANCED_FACE ( 'NONE', ( #3491 ), #1750, .F. ) ;
#2636 = ORIENTED_EDGE ( 'NONE', *, *, #2299, .F. ) ;
#2637 = ORIENTED_EDGE ( 'NONE', *, *, #2364, .F. ) ;
#2638 = CARTESIAN_POINT ( 'NONE',  ( -1.612079743009422711E-15, 5.500000000000001776, -4.067564042545842997E-31 ) ) ;
#2639 = DIRECTION ( 'NONE',  ( 1.000000000000000000, 6.938893903907232322E-16, 0.000000000000000000 ) ) ;
#2640 = AXIS2_PLACEMENT_3D ( 'NONE', #3320, #1098, #2928 ) ;
#2641 = DIRECTION ( 'NONE',  ( 1.000000000000000000, 6.938893903907231336E-16, 1.972152263052529514E-31 ) ) ;
#2642 = EDGE_CURVE ( 'NONE', #4727, #5168, #2495, .T. ) ;
#2643 = ORIENTED_EDGE ( 'NONE', *, *, #2177, .F. ) ;
#2644 = VECTOR ( 'NONE', #575, 1000.000000000000000 ) ;
#2645 = CARTESIAN_POINT ( 'NONE',  ( -22.62500000000001421, -20.61999999999999389, -20.00000000000000000 ) ) ;
#2646 = DIRECTION ( 'NONE',  ( -0.000000000000000000, 0.000000000000000000, 1.000000000000000000 ) ) ;
#2647 = LINE ( 'NONE', #2099, #5369 ) ;
#2648 = CARTESIAN_POINT ( 'NONE',  ( -22.62500000000001421, -20.61999999999999389, -20.00000000000000000 ) ) ;
#2649 = VERTEX_POINT ( 'NONE', #3045 ) ;
#2650 = ORIENTED_EDGE ( 'NONE', *, *, #789, .T. ) ;
#2651 = FACE_OUTER_BOUND ( 'NONE', #2225, .T. ) ;
#2652 = CARTESIAN_POINT ( 'NONE',  ( 28.88679617165913527, -1.012892179859000708, 6.993553910070471780 ) ) ;
#2653 = LINE ( 'NONE', #3459, #3265 ) ;
#2654 = ORIENTED_EDGE ( 'NONE', *, *, #4596, .T. ) ;
#2655 = CIRCLE ( 'NONE', #1314, 2.149999999999998135 ) ;
#2656 = FACE_BOUND ( 'NONE', #3875, .T. ) ;
#2657 = CARTESIAN_POINT ( 'NONE',  ( -10.97726397952521893, -2.609527507091834231, 15.72944371089690030 ) ) ;
#2658 = DIRECTION ( 'NONE',  ( 0.000000000000000000, 1.000000000000000000, 0.000000000000000000 ) ) ;
#2659 = EDGE_CURVE ( 'NONE', #4936, #1318, #1254, .T. ) ;
#2660 = EDGE_CURVE ( 'NONE', #17, #3379, #5638, .T. ) ;
#2661 = DIRECTION ( 'NONE',  ( 1.000000000000000000, -6.938893903907232322E-16, -0.000000000000000000 ) ) ;
#2662 = ORIENTED_EDGE ( 'NONE', *, *, #2025, .F. ) ;
#2663 = ORIENTED_EDGE ( 'NONE', *, *, #82, .T. ) ;
#2664 = ORIENTED_EDGE ( 'NONE', *, *, #2521, .T. ) ;
#2665 = CARTESIAN_POINT ( 'NONE',  ( 22.37450327211391965, -0.6466752200028907938, -3.428854485210123482 ) ) ;
#2666 = EDGE_CURVE ( 'NONE', #54, #3522, #5400, .T. ) ;
#2667 = CARTESIAN_POINT ( 'NONE',  ( 6.000000000000180300, -23.99999999999999645, 7.000000000000130562 ) ) ;
#2668 = ORIENTED_EDGE ( 'NONE', *, *, #474, .T. ) ;
#2669 = VERTEX_POINT ( 'NONE', #1691 ) ;
#2670 = CARTESIAN_POINT ( 'NONE',  ( -22.47222918424028393, -0.5829721101659315341, -3.731838626645491264 ) ) ;
#2671 = DIRECTION ( 'NONE',  ( 1.000000000000000000, 6.938893903907232322E-16, 0.000000000000000000 ) ) ;
#2672 = ADVANCED_FACE ( 'NONE', ( #3107, #5850 ), #3521, .T. ) ;
#2673 = DIRECTION ( 'NONE',  ( 1.000000000000000000, -0.000000000000000000, -1.241116166072645175E-16 ) ) ;
#2674 = CARTESIAN_POINT ( 'NONE',  ( -6.956749555295972165, -23.94385397640099455, 7.342784729039495417 ) ) ;
#2675 = CARTESIAN_POINT ( 'NONE',  ( -10.96400695237986156, 2.755953607462498844, 14.09483634495226667 ) ) ;
#2676 = ORIENTED_EDGE ( 'NONE', *, *, #2542, .T. ) ;
#2677 = ORIENTED_EDGE ( 'NONE', *, *, #335, .T. ) ;
#2678 = DIRECTION ( 'NONE',  ( 1.000000000000000000, 0.000000000000000000, 0.000000000000000000 ) ) ;
#2679 = CARTESIAN_POINT ( 'NONE',  ( -29.14356511640517056, -2.031983349264046890, 7.936033301471976387 ) ) ;
#2680 = FACE_OUTER_BOUND ( 'NONE', #2285, .T. ) ;
#2681 = AXIS2_PLACEMENT_3D ( 'NONE', #641, #2397, #4658 ) ;
#2682 = VECTOR ( 'NONE', #2424, 1000.000000000000000 ) ;
#2683 = CIRCLE ( 'NONE', #853, 18.49999999999993605 ) ;
#2684 = ORIENTED_EDGE ( 'NONE', *, *, #473, .F. ) ;
#2685 = FACE_OUTER_BOUND ( 'NONE', #356, .T. ) ;
#2686 = DIRECTION ( 'NONE',  ( 0.000000000000000000, 1.000000000000000000, 0.000000000000000000 ) ) ;
#2687 = CARTESIAN_POINT ( 'NONE',  ( 30.62500000000001421, -20.96999999999998820, -13.99999999999999822 ) ) ;
#2688 = VECTOR ( 'NONE', #246, 1000.000000000000000 ) ;
#2689 = CIRCLE ( 'NONE', #3167, 1.000000000000001554 ) ;
#2690 = CARTESIAN_POINT ( 'NONE',  ( 28.62500000000000000, 2.030000000000010019, -20.00000000000000000 ) ) ;
#2691 = ORIENTED_EDGE ( 'NONE', *, *, #1639, .T. ) ;
#2692 = ADVANCED_FACE ( 'NONE', ( #2680 ), #5311, .T. ) ;
#2693 = VECTOR ( 'NONE', #267, 1000.000000000000000 ) ;
#2694 = EDGE_CURVE ( 'NONE', #3860, #3527, #4828, .T. ) ;
#2695 = ORIENTED_EDGE ( 'NONE', *, *, #1581, .F. ) ;
#2696 = EDGE_LOOP ( 'NONE', ( #4515, #1472, #510, #5681 ) ) ;
#2697 = DIRECTION ( 'NONE',  ( -1.000000000000000000, 6.938893903907232322E-16, 0.000000000000000000 ) ) ;
#2698 = AXIS2_PLACEMENT_3D ( 'NONE', #1387, #1802, #20 ) ;
#2699 = CARTESIAN_POINT ( 'NONE',  ( -10.99999999999999822, -2.700000000000000178, 14.81645567503790062 ) ) ;
#2700 = EDGE_LOOP ( 'NONE', ( #485, #2033, #530, #1897 ) ) ;
#2701 = ADVANCED_FACE ( 'NONE', ( #1238 ), #5339, .F. ) ;
#2702 = VERTEX_POINT ( 'NONE', #1717 ) ;
#2703 = DIRECTION ( 'NONE',  ( -1.000000000000000000, 6.938893903907231336E-16, 1.972152263052529514E-31 ) ) ;
#2704 = CARTESIAN_POINT ( 'NONE',  ( 30.62500000000001776, -21.97238591776526562, -7.668093091315840049 ) ) ;
#2705 = DIRECTION ( 'NONE',  ( -1.000000000000000000, -6.938893903907231336E-16, 0.000000000000000000 ) ) ;
#2706 = DIRECTION ( 'NONE',  ( -1.000000000000000000, -6.938893903907229364E-16, -9.860761315262647568E-32 ) ) ;
#2707 = EDGE_CURVE ( 'NONE', #2141, #3832, #4446, .T. ) ;
#2708 = CARTESIAN_POINT ( 'NONE',  ( 23.82499999999999574, -15.56999999999999140, -29.74884608556315158 ) ) ;
#2709 = VERTEX_POINT ( 'NONE', #3075 ) ;
#2710 = ORIENTED_EDGE ( 'NONE', *, *, #3574, .T. ) ;
#2711 = CARTESIAN_POINT ( 'NONE',  ( -10.79660685807966125, 1.950092697123866348, 17.10962038199469504 ) ) ;
#2712 = CARTESIAN_POINT ( 'NONE',  ( -30.62500000000000711, -2.869076713409103530, 6.261846573181885311 ) ) ;
#2713 = DIRECTION ( 'NONE',  ( 0.000000000000000000, 0.7071067811865463515, 0.7071067811865486830 ) ) ;
#2714 = VECTOR ( 'NONE', #1532, 1000.000000000000000 ) ;
#2715 = ORIENTED_EDGE ( 'NONE', *, *, #701, .F. ) ;
#2716 = DIRECTION ( 'NONE',  ( 0.000000000000000000, 1.000000000000000000, 0.000000000000000000 ) ) ;
#2717 = CARTESIAN_POINT ( 'NONE',  ( -12.23805812397114856, -2.433796624112513380E-15, 0.000000000000000000 ) ) ;
#2718 = CARTESIAN_POINT ( 'NONE',  ( -30.62500000000001421, -20.96999999999999531, -2.124952227952476672E-14 ) ) ;
#2719 = LINE ( 'NONE', #337, #5639 ) ;
#2720 = ORIENTED_EDGE ( 'NONE', *, *, #1511, .T. ) ;
#2721 = ORIENTED_EDGE ( 'NONE', *, *, #3306, .F. ) ;
#2722 = DIRECTION ( 'NONE',  ( 1.000000000000000000, 0.000000000000000000, 0.000000000000000000 ) ) ;
#2723 = DIRECTION ( 'NONE',  ( 1.000000000000000000, 0.000000000000000000, 0.000000000000000000 ) ) ;
#2724 = ORIENTED_EDGE ( 'NONE', *, *, #5426, .F. ) ;
#2725 = AXIS2_PLACEMENT_3D ( 'NONE', #4622, #2356, #4165 ) ;
#2726 = EDGE_CURVE ( 'NONE', #1092, #2012, #2653, .T. ) ;
#2727 = ORIENTED_EDGE ( 'NONE', *, *, #4260, .T. ) ;
#2728 = VECTOR ( 'NONE', #4042, 1000.000000000000000 ) ;
#2729 = CARTESIAN_POINT ( 'NONE',  ( -18.28582810872728004, -1.000092008745895544, -0.03297778604679862252 ) ) ;
#2730 = LINE ( 'NONE', #1827, #3470 ) ;
#2731 = LINE ( 'NONE', #3660, #2728 ) ;
#2732 = ADVANCED_FACE ( 'NONE', ( #3015 ), #2564, .F. ) ;
#2733 = EDGE_CURVE ( 'NONE', #5845, #213, #4536, .T. ) ;
#2734 = DIRECTION ( 'NONE',  ( 2.267975102510408941E-30, -3.491481338843133355E-15, 1.000000000000000000 ) ) ;
#2735 = CARTESIAN_POINT ( 'NONE',  ( 30.62499999999998934, 15.77854679802961968, 0.000000000000000000 ) ) ;
#2736 = ORIENTED_EDGE ( 'NONE', *, *, #5212, .F. ) ;
#2737 = ORIENTED_EDGE ( 'NONE', *, *, #3659, .F. ) ;
#2738 = CYLINDRICAL_SURFACE ( 'NONE', #457, 5.100000000000000533 ) ;
#2739 = CARTESIAN_POINT ( 'NONE',  ( -30.22433366422755441, -1.770906539481363229, 6.614546730259426077 ) ) ;
#2740 = CYLINDRICAL_SURFACE ( 'NONE', #1058, 2.149999999999999023 ) ;
#2741 = ADVANCED_FACE ( 'NONE', ( #5425 ), #4510, .T. ) ;
#2742 = VERTEX_POINT ( 'NONE', #5063 ) ;
#2743 = CYLINDRICAL_SURFACE ( 'NONE', #3927, 2.149999999999997691 ) ;
#2744 = CARTESIAN_POINT ( 'NONE',  ( 25.62500000000000711, -16.12685424949240343, -14.34314575050765050 ) ) ;
#2745 = DIRECTION ( 'NONE',  ( 0.000000000000000000, -1.000000000000000000, 0.000000000000000000 ) ) ;
#2746 = CARTESIAN_POINT ( 'NONE',  ( 22.62500000000001421, -23.97000000000004860, -7.999999999999653610 ) ) ;
#2747 = FACE_OUTER_BOUND ( 'NONE', #5181, .T. ) ;
#2748 = AXIS2_PLACEMENT_3D ( 'NONE', #3617, #5855, #2324 ) ;
#2749 = ORIENTED_EDGE ( 'NONE', *, *, #2007, .T. ) ;
#2750 = VERTEX_POINT ( 'NONE', #4508 ) ;
#2751 = LINE ( 'NONE', #2249, #658 ) ;
#2752 = DIRECTION ( 'NONE',  ( 0.000000000000000000, -1.000000000000000000, 0.000000000000000000 ) ) ;
#2753 = VERTEX_POINT ( 'NONE', #2264 ) ;
#2754 = ORIENTED_EDGE ( 'NONE', *, *, #4104, .T. ) ;
#2755 = LINE ( 'NONE', #10, #165 ) ;
#2756 = DIRECTION ( 'NONE',  ( 0.000000000000000000, 0.000000000000000000, 1.000000000000000000 ) ) ;
#2757 = DIRECTION ( 'NONE',  ( 1.000000000000000000, 4.625929269271484928E-16, 0.000000000000000000 ) ) ;
#2758 = DIRECTION ( 'NONE',  ( 6.938893903907232322E-16, 1.000000000000000000, 0.000000000000000000 ) ) ;
#2759 = DIRECTION ( 'NONE',  ( -3.061616997868382648E-16, 1.000000000000000000, 0.000000000000000000 ) ) ;
#2760 = EDGE_CURVE ( 'NONE', #5571, #2920, #669, .T. ) ;
#2761 = EDGE_CURVE ( 'NONE', #2164, #5044, #3715, .T. ) ;
#2762 = ORIENTED_EDGE ( 'NONE', *, *, #2191, .F. ) ;
#2763 = CARTESIAN_POINT ( 'NONE',  ( -22.62500000000000000, -0.3199999999999925682, -22.81558164506020958 ) ) ;
#2764 = CARTESIAN_POINT ( 'NONE',  ( -30.62500000000000711, -10.47000000000001485, -12.00000000000000000 ) ) ;
#2765 = EDGE_CURVE ( 'NONE', #1311, #987, #4409, .T. ) ;
#2766 = VERTEX_POINT ( 'NONE', #5510 ) ;
#2767 = AXIS2_PLACEMENT_3D ( 'NONE', #1491, #5173, #1010 ) ;
#2768 = DIRECTION ( 'NONE',  ( 1.000000000000000000, -0.000000000000000000, -0.000000000000000000 ) ) ;
#2769 = DIRECTION ( 'NONE',  ( 1.040834085586083310E-14, 0.000000000000000000, -1.000000000000000000 ) ) ;
#2770 = CARTESIAN_POINT ( 'NONE',  ( -22.62500000000001776, -22.96999999999999176, -20.00000000000000000 ) ) ;
#2771 = DIRECTION ( 'NONE',  ( 0.000000000000000000, -1.000000000000000000, -5.782411586589346792E-16 ) ) ;
#2772 = DIRECTION ( 'NONE',  ( -3.061616997868382648E-16, 1.000000000000000000, 0.000000000000000000 ) ) ;
#2773 = AXIS2_PLACEMENT_3D ( 'NONE', #5144, #2882, #4268 ) ;
#2774 = AXIS2_PLACEMENT_3D ( 'NONE', #3979, #3880, #2578 ) ;
#2775 = EDGE_CURVE ( 'NONE', #2073, #878, #881, .T. ) ;
#2776 = EDGE_LOOP ( 'NONE', ( #1485, #5558, #2490, #3446 ) ) ;
#2777 = ORIENTED_EDGE ( 'NONE', *, *, #5242, .F. ) ;
#2778 = VECTOR ( 'NONE', #2703, 1000.000000000000000 ) ;
#2779 = FACE_OUTER_BOUND ( 'NONE', #4413, .T. ) ;
#2780 = AXIS2_PLACEMENT_3D ( 'NONE', #1276, #332, #1663 ) ;
#2781 = AXIS2_PLACEMENT_3D ( 'NONE', #3652, #1398, #2722 ) ;
#2782 = CARTESIAN_POINT ( 'NONE',  ( -25.62500000000000711, -13.97685424949240485, -14.34314575050765050 ) ) ;
#2783 = ORIENTED_EDGE ( 'NONE', *, *, #1505, .F. ) ;
#2784 = AXIS2_PLACEMENT_3D ( 'NONE', #260, #3960, #812 ) ;
#2785 = VERTEX_POINT ( 'NONE', #1444 ) ;
#2786 = AXIS2_PLACEMENT_3D ( 'NONE', #1177, #1660, #4922 ) ;
#2787 = DIRECTION ( 'NONE',  ( -1.000000000000000000, 6.938893903907230350E-16, 1.547267552600383664E-31 ) ) ;
#2788 = CARTESIAN_POINT ( 'NONE',  ( -23.82500000000001350, -18.46999999999999176, -20.00000000000000000 ) ) ;
#2789 = CIRCLE ( 'NONE', #2311, 20.49999999999993605 ) ;
#2790 = CIRCLE ( 'NONE', #2501, 2.000000000000000444 ) ;
#2791 = FACE_OUTER_BOUND ( 'NONE', #1896, .T. ) ;
#2792 = CARTESIAN_POINT ( 'NONE',  ( 11.00000000000001776, -58.05877273185281240, 15.00000000000000178 ) ) ;
#2793 = EDGE_CURVE ( 'NONE', #3089, #3690, #3554, .T. ) ;
#2794 = CARTESIAN_POINT ( 'NONE',  ( -22.30708475947778524, -23.99509633742128756, -3.237925985478169455 ) ) ;
#2795 = ORIENTED_EDGE ( 'NONE', *, *, #4404, .T. ) ;
#2796 = CYLINDRICAL_SURFACE ( 'NONE', #274, 1.000000000000000888 ) ;
#2797 = CARTESIAN_POINT ( 'NONE',  ( -20.67989543721737178, -23.99952015306679343, -1.028154623607328233 ) ) ;
#2798 = DIRECTION ( 'NONE',  ( -2.264240584104833350E-47, 7.395570986446985676E-32, 1.000000000000000000 ) ) ;
#2799 = ADVANCED_FACE ( 'NONE', ( #5009 ), #2884, .T. ) ;
#2800 = ADVANCED_FACE ( 'NONE', ( #5935 ), #388, .F. ) ;
#2801 = ORIENTED_EDGE ( 'NONE', *, *, #4105, .T. ) ;
#2802 = CARTESIAN_POINT ( 'NONE',  ( -7.485281374238569541, 5.499999999999999112, 8.368969706864392677 ) ) ;
#2803 = LINE ( 'NONE', #4701, #344 ) ;
#2804 = AXIS2_PLACEMENT_3D ( 'NONE', #1514, #2341, #3762 ) ;
#2805 = FACE_OUTER_BOUND ( 'NONE', #5557, .T. ) ;
#2806 = CARTESIAN_POINT ( 'NONE',  ( -26.82500000000000284, -5.369999999999990337, -20.00000000000000000 ) ) ;
#2807 = EDGE_CURVE ( 'NONE', #5694, #5845, #769, .T. ) ;
#2808 = CONICAL_SURFACE ( 'NONE', #2619, 5.499999999999998224, 0.7531512809621936366 ) ;
#2809 = ORIENTED_EDGE ( 'NONE', *, *, #1180, .F. ) ;
#2810 = ORIENTED_EDGE ( 'NONE', *, *, #715, .F. ) ;
#2811 = CARTESIAN_POINT ( 'NONE',  ( 30.73768568794500666, -11.52000000000001378, -12.00000000000000000 ) ) ;
#2812 = LINE ( 'NONE', #4626, #2815 ) ;
#2813 = ORIENTED_EDGE ( 'NONE', *, *, #4660, .T. ) ;
#2814 = EDGE_CURVE ( 'NONE', #5811, #2571, #2219, .T. ) ;
#2815 = VECTOR ( 'NONE', #2388, 1000.000000000000000 ) ;
#2816 = ORIENTED_EDGE ( 'NONE', *, *, #4144, .F. ) ;
#2817 = CARTESIAN_POINT ( 'NONE',  ( -28.32500000000001350, -17.10043478260868355, -30.59657183213385778 ) ) ;
#2818 = CARTESIAN_POINT ( 'NONE',  ( 7.485281374238232033, 5.500000000000004441, 8.368969706864385572 ) ) ;
#2819 = FACE_OUTER_BOUND ( 'NONE', #144, .T. ) ;
#2820 = EDGE_CURVE ( 'NONE', #4896, #4804, #1925, .T. ) ;
#2821 = FACE_BOUND ( 'NONE', #4449, .T. ) ;
#2822 = LINE ( 'NONE', #4213, #649 ) ;
#2823 = ORIENTED_EDGE ( 'NONE', *, *, #2848, .T. ) ;
#2824 = CARTESIAN_POINT ( 'NONE',  ( 30.62500000000002132, -22.58578643762689353, 7.171572875253809265 ) ) ;
#2825 = DIRECTION ( 'NONE',  ( -8.673617379884035472E-16, 1.000000000000000000, 8.023096076392732812E-15 ) ) ;
#2826 = FACE_OUTER_BOUND ( 'NONE', #1525, .T. ) ;
#2827 = AXIS2_PLACEMENT_3D ( 'NONE', #1881, #5479, #378 ) ;
#2828 = ORIENTED_EDGE ( 'NONE', *, *, #933, .T. ) ;
#2829 = CARTESIAN_POINT ( 'NONE',  ( 2.795035277472459168, -0.6816314593176472370, 16.34220944407819687 ) ) ;
#2830 = CARTESIAN_POINT ( 'NONE',  ( 30.73768568794500311, -4.813145750507619169, -14.34314575050761320 ) ) ;
#2831 = VECTOR ( 'NONE', #3811, 1000.000000000000000 ) ;
#2832 = DIRECTION ( 'NONE',  ( -1.000000000000000000, 6.938893903907230350E-16, 1.972152263052529514E-31 ) ) ;
#2833 = DIRECTION ( 'NONE',  ( 4.012354050806743404E-31, 5.782411586589356653E-16, -1.000000000000000000 ) ) ;
#2834 = DIRECTION ( 'NONE',  ( -6.938893903907233308E-16, 1.000000000000000000, 0.000000000000000000 ) ) ;
#2835 = ORIENTED_EDGE ( 'NONE', *, *, #441, .T. ) ;
#2836 = ORIENTED_EDGE ( 'NONE', *, *, #82, .F. ) ;
#2837 = EDGE_CURVE ( 'NONE', #2, #647, #2405, .T. ) ;
#2838 = DIRECTION ( 'NONE',  ( 0.000000000000000000, 5.782411586589356653E-16, -1.000000000000000000 ) ) ;
#2839 = DIRECTION ( 'NONE',  ( -1.000000000000000000, -6.938893903907233308E-16, 0.000000000000000000 ) ) ;
#2840 = ORIENTED_EDGE ( 'NONE', *, *, #4260, .F. ) ;
#2841 = EDGE_LOOP ( 'NONE', ( #2232, #351 ) ) ;
#2842 = ADVANCED_FACE ( 'NONE', ( #1778 ), #2740, .F. ) ;
#2843 = FACE_OUTER_BOUND ( 'NONE', #4161, .T. ) ;
#2844 = CYLINDRICAL_SURFACE ( 'NONE', #2517, 2.149999999999997247 ) ;
#2845 = CARTESIAN_POINT ( 'NONE',  ( -30.62499999999998934, 15.77854679802961968, 0.000000000000000000 ) ) ;
#2846 = CARTESIAN_POINT ( 'NONE',  ( -23.82499999999999929, -0.3199999999999917355, -20.00000000000000000 ) ) ;
#2847 = CYLINDRICAL_SURFACE ( 'NONE', #4487, 16.77854679802960192 ) ;
#2848 = EDGE_CURVE ( 'NONE', #4964, #1648, #4984, .T. ) ;
#2849 = DIRECTION ( 'NONE',  ( 1.000000000000000000, 6.938893903907232322E-16, 0.000000000000000000 ) ) ;
#2850 = DIRECTION ( 'NONE',  ( -1.000000000000000000, 6.938893903907232322E-16, 0.000000000000000000 ) ) ;
#2851 = CARTESIAN_POINT ( 'NONE',  ( 23.82499999999999929, -0.3199999999999917355, -22.81558164506020958 ) ) ;
#2852 = ORIENTED_EDGE ( 'NONE', *, *, #1875, .F. ) ;
#2853 = ORIENTED_EDGE ( 'NONE', *, *, #3066, .T. ) ;
#2854 = CARTESIAN_POINT ( 'NONE',  ( 3.099911414370259966, -1.449822828691399668, 15.20654638260717917 ) ) ;
#2855 = LINE ( 'NONE', #566, #2965 ) ;
#2856 = CARTESIAN_POINT ( 'NONE',  ( -10.99999999999998046, -58.05877273185281240, 15.00000000000000000 ) ) ;
#2857 = DIRECTION ( 'NONE',  ( -1.000000000000000000, -2.478176394252583113E-16, 0.000000000000000000 ) ) ;
#2858 = LINE ( 'NONE', #4195, #5777 ) ;
#2859 = VECTOR ( 'NONE', #3009, 1000.000000000000114 ) ;
#2860 = ORIENTED_EDGE ( 'NONE', *, *, #4566, .F. ) ;
#2861 = DIRECTION ( 'NONE',  ( 1.000000000000000000, -6.938893903907232322E-16, -0.000000000000000000 ) ) ;
#2862 = CARTESIAN_POINT ( 'NONE',  ( 28.75590116331768442, -22.99999999998364331, 8.000000000000000000 ) ) ;
#2863 = DIRECTION ( 'NONE',  ( 1.000000000000000000, 0.000000000000000000, -1.241116166072645175E-16 ) ) ;
#2864 = AXIS2_PLACEMENT_3D ( 'NONE', #645, #2005, #1014 ) ;
#2865 = VECTOR ( 'NONE', #2158, 1000.000000000000000 ) ;
#2866 = CARTESIAN_POINT ( 'NONE',  ( -30.62500000000001776, -21.97238591776526562, -7.668093091315840049 ) ) ;
#2867 = VERTEX_POINT ( 'NONE', #3219 ) ;
#2868 = ADVANCED_FACE ( 'NONE', ( #3693 ), #934, .F. ) ;
#2869 = ADVANCED_FACE ( 'NONE', ( #1582, #2883 ), #4724, .T. ) ;
#2870 = EDGE_LOOP ( 'NONE', ( #3355, #155, #2840 ) ) ;
#2871 = VECTOR ( 'NONE', #4284, 1000.000000000000000 ) ;
#2872 = CARTESIAN_POINT ( 'NONE',  ( -25.62500000000000711, -16.12685424949240343, -14.34314575050765050 ) ) ;
#2873 = DIRECTION ( 'NONE',  ( -2.931054078198949621E-16, 1.000000000000000000, -7.395570986446985676E-32 ) ) ;
#2874 = CYLINDRICAL_SURFACE ( 'NONE', #1904, 2.149999999999997691 ) ;
#2875 = CIRCLE ( 'NONE', #3645, 12.49999999999999645 ) ;
#2876 = FACE_OUTER_BOUND ( 'NONE', #1577, .T. ) ;
#2877 = AXIS2_PLACEMENT_3D ( 'NONE', #4354, #5731, #272 ) ;
#2878 = EDGE_CURVE ( 'NONE', #2460, #3346, #3930, .T. ) ;
#2879 = ORIENTED_EDGE ( 'NONE', *, *, #2989, .T. ) ;
#2880 = VECTOR ( 'NONE', #3328, 1000.000000000000000 ) ;
#2881 = LINE ( 'NONE', #4241, #760 ) ;
#2882 = DIRECTION ( 'NONE',  ( -1.000000000000000000, 0.000000000000000000, 0.000000000000000000 ) ) ;
#2883 = FACE_BOUND ( 'NONE', #4820, .T. ) ;
#2884 = TOROIDAL_SURFACE ( 'NONE', #4023, 9.999999999999998224, 1.000000000000000000 ) ;
#2885 = ORIENTED_EDGE ( 'NONE', *, *, #5166, .F. ) ;
#2886 = ADVANCED_FACE ( 'NONE', ( #3858 ), #2910, .T. ) ;
#2887 = EDGE_LOOP ( 'NONE', ( #4428, #5460, #3069, #4244 ) ) ;
#2888 = CARTESIAN_POINT ( 'NONE',  ( 30.62500000000001066, -18.27685424949239845, -14.34314575050765050 ) ) ;
#2889 = CARTESIAN_POINT ( 'NONE',  ( 28.32500000000000639, -5.369999999999991225, -29.74884608556315158 ) ) ;
#2890 = DIRECTION ( 'NONE',  ( 1.000000000000000000, -6.938893903907232322E-16, -0.000000000000000000 ) ) ;
#2891 = DIRECTION ( 'NONE',  ( -1.000000000000000000, -6.938893903907232322E-16, 0.000000000000000000 ) ) ;
#2892 = ORIENTED_EDGE ( 'NONE', *, *, #3496, .T. ) ;
#2893 = LINE ( 'NONE', #2444, #3258 ) ;
#2894 = CARTESIAN_POINT ( 'NONE',  ( 30.57294534432826083, -22.52349579046671835, 6.261747895233457761 ) ) ;
#2895 = CARTESIAN_POINT ( 'NONE',  ( -25.62500000000000711, -18.46999999999999176, -20.00000000000000000 ) ) ;
#2896 = CARTESIAN_POINT ( 'NONE',  ( 8.485281374238565988, 1.576195599836918593, 8.000000000000000000 ) ) ;
#2897 = ORIENTED_EDGE ( 'NONE', *, *, #434, .T. ) ;
#2898 = AXIS2_PLACEMENT_3D ( 'NONE', #4332, #1161, #5705 ) ;
#2899 = ORIENTED_EDGE ( 'NONE', *, *, #4596, .F. ) ;
#2900 = CARTESIAN_POINT ( 'NONE',  ( -25.62500000000000355, -4.813145750507622722, -14.34314575050761320 ) ) ;
#2901 = FACE_OUTER_BOUND ( 'NONE', #4750, .T. ) ;
#2902 = CARTESIAN_POINT ( 'NONE',  ( 8.485281374238565988, 4.499999999999976019, -4.067564042545842997E-31 ) ) ;
#2903 = CARTESIAN_POINT ( 'NONE',  ( 4.592425496802564111E-16, 4.500000000000003553, 15.00000000000000000 ) ) ;
#2904 = VERTEX_POINT ( 'NONE', #5566 ) ;
#2905 = ADVANCED_FACE ( 'NONE', ( #2404 ), #2934, .T. ) ;
#2906 = DIRECTION ( 'NONE',  ( 0.000000000000000000, 1.000000000000000000, 0.000000000000000000 ) ) ;
#2907 = CARTESIAN_POINT ( 'NONE',  ( 20.67139479429872750, -23.99952599545758147, -1.021794809108980351 ) ) ;
#2908 = EDGE_CURVE ( 'NONE', #2169, #2018, #5643, .T. ) ;
#2909 = CIRCLE ( 'NONE', #21, 2.149999999999998135 ) ;
#2910 = CYLINDRICAL_SURFACE ( 'NONE', #2224, 11.00000000000000000 ) ;
#2911 = ORIENTED_EDGE ( 'NONE', *, *, #4654, .F. ) ;
#2912 = ORIENTED_EDGE ( 'NONE', *, *, #4882, .F. ) ;
#2913 = CARTESIAN_POINT ( 'NONE',  ( 3.004701089555057436, -1.251128709460809008, 14.21358423455276387 ) ) ;
#2914 = CARTESIAN_POINT ( 'NONE',  ( 30.62500000000000711, -10.46999999999998820, -20.00000000000000000 ) ) ;
#2915 = EDGE_CURVE ( 'NONE', #1981, #1232, #4602, .T. ) ;
#2916 = VECTOR ( 'NONE', #5052, 1000.000000000000000 ) ;
#2917 = CARTESIAN_POINT ( 'NONE',  ( -30.62500000000002132, -23.17157287525381903, 6.585786437626905965 ) ) ;
#2918 = DIRECTION ( 'NONE',  ( -1.000000000000000000, 6.938893903907232322E-16, 0.000000000000000000 ) ) ;
#2919 = VERTEX_POINT ( 'NONE', #4748 ) ;
#2920 = VERTEX_POINT ( 'NONE', #5178 ) ;
#2921 = DIRECTION ( 'NONE',  ( 1.000000000000000000, 3.061616997868382648E-16, -0.000000000000000000 ) ) ;
#2922 = CARTESIAN_POINT ( 'NONE',  ( 2.845904481932217234, 1.053260794478180440, 16.23830102967538025 ) ) ;
#2923 = ORIENTED_EDGE ( 'NONE', *, *, #4953, .T. ) ;
#2924 = ORIENTED_EDGE ( 'NONE', *, *, #4412, .T. ) ;
#2925 = EDGE_LOOP ( 'NONE', ( #3704, #5783, #5915, #2823 ) ) ;
#2926 = DIRECTION ( 'NONE',  ( -6.940968590918447396E-16, -1.000000000000000000, 0.000000000000000000 ) ) ;
#2927 = CARTESIAN_POINT ( 'NONE',  ( 25.62500000000000711, -10.47000000000001663, -12.00000000000000000 ) ) ;
#2928 = DIRECTION ( 'NONE',  ( 0.000000000000000000, -1.000000000000000000, 0.000000000000000000 ) ) ;
#2929 = LINE ( 'NONE', #2481, #4962 ) ;
#2930 = VERTEX_POINT ( 'NONE', #4308 ) ;
#2931 = CIRCLE ( 'NONE', #1975, 1.000000000000000888 ) ;
#2932 = DIRECTION ( 'NONE',  ( 0.000000000000000000, 1.000000000000000000, 0.000000000000000000 ) ) ;
#2933 = CARTESIAN_POINT ( 'NONE',  ( 22.62500000000002842, -23.98982884286087369, -4.669867264079216262 ) ) ;
#2934 = CYLINDRICAL_SURFACE ( 'NONE', #1831, 1.999999999999998224 ) ;
#2935 = VERTEX_POINT ( 'NONE', #616 ) ;
#2936 = LOCAL_TIME ( 10, 36, 4.000000000000000000, #750 ) ;
#2937 = EDGE_CURVE ( 'NONE', #5694, #4441, #192, .T. ) ;
#2938 = ADVANCED_FACE ( 'NONE', ( #2826 ), #5555, .T. ) ;
#2939 = EDGE_LOOP ( 'NONE', ( #1188, #5049, #2529, #3361 ) ) ;
#2940 = ORIENTED_EDGE ( 'NONE', *, *, #1382, .F. ) ;
#2941 = CARTESIAN_POINT ( 'NONE',  ( 2.952984134452512066, -1.136859111489506136, 14.04461712083375957 ) ) ;
#2942 = DIRECTION ( 'NONE',  ( 1.000000000000000000, 3.469446951953612217E-16, 0.000000000000000000 ) ) ;
#2943 = CALENDAR_DATE ( 2026, 10, 7 ) ;
#2944 = LINE ( 'NONE', #1114, #305 ) ;
#2945 = EDGE_CURVE ( 'NONE', #3760, #3694, #4218, .T. ) ;
#2946 = DIRECTION ( 'NONE',  ( 0.000000000000000000, 1.000000000000000000, 0.000000000000000000 ) ) ;
#2947 = EDGE_LOOP ( 'NONE', ( #910, #4037, #2721 ) ) ;
#2948 = ORIENTED_EDGE ( 'NONE', *, *, #5805, .T. ) ;
#2949 = CARTESIAN_POINT ( 'NONE',  ( 29.51130239515459408, -23.79766592814799964, 6.898832964073958074 ) ) ;
#2950 = CYLINDRICAL_SURFACE ( 'NONE', #2114, 18.49999999999993250 ) ;
#2951 = CARTESIAN_POINT ( 'NONE',  ( 3.074779541133355387, 1.599026882900431268, 14.59263598558042396 ) ) ;
#2952 = EDGE_LOOP ( 'NONE', ( #1974, #338, #4932, #2736 ) ) ;
#2953 = EDGE_CURVE ( 'NONE', #2042, #5700, #5208, .T. ) ;
#2954 = ORIENTED_EDGE ( 'NONE', *, *, #4954, .F. ) ;
#2955 = ORIENTED_EDGE ( 'NONE', *, *, #619, .T. ) ;
#2956 = AXIS2_PLACEMENT_3D ( 'NONE', #2458, #3794, #3275 ) ;
#2957 = VECTOR ( 'NONE', #5113, 1000.000000000000000 ) ;
#2958 = FACE_OUTER_BOUND ( 'NONE', #2887, .T. ) ;
#2959 = CARTESIAN_POINT ( 'NONE',  ( 8.485281374238565988, 4.500000000000003553, 8.000000000000000000 ) ) ;
#2960 = DIRECTION ( 'NONE',  ( -1.000000000000000000, -0.000000000000000000, 1.241116166072645175E-16 ) ) ;
#2961 = DIRECTION ( 'NONE',  ( 1.000000000000000000, 6.938893903907230350E-16, 9.860761315262647568E-32 ) ) ;
#2962 = AXIS2_PLACEMENT_3D ( 'NONE', #5325, #2577, #4813 ) ;
#2963 = AXIS2_PLACEMENT_3D ( 'NONE', #121, #3266, #5110 ) ;
#2964 = EDGE_CURVE ( 'NONE', #1994, #5387, #4639, .T. ) ;
#2965 = VECTOR ( 'NONE', #654, 1000.000000000000000 ) ;
#2966 = ORIENTED_EDGE ( 'NONE', *, *, #4279, .T. ) ;
#2967 = VERTEX_POINT ( 'NONE', #1049 ) ;
#2968 = CARTESIAN_POINT ( 'NONE',  ( 28.62500000000001776, -23.97000000000004150, -7.999999999999653610 ) ) ;
#2969 = CARTESIAN_POINT ( 'NONE',  ( -29.94665351144584875, -23.50677361330036774, 6.753386806650145679 ) ) ;
#2970 = VECTOR ( 'NONE', #543, 1000.000000000000000 ) ;
#2971 = AXIS2_PLACEMENT_3D ( 'NONE', #3780, #5635, #1030 ) ;
#2972 = CARTESIAN_POINT ( 'NONE',  ( 10.50000000000000000, 0.1000000000000011297, 15.00000000000000000 ) ) ;
#2973 = DIRECTION ( 'NONE',  ( -0.000000000000000000, -0.000000000000000000, -1.000000000000000000 ) ) ;
#2974 = CC_DESIGN_PERSON_AND_ORGANIZATION_ASSIGNMENT ( #2532, #689, ( #4079 ) ) ;
#2975 = CIRCLE ( 'NONE', #2784, 1.000000000000000000 ) ;
#2976 = ORIENTED_EDGE ( 'NONE', *, *, #4769, .F. ) ;
#2977 = ORIENTED_EDGE ( 'NONE', *, *, #3769, .F. ) ;
#2978 = CIRCLE ( 'NONE', #5072, 12.49999999999999822 ) ;
#2979 = DIRECTION ( 'NONE',  ( 2.264240584104833350E-47, -7.395570986446985676E-32, -1.000000000000000000 ) ) ;
#2980 = CARTESIAN_POINT ( 'NONE',  ( 29.94665351144602994, -2.246613193349863646, 7.506773613300161685 ) ) ;
#2981 = DIRECTION ( 'NONE',  ( -7.501506923142953835E-16, 1.000000000000000000, 0.000000000000000000 ) ) ;
#2982 = EDGE_CURVE ( 'NONE', #3832, #2709, #4076, .T. ) ;
#2983 = AXIS2_PLACEMENT_3D ( 'NONE', #4913, #1610, #3036 ) ;
#2984 = CARTESIAN_POINT ( 'NONE',  ( 30.73768568794500311, -5.863145750507618104, -14.34314575050761320 ) ) ;
#2985 = ORIENTED_EDGE ( 'NONE', *, *, #2430, .T. ) ;
#2986 = DIRECTION ( 'NONE',  ( 1.000000000000000000, -6.938893903907232322E-16, 0.000000000000000000 ) ) ;
#2987 = CARTESIAN_POINT ( 'NONE',  ( 29.26943133430576083, -22.94892610094854746, 7.897852201897158864 ) ) ;
#2988 = DIRECTION ( 'NONE',  ( 1.000000000000000000, 6.938893903907230350E-16, 1.972152263052529514E-31 ) ) ;
#2989 = EDGE_CURVE ( 'NONE', #3379, #2702, #2502, .T. ) ;
#2990 = EDGE_CURVE ( 'NONE', #1874, #5494, #4122, .T. ) ;
#2991 = CARTESIAN_POINT ( 'NONE',  ( 2.713514957049175891, 0.5069033573035456319, 13.50087528419496152 ) ) ;
#2992 = EDGE_LOOP ( 'NONE', ( #5319, #3146, #535, #1397 ) ) ;
#2993 = EDGE_LOOP ( 'NONE', ( #1851, #1019 ) ) ;
#2994 = ORIENTED_EDGE ( 'NONE', *, *, #4738, .T. ) ;
#2995 = FACE_BOUND ( 'NONE', #3712, .T. ) ;
#2996 = CYLINDRICAL_SURFACE ( 'NONE', #4500, 18.49999999999998934 ) ;
#2997 = DIRECTION ( 'NONE',  ( 0.000000000000000000, -1.000000000000000000, 0.000000000000000000 ) ) ;
#2998 = EDGE_CURVE ( 'NONE', #2904, #4189, #5594, .T. ) ;
#2999 = CIRCLE ( 'NONE', #7, 9.999999999999998224 ) ;
#3000 = CARTESIAN_POINT ( 'NONE',  ( -28.32500000000000995, -15.56999999999998963, -29.74884608556315158 ) ) ;
#3001 = CARTESIAN_POINT ( 'NONE',  ( 30.62500000000001421, -23.97000000000004150, -7.999999999999653610 ) ) ;
#3002 = EDGE_LOOP ( 'NONE', ( #2003, #312 ) ) ;
#3003 = VECTOR ( 'NONE', #419, 1000.000000000000000 ) ;
#3004 = CARTESIAN_POINT ( 'NONE',  ( 1.530808498934192064E-16, 7.100000000000001421, 15.00000000000000000 ) ) ;
#3005 = DIRECTION ( 'NONE',  ( 1.000000000000000000, 6.938893903907232322E-16, 0.000000000000000000 ) ) ;
#3006 = B_SPLINE_CURVE_WITH_KNOTS ( 'NONE', 3,
 ( #3899, #5730, #1634, #2657, #5762, #3557, #3112, #1664, #4926, #820, #4477, #358, #2208, #5854, #1755, #1306 ),
 .UNSPECIFIED., .F., .F.,
 ( 4, 2, 2, 2, 2, 2, 2, 4 ),
 ( 0.004396298430949923189, 0.004945548559241510003, 0.005494798687533091613, 0.006593298944116256569, 0.007142549072407838179, 0.007691799200699419789, 0.008241049328991001399, 0.008790299457282583009 ),
 .UNSPECIFIED. ) ;
#3007 = DIRECTION ( 'NONE',  ( -1.000000000000000000, 6.938893903907230350E-16, 9.860761315262647568E-32 ) ) ;
#3008 = ORIENTED_EDGE ( 'NONE', *, *, #189, .T. ) ;
#3009 = DIRECTION ( 'NONE',  ( 0.3420201433256724877, -0.9396926207859069846, -0.000000000000000000 ) ) ;
#3010 = ORIENTED_EDGE ( 'NONE', *, *, #2726, .T. ) ;
#3011 = VERTEX_POINT ( 'NONE', #5362 ) ;
#3012 = LINE ( 'NONE', #1140, #4119 ) ;
#3013 = CARTESIAN_POINT ( 'NONE',  ( 30.62500000000000711, -2.999999999999988010, 6.000000000000000000 ) ) ;
#3014 = APPLICATION_PROTOCOL_DEFINITION ( 'international standard', 'config_control_design', 1994, #2360 ) ;
#3015 = FACE_OUTER_BOUND ( 'NONE', #2013, .T. ) ;
#3016 = DIRECTION ( 'NONE',  ( -1.000000000000000000, -6.938893903907232322E-16, -1.972152263052529514E-31 ) ) ;
#3017 = ORIENTED_EDGE ( 'NONE', *, *, #4529, .F. ) ;
#3018 = DIRECTION ( 'NONE',  ( 1.000000000000000000, 6.938893903907232322E-16, 0.000000000000000000 ) ) ;
#3019 = DIRECTION ( 'NONE',  ( -1.000000000000000000, -6.938893903907231336E-16, 0.000000000000000000 ) ) ;
#3020 = DIRECTION ( 'NONE',  ( 1.000000000000000000, 6.938893903907232322E-16, 0.000000000000000000 ) ) ;
#3021 = CARTESIAN_POINT ( 'NONE',  ( 0.000000000000000000, 0.000000000000000000, 8.000000000000000000 ) ) ;
#3022 = VERTEX_POINT ( 'NONE', #2555 ) ;
#3023 = EDGE_CURVE ( 'NONE', #4357, #1390, #4786, .T. ) ;
#3024 = EDGE_CURVE ( 'NONE', #5693, #199, #5169, .T. ) ;
#3025 = ORIENTED_EDGE ( 'NONE', *, *, #2514, .F. ) ;
#3026 = ORIENTED_EDGE ( 'NONE', *, *, #789, .F. ) ;
#3027 = CARTESIAN_POINT ( 'NONE',  ( -30.62500000000000355, -1.828427124746195398, 6.585786437626905077 ) ) ;
#3028 = DIRECTION ( 'NONE',  ( -6.938893903907232322E-16, -1.000000000000000000, 0.000000000000000000 ) ) ;
#3029 = CARTESIAN_POINT ( 'NONE',  ( -2.499999999999999556, -12.89999999999999858, 16.83303027798233131 ) ) ;
#3030 = CARTESIAN_POINT ( 'NONE',  ( -22.62500000000000000, -0.3199999999999925682, -20.00000000000000000 ) ) ;
#3031 = DIRECTION ( 'NONE',  ( 1.000000000000000000, 6.938893903907231336E-16, 1.972152263052529514E-31 ) ) ;
#3032 = EDGE_CURVE ( 'NONE', #4739, #1158, #2647, .T. ) ;
#3033 = VERTEX_POINT ( 'NONE', #349 ) ;
#3034 = DIRECTION ( 'NONE',  ( -1.000000000000000000, -6.938893903907232322E-16, -0.000000000000000000 ) ) ;
#3035 = CARTESIAN_POINT ( 'NONE',  ( -29.92895656095048196, -23.56254638674937496, 7.562546386749292360 ) ) ;
#3036 = DIRECTION ( 'NONE',  ( -6.203362532614061029E-16, 1.000000000000000000, 0.000000000000000000 ) ) ;
#3037 = CARTESIAN_POINT ( 'NONE',  ( -7.999999999999998224, 0.1000000000000011297, 15.00000000000000178 ) ) ;
#3038 = ORGANIZATION ( '未指定', '未指定', '' ) ;
#3039 = EDGE_CURVE ( 'NONE', #1585, #3385, #5078, .T. ) ;
#3040 = EDGE_LOOP ( 'NONE', ( #1833, #668, #2643, #2068 ) ) ;
#3041 = ORIENTED_EDGE ( 'NONE', *, *, #3076, .F. ) ;
#3042 = DIRECTION ( 'NONE',  ( 0.000000000000000000, 0.000000000000000000, 1.000000000000000000 ) ) ;
#3043 = CARTESIAN_POINT ( 'NONE',  ( 29.26943133430552990, -1.102147798102740994, 6.948926100948615847 ) ) ;
#3044 = PERSON_AND_ORGANIZATION ( #217, #3038 ) ;
#3045 = CARTESIAN_POINT ( 'NONE',  ( -9.999999999999989342, -24.00000000000000355, 15.00000000000000000 ) ) ;
#3046 = ORIENTED_EDGE ( 'NONE', *, *, #1261, .F. ) ;
#3047 = CARTESIAN_POINT ( 'NONE',  ( -30.62500000000000000, -2.469999999999987761, -20.00000000000000000 ) ) ;
#3048 = LINE ( 'NONE', #1277, #458 ) ;
#3049 = CARTESIAN_POINT ( 'NONE',  ( 25.62500000000000711, -12.62000000000001521, -12.00000000000000000 ) ) ;
#3050 = LINE ( 'NONE', #4324, #2527 ) ;
#3051 = ORIENTED_EDGE ( 'NONE', *, *, #3845, .F. ) ;
#3052 = ORIENTED_EDGE ( 'NONE', *, *, #5327, .T. ) ;
#3053 = EDGE_LOOP ( 'NONE', ( #3546, #410, #4247, #3607, #4985, #3586, #2607, #5348, #2668, #804, #4538 ) ) ;
#3054 = CARTESIAN_POINT ( 'NONE',  ( -28.62500000000001421, -22.96999999999998465, -20.00000000000000000 ) ) ;
#3055 = CARTESIAN_POINT ( 'NONE',  ( -22.62500000000001776, -23.99999999999999289, -5.000000000000000000 ) ) ;
#3056 = DIRECTION ( 'NONE',  ( 6.802837160693360652E-16, 1.000000000000000000, 0.000000000000000000 ) ) ;
#3057 = CARTESIAN_POINT ( 'NONE',  ( 30.62500000000000355, -4.813145750507619169, -14.34314575050761320 ) ) ;
#3058 = ADVANCED_FACE ( 'NONE', ( #2584 ), #4439, .F. ) ;
#3059 = EDGE_CURVE ( 'NONE', #2753, #830, #2167, .T. ) ;
#3060 = DIRECTION ( 'NONE',  ( -1.000000000000000000, 6.938893903907231336E-16, 1.972152263052529514E-31 ) ) ;
#3061 = EDGE_LOOP ( 'NONE', ( #1372, #3041, #3051, #2318 ) ) ;
#3062 = CIRCLE ( 'NONE', #452, 12.49999999999999645 ) ;
#3063 = CARTESIAN_POINT ( 'NONE',  ( -17.62499999999998934, 15.77854679802960902, -5.000000000000000000 ) ) ;
#3064 = CARTESIAN_POINT ( 'NONE',  ( -28.62500000000001421, -24.00000000000001066, 8.000000000000000000 ) ) ;
#3065 = CARTESIAN_POINT ( 'NONE',  ( -12.23805812397114856, -2.000000000000002665, 7.000000000000000000 ) ) ;
#3066 = EDGE_CURVE ( 'NONE', #5718, #3463, #1446, .T. ) ;
#3067 = CIRCLE ( 'NONE', #3810, 1.000000000000000888 ) ;
#3068 = AXIS2_PLACEMENT_3D ( 'NONE', #3981, #5300, #4783 ) ;
#3069 = ORIENTED_EDGE ( 'NONE', *, *, #2848, .F. ) ;
#3070 = ORIENTED_EDGE ( 'NONE', *, *, #3708, .T. ) ;
#3071 = CIRCLE ( 'NONE', #3816, 2.149999999999999023 ) ;
#3072 = CYLINDRICAL_SURFACE ( 'NONE', #1906, 1.000000000000000000 ) ;
#3073 = DIRECTION ( 'NONE',  ( 0.000000000000000000, 1.000000000000000000, 0.000000000000000000 ) ) ;
#3074 = DATE_AND_TIME ( #5277, #2936 ) ;
#3075 = CARTESIAN_POINT ( 'NONE',  ( 8.485281374238565988, 4.499999999999976019, 7.000000000000000000 ) ) ;
#3076 = EDGE_CURVE ( 'NONE', #4482, #3682, #4407, .T. ) ;
#3077 = VECTOR ( 'NONE', #3552, 1000.000000000000000 ) ;
#3078 = ORIENTED_EDGE ( 'NONE', *, *, #973, .F. ) ;
#3079 = CARTESIAN_POINT ( 'NONE',  ( 30.62500000000000000, 2.030000000000012683, -20.00000000000000000 ) ) ;
#3080 = FACE_BOUND ( 'NONE', #1267, .T. ) ;
#3081 = CIRCLE ( 'NONE', #4598, 1.049999999999998934 ) ;
#3082 = DIRECTION ( 'NONE',  ( 8.326672684688675039E-16, 1.000000000000000000, 0.000000000000000000 ) ) ;
#3083 = VECTOR ( 'NONE', #2379, 1000.000000000000000 ) ;
#3084 = EDGE_CURVE ( 'NONE', #477, #2536, #3271, .T. ) ;
#3085 = CARTESIAN_POINT ( 'NONE',  ( -22.62500000000000711, -10.46999999999999353, -20.00000000000000000 ) ) ;
#3086 = VERTEX_POINT ( 'NONE', #1709 ) ;
#3087 = VECTOR ( 'NONE', #2435, 1000.000000000000000 ) ;
#3088 = VERTEX_POINT ( 'NONE', #4011 ) ;
#3089 = VERTEX_POINT ( 'NONE', #807 ) ;
#3090 = CARTESIAN_POINT ( 'NONE',  ( 22.62500000000001421, -20.61999999999999389, -20.00000000000000000 ) ) ;
#3091 = DIRECTION ( 'NONE',  ( 6.938893903907231336E-16, -1.000000000000000000, 0.000000000000000000 ) ) ;
#3092 = DIRECTION ( 'NONE',  ( 6.836348673800225775E-16, 1.000000000000000000, 0.000000000000000000 ) ) ;
#3093 = CARTESIAN_POINT ( 'NONE',  ( -30.62500000000001776, -22.96999999999998465, -20.00000000000000000 ) ) ;
#3094 = ORIENTED_EDGE ( 'NONE', *, *, #2177, .T. ) ;
#3095 = AXIS2_PLACEMENT_3D ( 'NONE', #3211, #4492, #404 ) ;
#3096 = DIRECTION ( 'NONE',  ( 0.000000000000000000, 1.000000000000000000, 0.000000000000000000 ) ) ;
#3097 = DIRECTION ( 'NONE',  ( 0.000000000000000000, 1.000000000000000000, 0.000000000000000000 ) ) ;
#3098 = CARTESIAN_POINT ( 'NONE',  ( -2.499999999999999556, 7.100000000000001421, 13.16696972201766336 ) ) ;
#3099 = DIRECTION ( 'NONE',  ( -1.000000000000000000, -3.066914432666178839E-16, 0.000000000000000000 ) ) ;
#3100 = AXIS2_PLACEMENT_3D ( 'NONE', #2927, #4742, #185 ) ;
#3101 = EDGE_CURVE ( 'NONE', #1390, #651, #4852, .T. ) ;
#3102 = EDGE_CURVE ( 'NONE', #651, #2057, #1016, .T. ) ;
#3103 = ORIENTED_EDGE ( 'NONE', *, *, #1992, .F. ) ;
#3104 = ORIENTED_EDGE ( 'NONE', *, *, #3885, .T. ) ;
#3105 = CARTESIAN_POINT ( 'NONE',  ( -30.62500000000000000, -2.469999999999987761, -20.00000000000000000 ) ) ;
#3106 = FACE_OUTER_BOUND ( 'NONE', #1752, .T. ) ;
#3107 = FACE_OUTER_BOUND ( 'NONE', #4993, .T. ) ;
#3108 = AXIS2_PLACEMENT_3D ( 'NONE', #1669, #4736, #2510 ) ;
#3109 = EDGE_CURVE ( 'NONE', #4887, #4089, #2605, .T. ) ;
#3110 = ORIENTED_EDGE ( 'NONE', *, *, #1078, .F. ) ;
#3111 = DIRECTION ( 'NONE',  ( 1.000000000000000000, -6.938893903907232322E-16, -0.000000000000000000 ) ) ;
#3112 = CARTESIAN_POINT ( 'NONE',  ( -10.86760250435758834, -2.138262726748144438, 16.72180504591375083 ) ) ;
#3113 = CYLINDRICAL_SURFACE ( 'NONE', #1012, 16.77854679802960547 ) ;
#3114 = DIRECTION ( 'NONE',  ( 0.000000000000000000, 1.520050659198664737E-16, 1.000000000000000000 ) ) ;
#3115 = ORIENTED_EDGE ( 'NONE', *, *, #4328, .F. ) ;
#3116 = EDGE_CURVE ( 'NONE', #2669, #3997, #4466, .T. ) ;
#3117 = ORIENTED_EDGE ( 'NONE', *, *, #5272, .T. ) ;
#3118 = ORIENTED_EDGE ( 'NONE', *, *, #4144, .T. ) ;
#3119 = CARTESIAN_POINT ( 'NONE',  ( 22.62500000000000000, -0.9999999999999917843, 8.000000000000000000 ) ) ;
#3120 = DIRECTION ( 'NONE',  ( -1.000000000000000000, -3.469446951953614682E-16, 0.000000000000000000 ) ) ;
#3121 = VECTOR ( 'NONE', #712, 1000.000000000000000 ) ;
#3122 = CARTESIAN_POINT ( 'NONE',  ( 1.661371418603622132E-16, 5.500000000000001776, 15.00000000000000000 ) ) ;
#3123 = EDGE_LOOP ( 'NONE', ( #4910, #4861, #3905, #2525 ) ) ;
#3124 = ORIENTED_EDGE ( 'NONE', *, *, #816, .F. ) ;
#3125 = AXIS2_PLACEMENT_3D ( 'NONE', #2250, #1791, #2723 ) ;
#3126 = PLANE ( 'NONE',  #5541 ) ;
#3127 = DIRECTION ( 'NONE',  ( 1.000000000000000000, 6.938893903907232322E-16, 0.000000000000000000 ) ) ;
#3128 = DIRECTION ( 'NONE',  ( 1.000000000000000000, -0.000000000000000000, -0.000000000000000000 ) ) ;
#3129 = CARTESIAN_POINT ( 'NONE',  ( -8.485281374238560659, -23.00000000000000000, 8.000000000000000000 ) ) ;
#3130 = LINE ( 'NONE', #2984, #170 ) ;
#3131 = ORIENTED_EDGE ( 'NONE', *, *, #5427, .T. ) ;
#3132 = ORIENTED_EDGE ( 'NONE', *, *, #5467, .F. ) ;
#3133 = CYLINDRICAL_SURFACE ( 'NONE', #1818, 1.000000000000000000 ) ;
#3134 = CARTESIAN_POINT ( 'NONE',  ( -30.12577375515775202, -1.624563627090630957, 7.375436372909270233 ) ) ;
#3135 = DIRECTION ( 'NONE',  ( 8.326672684688675039E-16, 1.000000000000000000, 0.000000000000000000 ) ) ;
#3136 = EDGE_CURVE ( 'NONE', #5149, #2154, #4718, .T. ) ;
#3137 = ADVANCED_FACE ( 'NONE', ( #2136 ), #2617, .F. ) ;
#3138 = ORIENTED_EDGE ( 'NONE', *, *, #2627, .T. ) ;
#3139 = CIRCLE ( 'NONE', #4166, 20.49999999999993605 ) ;
#3140 = DIRECTION ( 'NONE',  ( -1.000000000000000000, 6.938893903907233308E-16, -0.000000000000000000 ) ) ;
#3141 = CARTESIAN_POINT ( 'NONE',  ( -26.82500000000000995, -15.56999999999998963, -20.00000000000000000 ) ) ;
#3142 = DIRECTION ( 'NONE',  ( 3.469446951953613696E-16, -1.000000000000000000, 9.860761315262647568E-32 ) ) ;
#3143 = CARTESIAN_POINT ( 'NONE',  ( 30.62500000000002842, -41.46999999999992070, -14.00000000000000178 ) ) ;
#3144 = ORIENTED_EDGE ( 'NONE', *, *, #3084, .T. ) ;
#3145 = EDGE_CURVE ( 'NONE', #279, #3011, #3596, .T. ) ;
#3146 = ORIENTED_EDGE ( 'NONE', *, *, #581, .F. ) ;
#3147 = ORIENTED_EDGE ( 'NONE', *, *, #5758, .F. ) ;
#3148 = DIRECTION ( 'NONE',  ( -2.264240584104833350E-47, 7.395570986446985676E-32, 1.000000000000000000 ) ) ;
#3149 = LINE ( 'NONE', #2189, #2152 ) ;
#3150 = ORIENTED_EDGE ( 'NONE', *, *, #2398, .F. ) ;
#3151 = ADVANCED_FACE ( 'NONE', ( #225 ), #1771, .T. ) ;
#3152 = ORIENTED_EDGE ( 'NONE', *, *, #5363, .F. ) ;
#3153 = CARTESIAN_POINT ( 'NONE',  ( -25.62500000000000000, -1.419999999999992824, -20.00000000000000000 ) ) ;
#3154 = LINE ( 'NONE', #5869, #301 ) ;
#3155 = FACE_OUTER_BOUND ( 'NONE', #2333, .T. ) ;
#3156 = DIRECTION ( 'NONE',  ( 0.000000000000000000, -0.000000000000000000, 1.000000000000000000 ) ) ;
#3157 = TOROIDAL_SURFACE ( 'NONE', #2201, 10.49999999999999822, 2.000000000000000000 ) ;
#3158 = DIRECTION ( 'NONE',  ( -1.000000000000000000, 6.938893903907232322E-16, 0.000000000000000000 ) ) ;
#3159 = ORIENTED_EDGE ( 'NONE', *, *, #4837, .T. ) ;
#3160 = ORIENTED_EDGE ( 'NONE', *, *, #5867, .T. ) ;
#3161 = DIRECTION ( 'NONE',  ( 0.000000000000000000, -0.7071067811865511255, 0.7071067811865437980 ) ) ;
#3162 = CARTESIAN_POINT ( 'NONE',  ( -30.57294534432825728, -2.476504209533292755, 6.261747895233459538 ) ) ;
#3163 = CARTESIAN_POINT ( 'NONE',  ( 1.219206177317245228E-14, -29.19999999999999929, 15.00000000000000000 ) ) ;
#3164 = VECTOR ( 'NONE', #3852, 1000.000000000000000 ) ;
#3165 = AXIS2_PLACEMENT_3D ( 'NONE', #4911, #4065, #3096 ) ;
#3166 = CIRCLE ( 'NONE', #5155, 1.549999999999999378 ) ;
#3167 = AXIS2_PLACEMENT_3D ( 'NONE', #4169, #56, #1898 ) ;
#3168 = EDGE_LOOP ( 'NONE', ( #3626, #4455, #1774, #2351, #2810, #5677, #2437 ) ) ;
#3169 = CARTESIAN_POINT ( 'NONE',  ( 25.62500000000000711, -18.27685424949240200, -14.34314575050765050 ) ) ;
#3170 = EDGE_CURVE ( 'NONE', #5254, #2904, #2055, .T. ) ;
#3171 = DIRECTION ( 'NONE',  ( 1.000000000000000000, -0.000000000000000000, -1.241116166072645175E-16 ) ) ;
#3172 = DIRECTION ( 'NONE',  ( -0.000000000000000000, -0.000000000000000000, 1.000000000000000000 ) ) ;
#3173 = AXIS2_PLACEMENT_3D ( 'NONE', #308, #2120, #4834 ) ;
#3174 = CARTESIAN_POINT ( 'NONE',  ( 30.62500000000000000, -1.078031548962389508, -8.275843538728118176 ) ) ;
#3175 = ORIENTED_EDGE ( 'NONE', *, *, #3417, .T. ) ;
#3176 = EDGE_CURVE ( 'NONE', #1018, #888, #5109, .T. ) ;
#3177 = ORIENTED_EDGE ( 'NONE', *, *, #4756, .F. ) ;
#3178 = ADVANCED_FACE ( 'NONE', ( #3155 ), #2228, .F. ) ;
#3179 = CARTESIAN_POINT ( 'NONE',  ( 17.95820298095608081, -0.9999999999999933387, -4.743384504624104702E-17 ) ) ;
#3180 = AXIS2_PLACEMENT_3D ( 'NONE', #5652, #1924, #4269 ) ;
#3181 = CYLINDRICAL_SURFACE ( 'NONE', #4155, 1.000000000000000000 ) ;
#3182 = EDGE_LOOP ( 'NONE', ( #5893, #5472, #3046, #2695 ) ) ;
#3183 = VERTEX_POINT ( 'NONE', #898 ) ;
#3184 = DIRECTION ( 'NONE',  ( 0.000000000000000000, 1.000000000000000000, 0.000000000000000000 ) ) ;
#3185 = CARTESIAN_POINT ( 'NONE',  ( 28.75788041248153348, -23.97000000000008058, -7.999999999999665157 ) ) ;
#3186 = DIRECTION ( 'NONE',  ( 3.469446951953614189E-16, -1.000000000000000000, 0.000000000000000000 ) ) ;
#3187 = CARTESIAN_POINT ( 'NONE',  ( -8.485281374238569541, 4.499999999999955591, 7.000000000000000000 ) ) ;
#3188 = DIRECTION ( 'NONE',  ( 1.000000000000000000, -6.938893903907240211E-16, 0.000000000000000000 ) ) ;
#3189 = CIRCLE ( 'NONE', #5654, 8.000000000000000000 ) ;
#3190 = EDGE_LOOP ( 'NONE', ( #1284, #1063, #3104, #4648, #1700, #2801 ) ) ;
#3191 = VERTEX_POINT ( 'NONE', #5503 ) ;
#3192 = CARTESIAN_POINT ( 'NONE',  ( 30.73768568794500666, -10.47000000000001663, -12.00000000000000000 ) ) ;
#3193 = DIRECTION ( 'NONE',  ( 0.000000000000000000, 1.000000000000000000, 0.000000000000000000 ) ) ;
#3194 = AXIS2_PLACEMENT_3D ( 'NONE', #2029, #2243, #3056 ) ;
#3195 = ORIENTED_EDGE ( 'NONE', *, *, #3023, .F. ) ;
#3196 = CARTESIAN_POINT ( 'NONE',  ( -25.62500000000000355, -4.813145750507622722, -14.34314575050761320 ) ) ;
#3197 = DIRECTION ( 'NONE',  ( -0.000000000000000000, 0.000000000000000000, 1.000000000000000000 ) ) ;
#3198 = CYLINDRICAL_SURFACE ( 'NONE', #2331, 2.000000000000001776 ) ;
#3199 = DIRECTION ( 'NONE',  ( 1.000000000000000000, 6.938893903907232322E-16, 0.000000000000000000 ) ) ;
#3200 = VERTEX_POINT ( 'NONE', #4129 ) ;
#3201 = VERTEX_POINT ( 'NONE', #1796 ) ;
#3202 = APPLICATION_CONTEXT ( 'configuration controlled 3d designs of mechanical parts and assemblies' ) ;
#3203 = CIRCLE ( 'NONE', #600, 1.549999999999999378 ) ;
#3204 = CARTESIAN_POINT ( 'NONE',  ( 22.46630076966296841, -0.5786780609466612990, -3.739806991716809303 ) ) ;
#3205 = CARTESIAN_POINT ( 'NONE',  ( 25.62500000000000355, -4.813145750507622722, -14.34314575050761320 ) ) ;
#3206 = ORIENTED_EDGE ( 'NONE', *, *, #262, .F. ) ;
#3207 = EDGE_CURVE ( 'NONE', #5859, #3690, #2731, .T. ) ;
#3208 = ORIENTED_EDGE ( 'NONE', *, *, #1883, .T. ) ;
#3209 = VECTOR ( 'NONE', #3128, 1000.000000000000000 ) ;
#3210 = DIRECTION ( 'NONE',  ( 0.000000000000000000, 0.000000000000000000, -1.000000000000000000 ) ) ;
#3211 = CARTESIAN_POINT ( 'NONE',  ( 25.62500000000000355, -4.813145750507622722, -14.34314575050761320 ) ) ;
#3212 = CARTESIAN_POINT ( 'NONE',  ( -18.00000000000000000, 0.1000000000000011297, 15.00000000000000355 ) ) ;
#3213 = CARTESIAN_POINT ( 'NONE',  ( 23.82500000000000639, -10.46999999999999353, -20.00000000000000000 ) ) ;
#3214 = EDGE_CURVE ( 'NONE', #5104, #2, #1769, .T. ) ;
#3215 = DIRECTION ( 'NONE',  ( 3.061616997868382648E-16, -1.000000000000000000, 0.000000000000000000 ) ) ;
#3216 = VERTEX_POINT ( 'NONE', #2313 ) ;
#3217 = DIRECTION ( 'NONE',  ( 1.000000000000000000, 6.938893903907227392E-16, 0.000000000000000000 ) ) ;
#3218 = CARTESIAN_POINT ( 'NONE',  ( -29.01498141954155940, -1.025939188151290704, 7.974060811848747043 ) ) ;
#3219 = CARTESIAN_POINT ( 'NONE',  ( -10.99999999999999112, -22.99999999999999645, 15.00000000000000000 ) ) ;
#3220 = ADVANCED_FACE ( 'NONE', ( #4494 ), #1093, .T. ) ;
#3221 = EDGE_LOOP ( 'NONE', ( #4572, #3782, #3302, #947 ) ) ;
#3222 = FACE_OUTER_BOUND ( 'NONE', #277, .T. ) ;
#3223 = CARTESIAN_POINT ( 'NONE',  ( 23.82500000000001350, -18.46999999999999176, -20.00000000000000000 ) ) ;
#3224 = CARTESIAN_POINT ( 'NONE',  ( -30.73768568794501377, -17.17685424949239703, -14.34314575050765050 ) ) ;
#3225 = DIRECTION ( 'NONE',  ( -0.000000000000000000, 5.782411586589356653E-16, -1.000000000000000000 ) ) ;
#3226 = CARTESIAN_POINT ( 'NONE',  ( 9.307939959340584934, -0.6840402866513408675, 8.000000000000000000 ) ) ;
#3227 = AXIS2_PLACEMENT_3D ( 'NONE', #2744, #5488, #1392 ) ;
#3228 = EDGE_LOOP ( 'NONE', ( #3177, #1799, #4532, #2421, #2663 ) ) ;
#3229 = ORIENTED_EDGE ( 'NONE', *, *, #183, .F. ) ;
#3230 = CARTESIAN_POINT ( 'NONE',  ( 21.98651618469802216, -0.8099542114461716347, -2.533323308381269179 ) ) ;
#3231 = CARTESIAN_POINT ( 'NONE',  ( -10.72901672275017759, -1.305132052096098727, 12.57121084250860932 ) ) ;
#3232 = ORIENTED_EDGE ( 'NONE', *, *, #3803, .T. ) ;
#3233 = ADVANCED_FACE ( 'NONE', ( #2791 ), #3687, .F. ) ;
#3234 = EDGE_CURVE ( 'NONE', #3608, #4887, #873, .T. ) ;
#3235 = CYLINDRICAL_SURFACE ( 'NONE', #4495, 1.000000000000000888 ) ;
#3236 = DIRECTION ( 'NONE',  ( -1.000000000000000000, -6.938893903907232322E-16, -0.000000000000000000 ) ) ;
#3237 = EDGE_CURVE ( 'NONE', #4937, #4343, #4578, .T. ) ;
#3238 = CARTESIAN_POINT ( 'NONE',  ( -25.62500000000000711, -18.46999999999999176, -20.00000000000000000 ) ) ;
#3239 = DIRECTION ( 'NONE',  ( 4.012354050806743404E-31, 5.782411586589356653E-16, -1.000000000000000000 ) ) ;
#3240 = PLANE ( 'NONE',  #1517 ) ;
#3241 = ORIENTED_EDGE ( 'NONE', *, *, #5673, .F. ) ;
#3242 = CARTESIAN_POINT ( 'NONE',  ( -10.65783381403603691, 0.8362246618030467760, 17.72604596567702373 ) ) ;
#3243 = CARTESIAN_POINT ( 'NONE',  ( -30.37257278571690122, -1.992762061006360108, 6.503618969496720581 ) ) ;
#3244 = EDGE_CURVE ( 'NONE', #1672, #2785, #1388, .T. ) ;
#3245 = CARTESIAN_POINT ( 'NONE',  ( 30.62500000000000355, -3.839565217391291974, -30.59657183213386489 ) ) ;
#3246 = ORIENTED_EDGE ( 'NONE', *, *, #2061, .T. ) ;
#3247 = AXIS2_PLACEMENT_3D ( 'NONE', #5647, #4744, #187 ) ;
#3248 = DIRECTION ( 'NONE',  ( 1.000000000000000000, 6.938893903907232322E-16, 0.000000000000000000 ) ) ;
#3249 = EDGE_CURVE ( 'NONE', #4836, #2392, #2160, .T. ) ;
#3250 = CYLINDRICAL_SURFACE ( 'NONE', #3315, 1.000000000000000888 ) ;
#3251 = LINE ( 'NONE', #1868, #2139 ) ;
#3252 = DIRECTION ( 'NONE',  ( -6.938893903907232322E-16, 1.000000000000000000, -0.000000000000000000 ) ) ;
#3253 = VECTOR ( 'NONE', #2286, 1000.000000000000000 ) ;
#3254 = VECTOR ( 'NONE', #307, 1000.000000000000000 ) ;
#3255 = ORIENTED_EDGE ( 'NONE', *, *, #5716, .F. ) ;
#3256 = ORIENTED_EDGE ( 'NONE', *, *, #2694, .F. ) ;
#3257 = CARTESIAN_POINT ( 'NONE',  ( -11.66070785478152949, -1.000000000000002220, 7.000000000000000000 ) ) ;
#3258 = VECTOR ( 'NONE', #1989, 1000.000000000000000 ) ;
#3259 = VECTOR ( 'NONE', #1817, 1000.000000000000000 ) ;
#3260 = DIRECTION ( 'NONE',  ( 0.000000000000000000, -0.000000000000000000, -1.000000000000000000 ) ) ;
#3261 = VERTEX_POINT ( 'NONE', #39 ) ;
#3262 = CIRCLE ( 'NONE', #662, 2.000000000000001776 ) ;
#3263 = VECTOR ( 'NONE', #3140, 1000.000000000000000 ) ;
#3264 = ORIENTED_EDGE ( 'NONE', *, *, #2007, .F. ) ;
#3265 = VECTOR ( 'NONE', #4895, 1000.000000000000114 ) ;
#3266 = DIRECTION ( 'NONE',  ( -1.000000000000000000, 6.938893903907232322E-16, 0.000000000000000000 ) ) ;
#3267 = LINE ( 'NONE', #3737, #3570 ) ;
#3268 = AXIS2_PLACEMENT_3D ( 'NONE', #687, #5813, #1689 ) ;
#3269 = LINE ( 'NONE', #1490, #1427 ) ;
#3270 = CARTESIAN_POINT ( 'NONE',  ( 10.00000000000000711, -23.99999999999999645, 15.00000000000000178 ) ) ;
#3271 = CIRCLE ( 'NONE', #4031, 1.049999999999998934 ) ;
#3272 = CARTESIAN_POINT ( 'NONE',  ( -21.39224174059094707, -23.99867608442735190, -1.696339989624166877 ) ) ;
#3273 = ORIENTED_EDGE ( 'NONE', *, *, #2430, .F. ) ;
#3274 = CARTESIAN_POINT ( 'NONE',  ( -28.32500000000000995, -10.46999999999998998, -20.00000000000000000 ) ) ;
#3275 = DIRECTION ( 'NONE',  ( 0.000000000000000000, 1.000000000000000000, 0.000000000000000000 ) ) ;
#3276 = DIRECTION ( 'NONE',  ( -1.000000000000000000, 6.938893903907232322E-16, 0.000000000000000000 ) ) ;
#3277 = B_SPLINE_CURVE_WITH_KNOTS ( 'NONE', 3,
 ( #2866, #33, #1484, #1993, #1540, #5163, #1965, #4682, #2420, #4170, #3370, #5106, #1901, #4709 ),
 .UNSPECIFIED., .F., .F.,
 ( 4, 2, 2, 2, 2, 2, 4 ),
 ( -1.627548209431091606E-05, 0.0007757989665286485264, 0.001567873415151607979, 0.001963910639463088085, 0.002359947863774567757, 0.002755985088086047429, 0.003152022312397527101 ),
 .UNSPECIFIED. ) ;
#3278 = EDGE_CURVE ( 'NONE', #5221, #66, #27, .T. ) ;
#3279 = EDGE_CURVE ( 'NONE', #5396, #1789, #3603, .T. ) ;
#3280 = EDGE_LOOP ( 'NONE', ( #2322, #5507, #4848, #5662 ) ) ;
#3281 = CARTESIAN_POINT ( 'NONE',  ( 3.023136360260193722, -1.290337701327498587, 15.69255311138938858 ) ) ;
#3282 = FACE_OUTER_BOUND ( 'NONE', #4261, .T. ) ;
#3283 = VECTOR ( 'NONE', #2367, 1000.000000000000000 ) ;
#3284 = DIRECTION ( 'NONE',  ( 3.469446951953613203E-16, -1.000000000000000000, -1.198518486752344688E-31 ) ) ;
#3285 = DIRECTION ( 'NONE',  ( -1.000000000000000000, 6.938893903907232322E-16, 0.000000000000000000 ) ) ;
#3286 = EDGE_CURVE ( 'NONE', #5107, #352, #119, .T. ) ;
#3287 = ORIENTED_EDGE ( 'NONE', *, *, #2429, .T. ) ;
#3288 = ORIENTED_EDGE ( 'NONE', *, *, #1415, .T. ) ;
#3289 = DIRECTION ( 'NONE',  ( -0.9396926207859069846, -0.3420201433256727097, 0.000000000000000000 ) ) ;
#3290 = CARTESIAN_POINT ( 'NONE',  ( 30.62499999999927525, 1042.681666666833962, 0.000000000000000000 ) ) ;
#3291 = ORIENTED_EDGE ( 'NONE', *, *, #3742, .F. ) ;
#3292 = CIRCLE ( 'NONE', #694, 2.149999999999997247 ) ;
#3293 = FACE_OUTER_BOUND ( 'NONE', #1747, .T. ) ;
#3294 = DIRECTION ( 'NONE',  ( 1.000000000000000000, 6.938893903907230350E-16, 1.972152263052529514E-31 ) ) ;
#3295 = FACE_OUTER_BOUND ( 'NONE', #1599, .T. ) ;
#3296 = FACE_OUTER_BOUND ( 'NONE', #943, .T. ) ;
#3297 = DIRECTION ( 'NONE',  ( 1.000000000000000000, 6.938893903907232322E-16, 0.000000000000000000 ) ) ;
#3298 = DIRECTION ( 'NONE',  ( 0.000000000000000000, 0.000000000000000000, 1.000000000000000000 ) ) ;
#3299 = CARTESIAN_POINT ( 'NONE',  ( 19.84101627304513826, -23.99988737752525125, -0.5059413922741246017 ) ) ;
#3300 = CARTESIAN_POINT ( 'NONE',  ( 8.485281374238564212, 4.499999999999973355, 7.585786437626905077 ) ) ;
#3301 = ORIENTED_EDGE ( 'NONE', *, *, #2953, .T. ) ;
#3302 = ORIENTED_EDGE ( 'NONE', *, *, #3478, .T. ) ;
#3303 = CYLINDRICAL_SURFACE ( 'NONE', #2216, 1.049999999999998934 ) ;
#3304 = CARTESIAN_POINT ( 'NONE',  ( 25.62500000000000711, -19.51999999999999247, -20.00000000000000000 ) ) ;
#3305 = ADVANCED_FACE ( 'NONE', ( #5418 ), #5446, .F. ) ;
#3306 = EDGE_CURVE ( 'NONE', #2511, #651, #4347, .T. ) ;
#3307 = DIRECTION ( 'NONE',  ( 0.000000000000000000, 1.000000000000000000, 0.000000000000000000 ) ) ;
#3308 = ORIENTED_EDGE ( 'NONE', *, *, #5469, .F. ) ;
#3309 = DIRECTION ( 'NONE',  ( -1.000000000000000000, 6.938893903907231336E-16, 0.000000000000000000 ) ) ;
#3310 = CARTESIAN_POINT ( 'NONE',  ( 28.82159951090254069, -23.99999999924628469, 7.999999999246345972 ) ) ;
#3311 = CARTESIAN_POINT ( 'NONE',  ( -30.62500000000000355, -2.663145750507621479, -14.34314575050761320 ) ) ;
#3312 = ADVANCED_FACE ( 'NONE', ( #4177 ), #1432, .F. ) ;
#3313 = LINE ( 'NONE', #5193, #2644 ) ;
#3314 = ORIENTED_EDGE ( 'NONE', *, *, #1261, .T. ) ;
#3315 = AXIS2_PLACEMENT_3D ( 'NONE', #5123, #1531, #5098 ) ;
#3316 = EDGE_LOOP ( 'NONE', ( #8, #2835 ) ) ;
#3317 = DIRECTION ( 'NONE',  ( 3.061616997868382648E-16, -1.000000000000000000, 0.000000000000000000 ) ) ;
#3318 = CARTESIAN_POINT ( 'NONE',  ( -2.500000000000000444, 0.1000000000000011297, 13.44999999999999929 ) ) ;
#3319 = ADVANCED_FACE ( 'NONE', ( #1009 ), #1548, .T. ) ;
#3320 = CARTESIAN_POINT ( 'NONE',  ( 30.62500000000000000, 0.6800000000000139266, -22.81558164506020958 ) ) ;
#3321 = DIRECTION ( 'NONE',  ( 1.000000000000000000, -6.938893903907232322E-16, -0.000000000000000000 ) ) ;
#3322 = VERTEX_POINT ( 'NONE', #5200 ) ;
#3323 = DIRECTION ( 'NONE',  ( 1.000000000000000000, 0.000000000000000000, 0.000000000000000000 ) ) ;
#3324 = FACE_OUTER_BOUND ( 'NONE', #4547, .T. ) ;
#3325 = DIRECTION ( 'NONE',  ( 0.000000000000000000, -3.227392513445226657E-15, 1.000000000000000000 ) ) ;
#3326 = ORIENTED_EDGE ( 'NONE', *, *, #540, .F. ) ;
#3327 = EDGE_LOOP ( 'NONE', ( #3078, #2879, #296, #783 ) ) ;
#3328 = DIRECTION ( 'NONE',  ( -1.000000000000000000, -6.938893903907231336E-16, -0.000000000000000000 ) ) ;
#3329 = CC_DESIGN_DATE_AND_TIME_ASSIGNMENT ( #1625, #2563, ( #3786 ) ) ;
#3330 = DIRECTION ( 'NONE',  ( 8.326672684688675039E-16, -1.000000000000000000, 0.000000000000000000 ) ) ;
#3331 = FACE_OUTER_BOUND ( 'NONE', #1281, .T. ) ;
#3332 = CARTESIAN_POINT ( 'NONE',  ( 30.62499999999927880, 1042.681666666833962, 0.000000000000000000 ) ) ;
#3333 = CIRCLE ( 'NONE', #5147, 2.800000000000000266 ) ;
#3334 = ADVANCED_FACE ( 'NONE', ( #3295 ), #1464, .T. ) ;
#3335 = ORIENTED_EDGE ( 'NONE', *, *, #5426, .T. ) ;
#3336 = LINE ( 'NONE', #5129, #766 ) ;
#3337 = CARTESIAN_POINT ( 'NONE',  ( 30.22433366422735546, -23.22909346051883617, 6.614546730259354135 ) ) ;
#3338 = DIRECTION ( 'NONE',  ( -3.469446951953612217E-16, 1.000000000000000000, -0.000000000000000000 ) ) ;
#3339 = AXIS2_PLACEMENT_3D ( 'NONE', #1263, #4339, #290 ) ;
#3340 = VECTOR ( 'NONE', #992, 1000.000000000000000 ) ;
#3341 = DIRECTION ( 'NONE',  ( -1.000000000000000000, -6.938893903907232322E-16, -0.000000000000000000 ) ) ;
#3342 = VERTEX_POINT ( 'NONE', #4264 ) ;
#3343 = EDGE_CURVE ( 'NONE', #4336, #1304, #5018, .T. ) ;
#3344 = AXIS2_PLACEMENT_3D ( 'NONE', #2253, #896, #4576 ) ;
#3345 = EDGE_CURVE ( 'NONE', #4533, #1480, #3389, .T. ) ;
#3346 = VERTEX_POINT ( 'NONE', #5172 ) ;
#3347 = VECTOR ( 'NONE', #4960, 1000.000000000000000 ) ;
#3348 = DIRECTION ( 'NONE',  ( -6.938893903907232322E-16, 1.000000000000000000, 0.000000000000000000 ) ) ;
#3349 = CARTESIAN_POINT ( 'NONE',  ( 30.62500000000000000, -0.3199999999999900147, -20.00000000000000000 ) ) ;
#3350 = LINE ( 'NONE', #1068, #365 ) ;
#3351 = AXIS2_PLACEMENT_3D ( 'NONE', #5383, #3091, #4905 ) ;
#3352 = CARTESIAN_POINT ( 'NONE',  ( 28.32500000000000995, -15.56999999999998963, -29.74884608556315158 ) ) ;
#3353 = AXIS2_PLACEMENT_3D ( 'NONE', #5231, #1496, #1556 ) ;
#3354 = EDGE_CURVE ( 'NONE', #4073, #1781, #3269, .T. ) ;
#3355 = ORIENTED_EDGE ( 'NONE', *, *, #2982, .T. ) ;
#3356 = AXIS2_PLACEMENT_3D ( 'NONE', #2462, #991, #3797 ) ;
#3357 = FACE_OUTER_BOUND ( 'NONE', #146, .T. ) ;
#3358 = DIRECTION ( 'NONE',  ( 1.000000000000000000, -0.000000000000000000, -1.241116166072645175E-16 ) ) ;
#3359 = DIRECTION ( 'NONE',  ( 1.000000000000000000, 6.938893903907232322E-16, 0.000000000000000000 ) ) ;
#3360 = AXIS2_PLACEMENT_3D ( 'NONE', #1106, #3359, #71 ) ;
#3361 = ORIENTED_EDGE ( 'NONE', *, *, #3279, .F. ) ;
#3362 = DIRECTION ( 'NONE',  ( -1.000000000000000000, -3.469446951953614682E-16, 0.000000000000000000 ) ) ;
#3363 = CARTESIAN_POINT ( 'NONE',  ( -28.62500000000001776, -24.00000000000000711, 7.000000000000000000 ) ) ;
#3364 = CARTESIAN_POINT ( 'NONE',  ( -5.999999999999991118, -26.20000000000000284, 14.99999999999994849 ) ) ;
#3365 = ORIENTED_EDGE ( 'NONE', *, *, #3544, .F. ) ;
#3366 = CIRCLE ( 'NONE', #4697, 2.149999999999997247 ) ;
#3367 = CARTESIAN_POINT ( 'NONE',  ( 28.62499999999999645, 1.400481377743824307, -9.215034448638984799 ) ) ;
#3368 = CARTESIAN_POINT ( 'NONE',  ( -8.485281374238569541, 3.671572875253771961, 8.000000000000000000 ) ) ;
#3369 = CARTESIAN_POINT ( 'NONE',  ( 28.32500000000000639, -4.369999999999991225, -29.74884608556315158 ) ) ;
#3370 = CARTESIAN_POINT ( 'NONE',  ( -29.14537049448298234, -23.90563458425848609, -7.989032228856107309 ) ) ;
#3371 = EDGE_LOOP ( 'NONE', ( #5195, #1172, #3246, #4856, #5685, #4692 ) ) ;
#3372 = ORIENTED_EDGE ( 'NONE', *, *, #2583, .T. ) ;
#3373 = EDGE_LOOP ( 'NONE', ( #2423, #3144, #1338, #4919 ) ) ;
#3374 = DIRECTION ( 'NONE',  ( 7.501506923142953835E-16, 1.000000000000000000, 0.000000000000000000 ) ) ;
#3375 = CARTESIAN_POINT ( 'NONE',  ( -23.82500000000001350, -22.58956521739129641, -23.06041483158719529 ) ) ;
#3376 = CARTESIAN_POINT ( 'NONE',  ( -28.62500000000001776, -22.00000000000001066, 8.000000000000000000 ) ) ;
#3377 = EDGE_CURVE ( 'NONE', #830, #3502, #1617, .T. ) ;
#3378 = DIRECTION ( 'NONE',  ( 2.931054078198949621E-16, -1.000000000000000000, 7.395570986446985676E-32 ) ) ;
#3379 = VERTEX_POINT ( 'NONE', #5614 ) ;
#3380 = DIRECTION ( 'NONE',  ( 1.000000000000000000, -6.938893903907232322E-16, -0.000000000000000000 ) ) ;
#3381 = DIRECTION ( 'NONE',  ( -6.608470384673551024E-16, -1.000000000000000000, 0.000000000000000000 ) ) ;
#3382 = VECTOR ( 'NONE', #1399, 1000.000000000000000 ) ;
#3383 = CARTESIAN_POINT ( 'NONE',  ( 23.82500000000000995, -15.56999999999999140, -20.00000000000000000 ) ) ;
#3384 = ADVANCED_FACE ( 'NONE', ( #123 ), #984, .F. ) ;
#3385 = VERTEX_POINT ( 'NONE', #4211 ) ;
#3386 = VERTEX_POINT ( 'NONE', #4297 ) ;
#3387 = CARTESIAN_POINT ( 'NONE',  ( 2.845939993424872139, -0.8476720560305317509, 13.76940340838733690 ) ) ;
#3388 = FACE_OUTER_BOUND ( 'NONE', #4571, .T. ) ;
#3389 = CIRCLE ( 'NONE', #1136, 10.14999999999999858 ) ;
#3390 = DATE_AND_TIME ( #5310, #4947 ) ;
#3391 = DIRECTION ( 'NONE',  ( -1.000000000000000000, 0.000000000000000000, 0.000000000000000000 ) ) ;
#3392 = ADVANCED_FACE ( 'NONE', ( #3820, #5646 ), #149, .T. ) ;
#3393 = CARTESIAN_POINT ( 'NONE',  ( 23.82499999999999929, -0.3199999999999917355, -20.00000000000000000 ) ) ;
#3394 = VECTOR ( 'NONE', #1062, 1000.000000000000000 ) ;
#3395 = VERTEX_POINT ( 'NONE', #2480 ) ;
#3396 = VERTEX_POINT ( 'NONE', #186 ) ;
#3397 = CARTESIAN_POINT ( 'NONE',  ( 30.37257278571692609, -23.00723793899361169, 6.503618969496718805 ) ) ;
#3398 = DIRECTION ( 'NONE',  ( 0.000000000000000000, -0.7071067811865511255, 0.7071067811865437980 ) ) ;
#3399 = ADVANCED_FACE ( 'NONE', ( #61 ), #2874, .F. ) ;
#3400 = CARTESIAN_POINT ( 'NONE',  ( 3.022772687821486670, 1.489558309049583196, 15.69429800860707580 ) ) ;
#3401 = VERTEX_POINT ( 'NONE', #94 ) ;
#3402 = EDGE_LOOP ( 'NONE', ( #1173, #176 ) ) ;
#3403 = ORIENTED_EDGE ( 'NONE', *, *, #3805, .F. ) ;
#3404 = DIRECTION ( 'NONE',  ( 0.000000000000000000, -1.000000000000000000, 0.000000000000000000 ) ) ;
#3405 = CARTESIAN_POINT ( 'NONE',  ( -3.367778697655217560E-16, 7.100000000000001421, 15.00000000000000000 ) ) ;
#3406 = DIRECTION ( 'NONE',  ( 3.469446951953613203E-16, -1.000000000000000000, -9.860761315262647568E-32 ) ) ;
#3407 = DIRECTION ( 'NONE',  ( -1.000000000000000000, 6.938893903907232322E-16, 0.000000000000000000 ) ) ;
#3408 = ORIENTED_EDGE ( 'NONE', *, *, #1711, .T. ) ;
#3409 = VECTOR ( 'NONE', #4643, 1000.000000000000000 ) ;
#3410 = ADVANCED_FACE ( 'NONE', ( #2819 ), #1515, .T. ) ;
#3411 = CARTESIAN_POINT ( 'NONE',  ( 8.274225777661428083, -23.44471281836429455, 7.901578796381463654 ) ) ;
#3412 = CARTESIAN_POINT ( 'NONE',  ( -30.57294534432835320, -22.52349579046652295, 6.261747895233461314 ) ) ;
#3413 = DIRECTION ( 'NONE',  ( 0.000000000000000000, 0.9659719663645307541, 0.2586467865600535765 ) ) ;
#3414 = ORIENTED_EDGE ( 'NONE', *, *, #4071, .F. ) ;
#3415 = FACE_OUTER_BOUND ( 'NONE', #258, .T. ) ;
#3416 = B_SPLINE_CURVE_WITH_KNOTS ( 'NONE', 3,
 ( #4934, #5495, #5890, #1340, #3204, #2665, #2303, #859, #3230, #4087, #4573, #5046, #4121, #3, #1313, #4147, #4994, #4518, #3179, #944 ),
 .UNSPECIFIED., .F., .F.,
 ( 4, 2, 2, 2, 2, 2, 2, 2, 2, 4 ),
 ( 0.000000000000000000, 0.0009856191941796865145, 0.001478428791269528796, 0.001971238388359371294, 0.002956857582539058459, 0.003942476776718746058, 0.004928095970898433223, 0.005913715165078120388, 0.006899334359257807553, 0.007884953553437495585 ),
 .UNSPECIFIED. ) ;
#3417 = EDGE_CURVE ( 'NONE', #2260, #5920, #3350, .T. ) ;
#3418 = ORIENTED_EDGE ( 'NONE', *, *, #3926, .F. ) ;
#3419 = ORIENTED_EDGE ( 'NONE', *, *, #1143, .T. ) ;
#3420 = DIRECTION ( 'NONE',  ( -1.000000000000000000, 6.938893903907233308E-16, 0.000000000000000000 ) ) ;
#3421 = CARTESIAN_POINT ( 'NONE',  ( 29.62730136216338295, -2.132168405607403727, 7.735663188785196098 ) ) ;
#3422 = CALENDAR_DATE ( 2026, 10, 7 ) ;
#3423 = CARTESIAN_POINT ( 'NONE',  ( -9.999999999999989342, -23.00000000000000355, 15.00000000000000000 ) ) ;
#3424 = DIRECTION ( 'NONE',  ( -1.000000000000000000, -3.469446951953614189E-16, 0.000000000000000000 ) ) ;
#3425 = ADVANCED_FACE ( 'NONE', ( #4633 ), #4715, .F. ) ;
#3426 = ORIENTED_EDGE ( 'NONE', *, *, #2507, .T. ) ;
#3427 = AXIS2_PLACEMENT_3D ( 'NONE', #482, #4821, #745 ) ;
#3428 = ORIENTED_EDGE ( 'NONE', *, *, #2594, .T. ) ;
#3429 = CARTESIAN_POINT ( 'NONE',  ( 29.26943133430580701, -23.89785220189713399, 6.948926100948614959 ) ) ;
#3430 = CARTESIAN_POINT ( 'NONE',  ( -23.82500000000001350, -17.41999999999999460, -20.00000000000000000 ) ) ;
#3431 = DIRECTION ( 'NONE',  ( -0.000000000000000000, -0.000000000000000000, -1.000000000000000000 ) ) ;
#3432 = VERTEX_POINT ( 'NONE', #1604 ) ;
#3433 = AXIS2_PLACEMENT_3D ( 'NONE', #1686, #3451, #5271 ) ;
#3434 = ORIENTED_EDGE ( 'NONE', *, *, #5607, .T. ) ;
#3435 = ORIENTED_EDGE ( 'NONE', *, *, #5790, .T. ) ;
#3436 = CIRCLE ( 'NONE', #5724, 1.000000000000001554 ) ;
#3437 = LINE ( 'NONE', #3907, #2865 ) ;
#3438 = AXIS2_PLACEMENT_3D ( 'NONE', #1530, #2497, #2410 ) ;
#3439 = CARTESIAN_POINT ( 'NONE',  ( 25.62500000000000000, -0.3199999999999934563, -20.00000000000000000 ) ) ;
#3440 = CARTESIAN_POINT ( 'NONE',  ( 8.485281374238567764, 4.636529077491878148, 8.000000000000000000 ) ) ;
#3441 = DIRECTION ( 'NONE',  ( -1.000000000000000000, -3.066914432666178839E-16, -0.000000000000000000 ) ) ;
#3442 = DIRECTION ( 'NONE',  ( -6.938893903907232322E-16, -1.000000000000000000, -5.782411586589356653E-16 ) ) ;
#3443 = AXIS2_PLACEMENT_3D ( 'NONE', #4687, #1879, #3818 ) ;
#3444 = AXIS2_PLACEMENT_3D ( 'NONE', #4722, #590, #5176 ) ;
#3445 = AXIS2_PLACEMENT_3D ( 'NONE', #1704, #677, #3533 ) ;
#3446 = ORIENTED_EDGE ( 'NONE', *, *, #4014, .T. ) ;
#3447 = CARTESIAN_POINT ( 'NONE',  ( 23.82500000000000639, -10.47000000000002018, -12.00000000000000000 ) ) ;
#3448 = CARTESIAN_POINT ( 'NONE',  ( -29.37263398995479591, -23.87831487708628941, 7.878314877086169510 ) ) ;
#3449 = CIRCLE ( 'NONE', #561, 6.999999999999995559 ) ;
#3450 = ORIENTED_EDGE ( 'NONE', *, *, #4660, .F. ) ;
#3451 = DIRECTION ( 'NONE',  ( 1.000000000000000000, 6.938893903907232322E-16, 0.000000000000000000 ) ) ;
#3452 = CIRCLE ( 'NONE', #547, 1.000000000000000888 ) ;
#3453 = CIRCLE ( 'NONE', #1731, 12.49999999999999822 ) ;
#3454 = ORIENTED_EDGE ( 'NONE', *, *, #2174, .T. ) ;
#3455 = VERTEX_POINT ( 'NONE', #3879 ) ;
#3456 = AXIS2_PLACEMENT_3D ( 'NONE', #2764, #46, #1328 ) ;
#3457 = DIRECTION ( 'NONE',  ( 0.000000000000000000, 0.000000000000000000, 1.000000000000000000 ) ) ;
#3458 = CARTESIAN_POINT ( 'NONE',  ( 30.20657591876765125, -1.721607348392474979, 7.278392651607592079 ) ) ;
#3459 = CARTESIAN_POINT ( 'NONE',  ( 8.938964131432189930, 3.253516869014594803, 0.000000000000000000 ) ) ;
#3460 = EDGE_CURVE ( 'NONE', #2154, #17, #3950, .T. ) ;
#3461 = ADVANCED_FACE ( 'NONE', ( #5672 ), #771, .T. ) ;
#3462 = DIRECTION ( 'NONE',  ( 1.000000000000000000, 6.938893903907232322E-16, 0.000000000000000000 ) ) ;
#3463 = VERTEX_POINT ( 'NONE', #2131 ) ;
#3464 = DIRECTION ( 'NONE',  ( 1.000000000000000000, 6.938893903907232322E-16, 0.000000000000000000 ) ) ;
#3465 = LINE ( 'NONE', #4026, #4013 ) ;
#3466 = DIRECTION ( 'NONE',  ( 1.000000000000000000, -6.938893903907230350E-16, -1.972152263052529514E-31 ) ) ;
#3467 = CARTESIAN_POINT ( 'NONE',  ( 28.62500000000000000, -1.999999999999988676, 7.000000000000000000 ) ) ;
#3468 = ORIENTED_EDGE ( 'NONE', *, *, #858, .T. ) ;
#3469 = EDGE_CURVE ( 'NONE', #1902, #2019, #3913, .T. ) ;
#3470 = VECTOR ( 'NONE', #3602, 1000.000000000000000 ) ;
#3471 = VERTEX_POINT ( 'NONE', #4875 ) ;
#3472 = EDGE_LOOP ( 'NONE', ( #2560, #1638, #3717, #1460 ) ) ;
#3473 = CARTESIAN_POINT ( 'NONE',  ( -28.62500000000001776, -23.00000000000001066, 8.000000000000000000 ) ) ;
#3474 = DIRECTION ( 'NONE',  ( 1.000000000000000000, -6.938893903907232322E-16, -1.972152263052529514E-31 ) ) ;
#3475 = DIRECTION ( 'NONE',  ( 0.000000000000000000, -1.000000000000000000, 0.000000000000000000 ) ) ;
#3476 = AXIS2_PLACEMENT_3D ( 'NONE', #5125, #1024, #2857 ) ;
#3477 = CARTESIAN_POINT ( 'NONE',  ( -7.999999999999998224, 0.1000000000000011297, 15.00000000000000000 ) ) ;
#3478 = EDGE_CURVE ( 'NONE', #512, #3022, #2203, .T. ) ;
#3479 = DIRECTION ( 'NONE',  ( 1.000000000000000000, 0.000000000000000000, 0.000000000000000000 ) ) ;
#3480 = ORIENTED_EDGE ( 'NONE', *, *, #2032, .T. ) ;
#3481 = CARTESIAN_POINT ( 'NONE',  ( -30.62500000000000000, 1.649565217391318894, -23.06041483158718108 ) ) ;
#3482 = CARTESIAN_POINT ( 'NONE',  ( -30.12577375515758149, -23.37543637290933773, 7.375436372909382143 ) ) ;
#3483 = DIRECTION ( 'NONE',  ( 1.000000000000000000, 6.938893903907228378E-16, 0.000000000000000000 ) ) ;
#3484 = FACE_BOUND ( 'NONE', #4944, .T. ) ;
#3485 = VERTEX_POINT ( 'NONE', #1680 ) ;
#3486 = EDGE_LOOP ( 'NONE', ( #1157, #4270, #2966, #5553 ) ) ;
#3487 = CIRCLE ( 'NONE', #5684, 2.149999999999999023 ) ;
#3488 = DIRECTION ( 'NONE',  ( 0.000000000000000000, -0.8976508421173854391, -0.4407073469389282683 ) ) ;
#3489 = CARTESIAN_POINT ( 'NONE',  ( 28.88679617165914237, -2.006446089929503351, 7.987107820140986192 ) ) ;
#3490 = PERSON_AND_ORGANIZATION_ROLE ( 'design_supplier' ) ;
#3491 = FACE_OUTER_BOUND ( 'NONE', #4866, .T. ) ;
#3492 = VERTEX_POINT ( 'NONE', #1222 ) ;
#3493 = AXIS2_PLACEMENT_3D ( 'NONE', #5898, #1353, #1829 ) ;
#3494 = EDGE_CURVE ( 'NONE', #2027, #2590, #4493, .T. ) ;
#3495 = DIRECTION ( 'NONE',  ( -6.927954457821723194E-16, 1.000000000000000000, 0.000000000000000000 ) ) ;
#3496 = EDGE_CURVE ( 'NONE', #4623, #2154, #3532, .T. ) ;
#3497 = CARTESIAN_POINT ( 'NONE',  ( 28.62500000000001776, -23.99999999999999289, 7.000000000000000000 ) ) ;
#3498 = CARTESIAN_POINT ( 'NONE',  ( 30.62500000000001421, -16.46999999999997399, -14.00000000000000178 ) ) ;
#3499 = CARTESIAN_POINT ( 'NONE',  ( -28.32500000000001350, -16.56999999999998607, -29.74884608556315158 ) ) ;
#3500 = VERTEX_POINT ( 'NONE', #5706 ) ;
#3501 = ORIENTED_EDGE ( 'NONE', *, *, #570, .F. ) ;
#3502 = VERTEX_POINT ( 'NONE', #1162 ) ;
#3503 = EDGE_CURVE ( 'NONE', #1837, #541, #855, .T. ) ;
#3504 = DIRECTION ( 'NONE',  ( 0.000000000000000000, -1.000000000000000000, 0.000000000000000000 ) ) ;
#3505 = CARTESIAN_POINT ( 'NONE',  ( -23.82500000000000284, -4.369999999999993889, -29.74884608556315158 ) ) ;
#3506 = DIRECTION ( 'NONE',  ( 7.501506923142975529E-16, 1.000000000000000000, 0.000000000000000000 ) ) ;
#3507 = DIRECTION ( 'NONE',  ( 1.000000000000000000, -6.938893903907232322E-16, -0.000000000000000000 ) ) ;
#3508 = DIRECTION ( 'NONE',  ( -1.000000000000000000, 0.000000000000000000, 0.000000000000000000 ) ) ;
#3509 = VERTEX_POINT ( 'NONE', #3978 ) ;
#3510 = EDGE_CURVE ( 'NONE', #4090, #4804, #1086, .T. ) ;
#3511 = LINE ( 'NONE', #4405, #5833 ) ;
#3512 = AXIS2_PLACEMENT_3D ( 'NONE', #2297, #3674, #1247 ) ;
#3513 = CARTESIAN_POINT ( 'NONE',  ( -30.73768568794500666, -9.420000000000017693, -12.00000000000000000 ) ) ;
#3514 = CARTESIAN_POINT ( 'NONE',  ( 28.32500000000000995, -10.46999999999998998, -20.00000000000000000 ) ) ;
#3515 = CARTESIAN_POINT ( 'NONE',  ( -23.82500000000001350, -18.46999999999999176, -20.00000000000000000 ) ) ;
#3516 = CIRCLE ( 'NONE', #2748, 9.999999999999998224 ) ;
#3517 = ORIENTED_EDGE ( 'NONE', *, *, #434, .F. ) ;
#3518 = ORIENTED_EDGE ( 'NONE', *, *, #4647, .T. ) ;
#3519 = CARTESIAN_POINT ( 'NONE',  ( -28.32500000000001350, -15.56999999999998785, -29.74884608556315158 ) ) ;
#3520 = FACE_OUTER_BOUND ( 'NONE', #226, .T. ) ;
#3521 = PLANE ( 'NONE',  #2786 ) ;
#3522 = VERTEX_POINT ( 'NONE', #2610 ) ;
#3523 = CARTESIAN_POINT ( 'NONE',  ( -23.82500000000001350, -20.61999999999999389, -20.00000000000000000 ) ) ;
#3524 = CARTESIAN_POINT ( 'NONE',  ( 30.62500000000000000, 0.03000000000001057376, -20.00000000000000000 ) ) ;
#3525 = DIRECTION ( 'NONE',  ( 1.000000000000000000, -6.938893903907229364E-16, -9.860761315262647568E-32 ) ) ;
#3526 = CARTESIAN_POINT ( 'NONE',  ( 25.62500000000000000, -1.419999999999992824, -20.00000000000000000 ) ) ;
#3527 = VERTEX_POINT ( 'NONE', #3000 ) ;
#3528 = EDGE_LOOP ( 'NONE', ( #4319, #4047 ) ) ;
#3529 = EDGE_LOOP ( 'NONE', ( #747, #3117, #4391, #2994, #5466, #4711 ) ) ;
#3530 = CARTESIAN_POINT ( 'NONE',  ( 0.000000000000000000, 0.000000000000000000, 8.000000000000000000 ) ) ;
#3531 = DIRECTION ( 'NONE',  ( 1.000000000000000000, -6.938893903907232322E-16, -0.000000000000000000 ) ) ;
#3532 = LINE ( 'NONE', #5353, #67 ) ;
#3533 = DIRECTION ( 'NONE',  ( 0.000000000000000000, -0.000000000000000000, 1.000000000000000000 ) ) ;
#3534 = EDGE_CURVE ( 'NONE', #1018, #2443, #5261, .T. ) ;
#3535 = EDGE_CURVE ( 'NONE', #2392, #1298, #676, .T. ) ;
#3536 = EDGE_LOOP ( 'NONE', ( #1942, #1598, #2715, #702 ) ) ;
#3537 = VECTOR ( 'NONE', #5530, 1000.000000000000000 ) ;
#3538 = DIRECTION ( 'NONE',  ( 3.469446951953613203E-16, -1.000000000000000000, -9.860761315262647568E-32 ) ) ;
#3539 = CARTESIAN_POINT ( 'NONE',  ( -29.62730136216342203, -23.73566318878519255, 6.867831594392566963 ) ) ;
#3540 = CARTESIAN_POINT ( 'NONE',  ( -30.62500000000000711, -2.414213562373100697, 7.171572875253811041 ) ) ;
#3541 = FACE_OUTER_BOUND ( 'NONE', #1692, .T. ) ;
#3542 = VECTOR ( 'NONE', #4637, 1000.000000000000000 ) ;
#3543 = AXIS2_PLACEMENT_3D ( 'NONE', #5405, #793, #2083 ) ;
#3544 = EDGE_CURVE ( 'NONE', #236, #2259, #1668, .T. ) ;
#3545 = CIRCLE ( 'NONE', #5925, 1.049999999999998934 ) ;
#3546 = ORIENTED_EDGE ( 'NONE', *, *, #2104, .F. ) ;
#3547 = VERTEX_POINT ( 'NONE', #4363 ) ;
#3548 = VECTOR ( 'NONE', #2567, 1000.000000000000000 ) ;
#3549 = AXIS2_PLACEMENT_3D ( 'NONE', #827, #2697, #4484 ) ;
#3550 = DIRECTION ( 'NONE',  ( 1.000000000000000000, 6.938893903907230350E-16, 1.972152263052529514E-31 ) ) ;
#3551 = CARTESIAN_POINT ( 'NONE',  ( 28.75590116331779456, -2.000000000016366908, 8.000000000000000000 ) ) ;
#3552 = DIRECTION ( 'NONE',  ( 0.000000000000000000, 0.000000000000000000, 1.000000000000000000 ) ) ;
#3553 = CIRCLE ( 'NONE', #3827, 2.149999999999997691 ) ;
#3554 = CIRCLE ( 'NONE', #1825, 1.049999999999998934 ) ;
#3555 = ORIENTED_EDGE ( 'NONE', *, *, #2377, .T. ) ;
#3556 = CARTESIAN_POINT ( 'NONE',  ( 28.32500000000000284, -5.369999999999990337, -20.00000000000000000 ) ) ;
#3557 = CARTESIAN_POINT ( 'NONE',  ( -10.91406317191830588, -2.344504779381512360, 16.41416568322682323 ) ) ;
#3558 = CARTESIAN_POINT ( 'NONE',  ( 29.79657287525382969, -23.99999999999998934, 6.999999999999998224 ) ) ;
#3559 = CIRCLE ( 'NONE', #4304, 1.049999999999998490 ) ;
#3560 = DIRECTION ( 'NONE',  ( -1.000000000000000000, -6.938893903907232322E-16, -0.000000000000000000 ) ) ;
#3561 = ORIENTED_EDGE ( 'NONE', *, *, #5569, .T. ) ;
#3562 = AXIS2_PLACEMENT_3D ( 'NONE', #1470, #5118, #103 ) ;
#3563 = ORIENTED_EDGE ( 'NONE', *, *, #5157, .F. ) ;
#3564 = VERTEX_POINT ( 'NONE', #4333 ) ;
#3565 = FACE_OUTER_BOUND ( 'NONE', #3529, .T. ) ;
#3566 = DIRECTION ( 'NONE',  ( 6.938893903907228378E-16, -1.000000000000000000, 0.000000000000000000 ) ) ;
#3567 = DIRECTION ( 'NONE',  ( -6.938893903907228378E-16, 1.000000000000000000, 0.000000000000000000 ) ) ;
#3568 = ORIENTED_EDGE ( 'NONE', *, *, #1980, .T. ) ;
#3569 = ORIENTED_EDGE ( 'NONE', *, *, #3934, .F. ) ;
#3570 = VECTOR ( 'NONE', #5559, 1000.000000000000000 ) ;
#3571 = ADVANCED_FACE ( 'NONE', ( #1645 ), #2030, .T. ) ;
#3572 = CARTESIAN_POINT ( 'NONE',  ( -22.62500000000000711, -8.259238285901480126, -11.80150231423954565 ) ) ;
#3573 = CARTESIAN_POINT ( 'NONE',  ( 22.62500000000001776, -22.96999999999999176, -20.00000000000000000 ) ) ;
#3574 = EDGE_CURVE ( 'NONE', #5299, #5312, #5775, .T. ) ;
#3575 = DIRECTION ( 'NONE',  ( -0.000000000000000000, 1.000000000000000000, -0.000000000000000000 ) ) ;
#3576 = FACE_BOUND ( 'NONE', #5669, .T. ) ;
#3577 = AXIS2_PLACEMENT_3D ( 'NONE', #3949, #1126, #3475 ) ;
#3578 = DIRECTION ( 'NONE',  ( 3.469446951953614189E-16, -1.000000000000000000, 0.000000000000000000 ) ) ;
#3579 = ORIENTED_EDGE ( 'NONE', *, *, #3286, .F. ) ;
#3580 = EDGE_LOOP ( 'NONE', ( #4481, #2650, #2955, #5080 ) ) ;
#3581 = CARTESIAN_POINT ( 'NONE',  ( -10.97733686354513338, 2.809820819496298583, 15.72820932182893117 ) ) ;
#3582 = FACE_OUTER_BOUND ( 'NONE', #2947, .T. ) ;
#3583 = EDGE_CURVE ( 'NONE', #2087, #214, #3203, .T. ) ;
#3584 = CARTESIAN_POINT ( 'NONE',  ( -22.62500000000000000, 2.030000000000006910, -20.00000000000000000 ) ) ;
#3585 = AXIS2_PLACEMENT_3D ( 'NONE', #1873, #5079, #977 ) ;
#3586 = ORIENTED_EDGE ( 'NONE', *, *, #5789, .T. ) ;
#3587 = FACE_OUTER_BOUND ( 'NONE', #2056, .T. ) ;
#3588 = CARTESIAN_POINT ( 'NONE',  ( -28.62499999999999645, 2.030000000000011351, -14.00000000000000000 ) ) ;
#3589 = EDGE_CURVE ( 'NONE', #5520, #5857, #4712, .T. ) ;
#3590 = FACE_OUTER_BOUND ( 'NONE', #3824, .T. ) ;
#3591 = DIRECTION ( 'NONE',  ( 1.000000000000000000, 0.000000000000000000, 0.000000000000000000 ) ) ;
#3592 = ORIENTED_EDGE ( 'NONE', *, *, #2096, .T. ) ;
#3593 = EDGE_LOOP ( 'NONE', ( #1536, #2133, #4133, #998 ) ) ;
#3594 = ORIENTED_EDGE ( 'NONE', *, *, #1847, .F. ) ;
#3595 = FACE_OUTER_BOUND ( 'NONE', #4511, .T. ) ;
#3596 = CIRCLE ( 'NONE', #5305, 5.100000000000000533 ) ;
#3597 = CARTESIAN_POINT ( 'NONE',  ( -30.62500000000000355, -3.000000000000006217, 0.000000000000000000 ) ) ;
#3598 = VERTEX_POINT ( 'NONE', #3030 ) ;
#3599 = ORIENTED_EDGE ( 'NONE', *, *, #104, .F. ) ;
#3600 = TOROIDAL_SURFACE ( 'NONE', #1004, 9.999999999999998224, 1.000000000000000000 ) ;
#3601 = CARTESIAN_POINT ( 'NONE',  ( -19.24565536863221027, -0.9979447307941150536, -0.2670408626543699371 ) ) ;
#3602 = DIRECTION ( 'NONE',  ( 1.000000000000000000, -6.938893903907232322E-16, -0.000000000000000000 ) ) ;
#3603 = LINE ( 'NONE', #952, #2916 ) ;
#3604 = PLANE ( 'NONE',  #1512 ) ;
#3605 = ADVANCED_FACE ( 'NONE', ( #4004 ), #5022, .F. ) ;
#3606 = FACE_OUTER_BOUND ( 'NONE', #685, .T. ) ;
#3607 = ORIENTED_EDGE ( 'NONE', *, *, #1757, .T. ) ;
#3608 = VERTEX_POINT ( 'NONE', #424 ) ;
#3609 = CARTESIAN_POINT ( 'NONE',  ( 30.62500000000000355, -0.5314625549852382003, -9.732328021759096615 ) ) ;
#3610 = CARTESIAN_POINT ( 'NONE',  ( -28.62500000000000711, -2.000000000000007994, 8.000000000000000000 ) ) ;
#3611 = DIRECTION ( 'NONE',  ( 1.000000000000000000, 1.734723475976807094E-15, 0.000000000000000000 ) ) ;
#3612 = CIRCLE ( 'NONE', #47, 1.999999999999998224 ) ;
#3613 = EDGE_CURVE ( 'NONE', #4627, #3401, #2909, .T. ) ;
#3614 = EDGE_CURVE ( 'NONE', #5513, #1421, #3149, .T. ) ;
#3615 = ORIENTED_EDGE ( 'NONE', *, *, #2290, .T. ) ;
#3616 = DIRECTION ( 'NONE',  ( 0.000000000000000000, 0.000000000000000000, -1.000000000000000000 ) ) ;
#3617 = CARTESIAN_POINT ( 'NONE',  ( 1.661371418603622132E-16, 5.500000000000001776, 15.00000000000000000 ) ) ;
#3618 = DIRECTION ( 'NONE',  ( 3.469446951953612217E-16, -1.000000000000000000, 0.000000000000000000 ) ) ;
#3619 = CARTESIAN_POINT ( 'NONE',  ( 1.298819788630739840E-14, -26.20000000000000284, 20.00000000000000000 ) ) ;
#3620 = EDGE_CURVE ( 'NONE', #2057, #4336, #829, .T. ) ;
#3621 = ORIENTED_EDGE ( 'NONE', *, *, #1303, .F. ) ;
#3622 = ORIENTED_EDGE ( 'NONE', *, *, #5607, .F. ) ;
#3623 = CARTESIAN_POINT ( 'NONE',  ( -7.485281374238569541, 4.499999999999997335, -5.033334849888799490E-30 ) ) ;
#3624 = CARTESIAN_POINT ( 'NONE',  ( 30.73768568794500311, -4.813145750507619169, -14.34314575050761320 ) ) ;
#3625 = ORIENTED_EDGE ( 'NONE', *, *, #4217, .T. ) ;
#3626 = ORIENTED_EDGE ( 'NONE', *, *, #5758, .T. ) ;
#3627 = DIRECTION ( 'NONE',  ( 1.000000000000000000, -6.938893903907232322E-16, -0.000000000000000000 ) ) ;
#3628 = PLANE ( 'NONE',  #3095 ) ;
#3629 = CARTESIAN_POINT ( 'NONE',  ( -10.50000000000000000, 0.1000000000000013239, 16.54999999999999716 ) ) ;
#3630 = FACE_BOUND ( 'NONE', #5655, .T. ) ;
#3631 = VECTOR ( 'NONE', #1797, 1000.000000000000000 ) ;
#3632 = CARTESIAN_POINT ( 'NONE',  ( 30.62500000000000711, -2.414213562373082045, 7.171572875253811041 ) ) ;
#3633 = EDGE_LOOP ( 'NONE', ( #2636, #1426, #427, #613 ) ) ;
#3634 = ORIENTED_EDGE ( 'NONE', *, *, #5843, .F. ) ;
#3635 = CARTESIAN_POINT ( 'NONE',  ( -23.82500000000000284, -5.369999999999992113, -20.00000000000000000 ) ) ;
#3636 = CARTESIAN_POINT ( 'NONE',  ( -29.81153773056831469, -1.348110444803620078, 7.651889555196409454 ) ) ;
#3637 = VECTOR ( 'NONE', #317, 1000.000000000000000 ) ;
#3638 = CARTESIAN_POINT ( 'NONE',  ( 23.82500000000000639, -10.47000000000002018, -12.00000000000000000 ) ) ;
#3639 = AXIS2_PLACEMENT_3D ( 'NONE', #1462, #1065, #579 ) ;
#3640 = CIRCLE ( 'NONE', #761, 5.100000000000000533 ) ;
#3641 = ORIENTED_EDGE ( 'NONE', *, *, #3574, .F. ) ;
#3642 = CARTESIAN_POINT ( 'NONE',  ( -10.50000000000000000, 0.1000000000000011297, 15.00000000000000000 ) ) ;
#3643 = DIRECTION ( 'NONE',  ( 0.000000000000000000, 0.000000000000000000, -1.000000000000000000 ) ) ;
#3644 = DIRECTION ( 'NONE',  ( 0.000000000000000000, 0.000000000000000000, 1.000000000000000000 ) ) ;
#3645 = AXIS2_PLACEMENT_3D ( 'NONE', #5198, #5294, #4774 ) ;
#3646 = EDGE_CURVE ( 'NONE', #3964, #5857, #110, .T. ) ;
#3647 = DIRECTION ( 'NONE',  ( 1.000000000000000000, 0.000000000000000000, 0.000000000000000000 ) ) ;
#3648 = AXIS2_PLACEMENT_3D ( 'NONE', #1836, #3666, #5484 ) ;
#3649 = ORIENTED_EDGE ( 'NONE', *, *, #744, .T. ) ;
#3650 = CIRCLE ( 'NONE', #2011, 11.00000000000000000 ) ;
#3651 = ORIENTED_EDGE ( 'NONE', *, *, #2990, .F. ) ;
#3652 = CARTESIAN_POINT ( 'NONE',  ( -4.999999999999989342, -26.20000000000000284, 14.99999999999994849 ) ) ;
#3653 = AXIS2_PLACEMENT_3D ( 'NONE', #5906, #4136, #2349 ) ;
#3654 = EDGE_CURVE ( 'NONE', #2247, #4007, #3487, .T. ) ;
#3655 = CARTESIAN_POINT ( 'NONE',  ( 23.82500000000000995, -15.56999999999999140, -20.00000000000000000 ) ) ;
#3656 = EDGE_LOOP ( 'NONE', ( #422, #188 ) ) ;
#3657 = DIRECTION ( 'NONE',  ( 1.000000000000000000, -6.938893903907232322E-16, -0.000000000000000000 ) ) ;
#3658 = DIRECTION ( 'NONE',  ( 0.000000000000000000, -0.000000000000000000, -1.000000000000000000 ) ) ;
#3659 = EDGE_CURVE ( 'NONE', #5836, #3201, #369, .T. ) ;
#3660 = CARTESIAN_POINT ( 'NONE',  ( 30.73768568794500666, -9.420000000000017693, -12.00000000000000000 ) ) ;
#3661 = CYLINDRICAL_SURFACE ( 'NONE', #751, 2.149999999999997247 ) ;
#3662 = CYLINDRICAL_SURFACE ( 'NONE', #1428, 1.999999999999998224 ) ;
#3663 = AXIS2_PLACEMENT_3D ( 'NONE', #5897, #925, #2756 ) ;
#3664 = ORIENTED_EDGE ( 'NONE', *, *, #2765, .T. ) ;
#3665 = DIRECTION ( 'NONE',  ( 0.000000000000000000, 0.000000000000000000, 1.000000000000000000 ) ) ;
#3666 = DIRECTION ( 'NONE',  ( 0.000000000000000000, -0.000000000000000000, 1.000000000000000000 ) ) ;
#3667 = VECTOR ( 'NONE', #1084, 1000.000000000000000 ) ;
#3668 = ORIENTED_EDGE ( 'NONE', *, *, #229, .T. ) ;
#3669 = DIRECTION ( 'NONE',  ( 4.012354050806743404E-31, -5.782411586589356653E-16, 1.000000000000000000 ) ) ;
#3670 = PRODUCT_DEFINITION ( '未知', '', #4079, #2122 ) ;
#3671 = CARTESIAN_POINT ( 'NONE',  ( 30.62500000000002132, -23.17157287525380127, 6.585786437626905077 ) ) ;
#3672 = CYLINDRICAL_SURFACE ( 'NONE', #864, 1.049999999999998934 ) ;
#3673 = CARTESIAN_POINT ( 'NONE',  ( 23.82499999999999929, 1.649565217391312011, -23.06041483158718108 ) ) ;
#3674 = DIRECTION ( 'NONE',  ( -0.000000000000000000, 0.000000000000000000, 1.000000000000000000 ) ) ;
#3675 = EDGE_CURVE ( 'NONE', #2259, #236, #35, .T. ) ;
#3676 = ADVANCED_FACE ( 'NONE', ( #4935 ), #3181, .T. ) ;
#3677 = ORIENTED_EDGE ( 'NONE', *, *, #4990, .T. ) ;
#3678 = ORIENTED_EDGE ( 'NONE', *, *, #3176, .F. ) ;
#3679 = AXIS2_PLACEMENT_3D ( 'NONE', #736, #218, #2060 ) ;
#3680 = DIRECTION ( 'NONE',  ( 1.000000000000000000, 0.000000000000000000, 0.000000000000000000 ) ) ;
#3681 = DIRECTION ( 'NONE',  ( 1.000000000000000000, 6.938893903907228378E-16, 0.000000000000000000 ) ) ;
#3682 = VERTEX_POINT ( 'NONE', #2667 ) ;
#3683 = EDGE_CURVE ( 'NONE', #1124, #1697, #4917, .T. ) ;
#3684 = VERTEX_POINT ( 'NONE', #399 ) ;
#3685 = DIRECTION ( 'NONE',  ( -1.000000000000000000, -6.938893903907228378E-16, 0.000000000000000000 ) ) ;
#3686 = CARTESIAN_POINT ( 'NONE',  ( 28.62500000000001776, -21.99999999999998579, 0.000000000000000000 ) ) ;
#3687 = CYLINDRICAL_SURFACE ( 'NONE', #3864, 2.800000000000000266 ) ;
#3688 = CARTESIAN_POINT ( 'NONE',  ( -28.62500000000001421, -20.96999999999998110, -20.00000000000000000 ) ) ;
#3689 = CARTESIAN_POINT ( 'NONE',  ( -22.59262470508942400, -23.99119733712769431, -4.345247444319679353 ) ) ;
#3690 = VERTEX_POINT ( 'NONE', #4546 ) ;
#3691 = FACE_OUTER_BOUND ( 'NONE', #767, .T. ) ;
#3692 = CARTESIAN_POINT ( 'NONE',  ( -18.92760689721406564, -23.99998973540013480, -0.1614375766503468312 ) ) ;
#3693 = FACE_OUTER_BOUND ( 'NONE', #3633, .T. ) ;
#3694 = VERTEX_POINT ( 'NONE', #3655 ) ;
#3695 = CARTESIAN_POINT ( 'NONE',  ( 22.62500000000000711, -10.46999999999999353, -20.00000000000000000 ) ) ;
#3696 = DIRECTION ( 'NONE',  ( 0.000000000000000000, -1.000000000000000000, 0.000000000000000000 ) ) ;
#3697 = CARTESIAN_POINT ( 'NONE',  ( 30.62500000000001421, -20.96999999999998465, -20.00000000000000000 ) ) ;
#3698 = CARTESIAN_POINT ( 'NONE',  ( -25.62500000000000711, -19.51999999999999247, -20.00000000000000000 ) ) ;
#3699 = AXIS2_PLACEMENT_3D ( 'NONE', #5463, #1307, #2686 ) ;
#3700 = ORIENTED_EDGE ( 'NONE', *, *, #1503, .T. ) ;
#3701 = ORIENTED_EDGE ( 'NONE', *, *, #3145, .F. ) ;
#3702 = CARTESIAN_POINT ( 'NONE',  ( -25.62500000000000711, -10.47000000000001663, -12.00000000000000000 ) ) ;
#3703 = DIRECTION ( 'NONE',  ( -2.931054078198949621E-16, 1.000000000000000000, -7.395570986446985676E-32 ) ) ;
#3704 = ORIENTED_EDGE ( 'NONE', *, *, #2505, .F. ) ;
#3705 = FACE_OUTER_BOUND ( 'NONE', #2992, .T. ) ;
#3706 = DIRECTION ( 'NONE',  ( 1.000000000000000000, 3.061616997868382648E-16, 0.000000000000000000 ) ) ;
#3707 = CARTESIAN_POINT ( 'NONE',  ( 25.62500000000000355, -4.813145750507622722, -14.34314575050761320 ) ) ;
#3708 = EDGE_CURVE ( 'NONE', #4937, #4072, #1866, .T. ) ;
#3709 = EDGE_CURVE ( 'NONE', #2967, #3502, #5471, .T. ) ;
#3710 = CARTESIAN_POINT ( 'NONE',  ( 25.62500000000000711, -10.47000000000001663, -12.00000000000000000 ) ) ;
#3711 = CARTESIAN_POINT ( 'NONE',  ( -25.62500000000000711, -20.61999999999999389, -20.00000000000000000 ) ) ;
#3712 = EDGE_LOOP ( 'NONE', ( #2251, #4273 ) ) ;
#3713 = CARTESIAN_POINT ( 'NONE',  ( -4.999999999999989342, -26.20000000000000284, 14.99999999999994849 ) ) ;
#3714 = LINE ( 'NONE', #3767, #2200 ) ;
#3715 = LINE ( 'NONE', #3245, #1052 ) ;
#3716 = ADVANCED_FACE ( 'NONE', ( #1343 ), #345, .T. ) ;
#3717 = ORIENTED_EDGE ( 'NONE', *, *, #4696, .T. ) ;
#3718 = AXIS2_PLACEMENT_3D ( 'NONE', #1882, #2706, #4973 ) ;
#3719 = LINE ( 'NONE', #1305, #3263 ) ;
#3720 = CARTESIAN_POINT ( 'NONE',  ( -2.499999999999999556, -12.89999999999999858, 13.16696972201766336 ) ) ;
#3721 = DIRECTION ( 'NONE',  ( 0.000000000000000000, -1.000000000000000000, 0.000000000000000000 ) ) ;
#3722 = DIRECTION ( 'NONE',  ( 0.5000000000000048850, 0.8660254037844360431, -0.000000000000000000 ) ) ;
#3723 = AXIS2_PLACEMENT_3D ( 'NONE', #1038, #1971, #1999 ) ;
#3724 = FACE_OUTER_BOUND ( 'NONE', #3190, .T. ) ;
#3725 = CIRCLE ( 'NONE', #1433, 2.149999999999997691 ) ;
#3726 = AXIS2_PLACEMENT_3D ( 'NONE', #2914, #1474, #3330 ) ;
#3727 = VERTEX_POINT ( 'NONE', #1287 ) ;
#3728 = ORIENTED_EDGE ( 'NONE', *, *, #1967, .T. ) ;
#3729 = AXIS2_PLACEMENT_3D ( 'NONE', #3505, #5322, #215 ) ;
#3730 = CARTESIAN_POINT ( 'NONE',  ( 11.00000000000000000, 4.500000000000007105, 15.00000000000000178 ) ) ;
#3731 = DIRECTION ( 'NONE',  ( 0.000000000000000000, -1.000000000000000000, 0.000000000000000000 ) ) ;
#3732 = VERTEX_POINT ( 'NONE', #537 ) ;
#3733 = CIRCLE ( 'NONE', #872, 1.049999999999998934 ) ;
#3734 = ORIENTED_EDGE ( 'NONE', *, *, #4006, .F. ) ;
#3735 = VECTOR ( 'NONE', #234, 1000.000000000000000 ) ;
#3736 = CYLINDRICAL_SURFACE ( 'NONE', #3443, 1.049999999999998934 ) ;
#3737 = CARTESIAN_POINT ( 'NONE',  ( 22.62500000000000000, 2.030000000000006910, -20.00000000000000000 ) ) ;
#3738 = CARTESIAN_POINT ( 'NONE',  ( 9.314257488865340803E-15, -26.20000000000000284, 9.999999999999998224 ) ) ;
#3739 = DIRECTION ( 'NONE',  ( -1.224646799147353207E-16, -3.755886943223456444E-32, 1.000000000000000000 ) ) ;
#3740 = DIRECTION ( 'NONE',  ( -6.938893903907232322E-16, -1.000000000000000000, 0.000000000000000000 ) ) ;
#3741 = ADVANCED_FACE ( 'NONE', ( #5133 ), #2336, .F. ) ;
#3742 = EDGE_CURVE ( 'NONE', #1027, #709, #606, .T. ) ;
#3743 = ORIENTED_EDGE ( 'NONE', *, *, #4043, .T. ) ;
#3744 = LINE ( 'NONE', #4267, #2486 ) ;
#3745 = CARTESIAN_POINT ( 'NONE',  ( 21.38987854923556142, -23.99868032785028049, -1.693647131732637368 ) ) ;
#3746 = CARTESIAN_POINT ( 'NONE',  ( 8.485281374238565988, 3.288920563726304369, 8.000000000000000000 ) ) ;
#3747 = ORIENTED_EDGE ( 'NONE', *, *, #781, .F. ) ;
#3748 = EDGE_CURVE ( 'NONE', #1421, #1092, #1779, .T. ) ;
#3749 = ORIENTED_EDGE ( 'NONE', *, *, #2583, .F. ) ;
#3750 = CARTESIAN_POINT ( 'NONE',  ( -22.62500000000001066, -16.46999999999998110, -14.00000000000000178 ) ) ;
#3751 = DIRECTION ( 'NONE',  ( -1.000000000000000000, -3.469446951953614682E-16, 1.734723475976807489E-15 ) ) ;
#3752 = DIRECTION ( 'NONE',  ( -0.3420201433256724877, 0.9396926207859069846, -0.000000000000000000 ) ) ;
#3753 = CARTESIAN_POINT ( 'NONE',  ( -0.9999999999999874545, -29.19999999999999929, 20.00000000000000000 ) ) ;
#3754 = CIRCLE ( 'NONE', #690, 16.49999999999998224 ) ;
#3755 = ORIENTED_EDGE ( 'NONE', *, *, #4328, .T. ) ;
#3756 = CARTESIAN_POINT ( 'NONE',  ( -22.62500000000000000, -0.3199999999999925682, -20.00000000000000000 ) ) ;
#3757 = CARTESIAN_POINT ( 'NONE',  ( 29.01498141954148124, -23.97406081184869819, 7.974060811848713293 ) ) ;
#3758 = DIRECTION ( 'NONE',  ( 6.927954457821723194E-16, -1.000000000000000000, 0.000000000000000000 ) ) ;
#3759 = ORIENTED_EDGE ( 'NONE', *, *, #406, .F. ) ;
#3760 = VERTEX_POINT ( 'NONE', #143 ) ;
#3761 = CARTESIAN_POINT ( 'NONE',  ( 28.62500000000001776, -22.99999999999998934, 8.000000000000000000 ) ) ;
#3762 = DIRECTION ( 'NONE',  ( 0.000000000000000000, -1.000000000000000000, 0.000000000000000000 ) ) ;
#3763 = DIRECTION ( 'NONE',  ( -4.012354050806743404E-31, 5.782411586589356653E-16, -1.000000000000000000 ) ) ;
#3764 = DIRECTION ( 'NONE',  ( -1.000000000000000000, -6.938893903907232322E-16, 0.000000000000000000 ) ) ;
#3765 = ORIENTED_EDGE ( 'NONE', *, *, #4561, .F. ) ;
#3766 = CARTESIAN_POINT ( 'NONE',  ( 29.79657287525382259, -22.99999999999998934, 7.999999999999998224 ) ) ;
#3767 = CARTESIAN_POINT ( 'NONE',  ( -30.62500000000000000, 0.7172701352723791501, -7.394428844850269300 ) ) ;
#3768 = DIRECTION ( 'NONE',  ( 0.000000000000000000, 0.7071067811865463515, 0.7071067811865486830 ) ) ;
#3769 = EDGE_CURVE ( 'NONE', #105, #3395, #4204, .T. ) ;
#3770 = ORIENTED_EDGE ( 'NONE', *, *, #715, .T. ) ;
#3771 = CARTESIAN_POINT ( 'NONE',  ( 2.713658997076425994, -0.3079089212358956384, 16.49886564109630882 ) ) ;
#3772 = CARTESIAN_POINT ( 'NONE',  ( -3.367778697655217560E-16, 7.100000000000001421, 15.00000000000000000 ) ) ;
#3773 = CARTESIAN_POINT ( 'NONE',  ( -30.62500000000001066, -20.61999999999999034, -20.00000000000000000 ) ) ;
#3774 = ADVANCED_FACE ( 'NONE', ( #89 ), #1091, .T. ) ;
#3775 = ADVANCED_FACE ( 'NONE', ( #5636 ), #3600, .T. ) ;
#3776 = ORIENTED_EDGE ( 'NONE', *, *, #1103, .T. ) ;
#3777 = EDGE_LOOP ( 'NONE', ( #1440, #670, #72, #4120 ) ) ;
#3778 = TOROIDAL_SURFACE ( 'NONE', #4556, 18.77854679802960192, 2.000000000000000000 ) ;
#3779 = CARTESIAN_POINT ( 'NONE',  ( 30.62500000000002132, -21.99999999999999289, 6.000000000000000000 ) ) ;
#3780 = CARTESIAN_POINT ( 'NONE',  ( -25.62500000000000711, -10.47000000000001840, -12.00000000000000000 ) ) ;
#3781 = CARTESIAN_POINT ( 'NONE',  ( 23.82500000000000995, -17.10043478260868355, -30.59657183213386134 ) ) ;
#3782 = ORIENTED_EDGE ( 'NONE', *, *, #5233, .T. ) ;
#3783 = EDGE_CURVE ( 'NONE', #151, #3379, #3277, .T. ) ;
#3784 = AXIS2_PLACEMENT_3D ( 'NONE', #209, #3525, #3398 ) ;
#3785 = EDGE_LOOP ( 'NONE', ( #3869, #4929, #5345, #2710 ) ) ;
#3786 = SECURITY_CLASSIFICATION ( '', '', #3865 ) ;
#3787 = DIRECTION ( 'NONE',  ( 1.000000000000000000, 6.938893903907232322E-16, 0.000000000000000000 ) ) ;
#3788 = DIRECTION ( 'NONE',  ( -1.000000000000000000, -3.154042683594194627E-16, 0.000000000000000000 ) ) ;
#3789 = DIRECTION ( 'NONE',  ( 1.000000000000000000, 6.938893903907231336E-16, 1.972152263052529514E-31 ) ) ;
#3790 = PLANE ( 'NONE',  #1900 ) ;
#3791 = VERTEX_POINT ( 'NONE', #487 ) ;
#3792 = DIRECTION ( 'NONE',  ( 1.000000000000000000, -6.938893903907232322E-16, -0.000000000000000000 ) ) ;
#3793 = CARTESIAN_POINT ( 'NONE',  ( -30.62500000000001066, -18.27685424949239845, -14.34314575050765050 ) ) ;
#3794 = DIRECTION ( 'NONE',  ( 1.000000000000000000, 6.938893903907230350E-16, 1.972152263052529514E-31 ) ) ;
#3795 = CARTESIAN_POINT ( 'NONE',  ( -0.9999999999999885647, -26.20000000000000284, 20.00000000000000000 ) ) ;
#3796 = VERTEX_POINT ( 'NONE', #3781 ) ;
#3797 = DIRECTION ( 'NONE',  ( 0.000000000000000000, 0.000000000000000000, 1.000000000000000000 ) ) ;
#3798 = DIRECTION ( 'NONE',  ( 1.000000000000000000, 3.154042683594195614E-16, 0.000000000000000000 ) ) ;
#3799 = DIRECTION ( 'NONE',  ( 1.000000000000000000, -6.938893903907232322E-16, -0.000000000000000000 ) ) ;
#3800 = CARTESIAN_POINT ( 'NONE',  ( 30.62500000000000355, -1.828427124746176968, 6.585786437626905077 ) ) ;
#3801 = AXIS2_PLACEMENT_3D ( 'NONE', #3888, #5304, #1200 ) ;
#3802 = ORIENTED_EDGE ( 'NONE', *, *, #5798, .T. ) ;
#3803 = EDGE_CURVE ( 'NONE', #214, #2095, #3313, .T. ) ;
#3804 = EDGE_LOOP ( 'NONE', ( #4117, #2513, #5782, #1519 ) ) ;
#3805 = EDGE_CURVE ( 'NONE', #4358, #5797, #4231, .T. ) ;
#3806 = CARTESIAN_POINT ( 'NONE',  ( 30.12577375515745359, -23.37543637290930931, 7.375436372909257798 ) ) ;
#3807 = DIRECTION ( 'NONE',  ( 7.501506923142955807E-16, -1.000000000000000000, 0.000000000000000000 ) ) ;
#3808 = CIRCLE ( 'NONE', #3339, 1.049999999999998934 ) ;
#3809 = CIRCLE ( 'NONE', #1239, 3.099999999999998757 ) ;
#3810 = AXIS2_PLACEMENT_3D ( 'NONE', #282, #2187, #5826 ) ;
#3811 = DIRECTION ( 'NONE',  ( -0.6839411288813290746, -0.7295372041400858265, 8.375863142897473251E-17 ) ) ;
#3812 = ORIENTED_EDGE ( 'NONE', *, *, #2467, .F. ) ;
#3813 = AXIS2_PLACEMENT_3D ( 'NONE', #4040, #3657, #3184 ) ;
#3814 = ORIENTED_EDGE ( 'NONE', *, *, #1042, .F. ) ;
#3815 = AXIS2_PLACEMENT_3D ( 'NONE', #4451, #4475, #5729 ) ;
#3816 = AXIS2_PLACEMENT_3D ( 'NONE', #2895, #5105, #5192 ) ;
#3817 = EDGE_CURVE ( 'NONE', #2590, #2027, #815, .T. ) ;
#3818 = DIRECTION ( 'NONE',  ( 0.000000000000000000, 1.000000000000000000, 0.000000000000000000 ) ) ;
#3819 = CARTESIAN_POINT ( 'NONE',  ( -28.62500000000001776, -24.00000000000000711, 7.000000000000000000 ) ) ;
#3820 = FACE_OUTER_BOUND ( 'NONE', #499, .T. ) ;
#3821 = CIRCLE ( 'NONE', #1249, 9.999999999999998224 ) ;
#3822 = DIRECTION ( 'NONE',  ( 0.000000000000000000, 0.000000000000000000, -1.000000000000000000 ) ) ;
#3823 = AXIS2_PLACEMENT_3D ( 'NONE', #3332, #4730, #5154 ) ;
#3824 = EDGE_LOOP ( 'NONE', ( #5175, #823, #4086, #3426 ) ) ;
#3825 = EDGE_CURVE ( 'NONE', #930, #3694, #4603, .T. ) ;
#3826 = VECTOR ( 'NONE', #1843, 1000.000000000000000 ) ;
#3827 = AXIS2_PLACEMENT_3D ( 'NONE', #3047, #3111, #819 ) ;
#3828 = CARTESIAN_POINT ( 'NONE',  ( -30.62500000000000000, -0.3199999999999900147, -20.00000000000000000 ) ) ;
#3829 = CARTESIAN_POINT ( 'NONE',  ( 19.23104246227876146, -23.99996885370339328, -0.2621178176066939480 ) ) ;
#3830 = CARTESIAN_POINT ( 'NONE',  ( 4.592425496802564111E-16, 4.500000000000003553, 15.00000000000000000 ) ) ;
#3831 = AXIS2_PLACEMENT_3D ( 'NONE', #3065, #1685, #5712 ) ;
#3832 = VERTEX_POINT ( 'NONE', #2896 ) ;
#3833 = EDGE_LOOP ( 'NONE', ( #22, #3678, #5135, #1079 ) ) ;
#3834 = ORIENTED_EDGE ( 'NONE', *, *, #5554, .F. ) ;
#3835 = DIRECTION ( 'NONE',  ( 3.066914432666178839E-16, -1.000000000000000000, -0.000000000000000000 ) ) ;
#3836 = DIRECTION ( 'NONE',  ( -1.000000000000000000, 6.938893903907233308E-16, 0.000000000000000000 ) ) ;
#3837 = DIRECTION ( 'NONE',  ( 1.000000000000000000, 6.938893903907228378E-16, 0.000000000000000000 ) ) ;
#3838 = ORIENTED_EDGE ( 'NONE', *, *, #4104, .F. ) ;
#3839 = EDGE_LOOP ( 'NONE', ( #1064, #1877 ) ) ;
#3840 = CARTESIAN_POINT ( 'NONE',  ( 10.50000000000000000, 0.1000000000000013239, 16.54999999999999716 ) ) ;
#3841 = DIRECTION ( 'NONE',  ( -1.000000000000000000, -6.938893903907232322E-16, -0.000000000000000000 ) ) ;
#3842 = CARTESIAN_POINT ( 'NONE',  ( 22.62500000000000711, -10.46999999999999353, -20.00000000000000000 ) ) ;
#3843 = ORIENTED_EDGE ( 'NONE', *, *, #3116, .T. ) ;
#3844 = AXIS2_PLACEMENT_3D ( 'NONE', #1959, #3837, #2046 ) ;
#3845 = EDGE_CURVE ( 'NONE', #54, #4482, #2246, .T. ) ;
#3846 = EDGE_CURVE ( 'NONE', #1480, #5146, #2812, .T. ) ;
#3847 = ORIENTED_EDGE ( 'NONE', *, *, #2550, .F. ) ;
#3848 = ORIENTED_EDGE ( 'NONE', *, *, #4157, .F. ) ;
#3849 = DIRECTION ( 'NONE',  ( 0.000000000000000000, 0.000000000000000000, 1.000000000000000000 ) ) ;
#3850 = CARTESIAN_POINT ( 'NONE',  ( -30.62500000000000355, -0.5314625549852313169, -9.732328021759114378 ) ) ;
#3851 = CIRCLE ( 'NONE', #1282, 18.49999999999998934 ) ;
#3852 = DIRECTION ( 'NONE',  ( 0.000000000000000000, 0.000000000000000000, -1.000000000000000000 ) ) ;
#3853 = CARTESIAN_POINT ( 'NONE',  ( -5.999999999999990230, -29.19999999999999929, 14.99999999999994849 ) ) ;
#3854 = EDGE_CURVE ( 'NONE', #3727, #3608, #1345, .T. ) ;
#3855 = ORIENTED_EDGE ( 'NONE', *, *, #2878, .T. ) ;
#3856 = FACE_OUTER_BOUND ( 'NONE', #4321, .T. ) ;
#3857 = CARTESIAN_POINT ( 'NONE',  ( -30.48999769986565767, -22.79066511088540636, 6.790665110884684275 ) ) ;
#3858 = FACE_OUTER_BOUND ( 'NONE', #3168, .T. ) ;
#3859 = DIRECTION ( 'NONE',  ( 6.938893903907232322E-16, 1.000000000000000000, 0.000000000000000000 ) ) ;
#3860 = VERTEX_POINT ( 'NONE', #728 ) ;
#3861 = EDGE_LOOP ( 'NONE', ( #3568, #4745, #4145, #818 ) ) ;
#3862 = DIRECTION ( 'NONE',  ( 1.000000000000000000, -6.938893903907232322E-16, -0.000000000000000000 ) ) ;
#3863 = CYLINDRICAL_SURFACE ( 'NONE', #70, 1.049999999999998934 ) ;
#3864 = AXIS2_PLACEMENT_3D ( 'NONE', #3212, #2673, #1379 ) ;
#3865 = SECURITY_CLASSIFICATION_LEVEL ( 'unclassified' ) ;
#3866 = DIRECTION ( 'NONE',  ( -0.000000000000000000, -0.000000000000000000, -1.000000000000000000 ) ) ;
#3867 = CARTESIAN_POINT ( 'NONE',  ( -10.77319988170330589, 1.810143344537836541, 12.77534956508668351 ) ) ;
#3868 = AXIS2_PLACEMENT_3D ( 'NONE', #4257, #1457, #3731 ) ;
#3869 = ORIENTED_EDGE ( 'NONE', *, *, #1295, .F. ) ;
#3870 = ORIENTED_EDGE ( 'NONE', *, *, #4071, .T. ) ;
#3871 = CARTESIAN_POINT ( 'NONE',  ( 30.59879281257598649, -22.39743864246435123, 6.397438642465042236 ) ) ;
#3872 = CARTESIAN_POINT ( 'NONE',  ( 23.82500000000001350, -19.51999999999999247, -20.00000000000000000 ) ) ;
#3873 = DIRECTION ( 'NONE',  ( -1.000000000000000000, 6.938893903907232322E-16, 0.000000000000000000 ) ) ;
#3874 = EDGE_LOOP ( 'NONE', ( #4258, #4705, #5482, #5642 ) ) ;
#3875 = EDGE_LOOP ( 'NONE', ( #3579, #4824 ) ) ;
#3876 = EDGE_LOOP ( 'NONE', ( #5752, #2897, #3986, #686 ) ) ;
#3877 = DIRECTION ( 'NONE',  ( -6.938893903907232322E-16, 1.000000000000000000, 0.000000000000000000 ) ) ;
#3878 = CARTESIAN_POINT ( 'NONE',  ( 23.82500000000000639, -10.46999999999999353, -20.00000000000000000 ) ) ;
#3879 = CARTESIAN_POINT ( 'NONE',  ( 5.499999999999998224, 7.100000000000002309, 15.00000000000000000 ) ) ;
#3880 = DIRECTION ( 'NONE',  ( -1.000000000000000000, 6.938893903907230350E-16, 9.860761315262647568E-32 ) ) ;
#3881 = ORIENTED_EDGE ( 'NONE', *, *, #3934, .T. ) ;
#3882 = CIRCLE ( 'NONE', #4646, 9.999999999999998224 ) ;
#3883 = FACE_OUTER_BOUND ( 'NONE', #4388, .T. ) ;
#3884 = CARTESIAN_POINT ( 'NONE',  ( -30.62490745013973381, -22.19633697004903183, 6.196336970050145609 ) ) ;
#3885 = EDGE_CURVE ( 'NONE', #3527, #1169, #5574, .T. ) ;
#3886 = DIRECTION ( 'NONE',  ( 1.000000000000000000, 0.000000000000000000, -1.241116166072645175E-16 ) ) ;
#3887 = ORIENTED_EDGE ( 'NONE', *, *, #4335, .F. ) ;
#3888 = CARTESIAN_POINT ( 'NONE',  ( 25.62500000000000711, -16.12685424949240343, -14.34314575050765050 ) ) ;
#3889 = ORIENTED_EDGE ( 'NONE', *, *, #28, .T. ) ;
#3890 = ORIENTED_EDGE ( 'NONE', *, *, #311, .T. ) ;
#3891 = CYLINDRICAL_SURFACE ( 'NONE', #174, 2.149999999999999023 ) ;
#3892 = DIRECTION ( 'NONE',  ( 1.000000000000000000, -6.938893903907232322E-16, -0.000000000000000000 ) ) ;
#3893 = EDGE_CURVE ( 'NONE', #3522, #4390, #2338, .T. ) ;
#3894 = CALENDAR_DATE ( 2026, 10, 7 ) ;
#3895 = DIRECTION ( 'NONE',  ( -3.061616997868382648E-16, 1.000000000000000000, 0.000000000000000000 ) ) ;
#3896 = DIRECTION ( 'NONE',  ( 0.9396926207859070956, 0.3420201433256720991, 0.000000000000000000 ) ) ;
#3897 = ORIENTED_EDGE ( 'NONE', *, *, #5395, .F. ) ;
#3898 = FACE_OUTER_BOUND ( 'NONE', #3833, .T. ) ;
#3899 = CARTESIAN_POINT ( 'NONE',  ( -10.99999999999999822, -2.699999999999999289, 15.00000000000000000 ) ) ;
#3900 = ADVANCED_FACE ( 'NONE', ( #276 ), #5697, .F. ) ;
#3901 = CARTESIAN_POINT ( 'NONE',  ( 2.952302069093724057, 1.329289108351657145, 15.94944360758135815 ) ) ;
#3902 = ORIENTED_EDGE ( 'NONE', *, *, #4173, .T. ) ;
#3903 = AXIS2_PLACEMENT_3D ( 'NONE', #2519, #3508, #2549 ) ;
#3904 = VERTEX_POINT ( 'NONE', #1597 ) ;
#3905 = ORIENTED_EDGE ( 'NONE', *, *, #3343, .F. ) ;
#3906 = CIRCLE ( 'NONE', #5622, 3.099999999999998757 ) ;
#3907 = CARTESIAN_POINT ( 'NONE',  ( -25.62500000000000711, -8.320000000000019824, -12.00000000000000000 ) ) ;
#3908 = CIRCLE ( 'NONE', #2205, 3.099999999999998757 ) ;
#3909 = CARTESIAN_POINT ( 'NONE',  ( 30.62500000000000000, -2.469999999999987761, -20.00000000000000000 ) ) ;
#3910 = CARTESIAN_POINT ( 'NONE',  ( -22.62499999999999645, 2.030000000000005578, -20.00000000000000000 ) ) ;
#3911 = DIRECTION ( 'NONE',  ( 0.000000000000000000, 1.000000000000000000, 0.000000000000000000 ) ) ;
#3912 = CARTESIAN_POINT ( 'NONE',  ( -25.62500000000000355, -4.813145750507622722, -14.34314575050761320 ) ) ;
#3913 = CIRCLE ( 'NONE', #4764, 10.14999999999999858 ) ;
#3914 = CIRCLE ( 'NONE', #4676, 10.00000000000000000 ) ;
#3915 = AXIS2_PLACEMENT_3D ( 'NONE', #5423, #1385, #3161 ) ;
#3916 = AXIS2_PLACEMENT_3D ( 'NONE', #1976, #3792, #5617 ) ;
#3917 = ORIENTED_EDGE ( 'NONE', *, *, #966, .T. ) ;
#3918 = DIRECTION ( 'NONE',  ( 0.000000000000000000, 0.000000000000000000, 1.000000000000000000 ) ) ;
#3919 = CARTESIAN_POINT ( 'NONE',  ( -28.62500000000001776, -23.00000000000001066, 8.000000000000000000 ) ) ;
#3920 = AXIS2_PLACEMENT_3D ( 'NONE', #1720, #2178, #269 ) ;
#3921 = CIRCLE ( 'NONE', #1347, 2.149999999999997247 ) ;
#3922 = DIRECTION ( 'NONE',  ( 1.000000000000000000, 6.938893903907232322E-16, 0.000000000000000000 ) ) ;
#3923 =( BOUNDED_CURVE ( )  B_SPLINE_CURVE ( 3, ( #524, #3632, #2283, #1436 ),
 .UNSPECIFIED., .F., .T. ) 
 B_SPLINE_CURVE_WITH_KNOTS ( ( 4, 4 ),
 ( 1.570796326794896780, 3.141592653589794892 ),
 .UNSPECIFIED. ) 
 CURVE ( )  GEOMETRIC_REPRESENTATION_ITEM ( )  RATIONAL_B_SPLINE_CURVE ( ( 1.000000000000000000, 0.8047378541243646044, 0.8047378541243646044, 1.000000000000000000 ) ) 
 REPRESENTATION_ITEM ( '' )  );
#3924 = CARTESIAN_POINT ( 'NONE',  ( -30.62500000000001066, -18.46999999999998820, -20.00000000000000000 ) ) ;
#3925 = EDGE_CURVE ( 'NONE', #2709, #2766, #309, .T. ) ;
#3926 = EDGE_CURVE ( 'NONE', #5374, #4072, #3050, .T. ) ;
#3927 = AXIS2_PLACEMENT_3D ( 'NONE', #478, #4054, #2716 ) ;
#3928 = ORIENTED_EDGE ( 'NONE', *, *, #4172, .F. ) ;
#3929 = ORIENTED_EDGE ( 'NONE', *, *, #4647, .F. ) ;
#3930 = CIRCLE ( 'NONE', #5165, 2.149999999999997247 ) ;
#3931 = CARTESIAN_POINT ( 'NONE',  ( 25.62500000000000711, -17.41999999999999460, -20.00000000000000000 ) ) ;
#3932 = CARTESIAN_POINT ( 'NONE',  ( -30.62500000000000000, 2.030000000000012683, -20.00000000000000000 ) ) ;
#3933 = DIRECTION ( 'NONE',  ( 0.000000000000000000, 0.7071067811865463515, 0.7071067811865486830 ) ) ;
#3934 = EDGE_CURVE ( 'NONE', #1325, #4330, #3292, .T. ) ;
#3935 = CARTESIAN_POINT ( 'NONE',  ( -10.63766891757775745, 0.2857470032426380757, 12.20000000000000462 ) ) ;
#3936 = VERTEX_POINT ( 'NONE', #3526 ) ;
#3937 = CARTESIAN_POINT ( 'NONE',  ( -28.62500000000001776, -22.00000000000001066, 0.000000000000000000 ) ) ;
#3938 = CARTESIAN_POINT ( 'NONE',  ( -23.82500000000000639, -9.420000000000021245, -12.00000000000000000 ) ) ;
#3939 = PLANE ( 'NONE',  #2071 ) ;
#3940 = CARTESIAN_POINT ( 'NONE',  ( 3.100067428587991447, 1.650134857197671279, 15.20557335068546045 ) ) ;
#3941 = ORIENTED_EDGE ( 'NONE', *, *, #560, .F. ) ;
#3942 = EDGE_CURVE ( 'NONE', #5182, #503, #5388, .T. ) ;
#3943 = AXIS2_PLACEMENT_3D ( 'NONE', #5478, #3127, #1405 ) ;
#3944 = ORIENTED_EDGE ( 'NONE', *, *, #1698, .F. ) ;
#3945 = ORIENTED_EDGE ( 'NONE', *, *, #1224, .T. ) ;
#3946 = DIRECTION ( 'NONE',  ( 1.000000000000000000, 6.938893903907232322E-16, 0.000000000000000000 ) ) ;
#3947 = CARTESIAN_POINT ( 'NONE',  ( -7.611679946804835062, 5.500000000000000888, 8.321044897366522974 ) ) ;
#3948 = VECTOR ( 'NONE', #2973, 1000.000000000000000 ) ;
#3949 = CARTESIAN_POINT ( 'NONE',  ( -25.62500000000000711, -18.46999999999999176, -20.00000000000000000 ) ) ;
#3950 = LINE ( 'NONE', #1256, #3164 ) ;
#3951 = DIRECTION ( 'NONE',  ( 0.000000000000000000, 0.7071067811865463515, 0.7071067811865486830 ) ) ;
#3952 = EDGE_LOOP ( 'NONE', ( #1761, #1139, #2512, #3403 ) ) ;
#3953 = CARTESIAN_POINT ( 'NONE',  ( 8.428829140938347564, -23.25155536481318919, 7.973310698254090667 ) ) ;
#3954 = CARTESIAN_POINT ( 'NONE',  ( -28.88679617165908553, -22.99355391007048510, 7.987107820141000403 ) ) ;
#3955 = CARTESIAN_POINT ( 'NONE',  ( -23.82500000000000639, -10.46999999999999176, -20.00000000000000000 ) ) ;
#3956 = CARTESIAN_POINT ( 'NONE',  ( -8.485281374238562435, -23.13037618104182158, 8.000000000000000000 ) ) ;
#3957 = ORIENTED_EDGE ( 'NONE', *, *, #909, .F. ) ;
#3958 = ORIENTED_EDGE ( 'NONE', *, *, #5499, .T. ) ;
#3959 = VECTOR ( 'NONE', #1575, 1000.000000000000000 ) ;
#3960 = DIRECTION ( 'NONE',  ( 1.000000000000000000, -6.938893903907232322E-16, -0.000000000000000000 ) ) ;
#3961 = DIRECTION ( 'NONE',  ( -6.938893903907232322E-16, 1.000000000000000000, 0.000000000000000000 ) ) ;
#3962 = COORDINATED_UNIVERSAL_TIME_OFFSET ( 8, 0, .AHEAD. ) ;
#3963 = DIRECTION ( 'NONE',  ( 0.000000000000000000, 0.000000000000000000, 1.000000000000000000 ) ) ;
#3964 = VERTEX_POINT ( 'NONE', #698 ) ;
#3965 = AXIS2_PLACEMENT_3D ( 'NONE', #291, #254, #681 ) ;
#3966 = FACE_OUTER_BOUND ( 'NONE', #1570, .T. ) ;
#3967 = PLANE ( 'NONE',  #754 ) ;
#3968 = CARTESIAN_POINT ( 'NONE',  ( -30.73768568794501377, -16.12685424949239987, -14.34314575050765050 ) ) ;
#3969 = ADVANCED_FACE ( 'NONE', ( #3971 ), #2153, .T. ) ;
#3970 = ADVANCED_FACE ( 'NONE', ( #5220 ), #5344, .T. ) ;
#3971 = FACE_OUTER_BOUND ( 'NONE', #602, .T. ) ;
#3972 = ORIENTED_EDGE ( 'NONE', *, *, #540, .T. ) ;
#3973 = EDGE_LOOP ( 'NONE', ( #16, #5103, #3599, #603 ) ) ;
#3974 = ORIENTED_EDGE ( 'NONE', *, *, #5166, .T. ) ;
#3975 = DIRECTION ( 'NONE',  ( -0.000000000000000000, 0.000000000000000000, 1.000000000000000000 ) ) ;
#3976 = CARTESIAN_POINT ( 'NONE',  ( -30.62500000000001776, -22.96999999999998465, -20.00000000000000000 ) ) ;
#3977 = EDGE_CURVE ( 'NONE', #2, #5374, #3851, .T. ) ;
#3978 = CARTESIAN_POINT ( 'NONE',  ( -23.82500000000001350, -20.61999999999999389, -22.81558164506022024 ) ) ;
#3979 = CARTESIAN_POINT ( 'NONE',  ( -25.62500000000000711, -16.12685424949240343, -14.34314575050765050 ) ) ;
#3980 = ORIENTED_EDGE ( 'NONE', *, *, #1310, .T. ) ;
#3981 = CARTESIAN_POINT ( 'NONE',  ( 28.62500000000000711, -8.259238285901476573, -11.80150231423953500 ) ) ;
#3982 = AXIS2_PLACEMENT_3D ( 'NONE', #1726, #5407, #360 ) ;
#3983 = CARTESIAN_POINT ( 'NONE',  ( -29.51130239515488540, -23.79766592814789306, 6.898832964073958962 ) ) ;
#3984 = CARTESIAN_POINT ( 'NONE',  ( -28.62500000000000355, -2.000000000000007550, 8.000000000000000000 ) ) ;
#3985 = CARTESIAN_POINT ( 'NONE',  ( 28.62500000000000355, -0.9999999999999900080, 7.000000000000000000 ) ) ;
#3986 = ORIENTED_EDGE ( 'NONE', *, *, #2146, .F. ) ;
#3987 = ORIENTED_EDGE ( 'NONE', *, *, #473, .T. ) ;
#3988 = DIRECTION ( 'NONE',  ( 0.000000000000000000, 1.000000000000000000, 0.000000000000000000 ) ) ;
#3989 = CARTESIAN_POINT ( 'NONE',  ( 28.62500000000000355, -1.999999999999988676, 8.000000000000000000 ) ) ;
#3990 = CC_DESIGN_APPROVAL ( #5894, ( #3786 ) ) ;
#3991 = DIRECTION ( 'NONE',  ( 0.000000000000000000, -1.000000000000000000, 0.000000000000000000 ) ) ;
#3992 = VERTEX_POINT ( 'NONE', #175 ) ;
#3993 = LINE ( 'NONE', #3556, #1346 ) ;
#3994 = DIRECTION ( 'NONE',  ( -1.000000000000000000, 6.938893903907232322E-16, 0.000000000000000000 ) ) ;
#3995 = FACE_OUTER_BOUND ( 'NONE', #1088, .T. ) ;
#3996 = FACE_OUTER_BOUND ( 'NONE', #3861, .T. ) ;
#3997 = VERTEX_POINT ( 'NONE', #2022 ) ;
#3998 = EDGE_CURVE ( 'NONE', #3547, #5146, #4303, .T. ) ;
#3999 = EDGE_CURVE ( 'NONE', #2248, #1981, #393, .T. ) ;
#4000 = ORIENTED_EDGE ( 'NONE', *, *, #3469, .T. ) ;
#4001 = EDGE_LOOP ( 'NONE', ( #3814, #740, #3944, #5887 ) ) ;
#4002 = PLANE ( 'NONE',  #1725 ) ;
#4003 = DIRECTION ( 'NONE',  ( 0.000000000000000000, 1.000000000000000000, 0.000000000000000000 ) ) ;
#4004 = FACE_OUTER_BOUND ( 'NONE', #2700, .T. ) ;
#4005 = EDGE_LOOP ( 'NONE', ( #1611, #1268, #3256, #3561 ) ) ;
#4006 = EDGE_CURVE ( 'NONE', #1788, #2669, #2633, .T. ) ;
#4007 = VERTEX_POINT ( 'NONE', #822 ) ;
#4008 = CIRCLE ( 'NONE', #4667, 12.49999999999999645 ) ;
#4009 = LINE ( 'NONE', #5501, #1245 ) ;
#4010 = DIRECTION ( 'NONE',  ( 6.938893903907232322E-16, -1.000000000000000000, 0.000000000000000000 ) ) ;
#4011 = CARTESIAN_POINT ( 'NONE',  ( 22.62499999999999645, 2.030000000000005578, -20.00000000000000000 ) ) ;
#4012 = CARTESIAN_POINT ( 'NONE',  ( -6.000000000000164313, -24.00000000000000355, 7.000000000000000000 ) ) ;
#4013 = VECTOR ( 'NONE', #5376, 1000.000000000000000 ) ;
#4014 = EDGE_CURVE ( 'NONE', #5223, #3992, #5856, .T. ) ;
#4015 = VECTOR ( 'NONE', #5678, 1000.000000000000000 ) ;
#4016 = ORIENTED_EDGE ( 'NONE', *, *, #1738, .T. ) ;
#4017 = ORIENTED_EDGE ( 'NONE', *, *, #2155, .F. ) ;
#4018 = CARTESIAN_POINT ( 'NONE',  ( -10.63766891757775568, 0.4663472501002428605, 17.80000000000000426 ) ) ;
#4019 = FACE_BOUND ( 'NONE', #2623, .T. ) ;
#4020 = CARTESIAN_POINT ( 'NONE',  ( 28.62500000000000000, 1.986258379993445385E-14, 8.000000000000000000 ) ) ;
#4021 = B_SPLINE_CURVE_WITH_KNOTS ( 'NONE', 3,
 ( #833, #4464, #2729, #374, #4091, #3601, #5477, #4550, #403, #5923, #5837, #4491, #1319, #2226, #5444, #459, #2670, #4938, #2192, #5896 ),
 .UNSPECIFIED., .F., .F.,
 ( 4, 2, 2, 2, 2, 2, 2, 2, 2, 4 ),
 ( 0.000000000000000000, 0.0009854923985445998048, 0.001478238597816894720, 0.001970984797089189635, 0.002956477195633779465, 0.003941969594178368862, 0.004927461992722958692, 0.005912954391267548522, 0.006898446789812137485, 0.007883939188356725580 ),
 .UNSPECIFIED. ) ;
#4022 = CIRCLE ( 'NONE', #4780, 9.999999999999998224 ) ;
#4023 = AXIS2_PLACEMENT_3D ( 'NONE', #4075, #2321, #4615 ) ;
#4024 = ORIENTED_EDGE ( 'NONE', *, *, #4278, .T. ) ;
#4025 = PLANE ( 'NONE',  #865 ) ;
#4026 = CARTESIAN_POINT ( 'NONE',  ( 25.62500000000000355, -6.963145750507620413, -14.34314575050761320 ) ) ;
#4027 = CIRCLE ( 'NONE', #773, 12.49999999999999822 ) ;
#4028 = DIRECTION ( 'NONE',  ( 1.000000000000000000, -6.938893903907231336E-16, 0.000000000000000000 ) ) ;
#4029 = DIRECTION ( 'NONE',  ( -0.000000000000000000, 0.000000000000000000, 1.000000000000000000 ) ) ;
#4030 = ORIENTED_EDGE ( 'NONE', *, *, #1505, .T. ) ;
#4031 = AXIS2_PLACEMENT_3D ( 'NONE', #1743, #3483, #779 ) ;
#4032 = APPROVAL ( #2111, '未指定' ) ;
#4033 = ORIENTED_EDGE ( 'NONE', *, *, #1930, .F. ) ;
#4034 = ORIENTED_EDGE ( 'NONE', *, *, #311, .F. ) ;
#4035 = DIRECTION ( 'NONE',  ( 0.000000000000000000, -1.000000000000000000, 7.395570986446992244E-32 ) ) ;
#4036 = CARTESIAN_POINT ( 'NONE',  ( 25.62500000000000711, -18.46999999999999176, -20.00000000000000000 ) ) ;
#4037 = ORIENTED_EDGE ( 'NONE', *, *, #3102, .F. ) ;
#4038 = EDGE_CURVE ( 'NONE', #5127, #2260, #2789, .T. ) ;
#4039 = ORIENTED_EDGE ( 'NONE', *, *, #2436, .F. ) ;
#4040 = CARTESIAN_POINT ( 'NONE',  ( -30.62500000000001421, -21.61999999999998678, -22.81558164506022024 ) ) ;
#4041 = CARTESIAN_POINT ( 'NONE',  ( 5.000000000000012434, -26.20000000000000284, 15.00000000000001421 ) ) ;
#4042 = DIRECTION ( 'NONE',  ( -1.000000000000000000, -6.938893903907230350E-16, -1.972152263052529514E-31 ) ) ;
#4043 = EDGE_CURVE ( 'NONE', #2930, #2239, #4027, .T. ) ;
#4044 = EDGE_CURVE ( 'NONE', #4185, #2127, #1533, .T. ) ;
#4045 = CARTESIAN_POINT ( 'NONE',  ( 1.530808498934192064E-16, 7.100000000000001421, 15.00000000000000000 ) ) ;
#4046 = CARTESIAN_POINT ( 'NONE',  ( -10.63766891757775568, 0.1000000000000011297, 12.20000000000000284 ) ) ;
#4047 = ORIENTED_EDGE ( 'NONE', *, *, #3478, .F. ) ;
#4048 = ORIENTED_EDGE ( 'NONE', *, *, #2061, .F. ) ;
#4049 = CARTESIAN_POINT ( 'NONE',  ( -10.84385792276249383, 2.208406504703751772, 16.85147593962260970 ) ) ;
#4050 = CARTESIAN_POINT ( 'NONE',  ( -28.75590116331765955, -2.000000000016357582, 8.000000000000000000 ) ) ;
#4051 = CARTESIAN_POINT ( 'NONE',  ( -7.485281374238569541, 4.499999999999997335, 0.000000000000000000 ) ) ;
#4052 = AXIS2_PLACEMENT_3D ( 'NONE', #4355, #5793, #241 ) ;
#4053 = ORIENTED_EDGE ( 'NONE', *, *, #4846, .F. ) ;
#4054 = DIRECTION ( 'NONE',  ( 1.000000000000000000, 6.938893903907233308E-16, -0.000000000000000000 ) ) ;
#4055 = CARTESIAN_POINT ( 'NONE',  ( 23.82499999999999929, -3.519999999999991136, -20.00000000000000000 ) ) ;
#4056 = CARTESIAN_POINT ( 'NONE',  ( -25.62500000000000711, -16.12685424949240343, -14.34314575050765050 ) ) ;
#4057 = DIRECTION ( 'NONE',  ( 3.469446951953613203E-16, -1.000000000000000000, -9.860761315262647568E-32 ) ) ;
#4058 = ORIENTED_EDGE ( 'NONE', *, *, #3854, .F. ) ;
#4059 = ORIENTED_EDGE ( 'NONE', *, *, #1986, .F. ) ;
#4060 = ORIENTED_EDGE ( 'NONE', *, *, #1666, .T. ) ;
#4061 = DIRECTION ( 'NONE',  ( 0.000000000000000000, -3.227392513445226657E-15, 1.000000000000000000 ) ) ;
#4062 = CARTESIAN_POINT ( 'NONE',  ( -10.86756828448095114, -2.137839322841687206, 13.27826063168525117 ) ) ;
#4063 = EDGE_LOOP ( 'NONE', ( #594, #4807, #4171, #5439 ) ) ;
#4064 = ORIENTED_EDGE ( 'NONE', *, *, #3748, .F. ) ;
#4065 = DIRECTION ( 'NONE',  ( 1.000000000000000000, 6.938893903907232322E-16, 0.000000000000000000 ) ) ;
#4066 = CARTESIAN_POINT ( 'NONE',  ( 29.27300152257121368, -23.86680626728615096, -7.982421739409920391 ) ) ;
#4067 = DIRECTION ( 'NONE',  ( 1.000000000000000000, 0.000000000000000000, 0.000000000000000000 ) ) ;
#4068 = FACE_BOUND ( 'NONE', #1606, .T. ) ;
#4069 = CARTESIAN_POINT ( 'NONE',  ( -10.86754978875024946, 2.325663689897021769, 13.29115734617509581 ) ) ;
#4070 = ADVANCED_FACE ( 'NONE', ( #3996 ), #1258, .T. ) ;
#4071 = EDGE_CURVE ( 'NONE', #2571, #5494, #2719, .T. ) ;
#4072 = VERTEX_POINT ( 'NONE', #2690 ) ;
#4073 = VERTEX_POINT ( 'NONE', #5820 ) ;
#4074 = CARTESIAN_POINT ( 'NONE',  ( -25.62500000000000711, -16.12685424949240343, -14.34314575050765050 ) ) ;
#4075 = CARTESIAN_POINT ( 'NONE',  ( 8.878689293818310863E-15, -23.00000000000000000, 15.00000000000000000 ) ) ;
#4076 =( BOUNDED_CURVE ( )  B_SPLINE_CURVE ( 3, ( #2376, #3746, #3300, #5620 ),
 .UNSPECIFIED., .F., .T. ) 
 B_SPLINE_CURVE_WITH_KNOTS ( ( 4, 4 ),
 ( 4.712388980384690562, 6.283185307179586232 ),
 .UNSPECIFIED. ) 
 CURVE ( )  GEOMETRIC_REPRESENTATION_ITEM ( )  RATIONAL_B_SPLINE_CURVE ( ( 1.000000000000000000, 0.8047378541243652705, 0.8047378541243652705, 1.000000000000000000 ) ) 
 REPRESENTATION_ITEM ( '' )  );
#4077 = EDGE_CURVE ( 'NONE', #4958, #207, #3081, .T. ) ;
#4078 = ORIENTED_EDGE ( 'NONE', *, *, #465, .F. ) ;
#4079 = PRODUCT_DEFINITION_FORMATION_WITH_SPECIFIED_SOURCE ( '任何', '', #700, .NOT_KNOWN. ) ;
#4080 = CARTESIAN_POINT ( 'NONE',  ( -23.82500000000000995, -17.17685424949240058, -14.34314575050765050 ) ) ;
#4081 = FACE_OUTER_BOUND ( 'NONE', #2100, .T. ) ;
#4082 = CARTESIAN_POINT ( 'NONE',  ( -28.62500000000001421, -20.96999999999998110, -20.00000000000000000 ) ) ;
#4083 = CARTESIAN_POINT ( 'NONE',  ( -28.32500000000000284, -5.369999999999990337, -20.00000000000000000 ) ) ;
#4084 = EDGE_CURVE ( 'NONE', #4089, #4887, #5366, .T. ) ;
#4085 = ORIENTED_EDGE ( 'NONE', *, *, #966, .F. ) ;
#4086 = ORIENTED_EDGE ( 'NONE', *, *, #99, .T. ) ;
#4087 = CARTESIAN_POINT ( 'NONE',  ( 21.62738587610734342, -0.8844226417150312658, -1.985331754720862429 ) ) ;
#4088 = DIRECTION ( 'NONE',  ( -1.000000000000000000, -6.938893903907232322E-16, -1.972152263052529514E-31 ) ) ;
#4089 = VERTEX_POINT ( 'NONE', #1280 ) ;
#4090 = VERTEX_POINT ( 'NONE', #3174 ) ;
#4091 = CARTESIAN_POINT ( 'NONE',  ( -18.92892057367842895, -0.9992069126764785425, -0.1701742104711458647 ) ) ;
#4092 = CARTESIAN_POINT ( 'NONE',  ( 11.18732520091240268, 4.738158552792091061E-15, 7.000000000000000888 ) ) ;
#4093 = DIRECTION ( 'NONE',  ( 1.000000000000000000, -6.938893903907232322E-16, -0.000000000000000000 ) ) ;
#4094 = CARTESIAN_POINT ( 'NONE',  ( 30.73768568794499956, -2.469999999999987761, -20.00000000000000000 ) ) ;
#4095 = EDGE_CURVE ( 'NONE', #230, #456, #5885, .T. ) ;
#4096 = CARTESIAN_POINT ( 'NONE',  ( 28.32500000000001350, -16.56999999999998607, -29.74884608556315158 ) ) ;
#4097 = ORIENTED_EDGE ( 'NONE', *, *, #744, .F. ) ;
#4098 = ORIENTED_EDGE ( 'NONE', *, *, #1616, .T. ) ;
#4099 = DIRECTION ( 'NONE',  ( 0.000000000000000000, 0.000000000000000000, 1.000000000000000000 ) ) ;
#4100 = CARTESIAN_POINT ( 'NONE',  ( -30.48999769986533082, -2.209334889115175393, 6.790665110884748223 ) ) ;
#4101 = CIRCLE ( 'NONE', #2585, 1.049999999999998934 ) ;
#4102 = VECTOR ( 'NONE', #286, 1000.000000000000000 ) ;
#4103 = DIRECTION ( 'NONE',  ( 0.000000000000000000, 1.000000000000000000, 0.000000000000000000 ) ) ;
#4104 = EDGE_CURVE ( 'NONE', #4868, #4292, #618, .T. ) ;
#4105 = EDGE_CURVE ( 'NONE', #4358, #3216, #4542, .T. ) ;
#4106 = CIRCLE ( 'NONE', #3068, 10.00000000000000000 ) ;
#4107 = VECTOR ( 'NONE', #2347, 1000.000000000000000 ) ;
#4108 = AXIS2_PLACEMENT_3D ( 'NONE', #2638, #1675, #4459 ) ;
#4109 = ORIENTED_EDGE ( 'NONE', *, *, #4172, .T. ) ;
#4110 = CARTESIAN_POINT ( 'NONE',  ( 23.82500000000001350, -17.41999999999999460, -20.00000000000000000 ) ) ;
#4111 = DIRECTION ( 'NONE',  ( 1.000000000000000000, -6.938893903907232322E-16, -0.000000000000000000 ) ) ;
#4112 = PLANE ( 'NONE',  #3351 ) ;
#4113 = CARTESIAN_POINT ( 'NONE',  ( 1.530808498934192064E-16, -12.89999999999999858, 15.00000000000000000 ) ) ;
#4114 = CIRCLE ( 'NONE', #764, 1.000000000000000888 ) ;
#4115 = CARTESIAN_POINT ( 'NONE',  ( 25.62500000000000711, -18.27685424949240200, -14.34314575050765050 ) ) ;
#4116 = ADVANCED_FACE ( 'NONE', ( #2747 ), #3778, .T. ) ;
#4117 = ORIENTED_EDGE ( 'NONE', *, *, #4125, .F. ) ;
#4118 = AXIS2_PLACEMENT_3D ( 'NONE', #2182, #4029, #3647 ) ;
#4119 = VECTOR ( 'NONE', #1234, 1000.000000000000000 ) ;
#4120 = ORIENTED_EDGE ( 'NONE', *, *, #3825, .F. ) ;
#4121 = CARTESIAN_POINT ( 'NONE',  ( 20.70402458539513901, -0.9683724708497614131, -1.046504415217920814 ) ) ;
#4122 = CIRCLE ( 'NONE', #1534, 2.149999999999998135 ) ;
#4123 = CARTESIAN_POINT ( 'NONE',  ( -10.99999999999999822, -2.699999999999999289, 15.00000000000000000 ) ) ;
#4124 = ORIENTED_EDGE ( 'NONE', *, *, #2550, .T. ) ;
#4125 = EDGE_CURVE ( 'NONE', #3564, #1775, #426, .T. ) ;
#4126 = ORIENTED_EDGE ( 'NONE', *, *, #4690, .T. ) ;
#4127 = CARTESIAN_POINT ( 'NONE',  ( 30.62500000000001776, -23.99999999999998579, 0.000000000000000000 ) ) ;
#4128 = DIRECTION ( 'NONE',  ( 3.469446951953613203E-16, -1.000000000000000000, -9.860761315262647568E-32 ) ) ;
#4129 = CARTESIAN_POINT ( 'NONE',  ( -22.62500000000000000, 2.030000000000006910, -14.00000000000000000 ) ) ;
#4130 = CYLINDRICAL_SURFACE ( 'NONE', #1035, 1.049999999999998490 ) ;
#4131 = CARTESIAN_POINT ( 'NONE',  ( -22.62500000000001776, -23.98982884272630400, -4.669867292790014446 ) ) ;
#4132 = ORIENTED_EDGE ( 'NONE', *, *, #965, .F. ) ;
#4133 = ORIENTED_EDGE ( 'NONE', *, *, #1542, .T. ) ;
#4134 = CARTESIAN_POINT ( 'NONE',  ( -11.00000000000000000, 2.900000000000002576, 15.00000000000000000 ) ) ;
#4135 = CARTESIAN_POINT ( 'NONE',  ( -30.62490745014036975, -2.803663029950570262, 6.196336970049352466 ) ) ;
#4136 = DIRECTION ( 'NONE',  ( 1.000000000000000000, 6.938893903907232322E-16, 0.000000000000000000 ) ) ;
#4137 = ORIENTED_EDGE ( 'NONE', *, *, #2775, .F. ) ;
#4138 = FACE_OUTER_BOUND ( 'NONE', #838, .T. ) ;
#4139 = CARTESIAN_POINT ( 'NONE',  ( -23.82500000000000995, -16.56999999999998963, -29.74884608556315158 ) ) ;
#4140 = DIRECTION ( 'NONE',  ( -1.000000000000000000, 0.000000000000000000, 0.000000000000000000 ) ) ;
#4141 = DIRECTION ( 'NONE',  ( -3.061616997868382648E-16, 1.000000000000000000, 0.000000000000000000 ) ) ;
#4142 = DIRECTION ( 'NONE',  ( 0.000000000000000000, 0.000000000000000000, 1.000000000000000000 ) ) ;
#4143 = ORIENTED_EDGE ( 'NONE', *, *, #1382, .T. ) ;
#4144 = EDGE_CURVE ( 'NONE', #2904, #5254, #1972, .T. ) ;
#4145 = ORIENTED_EDGE ( 'NONE', *, *, #4286, .F. ) ;
#4146 = ADVANCED_FACE ( 'NONE', ( #5017 ), #4570, .F. ) ;
#4147 = CARTESIAN_POINT ( 'NONE',  ( 19.25631779156395140, -0.9984334033943632614, -0.2621921314781895940 ) ) ;
#4148 = CARTESIAN_POINT ( 'NONE',  ( -23.82500000000000284, -4.813145750507624498, -14.34314575050761320 ) ) ;
#4149 = ORIENTED_EDGE ( 'NONE', *, *, #3783, .T. ) ;
#4150 = EDGE_CURVE ( 'NONE', #5108, #3463, #508, .T. ) ;
#4151 = DIRECTION ( 'NONE',  ( 1.000000000000000000, -6.938893903907231336E-16, -1.972152263052529514E-31 ) ) ;
#4152 = LINE ( 'NONE', #1431, #3283 ) ;
#4153 = DIRECTION ( 'NONE',  ( -1.000000000000000000, 6.938893903907232322E-16, 0.000000000000000000 ) ) ;
#4154 = DIRECTION ( 'NONE',  ( -1.000000000000000000, 6.938893903907232322E-16, 0.000000000000000000 ) ) ;
#4155 = AXIS2_PLACEMENT_3D ( 'NONE', #5496, #1849, #919 ) ;
#4156 = CARTESIAN_POINT ( 'NONE',  ( 6.123233995736761352E-16, -1.999999999999998668, 7.000000000000000000 ) ) ;
#4157 = EDGE_CURVE ( 'NONE', #3760, #3796, #320, .T. ) ;
#4158 = ORIENTED_EDGE ( 'NONE', *, *, #4778, .F. ) ;
#4159 = CARTESIAN_POINT ( 'NONE',  ( -7.446492785409429160, 4.299234614174797464, 7.000000000000000000 ) ) ;
#4160 = CARTESIAN_POINT ( 'NONE',  ( -7.485281374238569541, 5.500000000000000000, 8.000000000000000000 ) ) ;
#4161 = EDGE_LOOP ( 'NONE', ( #4949, #3870, #3651, #1885 ) ) ;
#4162 = DIRECTION ( 'NONE',  ( -8.326672684688675039E-16, 1.000000000000000000, 0.000000000000000000 ) ) ;
#4163 = CARTESIAN_POINT ( 'NONE',  ( -30.62500000000001776, -22.00000000000001066, 6.000000000000000000 ) ) ;
#4164 = PLANE ( 'NONE',  #4805 ) ;
#4165 = DIRECTION ( 'NONE',  ( 4.906538933386822880E-16, -0.7071067811865512365, 0.7071067811865439090 ) ) ;
#4166 = AXIS2_PLACEMENT_3D ( 'NONE', #5430, #1331, #4987 ) ;
#4167 = EDGE_LOOP ( 'NONE', ( #999, #4158 ) ) ;
#4168 = VERTEX_POINT ( 'NONE', #941 ) ;
#4169 = CARTESIAN_POINT ( 'NONE',  ( 9.314257488865340803E-15, -26.20000000000000284, 9.999999999999998224 ) ) ;
#4170 = CARTESIAN_POINT ( 'NONE',  ( -29.27300152257121368, -23.86680626728615096, -7.982421739409920391 ) ) ;
#4171 = ORIENTED_EDGE ( 'NONE', *, *, #448, .T. ) ;
#4172 = EDGE_CURVE ( 'NONE', #4739, #889, #1477, .T. ) ;
#4173 = EDGE_CURVE ( 'NONE', #3216, #3011, #26, .T. ) ;
#4174 = ORIENTED_EDGE ( 'NONE', *, *, #4084, .F. ) ;
#4175 = FACE_OUTER_BOUND ( 'NONE', #1358, .T. ) ;
#4176 = CARTESIAN_POINT ( 'NONE',  ( 7.611679946808179054, 5.500000000000005329, 8.321044897375355021 ) ) ;
#4177 = FACE_OUTER_BOUND ( 'NONE', #755, .T. ) ;
#4178 = DIRECTION ( 'NONE',  ( -1.000000000000000000, -6.938893903907232322E-16, -0.000000000000000000 ) ) ;
#4179 = ADVANCED_FACE ( 'NONE', ( #972, #3415 ), #2329, .T. ) ;
#4180 = DIRECTION ( 'NONE',  ( -1.000000000000000000, -6.938893903907232322E-16, 0.000000000000000000 ) ) ;
#4181 = ORIENTED_EDGE ( 'NONE', *, *, #4483, .T. ) ;
#4182 = DIRECTION ( 'NONE',  ( 0.8660254037844359321, -0.5000000000000047740, 0.000000000000000000 ) ) ;
#4183 = CARTESIAN_POINT ( 'NONE',  ( 18.27975902444055123, -24.00000139444621183, -0.03237600182425766360 ) ) ;
#4184 = CARTESIAN_POINT ( 'NONE',  ( 25.62500000000000711, -10.47000000000001663, -12.00000000000000000 ) ) ;
#4185 = VERTEX_POINT ( 'NONE', #3226 ) ;
#4186 = CIRCLE ( 'NONE', #64, 5.100000000000000533 ) ;
#4187 = EDGE_CURVE ( 'NONE', #3684, #4597, #53, .T. ) ;
#4188 = VECTOR ( 'NONE', #2616, 1000.000000000000000 ) ;
#4189 = VERTEX_POINT ( 'NONE', #3753 ) ;
#4190 = AXIS2_PLACEMENT_3D ( 'NONE', #3932, #1141, #4921 ) ;
#4191 = CARTESIAN_POINT ( 'NONE',  ( 2.873150073535216897, -0.9255430860907413182, 16.16647761698036589 ) ) ;
#4192 = DIRECTION ( 'NONE',  ( -7.501506923142975529E-16, 1.000000000000000000, 0.000000000000000000 ) ) ;
#4193 = DIRECTION ( 'NONE',  ( 0.000000000000000000, -1.000000000000000000, 0.000000000000000000 ) ) ;
#4194 = DIRECTION ( 'NONE',  ( -3.061616997868382648E-16, 1.000000000000000000, 0.000000000000000000 ) ) ;
#4195 = CARTESIAN_POINT ( 'NONE',  ( -28.62500000000000355, -1.000000000000007327, 8.000000000000000000 ) ) ;
#4196 = AXIS2_PLACEMENT_3D ( 'NONE', #1197, #679, #710 ) ;
#4197 = AXIS2_PLACEMENT_3D ( 'NONE', #1061, #173, #3289 ) ;
#4198 = ORIENTED_EDGE ( 'NONE', *, *, #1180, .T. ) ;
#4199 = DIRECTION ( 'NONE',  ( -3.066914432666178839E-16, 1.000000000000000000, 0.000000000000000000 ) ) ;
#4200 = CARTESIAN_POINT ( 'NONE',  ( 28.88679617165931646, -22.99355391007046734, 7.987107820140953329 ) ) ;
#4201 = CARTESIAN_POINT ( 'NONE',  ( 28.62500000000001776, -23.99999999999999289, 8.000000000000000000 ) ) ;
#4202 = TOROIDAL_SURFACE ( 'NONE', #3815, 8.000000000000000000, 2.000000000000000000 ) ;
#4203 = AXIS2_PLACEMENT_3D ( 'NONE', #3968, #2538, #1665 ) ;
#4204 = LINE ( 'NONE', #1031, #2831 ) ;
#4205 = ORIENTED_EDGE ( 'NONE', *, *, #2820, .T. ) ;
#4206 = CIRCLE ( 'NONE', #1633, 1.049999999999998490 ) ;
#4207 = ORIENTED_EDGE ( 'NONE', *, *, #2147, .F. ) ;
#4208 = CARTESIAN_POINT ( 'NONE',  ( 28.62500000000001066, -16.46999999999997399, -14.00000000000000178 ) ) ;
#4209 = FACE_OUTER_BOUND ( 'NONE', #2049, .T. ) ;
#4210 = EDGE_CURVE ( 'NONE', #3261, #2511, #2858, .T. ) ;
#4211 = CARTESIAN_POINT ( 'NONE',  ( -7.999999999999998224, 0.1000000000000011297, 12.20000000000000107 ) ) ;
#4212 = CARTESIAN_POINT ( 'NONE',  ( 30.73768568794499956, -1.419999999999989493, -20.00000000000000000 ) ) ;
#4213 = CARTESIAN_POINT ( 'NONE',  ( 1.000000000000014655, -26.20000000000000284, 20.00000000000000000 ) ) ;
#4214 = ADVANCED_FACE ( 'NONE', ( #3724 ), #5550, .F. ) ;
#4215 = FACE_OUTER_BOUND ( 'NONE', #3952, .T. ) ;
#4216 = CYLINDRICAL_SURFACE ( 'NONE', #2864, 2.149999999999999023 ) ;
#4217 = EDGE_CURVE ( 'NONE', #3346, #4330, #1134, .T. ) ;
#4218 = LINE ( 'NONE', #3383, #3087 ) ;
#4219 = AXIS2_PLACEMENT_3D ( 'NONE', #2788, #1944, #4263 ) ;
#4220 = ORIENTED_EDGE ( 'NONE', *, *, #1980, .F. ) ;
#4221 = CARTESIAN_POINT ( 'NONE',  ( 2.713915691092048554, -0.3096115465437498382, 13.50159711916401406 ) ) ;
#4222 = PLANE ( 'NONE',  #5250 ) ;
#4223 = EDGE_CURVE ( 'NONE', #503, #5182, #5012, .T. ) ;
#4224 = CARTESIAN_POINT ( 'NONE',  ( -29.79657287525382969, -24.00000000000000711, 6.999999999999998224 ) ) ;
#4225 = TOROIDAL_SURFACE ( 'NONE', #2898, 2.000000000000000000, 1.000000000000000000 ) ;
#4226 = DIRECTION ( 'NONE',  ( -6.938893903907232322E-16, -1.000000000000000000, 0.000000000000000000 ) ) ;
#4227 = ORIENTED_EDGE ( 'NONE', *, *, #196, .T. ) ;
#4228 = ORIENTED_EDGE ( 'NONE', *, *, #4043, .F. ) ;
#4229 = CARTESIAN_POINT ( 'NONE',  ( 29.37263398995443708, -23.87831487708627520, 7.878314877086280532 ) ) ;
#4230 = DIRECTION ( 'NONE',  ( 1.000000000000000000, 6.938893903907232322E-16, 0.000000000000000000 ) ) ;
#4231 = LINE ( 'NONE', #5608, #3394 ) ;
#4232 = ORIENTED_EDGE ( 'NONE', *, *, #4210, .T. ) ;
#4233 = ORIENTED_EDGE ( 'NONE', *, *, #3377, .T. ) ;
#4234 = VECTOR ( 'NONE', #1933, 1000.000000000000000 ) ;
#4235 = PLANE ( 'NONE',  #4777 ) ;
#4236 = CARTESIAN_POINT ( 'NONE',  ( -7.999999999999998224, 0.1000000000000013239, 16.54999999999999716 ) ) ;
#4237 = DIRECTION ( 'NONE',  ( 1.000000000000000000, 0.000000000000000000, 0.000000000000000000 ) ) ;
#4238 = DIRECTION ( 'NONE',  ( 0.000000000000000000, 1.000000000000000000, 0.000000000000000000 ) ) ;
#4239 = ORIENTED_EDGE ( 'NONE', *, *, #3244, .F. ) ;
#4240 = DIRECTION ( 'NONE',  ( -1.000000000000000000, 6.938893903907232322E-16, 0.000000000000000000 ) ) ;
#4241 = CARTESIAN_POINT ( 'NONE',  ( -23.82499999999999929, -0.3199999999999917355, -20.00000000000000000 ) ) ;
#4242 = CARTESIAN_POINT ( 'NONE',  ( 30.62500000000000711, -8.259238285901474796, -11.80150231423953500 ) ) ;
#4243 = CARTESIAN_POINT ( 'NONE',  ( 28.62500000000000000, 0.03000000000001265543, 0.000000000000000000 ) ) ;
#4244 = ORIENTED_EDGE ( 'NONE', *, *, #519, .F. ) ;
#4245 = ADVANCED_FACE ( 'NONE', ( #997 ), #5658, .T. ) ;
#4246 = ADVANCED_FACE ( 'NONE', ( #2414 ), #1584, .T. ) ;
#4247 = ORIENTED_EDGE ( 'NONE', *, *, #4915, .T. ) ;
#4248 = CARTESIAN_POINT ( 'NONE',  ( 25.62500000000000711, -10.47000000000001840, -12.00000000000000000 ) ) ;
#4249 = DIRECTION ( 'NONE',  ( 0.000000000000000000, 1.000000000000000000, 0.000000000000000000 ) ) ;
#4250 = DIRECTION ( 'NONE',  ( -3.469446951953605117E-15, 0.000000000000000000, 1.000000000000000000 ) ) ;
#4251 = DIRECTION ( 'NONE',  ( 0.000000000000000000, -1.000000000000000000, 0.000000000000000000 ) ) ;
#4252 = EDGE_CURVE ( 'NONE', #4669, #5698, #1072, .T. ) ;
#4253 = EDGE_LOOP ( 'NONE', ( #4564, #3834, #3902, #3701 ) ) ;
#4254 = EDGE_LOOP ( 'NONE', ( #5816, #4436, #3326, #3747 ) ) ;
#4255 = CARTESIAN_POINT ( 'NONE',  ( -8.485281374238569541, 4.499999999999955591, 7.000000000000000000 ) ) ;
#4256 = FACE_OUTER_BOUND ( 'NONE', #4341, .T. ) ;
#4257 = CARTESIAN_POINT ( 'NONE',  ( 30.73768568794501377, -18.46999999999998820, -20.00000000000000000 ) ) ;
#4258 = ORIENTED_EDGE ( 'NONE', *, *, #617, .T. ) ;
#4259 = AXIS2_PLACEMENT_3D ( 'NONE', #3223, #5377, #2658 ) ;
#4260 = EDGE_CURVE ( 'NONE', #3832, #2766, #1395, .T. ) ;
#4261 = EDGE_LOOP ( 'NONE', ( #4761, #1376, #3848, #1559 ) ) ;
#4262 = CARTESIAN_POINT ( 'NONE',  ( -18.00000000000000000, 0.1000000000000014627, 17.80000000000000426 ) ) ;
#4263 = DIRECTION ( 'NONE',  ( 0.000000000000000000, -1.000000000000000000, 0.000000000000000000 ) ) ;
#4264 = CARTESIAN_POINT ( 'NONE',  ( -30.62500000000001421, -20.96999999999998465, -20.00000000000000000 ) ) ;
#4265 = LINE ( 'NONE', #642, #1716 ) ;
#4266 = EDGE_LOOP ( 'NONE', ( #1274, #678, #2306 ) ) ;
#4267 = CARTESIAN_POINT ( 'NONE',  ( -10.50000000000000000, 0.1000000000000013239, 16.54999999999999716 ) ) ;
#4268 = DIRECTION ( 'NONE',  ( 0.000000000000000000, 0.000000000000000000, 1.000000000000000000 ) ) ;
#4269 = DIRECTION ( 'NONE',  ( -6.938893903907228378E-16, -1.000000000000000000, 0.000000000000000000 ) ) ;
#4270 = ORIENTED_EDGE ( 'NONE', *, *, #4095, .T. ) ;
#4271 = EDGE_CURVE ( 'NONE', #620, #2012, #2383, .T. ) ;
#4272 = ORIENTED_EDGE ( 'NONE', *, *, #701, .T. ) ;
#4273 = ORIENTED_EDGE ( 'NONE', *, *, #2542, .F. ) ;
#4274 = DIRECTION ( 'NONE',  ( 1.000000000000000000, -6.938893903907232322E-16, -0.000000000000000000 ) ) ;
#4275 = DIRECTION ( 'NONE',  ( 1.000000000000000000, 6.938893903907230350E-16, 9.860761315262647568E-32 ) ) ;
#4276 = COORDINATED_UNIVERSAL_TIME_OFFSET ( 8, 0, .AHEAD. ) ;
#4277 = FACE_OUTER_BOUND ( 'NONE', #366, .T. ) ;
#4278 = EDGE_CURVE ( 'NONE', #17, #5821, #4788, .T. ) ;
#4279 = EDGE_CURVE ( 'NONE', #456, #4902, #2330, .T. ) ;
#4280 = AXIS2_PLACEMENT_3D ( 'NONE', #874, #5084, #2758 ) ;
#4281 = ORIENTED_EDGE ( 'NONE', *, *, #5467, .T. ) ;
#4282 = ORIENTED_EDGE ( 'NONE', *, *, #407, .F. ) ;
#4283 = CARTESIAN_POINT ( 'NONE',  ( 29.51130239515463316, -22.89883296407401403, 7.797665928147988090 ) ) ;
#4284 = DIRECTION ( 'NONE',  ( -1.000000000000000000, -6.938893903907232322E-16, -0.000000000000000000 ) ) ;
#4285 = VECTOR ( 'NONE', #615, 1000.000000000000000 ) ;
#4286 = EDGE_CURVE ( 'NONE', #2260, #4933, #4662, .T. ) ;
#4287 = CIRCLE ( 'NONE', #1621, 1.049999999999998934 ) ;
#4288 = CIRCLE ( 'NONE', #5062, 1.000000000000001554 ) ;
#4289 = DIRECTION ( 'NONE',  ( -7.501506923142953835E-16, 1.000000000000000000, -2.625527423100033990E-15 ) ) ;
#4290 = ORIENTED_EDGE ( 'NONE', *, *, #656, .F. ) ;
#4291 = AXIS2_PLACEMENT_3D ( 'NONE', #3063, #1649, #2065 ) ;
#4292 = VERTEX_POINT ( 'NONE', #2195 ) ;
#4293 = VECTOR ( 'NONE', #4545, 1000.000000000000000 ) ;
#4294 = ORIENTED_EDGE ( 'NONE', *, *, #1647, .F. ) ;
#4295 = FACE_OUTER_BOUND ( 'NONE', #1600, .T. ) ;
#4296 = DIRECTION ( 'NONE',  ( 1.000000000000000000, -6.938893903907231336E-16, 0.000000000000000000 ) ) ;
#4297 = CARTESIAN_POINT ( 'NONE',  ( 22.62500000000000000, 2.030000000000006910, -14.00000000000000000 ) ) ;
#4298 = CIRCLE ( 'NONE', #2307, 2.149999999999997691 ) ;
#4299 = DIRECTION ( 'NONE',  ( 0.000000000000000000, 0.000000000000000000, -1.000000000000000000 ) ) ;
#4300 = AXIS2_PLACEMENT_3D ( 'NONE', #504, #4539, #417 ) ;
#4301 = VECTOR ( 'NONE', #2595, 1000.000000000000000 ) ;
#4302 = ORIENTED_EDGE ( 'NONE', *, *, #1271, .T. ) ;
#4303 = CIRCLE ( 'NONE', #963, 10.14999999999999858 ) ;
#4304 = AXIS2_PLACEMENT_3D ( 'NONE', #2592, #3862, #4416 ) ;
#4305 = LINE ( 'NONE', #2035, #2588 ) ;
#4306 = CARTESIAN_POINT ( 'NONE',  ( -30.22433366422756151, -22.61454673025929551, 7.229093460518648762 ) ) ;
#4307 = EDGE_CURVE ( 'NONE', #2443, #5544, #257, .T. ) ;
#4308 = CARTESIAN_POINT ( 'NONE',  ( -22.62500000000000000, 1.649565217391315342, -23.06041483158718108 ) ) ;
#4309 = VECTOR ( 'NONE', #3007, 1000.000000000000000 ) ;
#4310 = EDGE_LOOP ( 'NONE', ( #4636, #693 ) ) ;
#4311 = CARTESIAN_POINT ( 'NONE',  ( 26.82500000000000995, -15.56999999999998963, -20.00000000000000000 ) ) ;
#4312 = ORIENTED_EDGE ( 'NONE', *, *, #3286, .T. ) ;
#4313 = ORIENTED_EDGE ( 'NONE', *, *, #2466, .F. ) ;
#4314 = CARTESIAN_POINT ( 'NONE',  ( 2.770986115154308926, -0.5921749692737681148, 13.60947258383593095 ) ) ;
#4315 = DIRECTION ( 'NONE',  ( 0.000000000000000000, -1.000000000000000000, 0.000000000000000000 ) ) ;
#4316 = PERSON_AND_ORGANIZATION ( #217, #3038 ) ;
#4317 = FACE_OUTER_BOUND ( 'NONE', #3182, .T. ) ;
#4318 = FACE_OUTER_BOUND ( 'NONE', #1201, .T. ) ;
#4319 = ORIENTED_EDGE ( 'NONE', *, *, #2507, .F. ) ;
#4320 = AXIS2_PLACEMENT_3D ( 'NONE', #5612, #3706, #2425 ) ;
#4321 = EDGE_LOOP ( 'NONE', ( #3843, #5653, #4375, #1108 ) ) ;
#4322 = CARTESIAN_POINT ( 'NONE',  ( -22.62500000000000000, 0.7172701352723755974, -7.394428844850268412 ) ) ;
#4323 = CYLINDRICAL_SURFACE ( 'NONE', #1209, 10.14999999999999858 ) ;
#4324 = CARTESIAN_POINT ( 'NONE',  ( 28.62500000000000000, 2.030000000000011351, -20.00000000000000000 ) ) ;
#4325 = ORIENTED_EDGE ( 'NONE', *, *, #816, .T. ) ;
#4326 = VECTOR ( 'NONE', #3225, 1000.000000000000000 ) ;
#4327 = EDGE_CURVE ( 'NONE', #2552, #564, #1915, .T. ) ;
#4328 = EDGE_CURVE ( 'NONE', #4382, #4623, #2048, .T. ) ;
#4329 = ORIENTED_EDGE ( 'NONE', *, *, #1639, .F. ) ;
#4330 = VERTEX_POINT ( 'NONE', #1745 ) ;
#4331 = CARTESIAN_POINT ( 'NONE',  ( -8.457203557238003100, 4.770642698249488944, 8.010068326526170068 ) ) ;
#4332 = CARTESIAN_POINT ( 'NONE',  ( -12.23805812397114856, -2.433796624112513380E-15, 7.000000000000000000 ) ) ;
#4333 = CARTESIAN_POINT ( 'NONE',  ( 4.000000000000010658, -26.20000000000000284, 15.00000000000001421 ) ) ;
#4334 = LINE ( 'NONE', #5774, #4670 ) ;
#4335 = EDGE_CURVE ( 'NONE', #1298, #5552, #5621, .T. ) ;
#4336 = VERTEX_POINT ( 'NONE', #1613 ) ;
#4337 = PRODUCT_DEFINITION_SHAPE ( 'NONE', 'NONE',  #3670 ) ;
#4338 = CYLINDRICAL_SURFACE ( 'NONE', #4291, 5.000000000000000888 ) ;
#4339 = DIRECTION ( 'NONE',  ( 1.000000000000000000, 6.938893903907228378E-16, 0.000000000000000000 ) ) ;
#4340 = DIRECTION ( 'NONE',  ( 0.000000000000000000, 0.000000000000000000, -1.000000000000000000 ) ) ;
#4341 = EDGE_LOOP ( 'NONE', ( #2720, #525, #1422, #5442 ) ) ;
#4342 = CARTESIAN_POINT ( 'NONE',  ( -30.62500000000001776, -23.99999999999998579, 0.000000000000000000 ) ) ;
#4343 = VERTEX_POINT ( 'NONE', #2137 ) ;
#4344 = ORIENTED_EDGE ( 'NONE', *, *, #1728, .F. ) ;
#4345 = DIRECTION ( 'NONE',  ( 0.000000000000000000, 1.000000000000000000, -7.395570986446992244E-32 ) ) ;
#4346 = FACE_BOUND ( 'NONE', #4557, .T. ) ;
#4347 = CIRCLE ( 'NONE', #3493, 1.000000000000000000 ) ;
#4348 = CYLINDRICAL_SURFACE ( 'NONE', #491, 1.049999999999998490 ) ;
#4349 = DIRECTION ( 'NONE',  ( -0.3420201433256723211, 0.9396926207859072067, -0.000000000000000000 ) ) ;
#4350 = VECTOR ( 'NONE', #4574, 1000.000000000000000 ) ;
#4351 = ORIENTED_EDGE ( 'NONE', *, *, #2436, .T. ) ;
#4352 = DIRECTION ( 'NONE',  ( -1.000000000000000000, -3.066914432666178839E-16, 0.000000000000000000 ) ) ;
#4353 = CARTESIAN_POINT ( 'NONE',  ( 28.62500000000001776, -22.96999999999998820, -14.00000000000000000 ) ) ;
#4354 = CARTESIAN_POINT ( 'NONE',  ( -28.62500000000000711, -8.259238285901476573, -11.80150231423954565 ) ) ;
#4355 = CARTESIAN_POINT ( 'NONE',  ( -4.999999999999989342, -26.20000000000000284, 14.99999999999994849 ) ) ;
#4356 = ORIENTED_EDGE ( 'NONE', *, *, #933, .F. ) ;
#4357 = VERTEX_POINT ( 'NONE', #1652 ) ;
#4358 = VERTEX_POINT ( 'NONE', #379 ) ;
#4359 = FACE_OUTER_BOUND ( 'NONE', #1859, .T. ) ;
#4360 = CARTESIAN_POINT ( 'NONE',  ( 23.82500000000000284, -5.369999999999992113, -20.00000000000000000 ) ) ;
#4361 = PLANE ( 'NONE',  #9 ) ;
#4362 = CIRCLE ( 'NONE', #5801, 1.000000000000002665 ) ;
#4363 = CARTESIAN_POINT ( 'NONE',  ( 22.62500000000000000, -0.3199999999999904032, -20.00000000000000000 ) ) ;
#4364 = EDGE_CURVE ( 'NONE', #5168, #4727, #1237, .T. ) ;
#4365 = ADVANCED_FACE ( 'NONE', ( #5364, #1266, #3484, #5714, #3576, #2102 ), #5750, .F. ) ;
#4366 = DIRECTION ( 'NONE',  ( -1.000000000000000000, -6.938893903907232322E-16, -0.000000000000000000 ) ) ;
#4367 = ORIENTED_EDGE ( 'NONE', *, *, #2760, .T. ) ;
#4368 = CARTESIAN_POINT ( 'NONE',  ( 7.647711397214619566, -23.78991647864988934, 7.623198623244556771 ) ) ;
#4369 = CARTESIAN_POINT ( 'NONE',  ( -29.51130239515484277, -22.89883296407390745, 7.797665928147901937 ) ) ;
#4370 = CARTESIAN_POINT ( 'NONE',  ( -7.999999999999998224, 0.1000000000000011297, 15.00000000000000178 ) ) ;
#4371 = EDGE_LOOP ( 'NONE', ( #2276, #2026, #5038, #211 ) ) ;
#4372 = EDGE_CURVE ( 'NONE', #3385, #1585, #3333, .T. ) ;
#4373 = CARTESIAN_POINT ( 'NONE',  ( -7.190156250685666883, -23.90744562519882521, 7.434611325858019981 ) ) ;
#4374 = VERTEX_POINT ( 'NONE', #4467 ) ;
#4375 = ORIENTED_EDGE ( 'NONE', *, *, #5003, .F. ) ;
#4376 = FACE_OUTER_BOUND ( 'NONE', #3874, .T. ) ;
#4377 = CYLINDRICAL_SURFACE ( 'NONE', #5443, 1.000000000000000000 ) ;
#4378 = PERSON_AND_ORGANIZATION_ROLE ( 'design_owner' ) ;
#4379 = CARTESIAN_POINT ( 'NONE',  ( -22.62500000000000711, -10.46999999999999353, -20.00000000000000000 ) ) ;
#4380 = EDGE_CURVE ( 'NONE', #651, #5149, #1294, .T. ) ;
#4381 = LINE ( 'NONE', #1772, #2693 ) ;
#4382 = VERTEX_POINT ( 'NONE', #1230 ) ;
#4383 = CARTESIAN_POINT ( 'NONE',  ( 22.62499999999927525, 1042.681666666833962, 0.000000000000000000 ) ) ;
#4384 = FACE_BOUND ( 'NONE', #5134, .T. ) ;
#4385 = FACE_BOUND ( 'NONE', #798, .T. ) ;
#4386 = UNCERTAINTY_MEASURE_WITH_UNIT (LENGTH_MEASURE( 1.000000000000000082E-05 ), #2411, 'distance_accuracy_value', 'NONE');
#4387 = CARTESIAN_POINT ( 'NONE',  ( 3.059764192319589515, 1.568280634066394397, 14.49319091890936306 ) ) ;
#4388 = EDGE_LOOP ( 'NONE', ( #1537, #5292, #551, #1934 ) ) ;
#4389 = VECTOR ( 'NONE', #1434, 1000.000000000000000 ) ;
#4390 = VERTEX_POINT ( 'NONE', #3985 ) ;
#4391 = ORIENTED_EDGE ( 'NONE', *, *, #5354, .T. ) ;
#4392 = AXIS2_PLACEMENT_3D ( 'NONE', #69, #1978, #153 ) ;
#4393 = DIRECTION ( 'NONE',  ( -1.000000000000000000, 6.938893903907233308E-16, -0.000000000000000000 ) ) ;
#4394 = AXIS2_PLACEMENT_3D ( 'NONE', #4898, #3994, #2568 ) ;
#4395 = CARTESIAN_POINT ( 'NONE',  ( -7.976197503822012536, 5.380490724258546464, 8.185197985380371577 ) ) ;
#4396 = CC_DESIGN_PERSON_AND_ORGANIZATION_ASSIGNMENT ( #1236, #1205, ( #3786 ) ) ;
#4397 = CARTESIAN_POINT ( 'NONE',  ( -30.62500000000002842, -41.46999999999992070, -14.00000000000000178 ) ) ;
#4398 = DIRECTION ( 'NONE',  ( 0.000000000000000000, -1.000000000000000000, 0.000000000000000000 ) ) ;
#4399 = DIRECTION ( 'NONE',  ( 1.000000000000000000, -6.938893903907232322E-16, -0.000000000000000000 ) ) ;
#4400 = AXIS2_PLACEMENT_3D ( 'NONE', #3004, #5806, #3918 ) ;
#4401 = VECTOR ( 'NONE', #5904, 1000.000000000000000 ) ;
#4402 = AXIS2_PLACEMENT_3D ( 'NONE', #3119, #589, #2608 ) ;
#4403 = EDGE_LOOP ( 'NONE', ( #2417, #4831, #5874, #5328 ) ) ;
#4404 = EDGE_CURVE ( 'NONE', #2095, #3183, #5437, .T. ) ;
#4405 = CARTESIAN_POINT ( 'NONE',  ( -30.62500000000001421, -23.97000000000004150, -7.999999999999653610 ) ) ;
#4406 = CIRCLE ( 'NONE', #5839, 1.000000000000001554 ) ;
#4407 = LINE ( 'NONE', #1199, #385 ) ;
#4408 = CARTESIAN_POINT ( 'NONE',  ( -7.873851665451042869, -23.71023364660045019, 7.721012131197557693 ) ) ;
#4409 = CIRCLE ( 'NONE', #1445, 7.500000000000000888 ) ;
#4410 = VECTOR ( 'NONE', #5487, 1000.000000000000000 ) ;
#4411 = ADVANCED_FACE ( 'NONE', ( #3541 ), #58, .T. ) ;
#4412 = EDGE_CURVE ( 'NONE', #2709, #620, #4884, .T. ) ;
#4413 = EDGE_LOOP ( 'NONE', ( #4558, #3308, #3621, #1583, #2184 ) ) ;
#4414 = ORIENTED_EDGE ( 'NONE', *, *, #4846, .T. ) ;
#4415 = VECTOR ( 'NONE', #5331, 1000.000000000000000 ) ;
#4416 = DIRECTION ( 'NONE',  ( 0.000000000000000000, -1.000000000000000000, 0.000000000000000000 ) ) ;
#4417 = CARTESIAN_POINT ( 'NONE',  ( 29.51130239515482501, -1.202334071852084962, 6.898832964073958962 ) ) ;
#4418 = CARTESIAN_POINT ( 'NONE',  ( 0.000000000000000000, 0.000000000000000000, 0.000000000000000000 ) ) ;
#4419 = DIRECTION ( 'NONE',  ( 1.000000000000000000, -6.938893903907231336E-16, -1.972152263052529514E-31 ) ) ;
#4420 = EDGE_CURVE ( 'NONE', #1032, #2140, #2168, .T. ) ;
#4421 = ORIENTED_EDGE ( 'NONE', *, *, #5512, .F. ) ;
#4422 = LINE ( 'NONE', #1242, #955 ) ;
#4423 = DIRECTION ( 'NONE',  ( -6.938893903907233308E-16, -1.000000000000000000, 0.000000000000000000 ) ) ;
#4424 = DIRECTION ( 'NONE',  ( 1.000000000000000000, -6.938893903907229364E-16, -9.860761315262647568E-32 ) ) ;
#4425 = CARTESIAN_POINT ( 'NONE',  ( 8.485281374238565988, 4.500000000000003553, 8.000000000000000000 ) ) ;
#4426 = ORIENTED_EDGE ( 'NONE', *, *, #1085, .T. ) ;
#4427 = CIRCLE ( 'NONE', #979, 2.000000000000001776 ) ;
#4428 = ORIENTED_EDGE ( 'NONE', *, *, #1026, .T. ) ;
#4429 = EDGE_LOOP ( 'NONE', ( #4806, #4612 ) ) ;
#4430 = DIRECTION ( 'NONE',  ( -6.802837160693360652E-16, 1.000000000000000000, 0.000000000000000000 ) ) ;
#4431 = DIRECTION ( 'NONE',  ( 1.000000000000000000, 6.938893903907233308E-16, -0.000000000000000000 ) ) ;
#4432 = VECTOR ( 'NONE', #2772, 1000.000000000000000 ) ;
#4433 = VECTOR ( 'NONE', #3172, 1000.000000000000000 ) ;
#4434 = DIRECTION ( 'NONE',  ( 1.000000000000000000, 0.000000000000000000, 0.000000000000000000 ) ) ;
#4435 = LINE ( 'NONE', #3001, #4102 ) ;
#4436 = ORIENTED_EDGE ( 'NONE', *, *, #363, .T. ) ;
#4437 = CARTESIAN_POINT ( 'NONE',  ( -7.499999999999988454, -29.20000000000000284, 15.00000000000000000 ) ) ;
#4438 = CARTESIAN_POINT ( 'NONE',  ( -29.26943133430551214, -23.89785220189727255, 6.948926100948615847 ) ) ;
#4439 = PLANE ( 'NONE',  #4890 ) ;
#4440 = DIRECTION ( 'NONE',  ( 1.000000000000000000, -6.938893903907232322E-16, -0.000000000000000000 ) ) ;
#4441 = VERTEX_POINT ( 'NONE', #3187 ) ;
#4442 = ORIENTED_EDGE ( 'NONE', *, *, #5354, .F. ) ;
#4443 = AXIS2_PLACEMENT_3D ( 'NONE', #4461, #285, #2093 ) ;
#4444 = DIRECTION ( 'NONE',  ( 0.000000000000000000, 1.000000000000000000, 0.000000000000000000 ) ) ;
#4445 = CARTESIAN_POINT ( 'NONE',  ( 28.62500000000000355, -0.9999999999999887867, 7.000000000000000000 ) ) ;
#4446 = LINE ( 'NONE', #355, #5842 ) ;
#4447 = EDGE_CURVE ( 'NONE', #5875, #2702, #648, .T. ) ;
#4448 = ADVANCED_FACE ( 'NONE', ( #3630, #432, #1409, #496, #5449, #5029 ), #4528, .T. ) ;
#4449 = EDGE_LOOP ( 'NONE', ( #1815, #1890, #364, #643 ) ) ;
#4450 = AXIS2_PLACEMENT_3D ( 'NONE', #405, #2256, #4067 ) ;
#4451 = CARTESIAN_POINT ( 'NONE',  ( 28.62500000000000711, -8.259238285901476573, -11.80150231423953500 ) ) ;
#4452 = FACE_BOUND ( 'NONE', #2063, .T. ) ;
#4453 = CARTESIAN_POINT ( 'NONE',  ( -8.485281374238569541, 4.499999999999955591, 7.000000000000000000 ) ) ;
#4454 = CARTESIAN_POINT ( 'NONE',  ( -2.499999999999999556, -12.89999999999999858, 13.16696972201766336 ) ) ;
#4455 = ORIENTED_EDGE ( 'NONE', *, *, #4529, .T. ) ;
#4456 = ADVANCED_FACE ( 'NONE', ( #4609 ), #40, .F. ) ;
#4457 = EDGE_LOOP ( 'NONE', ( #5656, #1179, #1712, #5663 ) ) ;
#4458 = ORIENTED_EDGE ( 'NONE', *, *, #1408, .F. ) ;
#4459 = DIRECTION ( 'NONE',  ( -1.000000000000000000, -2.931054078198949621E-16, 0.000000000000000000 ) ) ;
#4460 = FACE_OUTER_BOUND ( 'NONE', #1845, .T. ) ;
#4461 = CARTESIAN_POINT ( 'NONE',  ( 28.62499999999999645, -1.078031548962391506, -8.275843538728118176 ) ) ;
#4462 = ADVANCED_FACE ( 'NONE', ( #928 ), #3661, .F. ) ;
#4463 = EDGE_LOOP ( 'NONE', ( #2469, #5367 ) ) ;
#4464 = CARTESIAN_POINT ( 'NONE',  ( -17.95821980295970732, -0.9999999999999940048, 6.860966872759830281E-17 ) ) ;
#4465 = CYLINDRICAL_SURFACE ( 'NONE', #2416, 2.000000000000001776 ) ;
#4466 = LINE ( 'NONE', #3098, #3121 ) ;
#4467 = CARTESIAN_POINT ( 'NONE',  ( 22.62500000000000000, 1.649565217391315342, -23.06041483158718108 ) ) ;
#4468 = VECTOR ( 'NONE', #3799, 1000.000000000000000 ) ;
#4469 = ORIENTED_EDGE ( 'NONE', *, *, #5073, .T. ) ;
#4470 = ORIENTED_EDGE ( 'NONE', *, *, #1196, .T. ) ;
#4471 = LINE ( 'NONE', #297, #475 ) ;
#4472 = CARTESIAN_POINT ( 'NONE',  ( 29.84497956991503287, -2.204892369787482043, 7.590215260424984400 ) ) ;
#4473 = CARTESIAN_POINT ( 'NONE',  ( 25.62500000000000711, -16.12685424949240343, -14.34314575050765050 ) ) ;
#4474 = ORIENTED_EDGE ( 'NONE', *, *, #4585, .T. ) ;
#4475 = DIRECTION ( 'NONE',  ( 1.000000000000000000, 6.938893903907232322E-16, 0.000000000000000000 ) ) ;
#4476 = EDGE_CURVE ( 'NONE', #370, #207, #1770, .T. ) ;
#4477 = CARTESIAN_POINT ( 'NONE',  ( -10.70860994386546317, -1.142004891471461780, 17.51612269306342640 ) ) ;
#4478 = CARTESIAN_POINT ( 'NONE',  ( -4.999999999999989342, -26.20000000000000284, 14.99999999999994849 ) ) ;
#4479 = DIRECTION ( 'NONE',  ( -6.938893903907233308E-16, 1.000000000000000000, 0.000000000000000000 ) ) ;
#4480 = ORIENTED_EDGE ( 'NONE', *, *, #3145, .T. ) ;
#4481 = ORIENTED_EDGE ( 'NONE', *, *, #2765, .F. ) ;
#4482 = VERTEX_POINT ( 'NONE', #2344 ) ;
#4483 = EDGE_CURVE ( 'NONE', #5468, #1027, #2477, .T. ) ;
#4484 = DIRECTION ( 'NONE',  ( -6.938893903907228378E-16, -1.000000000000000000, 0.000000000000000000 ) ) ;
#4485 = CARTESIAN_POINT ( 'NONE',  ( -10.63766891757775568, 0.1000000000000011297, 12.20000000000000284 ) ) ;
#4486 = ORIENTED_EDGE ( 'NONE', *, *, #2807, .T. ) ;
#4487 = AXIS2_PLACEMENT_3D ( 'NONE', #2735, #2372, #4581 ) ;
#4488 = ORIENTED_EDGE ( 'NONE', *, *, #1751, .F. ) ;
#4489 = CIRCLE ( 'NONE', #2292, 11.00000000000000000 ) ;
#4490 = ADVANCED_FACE ( 'NONE', ( #4068, #2281 ), #3604, .T. ) ;
#4491 = CARTESIAN_POINT ( 'NONE',  ( -21.41460636561457065, -0.9130688420743687805, -1.721802058014179293 ) ) ;
#4492 = DIRECTION ( 'NONE',  ( 1.000000000000000000, 6.938893903907232322E-16, 1.479114197289397135E-31 ) ) ;
#4493 = CIRCLE ( 'NONE', #5249, 1.049999999999998934 ) ;
#4494 = FACE_OUTER_BOUND ( 'NONE', #3123, .T. ) ;
#4495 = AXIS2_PLACEMENT_3D ( 'NONE', #5081, #59, #1036 ) ;
#4496 = CARTESIAN_POINT ( 'NONE',  ( -8.177960995208039208, -23.52040841298356710, 7.857465839098453309 ) ) ;
#4497 = CIRCLE ( 'NONE', #5061, 12.49999999999999645 ) ;
#4498 = AXIS2_PLACEMENT_3D ( 'NONE', #3093, #3442, #5707 ) ;
#4499 = CARTESIAN_POINT ( 'NONE',  ( -10.79697018997147140, 1.952160150190633603, 12.89227778932070301 ) ) ;
#4500 = AXIS2_PLACEMENT_3D ( 'NONE', #5644, #2058, #3374 ) ;
#4501 = ADVANCED_FACE ( 'NONE', ( #5419 ), #4130, .F. ) ;
#4502 = ORIENTED_EDGE ( 'NONE', *, *, #4084, .T. ) ;
#4503 = VERTEX_POINT ( 'NONE', #5480 ) ;
#4504 = TOROIDAL_SURFACE ( 'NONE', #5542, 9.999999999999998224, 1.000000000000000000 ) ;
#4505 = AXIS2_PLACEMENT_3D ( 'NONE', #3369, #4230, #1090 ) ;
#4506 = CARTESIAN_POINT ( 'NONE',  ( -10.63766891757775745, 0.1000000000000014627, 17.80000000000000426 ) ) ;
#4507 = CARTESIAN_POINT ( 'NONE',  ( -30.59879281257687822, -2.602561357535120301, 6.397438642464956970 ) ) ;
#4508 = CARTESIAN_POINT ( 'NONE',  ( 23.82500000000000995, -15.07685424949240272, -14.34314575050765050 ) ) ;
#4509 = CIRCLE ( 'NONE', #871, 1.000000000000000666 ) ;
#4510 = TOROIDAL_SURFACE ( 'NONE', #177, 20.49999999999993605, 2.000000000000000000 ) ;
#4511 = EDGE_LOOP ( 'NONE', ( #3026, #421, #5916, #4312 ) ) ;
#4512 = PLANE ( 'NONE',  #5840 ) ;
#4513 = DIRECTION ( 'NONE',  ( 0.000000000000000000, -3.227392513445226657E-15, 1.000000000000000000 ) ) ;
#4514 = DIRECTION ( 'NONE',  ( 1.000000000000000000, -6.938893903907229364E-16, -9.860761315262647568E-32 ) ) ;
#4515 = ORIENTED_EDGE ( 'NONE', *, *, #2659, .T. ) ;
#4516 = VERTEX_POINT ( 'NONE', #1380 ) ;
#4517 = VERTEX_POINT ( 'NONE', #3270 ) ;
#4518 = CARTESIAN_POINT ( 'NONE',  ( 18.28723636122252927, -1.000095208788881473, -0.03297834827712321087 ) ) ;
#4519 = DIRECTION ( 'NONE',  ( 1.000000000000000000, -6.938893903907232322E-16, -0.000000000000000000 ) ) ;
#4520 = ORIENTED_EDGE ( 'NONE', *, *, #4476, .F. ) ;
#4521 = AXIS2_PLACEMENT_3D ( 'NONE', #4775, #2576, #4811 ) ;
#4522 = EDGE_CURVE ( 'NONE', #197, #3796, #4008, .T. ) ;
#4523 = ADVANCED_FACE ( 'NONE', ( #13 ), #5504, .T. ) ;
#4524 = VECTOR ( 'NONE', #4141, 1000.000000000000000 ) ;
#4525 = FACE_OUTER_BOUND ( 'NONE', #1454, .T. ) ;
#4526 = FACE_OUTER_BOUND ( 'NONE', #2064, .T. ) ;
#4527 = DIRECTION ( 'NONE',  ( 6.836348673800225775E-16, -1.000000000000000000, 0.000000000000000000 ) ) ;
#4528 = PLANE ( 'NONE',  #4280 ) ;
#4529 = EDGE_CURVE ( 'NONE', #339, #5520, #954, .T. ) ;
#4530 = AXIS2_PLACEMENT_3D ( 'NONE', #940, #3284, #4593 ) ;
#4531 = CARTESIAN_POINT ( 'NONE',  ( -10.70893748376917110, 1.344762584190629440, 12.48527022316464752 ) ) ;
#4532 = ORIENTED_EDGE ( 'NONE', *, *, #1078, .T. ) ;
#4533 = VERTEX_POINT ( 'NONE', #985 ) ;
#4534 = DIRECTION ( 'NONE',  ( -1.000000000000000000, -6.938893903907233308E-16, 0.000000000000000000 ) ) ;
#4535 = CARTESIAN_POINT ( 'NONE',  ( -29.51130239515470777, -2.101167035926049476, 7.797665928147952563 ) ) ;
#4536 = LINE ( 'NONE', #4160, #4686 ) ;
#4537 = ADVANCED_FACE ( 'NONE', ( #2821, #4634 ), #2229, .T. ) ;
#4538 = ORIENTED_EDGE ( 'NONE', *, *, #3343, .T. ) ;
#4539 = DIRECTION ( 'NONE',  ( 1.000000000000000000, 6.938893903907232322E-16, 0.000000000000000000 ) ) ;
#4540 = DIRECTION ( 'NONE',  ( 0.000000000000000000, -0.000000000000000000, 1.000000000000000000 ) ) ;
#4541 = PLANE ( 'NONE',  #4530 ) ;
#4542 = LINE ( 'NONE', #4083, #5031 ) ;
#4543 = EDGE_LOOP ( 'NONE', ( #2954, #3287, #844, #327 ) ) ;
#4544 = ORIENTED_EDGE ( 'NONE', *, *, #3170, .F. ) ;
#4545 = DIRECTION ( 'NONE',  ( -1.000000000000000000, 6.938893903907230350E-16, 1.972152263052529514E-31 ) ) ;
#4546 = CARTESIAN_POINT ( 'NONE',  ( 23.82500000000000639, -9.420000000000021245, -12.00000000000000000 ) ) ;
#4547 = EDGE_LOOP ( 'NONE', ( #3501, #4060, #468, #1216 ) ) ;
#4548 = ORIENTED_EDGE ( 'NONE', *, *, #4157, .T. ) ;
#4549 = EDGE_CURVE ( 'NONE', #5520, #3732, #4489, .T. ) ;
#4550 = CARTESIAN_POINT ( 'NONE',  ( -19.86017661737002626, -0.9925729244684385888, -0.5152280682517321742 ) ) ;
#4551 = DIRECTION ( 'NONE',  ( -6.608470384673552010E-16, 1.000000000000000000, 0.000000000000000000 ) ) ;
#4552 = ADVANCED_FACE ( 'NONE', ( #124 ), #1973, .T. ) ;
#4553 = CARTESIAN_POINT ( 'NONE',  ( 4.592425496802564111E-16, 4.500000000000003553, 15.00000000000000000 ) ) ;
#4554 = DIRECTION ( 'NONE',  ( 0.000000000000000000, 0.000000000000000000, 1.000000000000000000 ) ) ;
#4555 = DIRECTION ( 'NONE',  ( -1.000000000000000000, -3.061616997868382648E-16, 0.000000000000000000 ) ) ;
#4556 = AXIS2_PLACEMENT_3D ( 'NONE', #2244, #3199, #1308 ) ;
#4557 = EDGE_LOOP ( 'NONE', ( #4978, #86 ) ) ;
#4558 = ORIENTED_EDGE ( 'NONE', *, *, #2937, .T. ) ;
#4559 = CARTESIAN_POINT ( 'NONE',  ( -11.00000000000000355, 2.900000000000004352, 15.18468424148655771 ) ) ;
#4560 = CARTESIAN_POINT ( 'NONE',  ( -19.84308145638173926, -23.99988675837661845, -0.5071129440300562452 ) ) ;
#4561 = EDGE_CURVE ( 'NONE', #3936, #484, #1946, .T. ) ;
#4562 = CARTESIAN_POINT ( 'NONE',  ( 25.62500000000000711, -18.46999999999999176, -20.00000000000000000 ) ) ;
#4563 = AXIS2_PLACEMENT_3D ( 'NONE', #4567, #3171, #3643 ) ;
#4564 = ORIENTED_EDGE ( 'NONE', *, *, #5569, .F. ) ;
#4565 = LINE ( 'NONE', #1838, #4410 ) ;
#4566 = EDGE_CURVE ( 'NONE', #5595, #255, #2580, .T. ) ;
#4567 = CARTESIAN_POINT ( 'NONE',  ( -18.00000000000000000, 0.1000000000000011297, 15.00000000000000355 ) ) ;
#4568 = DIRECTION ( 'NONE',  ( -1.000000000000000000, -6.938893903907229364E-16, -9.860761315262647568E-32 ) ) ;
#4569 = CARTESIAN_POINT ( 'NONE',  ( 22.62499999999998934, 15.77854679802961257, 0.000000000000000000 ) ) ;
#4570 = PLANE ( 'NONE',  #3512 ) ;
#4571 = EDGE_LOOP ( 'NONE', ( #4956, #3664 ) ) ;
#4572 = ORIENTED_EDGE ( 'NONE', *, *, #3654, .F. ) ;
#4573 = CARTESIAN_POINT ( 'NONE',  ( 21.41727696599598474, -0.9127548343501066253, -1.724880121339435579 ) ) ;
#4574 = DIRECTION ( 'NONE',  ( 0.000000000000000000, 0.000000000000000000, -1.000000000000000000 ) ) ;
#4575 = EDGE_LOOP ( 'NONE', ( #1806, #5074, #5290, #2271 ) ) ;
#4576 = DIRECTION ( 'NONE',  ( 1.000000000000000000, 0.000000000000000000, 0.000000000000000000 ) ) ;
#4577 = CARTESIAN_POINT ( 'NONE',  ( -25.62500000000000000, -2.469999999999991314, -20.00000000000000000 ) ) ;
#4578 = LINE ( 'NONE', #5001, #5403 ) ;
#4579 = DIRECTION ( 'NONE',  ( 0.000000000000000000, -1.000000000000000000, 0.000000000000000000 ) ) ;
#4580 = AXIS2_PLACEMENT_3D ( 'NONE', #2031, #5675, #1071 ) ;
#4581 = DIRECTION ( 'NONE',  ( 6.203362532614059057E-16, -1.000000000000000000, 0.000000000000000000 ) ) ;
#4582 = ORIENTED_EDGE ( 'NONE', *, *, #2191, .T. ) ;
#4583 = DIRECTION ( 'NONE',  ( 6.802837160693360652E-16, -1.000000000000000000, 0.000000000000000000 ) ) ;
#4584 = CARTESIAN_POINT ( 'NONE',  ( -10.50000000000000000, 0.1000000000000011297, 15.00000000000000000 ) ) ;
#4585 = EDGE_CURVE ( 'NONE', #4517, #339, #1996, .T. ) ;
#4586 = AXIS2_PLACEMENT_3D ( 'NONE', #1608, #5710, #2484 ) ;
#4587 = EDGE_CURVE ( 'NONE', #538, #5468, #3062, .T. ) ;
#4588 = VECTOR ( 'NONE', #1938, 1000.000000000000000 ) ;
#4589 = ORIENTED_EDGE ( 'NONE', *, *, #1773, .T. ) ;
#4590 = CARTESIAN_POINT ( 'NONE',  ( 11.00000000000000888, -22.99999999999998934, 15.00000000000000178 ) ) ;
#4591 = CARTESIAN_POINT ( 'NONE',  ( -23.82500000000000284, -5.369999999999993889, -29.74884608556315158 ) ) ;
#4592 = DIRECTION ( 'NONE',  ( 1.000000000000000000, -6.938893903907232322E-16, -0.000000000000000000 ) ) ;
#4593 = DIRECTION ( 'NONE',  ( -3.491481338843133355E-15, -1.331202777560457422E-30, 1.000000000000000000 ) ) ;
#4594 = CIRCLE ( 'NONE', #4976, 2.149999999999999023 ) ;
#4595 = DIRECTION ( 'NONE',  ( 0.000000000000000000, -0.7071067811865511255, 0.7071067811865437980 ) ) ;
#4596 = EDGE_CURVE ( 'NONE', #2709, #1092, #583, .T. ) ;
#4597 = VERTEX_POINT ( 'NONE', #150 ) ;
#4598 = AXIS2_PLACEMENT_3D ( 'NONE', #1758, #2212, #4900 ) ;
#4599 = CIRCLE ( 'NONE', #4886, 1.049999999999998934 ) ;
#4600 = ORIENTED_EDGE ( 'NONE', *, *, #2814, .F. ) ;
#4601 = CARTESIAN_POINT ( 'NONE',  ( 23.82499999999999929, -0.3199999999999917355, -22.81558164506020958 ) ) ;
#4602 = CIRCLE ( 'NONE', #3360, 12.49999999999999822 ) ;
#4603 = LINE ( 'NONE', #5522, #206 ) ;
#4604 = EDGE_LOOP ( 'NONE', ( #193, #5708, #1094, #3008 ) ) ;
#4605 = VERTEX_POINT ( 'NONE', #546 ) ;
#4606 = CARTESIAN_POINT ( 'NONE',  ( 22.62500000000001421, -22.58956521739129641, -23.06041483158719885 ) ) ;
#4607 = DIRECTION ( 'NONE',  ( 0.000000000000000000, -3.227392513445226657E-15, 1.000000000000000000 ) ) ;
#4608 = DIRECTION ( 'NONE',  ( 1.000000000000000000, 6.938893903907232322E-16, 0.000000000000000000 ) ) ;
#4609 = FACE_OUTER_BOUND ( 'NONE', #167, .T. ) ;
#4610 = CARTESIAN_POINT ( 'NONE',  ( -21.60321530921961397, -23.99824557267641012, -1.953618470252609374 ) ) ;
#4611 = CIRCLE ( 'NONE', #3943, 12.49999999999999645 ) ;
#4612 = ORIENTED_EDGE ( 'NONE', *, *, #1535, .T. ) ;
#4613 = DIRECTION ( 'NONE',  ( 0.000000000000000000, 1.000000000000000000, 0.000000000000000000 ) ) ;
#4614 = CARTESIAN_POINT ( 'NONE',  ( -17.62500000000001421, -24.00000000000000711, 0.000000000000000000 ) ) ;
#4615 = DIRECTION ( 'NONE',  ( -1.000000000000000000, -3.066914432666178839E-16, 0.000000000000000000 ) ) ;
#4616 = AXIS2_PLACEMENT_3D ( 'NONE', #4620, #1394, #5548 ) ;
#4617 = ORIENTED_EDGE ( 'NONE', *, *, #2096, .F. ) ;
#4618 = AXIS2_PLACEMENT_3D ( 'NONE', #3467, #667, #4803 ) ;
#4619 = LINE ( 'NONE', #2856, #3409 ) ;
#4620 = CARTESIAN_POINT ( 'NONE',  ( 30.62499999999998934, 15.77854679802961968, 0.000000000000000000 ) ) ;
#4621 = ADVANCED_FACE ( 'NONE', ( #612 ), #5346, .T. ) ;
#4622 = CARTESIAN_POINT ( 'NONE',  ( 25.62500000000000711, -16.12685424949240343, -14.34314575050765050 ) ) ;
#4623 = VERTEX_POINT ( 'NONE', #5140 ) ;
#4624 = ORIENTED_EDGE ( 'NONE', *, *, #41, .F. ) ;
#4625 = DIRECTION ( 'NONE',  ( -1.000000000000000000, -6.938893903907230350E-16, -1.972152263052529514E-31 ) ) ;
#4626 = CARTESIAN_POINT ( 'NONE',  ( 23.82500000000001350, -20.61999999999999389, -20.00000000000000000 ) ) ;
#4627 = VERTEX_POINT ( 'NONE', #1039 ) ;
#4628 = VERTEX_POINT ( 'NONE', #2427 ) ;
#4629 = AXIS2_PLACEMENT_3D ( 'NONE', #4553, #2280, #12 ) ;
#4630 = PLANE ( 'NONE',  #5537 ) ;
#4631 = CARTESIAN_POINT ( 'NONE',  ( 25.62500000000000711, -10.47000000000001663, -12.00000000000000000 ) ) ;
#4632 = ADVANCED_FACE ( 'NONE', ( #2876 ), #3157, .T. ) ;
#4633 = FACE_OUTER_BOUND ( 'NONE', #3593, .T. ) ;
#4634 = FACE_OUTER_BOUND ( 'NONE', #2196, .T. ) ;
#4635 = CARTESIAN_POINT ( 'NONE',  ( -30.62500000000000000, 0.03000000000001265543, -14.00000000000000000 ) ) ;
#4636 = ORIENTED_EDGE ( 'NONE', *, *, #1852, .F. ) ;
#4637 = DIRECTION ( 'NONE',  ( -3.469446951953612217E-16, 1.000000000000000000, -0.000000000000000000 ) ) ;
#4638 = CARTESIAN_POINT ( 'NONE',  ( 1.000000000000011990, -29.19999999999999929, 9.999999999999998224 ) ) ;
#4639 = LINE ( 'NONE', #2851, #5847 ) ;
#4640 = VERTEX_POINT ( 'NONE', #4659 ) ;
#4641 = DIRECTION ( 'NONE',  ( 1.000000000000000000, 0.000000000000000000, 0.000000000000000000 ) ) ;
#4642 = DIRECTION ( 'NONE',  ( -1.000000000000000000, -6.938893903907232322E-16, -1.972152263052529514E-31 ) ) ;
#4643 = DIRECTION ( 'NONE',  ( -3.061616997868382648E-16, 1.000000000000000000, 0.000000000000000000 ) ) ;
#4644 = DIRECTION ( 'NONE',  ( 4.012354050806743404E-31, -5.782411586589356653E-16, 1.000000000000000000 ) ) ;
#4645 = DIRECTION ( 'NONE',  ( -1.000000000000000000, -6.938893903907233308E-16, 0.000000000000000000 ) ) ;
#4646 = AXIS2_PLACEMENT_3D ( 'NONE', #1931, #5547, #3751 ) ;
#4647 = EDGE_CURVE ( 'NONE', #1232, #197, #2929, .T. ) ;
#4648 = ORIENTED_EDGE ( 'NONE', *, *, #738, .T. ) ;
#4649 = CARTESIAN_POINT ( 'NONE',  ( -28.62500000000001776, -23.99999999999998579, 0.000000000000000000 ) ) ;
#4650 = FACE_OUTER_BOUND ( 'NONE', #3580, .T. ) ;
#4651 = CARTESIAN_POINT ( 'NONE',  ( -22.62500000000000000, -0.3199999999999925127, -22.81558164506020958 ) ) ;
#4652 = ORIENTED_EDGE ( 'NONE', *, *, #995, .T. ) ;
#4653 = ADVANCED_FACE ( 'NONE', ( #3296 ), #3790, .F. ) ;
#4654 = EDGE_CURVE ( 'NONE', #1480, #2170, #4265, .T. ) ;
#4655 = VERTEX_POINT ( 'NONE', #3352 ) ;
#4656 = DIRECTION ( 'NONE',  ( 0.000000000000000000, -0.7071067811865511255, 0.7071067811865437980 ) ) ;
#4657 = DIRECTION ( 'NONE',  ( 0.000000000000000000, -1.000000000000000000, 0.000000000000000000 ) ) ;
#4658 = DIRECTION ( 'NONE',  ( 0.000000000000000000, 1.000000000000000000, 0.000000000000000000 ) ) ;
#4659 = CARTESIAN_POINT ( 'NONE',  ( -23.82500000000000995, -15.56999999999999140, -29.74884608556315158 ) ) ;
#4660 = EDGE_CURVE ( 'NONE', #4382, #2867, #5532, .T. ) ;
#4661 = DIRECTION ( 'NONE',  ( -0.8660254037844358210, 0.5000000000000051070, 0.000000000000000000 ) ) ;
#4662 = CIRCLE ( 'NONE', #3427, 2.000000000000001776 ) ;
#4663 = LINE ( 'NONE', #1977, #2393 ) ;
#4664 = CARTESIAN_POINT ( 'NONE',  ( 21.59685544795042489, -23.99826145037380698, -1.945117716974222200 ) ) ;
#4665 = DIRECTION ( 'NONE',  ( 1.000000000000000000, -6.938893903907232322E-16, -0.000000000000000000 ) ) ;
#4666 = ORIENTED_EDGE ( 'NONE', *, *, #5458, .T. ) ;
#4667 = AXIS2_PLACEMENT_3D ( 'NONE', #3213, #2315, #462 ) ;
#4668 = AXIS2_PLACEMENT_3D ( 'NONE', #4096, #3297, #5929 ) ;
#4669 = VERTEX_POINT ( 'NONE', #3853 ) ;
#4670 = VECTOR ( 'NONE', #1223, 1000.000000000000000 ) ;
#4671 = CARTESIAN_POINT ( 'NONE',  ( 3.074811124707207188, -1.399092018831053164, 14.59278954501581005 ) ) ;
#4672 = DIRECTION ( 'NONE',  ( 0.000000000000000000, 1.000000000000000000, 0.000000000000000000 ) ) ;
#4673 = LINE ( 'NONE', #2412, #3667 ) ;
#4674 = AXIS2_PLACEMENT_3D ( 'NONE', #2426, #5139, #5560 ) ;
#4675 = DIRECTION ( 'NONE',  ( 1.000000000000000000, 6.938893903907231336E-16, 1.972152263052529514E-31 ) ) ;
#4676 = AXIS2_PLACEMENT_3D ( 'NONE', #3572, #3627, #5389 ) ;
#4677 = CIRCLE ( 'NONE', #5450, 5.100000000000000533 ) ;
#4678 = ORIENTED_EDGE ( 'NONE', *, *, #5810, .T. ) ;
#4679 = EDGE_LOOP ( 'NONE', ( #4773, #4058, #978, #4502 ) ) ;
#4680 = CARTESIAN_POINT ( 'NONE',  ( 28.62500000000001776, -22.99999999999999289, 8.000000000000000000 ) ) ;
#4681 = FACE_OUTER_BOUND ( 'NONE', #5011, .T. ) ;
#4682 = CARTESIAN_POINT ( 'NONE',  ( -29.63080428090005469, -23.70397572104690909, -7.954786760017359626 ) ) ;
#4683 = ORIENTED_EDGE ( 'NONE', *, *, #104, .T. ) ;
#4684 =( BOUNDED_SURFACE ( )  B_SPLINE_SURFACE ( 3, 2, ( 
 ( #3919, #3064, #2098 ),
 ( #4818, #806, #252 ),
 ( #3954, #1708, #1131 ),
 ( #1609, #3448, #5779 ),
 ( #224, #1684, #4438 ),
 ( #4369, #5748, #3983 ),
 ( #1650, #3035, #3539 ),
 ( #2066, #3482, #2166 ),
 ( #1580, #5360, #2969 ),
 ( #4306, #191, #2036 ),
 ( #5268, #3857, #5230 ),
 ( #1198, #2523, #3412 ),
 ( #5301, #3884, #4784 ),
 ( #5711, #4851, #742 ) ),
 .UNSPECIFIED., .F., .F., .F. ) 
 B_SPLINE_SURFACE_WITH_KNOTS ( ( 4, 2, 2, 2, 2, 2, 4 ),
 ( 3, 3 ),
 ( 6.283185307179585344, 6.479534848028947636, 6.675884388878309039, 6.872233929727671331, 7.068583470577033623, 7.461282552275758206, 7.853981633974482790 ),
 ( 0.000000000000000000, 1.000000000000000000 ),
 .UNSPECIFIED. ) 
 GEOMETRIC_REPRESENTATION_ITEM ( )  RATIONAL_B_SPLINE_SURFACE ( (
 ( 1.000000000000000000, 0.7071067811865475727, 1.000000000000000000),
 ( 1.000000000000000000, 0.7070717215218220719, 1.000000000000000000),
 ( 1.000000000000000000, 0.7117460116570489825, 1.000000000000000000),
 ( 1.000000000000000000, 0.7291288848862650385, 1.000000000000000000),
 ( 1.000000000000000000, 0.7418334301983704471, 1.000000000000000000),
 ( 1.000000000000000000, 0.7723968094988333810, 1.000000000000000000),
 ( 1.000000000000000000, 0.7902180193271486353, 1.000000000000000000),
 ( 1.000000000000000000, 0.8275942589161935370, 1.000000000000000000),
 ( 1.000000000000000000, 0.8471316681044368524, 1.000000000000000000),
 ( 1.000000000000000000, 0.9038128751444387543, 1.000000000000000000),
 ( 1.000000000000000000, 0.9386556568292162561, 1.000000000000000000),
 ( 1.000000000000000000, 0.9867291829330969710, 1.000000000000000000),
 ( 1.000000000000000000, 1.000158585517622933, 1.000000000000000000),
 ( 1.000000000000000000, 1.000000000000000000, 1.000000000000000000) ) ) 
 REPRESENTATION_ITEM ( '' )  SURFACE ( )  );
#4685 = ORIENTED_EDGE ( 'NONE', *, *, #3748, .T. ) ;
#4686 = VECTOR ( 'NONE', #2798, 1000.000000000000000 ) ;
#4687 = CARTESIAN_POINT ( 'NONE',  ( -30.73768568794500666, -10.47000000000001663, -12.00000000000000000 ) ) ;
#4688 = CARTESIAN_POINT ( 'NONE',  ( -28.62499999999999645, 1.400481377743831413, -9.215034448639004339 ) ) ;
#4689 = DIRECTION ( 'NONE',  ( 0.000000000000000000, 1.000000000000000000, 0.000000000000000000 ) ) ;
#4690 = EDGE_CURVE ( 'NONE', #1169, #1402, #1576, .T. ) ;
#4691 = CARTESIAN_POINT ( 'NONE',  ( 23.82500000000001350, -18.46999999999999176, -20.00000000000000000 ) ) ;
#4692 = ORIENTED_EDGE ( 'NONE', *, *, #2733, .T. ) ;
#4693 = FACE_OUTER_BOUND ( 'NONE', #935, .T. ) ;
#4694 = DIRECTION ( 'NONE',  ( 1.000000000000000000, 0.000000000000000000, 0.000000000000000000 ) ) ;
#4695 = CARTESIAN_POINT ( 'NONE',  ( 1.961234274584282353E-14, -58.05877273185281240, 15.00000000000000000 ) ) ;
#4696 = EDGE_CURVE ( 'NONE', #571, #4902, #5227, .T. ) ;
#4697 = AXIS2_PLACEMENT_3D ( 'NONE', #4631, #3294, #951 ) ;
#4698 = ORIENTED_EDGE ( 'NONE', *, *, #3102, .T. ) ;
#4699 = LINE ( 'NONE', #2438, #3083 ) ;
#4700 = FACE_OUTER_BOUND ( 'NONE', #1241, .T. ) ;
#4701 = CARTESIAN_POINT ( 'NONE',  ( 30.73768568794501377, -17.17685424949239703, -14.34314575050765050 ) ) ;
#4702 = VECTOR ( 'NONE', #5576, 1000.000000000000000 ) ;
#4703 = LINE ( 'NONE', #3364, #4702 ) ;
#4704 = EDGE_CURVE ( 'NONE', #3694, #3992, #4186, .T. ) ;
#4705 = ORIENTED_EDGE ( 'NONE', *, *, #3709, .T. ) ;
#4706 = VERTEX_POINT ( 'NONE', #4909 ) ;
#4707 = DIRECTION ( 'NONE',  ( 0.000000000000000000, 1.000000000000000000, 0.000000000000000000 ) ) ;
#4708 = CARTESIAN_POINT ( 'NONE',  ( 30.62500000000000000, -0.9999999999999847899, 0.000000000000000000 ) ) ;
#4709 = CARTESIAN_POINT ( 'NONE',  ( -28.62500000000001776, -23.97000000000004150, -7.999999999999653610 ) ) ;
#4710 = ORIENTED_EDGE ( 'NONE', *, *, #1812, .T. ) ;
#4711 = ORIENTED_EDGE ( 'NONE', *, *, #3101, .T. ) ;
#4712 = CIRCLE ( 'NONE', #3679, 1.000000000000000888 ) ;
#4713 = LINE ( 'NONE', #5170, #2682 ) ;
#4714 = CARTESIAN_POINT ( 'NONE',  ( 11.18732520091240268, -1.999999999999995781, 8.000000000000000000 ) ) ;
#4715 = CYLINDRICAL_SURFACE ( 'NONE', #1337, 2.149999999999997691 ) ;
#4716 = DIRECTION ( 'NONE',  ( 1.000000000000000000, 0.000000000000000000, 0.000000000000000000 ) ) ;
#4717 =( BOUNDED_CURVE ( )  B_SPLINE_CURVE ( 3, ( #5799, #3027, #733, #2574 ),
 .UNSPECIFIED., .F., .T. ) 
 B_SPLINE_CURVE_WITH_KNOTS ( ( 4, 4 ),
 ( 1.570796326794897890, 3.141592653589793116 ),
 .UNSPECIFIED. ) 
 CURVE ( )  GEOMETRIC_REPRESENTATION_ITEM ( )  RATIONAL_B_SPLINE_CURVE ( ( 1.000000000000000000, 0.8047378541243652705, 0.8047378541243652705, 1.000000000000000000 ) ) 
 REPRESENTATION_ITEM ( '' )  );
#4718 = CIRCLE ( 'NONE', #3965, 1.000000000000000000 ) ;
#4719 = ORIENTED_EDGE ( 'NONE', *, *, #4372, .T. ) ;
#4720 = ADVANCED_FACE ( 'NONE', ( #2094 ), #2611, .F. ) ;
#4721 = EDGE_CURVE ( 'NONE', #4964, #2018, #845, .T. ) ;
#4722 = CARTESIAN_POINT ( 'NONE',  ( 1.961234274584282353E-14, -58.05877273185281240, 15.00000000000000000 ) ) ;
#4723 = CARTESIAN_POINT ( 'NONE',  ( 20.92867270491454335, -23.99931253216161764, -1.232769393998216056 ) ) ;
#4724 = PLANE ( 'NONE',  #3180 ) ;
#4725 = EDGE_CURVE ( 'NONE', #3183, #2095, #5721, .T. ) ;
#4726 = ORIENTED_EDGE ( 'NONE', *, *, #3101, .F. ) ;
#4727 = VERTEX_POINT ( 'NONE', #707 ) ;
#4728 = CARTESIAN_POINT ( 'NONE',  ( 2.872720239993555857, -0.9243646167772662237, 13.83243999778837541 ) ) ;
#4729 = CARTESIAN_POINT ( 'NONE',  ( -7.485281374238569541, 5.499999999999999112, -4.067564042545842997E-31 ) ) ;
#4730 = DIRECTION ( 'NONE',  ( 1.000000000000000000, 6.938893903907232322E-16, 0.000000000000000000 ) ) ;
#4731 = EDGE_CURVE ( 'NONE', #3936, #5453, #2002, .T. ) ;
#4732 = ORIENTED_EDGE ( 'NONE', *, *, #343, .T. ) ;
#4733 = ORIENTED_EDGE ( 'NONE', *, *, #5715, .T. ) ;
#4734 = CARTESIAN_POINT ( 'NONE',  ( 30.62500000000002132, -21.99999999999999289, 6.000000000000000000 ) ) ;
#4735 = DIRECTION ( 'NONE',  ( -1.000000000000000000, -6.938893903907232322E-16, -0.000000000000000000 ) ) ;
#4736 = DIRECTION ( 'NONE',  ( 3.469446951953611724E-16, -1.000000000000000000, -0.000000000000000000 ) ) ;
#4737 = EDGE_LOOP ( 'NONE', ( #990, #1762, #3115, #361 ) ) ;
#4738 = EDGE_CURVE ( 'NONE', #723, #3396, #4334, .T. ) ;
#4739 = VERTEX_POINT ( 'NONE', #5298 ) ;
#4740 = ORIENTED_EDGE ( 'NONE', *, *, #5028, .T. ) ;
#4741 = FACE_BOUND ( 'NONE', #4463, .T. ) ;
#4742 = DIRECTION ( 'NONE',  ( 1.000000000000000000, 6.938893903907230350E-16, 1.972152263052529514E-31 ) ) ;
#4743 = DIRECTION ( 'NONE',  ( -6.836348673800225775E-16, 1.000000000000000000, 0.000000000000000000 ) ) ;
#4744 = DIRECTION ( 'NONE',  ( -3.066914432666178839E-16, 1.000000000000000000, 0.000000000000000000 ) ) ;
#4745 = ORIENTED_EDGE ( 'NONE', *, *, #5073, .F. ) ;
#4746 = CARTESIAN_POINT ( 'NONE',  ( 6.956749555295989929, -23.94385397640099100, 7.342784729039497194 ) ) ;
#4747 = CARTESIAN_POINT ( 'NONE',  ( 9.314257488865340803E-15, -26.20000000000000284, 9.999999999999998224 ) ) ;
#4748 = CARTESIAN_POINT ( 'NONE',  ( -22.62499999999999645, 1.400481377743824307, -9.215034448639006115 ) ) ;
#4749 = EDGE_LOOP ( 'NONE', ( #3264, #2301, #4220, #3749 ) ) ;
#4750 = EDGE_LOOP ( 'NONE', ( #1149, #5903, #2054, #3152 ) ) ;
#4751 = CARTESIAN_POINT ( 'NONE',  ( 2.684678751731757629, 0.1000000000000013239, 16.54999999999999716 ) ) ;
#4752 = CARTESIAN_POINT ( 'NONE',  ( -7.499999999999991118, -24.00000000000000355, 15.00000000000000000 ) ) ;
#4753 = PERSON_AND_ORGANIZATION ( #217, #3038 ) ;
#4754 = DIRECTION ( 'NONE',  ( -0.000000000000000000, 0.000000000000000000, -1.000000000000000000 ) ) ;
#4755 = EDGE_CURVE ( 'NONE', #987, #5107, #219, .T. ) ;
#4756 = EDGE_CURVE ( 'NONE', #917, #2365, #4435, .T. ) ;
#4757 = AXIS2_PLACEMENT_3D ( 'NONE', #1884, #4661, #1832 ) ;
#4758 = LINE ( 'NONE', #497, #266 ) ;
#4759 = AXIS2_PLACEMENT_3D ( 'NONE', #5201, #3739, #4716 ) ;
#4760 = ORIENTED_EDGE ( 'NONE', *, *, #448, .F. ) ;
#4761 = ORIENTED_EDGE ( 'NONE', *, *, #1616, .F. ) ;
#4762 = CARTESIAN_POINT ( 'NONE',  ( -12.23805812397114856, -2.433796624112513380E-15, 7.000000000000000000 ) ) ;
#4763 = FACE_OUTER_BOUND ( 'NONE', #5740, .T. ) ;
#4764 = AXIS2_PLACEMENT_3D ( 'NONE', #1127, #3507, #3092 ) ;
#4765 = AXIS2_PLACEMENT_3D ( 'NONE', #4156, #5115, #2759 ) ;
#4766 = AXIS2_PLACEMENT_3D ( 'NONE', #2163, #2062, #5326 ) ;
#4767 = CARTESIAN_POINT ( 'NONE',  ( 2.710144620281921490, 0.5125168787979977880, 16.50756811285925707 ) ) ;
#4768 = ORIENTED_EDGE ( 'NONE', *, *, #1351, .F. ) ;
#4769 = EDGE_CURVE ( 'NONE', #5718, #5104, #549, .T. ) ;
#4770 = CIRCLE ( 'NONE', #2210, 1.049999999999998934 ) ;
#4771 = ORIENTED_EDGE ( 'NONE', *, *, #3742, .T. ) ;
#4772 = AXIS2_PLACEMENT_3D ( 'NONE', #1190, #4240, #341 ) ;
#4773 = ORIENTED_EDGE ( 'NONE', *, *, #3234, .F. ) ;
#4774 = DIRECTION ( 'NONE',  ( 8.326672684688676025E-16, 1.000000000000000000, 0.000000000000000000 ) ) ;
#4775 = CARTESIAN_POINT ( 'NONE',  ( 28.62500000000001066, -20.96999999999998465, -20.00000000000000000 ) ) ;
#4776 = DIRECTION ( 'NONE',  ( 1.000000000000000000, -6.938893903907232322E-16, -0.000000000000000000 ) ) ;
#4777 = AXIS2_PLACEMENT_3D ( 'NONE', #1969, #2787, #1006 ) ;
#4778 = EDGE_CURVE ( 'NONE', #5909, #1789, #4288, .T. ) ;
#4779 = CARTESIAN_POINT ( 'NONE',  ( 5.499999999999998224, 7.100000000000003197, 15.00000000000000000 ) ) ;
#4780 = AXIS2_PLACEMENT_3D ( 'NONE', #1955, #3835, #3362 ) ;
#4781 = AXIS2_PLACEMENT_3D ( 'NONE', #4584, #2236, #907 ) ;
#4782 = VERTEX_POINT ( 'NONE', #5263 ) ;
#4783 = DIRECTION ( 'NONE',  ( -6.938893903907228378E-16, 1.000000000000000000, 0.000000000000000000 ) ) ;
#4784 = CARTESIAN_POINT ( 'NONE',  ( -30.62500000000002132, -22.26184657318171389, 6.130923286591574595 ) ) ;
#4785 = DIRECTION ( 'NONE',  ( 1.000000000000000000, 0.000000000000000000, 0.000000000000000000 ) ) ;
#4786 = CIRCLE ( 'NONE', #3831, 1.000000000000000000 ) ;
#4787 = ORIENTED_EDGE ( 'NONE', *, *, #138, .F. ) ;
#4788 = LINE ( 'NONE', #4342, #4906 ) ;
#4789 = ORIENTED_EDGE ( 'NONE', *, *, #2104, .T. ) ;
#4790 = ORIENTED_EDGE ( 'NONE', *, *, #5499, .F. ) ;
#4791 = CARTESIAN_POINT ( 'NONE',  ( -28.62500000000000000, -1.078031548962391728, -8.275843538728123505 ) ) ;
#4792 = CARTESIAN_POINT ( 'NONE',  ( 30.57294534432818622, -2.738252104766528472, 6.523495790466889765 ) ) ;
#4793 = DATE_AND_TIME ( #3422, #4849 ) ;
#4794 = DIRECTION ( 'NONE',  ( -1.000000000000000000, 6.938893903907232322E-16, 0.000000000000000000 ) ) ;
#4795 = PLANE ( 'NONE',  #2491 ) ;
#4796 = ORIENTED_EDGE ( 'NONE', *, *, #2594, .F. ) ;
#4797 = AXIS2_PLACEMENT_3D ( 'NONE', #4577, #1742, #460 ) ;
#4798 = EDGE_CURVE ( 'NONE', #3401, #4627, #1907, .T. ) ;
#4799 = FACE_OUTER_BOUND ( 'NONE', #3280, .T. ) ;
#4800 = ADVANCED_FACE ( 'NONE', ( #2132 ), #4845, .F. ) ;
#4801 = CARTESIAN_POINT ( 'NONE',  ( 29.14356511640522740, -22.96801665073597576, 7.936033301471969281 ) ) ;
#4802 = CARTESIAN_POINT ( 'NONE',  ( -25.62500000000000711, -10.47000000000001663, -12.00000000000000000 ) ) ;
#4803 = DIRECTION ( 'NONE',  ( -3.469446951953614189E-15, -1.000000000000000000, 0.000000000000000000 ) ) ;
#4804 = VERTEX_POINT ( 'NONE', #5803 ) ;
#4805 = AXIS2_PLACEMENT_3D ( 'NONE', #4569, #5941, #1366 ) ;
#4806 = ORIENTED_EDGE ( 'NONE', *, *, #3024, .T. ) ;
#4807 = ORIENTED_EDGE ( 'NONE', *, *, #253, .T. ) ;
#4808 = ADVANCED_FACE ( 'NONE', ( #739 ), #1681, .T. ) ;
#4809 = LINE ( 'NONE', #4841, #5928 ) ;
#4810 = FACE_OUTER_BOUND ( 'NONE', #2566, .T. ) ;
#4811 = DIRECTION ( 'NONE',  ( -1.000000000000000000, 0.000000000000000000, 0.000000000000000000 ) ) ;
#4812 = AXIS2_PLACEMENT_3D ( 'NONE', #5316, #2053, #4865 ) ;
#4813 = DIRECTION ( 'NONE',  ( 0.000000000000000000, -1.000000000000000000, 0.000000000000000000 ) ) ;
#4814 = CARTESIAN_POINT ( 'NONE',  ( 22.62500000000000711, -8.259238285901480126, -11.80150231423953500 ) ) ;
#4815 = EDGE_LOOP ( 'NONE', ( #5282, #3229, #3958, #4059, #4098, #1737 ) ) ;
#4816 = ADVANCED_FACE ( 'NONE', ( #5356 ), #1257, .T. ) ;
#4817 = CARTESIAN_POINT ( 'NONE',  ( 7.873851665451057968, -23.71023364660043953, 7.721012131197557693 ) ) ;
#4818 = CARTESIAN_POINT ( 'NONE',  ( -28.75590116331786561, -22.99999999998366107, 8.000000000000000000 ) ) ;
#4819 = CARTESIAN_POINT ( 'NONE',  ( -28.62500000000000000, -2.000000000000007550, 8.000000000000000000 ) ) ;
#4820 = EDGE_LOOP ( 'NONE', ( #157, #3208 ) ) ;
#4821 = DIRECTION ( 'NONE',  ( 0.000000000000000000, 8.673617379884043361E-16, -1.000000000000000000 ) ) ;
#4822 = EDGE_CURVE ( 'NONE', #3455, #895, #803, .T. ) ;
#4823 = ORIENTED_EDGE ( 'NONE', *, *, #4738, .F. ) ;
#4824 = ORIENTED_EDGE ( 'NONE', *, *, #619, .F. ) ;
#4825 = DIRECTION ( 'NONE',  ( 6.938893903907232322E-16, 1.000000000000000000, -0.000000000000000000 ) ) ;
#4826 = CARTESIAN_POINT ( 'NONE',  ( 29.94665351144605481, -1.493226386699847419, 6.753386806650142127 ) ) ;
#4827 = APPLICATION_PROTOCOL_DEFINITION ( 'international standard', 'config_control_design', 1994, #3202 ) ;
#4828 = LINE ( 'NONE', #814, #3735 ) ;
#4829 = DIRECTION ( 'NONE',  ( 0.000000000000000000, 1.000000000000000000, 0.000000000000000000 ) ) ;
#4830 = PRODUCT_RELATED_PRODUCT_CATEGORY ( 'detail', '', ( #700 ) ) ;
#4831 = ORIENTED_EDGE ( 'NONE', *, *, #4223, .T. ) ;
#4832 = DIRECTION ( 'NONE',  ( 6.938893903907232322E-16, 1.000000000000000000, -0.000000000000000000 ) ) ;
#4833 = LINE ( 'NONE', #333, #2103 ) ;
#4834 = DIRECTION ( 'NONE',  ( 3.066914432666182783E-16, -1.000000000000000000, 0.000000000000000000 ) ) ;
#4835 = CARTESIAN_POINT ( 'NONE',  ( 2.684678751731756741, 0.3055777162275514769, 16.54999999999999361 ) ) ;
#4836 = VERTEX_POINT ( 'NONE', #1029 ) ;
#4837 = EDGE_CURVE ( 'NONE', #4782, #3322, #1595, .T. ) ;
#4838 = AXIS2_PLACEMENT_3D ( 'NONE', #5465, #3591, #2269 ) ;
#4839 = ORIENTED_EDGE ( 'NONE', *, *, #5601, .T. ) ;
#4840 = ORIENTED_EDGE ( 'NONE', *, *, #926, .F. ) ;
#4841 = CARTESIAN_POINT ( 'NONE',  ( -8.485281374238560659, -23.00000000000000355, 8.000000000000000000 ) ) ;
#4842 = CARTESIAN_POINT ( 'NONE',  ( -8.274479732176866165, 5.127804285664529615, 8.076059404360787397 ) ) ;
#4843 = DIRECTION ( 'NONE',  ( -0.000000000000000000, 1.000000000000000000, -0.000000000000000000 ) ) ;
#4844 = DIRECTION ( 'NONE',  ( 0.000000000000000000, 0.000000000000000000, -1.000000000000000000 ) ) ;
#4845 = CYLINDRICAL_SURFACE ( 'NONE', #2774, 2.149999999999999023 ) ;
#4846 = EDGE_CURVE ( 'NONE', #3322, #4357, #861, .T. ) ;
#4847 = EDGE_CURVE ( 'NONE', #3997, #3432, #3908, .T. ) ;
#4848 = ORIENTED_EDGE ( 'NONE', *, *, #2837, .F. ) ;
#4849 = LOCAL_TIME ( 10, 36, 4.000000000000000000, #3962 ) ;
#4850 = CARTESIAN_POINT ( 'NONE',  ( 8.485281374238574870, -22.99999999999999289, 8.000000000000000000 ) ) ;
#4851 = CARTESIAN_POINT ( 'NONE',  ( -30.62500000000002132, -22.00000000000001066, 5.999999999999998224 ) ) ;
#4852 = LINE ( 'NONE', #3984, #4415 ) ;
#4853 = CARTESIAN_POINT ( 'NONE',  ( 8.878689293818310863E-15, -23.00000000000000000, 15.00000000000000000 ) ) ;
#4854 = EDGE_CURVE ( 'NONE', #3086, #5197, #652, .T. ) ;
#4855 = ORIENTED_EDGE ( 'NONE', *, *, #868, .T. ) ;
#4856 = ORIENTED_EDGE ( 'NONE', *, *, #3614, .T. ) ;
#4857 = DIRECTION ( 'NONE',  ( 0.000000000000000000, 1.000000000000000000, 0.000000000000000000 ) ) ;
#4858 = CARTESIAN_POINT ( 'NONE',  ( 29.62730136216337939, -1.264336811214789469, 6.867831594392583838 ) ) ;
#4859 = COORDINATED_UNIVERSAL_TIME_OFFSET ( 8, 0, .AHEAD. ) ;
#4860 = FACE_OUTER_BOUND ( 'NONE', #5216, .T. ) ;
#4861 = ORIENTED_EDGE ( 'NONE', *, *, #539, .T. ) ;
#4862 = CARTESIAN_POINT ( 'NONE',  ( -23.82500000000000639, -11.52000000000001911, -12.00000000000000000 ) ) ;
#4863 = CARTESIAN_POINT ( 'NONE',  ( 30.62500000000001066, -13.97685424949239952, -14.34314575050765050 ) ) ;
#4864 = CYLINDRICAL_SURFACE ( 'NONE', #3173, 1.000000000000000888 ) ;
#4865 = DIRECTION ( 'NONE',  ( 0.000000000000000000, 1.000000000000000000, 0.000000000000000000 ) ) ;
#4866 = EDGE_LOOP ( 'NONE', ( #5865, #5335, #4053, #630 ) ) ;
#4867 = AXIS2_PLACEMENT_3D ( 'NONE', #4691, #1549, #4238 ) ;
#4868 = VERTEX_POINT ( 'NONE', #4322 ) ;
#4869 = VERTEX_POINT ( 'NONE', #2445 ) ;
#4870 = AXIS2_PLACEMENT_3D ( 'NONE', #550, #42, #5451 ) ;
#4871 = FACE_OUTER_BOUND ( 'NONE', #3371, .T. ) ;
#4872 = AXIS2_PLACEMENT_3D ( 'NONE', #3772, #107, #3798 ) ;
#4873 = DIRECTION ( 'NONE',  ( 1.000000000000000000, -6.938893903907230350E-16, -1.972152263052529514E-31 ) ) ;
#4874 = CARTESIAN_POINT ( 'NONE',  ( -23.82500000000000995, -15.07685424949240272, -14.34314575050765050 ) ) ;
#4875 = CARTESIAN_POINT ( 'NONE',  ( 23.82500000000000995, -17.17685424949240058, -14.34314575050765050 ) ) ;
#4876 = CARTESIAN_POINT ( 'NONE',  ( -7.499999999999988454, -29.20000000000000284, 15.00000000000000000 ) ) ;
#4877 = AXIS2_PLACEMENT_3D ( 'NONE', #5411, #2273, #1763 ) ;
#4878 = EDGE_LOOP ( 'NONE', ( #5203, #437, #43, #3622 ) ) ;
#4879 = CARTESIAN_POINT ( 'NONE',  ( 9.314257488865340803E-15, -26.20000000000000284, 9.999999999999998224 ) ) ;
#4880 = CARTESIAN_POINT ( 'NONE',  ( 30.62500000000000000, -2.469999999999987761, -20.00000000000000000 ) ) ;
#4881 = AXIS2_PLACEMENT_3D ( 'NONE', #445, #4592, #4003 ) ;
#4882 = EDGE_CURVE ( 'NONE', #4441, #723, #4957, .T. ) ;
#4883 = DIRECTION ( 'NONE',  ( 0.000000000000000000, 0.000000000000000000, -1.000000000000000000 ) ) ;
#4884 = LINE ( 'NONE', #5841, #2859 ) ;
#4885 = AXIS2_PLACEMENT_3D ( 'NONE', #5944, #447, #4479 ) ;
#4886 = AXIS2_PLACEMENT_3D ( 'NONE', #1782, #936, #5939 ) ;
#4887 = VERTEX_POINT ( 'NONE', #3840 ) ;
#4888 =( BOUNDED_CURVE ( )  B_SPLINE_CURVE ( 3, ( #357, #792, #2629, #1181 ),
 .UNSPECIFIED., .F., .T. ) 
 B_SPLINE_CURVE_WITH_KNOTS ( ( 4, 4 ),
 ( 4.712388980384688786, 6.283185307179585344 ),
 .UNSPECIFIED. ) 
 CURVE ( )  GEOMETRIC_REPRESENTATION_ITEM ( )  RATIONAL_B_SPLINE_CURVE ( ( 1.000000000000000000, 0.8047378541243648264, 0.8047378541243648264, 1.000000000000000000 ) ) 
 REPRESENTATION_ITEM ( '' )  );
#4889 = EDGE_LOOP ( 'NONE', ( #3972, #4227 ) ) ;
#4890 = AXIS2_PLACEMENT_3D ( 'NONE', #3514, #3922, #5749 ) ;
#4891 = DIRECTION ( 'NONE',  ( -1.000000000000000000, 6.938893903907230350E-16, 9.860761315262647568E-32 ) ) ;
#4892 = CARTESIAN_POINT ( 'NONE',  ( 29.37263398995468933, -1.121685122913764543, 7.878314877086244117 ) ) ;
#4893 = ADVANCED_FACE ( 'NONE', ( #5191 ), #5525, .T. ) ;
#4894 = PERSON_AND_ORGANIZATION ( #217, #3038 ) ;
#4895 = DIRECTION ( 'NONE',  ( 0.3420201433256724877, -0.9396926207859069846, -0.000000000000000000 ) ) ;
#4896 = VERTEX_POINT ( 'NONE', #1721 ) ;
#4897 = CYLINDRICAL_SURFACE ( 'NONE', #2780, 1.049999999999998934 ) ;
#4898 = CARTESIAN_POINT ( 'NONE',  ( -23.82500000000001350, -21.61999999999999034, -22.81558164506022024 ) ) ;
#4899 = DIRECTION ( 'NONE',  ( 6.802837160693360652E-16, 1.000000000000000000, 0.000000000000000000 ) ) ;
#4900 = DIRECTION ( 'NONE',  ( 0.000000000000000000, -1.000000000000000000, 0.000000000000000000 ) ) ;
#4901 = ORIENTED_EDGE ( 'NONE', *, *, #4704, .T. ) ;
#4902 = VERTEX_POINT ( 'NONE', #4863 ) ;
#4903 = EDGE_LOOP ( 'NONE', ( #2795, #5701 ) ) ;
#4904 = DIRECTION ( 'NONE',  ( 1.000000000000000000, -6.938893903907232322E-16, -1.972152263052529514E-31 ) ) ;
#4905 = DIRECTION ( 'NONE',  ( 1.000000000000000000, 6.938893903907231336E-16, 0.000000000000000000 ) ) ;
#4906 = VECTOR ( 'NONE', #227, 1000.000000000000000 ) ;
#4907 = AXIS2_PLACEMENT_3D ( 'NONE', #4113, #506, #3644 ) ;
#4908 = DIRECTION ( 'NONE',  ( 0.000000000000000000, -1.000000000000000000, 0.000000000000000000 ) ) ;
#4909 = CARTESIAN_POINT ( 'NONE',  ( -30.62500000000000000, 0.03000000000001265543, -20.00000000000000000 ) ) ;
#4910 = ORIENTED_EDGE ( 'NONE', *, *, #1812, .F. ) ;
#4911 = CARTESIAN_POINT ( 'NONE',  ( 25.62500000000000000, -2.469999999999991314, -20.00000000000000000 ) ) ;
#4912 = DIRECTION ( 'NONE',  ( 2.931054078198949621E-16, -1.000000000000000000, 7.395570986446985676E-32 ) ) ;
#4913 = CARTESIAN_POINT ( 'NONE',  ( 22.62499999999998934, 15.77854679802961257, 0.000000000000000000 ) ) ;
#4914 = DIRECTION ( 'NONE',  ( 0.000000000000000000, 0.000000000000000000, -1.000000000000000000 ) ) ;
#4915 = EDGE_CURVE ( 'NONE', #1648, #4706, #3048, .T. ) ;
#4916 = EDGE_CURVE ( 'NONE', #4627, #541, #3465, .T. ) ;
#4917 = B_SPLINE_CURVE_WITH_KNOTS ( 'NONE', 3,
 ( #4485, #945, #4963, #5919, #2220, #5047, #3231, #4995, #453, #4062, #891, #2305, #862, #1374, #2699, #4123 ),
 .UNSPECIFIED., .F., .F.,
 ( 4, 2, 2, 2, 2, 2, 2, 4 ),
 ( 0.000000000000000000, 0.0005495373038687384470, 0.001099074607737476894, 0.001648611911606215775, 0.002198149215474954656, 0.003297223823212436320, 0.003846761127081179971, 0.004396298430949923189 ),
 .UNSPECIFIED. ) ;
#4918 = ORIENTED_EDGE ( 'NONE', *, *, #4954, .T. ) ;
#4919 = ORIENTED_EDGE ( 'NONE', *, *, #5810, .F. ) ;
#4920 = LINE ( 'NONE', #3519, #5075 ) ;
#4921 = DIRECTION ( 'NONE',  ( -1.000000000000000000, 6.938893903907232322E-16, 0.000000000000000000 ) ) ;
#4922 = DIRECTION ( 'NONE',  ( 4.906538933386792312E-16, 0.7071067811865463515, 0.7071067811865487940 ) ) ;
#4923 = EDGE_CURVE ( 'NONE', #3509, #2042, #1335, .T. ) ;
#4924 = ORIENTED_EDGE ( 'NONE', *, *, #4725, .F. ) ;
#4925 = CARTESIAN_POINT ( 'NONE',  ( -30.62500000000001776, -21.97238591776526562, -7.668093091315840049 ) ) ;
#4926 = CARTESIAN_POINT ( 'NONE',  ( -10.77297318183173758, -1.608615180654068944, 17.22570966063643283 ) ) ;
#4927 = CARTESIAN_POINT ( 'NONE',  ( -3.999999999999988010, -26.20000000000000284, 14.99999999999994849 ) ) ;
#4928 = CARTESIAN_POINT ( 'NONE',  ( 26.82500000000000284, -5.369999999999990337, -20.00000000000000000 ) ) ;
#4929 = ORIENTED_EDGE ( 'NONE', *, *, #5867, .F. ) ;
#4930 = AXIS2_PLACEMENT_3D ( 'NONE', #1764, #4519, #1315 ) ;
#4931 = ADVANCED_FACE ( 'NONE', ( #4452, #4384, #757, #239, #270, #3080 ), #2119, .F. ) ;
#4932 = ORIENTED_EDGE ( 'NONE', *, *, #3817, .T. ) ;
#4933 = VERTEX_POINT ( 'NONE', #4353 ) ;
#4934 = CARTESIAN_POINT ( 'NONE',  ( 22.62500000000000000, -0.2376834904517996505, -4.999999999999999112 ) ) ;
#4935 = FACE_OUTER_BOUND ( 'NONE', #903, .T. ) ;
#4936 = VERTEX_POINT ( 'NONE', #5314 ) ;
#4937 = VERTEX_POINT ( 'NONE', #3524 ) ;
#4938 = CARTESIAN_POINT ( 'NONE',  ( -22.59492415028356760, -0.4256527515582066989, -4.364611950185437017 ) ) ;
#4939 = CARTESIAN_POINT ( 'NONE',  ( 28.62500000000001776, -23.97000000000004150, -7.999999999999653610 ) ) ;
#4940 = DIRECTION ( 'NONE',  ( 1.000000000000000000, -6.938893903907228378E-16, -0.000000000000000000 ) ) ;
#4941 = CARTESIAN_POINT ( 'NONE',  ( -6.482981132164875149, -23.99037063872958342, 7.165914728619912744 ) ) ;
#4942 = DIRECTION ( 'NONE',  ( -1.000000000000000000, 0.000000000000000000, 0.000000000000000000 ) ) ;
#4943 = ORIENTED_EDGE ( 'NONE', *, *, #5512, .T. ) ;
#4944 = EDGE_LOOP ( 'NONE', ( #2483, #2828 ) ) ;
#4945 = CARTESIAN_POINT ( 'NONE',  ( 1.038794935815657448E-14, -24.00000000000000000, 15.00000000000000000 ) ) ;
#4946 = CARTESIAN_POINT ( 'NONE',  ( -29.53341389844893783, -1.189195845048182543, 7.810804154951800804 ) ) ;
#4947 = LOCAL_TIME ( 10, 36, 4.000000000000000000, #720 ) ;
#4948 = DIRECTION ( 'NONE',  ( 1.000000000000000000, -6.938893903907232322E-16, -0.000000000000000000 ) ) ;
#4949 = ORIENTED_EDGE ( 'NONE', *, *, #2814, .T. ) ;
#4950 = CARTESIAN_POINT ( 'NONE',  ( 6.123233995736761352E-16, -1.999999999999998668, 7.000000000000000000 ) ) ;
#4951 = CARTESIAN_POINT ( 'NONE',  ( 23.82499999999999929, 0.6800000000000091527, -22.81558164506020958 ) ) ;
#4952 = CARTESIAN_POINT ( 'NONE',  ( 8.878689293818307707E-15, -22.99999999999999289, 15.00000000000000000 ) ) ;
#4953 = EDGE_CURVE ( 'NONE', #5821, #1158, #2599, .T. ) ;
#4954 = EDGE_CURVE ( 'NONE', #4390, #4896, #4833, .T. ) ;
#4955 = CARTESIAN_POINT ( 'NONE',  ( 5.000000000000012434, -26.20000000000000284, 15.00000000000001421 ) ) ;
#4956 = ORIENTED_EDGE ( 'NONE', *, *, #782, .T. ) ;
#4957 =( BOUNDED_CURVE ( )  B_SPLINE_CURVE ( 3, ( #4255, #5247, #3368, #1089 ),
 .UNSPECIFIED., .F., .T. ) 
 B_SPLINE_CURVE_WITH_KNOTS ( ( 4, 4 ),
 ( 3.141592653589793116, 4.712388980384689674 ),
 .UNSPECIFIED. ) 
 CURVE ( )  GEOMETRIC_REPRESENTATION_ITEM ( )  RATIONAL_B_SPLINE_CURVE ( ( 1.000000000000000000, 0.8047378541243649375, 0.8047378541243649375, 1.000000000000000000 ) ) 
 REPRESENTATION_ITEM ( '' )  );
#4958 = VERTEX_POINT ( 'NONE', #3938 ) ;
#4959 = ORIENTED_EDGE ( 'NONE', *, *, #4997, .T. ) ;
#4960 = DIRECTION ( 'NONE',  ( -0.000000000000000000, -0.000000000000000000, -1.000000000000000000 ) ) ;
#4961 = ADVANCED_FACE ( 'NONE', ( #2150 ), #726, .F. ) ;
#4962 = VECTOR ( 'NONE', #1465, 1000.000000000000000 ) ;
#4963 = CARTESIAN_POINT ( 'NONE',  ( -10.64253961328303966, -0.2684911958748602001, 12.21832438706023538 ) ) ;
#4964 = VERTEX_POINT ( 'NONE', #3588 ) ;
#4965 = CIRCLE ( 'NONE', #4870, 12.49999999999999822 ) ;
#4966 = ORIENTED_EDGE ( 'NONE', *, *, #5546, .T. ) ;
#4967 = AXIS2_PLACEMENT_3D ( 'NONE', #5581, #2470, #4707 ) ;
#4968 = CARTESIAN_POINT ( 'NONE',  ( 28.32500000000000995, -15.56999999999998963, -20.00000000000000000 ) ) ;
#4969 = CARTESIAN_POINT ( 'NONE',  ( 30.22673528270176035, -23.19666300235518719, -7.869404406093119420 ) ) ;
#4970 = ADVANCED_FACE ( 'NONE', ( #5342 ), #3967, .T. ) ;
#4971 = CARTESIAN_POINT ( 'NONE',  ( 23.82500000000000639, -10.46999999999999353, -20.00000000000000000 ) ) ;
#4972 = CIRCLE ( 'NONE', #4400, 5.499999999999998224 ) ;
#4973 = DIRECTION ( 'NONE',  ( 0.000000000000000000, -1.000000000000000000, 0.000000000000000000 ) ) ;
#4974 = CIRCLE ( 'NONE', #2482, 1.049999999999998490 ) ;
#4975 = DIRECTION ( 'NONE',  ( -6.938893903907229364E-16, -1.000000000000000000, 0.000000000000000000 ) ) ;
#4976 = AXIS2_PLACEMENT_3D ( 'NONE', #2188, #5041, #2745 ) ;
#4977 = ORIENTED_EDGE ( 'NONE', *, *, #406, .T. ) ;
#4978 = ORIENTED_EDGE ( 'NONE', *, *, #1102, .F. ) ;
#4979 = FACE_OUTER_BOUND ( 'NONE', #5794, .T. ) ;
#4980 = CARTESIAN_POINT ( 'NONE',  ( -30.62500000000000711, -3.000000000000005773, 6.000000000000000000 ) ) ;
#4981 = CARTESIAN_POINT ( 'NONE',  ( -28.62500000000003197, -41.46999999999992070, -14.00000000000000178 ) ) ;
#4982 = VECTOR ( 'NONE', #2565, 1000.000000000000000 ) ;
#4983 = AXIS2_PLACEMENT_3D ( 'NONE', #4248, #3550, #3988 ) ;
#4984 = CIRCLE ( 'NONE', #3648, 1.999999999999998224 ) ;
#4985 = ORIENTED_EDGE ( 'NONE', *, *, #2413, .T. ) ;
#4986 = CARTESIAN_POINT ( 'NONE',  ( 30.73768568794501377, -15.07685424949239916, -14.34314575050765050 ) ) ;
#4987 = DIRECTION ( 'NONE',  ( -6.769652589177804587E-16, -1.000000000000000000, 0.000000000000000000 ) ) ;
#4988 = DIRECTION ( 'NONE',  ( 1.000000000000000000, 0.000000000000000000, 0.000000000000000000 ) ) ;
#4989 = CARTESIAN_POINT ( 'NONE',  ( 30.62500000000001776, -22.96999999999998465, -20.00000000000000000 ) ) ;
#4990 = EDGE_CURVE ( 'NONE', #1697, #4503, #3006, .T. ) ;
#4991 = EDGE_CURVE ( 'NONE', #5387, #2337, #5150, .T. ) ;
#4992 = VERTEX_POINT ( 'NONE', #1183 ) ;
#4993 = EDGE_LOOP ( 'NONE', ( #4600, #1793 ) ) ;
#4994 = CARTESIAN_POINT ( 'NONE',  ( 18.93709395607185186, -0.9993274939449541261, -0.1638578869879298017 ) ) ;
#4995 = CARTESIAN_POINT ( 'NONE',  ( -10.77302206817642727, -1.608976514815537273, 12.77450856501660148 ) ) ;
#4996 = EDGE_LOOP ( 'NONE', ( #4205, #3728, #2853, #5421, #3132 ) ) ;
#4997 = EDGE_CURVE ( 'NONE', #1655, #4628, #1429, .T. ) ;
#4998 = ORIENTED_EDGE ( 'NONE', *, *, #5870, .T. ) ;
#4999 = DIRECTION ( 'NONE',  ( 6.938893903907233308E-16, -1.000000000000000000, 1.520050659198664737E-16 ) ) ;
#5000 = CARTESIAN_POINT ( 'NONE',  ( 30.57257802840846495, -22.49538623572820484, -7.753247557696425929 ) ) ;
#5001 = CARTESIAN_POINT ( 'NONE',  ( 30.62500000000000000, 0.03000000000001404321, -14.00000000000000000 ) ) ;
#5002 = CARTESIAN_POINT ( 'NONE',  ( -28.62500000000001066, -20.96999999999998465, -14.00000000000000000 ) ) ;
#5003 = EDGE_CURVE ( 'NONE', #1788, #4936, #50, .T. ) ;
#5004 = FACE_OUTER_BOUND ( 'NONE', #1732, .T. ) ;
#5005 = ORIENTED_EDGE ( 'NONE', *, *, #4476, .T. ) ;
#5006 = ORIENTED_EDGE ( 'NONE', *, *, #996, .T. ) ;
#5007 = CARTESIAN_POINT ( 'NONE',  ( 1.530808498934192064E-16, -12.89999999999999858, 15.00000000000000000 ) ) ;
#5008 = CARTESIAN_POINT ( 'NONE',  ( 25.62500000000000000, -4.619999999999988560, -20.00000000000000000 ) ) ;
#5009 = FACE_OUTER_BOUND ( 'NONE', #2217, .T. ) ;
#5010 = ADVANCED_FACE ( 'NONE', ( #1561 ), #949, .T. ) ;
#5011 = EDGE_LOOP ( 'NONE', ( #4458, #4290, #3434, #716 ) ) ;
#5012 = CIRCLE ( 'NONE', #601, 1.049999999999998490 ) ;
#5013 = CARTESIAN_POINT ( 'NONE',  ( -23.82500000000000995, -15.56999999999999140, -20.00000000000000000 ) ) ;
#5014 = CARTESIAN_POINT ( 'NONE',  ( -3.999999999999987121, -29.19999999999999929, 14.99999999999994849 ) ) ;
#5015 = FACE_OUTER_BOUND ( 'NONE', #1995, .T. ) ;
#5016 = CARTESIAN_POINT ( 'NONE',  ( 22.62500000000001776, -22.96999999999999176, -20.00000000000000000 ) ) ;
#5017 = FACE_OUTER_BOUND ( 'NONE', #682, .T. ) ;
#5018 = CIRCLE ( 'NONE', #5202, 18.77854679802960192 ) ;
#5019 = ORIENTED_EDGE ( 'NONE', *, *, #2964, .T. ) ;
#5020 = ORIENTED_EDGE ( 'NONE', *, *, #5394, .F. ) ;
#5021 = FACE_OUTER_BOUND ( 'NONE', #2494, .T. ) ;
#5022 = CYLINDRICAL_SURFACE ( 'NONE', #2632, 1.049999999999998934 ) ;
#5023 = ORIENTED_EDGE ( 'NONE', *, *, #302, .T. ) ;
#5024 = CARTESIAN_POINT ( 'NONE',  ( 30.62500000000001066, -16.12685424949239987, -14.34314575050765050 ) ) ;
#5025 = CARTESIAN_POINT ( 'NONE',  ( 29.14537049448298234, -23.90563458425848609, -7.989032228856107309 ) ) ;
#5026 = DIRECTION ( 'NONE',  ( -0.000000000000000000, 0.000000000000000000, 1.000000000000000000 ) ) ;
#5027 = EDGE_CURVE ( 'NONE', #4628, #564, #2855, .T. ) ;
#5028 = EDGE_CURVE ( 'NONE', #3432, #878, #1813, .T. ) ;
#5029 = FACE_OUTER_BOUND ( 'NONE', #3053, .T. ) ;
#5030 = CYLINDRICAL_SURFACE ( 'NONE', #4765, 1.000000000000000000 ) ;
#5031 = VECTOR ( 'NONE', #3114, 1000.000000000000000 ) ;
#5032 = ORIENTED_EDGE ( 'NONE', *, *, #4991, .T. ) ;
#5033 = DIRECTION ( 'NONE',  ( 1.000000000000000000, 4.625929269271484928E-16, 0.000000000000000000 ) ) ;
#5034 = CARTESIAN_POINT ( 'NONE',  ( -28.88679617165935554, -1.012892179859064434, 6.993553910070499313 ) ) ;
#5035 = DIRECTION ( 'NONE',  ( 1.000000000000000000, -6.938893903907231336E-16, -1.972152263052529514E-31 ) ) ;
#5036 = ADVANCED_FACE ( 'NONE', ( #5573 ), #4222, .F. ) ;
#5037 = CIRCLE ( 'NONE', #5415, 1.000000000000000000 ) ;
#5038 = ORIENTED_EDGE ( 'NONE', *, *, #3646, .F. ) ;
#5039 = CARTESIAN_POINT ( 'NONE',  ( -10.50000000000000000, 0.1000000000000011297, 15.00000000000000000 ) ) ;
#5040 = CARTESIAN_POINT ( 'NONE',  ( -17.62500000000001421, -24.00000000000000711, 0.000000000000000000 ) ) ;
#5041 = DIRECTION ( 'NONE',  ( 1.000000000000000000, 6.938893903907228378E-16, 0.000000000000000000 ) ) ;
#5042 = LINE ( 'NONE', #914, #2034 ) ;
#5043 = DIRECTION ( 'NONE',  ( 1.040834085586083310E-14, 0.000000000000000000, -1.000000000000000000 ) ) ;
#5044 = VERTEX_POINT ( 'NONE', #1983 ) ;
#5045 = ORIENTED_EDGE ( 'NONE', *, *, #5843, .T. ) ;
#5046 = CARTESIAN_POINT ( 'NONE',  ( 20.95648985803637387, -0.9544847132643117238, -1.257146792589635131 ) ) ;
#5047 = CARTESIAN_POINT ( 'NONE',  ( -10.70890160980179218, -1.144578814715282222, 12.48510853601903214 ) ) ;
#5048 = ORIENTED_EDGE ( 'NONE', *, *, #5433, .T. ) ;
#5049 = ORIENTED_EDGE ( 'NONE', *, *, #675, .T. ) ;
#5050 = DIRECTION ( 'NONE',  ( -1.000000000000000000, 6.938893903907231336E-16, 1.972152263052529514E-31 ) ) ;
#5051 = CARTESIAN_POINT ( 'NONE',  ( 29.51575574938736679, -23.76576131946087855, -7.965262423376764822 ) ) ;
#5052 = DIRECTION ( 'NONE',  ( 3.469446951953611724E-16, -1.000000000000000000, -0.000000000000000000 ) ) ;
#5053 = DIRECTION ( 'NONE',  ( 0.000000000000000000, 1.000000000000000000, 0.000000000000000000 ) ) ;
#5054 = VECTOR ( 'NONE', #714, 1000.000000000000000 ) ;
#5055 = CARTESIAN_POINT ( 'NONE',  ( -28.62500000000000000, 1.986258379993445385E-14, 6.000000000000000000 ) ) ;
#5056 = ADVANCED_FACE ( 'NONE', ( #4700 ), #1041, .T. ) ;
#5057 = ADVANCED_FACE ( 'NONE', ( #1499 ), #2380, .T. ) ;
#5058 = ORIENTED_EDGE ( 'NONE', *, *, #1953, .F. ) ;
#5059 = DIRECTION ( 'NONE',  ( 3.469446951953612217E-16, -1.000000000000000000, 0.000000000000000000 ) ) ;
#5060 = AXIS2_PLACEMENT_3D ( 'NONE', #1443, #527, #989 ) ;
#5061 = AXIS2_PLACEMENT_3D ( 'NONE', #3274, #3380, #1521 ) ;
#5062 = AXIS2_PLACEMENT_3D ( 'NONE', #1646, #772, #3479 ) ;
#5063 = CARTESIAN_POINT ( 'NONE',  ( -25.62500000000000711, -8.320000000000019824, -12.00000000000000000 ) ) ;
#5064 = TOROIDAL_SURFACE ( 'NONE', #2105, 16.49999999999998579, 2.000000000000000000 ) ;
#5065 = AXIS2_PLACEMENT_3D ( 'NONE', #1848, #451, #5470 ) ;
#5066 = ADVANCED_FACE ( 'NONE', ( #5688 ), #3863, .F. ) ;
#5067 = ORIENTED_EDGE ( 'NONE', *, *, #4038, .T. ) ;
#5068 = DIRECTION ( 'NONE',  ( -1.000000000000000000, -6.938893903907229364E-16, -9.860761315262647568E-32 ) ) ;
#5069 = DIRECTION ( 'NONE',  ( 0.000000000000000000, -1.000000000000000000, 0.000000000000000000 ) ) ;
#5070 = AXIS2_PLACEMENT_3D ( 'NONE', #659, #5393, #2047 ) ;
#5071 = CARTESIAN_POINT ( 'NONE',  ( 22.62500000000000000, -0.9999999999999904521, -5.000000000000000000 ) ) ;
#5072 = AXIS2_PLACEMENT_3D ( 'NONE', #4379, #2145, #3135 ) ;
#5073 = EDGE_CURVE ( 'NONE', #4933, #917, #2683, .T. ) ;
#5074 = ORIENTED_EDGE ( 'NONE', *, *, #3234, .T. ) ;
#5075 = VECTOR ( 'NONE', #3420, 1000.000000000000000 ) ;
#5076 = ORIENTED_EDGE ( 'NONE', *, *, #2627, .F. ) ;
#5077 = FACE_OUTER_BOUND ( 'NONE', #3839, .T. ) ;
#5078 = CIRCLE ( 'NONE', #967, 2.800000000000000266 ) ;
#5079 = DIRECTION ( 'NONE',  ( 1.000000000000000000, 0.000000000000000000, -0.000000000000000000 ) ) ;
#5080 = ORIENTED_EDGE ( 'NONE', *, *, #4755, .F. ) ;
#5081 = CARTESIAN_POINT ( 'NONE',  ( -30.62500000000001066, -16.56999999999998607, -29.74884608556315158 ) ) ;
#5082 = DIRECTION ( 'NONE',  ( -3.066914432666178839E-16, 1.000000000000000000, 0.000000000000000000 ) ) ;
#5083 = CARTESIAN_POINT ( 'NONE',  ( 23.82500000000000639, -10.46999999999999353, -20.00000000000000000 ) ) ;
#5084 = DIRECTION ( 'NONE',  ( -1.000000000000000000, 6.938893903907232322E-16, 0.000000000000000000 ) ) ;
#5085 = CC_DESIGN_PERSON_AND_ORGANIZATION_ASSIGNMENT ( #4316, #163, ( #3670 ) ) ;
#5086 = CARTESIAN_POINT ( 'NONE',  ( -20.93136551968738956, -23.99930983404550844, -1.235132559248680817 ) ) ;
#5087 = VECTOR ( 'NONE', #5588, 1000.000000000000000 ) ;
#5088 = ORIENTED_EDGE ( 'NONE', *, *, #4854, .T. ) ;
#5089 = CARTESIAN_POINT ( 'NONE',  ( 28.62500000000001776, -22.99999999999998934, 8.000000000000000000 ) ) ;
#5090 = CYLINDRICAL_SURFACE ( 'NONE', #5060, 1.049999999999998490 ) ;
#5091 = DIRECTION ( 'NONE',  ( 1.000000000000000000, 6.938893903907233308E-16, -0.000000000000000000 ) ) ;
#5092 = CIRCLE ( 'NONE', #1553, 12.49999999999999645 ) ;
#5093 = EDGE_CURVE ( 'NONE', #3492, #5474, #2463, .T. ) ;
#5094 = EDGE_LOOP ( 'NONE', ( #383, #4470, #1870, #3241 ) ) ;
#5095 = B_SPLINE_CURVE_WITH_KNOTS ( 'NONE', 3,
 ( #2704, #1768, #5000, #1854, #4969, #2254, #5838, #5445, #5051, #4066, #5025, #1795, #3185, #4939 ),
 .UNSPECIFIED., .F., .F.,
 ( 4, 2, 2, 2, 2, 2, 4 ),
 ( -1.627548209431091606E-05, 0.0007757989665286485264, 0.001567873415151607979, 0.001963910639463088085, 0.002359947863774567757, 0.002755985088086047429, 0.003152022312397527101 ),
 .UNSPECIFIED. ) ;
#5096 = FACE_OUTER_BOUND ( 'NONE', #1362, .T. ) ;
#5097 = CARTESIAN_POINT ( 'NONE',  ( 30.62500000000001776, -21.97238591776526562, -7.668093091315840049 ) ) ;
#5098 = DIRECTION ( 'NONE',  ( 0.000000000000000000, -1.000000000000000000, 0.000000000000000000 ) ) ;
#5099 = CARTESIAN_POINT ( 'NONE',  ( -23.82499999999999929, -2.469999999999992646, -20.00000000000000000 ) ) ;
#5100 = DIRECTION ( 'NONE',  ( 0.000000000000000000, 1.000000000000000000, 0.000000000000000000 ) ) ;
#5101 = ADVANCED_FACE ( 'NONE', ( #1588 ), #624, .F. ) ;
#5102 = ADVANCED_FACE ( 'NONE', ( #133, #5627, #162, #5659, #3388 ), #1022, .T. ) ;
#5103 = ORIENTED_EDGE ( 'NONE', *, *, #4, .T. ) ;
#5104 = VERTEX_POINT ( 'NONE', #1929 ) ;
#5105 = DIRECTION ( 'NONE',  ( 1.000000000000000000, -6.938893903907228378E-16, -0.000000000000000000 ) ) ;
#5106 = CARTESIAN_POINT ( 'NONE',  ( -28.88849211244312443, -23.95690525378397595, -7.997765924825387174 ) ) ;
#5107 = VERTEX_POINT ( 'NONE', #4752 ) ;
#5108 = VERTEX_POINT ( 'NONE', #2044 ) ;
#5109 = CIRCLE ( 'NONE', #5676, 1.049999999999998490 ) ;
#5110 = DIRECTION ( 'NONE',  ( 6.938893903907232322E-16, 1.000000000000000000, 0.000000000000000000 ) ) ;
#5111 = CARTESIAN_POINT ( 'NONE',  ( -30.62500000000000711, -8.259238285901474796, -11.80150231423954565 ) ) ;
#5112 = DIRECTION ( 'NONE',  ( 3.469446951953611724E-16, -1.000000000000000000, -0.000000000000000000 ) ) ;
#5113 = DIRECTION ( 'NONE',  ( 1.000000000000000000, -6.938893903907232322E-16, -0.000000000000000000 ) ) ;
#5114 = AXIS2_PLACEMENT_3D ( 'NONE', #2447, #3260, #1425 ) ;
#5115 = DIRECTION ( 'NONE',  ( 1.000000000000000000, 3.061616997868382648E-16, 0.000000000000000000 ) ) ;
#5116 = LINE ( 'NONE', #1013, #3542 ) ;
#5117 = CARTESIAN_POINT ( 'NONE',  ( 22.46356509423605274, -23.99364078018478352, -3.697403575260857611 ) ) ;
#5118 = DIRECTION ( 'NONE',  ( -1.000000000000000000, 6.938893903907232322E-16, 0.000000000000000000 ) ) ;
#5119 = ORIENTED_EDGE ( 'NONE', *, *, #1967, .F. ) ;
#5120 = ORIENTED_EDGE ( 'NONE', *, *, #262, .T. ) ;
#5121 = FACE_OUTER_BOUND ( 'NONE', #120, .T. ) ;
#5122 = DIRECTION ( 'NONE',  ( 1.000000000000000000, 6.938893903907233308E-16, 0.000000000000000000 ) ) ;
#5123 = CARTESIAN_POINT ( 'NONE',  ( 30.62500000000001066, -16.56999999999998607, -29.74884608556315158 ) ) ;
#5124 = CIRCLE ( 'NONE', #5324, 1.000000000000000888 ) ;
#5125 = CARTESIAN_POINT ( 'NONE',  ( 1.530808498934193789E-16, 5.500000000000001776, 15.00000000000000000 ) ) ;
#5126 = DIRECTION ( 'NONE',  ( -0.000000000000000000, 0.000000000000000000, 1.000000000000000000 ) ) ;
#5127 = VERTEX_POINT ( 'NONE', #5097 ) ;
#5128 = ADVANCED_FACE ( 'NONE', ( #3106 ), #1690, .T. ) ;
#5129 = CARTESIAN_POINT ( 'NONE',  ( -30.62499999999999645, 2.030000000000011351, -20.00000000000000000 ) ) ;
#5130 = ADVANCED_FACE ( 'NONE', ( #261, #5720, #4346, #1715, #4019, #5337 ), #2143, .T. ) ;
#5131 = CARTESIAN_POINT ( 'NONE',  ( 28.75590116331768442, -23.99999999999999289, 6.999999999983565147 ) ) ;
#5132 = CARTESIAN_POINT ( 'NONE',  ( -7.999999999999998224, 0.1000000000000011297, 15.00000000000000178 ) ) ;
#5133 = FACE_OUTER_BOUND ( 'NONE', #3373, .T. ) ;
#5134 = EDGE_LOOP ( 'NONE', ( #5631, #1988 ) ) ;
#5135 = ORIENTED_EDGE ( 'NONE', *, *, #3534, .T. ) ;
#5136 = ADVANCED_FACE ( 'NONE', ( #3520 ), #4377, .T. ) ;
#5137 = FACE_OUTER_BOUND ( 'NONE', #1400, .T. ) ;
#5138 = CARTESIAN_POINT ( 'NONE',  ( -30.62500000000000711, -10.47000000000001485, -12.00000000000000000 ) ) ;
#5139 = DIRECTION ( 'NONE',  ( 1.000000000000000000, -6.938893903907229364E-16, -9.860761315262647568E-32 ) ) ;
#5140 = CARTESIAN_POINT ( 'NONE',  ( -6.000000000000164313, -24.00000000000000355, 7.000000000000000000 ) ) ;
#5141 = ORIENTED_EDGE ( 'NONE', *, *, #3620, .F. ) ;
#5142 = AXIS2_PLACEMENT_3D ( 'NONE', #5809, #4440, #2557 ) ;
#5143 = ADVANCED_FACE ( 'NONE', ( #813 ), #795, .T. ) ;
#5144 = CARTESIAN_POINT ( 'NONE',  ( 11.18732520091240268, -1.999999999999995781, 7.000000000000000000 ) ) ;
#5145 = DIRECTION ( 'NONE',  ( 1.822765151316228837E-16, 0.2586467865600536320, -0.9659719663645307541 ) ) ;
#5146 = VERTEX_POINT ( 'NONE', #3090 ) ;
#5147 = AXIS2_PLACEMENT_3D ( 'NONE', #3037, #5781, #4914 ) ;
#5148 = CIRCLE ( 'NONE', #455, 10.50000000000000000 ) ;
#5149 = VERTEX_POINT ( 'NONE', #3473 ) ;
#5150 = CIRCLE ( 'NONE', #5922, 1.000000000000000000 ) ;
#5151 = CARTESIAN_POINT ( 'NONE',  ( 3.100043862364133762, -1.450087724752712193, 14.89872760644559690 ) ) ;
#5152 = CARTESIAN_POINT ( 'NONE',  ( 28.62500000000003197, -41.46999999999992070, -14.00000000000000178 ) ) ;
#5153 = CARTESIAN_POINT ( 'NONE',  ( -30.73768568794501377, -18.46999999999998820, -20.00000000000000000 ) ) ;
#5154 = DIRECTION ( 'NONE',  ( -6.940968590918448382E-16, 1.000000000000000000, 0.000000000000000000 ) ) ;
#5155 = AXIS2_PLACEMENT_3D ( 'NONE', #5618, #68, #2402 ) ;
#5156 = AXIS2_PLACEMENT_3D ( 'NONE', #3702, #5861, #4061 ) ;
#5157 = EDGE_CURVE ( 'NONE', #2742, #5571, #3437, .T. ) ;
#5158 = EDGE_LOOP ( 'NONE', ( #2977, #1, #607, #5422 ) ) ;
#5159 = EDGE_LOOP ( 'NONE', ( #2737, #3802, #1730, #2749 ) ) ;
#5160 = VECTOR ( 'NONE', #3531, 1000.000000000000000 ) ;
#5161 = DIRECTION ( 'NONE',  ( 0.000000000000000000, -0.000000000000000000, -1.000000000000000000 ) ) ;
#5162 = CARTESIAN_POINT ( 'NONE',  ( -22.62500000000001776, -22.96999999999999176, -20.00000000000000000 ) ) ;
#5163 = CARTESIAN_POINT ( 'NONE',  ( -29.95102723495196173, -23.47348905859761103, -7.915875543035896911 ) ) ;
#5164 = ORIENTED_EDGE ( 'NONE', *, *, #2348, .F. ) ;
#5165 = AXIS2_PLACEMENT_3D ( 'NONE', #4184, #1077, #3325 ) ;
#5166 = EDGE_CURVE ( 'NONE', #5698, #4669, #3067, .T. ) ;
#5167 = ADVANCED_FACE ( 'NONE', ( #5257 ), #5350, .F. ) ;
#5168 = VERTEX_POINT ( 'NONE', #1701 ) ;
#5169 = CIRCLE ( 'NONE', #1739, 1.049999999999998490 ) ;
#5170 = CARTESIAN_POINT ( 'NONE',  ( 28.62500000000000355, -0.9999999999999900080, 7.000000000000000000 ) ) ;
#5171 = DIRECTION ( 'NONE',  ( -1.000000000000000000, -2.602085213965211135E-16, 0.000000000000000000 ) ) ;
#5172 = CARTESIAN_POINT ( 'NONE',  ( 25.62500000000000711, -8.320000000000019824, -12.00000000000000000 ) ) ;
#5173 = DIRECTION ( 'NONE',  ( 1.000000000000000000, 6.938893903907232322E-16, 0.000000000000000000 ) ) ;
#5174 = ADVANCED_FACE ( 'NONE', ( #4359 ), #1733, .F. ) ;
#5175 = ORIENTED_EDGE ( 'NONE', *, *, #5233, .F. ) ;
#5176 = DIRECTION ( 'NONE',  ( -1.000000000000000000, 0.000000000000000000, 0.000000000000000000 ) ) ;
#5177 = CARTESIAN_POINT ( 'NONE',  ( 17.62500000000001421, -23.99999999999999645, 0.000000000000000000 ) ) ;
#5178 = CARTESIAN_POINT ( 'NONE',  ( -30.62500000000000711, -12.62000000000001165, -12.00000000000000000 ) ) ;
#5179 = ADVANCED_FACE ( 'NONE', ( #3565 ), #4002, .T. ) ;
#5180 = AXIS2_PLACEMENT_3D ( 'NONE', #38, #5082, #3788 ) ;
#5181 = EDGE_LOOP ( 'NONE', ( #1673, #1312, #1252, #3700 ) ) ;
#5182 = VERTEX_POINT ( 'NONE', #5382 ) ;
#5183 = CARTESIAN_POINT ( 'NONE',  ( 2.771244112294827477, -0.5933509020773313214, 16.39003013076719739 ) ) ;
#5184 = DIRECTION ( 'NONE',  ( -6.938893903907232322E-16, -1.000000000000000000, 0.000000000000000000 ) ) ;
#5185 = CARTESIAN_POINT ( 'NONE',  ( -30.62499999999927525, 1042.681666666833962, 0.000000000000000000 ) ) ;
#5186 = AXIS2_PLACEMENT_3D ( 'NONE', #136, #1932, #2981 ) ;
#5187 = DIRECTION ( 'NONE',  ( -3.061616997868382648E-16, 1.000000000000000000, 0.000000000000000000 ) ) ;
#5188 = EDGE_CURVE ( 'NONE', #4516, #310, #956, .T. ) ;
#5189 = ORIENTED_EDGE ( 'NONE', *, *, #4150, .F. ) ;
#5190 = ORIENTED_EDGE ( 'NONE', *, *, #407, .T. ) ;
#5191 = FACE_OUTER_BOUND ( 'NONE', #4266, .T. ) ;
#5192 = DIRECTION ( 'NONE',  ( 0.000000000000000000, -1.000000000000000000, 0.000000000000000000 ) ) ;
#5193 = CARTESIAN_POINT ( 'NONE',  ( -10.50000000000000000, 0.1000000000000011297, 13.44999999999999929 ) ) ;
#5194 = ORIENTED_EDGE ( 'NONE', *, *, #1447, .F. ) ;
#5195 = ORIENTED_EDGE ( 'NONE', *, *, #5773, .T. ) ;
#5196 = AXIS2_PLACEMENT_3D ( 'NONE', #1193, #4844, #5802 ) ;
#5197 = VERTEX_POINT ( 'NONE', #5293 ) ;
#5198 = CARTESIAN_POINT ( 'NONE',  ( -23.82500000000000639, -10.46999999999999353, -20.00000000000000000 ) ) ;
#5199 = CYLINDRICAL_SURFACE ( 'NONE', #3100, 2.149999999999997247 ) ;
#5200 = CARTESIAN_POINT ( 'NONE',  ( -11.37203272018671463, -0.5000000000000061062, 7.000000000000000000 ) ) ;
#5201 = CARTESIAN_POINT ( 'NONE',  ( 10.00000000000000711, -22.99999999999999645, 15.00000000000000178 ) ) ;
#5202 = AXIS2_PLACEMENT_3D ( 'NONE', #2845, #1911, #5529 ) ;
#5203 = ORIENTED_EDGE ( 'NONE', *, *, #2223, .F. ) ;
#5204 = EDGE_CURVE ( 'NONE', #2057, #2511, #4717, .T. ) ;
#5205 = DIRECTION ( 'NONE',  ( 1.000000000000000000, 4.625929269271484928E-16, 0.000000000000000000 ) ) ;
#5206 = CARTESIAN_POINT ( 'NONE',  ( 22.59262078993362621, -23.99120623303135957, -4.343331663377935747 ) ) ;
#5207 = EDGE_CURVE ( 'NONE', #5223, #930, #3640, .T. ) ;
#5208 = LINE ( 'NONE', #5680, #671 ) ;
#5209 = ORIENTED_EDGE ( 'NONE', *, *, #5870, .F. ) ;
#5210 = ORIENTED_EDGE ( 'NONE', *, *, #3503, .F. ) ;
#5211 = CARTESIAN_POINT ( 'NONE',  ( 2.730463542060307169, -0.4061356460788885792, 13.53149756862258002 ) ) ;
#5212 = EDGE_CURVE ( 'NONE', #916, #2027, #1159, .T. ) ;
#5213 = APPROVAL_DATE_TIME ( #3390, #2613 ) ;
#5214 = CARTESIAN_POINT ( 'NONE',  ( -22.62500000000001421, -21.61999999999999389, -22.81558164506022024 ) ) ;
#5215 = DIRECTION ( 'NONE',  ( -1.000000000000000000, -6.938893903907231336E-16, 0.000000000000000000 ) ) ;
#5216 = EDGE_LOOP ( 'NONE', ( #2373, #2406, #1927, #4421 ) ) ;
#5217 = LINE ( 'NONE', #1118, #1824 ) ;
#5218 = CARTESIAN_POINT ( 'NONE',  ( 29.94665351144599441, -23.50677361330020432, 6.753386806650141239 ) ) ;
#5219 = DIRECTION ( 'NONE',  ( 7.501506923142976515E-16, -1.000000000000000000, 0.000000000000000000 ) ) ;
#5220 = FACE_OUTER_BOUND ( 'NONE', #5320, .T. ) ;
#5221 = VERTEX_POINT ( 'NONE', #3054 ) ;
#5222 = ORIENTED_EDGE ( 'NONE', *, *, #4447, .T. ) ;
#5223 = VERTEX_POINT ( 'NONE', #800 ) ;
#5224 = CARTESIAN_POINT ( 'NONE',  ( -28.62500000000000000, 0.03000000000001126765, -20.00000000000000000 ) ) ;
#5225 = DIRECTION ( 'NONE',  ( -8.326672684688676025E-16, 1.000000000000000000, 0.000000000000000000 ) ) ;
#5226 = DIRECTION ( 'NONE',  ( -3.469446951953605117E-15, 0.000000000000000000, 1.000000000000000000 ) ) ;
#5227 = LINE ( 'NONE', #1128, #5244 ) ;
#5228 = ORIENTED_EDGE ( 'NONE', *, *, #2660, .F. ) ;
#5229 = DIRECTION ( 'NONE',  ( -0.000000000000000000, 1.000000000000000000, -0.000000000000000000 ) ) ;
#5230 = CARTESIAN_POINT ( 'NONE',  ( -30.37257278571683372, -23.00723793899385328, 6.503618969496722357 ) ) ;
#5231 = CARTESIAN_POINT ( 'NONE',  ( -30.73768568794500311, -4.813145750507619169, -14.34314575050761320 ) ) ;
#5232 = CARTESIAN_POINT ( 'NONE',  ( 11.18732520091240268, 4.738158552792091061E-15, 7.000000000000000000 ) ) ;
#5233 = EDGE_CURVE ( 'NONE', #2247, #512, #314, .T. ) ;
#5234 = ADVANCED_FACE ( 'NONE', ( #4871, #2995 ), #2545, .T. ) ;
#5235 = ORIENTED_EDGE ( 'NONE', *, *, #4923, .T. ) ;
#5236 = ORIENTED_EDGE ( 'NONE', *, *, #1471, .F. ) ;
#5237 = FACE_OUTER_BOUND ( 'NONE', #1502, .T. ) ;
#5238 = CARTESIAN_POINT ( 'NONE',  ( 30.22433366422719558, -1.770906539480989306, 6.614546730259355911 ) ) ;
#5239 = DIRECTION ( 'NONE',  ( 1.000000000000000000, 0.000000000000000000, 0.000000000000000000 ) ) ;
#5240 = CARTESIAN_POINT ( 'NONE',  ( -28.62500000000000355, -1.000000000000007327, 7.000000000000000000 ) ) ;
#5241 = AXIS2_PLACEMENT_3D ( 'NONE', #554, #45, #5536 ) ;
#5242 = EDGE_CURVE ( 'NONE', #3598, #1032, #5255, .T. ) ;
#5243 = CARTESIAN_POINT ( 'NONE',  ( -10.99535656630930980, 2.881917944712482527, 14.63318399996562214 ) ) ;
#5244 = VECTOR ( 'NONE', #2961, 1000.000000000000000 ) ;
#5245 = ORIENTED_EDGE ( 'NONE', *, *, #4278, .F. ) ;
#5246 = CARTESIAN_POINT ( 'NONE',  ( -23.82500000000001350, -20.61999999999999389, -22.81558164506022024 ) ) ;
#5247 = CARTESIAN_POINT ( 'NONE',  ( -8.485281374238569541, 4.499999999999953815, 7.585786437626905077 ) ) ;
#5248 = DIRECTION ( 'NONE',  ( 1.000000000000000000, -6.938893903907232322E-16, -0.000000000000000000 ) ) ;
#5249 = AXIS2_PLACEMENT_3D ( 'NONE', #316, #4776, #4908 ) ;
#5250 = AXIS2_PLACEMENT_3D ( 'NONE', #79, #1082, #3836 ) ;
#5251 = DIRECTION ( 'NONE',  ( 0.000000000000000000, -1.000000000000000000, 0.000000000000000000 ) ) ;
#5252 = VERTEX_POINT ( 'NONE', #2128 ) ;
#5253 = AXIS2_PLACEMENT_3D ( 'NONE', #705, #673, #3877 ) ;
#5254 = VERTEX_POINT ( 'NONE', #1601 ) ;
#5255 = CIRCLE ( 'NONE', #3916, 10.14999999999999858 ) ;
#5256 = ORIENTED_EDGE ( 'NONE', *, *, #1069, .T. ) ;
#5257 = FACE_OUTER_BOUND ( 'NONE', #4679, .T. ) ;
#5258 = CARTESIAN_POINT ( 'NONE',  ( 1.530808498934192064E-16, -12.89999999999999858, 18.09999999999999787 ) ) ;
#5259 = CARTESIAN_POINT ( 'NONE',  ( 28.32500000000000639, -3.839565217391296414, -30.59657183213385778 ) ) ;
#5260 = AXIS2_PLACEMENT_3D ( 'NONE', #3924, #292, #350 ) ;
#5261 = LINE ( 'NONE', #706, #3959 ) ;
#5262 = VECTOR ( 'NONE', #5215, 1000.000000000000000 ) ;
#5263 = CARTESIAN_POINT ( 'NONE',  ( -11.37203272018671640, -0.5000000000000073275, 0.000000000000000000 ) ) ;
#5264 = CIRCLE ( 'NONE', #4983, 1.049999999999998934 ) ;
#5265 = AXIS2_PLACEMENT_3D ( 'NONE', #5787, #4948, #2626 ) ;
#5266 = ORIENTED_EDGE ( 'NONE', *, *, #4721, .T. ) ;
#5267 = LINE ( 'NONE', #1130, #657 ) ;
#5268 = CARTESIAN_POINT ( 'NONE',  ( -30.37257278571691543, -22.50361896949688401, 7.007237938993648996 ) ) ;
#5269 = DIRECTION ( 'NONE',  ( 6.938893903907232322E-16, -1.000000000000000000, 0.000000000000000000 ) ) ;
#5270 = ORIENTED_EDGE ( 'NONE', *, *, #2342, .F. ) ;
#5271 = DIRECTION ( 'NONE',  ( -6.938893903907232322E-16, 1.000000000000000000, 0.000000000000000000 ) ) ;
#5272 = EDGE_CURVE ( 'NONE', #5149, #4382, #4809, .T. ) ;
#5273 = ORIENTED_EDGE ( 'NONE', *, *, #1069, .F. ) ;
#5274 = ORIENTED_EDGE ( 'NONE', *, *, #1310, .F. ) ;
#5275 = DIRECTION ( 'NONE',  ( -1.000000000000000000, 6.938893903907233308E-16, -0.000000000000000000 ) ) ;
#5276 = CARTESIAN_POINT ( 'NONE',  ( 30.12577375515775202, -1.624563627090657381, 7.375436372909369709 ) ) ;
#5277 = CALENDAR_DATE ( 2026, 10, 7 ) ;
#5278 = DIRECTION ( 'NONE',  ( -1.000000000000000000, -6.938893903907230350E-16, -1.972152263052529514E-31 ) ) ;
#5279 = ADVANCED_FACE ( 'NONE', ( #245 ), #2089, .F. ) ;
#5280 = AXIS2_PLACEMENT_3D ( 'NONE', #122, #1970, #1037 ) ;
#5281 = DIRECTION ( 'NONE',  ( 0.000000000000000000, 0.000000000000000000, -1.000000000000000000 ) ) ;
#5282 = ORIENTED_EDGE ( 'NONE', *, *, #5207, .F. ) ;
#5283 = CIRCLE ( 'NONE', #5862, 1.049999999999998934 ) ;
#5284 = LINE ( 'NONE', #695, #3548 ) ;
#5285 = DIRECTION ( 'NONE',  ( 0.000000000000000000, 1.000000000000000000, 0.000000000000000000 ) ) ;
#5286 = CARTESIAN_POINT ( 'NONE',  ( -25.62500000000000711, -9.420000000000021245, -12.00000000000000000 ) ) ;
#5287 = ADVANCED_FACE ( 'NONE', ( #3595 ), #486, .T. ) ;
#5288 = EDGE_CURVE ( 'NONE', #1390, #3396, #372, .T. ) ;
#5289 = CARTESIAN_POINT ( 'NONE',  ( 3.004646355879222686, 1.450986363732558404, 14.21377502888163846 ) ) ;
#5290 = ORIENTED_EDGE ( 'NONE', *, *, #3109, .T. ) ;
#5291 = ORIENTED_EDGE ( 'NONE', *, *, #3825, .T. ) ;
#5292 = ORIENTED_EDGE ( 'NONE', *, *, #3249, .F. ) ;
#5293 = CARTESIAN_POINT ( 'NONE',  ( 25.62500000000000000, -4.619999999999989448, -20.00000000000000000 ) ) ;
#5294 = DIRECTION ( 'NONE',  ( 1.000000000000000000, -6.938893903907232322E-16, -0.000000000000000000 ) ) ;
#5295 = FACE_OUTER_BOUND ( 'NONE', #4253, .T. ) ;
#5296 = ADVANCED_FACE ( 'NONE', ( #5021 ), #32, .F. ) ;
#5297 = CARTESIAN_POINT ( 'NONE',  ( 28.62500000000001776, -21.99999999999999289, 0.000000000000000000 ) ) ;
#5298 = CARTESIAN_POINT ( 'NONE',  ( 17.62500000000000000, -0.9999999999999933387, 0.000000000000000000 ) ) ;
#5299 = VERTEX_POINT ( 'NONE', #1790 ) ;
#5300 = DIRECTION ( 'NONE',  ( 1.000000000000000000, 6.938893903907232322E-16, 0.000000000000000000 ) ) ;
#5301 = CARTESIAN_POINT ( 'NONE',  ( -30.62500000000002132, -22.13092328659039154, 6.261846573182205944 ) ) ;
#5302 = EDGE_CURVE ( 'NONE', #4357, #3033, #1373, .T. ) ;
#5303 = CARTESIAN_POINT ( 'NONE',  ( -29.79657287525381903, -2.000000000000006217, 8.000000000000001776 ) ) ;
#5304 = DIRECTION ( 'NONE',  ( 1.000000000000000000, 6.938893903907229364E-16, 9.860761315262647568E-32 ) ) ;
#5305 = AXIS2_PLACEMENT_3D ( 'NONE', #3955, #5780, #2524 ) ;
#5306 = ORIENTED_EDGE ( 'NONE', *, *, #3583, .T. ) ;
#5307 =( BOUNDED_CURVE ( )  B_SPLINE_CURVE ( 3, ( #5690, #568, #3800, #2533 ),
 .UNSPECIFIED., .F., .T. ) 
 B_SPLINE_CURVE_WITH_KNOTS ( ( 4, 4 ),
 ( 3.141592653589793116, 4.712388980384688786 ),
 .UNSPECIFIED. ) 
 CURVE ( )  GEOMETRIC_REPRESENTATION_ITEM ( )  RATIONAL_B_SPLINE_CURVE ( ( 1.000000000000000000, 0.8047378541243652705, 0.8047378541243652705, 1.000000000000000000 ) ) 
 REPRESENTATION_ITEM ( '' )  );
#5308 = EDGE_LOOP ( 'NONE', ( #5534, #4617 ) ) ;
#5309 = LINE ( 'NONE', #1714, #5844 ) ;
#5310 = CALENDAR_DATE ( 2026, 10, 7 ) ;
#5311 = CYLINDRICAL_SURFACE ( 'NONE', #962, 2.000000000000001776 ) ;
#5312 = VERTEX_POINT ( 'NONE', #2334 ) ;
#5313 = DIRECTION ( 'NONE',  ( 0.000000000000000000, 0.000000000000000000, 1.000000000000000000 ) ) ;
#5314 = CARTESIAN_POINT ( 'NONE',  ( -2.499999999999999556, -12.89999999999999858, 16.83303027798233131 ) ) ;
#5315 = DIRECTION ( 'NONE',  ( 1.000000000000000000, -6.938893903907233308E-16, 0.000000000000000000 ) ) ;
#5316 = CARTESIAN_POINT ( 'NONE',  ( 25.62500000000000355, -4.813145750507622722, -14.34314575050761320 ) ) ;
#5317 = ORIENTED_EDGE ( 'NONE', *, *, #4380, .F. ) ;
#5318 = EDGE_CURVE ( 'NONE', #5252, #2018, #2211, .T. ) ;
#5319 = ORIENTED_EDGE ( 'NONE', *, *, #3885, .F. ) ;
#5320 = EDGE_LOOP ( 'NONE', ( #1510, #5410, #1740, #1044, #1336, #2664 ) ) ;
#5321 = DIRECTION ( 'NONE',  ( 1.000000000000000000, -0.000000000000000000, -0.000000000000000000 ) ) ;
#5322 = DIRECTION ( 'NONE',  ( 1.000000000000000000, -6.938893903907232322E-16, -0.000000000000000000 ) ) ;
#5323 = DIRECTION ( 'NONE',  ( 1.000000000000000000, 3.154042683594195614E-16, 0.000000000000000000 ) ) ;
#5324 = AXIS2_PLACEMENT_3D ( 'NONE', #2717, #3197, #912 ) ;
#5325 = CARTESIAN_POINT ( 'NONE',  ( 30.62500000000001066, -18.46999999999998820, -20.00000000000000000 ) ) ;
#5326 = DIRECTION ( 'NONE',  ( 0.000000000000000000, 1.000000000000000000, 0.000000000000000000 ) ) ;
#5327 = EDGE_CURVE ( 'NONE', #2337, #4374, #2218, .T. ) ;
#5328 = ORIENTED_EDGE ( 'NONE', *, *, #1535, .F. ) ;
#5329 = CARTESIAN_POINT ( 'NONE',  ( -25.62500000000000355, -3.763145750507624232, -14.34314575050761320 ) ) ;
#5330 = LINE ( 'NONE', #3513, #4188 ) ;
#5331 = DIRECTION ( 'NONE',  ( -1.000000000000000000, -3.061616997868382648E-16, 0.000000000000000000 ) ) ;
#5332 = CARTESIAN_POINT ( 'NONE',  ( -28.62500000000000000, 1.986258379993445385E-14, 8.000000000000000000 ) ) ;
#5333 = EDGE_CURVE ( 'NONE', #917, #3191, #1523, .T. ) ;
#5334 = ORIENTED_EDGE ( 'NONE', *, *, #4327, .F. ) ;
#5335 = ORIENTED_EDGE ( 'NONE', *, *, #5302, .F. ) ;
#5336 = FACE_OUTER_BOUND ( 'NONE', #5623, .T. ) ;
#5337 = FACE_OUTER_BOUND ( 'NONE', #1544, .T. ) ;
#5338 = APPROVAL_ROLE ( '' ) ;
#5339 = CYLINDRICAL_SURFACE ( 'NONE', #1734, 1.000000000000001776 ) ;
#5340 = ORIENTED_EDGE ( 'NONE', *, *, #937, .F. ) ;
#5341 = CARTESIAN_POINT ( 'NONE',  ( -22.62499999999999289, -24.00000000000000711, 8.000000000000000000 ) ) ;
#5342 = FACE_OUTER_BOUND ( 'NONE', #3876, .T. ) ;
#5343 = CYLINDRICAL_SURFACE ( 'NONE', #828, 12.49999999999999822 ) ;
#5344 = PLANE ( 'NONE',  #498 ) ;
#5345 = ORIENTED_EDGE ( 'NONE', *, *, #921, .T. ) ;
#5346 = TOROIDAL_SURFACE ( 'NONE', #2767, 10.49999999999999822, 2.000000000000000000 ) ;
#5347 = EDGE_LOOP ( 'NONE', ( #1467, #5493, #3273, #5164 ) ) ;
#5348 = ORIENTED_EDGE ( 'NONE', *, *, #3354, .T. ) ;
#5349 = AXIS2_PLACEMENT_3D ( 'NONE', #4242, #1555, #2825 ) ;
#5350 = CYLINDRICAL_SURFACE ( 'NONE', #1246, 1.549999999999999378 ) ;
#5351 = VECTOR ( 'NONE', #1151, 1000.000000000000000 ) ;
#5352 = DIRECTION ( 'NONE',  ( 1.000000000000000000, 6.938893903907228378E-16, 0.000000000000000000 ) ) ;
#5353 = CARTESIAN_POINT ( 'NONE',  ( -28.62500000000001776, -24.00000000000000711, 7.000000000000000000 ) ) ;
#5354 = EDGE_CURVE ( 'NONE', #4382, #723, #2751, .T. ) ;
#5355 = EDGE_CURVE ( 'NONE', #3463, #4739, #3416, .T. ) ;
#5356 = FACE_OUTER_BOUND ( 'NONE', #1619, .T. ) ;
#5357 = AXIS2_PLACEMENT_3D ( 'NONE', #5024, #2309, #924 ) ;
#5358 = ORIENTED_EDGE ( 'NONE', *, *, #5433, .F. ) ;
#5359 = CYLINDRICAL_SURFACE ( 'NONE', #4196, 1.049999999999998934 ) ;
#5360 = CARTESIAN_POINT ( 'NONE',  ( -30.20657591876736703, -23.27839265160764626, 7.278392651607566322 ) ) ;
#5361 = AXIS2_PLACEMENT_3D ( 'NONE', #5370, #4444, #3042 ) ;
#5362 = CARTESIAN_POINT ( 'NONE',  ( -23.82500000000000284, -5.369999999999992113, -20.00000000000000000 ) ) ;
#5363 = EDGE_CURVE ( 'NONE', #1727, #2920, #890, .T. ) ;
#5364 = FACE_BOUND ( 'NONE', #2126, .T. ) ;
#5365 = AXIS2_PLACEMENT_3D ( 'NONE', #5756, #2112, #2077 ) ;
#5366 = CIRCLE ( 'NONE', #4838, 1.549999999999999378 ) ;
#5367 = ORIENTED_EDGE ( 'NONE', *, *, #4731, .F. ) ;
#5368 = EDGE_LOOP ( 'NONE', ( #4589, #1594, #242, #1005 ) ) ;
#5369 = VECTOR ( 'NONE', #5269, 1000.000000000000000 ) ;
#5370 = CARTESIAN_POINT ( 'NONE',  ( 1.530808498934192064E-16, 7.100000000000001421, 15.00000000000000000 ) ) ;
#5371 = CARTESIAN_POINT ( 'NONE',  ( 30.22433366422723822, -2.385453269740597460, 7.229093460518954295 ) ) ;
#5372 = DIRECTION ( 'NONE',  ( 3.469446951953613203E-16, -1.000000000000000000, -9.860761315262647568E-32 ) ) ;
#5373 = ADVANCED_FACE ( 'NONE', ( #2779 ), #423, .T. ) ;
#5374 = VERTEX_POINT ( 'NONE', #397 ) ;
#5375 = DIRECTION ( 'NONE',  ( 1.000000000000000000, 0.000000000000000000, 0.000000000000000000 ) ) ;
#5376 = DIRECTION ( 'NONE',  ( 1.000000000000000000, 6.938893903907231336E-16, 1.972152263052529514E-31 ) ) ;
#5377 = DIRECTION ( 'NONE',  ( 1.000000000000000000, 6.938893903907232322E-16, 0.000000000000000000 ) ) ;
#5378 = ORIENTED_EDGE ( 'NONE', *, *, #1773, .F. ) ;
#5379 = CIRCLE ( 'NONE', #4797, 2.149999999999997691 ) ;
#5380 = ORIENTED_EDGE ( 'NONE', *, *, #2620, .T. ) ;
#5381 = ORIENTED_EDGE ( 'NONE', *, *, #2837, .T. ) ;
#5382 = CARTESIAN_POINT ( 'NONE',  ( 25.62500000000000355, -5.863145750507621656, -14.34314575050761320 ) ) ;
#5383 = CARTESIAN_POINT ( 'NONE',  ( 23.82499999999999929, -0.3199999999999917355, -20.00000000000000000 ) ) ;
#5384 = VECTOR ( 'NONE', #2516, 1000.000000000000000 ) ;
#5385 = DIRECTION ( 'NONE',  ( 1.000000000000000000, 6.938893903907231336E-16, 1.972152263052529514E-31 ) ) ;
#5386 = ORIENTED_EDGE ( 'NONE', *, *, #1986, .T. ) ;
#5387 = VERTEX_POINT ( 'NONE', #4601 ) ;
#5388 = CIRCLE ( 'NONE', #4812, 1.049999999999998490 ) ;
#5389 = DIRECTION ( 'NONE',  ( -6.938893903907228378E-16, -1.000000000000000000, 0.000000000000000000 ) ) ;
#5390 = DIRECTION ( 'NONE',  ( 1.000000000000000000, 0.000000000000000000, 0.000000000000000000 ) ) ;
#5391 = DIRECTION ( 'NONE',  ( 3.469446951953612217E-16, -1.000000000000000000, 0.000000000000000000 ) ) ;
#5392 = DIRECTION ( 'NONE',  ( 1.000000000000000000, -6.938893903907232322E-16, -0.000000000000000000 ) ) ;
#5393 = DIRECTION ( 'NONE',  ( 1.000000000000000000, -6.938893903907231336E-16, -1.972152263052529514E-31 ) ) ;
#5394 = EDGE_CURVE ( 'NONE', #1727, #2742, #1341, .T. ) ;
#5395 = EDGE_CURVE ( 'NONE', #5044, #3492, #1048, .T. ) ;
#5396 = VERTEX_POINT ( 'NONE', #2446 ) ;
#5397 = ORIENTED_EDGE ( 'NONE', *, *, #4364, .T. ) ;
#5398 = CARTESIAN_POINT ( 'NONE',  ( -10.99525076341369889, 2.881500244180852377, 15.36969457907306236 ) ) ;
#5399 = CARTESIAN_POINT ( 'NONE',  ( -30.40302397096314024, -2.008723592880548026, 6.991276407119190850 ) ) ;
#5400 = LINE ( 'NONE', #4020, #4301 ) ;
#5401 = ADVANCED_FACE ( 'NONE', ( #4650 ), #2419, .T. ) ;
#5402 = ORIENTED_EDGE ( 'NONE', *, *, #137, .T. ) ;
#5403 = VECTOR ( 'NONE', #5026, 1000.000000000000000 ) ;
#5404 = CARTESIAN_POINT ( 'NONE',  ( -30.73768568794499956, -2.469999999999987761, -20.00000000000000000 ) ) ;
#5405 = CARTESIAN_POINT ( 'NONE',  ( -23.82500000000000639, -10.46999999999999353, -20.00000000000000000 ) ) ;
#5406 = CARTESIAN_POINT ( 'NONE',  ( -22.62500000000001421, -22.58956521739129997, -23.06041483158719529 ) ) ;
#5407 = DIRECTION ( 'NONE',  ( -1.000000000000000000, 6.938893903907232322E-16, 0.000000000000000000 ) ) ;
#5408 = ORIENTED_EDGE ( 'NONE', *, *, #3769, .T. ) ;
#5409 = ORIENTED_EDGE ( 'NONE', *, *, #4587, .F. ) ;
#5410 = ORIENTED_EDGE ( 'NONE', *, *, #1231, .T. ) ;
#5411 = CARTESIAN_POINT ( 'NONE',  ( 28.62499999999927880, 1042.681666666833962, 0.000000000000000000 ) ) ;
#5412 = DIRECTION ( 'NONE',  ( -1.000000000000000000, -2.602085213965211135E-16, 0.000000000000000000 ) ) ;
#5413 = ORIENTED_EDGE ( 'NONE', *, *, #1876, .F. ) ;
#5414 = EDGE_LOOP ( 'NONE', ( #131, #3987, #4943, #4356 ) ) ;
#5415 = AXIS2_PLACEMENT_3D ( 'NONE', #938, #479, #2209 ) ;
#5416 = CARTESIAN_POINT ( 'NONE',  ( 25.62500000000000000, -2.469999999999991314, -20.00000000000000000 ) ) ;
#5417 = DIRECTION ( 'NONE',  ( 1.000000000000000000, 0.000000000000000000, 0.000000000000000000 ) ) ;
#5418 = FACE_OUTER_BOUND ( 'NONE', #5812, .T. ) ;
#5419 = FACE_OUTER_BOUND ( 'NONE', #5804, .T. ) ;
#5420 = CYLINDRICAL_SURFACE ( 'NONE', #1917, 9.999999999999998224 ) ;
#5421 = ORIENTED_EDGE ( 'NONE', *, *, #5355, .T. ) ;
#5422 = ORIENTED_EDGE ( 'NONE', *, *, #1264, .T. ) ;
#5423 = CARTESIAN_POINT ( 'NONE',  ( -25.62500000000000711, -16.12685424949240343, -14.34314575050765050 ) ) ;
#5424 = CARTESIAN_POINT ( 'NONE',  ( -29.92895656095028656, -1.437453613250706752, 7.562546386749405158 ) ) ;
#5425 = FACE_OUTER_BOUND ( 'NONE', #825, .T. ) ;
#5426 = EDGE_CURVE ( 'NONE', #2511, #4357, #88, .T. ) ;
#5427 = EDGE_CURVE ( 'NONE', #310, #1396, #514, .T. ) ;
#5428 = EDGE_LOOP ( 'NONE', ( #313, #1968, #5580, #4414 ) ) ;
#5429 = FACE_OUTER_BOUND ( 'NONE', #4749, .T. ) ;
#5430 = CARTESIAN_POINT ( 'NONE',  ( -30.62500000000002842, -41.46999999999992070, -14.00000000000000178 ) ) ;
#5431 = LINE ( 'NONE', #532, #4433 ) ;
#5432 = DIRECTION ( 'NONE',  ( -6.769652589177804587E-16, 1.000000000000000000, -1.777033804659173938E-15 ) ) ;
#5433 = EDGE_CURVE ( 'NONE', #5603, #370, #76, .T. ) ;
#5434 = ORIENTED_EDGE ( 'NONE', *, *, #2990, .T. ) ;
#5435 = ORIENTED_EDGE ( 'NONE', *, *, #2666, .F. ) ;
#5436 = CARTESIAN_POINT ( 'NONE',  ( 23.82500000000000284, -4.369999999999993889, -29.74884608556315158 ) ) ;
#5437 = CIRCLE ( 'NONE', #264, 1.549999999999999378 ) ;
#5438 = DIRECTION ( 'NONE',  ( -1.000000000000000000, 6.938893903907230350E-16, 9.860761315262647568E-32 ) ) ;
#5439 = ORIENTED_EDGE ( 'NONE', *, *, #2342, .T. ) ;
#5440 = ADVANCED_FACE ( 'NONE', ( #4256 ), #2386, .T. ) ;
#5441 = AXIS2_PLACEMENT_3D ( 'NONE', #711, #4912, #778 ) ;
#5442 = ORIENTED_EDGE ( 'NONE', *, *, #2521, .F. ) ;
#5443 = AXIS2_PLACEMENT_3D ( 'NONE', #5785, #3892, #3073 ) ;
#5444 = CARTESIAN_POINT ( 'NONE',  ( -22.13588179275025780, -0.7643035460296878636, -2.819018262673369080 ) ) ;
#5445 = CARTESIAN_POINT ( 'NONE',  ( 29.63080428090005469, -23.70397572104690909, -7.954786760017359626 ) ) ;
#5446 = CYLINDRICAL_SURFACE ( 'NONE', #4450, 1.000000000000001554 ) ;
#5447 = CIRCLE ( 'NONE', #3639, 1066.681666666833962 ) ;
#5448 = ADVANCED_FACE ( 'NONE', ( #1000 ), #536, .T. ) ;
#5449 = FACE_BOUND ( 'NONE', #2190, .T. ) ;
#5450 = AXIS2_PLACEMENT_3D ( 'NONE', #1695, #5248, #4899 ) ;
#5451 = DIRECTION ( 'NONE',  ( -8.326672684688675039E-16, 1.000000000000000000, 0.000000000000000000 ) ) ;
#5452 = AXIS2_PLACEMENT_3D ( 'NONE', #5224, #3849, #1545 ) ;
#5453 = VERTEX_POINT ( 'NONE', #1991 ) ;
#5454 = ORIENTED_EDGE ( 'NONE', *, *, #36, .F. ) ;
#5455 = TOROIDAL_SURFACE ( 'NONE', #2877, 8.000000000000000000, 2.000000000000000000 ) ;
#5456 = LINE ( 'NONE', #1359, #5927 ) ;
#5457 = CARTESIAN_POINT ( 'NONE',  ( -28.62500000000000355, -1.000000000000007772, 7.000000000000000000 ) ) ;
#5458 = EDGE_CURVE ( 'NONE', #4628, #1655, #3071, .T. ) ;
#5459 = VECTOR ( 'NONE', #2352, 1000.000000000000000 ) ;
#5460 = ORIENTED_EDGE ( 'NONE', *, *, #4915, .F. ) ;
#5461 = DIRECTION ( 'NONE',  ( 0.000000000000000000, 0.000000000000000000, -1.000000000000000000 ) ) ;
#5462 = CARTESIAN_POINT ( 'NONE',  ( -25.62500000000000711, -18.46999999999999176, -20.00000000000000000 ) ) ;
#5463 = CARTESIAN_POINT ( 'NONE',  ( 25.62500000000000711, -18.46999999999999176, -20.00000000000000000 ) ) ;
#5464 = FACE_OUTER_BOUND ( 'NONE', #4878, .T. ) ;
#5465 = CARTESIAN_POINT ( 'NONE',  ( 10.50000000000000000, 0.1000000000000011297, 15.00000000000000000 ) ) ;
#5466 = ORIENTED_EDGE ( 'NONE', *, *, #5288, .F. ) ;
#5467 = EDGE_CURVE ( 'NONE', #4896, #4739, #1456, .T. ) ;
#5468 = VERTEX_POINT ( 'NONE', #5606 ) ;
#5469 = EDGE_CURVE ( 'NONE', #2579, #4441, #116, .T. ) ;
#5470 = DIRECTION ( 'NONE',  ( -1.000000000000000000, -4.625929269271484928E-16, 0.000000000000000000 ) ) ;
#5471 = LINE ( 'NONE', #2782, #2353 ) ;
#5472 = ORIENTED_EDGE ( 'NONE', *, *, #4561, .T. ) ;
#5473 = AXIS2_PLACEMENT_3D ( 'NONE', #2227, #834, #348 ) ;
#5474 = VERTEX_POINT ( 'NONE', #1483 ) ;
#5475 = EDGE_CURVE ( 'NONE', #3191, #4482, #1507, .T. ) ;
#5476 = CIRCLE ( 'NONE', #5186, 18.49999999999998934 ) ;
#5477 = CARTESIAN_POINT ( 'NONE',  ( -19.40293875466042195, -0.9969953598994590882, -0.3238656742630618979 ) ) ;
#5478 = CARTESIAN_POINT ( 'NONE',  ( 28.32500000000000995, -10.46999999999998998, -20.00000000000000000 ) ) ;
#5479 = DIRECTION ( 'NONE',  ( 1.000000000000000000, -6.938893903907232322E-16, -0.000000000000000000 ) ) ;
#5480 = CARTESIAN_POINT ( 'NONE',  ( -10.63766891757775745, 0.1000000000000014627, 17.80000000000000426 ) ) ;
#5481 = LINE ( 'NONE', #1466, #5825 ) ;
#5482 = ORIENTED_EDGE ( 'NONE', *, *, #3377, .F. ) ;
#5483 = DIRECTION ( 'NONE',  ( 1.000000000000000000, -6.938893903907229364E-16, -9.860761315262647568E-32 ) ) ;
#5484 = DIRECTION ( 'NONE',  ( 1.000000000000000000, 0.000000000000000000, 0.000000000000000000 ) ) ;
#5485 = AXIS2_PLACEMENT_3D ( 'NONE', #3122, #5863, #5412 ) ;
#5486 = ORIENTED_EDGE ( 'NONE', *, *, #1847, .T. ) ;
#5487 = DIRECTION ( 'NONE',  ( 1.000000000000000000, -6.938893903907231336E-16, 0.000000000000000000 ) ) ;
#5488 = DIRECTION ( 'NONE',  ( 1.000000000000000000, 6.938893903907229364E-16, 9.860761315262647568E-32 ) ) ;
#5489 = CARTESIAN_POINT ( 'NONE',  ( -23.82500000000000995, -17.10043478260868355, -30.59657183213386134 ) ) ;
#5490 = LINE ( 'NONE', #1810, #791 ) ;
#5491 = DIRECTION ( 'NONE',  ( 1.000000000000000000, 6.938893903907229364E-16, 9.860761315262647568E-32 ) ) ;
#5492 = AXIS2_PLACEMENT_3D ( 'NONE', #1168, #3186, #1293 ) ;
#5493 = ORIENTED_EDGE ( 'NONE', *, *, #2413, .F. ) ;
#5494 = VERTEX_POINT ( 'NONE', #3311 ) ;
#5495 = CARTESIAN_POINT ( 'NONE',  ( 22.62500000000000355, -0.3369388277990171265, -4.682060731937222720 ) ) ;
#5496 = CARTESIAN_POINT ( 'NONE',  ( 30.62500000000000355, -4.369999999999989448, -29.74884608556315158 ) ) ;
#5497 = ORIENTED_EDGE ( 'NONE', *, *, #539, .F. ) ;
#5498 = ADVANCED_FACE ( 'NONE', ( #5077, #633 ), #142, .F. ) ;
#5499 = EDGE_CURVE ( 'NONE', #5474, #2164, #2009, .T. ) ;
#5500 = ORIENTED_EDGE ( 'NONE', *, *, #5900, .T. ) ;
#5501 = CARTESIAN_POINT ( 'NONE',  ( -1.612079743009422711E-15, 5.500000000000001776, -4.067564042545842997E-31 ) ) ;
#5502 = CARTESIAN_POINT ( 'NONE',  ( 30.62500000000000711, -10.46999999999998820, -20.00000000000000000 ) ) ;
#5503 = CARTESIAN_POINT ( 'NONE',  ( 28.62500000000001776, -23.99999999999998579, 0.000000000000000000 ) ) ;
#5504 = CYLINDRICAL_SURFACE ( 'NONE', #1807, 2.000000000000001776 ) ;
#5505 = CARTESIAN_POINT ( 'NONE',  ( -22.49748472143447842, -23.99300520675085124, -3.866248850349495836 ) ) ;
#5506 = ORIENTED_EDGE ( 'NONE', *, *, #1987, .F. ) ;
#5507 = ORIENTED_EDGE ( 'NONE', *, *, #1744, .T. ) ;
#5508 = DIRECTION ( 'NONE',  ( 3.469446951953611724E-16, -1.000000000000000000, -0.000000000000000000 ) ) ;
#5509 = CARTESIAN_POINT ( 'NONE',  ( -28.82159951090248740, -1.000000000753596963, 7.999999999246345972 ) ) ;
#5510 = CARTESIAN_POINT ( 'NONE',  ( 8.485281374238565988, 4.500000000000003553, 8.000000000000000000 ) ) ;
#5511 = CIRCLE ( 'NONE', #3784, 2.149999999999998135 ) ;
#5512 = EDGE_CURVE ( 'NONE', #2935, #3089, #976, .T. ) ;
#5513 = VERTEX_POINT ( 'NONE', #2361 ) ;
#5514 = DIRECTION ( 'NONE',  ( -3.061616997868382648E-16, 1.000000000000000000, 0.000000000000000000 ) ) ;
#5515 = CARTESIAN_POINT ( 'NONE',  ( 30.62500000000001776, -21.99999999999999289, 6.000000000000000000 ) ) ;
#5516 = DIRECTION ( 'NONE',  ( 0.000000000000000000, 1.000000000000000000, 0.000000000000000000 ) ) ;
#5517 = DIRECTION ( 'NONE',  ( -0.000000000000000000, 0.000000000000000000, 1.000000000000000000 ) ) ;
#5518 = EDGE_CURVE ( 'NONE', #5396, #631, #2689, .T. ) ;
#5519 = ORIENTED_EDGE ( 'NONE', *, *, #36, .T. ) ;
#5520 = VERTEX_POINT ( 'NONE', #3730 ) ;
#5521 = CARTESIAN_POINT ( 'NONE',  ( 30.62500000000000000, 1.649565217391318894, -23.06041483158718108 ) ) ;
#5522 = CARTESIAN_POINT ( 'NONE',  ( 26.82500000000000995, -15.56999999999998963, -20.00000000000000000 ) ) ;
#5523 = EDGE_LOOP ( 'NONE', ( #4901, #90, #1706, #5291 ) ) ;
#5524 = ADVANCED_FACE ( 'NONE', ( #4681 ), #574, .F. ) ;
#5525 =( BOUNDED_SURFACE ( )  B_SPLINE_SURFACE ( 3, 2, ( 
 ( #3779, #208, #4734 ),
 ( #2020, #2051, #141 ),
 ( #1937, #3871, #2894 ),
 ( #5695, #5605, #3397 ),
 ( #573, #5664, #3337 ),
 ( #632, #2418, #5218 ),
 ( #1990, #3806, #5634 ),
 ( #87, #115, #1538 ),
 ( #4283, #1119, #2949 ),
 ( #2987, #663, #3429 ),
 ( #4801, #4229, #696 ),
 ( #4200, #3757, #1482 ),
 ( #2862, #3310, #5131 ),
 ( #4680, #1211, #3497 ) ),
 .UNSPECIFIED., .F., .F., .F. ) 
 B_SPLINE_SURFACE_WITH_KNOTS ( ( 4, 2, 2, 2, 2, 2, 4 ),
 ( 3, 3 ),
 ( 4.712388980384689674, 5.105088062083414258, 5.497787143782138841, 5.694136684631501133, 5.890486225480863425, 6.086835766330224828, 6.283185307179587120 ),
 ( 0.000000000000000000, 1.000000000000000000 ),
 .UNSPECIFIED. ) 
 GEOMETRIC_REPRESENTATION_ITEM ( )  RATIONAL_B_SPLINE_SURFACE ( (
 ( 1.000000000000000000, 1.000000000000000000, 1.000000000000000000),
 ( 1.000000000000000000, 1.000158585517622933, 1.000000000000000000),
 ( 1.000000000000000000, 0.9867291829330976372, 1.000000000000000000),
 ( 1.000000000000000000, 0.9386556568292169223, 1.000000000000000000),
 ( 1.000000000000000000, 0.9038128751442804365, 1.000000000000000000),
 ( 1.000000000000000000, 0.8471316681045186758, 1.000000000000000000),
 ( 1.000000000000000000, 0.8275942589162181839, 1.000000000000000000),
 ( 1.000000000000000000, 0.7902180193271233222, 1.000000000000000000),
 ( 1.000000000000000000, 0.7723968094988336031, 1.000000000000000000),
 ( 1.000000000000000000, 0.7418334301983706691, 1.000000000000000000),
 ( 1.000000000000000000, 0.7291288848862662597, 1.000000000000000000),
 ( 1.000000000000000000, 0.7117460116570502038, 1.000000000000000000),
 ( 1.000000000000000000, 0.7070717215218231821, 1.000000000000000000),
 ( 1.000000000000000000, 0.7071067811865475727, 1.000000000000000000) ) ) 
 REPRESENTATION_ITEM ( '' )  SURFACE ( )  );
#5526 = ORIENTED_EDGE ( 'NONE', *, *, #2642, .T. ) ;
#5527 = DIRECTION ( 'NONE',  ( 1.000000000000000000, -6.938893903907229364E-16, -9.860761315262647568E-32 ) ) ;
#5528 = CARTESIAN_POINT ( 'NONE',  ( -17.62500000000000000, -0.9999999999999940048, 0.000000000000000000 ) ) ;
#5529 = DIRECTION ( 'NONE',  ( -7.390235228037255326E-16, -1.000000000000000000, 0.000000000000000000 ) ) ;
#5530 = DIRECTION ( 'NONE',  ( 0.000000000000000000, 0.000000000000000000, -1.000000000000000000 ) ) ;
#5531 = CIRCLE ( 'NONE', #4392, 1.000000000000000000 ) ;
#5532 = CIRCLE ( 'NONE', #3247, 11.00000000000000000 ) ;
#5533 = CARTESIAN_POINT ( 'NONE',  ( -22.11906514721782457, -23.99640985957186246, -2.783997165410173835 ) ) ;
#5534 = ORIENTED_EDGE ( 'NONE', *, *, #1439, .F. ) ;
#5535 = CARTESIAN_POINT ( 'NONE',  ( -30.62500000000000355, -4.369999999999989448, -29.74884608556315158 ) ) ;
#5536 = DIRECTION ( 'NONE',  ( -6.203362532614059057E-16, -1.000000000000000000, 0.000000000000000000 ) ) ;
#5537 = AXIS2_PLACEMENT_3D ( 'NONE', #520, #3317, #147 ) ;
#5538 = EDGE_CURVE ( 'NONE', #5312, #5299, #866, .T. ) ;
#5539 = CIRCLE ( 'NONE', #948, 7.500000000000000888 ) ;
#5540 = DIRECTION ( 'NONE',  ( -6.938893903907233308E-16, -1.000000000000000000, 0.000000000000000000 ) ) ;
#5541 = AXIS2_PLACEMENT_3D ( 'NONE', #429, #4999, #1767 ) ;
#5542 = AXIS2_PLACEMENT_3D ( 'NONE', #140, #4199, #1028 ) ;
#5543 = VECTOR ( 'NONE', #2838, 1000.000000000000000 ) ;
#5544 = VERTEX_POINT ( 'NONE', #794 ) ;
#5545 = CARTESIAN_POINT ( 'NONE',  ( 30.62500000000001421, -22.96999999999998820, -14.00000000000000000 ) ) ;
#5546 = EDGE_CURVE ( 'NONE', #4343, #647, #5734, .T. ) ;
#5547 = DIRECTION ( 'NONE',  ( 3.066914432666178839E-16, -1.000000000000000000, -0.000000000000000000 ) ) ;
#5548 = DIRECTION ( 'NONE',  ( -7.390235228037255326E-16, 1.000000000000000000, 0.000000000000000000 ) ) ;
#5549 = CIRCLE ( 'NONE', #5361, 5.499999999999998224 ) ;
#5550 = PLANE ( 'NONE',  #901 ) ;
#5551 = AXIS2_PLACEMENT_3D ( 'NONE', #5214, #1301, #3991 ) ;
#5552 = VERTEX_POINT ( 'NONE', #3430 ) ;
#5553 = ORIENTED_EDGE ( 'NONE', *, *, #4696, .F. ) ;
#5554 = EDGE_CURVE ( 'NONE', #3216, #3860, #4677, .T. ) ;
#5555 = TOROIDAL_SURFACE ( 'NONE', #775, 9.999999999999998224, 1.000000000000000000 ) ;
#5556 = DIRECTION ( 'NONE',  ( 1.000000000000000000, -6.938893903907232322E-16, -0.000000000000000000 ) ) ;
#5557 = EDGE_LOOP ( 'NONE', ( #2520, #904, #3025, #2662, #436, #5765, #4124, #576, #2573, #425, #1564, #5270, #5340, #2836, #416 ) ) ;
#5558 = ORIENTED_EDGE ( 'NONE', *, *, #5093, .T. ) ;
#5559 = DIRECTION ( 'NONE',  ( 0.000000000000000000, 0.000000000000000000, 1.000000000000000000 ) ) ;
#5560 = DIRECTION ( 'NONE',  ( 0.000000000000000000, -0.7071067811865511255, 0.7071067811865437980 ) ) ;
#5561 =( BOUNDED_CURVE ( )  B_SPLINE_CURVE ( 3, ( #1839, #3671, #3558, #821 ),
 .UNSPECIFIED., .F., .T. ) 
 B_SPLINE_CURVE_WITH_KNOTS ( ( 4, 4 ),
 ( 4.712388980384689674, 6.283185307179586232 ),
 .UNSPECIFIED. ) 
 CURVE ( )  GEOMETRIC_REPRESENTATION_ITEM ( )  RATIONAL_B_SPLINE_CURVE ( ( 1.000000000000000000, 0.8047378541243649375, 0.8047378541243649375, 1.000000000000000000 ) ) 
 REPRESENTATION_ITEM ( '' )  );
#5562 = CARTESIAN_POINT ( 'NONE',  ( -22.62500000000001421, -23.98828135042174736, -5.000000000000000000 ) ) ;
#5563 = ORIENTED_EDGE ( 'NONE', *, *, #1563, .F. ) ;
#5564 = DIRECTION ( 'NONE',  ( 3.469446951953613696E-16, -1.000000000000000000, 9.860761315262647568E-32 ) ) ;
#5565 = CARTESIAN_POINT ( 'NONE',  ( 18.91709609023306626, -23.99998797816488860, -0.1670518667704719018 ) ) ;
#5566 = CARTESIAN_POINT ( 'NONE',  ( -0.9999999999999885647, -26.20000000000000284, 20.00000000000000000 ) ) ;
#5567 = VERTEX_POINT ( 'NONE', #697 ) ;
#5568 = CIRCLE ( 'NONE', #1368, 0.9999999999999991118 ) ;
#5569 = EDGE_CURVE ( 'NONE', #3860, #279, #1152, .T. ) ;
#5570 = ADVANCED_FACE ( 'NONE', ( #4763 ), #5455, .T. ) ;
#5571 = VERTEX_POINT ( 'NONE', #1212 ) ;
#5572 = DIRECTION ( 'NONE',  ( 0.000000000000000000, -1.000000000000000000, 0.000000000000000000 ) ) ;
#5573 = FACE_OUTER_BOUND ( 'NONE', #3536, .T. ) ;
#5574 = CIRCLE ( 'NONE', #1760, 1.000000000000000888 ) ;
#5575 = CARTESIAN_POINT ( 'NONE',  ( 30.62500000000000355, -4.813145750507619169, -14.34314575050761320 ) ) ;
#5576 = DIRECTION ( 'NONE',  ( 3.469446951953613696E-16, -1.000000000000000000, 9.860761315262647568E-32 ) ) ;
#5577 = DIRECTION ( 'NONE',  ( 1.000000000000000000, 6.938893903907230350E-16, 1.972152263052529514E-31 ) ) ;
#5578 = EDGE_CURVE ( 'NONE', #2460, #1325, #1635, .T. ) ;
#5579 = EDGE_LOOP ( 'NONE', ( #1821, #3569 ) ) ;
#5580 = ORIENTED_EDGE ( 'NONE', *, *, #2282, .F. ) ;
#5581 = CARTESIAN_POINT ( 'NONE',  ( 25.62500000000000000, -2.469999999999991314, -20.00000000000000000 ) ) ;
#5582 = CARTESIAN_POINT ( 'NONE',  ( 30.62500000000001066, -16.46999999999997399, -14.00000000000000178 ) ) ;
#5583 = CARTESIAN_POINT ( 'NONE',  ( 2.690771712302679308, 0.3065413464263233578, 13.46042670588931323 ) ) ;
#5584 = ORIENTED_EDGE ( 'NONE', *, *, #2474, .T. ) ;
#5585 = ADVANCED_FACE ( 'NONE', ( #3995 ), #2950, .F. ) ;
#5586 = EDGE_LOOP ( 'NONE', ( #442, #2528, #3625, #4733 ) ) ;
#5587 = CARTESIAN_POINT ( 'NONE',  ( -25.62500000000000355, -4.813145750507622722, -14.34314575050761320 ) ) ;
#5588 = DIRECTION ( 'NONE',  ( 0.000000000000000000, 0.000000000000000000, -1.000000000000000000 ) ) ;
#5589 = DIRECTION ( 'NONE',  ( 1.000000000000000000, 0.000000000000000000, 0.000000000000000000 ) ) ;
#5590 = CARTESIAN_POINT ( 'NONE',  ( 8.485281374238565988, 4.499999999999976019, 0.000000000000000000 ) ) ;
#5591 = ORIENTED_EDGE ( 'NONE', *, *, #4217, .F. ) ;
#5592 = DIRECTION ( 'NONE',  ( 0.000000000000000000, 0.000000000000000000, 1.000000000000000000 ) ) ;
#5593 = CARTESIAN_POINT ( 'NONE',  ( 6.000000000000014211, -26.20000000000000284, 15.00000000000001421 ) ) ;
#5594 = LINE ( 'NONE', #3795, #476 ) ;
#5595 = VERTEX_POINT ( 'NONE', #3872 ) ;
#5596 = DIRECTION ( 'NONE',  ( 0.000000000000000000, 0.000000000000000000, -1.000000000000000000 ) ) ;
#5597 = DIRECTION ( 'NONE',  ( -1.000000000000000000, 6.938893903907232322E-16, 0.000000000000000000 ) ) ;
#5598 = CARTESIAN_POINT ( 'NONE',  ( 9.999999999999998224, 5.500000000000004441, 15.00000000000000178 ) ) ;
#5599 = AXIS2_PLACEMENT_3D ( 'NONE', #4418, #2498, #5239 ) ;
#5600 = CARTESIAN_POINT ( 'NONE',  ( -25.62500000000000355, -2.663145750507624587, -14.34314575050761320 ) ) ;
#5601 = EDGE_CURVE ( 'NONE', #2742, #1727, #3921, .T. ) ;
#5602 = CC_DESIGN_SECURITY_CLASSIFICATION ( #3786, ( #4079 ) ) ;
#5603 = VERTEX_POINT ( 'NONE', #5286 ) ;
#5604 = ORIENTED_EDGE ( 'NONE', *, *, #5427, .F. ) ;
#5605 = CARTESIAN_POINT ( 'NONE',  ( 30.48999769986629360, -22.79066511088537439, 6.790665110884678057 ) ) ;
#5606 = CARTESIAN_POINT ( 'NONE',  ( -23.82499999999999929, 1.649565217391312011, -23.06041483158718108 ) ) ;
#5607 = EDGE_CURVE ( 'NONE', #4605, #2259, #2631, .T. ) ;
#5608 = CARTESIAN_POINT ( 'NONE',  ( -23.82500000000001705, -5.369999999999993889, -29.74884608556315158 ) ) ;
#5609 = ORIENTED_EDGE ( 'NONE', *, *, #4882, .T. ) ;
#5610 = ORIENTED_EDGE ( 'NONE', *, *, #3039, .T. ) ;
#5611 = DIRECTION ( 'NONE',  ( 1.000000000000000000, 3.066914432666178839E-16, 0.000000000000000000 ) ) ;
#5612 = CARTESIAN_POINT ( 'NONE',  ( -8.485281374238550001, -58.05877273185281950, -4.067564042545842997E-31 ) ) ;
#5613 = ADVANCED_FACE ( 'NONE', ( #5696 ), #4864, .T. ) ;
#5614 = CARTESIAN_POINT ( 'NONE',  ( -28.62500000000001776, -23.97000000000004150, -7.999999999999653610 ) ) ;
#5615 = CARTESIAN_POINT ( 'NONE',  ( -28.62500000000000711, -10.46999999999998998, -20.00000000000000000 ) ) ;
#5616 = ORIENTED_EDGE ( 'NONE', *, *, #2761, .F. ) ;
#5617 = DIRECTION ( 'NONE',  ( 6.836348673800225775E-16, 1.000000000000000000, 0.000000000000000000 ) ) ;
#5618 = CARTESIAN_POINT ( 'NONE',  ( -7.999999999999998224, 0.1000000000000011297, 15.00000000000000000 ) ) ;
#5619 = LINE ( 'NONE', #2433, #1133 ) ;
#5620 = CARTESIAN_POINT ( 'NONE',  ( 8.485281374238565988, 4.499999999999976019, 7.000000000000000000 ) ) ;
#5621 = CIRCLE ( 'NONE', #542, 1.049999999999998934 ) ;
#5622 = AXIS2_PLACEMENT_3D ( 'NONE', #1383, #1916, #15 ) ;
#5623 = EDGE_LOOP ( 'NONE', ( #4064, #1309, #2476, #1719, #2654 ) ) ;
#5624 = AXIS2_PLACEMENT_3D ( 'NONE', #2074, #5719, #3217 ) ;
#5625 = AXIS2_PLACEMENT_3D ( 'NONE', #5814, #1204, #3961 ) ;
#5626 = CARTESIAN_POINT ( 'NONE',  ( 2.684678751731756741, -0.002607160607589673312, 16.55000000000000071 ) ) ;
#5627 = FACE_BOUND ( 'NONE', #5308, .T. ) ;
#5628 = DIRECTION ( 'NONE',  ( 1.000000000000000000, 6.938893903907231336E-16, 1.972152263052529514E-31 ) ) ;
#5629 = DIRECTION ( 'NONE',  ( 1.000000000000000000, 6.938893903907232322E-16, 0.000000000000000000 ) ) ;
#5630 = VECTOR ( 'NONE', #869, 1000.000000000000000 ) ;
#5631 = ORIENTED_EDGE ( 'NONE', *, *, #3494, .F. ) ;
#5632 = ORIENTED_EDGE ( 'NONE', *, *, #3708, .F. ) ;
#5633 = VECTOR ( 'NONE', #5611, 1000.000000000000000 ) ;
#5634 = CARTESIAN_POINT ( 'NONE',  ( 29.84497956991502221, -23.59021526042498706, 6.795107630212492644 ) ) ;
#5635 = DIRECTION ( 'NONE',  ( 1.000000000000000000, -6.938893903907230350E-16, -1.972152263052529514E-31 ) ) ;
#5636 = FACE_OUTER_BOUND ( 'NONE', #2088, .T. ) ;
#5637 = ORIENTED_EDGE ( 'NONE', *, *, #708, .F. ) ;
#5638 = CIRCLE ( 'NONE', #5265, 1066.681666666833962 ) ;
#5639 = VECTOR ( 'NONE', #886, 1000.000000000000000 ) ;
#5640 = EDGE_CURVE ( 'NONE', #3322, #4441, #2151, .T. ) ;
#5641 = ADVANCED_FACE ( 'NONE', ( #1596, #4385 ), #3939, .T. ) ;
#5642 = ORIENTED_EDGE ( 'NONE', *, *, #3059, .F. ) ;
#5643 = CIRCLE ( 'NONE', #2316, 2.000000000000000000 ) ;
#5644 = CARTESIAN_POINT ( 'NONE',  ( -30.62500000000001066, -16.46999999999997399, -14.00000000000000178 ) ) ;
#5645 = LINE ( 'NONE', #2451, #5087 ) ;
#5646 = FACE_BOUND ( 'NONE', #3656, .T. ) ;
#5647 = CARTESIAN_POINT ( 'NONE',  ( 8.878689293818307707E-15, -22.99999999999999289, 15.00000000000000000 ) ) ;
#5648 = ORIENTED_EDGE ( 'NONE', *, *, #3926, .T. ) ;
#5649 = FACE_OUTER_BOUND ( 'NONE', #4063, .T. ) ;
#5650 = CARTESIAN_POINT ( 'NONE',  ( 21.96244458868713068, -23.99712607679037291, -2.491112616591367956 ) ) ;
#5651 = B_SPLINE_CURVE_WITH_KNOTS ( 'NONE', 3,
 ( #5177, #1495, #4183, #1076, #5565, #3829, #128, #3299, #2485, #2907, #4723, #3745, #4664, #5650, #1887, #1469, #5117, #5206, #2933, #1949 ),
 .UNSPECIFIED., .F., .F.,
 ( 4, 2, 2, 2, 2, 2, 2, 2, 2, 4 ),
 ( 0.000000000000000000, 0.0009763517284878464120, 0.001464527592731769672, 0.001952703456975692824, 0.002929055185463529370, 0.003905406913951366566, 0.004881758642439203329, 0.005858110370927039658, 0.006834462099414877721, 0.007810813827902714050 ),
 .UNSPECIFIED. ) ;
#5652 = CARTESIAN_POINT ( 'NONE',  ( -25.62500000000000711, -18.46999999999999176, -20.00000000000000000 ) ) ;
#5653 = ORIENTED_EDGE ( 'NONE', *, *, #2174, .F. ) ;
#5654 = AXIS2_PLACEMENT_3D ( 'NONE', #5111, #1998, #93 ) ;
#5655 = EDGE_LOOP ( 'NONE', ( #2456, #1713 ) ) ;
#5656 = ORIENTED_EDGE ( 'NONE', *, *, #3613, .F. ) ;
#5657 = DIRECTION ( 'NONE',  ( 1.000000000000000000, -6.938893903907230350E-16, -1.972152263052529514E-31 ) ) ;
#5658 = TOROIDAL_SURFACE ( 'NONE', #585, 2.000000000000000000, 1.000000000000000000 ) ;
#5659 = FACE_BOUND ( 'NONE', #4167, .T. ) ;
#5660 = CIRCLE ( 'NONE', #1753, 1.999999999999998224 ) ;
#5661 = CARTESIAN_POINT ( 'NONE',  ( -25.62500000000000711, -17.17685424949240058, -14.34314575050765050 ) ) ;
#5662 = ORIENTED_EDGE ( 'NONE', *, *, #909, .T. ) ;
#5663 = ORIENTED_EDGE ( 'NONE', *, *, #1542, .F. ) ;
#5664 = CARTESIAN_POINT ( 'NONE',  ( 30.40302397096343157, -22.99127640711948573, 6.991276407119361380 ) ) ;
#5665 = CARTESIAN_POINT ( 'NONE',  ( -8.485281374238569541, 4.499999999999997335, -1.607575889660059556E-16 ) ) ;
#5666 = CARTESIAN_POINT ( 'NONE',  ( 2.952743562257179377, 1.336179695443772575, 14.04403766049095026 ) ) ;
#5667 = ORIENTED_EDGE ( 'NONE', *, *, #4991, .F. ) ;
#5668 = ORIENTED_EDGE ( 'NONE', *, *, #1543, .T. ) ;
#5669 = EDGE_LOOP ( 'NONE', ( #1117, #4678 ) ) ;
#5670 = DIRECTION ( 'NONE',  ( 0.000000000000000000, 1.000000000000000000, 0.000000000000000000 ) ) ;
#5671 = CARTESIAN_POINT ( 'NONE',  ( -25.62500000000000711, -20.61999999999999389, -20.00000000000000000 ) ) ;
#5672 = FACE_OUTER_BOUND ( 'NONE', #5159, .T. ) ;
#5673 = EDGE_CURVE ( 'NONE', #3502, #830, #5511, .T. ) ;
#5674 = ADVANCED_FACE ( 'NONE', ( #664 ), #5343, .T. ) ;
#5675 = DIRECTION ( 'NONE',  ( -1.000000000000000000, -3.066914432666178839E-16, 0.000000000000000000 ) ) ;
#5676 = AXIS2_PLACEMENT_3D ( 'NONE', #494, #4093, #1855 ) ;
#5677 = ORIENTED_EDGE ( 'NONE', *, *, #4990, .F. ) ;
#5678 = DIRECTION ( 'NONE',  ( -1.000000000000000000, 6.938893903907232322E-16, 0.000000000000000000 ) ) ;
#5679 = DIRECTION ( 'NONE',  ( 1.000000000000000000, -6.938893903907228378E-16, -0.000000000000000000 ) ) ;
#5680 = CARTESIAN_POINT ( 'NONE',  ( -30.62500000000001421, -22.58956521739129286, -23.06041483158719529 ) ) ;
#5681 = ORIENTED_EDGE ( 'NONE', *, *, #5003, .T. ) ;
#5682 = ADVANCED_FACE ( 'NONE', ( #2052 ), #4323, .F. ) ;
#5683 = CARTESIAN_POINT ( 'NONE',  ( 22.62500000000000000, -0.9999999999999917843, 0.000000000000000000 ) ) ;
#5684 = AXIS2_PLACEMENT_3D ( 'NONE', #4036, #3681, #5891 ) ;
#5685 = ORIENTED_EDGE ( 'NONE', *, *, #1008, .F. ) ;
#5686 = ORIENTED_EDGE ( 'NONE', *, *, #4223, .F. ) ;
#5687 = CYLINDRICAL_SURFACE ( 'NONE', #5624, 5.000000000000000888 ) ;
#5688 = FACE_OUTER_BOUND ( 'NONE', #4403, .T. ) ;
#5689 = APPROVAL_ROLE ( '' ) ;
#5690 = CARTESIAN_POINT ( 'NONE',  ( 28.62500000000000355, -0.9999999999999900080, 7.000000000000000000 ) ) ;
#5691 = EDGE_CURVE ( 'NONE', #3261, #4336, #3612, .T. ) ;
#5692 = CARTESIAN_POINT ( 'NONE',  ( 28.62500000000000355, -2.999999999999990230, 0.000000000000000000 ) ) ;
#5693 = VERTEX_POINT ( 'NONE', #1279 ) ;
#5694 = VERTEX_POINT ( 'NONE', #2294 ) ;
#5695 = CARTESIAN_POINT ( 'NONE',  ( 30.37257278571703267, -22.50361896949686269, 7.007237938993358561 ) ) ;
#5696 = FACE_OUTER_BOUND ( 'NONE', #4737, .T. ) ;
#5697 = CYLINDRICAL_SURFACE ( 'NONE', #3108, 1.000000000000001554 ) ;
#5698 = VERTEX_POINT ( 'NONE', #5014 ) ;
#5699 = CIRCLE ( 'NONE', #1878, 1.049999999999998934 ) ;
#5700 = VERTEX_POINT ( 'NONE', #5406 ) ;
#5701 = ORIENTED_EDGE ( 'NONE', *, *, #4725, .T. ) ;
#5702 = APPROVAL_PERSON_ORGANIZATION ( #3044, #5894, #5689 ) ;
#5703 = CARTESIAN_POINT ( 'NONE',  ( -30.62499999999927880, 1042.681666666833962, 0.000000000000000000 ) ) ;
#5704 = ADVANCED_FACE ( 'NONE', ( #4081 ), #1756, .F. ) ;
#5705 = DIRECTION ( 'NONE',  ( 1.000000000000000000, 0.000000000000000000, 0.000000000000000000 ) ) ;
#5706 = CARTESIAN_POINT ( 'NONE',  ( 28.32500000000001350, -17.10043478260868355, -30.59657183213385778 ) ) ;
#5707 = DIRECTION ( 'NONE',  ( 1.000000000000000000, -6.938893903907232322E-16, 0.000000000000000000 ) ) ;
#5708 = ORIENTED_EDGE ( 'NONE', *, *, #5942, .T. ) ;
#5709 = ADVANCED_FACE ( 'NONE', ( #3590 ), #418, .F. ) ;
#5710 = DIRECTION ( 'NONE',  ( -0.000000000000000000, 0.000000000000000000, 1.000000000000000000 ) ) ;
#5711 = CARTESIAN_POINT ( 'NONE',  ( -30.62500000000002132, -22.00000000000001066, 5.999999999999998224 ) ) ;
#5712 = DIRECTION ( 'NONE',  ( 0.000000000000000000, 0.000000000000000000, -1.000000000000000000 ) ) ;
#5713 = ORIENTED_EDGE ( 'NONE', *, *, #5601, .F. ) ;
#5714 = FACE_BOUND ( 'NONE', #832, .T. ) ;
#5715 = EDGE_CURVE ( 'NONE', #4330, #1325, #1493, .T. ) ;
#5716 = EDGE_CURVE ( 'NONE', #4374, #1994, #5037, .T. ) ;
#5717 = ORIENTED_EDGE ( 'NONE', *, *, #1804, .F. ) ;
#5718 = VERTEX_POINT ( 'NONE', #1809 ) ;
#5719 = DIRECTION ( 'NONE',  ( 6.938893903907232322E-16, -1.000000000000000000, 0.000000000000000000 ) ) ;
#5720 = FACE_BOUND ( 'NONE', #3528, .T. ) ;
#5721 = CIRCLE ( 'NONE', #3903, 1.549999999999999378 ) ;
#5722 = CARTESIAN_POINT ( 'NONE',  ( -28.62500000000000355, -3.000000000000007550, 8.000000000000000000 ) ) ;
#5723 = B_SPLINE_CURVE_WITH_KNOTS ( 'NONE', 3,
 ( #4506, #4018, #3242, #905, #469, #5933, #2711, #4049, #5848, #412, #2319, #5876, #3581, #5398, #4559, #4134 ),
 .UNSPECIFIED., .F., .F.,
 ( 4, 2, 2, 2, 2, 2, 2, 4 ),
 ( 0.008790299457282583009, 0.009888982617587237581, 0.01043832419773956313, 0.01098766577789188695, 0.01153700735804421423, 0.01208634893819653805, 0.01263569051834886360, 0.01318503209850118915 ),
 .UNSPECIFIED. ) ;
#5724 = AXIS2_PLACEMENT_3D ( 'NONE', #4747, #1105, #4694 ) ;
#5725 = CARTESIAN_POINT ( 'NONE',  ( 11.18732520091240268, -0.9999999999999952260, 8.000000000000000000 ) ) ;
#5726 = AXIS2_PLACEMENT_3D ( 'NONE', #201, #1111, #2942 ) ;
#5727 = EDGE_CURVE ( 'NONE', #2785, #1672, #2931, .T. ) ;
#5728 = ORIENTED_EDGE ( 'NONE', *, *, #5832, .F. ) ;
#5729 = DIRECTION ( 'NONE',  ( -6.938893903907233308E-16, 1.000000000000000000, 0.000000000000000000 ) ) ;
#5730 = CARTESIAN_POINT ( 'NONE',  ( -10.99999999999999822, -2.699999999999999734, 15.18344840891221281 ) ) ;
#5731 = DIRECTION ( 'NONE',  ( -1.000000000000000000, 6.938893903907232322E-16, 0.000000000000000000 ) ) ;
#5732 = CIRCLE ( 'NONE', #3165, 1.049999999999998490 ) ;
#5733 = AXIS2_PLACEMENT_3D ( 'NONE', #553, #1886, #127 ) ;
#5734 = CIRCLE ( 'NONE', #557, 16.49999999999998579 ) ;
#5735 = CARTESIAN_POINT ( 'NONE',  ( 28.62500000000001066, -16.46999999999997399, -14.00000000000000178 ) ) ;
#5736 = EDGE_LOOP ( 'NONE', ( #3838, #572, #4710, #3889, #1289 ) ) ;
#5737 = VECTOR ( 'NONE', #3028, 1000.000000000000000 ) ;
#5738 = EDGE_LOOP ( 'NONE', ( #281, #5408, #2676, #1250 ) ) ;
#5739 = VECTOR ( 'NONE', #2988, 1000.000000000000000 ) ;
#5740 = EDGE_LOOP ( 'NONE', ( #2332, #4789, #5497, #2475 ) ) ;
#5741 = CARTESIAN_POINT ( 'NONE',  ( -30.73768568794500311, -3.763145750507620679, -14.34314575050761320 ) ) ;
#5742 = CARTESIAN_POINT ( 'NONE',  ( -7.739510809550851356, 5.475515225924909579, 8.273104310206921497 ) ) ;
#5743 = CARTESIAN_POINT ( 'NONE',  ( 25.62500000000000711, -20.61999999999999389, -20.00000000000000000 ) ) ;
#5744 = CARTESIAN_POINT ( 'NONE',  ( -23.82500000000000995, -16.12685424949240343, -14.34314575050765050 ) ) ;
#5745 = DIRECTION ( 'NONE',  ( -6.938893903907228378E-16, 1.000000000000000000, 4.510281037539698445E-15 ) ) ;
#5746 = ORIENTED_EDGE ( 'NONE', *, *, #3683, .T. ) ;
#5747 = CARTESIAN_POINT ( 'NONE',  ( 6.243402487338409301, -23.99999999999998934, 7.081186530942444435 ) ) ;
#5748 = CARTESIAN_POINT ( 'NONE',  ( -29.81153773056855627, -23.65188955519615632, 7.651889555196324189 ) ) ;
#5749 = DIRECTION ( 'NONE',  ( -6.938893903907232322E-16, 1.000000000000000000, 0.000000000000000000 ) ) ;
#5750 = PLANE ( 'NONE',  #3433 ) ;
#5751 = ORIENTED_EDGE ( 'NONE', *, *, #2398, .T. ) ;
#5752 = ORIENTED_EDGE ( 'NONE', *, *, #4654, .T. ) ;
#5753 = CARTESIAN_POINT ( 'NONE',  ( -23.82500000000000284, -3.839565217391299079, -30.59657183213385778 ) ) ;
#5754 = CARTESIAN_POINT ( 'NONE',  ( 28.82159951090271832, -1.000000000753606288, 7.999999999246346860 ) ) ;
#5755 =( NAMED_UNIT ( * ) SI_UNIT ( $, .STERADIAN. ) SOLID_ANGLE_UNIT ( ) );
#5756 = CARTESIAN_POINT ( 'NONE',  ( -12.23805812397114856, -2.433796624112513380E-15, 8.000000000000000000 ) ) ;
#5757 = VECTOR ( 'NONE', #4010, 1000.000000000000000 ) ;
#5758 = EDGE_CURVE ( 'NONE', #2867, #339, #529, .T. ) ;
#5759 = DIRECTION ( 'NONE',  ( -0.000000000000000000, -0.000000000000000000, 1.000000000000000000 ) ) ;
#5760 = ORIENTED_EDGE ( 'NONE', *, *, #3675, .F. ) ;
#5761 = CARTESIAN_POINT ( 'NONE',  ( -5.499999999999998224, 7.100000000000000533, 15.00000000000000000 ) ) ;
#5762 = CARTESIAN_POINT ( 'NONE',  ( -10.96409381267918626, -2.556324586186508707, 15.90432667871181316 ) ) ;
#5763 = CARTESIAN_POINT ( 'NONE',  ( 30.62500000000002842, -41.46999999999992070, -14.00000000000000178 ) ) ;
#5764 = CARTESIAN_POINT ( 'NONE',  ( 3.099966036798931235, 1.649932073586985126, 14.89569186623669417 ) ) ;
#5765 = ORIENTED_EDGE ( 'NONE', *, *, #5716, .T. ) ;
#5766 = ADVANCED_FACE ( 'NONE', ( #391 ), #3113, .F. ) ;
#5767 = ORIENTED_EDGE ( 'NONE', *, *, #5640, .F. ) ;
#5768 = VERTEX_POINT ( 'NONE', #4055 ) ;
#5769 = CARTESIAN_POINT ( 'NONE',  ( -10.50000000000000000, 0.1000000000000011297, 15.00000000000000000 ) ) ;
#5770 = CARTESIAN_POINT ( 'NONE',  ( 7.500000000000013323, -29.19999999999999574, 15.00000000000000178 ) ) ;
#5771 = CARTESIAN_POINT ( 'NONE',  ( 8.351950196330077958, 5.016493323032025664, 8.048037714023873690 ) ) ;
#5772 = DIRECTION ( 'NONE',  ( 0.000000000000000000, -0.000000000000000000, 1.000000000000000000 ) ) ;
#5773 = EDGE_CURVE ( 'NONE', #213, #3964, #3516, .T. ) ;
#5774 = CARTESIAN_POINT ( 'NONE',  ( -10.79468245099709378, -1.500000000000009992, 8.000000000000000000 ) ) ;
#5775 = CIRCLE ( 'NONE', #1381, 1.000000000000002665 ) ;
#5776 = EDGE_LOOP ( 'NONE', ( #3641, #2108 ) ) ;
#5777 = VECTOR ( 'NONE', #4142, 1000.000000000000000 ) ;
#5778 = DIRECTION ( 'NONE',  ( 1.000000000000000000, 6.938893903907232322E-16, 0.000000000000000000 ) ) ;
#5779 = CARTESIAN_POINT ( 'NONE',  ( -29.14356511640545122, -23.93603330147193375, 6.968016650735955331 ) ) ;
#5780 = DIRECTION ( 'NONE',  ( -1.000000000000000000, 6.938893903907232322E-16, 0.000000000000000000 ) ) ;
#5781 = DIRECTION ( 'NONE',  ( 1.000000000000000000, 0.000000000000000000, -1.241116166072645175E-16 ) ) ;
#5782 = ORIENTED_EDGE ( 'NONE', *, *, #5538, .T. ) ;
#5783 = ORIENTED_EDGE ( 'NONE', *, *, #2908, .T. ) ;
#5784 = LINE ( 'NONE', #2109, #377 ) ;
#5785 = CARTESIAN_POINT ( 'NONE',  ( -30.62500000000000000, 0.6800000000000139266, -22.81558164506020958 ) ) ;
#5786 = APPROVAL_DATE_TIME ( #4793, #5894 ) ;
#5787 = CARTESIAN_POINT ( 'NONE',  ( -28.62499999999927880, 1042.681666666833962, 0.000000000000000000 ) ) ;
#5788 = EDGE_LOOP ( 'NONE', ( #3847, #5019, #5751, #2493 ) ) ;
#5789 = EDGE_CURVE ( 'NONE', #5875, #151, #3139, .T. ) ;
#5790 = EDGE_CURVE ( 'NONE', #3033, #4782, #5124, .T. ) ;
#5791 = CARTESIAN_POINT ( 'NONE',  ( 23.82500000000001350, -20.61999999999999389, -20.00000000000000000 ) ) ;
#5792 = DIRECTION ( 'NONE',  ( -4.906538933386822880E-16, -0.7071067811865512365, 0.7071067811865439090 ) ) ;
#5793 = DIRECTION ( 'NONE',  ( 3.469446951953613696E-16, -1.000000000000000000, 1.334825197374294974E-31 ) ) ;
#5794 = EDGE_LOOP ( 'NONE', ( #4840, #586, #5058, #31 ) ) ;
#5795 = AXIS2_PLACEMENT_3D ( 'NONE', #4955, #4057, #1785 ) ;
#5796 = ORIENTED_EDGE ( 'NONE', *, *, #937, .T. ) ;
#5797 = VERTEX_POINT ( 'NONE', #4591 ) ;
#5798 = EDGE_CURVE ( 'NONE', #5836, #4482, #5561, .T. ) ;
#5799 = CARTESIAN_POINT ( 'NONE',  ( -30.62500000000000355, -3.000000000000006217, 6.000000000000000000 ) ) ;
#5800 = DIRECTION ( 'NONE',  ( 0.000000000000000000, 1.000000000000000000, 0.000000000000000000 ) ) ;
#5801 = AXIS2_PLACEMENT_3D ( 'NONE', #24, #1418, #4250 ) ;
#5802 = DIRECTION ( 'NONE',  ( -1.000000000000000000, 0.000000000000000000, 0.000000000000000000 ) ) ;
#5803 = CARTESIAN_POINT ( 'NONE',  ( 28.62500000000000000, 0.7172701352723808155, -7.394428844850260418 ) ) ;
#5804 = EDGE_LOOP ( 'NONE', ( #3765, #400, #2050, #3124 ) ) ;
#5805 = EDGE_CURVE ( 'NONE', #230, #571, #2176, .T. ) ;
#5806 = DIRECTION ( 'NONE',  ( 0.000000000000000000, 1.000000000000000000, 0.000000000000000000 ) ) ;
#5807 = CARTESIAN_POINT ( 'NONE',  ( 30.62500000000000355, -2.663145750507621479, -14.34314575050761320 ) ) ;
#5808 = DIRECTION ( 'NONE',  ( 3.469446951953613696E-16, -1.000000000000000000, -0.000000000000000000 ) ) ;
#5809 = CARTESIAN_POINT ( 'NONE',  ( -23.82499999999999929, -2.469999999999992646, -20.00000000000000000 ) ) ;
#5810 = EDGE_CURVE ( 'NONE', #255, #5595, #922, .T. ) ;
#5811 = VERTEX_POINT ( 'NONE', #359 ) ;
#5812 = EDGE_LOOP ( 'NONE', ( #2816, #2245, #3592, #4294 ) ) ;
#5813 = DIRECTION ( 'NONE',  ( 3.469446951953613696E-16, -1.000000000000000000, -0.000000000000000000 ) ) ;
#5814 = CARTESIAN_POINT ( 'NONE',  ( 30.62499999999998934, 15.77854679802961968, 0.000000000000000000 ) ) ;
#5815 = DIRECTION ( 'NONE',  ( 0.000000000000000000, 0.000000000000000000, -1.000000000000000000 ) ) ;
#5816 = ORIENTED_EDGE ( 'NONE', *, *, #1992, .T. ) ;
#5817 = DIRECTION ( 'NONE',  ( -3.066914432666178839E-16, 1.000000000000000000, 0.000000000000000000 ) ) ;
#5818 = DIRECTION ( 'NONE',  ( -0.000000000000000000, -0.000000000000000000, -1.000000000000000000 ) ) ;
#5819 = CARTESIAN_POINT ( 'NONE',  ( -28.62500000000000000, -2.999999999999983125, 0.000000000000000000 ) ) ;
#5820 = CARTESIAN_POINT ( 'NONE',  ( -30.62500000000001776, -22.00000000000001066, 0.000000000000000000 ) ) ;
#5821 = VERTEX_POINT ( 'NONE', #5040 ) ;
#5822 = AXIS2_PLACEMENT_3D ( 'NONE', #5926, #4154, #4579 ) ;
#5823 = ORIENTED_EDGE ( 'NONE', *, *, #2514, .T. ) ;
#5824 = ORIENTED_EDGE ( 'NONE', *, *, #3942, .F. ) ;
#5825 = VECTOR ( 'NONE', #65, 1000.000000000000000 ) ;
#5826 = DIRECTION ( 'NONE',  ( 1.040834085586083310E-14, 0.000000000000000000, -1.000000000000000000 ) ) ;
#5827 = AXIS2_PLACEMENT_3D ( 'NONE', #3192, #1800, #2198 ) ;
#5828 = VECTOR ( 'NONE', #1963, 1000.000000000000000 ) ;
#5829 = DIRECTION ( 'NONE',  ( 0.000000000000000000, -1.000000000000000000, 0.000000000000000000 ) ) ;
#5830 = CARTESIAN_POINT ( 'NONE',  ( 30.62500000000000711, -8.259238285901474796, -11.80150231423953500 ) ) ;
#5831 = ORIENTED_EDGE ( 'NONE', *, *, #2186, .T. ) ;
#5832 = EDGE_CURVE ( 'NONE', #1672, #5698, #1722, .T. ) ;
#5833 = VECTOR ( 'NONE', #289, 1000.000000000000000 ) ;
#5834 = ADVANCED_FACE ( 'NONE', ( #2381 ), #2440, .F. ) ;
#5835 = VECTOR ( 'NONE', #2921, 1000.000000000000000 ) ;
#5836 = VERTEX_POINT ( 'NONE', #5515 ) ;
#5837 = CARTESIAN_POINT ( 'NONE',  ( -20.95361390817554792, -0.9546721392314391208, -1.254599139818704412 ) ) ;
#5838 = CARTESIAN_POINT ( 'NONE',  ( 29.84838408112418762, -23.55811807972294503, -7.930139563786853252 ) ) ;
#5839 = AXIS2_PLACEMENT_3D ( 'NONE', #939, #2325, #4140 ) ;
#5840 = AXIS2_PLACEMENT_3D ( 'NONE', #623, #4641, #5596 ) ;
#5841 = CARTESIAN_POINT ( 'NONE',  ( 10.48711766270269408, -0.9999999999999961142, 7.000000000000000000 ) ) ;
#5842 = VECTOR ( 'NONE', #3895, 1000.000000000000000 ) ;
#5843 = EDGE_CURVE ( 'NONE', #5168, #3471, #2803, .T. ) ;
#5844 = VECTOR ( 'NONE', #1203, 1000.000000000000000 ) ;
#5845 = VERTEX_POINT ( 'NONE', #4729 ) ;
#5846 = EDGE_LOOP ( 'NONE', ( #295, #2637 ) ) ;
#5847 = VECTOR ( 'NONE', #129, 1000.000000000000000 ) ;
#5848 = CARTESIAN_POINT ( 'NONE',  ( -10.86762466901240565, 2.325990933155653195, 16.70823627017254509 ) ) ;
#5849 = CARTESIAN_POINT ( 'NONE',  ( 30.48999769986597030, -2.209334889114841882, 6.790665110884510192 ) ) ;
#5850 = FACE_BOUND ( 'NONE', #2993, .T. ) ;
#5851 = ADVANCED_FACE ( 'NONE', ( #3331 ), #80, .F. ) ;
#5852 = ORIENTED_EDGE ( 'NONE', *, *, #2953, .F. ) ;
#5853 = DIRECTION ( 'NONE',  ( 6.938893903907232322E-16, -1.000000000000000000, 0.000000000000000000 ) ) ;
#5854 = CARTESIAN_POINT ( 'NONE',  ( -10.64254380149299450, -0.2690006244944684322, 17.78166301744962752 ) ) ;
#5855 = DIRECTION ( 'NONE',  ( -2.931054078198949621E-16, 1.000000000000000000, -7.395570986446985676E-32 ) ) ;
#5856 = LINE ( 'NONE', #4928, #3826 ) ;
#5857 = VERTEX_POINT ( 'NONE', #5598 ) ;
#5858 = CIRCLE ( 'NONE', #4219, 1.049999999999998934 ) ;
#5859 = VERTEX_POINT ( 'NONE', #993 ) ;
#5860 = ORIENTED_EDGE ( 'NONE', *, *, #2761, .T. ) ;
#5861 = DIRECTION ( 'NONE',  ( 1.000000000000000000, -6.938893903907230350E-16, -1.972152263052529514E-31 ) ) ;
#5862 = AXIS2_PLACEMENT_3D ( 'NONE', #627, #5629, #1590 ) ;
#5863 = DIRECTION ( 'NONE',  ( -2.931054078198949621E-16, 1.000000000000000000, -7.395570986446985676E-32 ) ) ;
#5864 = ORIENTED_EDGE ( 'NONE', *, *, #3535, .T. ) ;
#5865 = ORIENTED_EDGE ( 'NONE', *, *, #5790, .F. ) ;
#5866 = AXIS2_PLACEMENT_3D ( 'NONE', #4148, #5556, #1002 ) ;
#5867 = EDGE_CURVE ( 'NONE', #1775, #3564, #4362, .T. ) ;
#5868 = DIRECTION ( 'NONE',  ( 1.000000000000000000, 2.931054078198949621E-16, 0.000000000000000000 ) ) ;
#5869 = CARTESIAN_POINT ( 'NONE',  ( 30.62500000000000000, 0.7172701352723773738, -7.394428844850263971 ) ) ;
#5870 = EDGE_CURVE ( 'NONE', #4072, #3088, #1867, .T. ) ;
#5871 = DIRECTION ( 'NONE',  ( -6.938893903907232322E-16, -1.000000000000000000, 0.000000000000000000 ) ) ;
#5872 = CARTESIAN_POINT ( 'NONE',  ( 25.62500000000000711, -10.47000000000001663, -12.00000000000000000 ) ) ;
#5873 = CARTESIAN_POINT ( 'NONE',  ( -10.66112904889675939, 0.8294589776826192251, 12.29044011839249251 ) ) ;
#5874 = ORIENTED_EDGE ( 'NONE', *, *, #1478, .T. ) ;
#5875 = VERTEX_POINT ( 'NONE', #1023 ) ;
#5876 = CARTESIAN_POINT ( 'NONE',  ( -10.96409627955882016, 2.756340713120699171, 15.90438619761940231 ) ) ;
#5877 = CARTESIAN_POINT ( 'NONE',  ( -30.22433366422737677, -2.385453269740614779, 7.229093460518816627 ) ) ;
#5878 = ADVANCED_FACE ( 'NONE', ( #134 ), #1475, .T. ) ;
#5879 = CARTESIAN_POINT ( 'NONE',  ( -25.62500000000000355, -4.813145750507622722, -14.34314575050761320 ) ) ;
#5880 = EDGE_LOOP ( 'NONE', ( #1940, #2038, #3881, #5591 ) ) ;
#5881 = CARTESIAN_POINT ( 'NONE',  ( -30.62499999999999645, 1.400481377743834743, -9.215034448639004339 ) ) ;
#5882 = EDGE_CURVE ( 'NONE', #4964, #3200, #1055, .T. ) ;
#5883 = DIRECTION ( 'NONE',  ( 6.836348673800225775E-16, 1.000000000000000000, 0.000000000000000000 ) ) ;
#5884 = CARTESIAN_POINT ( 'NONE',  ( 8.274479732176862612, 5.127804285664536721, 8.076059404360790950 ) ) ;
#5885 = LINE ( 'NONE', #4115, #130 ) ;
#5886 = ORIENTED_EDGE ( 'NONE', *, *, #2474, .F. ) ;
#5887 = ORIENTED_EDGE ( 'NONE', *, *, #1278, .F. ) ;
#5888 = EDGE_LOOP ( 'NONE', ( #2213, #3288, #1593, #2634 ) ) ;
#5889 = EDGE_CURVE ( 'NONE', #1402, #4640, #1403, .T. ) ;
#5890 = CARTESIAN_POINT ( 'NONE',  ( 22.59493391547031749, -0.4251644390739002799, -4.366204799132929359 ) ) ;
#5891 = DIRECTION ( 'NONE',  ( 0.000000000000000000, -1.000000000000000000, 0.000000000000000000 ) ) ;
#5892 = EDGE_LOOP ( 'NONE', ( #5434, #5380 ) ) ;
#5893 = ORIENTED_EDGE ( 'NONE', *, *, #1015, .T. ) ;
#5894 = APPROVAL ( #2144, '未指定' ) ;
#5895 = VECTOR ( 'NONE', #1450, 1000.000000000000000 ) ;
#5896 = CARTESIAN_POINT ( 'NONE',  ( -22.62500000000000000, -0.2376834904517996505, -4.999999999999999112 ) ) ;
#5897 = CARTESIAN_POINT ( 'NONE',  ( 1.530808498934192064E-16, -12.89999999999999858, 15.00000000000000000 ) ) ;
#5898 = CARTESIAN_POINT ( 'NONE',  ( -28.62500000000000355, -2.000000000000007550, 7.000000000000000000 ) ) ;
#5899 = DIRECTION ( 'NONE',  ( 1.000000000000000000, 0.000000000000000000, 0.000000000000000000 ) ) ;
#5900 = EDGE_CURVE ( 'NONE', #3471, #2750, #5699, .T. ) ;
#5901 = LINE ( 'NONE', #3393, #5262 ) ;
#5902 = ORIENTED_EDGE ( 'NONE', *, *, #5188, .T. ) ;
#5903 = ORIENTED_EDGE ( 'NONE', *, *, #5157, .T. ) ;
#5904 = DIRECTION ( 'NONE',  ( -1.054747025274378568E-31, -1.520050659198664737E-16, -1.000000000000000000 ) ) ;
#5905 = CARTESIAN_POINT ( 'NONE',  ( -29.62730136216337584, -1.264336811214806344, 6.867831594392583838 ) ) ;
#5906 = CARTESIAN_POINT ( 'NONE',  ( 28.62499999999998934, 15.77854679802961968, 0.000000000000000000 ) ) ;
#5907 = EDGE_CURVE ( 'NONE', #541, #1837, #2655, .T. ) ;
#5908 = EDGE_CURVE ( 'NONE', #3682, #4517, #3882, .T. ) ;
#5909 = VERTEX_POINT ( 'NONE', #1958 ) ;
#5910 = CYLINDRICAL_SURFACE ( 'NONE', #2492, 1.000000000000000000 ) ;
#5911 = CARTESIAN_POINT ( 'NONE',  ( -23.82500000000000639, -10.46999999999999353, -20.00000000000000000 ) ) ;
#5912 = DIRECTION ( 'NONE',  ( 1.000000000000000000, -6.938893903907229364E-16, -9.860761315262647568E-32 ) ) ;
#5913 = DIRECTION ( 'NONE',  ( -0.000000000000000000, 1.000000000000000000, -0.000000000000000000 ) ) ;
#5914 = ADVANCED_FACE ( 'NONE', ( #3282 ), #3250, .T. ) ;
#5915 = ORIENTED_EDGE ( 'NONE', *, *, #4721, .F. ) ;
#5916 = ORIENTED_EDGE ( 'NONE', *, *, #4755, .T. ) ;
#5917 = DIRECTION ( 'NONE',  ( -0.000000000000000000, 0.000000000000000000, 1.000000000000000000 ) ) ;
#5918 = VECTOR ( 'NONE', #3764, 1000.000000000000000 ) ;
#5919 = CARTESIAN_POINT ( 'NONE',  ( -10.66100924997919464, -0.6274988448654393869, 12.28997224962906465 ) ) ;
#5920 = VERTEX_POINT ( 'NONE', #3697 ) ;
#5921 = CIRCLE ( 'NONE', #852, 2.149999999999997691 ) ;
#5922 = AXIS2_PLACEMENT_3D ( 'NONE', #4951, #2537, #5285 ) ;
#5923 = CARTESIAN_POINT ( 'NONE',  ( -20.69557362883159968, -0.9687446485140610575, -1.040172985754512780 ) ) ;
#5924 = FACE_OUTER_BOUND ( 'NONE', #3402, .T. ) ;
#5925 = AXIS2_PLACEMENT_3D ( 'NONE', #3447, #5778, #2522 ) ;
#5926 = CARTESIAN_POINT ( 'NONE',  ( -23.82499999999999929, 0.6800000000000091527, -22.81558164506020958 ) ) ;
#5927 = VECTOR ( 'NONE', #931, 1000.000000000000000 ) ;
#5928 = VECTOR ( 'NONE', #704, 1000.000000000000000 ) ;
#5929 = DIRECTION ( 'NONE',  ( 0.000000000000000000, 1.000000000000000000, 0.000000000000000000 ) ) ;
#5930 = AXIS2_PLACEMENT_3D ( 'NONE', #5703, #1096, #2926 ) ;
#5931 = ORIENTED_EDGE ( 'NONE', *, *, #1744, .F. ) ;
#5932 = ORIENTED_EDGE ( 'NONE', *, *, #4522, .F. ) ;
#5933 = CARTESIAN_POINT ( 'NONE',  ( -10.77313077360477322, 1.809657376054498501, 17.22496688053774605 ) ) ;
#5934 = CARTESIAN_POINT ( 'NONE',  ( -29.14356511640516345, -1.063966698528028720, 6.968016650735960660 ) ) ;
#5935 = FACE_OUTER_BOUND ( 'NONE', #4575, .T. ) ;
#5936 = CIRCLE ( 'NONE', #5551, 1.000000000000000888 ) ;
#5937 = AXIS2_PLACEMENT_3D ( 'NONE', #2972, #4785, #4340 ) ;
#5938 = ORIENTED_EDGE ( 'NONE', *, *, #2600, .F. ) ;
#5939 = DIRECTION ( 'NONE',  ( 0.000000000000000000, -1.000000000000000000, 0.000000000000000000 ) ) ;
#5940 = CARTESIAN_POINT ( 'NONE',  ( -12.23805812397114856, -2.000000000000002220, 8.000000000000000000 ) ) ;
#5941 = DIRECTION ( 'NONE',  ( 1.000000000000000000, 6.938893903907232322E-16, 0.000000000000000000 ) ) ;
#5942 = EDGE_CURVE ( 'NONE', #2154, #1781, #198, .T. ) ;
#5943 = EDGE_CURVE ( 'NONE', #3485, #3732, #4619, .T. ) ;
#5944 = CARTESIAN_POINT ( 'NONE',  ( 28.62500000000003197, -41.46999999999992070, -14.00000000000000178 ) ) ;
ENDSEC;
END-ISO-10303-21;
