ISO-10303-21;
HEADER;
FILE_DESCRIPTION (( 'STEP AP203' ),
    '1' );
FILE_NAME ('双轴柔性夹爪主体.STEP',
    '2026-09-15T03:06:39',
    ( '' ),
    ( '' ),
    'SwSTEP 2.0',
    'SolidWorks 2021',
    '' );
FILE_SCHEMA (( 'CONFIG_CONTROL_DESIGN' ));
ENDSEC;

DATA;
#1 = ORIENTED_EDGE ( 'NONE', *, *, #461, .T. ) ;
#2 = CARTESIAN_POINT ( 'NONE',  ( -1.315000000000015712, 8.673617379884035472E-16, -3.799999999999998490 ) ) ;
#3 = CC_DESIGN_PERSON_AND_ORGANIZATION_ASSIGNMENT ( #1925, #3062, ( #586 ) ) ;
#4 = CARTESIAN_POINT ( 'NONE',  ( -41.64561217260302328, 30.60000000000001208, 15.70000000000000284 ) ) ;
#5 = ORIENTED_EDGE ( 'NONE', *, *, #1765, .T. ) ;
#6 = DATE_AND_TIME ( #484, #1948 ) ;
#7 = ORIENTED_EDGE ( 'NONE', *, *, #2737, .T. ) ;
#8 = DIRECTION ( 'NONE',  ( 0.000000000000000000, -1.000000000000000000, 0.000000000000000000 ) ) ;
#9 = CYLINDRICAL_SURFACE ( 'NONE', #2738, 2.100000000000000533 ) ;
#10 = DIRECTION ( 'NONE',  ( -0.000000000000000000, -1.000000000000000000, -0.000000000000000000 ) ) ;
#11 = VECTOR ( 'NONE', #1169, 1000.000000000000000 ) ;
#12 = EDGE_CURVE ( 'NONE', #1355, #2918, #1429, .T. ) ;
#13 = ORIENTED_EDGE ( 'NONE', *, *, #610, .F. ) ;
#14 = CARTESIAN_POINT ( 'NONE',  ( -0.8149999999999871791, 17.26584280032444951, -17.19999999999999929 ) ) ;
#15 = CARTESIAN_POINT ( 'NONE',  ( -10.73499999999999588, 20.50000000000001066, 15.70000000000000284 ) ) ;
#16 = EDGE_CURVE ( 'NONE', #2717, #2241, #2044, .T. ) ;
#17 = VECTOR ( 'NONE', #1302, 1000.000000000000000 ) ;
#18 = CIRCLE ( 'NONE', #2437, 1.350000000000000533 ) ;
#19 = ORIENTED_EDGE ( 'NONE', *, *, #16, .F. ) ;
#20 = DIRECTION ( 'NONE',  ( 0.000000000000000000, 0.000000000000000000, 1.000000000000000000 ) ) ;
#21 = DIRECTION ( 'NONE',  ( 0.000000000000000000, 0.000000000000000000, -1.000000000000000000 ) ) ;
#22 = ORIENTED_EDGE ( 'NONE', *, *, #2462, .F. ) ;
#23 = DATE_AND_TIME ( #920, #292 ) ;
#24 = VERTEX_POINT ( 'NONE', #2422 ) ;
#25 = VERTEX_POINT ( 'NONE', #2603 ) ;
#26 = VECTOR ( 'NONE', #2245, 1000.000000000000000 ) ;
#27 = CARTESIAN_POINT ( 'NONE',  ( -13.33499999999999552, 20.50000000000001066, 21.39999999999999858 ) ) ;
#28 = DIRECTION ( 'NONE',  ( 0.000000000000000000, 0.000000000000000000, -1.000000000000000000 ) ) ;
#29 = VECTOR ( 'NONE', #1254, 1000.000000000000000 ) ;
#30 = ORIENTED_EDGE ( 'NONE', *, *, #1155, .F. ) ;
#31 = CARTESIAN_POINT ( 'NONE',  ( -29.04999999999999716, 6.624999999999992006, 6.899999999999998579 ) ) ;
#32 = DIRECTION ( 'NONE',  ( 0.000000000000000000, 0.000000000000000000, 1.000000000000000000 ) ) ;
#33 = CIRCLE ( 'NONE', #1332, 4.000000000000000000 ) ;
#34 = VERTEX_POINT ( 'NONE', #455 ) ;
#35 = CARTESIAN_POINT ( 'NONE',  ( -30.39999999999999503, 6.624999999999992006, 6.899999999999998579 ) ) ;
#36 = DIRECTION ( 'NONE',  ( -0.000000000000000000, -0.000000000000000000, 1.000000000000000000 ) ) ;
#37 = VECTOR ( 'NONE', #1064, 1000.000000000000000 ) ;
#38 = EDGE_CURVE ( 'NONE', #335, #2806, #952, .T. ) ;
#39 = CIRCLE ( 'NONE', #1197, 2.000000000000000000 ) ;
#40 = EDGE_LOOP ( 'NONE', ( #1863, #2450, #1467, #1265 ) ) ;
#41 = DIRECTION ( 'NONE',  ( -0.000000000000000000, 1.000000000000000000, -0.000000000000000000 ) ) ;
#42 = EDGE_CURVE ( 'NONE', #1003, #2169, #2838, .T. ) ;
#43 = ORIENTED_EDGE ( 'NONE', *, *, #1518, .T. ) ;
#44 = CARTESIAN_POINT ( 'NONE',  ( 4.341854249492384632, 4.500000000000000888, 0.6431457505076121350 ) ) ;
#45 = DIRECTION ( 'NONE',  ( -0.000000000000000000, 1.000000000000000000, -0.000000000000000000 ) ) ;
#46 = FACE_OUTER_BOUND ( 'NONE', #40, .T. ) ;
#47 = CIRCLE ( 'NONE', #2900, 1.349999999999996980 ) ;
#48 = CIRCLE ( 'NONE', #551, 1.000000000000000222 ) ;
#49 = CARTESIAN_POINT ( 'NONE',  ( 29.42000000000001236, 2.500000000000000000, 17.39999999999999858 ) ) ;
#50 = DIRECTION ( 'NONE',  ( -0.000000000000000000, 1.000000000000000000, -0.000000000000000000 ) ) ;
#51 = ORIENTED_EDGE ( 'NONE', *, *, #1573, .T. ) ;
#52 = CARTESIAN_POINT ( 'NONE',  ( 0.4627338498592362681, 0.7335208586901306171, 16.58104183385217212 ) ) ;
#53 = AXIS2_PLACEMENT_3D ( 'NONE', #1758, #89, #2924 ) ;
#54 = EDGE_CURVE ( 'NONE', #319, #337, #134, .T. ) ;
#55 = EDGE_LOOP ( 'NONE', ( #1682, #1462, #2630, #946 ) ) ;
#56 = CARTESIAN_POINT ( 'NONE',  ( 32.50000000000000711, 31.59999999999999787, 18.39999999999999858 ) ) ;
#57 = ORIENTED_EDGE ( 'NONE', *, *, #1881, .T. ) ;
#58 = DIRECTION ( 'NONE',  ( -0.000000000000000000, -0.000000000000000000, -1.000000000000000000 ) ) ;
#59 = EDGE_CURVE ( 'NONE', #2554, #1204, #2230, .T. ) ;
#60 = CARTESIAN_POINT ( 'NONE',  ( 18.79000000000000981, 30.60000000000000142, 123.9999999999999858 ) ) ;
#61 = DIRECTION ( 'NONE',  ( -0.000000000000000000, -1.000000000000000000, -0.000000000000000000 ) ) ;
#62 = VECTOR ( 'NONE', #2150, 1000.000000000000000 ) ;
#63 = LINE ( 'NONE', #1983, #2966 ) ;
#64 = DIRECTION ( 'NONE',  ( 0.000000000000000000, 0.000000000000000000, 1.000000000000000000 ) ) ;
#65 = EDGE_LOOP ( 'NONE', ( #22, #82 ) ) ;
#66 = CARTESIAN_POINT ( 'NONE',  ( -1.756935126985784690, 0.7963121085624568218, 16.70002380162351585 ) ) ;
#67 = AXIS2_PLACEMENT_3D ( 'NONE', #2957, #2486, #1315 ) ;
#68 = ORIENTED_EDGE ( 'NONE', *, *, #344, .F. ) ;
#69 = DIRECTION ( 'NONE',  ( -1.717547996016640734E-16, -1.000000000000000000, 0.000000000000000000 ) ) ;
#70 = AXIS2_PLACEMENT_3D ( 'NONE', #31, #992, #1952 ) ;
#71 = ADVANCED_FACE ( 'NONE', ( #1477 ), #1035, .F. ) ;
#72 = VERTEX_POINT ( 'NONE', #533 ) ;
#73 = CARTESIAN_POINT ( 'NONE',  ( -0.8099999999999929479, 12.50000000000001421, 16.89999999999999858 ) ) ;
#74 = AXIS2_PLACEMENT_3D ( 'NONE', #2294, #1569, #609 ) ;
#75 = CARTESIAN_POINT ( 'NONE',  ( 1.185000000000011600, 8.500000000000000000, -10.00000000000000178 ) ) ;
#76 = CARTESIAN_POINT ( 'NONE',  ( -0.3116307332822597642, 2.598764659395988996, 17.83332996764627154 ) ) ;
#77 = EDGE_CURVE ( 'NONE', #1474, #1755, #2726, .T. ) ;
#78 = FACE_OUTER_BOUND ( 'NONE', #618, .T. ) ;
#79 = AXIS2_PLACEMENT_3D ( 'NONE', #1110, #906, #2105 ) ;
#80 = CYLINDRICAL_SURFACE ( 'NONE', #2625, 1.050000000000000488 ) ;
#81 = EDGE_CURVE ( 'NONE', #198, #2106, #431, .T. ) ;
#82 = ORIENTED_EDGE ( 'NONE', *, *, #1765, .F. ) ;
#83 = CARTESIAN_POINT ( 'NONE',  ( 1.767446591180602322, 0.6240851273581398129, 16.32206510778704001 ) ) ;
#84 = CIRCLE ( 'NONE', #885, 1.050000000000001155 ) ;
#85 = AXIS2_PLACEMENT_3D ( 'NONE', #1591, #99, #347 ) ;
#86 = ORIENTED_EDGE ( 'NONE', *, *, #38, .T. ) ;
#87 = LINE ( 'NONE', #1973, #2088 ) ;
#88 = ORIENTED_EDGE ( 'NONE', *, *, #2750, .F. ) ;
#89 = DIRECTION ( 'NONE',  ( 0.000000000000000000, 1.000000000000000000, 0.000000000000000000 ) ) ;
#90 = AXIS2_PLACEMENT_3D ( 'NONE', #925, #876, #218 ) ;
#91 = AXIS2_PLACEMENT_3D ( 'NONE', #2154, #2118, #2167 ) ;
#92 = ORIENTED_EDGE ( 'NONE', *, *, #3002, .T. ) ;
#93 = CARTESIAN_POINT ( 'NONE',  ( -9.334999999999995524, 20.50000000000001066, 19.89999999999999858 ) ) ;
#94 = CARTESIAN_POINT ( 'NONE',  ( -32.49999999999999289, 8.500000000000000000, -10.00000000000000178 ) ) ;
#95 = EDGE_CURVE ( 'NONE', #1506, #2633, #1936, .T. ) ;
#96 = DIRECTION ( 'NONE',  ( 0.000000000000000000, 0.000000000000000000, -1.000000000000000000 ) ) ;
#97 = CYLINDRICAL_SURFACE ( 'NONE', #1574, 2.000000000000000000 ) ;
#98 = EDGE_CURVE ( 'NONE', #251, #736, #338, .T. ) ;
#99 = DIRECTION ( 'NONE',  ( 0.000000000000000000, 1.000000000000000000, 0.000000000000000000 ) ) ;
#100 = ORIENTED_EDGE ( 'NONE', *, *, #2699, .F. ) ;
#101 = DIRECTION ( 'NONE',  ( -0.000000000000000000, -1.000000000000000000, -0.000000000000000000 ) ) ;
#102 = ORIENTED_EDGE ( 'NONE', *, *, #3019, .T. ) ;
#103 = DIRECTION ( 'NONE',  ( -1.000000000000000000, 0.000000000000000000, 0.000000000000000000 ) ) ;
#104 = ORIENTED_EDGE ( 'NONE', *, *, #1214, .T. ) ;
#105 = DIRECTION ( 'NONE',  ( 1.000000000000000000, 0.000000000000000000, 0.000000000000000000 ) ) ;
#106 = LINE ( 'NONE', #2913, #2925 ) ;
#107 = DIRECTION ( 'NONE',  ( -0.000000000000000000, -0.000000000000000000, -1.000000000000000000 ) ) ;
#108 = DIRECTION ( 'NONE',  ( -0.000000000000000000, 1.000000000000000000, -0.000000000000000000 ) ) ;
#109 = ADVANCED_FACE ( 'NONE', ( #2939 ), #1297, .T. ) ;
#110 = AXIS2_PLACEMENT_3D ( 'NONE', #1550, #1325, #162 ) ;
#111 = DIRECTION ( 'NONE',  ( 0.000000000000000000, 0.000000000000000000, -1.000000000000000000 ) ) ;
#112 = EDGE_CURVE ( 'NONE', #1428, #1600, #1004, .T. ) ;
#113 = ORIENTED_EDGE ( 'NONE', *, *, #1354, .T. ) ;
#114 = CARTESIAN_POINT ( 'NONE',  ( -13.33499999999999552, 20.50000000000001066, 12.89999999999999858 ) ) ;
#115 = ORIENTED_EDGE ( 'NONE', *, *, #878, .F. ) ;
#116 = DIRECTION ( 'NONE',  ( 0.000000000000000000, 0.000000000000000000, 1.000000000000000000 ) ) ;
#117 = ORIENTED_EDGE ( 'NONE', *, *, #2975, .F. ) ;
#118 = AXIS2_PLACEMENT_3D ( 'NONE', #390, #373, #2755 ) ;
#119 = VECTOR ( 'NONE', #2398, 1000.000000000000000 ) ;
#120 = LINE ( 'NONE', #2024, #788 ) ;
#121 = LINE ( 'NONE', #1817, #1438 ) ;
#122 = DIRECTION ( 'NONE',  ( 1.000000000000000000, 0.000000000000000000, 0.000000000000000000 ) ) ;
#123 = FACE_OUTER_BOUND ( 'NONE', #2677, .T. ) ;
#124 = CARTESIAN_POINT ( 'NONE',  ( -1.314999999999986402, 0.5000000000000000000, 4.200000000000001066 ) ) ;
#125 = EDGE_CURVE ( 'NONE', #497, #639, #458, .T. ) ;
#126 = VERTEX_POINT ( 'NONE', #1976 ) ;
#127 = DIRECTION ( 'NONE',  ( 0.000000000000000000, 0.000000000000000000, 1.000000000000000000 ) ) ;
#128 = ORIENTED_EDGE ( 'NONE', *, *, #1657, .T. ) ;
#129 = CARTESIAN_POINT ( 'NONE',  ( 29.42000000000001236, 8.500000000000000000, -3.000000000000002665 ) ) ;
#130 = AXIS2_PLACEMENT_3D ( 'NONE', #2381, #2856, #1436 ) ;
#131 = EDGE_CURVE ( 'NONE', #2896, #2227, #2247, .T. ) ;
#132 = ORIENTED_EDGE ( 'NONE', *, *, #1038, .F. ) ;
#133 = FACE_BOUND ( 'NONE', #65, .T. ) ;
#134 = CIRCLE ( 'NONE', #1785, 2.000000000000000000 ) ;
#135 = DIRECTION ( 'NONE',  ( 1.717547996016640734E-16, 1.000000000000000000, -0.000000000000000000 ) ) ;
#136 = FACE_OUTER_BOUND ( 'NONE', #2324, .T. ) ;
#137 = CIRCLE ( 'NONE', #543, 2.100000000000000533 ) ;
#138 = APPROVAL_PERSON_ORGANIZATION ( #199, #658, #1632 ) ;
#139 = FACE_OUTER_BOUND ( 'NONE', #1340, .T. ) ;
#140 = CARTESIAN_POINT ( 'NONE',  ( -13.33499999999999552, 20.50000000000001066, 15.70000000000000284 ) ) ;
#141 = DIRECTION ( 'NONE',  ( 0.000000000000000000, 0.000000000000000000, -1.000000000000000000 ) ) ;
#142 = CARTESIAN_POINT ( 'NONE',  ( 1.185000000000012932, -1.999999999999999556, -17.19999999999999929 ) ) ;
#143 = ORIENTED_EDGE ( 'NONE', *, *, #1576, .F. ) ;
#144 = EDGE_LOOP ( 'NONE', ( #2879, #102, #2651, #409 ) ) ;
#145 = CYLINDRICAL_SURFACE ( 'NONE', #1818, 2.100000000000000089 ) ;
#146 = AXIS2_PLACEMENT_3D ( 'NONE', #2021, #821, #1782 ) ;
#147 = ORIENTED_EDGE ( 'NONE', *, *, #1053, .T. ) ;
#148 = DIRECTION ( 'NONE',  ( 0.000000000000000000, 1.000000000000000000, 0.000000000000000000 ) ) ;
#149 = ORIENTED_EDGE ( 'NONE', *, *, #192, .F. ) ;
#150 = DIRECTION ( 'NONE',  ( 0.000000000000000000, 0.000000000000000000, 1.000000000000000000 ) ) ;
#151 = DIRECTION ( 'NONE',  ( -0.000000000000000000, 1.000000000000000000, -0.000000000000000000 ) ) ;
#152 = ORIENTED_EDGE ( 'NONE', *, *, #2548, .T. ) ;
#153 = EDGE_CURVE ( 'NONE', #560, #1396, #2612, .T. ) ;
#154 = DIRECTION ( 'NONE',  ( -0.000000000000000000, 1.000000000000000000, -0.000000000000000000 ) ) ;
#155 = LINE ( 'NONE', #679, #701 ) ;
#156 = DIRECTION ( 'NONE',  ( 0.000000000000000000, 0.000000000000000000, -1.000000000000000000 ) ) ;
#157 = CARTESIAN_POINT ( 'NONE',  ( -15.08499999999999730, 20.50000000000001066, 17.90000000000000213 ) ) ;
#158 = VERTEX_POINT ( 'NONE', #1947 ) ;
#159 = EDGE_LOOP ( 'NONE', ( #1050, #2588 ) ) ;
#160 = FACE_OUTER_BOUND ( 'NONE', #2413, .T. ) ;
#161 = EDGE_LOOP ( 'NONE', ( #13, #570, #1602, #2285 ) ) ;
#162 = DIRECTION ( 'NONE',  ( 0.000000000000000000, 0.000000000000000000, 1.000000000000000000 ) ) ;
#163 = ORIENTED_EDGE ( 'NONE', *, *, #770, .F. ) ;
#164 = ADVANCED_FACE ( 'NONE', ( #2665, #322 ), #2009, .T. ) ;
#165 = DIRECTION ( 'NONE',  ( 0.000000000000000000, 1.000000000000000000, 0.000000000000000000 ) ) ;
#166 = ORIENTED_EDGE ( 'NONE', *, *, #2794, .F. ) ;
#167 = EDGE_CURVE ( 'NONE', #2073, #1031, #1807, .T. ) ;
#168 = CARTESIAN_POINT ( 'NONE',  ( -0.8099999999999929479, 28.50000000000001421, 16.89999999999999858 ) ) ;
#169 = CARTESIAN_POINT ( 'NONE',  ( -5.814999999999987068, 2.500000000000000000, -10.00000000000000178 ) ) ;
#170 = EDGE_CURVE ( 'NONE', #1031, #2276, #2691, .T. ) ;
#171 = DIRECTION ( 'NONE',  ( 1.000000000000000000, 0.000000000000000000, 0.000000000000000000 ) ) ;
#172 = LINE ( 'NONE', #1660, #980 ) ;
#173 = AXIS2_PLACEMENT_3D ( 'NONE', #794, #1756, #1237 ) ;
#174 = ORIENTED_EDGE ( 'NONE', *, *, #953, .F. ) ;
#175 = CARTESIAN_POINT ( 'NONE',  ( -1.314999999999986402, -1.999999999999999556, 9.300000000000000711 ) ) ;
#176 = ORIENTED_EDGE ( 'NONE', *, *, #1919, .T. ) ;
#177 = CARTESIAN_POINT ( 'NONE',  ( 1.290000000000007807, 12.50000000000001421, 16.89999999999999858 ) ) ;
#178 = AXIS2_PLACEMENT_3D ( 'NONE', #1266, #2439, #1962 ) ;
#179 = VERTEX_POINT ( 'NONE', #1509 ) ;
#180 = FACE_OUTER_BOUND ( 'NONE', #2733, .T. ) ;
#181 = AXIS2_PLACEMENT_3D ( 'NONE', #2315, #600, #141 ) ;
#182 = CARTESIAN_POINT ( 'NONE',  ( -5.814999999999987068, 2.500000000000000444, -10.00000000000000178 ) ) ;
#183 = ORIENTED_EDGE ( 'NONE', *, *, #42, .T. ) ;
#184 = AXIS2_PLACEMENT_3D ( 'NONE', #970, #1915, #2867 ) ;
#185 = CIRCLE ( 'NONE', #1242, 1.050000000000000488 ) ;
#186 = CC_DESIGN_APPROVAL ( #1582, ( #2144 ) ) ;
#187 = CARTESIAN_POINT ( 'NONE',  ( -3.814999999999988844, 0.5000000000000004441, -12.00000000000000178 ) ) ;
#188 = LINE ( 'NONE', #1868, #2989 ) ;
#189 = AXIS2_PLACEMENT_3D ( 'NONE', #2092, #1853, #3080 ) ;
#190 = CARTESIAN_POINT ( 'NONE',  ( 1.185000000000011600, 17.26584280032444951, -9.584048752090220447 ) ) ;
#191 = CYLINDRICAL_SURFACE ( 'NONE', #2724, 1.350000000000000533 ) ;
#192 = EDGE_CURVE ( 'NONE', #1061, #2284, #603, .T. ) ;
#193 = ORIENTED_EDGE ( 'NONE', *, *, #1096, .F. ) ;
#194 = CARTESIAN_POINT ( 'NONE',  ( -0.8099999999999929479, 12.50000000000001421, 8.400000000000000355 ) ) ;
#195 = DIRECTION ( 'NONE',  ( 0.000000000000000000, -1.000000000000000000, 0.000000000000000000 ) ) ;
#196 = AXIS2_PLACEMENT_3D ( 'NONE', #1331, #860, #660 ) ;
#197 = DIRECTION ( 'NONE',  ( 0.000000000000000000, 1.000000000000000000, 0.000000000000000000 ) ) ;
#198 = VERTEX_POINT ( 'NONE', #1535 ) ;
#199 = PERSON_AND_ORGANIZATION ( #910, #1243 ) ;
#200 = FACE_OUTER_BOUND ( 'NONE', #2746, .T. ) ;
#201 = ORIENTED_EDGE ( 'NONE', *, *, #482, .T. ) ;
#202 = EDGE_LOOP ( 'NONE', ( #1757, #1013, #847, #865 ) ) ;
#203 = CARTESIAN_POINT ( 'NONE',  ( -0.8149999999999871791, -1.999999999999998224, -15.19999999999999929 ) ) ;
#204 = CARTESIAN_POINT ( 'NONE',  ( -32.04999999999999005, 24.59999999999998366, 18.39999999999999858 ) ) ;
#205 = CARTESIAN_POINT ( 'NONE',  ( -15.93499999999999694, 20.50000000000001066, 17.90000000000000213 ) ) ;
#206 = ADVANCED_FACE ( 'NONE', ( #2468 ), #310, .F. ) ;
#207 = ORIENTED_EDGE ( 'NONE', *, *, #878, .T. ) ;
#208 = DIRECTION ( 'NONE',  ( -1.000000000000000000, 0.000000000000000000, 0.000000000000000000 ) ) ;
#209 = CARTESIAN_POINT ( 'NONE',  ( 0.1900000000000073297, 12.50000000000001421, 15.70000000000000284 ) ) ;
#210 = EDGE_CURVE ( 'NONE', #497, #1829, #2715, .T. ) ;
#211 = CARTESIAN_POINT ( 'NONE',  ( -3.518018721116667802, 0.6996925765748819304, 16.51243731886189536 ) ) ;
#212 = ORIENTED_EDGE ( 'NONE', *, *, #2794, .T. ) ;
#213 = AXIS2_PLACEMENT_3D ( 'NONE', #2130, #2807, #3071 ) ;
#214 = APPROVAL_STATUS ( 'not_yet_approved' ) ;
#215 = ADVANCED_FACE ( 'NONE', ( #1813 ), #637, .F. ) ;
#216 = ORIENTED_EDGE ( 'NONE', *, *, #2449, .T. ) ;
#217 = VERTEX_POINT ( 'NONE', #1601 ) ;
#218 = DIRECTION ( 'NONE',  ( 0.000000000000000000, 0.000000000000000000, 1.000000000000000000 ) ) ;
#219 = FACE_OUTER_BOUND ( 'NONE', #2336, .T. ) ;
#220 = EDGE_LOOP ( 'NONE', ( #1814, #1365 ) ) ;
#221 = AXIS2_PLACEMENT_3D ( 'NONE', #659, #470, #441 ) ;
#222 = DIRECTION ( 'NONE',  ( 0.000000000000000000, 1.000000000000000000, 0.000000000000000000 ) ) ;
#223 = DIRECTION ( 'NONE',  ( 0.000000000000000000, 0.000000000000000000, -1.000000000000000000 ) ) ;
#224 = ORIENTED_EDGE ( 'NONE', *, *, #1155, .T. ) ;
#225 = LINE ( 'NONE', #2627, #359 ) ;
#226 = CARTESIAN_POINT ( 'NONE',  ( -21.40999999999999304, 30.60000000000000142, 123.9999999999999858 ) ) ;
#227 = AXIS2_PLACEMENT_3D ( 'NONE', #1811, #2793, #2032 ) ;
#228 = EDGE_CURVE ( 'NONE', #2633, #1506, #2812, .T. ) ;
#229 = EDGE_LOOP ( 'NONE', ( #1537, #1552, #748, #1090 ) ) ;
#230 = ORIENTED_EDGE ( 'NONE', *, *, #192, .T. ) ;
#231 = DIRECTION ( 'NONE',  ( 0.000000000000000000, 1.000000000000000000, 0.000000000000000000 ) ) ;
#232 = ADVANCED_FACE ( 'NONE', ( #2552 ), #1341, .F. ) ;
#233 = DIRECTION ( 'NONE',  ( -0.000000000000000000, -0.000000000000000000, 1.000000000000000000 ) ) ;
#234 = FACE_OUTER_BOUND ( 'NONE', #1343, .T. ) ;
#235 = AXIS2_PLACEMENT_3D ( 'NONE', #741, #268, #2640 ) ;
#236 = VECTOR ( 'NONE', #905, 1000.000000000000000 ) ;
#237 = EDGE_LOOP ( 'NONE', ( #835, #735, #1208, #3006 ) ) ;
#238 = DIRECTION ( 'NONE',  ( 0.000000000000000000, 0.000000000000000000, 1.000000000000000000 ) ) ;
#239 = DIRECTION ( 'NONE',  ( -0.000000000000000000, -0.000000000000000000, 1.000000000000000000 ) ) ;
#240 = AXIS2_PLACEMENT_3D ( 'NONE', #2123, #1637, #456 ) ;
#241 = ORIENTED_EDGE ( 'NONE', *, *, #125, .T. ) ;
#242 = CARTESIAN_POINT ( 'NONE',  ( 4.341854249492384632, -1.999999999999999556, -2.506854249492388220 ) ) ;
#243 = CARTESIAN_POINT ( 'NONE',  ( -1.314999999975728917, 0.7962988330808475901, 16.70000000000000284 ) ) ;
#244 = ORIENTED_EDGE ( 'NONE', *, *, #1754, .F. ) ;
#245 = EDGE_CURVE ( 'NONE', #1460, #2438, #914, .T. ) ;
#246 = ORIENTED_EDGE ( 'NONE', *, *, #1374, .F. ) ;
#247 = ORIENTED_EDGE ( 'NONE', *, *, #1576, .T. ) ;
#248 = PLANE ( 'NONE',  #2500 ) ;
#249 = FACE_OUTER_BOUND ( 'NONE', #237, .T. ) ;
#250 = ADVANCED_FACE ( 'NONE', ( #398 ), #1581, .F. ) ;
#251 = VERTEX_POINT ( 'NONE', #1123 ) ;
#252 = FACE_BOUND ( 'NONE', #2642, .T. ) ;
#253 = LINE ( 'NONE', #993, #119 ) ;
#254 = ORIENTED_EDGE ( 'NONE', *, *, #1610, .T. ) ;
#255 = CARTESIAN_POINT ( 'NONE',  ( 1.883060893869951125, 2.122567391185325558, 16.29315509445804011 ) ) ;
#256 = DIRECTION ( 'NONE',  ( -0.000000000000000000, -1.000000000000000000, -0.000000000000000000 ) ) ;
#257 = PRODUCT_DEFINITION_SHAPE ( 'NONE', 'NONE',  #2144 ) ;
#258 = ORIENTED_EDGE ( 'NONE', *, *, #81, .F. ) ;
#259 = APPROVAL_DATE_TIME ( #6, #1582 ) ;
#260 = EDGE_LOOP ( 'NONE', ( #1764, #1583, #410, #183, #1928, #1831 ) ) ;
#261 = ORIENTED_EDGE ( 'NONE', *, *, #1482, .T. ) ;
#262 = AXIS2_PLACEMENT_3D ( 'NONE', #1647, #197, #1156 ) ;
#263 = CARTESIAN_POINT ( 'NONE',  ( 0.000000000000000000, 2.500000000000000000, 0.000000000000000000 ) ) ;
#264 = CARTESIAN_POINT ( 'NONE',  ( -13.33499999999999552, 20.50000000000001066, 17.90000000000000213 ) ) ;
#265 = VECTOR ( 'NONE', #1860, 1000.000000000000000 ) ;
#266 = EDGE_CURVE ( 'NONE', #493, #2149, #1100, .T. ) ;
#267 = VERTEX_POINT ( 'NONE', #2034 ) ;
#268 = DIRECTION ( 'NONE',  ( 0.000000000000000000, 0.000000000000000000, -1.000000000000000000 ) ) ;
#269 = DIRECTION ( 'NONE',  ( 0.000000000000000000, 0.000000000000000000, 1.000000000000000000 ) ) ;
#270 = ADVANCED_FACE ( 'NONE', ( #3010, #2730 ), #887, .T. ) ;
#271 = VECTOR ( 'NONE', #812, 1000.000000000000000 ) ;
#272 = AXIS2_PLACEMENT_3D ( 'NONE', #2430, #269, #3086 ) ;
#273 = ORIENTED_EDGE ( 'NONE', *, *, #2887, .F. ) ;
#274 = CARTESIAN_POINT ( 'NONE',  ( 2.311889693627218634, 2.159586938779645582, 16.17016166378661168 ) ) ;
#275 = LINE ( 'NONE', #1800, #236 ) ;
#276 = ORIENTED_EDGE ( 'NONE', *, *, #734, .F. ) ;
#277 = CARTESIAN_POINT ( 'NONE',  ( 4.341854249492384632, 23.00000000000000355, -0.4068542494923889086 ) ) ;
#278 = ORIENTED_EDGE ( 'NONE', *, *, #2302, .T. ) ;
#279 = DIRECTION ( 'NONE',  ( -0.000000000000000000, -0.000000000000000000, -1.000000000000000000 ) ) ;
#280 = VECTOR ( 'NONE', #2304, 1000.000000000000000 ) ;
#281 = LINE ( 'NONE', #1730, #591 ) ;
#282 = DIRECTION ( 'NONE',  ( 1.000000000000000000, 0.000000000000000000, 0.000000000000000000 ) ) ;
#283 = ORIENTED_EDGE ( 'NONE', *, *, #2611, .T. ) ;
#284 = DIRECTION ( 'NONE',  ( 0.000000000000000000, 0.000000000000000000, 1.000000000000000000 ) ) ;
#285 = CARTESIAN_POINT ( 'NONE',  ( -0.000000000000000000, 2.500000000000000000, 17.39999999999999858 ) ) ;
#286 = CIRCLE ( 'NONE', #1590, 1.349999999999996980 ) ;
#287 = EDGE_CURVE ( 'NONE', #740, #2894, #845, .T. ) ;
#288 = UNCERTAINTY_MEASURE_WITH_UNIT (LENGTH_MEASURE( 1.000000000000000082E-05 ), #2070, 'distance_accuracy_value', 'NONE');
#289 = VERTEX_POINT ( 'NONE', #129 ) ;
#290 = CARTESIAN_POINT ( 'NONE',  ( 2.260638045784756578, 2.541361708730859981, 17.68719850850072817 ) ) ;
#291 = VECTOR ( 'NONE', #1459, 1000.000000000000000 ) ;
#292 = LOCAL_TIME ( 11, 6, 39.00000000000000000, #502 ) ;
#293 = EDGE_CURVE ( 'NONE', #1987, #126, #2320, .T. ) ;
#294 = EDGE_LOOP ( 'NONE', ( #2290, #193, #201, #30 ) ) ;
#295 = LINE ( 'NONE', #2908, #2972 ) ;
#296 = ORIENTED_EDGE ( 'NONE', *, *, #358, .T. ) ;
#297 = DIRECTION ( 'NONE',  ( 0.000000000000000000, 0.000000000000000000, 1.000000000000000000 ) ) ;
#298 = DIRECTION ( 'NONE',  ( 0.000000000000000000, -1.000000000000000000, 0.000000000000000000 ) ) ;
#299 = CARTESIAN_POINT ( 'NONE',  ( -2.318077413979326540, 2.598767895755854429, 17.83333669853085368 ) ) ;
#300 = CIRCLE ( 'NONE', #599, 1.349999999999996980 ) ;
#301 = CARTESIAN_POINT ( 'NONE',  ( 18.79000000000000625, 10.40000000000000213, 9.999999999999998224 ) ) ;
#302 = CYLINDRICAL_SURFACE ( 'NONE', #367, 2.100000000000000533 ) ;
#303 = EDGE_CURVE ( 'NONE', #1662, #2872, #48, .T. ) ;
#304 = ORIENTED_EDGE ( 'NONE', *, *, #861, .F. ) ;
#305 = CARTESIAN_POINT ( 'NONE',  ( -3.618181826580752158, 2.075949975329225872, 16.49454441552018125 ) ) ;
#306 = EDGE_CURVE ( 'NONE', #2054, #1306, #1848, .T. ) ;
#307 = VERTEX_POINT ( 'NONE', #2567 ) ;
#308 = CARTESIAN_POINT ( 'NONE',  ( 4.685833275471022574, 0.5000000000000000000, 17.39999999999999858 ) ) ;
#309 = VERTEX_POINT ( 'NONE', #414 ) ;
#310 = PLANE ( 'NONE',  #2428 ) ;
#311 = ADVANCED_FACE ( 'NONE', ( #366 ), #452, .F. ) ;
#312 = DIRECTION ( 'NONE',  ( -1.000000000000000000, 0.000000000000000000, 0.000000000000000000 ) ) ;
#313 = CARTESIAN_POINT ( 'NONE',  ( -6.322230251435732917, 2.500000000000000444, 17.55056682043533911 ) ) ;
#314 = AXIS2_PLACEMENT_3D ( 'NONE', #1339, #866, #1367 ) ;
#315 = DIRECTION ( 'NONE',  ( -0.000000000000000000, 1.000000000000000000, -0.000000000000000000 ) ) ;
#316 = DIRECTION ( 'NONE',  ( 1.000000000000000000, 0.000000000000000000, 0.000000000000000000 ) ) ;
#317 = VERTEX_POINT ( 'NONE', #1369 ) ;
#318 = CARTESIAN_POINT ( 'NONE',  ( -5.664412380836347793, 0.5227107794030412258, 15.92733222573450291 ) ) ;
#319 = VERTEX_POINT ( 'NONE', #2747 ) ;
#320 = CARTESIAN_POINT ( 'NONE',  ( -5.814999999999988844, 0.5000000000000000000, -9.584048752090218670 ) ) ;
#321 = ORIENTED_EDGE ( 'NONE', *, *, #2328, .F. ) ;
#322 = FACE_BOUND ( 'NONE', #2549, .T. ) ;
#323 = AXIS2_PLACEMENT_3D ( 'NONE', #2511, #2456, #1022 ) ;
#324 = EDGE_CURVE ( 'NONE', #1213, #158, #1255, .T. ) ;
#325 = CARTESIAN_POINT ( 'NONE',  ( 25.43000000000000682, 6.624999999999984901, 6.899999999999998579 ) ) ;
#326 = CARTESIAN_POINT ( 'NONE',  ( -0.8149999999999871791, 8.500000000000000000, -17.19999999999999929 ) ) ;
#327 = ADVANCED_FACE ( 'NONE', ( #836 ), #2289, .F. ) ;
#328 = VECTOR ( 'NONE', #2773, 1000.000000000000000 ) ;
#329 = CARTESIAN_POINT ( 'NONE',  ( -1.315000000000015712, -1.999999999999999556, -3.799999999999998490 ) ) ;
#330 = CYLINDRICAL_SURFACE ( 'NONE', #1681, 7.000000000000000000 ) ;
#331 = PRODUCT_RELATED_PRODUCT_CATEGORY ( 'detail', '', ( #1913 ) ) ;
#332 = FACE_OUTER_BOUND ( 'NONE', #3009, .T. ) ;
#333 = AXIS2_PLACEMENT_3D ( 'NONE', #694, #489, #2654 ) ;
#334 = AXIS2_PLACEMENT_3D ( 'NONE', #700, #747, #1646 ) ;
#335 = VERTEX_POINT ( 'NONE', #2827 ) ;
#336 = DIRECTION ( 'NONE',  ( 0.000000000000000000, 0.000000000000000000, 1.000000000000000000 ) ) ;
#337 = VERTEX_POINT ( 'NONE', #2809 ) ;
#338 = LINE ( 'NONE', #780, #2343 ) ;
#339 = CIRCLE ( 'NONE', #3038, 2.000000000000000000 ) ;
#340 = VERTEX_POINT ( 'NONE', #177 ) ;
#341 = ADVANCED_FACE ( 'NONE', ( #702 ), #451, .T. ) ;
#342 = DIRECTION ( 'NONE',  ( -0.000000000000000000, 1.000000000000000000, -0.000000000000000000 ) ) ;
#343 = CARTESIAN_POINT ( 'NONE',  ( -9.314999999999988844, 8.673617379884035472E-16, 4.200000000000060574 ) ) ;
#344 = EDGE_CURVE ( 'NONE', #2426, #2845, #300, .T. ) ;
#345 = DIRECTION ( 'NONE',  ( 1.000000000000000000, 0.000000000000000000, 0.000000000000000000 ) ) ;
#346 = DIRECTION ( 'NONE',  ( 0.000000000000000000, 0.000000000000000000, 1.000000000000000000 ) ) ;
#347 = DIRECTION ( 'NONE',  ( 0.000000000000000000, 0.000000000000000000, 1.000000000000000000 ) ) ;
#348 = ORIENTED_EDGE ( 'NONE', *, *, #2503, .T. ) ;
#349 = DIRECTION ( 'NONE',  ( -0.000000000000000000, 1.000000000000000000, -0.000000000000000000 ) ) ;
#350 = EDGE_LOOP ( 'NONE', ( #1319, #2229 ) ) ;
#351 = DIRECTION ( 'NONE',  ( -0.000000000000000000, -1.000000000000000000, -0.000000000000000000 ) ) ;
#352 = ORIENTED_EDGE ( 'NONE', *, *, #54, .T. ) ;
#353 = DIRECTION ( 'NONE',  ( -0.000000000000000000, 1.000000000000000000, -0.000000000000000000 ) ) ;
#354 = CARTESIAN_POINT ( 'NONE',  ( -9.314999999999988844, 4.500000000000000888, 6.300000000000061107 ) ) ;
#355 = DIRECTION ( 'NONE',  ( 0.000000000000000000, 0.000000000000000000, 1.000000000000000000 ) ) ;
#356 = FACE_OUTER_BOUND ( 'NONE', #1618, .T. ) ;
#357 = DIRECTION ( 'NONE',  ( -1.000000000000000000, 0.000000000000000000, 0.000000000000000000 ) ) ;
#358 = EDGE_CURVE ( 'NONE', #2963, #1034, #2205, .T. ) ;
#359 = VECTOR ( 'NONE', #3057, 1000.000000000000000 ) ;
#360 = CYLINDRICAL_SURFACE ( 'NONE', #638, 1.000000000000000222 ) ;
#361 = ORIENTED_EDGE ( 'NONE', *, *, #1426, .F. ) ;
#362 = ADVANCED_FACE ( 'NONE', ( #1390 ), #1140, .T. ) ;
#363 = ORIENTED_EDGE ( 'NONE', *, *, #695, .T. ) ;
#364 = DIRECTION ( 'NONE',  ( 0.000000000000000000, 0.000000000000000000, -1.000000000000000000 ) ) ;
#365 = ORIENTED_EDGE ( 'NONE', *, *, #956, .T. ) ;
#366 = FACE_OUTER_BOUND ( 'NONE', #2249, .T. ) ;
#367 = AXIS2_PLACEMENT_3D ( 'NONE', #1260, #580, #1289 ) ;
#368 = VERTEX_POINT ( 'NONE', #3046 ) ;
#369 = AXIS2_PLACEMENT_3D ( 'NONE', #1867, #1668, #2605 ) ;
#370 = FACE_BOUND ( 'NONE', #2685, .T. ) ;
#371 = LINE ( 'NONE', #2292, #1702 ) ;
#372 = DIRECTION ( 'NONE',  ( -0.000000000000000000, -0.000000000000000000, 1.000000000000000000 ) ) ;
#373 = DIRECTION ( 'NONE',  ( 0.000000000000000000, 0.000000000000000000, 1.000000000000000000 ) ) ;
#374 = DIRECTION ( 'NONE',  ( 0.000000000000000000, 0.000000000000000000, -1.000000000000000000 ) ) ;
#375 = AXIS2_PLACEMENT_3D ( 'NONE', #2662, #41, #558 ) ;
#376 = CARTESIAN_POINT ( 'NONE',  ( -32.04999999999999005, 8.500000000000000000, -3.000000000000002665 ) ) ;
#377 = CARTESIAN_POINT ( 'NONE',  ( 3.448564179427769716, 0.5000000000000001110, 15.76550345168547018 ) ) ;
#378 = VERTEX_POINT ( 'NONE', #1629 ) ;
#379 = ORIENTED_EDGE ( 'NONE', *, *, #2287, .T. ) ;
#380 = DIRECTION ( 'NONE',  ( -0.000000000000000000, -0.000000000000000000, 1.000000000000000000 ) ) ;
#381 = EDGE_CURVE ( 'NONE', #1600, #541, #1005, .T. ) ;
#382 = VERTEX_POINT ( 'NONE', #2356 ) ;
#383 = DIRECTION ( 'NONE',  ( 1.000000000000000000, 0.000000000000000000, 0.000000000000000000 ) ) ;
#384 = AXIS2_PLACEMENT_3D ( 'NONE', #2622, #2837, #2161 ) ;
#385 = VECTOR ( 'NONE', #1109, 1000.000000000000000 ) ;
#386 = ORIENTED_EDGE ( 'NONE', *, *, #2476, .F. ) ;
#387 = CARTESIAN_POINT ( 'NONE',  ( 1.185000000000012488, 8.500000000000000000, -15.19999999999999929 ) ) ;
#388 = DIRECTION ( 'NONE',  ( 1.000000000000000000, 0.000000000000000000, 0.000000000000000000 ) ) ;
#389 = AXIS2_PLACEMENT_3D ( 'NONE', #2996, #622, #1311 ) ;
#390 = CARTESIAN_POINT ( 'NONE',  ( -0.8099999999999929479, 12.50000000000001421, 16.89999999999999858 ) ) ;
#391 = CARTESIAN_POINT ( 'NONE',  ( 22.42000000000001592, 8.500000000000000000, -10.00000000000000178 ) ) ;
#392 = PLANE ( 'NONE',  #2399 ) ;
#393 = LINE ( 'NONE', #1624, #2775 ) ;
#394 = EDGE_CURVE ( 'NONE', #2260, #2909, #2212, .T. ) ;
#395 = ORIENTED_EDGE ( 'NONE', *, *, #1056, .T. ) ;
#396 = DIRECTION ( 'NONE',  ( 1.000000000000000000, 0.000000000000000000, 0.000000000000000000 ) ) ;
#397 = ORIENTED_EDGE ( 'NONE', *, *, #1536, .T. ) ;
#398 = FACE_OUTER_BOUND ( 'NONE', #2661, .T. ) ;
#399 = EDGE_CURVE ( 'NONE', #560, #1844, #3059, .T. ) ;
#400 = ORIENTED_EDGE ( 'NONE', *, *, #438, .T. ) ;
#401 = FACE_BOUND ( 'NONE', #2792, .T. ) ;
#402 = DIRECTION ( 'NONE',  ( 1.000000000000000000, 0.000000000000000000, 0.000000000000000000 ) ) ;
#403 = ORIENTED_EDGE ( 'NONE', *, *, #131, .T. ) ;
#404 = EDGE_CURVE ( 'NONE', #1088, #1488, #253, .T. ) ;
#405 = DIRECTION ( 'NONE',  ( 0.000000000000000000, 0.000000000000000000, -1.000000000000000000 ) ) ;
#406 = DIRECTION ( 'NONE',  ( 0.000000000000000000, 0.000000000000000000, -1.000000000000000000 ) ) ;
#407 = FACE_OUTER_BOUND ( 'NONE', #984, .T. ) ;
#408 = DIRECTION ( 'NONE',  ( 1.000000000000000000, 0.000000000000000000, 0.000000000000000000 ) ) ;
#409 = ORIENTED_EDGE ( 'NONE', *, *, #2030, .F. ) ;
#410 = ORIENTED_EDGE ( 'NONE', *, *, #446, .T. ) ;
#411 = DIRECTION ( 'NONE',  ( 0.000000000000000000, 0.000000000000000000, 1.000000000000000000 ) ) ;
#412 = VECTOR ( 'NONE', #3003, 1000.000000000000000 ) ;
#413 = VERTEX_POINT ( 'NONE', #2641 ) ;
#414 = CARTESIAN_POINT ( 'NONE',  ( -1.315000000000015490, 8.673617379884035472E-16, -2.749999999999998224 ) ) ;
#415 = ORIENTED_EDGE ( 'NONE', *, *, #1515, .F. ) ;
#416 = FACE_BOUND ( 'NONE', #2778, .T. ) ;
#417 = CARTESIAN_POINT ( 'NONE',  ( 2.564310344827596122, 0.5000000000000000000, -7.682800648353640405 ) ) ;
#418 = ORIENTED_EDGE ( 'NONE', *, *, #2307, .F. ) ;
#419 = VECTOR ( 'NONE', #154, 1000.000000000000000 ) ;
#420 = CIRCLE ( 'NONE', #2719, 2.100000000000000533 ) ;
#421 = DIRECTION ( 'NONE',  ( -0.000000000000000000, -0.000000000000000000, -1.000000000000000000 ) ) ;
#422 = DIRECTION ( 'NONE',  ( 0.000000000000000000, 0.000000000000000000, -1.000000000000000000 ) ) ;
#423 = EDGE_CURVE ( 'NONE', #2384, #808, #959, .T. ) ;
#424 = CARTESIAN_POINT ( 'NONE',  ( -1.809999999999992948, 12.50000000000001421, 16.89999999999999858 ) ) ;
#425 = DIRECTION ( 'NONE',  ( 1.000000000000000000, 0.000000000000000000, 0.000000000000000000 ) ) ;
#426 = CIRCLE ( 'NONE', #1932, 1.049999999999999822 ) ;
#427 = EDGE_LOOP ( 'NONE', ( #1077, #2674, #1706 ) ) ;
#428 = FACE_BOUND ( 'NONE', #2018, .T. ) ;
#429 = FACE_OUTER_BOUND ( 'NONE', #2589, .T. ) ;
#430 = CARTESIAN_POINT ( 'NONE',  ( -1.757636728168774587, 0.7962988330813268734, 16.70000000000085905 ) ) ;
#431 = CIRCLE ( 'NONE', #581, 1.000000000000000222 ) ;
#432 = EDGE_LOOP ( 'NONE', ( #2303, #1880 ) ) ;
#433 = PERSON_AND_ORGANIZATION_ROLE ( 'creator' ) ;
#434 = VECTOR ( 'NONE', #1184, 1000.000000000000000 ) ;
#435 = CARTESIAN_POINT ( 'NONE',  ( -32.04999999999999005, 3.499999999999999556, 18.39999999999999858 ) ) ;
#436 = VERTEX_POINT ( 'NONE', #2162 ) ;
#437 = DIRECTION ( 'NONE',  ( 0.000000000000000000, 0.000000000000000000, 1.000000000000000000 ) ) ;
#438 = EDGE_CURVE ( 'NONE', #72, #793, #769, .T. ) ;
#439 = AXIS2_PLACEMENT_3D ( 'NONE', #2983, #1770, #1801 ) ;
#440 = APPROVAL_PERSON_ORGANIZATION ( #2420, #2005, #1650 ) ;
#441 = DIRECTION ( 'NONE',  ( 0.000000000000000000, 0.000000000000000000, 1.000000000000000000 ) ) ;
#442 = DIRECTION ( 'NONE',  ( 0.000000000000000000, 0.000000000000000000, -1.000000000000000000 ) ) ;
#443 = ADVANCED_FACE ( 'NONE', ( #2382 ), #2657, .F. ) ;
#444 = CYLINDRICAL_SURFACE ( 'NONE', #130, 2.100000000000000089 ) ;
#445 = FACE_OUTER_BOUND ( 'NONE', #763, .T. ) ;
#446 = EDGE_CURVE ( 'NONE', #1392, #1003, #2885, .T. ) ;
#447 = ORIENTED_EDGE ( 'NONE', *, *, #855, .F. ) ;
#448 = CARTESIAN_POINT ( 'NONE',  ( -9.314999999999988844, 8.500000000000000000, 4.200000000000060574 ) ) ;
#449 = CARTESIAN_POINT ( 'NONE',  ( 8.365000000000003766, 20.50000000000001421, 15.70000000000000284 ) ) ;
#450 = VECTOR ( 'NONE', #626, 1000.000000000000000 ) ;
#451 = CYLINDRICAL_SURFACE ( 'NONE', #2364, 1.000000000000000888 ) ;
#452 = TOROIDAL_SURFACE ( 'NONE', #1404, 14.50000000000000000, 2.000000000000000000 ) ;
#453 = ORIENTED_EDGE ( 'NONE', *, *, #344, .T. ) ;
#454 = ORIENTED_EDGE ( 'NONE', *, *, #2887, .T. ) ;
#455 = CARTESIAN_POINT ( 'NONE',  ( -25.04999999999999005, 8.500000000000000000, -10.00000000000000178 ) ) ;
#456 = DIRECTION ( 'NONE',  ( 1.000000000000000000, 0.000000000000000000, 0.000000000000000000 ) ) ;
#457 = DIRECTION ( 'NONE',  ( 0.000000000000000000, 0.000000000000000000, -1.000000000000000000 ) ) ;
#458 = CIRCLE ( 'NONE', #850, 4.000000000000000000 ) ;
#459 = DIRECTION ( 'NONE',  ( 0.000000000000000000, 0.000000000000000000, 1.000000000000000000 ) ) ;
#460 = CYLINDRICAL_SURFACE ( 'NONE', #2578, 2.000000000000000000 ) ;
#461 = EDGE_CURVE ( 'NONE', #3014, #1122, #2445, .T. ) ;
#462 = EDGE_LOOP ( 'NONE', ( #2976, #2376, #1335, #1493 ) ) ;
#463 = DIRECTION ( 'NONE',  ( -0.000000000000000000, -0.000000000000000000, 1.000000000000000000 ) ) ;
#464 = DIRECTION ( 'NONE',  ( 0.000000000000000000, 0.000000000000000000, -1.000000000000000000 ) ) ;
#465 = EDGE_CURVE ( 'NONE', #1476, #673, #420, .T. ) ;
#466 = ORIENTED_EDGE ( 'NONE', *, *, #2911, .F. ) ;
#467 = AXIS2_PLACEMENT_3D ( 'NONE', #1548, #1563, #364 ) ;
#468 = ORIENTED_EDGE ( 'NONE', *, *, #1092, .T. ) ;
#469 = EDGE_LOOP ( 'NONE', ( #212, #745 ) ) ;
#470 = DIRECTION ( 'NONE',  ( -1.000000000000000000, 0.000000000000000000, 0.000000000000000000 ) ) ;
#471 = CARTESIAN_POINT ( 'NONE',  ( 2.564310344827596122, -1.999999999999999556, -7.682800648353640405 ) ) ;
#472 = VECTOR ( 'NONE', #2683, 1000.000000000000000 ) ;
#473 = ORIENTED_EDGE ( 'NONE', *, *, #2946, .T. ) ;
#474 = VECTOR ( 'NONE', #233, 1000.000000000000000 ) ;
#475 = CARTESIAN_POINT ( 'NONE',  ( 24.08000000000001251, 6.624999999999984901, 18.39999999999999858 ) ) ;
#476 = DIRECTION ( 'NONE',  ( 0.000000000000000000, -1.000000000000000000, 0.000000000000000000 ) ) ;
#477 = AXIS2_PLACEMENT_3D ( 'NONE', #1787, #1126, #3013 ) ;
#478 = ORIENTED_EDGE ( 'NONE', *, *, #2929, .T. ) ;
#479 = CYLINDRICAL_SURFACE ( 'NONE', #2959, 10.09999999999999787 ) ;
#480 = LINE ( 'NONE', #226, #291 ) ;
#481 = CIRCLE ( 'NONE', #1183, 7.000000000000000000 ) ;
#482 = EDGE_CURVE ( 'NONE', #307, #2618, #974, .T. ) ;
#483 = ORIENTED_EDGE ( 'NONE', *, *, #266, .T. ) ;
#484 = CALENDAR_DATE ( 2026, 15, 9 ) ;
#485 = VECTOR ( 'NONE', #165, 1000.000000000000000 ) ;
#486 = ORIENTED_EDGE ( 'NONE', *, *, #381, .T. ) ;
#487 = DIRECTION ( 'NONE',  ( -0.000000000000000000, -1.000000000000000000, -0.000000000000000000 ) ) ;
#488 = CARTESIAN_POINT ( 'NONE',  ( 6.685000000000013820, 8.673617379884035472E-16, 4.200000000000001066 ) ) ;
#489 = DIRECTION ( 'NONE',  ( -4.315232527305489285E-17, -1.000000000000000000, 0.000000000000000000 ) ) ;
#490 = AXIS2_PLACEMENT_3D ( 'NONE', #1836, #2786, #1453 ) ;
#491 = CIRCLE ( 'NONE', #85, 5.099999999999999645 ) ;
#492 = CIRCLE ( 'NONE', #2351, 14.50000000000000178 ) ;
#493 = VERTEX_POINT ( 'NONE', #2870 ) ;
#494 = FACE_OUTER_BOUND ( 'NONE', #1833, .T. ) ;
#495 = DIRECTION ( 'NONE',  ( -1.000000000000000000, -0.000000000000000000, -0.000000000000000000 ) ) ;
#496 = CIRCLE ( 'NONE', #1045, 4.000000000000000000 ) ;
#497 = VERTEX_POINT ( 'NONE', #724 ) ;
#498 = FACE_OUTER_BOUND ( 'NONE', #2865, .T. ) ;
#499 = DIRECTION ( 'NONE',  ( 0.000000000000000000, 0.000000000000000000, 1.000000000000000000 ) ) ;
#500 = EDGE_CURVE ( 'NONE', #1122, #436, #2147, .T. ) ;
#501 = ORIENTED_EDGE ( 'NONE', *, *, #42, .F. ) ;
#502 = COORDINATED_UNIVERSAL_TIME_OFFSET ( 8, 0, .AHEAD. ) ;
#503 = EDGE_LOOP ( 'NONE', ( #2965, #698 ) ) ;
#504 = EDGE_LOOP ( 'NONE', ( #2564, #57, #483, #1561 ) ) ;
#505 = ADVANCED_FACE ( 'NONE', ( #2415 ), #460, .T. ) ;
#506 = LINE ( 'NONE', #60, #743 ) ;
#507 = DIRECTION ( 'NONE',  ( -0.000000000000000000, 1.000000000000000000, -0.000000000000000000 ) ) ;
#508 = EDGE_CURVE ( 'NONE', #1122, #289, #711, .T. ) ;
#509 = ORIENTED_EDGE ( 'NONE', *, *, #653, .T. ) ;
#510 = CARTESIAN_POINT ( 'NONE',  ( 4.341854249492384632, 4.500000000000000888, -3.556854249492389375 ) ) ;
#511 = DIRECTION ( 'NONE',  ( 0.000000000000000000, 0.000000000000000000, -1.000000000000000000 ) ) ;
#512 = ORIENTED_EDGE ( 'NONE', *, *, #1377, .F. ) ;
#513 = DIRECTION ( 'NONE',  ( 0.000000000000000000, 0.000000000000000000, 1.000000000000000000 ) ) ;
#514 = FACE_OUTER_BOUND ( 'NONE', #2584, .T. ) ;
#515 = ORIENTED_EDGE ( 'NONE', *, *, #2372, .F. ) ;
#516 = FACE_OUTER_BOUND ( 'NONE', #1667, .T. ) ;
#517 = ORIENTED_EDGE ( 'NONE', *, *, #1200, .T. ) ;
#518 = CARTESIAN_POINT ( 'NONE',  ( 6.685000000000013820, 8.673617379884035472E-16, 4.200000000000001066 ) ) ;
#519 = AXIS2_PLACEMENT_3D ( 'NONE', #2779, #605, #852 ) ;
#520 = DIRECTION ( 'NONE',  ( 0.000000000000000000, 0.000000000000000000, -1.000000000000000000 ) ) ;
#521 = FACE_OUTER_BOUND ( 'NONE', #229, .T. ) ;
#522 = ORIENTED_EDGE ( 'NONE', *, *, #1822, .F. ) ;
#523 = EDGE_CURVE ( 'NONE', #2764, #541, #1417, .T. ) ;
#524 = CARTESIAN_POINT ( 'NONE',  ( -5.814999999999987068, 0.5000000000000000000, -9.584048752090218670 ) ) ;
#525 = DIRECTION ( 'NONE',  ( 0.000000000000000000, 0.000000000000000000, 1.000000000000000000 ) ) ;
#526 = CIRCLE ( 'NONE', #118, 2.100000000000000533 ) ;
#527 = VECTOR ( 'NONE', #495, 1000.000000000000000 ) ;
#528 = ORIENTED_EDGE ( 'NONE', *, *, #1318, .F. ) ;
#529 = CARTESIAN_POINT ( 'NONE',  ( -3.517732939312737450, 0.6997167027949049434, 16.51249512784751872 ) ) ;
#530 = ORIENTED_EDGE ( 'NONE', *, *, #500, .T. ) ;
#531 = DIRECTION ( 'NONE',  ( 0.000000000000000000, 0.000000000000000000, -1.000000000000000000 ) ) ;
#532 = ORIENTED_EDGE ( 'NONE', *, *, #306, .T. ) ;
#533 = CARTESIAN_POINT ( 'NONE',  ( 22.42000000000001236, 31.59999999999999787, 18.39999999999999858 ) ) ;
#534 = DIRECTION ( 'NONE',  ( -0.000000000000000000, 1.000000000000000000, -0.000000000000000000 ) ) ;
#535 = DIRECTION ( 'NONE',  ( -0.000000000000000000, -0.000000000000000000, -1.000000000000000000 ) ) ;
#536 = EDGE_CURVE ( 'NONE', #2923, #3050, #1371, .T. ) ;
#537 = CYLINDRICAL_SURFACE ( 'NONE', #539, 5.099999999999999645 ) ;
#538 = DIRECTION ( 'NONE',  ( -1.000000000000000000, 0.000000000000000000, 0.000000000000000000 ) ) ;
#539 = AXIS2_PLACEMENT_3D ( 'NONE', #2656, #723, #1024 ) ;
#540 = EDGE_CURVE ( 'NONE', #340, #1048, #677, .T. ) ;
#541 = VERTEX_POINT ( 'NONE', #15 ) ;
#542 = CARTESIAN_POINT ( 'NONE',  ( 3.858132134026745153, 0.5000000000000000000, 15.57931034482758648 ) ) ;
#543 = AXIS2_PLACEMENT_3D ( 'NONE', #2749, #1356, #1585 ) ;
#544 = EDGE_CURVE ( 'NONE', #2284, #1061, #18, .T. ) ;
#545 = EDGE_LOOP ( 'NONE', ( #230, #2617 ) ) ;
#546 = CARTESIAN_POINT ( 'NONE',  ( -13.33499999999999552, 20.50000000000001066, 21.39999999999999858 ) ) ;
#547 = ORIENTED_EDGE ( 'NONE', *, *, #631, .T. ) ;
#548 = CARTESIAN_POINT ( 'NONE',  ( 6.685000000000013820, 4.500000000000000888, 6.300000000000001599 ) ) ;
#549 = LINE ( 'NONE', #1511, #994 ) ;
#550 = CARTESIAN_POINT ( 'NONE',  ( 6.685000000000013820, 8.673617379884035472E-16, 6.300000000000001599 ) ) ;
#551 = AXIS2_PLACEMENT_3D ( 'NONE', #1614, #116, #2964 ) ;
#552 = DIRECTION ( 'NONE',  ( -0.000000000000000000, -0.000000000000000000, 1.000000000000000000 ) ) ;
#553 = CYLINDRICAL_SURFACE ( 'NONE', #842, 6.000000000000001776 ) ;
#554 = ORIENTED_EDGE ( 'NONE', *, *, #767, .T. ) ;
#555 = CARTESIAN_POINT ( 'NONE',  ( -4.820153719119343094, 0.5849487970417117655, 16.20673172002553386 ) ) ;
#556 = EDGE_CURVE ( 'NONE', #3050, #716, #2903, .T. ) ;
#557 = ORIENTED_EDGE ( 'NONE', *, *, #789, .T. ) ;
#558 = DIRECTION ( 'NONE',  ( 0.000000000000000000, 0.000000000000000000, 1.000000000000000000 ) ) ;
#559 = EDGE_CURVE ( 'NONE', #1274, #2569, #569, .T. ) ;
#560 = VERTEX_POINT ( 'NONE', #1485 ) ;
#561 = DIRECTION ( 'NONE',  ( 0.000000000000000000, 0.000000000000000000, 1.000000000000000000 ) ) ;
#562 = DIRECTION ( 'NONE',  ( -0.000000000000000000, -0.000000000000000000, 1.000000000000000000 ) ) ;
#563 = DIRECTION ( 'NONE',  ( 0.000000000000000000, 0.000000000000000000, -1.000000000000000000 ) ) ;
#564 = CIRCLE ( 'NONE', #2710, 10.09999999999999787 ) ;
#565 = DIRECTION ( 'NONE',  ( -0.000000000000000000, 1.000000000000000000, -0.000000000000000000 ) ) ;
#566 = CARTESIAN_POINT ( 'NONE',  ( -5.814999999999987068, 8.500000000000000000, -12.00000000000000178 ) ) ;
#567 = CARTESIAN_POINT ( 'NONE',  ( 3.034510443440796124, 0.5227274077613823788, 15.92722798533235640 ) ) ;
#568 = VECTOR ( 'NONE', #1271, 1000.000000000000000 ) ;
#569 = CIRCLE ( 'NONE', #1775, 2.100000000000000533 ) ;
#570 = ORIENTED_EDGE ( 'NONE', *, *, #1038, .T. ) ;
#571 = DIRECTION ( 'NONE',  ( 1.000000000000000000, 0.000000000000000000, 0.000000000000000000 ) ) ;
#572 = ORIENTED_EDGE ( 'NONE', *, *, #752, .T. ) ;
#573 = CARTESIAN_POINT ( 'NONE',  ( -17.33499999999999730, 20.50000000000001066, 19.89999999999999858 ) ) ;
#574 = ADVANCED_FACE ( 'NONE', ( #2207 ), #2239, .T. ) ;
#575 = ORIENTED_EDGE ( 'NONE', *, *, #1573, .F. ) ;
#576 = LINE ( 'NONE', #93, #832 ) ;
#577 = CARTESIAN_POINT ( 'NONE',  ( -32.04999999999999005, 2.500000000000000000, 9.999999999999998224 ) ) ;
#578 = CIRCLE ( 'NONE', #173, 1.350000000000000533 ) ;
#579 = CARTESIAN_POINT ( 'NONE',  ( -7.315833275470994934, 2.500000000000000000, 17.39999999999999858 ) ) ;
#580 = DIRECTION ( 'NONE',  ( -0.000000000000000000, 1.000000000000000000, -0.000000000000000000 ) ) ;
#581 = AXIS2_PLACEMENT_3D ( 'NONE', #73, #1494, #1239 ) ;
#582 = AXIS2_PLACEMENT_3D ( 'NONE', #846, #2988, #1348 ) ;
#583 = DIRECTION ( 'NONE',  ( 1.000000000000000000, 0.000000000000000000, -0.000000000000000000 ) ) ;
#584 = VECTOR ( 'NONE', #2882, 1000.000000000000000 ) ;
#585 = AXIS2_PLACEMENT_3D ( 'NONE', #2555, #3030, #1373 ) ;
#586 = PRODUCT_DEFINITION_FORMATION_WITH_SPECIFIED_SOURCE ( '任何', '', #1913, .NOT_KNOWN. ) ;
#587 = EDGE_LOOP ( 'NONE', ( #1043, #2156 ) ) ;
#588 = CARTESIAN_POINT ( 'NONE',  ( -1.809999999999992948, 28.50000000000001421, 15.70000000000000284 ) ) ;
#589 = ORIENTED_EDGE ( 'NONE', *, *, #438, .F. ) ;
#590 = CARTESIAN_POINT ( 'NONE',  ( 4.341854249492384632, 23.00000000000000355, -1.456854249492388620 ) ) ;
#591 = VECTOR ( 'NONE', #2912, 1000.000000000000000 ) ;
#592 = ORIENTED_EDGE ( 'NONE', *, *, #2256, .T. ) ;
#593 = CARTESIAN_POINT ( 'NONE',  ( -0.8099999999999929479, 12.50000000000001421, 8.400000000000000355 ) ) ;
#594 = LINE ( 'NONE', #2266, #775 ) ;
#595 = ADVANCED_FACE ( 'NONE', ( #1272 ), #97, .F. ) ;
#596 = DIRECTION ( 'NONE',  ( -0.000000000000000000, -1.000000000000000000, -0.000000000000000000 ) ) ;
#597 = CARTESIAN_POINT ( 'NONE',  ( -13.33499999999999552, 20.50000000000001066, 17.90000000000000213 ) ) ;
#598 = ADVANCED_FACE ( 'NONE', ( #2027 ), #80, .F. ) ;
#599 = AXIS2_PLACEMENT_3D ( 'NONE', #932, #685, #2373 ) ;
#600 = DIRECTION ( 'NONE',  ( 1.000000000000000000, 0.000000000000000000, 0.000000000000000000 ) ) ;
#601 = VERTEX_POINT ( 'NONE', #2258 ) ;
#602 = FACE_OUTER_BOUND ( 'NONE', #1376, .T. ) ;
#603 = CIRCLE ( 'NONE', #2368, 1.350000000000000533 ) ;
#604 = EDGE_LOOP ( 'NONE', ( #276, #1454, #853, #1778 ) ) ;
#605 = DIRECTION ( 'NONE',  ( -0.000000000000000000, 1.000000000000000000, -0.000000000000000000 ) ) ;
#606 = ORIENTED_EDGE ( 'NONE', *, *, #1903, .T. ) ;
#607 = FACE_BOUND ( 'NONE', #1104, .T. ) ;
#608 = DIRECTION ( 'NONE',  ( -1.717547996016640487E-16, -1.000000000000000000, 0.000000000000000000 ) ) ;
#609 = DIRECTION ( 'NONE',  ( -0.4138505707221387109, 0.000000000000000000, 0.9103448275862066064 ) ) ;
#610 = EDGE_CURVE ( 'NONE', #957, #1204, #1823, .T. ) ;
#611 = CARTESIAN_POINT ( 'NONE',  ( -9.314999999999988844, -1.999999999999999556, 3.150000000000060307 ) ) ;
#612 = DIRECTION ( 'NONE',  ( -0.000000000000000000, -0.000000000000000000, 1.000000000000000000 ) ) ;
#613 = EDGE_CURVE ( 'NONE', #2569, #1298, #869, .T. ) ;
#614 = AXIS2_PLACEMENT_3D ( 'NONE', #2581, #2385, #1889 ) ;
#615 = CARTESIAN_POINT ( 'NONE',  ( 8.365000000000003766, 20.50000000000001421, 16.89999999999999858 ) ) ;
#616 = ORIENTED_EDGE ( 'NONE', *, *, #1053, .F. ) ;
#617 = CARTESIAN_POINT ( 'NONE',  ( -1.315000000000015712, 4.500000000000000888, -3.799999999999998490 ) ) ;
#618 = EDGE_LOOP ( 'NONE', ( #2901, #3024, #804, #2995 ) ) ;
#619 = DIRECTION ( 'NONE',  ( -0.000000000000000000, -0.000000000000000000, 1.000000000000000000 ) ) ;
#620 = ORIENTED_EDGE ( 'NONE', *, *, #734, .T. ) ;
#621 = AXIS2_PLACEMENT_3D ( 'NONE', #1244, #1010, #2916 ) ;
#622 = DIRECTION ( 'NONE',  ( -1.807003620809174878E-16, 0.000000000000000000, 1.000000000000000000 ) ) ;
#623 = CIRCLE ( 'NONE', #323, 2.000000000000000000 ) ;
#624 = LINE ( 'NONE', #1357, #1989 ) ;
#625 = CARTESIAN_POINT ( 'NONE',  ( 6.685000000000013820, 8.500000000000000000, 6.300000000000001599 ) ) ;
#626 = DIRECTION ( 'NONE',  ( -0.000000000000000000, -1.000000000000000000, -0.000000000000000000 ) ) ;
#627 = ADVANCED_FACE ( 'NONE', ( #813 ), #330, .T. ) ;
#628 = CIRCLE ( 'NONE', #1834, 1.049999999999999822 ) ;
#629 = FACE_BOUND ( 'NONE', #1738, .T. ) ;
#630 = DIRECTION ( 'NONE',  ( -0.000000000000000000, -0.000000000000000000, 1.000000000000000000 ) ) ;
#631 = EDGE_CURVE ( 'NONE', #2909, #1521, #1773, .T. ) ;
#632 = VERTEX_POINT ( 'NONE', #2723 ) ;
#633 = ORIENTED_EDGE ( 'NONE', *, *, #2681, .F. ) ;
#634 = CARTESIAN_POINT ( 'NONE',  ( 4.341854249492384632, 4.500000000000000888, -1.456854249492388620 ) ) ;
#635 = ORIENTED_EDGE ( 'NONE', *, *, #1858, .T. ) ;
#636 = ADVANCED_FACE ( 'NONE', ( #123 ), #302, .F. ) ;
#637 = CYLINDRICAL_SURFACE ( 'NONE', #1066, 1.049999999999999822 ) ;
#638 = AXIS2_PLACEMENT_3D ( 'NONE', #1839, #1117, #2259 ) ;
#639 = VERTEX_POINT ( 'NONE', #1558 ) ;
#640 = CARTESIAN_POINT ( 'NONE',  ( -41.64561217260303039, 10.40000000000001279, 15.70000000000000284 ) ) ;
#641 = CIRCLE ( 'NONE', #2787, 2.000000000000000000 ) ;
#642 = ORIENTED_EDGE ( 'NONE', *, *, #167, .F. ) ;
#643 = DIRECTION ( 'NONE',  ( 1.000000000000000000, 0.000000000000000000, 0.000000000000000000 ) ) ;
#644 = DIRECTION ( 'NONE',  ( -0.000000000000000000, 1.000000000000000000, -0.000000000000000000 ) ) ;
#645 = CARTESIAN_POINT ( 'NONE',  ( -5.814999999999987956, 2.500000000000000000, -9.584048752090220447 ) ) ;
#646 = FACE_OUTER_BOUND ( 'NONE', #2938, .T. ) ;
#647 = ORIENTED_EDGE ( 'NONE', *, *, #1318, .T. ) ;
#648 = EDGE_CURVE ( 'NONE', #34, #2535, #1735, .T. ) ;
#649 = ORIENTED_EDGE ( 'NONE', *, *, #1096, .T. ) ;
#650 = DIRECTION ( 'NONE',  ( 0.000000000000000000, 0.000000000000000000, 1.000000000000000000 ) ) ;
#651 = EDGE_LOOP ( 'NONE', ( #415, #2859, #501, #2174 ) ) ;
#652 = CARTESIAN_POINT ( 'NONE',  ( -32.04999999999999005, 2.499999999999992450, 18.39999999999999858 ) ) ;
#653 = EDGE_CURVE ( 'NONE', #2262, #382, #1750, .T. ) ;
#654 = VERTEX_POINT ( 'NONE', #2002 ) ;
#655 = LINE ( 'NONE', #1864, #385 ) ;
#656 = CARTESIAN_POINT ( 'NONE',  ( -0.8099999999999929479, 28.50000000000001421, 16.89999999999999858 ) ) ;
#657 = VERTEX_POINT ( 'NONE', #2268 ) ;
#658 = APPROVAL ( #1425, '未指定' ) ;
#659 = CARTESIAN_POINT ( 'NONE',  ( 29.42000000000001236, 8.500000000000000000, 9.999999999999998224 ) ) ;
#660 = DIRECTION ( 'NONE',  ( 0.000000000000000000, 0.000000000000000000, 1.000000000000000000 ) ) ;
#661 = CARTESIAN_POINT ( 'NONE',  ( 18.79000000000000981, 30.60000000000000142, 9.999999999999998224 ) ) ;
#662 = DIRECTION ( 'NONE',  ( 0.000000000000000000, 0.000000000000000000, 1.000000000000000000 ) ) ;
#663 = AXIS2_PLACEMENT_3D ( 'NONE', #1797, #619, #2540 ) ;
#664 = ORIENTED_EDGE ( 'NONE', *, *, #2757, .F. ) ;
#665 = DIRECTION ( 'NONE',  ( -0.000000000000000000, 1.000000000000000000, -0.000000000000000000 ) ) ;
#666 = CARTESIAN_POINT ( 'NONE',  ( 29.42000000000001236, 3.499999999999999556, 18.39999999999999858 ) ) ;
#667 = AXIS2_PLACEMENT_3D ( 'NONE', #448, #1406, #916 ) ;
#668 = DIRECTION ( 'NONE',  ( -1.000000000000000000, 0.000000000000000000, 0.000000000000000000 ) ) ;
#669 = EDGE_CURVE ( 'NONE', #2334, #2832, #1068, .T. ) ;
#670 = EDGE_LOOP ( 'NONE', ( #937, #1072, #1866, #2634 ) ) ;
#671 = PERSON_AND_ORGANIZATION_ROLE ( 'design_owner' ) ;
#672 = DIRECTION ( 'NONE',  ( 1.000000000000000000, -1.717547996016640734E-16, -0.000000000000000000 ) ) ;
#673 = VERTEX_POINT ( 'NONE', #800 ) ;
#674 = CARTESIAN_POINT ( 'NONE',  ( 3.185000000000008935, -1.999999999999999556, -9.584048752090220447 ) ) ;
#675 = ADVANCED_FACE ( 'NONE', ( #2043 ), #2740, .F. ) ;
#676 = CIRCLE ( 'NONE', #369, 6.000000000000001776 ) ;
#677 = CIRCLE ( 'NONE', #272, 2.100000000000000533 ) ;
#678 = DIRECTION ( 'NONE',  ( 0.000000000000000000, 0.000000000000000000, 1.000000000000000000 ) ) ;
#679 = CARTESIAN_POINT ( 'NONE',  ( -1.809999999999992948, 12.50000000000001421, 8.400000000000000355 ) ) ;
#680 = DIRECTION ( 'NONE',  ( 0.000000000000000000, 1.000000000000000000, 0.000000000000000000 ) ) ;
#681 = DIRECTION ( 'NONE',  ( -0.000000000000000000, 1.000000000000000000, -0.000000000000000000 ) ) ;
#682 = ORIENTED_EDGE ( 'NONE', *, *, #1200, .F. ) ;
#683 = FACE_BOUND ( 'NONE', #851, .T. ) ;
#684 = CARTESIAN_POINT ( 'NONE',  ( -3.814999999999988400, 0.5000000000000004441, -9.584048752090218670 ) ) ;
#685 = DIRECTION ( 'NONE',  ( 0.000000000000000000, 0.000000000000000000, 1.000000000000000000 ) ) ;
#686 = ORIENTED_EDGE ( 'NONE', *, *, #1980, .F. ) ;
#687 = AXIS2_PLACEMENT_3D ( 'NONE', #2594, #459, #1416 ) ;
#688 = ORIENTED_EDGE ( 'NONE', *, *, #3045, .F. ) ;
#689 = EDGE_LOOP ( 'NONE', ( #2033, #1491, #207, #1649, #706 ) ) ;
#690 = CIRCLE ( 'NONE', #2692, 2.100000000000000533 ) ;
#691 = EDGE_CURVE ( 'NONE', #1298, #493, #2232, .T. ) ;
#692 = CC_DESIGN_APPROVAL ( #2005, ( #894 ) ) ;
#693 = DIRECTION ( 'NONE',  ( 1.807003620809174878E-16, 0.000000000000000000, -1.000000000000000000 ) ) ;
#694 = CARTESIAN_POINT ( 'NONE',  ( 18.79000000000000625, 10.40000000000000213, 123.9999999999999858 ) ) ;
#695 = EDGE_CURVE ( 'NONE', #808, #1306, #3022, .T. ) ;
#696 = DIRECTION ( 'NONE',  ( 0.000000000000000000, 0.000000000000000000, 1.000000000000000000 ) ) ;
#697 = CARTESIAN_POINT ( 'NONE',  ( -3.814999999999987068, -1.999999999999999556, -9.584048752090218670 ) ) ;
#698 = ORIENTED_EDGE ( 'NONE', *, *, #2647, .T. ) ;
#699 = DIRECTION ( 'NONE',  ( 1.000000000000000000, 0.000000000000000000, 0.000000000000000000 ) ) ;
#700 = CARTESIAN_POINT ( 'NONE',  ( 0.000000000000000000, 2.500000000000000000, 0.000000000000000000 ) ) ;
#701 = VECTOR ( 'NONE', #2527, 1000.000000000000000 ) ;
#702 = FACE_OUTER_BOUND ( 'NONE', #1160, .T. ) ;
#703 = AXIS2_PLACEMENT_3D ( 'NONE', #2103, #1891, #668 ) ;
#704 = ORIENTED_EDGE ( 'NONE', *, *, #482, .F. ) ;
#705 = ORIENTED_EDGE ( 'NONE', *, *, #2372, .T. ) ;
#706 = ORIENTED_EDGE ( 'NONE', *, *, #1377, .T. ) ;
#707 = CARTESIAN_POINT ( 'NONE',  ( 22.42000000000001592, 2.500000000000000444, -10.00000000000000178 ) ) ;
#708 = DIRECTION ( 'NONE',  ( 0.000000000000000000, -0.000000000000000000, 1.000000000000000000 ) ) ;
#709 = ORIENTED_EDGE ( 'NONE', *, *, #536, .T. ) ;
#710 = DIRECTION ( 'NONE',  ( 0.000000000000000000, 1.000000000000000000, 0.000000000000000000 ) ) ;
#711 = LINE ( 'NONE', #742, #1227 ) ;
#712 = ADVANCED_FACE ( 'NONE', ( #2696 ), #553, .F. ) ;
#713 = ORIENTED_EDGE ( 'NONE', *, *, #2858, .F. ) ;
#714 = CYLINDRICAL_SURFACE ( 'NONE', #2475, 1.000000000000000222 ) ;
#715 = CYLINDRICAL_SURFACE ( 'NONE', #1544, 1.050000000000000488 ) ;
#716 = VERTEX_POINT ( 'NONE', #1638 ) ;
#717 = CIRCLE ( 'NONE', #1268, 1.749999999999999778 ) ;
#718 = ORIENTED_EDGE ( 'NONE', *, *, #2442, .T. ) ;
#719 = ORIENTED_EDGE ( 'NONE', *, *, #2663, .T. ) ;
#720 = DIRECTION ( 'NONE',  ( -1.807003620809174878E-16, 0.000000000000000000, 1.000000000000000000 ) ) ;
#721 = DIRECTION ( 'NONE',  ( 0.000000000000000000, 0.000000000000000000, 1.000000000000000000 ) ) ;
#722 = VERTEX_POINT ( 'NONE', #2545 ) ;
#723 = DIRECTION ( 'NONE',  ( -0.000000000000000000, 1.000000000000000000, -0.000000000000000000 ) ) ;
#724 = CARTESIAN_POINT ( 'NONE',  ( -17.33499999999999730, 20.50000000000001066, 21.39999999999999858 ) ) ;
#725 = ADVANCED_FACE ( 'NONE', ( #1607 ), #2591, .F. ) ;
#726 = CIRCLE ( 'NONE', #477, 1.050000000000001377 ) ;
#727 = ORIENTED_EDGE ( 'NONE', *, *, #2875, .F. ) ;
#728 = CARTESIAN_POINT ( 'NONE',  ( 18.79000000000000625, 10.40000000000000213, 15.70000000000000639 ) ) ;
#729 = CARTESIAN_POINT ( 'NONE',  ( 6.685000000000013820, -1.999999999999999556, 4.200000000000001066 ) ) ;
#730 = AXIS2_PLACEMENT_3D ( 'NONE', #2097, #898, #1870 ) ;
#731 = VERTEX_POINT ( 'NONE', #391 ) ;
#732 = MECHANICAL_CONTEXT ( 'NONE', #1148, 'mechanical' ) ;
#733 = VECTOR ( 'NONE', #681, 1000.000000000000000 ) ;
#734 = EDGE_CURVE ( 'NONE', #34, #2087, #2361, .T. ) ;
#735 = ORIENTED_EDGE ( 'NONE', *, *, #3075, .F. ) ;
#736 = VERTEX_POINT ( 'NONE', #2819 ) ;
#737 = DIRECTION ( 'NONE',  ( -0.000000000000000000, 1.000000000000000000, -0.000000000000000000 ) ) ;
#738 = LINE ( 'NONE', #1930, #3033 ) ;
#739 = VECTOR ( 'NONE', #2188, 1000.000000000000000 ) ;
#740 = VERTEX_POINT ( 'NONE', #1347 ) ;
#741 = CARTESIAN_POINT ( 'NONE',  ( -13.33499999999999552, 20.50000000000001066, 17.90000000000000213 ) ) ;
#742 = CARTESIAN_POINT ( 'NONE',  ( 29.42000000000001236, 8.500000000000000000, 9.999999999999998224 ) ) ;
#743 = VECTOR ( 'NONE', #1914, 1000.000000000000000 ) ;
#744 = LOCAL_TIME ( 11, 6, 39.00000000000000000, #2846 ) ;
#745 = ORIENTED_EDGE ( 'NONE', *, *, #1337, .T. ) ;
#746 = CARTESIAN_POINT ( 'NONE',  ( -6.360318361762345774, 2.507570259257746681, 17.53456846071401287 ) ) ;
#747 = DIRECTION ( 'NONE',  ( 0.000000000000000000, -1.000000000000000000, 0.000000000000000000 ) ) ;
#748 = ORIENTED_EDGE ( 'NONE', *, *, #1822, .T. ) ;
#749 = SPHERICAL_SURFACE ( 'NONE', #1986, 2.000000000000000000 ) ;
#750 = ORIENTED_EDGE ( 'NONE', *, *, #1359, .T. ) ;
#751 = DIRECTION ( 'NONE',  ( 0.000000000000000000, 1.000000000000000000, -0.000000000000000000 ) ) ;
#752 = EDGE_CURVE ( 'NONE', #2438, #1460, #2053, .T. ) ;
#753 = DIRECTION ( 'NONE',  ( 0.000000000000000000, 0.000000000000000000, 1.000000000000000000 ) ) ;
#754 = CARTESIAN_POINT ( 'NONE',  ( 6.685000000000013820, 8.673617379884035472E-16, 4.200000000000001066 ) ) ;
#755 = ORIENTED_EDGE ( 'NONE', *, *, #1359, .F. ) ;
#756 = LINE ( 'NONE', #1721, #2436 ) ;
#757 = CARTESIAN_POINT ( 'NONE',  ( -32.49999999999999289, 8.500000000000000000, 9.999999999999998224 ) ) ;
#758 = ORIENTED_EDGE ( 'NONE', *, *, #2985, .F. ) ;
#759 = CARTESIAN_POINT ( 'NONE',  ( -0.3815568079739614649, 2.055007806502126666, 16.67376257763421776 ) ) ;
#760 = ORIENTED_EDGE ( 'NONE', *, *, #2177, .T. ) ;
#761 = CARTESIAN_POINT ( 'NONE',  ( -3.814999999999987512, 17.26584280032444951, -15.19999999999999929 ) ) ;
#762 = EDGE_CURVE ( 'NONE', #2845, #1631, #1163, .T. ) ;
#763 = EDGE_LOOP ( 'NONE', ( #2443, #149, #750, #2452 ) ) ;
#764 = DIRECTION ( 'NONE',  ( 0.000000000000000000, 1.000000000000000000, 0.000000000000000000 ) ) ;
#765 = DIRECTION ( 'NONE',  ( 0.000000000000000000, 0.000000000000000000, -1.000000000000000000 ) ) ;
#766 = CARTESIAN_POINT ( 'NONE',  ( -9.314999999999988844, 23.00000000000000355, 5.250000000000060396 ) ) ;
#767 = EDGE_CURVE ( 'NONE', #2845, #2426, #47, .T. ) ;
#768 = CARTESIAN_POINT ( 'NONE',  ( 4.341854249492384632, 8.500000000000000000, 0.6431457505076121350 ) ) ;
#769 = LINE ( 'NONE', #1216, #2822 ) ;
#770 = EDGE_CURVE ( 'NONE', #915, #716, #1524, .T. ) ;
#771 = AXIS2_PLACEMENT_3D ( 'NONE', #597, #2514, #538 ) ;
#772 = CIRCLE ( 'NONE', #1577, 1.000000000000000222 ) ;
#773 = ORIENTED_EDGE ( 'NONE', *, *, #979, .T. ) ;
#774 = CARTESIAN_POINT ( 'NONE',  ( 0.9022665757930063979, 0.6985090966870137752, 16.50973876232879434 ) ) ;
#775 = VECTOR ( 'NONE', #535, 1000.000000000000000 ) ;
#776 = ORIENTED_EDGE ( 'NONE', *, *, #2975, .T. ) ;
#777 = CARTESIAN_POINT ( 'NONE',  ( -1.315000000000015490, 8.500000000000000000, -5.899999999999998579 ) ) ;
#778 = AXIS2_PLACEMENT_3D ( 'NONE', #2273, #349, #2084 ) ;
#779 = ORIENTED_EDGE ( 'NONE', *, *, #423, .T. ) ;
#780 = CARTESIAN_POINT ( 'NONE',  ( -9.314999999999988844, 4.500000000000000888, 2.100000000000059597 ) ) ;
#781 = VECTOR ( 'NONE', #672, 1000.000000000000000 ) ;
#782 = DIRECTION ( 'NONE',  ( 0.000000000000000000, 0.000000000000000000, 1.000000000000000000 ) ) ;
#783 = DIRECTION ( 'NONE',  ( -0.000000000000000000, 1.000000000000000000, -0.000000000000000000 ) ) ;
#784 = EDGE_CURVE ( 'NONE', #2618, #179, #1658, .T. ) ;
#785 = LINE ( 'NONE', #2695, #2820 ) ;
#786 = DIRECTION ( 'NONE',  ( 0.000000000000000000, 0.000000000000000000, 1.000000000000000000 ) ) ;
#787 = AXIS2_PLACEMENT_3D ( 'NONE', #615, #1057, #1776 ) ;
#788 = VECTOR ( 'NONE', #312, 1000.000000000000000 ) ;
#789 = EDGE_CURVE ( 'NONE', #740, #2106, #155, .T. ) ;
#790 = ORIENTED_EDGE ( 'NONE', *, *, #855, .T. ) ;
#791 = CARTESIAN_POINT ( 'NONE',  ( -0.2858302817678425867, 2.594230569876787573, 17.82425180100005235 ) ) ;
#792 = AXIS2_PLACEMENT_3D ( 'NONE', #488, #1452, #1225 ) ;
#793 = VERTEX_POINT ( 'NONE', #2093 ) ;
#794 = CARTESIAN_POINT ( 'NONE',  ( -29.04999999999999716, 6.624999999999992006, 18.39999999999999858 ) ) ;
#795 = VERTEX_POINT ( 'NONE', #2768 ) ;
#796 = DIRECTION ( 'NONE',  ( -0.000000000000000000, -0.000000000000000000, 1.000000000000000000 ) ) ;
#797 = CYLINDRICAL_SURFACE ( 'NONE', #439, 1.349999999999996980 ) ;
#798 = DIRECTION ( 'NONE',  ( 0.000000000000000000, 0.000000000000000000, 1.000000000000000000 ) ) ;
#799 = DIRECTION ( 'NONE',  ( -1.807003620809174878E-16, 0.000000000000000000, 1.000000000000000000 ) ) ;
#800 = CARTESIAN_POINT ( 'NONE',  ( -2.909999999999993925, 28.50000000000001421, 18.39999999999999858 ) ) ;
#801 = CARTESIAN_POINT ( 'NONE',  ( -0.8007945663098442468, 2.598761845801838444, 17.83332411601711698 ) ) ;
#802 = B_SPLINE_CURVE_WITH_KNOTS ( 'NONE', 3,
 ( #2204, #313, #1300, #2705, #299, #76, #1731, #1037, #1555, #825 ),
 .UNSPECIFIED., .F., .F.,
 ( 4, 2, 2, 2, 4 ),
 ( 0.000000000000000000, 0.003011688974391271006, 0.006023377948782542013, 0.009035066923173809550, 0.01204675589756508056 ),
 .UNSPECIFIED. ) ;
#803 = EDGE_CURVE ( 'NONE', #1428, #2764, #2459, .T. ) ;
#804 = ORIENTED_EDGE ( 'NONE', *, *, #3060, .T. ) ;
#805 = CARTESIAN_POINT ( 'NONE',  ( 4.341854249492384632, 8.673617379884035472E-16, -1.456854249492388620 ) ) ;
#806 = ORIENTED_EDGE ( 'NONE', *, *, #2177, .F. ) ;
#807 = CARTESIAN_POINT ( 'NONE',  ( 18.79000000000000981, 30.60000000000000142, 123.9999999999999858 ) ) ;
#808 = VERTEX_POINT ( 'NONE', #909 ) ;
#809 = DIRECTION ( 'NONE',  ( 1.000000000000000000, 0.000000000000000000, 0.000000000000000000 ) ) ;
#810 = CARTESIAN_POINT ( 'NONE',  ( -13.33499999999999552, 20.50000000000001066, 19.89999999999999858 ) ) ;
#811 = AXIS2_PLACEMENT_3D ( 'NONE', #1504, #1471, #20 ) ;
#812 = DIRECTION ( 'NONE',  ( -1.000000000000000000, -1.067522139062650425E-16, 0.000000000000000000 ) ) ;
#813 = FACE_OUTER_BOUND ( 'NONE', #651, .T. ) ;
#814 = CARTESIAN_POINT ( 'NONE',  ( -9.314999999999988844, 23.00000000000000355, 3.150000000000060307 ) ) ;
#815 = CIRCLE ( 'NONE', #2528, 1.050000000000000488 ) ;
#816 = VECTOR ( 'NONE', #1905, 1000.000000000000000 ) ;
#817 = ADVANCED_FACE ( 'NONE', ( #3036 ), #896, .T. ) ;
#818 = ORIENTED_EDGE ( 'NONE', *, *, #523, .F. ) ;
#819 = CARTESIAN_POINT ( 'NONE',  ( 25.43000000000000682, 6.624999999999984901, 18.39999999999999858 ) ) ;
#820 = VERTEX_POINT ( 'NONE', #1147 ) ;
#821 = DIRECTION ( 'NONE',  ( 0.000000000000000000, -1.000000000000000000, 0.000000000000000000 ) ) ;
#822 = ADVANCED_FACE ( 'NONE', ( #2576 ), #844, .T. ) ;
#823 = ORIENTED_EDGE ( 'NONE', *, *, #960, .T. ) ;
#824 = DIRECTION ( 'NONE',  ( 0.000000000000000000, -1.000000000000000000, 0.000000000000000000 ) ) ;
#825 = CARTESIAN_POINT ( 'NONE',  ( 4.685833275471022574, 2.500000000000000000, 17.39999999999999858 ) ) ;
#826 = CIRCLE ( 'NONE', #1640, 2.100000000000000089 ) ;
#827 = DIRECTION ( 'NONE',  ( 0.000000000000000000, 0.000000000000000000, -1.000000000000000000 ) ) ;
#828 = CARTESIAN_POINT ( 'NONE',  ( -32.04999999999999005, 8.500000000000000000, 9.999999999999998224 ) ) ;
#829 = AXIS2_PLACEMENT_3D ( 'NONE', #2263, #1049, #1715 ) ;
#830 = AXIS2_PLACEMENT_3D ( 'NONE', #2561, #710, #238 ) ;
#831 = CARTESIAN_POINT ( 'NONE',  ( -32.04999999999999005, 24.59999999999998366, 9.999999999999998224 ) ) ;
#832 = VECTOR ( 'NONE', #2038, 1000.000000000000000 ) ;
#833 = ORIENTED_EDGE ( 'NONE', *, *, #882, .F. ) ;
#834 = CARTESIAN_POINT ( 'NONE',  ( -6.971854249492396960, 23.00000000000000355, -0.4068542494923461650 ) ) ;
#835 = ORIENTED_EDGE ( 'NONE', *, *, #3019, .F. ) ;
#836 = FACE_OUTER_BOUND ( 'NONE', #2797, .T. ) ;
#837 = EDGE_CURVE ( 'NONE', #601, #1434, #188, .T. ) ;
#838 = EDGE_LOOP ( 'NONE', ( #2121, #2138, #86, #758 ) ) ;
#839 = LINE ( 'NONE', #2751, #990 ) ;
#840 = FACE_OUTER_BOUND ( 'NONE', #1951, .T. ) ;
#841 = EDGE_CURVE ( 'NONE', #541, #1600, #2742, .T. ) ;
#842 = AXIS2_PLACEMENT_3D ( 'NONE', #1514, #2472, #316 ) ;
#843 = DIRECTION ( 'NONE',  ( 0.000000000000000000, 0.000000000000000000, 1.000000000000000000 ) ) ;
#844 = CYLINDRICAL_SURFACE ( 'NONE', #1000, 6.999999999999999112 ) ;
#845 = CIRCLE ( 'NONE', #2607, 1.000000000000000222 ) ;
#846 = CARTESIAN_POINT ( 'NONE',  ( -0.8099999999999929479, 12.50000000000001421, 15.70000000000000284 ) ) ;
#847 = ORIENTED_EDGE ( 'NONE', *, *, #2624, .T. ) ;
#848 = ORIENTED_EDGE ( 'NONE', *, *, #2737, .F. ) ;
#849 = DIRECTION ( 'NONE',  ( 0.000000000000000000, 0.000000000000000000, 1.000000000000000000 ) ) ;
#850 = AXIS2_PLACEMENT_3D ( 'NONE', #1729, #297, #2217 ) ;
#851 = EDGE_LOOP ( 'NONE', ( #682, #1120, #922, #1261, #1888, #575, #1194, #2811, #875 ) ) ;
#852 = DIRECTION ( 'NONE',  ( 0.000000000000000000, 0.000000000000000000, -1.000000000000000000 ) ) ;
#853 = ORIENTED_EDGE ( 'NONE', *, *, #536, .F. ) ;
#854 = DIRECTION ( 'NONE',  ( -0.000000000000000000, 1.000000000000000000, -0.000000000000000000 ) ) ;
#855 = EDGE_CURVE ( 'NONE', #1503, #2112, #3001, .T. ) ;
#856 = DIRECTION ( 'NONE',  ( -0.000000000000000000, -0.000000000000000000, 1.000000000000000000 ) ) ;
#857 = CARTESIAN_POINT ( 'NONE',  ( -1.315000000000015490, -1.999999999999999556, -2.749999999999998224 ) ) ;
#858 = EDGE_CURVE ( 'NONE', #1697, #2334, #1097, .T. ) ;
#859 = CARTESIAN_POINT ( 'NONE',  ( 29.42000000000001236, 8.500000000000000000, -3.000000000000001776 ) ) ;
#860 = DIRECTION ( 'NONE',  ( -0.000000000000000000, 1.000000000000000000, -0.000000000000000000 ) ) ;
#861 = EDGE_CURVE ( 'NONE', #1048, #2048, #2128, .T. ) ;
#862 = CARTESIAN_POINT ( 'NONE',  ( -0.8149999999999871791, -1.999999999999999556, -17.19999999999999929 ) ) ;
#863 = LINE ( 'NONE', #928, #733 ) ;
#864 = ORIENTED_EDGE ( 'NONE', *, *, #803, .T. ) ;
#865 = ORIENTED_EDGE ( 'NONE', *, *, #1634, .T. ) ;
#866 = DIRECTION ( 'NONE',  ( 0.000000000000000000, 1.000000000000000000, 0.000000000000000000 ) ) ;
#867 = ORIENTED_EDGE ( 'NONE', *, *, #837, .F. ) ;
#868 = CARTESIAN_POINT ( 'NONE',  ( -9.314999999999988844, 8.673617379884035472E-16, 4.200000000000060574 ) ) ;
#869 = CIRCLE ( 'NONE', #1977, 2.100000000000000533 ) ;
#870 = ORIENTED_EDGE ( 'NONE', *, *, #1719, .F. ) ;
#871 = AXIS2_PLACEMENT_3D ( 'NONE', #3035, #2362, #2326 ) ;
#872 = DIRECTION ( 'NONE',  ( 1.000000000000000000, 0.000000000000000000, 0.000000000000000000 ) ) ;
#873 = AXIS2_PLACEMENT_3D ( 'NONE', #2766, #1832, #1345 ) ;
#874 = CARTESIAN_POINT ( 'NONE',  ( 0.9570307284333245956, 13.63472569582805249, 18.39999999999999858 ) ) ;
#875 = ORIENTED_EDGE ( 'NONE', *, *, #465, .F. ) ;
#876 = DIRECTION ( 'NONE',  ( 0.000000000000000000, 1.000000000000000000, 0.000000000000000000 ) ) ;
#877 = DIRECTION ( 'NONE',  ( 0.000000000000000000, 0.000000000000000000, -1.000000000000000000 ) ) ;
#878 = EDGE_CURVE ( 'NONE', #337, #1213, #926, .T. ) ;
#879 = AXIS2_PLACEMENT_3D ( 'NONE', #656, #372, #388 ) ;
#880 = CARTESIAN_POINT ( 'NONE',  ( -6.841889080410298973, 2.499999999999999112, 17.47181969926568001 ) ) ;
#881 = DIRECTION ( 'NONE',  ( 1.000000000000000000, 0.000000000000000000, 0.000000000000000000 ) ) ;
#882 = EDGE_CURVE ( 'NONE', #2064, #307, #84, .T. ) ;
#883 = ORIENTED_EDGE ( 'NONE', *, *, #1754, .T. ) ;
#884 = DIRECTION ( 'NONE',  ( 1.807003620809174878E-16, 0.000000000000000000, -1.000000000000000000 ) ) ;
#885 = AXIS2_PLACEMENT_3D ( 'NONE', #1181, #10, #2411 ) ;
#886 = ORIENTED_EDGE ( 'NONE', *, *, #1442, .F. ) ;
#887 = PLANE ( 'NONE',  #2853 ) ;
#888 = CIRCLE ( 'NONE', #1291, 6.999999999999999112 ) ;
#889 = ORIENTED_EDGE ( 'NONE', *, *, #2323, .T. ) ;
#890 = APPLICATION_PROTOCOL_DEFINITION ( 'international standard', 'config_control_design', 1994, #1148 ) ;
#891 = CYLINDRICAL_SURFACE ( 'NONE', #1276, 2.100000000000000089 ) ;
#892 = CIRCLE ( 'NONE', #2646, 1.049999999999999822 ) ;
#893 = ORIENTED_EDGE ( 'NONE', *, *, #2269, .T. ) ;
#894 = SECURITY_CLASSIFICATION ( '', '', #950 ) ;
#895 = LINE ( 'NONE', #1129, #474 ) ;
#896 = CYLINDRICAL_SURFACE ( 'NONE', #196, 12.50000000000000000 ) ;
#897 = CARTESIAN_POINT ( 'NONE',  ( -13.33499999999999552, 20.50000000000001066, 21.39999999999999858 ) ) ;
#898 = DIRECTION ( 'NONE',  ( 0.000000000000000000, 0.000000000000000000, 1.000000000000000000 ) ) ;
#899 = EDGE_LOOP ( 'NONE', ( #1626, #1253, #2688 ) ) ;
#900 = ORIENTED_EDGE ( 'NONE', *, *, #81, .T. ) ;
#901 = CARTESIAN_POINT ( 'NONE',  ( 8.365000000000003766, 20.50000000000001421, 16.89999999999999858 ) ) ;
#902 = ADVANCED_FACE ( 'NONE', ( #521 ), #1656, .T. ) ;
#903 = CARTESIAN_POINT ( 'NONE',  ( -6.488132134026717068, 0.5000000000000000000, 15.57931034482758648 ) ) ;
#904 = ORIENTED_EDGE ( 'NONE', *, *, #770, .T. ) ;
#905 = DIRECTION ( 'NONE',  ( -1.807003620809174878E-16, -0.000000000000000000, 1.000000000000000000 ) ) ;
#906 = DIRECTION ( 'NONE',  ( -0.000000000000000000, 1.000000000000000000, 0.000000000000000000 ) ) ;
#907 = ORIENTED_EDGE ( 'NONE', *, *, #2962, .F. ) ;
#908 = DIRECTION ( 'NONE',  ( 0.000000000000000000, 0.000000000000000000, 1.000000000000000000 ) ) ;
#909 = CARTESIAN_POINT ( 'NONE',  ( -32.04999999999999005, 2.500000000000000000, 17.39999999999999858 ) ) ;
#910 = PERSON ( '未指定', '未指定', '未指定', ('未指定'), ('未指定'), ('未指定') ) ;
#911 = ORIENTED_EDGE ( 'NONE', *, *, #1132, .T. ) ;
#912 = PLANE ( 'NONE',  #2040 ) ;
#913 = DIRECTION ( 'NONE',  ( 1.000000000000000000, 0.000000000000000000, 0.000000000000000000 ) ) ;
#914 = CIRCLE ( 'NONE', #519, 1.050000000000000044 ) ;
#915 = VERTEX_POINT ( 'NONE', #3097 ) ;
#916 = DIRECTION ( 'NONE',  ( 0.000000000000000000, 0.000000000000000000, 1.000000000000000000 ) ) ;
#917 = CARTESIAN_POINT ( 'NONE',  ( 2.013427124746201446, 2.500000000000000000, -10.00000000000000178 ) ) ;
#918 = CARTESIAN_POINT ( 'NONE',  ( -2.198871182915000055, 0.7827401412565083705, 16.67655709752238380 ) ) ;
#919 = VERTEX_POINT ( 'NONE', #2667 ) ;
#920 = CALENDAR_DATE ( 2026, 15, 9 ) ;
#921 = EDGE_LOOP ( 'NONE', ( #1193, #2978 ) ) ;
#922 = ORIENTED_EDGE ( 'NONE', *, *, #691, .F. ) ;
#923 = ADVANCED_FACE ( 'NONE', ( #249 ), #1212, .F. ) ;
#924 = CIRCLE ( 'NONE', #2387, 6.000000000000001776 ) ;
#925 = CARTESIAN_POINT ( 'NONE',  ( 4.341854249492384632, 8.500000000000000000, -1.456854249492388620 ) ) ;
#926 = LINE ( 'NONE', #471, #2886 ) ;
#927 = DIRECTION ( 'NONE',  ( -0.000000000000000000, -0.000000000000000000, 1.000000000000000000 ) ) ;
#928 = CARTESIAN_POINT ( 'NONE',  ( 3.185000000000011600, 8.500000000000000000, -10.00000000000000178 ) ) ;
#929 = ORIENTED_EDGE ( 'NONE', *, *, #1862, .T. ) ;
#930 = DIRECTION ( 'NONE',  ( 0.000000000000000000, 0.000000000000000000, -1.000000000000000000 ) ) ;
#931 = DIRECTION ( 'NONE',  ( 1.000000000000000000, 0.000000000000000000, -0.000000000000000000 ) ) ;
#932 = CARTESIAN_POINT ( 'NONE',  ( 24.08000000000001251, 6.624999999999984901, 6.899999999999998579 ) ) ;
#933 = EDGE_LOOP ( 'NONE', ( #2648, #2669, #981, #466 ) ) ;
#934 = DATE_AND_TIME ( #2631, #3039 ) ;
#935 = VECTOR ( 'NONE', #927, 1000.000000000000000 ) ;
#936 = EDGE_LOOP ( 'NONE', ( #2224, #2727, #904, #2081 ) ) ;
#937 = ORIENTED_EDGE ( 'NONE', *, *, #1536, .F. ) ;
#938 = VECTOR ( 'NONE', #487, 1000.000000000000000 ) ;
#939 = AXIS2_PLACEMENT_3D ( 'NONE', #1873, #195, #998 ) ;
#940 = DIRECTION ( 'NONE',  ( -0.000000000000000000, -0.000000000000000000, 1.000000000000000000 ) ) ;
#941 = CARTESIAN_POINT ( 'NONE',  ( -9.314999999999988844, 8.500000000000000000, 6.300000000000061107 ) ) ;
#942 = ADVANCED_FACE ( 'NONE', ( #234 ), #2248, .F. ) ;
#943 = ORIENTED_EDGE ( 'NONE', *, *, #210, .T. ) ;
#944 = CYLINDRICAL_SURFACE ( 'NONE', #1643, 2.100000000000000089 ) ;
#945 = CARTESIAN_POINT ( 'NONE',  ( -32.49999999999999289, 2.500000000000000000, -10.00000000000000178 ) ) ;
#946 = ORIENTED_EDGE ( 'NONE', *, *, #1128, .F. ) ;
#947 = CARTESIAN_POINT ( 'NONE',  ( -1.809999999999992948, 28.50000000000001421, 16.89999999999999858 ) ) ;
#948 = CARTESIAN_POINT ( 'NONE',  ( 3.185000000000014264, 2.500000000000000000, -10.00000000000000178 ) ) ;
#949 = ORIENTED_EDGE ( 'NONE', *, *, #523, .T. ) ;
#950 = SECURITY_CLASSIFICATION_LEVEL ( 'unclassified' ) ;
#951 = ORIENTED_EDGE ( 'NONE', *, *, #631, .F. ) ;
#952 = LINE ( 'NONE', #1912, #938 ) ;
#953 = EDGE_CURVE ( 'NONE', #1961, #317, #1542, .T. ) ;
#954 = CARTESIAN_POINT ( 'NONE',  ( 24.08000000000001251, 6.624999999999984901, 6.899999999999998579 ) ) ;
#955 = CARTESIAN_POINT ( 'NONE',  ( -1.314999999999986402, 0.5000000000000000000, 4.200000000000001066 ) ) ;
#956 = EDGE_CURVE ( 'NONE', #413, #1476, #738, .T. ) ;
#957 = VERTEX_POINT ( 'NONE', #2834 ) ;
#958 = CARTESIAN_POINT ( 'NONE',  ( 1.185000000000012488, 17.26584280032444951, -15.19999999999999929 ) ) ;
#959 = LINE ( 'NONE', #285, #527 ) ;
#960 = EDGE_CURVE ( 'NONE', #919, #217, #1199, .T. ) ;
#961 = VERTEX_POINT ( 'NONE', #941 ) ;
#962 = DIRECTION ( 'NONE',  ( 0.000000000000000000, 1.000000000000000000, 0.000000000000000000 ) ) ;
#963 = CARTESIAN_POINT ( 'NONE',  ( 1.185000000000011822, 1.671572875253810153, -10.82842712474619162 ) ) ;
#964 = ORIENTED_EDGE ( 'NONE', *, *, #1615, .T. ) ;
#965 = AXIS2_PLACEMENT_3D ( 'NONE', #114, #2019, #2728 ) ;
#966 = PERSON_AND_ORGANIZATION ( #910, #1243 ) ;
#967 = ORIENTED_EDGE ( 'NONE', *, *, #2347, .T. ) ;
#968 = DIRECTION ( 'NONE',  ( 0.000000000000000000, 0.000000000000000000, -1.000000000000000000 ) ) ;
#969 = LINE ( 'NONE', #1949, #2045 ) ;
#970 = CARTESIAN_POINT ( 'NONE',  ( -25.04999999999999005, 24.59999999999999076, 9.999999999999998224 ) ) ;
#971 = AXIS2_PLACEMENT_3D ( 'NONE', #1314, #2944, #122 ) ;
#972 = ORIENTED_EDGE ( 'NONE', *, *, #2948, .F. ) ;
#973 = PLANE ( 'NONE',  #1446 ) ;
#974 = LINE ( 'NONE', #1918, #1071 ) ;
#975 = EDGE_CURVE ( 'NONE', #1413, #1274, #1465, .T. ) ;
#976 = ORIENTED_EDGE ( 'NONE', *, *, #1525, .T. ) ;
#977 = CARTESIAN_POINT ( 'NONE',  ( 2.193700205936367720, 0.5846635987901518394, 16.20562952045519012 ) ) ;
#978 = FACE_BOUND ( 'NONE', #2621, .T. ) ;
#979 = EDGE_CURVE ( 'NONE', #1829, #3064, #2348, .T. ) ;
#980 = VECTOR ( 'NONE', #630, 1000.000000000000000 ) ;
#981 = ORIENTED_EDGE ( 'NONE', *, *, #2875, .T. ) ;
#982 = APPLICATION_PROTOCOL_DEFINITION ( 'international standard', 'config_control_design', 1994, #1736 ) ;
#983 = AXIS2_PLACEMENT_3D ( 'NONE', #2201, #2910, #1522 ) ;
#984 = EDGE_LOOP ( 'NONE', ( #2288, #2104, #1635, #2477 ) ) ;
#985 = CARTESIAN_POINT ( 'NONE',  ( 22.42000000000001592, 2.500000000000000444, -3.000000000000001776 ) ) ;
#986 = CIRCLE ( 'NONE', #1495, 1.349999999999996980 ) ;
#987 = FACE_OUTER_BOUND ( 'NONE', #1238, .T. ) ;
#988 = CARTESIAN_POINT ( 'NONE',  ( 22.42000000000001592, 2.500000000000000000, -10.00000000000000178 ) ) ;
#989 = AXIS2_PLACEMENT_3D ( 'NONE', #2379, #2142, #3081 ) ;
#990 = VECTOR ( 'NONE', #608, 1000.000000000000000 ) ;
#991 = EDGE_LOOP ( 'NONE', ( #1439, #379, #397, #3098 ) ) ;
#992 = DIRECTION ( 'NONE',  ( 0.000000000000000000, 0.000000000000000000, 1.000000000000000000 ) ) ;
#993 = CARTESIAN_POINT ( 'NONE',  ( -21.40999999999999304, 30.60000000000000853, 15.70000000000000284 ) ) ;
#994 = VECTOR ( 'NONE', #2881, 1000.000000000000000 ) ;
#995 = ADVANCED_FACE ( 'NONE', ( #1686 ), #2637, .F. ) ;
#996 = ORIENTED_EDGE ( 'NONE', *, *, #245, .F. ) ;
#997 = FACE_OUTER_BOUND ( 'NONE', #2492, .T. ) ;
#998 = DIRECTION ( 'NONE',  ( 0.000000000000000000, 0.000000000000000000, -1.000000000000000000 ) ) ;
#999 = ADVANCED_FACE ( 'NONE', ( #219, #2425 ), #1479, .T. ) ;
#1000 = AXIS2_PLACEMENT_3D ( 'NONE', #1805, #2297, #422 ) ;
#1001 = EDGE_LOOP ( 'NONE', ( #1103, #1177, #1549, #400 ) ) ;
#1002 = CARTESIAN_POINT ( 'NONE',  ( -21.40999999999999659, 10.40000000000000924, 15.70000000000000284 ) ) ;
#1003 = VERTEX_POINT ( 'NONE', #988 ) ;
#1004 = LINE ( 'NONE', #2453, #1009 ) ;
#1005 = CIRCLE ( 'NONE', #2463, 2.600000000000001421 ) ;
#1006 = ADVANCED_FACE ( 'NONE', ( #1415, #1950 ), #2899, .T. ) ;
#1007 = DIRECTION ( 'NONE',  ( 0.000000000000000000, 0.000000000000000000, 1.000000000000000000 ) ) ;
#1008 = LINE ( 'NONE', #577, #1030 ) ;
#1009 = VECTOR ( 'NONE', #58, 1000.000000000000000 ) ;
#1010 = DIRECTION ( 'NONE',  ( -0.000000000000000000, 1.000000000000000000, -0.000000000000000000 ) ) ;
#1011 = CARTESIAN_POINT ( 'NONE',  ( -10.73499999999999588, 20.50000000000001066, 17.90000000000000213 ) ) ;
#1012 = DESIGN_CONTEXT ( 'detailed design', #1736, 'design' ) ;
#1013 = ORIENTED_EDGE ( 'NONE', *, *, #228, .F. ) ;
#1014 = CARTESIAN_POINT ( 'NONE',  ( -0.8502754226054735076, 2.053835959760771601, 16.69997385584629157 ) ) ;
#1015 = VERTEX_POINT ( 'NONE', #3066 ) ;
#1016 = DIRECTION ( 'NONE',  ( 0.000000000000000000, 0.000000000000000000, 1.000000000000000000 ) ) ;
#1017 = ORIENTED_EDGE ( 'NONE', *, *, #1196, .T. ) ;
#1018 = DIRECTION ( 'NONE',  ( -0.000000000000000000, 1.000000000000000000, -0.000000000000000000 ) ) ;
#1019 = EDGE_CURVE ( 'NONE', #2020, #1213, #1138, .T. ) ;
#1020 = CIRCLE ( 'NONE', #1221, 2.000000000000000000 ) ;
#1021 = CARTESIAN_POINT ( 'NONE',  ( -3.814999999999988400, 17.26584280032444951, -10.00000000000000178 ) ) ;
#1022 = DIRECTION ( 'NONE',  ( 0.000000000000000000, 0.000000000000000000, 1.000000000000000000 ) ) ;
#1023 = EDGE_CURVE ( 'NONE', #820, #1460, #2852, .T. ) ;
#1024 = DIRECTION ( 'NONE',  ( 0.000000000000000000, 0.000000000000000000, 1.000000000000000000 ) ) ;
#1025 = DIRECTION ( 'NONE',  ( 1.000000000000000000, 0.000000000000000000, 0.000000000000000000 ) ) ;
#1026 = VECTOR ( 'NONE', #1790, 1000.000000000000000 ) ;
#1027 = AXIS2_PLACEMENT_3D ( 'NONE', #168, #908, #643 ) ;
#1028 = ORIENTED_EDGE ( 'NONE', *, *, #16, .T. ) ;
#1029 = CARTESIAN_POINT ( 'NONE',  ( -4.391050586009767720, 0.6246769137542381722, 16.32383938641184784 ) ) ;
#1030 = VECTOR ( 'NONE', #1286, 1000.000000000000000 ) ;
#1031 = VERTEX_POINT ( 'NONE', #550 ) ;
#1032 = DIRECTION ( 'NONE',  ( 0.000000000000000000, 0.000000000000000000, 1.000000000000000000 ) ) ;
#1033 = CIRCLE ( 'NONE', #1780, 2.100000000000000533 ) ;
#1034 = VERTEX_POINT ( 'NONE', #2253 ) ;
#1035 = CYLINDRICAL_SURFACE ( 'NONE', #178, 2.000000000000000000 ) ;
#1036 = DIRECTION ( 'NONE',  ( 0.000000000000000000, 0.000000000000000000, 1.000000000000000000 ) ) ;
#1037 = CARTESIAN_POINT ( 'NONE',  ( 2.694750263110243349, 2.530783119422651772, 17.65735180086952028 ) ) ;
#1038 = EDGE_CURVE ( 'NONE', #957, #2136, #1996, .T. ) ;
#1039 = CARTESIAN_POINT ( 'NONE',  ( 29.42000000000001236, 2.500000000000000000, -3.000000000000002665 ) ) ;
#1040 = DIRECTION ( 'NONE',  ( 0.000000000000000000, 0.000000000000000000, 1.000000000000000000 ) ) ;
#1041 = CIRCLE ( 'NONE', #2980, 2.100000000000000533 ) ;
#1042 = CIRCLE ( 'NONE', #1391, 1.000000000000000222 ) ;
#1043 = ORIENTED_EDGE ( 'NONE', *, *, #3075, .T. ) ;
#1044 = CARTESIAN_POINT ( 'NONE',  ( -2.339530990174895297, 2.594255850561619781, 17.82428809122897562 ) ) ;
#1045 = AXIS2_PLACEMENT_3D ( 'NONE', #2378, #1900, #2187 ) ;
#1046 = VERTEX_POINT ( 'NONE', #2680 ) ;
#1047 = DIRECTION ( 'NONE',  ( 1.000000000000000000, 0.000000000000000000, 0.000000000000000000 ) ) ;
#1048 = VERTEX_POINT ( 'NONE', #2955 ) ;
#1049 = DIRECTION ( 'NONE',  ( 0.000000000000000000, 1.000000000000000000, 0.000000000000000000 ) ) ;
#1050 = ORIENTED_EDGE ( 'NONE', *, *, #2111, .F. ) ;
#1051 = DIRECTION ( 'NONE',  ( 1.807003620809174878E-16, -0.000000000000000000, -1.000000000000000000 ) ) ;
#1052 = CARTESIAN_POINT ( 'NONE',  ( 29.42000000000001236, 8.500000000000000000, 9.999999999999998224 ) ) ;
#1053 = EDGE_CURVE ( 'NONE', #1396, #2848, #1746, .T. ) ;
#1054 = CARTESIAN_POINT ( 'NONE',  ( -3.814999999999988400, 8.500000000000000000, -10.00000000000000178 ) ) ;
#1055 = CARTESIAN_POINT ( 'NONE',  ( 6.685000000000013820, 23.00000000000000355, 4.200000000000001066 ) ) ;
#1056 = EDGE_CURVE ( 'NONE', #2384, #2664, #802, .T. ) ;
#1057 = DIRECTION ( 'NONE',  ( -0.000000000000000000, -0.000000000000000000, 1.000000000000000000 ) ) ;
#1058 = ADVANCED_FACE ( 'NONE', ( #46 ), #1258, .T. ) ;
#1059 = ORIENTED_EDGE ( 'NONE', *, *, #610, .T. ) ;
#1060 = DIRECTION ( 'NONE',  ( -1.000000000000000000, -1.067522139062650425E-16, 0.000000000000000000 ) ) ;
#1061 = VERTEX_POINT ( 'NONE', #1771 ) ;
#1062 = DIRECTION ( 'NONE',  ( 0.000000000000000000, 0.000000000000000000, -1.000000000000000000 ) ) ;
#1063 = EDGE_LOOP ( 'NONE', ( #1142, #1942, #1135, #2953 ) ) ;
#1064 = DIRECTION ( 'NONE',  ( 1.807003620809174878E-16, 0.000000000000000000, -1.000000000000000000 ) ) ;
#1065 = CARTESIAN_POINT ( 'NONE',  ( 4.341854249492384632, -1.999999999999999556, -1.456854249492388620 ) ) ;
#1066 = AXIS2_PLACEMENT_3D ( 'NONE', #590, #1565, #2796 ) ;
#1067 = LINE ( 'NONE', #2739, #2236 ) ;
#1068 = LINE ( 'NONE', #2945, #1026 ) ;
#1069 = FACE_BOUND ( 'NONE', #1897, .T. ) ;
#1070 = AXIS2_PLACEMENT_3D ( 'NONE', #1287, #565, #96 ) ;
#1071 = VECTOR ( 'NONE', #1456, 1000.000000000000000 ) ;
#1072 = ORIENTED_EDGE ( 'NONE', *, *, #2681, .T. ) ;
#1073 = CARTESIAN_POINT ( 'NONE',  ( 6.685000000000013820, 4.500000000000000888, 2.100000000000000533 ) ) ;
#1074 = EDGE_CURVE ( 'NONE', #3011, #820, #1684, .T. ) ;
#1075 = ORIENTED_EDGE ( 'NONE', *, *, #2427, .F. ) ;
#1076 = DIRECTION ( 'NONE',  ( -0.000000000000000000, -0.000000000000000000, -1.000000000000000000 ) ) ;
#1077 = ORIENTED_EDGE ( 'NONE', *, *, #1019, .T. ) ;
#1078 = DIRECTION ( 'NONE',  ( 0.000000000000000000, 1.000000000000000000, 0.000000000000000000 ) ) ;
#1079 = DIRECTION ( 'NONE',  ( -0.000000000000000000, 1.000000000000000000, -0.000000000000000000 ) ) ;
#1080 = DIRECTION ( 'NONE',  ( 0.000000000000000000, 0.000000000000000000, 1.000000000000000000 ) ) ;
#1081 = DIRECTION ( 'NONE',  ( -0.000000000000000000, 1.000000000000000000, -0.000000000000000000 ) ) ;
#1082 = CARTESIAN_POINT ( 'NONE',  ( 18.79000000000000625, 10.40000000000000213, 9.999999999999998224 ) ) ;
#1083 = VECTOR ( 'NONE', #2471, 1000.000000000000000 ) ;
#1084 = FACE_OUTER_BOUND ( 'NONE', #144, .T. ) ;
#1085 = AXIS2_PLACEMENT_3D ( 'NONE', #3094, #1653, #437 ) ;
#1086 = EDGE_CURVE ( 'NONE', #1488, #382, #594, .T. ) ;
#1087 = VECTOR ( 'NONE', #36, 1000.000000000000000 ) ;
#1088 = VERTEX_POINT ( 'NONE', #2234 ) ;
#1089 = CARTESIAN_POINT ( 'NONE',  ( -6.971854249492396960, 8.500000000000000000, -1.456854249492347320 ) ) ;
#1090 = ORIENTED_EDGE ( 'NONE', *, *, #2553, .T. ) ;
#1091 = CARTESIAN_POINT ( 'NONE',  ( 6.685000000000013820, 23.00000000000000355, 4.200000000000001066 ) ) ;
#1092 = EDGE_CURVE ( 'NONE', #1687, #2991, #106, .T. ) ;
#1093 = ORIENTED_EDGE ( 'NONE', *, *, #500, .F. ) ;
#1094 = PLANE ( 'NONE',  #585 ) ;
#1095 = FACE_OUTER_BOUND ( 'NONE', #2431, .T. ) ;
#1096 = EDGE_CURVE ( 'NONE', #307, #2064, #1982, .T. ) ;
#1097 = CIRCLE ( 'NONE', #1954, 5.099999999999999645 ) ;
#1098 = CARTESIAN_POINT ( 'NONE',  ( -1.314999999999986402, -1.999999999999999556, 16.70000000000000284 ) ) ;
#1099 = DIRECTION ( 'NONE',  ( 0.000000000000000000, 0.000000000000000000, -1.000000000000000000 ) ) ;
#1100 = CIRCLE ( 'NONE', #2059, 10.09999999999999787 ) ;
#1101 = DIRECTION ( 'NONE',  ( -0.3103448275862070727, 0.000000000000000000, -0.9506240518682911311 ) ) ;
#1102 = CARTESIAN_POINT ( 'NONE',  ( -1.314999999975728917, 0.7962988330808475901, 16.70000000000000284 ) ) ;
#1103 = ORIENTED_EDGE ( 'NONE', *, *, #2427, .T. ) ;
#1104 = EDGE_LOOP ( 'NONE', ( #2153, #1366 ) ) ;
#1105 = CARTESIAN_POINT ( 'NONE',  ( -1.315000000000015712, 8.500000000000000000, -3.799999999999998490 ) ) ;
#1106 = ORIENTED_EDGE ( 'NONE', *, *, #125, .F. ) ;
#1107 = CARTESIAN_POINT ( 'NONE',  ( 14.36500000000000554, 20.50000000000001421, 6.899999999999998579 ) ) ;
#1108 = ORIENTED_EDGE ( 'NONE', *, *, #2347, .F. ) ;
#1109 = DIRECTION ( 'NONE',  ( -0.000000000000000000, -1.000000000000000000, -0.000000000000000000 ) ) ;
#1110 = CARTESIAN_POINT ( 'NONE',  ( 3.185000000000011600, 17.26584280032444951, -12.00000000000000178 ) ) ;
#1111 = ADVANCED_FACE ( 'NONE', ( #1979 ), #2694, .T. ) ;
#1112 = ORIENTED_EDGE ( 'NONE', *, *, #2593, .F. ) ;
#1113 = CARTESIAN_POINT ( 'NONE',  ( -13.33499999999999552, 20.50000000000001066, 12.89999999999999858 ) ) ;
#1114 = CARTESIAN_POINT ( 'NONE',  ( -1.314999999999986402, -1.999999999999999556, 4.200000000000001066 ) ) ;
#1115 = EDGE_CURVE ( 'NONE', #2508, #1213, #623, .T. ) ;
#1116 = AXIS2_PLACEMENT_3D ( 'NONE', #1089, #1188, #1387 ) ;
#1117 = DIRECTION ( 'NONE',  ( -0.000000000000000000, -0.000000000000000000, 1.000000000000000000 ) ) ;
#1118 = CARTESIAN_POINT ( 'NONE',  ( -29.04999999999999716, 6.624999999999992006, 6.899999999999998579 ) ) ;
#1119 = VERTEX_POINT ( 'NONE', #326 ) ;
#1120 = ORIENTED_EDGE ( 'NONE', *, *, #266, .F. ) ;
#1121 = FACE_OUTER_BOUND ( 'NONE', #1173, .T. ) ;
#1122 = VERTEX_POINT ( 'NONE', #1052 ) ;
#1123 = CARTESIAN_POINT ( 'NONE',  ( -9.314999999999988844, 8.673617379884035472E-16, 2.100000000000059597 ) ) ;
#1124 = VERTEX_POINT ( 'NONE', #2969 ) ;
#1125 = FACE_OUTER_BOUND ( 'NONE', #1338, .T. ) ;
#1126 = DIRECTION ( 'NONE',  ( -0.000000000000000000, 1.000000000000000000, -0.000000000000000000 ) ) ;
#1127 = ORIENTED_EDGE ( 'NONE', *, *, #3045, .T. ) ;
#1128 = EDGE_CURVE ( 'NONE', #2748, #1846, #2082, .T. ) ;
#1129 = CARTESIAN_POINT ( 'NONE',  ( 0.1900000000000073297, 12.50000000000001421, 8.400000000000000355 ) ) ;
#1130 = DIRECTION ( 'NONE',  ( 0.000000000000000000, 0.000000000000000000, -1.000000000000000000 ) ) ;
#1131 = AXIS2_PLACEMENT_3D ( 'NONE', #2331, #2562, #913 ) ;
#1132 = EDGE_CURVE ( 'NONE', #808, #2923, #1008, .T. ) ;
#1133 = CARTESIAN_POINT ( 'NONE',  ( 0.1900000000000073297, 28.50000000000001421, 8.400000000000000355 ) ) ;
#1134 = CYLINDRICAL_SURFACE ( 'NONE', #730, 6.999999999999999112 ) ;
#1135 = ORIENTED_EDGE ( 'NONE', *, *, #1733, .T. ) ;
#1136 = EDGE_LOOP ( 'NONE', ( #649, #1372 ) ) ;
#1137 = DIRECTION ( 'NONE',  ( 1.000000000000000000, 0.000000000000000000, 0.000000000000000000 ) ) ;
#1138 = CIRCLE ( 'NONE', #989, 2.000000000000000888 ) ;
#1139 = EDGE_LOOP ( 'NONE', ( #1902, #2883, #2702, #1809 ) ) ;
#1140 = CYLINDRICAL_SURFACE ( 'NONE', #703, 4.000000000000000000 ) ;
#1141 = AXIS2_PLACEMENT_3D ( 'NONE', #449, #2644, #1407 ) ;
#1142 = ORIENTED_EDGE ( 'NONE', *, *, #95, .F. ) ;
#1143 = FACE_OUTER_BOUND ( 'NONE', #933, .T. ) ;
#1144 = CIRCLE ( 'NONE', #1546, 2.000000000000000000 ) ;
#1145 = ORIENTED_EDGE ( 'NONE', *, *, #1381, .T. ) ;
#1146 = CARTESIAN_POINT ( 'NONE',  ( 1.290000000000007807, 12.50000000000001421, 16.89999999999999858 ) ) ;
#1147 = CARTESIAN_POINT ( 'NONE',  ( -9.314999999999988844, 8.673617379884035472E-16, 5.250000000000060396 ) ) ;
#1148 = APPLICATION_CONTEXT ( 'configuration controlled 3d designs of mechanical parts and assemblies' ) ;
#1149 = CARTESIAN_POINT ( 'NONE',  ( -9.314999999999988844, 4.500000000000000888, 4.200000000000060574 ) ) ;
#1150 = CARTESIAN_POINT ( 'NONE',  ( 0.9570307284333245956, 27.36527430417197948, 16.89999999999999858 ) ) ;
#1151 = ADVANCED_FACE ( 'NONE', ( #1539 ), #1512, .F. ) ;
#1152 = EDGE_LOOP ( 'NONE', ( #1017, #2791, #512, #143, #2672 ) ) ;
#1153 = CARTESIAN_POINT ( 'NONE',  ( -25.04999999999999005, 31.59999999999999076, 18.39999999999999858 ) ) ;
#1154 = DIRECTION ( 'NONE',  ( 0.000000000000000000, -0.000000000000000000, 1.000000000000000000 ) ) ;
#1155 = EDGE_CURVE ( 'NONE', #179, #2618, #726, .T. ) ;
#1156 = DIRECTION ( 'NONE',  ( 0.000000000000000000, 0.000000000000000000, 1.000000000000000000 ) ) ;
#1157 = ORIENTED_EDGE ( 'NONE', *, *, #2652, .F. ) ;
#1158 = COORDINATED_UNIVERSAL_TIME_OFFSET ( 8, 0, .AHEAD. ) ;
#1159 = CARTESIAN_POINT ( 'NONE',  ( -0.8099999999999929479, 28.50000000000001421, 16.89999999999999858 ) ) ;
#1160 = EDGE_LOOP ( 'NONE', ( #1712, #395, #2563, #19, #1386, #1229 ) ) ;
#1161 = CARTESIAN_POINT ( 'NONE',  ( -3.814999999999988400, 17.26584280032444951, -9.584048752090218670 ) ) ;
#1162 = DIRECTION ( 'NONE',  ( 0.000000000000000000, 0.000000000000000000, -1.000000000000000000 ) ) ;
#1163 = LINE ( 'NONE', #2363, #2208 ) ;
#1164 = DIRECTION ( 'NONE',  ( 0.000000000000000000, 1.000000000000000000, 0.000000000000000000 ) ) ;
#1165 = CARTESIAN_POINT ( 'NONE',  ( 6.685000000000013820, -1.999999999999999556, 5.250000000000001776 ) ) ;
#1166 = CIRCLE ( 'NONE', #1674, 2.100000000000000089 ) ;
#1167 = ADVANCED_FACE ( 'NONE', ( #1095 ), #891, .F. ) ;
#1168 = ORIENTED_EDGE ( 'NONE', *, *, #975, .F. ) ;
#1169 = DIRECTION ( 'NONE',  ( -0.000000000000000000, -0.000000000000000000, 1.000000000000000000 ) ) ;
#1170 = FACE_BOUND ( 'NONE', #2841, .T. ) ;
#1171 = DIRECTION ( 'NONE',  ( 0.000000000000000000, 0.000000000000000000, -1.000000000000000000 ) ) ;
#1172 = ADVANCED_FACE ( 'NONE', ( #1143 ), #1375, .F. ) ;
#1173 = EDGE_LOOP ( 'NONE', ( #2210, #2200, #2198, #1595 ) ) ;
#1174 = APPROVAL_DATE_TIME ( #2586, #2005 ) ;
#1175 = AXIS2_PLACEMENT_3D ( 'NONE', #828, #357, #1040 ) ;
#1176 = ORIENTED_EDGE ( 'NONE', *, *, #1876, .F. ) ;
#1177 = ORIENTED_EDGE ( 'NONE', *, *, #1751, .T. ) ;
#1178 = AXIS2_PLACEMENT_3D ( 'NONE', #3051, #1606, #678 ) ;
#1179 = AXIS2_PLACEMENT_3D ( 'NONE', #1065, #783, #2012 ) ;
#1180 = DIRECTION ( 'NONE',  ( -0.000000000000000000, 1.000000000000000000, -0.000000000000000000 ) ) ;
#1181 = CARTESIAN_POINT ( 'NONE',  ( -6.971854249492396960, 8.673617379884035472E-16, -1.456854249492347320 ) ) ;
#1182 = ORIENTED_EDGE ( 'NONE', *, *, #762, .F. ) ;
#1183 = AXIS2_PLACEMENT_3D ( 'NONE', #2228, #2451, #1960 ) ;
#1184 = DIRECTION ( 'NONE',  ( -0.000000000000000000, 1.000000000000000000, -0.000000000000000000 ) ) ;
#1185 = DIRECTION ( 'NONE',  ( -0.000000000000000000, -0.000000000000000000, -1.000000000000000000 ) ) ;
#1186 = AXIS2_PLACEMENT_3D ( 'NONE', #1159, #3069, #425 ) ;
#1187 = ORIENTED_EDGE ( 'NONE', *, *, #2412, .T. ) ;
#1188 = DIRECTION ( 'NONE',  ( 0.000000000000000000, 1.000000000000000000, 0.000000000000000000 ) ) ;
#1189 = CARTESIAN_POINT ( 'NONE',  ( -32.04999999999999005, 2.500000000000000000, -3.000000000000002665 ) ) ;
#1190 = EDGE_CURVE ( 'NONE', #2535, #716, #3031, .T. ) ;
#1191 = VERTEX_POINT ( 'NONE', #857 ) ;
#1192 = CIRCLE ( 'NONE', #235, 2.600000000000001421 ) ;
#1193 = ORIENTED_EDGE ( 'NONE', *, *, #2652, .T. ) ;
#1194 = ORIENTED_EDGE ( 'NONE', *, *, #1304, .F. ) ;
#1195 = CIRCLE ( 'NONE', #939, 12.50000000000000000 ) ;
#1196 = EDGE_CURVE ( 'NONE', #2384, #1034, #1431, .T. ) ;
#1197 = AXIS2_PLACEMENT_3D ( 'NONE', #2440, #1464, #2203 ) ;
#1198 = PLANE ( 'NONE',  #2255 ) ;
#1199 = LINE ( 'NONE', #1901, #584 ) ;
#1200 = EDGE_CURVE ( 'NONE', #2149, #1476, #2237, .T. ) ;
#1201 = ORIENTED_EDGE ( 'NONE', *, *, #1696, .T. ) ;
#1202 = FACE_OUTER_BOUND ( 'NONE', #1352, .T. ) ;
#1203 = CARTESIAN_POINT ( 'NONE',  ( -1.315000000000015712, 4.500000000000000888, -3.799999999999998490 ) ) ;
#1204 = VERTEX_POINT ( 'NONE', #2524 ) ;
#1205 = FACE_OUTER_BOUND ( 'NONE', #350, .T. ) ;
#1206 = CARTESIAN_POINT ( 'NONE',  ( -1.315000000000015712, -1.999999999999999556, -3.799999999999998490 ) ) ;
#1207 = ORIENTED_EDGE ( 'NONE', *, *, #1210, .T. ) ;
#1208 = ORIENTED_EDGE ( 'NONE', *, *, #2030, .T. ) ;
#1209 = ORIENTED_EDGE ( 'NONE', *, *, #1086, .F. ) ;
#1210 = EDGE_CURVE ( 'NONE', #915, #2626, #121, .T. ) ;
#1211 = DIRECTION ( 'NONE',  ( 0.000000000000000000, 0.000000000000000000, -1.000000000000000000 ) ) ;
#1212 = CYLINDRICAL_SURFACE ( 'NONE', #1288, 1.000000000000000222 ) ;
#1213 = VERTEX_POINT ( 'NONE', #417 ) ;
#1214 = EDGE_CURVE ( 'NONE', #1852, #2262, #624, .T. ) ;
#1215 = FACE_BOUND ( 'NONE', #1613, .T. ) ;
#1216 = CARTESIAN_POINT ( 'NONE',  ( 22.42000000000001236, 31.59999999999999787, 16.89999999999999858 ) ) ;
#1217 = EDGE_LOOP ( 'NONE', ( #1675, #2990, #348, #1916 ) ) ;
#1218 = CARTESIAN_POINT ( 'NONE',  ( -0.4277847256802062015, 0.7826917089458157450, 16.67651327853846155 ) ) ;
#1219 = FACE_BOUND ( 'NONE', #1447, .T. ) ;
#1220 = EDGE_LOOP ( 'NONE', ( #1701, #2572, #296, #606, #1700 ) ) ;
#1221 = AXIS2_PLACEMENT_3D ( 'NONE', #1458, #2417, #1137 ) ;
#1222 = PERSON_AND_ORGANIZATION ( #910, #1243 ) ;
#1223 = ORIENTED_EDGE ( 'NONE', *, *, #508, .T. ) ;
#1224 = ORIENTED_EDGE ( 'NONE', *, *, #2529, .T. ) ;
#1225 = DIRECTION ( 'NONE',  ( 0.000000000000000000, 0.000000000000000000, 1.000000000000000000 ) ) ;
#1226 = DIRECTION ( 'NONE',  ( -1.000000000000000000, 0.000000000000000000, -0.000000000000000000 ) ) ;
#1227 = VECTOR ( 'NONE', #511, 1000.000000000000000 ) ;
#1228 = EDGE_CURVE ( 'NONE', #1488, #1852, #2278, .T. ) ;
#1229 = ORIENTED_EDGE ( 'NONE', *, *, #695, .F. ) ;
#1230 = CARTESIAN_POINT ( 'NONE',  ( 0.9570307284333245956, 27.36527430417197948, 18.39999999999999858 ) ) ;
#1231 = CARTESIAN_POINT ( 'NONE',  ( -11.58499999999999552, 20.50000000000001066, 12.89999999999999858 ) ) ;
#1232 = EDGE_CURVE ( 'NONE', #3091, #795, #628, .T. ) ;
#1233 = ORIENTED_EDGE ( 'NONE', *, *, #1525, .F. ) ;
#1234 = CARTESIAN_POINT ( 'NONE',  ( 1.002995189687315047, 2.076497865237490803, 16.49161124775104170 ) ) ;
#1235 = DIRECTION ( 'NONE',  ( -0.000000000000000000, -1.000000000000000000, -0.000000000000000000 ) ) ;
#1236 = EDGE_LOOP ( 'NONE', ( #1910, #2847 ) ) ;
#1237 = DIRECTION ( 'NONE',  ( 1.000000000000000000, 0.000000000000000000, 0.000000000000000000 ) ) ;
#1238 = EDGE_LOOP ( 'NONE', ( #2878, #1246, #1207, #321, #1405, #3077 ) ) ;
#1239 = DIRECTION ( 'NONE',  ( 1.000000000000000000, 0.000000000000000000, 0.000000000000000000 ) ) ;
#1240 = DIRECTION ( 'NONE',  ( 1.000000000000000000, 0.000000000000000000, -0.000000000000000000 ) ) ;
#1241 = DIRECTION ( 'NONE',  ( 1.000000000000000000, 0.000000000000000000, 0.000000000000000000 ) ) ;
#1242 = AXIS2_PLACEMENT_3D ( 'NONE', #1206, #1422, #2165 ) ;
#1243 = ORGANIZATION ( '未指定', '未指定', '' ) ;
#1244 = CARTESIAN_POINT ( 'NONE',  ( -6.971854249492396960, 4.500000000000000888, -1.456854249492347320 ) ) ;
#1245 = CARTESIAN_POINT ( 'NONE',  ( -0.8099999999999929479, 28.50000000000001421, 18.39999999999999858 ) ) ;
#1246 = ORIENTED_EDGE ( 'NONE', *, *, #2539, .T. ) ;
#1247 = CARTESIAN_POINT ( 'NONE',  ( 1.257029227904625124, 2.566169699284190919, 17.75976565461072454 ) ) ;
#1248 = ADVANCED_FACE ( 'NONE', ( #1851 ), #2089, .F. ) ;
#1249 = AXIS2_PLACEMENT_3D ( 'NONE', #1589, #2345, #1130 ) ;
#1250 = ORIENTED_EDGE ( 'NONE', *, *, #1196, .F. ) ;
#1251 = LINE ( 'NONE', #1507, #1533 ) ;
#1252 = ADVANCED_FACE ( 'NONE', ( #136 ), #2984, .F. ) ;
#1253 = ORIENTED_EDGE ( 'NONE', *, *, #2170, .F. ) ;
#1254 = DIRECTION ( 'NONE',  ( 0.000000000000000000, 0.000000000000000000, -1.000000000000000000 ) ) ;
#1255 = CIRCLE ( 'NONE', #146, 12.50000000000000000 ) ;
#1256 = ORIENTED_EDGE ( 'NONE', *, *, #2476, .T. ) ;
#1257 = DIRECTION ( 'NONE',  ( 1.000000000000000000, 0.000000000000000000, -0.000000000000000000 ) ) ;
#1258 = PLANE ( 'NONE',  #1445 ) ;
#1259 = DIRECTION ( 'NONE',  ( 0.000000000000000000, 0.000000000000000000, 1.000000000000000000 ) ) ;
#1260 = CARTESIAN_POINT ( 'NONE',  ( 4.341854249492384632, 4.500000000000000888, -1.456854249492388620 ) ) ;
#1261 = ORIENTED_EDGE ( 'NONE', *, *, #613, .F. ) ;
#1262 = CARTESIAN_POINT ( 'NONE',  ( 2.755092238912295599, 2.528221200147547698, 17.64217674783012413 ) ) ;
#1263 = ORIENTED_EDGE ( 'NONE', *, *, #841, .T. ) ;
#1264 = CARTESIAN_POINT ( 'NONE',  ( -9.314999999999988844, -1.999999999999999556, 5.250000000000060396 ) ) ;
#1265 = ORIENTED_EDGE ( 'NONE', *, *, #2491, .T. ) ;
#1266 = CARTESIAN_POINT ( 'NONE',  ( 3.185000000000008935, -1.999999999999999556, -9.584048752090220447 ) ) ;
#1267 = ADVANCED_FACE ( 'NONE', ( #840 ), #1802, .F. ) ;
#1268 = AXIS2_PLACEMENT_3D ( 'NONE', #2370, #463, #208 ) ;
#1269 = CARTESIAN_POINT ( 'NONE',  ( -10.73499999999999588, 20.50000000000001066, 17.90000000000000213 ) ) ;
#1270 = DIRECTION ( 'NONE',  ( -0.000000000000000000, -1.000000000000000000, -0.000000000000000000 ) ) ;
#1271 = DIRECTION ( 'NONE',  ( 0.000000000000000000, -1.000000000000000000, 0.000000000000000000 ) ) ;
#1272 = FACE_OUTER_BOUND ( 'NONE', #936, .T. ) ;
#1273 = AXIS2_PLACEMENT_3D ( 'NONE', #2932, #1984, #786 ) ;
#1274 = VERTEX_POINT ( 'NONE', #1617 ) ;
#1275 = CARTESIAN_POINT ( 'NONE',  ( -5.755409714549871936, 2.283038590279978575, 15.89336440428751018 ) ) ;
#1276 = AXIS2_PLACEMENT_3D ( 'NONE', #2556, #2752, #1080 ) ;
#1277 = ORIENTED_EDGE ( 'NONE', *, *, #2075, .F. ) ;
#1278 = LINE ( 'NONE', #2921, #1279 ) ;
#1279 = VECTOR ( 'NONE', #2490, 1000.000000000000000 ) ;
#1280 = EDGE_CURVE ( 'NONE', #2601, #72, #3026, .T. ) ;
#1281 = ORIENTED_EDGE ( 'NONE', *, *, #2663, .F. ) ;
#1282 = DIRECTION ( 'NONE',  ( 1.000000000000000000, 0.000000000000000000, 0.000000000000000000 ) ) ;
#1283 = AXIS2_PLACEMENT_3D ( 'NONE', #2072, #1633, #3049 ) ;
#1284 = VERTEX_POINT ( 'NONE', #2057 ) ;
#1285 = CARTESIAN_POINT ( 'NONE',  ( -15.08499999999999730, 20.50000000000001066, 21.39999999999999858 ) ) ;
#1286 = DIRECTION ( 'NONE',  ( 0.000000000000000000, 0.000000000000000000, -1.000000000000000000 ) ) ;
#1287 = CARTESIAN_POINT ( 'NONE',  ( -1.314999999999986402, 2.500000000000000000, 4.200000000000001066 ) ) ;
#1288 = AXIS2_PLACEMENT_3D ( 'NONE', #1883, #2441, #282 ) ;
#1289 = DIRECTION ( 'NONE',  ( 0.000000000000000000, 0.000000000000000000, 1.000000000000000000 ) ) ;
#1290 = EDGE_CURVE ( 'NONE', #2276, #25, #2537, .T. ) ;
#1291 = AXIS2_PLACEMENT_3D ( 'NONE', #2826, #1695, #2599 ) ;
#1292 = CARTESIAN_POINT ( 'NONE',  ( -6.488132134026717068, 0.4999999999999990563, 15.57931034482758648 ) ) ;
#1293 = CIRCLE ( 'NONE', #240, 2.100000000000000533 ) ;
#1294 = EDGE_LOOP ( 'NONE', ( #2391, #2050, #2377, #2406 ) ) ;
#1295 = LINE ( 'NONE', #761, #2635 ) ;
#1296 = ORIENTED_EDGE ( 'NONE', *, *, #2170, .T. ) ;
#1297 = PLANE ( 'NONE',  #983 ) ;
#1298 = VERTEX_POINT ( 'NONE', #874 ) ;
#1299 = CARTESIAN_POINT ( 'NONE',  ( 0.000000000000000000, 3.500000000000000000, 18.39999999999999858 ) ) ;
#1300 = CARTESIAN_POINT ( 'NONE',  ( -5.324434057456252312, 2.530794724700527798, 17.65741039218595532 ) ) ;
#1301 = EDGE_CURVE ( 'NONE', #2717, #2601, #2322, .T. ) ;
#1302 = DIRECTION ( 'NONE',  ( 1.000000000000000000, -1.717547996016640734E-16, -0.000000000000000000 ) ) ;
#1303 = DIRECTION ( 'NONE',  ( -1.000000000000000000, 4.315232527305490518E-17, 0.000000000000000000 ) ) ;
#1304 = EDGE_CURVE ( 'NONE', #2136, #2554, #1691, .T. ) ;
#1305 = DIRECTION ( 'NONE',  ( -0.000000000000000000, -1.000000000000000000, -0.000000000000000000 ) ) ;
#1306 = VERTEX_POINT ( 'NONE', #435 ) ;
#1307 = PLANE ( 'NONE',  #1523 ) ;
#1308 = EDGE_LOOP ( 'NONE', ( #900, #278 ) ) ;
#1309 = DIRECTION ( 'NONE',  ( 0.000000000000000000, -1.000000000000000000, 0.000000000000000000 ) ) ;
#1310 = EDGE_LOOP ( 'NONE', ( #554, #453 ) ) ;
#1311 = DIRECTION ( 'NONE',  ( 1.000000000000000000, 0.000000000000000000, 0.000000000000000000 ) ) ;
#1312 = DIRECTION ( 'NONE',  ( -0.000000000000000000, 1.000000000000000000, -0.000000000000000000 ) ) ;
#1313 = CARTESIAN_POINT ( 'NONE',  ( 8.365000000000003766, 20.50000000000001421, 18.39999999999999858 ) ) ;
#1314 = CARTESIAN_POINT ( 'NONE',  ( -0.8099999999999929479, 28.50000000000001421, 16.89999999999999858 ) ) ;
#1315 = DIRECTION ( 'NONE',  ( 1.000000000000000000, 0.000000000000000000, 0.000000000000000000 ) ) ;
#1316 = ADVANCED_FACE ( 'NONE', ( #200 ), #1394, .F. ) ;
#1317 = FACE_OUTER_BOUND ( 'NONE', #2396, .T. ) ;
#1318 = EDGE_CURVE ( 'NONE', #2260, #3070, #2080, .T. ) ;
#1319 = ORIENTED_EDGE ( 'NONE', *, *, #394, .T. ) ;
#1320 = AXIS2_PLACEMENT_3D ( 'NONE', #2013, #843, #1330 ) ;
#1321 = ORIENTED_EDGE ( 'NONE', *, *, #3099, .F. ) ;
#1322 = CARTESIAN_POINT ( 'NONE',  ( -6.971854249492396960, 8.500000000000000000, -1.456854249492347320 ) ) ;
#1323 = ORIENTED_EDGE ( 'NONE', *, *, #784, .T. ) ;
#1324 = EDGE_CURVE ( 'NONE', #1392, #2392, #863, .T. ) ;
#1325 = DIRECTION ( 'NONE',  ( 0.000000000000000000, 1.000000000000000000, 0.000000000000000000 ) ) ;
#1326 = ORIENTED_EDGE ( 'NONE', *, *, #648, .F. ) ;
#1327 = CARTESIAN_POINT ( 'NONE',  ( -1.314999999999986402, -3.499999999999999556, 9.300000000000000711 ) ) ;
#1328 = CYLINDRICAL_SURFACE ( 'NONE', #3087, 6.000000000000001776 ) ;
#1329 = CARTESIAN_POINT ( 'NONE',  ( 22.42000000000001236, 24.59999999999999787, 18.39999999999999858 ) ) ;
#1330 = DIRECTION ( 'NONE',  ( 1.000000000000000000, 0.000000000000000000, 0.000000000000000000 ) ) ;
#1331 = CARTESIAN_POINT ( 'NONE',  ( -1.314999999999986402, -1.999999999999999556, 4.200000000000001066 ) ) ;
#1332 = AXIS2_PLACEMENT_3D ( 'NONE', #897, #1659, #2821 ) ;
#1333 = CARTESIAN_POINT ( 'NONE',  ( 22.42000000000001236, 24.59999999999999787, 16.89999999999999858 ) ) ;
#1334 = CARTESIAN_POINT ( 'NONE',  ( -0.8724202904421546334, 0.7962988330803687509, 16.69999999999914664 ) ) ;
#1335 = ORIENTED_EDGE ( 'NONE', *, *, #762, .T. ) ;
#1336 = CIRCLE ( 'NONE', #2736, 5.099999999999999645 ) ;
#1337 = EDGE_CURVE ( 'NONE', #1924, #2896, #2931, .T. ) ;
#1338 = EDGE_LOOP ( 'NONE', ( #163, #3029, #2006, #1562 ) ) ;
#1339 = CARTESIAN_POINT ( 'NONE',  ( -9.314999999999988844, 8.673617379884035472E-16, 4.200000000000060574 ) ) ;
#1340 = EDGE_LOOP ( 'NONE', ( #1959, #147, #43, #2308 ) ) ;
#1341 = CYLINDRICAL_SURFACE ( 'NONE', #663, 10.09999999999999787 ) ;
#1342 = ADVANCED_FACE ( 'NONE', ( #2839 ), #1364, .F. ) ;
#1343 = EDGE_LOOP ( 'NONE', ( #247, #2122, #1420, #2272 ) ) ;
#1344 = CARTESIAN_POINT ( 'NONE',  ( -0.8149999999999871791, 17.26584280032444951, -15.19999999999999929 ) ) ;
#1345 = DIRECTION ( 'NONE',  ( 1.000000000000000000, 0.000000000000000000, 0.000000000000000000 ) ) ;
#1346 = CARTESIAN_POINT ( 'NONE',  ( -1.314999999999985736, -1.999999999999999556, -0.8999999999999980238 ) ) ;
#1347 = CARTESIAN_POINT ( 'NONE',  ( -1.809999999999992948, 12.50000000000001421, 15.70000000000000284 ) ) ;
#1348 = DIRECTION ( 'NONE',  ( 1.000000000000000000, 0.000000000000000000, 0.000000000000000000 ) ) ;
#1349 = DIRECTION ( 'NONE',  ( -0.000000000000000000, -0.000000000000000000, 1.000000000000000000 ) ) ;
#1350 = VERTEX_POINT ( 'NONE', #2579 ) ;
#1351 = CARTESIAN_POINT ( 'NONE',  ( 1.185000000000011600, 17.26584280032444951, -10.00000000000000178 ) ) ;
#1352 = EDGE_LOOP ( 'NONE', ( #2036, #907, #2936, #2274 ) ) ;
#1353 = DIRECTION ( 'NONE',  ( 0.000000000000000000, 0.000000000000000000, 1.000000000000000000 ) ) ;
#1354 = EDGE_CURVE ( 'NONE', #654, #319, #1825, .T. ) ;
#1355 = VERTEX_POINT ( 'NONE', #697 ) ;
#1356 = DIRECTION ( 'NONE',  ( 0.000000000000000000, 0.000000000000000000, 1.000000000000000000 ) ) ;
#1357 = CARTESIAN_POINT ( 'NONE',  ( 18.79000000000000625, 10.40000000000000213, 123.9999999999999858 ) ) ;
#1358 = VERTEX_POINT ( 'NONE', #1150 ) ;
#1359 = EDGE_CURVE ( 'NONE', #1061, #1124, #172, .T. ) ;
#1360 = LINE ( 'NONE', #1146, #2769 ) ;
#1361 = CARTESIAN_POINT ( 'NONE',  ( -9.314999999999988844, -1.999999999999999556, 4.200000000000060574 ) ) ;
#1362 = CIRCLE ( 'NONE', #1116, 2.100000000000000533 ) ;
#1363 = CARTESIAN_POINT ( 'NONE',  ( 6.685000000000013820, 8.673617379884035472E-16, 2.100000000000000533 ) ) ;
#1364 = CYLINDRICAL_SURFACE ( 'NONE', #2487, 2.600000000000001421 ) ;
#1365 = ORIENTED_EDGE ( 'NONE', *, *, #2810, .T. ) ;
#1366 = ORIENTED_EDGE ( 'NONE', *, *, #3055, .F. ) ;
#1367 = DIRECTION ( 'NONE',  ( 0.000000000000000000, 0.000000000000000000, 1.000000000000000000 ) ) ;
#1368 = ORIENTED_EDGE ( 'NONE', *, *, #153, .F. ) ;
#1369 = CARTESIAN_POINT ( 'NONE',  ( -25.04999999999999005, 31.59999999999999076, 9.999999999999998224 ) ) ;
#1370 = AXIS2_PLACEMENT_3D ( 'NONE', #2279, #2501, #2257 ) ;
#1371 = CIRCLE ( 'NONE', #2967, 6.999999999999999112 ) ;
#1372 = ORIENTED_EDGE ( 'NONE', *, *, #882, .T. ) ;
#1373 = DIRECTION ( 'NONE',  ( 0.000000000000000000, -0.000000000000000000, -1.000000000000000000 ) ) ;
#1374 = EDGE_CURVE ( 'NONE', #24, #673, #393, .T. ) ;
#1375 = PLANE ( 'NONE',  #2134 ) ;
#1376 = EDGE_LOOP ( 'NONE', ( #616, #1368, #2264, #883 ) ) ;
#1377 = EDGE_CURVE ( 'NONE', #158, #2963, #1486, .T. ) ;
#1378 = DIRECTION ( 'NONE',  ( 1.000000000000000000, 0.000000000000000000, 0.000000000000000000 ) ) ;
#1379 = CARTESIAN_POINT ( 'NONE',  ( -25.04999999999999005, 8.500000000000000000, -3.000000000000002665 ) ) ;
#1380 = AXIS2_PLACEMENT_3D ( 'NONE', #320, #2675, #1492 ) ;
#1381 = EDGE_CURVE ( 'NONE', #1046, #126, #1435, .T. ) ;
#1382 = AXIS2_PLACEMENT_3D ( 'NONE', #1743, #279, #2493 ) ;
#1383 = FACE_OUTER_BOUND ( 'NONE', #1946, .T. ) ;
#1384 = CARTESIAN_POINT ( 'NONE',  ( 2.192991244592773725, 0.5847247449994568136, 16.20583744060608211 ) ) ;
#1385 = AXIS2_PLACEMENT_3D ( 'NONE', #1608, #222, #1904 ) ;
#1386 = ORIENTED_EDGE ( 'NONE', *, *, #2854, .F. ) ;
#1387 = DIRECTION ( 'NONE',  ( 0.000000000000000000, 0.000000000000000000, 1.000000000000000000 ) ) ;
#1388 = FACE_OUTER_BOUND ( 'NONE', #1516, .T. ) ;
#1389 = VECTOR ( 'NONE', #2721, 1000.000000000000000 ) ;
#1390 = FACE_OUTER_BOUND ( 'NONE', #2369, .T. ) ;
#1391 = AXIS2_PLACEMENT_3D ( 'NONE', #2055, #2522, #872 ) ;
#1392 = VERTEX_POINT ( 'NONE', #1609 ) ;
#1393 = DATE_TIME_ROLE ( 'creation_date' ) ;
#1394 = CYLINDRICAL_SURFACE ( 'NONE', #1186, 2.100000000000000533 ) ;
#1395 = AXIS2_PLACEMENT_3D ( 'NONE', #2394, #693, #1414 ) ;
#1396 = VERTEX_POINT ( 'NONE', #157 ) ;
#1397 = ORIENTED_EDGE ( 'NONE', *, *, #2716, .T. ) ;
#1398 = CARTESIAN_POINT ( 'NONE',  ( -5.814999999999987068, 8.500000000000000000, -10.00000000000000178 ) ) ;
#1399 = DIRECTION ( 'NONE',  ( -0.000000000000000000, 1.000000000000000000, -0.000000000000000000 ) ) ;
#1400 = AXIS2_PLACEMENT_3D ( 'NONE', #140, #1099, #2061 ) ;
#1401 = DIRECTION ( 'NONE',  ( 1.000000000000000000, 1.067522139062650548E-16, 0.000000000000000000 ) ) ;
#1402 = CARTESIAN_POINT ( 'NONE',  ( 1.766844447202675861, 0.6241389952116676021, 16.32221526964783109 ) ) ;
#1403 = ADVANCED_FACE ( 'NONE', ( #445 ), #191, .F. ) ;
#1404 = AXIS2_PLACEMENT_3D ( 'NONE', #2337, #1309, #1062 ) ;
#1405 = ORIENTED_EDGE ( 'NONE', *, *, #1540, .T. ) ;
#1406 = DIRECTION ( 'NONE',  ( 0.000000000000000000, 1.000000000000000000, 0.000000000000000000 ) ) ;
#1407 = DIRECTION ( 'NONE',  ( 1.000000000000000000, 0.000000000000000000, 0.000000000000000000 ) ) ;
#1408 = CARTESIAN_POINT ( 'NONE',  ( 0.000000000000000000, 3.500000000000000000, 17.39999999999999858 ) ) ;
#1409 = ORIENTED_EDGE ( 'NONE', *, *, #1324, .F. ) ;
#1410 = AXIS2_PLACEMENT_3D ( 'NONE', #2952, #796, #103 ) ;
#1411 = PERSON_AND_ORGANIZATION ( #910, #1243 ) ;
#1412 = ORIENTED_EDGE ( 'NONE', *, *, #2532, .T. ) ;
#1413 = VERTEX_POINT ( 'NONE', #1840 ) ;
#1414 = DIRECTION ( 'NONE',  ( -1.000000000000000000, 0.000000000000000000, 0.000000000000000000 ) ) ;
#1415 = FACE_OUTER_BOUND ( 'NONE', #1236, .T. ) ;
#1416 = DIRECTION ( 'NONE',  ( 1.000000000000000000, 0.000000000000000000, 0.000000000000000000 ) ) ;
#1417 = LINE ( 'NONE', #1011, #1630 ) ;
#1418 = ADVANCED_FACE ( 'NONE', ( #646 ), #2366, .F. ) ;
#1419 = VECTOR ( 'NONE', #1489, 1000.000000000000000 ) ;
#1420 = ORIENTED_EDGE ( 'NONE', *, *, #1019, .F. ) ;
#1421 = DIRECTION ( 'NONE',  ( 1.000000000000000000, 0.000000000000000000, 0.000000000000000000 ) ) ;
#1422 = DIRECTION ( 'NONE',  ( -0.000000000000000000, 1.000000000000000000, -0.000000000000000000 ) ) ;
#1423 = ADVANCED_FACE ( 'NONE', ( #3041 ), #1134, .T. ) ;
#1424 = EDGE_LOOP ( 'NONE', ( #244, #1534 ) ) ;
#1425 = APPROVAL_STATUS ( 'not_yet_approved' ) ;
#1426 = EDGE_CURVE ( 'NONE', #2149, #1358, #2823, .T. ) ;
#1427 = VECTOR ( 'NONE', #1303, 1000.000000000000000 ) ;
#1428 = VERTEX_POINT ( 'NONE', #205 ) ;
#1429 = LINE ( 'NONE', #1161, #1892 ) ;
#1430 = VECTOR ( 'NONE', #1180, 1000.000000000000000 ) ;
#1431 = CIRCLE ( 'NONE', #74, 2.000000000000000000 ) ;
#1432 = CARTESIAN_POINT ( 'NONE',  ( 1.290000000000007807, 12.50000000000001421, 18.39999999999999858 ) ) ;
#1433 = CARTESIAN_POINT ( 'NONE',  ( -32.49999999999999289, 8.500000000000000000, -10.00000000000000178 ) ) ;
#1434 = VERTEX_POINT ( 'NONE', #1165 ) ;
#1435 = CIRCLE ( 'NONE', #2534, 6.000000000000001776 ) ;
#1436 = DIRECTION ( 'NONE',  ( 0.000000000000000000, 0.000000000000000000, 1.000000000000000000 ) ) ;
#1437 = DIRECTION ( 'NONE',  ( 1.000000000000000000, 0.000000000000000000, 0.000000000000000000 ) ) ;
#1438 = VECTOR ( 'NONE', #151, 1000.000000000000000 ) ;
#1439 = ORIENTED_EDGE ( 'NONE', *, *, #404, .F. ) ;
#1440 = CARTESIAN_POINT ( 'NONE',  ( -11.58499999999999552, 20.50000000000001066, 21.39999999999999858 ) ) ;
#1441 = CARTESIAN_POINT ( 'NONE',  ( -6.971854249492396960, 23.00000000000000355, -1.456854249492347320 ) ) ;
#1442 = EDGE_CURVE ( 'NONE', #1961, #3014, #87, .T. ) ;
#1443 = ORIENTED_EDGE ( 'NONE', *, *, #2035, .T. ) ;
#1444 = PERSON_AND_ORGANIZATION_ROLE ( 'classification_officer' ) ;
#1445 = AXIS2_PLACEMENT_3D ( 'NONE', #94, #563, #2221 ) ;
#1446 = AXIS2_PLACEMENT_3D ( 'NONE', #2457, #1468, #1455 ) ;
#1447 = EDGE_LOOP ( 'NONE', ( #1784, #2489 ) ) ;
#1448 = ORIENTED_EDGE ( 'NONE', *, *, #1280, .F. ) ;
#1449 = CIRCLE ( 'NONE', #1499, 2.100000000000000089 ) ;
#1450 = EDGE_CURVE ( 'NONE', #795, #2748, #2435, .T. ) ;
#1451 = AXIS2_PLACEMENT_3D ( 'NONE', #954, #753, #1240 ) ;
#1452 = DIRECTION ( 'NONE',  ( -0.000000000000000000, -1.000000000000000000, -0.000000000000000000 ) ) ;
#1453 = DIRECTION ( 'NONE',  ( 1.000000000000000000, 0.000000000000000000, 0.000000000000000000 ) ) ;
#1454 = ORIENTED_EDGE ( 'NONE', *, *, #2491, .F. ) ;
#1455 = DIRECTION ( 'NONE',  ( 0.000000000000000000, -0.000000000000000000, -1.000000000000000000 ) ) ;
#1456 = DIRECTION ( 'NONE',  ( -0.000000000000000000, -1.000000000000000000, -0.000000000000000000 ) ) ;
#1457 = ORIENTED_EDGE ( 'NONE', *, *, #1337, .F. ) ;
#1458 = CARTESIAN_POINT ( 'NONE',  ( 3.185000000000008935, 0.5000000000000000000, -9.584048752090220447 ) ) ;
#1459 = DIRECTION ( 'NONE',  ( -0.000000000000000000, -0.000000000000000000, -1.000000000000000000 ) ) ;
#1460 = VERTEX_POINT ( 'NONE', #1264 ) ;
#1461 = DATE_TIME_ROLE ( 'classification_date' ) ;
#1462 = ORIENTED_EDGE ( 'NONE', *, *, #1232, .F. ) ;
#1463 = VERTEX_POINT ( 'NONE', #1727 ) ;
#1464 = DIRECTION ( 'NONE',  ( 0.000000000000000000, -1.000000000000000000, 0.000000000000000000 ) ) ;
#1465 = LINE ( 'NONE', #1705, #739 ) ;
#1466 = EDGE_CURVE ( 'NONE', #1975, #2918, #3023, .T. ) ;
#1467 = ORIENTED_EDGE ( 'NONE', *, *, #556, .F. ) ;
#1468 = DIRECTION ( 'NONE',  ( 0.000000000000000000, -1.000000000000000000, 0.000000000000000000 ) ) ;
#1469 = CARTESIAN_POINT ( 'NONE',  ( -32.49999999999999289, 2.500000000000000000, -10.00000000000000178 ) ) ;
#1470 = ORIENTED_EDGE ( 'NONE', *, *, #556, .T. ) ;
#1471 = DIRECTION ( 'NONE',  ( -0.000000000000000000, 1.000000000000000000, -0.000000000000000000 ) ) ;
#1472 = CYLINDRICAL_SURFACE ( 'NONE', #1748, 1.050000000000000044 ) ;
#1473 = VECTOR ( 'NONE', #1076, 1000.000000000000000 ) ;
#1474 = VERTEX_POINT ( 'NONE', #2689 ) ;
#1475 = DIRECTION ( 'NONE',  ( 1.000000000000000000, 0.000000000000000000, 0.000000000000000000 ) ) ;
#1476 = VERTEX_POINT ( 'NONE', #2701 ) ;
#1477 = FACE_OUTER_BOUND ( 'NONE', #2828, .T. ) ;
#1478 = FACE_OUTER_BOUND ( 'NONE', #1310, .T. ) ;
#1479 = PLANE ( 'NONE',  #2095 ) ;
#1480 = CIRCLE ( 'NONE', #2028, 1.050000000000000488 ) ;
#1481 = AXIS2_PLACEMENT_3D ( 'NONE', #1203, #50, #2610 ) ;
#1482 = EDGE_CURVE ( 'NONE', #378, #1124, #578, .T. ) ;
#1483 = EDGE_LOOP ( 'NONE', ( #2613, #2602, #1157, #1321 ) ) ;
#1484 = FACE_OUTER_BOUND ( 'NONE', #202, .T. ) ;
#1485 = CARTESIAN_POINT ( 'NONE',  ( -11.58499999999999375, 20.50000000000001066, 17.90000000000000213 ) ) ;
#1486 = B_SPLINE_CURVE_WITH_KNOTS ( 'NONE', 3,
 ( #2790, #377, #2301, #1384, #1402, #3021, #1856, #2350, #1334, #1102 ),
 .UNSPECIFIED., .F., .F.,
 ( 4, 2, 2, 2, 4 ),
 ( 0.000000000000000000, 0.001330129706415878908, 0.002660259412831757816, 0.003990389119247636507, 0.005320518825663514764 ),
 .UNSPECIFIED. ) ;
#1487 = ADVANCED_FACE ( 'NONE', ( #516 ), #2199, .F. ) ;
#1488 = VERTEX_POINT ( 'NONE', #1002 ) ;
#1489 = DIRECTION ( 'NONE',  ( -0.000000000000000000, -0.000000000000000000, 1.000000000000000000 ) ) ;
#1490 = CC_DESIGN_DATE_AND_TIME_ASSIGNMENT ( #2877, #1461, ( #894 ) ) ;
#1491 = ORIENTED_EDGE ( 'NONE', *, *, #2754, .F. ) ;
#1492 = DIRECTION ( 'NONE',  ( -1.000000000000000000, 0.000000000000000000, 0.000000000000000000 ) ) ;
#1493 = ORIENTED_EDGE ( 'NONE', *, *, #2111, .T. ) ;
#1494 = DIRECTION ( 'NONE',  ( -0.000000000000000000, -0.000000000000000000, -1.000000000000000000 ) ) ;
#1495 = AXIS2_PLACEMENT_3D ( 'NONE', #2096, #3040, #2803 ) ;
#1496 = CARTESIAN_POINT ( 'NONE',  ( -3.814999999999987512, 8.500000000000000000, -15.19999999999999929 ) ) ;
#1497 = CARTESIAN_POINT ( 'NONE',  ( -15.08499999999999552, 20.50000000000001066, 12.89999999999999858 ) ) ;
#1498 = AXIS2_PLACEMENT_3D ( 'NONE', #985, #8, #2816 ) ;
#1499 = AXIS2_PLACEMENT_3D ( 'NONE', #2861, #2402, #1923 ) ;
#1500 =( GEOMETRIC_REPRESENTATION_CONTEXT ( 3 ) GLOBAL_UNCERTAINTY_ASSIGNED_CONTEXT ( ( #288 ) ) GLOBAL_UNIT_ASSIGNED_CONTEXT ( ( #2070, #2798, #3048 ) ) REPRESENTATION_CONTEXT ( 'NONE', 'WORKASPACE' ) );
#1501 = FACE_BOUND ( 'NONE', #2597, .T. ) ;
#1502 = DIRECTION ( 'NONE',  ( -0.000000000000000000, -1.000000000000000000, -0.000000000000000000 ) ) ;
#1503 = VERTEX_POINT ( 'NONE', #1532 ) ;
#1504 = CARTESIAN_POINT ( 'NONE',  ( -5.814999999999987068, -1.999999999999999556, -9.584048752090218670 ) ) ;
#1505 = EDGE_CURVE ( 'NONE', #2241, #2169, #1278, .T. ) ;
#1506 = VERTEX_POINT ( 'NONE', #2261 ) ;
#1507 = CARTESIAN_POINT ( 'NONE',  ( -32.04999999999999005, 24.59999999999999076, 9.999999999999998224 ) ) ;
#1508 = ORIENTED_EDGE ( 'NONE', *, *, #287, .F. ) ;
#1509 = CARTESIAN_POINT ( 'NONE',  ( -6.971854249492396960, -1.999999999999999556, -0.4068542494923461650 ) ) ;
#1510 = VECTOR ( 'NONE', #3028, 1000.000000000000000 ) ;
#1511 = CARTESIAN_POINT ( 'NONE',  ( 1.185000000000012488, 0.5000000000000004441, -9.584048752090220447 ) ) ;
#1512 = CYLINDRICAL_SURFACE ( 'NONE', #1826, 2.100000000000000533 ) ;
#1513 = CYLINDRICAL_SURFACE ( 'NONE', #2718, 1.349999999999996980 ) ;
#1514 = CARTESIAN_POINT ( 'NONE',  ( 8.365000000000003766, 20.50000000000001421, 6.899999999999998579 ) ) ;
#1515 = EDGE_CURVE ( 'NONE', #289, #731, #481, .T. ) ;
#1516 = EDGE_LOOP ( 'NONE', ( #833, #1547, #2447, #704 ) ) ;
#1517 = CARTESIAN_POINT ( 'NONE',  ( -4.938486560261931224, 2.159153080944950176, 16.17125306638308047 ) ) ;
#1518 = EDGE_CURVE ( 'NONE', #2848, #1844, #1737, .T. ) ;
#1519 = ORIENTED_EDGE ( 'NONE', *, *, #1803, .T. ) ;
#1520 = DIRECTION ( 'NONE',  ( 0.000000000000000000, -1.000000000000000000, 0.000000000000000000 ) ) ;
#1521 = VERTEX_POINT ( 'NONE', #777 ) ;
#1522 = DIRECTION ( 'NONE',  ( -1.000000000000000000, 0.000000000000000000, -0.000000000000000000 ) ) ;
#1523 = AXIS2_PLACEMENT_3D ( 'NONE', #1351, #3025, #884 ) ;
#1524 =( BOUNDED_CURVE ( )  B_SPLINE_CURVE ( 3, ( #2314, #1621, #2327, #169 ),
 .UNSPECIFIED., .F., .T. ) 
 B_SPLINE_CURVE_WITH_KNOTS ( ( 4, 4 ),
 ( 4.712388980384689674, 6.283185307179586232 ),
 .UNSPECIFIED. ) 
 CURVE ( )  GEOMETRIC_REPRESENTATION_ITEM ( )  RATIONAL_B_SPLINE_CURVE ( ( 1.000000000000000000, 0.8047378541243649375, 0.8047378541243649375, 1.000000000000000000 ) ) 
 REPRESENTATION_ITEM ( '' )  );
#1525 = EDGE_CURVE ( 'NONE', #2054, #1961, #1251, .T. ) ;
#1526 = DIRECTION ( 'NONE',  ( 0.000000000000000000, 0.000000000000000000, -1.000000000000000000 ) ) ;
#1527 = DIRECTION ( 'NONE',  ( -0.000000000000000000, 1.000000000000000000, -0.000000000000000000 ) ) ;
#1528 = DIRECTION ( 'NONE',  ( 1.000000000000000000, 0.000000000000000000, 0.000000000000000000 ) ) ;
#1529 = DIRECTION ( 'NONE',  ( 0.000000000000000000, 0.000000000000000000, 1.000000000000000000 ) ) ;
#1530 = CARTESIAN_POINT ( 'NONE',  ( -4.506771139167916829, 2.122009452131631502, 16.29498274002507685 ) ) ;
#1531 = ORIENTED_EDGE ( 'NONE', *, *, #245, .T. ) ;
#1532 = CARTESIAN_POINT ( 'NONE',  ( 6.685000000000013820, 8.673617379884035472E-16, 3.150000000000000799 ) ) ;
#1533 = VECTOR ( 'NONE', #531, 1000.000000000000000 ) ;
#1534 = ORIENTED_EDGE ( 'NONE', *, *, #1518, .F. ) ;
#1535 = CARTESIAN_POINT ( 'NONE',  ( 0.1900000000000073297, 12.50000000000001421, 16.89999999999999858 ) ) ;
#1536 = EDGE_CURVE ( 'NONE', #368, #1852, #295, .T. ) ;
#1537 = ORIENTED_EDGE ( 'NONE', *, *, #446, .F. ) ;
#1538 = CARTESIAN_POINT ( 'NONE',  ( 4.341854249492384632, -1.999999999999999556, -0.4068542494923889086 ) ) ;
#1539 = FACE_OUTER_BOUND ( 'NONE', #3063, .T. ) ;
#1540 = EDGE_CURVE ( 'NONE', #2616, #2831, #1295, .T. ) ;
#1541 = DIRECTION ( 'NONE',  ( 0.000000000000000000, -1.000000000000000000, 0.000000000000000000 ) ) ;
#1542 = CIRCLE ( 'NONE', #184, 6.999999999999999112 ) ;
#1543 = DIRECTION ( 'NONE',  ( 0.000000000000000000, 1.000000000000000000, 0.000000000000000000 ) ) ;
#1544 = AXIS2_PLACEMENT_3D ( 'NONE', #1939, #1664, #464 ) ;
#1545 = CYLINDRICAL_SURFACE ( 'NONE', #1941, 1.050000000000000044 ) ;
#1546 = AXIS2_PLACEMENT_3D ( 'NONE', #2926, #2866, #1211 ) ;
#1547 = ORIENTED_EDGE ( 'NONE', *, *, #1599, .T. ) ;
#1548 = CARTESIAN_POINT ( 'NONE',  ( 3.185000000000011600, 8.500000000000000000, -12.00000000000000178 ) ) ;
#1549 = ORIENTED_EDGE ( 'NONE', *, *, #1556, .F. ) ;
#1550 = CARTESIAN_POINT ( 'NONE',  ( -6.971854249492396960, 8.673617379884035472E-16, -1.456854249492347320 ) ) ;
#1551 = AXIS2_PLACEMENT_3D ( 'NONE', #2124, #374, #1854 ) ;
#1552 = ORIENTED_EDGE ( 'NONE', *, *, #1324, .T. ) ;
#1553 = EDGE_CURVE ( 'NONE', #795, #3091, #426, .T. ) ;
#1554 = CARTESIAN_POINT ( 'NONE',  ( 8.365000000000003766, 20.50000000000001421, 6.899999999999998579 ) ) ;
#1555 = CARTESIAN_POINT ( 'NONE',  ( 3.692007232699240582, 2.500000000000000444, 17.55060061584582698 ) ) ;
#1556 = EDGE_CURVE ( 'NONE', #72, #1463, #2215, .T. ) ;
#1557 = LINE ( 'NONE', #1054, #1926 ) ;
#1558 = CARTESIAN_POINT ( 'NONE',  ( -9.334999999999995524, 20.50000000000001066, 21.39999999999999858 ) ) ;
#1559 = EDGE_CURVE ( 'NONE', #2333, #2963, #1741, .T. ) ;
#1560 = CARTESIAN_POINT ( 'NONE',  ( -6.144583717443666160, 2.373262834796650456, 15.73549040598248183 ) ) ;
#1561 = ORIENTED_EDGE ( 'NONE', *, *, #1426, .T. ) ;
#1562 = ORIENTED_EDGE ( 'NONE', *, *, #3037, .F. ) ;
#1563 = DIRECTION ( 'NONE',  ( 0.000000000000000000, -1.000000000000000000, 0.000000000000000000 ) ) ;
#1564 = ORIENTED_EDGE ( 'NONE', *, *, #394, .F. ) ;
#1565 = DIRECTION ( 'NONE',  ( -0.000000000000000000, -1.000000000000000000, -0.000000000000000000 ) ) ;
#1566 = ORIENTED_EDGE ( 'NONE', *, *, #2075, .T. ) ;
#1567 = LINE ( 'NONE', #1327, #2840 ) ;
#1568 = CARTESIAN_POINT ( 'NONE',  ( 0.1900000000000073297, 28.50000000000001421, 15.70000000000000284 ) ) ;
#1569 = DIRECTION ( 'NONE',  ( -0.9103448275862067174, 0.000000000000000000, -0.4138505707221387664 ) ) ;
#1570 = CIRCLE ( 'NONE', #467, 2.000000000000000000 ) ;
#1571 = DIRECTION ( 'NONE',  ( -0.000000000000000000, -0.000000000000000000, 1.000000000000000000 ) ) ;
#1572 = DIRECTION ( 'NONE',  ( 1.000000000000000000, 0.000000000000000000, 0.000000000000000000 ) ) ;
#1573 = EDGE_CURVE ( 'NONE', #2554, #1274, #1033, .T. ) ;
#1574 = AXIS2_PLACEMENT_3D ( 'NONE', #566, #1762, #1529 ) ;
#1575 = CARTESIAN_POINT ( 'NONE',  ( 14.36500000000000554, 20.50000000000001421, 15.70000000000000284 ) ) ;
#1576 = EDGE_CURVE ( 'NONE', #2664, #158, #3074, .T. ) ;
#1577 = AXIS2_PLACEMENT_3D ( 'NONE', #2544, #107, #2296 ) ;
#1578 = ORIENTED_EDGE ( 'NONE', *, *, #1747, .T. ) ;
#1579 = CYLINDRICAL_SURFACE ( 'NONE', #2915, 2.100000000000000533 ) ;
#1580 = ORIENTED_EDGE ( 'NONE', *, *, #2754, .T. ) ;
#1581 = CYLINDRICAL_SURFACE ( 'NONE', #1906, 1.050000000000000488 ) ;
#1582 = APPROVAL ( #1698, '未指定' ) ;
#1583 = ORIENTED_EDGE ( 'NONE', *, *, #2750, .T. ) ;
#1584 = CIRCLE ( 'NONE', #227, 6.999999999999999112 ) ;
#1585 = DIRECTION ( 'NONE',  ( 1.000000000000000000, 0.000000000000000000, 0.000000000000000000 ) ) ;
#1586 = DIRECTION ( 'NONE',  ( -0.000000000000000000, -1.000000000000000000, -0.000000000000000000 ) ) ;
#1587 = AXIS2_PLACEMENT_3D ( 'NONE', #1592, #2595, #662 ) ;
#1588 = CARTESIAN_POINT ( 'NONE',  ( -41.64561217260302328, 30.60000000000001208, 15.70000000000000284 ) ) ;
#1589 = CARTESIAN_POINT ( 'NONE',  ( -6.971854249492396960, -1.999999999999999556, -1.456854249492347320 ) ) ;
#1590 = AXIS2_PLACEMENT_3D ( 'NONE', #475, #696, #171 ) ;
#1591 = CARTESIAN_POINT ( 'NONE',  ( -1.314999999999986402, 8.500000000000000000, 4.200000000000001066 ) ) ;
#1592 = CARTESIAN_POINT ( 'NONE',  ( 4.341854249492384632, 8.673617379884035472E-16, -1.456854249492388620 ) ) ;
#1593 = ADVANCED_FACE ( 'NONE', ( #2937 ), #749, .F. ) ;
#1594 = VECTOR ( 'NONE', #2114, 1000.000000000000000 ) ;
#1595 = ORIENTED_EDGE ( 'NONE', *, *, #3060, .F. ) ;
#1596 = CIRCLE ( 'NONE', #90, 2.100000000000000533 ) ;
#1597 = ORIENTED_EDGE ( 'NONE', *, *, #1747, .F. ) ;
#1598 = DIRECTION ( 'NONE',  ( 0.000000000000000000, 0.000000000000000000, -1.000000000000000000 ) ) ;
#1599 = EDGE_CURVE ( 'NONE', #2064, #179, #2713, .T. ) ;
#1600 = VERTEX_POINT ( 'NONE', #2550 ) ;
#1601 = CARTESIAN_POINT ( 'NONE',  ( 1.185000000000012932, 0.5000000000000004441, -12.00000000000000178 ) ) ;
#1602 = ORIENTED_EDGE ( 'NONE', *, *, #1304, .T. ) ;
#1603 = CARTESIAN_POINT ( 'NONE',  ( -1.315000000000015712, 8.500000000000000000, -1.699999999999998401 ) ) ;
#1604 = DIRECTION ( 'NONE',  ( 0.000000000000000000, 0.000000000000000000, -1.000000000000000000 ) ) ;
#1605 = VERTEX_POINT ( 'NONE', #2565 ) ;
#1606 = DIRECTION ( 'NONE',  ( 0.000000000000000000, 1.000000000000000000, 0.000000000000000000 ) ) ;
#1607 = FACE_OUTER_BOUND ( 'NONE', #3007, .T. ) ;
#1608 = CARTESIAN_POINT ( 'NONE',  ( 6.685000000000013820, 8.500000000000000000, 4.200000000000001066 ) ) ;
#1609 = CARTESIAN_POINT ( 'NONE',  ( 3.185000000000014264, 2.500000000000000000, -10.00000000000000178 ) ) ;
#1610 = EDGE_CURVE ( 'NONE', #251, #267, #826, .T. ) ;
#1611 = ORIENTED_EDGE ( 'NONE', *, *, #2196, .F. ) ;
#1612 = DIRECTION ( 'NONE',  ( 1.000000000000000000, 0.000000000000000000, 0.000000000000000000 ) ) ;
#1613 = EDGE_LOOP ( 'NONE', ( #776, #1224 ) ) ;
#1614 = CARTESIAN_POINT ( 'NONE',  ( -0.8099999999999929479, 28.50000000000001421, 15.70000000000000284 ) ) ;
#1615 = EDGE_CURVE ( 'NONE', #2073, #25, #2318, .T. ) ;
#1616 = ORIENTED_EDGE ( 'NONE', *, *, #2446, .T. ) ;
#1617 = CARTESIAN_POINT ( 'NONE',  ( -2.909999999999993925, 12.50000000000001421, 18.39999999999999858 ) ) ;
#1618 = EDGE_LOOP ( 'NONE', ( #246, #3078, #365, #1728 ) ) ;
#1619 = ADVANCED_FACE ( 'NONE', ( #1121 ), #2977, .F. ) ;
#1620 = LINE ( 'NONE', #2801, #1430 ) ;
#1621 = CARTESIAN_POINT ( 'NONE',  ( -3.814999999999988400, 1.671572875253809487, -10.82842712474619162 ) ) ;
#1622 = CIRCLE ( 'NONE', #2125, 2.000000000000000000 ) ;
#1623 = CARTESIAN_POINT ( 'NONE',  ( 4.341854249492384632, 8.500000000000000000, -1.456854249492388620 ) ) ;
#1624 = CARTESIAN_POINT ( 'NONE',  ( -2.909999999999993925, 28.50000000000001421, 16.89999999999999858 ) ) ;
#1625 = ADVANCED_BREP_SHAPE_REPRESENTATION ( '双轴柔性夹爪主体', ( #1841, #91 ), #1500 ) ;
#1626 = ORIENTED_EDGE ( 'NONE', *, *, #1466, .T. ) ;
#1627 = PLANE ( 'NONE',  #614 ) ;
#1628 = LINE ( 'NONE', #75, #37 ) ;
#1629 = CARTESIAN_POINT ( 'NONE',  ( -30.39999999999999503, 6.624999999999992006, 18.39999999999999858 ) ) ;
#1630 = VECTOR ( 'NONE', #1185, 1000.000000000000000 ) ;
#1631 = VERTEX_POINT ( 'NONE', #819 ) ;
#1632 = APPROVAL_ROLE ( '' ) ;
#1633 = DIRECTION ( 'NONE',  ( 0.000000000000000000, 1.000000000000000000, 0.000000000000000000 ) ) ;
#1634 = EDGE_CURVE ( 'NONE', #2101, #1284, #2140, .T. ) ;
#1635 = ORIENTED_EDGE ( 'NONE', *, *, #2858, .T. ) ;
#1636 = ORIENTED_EDGE ( 'NONE', *, *, #12, .F. ) ;
#1637 = DIRECTION ( 'NONE',  ( 0.000000000000000000, 0.000000000000000000, 1.000000000000000000 ) ) ;
#1638 = CARTESIAN_POINT ( 'NONE',  ( -5.814999999999987068, 2.500000000000000000, -10.00000000000000178 ) ) ;
#1639 = EDGE_CURVE ( 'NONE', #793, #436, #1584, .T. ) ;
#1640 = AXIS2_PLACEMENT_3D ( 'NONE', #2066, #2536, #849 ) ;
#1641 = DIRECTION ( 'NONE',  ( 0.000000000000000000, -1.000000000000000000, -0.000000000000000000 ) ) ;
#1642 = CARTESIAN_POINT ( 'NONE',  ( 0.9570307284333200437, 27.36527430417197237, 17.64999999999999858 ) ) ;
#1643 = AXIS2_PLACEMENT_3D ( 'NONE', #1149, #2329, #2577 ) ;
#1644 = ORIENTED_EDGE ( 'NONE', *, *, #1657, .F. ) ;
#1645 = CARTESIAN_POINT ( 'NONE',  ( -1.814999999999987956, 8.500000000000000000, -15.19999999999999929 ) ) ;
#1646 = DIRECTION ( 'NONE',  ( 0.000000000000000000, -0.000000000000000000, -1.000000000000000000 ) ) ;
#1647 = CARTESIAN_POINT ( 'NONE',  ( -1.315000000000015712, 8.673617379884035472E-16, -3.799999999999998490 ) ) ;
#1648 = VECTOR ( 'NONE', #1079, 1000.000000000000000 ) ;
#1649 = ORIENTED_EDGE ( 'NONE', *, *, #324, .T. ) ;
#1650 = APPROVAL_ROLE ( '' ) ;
#1651 =( BOUNDED_CURVE ( )  B_SPLINE_CURVE ( 3, ( #948, #917, #963, #3072 ),
 .UNSPECIFIED., .F., .F. ) 
 B_SPLINE_CURVE_WITH_KNOTS ( ( 4, 4 ),
 ( 3.614007241618338663E-17, 1.570796326794896558 ),
 .UNSPECIFIED. ) 
 CURVE ( )  GEOMETRIC_REPRESENTATION_ITEM ( )  RATIONAL_B_SPLINE_CURVE ( ( 1.000000000000000000, 0.8047378541243649375, 0.8047378541243649375, 1.000000000000000000 ) ) 
 REPRESENTATION_ITEM ( '' )  );
#1652 = ORIENTED_EDGE ( 'NONE', *, *, #953, .T. ) ;
#1653 = DIRECTION ( 'NONE',  ( 1.000000000000000000, -0.000000000000000000, -0.000000000000000000 ) ) ;
#1654 = ADVANCED_FACE ( 'NONE', ( #2518 ), #145, .F. ) ;
#1655 = DIRECTION ( 'NONE',  ( 0.000000000000000000, -1.000000000000000000, 0.000000000000000000 ) ) ;
#1656 = PLANE ( 'NONE',  #1838 ) ;
#1657 = EDGE_CURVE ( 'NONE', #1521, #3070, #1166, .T. ) ;
#1658 = CIRCLE ( 'NONE', #1249, 1.050000000000001377 ) ;
#1659 = DIRECTION ( 'NONE',  ( 0.000000000000000000, 0.000000000000000000, 1.000000000000000000 ) ) ;
#1660 = CARTESIAN_POINT ( 'NONE',  ( -27.69999999999999574, 6.624999999999992006, 6.899999999999998579 ) ) ;
#1661 = ADVANCED_FACE ( 'NONE', ( #2506 ), #1579, .F. ) ;
#1662 = VERTEX_POINT ( 'NONE', #588 ) ;
#1663 = FACE_BOUND ( 'NONE', #159, .T. ) ;
#1664 = DIRECTION ( 'NONE',  ( -0.000000000000000000, -1.000000000000000000, -0.000000000000000000 ) ) ;
#1665 = ORIENTED_EDGE ( 'NONE', *, *, #2481, .F. ) ;
#1666 = ORIENTED_EDGE ( 'NONE', *, *, #2503, .F. ) ;
#1667 = EDGE_LOOP ( 'NONE', ( #1796, #2317, #5, #713 ) ) ;
#1668 = DIRECTION ( 'NONE',  ( -0.000000000000000000, -0.000000000000000000, -1.000000000000000000 ) ) ;
#1669 = DIRECTION ( 'NONE',  ( -1.000000000000000000, 0.000000000000000000, -0.000000000000000000 ) ) ;
#1670 = EDGE_LOOP ( 'NONE', ( #2933, #1028, #2776, #1679, #2519, #530, #893 ) ) ;
#1671 = CARTESIAN_POINT ( 'NONE',  ( -32.04999999999999005, 8.500000000000000000, -3.000000000000002665 ) ) ;
#1672 = CARTESIAN_POINT ( 'NONE',  ( -25.04999999999999005, 2.500000000000000444, -3.000000000000002665 ) ) ;
#1673 = EDGE_CURVE ( 'NONE', #267, #251, #2620, .T. ) ;
#1674 = AXIS2_PLACEMENT_3D ( 'NONE', #1105, #2992, #411 ) ;
#1675 = ORIENTED_EDGE ( 'NONE', *, *, #789, .F. ) ;
#1676 = PLANE ( 'NONE',  #2380 ) ;
#1677 = PLANE ( 'NONE',  #2403 ) ;
#1678 = ADVANCED_FACE ( 'NONE', ( #1828 ), #2777, .F. ) ;
#1679 = ORIENTED_EDGE ( 'NONE', *, *, #2367, .T. ) ;
#1680 = PERSON_AND_ORGANIZATION ( #910, #1243 ) ;
#1681 = AXIS2_PLACEMENT_3D ( 'NONE', #2971, #1543, #346 ) ;
#1682 = ORIENTED_EDGE ( 'NONE', *, *, #1450, .F. ) ;
#1683 = ORIENTED_EDGE ( 'NONE', *, *, #2929, .F. ) ;
#1684 = CIRCLE ( 'NONE', #3018, 1.049999999999999822 ) ;
#1685 = FACE_BOUND ( 'NONE', #1424, .T. ) ;
#1686 = FACE_OUTER_BOUND ( 'NONE', #2181, .T. ) ;
#1687 = VERTEX_POINT ( 'NONE', #2744 ) ;
#1688 = AXIS2_PLACEMENT_3D ( 'NONE', #308, #2007, #1991 ) ;
#1689 = LINE ( 'NONE', #510, #1083 ) ;
#1690 = DIRECTION ( 'NONE',  ( 0.000000000000000000, 0.000000000000000000, 1.000000000000000000 ) ) ;
#1691 = CIRCLE ( 'NONE', #2243, 10.09999999999999787 ) ;
#1692 = ADVANCED_FACE ( 'NONE', ( #160 ), #1307, .T. ) ;
#1693 = ORIENTED_EDGE ( 'NONE', *, *, #2817, .T. ) ;
#1694 = LINE ( 'NONE', #1153, #11 ) ;
#1695 = DIRECTION ( 'NONE',  ( 0.000000000000000000, -0.000000000000000000, 1.000000000000000000 ) ) ;
#1696 = EDGE_CURVE ( 'NONE', #2048, #1358, #564, .T. ) ;
#1697 = VERTEX_POINT ( 'NONE', #175 ) ;
#1698 = APPROVAL_STATUS ( 'not_yet_approved' ) ;
#1699 = AXIS2_PLACEMENT_3D ( 'NONE', #2606, #721, #1241 ) ;
#1700 = ORIENTED_EDGE ( 'NONE', *, *, #2213, .T. ) ;
#1701 = ORIENTED_EDGE ( 'NONE', *, *, #3002, .F. ) ;
#1702 = VECTOR ( 'NONE', #135, 1000.000000000000000 ) ;
#1703 = VECTOR ( 'NONE', #2898, 1000.000000000000000 ) ;
#1704 = DIRECTION ( 'NONE',  ( 0.000000000000000000, 0.000000000000000000, -1.000000000000000000 ) ) ;
#1705 = CARTESIAN_POINT ( 'NONE',  ( -2.909999999999993925, 12.50000000000001421, 16.89999999999999858 ) ) ;
#1706 = ORIENTED_EDGE ( 'NONE', *, *, #1858, .F. ) ;
#1707 = FACE_BOUND ( 'NONE', #921, .T. ) ;
#1708 = DIRECTION ( 'NONE',  ( 1.000000000000000000, 0.000000000000000000, 0.000000000000000000 ) ) ;
#1709 = ORIENTED_EDGE ( 'NONE', *, *, #2058, .T. ) ;
#1710 = DIRECTION ( 'NONE',  ( 0.000000000000000000, 1.000000000000000000, 0.000000000000000000 ) ) ;
#1711 = CARTESIAN_POINT ( 'NONE',  ( -9.314999999999988844, 8.673617379884035472E-16, 3.150000000000060307 ) ) ;
#1712 = ORIENTED_EDGE ( 'NONE', *, *, #423, .F. ) ;
#1713 = CARTESIAN_POINT ( 'NONE',  ( 3.185000000000008935, 0.5000000000000000000, -9.584048752090220447 ) ) ;
#1714 = ORIENTED_EDGE ( 'NONE', *, *, #2711, .T. ) ;
#1715 = DIRECTION ( 'NONE',  ( 0.000000000000000000, 0.000000000000000000, 1.000000000000000000 ) ) ;
#1716 = ADVANCED_FACE ( 'NONE', ( #602 ), #1779, .F. ) ;
#1717 = FACE_OUTER_BOUND ( 'NONE', #1063, .T. ) ;
#1718 = DIRECTION ( 'NONE',  ( 0.000000000000000000, 1.000000000000000000, 0.000000000000000000 ) ) ;
#1719 = EDGE_CURVE ( 'NONE', #2392, #919, #1570, .T. ) ;
#1720 = EDGE_LOOP ( 'NONE', ( #2129, #363, #2008, #976, #2473, #1397, #176 ) ) ;
#1721 = CARTESIAN_POINT ( 'NONE',  ( -0.000000000000000000, 2.500000000000000000, 17.39999999999999858 ) ) ;
#1722 = DIRECTION ( 'NONE',  ( 0.000000000000000000, -1.000000000000000000, 0.000000000000000000 ) ) ;
#1723 = EDGE_LOOP ( 'NONE', ( #241, #2864 ) ) ;
#1724 = CARTESIAN_POINT ( 'NONE',  ( -2.198216370834574107, 0.7827675510202629638, 16.67660713268735151 ) ) ;
#1725 = VECTOR ( 'NONE', #2659, 1000.000000000000000 ) ;
#1726 = ORIENTED_EDGE ( 'NONE', *, *, #841, .F. ) ;
#1727 = CARTESIAN_POINT ( 'NONE',  ( -25.04999999999999005, 31.59999999999999076, 18.39999999999999858 ) ) ;
#1728 = ORIENTED_EDGE ( 'NONE', *, *, #465, .T. ) ;
#1729 = CARTESIAN_POINT ( 'NONE',  ( -13.33499999999999552, 20.50000000000001066, 21.39999999999999858 ) ) ;
#1730 = CARTESIAN_POINT ( 'NONE',  ( -3.814999999999987068, -1.999999999999999556, -17.19999999999999929 ) ) ;
#1731 = CARTESIAN_POINT ( 'NONE',  ( 0.6933862376616192202, 2.579940208100782062, 17.79887503097742396 ) ) ;
#1732 = AXIS2_PLACEMENT_3D ( 'NONE', #1804, #2513, #1789 ) ;
#1733 = EDGE_CURVE ( 'NONE', #1284, #2101, #1362, .T. ) ;
#1734 = DIRECTION ( 'NONE',  ( -0.000000000000000000, -0.000000000000000000, 1.000000000000000000 ) ) ;
#1735 = LINE ( 'NONE', #2502, #472 ) ;
#1736 = APPLICATION_CONTEXT ( 'configuration controlled 3d designs of mechanical parts and assemblies' ) ;
#1737 = CIRCLE ( 'NONE', #2240, 1.749999999999999778 ) ;
#1738 = EDGE_LOOP ( 'NONE', ( #2117, #1412 ) ) ;
#1739 = CARTESIAN_POINT ( 'NONE',  ( -2.244135200590314128, 2.055024530458381626, 16.67388432645269702 ) ) ;
#1740 = ORIENTED_EDGE ( 'NONE', *, *, #2568, .F. ) ;
#1741 = LINE ( 'NONE', #2895, #26 ) ;
#1742 = ORIENTED_EDGE ( 'NONE', *, *, #1733, .F. ) ;
#1743 = CARTESIAN_POINT ( 'NONE',  ( -0.8099999999999929479, 28.50000000000001421, 16.89999999999999858 ) ) ;
#1744 = AXIS2_PLACEMENT_3D ( 'NONE', #2349, #3085, #1401 ) ;
#1745 = CARTESIAN_POINT ( 'NONE',  ( -6.971854249492396960, 4.500000000000000888, 0.6431457505076533243 ) ) ;
#1746 = LINE ( 'NONE', #1497, #2783 ) ;
#1747 = EDGE_CURVE ( 'NONE', #632, #2065, #2598, .T. ) ;
#1748 = AXIS2_PLACEMENT_3D ( 'NONE', #2660, #1235, #2906 ) ;
#1749 = FACE_OUTER_BOUND ( 'NONE', #2083, .T. ) ;
#1750 = LINE ( 'NONE', #1082, #1427 ) ;
#1751 = EDGE_CURVE ( 'NONE', #317, #1463, #1694, .T. ) ;
#1752 = ORIENTED_EDGE ( 'NONE', *, *, #1374, .T. ) ;
#1753 = CARTESIAN_POINT ( 'NONE',  ( 4.211310899902610316, 2.500000000000000000, 17.47190731449127554 ) ) ;
#1754 = EDGE_CURVE ( 'NONE', #1844, #2848, #1971, .T. ) ;
#1755 = VERTEX_POINT ( 'NONE', #947 ) ;
#1756 = DIRECTION ( 'NONE',  ( 0.000000000000000000, 0.000000000000000000, 1.000000000000000000 ) ) ;
#1757 = ORIENTED_EDGE ( 'NONE', *, *, #2830, .F. ) ;
#1758 = CARTESIAN_POINT ( 'NONE',  ( 4.341854249492384632, 8.673617379884035472E-16, -1.456854249492388620 ) ) ;
#1759 = DIRECTION ( 'NONE',  ( 0.000000000000000000, 1.000000000000000000, 0.000000000000000000 ) ) ;
#1760 = DIRECTION ( 'NONE',  ( -1.000000000000000000, 0.000000000000000000, 0.000000000000000000 ) ) ;
#1761 = CARTESIAN_POINT ( 'NONE',  ( 3.185000000000014264, 8.500000000000000000, -10.00000000000000178 ) ) ;
#1762 = DIRECTION ( 'NONE',  ( 0.000000000000000000, 1.000000000000000000, 0.000000000000000000 ) ) ;
#1763 = CARTESIAN_POINT ( 'NONE',  ( -3.160497102114864898, 2.065882748936219038, 16.57197101798956496 ) ) ;
#1764 = ORIENTED_EDGE ( 'NONE', *, *, #2312, .T. ) ;
#1765 = EDGE_CURVE ( 'NONE', #736, #961, #2574, .T. ) ;
#1766 = ORIENTED_EDGE ( 'NONE', *, *, #1553, .T. ) ;
#1767 = DIRECTION ( 'NONE',  ( 0.000000000000000000, 0.000000000000000000, 1.000000000000000000 ) ) ;
#1768 = AXIS2_PLACEMENT_3D ( 'NONE', #2, #962, #1922 ) ;
#1769 = ORIENTED_EDGE ( 'NONE', *, *, #691, .T. ) ;
#1770 = DIRECTION ( 'NONE',  ( -0.000000000000000000, -0.000000000000000000, 1.000000000000000000 ) ) ;
#1771 = CARTESIAN_POINT ( 'NONE',  ( -27.69999999999999574, 6.624999999999992006, 6.899999999999998579 ) ) ;
#1772 = DIRECTION ( 'NONE',  ( 1.000000000000000000, 0.000000000000000000, 0.000000000000000000 ) ) ;
#1773 = LINE ( 'NONE', #2458, #2525 ) ;
#1774 = CIRCLE ( 'NONE', #1070, 14.50000000000000178 ) ;
#1775 = AXIS2_PLACEMENT_3D ( 'NONE', #2857, #525, #1437 ) ;
#1776 = DIRECTION ( 'NONE',  ( 1.000000000000000000, 0.000000000000000000, 0.000000000000000000 ) ) ;
#1777 = EDGE_CURVE ( 'NONE', #2991, #2616, #1622, .T. ) ;
#1778 = ORIENTED_EDGE ( 'NONE', *, *, #1919, .F. ) ;
#1779 = CYLINDRICAL_SURFACE ( 'NONE', #965, 1.749999999999999778 ) ;
#1780 = AXIS2_PLACEMENT_3D ( 'NONE', #2478, #1016, #1047 ) ;
#1781 = ORIENTED_EDGE ( 'NONE', *, *, #2699, .T. ) ;
#1782 = DIRECTION ( 'NONE',  ( 0.000000000000000000, 0.000000000000000000, -1.000000000000000000 ) ) ;
#1783 = ADVANCED_FACE ( 'NONE', ( #2401 ), #1627, .F. ) ;
#1784 = ORIENTED_EDGE ( 'NONE', *, *, #1958, .T. ) ;
#1785 = AXIS2_PLACEMENT_3D ( 'NONE', #674, #2409, #968 ) ;
#1786 = FACE_OUTER_BOUND ( 'NONE', #2178, .T. ) ;
#1787 = CARTESIAN_POINT ( 'NONE',  ( -6.971854249492396960, -1.999999999999999556, -1.456854249492347320 ) ) ;
#1788 = CIRCLE ( 'NONE', #384, 1.050000000000000488 ) ;
#1789 = DIRECTION ( 'NONE',  ( 0.000000000000000000, 0.000000000000000000, 1.000000000000000000 ) ) ;
#1790 = DIRECTION ( 'NONE',  ( -0.000000000000000000, 1.000000000000000000, -0.000000000000000000 ) ) ;
#1791 = AXIS2_PLACEMENT_3D ( 'NONE', #2265, #2808, #2056 ) ;
#1792 = DIRECTION ( 'NONE',  ( -1.000000000000000000, 0.000000000000000000, 0.000000000000000000 ) ) ;
#1793 = CIRCLE ( 'NONE', #189, 1.050000000000000488 ) ;
#1794 = ORIENTED_EDGE ( 'NONE', *, *, #2481, .T. ) ;
#1795 = DIRECTION ( 'NONE',  ( 0.000000000000000000, 0.000000000000000000, 1.000000000000000000 ) ) ;
#1796 = ORIENTED_EDGE ( 'NONE', *, *, #1610, .F. ) ;
#1797 = CARTESIAN_POINT ( 'NONE',  ( 8.365000000000003766, 20.50000000000001421, 16.89999999999999858 ) ) ;
#1798 = AXIS2_PLACEMENT_3D ( 'NONE', #1379, #644, #442 ) ;
#1799 = ORIENTED_EDGE ( 'NONE', *, *, #1228, .T. ) ;
#1800 = CARTESIAN_POINT ( 'NONE',  ( -5.814999999999988844, 2.500000000000000000, -9.584048752090218670 ) ) ;
#1801 = DIRECTION ( 'NONE',  ( 1.000000000000000000, 0.000000000000000000, 0.000000000000000000 ) ) ;
#1802 = CYLINDRICAL_SURFACE ( 'NONE', #79, 2.000000000000000000 ) ;
#1803 = EDGE_CURVE ( 'NONE', #1015, #1046, #225, .T. ) ;
#1804 = CARTESIAN_POINT ( 'NONE',  ( 6.685000000000013820, 8.673617379884035472E-16, 4.200000000000001066 ) ) ;
#1805 = CARTESIAN_POINT ( 'NONE',  ( -25.04999999999999005, 8.500000000000000000, -3.000000000000002665 ) ) ;
#1806 = ADVANCED_FACE ( 'NONE', ( #683, #1663, #428, #2354, #498 ), #1676, .T. ) ;
#1807 = CIRCLE ( 'NONE', #2218, 2.100000000000000089 ) ;
#1808 = DIRECTION ( 'NONE',  ( -0.000000000000000000, -1.000000000000000000, -0.000000000000000000 ) ) ;
#1809 = ORIENTED_EDGE ( 'NONE', *, *, #210, .F. ) ;
#1810 = EDGE_LOOP ( 'NONE', ( #7, #1781, #2759, #2010, #1911, #1616, #1326, #620, #2464, #1, #1223, #2214, #522, #1955 ) ) ;
#1811 = CARTESIAN_POINT ( 'NONE',  ( 22.42000000000001236, 24.59999999999999787, 9.999999999999998224 ) ) ;
#1812 = ORIENTED_EDGE ( 'NONE', *, *, #381, .F. ) ;
#1813 = FACE_OUTER_BOUND ( 'NONE', #55, .T. ) ;
#1814 = ORIENTED_EDGE ( 'NONE', *, *, #858, .T. ) ;
#1815 = CARTESIAN_POINT ( 'NONE',  ( -25.04999999999999005, 2.500000000000000000, -10.00000000000000178 ) ) ;
#1816 = CARTESIAN_POINT ( 'NONE',  ( -6.971854249492396960, 4.500000000000000888, -3.556854249492348075 ) ) ;
#1817 = CARTESIAN_POINT ( 'NONE',  ( -3.814999999999988844, 8.500000000000000000, -12.00000000000000178 ) ) ;
#1818 = AXIS2_PLACEMENT_3D ( 'NONE', #617, #2049, #2761 ) ;
#1819 = EDGE_CURVE ( 'NONE', #1396, #560, #717, .T. ) ;
#1820 = DIRECTION ( 'NONE',  ( 0.000000000000000000, 0.000000000000000000, 1.000000000000000000 ) ) ;
#1821 = CARTESIAN_POINT ( 'NONE',  ( 6.685000000000013820, 23.00000000000000355, 3.150000000000000799 ) ) ;
#1822 = EDGE_CURVE ( 'NONE', #2392, #731, #2873, .T. ) ;
#1823 = CIRCLE ( 'NONE', #67, 10.09999999999999787 ) ;
#1824 = FACE_OUTER_BOUND ( 'NONE', #2408, .T. ) ;
#1825 = LINE ( 'NONE', #142, #328 ) ;
#1826 = AXIS2_PLACEMENT_3D ( 'NONE', #2470, #2497, #2025 ) ;
#1827 = ORIENTED_EDGE ( 'NONE', *, *, #2611, .F. ) ;
#1828 = FACE_OUTER_BOUND ( 'NONE', #2004, .T. ) ;
#1829 = VERTEX_POINT ( 'NONE', #3089 ) ;
#1830 = DIRECTION ( 'NONE',  ( 1.000000000000000000, 0.000000000000000000, 0.000000000000000000 ) ) ;
#1831 = ORIENTED_EDGE ( 'NONE', *, *, #2235, .T. ) ;
#1832 = DIRECTION ( 'NONE',  ( 0.000000000000000000, 0.000000000000000000, 1.000000000000000000 ) ) ;
#1833 = EDGE_LOOP ( 'NONE', ( #967, #152, #113, #352, #1580, #92, #719, #2216, #1714 ) ) ;
#1834 = AXIS2_PLACEMENT_3D ( 'NONE', #2039, #1586, #1865 ) ;
#1835 = CYLINDRICAL_SURFACE ( 'NONE', #871, 1.049999999999999822 ) ;
#1836 = CARTESIAN_POINT ( 'NONE',  ( 8.365000000000003766, 20.50000000000001421, 16.89999999999999858 ) ) ;
#1837 = ADVANCED_FACE ( 'NONE', ( #2860 ), #714, .F. ) ;
#1838 = AXIS2_PLACEMENT_3D ( 'NONE', #1433, #28, #1669 ) ;
#1839 = CARTESIAN_POINT ( 'NONE',  ( -0.8099999999999929479, 28.50000000000001421, 8.400000000000000355 ) ) ;
#1840 = CARTESIAN_POINT ( 'NONE',  ( -2.909999999999993925, 12.50000000000001421, 16.89999999999999858 ) ) ;
#1841 = MANIFOLD_SOLID_BREP ( '移动面13', #2298 ) ;
#1842 = CIRCLE ( 'NONE', #1893, 1.050000000000000488 ) ;
#1843 = ADVANCED_FACE ( 'NONE', ( #1872 ), #479, .F. ) ;
#1844 = VERTEX_POINT ( 'NONE', #1440 ) ;
#1845 = CARTESIAN_POINT ( 'NONE',  ( 8.365000000000003766, 20.50000000000001421, 16.89999999999999858 ) ) ;
#1846 = VERTEX_POINT ( 'NONE', #242 ) ;
#1847 = ADVANCED_FACE ( 'NONE', ( #1205, #2643 ), #2164, .T. ) ;
#1848 = LINE ( 'NONE', #652, #2745 ) ;
#1849 = ORIENTED_EDGE ( 'NONE', *, *, #1980, .T. ) ;
#1850 = FACE_OUTER_BOUND ( 'NONE', #1810, .T. ) ;
#1851 = FACE_OUTER_BOUND ( 'NONE', #294, .T. ) ;
#1852 = VERTEX_POINT ( 'NONE', #728 ) ;
#1853 = DIRECTION ( 'NONE',  ( -0.000000000000000000, 1.000000000000000000, -0.000000000000000000 ) ) ;
#1854 = DIRECTION ( 'NONE',  ( -1.000000000000000000, 0.000000000000000000, 0.000000000000000000 ) ) ;
#1855 = LINE ( 'NONE', #1133, #935 ) ;
#1856 = CARTESIAN_POINT ( 'NONE',  ( 0.4622999761701052646, 0.7335533242138869703, 16.58110804186704001 ) ) ;
#1857 = ORIENTED_EDGE ( 'NONE', *, *, #1232, .T. ) ;
#1858 = EDGE_CURVE ( 'NONE', #2020, #2508, #1020, .T. ) ;
#1859 = EDGE_LOOP ( 'NONE', ( #1176, #1644 ) ) ;
#1860 = DIRECTION ( 'NONE',  ( 1.000000000000000000, -0.000000000000000000, -0.000000000000000000 ) ) ;
#1861 = CARTESIAN_POINT ( 'NONE',  ( -1.314999999975728917, 0.7962988330808475901, 16.70000000000000284 ) ) ;
#1862 = EDGE_CURVE ( 'NONE', #2284, #378, #2242, .T. ) ;
#1863 = ORIENTED_EDGE ( 'NONE', *, *, #648, .T. ) ;
#1864 = CARTESIAN_POINT ( 'NONE',  ( 4.341854249492384632, 23.00000000000000355, -2.506854249492388220 ) ) ;
#1865 = DIRECTION ( 'NONE',  ( 0.000000000000000000, 0.000000000000000000, 1.000000000000000000 ) ) ;
#1866 = ORIENTED_EDGE ( 'NONE', *, *, #2871, .T. ) ;
#1867 = CARTESIAN_POINT ( 'NONE',  ( 8.365000000000003766, 20.50000000000001421, 16.89999999999999858 ) ) ;
#1868 = CARTESIAN_POINT ( 'NONE',  ( 6.685000000000013820, 23.00000000000000355, 5.250000000000001776 ) ) ;
#1869 = CARTESIAN_POINT ( 'NONE',  ( -6.971854249492396960, 8.673617379884035472E-16, -1.456854249492347320 ) ) ;
#1870 = DIRECTION ( 'NONE',  ( 1.000000000000000000, 0.000000000000000000, 0.000000000000000000 ) ) ;
#1871 = ORIENTED_EDGE ( 'NONE', *, *, #1876, .T. ) ;
#1872 = FACE_OUTER_BOUND ( 'NONE', #161, .T. ) ;
#1873 = CARTESIAN_POINT ( 'NONE',  ( -1.314999999999986402, -1.999999999999999556, 4.200000000000001066 ) ) ;
#1874 = CARTESIAN_POINT ( 'NONE',  ( -13.33499999999999552, 20.50000000000001066, 15.70000000000000284 ) ) ;
#1875 = VECTOR ( 'NONE', #239, 1000.000000000000000 ) ;
#1876 = EDGE_CURVE ( 'NONE', #3070, #1521, #2074, .T. ) ;
#1877 = ORIENTED_EDGE ( 'NONE', *, *, #1751, .F. ) ;
#1878 = PERSON_AND_ORGANIZATION_ROLE ( 'creator' ) ;
#1879 = ORIENTED_EDGE ( 'NONE', *, *, #1354, .F. ) ;
#1880 = ORIENTED_EDGE ( 'NONE', *, *, #1819, .T. ) ;
#1881 = EDGE_CURVE ( 'NONE', #2048, #493, #1970, .T. ) ;
#1882 = FACE_OUTER_BOUND ( 'NONE', #2069, .T. ) ;
#1883 = CARTESIAN_POINT ( 'NONE',  ( -0.8099999999999929479, 28.50000000000001421, 8.400000000000000355 ) ) ;
#1884 = ADVANCED_FACE ( 'NONE', ( #997 ), #2934, .F. ) ;
#1885 = CARTESIAN_POINT ( 'NONE',  ( -6.971854249492396960, 8.500000000000000000, 0.6431457505076533243 ) ) ;
#1886 = DIRECTION ( 'NONE',  ( -0.000000000000000000, -0.000000000000000000, -1.000000000000000000 ) ) ;
#1887 = CIRCLE ( 'NONE', #3083, 2.000000000000000888 ) ;
#1888 = ORIENTED_EDGE ( 'NONE', *, *, #559, .F. ) ;
#1889 = DIRECTION ( 'NONE',  ( 1.717547996016640487E-16, 1.000000000000000000, 0.000000000000000000 ) ) ;
#1890 = DIRECTION ( 'NONE',  ( 0.000000000000000000, 0.000000000000000000, -1.000000000000000000 ) ) ;
#1891 = DIRECTION ( 'NONE',  ( -0.000000000000000000, -0.000000000000000000, -1.000000000000000000 ) ) ;
#1892 = VECTOR ( 'NONE', #231, 1000.000000000000000 ) ;
#1893 = AXIS2_PLACEMENT_3D ( 'NONE', #729, #2131, #21 ) ;
#1894 = CC_DESIGN_APPROVAL ( #658, ( #586 ) ) ;
#1895 = EDGE_LOOP ( 'NONE', ( #2782, #1794, #2888, #972 ) ) ;
#1896 = APPROVAL_DATE_TIME ( #934, #658 ) ;
#1897 = EDGE_LOOP ( 'NONE', ( #216, #1145 ) ) ;
#1898 = ORIENTED_EDGE ( 'NONE', *, *, #837, .T. ) ;
#1899 = ADVANCED_FACE ( 'NONE', ( #2211 ), #2485, .F. ) ;
#1900 = DIRECTION ( 'NONE',  ( 0.000000000000000000, 0.000000000000000000, 1.000000000000000000 ) ) ;
#1901 = CARTESIAN_POINT ( 'NONE',  ( 1.185000000000012932, 2.500000000000000444, -12.00000000000000178 ) ) ;
#1902 = ORIENTED_EDGE ( 'NONE', *, *, #2052, .F. ) ;
#1903 = EDGE_CURVE ( 'NONE', #1034, #657, #1920, .T. ) ;
#1904 = DIRECTION ( 'NONE',  ( 0.000000000000000000, 0.000000000000000000, 1.000000000000000000 ) ) ;
#1905 = DIRECTION ( 'NONE',  ( 0.000000000000000000, 1.000000000000000000, 0.000000000000000000 ) ) ;
#1906 = AXIS2_PLACEMENT_3D ( 'NONE', #2979, #2068, #2520 ) ;
#1907 = ORIENTED_EDGE ( 'NONE', *, *, #2515, .F. ) ;
#1908 = CARTESIAN_POINT ( 'NONE',  ( 0.000000000000000000, 0.000000000000000000, 18.39999999999999858 ) ) ;
#1909 = CARTESIAN_POINT ( 'NONE',  ( 4.341854249492384632, 8.673617379884035472E-16, 0.6431457505076121350 ) ) ;
#1910 = ORIENTED_EDGE ( 'NONE', *, *, #2962, .T. ) ;
#1911 = ORIENTED_EDGE ( 'NONE', *, *, #2328, .T. ) ;
#1912 = CARTESIAN_POINT ( 'NONE',  ( -1.315000000000015712, 23.00000000000000355, -4.849999999999999645 ) ) ;
#1913 = PRODUCT ( '双轴柔性夹爪主体', '双轴柔性夹爪主体', '', ( #732 ) ) ;
#1914 = DIRECTION ( 'NONE',  ( -0.000000000000000000, -0.000000000000000000, -1.000000000000000000 ) ) ;
#1915 = DIRECTION ( 'NONE',  ( -0.000000000000000000, 0.000000000000000000, -1.000000000000000000 ) ) ;
#1916 = ORIENTED_EDGE ( 'NONE', *, *, #2302, .F. ) ;
#1917 = CARTESIAN_POINT ( 'NONE',  ( -6.971854249492396960, 8.673617379884035472E-16, -0.4068542494923461650 ) ) ;
#1918 = CARTESIAN_POINT ( 'NONE',  ( -6.971854249492396960, 23.00000000000000355, -2.506854249492348696 ) ) ;
#1919 = EDGE_CURVE ( 'NONE', #2087, #2923, #2531, .T. ) ;
#1920 = CIRCLE ( 'NONE', #2325, 12.50000000000000000 ) ;
#1921 = ORIENTED_EDGE ( 'NONE', *, *, #2071, .T. ) ;
#1922 = DIRECTION ( 'NONE',  ( 0.000000000000000000, -0.000000000000000000, 1.000000000000000000 ) ) ;
#1923 = DIRECTION ( 'NONE',  ( 0.000000000000000000, 0.000000000000000000, 1.000000000000000000 ) ) ;
#1924 = VERTEX_POINT ( 'NONE', #2973 ) ;
#1925 = PERSON_AND_ORGANIZATION ( #910, #1243 ) ;
#1926 = VECTOR ( 'NONE', #799, 1000.000000000000000 ) ;
#1927 = EDGE_LOOP ( 'NONE', ( #2551, #1898, #117, #447 ) ) ;
#1928 = ORIENTED_EDGE ( 'NONE', *, *, #1505, .F. ) ;
#1929 = CARTESIAN_POINT ( 'NONE',  ( 29.42000000000001236, 24.59999999999999076, 18.39999999999999858 ) ) ;
#1930 = CARTESIAN_POINT ( 'NONE',  ( 1.290000000000007807, 28.50000000000001421, 16.89999999999999858 ) ) ;
#1931 = ORIENTED_EDGE ( 'NONE', *, *, #2817, .F. ) ;
#1932 = AXIS2_PLACEMENT_3D ( 'NONE', #805, #2465, #1032 ) ;
#1933 = CARTESIAN_POINT ( 'NONE',  ( -5.194310344827573367, -1.999999999999999556, -7.682800648353638628 ) ) ;
#1934 = CARTESIAN_POINT ( 'NONE',  ( 29.42000000000001236, 2.500000000000000000, 9.999999999999998224 ) ) ;
#1935 = ADVANCED_FACE ( 'NONE', ( #1317 ), #2516, .T. ) ;
#1936 = CIRCLE ( 'NONE', #829, 2.100000000000000533 ) ;
#1937 = ORIENTED_EDGE ( 'NONE', *, *, #803, .F. ) ;
#1938 = CARTESIAN_POINT ( 'NONE',  ( 3.730432114365210161, 2.507575802036297485, 17.53452815440772738 ) ) ;
#1939 = CARTESIAN_POINT ( 'NONE',  ( -1.315000000000015712, 23.00000000000000355, -3.799999999999998490 ) ) ;
#1940 = ADVANCED_FACE ( 'NONE', ( #1084 ), #360, .F. ) ;
#1941 = AXIS2_PLACEMENT_3D ( 'NONE', #2504, #1305, #111 ) ;
#1942 = ORIENTED_EDGE ( 'NONE', *, *, #2830, .T. ) ;
#1943 = PERSON_AND_ORGANIZATION ( #910, #1243 ) ;
#1944 = AXIS2_PLACEMENT_3D ( 'NONE', #955, #2158, #2172 ) ;
#1945 = EDGE_CURVE ( 'NONE', #1350, #2832, #491, .T. ) ;
#1946 = EDGE_LOOP ( 'NONE', ( #3027, #2655 ) ) ;
#1947 = CARTESIAN_POINT ( 'NONE',  ( 3.858132134026744708, 0.5000000000000000000, 15.57931034482758648 ) ) ;
#1948 = LOCAL_TIME ( 11, 6, 39.00000000000000000, #2649 ) ;
#1949 = CARTESIAN_POINT ( 'NONE',  ( -32.04999999999999005, 8.500000000000000000, 9.999999999999998224 ) ) ;
#1950 = FACE_BOUND ( 'NONE', #503, .T. ) ;
#1951 = EDGE_LOOP ( 'NONE', ( #870, #1409, #454, #2974 ) ) ;
#1952 = DIRECTION ( 'NONE',  ( 1.000000000000000000, 0.000000000000000000, -0.000000000000000000 ) ) ;
#1953 = DIRECTION ( 'NONE',  ( 1.000000000000000000, 0.000000000000000000, 0.000000000000000000 ) ) ;
#1954 = AXIS2_PLACEMENT_3D ( 'NONE', #1114, #2077, #877 ) ;
#1955 = ORIENTED_EDGE ( 'NONE', *, *, #1719, .T. ) ;
#1956 = CARTESIAN_POINT ( 'NONE',  ( 3.858132134026745153, 2.500000000000000444, 15.57931034482758825 ) ) ;
#1957 = CARTESIAN_POINT ( 'NONE',  ( -32.04999999999999005, 8.500000000000000000, 9.999999999999998224 ) ) ;
#1958 = EDGE_CURVE ( 'NONE', #2894, #740, #2250, .T. ) ;
#1959 = ORIENTED_EDGE ( 'NONE', *, *, #1819, .F. ) ;
#1960 = DIRECTION ( 'NONE',  ( 0.000000000000000000, 0.000000000000000000, -1.000000000000000000 ) ) ;
#1961 = VERTEX_POINT ( 'NONE', #831 ) ;
#1962 = DIRECTION ( 'NONE',  ( 0.000000000000000000, 0.000000000000000000, 1.000000000000000000 ) ) ;
#1963 = ADVANCED_FACE ( 'NONE', ( #2300 ), #2958, .F. ) ;
#1964 = VECTOR ( 'NONE', #2897, 1000.000000000000000 ) ;
#1965 = CARTESIAN_POINT ( 'NONE',  ( -6.971854249492396960, 8.673617379884035472E-16, 0.6431457505076533243 ) ) ;
#1966 = DIRECTION ( 'NONE',  ( -0.000000000000000000, -1.000000000000000000, -0.000000000000000000 ) ) ;
#1967 = FACE_BOUND ( 'NONE', #2467, .T. ) ;
#1968 = DIRECTION ( 'NONE',  ( 0.000000000000000000, 0.000000000000000000, -1.000000000000000000 ) ) ;
#1969 = ORIENTED_EDGE ( 'NONE', *, *, #540, .T. ) ;
#1970 = LINE ( 'NONE', #2194, #1725 ) ;
#1971 = CIRCLE ( 'NONE', #213, 1.749999999999999778 ) ;
#1972 = EDGE_LOOP ( 'NONE', ( #2495, #547, #128, #528 ) ) ;
#1973 = CARTESIAN_POINT ( 'NONE',  ( -32.04999999999999005, 2.499999999999992450, 9.999999999999998224 ) ) ;
#1974 = EDGE_CURVE ( 'NONE', #1975, #657, #1887, .T. ) ;
#1975 = VERTEX_POINT ( 'NONE', #645 ) ;
#1976 = CARTESIAN_POINT ( 'NONE',  ( 14.36500000000000554, 20.50000000000001421, 16.89999999999999858 ) ) ;
#1977 = AXIS2_PLACEMENT_3D ( 'NONE', #2707, #2280, #2987 ) ;
#1978 = DIRECTION ( 'NONE',  ( -1.000000000000000000, 0.000000000000000000, -1.807003620809174878E-16 ) ) ;
#1979 = FACE_OUTER_BOUND ( 'NONE', #1139, .T. ) ;
#1980 = EDGE_CURVE ( 'NONE', #3011, #2438, #2283, .T. ) ;
#1981 = CIRCLE ( 'NONE', #1027, 2.100000000000000533 ) ;
#1982 = CIRCLE ( 'NONE', #2530, 1.050000000000001155 ) ;
#1983 = CARTESIAN_POINT ( 'NONE',  ( -1.315000000000015490, 23.00000000000000355, -2.749999999999998224 ) ) ;
#1984 = DIRECTION ( 'NONE',  ( -1.000000000000000000, 0.000000000000000000, 0.000000000000000000 ) ) ;
#1985 = ADVANCED_FACE ( 'NONE', ( #2758 ), #2062, .F. ) ;
#1986 = AXIS2_PLACEMENT_3D ( 'NONE', #1713, #1475, #1598 ) ;
#1987 = VERTEX_POINT ( 'NONE', #1575 ) ;
#1988 = CARTESIAN_POINT ( 'NONE',  ( -4.883218679799249173, 2.541558970864976619, 17.68788456292147160 ) ) ;
#1989 = VECTOR ( 'NONE', #2310, 1000.000000000000000 ) ;
#1990 = ORIENTED_EDGE ( 'NONE', *, *, #2871, .F. ) ;
#1991 = DIRECTION ( 'NONE',  ( 0.4138505707221387109, 0.000000000000000000, 0.9103448275862066064 ) ) ;
#1992 = VERTEX_POINT ( 'NONE', #862 ) ;
#1993 = DIRECTION ( 'NONE',  ( -0.000000000000000000, 1.000000000000000000, -0.000000000000000000 ) ) ;
#1994 = CIRCLE ( 'NONE', #2784, 1.350000000000000533 ) ;
#1995 = CARTESIAN_POINT ( 'NONE',  ( -1.315000000000015712, -1.999999999999999556, -4.849999999999999645 ) ) ;
#1996 = LINE ( 'NONE', #2942, #1389 ) ;
#1997 = AXIS2_PLACEMENT_3D ( 'NONE', #2874, #1154, #931 ) ;
#1998 = VECTOR ( 'NONE', #2107, 1000.000000000000000 ) ;
#1999 = ADVANCED_FACE ( 'NONE', ( #1824, #1069, #2079, #629 ), #392, .T. ) ;
#2000 = CC_DESIGN_SECURITY_CLASSIFICATION ( #894, ( #586 ) ) ;
#2001 = FACE_BOUND ( 'NONE', #220, .T. ) ;
#2002 = CARTESIAN_POINT ( 'NONE',  ( 1.185000000000012932, -1.999999999999999556, -15.19999999999999929 ) ) ;
#2003 = ADVANCED_FACE ( 'NONE', ( #332 ), #1545, .F. ) ;
#2004 = EDGE_LOOP ( 'NONE', ( #2166, #166, #403, #1566 ) ) ;
#2005 = APPROVAL ( #214, '未指定' ) ;
#2006 = ORIENTED_EDGE ( 'NONE', *, *, #1466, .F. ) ;
#2007 = DIRECTION ( 'NONE',  ( -0.9103448275862067174, 0.000000000000000000, 0.4138505707221387664 ) ) ;
#2008 = ORIENTED_EDGE ( 'NONE', *, *, #306, .F. ) ;
#2009 = PLANE ( 'NONE',  #53 ) ;
#2010 = ORIENTED_EDGE ( 'NONE', *, *, #1777, .T. ) ;
#2011 = FACE_OUTER_BOUND ( 'NONE', #2815, .T. ) ;
#2012 = DIRECTION ( 'NONE',  ( 0.000000000000000000, 0.000000000000000000, -1.000000000000000000 ) ) ;
#2013 = CARTESIAN_POINT ( 'NONE',  ( -0.8099999999999929479, 28.50000000000001421, 16.89999999999999858 ) ) ;
#2014 = DIRECTION ( 'NONE',  ( 0.000000000000000000, 0.000000000000000000, -1.000000000000000000 ) ) ;
#2015 = ADVANCED_FACE ( 'NONE', ( #2029 ), #2146, .F. ) ;
#2016 = DIRECTION ( 'NONE',  ( 0.9506240518682912422, 0.000000000000000000, -0.3103448275862072392 ) ) ;
#2017 = EDGE_CURVE ( 'NONE', #2712, #1631, #986, .T. ) ;
#2018 = EDGE_LOOP ( 'NONE', ( #1611, #2244 ) ) ;
#2019 = DIRECTION ( 'NONE',  ( -0.000000000000000000, -0.000000000000000000, 1.000000000000000000 ) ) ;
#2020 = VERTEX_POINT ( 'NONE', #3053 ) ;
#2021 = CARTESIAN_POINT ( 'NONE',  ( -1.314999999999986402, 0.5000000000000000000, 4.200000000000001066 ) ) ;
#2022 = AXIS2_PLACEMENT_3D ( 'NONE', #634, #2335, #127 ) ;
#2023 = ORIENTED_EDGE ( 'NONE', *, *, #2017, .T. ) ;
#2024 = CARTESIAN_POINT ( 'NONE',  ( -3.814999999999987068, 8.500000000000000000, -17.19999999999999929 ) ) ;
#2025 = DIRECTION ( 'NONE',  ( 1.000000000000000000, 0.000000000000000000, 0.000000000000000000 ) ) ;
#2026 = LINE ( 'NONE', #859, #419 ) ;
#2027 = FACE_OUTER_BOUND ( 'NONE', #1927, .T. ) ;
#2028 = AXIS2_PLACEMENT_3D ( 'NONE', #329, #1081, #827 ) ;
#2029 = FACE_OUTER_BOUND ( 'NONE', #1001, .T. ) ;
#2030 = EDGE_CURVE ( 'NONE', #2872, #1474, #1855, .T. ) ;
#2031 = ORIENTED_EDGE ( 'NONE', *, *, #54, .F. ) ;
#2032 = DIRECTION ( 'NONE',  ( 1.000000000000000000, 2.478176394252581732E-15, 0.000000000000000000 ) ) ;
#2033 = ORIENTED_EDGE ( 'NONE', *, *, #1559, .F. ) ;
#2034 = CARTESIAN_POINT ( 'NONE',  ( -9.314999999999988844, 8.673617379884035472E-16, 6.300000000000061107 ) ) ;
#2035 = EDGE_CURVE ( 'NONE', #25, #2276, #2731, .T. ) ;
#2036 = ORIENTED_EDGE ( 'NONE', *, *, #1615, .F. ) ;
#2037 = CARTESIAN_POINT ( 'NONE',  ( -9.334999999999995524, 20.50000000000001066, 18.39999999999999858 ) ) ;
#2038 = DIRECTION ( 'NONE',  ( -0.000000000000000000, -0.000000000000000000, -1.000000000000000000 ) ) ;
#2039 = CARTESIAN_POINT ( 'NONE',  ( 4.341854249492384632, 8.673617379884035472E-16, -1.456854249492388620 ) ) ;
#2040 = AXIS2_PLACEMENT_3D ( 'NONE', #1869, #680, #2126 ) ;
#2041 = CC_DESIGN_PERSON_AND_ORGANIZATION_ASSIGNMENT ( #1222, #671, ( #1913 ) ) ;
#2042 = CYLINDRICAL_SURFACE ( 'NONE', #971, 2.100000000000000533 ) ;
#2043 = FACE_OUTER_BOUND ( 'NONE', #2517, .T. ) ;
#2044 = CIRCLE ( 'NONE', #1085, 1.000000000000000888 ) ;
#2045 = VECTOR ( 'NONE', #765, 1000.000000000000000 ) ;
#2046 = LOCAL_TIME ( 11, 6, 39.00000000000000000, #2407 ) ;
#2047 = CARTESIAN_POINT ( 'NONE',  ( -7.315833275470994934, 2.499999999999999112, 17.39999999999999858 ) ) ;
#2048 = VERTEX_POINT ( 'NONE', #2365 ) ;
#2049 = DIRECTION ( 'NONE',  ( -0.000000000000000000, 1.000000000000000000, -0.000000000000000000 ) ) ;
#2050 = ORIENTED_EDGE ( 'NONE', *, *, #1092, .F. ) ;
#2051 = DIRECTION ( 'NONE',  ( -0.000000000000000000, -1.000000000000000000, -0.000000000000000000 ) ) ;
#2052 = EDGE_CURVE ( 'NONE', #639, #497, #33, .T. ) ;
#2053 = CIRCLE ( 'NONE', #2604, 1.050000000000000044 ) ;
#2054 = VERTEX_POINT ( 'NONE', #204 ) ;
#2055 = CARTESIAN_POINT ( 'NONE',  ( -0.8099999999999929479, 28.50000000000001421, 15.70000000000000284 ) ) ;
#2056 = DIRECTION ( 'NONE',  ( 0.000000000000000000, 0.000000000000000000, 1.000000000000000000 ) ) ;
#2057 = CARTESIAN_POINT ( 'NONE',  ( -6.971854249492396960, 8.500000000000000000, -3.556854249492348075 ) ) ;
#2058 = EDGE_CURVE ( 'NONE', #309, #335, #1788, .T. ) ;
#2059 = AXIS2_PLACEMENT_3D ( 'NONE', #2275, #2086, #383 ) ;
#2060 = CARTESIAN_POINT ( 'NONE',  ( 22.73000000000001464, 6.624999999999984901, 6.899999999999998579 ) ) ;
#2061 = DIRECTION ( 'NONE',  ( -1.000000000000000000, 0.000000000000000000, 0.000000000000000000 ) ) ;
#2062 = CYLINDRICAL_SURFACE ( 'NONE', #787, 10.09999999999999787 ) ;
#2063 = CARTESIAN_POINT ( 'NONE',  ( 8.365000000000003766, 20.50000000000001421, 16.89999999999999858 ) ) ;
#2064 = VERTEX_POINT ( 'NONE', #1917 ) ;
#2065 = VERTEX_POINT ( 'NONE', #661 ) ;
#2066 = CARTESIAN_POINT ( 'NONE',  ( -9.314999999999988844, 8.673617379884035472E-16, 4.200000000000060574 ) ) ;
#2067 = EDGE_LOOP ( 'NONE', ( #2949, #304, #2541, #1769 ) ) ;
#2068 = DIRECTION ( 'NONE',  ( -0.000000000000000000, -1.000000000000000000, -0.000000000000000000 ) ) ;
#2069 = EDGE_LOOP ( 'NONE', ( #273, #88, #635, #1827 ) ) ;
#2070 =( LENGTH_UNIT ( ) NAMED_UNIT ( * ) SI_UNIT ( .MILLI., .METRE. ) );
#2071 = EDGE_CURVE ( 'NONE', #654, #3088, #3100, .T. ) ;
#2072 = CARTESIAN_POINT ( 'NONE',  ( 6.685000000000013820, 8.500000000000000000, 4.200000000000001066 ) ) ;
#2073 = VERTEX_POINT ( 'NONE', #1363 ) ;
#2074 = CIRCLE ( 'NONE', #2226, 2.100000000000000089 ) ;
#2075 = EDGE_CURVE ( 'NONE', #2227, #1605, #1041, .T. ) ;
#2076 = CARTESIAN_POINT ( 'NONE',  ( 22.73000000000001464, 6.624999999999984901, 6.899999999999998579 ) ) ;
#2077 = DIRECTION ( 'NONE',  ( -0.000000000000000000, 1.000000000000000000, -0.000000000000000000 ) ) ;
#2078 = EDGE_CURVE ( 'NONE', #2909, #2260, #2197, .T. ) ;
#2079 = FACE_BOUND ( 'NONE', #1308, .T. ) ;
#2080 = LINE ( 'NONE', #2547, #2091 ) ;
#2081 = ORIENTED_EDGE ( 'NONE', *, *, #1190, .F. ) ;
#2082 = CIRCLE ( 'NONE', #1179, 1.049999999999999822 ) ;
#2083 = EDGE_LOOP ( 'NONE', ( #68, #2557, #2023, #1182 ) ) ;
#2084 = DIRECTION ( 'NONE',  ( 0.000000000000000000, 0.000000000000000000, 1.000000000000000000 ) ) ;
#2085 = ORIENTED_EDGE ( 'NONE', *, *, #653, .F. ) ;
#2086 = DIRECTION ( 'NONE',  ( 0.000000000000000000, 0.000000000000000000, 1.000000000000000000 ) ) ;
#2087 = VERTEX_POINT ( 'NONE', #1671 ) ;
#2088 = VECTOR ( 'NONE', #2950, 1000.000000000000000 ) ;
#2089 = CYLINDRICAL_SURFACE ( 'NONE', #2143, 1.050000000000001377 ) ;
#2090 = ORIENTED_EDGE ( 'NONE', *, *, #2568, .T. ) ;
#2091 = VECTOR ( 'NONE', #2804, 1000.000000000000000 ) ;
#2092 = CARTESIAN_POINT ( 'NONE',  ( 6.685000000000013820, -1.999999999999999556, 4.200000000000001066 ) ) ;
#2093 = CARTESIAN_POINT ( 'NONE',  ( 22.42000000000001236, 31.59999999999999787, 9.999999999999998224 ) ) ;
#2094 = EDGE_CURVE ( 'NONE', #2508, #319, #3068, .T. ) ;
#2095 = AXIS2_PLACEMENT_3D ( 'NONE', #264, #457, #1226 ) ;
#2096 = CARTESIAN_POINT ( 'NONE',  ( 24.08000000000001251, 6.624999999999984901, 18.39999999999999858 ) ) ;
#2097 = CARTESIAN_POINT ( 'NONE',  ( -25.04999999999999005, 24.59999999999999076, 9.999999999999998224 ) ) ;
#2098 = CIRCLE ( 'NONE', #2645, 12.50000000000000000 ) ;
#2099 = ADVANCED_FACE ( 'NONE', ( #407 ), #944, .F. ) ;
#2100 = AXIS2_PLACEMENT_3D ( 'NONE', #27, #1007, #1257 ) ;
#2101 = VERTEX_POINT ( 'NONE', #1885 ) ;
#2102 = CARTESIAN_POINT ( 'NONE',  ( 18.79000000000000981, 30.60000000000000142, 9.999999999999998224 ) ) ;
#2103 = CARTESIAN_POINT ( 'NONE',  ( -13.33499999999999552, 20.50000000000001066, 19.89999999999999858 ) ) ;
#2104 = ORIENTED_EDGE ( 'NONE', *, *, #1673, .F. ) ;
#2105 = DIRECTION ( 'NONE',  ( 0.000000000000000000, 0.000000000000000000, 1.000000000000000000 ) ) ;
#2106 = VERTEX_POINT ( 'NONE', #424 ) ;
#2107 = DIRECTION ( 'NONE',  ( 1.807003620809174878E-16, 0.000000000000000000, -1.000000000000000000 ) ) ;
#2108 = CARTESIAN_POINT ( 'NONE',  ( 24.08000000000001251, 6.624999999999984901, 6.899999999999998579 ) ) ;
#2109 = FACE_BOUND ( 'NONE', #1136, .T. ) ;
#2110 = DIRECTION ( 'NONE',  ( -0.000000000000000000, -0.000000000000000000, 1.000000000000000000 ) ) ;
#2111 = EDGE_CURVE ( 'NONE', #1631, #2712, #286, .T. ) ;
#2112 = VERTEX_POINT ( 'NONE', #2609 ) ;
#2113 = CARTESIAN_POINT ( 'NONE',  ( -32.49999999999999289, 8.500000000000000000, -10.00000000000000178 ) ) ;
#2114 = DIRECTION ( 'NONE',  ( -0.000000000000000000, -0.000000000000000000, 1.000000000000000000 ) ) ;
#2115 = ADVANCED_FACE ( 'NONE', ( #1383, #2109 ), #912, .T. ) ;
#2116 = CARTESIAN_POINT ( 'NONE',  ( -5.670240781675495612, 0.4999999999999995559, 15.95113077232071142 ) ) ;
#2117 = ORIENTED_EDGE ( 'NONE', *, *, #77, .T. ) ;
#2118 = DIRECTION ( 'NONE',  ( 0.000000000000000000, 0.000000000000000000, 1.000000000000000000 ) ) ;
#2119 = EDGE_CURVE ( 'NONE', #673, #2136, #2836, .T. ) ;
#2120 = DIRECTION ( 'NONE',  ( 1.000000000000000000, 0.000000000000000000, 0.000000000000000000 ) ) ;
#2121 = ORIENTED_EDGE ( 'NONE', *, *, #2256, .F. ) ;
#2122 = ORIENTED_EDGE ( 'NONE', *, *, #324, .F. ) ;
#2123 = CARTESIAN_POINT ( 'NONE',  ( -0.8099999999999929479, 12.50000000000001421, 16.89999999999999858 ) ) ;
#2124 = CARTESIAN_POINT ( 'NONE',  ( -13.33499999999999552, 20.50000000000001066, 17.90000000000000213 ) ) ;
#2125 = AXIS2_PLACEMENT_3D ( 'NONE', #1645, #665, #930 ) ;
#2126 = DIRECTION ( 'NONE',  ( 0.000000000000000000, -0.000000000000000000, 1.000000000000000000 ) ) ;
#2127 = DIRECTION ( 'NONE',  ( 0.000000000000000000, 0.000000000000000000, -1.000000000000000000 ) ) ;
#2128 = CIRCLE ( 'NONE', #490, 10.09999999999999787 ) ;
#2129 = ORIENTED_EDGE ( 'NONE', *, *, #1132, .F. ) ;
#2130 = CARTESIAN_POINT ( 'NONE',  ( -13.33499999999999552, 20.50000000000001066, 21.39999999999999858 ) ) ;
#2131 = DIRECTION ( 'NONE',  ( -0.000000000000000000, 1.000000000000000000, -0.000000000000000000 ) ) ;
#2132 = DIRECTION ( 'NONE',  ( 0.000000000000000000, 0.000000000000000000, -1.000000000000000000 ) ) ;
#2133 = CIRCLE ( 'NONE', #1178, 2.100000000000000089 ) ;
#2134 = AXIS2_PLACEMENT_3D ( 'NONE', #2998, #2814, #2781 ) ;
#2135 = ADVANCED_FACE ( 'NONE', ( #1202 ), #444, .F. ) ;
#2136 = VERTEX_POINT ( 'NONE', #2397 ) ;
#2137 = ORIENTED_EDGE ( 'NONE', *, *, #544, .F. ) ;
#2138 = ORIENTED_EDGE ( 'NONE', *, *, #2412, .F. ) ;
#2139 = ADVANCED_FACE ( 'NONE', ( #78 ), #537, .F. ) ;
#2140 = CIRCLE ( 'NONE', #2928, 2.100000000000000533 ) ;
#2141 = PLANE ( 'NONE',  #221 ) ;
#2142 = DIRECTION ( 'NONE',  ( 0.9506240518682911311, -0.000000000000000000, 0.3103448275862070171 ) ) ;
#2143 = AXIS2_PLACEMENT_3D ( 'NONE', #2543, #2799, #1604 ) ;
#2144 = PRODUCT_DEFINITION ( '未知', '', #586, #1012 ) ;
#2145 = ORIENTED_EDGE ( 'NONE', *, *, #2094, .T. ) ;
#2146 = PLANE ( 'NONE',  #1744 ) ;
#2147 = LINE ( 'NONE', #1934, #816 ) ;
#2148 = VECTOR ( 'NONE', #2206, 1000.000000000000000 ) ;
#2149 = VERTEX_POINT ( 'NONE', #1230 ) ;
#2150 = DIRECTION ( 'NONE',  ( 1.000000000000000000, 0.000000000000000000, 0.000000000000000000 ) ) ;
#2151 = FACE_OUTER_BOUND ( 'NONE', #991, .T. ) ;
#2152 = AXIS2_PLACEMENT_3D ( 'NONE', #1344, #2309, #2570 ) ;
#2153 = ORIENTED_EDGE ( 'NONE', *, *, #1945, .F. ) ;
#2154 = CARTESIAN_POINT ( 'NONE',  ( 0.000000000000000000, 0.000000000000000000, 0.000000000000000000 ) ) ;
#2155 = ORIENTED_EDGE ( 'NONE', *, *, #1115, .T. ) ;
#2156 = ORIENTED_EDGE ( 'NONE', *, *, #303, .T. ) ;
#2157 = LINE ( 'NONE', #1745, #1703 ) ;
#2158 = DIRECTION ( 'NONE',  ( 0.000000000000000000, -1.000000000000000000, 0.000000000000000000 ) ) ;
#2159 = EDGE_CURVE ( 'NONE', #1924, #1605, #1689, .T. ) ;
#2160 = ORIENTED_EDGE ( 'NONE', *, *, #2173, .T. ) ;
#2161 = DIRECTION ( 'NONE',  ( 0.000000000000000000, 0.000000000000000000, 1.000000000000000000 ) ) ;
#2162 = CARTESIAN_POINT ( 'NONE',  ( 29.42000000000001236, 24.59999999999999076, 9.999999999999998224 ) ) ;
#2163 = EDGE_LOOP ( 'NONE', ( #951, #1564, #647, #1871 ) ) ;
#2164 = PLANE ( 'NONE',  #1768 ) ;
#2165 = DIRECTION ( 'NONE',  ( 0.000000000000000000, 0.000000000000000000, -1.000000000000000000 ) ) ;
#2166 = ORIENTED_EDGE ( 'NONE', *, *, #2159, .F. ) ;
#2167 = DIRECTION ( 'NONE',  ( 1.000000000000000000, 0.000000000000000000, 0.000000000000000000 ) ) ;
#2168 = ORIENTED_EDGE ( 'NONE', *, *, #2850, .F. ) ;
#2169 = VERTEX_POINT ( 'NONE', #1039 ) ;
#2170 = EDGE_CURVE ( 'NONE', #657, #2918, #2295, .T. ) ;
#2171 = CARTESIAN_POINT ( 'NONE',  ( 22.73000000000001464, 6.624999999999984901, 18.39999999999999858 ) ) ;
#2172 = DIRECTION ( 'NONE',  ( 0.000000000000000000, 0.000000000000000000, -1.000000000000000000 ) ) ;
#2173 = EDGE_CURVE ( 'NONE', #1119, #1992, #2429, .T. ) ;
#2174 = ORIENTED_EDGE ( 'NONE', *, *, #2553, .F. ) ;
#2175 = CARTESIAN_POINT ( 'NONE',  ( 24.08000000000001251, 6.624999999999984901, 6.899999999999998579 ) ) ;
#2176 = DIRECTION ( 'NONE',  ( 0.000000000000000000, 0.000000000000000000, -1.000000000000000000 ) ) ;
#2177 = EDGE_CURVE ( 'NONE', #2764, #1428, #1192, .T. ) ;
#2178 = EDGE_LOOP ( 'NONE', ( #3032, #1519, #2319, #2357 ) ) ;
#2179 = CARTESIAN_POINT ( 'NONE',  ( -1.315000000000015712, 8.500000000000000000, -3.799999999999998490 ) ) ;
#2180 = LINE ( 'NONE', #2355, #1594 ) ;
#2181 = EDGE_LOOP ( 'NONE', ( #1799, #104, #509, #1209 ) ) ;
#2182 = CALENDAR_DATE ( 2026, 15, 9 ) ;
#2183 = CIRCLE ( 'NONE', #1320, 2.100000000000000533 ) ;
#2184 = VECTOR ( 'NONE', #1708, 1000.000000000000000 ) ;
#2185 = ORIENTED_EDGE ( 'NONE', *, *, #2529, .F. ) ;
#2186 = EDGE_LOOP ( 'NONE', ( #3093, #2507, #2805, #2421 ) ) ;
#2187 = DIRECTION ( 'NONE',  ( 1.000000000000000000, 0.000000000000000000, 0.000000000000000000 ) ) ;
#2188 = DIRECTION ( 'NONE',  ( -0.000000000000000000, -0.000000000000000000, 1.000000000000000000 ) ) ;
#2189 = EDGE_LOOP ( 'NONE', ( #1470, #2353, #1127, #779, #911, #709 ) ) ;
#2190 = VECTOR ( 'NONE', #2961, 1000.000000000000000 ) ;
#2191 = DIRECTION ( 'NONE',  ( 1.000000000000000000, 0.000000000000000000, 0.000000000000000000 ) ) ;
#2192 = CARTESIAN_POINT ( 'NONE',  ( -29.04999999999999716, 6.624999999999992006, 6.899999999999998579 ) ) ;
#2193 = ORIENTED_EDGE ( 'NONE', *, *, #1023, .T. ) ;
#2194 = CARTESIAN_POINT ( 'NONE',  ( 18.46500000000000341, 20.50000000000001421, 16.89999999999999858 ) ) ;
#2195 = CARTESIAN_POINT ( 'NONE',  ( -1.809999999999992948, 28.50000000000001421, 8.400000000000000355 ) ) ;
#2196 = EDGE_CURVE ( 'NONE', #1124, #378, #1994, .T. ) ;
#2197 = CIRCLE ( 'NONE', #830, 2.100000000000000089 ) ;
#2198 = ORIENTED_EDGE ( 'NONE', *, *, #3055, .T. ) ;
#2199 = CYLINDRICAL_SURFACE ( 'NONE', #375, 2.100000000000000089 ) ;
#2200 = ORIENTED_EDGE ( 'NONE', *, *, #669, .T. ) ;
#2201 = CARTESIAN_POINT ( 'NONE',  ( -3.814999999999987068, 17.26584280032444951, -17.19999999999999929 ) ) ;
#2202 = AXIS2_PLACEMENT_3D ( 'NONE', #2482, #342, #2496 ) ;
#2203 = DIRECTION ( 'NONE',  ( 0.000000000000000000, 0.000000000000000000, -1.000000000000000000 ) ) ;
#2204 = CARTESIAN_POINT ( 'NONE',  ( -7.315833275470994934, 2.500000000000000000, 17.39999999999999858 ) ) ;
#2205 = B_SPLINE_CURVE_WITH_KNOTS ( 'NONE', 3,
 ( #1861, #430, #918, #3073, #211, #2844, #2116, #903 ),
 .UNSPECIFIED., .F., .F.,
 ( 4, 2, 2, 4 ),
 ( 0.005320518825663514764, 0.006650819896041972046, 0.007981120966420429327, 0.01064172310717734736 ),
 .UNSPECIFIED. ) ;
#2206 = DIRECTION ( 'NONE',  ( 0.000000000000000000, -1.000000000000000000, 0.000000000000000000 ) ) ;
#2207 = FACE_OUTER_BOUND ( 'NONE', #1720, .T. ) ;
#2208 = VECTOR ( 'NONE', #612, 1000.000000000000000 ) ;
#2209 = ADVANCED_FACE ( 'NONE', ( #2001, #1707, #1501, #252, #1967, #1215, #494 ), #973, .T. ) ;
#2210 = ORIENTED_EDGE ( 'NONE', *, *, #2810, .F. ) ;
#2211 = FACE_OUTER_BOUND ( 'NONE', #1152, .T. ) ;
#2212 = CIRCLE ( 'NONE', #262, 2.100000000000000089 ) ;
#2213 = EDGE_CURVE ( 'NONE', #657, #722, #2884, .T. ) ;
#2214 = ORIENTED_EDGE ( 'NONE', *, *, #1515, .T. ) ;
#2215 = LINE ( 'NONE', #56, #2339 ) ;
#2216 = ORIENTED_EDGE ( 'NONE', *, *, #2708, .T. ) ;
#2217 = DIRECTION ( 'NONE',  ( 1.000000000000000000, 0.000000000000000000, 0.000000000000000000 ) ) ;
#2218 = AXIS2_PLACEMENT_3D ( 'NONE', #518, #764, #2703 ) ;
#2219 = ADVANCED_FACE ( 'NONE', ( #1749 ), #1513, .F. ) ;
#2220 = CARTESIAN_POINT ( 'NONE',  ( 4.685833275471022574, 2.500000000000000000, 17.39999999999999858 ) ) ;
#2221 = DIRECTION ( 'NONE',  ( -1.000000000000000000, 0.000000000000000000, -0.000000000000000000 ) ) ;
#2222 = PLANE ( 'NONE',  #70 ) ;
#2223 = CARTESIAN_POINT ( 'NONE',  ( 8.365000000000003766, 20.50000000000001421, 18.39999999999999858 ) ) ;
#2224 = ORIENTED_EDGE ( 'NONE', *, *, #2446, .F. ) ;
#2225 = CARTESIAN_POINT ( 'NONE',  ( -3.078222367156691508, 0.7344640700170202985, 16.58292548572805458 ) ) ;
#2226 = AXIS2_PLACEMENT_3D ( 'NONE', #2179, #1710, #513 ) ;
#2227 = VERTEX_POINT ( 'NONE', #768 ) ;
#2228 = CARTESIAN_POINT ( 'NONE',  ( 22.42000000000001592, 8.500000000000000000, -3.000000000000001776 ) ) ;
#2229 = ORIENTED_EDGE ( 'NONE', *, *, #2078, .T. ) ;
#2230 = LINE ( 'NONE', #2678, #29 ) ;
#2231 = ADVANCED_FACE ( 'NONE', ( #2238 ), #2222, .T. ) ;
#2232 = CIRCLE ( 'NONE', #2383, 10.09999999999999787 ) ;
#2233 = FACE_OUTER_BOUND ( 'NONE', #462, .T. ) ;
#2234 = CARTESIAN_POINT ( 'NONE',  ( -21.40999999999999304, 30.60000000000000142, 15.70000000000000639 ) ) ;
#2235 = EDGE_CURVE ( 'NONE', #2241, #2664, #756, .T. ) ;
#2236 = VECTOR ( 'NONE', #1528, 1000.000000000000000 ) ;
#2237 = CIRCLE ( 'NONE', #873, 2.100000000000000533 ) ;
#2238 = FACE_OUTER_BOUND ( 'NONE', #545, .T. ) ;
#2239 = PLANE ( 'NONE',  #1175 ) ;
#2240 = AXIS2_PLACEMENT_3D ( 'NONE', #546, #336, #571 ) ;
#2241 = VERTEX_POINT ( 'NONE', #49 ) ;
#2242 = LINE ( 'NONE', #35, #1419 ) ;
#2243 = AXIS2_PLACEMENT_3D ( 'NONE', #1313, #2358, #2120 ) ;
#2244 = ORIENTED_EDGE ( 'NONE', *, *, #1482, .F. ) ;
#2245 = DIRECTION ( 'NONE',  ( -0.000000000000000000, 1.000000000000000000, -0.000000000000000000 ) ) ;
#2246 = ORIENTED_EDGE ( 'NONE', *, *, #461, .F. ) ;
#2247 = LINE ( 'NONE', #44, #2753 ) ;
#2248 = TOROIDAL_SURFACE ( 'NONE', #1944, 14.50000000000000000, 2.000000000000000000 ) ;
#2249 = EDGE_LOOP ( 'NONE', ( #2855, #3076, #1250, #688 ) ) ;
#2250 = CIRCLE ( 'NONE', #582, 1.000000000000000222 ) ;
#2251 = ADVANCED_FACE ( 'NONE', ( #1484 ), #2444, .F. ) ;
#2252 = DIRECTION ( 'NONE',  ( 1.000000000000000000, 0.000000000000000000, 0.000000000000000000 ) ) ;
#2253 = CARTESIAN_POINT ( 'NONE',  ( -6.488132134026717068, 0.5000000000000000000, 15.57931034482758648 ) ) ;
#2254 = CIRCLE ( 'NONE', #2202, 5.099999999999999645 ) ;
#2255 = AXIS2_PLACEMENT_3D ( 'NONE', #263, #298, #2666 ) ;
#2256 = EDGE_CURVE ( 'NONE', #309, #1191, #63, .T. ) ;
#2257 = DIRECTION ( 'NONE',  ( 0.000000000000000000, 0.000000000000000000, 1.000000000000000000 ) ) ;
#2258 = CARTESIAN_POINT ( 'NONE',  ( 6.685000000000013820, 8.673617379884035472E-16, 5.250000000000001776 ) ) ;
#2259 = DIRECTION ( 'NONE',  ( 1.000000000000000000, 0.000000000000000000, 0.000000000000000000 ) ) ;
#2260 = VERTEX_POINT ( 'NONE', #2682 ) ;
#2261 = CARTESIAN_POINT ( 'NONE',  ( -6.971854249492396960, 8.673617379884035472E-16, -3.556854249492348075 ) ) ;
#2262 = VERTEX_POINT ( 'NONE', #301 ) ;
#2263 = CARTESIAN_POINT ( 'NONE',  ( -6.971854249492396960, 8.673617379884035472E-16, -1.456854249492347320 ) ) ;
#2264 = ORIENTED_EDGE ( 'NONE', *, *, #399, .T. ) ;
#2265 = CARTESIAN_POINT ( 'NONE',  ( -9.314999999999988844, 8.673617379884035472E-16, 4.200000000000060574 ) ) ;
#2266 = CARTESIAN_POINT ( 'NONE',  ( -21.40999999999999659, 10.40000000000000213, 123.9999999999999858 ) ) ;
#2267 = CYLINDRICAL_SURFACE ( 'NONE', #1370, 12.50000000000000000 ) ;
#2268 = CARTESIAN_POINT ( 'NONE',  ( -5.194310344827573367, 0.5000000000000000000, -7.682800648353638628 ) ) ;
#2269 = EDGE_CURVE ( 'NONE', #436, #2601, #785, .T. ) ;
#2270 = CARTESIAN_POINT ( 'NONE',  ( -6.079572052961971451, 0.5000000048265026420, 15.76504526372777093 ) ) ;
#2271 = ADVANCED_FACE ( 'NONE', ( #2970 ), #2267, .T. ) ;
#2272 = ORIENTED_EDGE ( 'NONE', *, *, #2312, .F. ) ;
#2273 = CARTESIAN_POINT ( 'NONE',  ( -1.314999999999986402, -3.499999999999999556, 4.200000000000001066 ) ) ;
#2274 = ORIENTED_EDGE ( 'NONE', *, *, #1290, .T. ) ;
#2275 = CARTESIAN_POINT ( 'NONE',  ( 8.365000000000003766, 20.50000000000001421, 18.39999999999999858 ) ) ;
#2276 = VERTEX_POINT ( 'NONE', #625 ) ;
#2277 = CARTESIAN_POINT ( 'NONE',  ( 3.185000000000011600, 2.500000000000000000, -12.00000000000000178 ) ) ;
#2278 = LINE ( 'NONE', #640, #781 ) ;
#2279 = CARTESIAN_POINT ( 'NONE',  ( -1.314999999999986402, -1.999999999999999556, 4.200000000000001066 ) ) ;
#2280 = DIRECTION ( 'NONE',  ( 0.000000000000000000, 0.000000000000000000, 1.000000000000000000 ) ) ;
#2281 = CIRCLE ( 'NONE', #1732, 1.050000000000000488 ) ;
#2282 = VECTOR ( 'NONE', #2671, 1000.000000000000000 ) ;
#2283 = LINE ( 'NONE', #814, #2346 ) ;
#2284 = VERTEX_POINT ( 'NONE', #2484 ) ;
#2285 = ORIENTED_EDGE ( 'NONE', *, *, #59, .T. ) ;
#2286 = DIRECTION ( 'NONE',  ( 0.000000000000000000, 1.000000000000000000, 0.000000000000000000 ) ) ;
#2287 = EDGE_CURVE ( 'NONE', #1088, #368, #2706, .T. ) ;
#2288 = ORIENTED_EDGE ( 'NONE', *, *, #98, .F. ) ;
#2289 = CYLINDRICAL_SURFACE ( 'NONE', #2311, 1.050000000000000488 ) ;
#2290 = ORIENTED_EDGE ( 'NONE', *, *, #1599, .F. ) ;
#2291 = FACE_BOUND ( 'NONE', #1859, .T. ) ;
#2292 = CARTESIAN_POINT ( 'NONE',  ( -21.40999999999999304, 30.60000000000000142, 9.999999999999998224 ) ) ;
#2293 = CC_DESIGN_DATE_AND_TIME_ASSIGNMENT ( #23, #1393, ( #2144 ) ) ;
#2294 = CARTESIAN_POINT ( 'NONE',  ( -7.315833275470994934, 0.5000000000000000000, 17.39999999999999858 ) ) ;
#2295 = CIRCLE ( 'NONE', #2687, 2.000000000000000000 ) ;
#2296 = DIRECTION ( 'NONE',  ( 1.000000000000000000, 0.000000000000000000, 0.000000000000000000 ) ) ;
#2297 = DIRECTION ( 'NONE',  ( 0.000000000000000000, -1.000000000000000000, 0.000000000000000000 ) ) ;
#2298 = CLOSED_SHELL ( 'NONE', ( #1316, #2423, #1418, #1661, #1985, #1619, #1487, #2629, #443, #636, #1167, #2219, #725, #675, #1111, #2389, #598, #2499, #250, #2943, #2003, #2271, #2771, #2835, #1940, #1843, #923, #1837, #712, #2632, #2893, #817, #1058, #3015, #1248, #2981, #215, #327, #1716, #1783, #206, #1172, #995, #574, #2466, #902, #3042, #2015, #1806, #2914, #2999, #362, #2668, #999, #1342, #1403, #2231, #2774, #2608, #627, #822, #1423, #1935, #341, #1006, #2135, #164, #1678, #1847, #1654, #2115, #2251, #270, #2099, #2139, #2209, #2684, #1692, #109, #1267, #595, #3095, #505, #71, #1884, #3079, #1963, #311, #1899, #942, #1593, #2573, #1999, #232, #1151, #1252 ) ) ;
#2299 = VECTOR ( 'NONE', #1051, 1000.000000000000000 ) ;
#2300 = FACE_OUTER_BOUND ( 'NONE', #899, .T. ) ;
#2301 = CARTESIAN_POINT ( 'NONE',  ( 3.033855857231833486, 0.5227667183464038692, 15.92747150733774752 ) ) ;
#2302 = EDGE_CURVE ( 'NONE', #2106, #198, #772, .T. ) ;
#2303 = ORIENTED_EDGE ( 'NONE', *, *, #153, .T. ) ;
#2304 = DIRECTION ( 'NONE',  ( -0.000000000000000000, 1.000000000000000000, -0.000000000000000000 ) ) ;
#2305 = ORIENTED_EDGE ( 'NONE', *, *, #1290, .F. ) ;
#2306 = DIRECTION ( 'NONE',  ( 0.000000000000000000, -0.000000000000000000, 1.000000000000000000 ) ) ;
#2307 = EDGE_CURVE ( 'NONE', #2806, #1191, #1480, .T. ) ;
#2308 = ORIENTED_EDGE ( 'NONE', *, *, #399, .F. ) ;
#2309 = DIRECTION ( 'NONE',  ( 0.000000000000000000, -1.000000000000000000, 0.000000000000000000 ) ) ;
#2310 = DIRECTION ( 'NONE',  ( -0.000000000000000000, -0.000000000000000000, -1.000000000000000000 ) ) ;
#2311 = AXIS2_PLACEMENT_3D ( 'NONE', #1091, #2051, #2994 ) ;
#2312 = EDGE_CURVE ( 'NONE', #2664, #2020, #1774, .T. ) ;
#2313 = CYLINDRICAL_SURFACE ( 'NONE', #3067, 1.749999999999999778 ) ;
#2314 = CARTESIAN_POINT ( 'NONE',  ( -3.814999999999988844, 0.5000000000000004441, -12.00000000000000178 ) ) ;
#2315 = CARTESIAN_POINT ( 'NONE',  ( -5.814999999999987068, 0.5000000000000000000, -9.584048752090218670 ) ) ;
#2316 = DIRECTION ( 'NONE',  ( -0.000000000000000000, -0.000000000000000000, -1.000000000000000000 ) ) ;
#2317 = ORIENTED_EDGE ( 'NONE', *, *, #98, .T. ) ;
#2318 = LINE ( 'NONE', #1073, #280 ) ;
#2319 = ORIENTED_EDGE ( 'NONE', *, *, #2449, .F. ) ;
#2320 = LINE ( 'NONE', #1107, #1510 ) ;
#2321 = ORIENTED_EDGE ( 'NONE', *, *, #2269, .F. ) ;
#2322 = LINE ( 'NONE', #2587, #485 ) ;
#2323 = EDGE_CURVE ( 'NONE', #1204, #1413, #526, .T. ) ;
#2324 = EDGE_LOOP ( 'NONE', ( #2795, #386, #361, #517 ) ) ;
#2325 = AXIS2_PLACEMENT_3D ( 'NONE', #124, #2772, #2741 ) ;
#2326 = DIRECTION ( 'NONE',  ( 0.000000000000000000, 0.000000000000000000, -1.000000000000000000 ) ) ;
#2327 = CARTESIAN_POINT ( 'NONE',  ( -4.643427124746177803, 2.500000000000000000, -10.00000000000000178 ) ) ;
#2328 = EDGE_CURVE ( 'NONE', #2616, #2626, #1557, .T. ) ;
#2329 = DIRECTION ( 'NONE',  ( -0.000000000000000000, 1.000000000000000000, -0.000000000000000000 ) ) ;
#2330 = VECTOR ( 'NONE', #3101, 1000.000000000000000 ) ;
#2331 = CARTESIAN_POINT ( 'NONE',  ( -0.8099999999999929479, 12.50000000000001421, 16.89999999999999858 ) ) ;
#2332 = CC_DESIGN_PERSON_AND_ORGANIZATION_ASSIGNMENT ( #1943, #433, ( #2144 ) ) ;
#2333 = VERTEX_POINT ( 'NONE', #1098 ) ;
#2334 = VERTEX_POINT ( 'NONE', #1346 ) ;
#2335 = DIRECTION ( 'NONE',  ( -0.000000000000000000, 1.000000000000000000, -0.000000000000000000 ) ) ;
#2336 = EDGE_LOOP ( 'NONE', ( #864, #760 ) ) ;
#2337 = CARTESIAN_POINT ( 'NONE',  ( -1.314999999999986402, 0.5000000000000000000, 4.200000000000001066 ) ) ;
#2338 = ORIENTED_EDGE ( 'NONE', *, *, #1556, .T. ) ;
#2339 = VECTOR ( 'NONE', #1060, 1000.000000000000000 ) ;
#2340 = CYLINDRICAL_SURFACE ( 'NONE', #389, 2.000000000000000000 ) ;
#2341 = DIRECTION ( 'NONE',  ( 0.000000000000000000, -0.000000000000000000, 1.000000000000000000 ) ) ;
#2342 = ORIENTED_EDGE ( 'NONE', *, *, #2548, .F. ) ;
#2343 = VECTOR ( 'NONE', #1993, 1000.000000000000000 ) ;
#2344 = LINE ( 'NONE', #2076, #2405 ) ;
#2345 = DIRECTION ( 'NONE',  ( -0.000000000000000000, 1.000000000000000000, -0.000000000000000000 ) ) ;
#2346 = VECTOR ( 'NONE', #1808, 1000.000000000000000 ) ;
#2347 = EDGE_CURVE ( 'NONE', #1687, #1992, #1067, .T. ) ;
#2348 = CIRCLE ( 'NONE', #1699, 4.000000000000000000 ) ;
#2349 = CARTESIAN_POINT ( 'NONE',  ( 32.50000000000000711, 31.59999999999999787, 16.89999999999999858 ) ) ;
#2350 = CARTESIAN_POINT ( 'NONE',  ( -0.4284381627492697131, 0.7827192699526925868, 16.67656361577214952 ) ) ;
#2351 = AXIS2_PLACEMENT_3D ( 'NONE', #2509, #854, #2765 ) ;
#2352 = AXIS2_PLACEMENT_3D ( 'NONE', #2575, #421, #1378 ) ;
#2353 = ORIENTED_EDGE ( 'NONE', *, *, #3037, .T. ) ;
#2354 = FACE_BOUND ( 'NONE', #2920, .T. ) ;
#2355 = CARTESIAN_POINT ( 'NONE',  ( 0.9570307284333200437, 13.63472569582805782, 17.64999999999999858 ) ) ;
#2356 = CARTESIAN_POINT ( 'NONE',  ( -21.40999999999999659, 10.40000000000000213, 9.999999999999998224 ) ) ;
#2357 = ORIENTED_EDGE ( 'NONE', *, *, #293, .F. ) ;
#2358 = DIRECTION ( 'NONE',  ( 0.000000000000000000, 0.000000000000000000, 1.000000000000000000 ) ) ;
#2359 = EDGE_LOOP ( 'NONE', ( #2700, #254 ) ) ;
#2360 = ORIENTED_EDGE ( 'NONE', *, *, #1074, .T. ) ;
#2361 = CIRCLE ( 'NONE', #1798, 6.999999999999999112 ) ;
#2362 = DIRECTION ( 'NONE',  ( -0.000000000000000000, -1.000000000000000000, -0.000000000000000000 ) ) ;
#2363 = CARTESIAN_POINT ( 'NONE',  ( 25.43000000000000682, 6.624999999999984901, 6.899999999999998579 ) ) ;
#2364 = AXIS2_PLACEMENT_3D ( 'NONE', #1408, #2600, #1171 ) ;
#2365 = CARTESIAN_POINT ( 'NONE',  ( 18.46500000000000341, 20.50000000000001421, 16.89999999999999858 ) ) ;
#2366 = CYLINDRICAL_SURFACE ( 'NONE', #1131, 2.100000000000000533 ) ;
#2367 = EDGE_CURVE ( 'NONE', #2169, #289, #2026, .T. ) ;
#2368 = AXIS2_PLACEMENT_3D ( 'NONE', #2480, #561, #1282 ) ;
#2369 = EDGE_LOOP ( 'NONE', ( #2168, #1106, #943, #773 ) ) ;
#2370 = CARTESIAN_POINT ( 'NONE',  ( -13.33499999999999552, 20.50000000000001066, 17.90000000000000213 ) ) ;
#2371 = FACE_BOUND ( 'NONE', #2390, .T. ) ;
#2372 = EDGE_CURVE ( 'NONE', #24, #957, #2183, .T. ) ;
#2373 = DIRECTION ( 'NONE',  ( 1.000000000000000000, 0.000000000000000000, 0.000000000000000000 ) ) ;
#2374 = ORIENTED_EDGE ( 'NONE', *, *, #2071, .F. ) ;
#2375 = APPROVAL_ROLE ( '' ) ;
#2376 = ORIENTED_EDGE ( 'NONE', *, *, #767, .F. ) ;
#2377 = ORIENTED_EDGE ( 'NONE', *, *, #2711, .F. ) ;
#2378 = CARTESIAN_POINT ( 'NONE',  ( -13.33499999999999552, 20.50000000000001066, 18.39999999999999858 ) ) ;
#2379 = CARTESIAN_POINT ( 'NONE',  ( 3.185000000000008935, 0.5000000000000000000, -9.584048752090220447 ) ) ;
#2380 = AXIS2_PLACEMENT_3D ( 'NONE', #1908, #2842, #3044 ) ;
#2381 = CARTESIAN_POINT ( 'NONE',  ( 6.685000000000013820, 4.500000000000000888, 4.200000000000001066 ) ) ;
#2382 = FACE_OUTER_BOUND ( 'NONE', #1972, .T. ) ;
#2383 = AXIS2_PLACEMENT_3D ( 'NONE', #2223, #64, #1025 ) ;
#2384 = VERTEX_POINT ( 'NONE', #579 ) ;
#2385 = DIRECTION ( 'NONE',  ( 1.000000000000000000, -1.717547996016640487E-16, 0.000000000000000000 ) ) ;
#2386 = FACE_OUTER_BOUND ( 'NONE', #260, .T. ) ;
#2387 = AXIS2_PLACEMENT_3D ( 'NONE', #3000, #2767, #1772 ) ;
#2388 = AXIS2_PLACEMENT_3D ( 'NONE', #810, #2483, #1760 ) ;
#2389 = ADVANCED_FACE ( 'NONE', ( #139 ), #2313, .F. ) ;
#2390 = EDGE_LOOP ( 'NONE', ( #1812, #1726 ) ) ;
#2391 = ORIENTED_EDGE ( 'NONE', *, *, #1777, .F. ) ;
#2392 = VERTEX_POINT ( 'NONE', #1761 ) ;
#2393 = AXIS2_PLACEMENT_3D ( 'NONE', #1333, #156, #1792 ) ;
#2394 = CARTESIAN_POINT ( 'NONE',  ( 3.185000000000011156, 0.5000000000000004441, -10.00000000000000178 ) ) ;
#2395 = DIRECTION ( 'NONE',  ( -0.000000000000000000, -0.000000000000000000, 1.000000000000000000 ) ) ;
#2396 = EDGE_LOOP ( 'NONE', ( #1448, #2321, #3084, #589 ) ) ;
#2397 = CARTESIAN_POINT ( 'NONE',  ( 0.5548040466933265025, 26.90397057855141938, 18.39999999999999858 ) ) ;
#2398 = DIRECTION ( 'NONE',  ( -1.717547996016640734E-16, -1.000000000000000000, 0.000000000000000000 ) ) ;
#2399 = AXIS2_PLACEMENT_3D ( 'NONE', #2488, #3020, #583 ) ;
#2400 = ORIENTED_EDGE ( 'NONE', *, *, #979, .F. ) ;
#2401 = FACE_OUTER_BOUND ( 'NONE', #670, .T. ) ;
#2402 = DIRECTION ( 'NONE',  ( 0.000000000000000000, 1.000000000000000000, 0.000000000000000000 ) ) ;
#2403 = AXIS2_PLACEMENT_3D ( 'NONE', #4, #499, #2418 ) ;
#2404 = EDGE_CURVE ( 'NONE', #1503, #601, #2281, .T. ) ;
#2405 = VECTOR ( 'NONE', #940, 1000.000000000000000 ) ;
#2406 = ORIENTED_EDGE ( 'NONE', *, *, #1540, .F. ) ;
#2407 = COORDINATED_UNIVERSAL_TIME_OFFSET ( 8, 0, .AHEAD. ) ;
#2408 = EDGE_LOOP ( 'NONE', ( #3061, #1201, #1256, #2824, #705, #1059, #889, #2419, #1969 ) ) ;
#2409 = DIRECTION ( 'NONE',  ( -0.000000000000000000, 1.000000000000000000, -0.000000000000000000 ) ) ;
#2410 = CARTESIAN_POINT ( 'NONE',  ( -5.814999999999987068, -1.999999999999999556, -9.584048752090218670 ) ) ;
#2411 = DIRECTION ( 'NONE',  ( 0.000000000000000000, 0.000000000000000000, 1.000000000000000000 ) ) ;
#2412 = EDGE_CURVE ( 'NONE', #335, #309, #815, .T. ) ;
#2413 = EDGE_LOOP ( 'NONE', ( #823, #283, #2145, #1879, #1921, #848 ) ) ;
#2414 = DIRECTION ( 'NONE',  ( 1.000000000000000000, 0.000000000000000000, 0.000000000000000000 ) ) ;
#2415 = FACE_OUTER_BOUND ( 'NONE', #1294, .T. ) ;
#2416 = ORIENTED_EDGE ( 'NONE', *, *, #1023, .F. ) ;
#2417 = DIRECTION ( 'NONE',  ( 0.000000000000000000, -0.000000000000000000, 1.000000000000000000 ) ) ;
#2418 = DIRECTION ( 'NONE',  ( 1.000000000000000000, 0.000000000000000000, -0.000000000000000000 ) ) ;
#2419 = ORIENTED_EDGE ( 'NONE', *, *, #2515, .T. ) ;
#2420 = PERSON_AND_ORGANIZATION ( #910, #1243 ) ;
#2421 = ORIENTED_EDGE ( 'NONE', *, *, #1381, .F. ) ;
#2422 = CARTESIAN_POINT ( 'NONE',  ( -2.909999999999993925, 28.50000000000001421, 16.89999999999999858 ) ) ;
#2423 = ADVANCED_FACE ( 'NONE', ( #356 ), #2042, .F. ) ;
#2424 = PLANE ( 'NONE',  #1451 ) ;
#2425 = FACE_BOUND ( 'NONE', #432, .T. ) ;
#2426 = VERTEX_POINT ( 'NONE', #2060 ) ;
#2427 = EDGE_CURVE ( 'NONE', #793, #317, #2956, .T. ) ;
#2428 = AXIS2_PLACEMENT_3D ( 'NONE', #807, #751, #1767 ) ;
#2429 = LINE ( 'NONE', #14, #2148 ) ;
#2430 = CARTESIAN_POINT ( 'NONE',  ( -0.8099999999999929479, 12.50000000000001421, 16.89999999999999858 ) ) ;
#2431 = EDGE_LOOP ( 'NONE', ( #642, #964, #1443, #2697 ) ) ;
#2432 = CARTESIAN_POINT ( 'NONE',  ( 4.685833275471022574, 2.500000000000000000, 17.39999999999999858 ) ) ;
#2433 = LINE ( 'NONE', #2195, #1087 ) ;
#2434 = ORIENTED_EDGE ( 'NONE', *, *, #2985, .T. ) ;
#2435 = LINE ( 'NONE', #277, #2880 ) ;
#2436 = VECTOR ( 'NONE', #2670, 1000.000000000000000 ) ;
#2437 = AXIS2_PLACEMENT_3D ( 'NONE', #2192, #32, #1953 ) ;
#2438 = VERTEX_POINT ( 'NONE', #611 ) ;
#2439 = DIRECTION ( 'NONE',  ( -0.000000000000000000, 1.000000000000000000, -0.000000000000000000 ) ) ;
#2440 = CARTESIAN_POINT ( 'NONE',  ( -1.814999999999987956, -1.999999999999998224, -15.19999999999999929 ) ) ;
#2441 = DIRECTION ( 'NONE',  ( -0.000000000000000000, -0.000000000000000000, 1.000000000000000000 ) ) ;
#2442 = EDGE_CURVE ( 'NONE', #1987, #1015, #924, .T. ) ;
#2443 = ORIENTED_EDGE ( 'NONE', *, *, #1862, .F. ) ;
#2444 = CYLINDRICAL_SURFACE ( 'NONE', #621, 2.100000000000000533 ) ;
#2445 = LINE ( 'NONE', #757, #2184 ) ;
#2446 = EDGE_CURVE ( 'NONE', #2626, #2535, #2676, .T. ) ;
#2447 = ORIENTED_EDGE ( 'NONE', *, *, #784, .F. ) ;
#2448 = CARTESIAN_POINT ( 'NONE',  ( 3.449074191448890936, 0.5000000049364534682, 15.76527159584401794 ) ) ;
#2449 = EDGE_CURVE ( 'NONE', #126, #1046, #676, .T. ) ;
#2450 = ORIENTED_EDGE ( 'NONE', *, *, #1190, .T. ) ;
#2451 = DIRECTION ( 'NONE',  ( -0.000000000000000000, 1.000000000000000000, -0.000000000000000000 ) ) ;
#2452 = ORIENTED_EDGE ( 'NONE', *, *, #2196, .T. ) ;
#2453 = CARTESIAN_POINT ( 'NONE',  ( -15.93499999999999694, 20.50000000000001066, 17.90000000000000213 ) ) ;
#2454 = AXIS2_PLACEMENT_3D ( 'NONE', #1441, #256, #1890 ) ;
#2455 = CARTESIAN_POINT ( 'NONE',  ( -6.971854249492396960, 4.500000000000000888, -1.456854249492347320 ) ) ;
#2456 = DIRECTION ( 'NONE',  ( -0.000000000000000000, 1.000000000000000000, -0.000000000000000000 ) ) ;
#2457 = CARTESIAN_POINT ( 'NONE',  ( 0.000000000000000000, -1.999999999999999556, 0.000000000000000000 ) ) ;
#2458 = CARTESIAN_POINT ( 'NONE',  ( -1.315000000000015490, 4.500000000000000888, -5.899999999999998579 ) ) ;
#2459 = CIRCLE ( 'NONE', #1551, 2.600000000000001421 ) ;
#2460 = EDGE_LOOP ( 'NONE', ( #2876, #2993, #1578, #633 ) ) ;
#2461 = CARTESIAN_POINT ( 'NONE',  ( 3.514170637745642978, 2.373110447351717944, 15.73567819547376878 ) ) ;
#2462 = EDGE_CURVE ( 'NONE', #961, #736, #2133, .T. ) ;
#2463 = AXIS2_PLACEMENT_3D ( 'NONE', #1874, #2132, #2583 ) ;
#2464 = ORIENTED_EDGE ( 'NONE', *, *, #2716, .F. ) ;
#2465 = DIRECTION ( 'NONE',  ( -0.000000000000000000, -1.000000000000000000, -0.000000000000000000 ) ) ;
#2466 = ADVANCED_FACE ( 'NONE', ( #2559 ), #2141, .F. ) ;
#2467 = EDGE_LOOP ( 'NONE', ( #2521, #2434 ) ) ;
#2468 = FACE_OUTER_BOUND ( 'NONE', #2460, .T. ) ;
#2469 = FACE_OUTER_BOUND ( 'NONE', #1723, .T. ) ;
#2470 = CARTESIAN_POINT ( 'NONE',  ( -0.8099999999999929479, 12.50000000000001421, 16.89999999999999858 ) ) ;
#2471 = DIRECTION ( 'NONE',  ( -0.000000000000000000, 1.000000000000000000, -0.000000000000000000 ) ) ;
#2472 = DIRECTION ( 'NONE',  ( -0.000000000000000000, -0.000000000000000000, 1.000000000000000000 ) ) ;
#2473 = ORIENTED_EDGE ( 'NONE', *, *, #1442, .T. ) ;
#2474 = CARTESIAN_POINT ( 'NONE',  ( -5.380978314186257272, 2.528316266223838760, 17.64260293164653604 ) ) ;
#2475 = AXIS2_PLACEMENT_3D ( 'NONE', #194, #2825, #699 ) ;
#2476 = EDGE_CURVE ( 'NONE', #1358, #413, #1981, .T. ) ;
#2477 = ORIENTED_EDGE ( 'NONE', *, *, #2462, .T. ) ;
#2478 = CARTESIAN_POINT ( 'NONE',  ( -0.8099999999999929479, 12.50000000000001421, 18.39999999999999858 ) ) ;
#2479 = ORIENTED_EDGE ( 'NONE', *, *, #2035, .F. ) ;
#2480 = CARTESIAN_POINT ( 'NONE',  ( -29.04999999999999716, 6.624999999999992006, 6.899999999999998579 ) ) ;
#2481 = EDGE_CURVE ( 'NONE', #340, #2569, #1360, .T. ) ;
#2482 = CARTESIAN_POINT ( 'NONE',  ( -1.314999999999986402, -1.999999999999999556, 4.200000000000001066 ) ) ;
#2483 = DIRECTION ( 'NONE',  ( -0.000000000000000000, -0.000000000000000000, -1.000000000000000000 ) ) ;
#2484 = CARTESIAN_POINT ( 'NONE',  ( -30.39999999999999503, 6.624999999999992006, 6.899999999999998579 ) ) ;
#2485 =( BOUNDED_SURFACE ( )  B_SPLINE_SURFACE ( 3, 2, ( 
 ( #542, #1956, #2432 ),
 ( #2448, #2461, #1753 ),
 ( #567, #2905, #1938 ),
 ( #977, #274, #1262 ),
 ( #83, #255, #290 ),
 ( #774, #1234, #1247 ),
 ( #52, #2709, #2947 ),
 ( #1218, #759, #791 ),
 ( #2698, #1014, #801 ),
 ( #66, #2919, #2889 ),
 ( #1724, #1739, #1044 ),
 ( #2225, #1763, #2673 ),
 ( #529, #305, #2686 ),
 ( #1029, #1530, #1988 ),
 ( #555, #1517, #2474 ),
 ( #318, #1275, #746 ),
 ( #2270, #1560, #880 ),
 ( #1292, #2725, #2047 ) ),
 .UNSPECIFIED., .F., .F., .T. ) 
 B_SPLINE_SURFACE_WITH_KNOTS ( ( 4, 2, 2, 2, 2, 2, 2, 2, 4 ),
 ( 3, 3 ),
 ( 3.252606517456513302E-19, 0.001541911466518939124, 0.003083822933037877814, 0.004625734399556816721, 0.006167645866075755628, 0.007709557332594694536, 0.009251468799113633443, 0.01079338026563257322, 0.01233529173215151126 ),
 ( 0.000000000000000000, 1.000000000000000000 ),
 .UNSPECIFIED. ) 
 GEOMETRIC_REPRESENTATION_ITEM ( )  RATIONAL_B_SPLINE_SURFACE ( (
 ( 1.000000000000000000, 0.7071067811865475727, 1.000000000000000000),
 ( 1.000000000000000000, 0.7302456615496976111, 1.000000000000000000),
 ( 1.000000000000000000, 0.7504039206375969773, 1.000000000000000000),
 ( 1.000000000000000000, 0.7850475929771116856, 1.000000000000000000),
 ( 1.000000000000000000, 0.7995359300366295940, 1.000000000000000000),
 ( 1.000000000000000000, 0.8228882012451110839, 1.000000000000000000),
 ( 1.000000000000000000, 0.8317602121005088778, 1.000000000000000000),
 ( 1.000000000000000000, 0.8436393564996153005, 1.000000000000000000),
 ( 1.000000000000000000, 0.8465587072540478042, 1.000000000000000000),
 ( 1.000000000000000000, 0.8465646348014271849, 1.000000000000000000),
 ( 1.000000000000000000, 0.8436510335464275645, 1.000000000000000000),
 ( 1.000000000000000000, 0.8319945884984483175, 1.000000000000000000),
 ( 1.000000000000000000, 0.8232311720454761339, 1.000000000000000000),
 ( 1.000000000000000000, 0.7997567081112906262, 1.000000000000000000),
 ( 1.000000000000000000, 0.7851847462616673434, 1.000000000000000000),
 ( 1.000000000000000000, 0.7504168940708327851, 1.000000000000000000),
 ( 1.000000000000000000, 0.7302176749596135386, 1.000000000000000000),
 ( 1.000000000000000000, 0.7071067811865475727, 1.000000000000000000) ) ) 
 REPRESENTATION_ITEM ( '' )  SURFACE ( )  );
#2486 = DIRECTION ( 'NONE',  ( 0.000000000000000000, 0.000000000000000000, 1.000000000000000000 ) ) ;
#2487 = AXIS2_PLACEMENT_3D ( 'NONE', #3004, #1886, #3054 ) ;
#2488 = CARTESIAN_POINT ( 'NONE',  ( 8.365000000000003766, 20.50000000000001421, 16.89999999999999858 ) ) ;
#2489 = ORIENTED_EDGE ( 'NONE', *, *, #287, .T. ) ;
#2490 = DIRECTION ( 'NONE',  ( 0.000000000000000000, 0.000000000000000000, -1.000000000000000000 ) ) ;
#2491 = EDGE_CURVE ( 'NONE', #3050, #34, #1620, .T. ) ;
#2492 = EDGE_LOOP ( 'NONE', ( #2800, #1296, #1636, #1281 ) ) ;
#2493 = DIRECTION ( 'NONE',  ( 1.000000000000000000, 0.000000000000000000, 0.000000000000000000 ) ) ;
#2494 = AXIS2_PLACEMENT_3D ( 'NONE', #754, #1718, #708 ) ;
#2495 = ORIENTED_EDGE ( 'NONE', *, *, #2078, .F. ) ;
#2496 = DIRECTION ( 'NONE',  ( 0.000000000000000000, 0.000000000000000000, -1.000000000000000000 ) ) ;
#2497 = DIRECTION ( 'NONE',  ( -0.000000000000000000, -0.000000000000000000, 1.000000000000000000 ) ) ;
#2498 = CIRCLE ( 'NONE', #1141, 6.000000000000001776 ) ;
#2499 = ADVANCED_FACE ( 'NONE', ( #2851 ), #1835, .F. ) ;
#2500 = AXIS2_PLACEMENT_3D ( 'NONE', #1021, #1978, #720 ) ;
#2501 = DIRECTION ( 'NONE',  ( -0.000000000000000000, 1.000000000000000000, -0.000000000000000000 ) ) ;
#2502 = CARTESIAN_POINT ( 'NONE',  ( -32.49999999999999289, 8.500000000000000000, -10.00000000000000178 ) ) ;
#2503 = EDGE_CURVE ( 'NONE', #2894, #198, #895, .T. ) ;
#2504 = CARTESIAN_POINT ( 'NONE',  ( -9.314999999999988844, 23.00000000000000355, 4.200000000000060574 ) ) ;
#2505 = ORIENTED_EDGE ( 'NONE', *, *, #112, .F. ) ;
#2506 = FACE_OUTER_BOUND ( 'NONE', #1895, .T. ) ;
#2507 = ORIENTED_EDGE ( 'NONE', *, *, #2442, .F. ) ;
#2508 = VERTEX_POINT ( 'NONE', #2818 ) ;
#2509 = CARTESIAN_POINT ( 'NONE',  ( -1.314999999999986402, 2.500000000000000000, 4.200000000000001066 ) ) ;
#2510 = LINE ( 'NONE', #354, #3034 ) ;
#2511 = CARTESIAN_POINT ( 'NONE',  ( 3.185000000000008935, 0.5000000000000000000, -9.584048752090220447 ) ) ;
#2512 = EDGE_CURVE ( 'NONE', #2426, #2712, #2344, .T. ) ;
#2513 = DIRECTION ( 'NONE',  ( -0.000000000000000000, -1.000000000000000000, -0.000000000000000000 ) ) ;
#2514 = DIRECTION ( 'NONE',  ( -0.000000000000000000, -0.000000000000000000, -1.000000000000000000 ) ) ;
#2515 = EDGE_CURVE ( 'NONE', #1413, #340, #1293, .T. ) ;
#2516 = CYLINDRICAL_SURFACE ( 'NONE', #2393, 6.999999999999999112 ) ;
#2517 = EDGE_LOOP ( 'NONE', ( #806, #949, #1263, #2505 ) ) ;
#2518 = FACE_OUTER_BOUND ( 'NONE', #2163, .T. ) ;
#2519 = ORIENTED_EDGE ( 'NONE', *, *, #508, .F. ) ;
#2520 = DIRECTION ( 'NONE',  ( 0.000000000000000000, 0.000000000000000000, -1.000000000000000000 ) ) ;
#2521 = ORIENTED_EDGE ( 'NONE', *, *, #2307, .T. ) ;
#2522 = DIRECTION ( 'NONE',  ( 0.000000000000000000, 0.000000000000000000, 1.000000000000000000 ) ) ;
#2523 = CARTESIAN_POINT ( 'NONE',  ( -1.314999999999986402, -1.999999999999999556, 4.200000000000001066 ) ) ;
#2524 = CARTESIAN_POINT ( 'NONE',  ( 0.5548040466933265025, 14.09602942144861082, 16.89999999999999858 ) ) ;
#2525 = VECTOR ( 'NONE', #108, 1000.000000000000000 ) ;
#2526 = CARTESIAN_POINT ( 'NONE',  ( -1.315000000000015712, 8.673617379884035472E-16, -3.799999999999998490 ) ) ;
#2527 = DIRECTION ( 'NONE',  ( -0.000000000000000000, -0.000000000000000000, 1.000000000000000000 ) ) ;
#2528 = AXIS2_PLACEMENT_3D ( 'NONE', #2526, #596, #1820 ) ;
#2529 = EDGE_CURVE ( 'NONE', #1434, #2112, #1793, .T. ) ;
#2530 = AXIS2_PLACEMENT_3D ( 'NONE', #2735, #61, #798 ) ;
#2531 = LINE ( 'NONE', #376, #412 ) ;
#2532 = EDGE_CURVE ( 'NONE', #1755, #1474, #2892, .T. ) ;
#2533 = ORIENTED_EDGE ( 'NONE', *, *, #559, .T. ) ;
#2534 = AXIS2_PLACEMENT_3D ( 'NONE', #2063, #2316, #408 ) ;
#2535 = VERTEX_POINT ( 'NONE', #1398 ) ;
#2536 = DIRECTION ( 'NONE',  ( 0.000000000000000000, 1.000000000000000000, 0.000000000000000000 ) ) ;
#2537 = CIRCLE ( 'NONE', #1283, 2.100000000000000089 ) ;
#2538 = ORIENTED_EDGE ( 'NONE', *, *, #1634, .F. ) ;
#2539 = EDGE_CURVE ( 'NONE', #2918, #915, #3016, .T. ) ;
#2540 = DIRECTION ( 'NONE',  ( 1.000000000000000000, 0.000000000000000000, 0.000000000000000000 ) ) ;
#2541 = ORIENTED_EDGE ( 'NONE', *, *, #2948, .T. ) ;
#2542 = CARTESIAN_POINT ( 'NONE',  ( -1.314999999999986402, 8.500000000000000000, 4.200000000000001066 ) ) ;
#2543 = CARTESIAN_POINT ( 'NONE',  ( -6.971854249492396960, 23.00000000000000355, -1.456854249492347320 ) ) ;
#2544 = CARTESIAN_POINT ( 'NONE',  ( -0.8099999999999929479, 12.50000000000001421, 16.89999999999999858 ) ) ;
#2545 = CARTESIAN_POINT ( 'NONE',  ( -5.194310344827574255, -1.999999999999999556, -7.682800648353638628 ) ) ;
#2546 = CIRCLE ( 'NONE', #792, 1.050000000000000488 ) ;
#2547 = CARTESIAN_POINT ( 'NONE',  ( -1.315000000000015712, 4.500000000000000888, -1.699999999999998401 ) ) ;
#2548 = EDGE_CURVE ( 'NONE', #1992, #654, #641, .T. ) ;
#2549 = EDGE_LOOP ( 'NONE', ( #1857, #1766 ) ) ;
#2550 = CARTESIAN_POINT ( 'NONE',  ( -15.93499999999999694, 20.50000000000001066, 15.70000000000000284 ) ) ;
#2551 = ORIENTED_EDGE ( 'NONE', *, *, #2647, .F. ) ;
#2552 = FACE_OUTER_BOUND ( 'NONE', #2067, .T. ) ;
#2553 = EDGE_CURVE ( 'NONE', #731, #1003, #2785, .T. ) ;
#2554 = VERTEX_POINT ( 'NONE', #2619 ) ;
#2555 = CARTESIAN_POINT ( 'NONE',  ( 0.000000000000000000, 8.500000000000000000, 0.000000000000000000 ) ) ;
#2556 = CARTESIAN_POINT ( 'NONE',  ( 6.685000000000013820, 4.500000000000000888, 4.200000000000001066 ) ) ;
#2557 = ORIENTED_EDGE ( 'NONE', *, *, #2512, .T. ) ;
#2558 = CC_DESIGN_PERSON_AND_ORGANIZATION_ASSIGNMENT ( #1411, #1444, ( #894 ) ) ;
#2559 = FACE_OUTER_BOUND ( 'NONE', #1670, .T. ) ;
#2560 = CARTESIAN_POINT ( 'NONE',  ( -29.04999999999999716, 6.624999999999992006, 6.899999999999998579 ) ) ;
#2561 = CARTESIAN_POINT ( 'NONE',  ( -1.315000000000015712, 8.673617379884035472E-16, -3.799999999999998490 ) ) ;
#2562 = DIRECTION ( 'NONE',  ( -0.000000000000000000, -0.000000000000000000, 1.000000000000000000 ) ) ;
#2563 = ORIENTED_EDGE ( 'NONE', *, *, #2235, .F. ) ;
#2564 = ORIENTED_EDGE ( 'NONE', *, *, #1696, .F. ) ;
#2565 = CARTESIAN_POINT ( 'NONE',  ( 4.341854249492384632, 8.500000000000000000, -3.556854249492389375 ) ) ;
#2566 = ORIENTED_EDGE ( 'NONE', *, *, #2854, .T. ) ;
#2567 = CARTESIAN_POINT ( 'NONE',  ( -6.971854249492396960, 8.673617379884035472E-16, -2.506854249492348696 ) ) ;
#2568 = EDGE_CURVE ( 'NONE', #1605, #2227, #1596, .T. ) ;
#2569 = VERTEX_POINT ( 'NONE', #1432 ) ;
#2570 = DIRECTION ( 'NONE',  ( 0.000000000000000000, 0.000000000000000000, -1.000000000000000000 ) ) ;
#2571 = DIRECTION ( 'NONE',  ( 0.000000000000000000, -1.000000000000000000, 0.000000000000000000 ) ) ;
#2572 = ORIENTED_EDGE ( 'NONE', *, *, #1559, .T. ) ;
#2573 = ADVANCED_FACE ( 'NONE', ( #1882 ), #2833, .F. ) ;
#2574 = CIRCLE ( 'NONE', #667, 2.100000000000000089 ) ;
#2575 = CARTESIAN_POINT ( 'NONE',  ( -0.8099999999999929479, 28.50000000000001421, 16.89999999999999858 ) ) ;
#2576 = FACE_OUTER_BOUND ( 'NONE', #604, .T. ) ;
#2577 = DIRECTION ( 'NONE',  ( 0.000000000000000000, 0.000000000000000000, 1.000000000000000000 ) ) ;
#2578 = AXIS2_PLACEMENT_3D ( 'NONE', #2917, #1722, #223 ) ;
#2579 = CARTESIAN_POINT ( 'NONE',  ( -1.314999999999986402, 8.500000000000000000, 9.300000000000000711 ) ) ;
#2580 = ORIENTED_EDGE ( 'NONE', *, *, #752, .F. ) ;
#2581 = CARTESIAN_POINT ( 'NONE',  ( 18.79000000000000981, 30.60000000000000142, 123.9999999999999858 ) ) ;
#2582 = PLANE ( 'NONE',  #1997 ) ;
#2583 = DIRECTION ( 'NONE',  ( -1.000000000000000000, 0.000000000000000000, 0.000000000000000000 ) ) ;
#2584 = EDGE_LOOP ( 'NONE', ( #2416, #2760, #1849, #996 ) ) ;
#2585 = VECTOR ( 'NONE', #2127, 1000.000000000000000 ) ;
#2586 = DATE_AND_TIME ( #2182, #2046 ) ;
#2587 = CARTESIAN_POINT ( 'NONE',  ( 29.42000000000001236, 2.500000000000000000, 18.39999999999999858 ) ) ;
#2588 = ORIENTED_EDGE ( 'NONE', *, *, #2017, .F. ) ;
#2589 = EDGE_LOOP ( 'NONE', ( #886, #1652, #1075, #2960, #1093, #2246 ) ) ;
#2590 = DIRECTION ( 'NONE',  ( -0.000000000000000000, -0.000000000000000000, 1.000000000000000000 ) ) ;
#2591 = CYLINDRICAL_SURFACE ( 'NONE', #2849, 1.350000000000000533 ) ;
#2592 = VECTOR ( 'NONE', #1641, 1000.000000000000000 ) ;
#2593 = EDGE_CURVE ( 'NONE', #3064, #1829, #496, .T. ) ;
#2594 = CARTESIAN_POINT ( 'NONE',  ( -0.8099999999999929479, 28.50000000000001421, 18.39999999999999858 ) ) ;
#2595 = DIRECTION ( 'NONE',  ( 0.000000000000000000, 1.000000000000000000, 0.000000000000000000 ) ) ;
#2596 = VECTOR ( 'NONE', #105, 1000.000000000000000 ) ;
#2597 = EDGE_LOOP ( 'NONE', ( #1323, #224 ) ) ;
#2598 = LINE ( 'NONE', #2102, #265 ) ;
#2599 = DIRECTION ( 'NONE',  ( 1.000000000000000000, 0.000000000000000000, 0.000000000000000000 ) ) ;
#2600 = DIRECTION ( 'NONE',  ( 1.000000000000000000, 0.000000000000000000, 0.000000000000000000 ) ) ;
#2601 = VERTEX_POINT ( 'NONE', #1929 ) ;
#2602 = ORIENTED_EDGE ( 'NONE', *, *, #1450, .T. ) ;
#2603 = CARTESIAN_POINT ( 'NONE',  ( 6.685000000000013820, 8.500000000000000000, 2.100000000000000533 ) ) ;
#2604 = AXIS2_PLACEMENT_3D ( 'NONE', #1361, #1399, #406 ) ;
#2605 = DIRECTION ( 'NONE',  ( 1.000000000000000000, 0.000000000000000000, 0.000000000000000000 ) ) ;
#2606 = CARTESIAN_POINT ( 'NONE',  ( -13.33499999999999552, 20.50000000000001066, 18.39999999999999858 ) ) ;
#2607 = AXIS2_PLACEMENT_3D ( 'NONE', #2763, #1353, #1830 ) ;
#2608 = ADVANCED_FACE ( 'NONE', ( #1478 ), #2424, .T. ) ;
#2609 = CARTESIAN_POINT ( 'NONE',  ( 6.685000000000013820, -1.999999999999999556, 3.150000000000000799 ) ) ;
#2610 = DIRECTION ( 'NONE',  ( 0.000000000000000000, 0.000000000000000000, 1.000000000000000000 ) ) ;
#2611 = EDGE_CURVE ( 'NONE', #217, #2508, #549, .T. ) ;
#2612 = CIRCLE ( 'NONE', #1410, 1.749999999999999778 ) ;
#2613 = ORIENTED_EDGE ( 'NONE', *, *, #1553, .F. ) ;
#2614 = DIRECTION ( 'NONE',  ( -0.000000000000000000, -0.000000000000000000, 1.000000000000000000 ) ) ;
#2615 = CYLINDRICAL_SURFACE ( 'NONE', #2454, 1.050000000000001377 ) ;
#2616 = VERTEX_POINT ( 'NONE', #1496 ) ;
#2617 = ORIENTED_EDGE ( 'NONE', *, *, #544, .T. ) ;
#2618 = VERTEX_POINT ( 'NONE', #2693 ) ;
#2619 = CARTESIAN_POINT ( 'NONE',  ( 0.5548040466933265025, 14.09602942144861082, 18.39999999999999858 ) ) ;
#2620 = CIRCLE ( 'NONE', #314, 2.100000000000000089 ) ;
#2621 = EDGE_LOOP ( 'NONE', ( #718, #473 ) ) ;
#2622 = CARTESIAN_POINT ( 'NONE',  ( -1.315000000000015712, 8.673617379884035472E-16, -3.799999999999998490 ) ) ;
#2623 = DIRECTION ( 'NONE',  ( 1.000000000000000000, 0.000000000000000000, 0.000000000000000000 ) ) ;
#2624 = EDGE_CURVE ( 'NONE', #2633, #2101, #2157, .T. ) ;
#2625 = AXIS2_PLACEMENT_3D ( 'NONE', #1055, #1502, #2014 ) ;
#2626 = VERTEX_POINT ( 'NONE', #2636 ) ;
#2627 = CARTESIAN_POINT ( 'NONE',  ( 2.365000000000001545, 20.50000000000001421, 6.899999999999998579 ) ) ;
#2628 = PLANE ( 'NONE',  #334 ) ;
#2629 = ADVANCED_FACE ( 'NONE', ( #1717 ), #9, .F. ) ;
#2630 = ORIENTED_EDGE ( 'NONE', *, *, #3099, .T. ) ;
#2631 = CALENDAR_DATE ( 2026, 15, 9 ) ;
#2632 = ADVANCED_FACE ( 'NONE', ( #2679 ), #1198, .T. ) ;
#2633 = VERTEX_POINT ( 'NONE', #1965 ) ;
#2634 = ORIENTED_EDGE ( 'NONE', *, *, #1214, .F. ) ;
#2635 = VECTOR ( 'NONE', #1520, 1000.000000000000000 ) ;
#2636 = CARTESIAN_POINT ( 'NONE',  ( -3.814999999999987956, 8.500000000000000000, -12.00000000000000178 ) ) ;
#2637 = PLANE ( 'NONE',  #333 ) ;
#2638 = AXIS2_PLACEMENT_3D ( 'NONE', #1329, #2341, #402 ) ;
#2639 = ORIENTED_EDGE ( 'NONE', *, *, #112, .T. ) ;
#2640 = DIRECTION ( 'NONE',  ( -1.000000000000000000, 0.000000000000000000, 0.000000000000000000 ) ) ;
#2641 = CARTESIAN_POINT ( 'NONE',  ( 1.290000000000007807, 28.50000000000001421, 16.89999999999999858 ) ) ;
#2642 = EDGE_LOOP ( 'NONE', ( #572, #1531 ) ) ;
#2643 = FACE_BOUND ( 'NONE', #3092, .T. ) ;
#2644 = DIRECTION ( 'NONE',  ( 0.000000000000000000, 0.000000000000000000, 1.000000000000000000 ) ) ;
#2645 = AXIS2_PLACEMENT_3D ( 'NONE', #2523, #824, #1526 ) ;
#2646 = AXIS2_PLACEMENT_3D ( 'NONE', #2653, #45, #520 ) ;
#2647 = EDGE_CURVE ( 'NONE', #601, #1503, #2546, .T. ) ;
#2648 = ORIENTED_EDGE ( 'NONE', *, *, #404, .T. ) ;
#2649 = COORDINATED_UNIVERSAL_TIME_OFFSET ( 8, 0, .AHEAD. ) ;
#2650 = ORIENTED_EDGE ( 'NONE', *, *, #2404, .F. ) ;
#2651 = ORIENTED_EDGE ( 'NONE', *, *, #77, .F. ) ;
#2652 = EDGE_CURVE ( 'NONE', #1846, #2748, #892, .T. ) ;
#2653 = CARTESIAN_POINT ( 'NONE',  ( 4.341854249492384632, -1.999999999999999556, -1.456854249492388620 ) ) ;
#2654 = DIRECTION ( 'NONE',  ( 1.000000000000000000, -4.315232527305489285E-17, 0.000000000000000000 ) ) ;
#2655 = ORIENTED_EDGE ( 'NONE', *, *, #95, .T. ) ;
#2656 = CARTESIAN_POINT ( 'NONE',  ( -1.314999999999986402, -3.499999999999999556, 4.200000000000001066 ) ) ;
#2657 = CYLINDRICAL_SURFACE ( 'NONE', #1481, 2.100000000000000089 ) ;
#2658 = EDGE_LOOP ( 'NONE', ( #664, #2160, #1108, #468 ) ) ;
#2659 = DIRECTION ( 'NONE',  ( -0.000000000000000000, -0.000000000000000000, 1.000000000000000000 ) ) ;
#2660 = CARTESIAN_POINT ( 'NONE',  ( -9.314999999999988844, 23.00000000000000355, 4.200000000000060574 ) ) ;
#2661 = EDGE_LOOP ( 'NONE', ( #2780, #592, #418, #2714 ) ) ;
#2662 = CARTESIAN_POINT ( 'NONE',  ( -9.314999999999988844, 4.500000000000000888, 4.200000000000060574 ) ) ;
#2663 = EDGE_CURVE ( 'NONE', #722, #1355, #339, .T. ) ;
#2664 = VERTEX_POINT ( 'NONE', #2220 ) ;
#2665 = FACE_OUTER_BOUND ( 'NONE', #469, .T. ) ;
#2666 = DIRECTION ( 'NONE',  ( 0.000000000000000000, -0.000000000000000000, -1.000000000000000000 ) ) ;
#2667 = CARTESIAN_POINT ( 'NONE',  ( 1.185000000000012044, 8.500000000000000000, -12.00000000000000178 ) ) ;
#2668 = ADVANCED_FACE ( 'NONE', ( #1685, #2469 ), #3096, .T. ) ;
#2669 = ORIENTED_EDGE ( 'NONE', *, *, #1086, .T. ) ;
#2670 = DIRECTION ( 'NONE',  ( -1.000000000000000000, -0.000000000000000000, -0.000000000000000000 ) ) ;
#2671 = DIRECTION ( 'NONE',  ( 1.000000000000000000, 0.000000000000000000, 0.000000000000000000 ) ) ;
#2672 = ORIENTED_EDGE ( 'NONE', *, *, #1056, .F. ) ;
#2673 = CARTESIAN_POINT ( 'NONE',  ( -3.360337945894977363, 2.578154689784123210, 17.78806452122498527 ) ) ;
#2674 = ORIENTED_EDGE ( 'NONE', *, *, #1115, .F. ) ;
#2675 = DIRECTION ( 'NONE',  ( 0.000000000000000000, 0.000000000000000000, -1.000000000000000000 ) ) ;
#2676 = CIRCLE ( 'NONE', #2922, 2.000000000000000000 ) ;
#2677 = EDGE_LOOP ( 'NONE', ( #1457, #2690, #2090, #2868 ) ) ;
#2678 = CARTESIAN_POINT ( 'NONE',  ( 0.5548040466933338299, 14.09602942144860549, 17.64999999999999858 ) ) ;
#2679 = FACE_OUTER_BOUND ( 'NONE', #2189, .T. ) ;
#2680 = CARTESIAN_POINT ( 'NONE',  ( 2.365000000000001545, 20.50000000000001421, 16.89999999999999858 ) ) ;
#2681 = EDGE_CURVE ( 'NONE', #368, #2065, #506, .T. ) ;
#2682 = CARTESIAN_POINT ( 'NONE',  ( -1.315000000000015712, 8.673617379884035472E-16, -1.699999999999998401 ) ) ;
#2683 = DIRECTION ( 'NONE',  ( 1.000000000000000000, 0.000000000000000000, 0.000000000000000000 ) ) ;
#2684 = ADVANCED_FACE ( 'NONE', ( #987 ), #248, .T. ) ;
#2685 = EDGE_LOOP ( 'NONE', ( #2305, #2479 ) ) ;
#2686 = CARTESIAN_POINT ( 'NONE',  ( -3.870170209574860909, 2.566572234651405271, 17.76083144925881996 ) ) ;
#2687 = AXIS2_PLACEMENT_3D ( 'NONE', #524, #315, #1259 ) ;
#2688 = ORIENTED_EDGE ( 'NONE', *, *, #1974, .F. ) ;
#2689 = CARTESIAN_POINT ( 'NONE',  ( 0.1900000000000073297, 28.50000000000001421, 16.89999999999999858 ) ) ;
#2690 = ORIENTED_EDGE ( 'NONE', *, *, #2159, .T. ) ;
#2691 = LINE ( 'NONE', #548, #1964 ) ;
#2692 = AXIS2_PLACEMENT_3D ( 'NONE', #2941, #1759, #1036 ) ;
#2693 = CARTESIAN_POINT ( 'NONE',  ( -6.971854249492396960, -1.999999999999999556, -2.506854249492348696 ) ) ;
#2694 = CYLINDRICAL_SURFACE ( 'NONE', #2388, 4.000000000000000000 ) ;
#2695 = CARTESIAN_POINT ( 'NONE',  ( 29.42000000000001236, 24.59999999999999787, 9.999999999999998224 ) ) ;
#2696 = FACE_OUTER_BOUND ( 'NONE', #2186, .T. ) ;
#2697 = ORIENTED_EDGE ( 'NONE', *, *, #170, .F. ) ;
#2698 = CARTESIAN_POINT ( 'NONE',  ( -0.8717194537153857281, 0.7962855374067434600, 16.69997616217342795 ) ) ;
#2699 = EDGE_CURVE ( 'NONE', #3088, #1119, #1144, .T. ) ;
#2700 = ORIENTED_EDGE ( 'NONE', *, *, #1673, .T. ) ;
#2701 = CARTESIAN_POINT ( 'NONE',  ( 1.290000000000007807, 28.50000000000001421, 18.39999999999999858 ) ) ;
#2702 = ORIENTED_EDGE ( 'NONE', *, *, #2593, .T. ) ;
#2703 = DIRECTION ( 'NONE',  ( 0.000000000000000000, 0.000000000000000000, 1.000000000000000000 ) ) ;
#2704 = CARTESIAN_POINT ( 'NONE',  ( -1.314999999999985736, 8.500000000000000000, -0.8999999999999980238 ) ) ;
#2705 = CARTESIAN_POINT ( 'NONE',  ( -3.320754882100763083, 2.580000994562653638, 17.79902481836089123 ) ) ;
#2706 = LINE ( 'NONE', #1588, #17 ) ;
#2707 = CARTESIAN_POINT ( 'NONE',  ( -0.8099999999999929479, 12.50000000000001421, 18.39999999999999858 ) ) ;
#2708 = EDGE_CURVE ( 'NONE', #1355, #2831, #281, .T. ) ;
#2709 = CARTESIAN_POINT ( 'NONE',  ( 0.5456620582750005832, 2.066132622645274530, 16.56991436250821792 ) ) ;
#2710 = AXIS2_PLACEMENT_3D ( 'NONE', #1845, #650, #1612 ) ;
#2711 = EDGE_CURVE ( 'NONE', #2831, #1687, #39, .T. ) ;
#2712 = VERTEX_POINT ( 'NONE', #2171 ) ;
#2713 = LINE ( 'NONE', #834, #2190 ) ;
#2714 = ORIENTED_EDGE ( 'NONE', *, *, #38, .F. ) ;
#2715 = LINE ( 'NONE', #573, #1473 ) ;
#2716 = EDGE_CURVE ( 'NONE', #3014, #2087, #969, .T. ) ;
#2717 = VERTEX_POINT ( 'NONE', #666 ) ;
#2718 = AXIS2_PLACEMENT_3D ( 'NONE', #2175, #1734, #2414 ) ;
#2719 = AXIS2_PLACEMENT_3D ( 'NONE', #1245, #1690, #2623 ) ;
#2720 = CARTESIAN_POINT ( 'NONE',  ( -3.814999999999987068, -1.999999999999999556, -15.19999999999999929 ) ) ;
#2721 = DIRECTION ( 'NONE',  ( -0.000000000000000000, -0.000000000000000000, 1.000000000000000000 ) ) ;
#2722 = CARTESIAN_POINT ( 'NONE',  ( -5.814999999999987068, 8.500000000000000000, -12.00000000000000178 ) ) ;
#2723 = CARTESIAN_POINT ( 'NONE',  ( -21.40999999999999304, 30.60000000000000142, 9.999999999999998224 ) ) ;
#2724 = AXIS2_PLACEMENT_3D ( 'NONE', #1118, #2110, #881 ) ;
#2725 = CARTESIAN_POINT ( 'NONE',  ( -6.488132134026717956, 2.499999999999999112, 15.57931034482758825 ) ) ;
#2726 = CIRCLE ( 'NONE', #1382, 1.000000000000000222 ) ;
#2727 = ORIENTED_EDGE ( 'NONE', *, *, #1210, .F. ) ;
#2728 = DIRECTION ( 'NONE',  ( 1.000000000000000000, 0.000000000000000000, 0.000000000000000000 ) ) ;
#2729 = ORIENTED_EDGE ( 'NONE', *, *, #1280, .T. ) ;
#2730 = FACE_BOUND ( 'NONE', #2743, .T. ) ;
#2731 = CIRCLE ( 'NONE', #1385, 2.100000000000000089 ) ;
#2732 = VECTOR ( 'NONE', #1966, 1000.000000000000000 ) ;
#2733 = EDGE_LOOP ( 'NONE', ( #100, #2374, #2342, #2982 ) ) ;
#2734 = LINE ( 'NONE', #1816, #1648 ) ;
#2735 = CARTESIAN_POINT ( 'NONE',  ( -6.971854249492396960, 8.673617379884035472E-16, -1.456854249492347320 ) ) ;
#2736 = AXIS2_PLACEMENT_3D ( 'NONE', #2542, #1078, #150 ) ;
#2737 = EDGE_CURVE ( 'NONE', #919, #3088, #1628, .T. ) ;
#2738 = AXIS2_PLACEMENT_3D ( 'NONE', #2455, #737, #782 ) ;
#2739 = CARTESIAN_POINT ( 'NONE',  ( -3.814999999999987068, -1.999999999999999556, -17.19999999999999929 ) ) ;
#2740 = CYLINDRICAL_SURFACE ( 'NONE', #771, 2.600000000000001421 ) ;
#2741 = DIRECTION ( 'NONE',  ( 0.000000000000000000, 0.000000000000000000, -1.000000000000000000 ) ) ;
#2742 = CIRCLE ( 'NONE', #1400, 2.600000000000001421 ) ;
#2743 = EDGE_LOOP ( 'NONE', ( #2360, #1693 ) ) ;
#2744 = CARTESIAN_POINT ( 'NONE',  ( -1.814999999999987956, -1.999999999999999556, -17.19999999999999929 ) ) ;
#2745 = VECTOR ( 'NONE', #351, 1000.000000000000000 ) ;
#2746 = EDGE_LOOP ( 'NONE', ( #515, #1752, #3043, #132 ) ) ;
#2747 = CARTESIAN_POINT ( 'NONE',  ( 1.185000000000012932, -1.999999999999999556, -9.584048752090220447 ) ) ;
#2748 = VERTEX_POINT ( 'NONE', #1538 ) ;
#2749 = CARTESIAN_POINT ( 'NONE',  ( -0.8099999999999929479, 28.50000000000001421, 16.89999999999999858 ) ) ;
#2750 = EDGE_CURVE ( 'NONE', #2020, #1392, #2997, .T. ) ;
#2751 = CARTESIAN_POINT ( 'NONE',  ( 18.79000000000000981, 30.60000000000000142, 9.999999999999998224 ) ) ;
#2752 = DIRECTION ( 'NONE',  ( -0.000000000000000000, 1.000000000000000000, -0.000000000000000000 ) ) ;
#2753 = VECTOR ( 'NONE', #1018, 1000.000000000000000 ) ;
#2754 = EDGE_CURVE ( 'NONE', #337, #2333, #2098, .T. ) ;
#2755 = DIRECTION ( 'NONE',  ( 1.000000000000000000, 0.000000000000000000, 0.000000000000000000 ) ) ;
#2756 = DIRECTION ( 'NONE',  ( -0.000000000000000000, -1.000000000000000000, -0.000000000000000000 ) ) ;
#2757 = EDGE_CURVE ( 'NONE', #1119, #2991, #120, .T. ) ;
#2758 = FACE_OUTER_BOUND ( 'NONE', #504, .T. ) ;
#2759 = ORIENTED_EDGE ( 'NONE', *, *, #2757, .T. ) ;
#2760 = ORIENTED_EDGE ( 'NONE', *, *, #1074, .F. ) ;
#2761 = DIRECTION ( 'NONE',  ( 0.000000000000000000, 0.000000000000000000, 1.000000000000000000 ) ) ;
#2762 = ORIENTED_EDGE ( 'NONE', *, *, #59, .F. ) ;
#2763 = CARTESIAN_POINT ( 'NONE',  ( -0.8099999999999929479, 12.50000000000001421, 15.70000000000000284 ) ) ;
#2764 = VERTEX_POINT ( 'NONE', #1269 ) ;
#2765 = DIRECTION ( 'NONE',  ( 0.000000000000000000, 0.000000000000000000, -1.000000000000000000 ) ) ;
#2766 = CARTESIAN_POINT ( 'NONE',  ( -0.8099999999999929479, 28.50000000000001421, 18.39999999999999858 ) ) ;
#2767 = DIRECTION ( 'NONE',  ( 0.000000000000000000, 0.000000000000000000, 1.000000000000000000 ) ) ;
#2768 = CARTESIAN_POINT ( 'NONE',  ( 4.341854249492384632, 8.673617379884035472E-16, -0.4068542494923889086 ) ) ;
#2769 = VECTOR ( 'NONE', #2590, 1000.000000000000000 ) ;
#2770 = VECTOR ( 'NONE', #2571, 1000.000000000000000 ) ;
#2771 = ADVANCED_FACE ( 'NONE', ( #1786 ), #1328, .F. ) ;
#2772 = DIRECTION ( 'NONE',  ( 0.000000000000000000, -1.000000000000000000, 0.000000000000000000 ) ) ;
#2773 = DIRECTION ( 'NONE',  ( 0.000000000000000000, 0.000000000000000000, 1.000000000000000000 ) ) ;
#2774 = ADVANCED_FACE ( 'NONE', ( #2233 ), #797, .F. ) ;
#2775 = VECTOR ( 'NONE', #1349, 1000.000000000000000 ) ;
#2776 = ORIENTED_EDGE ( 'NONE', *, *, #1505, .T. ) ;
#2777 = CYLINDRICAL_SURFACE ( 'NONE', #2022, 2.100000000000000533 ) ;
#2778 = EDGE_LOOP ( 'NONE', ( #1277, #1740 ) ) ;
#2779 = CARTESIAN_POINT ( 'NONE',  ( -9.314999999999988844, -1.999999999999999556, 4.200000000000060574 ) ) ;
#2780 = ORIENTED_EDGE ( 'NONE', *, *, #2058, .F. ) ;
#2781 = DIRECTION ( 'NONE',  ( -1.717547996016640734E-16, -1.000000000000000000, 0.000000000000000000 ) ) ;
#2782 = ORIENTED_EDGE ( 'NONE', *, *, #540, .F. ) ;
#2783 = VECTOR ( 'NONE', #2927, 1000.000000000000000 ) ;
#2784 = AXIS2_PLACEMENT_3D ( 'NONE', #2902, #284, #2191 ) ;
#2785 = LINE ( 'NONE', #707, #2940 ) ;
#2786 = DIRECTION ( 'NONE',  ( 0.000000000000000000, 0.000000000000000000, 1.000000000000000000 ) ) ;
#2787 = AXIS2_PLACEMENT_3D ( 'NONE', #203, #1655, #1162 ) ;
#2788 = APPROVAL_PERSON_ORGANIZATION ( #1680, #1582, #2375 ) ;
#2789 = CARTESIAN_POINT ( 'NONE',  ( -5.814999999999987068, 0.5000000000000000000, -9.584048752090218670 ) ) ;
#2790 = CARTESIAN_POINT ( 'NONE',  ( 3.858132134026744708, 0.5000000000000000000, 15.57931034482758648 ) ) ;
#2791 = ORIENTED_EDGE ( 'NONE', *, *, #358, .F. ) ;
#2792 = EDGE_LOOP ( 'NONE', ( #2538, #1742 ) ) ;
#2793 = DIRECTION ( 'NONE',  ( -0.000000000000000000, 0.000000000000000000, -1.000000000000000000 ) ) ;
#2794 = EDGE_CURVE ( 'NONE', #2896, #1924, #690, .T. ) ;
#2795 = ORIENTED_EDGE ( 'NONE', *, *, #956, .F. ) ;
#2796 = DIRECTION ( 'NONE',  ( 0.000000000000000000, 0.000000000000000000, -1.000000000000000000 ) ) ;
#2797 = EDGE_LOOP ( 'NONE', ( #867, #2650, #790, #2185 ) ) ;
#2798 =( NAMED_UNIT ( * ) PLANE_ANGLE_UNIT ( ) SI_UNIT ( $, .RADIAN. ) );
#2799 = DIRECTION ( 'NONE',  ( -0.000000000000000000, -1.000000000000000000, -0.000000000000000000 ) ) ;
#2800 = ORIENTED_EDGE ( 'NONE', *, *, #2213, .F. ) ;
#2801 = CARTESIAN_POINT ( 'NONE',  ( -25.04999999999999005, 8.500000000000000000, -10.00000000000000178 ) ) ;
#2802 = DIRECTION ( 'NONE',  ( 0.000000000000000000, 0.000000000000000000, 1.000000000000000000 ) ) ;
#2803 = DIRECTION ( 'NONE',  ( 1.000000000000000000, 0.000000000000000000, 0.000000000000000000 ) ) ;
#2804 = DIRECTION ( 'NONE',  ( -0.000000000000000000, 1.000000000000000000, -0.000000000000000000 ) ) ;
#2805 = ORIENTED_EDGE ( 'NONE', *, *, #293, .T. ) ;
#2806 = VERTEX_POINT ( 'NONE', #1995 ) ;
#2807 = DIRECTION ( 'NONE',  ( 0.000000000000000000, 0.000000000000000000, 1.000000000000000000 ) ) ;
#2808 = DIRECTION ( 'NONE',  ( -0.000000000000000000, -1.000000000000000000, -0.000000000000000000 ) ) ;
#2809 = CARTESIAN_POINT ( 'NONE',  ( 2.564310344827596122, -1.999999999999999556, -7.682800648353640405 ) ) ;
#2810 = EDGE_CURVE ( 'NONE', #2334, #1697, #2254, .T. ) ;
#2811 = ORIENTED_EDGE ( 'NONE', *, *, #2119, .F. ) ;
#2812 = CIRCLE ( 'NONE', #110, 2.100000000000000533 ) ;
#2813 = CYLINDRICAL_SURFACE ( 'NONE', #2152, 2.000000000000000000 ) ;
#2814 = DIRECTION ( 'NONE',  ( -1.000000000000000000, 1.717547996016640734E-16, 0.000000000000000000 ) ) ;
#2815 = EDGE_LOOP ( 'NONE', ( #1508, #557, #258, #1666 ) ) ;
#2816 = DIRECTION ( 'NONE',  ( 0.000000000000000000, 0.000000000000000000, -1.000000000000000000 ) ) ;
#2817 = EDGE_CURVE ( 'NONE', #820, #3011, #2935, .T. ) ;
#2818 = CARTESIAN_POINT ( 'NONE',  ( 1.185000000000011600, 0.5000000000000004441, -9.584048752090220447 ) ) ;
#2819 = CARTESIAN_POINT ( 'NONE',  ( -9.314999999999988844, 8.500000000000000000, 2.100000000000059597 ) ) ;
#2820 = VECTOR ( 'NONE', #552, 1000.000000000000000 ) ;
#2821 = DIRECTION ( 'NONE',  ( 1.000000000000000000, 0.000000000000000000, 0.000000000000000000 ) ) ;
#2822 = VECTOR ( 'NONE', #1968, 1000.000000000000000 ) ;
#2823 = LINE ( 'NONE', #1642, #2585 ) ;
#2824 = ORIENTED_EDGE ( 'NONE', *, *, #3082, .T. ) ;
#2825 = DIRECTION ( 'NONE',  ( -0.000000000000000000, -0.000000000000000000, 1.000000000000000000 ) ) ;
#2826 = CARTESIAN_POINT ( 'NONE',  ( -25.04999999999999005, 24.59999999999999076, 18.39999999999999858 ) ) ;
#2827 = CARTESIAN_POINT ( 'NONE',  ( -1.315000000000015712, 8.673617379884035472E-16, -4.849999999999999645 ) ) ;
#2828 = EDGE_LOOP ( 'NONE', ( #2862, #2155, #115, #2031 ) ) ;
#2829 = SHAPE_DEFINITION_REPRESENTATION ( #257, #1625 ) ;
#2830 = EDGE_CURVE ( 'NONE', #1506, #1284, #2734, .T. ) ;
#2831 = VERTEX_POINT ( 'NONE', #2720 ) ;
#2832 = VERTEX_POINT ( 'NONE', #2704 ) ;
#2833 = CYLINDRICAL_SURFACE ( 'NONE', #1395, 2.000000000000000000 ) ;
#2834 = CARTESIAN_POINT ( 'NONE',  ( 0.5548040466933261694, 26.90397057855141938, 16.89999999999999858 ) ) ;
#2835 = ADVANCED_FACE ( 'NONE', ( #2011 ), #2968, .F. ) ;
#2836 = CIRCLE ( 'NONE', #687, 2.100000000000000533 ) ;
#2837 = DIRECTION ( 'NONE',  ( -0.000000000000000000, -1.000000000000000000, -0.000000000000000000 ) ) ;
#2838 = CIRCLE ( 'NONE', #1498, 7.000000000000000000 ) ;
#2839 = FACE_OUTER_BOUND ( 'NONE', #2904, .T. ) ;
#2840 = VECTOR ( 'NONE', #353, 1000.000000000000000 ) ;
#2841 = EDGE_LOOP ( 'NONE', ( #2085, #1990, #1597, #727 ) ) ;
#2842 = DIRECTION ( 'NONE',  ( 0.000000000000000000, -0.000000000000000000, 1.000000000000000000 ) ) ;
#2843 = FACE_OUTER_BOUND ( 'NONE', #838, .T. ) ;
#2844 = CARTESIAN_POINT ( 'NONE',  ( -4.827452891970366977, 0.5871782011826965908, 16.22955907536365672 ) ) ;
#2845 = VERTEX_POINT ( 'NONE', #325 ) ;
#2846 = COORDINATED_UNIVERSAL_TIME_OFFSET ( 8, 0, .AHEAD. ) ;
#2847 = ORIENTED_EDGE ( 'NONE', *, *, #167, .T. ) ;
#2848 = VERTEX_POINT ( 'NONE', #1285 ) ;
#2849 = AXIS2_PLACEMENT_3D ( 'NONE', #2560, #3052, #3017 ) ;
#2850 = EDGE_CURVE ( 'NONE', #639, #3064, #576, .T. ) ;
#2851 = FACE_OUTER_BOUND ( 'NONE', #1483, .T. ) ;
#2852 = LINE ( 'NONE', #766, #2732 ) ;
#2853 = AXIS2_PLACEMENT_3D ( 'NONE', #868, #148, #2306 ) ;
#2854 = EDGE_CURVE ( 'NONE', #1306, #2717, #2954, .T. ) ;
#2855 = ORIENTED_EDGE ( 'NONE', *, *, #1974, .T. ) ;
#2856 = DIRECTION ( 'NONE',  ( -0.000000000000000000, 1.000000000000000000, -0.000000000000000000 ) ) ;
#2857 = CARTESIAN_POINT ( 'NONE',  ( -0.8099999999999929479, 12.50000000000001421, 18.39999999999999858 ) ) ;
#2858 = EDGE_CURVE ( 'NONE', #267, #961, #2510, .T. ) ;
#2859 = ORIENTED_EDGE ( 'NONE', *, *, #2367, .F. ) ;
#2860 = FACE_OUTER_BOUND ( 'NONE', #1217, .T. ) ;
#2861 = CARTESIAN_POINT ( 'NONE',  ( 6.685000000000013820, 8.673617379884035472E-16, 4.200000000000001066 ) ) ;
#2862 = ORIENTED_EDGE ( 'NONE', *, *, #2094, .F. ) ;
#2863 = CALENDAR_DATE ( 2026, 15, 9 ) ;
#2864 = ORIENTED_EDGE ( 'NONE', *, *, #2052, .T. ) ;
#2865 = EDGE_LOOP ( 'NONE', ( #532, #2566, #3047, #2729, #2338, #478 ) ) ;
#2866 = DIRECTION ( 'NONE',  ( -0.000000000000000000, 1.000000000000000000, -0.000000000000000000 ) ) ;
#2867 = DIRECTION ( 'NONE',  ( 1.000000000000000000, 0.000000000000000000, 0.000000000000000000 ) ) ;
#2868 = ORIENTED_EDGE ( 'NONE', *, *, #131, .F. ) ;
#2869 = DIRECTION ( 'NONE',  ( 0.000000000000000000, 0.000000000000000000, 1.000000000000000000 ) ) ;
#2870 = CARTESIAN_POINT ( 'NONE',  ( 18.46500000000000341, 20.50000000000001421, 18.39999999999999858 ) ) ;
#2871 = EDGE_CURVE ( 'NONE', #2065, #2262, #839, .T. ) ;
#2872 = VERTEX_POINT ( 'NONE', #1568 ) ;
#2873 = LINE ( 'NONE', #2113, #62 ) ;
#2874 = CARTESIAN_POINT ( 'NONE',  ( 0.000000000000000000, 0.000000000000000000, 9.999999999999998224 ) ) ;
#2875 = EDGE_CURVE ( 'NONE', #382, #632, #371, .T. ) ;
#2876 = ORIENTED_EDGE ( 'NONE', *, *, #2287, .F. ) ;
#2877 = DATE_AND_TIME ( #2863, #744 ) ;
#2878 = ORIENTED_EDGE ( 'NONE', *, *, #12, .T. ) ;
#2879 = ORIENTED_EDGE ( 'NONE', *, *, #303, .F. ) ;
#2880 = VECTOR ( 'NONE', #101, 1000.000000000000000 ) ;
#2881 = DIRECTION ( 'NONE',  ( -1.807003620809174878E-16, 0.000000000000000000, 1.000000000000000000 ) ) ;
#2882 = DIRECTION ( 'NONE',  ( 0.000000000000000000, -1.000000000000000000, 0.000000000000000000 ) ) ;
#2883 = ORIENTED_EDGE ( 'NONE', *, *, #2850, .T. ) ;
#2884 = LINE ( 'NONE', #1933, #568 ) ;
#2885 = LINE ( 'NONE', #1469, #2330 ) ;
#2886 = VECTOR ( 'NONE', #507, 1000.000000000000000 ) ;
#2887 = EDGE_CURVE ( 'NONE', #1392, #217, #1651, .T. ) ;
#2888 = ORIENTED_EDGE ( 'NONE', *, *, #613, .T. ) ;
#2889 = CARTESIAN_POINT ( 'NONE',  ( -1.827644747303518002, 2.598770702854510617, 17.83334253665105962 ) ) ;
#2890 = CARTESIAN_POINT ( 'NONE',  ( -1.315000000000015490, 8.673617379884035472E-16, -5.899999999999998579 ) ) ;
#2891 = AXIS2_PLACEMENT_3D ( 'NONE', #593, #562, #2252 ) ;
#2892 = CIRCLE ( 'NONE', #2352, 1.000000000000000222 ) ;
#2893 = ADVANCED_FACE ( 'NONE', ( #2386 ), #2628, .T. ) ;
#2894 = VERTEX_POINT ( 'NONE', #209 ) ;
#2895 = CARTESIAN_POINT ( 'NONE',  ( -1.314999999999986402, -1.999999999999999556, 16.70000000000000284 ) ) ;
#2896 = VERTEX_POINT ( 'NONE', #1909 ) ;
#2897 = DIRECTION ( 'NONE',  ( -0.000000000000000000, 1.000000000000000000, -0.000000000000000000 ) ) ;
#2898 = DIRECTION ( 'NONE',  ( -0.000000000000000000, 1.000000000000000000, -0.000000000000000000 ) ) ;
#2899 = PLANE ( 'NONE',  #2494 ) ;
#2900 = AXIS2_PLACEMENT_3D ( 'NONE', #2108, #2802, #1572 ) ;
#2901 = ORIENTED_EDGE ( 'NONE', *, *, #669, .F. ) ;
#2902 = CARTESIAN_POINT ( 'NONE',  ( -29.04999999999999716, 6.624999999999992006, 18.39999999999999858 ) ) ;
#2903 = LINE ( 'NONE', #945, #2282 ) ;
#2904 = EDGE_LOOP ( 'NONE', ( #818, #1937, #2639, #486 ) ) ;
#2905 = CARTESIAN_POINT ( 'NONE',  ( 3.125389641701847854, 2.283121939501454367, 15.89330164977238624 ) ) ;
#2906 = DIRECTION ( 'NONE',  ( 0.000000000000000000, 0.000000000000000000, -1.000000000000000000 ) ) ;
#2907 = ORIENTED_EDGE ( 'NONE', *, *, #975, .T. ) ;
#2908 = CARTESIAN_POINT ( 'NONE',  ( 18.79000000000000981, 30.60000000000000142, 15.70000000000000284 ) ) ;
#2909 = VERTEX_POINT ( 'NONE', #2890 ) ;
#2910 = DIRECTION ( 'NONE',  ( 0.000000000000000000, 0.000000000000000000, -1.000000000000000000 ) ) ;
#2911 = EDGE_CURVE ( 'NONE', #1088, #632, #480, .T. ) ;
#2912 = DIRECTION ( 'NONE',  ( -0.000000000000000000, -0.000000000000000000, -1.000000000000000000 ) ) ;
#2913 = CARTESIAN_POINT ( 'NONE',  ( -1.814999999999987956, 17.26584280032444951, -17.19999999999999929 ) ) ;
#2914 = ADVANCED_FACE ( 'NONE', ( #1170, #429 ), #2582, .F. ) ;
#2915 = AXIS2_PLACEMENT_3D ( 'NONE', #3008, #380, #396 ) ;
#2916 = DIRECTION ( 'NONE',  ( 0.000000000000000000, 0.000000000000000000, 1.000000000000000000 ) ) ;
#2917 = CARTESIAN_POINT ( 'NONE',  ( -1.814999999999987956, 17.26584280032444951, -15.19999999999999929 ) ) ;
#2918 = VERTEX_POINT ( 'NONE', #684 ) ;
#2919 = CARTESIAN_POINT ( 'NONE',  ( -1.778310828339510818, 2.053832561942915635, 16.70002610426530154 ) ) ;
#2920 = EDGE_LOOP ( 'NONE', ( #2400, #1112 ) ) ;
#2921 = CARTESIAN_POINT ( 'NONE',  ( 29.42000000000001236, 2.500000000000000000, 9.999999999999998224 ) ) ;
#2922 = AXIS2_PLACEMENT_3D ( 'NONE', #2722, #1541, #405 ) ;
#2923 = VERTEX_POINT ( 'NONE', #1189 ) ;
#2924 = DIRECTION ( 'NONE',  ( 0.000000000000000000, -0.000000000000000000, 1.000000000000000000 ) ) ;
#2925 = VECTOR ( 'NONE', #1527, 1000.000000000000000 ) ;
#2926 = CARTESIAN_POINT ( 'NONE',  ( -0.8149999999999871791, 8.500000000000000000, -15.19999999999999929 ) ) ;
#2927 = DIRECTION ( 'NONE',  ( -0.000000000000000000, -0.000000000000000000, 1.000000000000000000 ) ) ;
#2928 = AXIS2_PLACEMENT_3D ( 'NONE', #1322, #2286, #1795 ) ;
#2929 = EDGE_CURVE ( 'NONE', #1463, #2054, #888, .T. ) ;
#2930 = DIRECTION ( 'NONE',  ( -0.000000000000000000, -1.000000000000000000, -0.000000000000000000 ) ) ;
#2931 = CIRCLE ( 'NONE', #1587, 2.100000000000000533 ) ;
#2932 = CARTESIAN_POINT ( 'NONE',  ( -32.04999999999999005, 3.500000000000000000, 17.39999999999999858 ) ) ;
#2933 = ORIENTED_EDGE ( 'NONE', *, *, #1301, .F. ) ;
#2934 = CYLINDRICAL_SURFACE ( 'NONE', #811, 2.000000000000000000 ) ;
#2935 = CIRCLE ( 'NONE', #1791, 1.049999999999999822 ) ;
#2936 = ORIENTED_EDGE ( 'NONE', *, *, #170, .T. ) ;
#2937 = FACE_OUTER_BOUND ( 'NONE', #427, .T. ) ;
#2938 = EDGE_LOOP ( 'NONE', ( #1907, #2907, #2533, #1665 ) ) ;
#2939 = FACE_OUTER_BOUND ( 'NONE', #2658, .T. ) ;
#2940 = VECTOR ( 'NONE', #3065, 1000.000000000000000 ) ;
#2941 = CARTESIAN_POINT ( 'NONE',  ( 4.341854249492384632, 8.673617379884035472E-16, -1.456854249492388620 ) ) ;
#2942 = CARTESIAN_POINT ( 'NONE',  ( 0.5548040466933338299, 26.90397057855142648, 17.64999999999999858 ) ) ;
#2943 = ADVANCED_FACE ( 'NONE', ( #1388 ), #2615, .F. ) ;
#2944 = DIRECTION ( 'NONE',  ( -0.000000000000000000, -0.000000000000000000, 1.000000000000000000 ) ) ;
#2945 = CARTESIAN_POINT ( 'NONE',  ( -1.314999999999985736, -3.499999999999999556, -0.8999999999999980238 ) ) ;
#2946 = EDGE_CURVE ( 'NONE', #1015, #1987, #2498, .T. ) ;
#2947 = CARTESIAN_POINT ( 'NONE',  ( 0.7471712658155129638, 2.577840286001860548, 17.78733617579099047 ) ) ;
#2948 = EDGE_CURVE ( 'NONE', #1048, #1298, #2180, .T. ) ;
#2949 = ORIENTED_EDGE ( 'NONE', *, *, #1881, .F. ) ;
#2950 = DIRECTION ( 'NONE',  ( -0.000000000000000000, -1.000000000000000000, -0.000000000000000000 ) ) ;
#2951 = EDGE_LOOP ( 'NONE', ( #1683, #1877, #174, #1233 ) ) ;
#2952 = CARTESIAN_POINT ( 'NONE',  ( -13.33499999999999552, 20.50000000000001066, 17.90000000000000213 ) ) ;
#2953 = ORIENTED_EDGE ( 'NONE', *, *, #2624, .F. ) ;
#2954 = LINE ( 'NONE', #1299, #2596 ) ;
#2955 = CARTESIAN_POINT ( 'NONE',  ( 0.9570307284333242626, 13.63472569582805249, 16.89999999999999858 ) ) ;
#2956 = LINE ( 'NONE', #2986, #271 ) ;
#2957 = CARTESIAN_POINT ( 'NONE',  ( 8.365000000000003766, 20.50000000000001421, 16.89999999999999858 ) ) ;
#2958 = SPHERICAL_SURFACE ( 'NONE', #181, 2.000000000000000000 ) ;
#2959 = AXIS2_PLACEMENT_3D ( 'NONE', #901, #2614, #1421 ) ;
#2960 = ORIENTED_EDGE ( 'NONE', *, *, #1639, .T. ) ;
#2961 = DIRECTION ( 'NONE',  ( -0.000000000000000000, -1.000000000000000000, -0.000000000000000000 ) ) ;
#2962 = EDGE_CURVE ( 'NONE', #1031, #2073, #1449, .T. ) ;
#2963 = VERTEX_POINT ( 'NONE', #243 ) ;
#2964 = DIRECTION ( 'NONE',  ( 1.000000000000000000, 0.000000000000000000, 0.000000000000000000 ) ) ;
#2965 = ORIENTED_EDGE ( 'NONE', *, *, #2404, .T. ) ;
#2966 = VECTOR ( 'NONE', #2930, 1000.000000000000000 ) ;
#2967 = AXIS2_PLACEMENT_3D ( 'NONE', #1672, #476, #2176 ) ;
#2968 = CYLINDRICAL_SURFACE ( 'NONE', #2891, 1.000000000000000222 ) ;
#2969 = CARTESIAN_POINT ( 'NONE',  ( -27.69999999999999574, 6.624999999999992006, 18.39999999999999858 ) ) ;
#2970 = FACE_OUTER_BOUND ( 'NONE', #1220, .T. ) ;
#2971 = CARTESIAN_POINT ( 'NONE',  ( 22.42000000000001592, 8.500000000000000000, -3.000000000000001776 ) ) ;
#2972 = VECTOR ( 'NONE', #69, 1000.000000000000000 ) ;
#2973 = CARTESIAN_POINT ( 'NONE',  ( 4.341854249492384632, 8.673617379884035472E-16, -3.556854249492389375 ) ) ;
#2974 = ORIENTED_EDGE ( 'NONE', *, *, #960, .F. ) ;
#2975 = EDGE_CURVE ( 'NONE', #2112, #1434, #1842, .T. ) ;
#2976 = ORIENTED_EDGE ( 'NONE', *, *, #2512, .F. ) ;
#2977 = CYLINDRICAL_SURFACE ( 'NONE', #778, 5.099999999999999645 ) ;
#2978 = ORIENTED_EDGE ( 'NONE', *, *, #1128, .T. ) ;
#2979 = CARTESIAN_POINT ( 'NONE',  ( -1.315000000000015712, 23.00000000000000355, -3.799999999999998490 ) ) ;
#2980 = AXIS2_PLACEMENT_3D ( 'NONE', #1623, #1164, #2869 ) ;
#2981 = ADVANCED_FACE ( 'NONE', ( #2843 ), #715, .F. ) ;
#2982 = ORIENTED_EDGE ( 'NONE', *, *, #2173, .F. ) ;
#2983 = CARTESIAN_POINT ( 'NONE',  ( 24.08000000000001251, 6.624999999999984901, 6.899999999999998579 ) ) ;
#2984 = CYLINDRICAL_SURFACE ( 'NONE', #879, 2.100000000000000533 ) ;
#2985 = EDGE_CURVE ( 'NONE', #1191, #2806, #185, .T. ) ;
#2986 = CARTESIAN_POINT ( 'NONE',  ( 32.50000000000000711, 31.59999999999999787, 9.999999999999998224 ) ) ;
#2987 = DIRECTION ( 'NONE',  ( 1.000000000000000000, 0.000000000000000000, 0.000000000000000000 ) ) ;
#2988 = DIRECTION ( 'NONE',  ( 0.000000000000000000, 0.000000000000000000, 1.000000000000000000 ) ) ;
#2989 = VECTOR ( 'NONE', #2756, 1000.000000000000000 ) ;
#2990 = ORIENTED_EDGE ( 'NONE', *, *, #1958, .F. ) ;
#2991 = VERTEX_POINT ( 'NONE', #3090 ) ;
#2992 = DIRECTION ( 'NONE',  ( 0.000000000000000000, 1.000000000000000000, 0.000000000000000000 ) ) ;
#2993 = ORIENTED_EDGE ( 'NONE', *, *, #2911, .T. ) ;
#2994 = DIRECTION ( 'NONE',  ( 0.000000000000000000, 0.000000000000000000, -1.000000000000000000 ) ) ;
#2995 = ORIENTED_EDGE ( 'NONE', *, *, #1945, .T. ) ;
#2996 = CARTESIAN_POINT ( 'NONE',  ( -5.814999999999988844, 0.5000000000000004441, -10.00000000000000178 ) ) ;
#2997 = LINE ( 'NONE', #2277, #2299 ) ;
#2998 = CARTESIAN_POINT ( 'NONE',  ( -21.40999999999999304, 30.60000000000000142, 123.9999999999999858 ) ) ;
#2999 = ADVANCED_FACE ( 'NONE', ( #1219, #3058, #2371, #978, #2151 ), #1677, .F. ) ;
#3000 = CARTESIAN_POINT ( 'NONE',  ( 8.365000000000003766, 20.50000000000001421, 15.70000000000000284 ) ) ;
#3001 = LINE ( 'NONE', #1821, #450 ) ;
#3002 = EDGE_CURVE ( 'NONE', #2333, #722, #1195, .T. ) ;
#3003 = DIRECTION ( 'NONE',  ( 0.000000000000000000, -1.000000000000000000, 0.000000000000000000 ) ) ;
#3004 = CARTESIAN_POINT ( 'NONE',  ( -13.33499999999999552, 20.50000000000001066, 17.90000000000000213 ) ) ;
#3005 = CC_DESIGN_PERSON_AND_ORGANIZATION_ASSIGNMENT ( #966, #1878, ( #586 ) ) ;
#3006 = ORIENTED_EDGE ( 'NONE', *, *, #2532, .F. ) ;
#3007 = EDGE_LOOP ( 'NONE', ( #2137, #929, #261, #755 ) ) ;
#3008 = CARTESIAN_POINT ( 'NONE',  ( -0.8099999999999929479, 12.50000000000001421, 16.89999999999999858 ) ) ;
#3009 = EDGE_LOOP ( 'NONE', ( #1931, #2193, #2580, #686 ) ) ;
#3010 = FACE_OUTER_BOUND ( 'NONE', #2359, .T. ) ;
#3011 = VERTEX_POINT ( 'NONE', #1711 ) ;
#3012 = CARTESIAN_POINT ( 'NONE',  ( 4.341854249492384632, 8.673617379884035472E-16, -2.506854249492388220 ) ) ;
#3013 = DIRECTION ( 'NONE',  ( 0.000000000000000000, 0.000000000000000000, -1.000000000000000000 ) ) ;
#3014 = VERTEX_POINT ( 'NONE', #1957 ) ;
#3015 = ADVANCED_FACE ( 'NONE', ( #514 ), #1472, .F. ) ;
#3016 = LINE ( 'NONE', #187, #1998 ) ;
#3017 = DIRECTION ( 'NONE',  ( 1.000000000000000000, 0.000000000000000000, 0.000000000000000000 ) ) ;
#3018 = AXIS2_PLACEMENT_3D ( 'NONE', #343, #1270, #355 ) ;
#3019 = EDGE_CURVE ( 'NONE', #1662, #1755, #2433, .T. ) ;
#3020 = DIRECTION ( 'NONE',  ( 0.000000000000000000, 0.000000000000000000, 1.000000000000000000 ) ) ;
#3021 = CARTESIAN_POINT ( 'NONE',  ( 0.9018135909405475825, 0.6985459899349815149, 16.50981745370166109 ) ) ;
#3022 = CIRCLE ( 'NONE', #1273, 1.000000000000000888 ) ;
#3023 = CIRCLE ( 'NONE', #1380, 2.000000000000000000 ) ;
#3024 = ORIENTED_EDGE ( 'NONE', *, *, #858, .F. ) ;
#3025 = DIRECTION ( 'NONE',  ( 1.000000000000000000, 0.000000000000000000, 1.807003620809174878E-16 ) ) ;
#3026 = CIRCLE ( 'NONE', #2638, 6.999999999999999112 ) ;
#3027 = ORIENTED_EDGE ( 'NONE', *, *, #228, .T. ) ;
#3028 = DIRECTION ( 'NONE',  ( -0.000000000000000000, -0.000000000000000000, 1.000000000000000000 ) ) ;
#3029 = ORIENTED_EDGE ( 'NONE', *, *, #2539, .F. ) ;
#3030 = DIRECTION ( 'NONE',  ( 0.000000000000000000, -1.000000000000000000, 0.000000000000000000 ) ) ;
#3031 = LINE ( 'NONE', #182, #2770 ) ;
#3032 = ORIENTED_EDGE ( 'NONE', *, *, #2946, .F. ) ;
#3033 = VECTOR ( 'NONE', #2395, 1000.000000000000000 ) ;
#3034 = VECTOR ( 'NONE', #1312, 1000.000000000000000 ) ;
#3035 = CARTESIAN_POINT ( 'NONE',  ( 4.341854249492384632, 23.00000000000000355, -1.456854249492388620 ) ) ;
#3036 = FACE_OUTER_BOUND ( 'NONE', #689, .T. ) ;
#3037 = EDGE_CURVE ( 'NONE', #716, #1975, #275, .T. ) ;
#3038 = AXIS2_PLACEMENT_3D ( 'NONE', #2410, #534, #1704 ) ;
#3039 = LOCAL_TIME ( 11, 6, 39.00000000000000000, #1158 ) ;
#3040 = DIRECTION ( 'NONE',  ( 0.000000000000000000, 0.000000000000000000, 1.000000000000000000 ) ) ;
#3041 = FACE_OUTER_BOUND ( 'NONE', #2951, .T. ) ;
#3042 = ADVANCED_FACE ( 'NONE', ( #607, #370, #416, #2291, #401, #133, #1850 ), #1094, .F. ) ;
#3043 = ORIENTED_EDGE ( 'NONE', *, *, #2119, .T. ) ;
#3044 = DIRECTION ( 'NONE',  ( 1.000000000000000000, 0.000000000000000000, -0.000000000000000000 ) ) ;
#3045 = EDGE_CURVE ( 'NONE', #1975, #2384, #492, .T. ) ;
#3046 = CARTESIAN_POINT ( 'NONE',  ( 18.79000000000000981, 30.60000000000000142, 15.70000000000000639 ) ) ;
#3047 = ORIENTED_EDGE ( 'NONE', *, *, #1301, .T. ) ;
#3048 =( NAMED_UNIT ( * ) SI_UNIT ( $, .STERADIAN. ) SOLID_ANGLE_UNIT ( ) );
#3049 = DIRECTION ( 'NONE',  ( 0.000000000000000000, 0.000000000000000000, 1.000000000000000000 ) ) ;
#3050 = VERTEX_POINT ( 'NONE', #1815 ) ;
#3051 = CARTESIAN_POINT ( 'NONE',  ( -9.314999999999988844, 8.500000000000000000, 4.200000000000060574 ) ) ;
#3052 = DIRECTION ( 'NONE',  ( -0.000000000000000000, -0.000000000000000000, 1.000000000000000000 ) ) ;
#3053 = CARTESIAN_POINT ( 'NONE',  ( 3.185000000000008935, 2.500000000000000000, -9.584048752090220447 ) ) ;
#3054 = DIRECTION ( 'NONE',  ( -1.000000000000000000, 0.000000000000000000, 0.000000000000000000 ) ) ;
#3055 = EDGE_CURVE ( 'NONE', #2832, #1350, #1336, .T. ) ;
#3056 = ORIENTED_EDGE ( 'NONE', *, *, #2323, .F. ) ;
#3057 = DIRECTION ( 'NONE',  ( -0.000000000000000000, -0.000000000000000000, 1.000000000000000000 ) ) ;
#3058 = FACE_BOUND ( 'NONE', #587, .T. ) ;
#3059 = LINE ( 'NONE', #1231, #1875 ) ;
#3060 = EDGE_CURVE ( 'NONE', #1697, #1350, #1567, .T. ) ;
#3061 = ORIENTED_EDGE ( 'NONE', *, *, #861, .T. ) ;
#3062 = PERSON_AND_ORGANIZATION_ROLE ( 'design_supplier' ) ;
#3063 = EDGE_LOOP ( 'NONE', ( #1168, #3056, #2762, #51 ) ) ;
#3064 = VERTEX_POINT ( 'NONE', #2037 ) ;
#3065 = DIRECTION ( 'NONE',  ( 0.000000000000000000, -1.000000000000000000, 0.000000000000000000 ) ) ;
#3066 = CARTESIAN_POINT ( 'NONE',  ( 2.365000000000001545, 20.50000000000001421, 15.70000000000000284 ) ) ;
#3067 = AXIS2_PLACEMENT_3D ( 'NONE', #1113, #1571, #345 ) ;
#3068 = LINE ( 'NONE', #190, #2592 ) ;
#3069 = DIRECTION ( 'NONE',  ( -0.000000000000000000, -0.000000000000000000, 1.000000000000000000 ) ) ;
#3070 = VERTEX_POINT ( 'NONE', #1603 ) ;
#3071 = DIRECTION ( 'NONE',  ( 1.000000000000000000, 0.000000000000000000, 0.000000000000000000 ) ) ;
#3072 = CARTESIAN_POINT ( 'NONE',  ( 1.185000000000012932, 0.5000000000000004441, -12.00000000000000178 ) ) ;
#3073 = CARTESIAN_POINT ( 'NONE',  ( -3.078667554838142362, 0.7344310901775187306, 16.58285839504493353 ) ) ;
#3074 = CIRCLE ( 'NONE', #1688, 2.000000000000000000 ) ;
#3075 = EDGE_CURVE ( 'NONE', #2872, #1662, #1042, .T. ) ;
#3076 = ORIENTED_EDGE ( 'NONE', *, *, #1903, .F. ) ;
#3077 = ORIENTED_EDGE ( 'NONE', *, *, #2708, .F. ) ;
#3078 = ORIENTED_EDGE ( 'NONE', *, *, #3082, .F. ) ;
#3079 = ADVANCED_FACE ( 'NONE', ( #1125 ), #2340, .F. ) ;
#3080 = DIRECTION ( 'NONE',  ( 0.000000000000000000, 0.000000000000000000, -1.000000000000000000 ) ) ;
#3081 = DIRECTION ( 'NONE',  ( 0.3103448275862068506, 0.000000000000000000, -0.9506240518682911311 ) ) ;
#3082 = EDGE_CURVE ( 'NONE', #413, #24, #137, .T. ) ;
#3083 = AXIS2_PLACEMENT_3D ( 'NONE', #2789, #2016, #1101 ) ;
#3084 = ORIENTED_EDGE ( 'NONE', *, *, #1639, .F. ) ;
#3085 = DIRECTION ( 'NONE',  ( 1.067522139062650548E-16, -1.000000000000000000, 0.000000000000000000 ) ) ;
#3086 = DIRECTION ( 'NONE',  ( 1.000000000000000000, 0.000000000000000000, 0.000000000000000000 ) ) ;
#3087 = AXIS2_PLACEMENT_3D ( 'NONE', #1554, #856, #809 ) ;
#3088 = VERTEX_POINT ( 'NONE', #387 ) ;
#3089 = CARTESIAN_POINT ( 'NONE',  ( -17.33499999999999730, 20.50000000000001066, 18.39999999999999858 ) ) ;
#3090 = CARTESIAN_POINT ( 'NONE',  ( -1.814999999999987956, 8.500000000000000000, -17.19999999999999929 ) ) ;
#3091 = VERTEX_POINT ( 'NONE', #3012 ) ;
#3092 = EDGE_LOOP ( 'NONE', ( #1187, #1709 ) ) ;
#3093 = ORIENTED_EDGE ( 'NONE', *, *, #1803, .F. ) ;
#3094 = CARTESIAN_POINT ( 'NONE',  ( 29.42000000000001236, 3.500000000000000000, 17.39999999999999858 ) ) ;
#3095 = ADVANCED_FACE ( 'NONE', ( #180 ), #2813, .T. ) ;
#3096 = PLANE ( 'NONE',  #2100 ) ;
#3097 = CARTESIAN_POINT ( 'NONE',  ( -3.814999999999988844, 0.5000000000000004441, -12.00000000000000178 ) ) ;
#3098 = ORIENTED_EDGE ( 'NONE', *, *, #1228, .F. ) ;
#3099 = EDGE_CURVE ( 'NONE', #3091, #1846, #655, .T. ) ;
#3100 = LINE ( 'NONE', #958, #434 ) ;
#3101 = DIRECTION ( 'NONE',  ( 1.000000000000000000, 0.000000000000000000, 0.000000000000000000 ) ) ;
ENDSEC;
END-ISO-10303-21;
