ISO-10303-21;
HEADER;
FILE_DESCRIPTION (( 'STEP AP203' ),
    '1' );
FILE_NAME ('柔性夹爪2.STEP',
    '2026-09-15T03:01:13',
    ( '' ),
    ( '' ),
    'SwSTEP 2.0',
    'SolidWorks 2021',
    '' );
FILE_SCHEMA (( 'CONFIG_CONTROL_DESIGN' ));
ENDSEC;

DATA;
#1 = ORIENTED_EDGE ( 'NONE', *, *, #691, .F. ) ;
#2 = AXIS2_PLACEMENT_3D ( 'NONE', #683, #1487, #863 ) ;
#3 = MECHANICAL_CONTEXT ( 'NONE', #216, 'mechanical' ) ;
#4 = AXIS2_PLACEMENT_3D ( 'NONE', #1780, #513, #1747 ) ;
#5 = DIRECTION ( 'NONE',  ( -0.000000000000000000, 0.000000000000000000, 1.000000000000000000 ) ) ;
#6 = ORIENTED_EDGE ( 'NONE', *, *, #2662, .T. ) ;
#7 = CIRCLE ( 'NONE', #2096, 3.762221576582363891 ) ;
#8 = AXIS2_PLACEMENT_3D ( 'NONE', #2682, #760, #2226 ) ;
#9 = DIRECTION ( 'NONE',  ( 1.000000000000000000, 0.000000000000000000, 0.000000000000000000 ) ) ;
#10 = AXIS2_PLACEMENT_3D ( 'NONE', #1377, #793, #1852 ) ;
#11 = CIRCLE ( 'NONE', #59, 9.750000000000000000 ) ;
#12 = CARTESIAN_POINT ( 'NONE',  ( 1.350000000000000089, 1.653273178848926867E-16, 6.099999999999999645 ) ) ;
#13 = ORIENTED_EDGE ( 'NONE', *, *, #932, .F. ) ;
#14 = VERTEX_POINT ( 'NONE', #883 ) ;
#15 = ADVANCED_FACE ( 'NONE', ( #1102 ), #1947, .T. ) ;
#16 = AXIS2_PLACEMENT_3D ( 'NONE', #2578, #1501, #2287 ) ;
#17 = ORIENTED_EDGE ( 'NONE', *, *, #1201, .F. ) ;
#18 = DIRECTION ( 'NONE',  ( -0.000000000000000000, 0.000000000000000000, 1.000000000000000000 ) ) ;
#19 = DIRECTION ( 'NONE',  ( -0.9924798333418587415, 0.1224082530294282462, 0.000000000000000000 ) ) ;
#20 = EDGE_CURVE ( 'NONE', #263, #2384, #1045, .T. ) ;
#21 = DIRECTION ( 'NONE',  ( 0.000000000000000000, 0.000000000000000000, 1.000000000000000000 ) ) ;
#22 = ORIENTED_EDGE ( 'NONE', *, *, #529, .F. ) ;
#23 = DIRECTION ( 'NONE',  ( -0.000000000000000000, -0.000000000000000000, 1.000000000000000000 ) ) ;
#24 = LINE ( 'NONE', #1258, #2726 ) ;
#25 = ORIENTED_EDGE ( 'NONE', *, *, #71, .F. ) ;
#26 = CARTESIAN_POINT ( 'NONE',  ( -0.9662303906370903750, -10.29135985382434448, 7.000000000000000000 ) ) ;
#27 = FACE_OUTER_BOUND ( 'NONE', #1461, .T. ) ;
#28 = ORIENTED_EDGE ( 'NONE', *, *, #243, .F. ) ;
#29 = EDGE_LOOP ( 'NONE', ( #2080, #1979, #931, #781 ) ) ;
#30 = VERTEX_POINT ( 'NONE', #851 ) ;
#31 = EDGE_CURVE ( 'NONE', #2134, #80, #2652, .T. ) ;
#32 = FACE_OUTER_BOUND ( 'NONE', #562, .T. ) ;
#33 = CARTESIAN_POINT ( 'NONE',  ( 0.000000000000000000, 0.000000000000000000, -1.199999999999999956 ) ) ;
#34 = CARTESIAN_POINT ( 'NONE',  ( 0.000000000000000000, 0.000000000000000000, 7.000000000000000000 ) ) ;
#35 = EDGE_LOOP ( 'NONE', ( #838, #1990, #28, #2761 ) ) ;
#36 = CARTESIAN_POINT ( 'NONE',  ( -4.648450871385579219, -11.06308747575985940, 7.000000000000000000 ) ) ;
#37 = VERTEX_POINT ( 'NONE', #718 ) ;
#38 = DIRECTION ( 'NONE',  ( 1.000000000000000000, -3.614007241618345221E-15, 0.000000000000000000 ) ) ;
#39 = EDGE_LOOP ( 'NONE', ( #1353, #1522, #1325, #825 ) ) ;
#40 = ORIENTED_EDGE ( 'NONE', *, *, #988, .T. ) ;
#41 = CARTESIAN_POINT ( 'NONE',  ( -11.40501160019360860, -3.731716816620635147, 7.000000000000000000 ) ) ;
#42 = CARTESIAN_POINT ( 'NONE',  ( 4.250000000000000000, 5.204748896376250699E-16, -1.199999999999999956 ) ) ;
#43 = LINE ( 'NONE', #1579, #96 ) ;
#44 = EDGE_LOOP ( 'NONE', ( #997, #1344, #2174, #2704 ) ) ;
#45 = DATE_AND_TIME ( #2617, #1433 ) ;
#46 = CIRCLE ( 'NONE', #2592, 3.762221576582363447 ) ;
#47 = FACE_OUTER_BOUND ( 'NONE', #2553, .T. ) ;
#48 = ORIENTED_EDGE ( 'NONE', *, *, #1092, .F. ) ;
#49 = DIRECTION ( 'NONE',  ( -0.000000000000000000, -0.000000000000000000, -1.000000000000000000 ) ) ;
#50 = AXIS2_PLACEMENT_3D ( 'NONE', #118, #2599, #1584 ) ;
#51 = EDGE_CURVE ( 'NONE', #2060, #37, #2722, .T. ) ;
#52 = CIRCLE ( 'NONE', #1963, 12.00000000000000178 ) ;
#53 = EDGE_LOOP ( 'NONE', ( #511, #2482, #431, #1067 ) ) ;
#54 = ORIENTED_EDGE ( 'NONE', *, *, #2370, .F. ) ;
#55 = AXIS2_PLACEMENT_3D ( 'NONE', #311, #78, #499 ) ;
#56 = AXIS2_PLACEMENT_3D ( 'NONE', #2005, #267, #1984 ) ;
#57 = DIRECTION ( 'NONE',  ( 1.000000000000000000, 0.000000000000000000, 0.000000000000000000 ) ) ;
#58 = CARTESIAN_POINT ( 'NONE',  ( -4.728451967219453600, -10.29135985382434448, 7.000000000000000000 ) ) ;
#59 = AXIS2_PLACEMENT_3D ( 'NONE', #2413, #1135, #304 ) ;
#60 = CIRCLE ( 'NONE', #1256, 11.67869324010137611 ) ;
#61 = DIRECTION ( 'NONE',  ( -0.8517805250419850926, -0.5238987852240167831, 0.000000000000000000 ) ) ;
#62 = VERTEX_POINT ( 'NONE', #1538 ) ;
#63 = EDGE_CURVE ( 'NONE', #77, #593, #1589, .T. ) ;
#64 = CARTESIAN_POINT ( 'NONE',  ( 24.90895252706315333, 4.640953046965335282, 3.699999999999999289 ) ) ;
#65 = EDGE_LOOP ( 'NONE', ( #2623, #2067, #1553, #1244, #2273, #1889, #260, #1518, #2557, #658, #207, #2535, #2760, #17, #1956, #882, #1310, #894, #600, #2297, #2635, #2447, #2247, #1649, #1432, #1787, #449, #1304, #928, #578, #2403, #2649, #1424, #1221, #2155, #1528, #48, #2616, #2119, #868, #2242, #1174, #2670, #2590, #1631, #1003, #343, #357, #252, #649, #967, #2307, #641, #517 ) ) ;
#66 = VECTOR ( 'NONE', #633, 999.9999999999998863 ) ;
#67 = DIRECTION ( 'NONE',  ( -0.000000000000000000, -0.000000000000000000, -1.000000000000000000 ) ) ;
#68 = ORIENTED_EDGE ( 'NONE', *, *, #920, .F. ) ;
#69 = ORIENTED_EDGE ( 'NONE', *, *, #2449, .T. ) ;
#70 = DIRECTION ( 'NONE',  ( -0.000000000000000000, -0.000000000000000000, -1.000000000000000000 ) ) ;
#71 = EDGE_CURVE ( 'NONE', #750, #1733, #1803, .T. ) ;
#72 = DIRECTION ( 'NONE',  ( -0.000000000000000000, -0.000000000000000000, 1.000000000000000000 ) ) ;
#73 = DIRECTION ( 'NONE',  ( -1.000000000000000000, 0.000000000000000000, 0.000000000000000000 ) ) ;
#74 = EDGE_LOOP ( 'NONE', ( #730, #211, #987, #941 ) ) ;
#75 = DATE_AND_TIME ( #1148, #2019 ) ;
#76 = CARTESIAN_POINT ( 'NONE',  ( 0.000000000000000000, 0.000000000000000000, 6.099999999999999645 ) ) ;
#77 = VERTEX_POINT ( 'NONE', #1551 ) ;
#78 = DIRECTION ( 'NONE',  ( -0.000000000000000000, 0.000000000000000000, 1.000000000000000000 ) ) ;
#79 = ORIENTED_EDGE ( 'NONE', *, *, #2586, .F. ) ;
#80 = VERTEX_POINT ( 'NONE', #509 ) ;
#81 = LINE ( 'NONE', #520, #1378 ) ;
#82 = ADVANCED_FACE ( 'NONE', ( #1792 ), #1348, .T. ) ;
#83 = DIRECTION ( 'NONE',  ( 0.000000000000000000, 0.000000000000000000, 1.000000000000000000 ) ) ;
#84 = ORIENTED_EDGE ( 'NONE', *, *, #516, .T. ) ;
#85 = DATE_AND_TIME ( #1334, #1789 ) ;
#86 = FACE_OUTER_BOUND ( 'NONE', #2237, .T. ) ;
#87 = ORIENTED_EDGE ( 'NONE', *, *, #923, .T. ) ;
#88 = LINE ( 'NONE', #957, #1560 ) ;
#89 = ORIENTED_EDGE ( 'NONE', *, *, #1910, .F. ) ;
#90 = AXIS2_PLACEMENT_3D ( 'NONE', #1164, #2016, #1737 ) ;
#91 = CIRCLE ( 'NONE', #2680, 3.762221576582363003 ) ;
#92 = EDGE_CURVE ( 'NONE', #615, #1917, #1548, .T. ) ;
#93 = DIRECTION ( 'NONE',  ( 0.000000000000000000, 0.000000000000000000, 1.000000000000000000 ) ) ;
#94 = VECTOR ( 'NONE', #1577, 999.9999999999998863 ) ;
#95 = FACE_OUTER_BOUND ( 'NONE', #74, .T. ) ;
#96 = VECTOR ( 'NONE', #2441, 1000.000000000000000 ) ;
#97 = CARTESIAN_POINT ( 'NONE',  ( 0.02480390693738307104, -9.750028255552999568, 5.120951624887412734 ) ) ;
#98 = AXIS2_PLACEMENT_3D ( 'NONE', #713, #487, #261 ) ;
#99 = AXIS2_PLACEMENT_3D ( 'NONE', #507, #1965, #1144 ) ;
#100 = CARTESIAN_POINT ( 'NONE',  ( -5.460564090080127997, 8.077421607055523367, 7.000000000000000000 ) ) ;
#101 = ADVANCED_FACE ( 'NONE', ( #646 ), #2588, .T. ) ;
#102 = PERSON_AND_ORGANIZATION_ROLE ( 'creator' ) ;
#103 = FACE_OUTER_BOUND ( 'NONE', #1926, .T. ) ;
#104 = EDGE_LOOP ( 'NONE', ( #604, #1672, #2688, #2534, #1933 ) ) ;
#105 = ADVANCED_FACE ( 'NONE', ( #2332 ), #1252, .T. ) ;
#106 = DIRECTION ( 'NONE',  ( 1.000000000000000000, 0.000000000000000000, 0.000000000000000000 ) ) ;
#107 = CARTESIAN_POINT ( 'NONE',  ( -0.9662303906370903750, -10.29135985382434448, -1.199999999999999956 ) ) ;
#108 = ORIENTED_EDGE ( 'NONE', *, *, #1756, .T. ) ;
#109 = DIRECTION ( 'NONE',  ( -0.000000000000000000, -0.000000000000000000, -1.000000000000000000 ) ) ;
#110 = CYLINDRICAL_SURFACE ( 'NONE', #2053, 3.762221576582363891 ) ;
#111 = EDGE_CURVE ( 'NONE', #1762, #2420, #1678, .T. ) ;
#112 = DIRECTION ( 'NONE',  ( -0.000000000000000000, -0.000000000000000000, -1.000000000000000000 ) ) ;
#113 = DIRECTION ( 'NONE',  ( -1.000000000000000000, 0.000000000000000000, 0.000000000000000000 ) ) ;
#114 = DIRECTION ( 'NONE',  ( -0.000000000000000000, -0.000000000000000000, -1.000000000000000000 ) ) ;
#115 = ORIENTED_EDGE ( 'NONE', *, *, #1950, .F. ) ;
#116 = DIRECTION ( 'NONE',  ( 0.1224082530294285653, 0.9924798333418586305, 0.000000000000000000 ) ) ;
#117 = EDGE_CURVE ( 'NONE', #2454, #1934, #2765, .T. ) ;
#118 = CARTESIAN_POINT ( 'NONE',  ( 3.535331853275972325, 9.713244437154374467, -1.199999999999999956 ) ) ;
#119 = ORIENTED_EDGE ( 'NONE', *, *, #629, .T. ) ;
#120 = CARTESIAN_POINT ( 'NONE',  ( 1.343324028180502561, 11.92457464882135376, -1.200000000000000622 ) ) ;
#121 = DIRECTION ( 'NONE',  ( 0.7151605687419712032, 0.6989601998087304757, -0.000000000000000000 ) ) ;
#122 = CARTESIAN_POINT ( 'NONE',  ( 0.6815749286630268244, -9.728330363961454452, 5.653285452294010582 ) ) ;
#123 = CARTESIAN_POINT ( 'NONE',  ( 0.000000000000000000, 0.000000000000000000, 7.000000000000000000 ) ) ;
#124 = ADVANCED_FACE ( 'NONE', ( #1509 ), #2377, .T. ) ;
#125 = CARTESIAN_POINT ( 'NONE',  ( -9.743131826350435176, 0.3658991860571081389, 7.000000000000000000 ) ) ;
#126 = ORIENTED_EDGE ( 'NONE', *, *, #203, .F. ) ;
#127 = DIRECTION ( 'NONE',  ( -0.000000000000000000, -0.000000000000000000, -1.000000000000000000 ) ) ;
#128 = CARTESIAN_POINT ( 'NONE',  ( -10.68082785797387224, 5.469910078632857164, -1.199999999999999956 ) ) ;
#129 = ADVANCED_FACE ( 'NONE', ( #674 ), #2620, .T. ) ;
#130 = AXIS2_PLACEMENT_3D ( 'NONE', #1058, #2739, #626 ) ;
#131 = AXIS2_PLACEMENT_3D ( 'NONE', #805, #1394, #2706 ) ;
#132 = DIRECTION ( 'NONE',  ( -0.000000000000000000, -0.000000000000000000, -1.000000000000000000 ) ) ;
#133 = ORIENTED_EDGE ( 'NONE', *, *, #2668, .T. ) ;
#134 = CARTESIAN_POINT ( 'NONE',  ( -6.128663263119058513, -8.323771706143375582, 7.000000000000000000 ) ) ;
#135 = AXIS2_PLACEMENT_3D ( 'NONE', #1160, #2423, #2433 ) ;
#136 = ORIENTED_EDGE ( 'NONE', *, *, #1486, .F. ) ;
#137 = CARTESIAN_POINT ( 'NONE',  ( 4.607087090020121067, -8.606757364152828771, 6.999999999999997335 ) ) ;
#138 = DIRECTION ( 'NONE',  ( -0.000000000000000000, 0.000000000000000000, 1.000000000000000000 ) ) ;
#139 = TOROIDAL_SURFACE ( 'NONE', #2414, 11.67869324010137788, 2.000000000000000000 ) ;
#140 = AXIS2_PLACEMENT_3D ( 'NONE', #1545, #2425, #515 ) ;
#141 = AXIS2_PLACEMENT_3D ( 'NONE', #1723, #2429, #1982 ) ;
#142 = DIRECTION ( 'NONE',  ( -0.000000000000000000, 0.000000000000000000, 1.000000000000000000 ) ) ;
#143 = VERTEX_POINT ( 'NONE', #242 ) ;
#144 = AXIS2_PLACEMENT_3D ( 'NONE', #824, #460, #1085 ) ;
#145 = CARTESIAN_POINT ( 'NONE',  ( 0.000000000000000000, 0.000000000000000000, 7.000000000000000000 ) ) ;
#146 = EDGE_CURVE ( 'NONE', #2488, #826, #1705, .T. ) ;
#147 = DIRECTION ( 'NONE',  ( -0.8412535328311842031, 0.5406408174555928925, 0.000000000000000000 ) ) ;
#148 = FACE_OUTER_BOUND ( 'NONE', #1082, .T. ) ;
#149 = VERTEX_POINT ( 'NONE', #827 ) ;
#150 = CARTESIAN_POINT ( 'NONE',  ( -9.451552241617092065, -2.393879743007762961, -1.199999999999999956 ) ) ;
#151 = ORIENTED_EDGE ( 'NONE', *, *, #306, .F. ) ;
#152 = EDGE_CURVE ( 'NONE', #621, #149, #2267, .T. ) ;
#153 = LINE ( 'NONE', #321, #820 ) ;
#154 = DIRECTION ( 'NONE',  ( 1.000000000000000000, 0.000000000000000000, 0.000000000000000000 ) ) ;
#155 = CARTESIAN_POINT ( 'NONE',  ( 1.343324028180502561, 11.92457464882135376, 7.000000000000000000 ) ) ;
#156 = ORIENTED_EDGE ( 'NONE', *, *, #436, .T. ) ;
#157 = CARTESIAN_POINT ( 'NONE',  ( 0.000000000000000000, 0.000000000000000000, -1.199999999999999956 ) ) ;
#158 = LINE ( 'NONE', #186, #678 ) ;
#159 = CARTESIAN_POINT ( 'NONE',  ( 19.82377964241884172, -12.19498089830002741, 4.999999999999997335 ) ) ;
#160 = ORIENTED_EDGE ( 'NONE', *, *, #2558, .T. ) ;
#161 = ORIENTED_EDGE ( 'NONE', *, *, #1727, .T. ) ;
#162 = VERTEX_POINT ( 'NONE', #163 ) ;
#163 = CARTESIAN_POINT ( 'NONE',  ( -6.028027512761525486, 10.37607268215629475, -1.199999999999999956 ) ) ;
#164 = LINE ( 'NONE', #1591, #2189 ) ;
#165 = ADVANCED_FACE ( 'NONE', ( #1046 ), #2762, .T. ) ;
#166 = EDGE_CURVE ( 'NONE', #2384, #2355, #2495, .T. ) ;
#167 = CYLINDRICAL_SURFACE ( 'NONE', #1742, 3.762221576582363003 ) ;
#168 = ORIENTED_EDGE ( 'NONE', *, *, #2455, .F. ) ;
#169 = FACE_OUTER_BOUND ( 'NONE', #2631, .T. ) ;
#170 = DIRECTION ( 'NONE',  ( -0.4154150130018902098, 0.9096319953545166648, 0.000000000000000000 ) ) ;
#171 = LINE ( 'NONE', #416, #1212 ) ;
#172 = ORIENTED_EDGE ( 'NONE', *, *, #2725, .T. ) ;
#173 = VERTEX_POINT ( 'NONE', #2128 ) ;
#174 = EDGE_CURVE ( 'NONE', #1890, #339, #1876, .T. ) ;
#175 = VECTOR ( 'NONE', #853, 999.9999999999998863 ) ;
#176 = CARTESIAN_POINT ( 'NONE',  ( -8.707127529965969615, 8.257477228361501886, -1.199999999999999956 ) ) ;
#177 = DIRECTION ( 'NONE',  ( 1.000000000000000000, 0.000000000000000000, 0.000000000000000000 ) ) ;
#178 = AXIS2_PLACEMENT_3D ( 'NONE', #2591, #619, #687 ) ;
#179 = AXIS2_PLACEMENT_3D ( 'NONE', #228, #1271, #2574 ) ;
#180 = CARTESIAN_POINT ( 'NONE',  ( -10.04909972764970050, 2.421008771658812453, 7.000000000000000000 ) ) ;
#181 = EDGE_CURVE ( 'NONE', #1841, #1544, #2538, .T. ) ;
#182 = VERTEX_POINT ( 'NONE', #176 ) ;
#183 = LINE ( 'NONE', #246, #1347 ) ;
#184 = VECTOR ( 'NONE', #1639, 1000.000000000000000 ) ;
#185 = AXIS2_PLACEMENT_3D ( 'NONE', #1156, #2654, #284 ) ;
#186 = CARTESIAN_POINT ( 'NONE',  ( -11.12833698389885662, -4.490001778706653290, 7.000000000000000000 ) ) ;
#187 = ADVANCED_FACE ( 'NONE', ( #2525 ), #2554, .T. ) ;
#188 = CIRCLE ( 'NONE', #862, 13.67869324010138143 ) ;
#189 = VECTOR ( 'NONE', #1283, 999.9999999999998863 ) ;
#190 = DIRECTION ( 'NONE',  ( 0.4154150130018840481, 0.9096319953545194403, 0.000000000000000000 ) ) ;
#191 = ORIENTED_EDGE ( 'NONE', *, *, #301, .T. ) ;
#192 = CARTESIAN_POINT ( 'NONE',  ( 12.72702284070972567, -1.580561067262503006, -7.189633005253134534 ) ) ;
#193 = DIRECTION ( 'NONE',  ( -1.000000000000000000, 0.000000000000000000, 0.000000000000000000 ) ) ;
#194 = DIRECTION ( 'NONE',  ( -0.4154150130018903209, 0.9096319953545165538, 0.000000000000000000 ) ) ;
#195 = VECTOR ( 'NONE', #860, 1000.000000000000000 ) ;
#196 = ADVANCED_FACE ( 'NONE', ( #612 ), #644, .T. ) ;
#197 = CARTESIAN_POINT ( 'NONE',  ( -8.960702652603004026, 3.842955629672763607, 7.000000000000000000 ) ) ;
#198 = ORIENTED_EDGE ( 'NONE', *, *, #932, .T. ) ;
#199 = CARTESIAN_POINT ( 'NONE',  ( -4.751084474448957096, 9.180026422911224060, -1.199999999999999956 ) ) ;
#200 = FACE_OUTER_BOUND ( 'NONE', #831, .T. ) ;
#201 = DIRECTION ( 'NONE',  ( 1.000000000000000000, 0.000000000000000000, 0.000000000000000000 ) ) ;
#202 = EDGE_CURVE ( 'NONE', #2342, #2585, #577, .T. ) ;
#203 = EDGE_CURVE ( 'NONE', #219, #2454, #1248, .T. ) ;
#204 = CARTESIAN_POINT ( 'NONE',  ( -10.30410784652952749, -0.8191765962152178782, 7.000000000000000000 ) ) ;
#205 = ORIENTED_EDGE ( 'NONE', *, *, #111, .T. ) ;
#206 = VERTEX_POINT ( 'NONE', #2116 ) ;
#207 = ORIENTED_EDGE ( 'NONE', *, *, #334, .T. ) ;
#208 = CARTESIAN_POINT ( 'NONE',  ( 12.72702284070972567, -1.580561067262503006, 5.000000000000000000 ) ) ;
#209 = CARTESIAN_POINT ( 'NONE',  ( 26.40571608081110355, -1.580561067262503006, 5.000000000000000000 ) ) ;
#210 = DIRECTION ( 'NONE',  ( 0.000000000000000000, 0.000000000000000000, 1.000000000000000000 ) ) ;
#211 = ORIENTED_EDGE ( 'NONE', *, *, #1617, .F. ) ;
#212 = EDGE_CURVE ( 'NONE', #149, #1471, #1328, .T. ) ;
#213 = DIRECTION ( 'NONE',  ( 0.000000000000000000, 0.000000000000000000, 1.000000000000000000 ) ) ;
#214 = EDGE_LOOP ( 'NONE', ( #904, #1016, #2737, #690 ) ) ;
#215 = DIRECTION ( 'NONE',  ( -0.000000000000000000, -0.000000000000000000, -1.000000000000000000 ) ) ;
#216 = APPLICATION_CONTEXT ( 'configuration controlled 3d designs of mechanical parts and assemblies' ) ;
#217 = DIRECTION ( 'NONE',  ( 0.000000000000000000, 0.000000000000000000, 1.000000000000000000 ) ) ;
#218 = ORIENTED_EDGE ( 'NONE', *, *, #839, .T. ) ;
#219 = VERTEX_POINT ( 'NONE', #1265 ) ;
#220 = ADVANCED_FACE ( 'NONE', ( #601 ), #1692, .T. ) ;
#221 = CARTESIAN_POINT ( 'NONE',  ( 0.000000000000000000, 0.000000000000000000, 7.000000000000000000 ) ) ;
#222 = DIRECTION ( 'NONE',  ( 0.000000000000000000, 0.000000000000000000, -1.000000000000000000 ) ) ;
#223 = AXIS2_PLACEMENT_3D ( 'NONE', #1675, #2536, #1463 ) ;
#224 = DIRECTION ( 'NONE',  ( -0.000000000000000000, -0.000000000000000000, -1.000000000000000000 ) ) ;
#225 = ORIENTED_EDGE ( 'NONE', *, *, #889, .T. ) ;
#226 = AXIS2_PLACEMENT_3D ( 'NONE', #1041, #1418, #1867 ) ;
#227 = VECTOR ( 'NONE', #437, 1000.000000000000000 ) ;
#228 = CARTESIAN_POINT ( 'NONE',  ( 0.6555888821085128493, 10.31580787075611561, 7.000000000000000000 ) ) ;
#229 = ORIENTED_EDGE ( 'NONE', *, *, #1181, .T. ) ;
#230 = AXIS2_PLACEMENT_3D ( 'NONE', #1909, #879, #1885 ) ;
#231 = VECTOR ( 'NONE', #1171, 1000.000000000000000 ) ;
#232 = CARTESIAN_POINT ( 'NONE',  ( -1.972319854284031670, 10.14670602713487213, 7.000000000000000000 ) ) ;
#233 = ADVANCED_FACE ( 'NONE', ( #840 ), #812, .T. ) ;
#234 = CIRCLE ( 'NONE', #411, 9.750000000000000000 ) ;
#235 = VECTOR ( 'NONE', #828, 1000.000000000000000 ) ;
#236 = DIRECTION ( 'NONE',  ( -0.000000000000000000, -0.000000000000000000, -1.000000000000000000 ) ) ;
#237 = VERTEX_POINT ( 'NONE', #1480 ) ;
#238 = VERTEX_POINT ( 'NONE', #432 ) ;
#239 = CIRCLE ( 'NONE', #1301, 9.750000000000000000 ) ;
#240 = CARTESIAN_POINT ( 'NONE',  ( -9.743131826350435176, 0.3658991860571081389, 7.000000000000000000 ) ) ;
#241 = DIRECTION ( 'NONE',  ( -1.000000000000000000, 0.000000000000000000, 0.000000000000000000 ) ) ;
#242 = CARTESIAN_POINT ( 'NONE',  ( -6.656922612848726217, -7.123754721110439725, -1.199999999999999956 ) ) ;
#243 = EDGE_CURVE ( 'NONE', #2390, #2254, #1415, .T. ) ;
#244 = CARTESIAN_POINT ( 'NONE',  ( 0.000000000000000000, 0.000000000000000000, 7.000000000000000000 ) ) ;
#245 = ORIENTED_EDGE ( 'NONE', *, *, #893, .T. ) ;
#246 = CARTESIAN_POINT ( 'NONE',  ( 36.33051441422968963, -2.804643597556788492, -8.000000000000003553 ) ) ;
#247 = CARTESIAN_POINT ( 'NONE',  ( -2.277266001350169322, 10.08264590114086801, 7.000000000000000000 ) ) ;
#248 = ORIENTED_EDGE ( 'NONE', *, *, #1321, .F. ) ;
#249 = DIRECTION ( 'NONE',  ( 0.000000000000000000, 0.000000000000000000, 1.000000000000000000 ) ) ;
#250 = ORIENTED_EDGE ( 'NONE', *, *, #1453, .T. ) ;
#251 = EDGE_LOOP ( 'NONE', ( #1227, #2552 ) ) ;
#252 = ORIENTED_EDGE ( 'NONE', *, *, #2751, .T. ) ;
#253 = CYLINDRICAL_SURFACE ( 'NONE', #1331, 1.350000000000000089 ) ;
#254 = ADVANCED_FACE ( 'NONE', ( #871 ), #659, .T. ) ;
#255 = CARTESIAN_POINT ( 'NONE',  ( -1.350000000000000089, 0.000000000000000000, 6.099999999999999645 ) ) ;
#256 = DIRECTION ( 'NONE',  ( -1.000000000000000000, 0.000000000000000000, 0.000000000000000000 ) ) ;
#257 = ORIENTED_EDGE ( 'NONE', *, *, #2662, .F. ) ;
#258 = ADVANCED_FACE ( 'NONE', ( #2399 ), #479, .T. ) ;
#259 = CARTESIAN_POINT ( 'NONE',  ( 0.000000000000000000, 0.000000000000000000, 2.100000000000000089 ) ) ;
#260 = ORIENTED_EDGE ( 'NONE', *, *, #2070, .F. ) ;
#261 = DIRECTION ( 'NONE',  ( 1.000000000000000000, 0.000000000000000000, 0.000000000000000000 ) ) ;
#262 = ORIENTED_EDGE ( 'NONE', *, *, #1825, .F. ) ;
#263 = VERTEX_POINT ( 'NONE', #41 ) ;
#264 = DIRECTION ( 'NONE',  ( -0.000000000000000000, 0.000000000000000000, 1.000000000000000000 ) ) ;
#265 = DIRECTION ( 'NONE',  ( 0.000000000000000000, 0.000000000000000000, 1.000000000000000000 ) ) ;
#266 = ADVANCED_FACE ( 'NONE', ( #490 ), #2170, .T. ) ;
#267 = DIRECTION ( 'NONE',  ( 0.000000000000000000, -1.000000000000000000, 0.000000000000000000 ) ) ;
#268 = ORIENTED_EDGE ( 'NONE', *, *, #1103, .F. ) ;
#269 = AXIS2_PLACEMENT_3D ( 'NONE', #1109, #1701, #472 ) ;
#270 = CARTESIAN_POINT ( 'NONE',  ( -9.245380815148957154, 3.096035139153880067, -1.199999999999999956 ) ) ;
#271 = DIRECTION ( 'NONE',  ( -0.000000000000000000, -0.000000000000000000, -1.000000000000000000 ) ) ;
#272 = AXIS2_PLACEMENT_3D ( 'NONE', #2112, #1280, #2757 ) ;
#273 = EDGE_CURVE ( 'NONE', #1917, #615, #2361, .T. ) ;
#274 = CIRCLE ( 'NONE', #178, 2.999999999999999112 ) ;
#275 = AXIS2_PLACEMENT_3D ( 'NONE', #244, #2148, #1093 ) ;
#276 = ORIENTED_EDGE ( 'NONE', *, *, #1092, .T. ) ;
#277 = ORIENTED_EDGE ( 'NONE', *, *, #146, .F. ) ;
#278 = CIRCLE ( 'NONE', #732, 11.67869324010137611 ) ;
#279 = AXIS2_PLACEMENT_3D ( 'NONE', #706, #2401, #1329 ) ;
#280 = DIRECTION ( 'NONE',  ( 0.8412535328311805394, 0.5406408174555985546, 0.000000000000000000 ) ) ;
#281 = LINE ( 'NONE', #255, #1974 ) ;
#282 = CIRCLE ( 'NONE', #2015, 9.750000000000000000 ) ;
#283 = VECTOR ( 'NONE', #215, 1000.000000000000000 ) ;
#284 = DIRECTION ( 'NONE',  ( 1.000000000000000000, 0.000000000000000000, 0.000000000000000000 ) ) ;
#285 = ORIENTED_EDGE ( 'NONE', *, *, #51, .F. ) ;
#286 = EDGE_CURVE ( 'NONE', #1744, #2302, #1911, .T. ) ;
#287 = DIRECTION ( 'NONE',  ( -0.000000000000000000, -0.000000000000000000, -1.000000000000000000 ) ) ;
#288 = ORIENTED_EDGE ( 'NONE', *, *, #496, .T. ) ;
#289 = CARTESIAN_POINT ( 'NONE',  ( -0.9662303906370903750, -10.29135985382434448, -1.199999999999999956 ) ) ;
#290 = ORIENTED_EDGE ( 'NONE', *, *, #1303, .T. ) ;
#291 = ORIENTED_EDGE ( 'NONE', *, *, #2127, .F. ) ;
#292 = CARTESIAN_POINT ( 'NONE',  ( -2.070630938732226145, 11.82000370201147454, 7.000000000000000000 ) ) ;
#293 = CARTESIAN_POINT ( 'NONE',  ( -3.826502395702260806, -9.602268910230696619, 7.000000000000000000 ) ) ;
#294 = LINE ( 'NONE', #1146, #502 ) ;
#295 = EDGE_LOOP ( 'NONE', ( #2714, #786, #262, #2410 ) ) ;
#296 = PERSON_AND_ORGANIZATION_ROLE ( 'classification_officer' ) ;
#297 = PERSON ( '未指定', '未指定', '未指定', ('未指定'), ('未指定'), ('未指定') ) ;
#298 = FACE_BOUND ( 'NONE', #345, .T. ) ;
#299 = EDGE_LOOP ( 'NONE', ( #1503, #1388, #1215, #2561 ) ) ;
#300 = CYLINDRICAL_SURFACE ( 'NONE', #140, 2.000000000000000444 ) ;
#301 = EDGE_CURVE ( 'NONE', #918, #30, #1104, .T. ) ;
#302 = ORIENTED_EDGE ( 'NONE', *, *, #457, .T. ) ;
#303 = EDGE_CURVE ( 'NONE', #1858, #162, #2270, .T. ) ;
#304 = DIRECTION ( 'NONE',  ( 1.000000000000000000, 0.000000000000000000, 0.000000000000000000 ) ) ;
#305 = CARTESIAN_POINT ( 'NONE',  ( -3.894193991759024698, -11.35056179907179441, 7.000000000000000000 ) ) ;
#306 = EDGE_CURVE ( 'NONE', #454, #2149, #1640, .T. ) ;
#307 = CARTESIAN_POINT ( 'NONE',  ( 22.29382294814378440, 6.978646333275111857, 1.785289520260732399 ) ) ;
#308 = COORDINATED_UNIVERSAL_TIME_OFFSET ( 8, 0, .AHEAD. ) ;
#309 = DIRECTION ( 'NONE',  ( 0.1224082530294282045, 0.9924798333418587415, 0.000000000000000000 ) ) ;
#310 = ORIENTED_EDGE ( 'NONE', *, *, #2156, .T. ) ;
#311 = CARTESIAN_POINT ( 'NONE',  ( 0.000000000000000000, 0.000000000000000000, -1.199999999999999956 ) ) ;
#312 = AXIS2_PLACEMENT_3D ( 'NONE', #1048, #1468, #1893 ) ;
#313 = ORIENTED_EDGE ( 'NONE', *, *, #2293, .T. ) ;
#314 = EDGE_CURVE ( 'NONE', #992, #922, #1069, .T. ) ;
#315 = VECTOR ( 'NONE', #2304, 1000.000000000000000 ) ;
#316 = AXIS2_PLACEMENT_3D ( 'NONE', #552, #378, #1391 ) ;
#317 = CYLINDRICAL_SURFACE ( 'NONE', #1469, 12.00000000000000178 ) ;
#318 = CIRCLE ( 'NONE', #768, 3.000000000000002665 ) ;
#319 = DIRECTION ( 'NONE',  ( 1.000000000000000000, 0.000000000000000000, 0.000000000000000000 ) ) ;
#320 = DIRECTION ( 'NONE',  ( 0.1224082530294281490, 0.9924798333418587415, 0.000000000000000000 ) ) ;
#321 = CARTESIAN_POINT ( 'NONE',  ( -8.132302056181712757, 8.824152269029738704, 7.000000000000000000 ) ) ;
#322 = AXIS2_PLACEMENT_3D ( 'NONE', #999, #1842, #116 ) ;
#323 = AXIS2_PLACEMENT_3D ( 'NONE', #1919, #1936, #660 ) ;
#324 = FACE_OUTER_BOUND ( 'NONE', #2385, .T. ) ;
#325 = CIRCLE ( 'NONE', #2730, 13.67869324010137788 ) ;
#326 = DIRECTION ( 'NONE',  ( -1.000000000000000000, 0.000000000000000000, 0.000000000000000000 ) ) ;
#327 = EDGE_LOOP ( 'NONE', ( #2604, #2180, #2161, #1094 ) ) ;
#328 = CARTESIAN_POINT ( 'NONE',  ( 0.000000000000000000, 0.000000000000000000, -1.199999999999999956 ) ) ;
#329 = CARTESIAN_POINT ( 'NONE',  ( 12.72702284070972567, -1.580561067262503006, -7.189633005253134534 ) ) ;
#330 = ORIENTED_EDGE ( 'NONE', *, *, #1558, .F. ) ;
#331 = CARTESIAN_POINT ( 'NONE',  ( 0.000000000000000000, 0.000000000000000000, 7.000000000000000000 ) ) ;
#332 = DIRECTION ( 'NONE',  ( -0.000000000000000000, 0.000000000000000000, 1.000000000000000000 ) ) ;
#333 = ORIENTED_EDGE ( 'NONE', *, *, #174, .T. ) ;
#334 = EDGE_CURVE ( 'NONE', #557, #2354, #2048, .T. ) ;
#335 = CARTESIAN_POINT ( 'NONE',  ( 1.198763378601648160E-15, -9.749999999999998224, 5.062323521921254788 ) ) ;
#336 = DIRECTION ( 'NONE',  ( -0.000000000000000000, -0.000000000000000000, -1.000000000000000000 ) ) ;
#337 = LINE ( 'NONE', #2669, #2136 ) ;
#338 = ADVANCED_FACE ( 'NONE', ( #32 ), #253, .F. ) ;
#339 = VERTEX_POINT ( 'NONE', #958 ) ;
#340 = DIRECTION ( 'NONE',  ( 0.6989601998087303647, -0.7151605687419712032, 0.000000000000000000 ) ) ;
#341 = CARTESIAN_POINT ( 'NONE',  ( -5.025630336801854448, 9.032647924419228147, 7.000000000000000000 ) ) ;
#342 = CARTESIAN_POINT ( 'NONE',  ( 0.000000000000000000, 0.000000000000000000, 7.000000000000000000 ) ) ;
#343 = ORIENTED_EDGE ( 'NONE', *, *, #2074, .F. ) ;
#344 = CYLINDRICAL_SURFACE ( 'NONE', #2140, 3.762221576582363003 ) ;
#345 = EDGE_LOOP ( 'NONE', ( #1078, #473 ) ) ;
#346 = CARTESIAN_POINT ( 'NONE',  ( -1.024417370216223144, 9.696033676282239000, -1.199999999999999956 ) ) ;
#347 = CYLINDRICAL_SURFACE ( 'NONE', #1648, 9.750000000000000000 ) ;
#348 = ADVANCED_FACE ( 'NONE', ( #2372 ), #1964, .T. ) ;
#349 = CARTESIAN_POINT ( 'NONE',  ( -8.410437171827107150, -6.009179260718303439, 7.000000000000000000 ) ) ;
#350 = ORIENTED_EDGE ( 'NONE', *, *, #2676, .T. ) ;
#351 = CARTESIAN_POINT ( 'NONE',  ( -10.11750779506746234, 2.117008461354665361, -1.199999999999999956 ) ) ;
#352 = CARTESIAN_POINT ( 'NONE',  ( 1.343324028180502561, 11.92457464882135376, 7.000000000000000000 ) ) ;
#353 = EDGE_CURVE ( 'NONE', #848, #1934, #753, .T. ) ;
#354 = CIRCLE ( 'NONE', #401, 3.762221576582363003 ) ;
#355 = DIRECTION ( 'NONE',  ( -0.000000000000000000, -0.000000000000000000, -1.000000000000000000 ) ) ;
#356 = EDGE_LOOP ( 'NONE', ( #400, #2471, #1781, #1914 ) ) ;
#357 = ORIENTED_EDGE ( 'NONE', *, *, #1959, .F. ) ;
#358 = CARTESIAN_POINT ( 'NONE',  ( -11.61202473089405629, 3.026694839111618851, -1.200000000000000622 ) ) ;
#359 = VECTOR ( 'NONE', #287, 1000.000000000000000 ) ;
#360 = EDGE_LOOP ( 'NONE', ( #1630, #13, #2168, #1976 ) ) ;
#361 = CARTESIAN_POINT ( 'NONE',  ( 1.986268900092556633, -9.548157885471097117, 6.261118784897943712 ) ) ;
#362 = CARTESIAN_POINT ( 'NONE',  ( 12.72702284070972567, -1.580561067262503006, 3.699999999999999289 ) ) ;
#363 = CIRCLE ( 'NONE', #2459, 12.00000000000000533 ) ;
#364 = AXIS2_PLACEMENT_3D ( 'NONE', #2584, #21, #2556 ) ;
#365 = AXIS2_PLACEMENT_3D ( 'NONE', #289, #67, #2435 ) ;
#366 = AXIS2_PLACEMENT_3D ( 'NONE', #2526, #627, #1494 ) ;
#367 = DIRECTION ( 'NONE',  ( -0.000000000000000000, -0.000000000000000000, -1.000000000000000000 ) ) ;
#368 = ORIENTED_EDGE ( 'NONE', *, *, #2678, .T. ) ;
#369 = AXIS2_PLACEMENT_3D ( 'NONE', #1273, #1706, #2563 ) ;
#370 = DIRECTION ( 'NONE',  ( -0.000000000000000000, -0.000000000000000000, -1.000000000000000000 ) ) ;
#371 = CARTESIAN_POINT ( 'NONE',  ( 0.000000000000000000, 0.000000000000000000, 2.100000000000000089 ) ) ;
#372 = DIRECTION ( 'NONE',  ( -1.000000000000000000, 0.000000000000000000, 0.000000000000000000 ) ) ;
#373 = ORIENTED_EDGE ( 'NONE', *, *, #1236, .T. ) ;
#374 = ORIENTED_EDGE ( 'NONE', *, *, #465, .T. ) ;
#375 = ORIENTED_EDGE ( 'NONE', *, *, #1034, .T. ) ;
#376 = CARTESIAN_POINT ( 'NONE',  ( 29.99339448189627078, -11.43410376191059363, 3.700000000000000178 ) ) ;
#377 = CARTESIAN_POINT ( 'NONE',  ( 2.528598933626910572, 9.416405228794102911, 1.700000000000000178 ) ) ;
#378 = DIRECTION ( 'NONE',  ( 0.000000000000000000, 0.000000000000000000, 1.000000000000000000 ) ) ;
#379 = EDGE_LOOP ( 'NONE', ( #2368, #671, #1269, #625 ) ) ;
#380 = FACE_OUTER_BOUND ( 'NONE', #1020, .T. ) ;
#381 = DIRECTION ( 'NONE',  ( -0.9924798333418586305, 0.1224082530294285237, -0.000000000000000000 ) ) ;
#382 = EDGE_CURVE ( 'NONE', #2302, #1147, #1506, .T. ) ;
#383 = DIRECTION ( 'NONE',  ( -0.000000000000000000, -0.000000000000000000, -1.000000000000000000 ) ) ;
#384 = ORIENTED_EDGE ( 'NONE', *, *, #1071, .F. ) ;
#385 = VERTEX_POINT ( 'NONE', #2446 ) ;
#386 = ADVANCED_FACE ( 'NONE', ( #445 ), #2612, .T. ) ;
#387 = ORIENTED_EDGE ( 'NONE', *, *, #1367, .T. ) ;
#388 = DIRECTION ( 'NONE',  ( -0.000000000000000000, -0.000000000000000000, -1.000000000000000000 ) ) ;
#389 = DIRECTION ( 'NONE',  ( -0.000000000000000000, 0.000000000000000000, 1.000000000000000000 ) ) ;
#390 = EDGE_CURVE ( 'NONE', #1477, #1355, #1536, .T. ) ;
#391 = CARTESIAN_POINT ( 'NONE',  ( -9.891682374222906304, -6.793719143995277321, 7.000000000000000000 ) ) ;
#392 = ORIENTED_EDGE ( 'NONE', *, *, #1505, .T. ) ;
#393 =( NAMED_UNIT ( * ) PLANE_ANGLE_UNIT ( ) SI_UNIT ( $, .RADIAN. ) );
#394 = DIRECTION ( 'NONE',  ( 0.4154150130018842701, 0.9096319953545193293, 0.000000000000000000 ) ) ;
#395 = ORIENTED_EDGE ( 'NONE', *, *, #802, .T. ) ;
#396 = EDGE_CURVE ( 'NONE', #1546, #2165, #1288, .T. ) ;
#397 = DIRECTION ( 'NONE',  ( 1.000000000000000000, 0.000000000000000000, 0.000000000000000000 ) ) ;
#398 = EDGE_LOOP ( 'NONE', ( #2286, #878, #395, #1851, #771 ) ) ;
#399 = AXIS2_PLACEMENT_3D ( 'NONE', #2172, #1136, #962 ) ;
#400 = ORIENTED_EDGE ( 'NONE', *, *, #2573, .T. ) ;
#401 = AXIS2_PLACEMENT_3D ( 'NONE', #247, #665, #636 ) ;
#402 = CARTESIAN_POINT ( 'NONE',  ( 35.04446291530102542, -14.07223541446912130, 4.999999999999997335 ) ) ;
#403 = DIRECTION ( 'NONE',  ( -0.000000000000000000, -0.000000000000000000, -1.000000000000000000 ) ) ;
#404 = VECTOR ( 'NONE', #2472, 999.9999999999998863 ) ;
#405 = CIRCLE ( 'NONE', #902, 3.762221576582363447 ) ;
#406 = FACE_OUTER_BOUND ( 'NONE', #1186, .T. ) ;
#407 = ORIENTED_EDGE ( 'NONE', *, *, #1954, .T. ) ;
#408 = EDGE_CURVE ( 'NONE', #922, #2026, #1090, .T. ) ;
#409 = ADVANCED_FACE ( 'NONE', ( #1616 ), #596, .T. ) ;
#410 = DIRECTION ( 'NONE',  ( 1.000000000000000000, 0.000000000000000000, 0.000000000000000000 ) ) ;
#411 = AXIS2_PLACEMENT_3D ( 'NONE', #328, #1021, #980 ) ;
#412 = VECTOR ( 'NONE', #2402, 999.9999999999998863 ) ;
#413 = DIRECTION ( 'NONE',  ( -0.000000000000000000, -0.000000000000000000, -1.000000000000000000 ) ) ;
#414 = CYLINDRICAL_SURFACE ( 'NONE', #1824, 9.750000000000000000 ) ;
#415 = CIRCLE ( 'NONE', #1924, 4.250000000000000000 ) ;
#416 = CARTESIAN_POINT ( 'NONE',  ( 2.528598933626910572, 9.416405228794102911, -44.17337122566542718 ) ) ;
#417 = ORIENTED_EDGE ( 'NONE', *, *, #522, .T. ) ;
#418 = CARTESIAN_POINT ( 'NONE',  ( -11.40501160019360860, -3.731716816620635147, 7.000000000000000000 ) ) ;
#419 = CARTESIAN_POINT ( 'NONE',  ( -11.99437461453229581, -0.3673929861378426587, 7.000000000000000000 ) ) ;
#420 = LINE ( 'NONE', #1249, #235 ) ;
#421 = CC_DESIGN_APPROVAL ( #1632, ( #2289 ) ) ;
#422 = CARTESIAN_POINT ( 'NONE',  ( -7.576987870392881241, -9.305334750126894150, 7.000000000000000000 ) ) ;
#423 = EDGE_CURVE ( 'NONE', #2115, #2710, #581, .T. ) ;
#424 = CARTESIAN_POINT ( 'NONE',  ( 24.09160987857130465, 5.990852044961183509, 3.281763588740339799 ) ) ;
#425 = ORIENTED_EDGE ( 'NONE', *, *, #1746, .F. ) ;
#426 = EDGE_CURVE ( 'NONE', #2072, #1564, #158, .T. ) ;
#427 = LINE ( 'NONE', #2121, #1120 ) ;
#428 = DIRECTION ( 'NONE',  ( -0.000000000000000000, -0.000000000000000000, -1.000000000000000000 ) ) ;
#429 = DIRECTION ( 'NONE',  ( -0.000000000000000000, 0.000000000000000000, 1.000000000000000000 ) ) ;
#430 = ORIENTED_EDGE ( 'NONE', *, *, #1330, .F. ) ;
#431 = ORIENTED_EDGE ( 'NONE', *, *, #2400, .T. ) ;
#432 = CARTESIAN_POINT ( 'NONE',  ( 2.528598933626910572, 9.416405228794102911, -1.199999999999999956 ) ) ;
#433 = FACE_OUTER_BOUND ( 'NONE', #956, .T. ) ;
#434 = DIRECTION ( 'NONE',  ( -1.000000000000000000, 0.000000000000000000, 0.000000000000000000 ) ) ;
#435 = ORIENTED_EDGE ( 'NONE', *, *, #2699, .F. ) ;
#436 = EDGE_CURVE ( 'NONE', #621, #1858, #2082, .T. ) ;
#437 = DIRECTION ( 'NONE',  ( -0.000000000000000000, -0.000000000000000000, -1.000000000000000000 ) ) ;
#438 = ORIENTED_EDGE ( 'NONE', *, *, #31, .F. ) ;
#439 = FACE_OUTER_BOUND ( 'NONE', #360, .T. ) ;
#440 = CARTESIAN_POINT ( 'NONE',  ( -6.103866304610268578, 7.602980740173119756, 7.000000000000000000 ) ) ;
#441 = ORIENTED_EDGE ( 'NONE', *, *, #1887, .F. ) ;
#442 = VERTEX_POINT ( 'NONE', #2478 ) ;
#443 = ADVANCED_FACE ( 'NONE', ( #1657, #2521 ), #1628, .T. ) ;
#444 = ADVANCED_FACE ( 'NONE', ( #569 ), #1445, .T. ) ;
#445 = FACE_OUTER_BOUND ( 'NONE', #2108, .T. ) ;
#446 = DIRECTION ( 'NONE',  ( 0.8412535328311804284, 0.5406408174555985546, 0.000000000000000000 ) ) ;
#447 = AXIS2_PLACEMENT_3D ( 'NONE', #1450, #1440, #193 ) ;
#448 = CYLINDRICAL_SURFACE ( 'NONE', #2230, 1.750000000000018874 ) ;
#449 = ORIENTED_EDGE ( 'NONE', *, *, #117, .T. ) ;
#450 = AXIS2_PLACEMENT_3D ( 'NONE', #107, #970, #2581 ) ;
#451 = PERSON_AND_ORGANIZATION ( #297, #914 ) ;
#452 = AXIS2_PLACEMENT_3D ( 'NONE', #940, #2645, #309 ) ;
#453 = CARTESIAN_POINT ( 'NONE',  ( -1.350000000000000089, 0.000000000000000000, 6.099999999999999645 ) ) ;
#454 = VERTEX_POINT ( 'NONE', #352 ) ;
#455 = AXIS2_PLACEMENT_3D ( 'NONE', #2002, #332, #757 ) ;
#456 = CARTESIAN_POINT ( 'NONE',  ( 31.74772410894415131, 2.789910818712262319, -1.199999999999999956 ) ) ;
#457 = EDGE_CURVE ( 'NONE', #1126, #899, #852, .T. ) ;
#458 = AXIS2_PLACEMENT_3D ( 'NONE', #929, #1768, #1785 ) ;
#459 = AXIS2_PLACEMENT_3D ( 'NONE', #933, #1318, #1992 ) ;
#460 = DIRECTION ( 'NONE',  ( -0.000000000000000000, -0.000000000000000000, -1.000000000000000000 ) ) ;
#461 = VERTEX_POINT ( 'NONE', #1199 ) ;
#462 = ORIENTED_EDGE ( 'NONE', *, *, #1286, .F. ) ;
#463 = CIRCLE ( 'NONE', #1038, 11.67869324010137966 ) ;
#464 = CARTESIAN_POINT ( 'NONE',  ( 0.000000000000000000, 0.000000000000000000, -1.199999999999999956 ) ) ;
#465 = EDGE_CURVE ( 'NONE', #2254, #1540, #2294, .T. ) ;
#466 = DIRECTION ( 'NONE',  ( -0.000000000000000000, -0.000000000000000000, -1.000000000000000000 ) ) ;
#467 = DIRECTION ( 'NONE',  ( -0.000000000000000000, -0.000000000000000000, -1.000000000000000000 ) ) ;
#468 = CC_DESIGN_SECURITY_CLASSIFICATION ( #2648, ( #2289 ) ) ;
#469 = CARTESIAN_POINT ( 'NONE',  ( -8.960702652603004026, 3.842955629672763607, -1.199999999999999956 ) ) ;
#470 = ORIENTED_EDGE ( 'NONE', *, *, #2224, .T. ) ;
#471 = APPROVAL_DATE_TIME ( #1728, #1632 ) ;
#472 = DIRECTION ( 'NONE',  ( -1.000000000000000000, 0.000000000000000000, 0.000000000000000000 ) ) ;
#473 = ORIENTED_EDGE ( 'NONE', *, *, #1247, .F. ) ;
#474 = CARTESIAN_POINT ( 'NONE',  ( -7.144944486281366913, 7.469635673622618377, 7.000000000000000000 ) ) ;
#475 = DIRECTION ( 'NONE',  ( 1.000000000000000000, 0.000000000000000000, 0.000000000000000000 ) ) ;
#476 = VERTEX_POINT ( 'NONE', #2466 ) ;
#477 = EDGE_LOOP ( 'NONE', ( #1223, #610, #2661, #2492 ) ) ;
#478 = EDGE_CURVE ( 'NONE', #534, #461, #2223, .T. ) ;
#479 = CYLINDRICAL_SURFACE ( 'NONE', #806, 3.762221576582363003 ) ;
#480 = CARTESIAN_POINT ( 'NONE',  ( 29.01687483359759412, -3.794655843912281945, -1.199999999999999956 ) ) ;
#481 = CARTESIAN_POINT ( 'NONE',  ( 24.90895252706315333, 4.640953046965335282, 3.699999999999999289 ) ) ;
#482 = EDGE_LOOP ( 'NONE', ( #1192, #2742, #2091, #1688 ) ) ;
#483 = EDGE_CURVE ( 'NONE', #2384, #1564, #2094, .T. ) ;
#484 = APPROVAL_STATUS ( 'not_yet_approved' ) ;
#485 = DIRECTION ( 'NONE',  ( -0.000000000000000000, 0.000000000000000000, 1.000000000000000000 ) ) ;
#486 = EDGE_LOOP ( 'NONE', ( #1037, #715, #1404, #1295 ) ) ;
#487 = DIRECTION ( 'NONE',  ( -0.000000000000000000, 0.000000000000000000, 1.000000000000000000 ) ) ;
#488 = ORIENTED_EDGE ( 'NONE', *, *, #2261, .T. ) ;
#489 = ORIENTED_EDGE ( 'NONE', *, *, #202, .F. ) ;
#490 = FACE_OUTER_BOUND ( 'NONE', #2369, .T. ) ;
#491 = DIRECTION ( 'NONE',  ( -0.000000000000000000, -0.000000000000000000, -1.000000000000000000 ) ) ;
#492 = DIRECTION ( 'NONE',  ( 0.000000000000000000, 0.000000000000000000, 1.000000000000000000 ) ) ;
#493 = EDGE_LOOP ( 'NONE', ( #1488, #1915, #1847, #350 ) ) ;
#494 = AXIS2_PLACEMENT_3D ( 'NONE', #1316, #2184, #896 ) ;
#495 = CARTESIAN_POINT ( 'NONE',  ( 0.000000000000000000, 0.000000000000000000, -1.199999999999999956 ) ) ;
#496 = EDGE_CURVE ( 'NONE', #1762, #566, #46, .T. ) ;
#497 = EDGE_CURVE ( 'NONE', #534, #2254, #2453, .T. ) ;
#498 = ORIENTED_EDGE ( 'NONE', *, *, #1808, .F. ) ;
#499 = DIRECTION ( 'NONE',  ( 1.000000000000000000, 0.000000000000000000, 0.000000000000000000 ) ) ;
#500 = AXIS2_PLACEMENT_3D ( 'NONE', #2079, #592, #2461 ) ;
#501 = AXIS2_PLACEMENT_3D ( 'NONE', #2679, #773, #1620 ) ;
#502 = VECTOR ( 'NONE', #1994, 1000.000000000000000 ) ;
#503 = ORIENTED_EDGE ( 'NONE', *, *, #1399, .T. ) ;
#504 = ORIENTED_EDGE ( 'NONE', *, *, #31, .T. ) ;
#505 = VECTOR ( 'NONE', #49, 1000.000000000000000 ) ;
#506 = AXIS2_PLACEMENT_3D ( 'NONE', #1805, #532, #1007 ) ;
#507 = CARTESIAN_POINT ( 'NONE',  ( 3.535331853275972325, 9.713244437154374467, 7.000000000000000000 ) ) ;
#508 = AXIS2_PLACEMENT_3D ( 'NONE', #1845, #1801, #785 ) ;
#509 = CARTESIAN_POINT ( 'NONE',  ( -3.894193991759024698, -11.35056179907179441, -1.199999999999999956 ) ) ;
#510 = CYLINDRICAL_SURFACE ( 'NONE', #1336, 12.00000000000000178 ) ;
#511 = ORIENTED_EDGE ( 'NONE', *, *, #1676, .F. ) ;
#512 = ADVANCED_FACE ( 'NONE', ( #1240 ), #2095, .T. ) ;
#513 = DIRECTION ( 'NONE',  ( -0.000000000000000000, 0.000000000000000000, 1.000000000000000000 ) ) ;
#514 = ORIENTED_EDGE ( 'NONE', *, *, #92, .F. ) ;
#515 = DIRECTION ( 'NONE',  ( -0.1224082530294286625, -0.9924798333418585194, 0.000000000000000000 ) ) ;
#516 = EDGE_CURVE ( 'NONE', #744, #1355, #1198, .T. ) ;
#517 = ORIENTED_EDGE ( 'NONE', *, *, #2678, .F. ) ;
#518 = ORIENTED_EDGE ( 'NONE', *, *, #567, .T. ) ;
#519 = DIRECTION ( 'NONE',  ( 0.1423148382732818684, 0.9898214418809332393, 0.000000000000000000 ) ) ;
#520 = CARTESIAN_POINT ( 'NONE',  ( 24.37826735065150885, 5.585689704678606482, -7.189633005253134534 ) ) ;
#521 = DIRECTION ( 'NONE',  ( -0.5238987852240168941, 0.8517805250419848706, 0.000000000000000000 ) ) ;
#522 = EDGE_CURVE ( 'NONE', #1654, #2390, #901, .T. ) ;
#523 = DIRECTION ( 'NONE',  ( -1.000000000000000000, 0.000000000000000000, 0.000000000000000000 ) ) ;
#524 = VERTEX_POINT ( 'NONE', #128 ) ;
#525 = CYLINDRICAL_SURFACE ( 'NONE', #772, 9.750000000000000000 ) ;
#526 = EDGE_LOOP ( 'NONE', ( #2436, #1484 ) ) ;
#527 = DIRECTION ( 'NONE',  ( -0.000000000000000000, 0.000000000000000000, 1.000000000000000000 ) ) ;
#528 = EDGE_CURVE ( 'NONE', #2462, #1763, #981, .T. ) ;
#529 = EDGE_CURVE ( 'NONE', #2026, #339, #2490, .T. ) ;
#530 = CARTESIAN_POINT ( 'NONE',  ( 22.65182117412830465, -2.804643597556788492, 1.700000000000000178 ) ) ;
#531 = CARTESIAN_POINT ( 'NONE',  ( 6.238211372096515106, 7.507547631843261904, 6.936691659741990534 ) ) ;
#532 = DIRECTION ( 'NONE',  ( 0.000000000000000000, 0.000000000000000000, 1.000000000000000000 ) ) ;
#533 = PLANE ( 'NONE',  #2544 ) ;
#534 = VERTEX_POINT ( 'NONE', #2589 ) ;
#535 = CARTESIAN_POINT ( 'NONE',  ( -6.376773933753629109, -8.135259246422229751, 7.000000000000000000 ) ) ;
#536 = B_SPLINE_CURVE_WITH_KNOTS ( 'NONE', 3,
 ( #1495, #2540, #424, #1665, #2358, #1294, #2528, #614, #1454, #2314, #307, #953 ),
 .UNSPECIFIED., .F., .F.,
 ( 4, 2, 2, 2, 2, 4 ),
 ( 0.000000000000000000, 0.0008091271909921580498, 0.001618254381984316100, 0.002427381572976474149, 0.002831945168472553391, 0.003236508763968633500 ),
 .UNSPECIFIED. ) ;
#537 = CARTESIAN_POINT ( 'NONE',  ( -9.680416949197244492, 1.162767255169660618, 7.000000000000000000 ) ) ;
#538 = ORIENTED_EDGE ( 'NONE', *, *, #1716, .T. ) ;
#539 = AXIS2_PLACEMENT_3D ( 'NONE', #2055, #1011, #1219 ) ;
#540 = TOROIDAL_SURFACE ( 'NONE', #1511, 1.000000000000000000, 2.000000000000000000 ) ;
#541 = CIRCLE ( 'NONE', #1028, 4.250000000000000000 ) ;
#542 = CARTESIAN_POINT ( 'NONE',  ( -7.576987870392881241, -9.305334750126894150, 7.000000000000000000 ) ) ;
#543 = AXIS2_PLACEMENT_3D ( 'NONE', #1313, #752, #1561 ) ;
#544 = CARTESIAN_POINT ( 'NONE',  ( 0.9370490911145917812, 7.597545939643173263, 7.000000000000000000 ) ) ;
#545 = AXIS2_PLACEMENT_3D ( 'NONE', #34, #1725, #858 ) ;
#546 = EDGE_CURVE ( 'NONE', #1477, #848, #1550, .T. ) ;
#547 = ORIENTED_EDGE ( 'NONE', *, *, #1497, .T. ) ;
#548 = DIRECTION ( 'NONE',  ( 1.000000000000000000, 0.000000000000000000, 0.000000000000000000 ) ) ;
#549 = AXIS2_PLACEMENT_3D ( 'NONE', #1289, #2144, #241 ) ;
#550 = FACE_OUTER_BOUND ( 'NONE', #1323, .T. ) ;
#551 = AXIS2_PLACEMENT_3D ( 'NONE', #2263, #2438, #2284 ) ;
#552 = CARTESIAN_POINT ( 'NONE',  ( 0.000000000000000000, 0.000000000000000000, -1.199999999999999956 ) ) ;
#553 = ORIENTED_EDGE ( 'NONE', *, *, #1568, .T. ) ;
#554 = DIRECTION ( 'NONE',  ( -0.000000000000000000, -0.000000000000000000, -1.000000000000000000 ) ) ;
#555 = CARTESIAN_POINT ( 'NONE',  ( 0.000000000000000000, 0.000000000000000000, -1.199999999999999956 ) ) ;
#556 = CIRCLE ( 'NONE', #2109, 1.750000000000018874 ) ;
#557 = VERTEX_POINT ( 'NONE', #2545 ) ;
#558 = EDGE_CURVE ( 'NONE', #2580, #1126, #1962, .T. ) ;
#559 = DIRECTION ( 'NONE',  ( -0.000000000000000000, 0.000000000000000000, 1.000000000000000000 ) ) ;
#560 = ORIENTED_EDGE ( 'NONE', *, *, #1991, .T. ) ;
#561 = DIRECTION ( 'NONE',  ( 0.8412535328311805394, 0.5406408174555986657, 0.000000000000000000 ) ) ;
#562 = EDGE_LOOP ( 'NONE', ( #1300, #2252, #2198, #788 ) ) ;
#563 = CARTESIAN_POINT ( 'NONE',  ( -10.68082785797387224, 5.469910078632857164, 7.000000000000000000 ) ) ;
#564 = FACE_OUTER_BOUND ( 'NONE', #1707, .T. ) ;
#565 = CYLINDRICAL_SURFACE ( 'NONE', #1820, 3.762221576582363003 ) ;
#566 = VERTEX_POINT ( 'NONE', #2133 ) ;
#567 = EDGE_CURVE ( 'NONE', #1471, #663, #354, .T. ) ;
#568 = CARTESIAN_POINT ( 'NONE',  ( 20.88996460131584954, -9.932701967016424049, 5.000000000000000000 ) ) ;
#569 = FACE_OUTER_BOUND ( 'NONE', #926, .T. ) ;
#570 = CARTESIAN_POINT ( 'NONE',  ( 32.11494886803243531, 5.767350318737838322, -44.17337122566542718 ) ) ;
#571 = ORIENTED_EDGE ( 'NONE', *, *, #1286, .T. ) ;
#572 = CYLINDRICAL_SURFACE ( 'NONE', #1075, 3.762221576582363003 ) ;
#573 = ORIENTED_EDGE ( 'NONE', *, *, #2716, .T. ) ;
#574 = CARTESIAN_POINT ( 'NONE',  ( 0.1362646693351455829, -9.749152079803618420, 5.267356371990487673 ) ) ;
#575 = DIRECTION ( 'NONE',  ( 0.9924798333418586305, -0.1224082530294287041, -0.000000000000000000 ) ) ;
#576 = LINE ( 'NONE', #391, #2500 ) ;
#577 = B_SPLINE_CURVE_WITH_KNOTS ( 'NONE', 3,
 ( #2752, #2076, #1891, #2310 ),
 .UNSPECIFIED., .F., .F.,
 ( 4, 4 ),
 ( 0.000000000000000000, 0.001101965162837668802 ),
 .UNSPECIFIED. ) ;
#578 = ORIENTED_EDGE ( 'NONE', *, *, #1541, .F. ) ;
#579 = LINE ( 'NONE', #2234, #184 ) ;
#580 = EDGE_CURVE ( 'NONE', #1050, #173, #2316, .T. ) ;
#581 = LINE ( 'NONE', #1641, #1736 ) ;
#582 = AXIS2_PLACEMENT_3D ( 'NONE', #1853, #2506, #2250 ) ;
#583 = CARTESIAN_POINT ( 'NONE',  ( 12.72702284070972567, -1.580561067262503006, 7.000000000000000000 ) ) ;
#584 = ORIENTED_EDGE ( 'NONE', *, *, #1558, .T. ) ;
#585 = VERTEX_POINT ( 'NONE', #2380 ) ;
#586 = CARTESIAN_POINT ( 'NONE',  ( 4.915614765465730507, 8.423089458553722153, 6.518791818074224587 ) ) ;
#587 = CARTESIAN_POINT ( 'NONE',  ( 0.000000000000000000, 0.000000000000000000, 7.000000000000000000 ) ) ;
#588 = AXIS2_PLACEMENT_3D ( 'NONE', #1848, #1006, #1634 ) ;
#589 = CIRCLE ( 'NONE', #729, 13.67869324010137788 ) ;
#590 = CIRCLE ( 'NONE', #2685, 9.750000000000000000 ) ;
#591 = AXIS2_PLACEMENT_3D ( 'NONE', #1664, #2740, #194 ) ;
#592 = DIRECTION ( 'NONE',  ( 0.000000000000000000, 0.000000000000000000, 1.000000000000000000 ) ) ;
#593 = VERTEX_POINT ( 'NONE', #1517 ) ;
#594 = ADVANCED_FACE ( 'NONE', ( #47 ), #844, .T. ) ;
#595 = DIRECTION ( 'NONE',  ( 0.000000000000000000, 0.000000000000000000, 1.000000000000000000 ) ) ;
#596 = CYLINDRICAL_SURFACE ( 'NONE', #1159, 9.750000000000000000 ) ;
#597 = EDGE_CURVE ( 'NONE', #1101, #1150, #1311, .T. ) ;
#598 = CARTESIAN_POINT ( 'NONE',  ( 2.528598933626910572, 9.416405228794102911, -1.199999999999999956 ) ) ;
#599 = ORIENTED_EDGE ( 'NONE', *, *, #546, .T. ) ;
#600 = ORIENTED_EDGE ( 'NONE', *, *, #2083, .T. ) ;
#601 = FACE_OUTER_BOUND ( 'NONE', #2125, .T. ) ;
#602 = CARTESIAN_POINT ( 'NONE',  ( 31.87013236197357813, 3.782390652054121283, 1.700000000000000178 ) ) ;
#603 = DIRECTION ( 'NONE',  ( -1.000000000000000000, 0.000000000000000000, -0.000000000000000000 ) ) ;
#604 = ORIENTED_EDGE ( 'NONE', *, *, #2070, .T. ) ;
#605 = B_SPLINE_CURVE_WITH_KNOTS ( 'NONE', 3,
 ( #2759, #1243, #2100, #2749, #2340, #1460, #2719, #2114 ),
 .UNSPECIFIED., .F., .F.,
 ( 4, 2, 2, 4 ),
 ( -1.095445772280277426E-05, 0.001617395141083346165, 0.002431569940486420257, 0.003245744739889494784 ),
 .UNSPECIFIED. ) ;
#606 = APPLICATION_PROTOCOL_DEFINITION ( 'international standard', 'config_control_design', 1994, #216 ) ;
#607 = ADVANCED_FACE ( 'NONE', ( #877 ), #1729, .T. ) ;
#608 = DIRECTION ( 'NONE',  ( -0.000000000000000000, -0.000000000000000000, -1.000000000000000000 ) ) ;
#609 = CYLINDRICAL_SURFACE ( 'NONE', #1083, 12.00000000000000178 ) ;
#610 = ORIENTED_EDGE ( 'NONE', *, *, #1453, .F. ) ;
#611 = ADVANCED_FACE ( 'NONE', ( #1942 ), #1955, .T. ) ;
#612 = FACE_OUTER_BOUND ( 'NONE', #53, .T. ) ;
#613 = LINE ( 'NONE', #1235, #2233 ) ;
#614 = CARTESIAN_POINT ( 'NONE',  ( 22.70558892760373126, 6.883191698112717916, 2.127792122356512827 ) ) ;
#615 = VERTEX_POINT ( 'NONE', #453 ) ;
#616 = LINE ( 'NONE', #2336, #195 ) ;
#617 = PLANE ( 'NONE',  #1200 ) ;
#618 = EDGE_CURVE ( 'NONE', #206, #2750, #1897, .T. ) ;
#619 = DIRECTION ( 'NONE',  ( 0.000000000000000000, -0.000000000000000000, -1.000000000000000000 ) ) ;
#620 = DIRECTION ( 'NONE',  ( 0.000000000000000000, 0.000000000000000000, -1.000000000000000000 ) ) ;
#621 = VERTEX_POINT ( 'NONE', #2531 ) ;
#622 = ORIENTED_EDGE ( 'NONE', *, *, #1051, .T. ) ;
#623 = EDGE_CURVE ( 'NONE', #593, #2044, #427, .T. ) ;
#624 = AXIS2_PLACEMENT_3D ( 'NONE', #1060, #1073, #2568 ) ;
#625 = ORIENTED_EDGE ( 'NONE', *, *, #2040, .T. ) ;
#626 = DIRECTION ( 'NONE',  ( 1.000000000000000000, 0.000000000000000000, 0.000000000000000000 ) ) ;
#627 = DIRECTION ( 'NONE',  ( -0.000000000000000000, -0.000000000000000000, 1.000000000000000000 ) ) ;
#628 = CIRCLE ( 'NONE', #1419, 12.00000000000000355 ) ;
#629 = EDGE_CURVE ( 'NONE', #77, #1147, #2319, .T. ) ;
#630 = CIRCLE ( 'NONE', #1832, 9.750000000000000000 ) ;
#631 = DIRECTION ( 'NONE',  ( -0.000000000000000000, -0.000000000000000000, -1.000000000000000000 ) ) ;
#632 = ORIENTED_EDGE ( 'NONE', *, *, #1617, .T. ) ;
#633 = DIRECTION ( 'NONE',  ( 0.9924798333418586305, -0.1224082530294285237, 0.000000000000000000 ) ) ;
#634 = AXIS2_PLACEMENT_3D ( 'NONE', #2658, #2014, #1141 ) ;
#635 = CIRCLE ( 'NONE', #2280, 12.00000000000000533 ) ;
#636 = DIRECTION ( 'NONE',  ( 0.8412535328311805394, 0.5406408174555986657, 0.000000000000000000 ) ) ;
#637 = VECTOR ( 'NONE', #2059, 1000.000000000000000 ) ;
#638 = DIRECTION ( 'NONE',  ( -0.000000000000000000, -0.000000000000000000, -1.000000000000000000 ) ) ;
#639 = DIRECTION ( 'NONE',  ( 0.000000000000000000, 0.000000000000000000, 1.000000000000000000 ) ) ;
#640 = EDGE_LOOP ( 'NONE', ( #2154, #229, #392, #333, #22, #2469 ) ) ;
#641 = ORIENTED_EDGE ( 'NONE', *, *, #1521, .T. ) ;
#642 = APPROVAL_PERSON_ORGANIZATION ( #2643, #1632, #1953 ) ;
#643 = ADVANCED_FACE ( 'NONE', ( #2560 ), #617, .T. ) ;
#644 = CYLINDRICAL_SURFACE ( 'NONE', #447, 3.762221576582363003 ) ;
#645 = CARTESIAN_POINT ( 'NONE',  ( -6.039487577932532325, 10.08264590114086801, 7.000000000000000000 ) ) ;
#646 = FACE_OUTER_BOUND ( 'NONE', #29, .T. ) ;
#647 = DIRECTION ( 'NONE',  ( -0.000000000000000000, -0.000000000000000000, -1.000000000000000000 ) ) ;
#648 = DIRECTION ( 'NONE',  ( -0.000000000000000000, -0.000000000000000000, -1.000000000000000000 ) ) ;
#649 = ORIENTED_EDGE ( 'NONE', *, *, #2609, .F. ) ;
#650 = DIRECTION ( 'NONE',  ( -0.8412535328311843141, 0.5406408174555928925, 0.000000000000000000 ) ) ;
#651 = APPLICATION_CONTEXT ( 'configuration controlled 3d designs of mechanical parts and assemblies' ) ;
#652 = FACE_OUTER_BOUND ( 'NONE', #1275, .T. ) ;
#653 = ADVANCED_FACE ( 'NONE', ( #652 ), #2636, .T. ) ;
#654 = ORIENTED_EDGE ( 'NONE', *, *, #1095, .T. ) ;
#655 = CARTESIAN_POINT ( 'NONE',  ( -8.394264104813469629, -4.959720772245162834, -1.199999999999999956 ) ) ;
#656 = DIRECTION ( 'NONE',  ( -0.4154150130018903764, 0.9096319953545165538, 0.000000000000000000 ) ) ;
#657 = ORIENTED_EDGE ( 'NONE', *, *, #2143, .T. ) ;
#658 = ORIENTED_EDGE ( 'NONE', *, *, #2474, .T. ) ;
#659 = CYLINDRICAL_SURFACE ( 'NONE', #1638, 3.762221576582363003 ) ;
#660 = DIRECTION ( 'NONE',  ( 1.000000000000000000, -1.156482317317870344E-15, 0.000000000000000000 ) ) ;
#661 = EDGE_CURVE ( 'NONE', #1062, #744, #24, .T. ) ;
#662 = CARTESIAN_POINT ( 'NONE',  ( -5.079080831267307694, -8.322586010937525813, 7.000000000000000000 ) ) ;
#663 = VERTEX_POINT ( 'NONE', #1299 ) ;
#664 = CARTESIAN_POINT ( 'NONE',  ( -4.250000000000000000, 0.000000000000000000, -1.199999999999999956 ) ) ;
#665 = DIRECTION ( 'NONE',  ( 0.000000000000000000, 0.000000000000000000, 1.000000000000000000 ) ) ;
#666 = ORIENTED_EDGE ( 'NONE', *, *, #301, .F. ) ;
#667 = DIRECTION ( 'NONE',  ( -1.000000000000000000, 0.000000000000000000, 0.000000000000000000 ) ) ;
#668 = ADVANCED_FACE ( 'NONE', ( #200 ), #2458, .T. ) ;
#669 = DIRECTION ( 'NONE',  ( 0.000000000000000000, 0.000000000000000000, 1.000000000000000000 ) ) ;
#670 = ORIENTED_EDGE ( 'NONE', *, *, #755, .T. ) ;
#671 = ORIENTED_EDGE ( 'NONE', *, *, #1034, .F. ) ;
#672 = DIRECTION ( 'NONE',  ( 1.000000000000000000, -1.156482317317870344E-15, 0.000000000000000000 ) ) ;
#673 = CARTESIAN_POINT ( 'NONE',  ( 22.65182117412830465, -2.804643597556788492, 3.700000000000000178 ) ) ;
#674 = FACE_OUTER_BOUND ( 'NONE', #2208, .T. ) ;
#675 = AXIS2_PLACEMENT_3D ( 'NONE', #1588, #1993, #935 ) ;
#676 = DIRECTION ( 'NONE',  ( -0.1423148382732887796, 0.9898214418809321291, 0.000000000000000000 ) ) ;
#677 = VERTEX_POINT ( 'NONE', #903 ) ;
#678 = VECTOR ( 'NONE', #1406, 1000.000000000000000 ) ;
#679 = COORDINATED_UNIVERSAL_TIME_OFFSET ( 8, 0, .AHEAD. ) ;
#680 = AXIS2_PLACEMENT_3D ( 'NONE', #2639, #1169, #736 ) ;
#681 = CIRCLE ( 'NONE', #2371, 9.750000000000000000 ) ;
#682 = EDGE_CURVE ( 'NONE', #1150, #2354, #1554, .T. ) ;
#683 = CARTESIAN_POINT ( 'NONE',  ( 0.000000000000000000, 0.000000000000000000, 7.000000000000000000 ) ) ;
#684 = VERTEX_POINT ( 'NONE', #2011 ) ;
#685 = CIRCLE ( 'NONE', #543, 3.762221576582363891 ) ;
#686 = CIRCLE ( 'NONE', #1203, 12.00000000000000355 ) ;
#687 = DIRECTION ( 'NONE',  ( 1.000000000000000000, 2.602085213965211430E-15, 0.000000000000000000 ) ) ;
#688 = VECTOR ( 'NONE', #1115, 1000.000000000000000 ) ;
#689 = EDGE_LOOP ( 'NONE', ( #1132, #1952, #1884, #470 ) ) ;
#690 = ORIENTED_EDGE ( 'NONE', *, *, #203, .T. ) ;
#691 = EDGE_CURVE ( 'NONE', #2420, #143, #405, .T. ) ;
#692 = VECTOR ( 'NONE', #355, 1000.000000000000000 ) ;
#693 = DIRECTION ( 'NONE',  ( -0.9924798333418586305, 0.1224082530294287041, 0.000000000000000000 ) ) ;
#694 = FACE_OUTER_BOUND ( 'NONE', #65, .T. ) ;
#695 = EDGE_CURVE ( 'NONE', #1660, #2342, #1543, .T. ) ;
#696 =( GEOMETRIC_REPRESENTATION_CONTEXT ( 3 ) GLOBAL_UNCERTAINTY_ASSIGNED_CONTEXT ( ( #2391 ) ) GLOBAL_UNIT_ASSIGNED_CONTEXT ( ( #1096, #393, #1941 ) ) REPRESENTATION_CONTEXT ( 'NONE', 'WORKASPACE' ) );
#697 = CARTESIAN_POINT ( 'NONE',  ( 35.04446291530102542, -14.07223541446912130, 1.700000000000000178 ) ) ;
#698 = EDGE_LOOP ( 'NONE', ( #2738, #126, #584, #869 ) ) ;
#699 = FACE_OUTER_BOUND ( 'NONE', #2755, .T. ) ;
#700 = ORIENTED_EDGE ( 'NONE', *, *, #166, .F. ) ;
#701 = FACE_OUTER_BOUND ( 'NONE', #44, .T. ) ;
#702 = MANIFOLD_SOLID_BREP ( '移动面3', #1735 ) ;
#703 = VERTEX_POINT ( 'NONE', #1759 ) ;
#704 = VERTEX_POINT ( 'NONE', #1766 ) ;
#705 = CARTESIAN_POINT ( 'NONE',  ( 0.9370490911145918922, 7.597545939643174151, 1.700000000000000178 ) ) ;
#706 = CARTESIAN_POINT ( 'NONE',  ( 31.74772410894415131, 2.789910818712262319, 1.700000000000000178 ) ) ;
#707 = ADVANCED_FACE ( 'NONE', ( #699 ), #2231, .F. ) ;
#708 = CARTESIAN_POINT ( 'NONE',  ( -2.070630938732226145, 11.82000370201147454, -1.200000000000000622 ) ) ;
#709 = ORIENTED_EDGE ( 'NONE', *, *, #2176, .F. ) ;
#710 = PERSON_AND_ORGANIZATION ( #297, #914 ) ;
#711 = DIRECTION ( 'NONE',  ( 1.000000000000000000, 0.000000000000000000, 0.000000000000000000 ) ) ;
#712 = ORIENTED_EDGE ( 'NONE', *, *, #1863, .T. ) ;
#713 = CARTESIAN_POINT ( 'NONE',  ( 0.000000000000000000, 0.000000000000000000, -1.199999999999999956 ) ) ;
#714 = EDGE_LOOP ( 'NONE', ( #310, #1985, #1752, #1502, #2181, #811, #657, #1086, #2565, #843, #2101, #2351, #384, #218, #2443, #1559, #1734, #136, #1366, #849, #518, #1098, #168, #6, #417, #979, #937, #2291, #69, #1751, #1044, #2177, #1846, #599, #330, #1900, #40, #1857, #1943, #916, #1285, #1026, #1496, #2476, #2657, #2126, #2037, #921, #571, #160, #54, #425, #488, #1314 ) ) ;
#715 = ORIENTED_EDGE ( 'NONE', *, *, #396, .F. ) ;
#716 = EDGE_CURVE ( 'NONE', #62, #2029, #2228, .T. ) ;
#717 = LINE ( 'NONE', #2209, #1080 ) ;
#718 = CARTESIAN_POINT ( 'NONE',  ( 29.74857797583741714, -13.41906342859431156, 1.700000000000000178 ) ) ;
#719 = DIRECTION ( 'NONE',  ( -0.000000000000000000, -0.000000000000000000, -1.000000000000000000 ) ) ;
#720 = ORIENTED_EDGE ( 'NONE', *, *, #2437, .T. ) ;
#721 = EDGE_CURVE ( 'NONE', #918, #986, #982, .T. ) ;
#722 = VECTOR ( 'NONE', #1264, 1000.000000000000000 ) ;
#723 = SECURITY_CLASSIFICATION_LEVEL ( 'unclassified' ) ;
#724 = AXIS2_PLACEMENT_3D ( 'NONE', #2693, #1883, #1843 ) ;
#725 = DIRECTION ( 'NONE',  ( -0.8412535328311842031, 0.5406408174555928925, 0.000000000000000000 ) ) ;
#726 = ORIENTED_EDGE ( 'NONE', *, *, #597, .F. ) ;
#727 = DIRECTION ( 'NONE',  ( 0.4154150130018840481, 0.9096319953545194403, 0.000000000000000000 ) ) ;
#728 = CIRCLE ( 'NONE', #452, 2.000000000000000000 ) ;
#729 = AXIS2_PLACEMENT_3D ( 'NONE', #362, #1390, #1184 ) ;
#730 = ORIENTED_EDGE ( 'NONE', *, *, #2751, .F. ) ;
#731 = ORIENTED_EDGE ( 'NONE', *, *, #938, .F. ) ;
#732 = AXIS2_PLACEMENT_3D ( 'NONE', #1797, #2621, #2632 ) ;
#733 = CIRCLE ( 'NONE', #1426, 13.67869324010138143 ) ;
#734 = CARTESIAN_POINT ( 'NONE',  ( 22.65182117412830465, -2.804643597556788492, 1.700000000000000178 ) ) ;
#735 = VECTOR ( 'NONE', #383, 1000.000000000000000 ) ;
#736 = DIRECTION ( 'NONE',  ( 0.1224082530294285653, 0.9924798333418586305, 0.000000000000000000 ) ) ;
#737 = ADVANCED_FACE ( 'NONE', ( #298, #103 ), #533, .T. ) ;
#738 = CARTESIAN_POINT ( 'NONE',  ( -2.860572556533148347, 11.65406043612308551, 7.000000000000000000 ) ) ;
#739 = PERSON_AND_ORGANIZATION ( #297, #914 ) ;
#740 = VECTOR ( 'NONE', #1052, 1000.000000000000000 ) ;
#741 = DIRECTION ( 'NONE',  ( 0.000000000000000000, 0.000000000000000000, 1.000000000000000000 ) ) ;
#742 = ORIENTED_EDGE ( 'NONE', *, *, #396, .T. ) ;
#743 = DIRECTION ( 'NONE',  ( -0.000000000000000000, 0.000000000000000000, 1.000000000000000000 ) ) ;
#744 = VERTEX_POINT ( 'NONE', #1362 ) ;
#745 = CARTESIAN_POINT ( 'NONE',  ( 36.33051441422968963, -2.804643597556788492, -1.199999999999999956 ) ) ;
#746 = DIRECTION ( 'NONE',  ( 1.000000000000000000, -1.775471401937463071E-15, 0.000000000000000000 ) ) ;
#747 = CARTESIAN_POINT ( 'NONE',  ( 6.929994950190313752, 6.858401416535543582, 7.000000000000000000 ) ) ;
#748 = CARTESIAN_POINT ( 'NONE',  ( 30.11580273492570115, -10.44162392856873822, 1.700000000000000178 ) ) ;
#749 = DIRECTION ( 'NONE',  ( -1.000000000000000000, 0.000000000000000000, 0.000000000000000000 ) ) ;
#750 = VERTEX_POINT ( 'NONE', #2406 ) ;
#751 = EDGE_CURVE ( 'NONE', #1161, #859, #2215, .T. ) ;
#752 = DIRECTION ( 'NONE',  ( -0.000000000000000000, -0.000000000000000000, -1.000000000000000000 ) ) ;
#753 = LINE ( 'NONE', #240, #2499 ) ;
#754 = ORIENTED_EDGE ( 'NONE', *, *, #2078, .F. ) ;
#755 = EDGE_CURVE ( 'NONE', #2315, #2575, #91, .T. ) ;
#756 = CARTESIAN_POINT ( 'NONE',  ( 0.000000000000000000, 0.000000000000000000, -1.199999999999999956 ) ) ;
#757 = DIRECTION ( 'NONE',  ( 1.000000000000000000, 0.000000000000000000, 0.000000000000000000 ) ) ;
#758 = DIRECTION ( 'NONE',  ( -1.000000000000000000, 0.000000000000000000, 0.000000000000000000 ) ) ;
#759 = CARTESIAN_POINT ( 'NONE',  ( -3.252606517456513302E-15, -9.750000000000001776, -1.199999999999999956 ) ) ;
#760 = DIRECTION ( 'NONE',  ( 0.1224082530294287041, 0.9924798333418586305, -0.000000000000000000 ) ) ;
#761 = CARTESIAN_POINT ( 'NONE',  ( -9.412581462727702686, -7.443339990052506572, 7.000000000000000000 ) ) ;
#762 = EDGE_LOOP ( 'NONE', ( #84, #1263, #248, #1828 ) ) ;
#763 = DIRECTION ( 'NONE',  ( -1.000000000000000000, 0.000000000000000000, 0.000000000000000000 ) ) ;
#764 = EDGE_CURVE ( 'NONE', #1133, #14, #1834, .T. ) ;
#765 = VECTOR ( 'NONE', #1935, 1000.000000000000000 ) ;
#766 = DIRECTION ( 'NONE',  ( -1.000000000000000000, 0.000000000000000000, 0.000000000000000000 ) ) ;
#767 = EDGE_LOOP ( 'NONE', ( #2216, #1666, #2122, #1582 ) ) ;
#768 = AXIS2_PLACEMENT_3D ( 'NONE', #456, #1944, #38 ) ;
#769 = AXIS2_PLACEMENT_3D ( 'NONE', #1118, #521, #61 ) ;
#770 = LINE ( 'NONE', #2451, #2602 ) ;
#771 = ORIENTED_EDGE ( 'NONE', *, *, #202, .T. ) ;
#772 = AXIS2_PLACEMENT_3D ( 'NONE', #1197, #127, #763 ) ;
#773 = DIRECTION ( 'NONE',  ( -0.000000000000000000, -0.000000000000000000, -1.000000000000000000 ) ) ;
#774 = VECTOR ( 'NONE', #2626, 1000.000000000000000 ) ;
#775 = ADVANCED_FACE ( 'NONE', ( #86 ), #954, .T. ) ;
#776 = LINE ( 'NONE', #563, #1519 ) ;
#777 = CIRCLE ( 'NONE', #2510, 1.000000000000000888 ) ;
#778 = LINE ( 'NONE', #2034, #815 ) ;
#779 = CIRCLE ( 'NONE', #2644, 3.762221576582363003 ) ;
#780 = FACE_OUTER_BOUND ( 'NONE', #895, .T. ) ;
#781 = ORIENTED_EDGE ( 'NONE', *, *, #2445, .F. ) ;
#782 = LINE ( 'NONE', #2259, #2056 ) ;
#783 = DIRECTION ( 'NONE',  ( -0.000000000000000000, -0.000000000000000000, -1.000000000000000000 ) ) ;
#784 = CC_DESIGN_APPROVAL ( #1844, ( #2648 ) ) ;
#785 = DIRECTION ( 'NONE',  ( 1.000000000000000000, 0.000000000000000000, 0.000000000000000000 ) ) ;
#786 = ORIENTED_EDGE ( 'NONE', *, *, #1420, .F. ) ;
#787 = DIRECTION ( 'NONE',  ( 1.000000000000000000, 0.000000000000000000, 0.000000000000000000 ) ) ;
#788 = ORIENTED_EDGE ( 'NONE', *, *, #1710, .F. ) ;
#789 = CARTESIAN_POINT ( 'NONE',  ( 12.72702284070972567, -1.580561067262503006, 3.699999999999999289 ) ) ;
#790 = DIRECTION ( 'NONE',  ( 0.000000000000000000, 0.000000000000000000, 1.000000000000000000 ) ) ;
#791 = DIRECTION ( 'NONE',  ( 1.000000000000000000, -1.156482317317871725E-15, 0.000000000000000000 ) ) ;
#792 = ORIENTED_EDGE ( 'NONE', *, *, #20, .T. ) ;
#793 = DIRECTION ( 'NONE',  ( 0.000000000000000000, 0.000000000000000000, 1.000000000000000000 ) ) ;
#794 = CARTESIAN_POINT ( 'NONE',  ( -0.9396887889627169033, -7.618948474321546094, 7.000000000000000000 ) ) ;
#795 = CARTESIAN_POINT ( 'NONE',  ( 0.000000000000000000, 0.000000000000000000, 7.000000000000000000 ) ) ;
#796 = ORIENTED_EDGE ( 'NONE', *, *, #2628, .T. ) ;
#797 = ORIENTED_EDGE ( 'NONE', *, *, #1959, .T. ) ;
#798 = EDGE_CURVE ( 'NONE', #2710, #2218, #728, .T. ) ;
#799 = CARTESIAN_POINT ( 'NONE',  ( 2.860165828541208821, 9.321578273528384528, 5.464745738881053860 ) ) ;
#800 = CARTESIAN_POINT ( 'NONE',  ( 22.65182117412830465, -2.804643597556788492, 1.700000000000000178 ) ) ;
#801 = DIRECTION ( 'NONE',  ( 0.000000000000000000, 0.000000000000000000, 1.000000000000000000 ) ) ;
#802 = EDGE_CURVE ( 'NONE', #1544, #1660, #1074, .T. ) ;
#803 = ORIENTED_EDGE ( 'NONE', *, *, #1367, .F. ) ;
#804 = DIRECTION ( 'NONE',  ( -0.000000000000000000, -0.000000000000000000, -1.000000000000000000 ) ) ;
#805 = CARTESIAN_POINT ( 'NONE',  ( 35.04446291530102542, -14.07223541446912130, -44.17337122566542718 ) ) ;
#806 = AXIS2_PLACEMENT_3D ( 'NONE', #2672, #1327, #1507 ) ;
#807 = AXIS2_PLACEMENT_3D ( 'NONE', #705, #693, #1524 ) ;
#808 = DIRECTION ( 'NONE',  ( 0.000000000000000000, 0.000000000000000000, 1.000000000000000000 ) ) ;
#809 = ORIENTED_EDGE ( 'NONE', *, *, #2763, .F. ) ;
#810 = VECTOR ( 'NONE', #367, 1000.000000000000000 ) ;
#811 = ORIENTED_EDGE ( 'NONE', *, *, #1724, .T. ) ;
#812 = CYLINDRICAL_SURFACE ( 'NONE', #223, 3.000000000000002665 ) ;
#813 = DIRECTION ( 'NONE',  ( -0.000000000000000000, -0.000000000000000000, -1.000000000000000000 ) ) ;
#814 = CIRCLE ( 'NONE', #2276, 2.000000000000000444 ) ;
#815 = VECTOR ( 'NONE', #2457, 1000.000000000000000 ) ;
#816 = EDGE_CURVE ( 'NONE', #1814, #1491, #541, .T. ) ;
#817 = CIRCLE ( 'NONE', #1600, 3.762221576582363891 ) ;
#818 = CARTESIAN_POINT ( 'NONE',  ( -10.28893766292894085, 6.175577848943564874, 7.000000000000000000 ) ) ;
#819 = ORIENTED_EDGE ( 'NONE', *, *, #1155, .T. ) ;
#820 = VECTOR ( 'NONE', #112, 1000.000000000000000 ) ;
#821 = DIRECTION ( 'NONE',  ( -0.6548607339452821030, 0.7557495743542608224, 0.000000000000000000 ) ) ;
#822 = DIRECTION ( 'NONE',  ( 0.9924798333418586305, -0.1224082530294287041, -0.000000000000000000 ) ) ;
#823 = EDGE_CURVE ( 'NONE', #263, #2072, #2097, .T. ) ;
#824 = CARTESIAN_POINT ( 'NONE',  ( 0.000000000000000000, 0.000000000000000000, 7.000000000000000000 ) ) ;
#825 = ORIENTED_EDGE ( 'NONE', *, *, #2573, .F. ) ;
#826 = VERTEX_POINT ( 'NONE', #270 ) ;
#827 = CARTESIAN_POINT ( 'NONE',  ( -6.028027512761525486, 10.37607268215629475, 7.000000000000000000 ) ) ;
#828 = DIRECTION ( 'NONE',  ( 0.000000000000000000, 0.000000000000000000, 1.000000000000000000 ) ) ;
#829 = PRODUCT_RELATED_PRODUCT_CATEGORY ( 'detail', '', ( #1896 ) ) ;
#830 = CARTESIAN_POINT ( 'NONE',  ( -11.78923103425785790, 2.239203345141189239, 7.000000000000000000 ) ) ;
#831 = EDGE_LOOP ( 'NONE', ( #1029, #1699, #2494, #1872 ) ) ;
#832 = PERSON_AND_ORGANIZATION ( #297, #914 ) ;
#833 = EDGE_CURVE ( 'NONE', #219, #1437, #52, .T. ) ;
#834 = DIRECTION ( 'NONE',  ( -0.000000000000000000, -0.000000000000000000, -1.000000000000000000 ) ) ;
#835 = ORIENTED_EDGE ( 'NONE', *, *, #1290, .T. ) ;
#836 = CARTESIAN_POINT ( 'NONE',  ( 0.000000000000000000, 0.000000000000000000, -1.199999999999999956 ) ) ;
#837 = CARTESIAN_POINT ( 'NONE',  ( 22.65182117412830465, -2.804643597556788492, 3.700000000000000178 ) ) ;
#838 = ORIENTED_EDGE ( 'NONE', *, *, #1981, .T. ) ;
#839 = EDGE_CURVE ( 'NONE', #1601, #1152, #628, .T. ) ;
#840 = FACE_OUTER_BOUND ( 'NONE', #2264, .T. ) ;
#841 = CARTESIAN_POINT ( 'NONE',  ( -9.762736809034956664, -3.396271309276113648, 7.000000000000000000 ) ) ;
#842 = DIRECTION ( 'NONE',  ( 0.000000000000000000, 0.000000000000000000, 1.000000000000000000 ) ) ;
#843 = ORIENTED_EDGE ( 'NONE', *, *, #306, .T. ) ;
#844 = CYLINDRICAL_SURFACE ( 'NONE', #269, 3.762221576582363003 ) ;
#845 = DIRECTION ( 'NONE',  ( -0.000000000000000000, 0.000000000000000000, 1.000000000000000000 ) ) ;
#846 = EDGE_CURVE ( 'NONE', #1660, #1890, #1777, .T. ) ;
#847 = DIRECTION ( 'NONE',  ( -1.000000000000000000, 0.000000000000000000, 0.000000000000000000 ) ) ;
#848 = VERTEX_POINT ( 'NONE', #125 ) ;
#849 = ORIENTED_EDGE ( 'NONE', *, *, #212, .T. ) ;
#850 = AXIS2_PLACEMENT_3D ( 'NONE', #2514, #2566, #2343 ) ;
#851 = CARTESIAN_POINT ( 'NONE',  ( -9.412581462727702686, -7.443339990052506572, -1.199999999999999956 ) ) ;
#852 = CIRCLE ( 'NONE', #724, 9.750000000000000000 ) ;
#853 = DIRECTION ( 'NONE',  ( -0.9924798333418586305, 0.1224082530294285237, -0.000000000000000000 ) ) ;
#854 = CARTESIAN_POINT ( 'NONE',  ( -11.12833698389885662, -4.490001778706653290, -1.199999999999999956 ) ) ;
#855 = ADVANCED_FACE ( 'NONE', ( #1840 ), #2727, .T. ) ;
#856 = CIRCLE ( 'NONE', #2638, 9.750000000000000000 ) ;
#857 = CIRCLE ( 'NONE', #2415, 3.762221576582363447 ) ;
#858 = DIRECTION ( 'NONE',  ( -1.000000000000000000, 0.000000000000000000, 0.000000000000000000 ) ) ;
#859 = VERTEX_POINT ( 'NONE', #2246 ) ;
#860 = DIRECTION ( 'NONE',  ( -0.000000000000000000, -0.000000000000000000, -1.000000000000000000 ) ) ;
#861 = CIRCLE ( 'NONE', #1969, 3.762221576582363891 ) ;
#862 = AXIS2_PLACEMENT_3D ( 'NONE', #800, #813, #154 ) ;
#863 = DIRECTION ( 'NONE',  ( 1.000000000000000000, 0.000000000000000000, 0.000000000000000000 ) ) ;
#864 = ORIENTED_EDGE ( 'NONE', *, *, #2404, .T. ) ;
#865 = DIRECTION ( 'NONE',  ( -0.000000000000000000, -0.000000000000000000, -1.000000000000000000 ) ) ;
#866 = PRODUCT_DEFINITION ( '未知', '', #2289, #1108 ) ;
#867 = CARTESIAN_POINT ( 'NONE',  ( 32.11494886803243531, 5.767350318737838322, -1.199999999999999734 ) ) ;
#868 = ORIENTED_EDGE ( 'NONE', *, *, #2309, .F. ) ;
#869 = ORIENTED_EDGE ( 'NONE', *, *, #353, .T. ) ;
#870 = AXIS2_PLACEMENT_3D ( 'NONE', #1700, #23, #1039 ) ;
#871 = FACE_OUTER_BOUND ( 'NONE', #486, .T. ) ;
#872 = CYLINDRICAL_SURFACE ( 'NONE', #549, 12.00000000000000178 ) ;
#873 = DIRECTION ( 'NONE',  ( 0.9594929736144972576, 0.2817325568414301151, 0.000000000000000000 ) ) ;
#874 = VERTEX_POINT ( 'NONE', #1402 ) ;
#875 = ADVANCED_FACE ( 'NONE', ( #2257 ), #565, .T. ) ;
#876 = CARTESIAN_POINT ( 'NONE',  ( 22.19015053461384213, 6.991432849032125141, 4.999999999999997335 ) ) ;
#877 = FACE_OUTER_BOUND ( 'NONE', #1182, .T. ) ;
#878 = ORIENTED_EDGE ( 'NONE', *, *, #2748, .T. ) ;
#879 = DIRECTION ( 'NONE',  ( 0.000000000000000000, 0.000000000000000000, 1.000000000000000000 ) ) ;
#880 = DIRECTION ( 'NONE',  ( -1.000000000000000000, 0.000000000000000000, 0.000000000000000000 ) ) ;
#881 = EDGE_LOOP ( 'NONE', ( #1875, #971, #1396, #172 ) ) ;
#882 = ORIENTED_EDGE ( 'NONE', *, *, #1771, .F. ) ;
#883 = CARTESIAN_POINT ( 'NONE',  ( 24.37826735065150885, 5.585689704678606482, 3.499567689187681907 ) ) ;
#884 = DIRECTION ( 'NONE',  ( -0.000000000000000000, -0.000000000000000000, -1.000000000000000000 ) ) ;
#885 = LINE ( 'NONE', #2311, #1921 ) ;
#886 = LINE ( 'NONE', #197, #1165 ) ;
#887 = ORIENTED_EDGE ( 'NONE', *, *, #63, .F. ) ;
#888 = CARTESIAN_POINT ( 'NONE',  ( 30.76687483359761899, -3.794655843912281945, -1.199999999999999956 ) ) ;
#889 = EDGE_CURVE ( 'NONE', #1717, #182, #1598, .T. ) ;
#890 = CARTESIAN_POINT ( 'NONE',  ( -0.2267350114589757326, 9.747363296531977639, 7.000000000000000000 ) ) ;
#891 = ORIENTED_EDGE ( 'NONE', *, *, #483, .T. ) ;
#892 = LINE ( 'NONE', #1500, #283 ) ;
#893 = EDGE_CURVE ( 'NONE', #2710, #2167, #337, .T. ) ;
#894 = ORIENTED_EDGE ( 'NONE', *, *, #1727, .F. ) ;
#895 = EDGE_LOOP ( 'NONE', ( #700, #1439, #1140, #108 ) ) ;
#896 = DIRECTION ( 'NONE',  ( -1.000000000000000000, 0.000000000000000000, 0.000000000000000000 ) ) ;
#897 = FACE_OUTER_BOUND ( 'NONE', #379, .T. ) ;
#898 = CARTESIAN_POINT ( 'NONE',  ( 0.000000000000000000, 0.000000000000000000, 7.000000000000000000 ) ) ;
#899 = VERTEX_POINT ( 'NONE', #1226 ) ;
#900 = EDGE_CURVE ( 'NONE', #1890, #1763, #943, .T. ) ;
#901 = CIRCLE ( 'NONE', #1684, 3.762221576582363891 ) ;
#902 = AXIS2_PLACEMENT_3D ( 'NONE', #917, #2606, #725 ) ;
#903 = CARTESIAN_POINT ( 'NONE',  ( -8.394264104813469629, -4.959720772245162834, 7.000000000000000000 ) ) ;
#904 = ORIENTED_EDGE ( 'NONE', *, *, #965, .T. ) ;
#905 = AXIS2_PLACEMENT_3D ( 'NONE', #2107, #2754, #1679 ) ;
#906 = DIRECTION ( 'NONE',  ( -0.000000000000000000, -0.000000000000000000, -1.000000000000000000 ) ) ;
#907 = VECTOR ( 'NONE', #222, 1000.000000000000000 ) ;
#908 = ORIENTED_EDGE ( 'NONE', *, *, #1541, .T. ) ;
#909 = ORIENTED_EDGE ( 'NONE', *, *, #623, .F. ) ;
#910 = EDGE_CURVE ( 'NONE', #1499, #1112, #576, .T. ) ;
#911 = CIRCLE ( 'NONE', #1651, 3.762221576582363003 ) ;
#912 = DIRECTION ( 'NONE',  ( 1.000000000000000000, 0.000000000000000000, 0.000000000000000000 ) ) ;
#913 = CARTESIAN_POINT ( 'NONE',  ( 22.28788500093330782, -11.36302310450036579, 5.000000000000000000 ) ) ;
#914 = ORGANIZATION ( '未指定', '未指定', '' ) ;
#915 = CARTESIAN_POINT ( 'NONE',  ( -9.891682374222906304, -6.793719143995277321, -1.200000000000000622 ) ) ;
#916 = ORIENTED_EDGE ( 'NONE', *, *, #823, .T. ) ;
#917 = CARTESIAN_POINT ( 'NONE',  ( -3.826502395702260806, -9.602268910230696619, -1.199999999999999956 ) ) ;
#918 = VERTEX_POINT ( 'NONE', #761 ) ;
#919 = CARTESIAN_POINT ( 'NONE',  ( -11.40501160019360860, -3.731716816620635147, -1.200000000000000622 ) ) ;
#920 = EDGE_CURVE ( 'NONE', #986, #1621, #2066, .T. ) ;
#921 = ORIENTED_EDGE ( 'NONE', *, *, #2694, .T. ) ;
#922 = VERTEX_POINT ( 'NONE', #1594 ) ;
#923 = EDGE_CURVE ( 'NONE', #80, #874, #2183, .T. ) ;
#924 = CARTESIAN_POINT ( 'NONE',  ( -8.132302056181712757, 8.824152269029738704, 7.000000000000000000 ) ) ;
#925 = CARTESIAN_POINT ( 'NONE',  ( 0.000000000000000000, 0.000000000000000000, -1.199999999999999956 ) ) ;
#926 = EDGE_LOOP ( 'NONE', ( #1873, #1726, #796, #720 ) ) ;
#927 = CARTESIAN_POINT ( 'NONE',  ( -6.934274570223737832, -9.793663062651708273, 7.000000000000000000 ) ) ;
#928 = ORIENTED_EDGE ( 'NONE', *, *, #516, .F. ) ;
#929 = CARTESIAN_POINT ( 'NONE',  ( 30.76687483359761899, -3.794655843912281945, 3.700000000000000178 ) ) ;
#930 = ORIENTED_EDGE ( 'NONE', *, *, #2025, .F. ) ;
#931 = ORIENTED_EDGE ( 'NONE', *, *, #2169, .T. ) ;
#932 = EDGE_CURVE ( 'NONE', #454, #1744, #2290, .T. ) ;
#933 = CARTESIAN_POINT ( 'NONE',  ( 0.000000000000000000, 0.000000000000000000, -1.199999999999999956 ) ) ;
#934 = DIRECTION ( 'NONE',  ( -0.000000000000000000, -0.000000000000000000, -1.000000000000000000 ) ) ;
#935 = DIRECTION ( 'NONE',  ( -1.000000000000000000, 0.000000000000000000, 0.000000000000000000 ) ) ;
#936 = FACE_OUTER_BOUND ( 'NONE', #1702, .T. ) ;
#937 = ORIENTED_EDGE ( 'NONE', *, *, #497, .F. ) ;
#938 = EDGE_CURVE ( 'NONE', #534, #1206, #1862, .T. ) ;
#939 = PERSON_AND_ORGANIZATION ( #297, #914 ) ;
#940 = CARTESIAN_POINT ( 'NONE',  ( 21.94533402855498494, 5.006473182348408102, 5.000000000000000000 ) ) ;
#941 = ORIENTED_EDGE ( 'NONE', *, *, #623, .T. ) ;
#942 = LINE ( 'NONE', #2444, #2279 ) ;
#943 = CIRCLE ( 'NONE', #1685, 2.000000000000000444 ) ;
#944 = CIRCLE ( 'NONE', #588, 3.762221576582363003 ) ;
#945 = CIRCLE ( 'NONE', #56, 2.000000000000000000 ) ;
#946 = ORIENTED_EDGE ( 'NONE', *, *, #2106, .T. ) ;
#947 = CIRCLE ( 'NONE', #2229, 3.762221576582363891 ) ;
#948 = AXIS2_PLACEMENT_3D ( 'NONE', #2331, #1451, #446 ) ;
#949 = DIRECTION ( 'NONE',  ( 0.000000000000000000, 0.000000000000000000, -1.000000000000000000 ) ) ;
#950 = AXIS2_PLACEMENT_3D ( 'NONE', #342, #132, #985 ) ;
#951 = CARTESIAN_POINT ( 'NONE',  ( -2.277266001350169322, 10.08264590114086801, -1.199999999999999956 ) ) ;
#952 = CARTESIAN_POINT ( 'NONE',  ( 0.2715520756791585111, -9.746635153281742348, 5.389593706817216834 ) ) ;
#953 = CARTESIAN_POINT ( 'NONE',  ( 22.19015053461384213, 6.991432849032125141, 1.700000000000000178 ) ) ;
#954 = CYLINDRICAL_SURFACE ( 'NONE', #1246, 3.762221576582363003 ) ;
#955 = ADVANCED_FACE ( 'NONE', ( #2517 ), #1214, .T. ) ;
#956 = EDGE_LOOP ( 'NONE', ( #1995, #573, #1068, #553 ) ) ;
#957 = CARTESIAN_POINT ( 'NONE',  ( -8.394264104813469629, -4.959720772245162834, 7.000000000000000000 ) ) ;
#958 = CARTESIAN_POINT ( 'NONE',  ( 1.192622389734054877E-15, -9.750000000000000000, 4.999999999999984013 ) ) ;
#959 = ORIENTED_EDGE ( 'NONE', *, *, #580, .F. ) ;
#960 = CARTESIAN_POINT ( 'NONE',  ( -5.316835701505224776, 10.75784635153335245, -1.200000000000000622 ) ) ;
#961 = FACE_OUTER_BOUND ( 'NONE', #299, .T. ) ;
#962 = DIRECTION ( 'NONE',  ( 1.000000000000000000, 0.000000000000000000, 0.000000000000000000 ) ) ;
#963 = CARTESIAN_POINT ( 'NONE',  ( 4.333385285574711254, 8.745346772073617103, 6.278795377249642762 ) ) ;
#964 = CYLINDRICAL_SURFACE ( 'NONE', #1745, 9.750000000000000000 ) ;
#965 = EDGE_CURVE ( 'NONE', #2454, #1531, #1510, .T. ) ;
#966 = DIRECTION ( 'NONE',  ( 0.000000000000000000, -0.000000000000000000, -1.000000000000000000 ) ) ;
#967 = ORIENTED_EDGE ( 'NONE', *, *, #382, .F. ) ;
#968 = CARTESIAN_POINT ( 'NONE',  ( -6.028027512761525486, 10.37607268215629475, 7.000000000000000000 ) ) ;
#969 = ADVANCED_FACE ( 'NONE', ( #780 ), #167, .T. ) ;
#970 = DIRECTION ( 'NONE',  ( -0.000000000000000000, -0.000000000000000000, -1.000000000000000000 ) ) ;
#971 = ORIENTED_EDGE ( 'NONE', *, *, #1756, .F. ) ;
#972 = EDGE_CURVE ( 'NONE', #2195, #2488, #681, .T. ) ;
#973 = DIRECTION ( 'NONE',  ( -0.000000000000000000, -0.000000000000000000, -1.000000000000000000 ) ) ;
#974 = DIRECTION ( 'NONE',  ( 1.000000000000000000, 0.000000000000000000, 0.000000000000000000 ) ) ;
#975 = ORIENTED_EDGE ( 'NONE', *, *, #2707, .T. ) ;
#976 = CARTESIAN_POINT ( 'NONE',  ( 1.327589385532668587, -9.661638236802749802, 5.975693256527821795 ) ) ;
#977 = CARTESIAN_POINT ( 'NONE',  ( 0.000000000000000000, 0.000000000000000000, 7.000000000000000000 ) ) ;
#978 = DIRECTION ( 'NONE',  ( -0.000000000000000000, -0.000000000000000000, -1.000000000000000000 ) ) ;
#979 = ORIENTED_EDGE ( 'NONE', *, *, #243, .T. ) ;
#980 = DIRECTION ( 'NONE',  ( 1.000000000000000000, 0.000000000000000000, 0.000000000000000000 ) ) ;
#981 = LINE ( 'NONE', #794, #1242 ) ;
#982 = CIRCLE ( 'NONE', #1593, 3.762221576582363003 ) ;
#983 = AXIS2_PLACEMENT_3D ( 'NONE', #2339, #428, #2062 ) ;
#984 = AXIS2_PLACEMENT_3D ( 'NONE', #2333, #1905, #1894 ) ;
#985 = DIRECTION ( 'NONE',  ( -1.000000000000000000, 0.000000000000000000, 0.000000000000000000 ) ) ;
#986 = VERTEX_POINT ( 'NONE', #1254 ) ;
#987 = ORIENTED_EDGE ( 'NONE', *, *, #1071, .T. ) ;
#988 = EDGE_CURVE ( 'NONE', #1437, #2619, #2099, .T. ) ;
#989 = VECTOR ( 'NONE', #1532, 1000.000000000000000 ) ;
#990 = DIRECTION ( 'NONE',  ( 0.8517805250419835383, 0.5238987852240190035, 0.000000000000000000 ) ) ;
#991 = CIRCLE ( 'NONE', #1035, 4.250000000000000000 ) ;
#992 = VERTEX_POINT ( 'NONE', #1925 ) ;
#993 = CARTESIAN_POINT ( 'NONE',  ( 5.026023953068589734, -8.354734180282504141, 7.000000000000000000 ) ) ;
#994 = AXIS2_PLACEMENT_3D ( 'NONE', #1054, #2551, #1855 ) ;
#995 = CYLINDRICAL_SURFACE ( 'NONE', #2505, 12.00000000000000178 ) ;
#996 = DIRECTION ( 'NONE',  ( -0.000000000000000000, -0.000000000000000000, -1.000000000000000000 ) ) ;
#997 = ORIENTED_EDGE ( 'NONE', *, *, #682, .T. ) ;
#998 = CIRCLE ( 'NONE', #2335, 3.762221576582363447 ) ;
#999 = CARTESIAN_POINT ( 'NONE',  ( -0.9396887889627169033, -7.618948474321546094, 1.700000000000000178 ) ) ;
#1000 = CARTESIAN_POINT ( 'NONE',  ( 0.000000000000000000, 0.000000000000000000, 7.000000000000000000 ) ) ;
#1001 = ADVANCED_FACE ( 'NONE', ( #1470 ), #2118, .T. ) ;
#1002 = CARTESIAN_POINT ( 'NONE',  ( 20.06859614847769535, -10.21002123161631125, 7.000000000000000000 ) ) ;
#1003 = ORIENTED_EDGE ( 'NONE', *, *, #558, .F. ) ;
#1004 = ADVANCED_FACE ( 'NONE', ( #1268 ), #1937, .T. ) ;
#1005 = ORIENTED_EDGE ( 'NONE', *, *, #1446, .F. ) ;
#1006 = DIRECTION ( 'NONE',  ( 0.000000000000000000, 0.000000000000000000, 1.000000000000000000 ) ) ;
#1007 = DIRECTION ( 'NONE',  ( 0.9594929736144972576, 0.2817325568414301151, 0.000000000000000000 ) ) ;
#1008 = DIRECTION ( 'NONE',  ( 0.000000000000000000, 0.000000000000000000, 1.000000000000000000 ) ) ;
#1009 = EDGE_LOOP ( 'NONE', ( #2646, #1714, #1758, #1333 ) ) ;
#1010 = DIRECTION ( 'NONE',  ( -0.000000000000000000, 0.000000000000000000, 1.000000000000000000 ) ) ;
#1011 = DIRECTION ( 'NONE',  ( 0.000000000000000000, 0.000000000000000000, 1.000000000000000000 ) ) ;
#1012 = ADVANCED_FACE ( 'NONE', ( #406 ), #2766, .T. ) ;
#1013 = DIRECTION ( 'NONE',  ( -0.9594929736144992560, 0.2817325568414236758, 0.000000000000000000 ) ) ;
#1014 = VERTEX_POINT ( 'NONE', #469 ) ;
#1015 = EDGE_LOOP ( 'NONE', ( #302, #498, #1901, #2697 ) ) ;
#1016 = ORIENTED_EDGE ( 'NONE', *, *, #1991, .F. ) ;
#1017 = CARTESIAN_POINT ( 'NONE',  ( -2.277266001350169322, 10.08264590114086801, 7.000000000000000000 ) ) ;
#1018 = CARTESIAN_POINT ( 'NONE',  ( -9.655930361154716479, -3.688996837790550209, -1.199999999999999956 ) ) ;
#1019 = DIRECTION ( 'NONE',  ( -1.000000000000000000, 0.000000000000000000, 0.000000000000000000 ) ) ;
#1020 = EDGE_LOOP ( 'NONE', ( #1113, #1414, #2285, #2266 ) ) ;
#1021 = DIRECTION ( 'NONE',  ( -0.000000000000000000, 0.000000000000000000, 1.000000000000000000 ) ) ;
#1022 = DIRECTION ( 'NONE',  ( -0.000000000000000000, -0.000000000000000000, -1.000000000000000000 ) ) ;
#1023 = AXIS2_PLACEMENT_3D ( 'NONE', #2088, #1070, #2329 ) ;
#1024 = AXIS2_PLACEMENT_3D ( 'NONE', #329, #1810, #57 ) ;
#1025 = DIRECTION ( 'NONE',  ( 0.000000000000000000, 0.000000000000000000, 1.000000000000000000 ) ) ;
#1026 = ORIENTED_EDGE ( 'NONE', *, *, #2338, .T. ) ;
#1027 = CC_DESIGN_DATE_AND_TIME_ASSIGNMENT ( #85, #2432, ( #866 ) ) ;
#1028 = AXIS2_PLACEMENT_3D ( 'NONE', #1375, #2393, #326 ) ;
#1029 = ORIENTED_EDGE ( 'NONE', *, *, #798, .T. ) ;
#1030 = DIRECTION ( 'NONE',  ( 0.000000000000000000, 0.000000000000000000, 1.000000000000000000 ) ) ;
#1031 = DIRECTION ( 'NONE',  ( 1.000000000000000000, 0.000000000000000000, 0.000000000000000000 ) ) ;
#1032 = CIRCLE ( 'NONE', #10, 12.00000000000000178 ) ;
#1033 = AXIS2_PLACEMENT_3D ( 'NONE', #748, #492, #2615 ) ;
#1034 = EDGE_CURVE ( 'NONE', #2195, #1014, #886, .T. ) ;
#1035 = AXIS2_PLACEMENT_3D ( 'NONE', #2065, #1652, #1194 ) ;
#1036 = CARTESIAN_POINT ( 'NONE',  ( 30.76687483359761899, -3.794655843912281945, -6.299999999999999822 ) ) ;
#1037 = ORIENTED_EDGE ( 'NONE', *, *, #1626, .F. ) ;
#1038 = AXIS2_PLACEMENT_3D ( 'NONE', #837, #2306, #397 ) ;
#1039 = DIRECTION ( 'NONE',  ( 1.000000000000000000, 0.000000000000000000, 0.000000000000000000 ) ) ;
#1040 = ADVANCED_FACE ( 'NONE', ( #1077 ), #2378, .F. ) ;
#1041 = CARTESIAN_POINT ( 'NONE',  ( -6.376773933753629109, -8.135259246422229751, 7.000000000000000000 ) ) ;
#1042 = CYLINDRICAL_SURFACE ( 'NONE', #983, 4.250000000000000000 ) ;
#1043 = DIRECTION ( 'NONE',  ( -0.000000000000000000, -0.000000000000000000, -1.000000000000000000 ) ) ;
#1044 = ORIENTED_EDGE ( 'NONE', *, *, #1580, .F. ) ;
#1045 = LINE ( 'NONE', #418, #722 ) ;
#1046 = FACE_OUTER_BOUND ( 'NONE', #1383, .T. ) ;
#1047 = CARTESIAN_POINT ( 'NONE',  ( 1.748767090068500618, 9.591887909306143101, 7.000000000000000000 ) ) ;
#1048 = CARTESIAN_POINT ( 'NONE',  ( 0.000000000000000000, 0.000000000000000000, 7.000000000000000000 ) ) ;
#1049 = CARTESIAN_POINT ( 'NONE',  ( -10.11750779506746234, 2.117008461354665361, 7.000000000000000000 ) ) ;
#1050 = VERTEX_POINT ( 'NONE', #1698 ) ;
#1051 = EDGE_CURVE ( 'NONE', #2203, #2281, #1124, .T. ) ;
#1052 = DIRECTION ( 'NONE',  ( -0.000000000000000000, -0.000000000000000000, -1.000000000000000000 ) ) ;
#1053 = CARTESIAN_POINT ( 'NONE',  ( -6.039487577932532325, 10.08264590114086801, -1.199999999999999956 ) ) ;
#1054 = CARTESIAN_POINT ( 'NONE',  ( -10.30410784652952749, -0.8191765962152178782, -1.199999999999999956 ) ) ;
#1055 = EDGE_LOOP ( 'NONE', ( #2407, #373, #1196, #25 ) ) ;
#1056 = ORIENTED_EDGE ( 'NONE', *, *, #2008, .F. ) ;
#1057 = ADVANCED_FACE ( 'NONE', ( #2347 ), #1278, .T. ) ;
#1058 = CARTESIAN_POINT ( 'NONE',  ( 22.65182117412830465, -2.804643597556788492, -8.000000000000003553 ) ) ;
#1059 = DIRECTION ( 'NONE',  ( -0.000000000000000000, -0.000000000000000000, -1.000000000000000000 ) ) ;
#1060 = CARTESIAN_POINT ( 'NONE',  ( -9.762736809034956664, -3.396271309276113648, -1.199999999999999956 ) ) ;
#1061 = CARTESIAN_POINT ( 'NONE',  ( 0.6555888821085128493, 10.31580787075611561, 7.000000000000000000 ) ) ;
#1062 = VERTEX_POINT ( 'NONE', #830 ) ;
#1063 = DIRECTION ( 'NONE',  ( -1.000000000000000000, 0.000000000000000000, 0.000000000000000000 ) ) ;
#1064 = ORIENTED_EDGE ( 'NONE', *, *, #2176, .T. ) ;
#1065 = CARTESIAN_POINT ( 'NONE',  ( 0.000000000000000000, 0.000000000000000000, 7.000000000000000000 ) ) ;
#1066 = DIRECTION ( 'NONE',  ( 0.000000000000000000, 0.000000000000000000, 1.000000000000000000 ) ) ;
#1067 = ORIENTED_EDGE ( 'NONE', *, *, #334, .F. ) ;
#1068 = ORIENTED_EDGE ( 'NONE', *, *, #1365, .T. ) ;
#1069 = CIRCLE ( 'NONE', #2674, 3.000000000000002665 ) ;
#1070 = DIRECTION ( 'NONE',  ( -0.000000000000000000, -0.000000000000000000, -1.000000000000000000 ) ) ;
#1071 = EDGE_CURVE ( 'NONE', #1601, #593, #857, .T. ) ;
#1072 = CARTESIAN_POINT ( 'NONE',  ( 6.929994950190313752, 6.858401416535543582, 7.000000000000000000 ) ) ;
#1073 = DIRECTION ( 'NONE',  ( -0.000000000000000000, -0.000000000000000000, -1.000000000000000000 ) ) ;
#1074 = CIRCLE ( 'NONE', #2006, 13.67869324010137788 ) ;
#1075 = AXIS2_PLACEMENT_3D ( 'NONE', #2211, #1409, #2253 ) ;
#1076 = CIRCLE ( 'NONE', #1422, 3.762221576582363447 ) ;
#1077 = FACE_OUTER_BOUND ( 'NONE', #482, .T. ) ;
#1078 = ORIENTED_EDGE ( 'NONE', *, *, #2498, .F. ) ;
#1079 = APPLICATION_PROTOCOL_DEFINITION ( 'international standard', 'config_control_design', 1994, #651 ) ;
#1080 = VECTOR ( 'NONE', #491, 1000.000000000000000 ) ;
#1081 = DIRECTION ( 'NONE',  ( -0.000000000000000000, -0.000000000000000000, 1.000000000000000000 ) ) ;
#1082 = EDGE_LOOP ( 'NONE', ( #2634, #2512, #2325, #205 ) ) ;
#1083 = AXIS2_PLACEMENT_3D ( 'NONE', #2533, #1043, #1659 ) ;
#1084 = DIRECTION ( 'NONE',  ( -0.000000000000000000, 0.000000000000000000, 1.000000000000000000 ) ) ;
#1085 = DIRECTION ( 'NONE',  ( -1.000000000000000000, 0.000000000000000000, 0.000000000000000000 ) ) ;
#1086 = ORIENTED_EDGE ( 'NONE', *, *, #1950, .T. ) ;
#1087 = ORIENTED_EDGE ( 'NONE', *, *, #92, .T. ) ;
#1088 = ADVANCED_FACE ( 'NONE', ( #2570 ), #448, .F. ) ;
#1089 = ORIENTED_EDGE ( 'NONE', *, *, #1808, .T. ) ;
#1090 = LINE ( 'NONE', #1722, #1417 ) ;
#1091 = FACE_OUTER_BOUND ( 'NONE', #2627, .T. ) ;
#1092 = EDGE_CURVE ( 'NONE', #182, #1585, #1512, .T. ) ;
#1093 = DIRECTION ( 'NONE',  ( -1.000000000000000000, 0.000000000000000000, 0.000000000000000000 ) ) ;
#1094 = ORIENTED_EDGE ( 'NONE', *, *, #2298, .T. ) ;
#1095 = EDGE_CURVE ( 'NONE', #2750, #80, #686, .T. ) ;
#1096 =( LENGTH_UNIT ( ) NAMED_UNIT ( * ) SI_UNIT ( .MILLI., .METRE. ) );
#1097 = CARTESIAN_POINT ( 'NONE',  ( 1.192622389734054877E-15, -9.750000000000000000, -44.17337122566542718 ) ) ;
#1098 = ORIENTED_EDGE ( 'NONE', *, *, #1825, .T. ) ;
#1099 = CARTESIAN_POINT ( 'NONE',  ( 31.87013236197357813, 3.782390652054121283, 3.700000000000000178 ) ) ;
#1100 = ORIENTED_EDGE ( 'NONE', *, *, #721, .F. ) ;
#1101 = VERTEX_POINT ( 'NONE', #662 ) ;
#1102 = FACE_OUTER_BOUND ( 'NONE', #398, .T. ) ;
#1103 = EDGE_CURVE ( 'NONE', #14, #2167, #536, .T. ) ;
#1104 = LINE ( 'NONE', #2157, #765 ) ;
#1105 = CARTESIAN_POINT ( 'NONE',  ( -7.515045518445490735, 6.211810593996920815, -1.199999999999999956 ) ) ;
#1106 = FACE_OUTER_BOUND ( 'NONE', #477, .T. ) ;
#1107 = VERTEX_POINT ( 'NONE', #1319 ) ;
#1108 = DESIGN_CONTEXT ( 'detailed design', #651, 'design' ) ;
#1109 = CARTESIAN_POINT ( 'NONE',  ( -9.655930361154716479, -3.688996837790550209, 7.000000000000000000 ) ) ;
#1110 = ORIENTED_EDGE ( 'NONE', *, *, #426, .T. ) ;
#1111 = LINE ( 'NONE', #1957, #505 ) ;
#1112 = VERTEX_POINT ( 'NONE', #915 ) ;
#1113 = ORIENTED_EDGE ( 'NONE', *, *, #2374, .T. ) ;
#1114 = DIRECTION ( 'NONE',  ( -0.000000000000000000, -0.000000000000000000, -1.000000000000000000 ) ) ;
#1115 = DIRECTION ( 'NONE',  ( -0.000000000000000000, -0.000000000000000000, -1.000000000000000000 ) ) ;
#1116 = VECTOR ( 'NONE', #2337, 1000.000000000000000 ) ;
#1117 = DIRECTION ( 'NONE',  ( -0.000000000000000000, -0.000000000000000000, -1.000000000000000000 ) ) ;
#1118 = CARTESIAN_POINT ( 'NONE',  ( 32.59950463398612897, 3.313809603936277881, 1.700000000000000178 ) ) ;
#1119 = ORIENTED_EDGE ( 'NONE', *, *, #823, .F. ) ;
#1120 = VECTOR ( 'NONE', #413, 1000.000000000000000 ) ;
#1121 = EDGE_CURVE ( 'NONE', #1355, #1934, #2640, .T. ) ;
#1122 = APPROVAL_STATUS ( 'not_yet_approved' ) ;
#1123 = CIRCLE ( 'NONE', #1869, 3.762221576582362559 ) ;
#1124 = CIRCLE ( 'NONE', #364, 1.000000000000000888 ) ;
#1125 = DIRECTION ( 'NONE',  ( 0.000000000000000000, 0.000000000000000000, -1.000000000000000000 ) ) ;
#1126 = VERTEX_POINT ( 'NONE', #2190 ) ;
#1127 = AXIS2_PLACEMENT_3D ( 'NONE', #2503, #595, #650 ) ;
#1128 = AXIS2_PLACEMENT_3D ( 'NONE', #2357, #1892, #1277 ) ;
#1129 = CARTESIAN_POINT ( 'NONE',  ( -4.380276841034158153, -8.710664429071977466, 7.000000000000000000 ) ) ;
#1130 = ADVANCED_FACE ( 'NONE', ( #1106 ), #1382, .T. ) ;
#1131 = VECTOR ( 'NONE', #575, 999.9999999999998863 ) ;
#1132 = ORIENTED_EDGE ( 'NONE', *, *, #2716, .F. ) ;
#1133 = VERTEX_POINT ( 'NONE', #481 ) ;
#1134 = AXIS2_PLACEMENT_3D ( 'NONE', #1871, #1899, #1686 ) ;
#1135 = DIRECTION ( 'NONE',  ( -0.000000000000000000, 0.000000000000000000, 1.000000000000000000 ) ) ;
#1136 = DIRECTION ( 'NONE',  ( -0.000000000000000000, 0.000000000000000000, 1.000000000000000000 ) ) ;
#1137 = ORIENTED_EDGE ( 'NONE', *, *, #426, .F. ) ;
#1138 = EDGE_CURVE ( 'NONE', #1544, #1708, #945, .T. ) ;
#1139 = CARTESIAN_POINT ( 'NONE',  ( -10.30410784652952749, -0.8191765962152178782, 7.000000000000000000 ) ) ;
#1140 = ORIENTED_EDGE ( 'NONE', *, *, #1449, .T. ) ;
#1141 = DIRECTION ( 'NONE',  ( 0.9594929736144972576, 0.2817325568414301151, 0.000000000000000000 ) ) ;
#1142 = ORIENTED_EDGE ( 'NONE', *, *, #212, .F. ) ;
#1143 = VERTEX_POINT ( 'NONE', #708 ) ;
#1144 = DIRECTION ( 'NONE',  ( -1.000000000000000000, 0.000000000000000000, 0.000000000000000000 ) ) ;
#1145 = EDGE_CURVE ( 'NONE', #663, #2575, #2642, .T. ) ;
#1146 = CARTESIAN_POINT ( 'NONE',  ( 29.01687483359759412, -3.794655843912281945, -6.299999999999999822 ) ) ;
#1147 = VERTEX_POINT ( 'NONE', #2173 ) ;
#1148 = CALENDAR_DATE ( 2026, 15, 9 ) ;
#1149 = CARTESIAN_POINT ( 'NONE',  ( 0.000000000000000000, 0.000000000000000000, 3.700000000000000178 ) ) ;
#1150 = VERTEX_POINT ( 'NONE', #1794 ) ;
#1151 = CARTESIAN_POINT ( 'NONE',  ( -7.515045518445488959, 6.211810593996919039, 7.000000000000000000 ) ) ;
#1152 = VERTEX_POINT ( 'NONE', #738 ) ;
#1153 = CYLINDRICAL_SURFACE ( 'NONE', #1253, 3.762221576582362115 ) ;
#1154 = CYLINDRICAL_SURFACE ( 'NONE', #1643, 3.000000000000002665 ) ;
#1155 = EDGE_CURVE ( 'NONE', #2427, #2580, #43, .T. ) ;
#1156 = CARTESIAN_POINT ( 'NONE',  ( 0.000000000000000000, 0.000000000000000000, -1.199999999999999956 ) ) ;
#1157 = AXIS2_PLACEMENT_3D ( 'NONE', #1799, #1380, #2236 ) ;
#1158 = APPROVAL_DATE_TIME ( #1542, #1973 ) ;
#1159 = AXIS2_PLACEMENT_3D ( 'NONE', #1000, #1022, #1435 ) ;
#1160 = CARTESIAN_POINT ( 'NONE',  ( 34.33051441422968253, -2.804643597556788492, 1.700000000000000178 ) ) ;
#1161 = VERTEX_POINT ( 'NONE', #1349 ) ;
#1162 = DIRECTION ( 'NONE',  ( 1.000000000000000000, -3.614007241618345221E-15, 0.000000000000000000 ) ) ;
#1163 = AXIS2_PLACEMENT_3D ( 'NONE', #1806, #801, #1636 ) ;
#1164 = CARTESIAN_POINT ( 'NONE',  ( 0.000000000000000000, 0.000000000000000000, 7.000000000000000000 ) ) ;
#1165 = VECTOR ( 'NONE', #224, 1000.000000000000000 ) ;
#1166 = ORIENTED_EDGE ( 'NONE', *, *, #1812, .F. ) ;
#1167 = ADVANCED_FACE ( 'NONE', ( #1309 ), #1743, .T. ) ;
#1168 = DIRECTION ( 'NONE',  ( 0.000000000000000000, 0.000000000000000000, -1.000000000000000000 ) ) ;
#1169 = DIRECTION ( 'NONE',  ( 0.9924798333418586305, -0.1224082530294285237, 0.000000000000000000 ) ) ;
#1170 = CARTESIAN_POINT ( 'NONE',  ( 0.09310252278581392094, -9.749615281544816270, 5.222666445019771508 ) ) ;
#1171 = DIRECTION ( 'NONE',  ( -0.000000000000000000, -0.000000000000000000, -1.000000000000000000 ) ) ;
#1172 = ADVANCED_FACE ( 'NONE', ( #1971 ), #510, .T. ) ;
#1173 = CARTESIAN_POINT ( 'NONE',  ( 0.000000000000000000, 0.000000000000000000, 7.000000000000000000 ) ) ;
#1174 = ORIENTED_EDGE ( 'NONE', *, *, #2192, .F. ) ;
#1175 = EDGE_CURVE ( 'NONE', #1546, #1062, #2547, .T. ) ;
#1176 = CARTESIAN_POINT ( 'NONE',  ( -2.963700234361556607, 9.288647959786468178, 7.000000000000000000 ) ) ;
#1177 = DIRECTION ( 'NONE',  ( 0.000000000000000000, 0.000000000000000000, 1.000000000000000000 ) ) ;
#1178 = VERTEX_POINT ( 'NONE', #1757 ) ;
#1179 = CARTESIAN_POINT ( 'NONE',  ( 24.37826735065150885, 5.585689704678606482, 5.000000000000000000 ) ) ;
#1180 = DIRECTION ( 'NONE',  ( -0.000000000000000000, -0.000000000000000000, 1.000000000000000000 ) ) ;
#1181 = EDGE_CURVE ( 'NONE', #37, #1315, #2603, .T. ) ;
#1182 = EDGE_LOOP ( 'NONE', ( #1980, #819, #2087, #79 ) ) ;
#1183 = CARTESIAN_POINT ( 'NONE',  ( 1.192622389734054877E-15, -9.750000000000000000, 4.999999999999984013 ) ) ;
#1184 = DIRECTION ( 'NONE',  ( 1.000000000000000000, -1.775471401937463663E-15, 0.000000000000000000 ) ) ;
#1185 = DIRECTION ( 'NONE',  ( -0.1224082530294264420, -0.9924798333418589635, 0.000000000000000000 ) ) ;
#1186 = EDGE_LOOP ( 'NONE', ( #2075, #2359, #1345, #1807 ) ) ;
#1187 = CARTESIAN_POINT ( 'NONE',  ( -5.025630336801854448, 9.032647924419228147, 7.000000000000000000 ) ) ;
#1188 = DIRECTION ( 'NONE',  ( 0.000000000000000000, 0.000000000000000000, 1.000000000000000000 ) ) ;
#1189 = CARTESIAN_POINT ( 'NONE',  ( -8.225486823948159554, -6.259956494877047639, 7.000000000000000000 ) ) ;
#1190 = ORIENTED_EDGE ( 'NONE', *, *, #2143, .F. ) ;
#1191 = CARTESIAN_POINT ( 'NONE',  ( 21.94533402855498494, 5.006473182348408990, 7.000000000000000000 ) ) ;
#1192 = ORIENTED_EDGE ( 'NONE', *, *, #1303, .F. ) ;
#1193 = CARTESIAN_POINT ( 'NONE',  ( 1.546088402326063926, -9.629236408020714677, 6.074302833660419232 ) ) ;
#1194 = DIRECTION ( 'NONE',  ( -1.000000000000000000, 0.000000000000000000, 0.000000000000000000 ) ) ;
#1195 = DIRECTION ( 'NONE',  ( -0.000000000000000000, -0.000000000000000000, -1.000000000000000000 ) ) ;
#1196 = ORIENTED_EDGE ( 'NONE', *, *, #1247, .T. ) ;
#1197 = CARTESIAN_POINT ( 'NONE',  ( 0.000000000000000000, 0.000000000000000000, 7.000000000000000000 ) ) ;
#1198 = CIRCLE ( 'NONE', #582, 3.762221576582363447 ) ;
#1199 = CARTESIAN_POINT ( 'NONE',  ( -10.68082785797387224, 5.469910078632857164, 7.000000000000000000 ) ) ;
#1200 = AXIS2_PLACEMENT_3D ( 'NONE', #1498, #5, #1928 ) ;
#1201 = EDGE_CURVE ( 'NONE', #2420, #859, #1970, .T. ) ;
#1202 = CIRCLE ( 'NONE', #1556, 3.762221576582363003 ) ;
#1203 = AXIS2_PLACEMENT_3D ( 'NONE', #1713, #842, #2130 ) ;
#1204 = DIRECTION ( 'NONE',  ( -0.000000000000000000, -0.000000000000000000, -1.000000000000000000 ) ) ;
#1205 = VERTEX_POINT ( 'NONE', #2389 ) ;
#1206 = VERTEX_POINT ( 'NONE', #1360 ) ;
#1207 = AXIS2_PLACEMENT_3D ( 'NONE', #2464, #1217, #2068 ) ;
#1208 = CARTESIAN_POINT ( 'NONE',  ( -1.972319854284031670, 10.14670602713487213, 7.000000000000000000 ) ) ;
#1209 = CIRCLE ( 'NONE', #2013, 3.762221576582363891 ) ;
#1210 = ORIENTED_EDGE ( 'NONE', *, *, #1710, .T. ) ;
#1211 = CARTESIAN_POINT ( 'NONE',  ( 2.867521846744453651, -9.329843104214164740, 6.592513292731995378 ) ) ;
#1212 = VECTOR ( 'NONE', #217, 1000.000000000000000 ) ;
#1213 = DIRECTION ( 'NONE',  ( 0.000000000000000000, 0.000000000000000000, 1.000000000000000000 ) ) ;
#1214 = PLANE ( 'NONE',  #2366 ) ;
#1215 = ORIENTED_EDGE ( 'NONE', *, *, #900, .T. ) ;
#1216 = AXIS2_PLACEMENT_3D ( 'NONE', #1681, #1882, #2559 ) ;
#1217 = DIRECTION ( 'NONE',  ( -0.000000000000000000, -0.000000000000000000, -1.000000000000000000 ) ) ;
#1218 = EDGE_CURVE ( 'NONE', #2203, #1107, #1691, .T. ) ;
#1219 = DIRECTION ( 'NONE',  ( 0.4154150130018841591, 0.9096319953545193293, 0.000000000000000000 ) ) ;
#1220 = DIRECTION ( 'NONE',  ( -0.000000000000000000, 0.000000000000000000, 1.000000000000000000 ) ) ;
#1221 = ORIENTED_EDGE ( 'NONE', *, *, #2374, .F. ) ;
#1222 = ORIENTED_EDGE ( 'NONE', *, *, #2539, .F. ) ;
#1223 = ORIENTED_EDGE ( 'NONE', *, *, #51, .T. ) ;
#1224 = DIRECTION ( 'NONE',  ( -0.000000000000000000, -0.000000000000000000, -1.000000000000000000 ) ) ;
#1225 = DIRECTION ( 'NONE',  ( -1.000000000000000000, 0.000000000000000000, 0.000000000000000000 ) ) ;
#1226 = CARTESIAN_POINT ( 'NONE',  ( -3.714609627610714782, 9.014664459338559865, -1.199999999999999956 ) ) ;
#1227 = ORIENTED_EDGE ( 'NONE', *, *, #1836, .F. ) ;
#1228 = DIRECTION ( 'NONE',  ( -0.000000000000000000, 0.000000000000000000, 1.000000000000000000 ) ) ;
#1229 = DIRECTION ( 'NONE',  ( 0.000000000000000000, 0.000000000000000000, 1.000000000000000000 ) ) ;
#1230 = FACE_OUTER_BOUND ( 'NONE', #1769, .T. ) ;
#1231 = EDGE_LOOP ( 'NONE', ( #1233, #1972, #2051, #1455 ) ) ;
#1232 = ADVANCED_FACE ( 'NONE', ( #936 ), #1332, .T. ) ;
#1233 = ORIENTED_EDGE ( 'NONE', *, *, #1746, .T. ) ;
#1234 = DIRECTION ( 'NONE',  ( 0.8412535328311805394, 0.5406408174555985546, 0.000000000000000000 ) ) ;
#1235 = CARTESIAN_POINT ( 'NONE',  ( -6.039487577932532325, 10.08264590114086801, 7.000000000000000000 ) ) ;
#1236 = EDGE_CURVE ( 'NONE', #1619, #684, #294, .T. ) ;
#1237 = DIRECTION ( 'NONE',  ( 0.9594929736144971466, 0.2817325568414302261, 0.000000000000000000 ) ) ;
#1238 = VERTEX_POINT ( 'NONE', #1776 ) ;
#1239 = LINE ( 'NONE', #2110, #1930 ) ;
#1240 = FACE_OUTER_BOUND ( 'NONE', #640, .T. ) ;
#1241 = VECTOR ( 'NONE', #213, 1000.000000000000000 ) ;
#1242 = VECTOR ( 'NONE', #1826, 999.9999999999998863 ) ;
#1243 = CARTESIAN_POINT ( 'NONE',  ( 20.24105627050340317, -12.24644602772422353, 2.043286340269999446 ) ) ;
#1244 = ORIENTED_EDGE ( 'NONE', *, *, #1412, .F. ) ;
#1245 = CIRCLE ( 'NONE', #2593, 2.000000000000000444 ) ;
#1246 = AXIS2_PLACEMENT_3D ( 'NONE', #1139, #1986, #523 ) ;
#1247 = EDGE_CURVE ( 'NONE', #684, #1733, #2054, .T. ) ;
#1248 = LINE ( 'NONE', #419, #2448 ) ;
#1249 = CARTESIAN_POINT ( 'NONE',  ( 19.82377964241884172, -12.19498089830002741, -44.17337122566542718 ) ) ;
#1250 = AXIS2_PLACEMENT_3D ( 'NONE', #157, #1010, #2671 ) ;
#1251 = AXIS2_PLACEMENT_3D ( 'NONE', #898, #2419, #2202 ) ;
#1252 = CYLINDRICAL_SURFACE ( 'NONE', #312, 9.750000000000000000 ) ;
#1253 = AXIS2_PLACEMENT_3D ( 'NONE', #1565, #466, #1346 ) ;
#1254 = CARTESIAN_POINT ( 'NONE',  ( -7.218085806415211358, -6.554520370799626683, 7.000000000000000000 ) ) ;
#1255 = ORIENTED_EDGE ( 'NONE', *, *, #2520, .F. ) ;
#1256 = AXIS2_PLACEMENT_3D ( 'NONE', #583, #1220, #2468 ) ;
#1257 = FACE_OUTER_BOUND ( 'NONE', #2610, .T. ) ;
#1258 = CARTESIAN_POINT ( 'NONE',  ( -11.78923103425785790, 2.239203345141189239, 7.000000000000000000 ) ) ;
#1259 = ADVANCED_FACE ( 'NONE', ( #550 ), #1818, .T. ) ;
#1260 = DIRECTION ( 'NONE',  ( -1.000000000000000000, 0.000000000000000000, 0.000000000000000000 ) ) ;
#1261 = CIRCLE ( 'NONE', #1612, 1.750000000000018874 ) ;
#1262 = CARTESIAN_POINT ( 'NONE',  ( -9.743131826350435176, 0.3658991860571081389, -1.199999999999999956 ) ) ;
#1263 = ORIENTED_EDGE ( 'NONE', *, *, #390, .F. ) ;
#1264 = DIRECTION ( 'NONE',  ( -0.000000000000000000, -0.000000000000000000, -1.000000000000000000 ) ) ;
#1265 = CARTESIAN_POINT ( 'NONE',  ( -11.99437461453229581, -0.3673929861378426587, 7.000000000000000000 ) ) ;
#1266 = CARTESIAN_POINT ( 'NONE',  ( -11.94254082540289730, -1.172910326318754803, 7.000000000000000000 ) ) ;
#1267 = DIRECTION ( 'NONE',  ( -0.000000000000000000, -0.000000000000000000, -1.000000000000000000 ) ) ;
#1268 = FACE_OUTER_BOUND ( 'NONE', #35, .T. ) ;
#1269 = ORIENTED_EDGE ( 'NONE', *, *, #2449, .F. ) ;
#1270 = CARTESIAN_POINT ( 'NONE',  ( -4.648450871385579219, -11.06308747575985940, -1.200000000000000622 ) ) ;
#1271 = DIRECTION ( 'NONE',  ( -0.000000000000000000, -0.000000000000000000, -1.000000000000000000 ) ) ;
#1272 = CARTESIAN_POINT ( 'NONE',  ( 3.535331853275972325, 9.713244437154374467, 7.000000000000000000 ) ) ;
#1273 = CARTESIAN_POINT ( 'NONE',  ( 0.000000000000000000, 0.000000000000000000, 7.000000000000000000 ) ) ;
#1274 = ORIENTED_EDGE ( 'NONE', *, *, #1486, .T. ) ;
#1275 = EDGE_LOOP ( 'NONE', ( #1906, #2571, #1960, #1356 ) ) ;
#1276 = CARTESIAN_POINT ( 'NONE',  ( 0.000000000000000000, 0.000000000000000000, 7.000000000000000000 ) ) ;
#1277 = DIRECTION ( 'NONE',  ( 1.000000000000000000, 0.000000000000000000, 0.000000000000000000 ) ) ;
#1278 = CYLINDRICAL_SURFACE ( 'NONE', #2187, 3.762221576582363003 ) ;
#1279 = ORIENTED_EDGE ( 'NONE', *, *, #798, .F. ) ;
#1280 = DIRECTION ( 'NONE',  ( 0.000000000000000000, 0.000000000000000000, 1.000000000000000000 ) ) ;
#1281 = ORIENTED_EDGE ( 'NONE', *, *, #273, .T. ) ;
#1282 = CYLINDRICAL_SURFACE ( 'NONE', #1421, 3.762221576582363891 ) ;
#1283 = DIRECTION ( 'NONE',  ( 0.9924798333418586305, -0.1224082530294287041, 0.000000000000000000 ) ) ;
#1284 = VERTEX_POINT ( 'NONE', #1849 ) ;
#1285 = ORIENTED_EDGE ( 'NONE', *, *, #1940, .T. ) ;
#1286 = EDGE_CURVE ( 'NONE', #1161, #1101, #1916, .T. ) ;
#1287 = AXIS2_PLACEMENT_3D ( 'NONE', #259, #1474, #1063 ) ;
#1288 = LINE ( 'NONE', #2142, #2182 ) ;
#1289 = CARTESIAN_POINT ( 'NONE',  ( 0.000000000000000000, 0.000000000000000000, 7.000000000000000000 ) ) ;
#1290 = EDGE_CURVE ( 'NONE', #1133, #1338, #589, .T. ) ;
#1291 = VECTOR ( 'NONE', #978, 1000.000000000000000 ) ;
#1292 = AXIS2_PLACEMENT_3D ( 'NONE', #1208, #2020, #319 ) ;
#1293 = AXIS2_PLACEMENT_3D ( 'NONE', #977, #1635, #1861 ) ;
#1294 = CARTESIAN_POINT ( 'NONE',  ( 23.20260335741661351, 6.686895840318086925, 2.545088032272148304 ) ) ;
#1295 = ORIENTED_EDGE ( 'NONE', *, *, #146, .T. ) ;
#1296 = LINE ( 'NONE', #1927, #66 ) ;
#1297 = CIRCLE ( 'NONE', #1207, 3.762221576582364335 ) ;
#1298 = AXIS2_PLACEMENT_3D ( 'NONE', #2300, #389, #1031 ) ;
#1299 = CARTESIAN_POINT ( 'NONE',  ( -5.460564090080127109, 8.077421607055521591, 7.000000000000000000 ) ) ;
#1300 = ORIENTED_EDGE ( 'NONE', *, *, #273, .F. ) ;
#1301 = AXIS2_PLACEMENT_3D ( 'NONE', #331, #559, #2650 ) ;
#1302 = DIRECTION ( 'NONE',  ( -0.9594929736144992560, 0.2817325568414236758, 0.000000000000000000 ) ) ;
#1303 = EDGE_CURVE ( 'NONE', #1491, #1605, #778, .T. ) ;
#1304 = ORIENTED_EDGE ( 'NONE', *, *, #1121, .F. ) ;
#1305 = ORIENTED_EDGE ( 'NONE', *, *, #1497, .F. ) ;
#1306 = DIRECTION ( 'NONE',  ( 0.000000000000000000, -0.000000000000000000, -1.000000000000000000 ) ) ;
#1307 = FACE_BOUND ( 'NONE', #526, .T. ) ;
#1308 = DIRECTION ( 'NONE',  ( -1.000000000000000000, 0.000000000000000000, 0.000000000000000000 ) ) ;
#1309 = FACE_OUTER_BOUND ( 'NONE', #762, .T. ) ;
#1310 = ORIENTED_EDGE ( 'NONE', *, *, #1317, .F. ) ;
#1311 = LINE ( 'NONE', #2164, #1116 ) ;
#1312 = EDGE_LOOP ( 'NONE', ( #1595, #2541, #1320, #1929 ) ) ;
#1313 = CARTESIAN_POINT ( 'NONE',  ( -8.959963588456274053, 5.154099465690963555, 7.000000000000000000 ) ) ;
#1314 = ORIENTED_EDGE ( 'NONE', *, *, #1923, .T. ) ;
#1315 = VERTEX_POINT ( 'NONE', #2702 ) ;
#1316 = CARTESIAN_POINT ( 'NONE',  ( 0.000000000000000000, 0.000000000000000000, 6.099999999999999645 ) ) ;
#1317 = EDGE_CURVE ( 'NONE', #30, #1621, #2277, .T. ) ;
#1318 = DIRECTION ( 'NONE',  ( -0.000000000000000000, 0.000000000000000000, 1.000000000000000000 ) ) ;
#1319 = CARTESIAN_POINT ( 'NONE',  ( 34.30306568407009848, 4.361607174384313446, 1.700000000000000178 ) ) ;
#1320 = ORIENTED_EDGE ( 'NONE', *, *, #1608, .F. ) ;
#1321 = EDGE_CURVE ( 'NONE', #1062, #1477, #1076, .T. ) ;
#1322 = DIRECTION ( 'NONE',  ( 0.000000000000000000, 0.000000000000000000, 1.000000000000000000 ) ) ;
#1323 = EDGE_LOOP ( 'NONE', ( #245, #387, #2728, #1363, #712, #1492 ) ) ;
#1324 = CARTESIAN_POINT ( 'NONE',  ( -6.103866304610268578, 7.602980740173119756, -1.199999999999999956 ) ) ;
#1325 = ORIENTED_EDGE ( 'NONE', *, *, #1798, .F. ) ;
#1326 = ORIENTED_EDGE ( 'NONE', *, *, #1608, .T. ) ;
#1327 = DIRECTION ( 'NONE',  ( -0.000000000000000000, -0.000000000000000000, -1.000000000000000000 ) ) ;
#1328 = CIRCLE ( 'NONE', #2313, 3.762221576582363003 ) ;
#1329 = DIRECTION ( 'NONE',  ( 1.000000000000000000, 0.000000000000000000, 0.000000000000000000 ) ) ;
#1330 = EDGE_CURVE ( 'NONE', #1917, #1050, #1430, .T. ) ;
#1331 = AXIS2_PLACEMENT_3D ( 'NONE', #1948, #1114, #766 ) ;
#1332 = CYLINDRICAL_SURFACE ( 'NONE', #2684, 9.750000000000000000 ) ;
#1333 = ORIENTED_EDGE ( 'NONE', *, *, #1051, .F. ) ;
#1334 = CALENDAR_DATE ( 2026, 15, 9 ) ;
#1335 = CIRCLE ( 'NONE', #2227, 3.762221576582363003 ) ;
#1336 = AXIS2_PLACEMENT_3D ( 'NONE', #1951, #1539, #73 ) ;
#1337 = DIRECTION ( 'NONE',  ( -0.6548607339452887643, 0.7557495743542551603, 0.000000000000000000 ) ) ;
#1338 = VERTEX_POINT ( 'NONE', #2485 ) ;
#1339 = AXIS2_PLACEMENT_3D ( 'NONE', #145, #1228, #1656 ) ;
#1340 = CIRCLE ( 'NONE', #2735, 2.000000000000000000 ) ;
#1341 = CARTESIAN_POINT ( 'NONE',  ( -11.99437461453229581, -0.3673929861378426587, -1.200000000000000622 ) ) ;
#1342 = ADVANCED_FACE ( 'NONE', ( #324 ), #995, .T. ) ;
#1343 = CIRCLE ( 'NONE', #1697, 12.00000000000000355 ) ;
#1344 = ORIENTED_EDGE ( 'NONE', *, *, #2400, .F. ) ;
#1345 = ORIENTED_EDGE ( 'NONE', *, *, #2743, .T. ) ;
#1346 = DIRECTION ( 'NONE',  ( -1.000000000000000000, 0.000000000000000000, 0.000000000000000000 ) ) ;
#1347 = VECTOR ( 'NONE', #2093, 1000.000000000000000 ) ;
#1348 = CYLINDRICAL_SURFACE ( 'NONE', #1457, 3.762221576582363891 ) ;
#1349 = CARTESIAN_POINT ( 'NONE',  ( -6.934274570223737832, -9.793663062651708273, 7.000000000000000000 ) ) ;
#1350 = ORIENTED_EDGE ( 'NONE', *, *, #2659, .F. ) ;
#1351 = CALENDAR_DATE ( 2026, 15, 9 ) ;
#1352 = DIRECTION ( 'NONE',  ( 0.000000000000000000, 0.000000000000000000, 1.000000000000000000 ) ) ;
#1353 = ORIENTED_EDGE ( 'NONE', *, *, #802, .F. ) ;
#1354 = FACE_OUTER_BOUND ( 'NONE', #2085, .T. ) ;
#1355 = VERTEX_POINT ( 'NONE', #2023 ) ;
#1356 = ORIENTED_EDGE ( 'NONE', *, *, #1902, .F. ) ;
#1357 = EDGE_CURVE ( 'NONE', #2619, #442, #2141, .T. ) ;
#1358 = CARTESIAN_POINT ( 'NONE',  ( -8.707127529965969615, 8.257477228361501886, 7.000000000000000000 ) ) ;
#1359 = FACE_OUTER_BOUND ( 'NONE', #767, .T. ) ;
#1360 = CARTESIAN_POINT ( 'NONE',  ( -10.28893766292894085, 6.175577848943564874, -1.200000000000000622 ) ) ;
#1361 = COORDINATED_UNIVERSAL_TIME_OFFSET ( 8, 0, .AHEAD. ) ;
#1362 = CARTESIAN_POINT ( 'NONE',  ( -11.78923103425785790, 2.239203345141189239, -1.199999999999999956 ) ) ;
#1363 = ORIENTED_EDGE ( 'NONE', *, *, #1879, .F. ) ;
#1364 = CARTESIAN_POINT ( 'NONE',  ( -7.576987870392881241, -9.305334750126894150, -1.200000000000000622 ) ) ;
#1365 = EDGE_CURVE ( 'NONE', #62, #703, #188, .T. ) ;
#1366 = ORIENTED_EDGE ( 'NONE', *, *, #152, .T. ) ;
#1367 = EDGE_CURVE ( 'NONE', #2167, #2348, #2712, .T. ) ;
#1368 = FACE_OUTER_BOUND ( 'NONE', #214, .T. ) ;
#1369 = CYLINDRICAL_SURFACE ( 'NONE', #501, 3.762221576582363003 ) ;
#1370 = DIRECTION ( 'NONE',  ( 0.9924798333418587415, -0.1224082530294281629, 0.000000000000000000 ) ) ;
#1371 = ADVANCED_FACE ( 'NONE', ( #2288 ), #964, .T. ) ;
#1372 = CARTESIAN_POINT ( 'NONE',  ( 5.108248057272262166, 8.307840082823167549, 6.592743895028038814 ) ) ;
#1373 = DIRECTION ( 'NONE',  ( -0.8412535328311840921, 0.5406408174555930035, 0.000000000000000000 ) ) ;
#1374 = AXIS2_PLACEMENT_3D ( 'NONE', #2299, #388, #1663 ) ;
#1375 = CARTESIAN_POINT ( 'NONE',  ( 0.000000000000000000, 0.000000000000000000, 2.100000000000000089 ) ) ;
#1376 = ORIENTED_EDGE ( 'NONE', *, *, #1812, .T. ) ;
#1377 = CARTESIAN_POINT ( 'NONE',  ( 0.000000000000000000, 0.000000000000000000, 7.000000000000000000 ) ) ;
#1378 = VECTOR ( 'NONE', #2481, 1000.000000000000000 ) ;
#1379 = VECTOR ( 'NONE', #1431, 1000.000000000000000 ) ;
#1380 = DIRECTION ( 'NONE',  ( -0.000000000000000000, -0.000000000000000000, -1.000000000000000000 ) ) ;
#1381 = CIRCLE ( 'NONE', #634, 3.762221576582363003 ) ;
#1382 = TOROIDAL_SURFACE ( 'NONE', #1033, 1.000000000000000000, 2.000000000000000000 ) ;
#1383 = EDGE_LOOP ( 'NONE', ( #2596, #1822, #2622, #1680 ) ) ;
#1384 = ADVANCED_FACE ( 'NONE', ( #564 ), #347, .T. ) ;
#1385 = CIRCLE ( 'NONE', #1128, 3.762221576582363447 ) ;
#1386 = CARTESIAN_POINT ( 'NONE',  ( 32.51687483359763320, -3.794655843912281945, 3.700000000000000178 ) ) ;
#1387 = CARTESIAN_POINT ( 'NONE',  ( 0.000000000000000000, 0.000000000000000000, 7.000000000000000000 ) ) ;
#1388 = ORIENTED_EDGE ( 'NONE', *, *, #174, .F. ) ;
#1389 = CARTESIAN_POINT ( 'NONE',  ( 2.548648591950057440, 9.411048109036434184, 5.118860267931050423 ) ) ;
#1390 = DIRECTION ( 'NONE',  ( -0.000000000000000000, -0.000000000000000000, -1.000000000000000000 ) ) ;
#1391 = DIRECTION ( 'NONE',  ( -0.1423148382732887240, 0.9898214418809322401, 0.000000000000000000 ) ) ;
#1392 = ORIENTED_EDGE ( 'NONE', *, *, #2743, .F. ) ;
#1393 = DIRECTION ( 'NONE',  ( -0.000000000000000000, -0.000000000000000000, -1.000000000000000000 ) ) ;
#1394 = DIRECTION ( 'NONE',  ( -0.1224082530294285237, -0.9924798333418586305, 0.000000000000000000 ) ) ;
#1395 = CARTESIAN_POINT ( 'NONE',  ( 0.000000000000000000, 0.000000000000000000, -1.199999999999999956 ) ) ;
#1396 = ORIENTED_EDGE ( 'NONE', *, *, #1357, .F. ) ;
#1397 = CARTESIAN_POINT ( 'NONE',  ( -8.960702652602998697, 3.842955629672761386, 7.000000000000000000 ) ) ;
#1398 = EDGE_LOOP ( 'NONE', ( #891, #1137, #1119, #792 ) ) ;
#1399 = EDGE_CURVE ( 'NONE', #1605, #2720, #991, .T. ) ;
#1400 = CARTESIAN_POINT ( 'NONE',  ( 3.144193928979301056, 9.231252615005702822, 5.663966427517268087 ) ) ;
#1401 = CARTESIAN_POINT ( 'NONE',  ( -8.225486823948159554, -6.259956494877047639, 7.000000000000000000 ) ) ;
#1402 = CARTESIAN_POINT ( 'NONE',  ( -2.528598933626911904, -9.416405228794101134, -1.199999999999999956 ) ) ;
#1403 = EDGE_CURVE ( 'NONE', #2427, #2673, #1874, .T. ) ;
#1404 = ORIENTED_EDGE ( 'NONE', *, *, #1580, .T. ) ;
#1405 = CYLINDRICAL_SURFACE ( 'NONE', #322, 1.999999999999999334 ) ;
#1406 = DIRECTION ( 'NONE',  ( -0.000000000000000000, -0.000000000000000000, -1.000000000000000000 ) ) ;
#1407 = DIRECTION ( 'NONE',  ( 1.000000000000000000, 0.000000000000000000, 0.000000000000000000 ) ) ;
#1408 = EDGE_LOOP ( 'NONE', ( #1800, #1646, #1835, #156 ) ) ;
#1409 = DIRECTION ( 'NONE',  ( -0.000000000000000000, -0.000000000000000000, -1.000000000000000000 ) ) ;
#1410 = DIRECTION ( 'NONE',  ( -0.6548607339452821030, 0.7557495743542608224, 0.000000000000000000 ) ) ;
#1411 = DIRECTION ( 'NONE',  ( -0.000000000000000000, -0.000000000000000000, -1.000000000000000000 ) ) ;
#1412 = EDGE_CURVE ( 'NONE', #992, #1831, #2146, .T. ) ;
#1413 = DIRECTION ( 'NONE',  ( 0.000000000000000000, 0.000000000000000000, -1.000000000000000000 ) ) ;
#1414 = ORIENTED_EDGE ( 'NONE', *, *, #2040, .F. ) ;
#1415 = CIRCLE ( 'NONE', #1772, 9.750000000000000000 ) ;
#1416 = CARTESIAN_POINT ( 'NONE',  ( -5.460564090080127997, 8.077421607055523367, -1.199999999999999956 ) ) ;
#1417 = VECTOR ( 'NONE', #381, 999.9999999999998863 ) ;
#1418 = DIRECTION ( 'NONE',  ( -0.000000000000000000, -0.000000000000000000, -1.000000000000000000 ) ) ;
#1419 = AXIS2_PLACEMENT_3D ( 'NONE', #1613, #1008, #1237 ) ;
#1420 = EDGE_CURVE ( 'NONE', #1895, #2428, #164, .T. ) ;
#1421 = AXIS2_PLACEMENT_3D ( 'NONE', #232, #638, #667 ) ;
#1422 = AXIS2_PLACEMENT_3D ( 'NONE', #2244, #1213, #1623 ) ;
#1423 = FACE_OUTER_BOUND ( 'NONE', #1856, .T. ) ;
#1424 = ORIENTED_EDGE ( 'NONE', *, *, #1886, .F. ) ;
#1425 = AXIS2_PLACEMENT_3D ( 'NONE', #568, #2052, #340 ) ;
#1426 = AXIS2_PLACEMENT_3D ( 'NONE', #2753, #1441, #177 ) ;
#1427 = ORIENTED_EDGE ( 'NONE', *, *, #695, .F. ) ;
#1428 = CARTESIAN_POINT ( 'NONE',  ( 3.343895074590825800, 9.161121106788684187, 5.777662763699408899 ) ) ;
#1429 = AXIS2_PLACEMENT_3D ( 'NONE', #2367, #236, #880 ) ;
#1430 = LINE ( 'NONE', #2473, #231 ) ;
#1431 = DIRECTION ( 'NONE',  ( -0.000000000000000000, -0.000000000000000000, -1.000000000000000000 ) ) ;
#1432 = ORIENTED_EDGE ( 'NONE', *, *, #2613, .F. ) ;
#1433 = LOCAL_TIME ( 11, 1, 13.00000000000000000, #2392 ) ;
#1434 = FACE_OUTER_BOUND ( 'NONE', #1721, .T. ) ;
#1435 = DIRECTION ( 'NONE',  ( -1.000000000000000000, 0.000000000000000000, 0.000000000000000000 ) ) ;
#1436 = CARTESIAN_POINT ( 'NONE',  ( 0.000000000000000000, 0.000000000000000000, -1.199999999999999956 ) ) ;
#1437 = VERTEX_POINT ( 'NONE', #1266 ) ;
#1438 = ADVANCED_FACE ( 'NONE', ( #433 ), #2764, .T. ) ;
#1439 = ORIENTED_EDGE ( 'NONE', *, *, #20, .F. ) ;
#1440 = DIRECTION ( 'NONE',  ( -0.000000000000000000, -0.000000000000000000, -1.000000000000000000 ) ) ;
#1441 = DIRECTION ( 'NONE',  ( -0.000000000000000000, 0.000000000000000000, 1.000000000000000000 ) ) ;
#1442 = DIRECTION ( 'NONE',  ( -1.000000000000000000, 0.000000000000000000, 0.000000000000000000 ) ) ;
#1443 = ORIENTED_EDGE ( 'NONE', *, *, #567, .F. ) ;
#1444 = DIRECTION ( 'NONE',  ( 1.000000000000000000, 0.000000000000000000, 0.000000000000000000 ) ) ;
#1445 = CYLINDRICAL_SURFACE ( 'NONE', #226, 3.762221576582363003 ) ;
#1446 = EDGE_CURVE ( 'NONE', #1814, #2720, #1465, .T. ) ;
#1447 = LINE ( 'NONE', #598, #189 ) ;
#1448 = ORIENTED_EDGE ( 'NONE', *, *, #2707, .F. ) ;
#1449 = EDGE_CURVE ( 'NONE', #263, #442, #1695, .T. ) ;
#1450 = CARTESIAN_POINT ( 'NONE',  ( -0.9662303906370903750, -10.29135985382434448, 7.000000000000000000 ) ) ;
#1451 = DIRECTION ( 'NONE',  ( -0.000000000000000000, -0.000000000000000000, -1.000000000000000000 ) ) ;
#1452 = DIRECTION ( 'NONE',  ( 1.000000000000000000, 0.000000000000000000, 0.000000000000000000 ) ) ;
#1453 = EDGE_CURVE ( 'NONE', #703, #37, #2323, .T. ) ;
#1454 = CARTESIAN_POINT ( 'NONE',  ( 22.60384330446352052, 6.912490201317097238, 2.042770461079308486 ) ) ;
#1455 = ORIENTED_EDGE ( 'NONE', *, *, #618, .F. ) ;
#1456 = LINE ( 'NONE', #1667, #1753 ) ;
#1457 = AXIS2_PLACEMENT_3D ( 'NONE', #293, #2665, #758 ) ;
#1458 = CARTESIAN_POINT ( 'NONE',  ( 12.72702284070972567, -1.580561067262503006, 5.000000000000000000 ) ) ;
#1459 = VECTOR ( 'NONE', #1669, 1000.000000000000000 ) ;
#1460 = CARTESIAN_POINT ( 'NONE',  ( 21.91138158649975409, -11.68638687862437386, 3.281768643865220270 ) ) ;
#1461 = EDGE_LOOP ( 'NONE', ( #2409, #2152, #151, #198 ) ) ;
#1462 = VERTEX_POINT ( 'NONE', #1047 ) ;
#1463 = DIRECTION ( 'NONE',  ( 1.000000000000000000, 0.000000000000000000, 0.000000000000000000 ) ) ;
#1464 = PRODUCT_DEFINITION_SHAPE ( 'NONE', 'NONE',  #866 ) ;
#1465 = LINE ( 'NONE', #1693, #1784 ) ;
#1466 = CIRCLE ( 'NONE', #98, 9.750000000000000000 ) ;
#1467 = TOROIDAL_SURFACE ( 'NONE', #279, 1.000000000000000000, 2.000000000000000000 ) ;
#1468 = DIRECTION ( 'NONE',  ( -0.000000000000000000, -0.000000000000000000, -1.000000000000000000 ) ) ;
#1469 = AXIS2_PLACEMENT_3D ( 'NONE', #2491, #109, #372 ) ;
#1470 = FACE_OUTER_BOUND ( 'NONE', #104, .T. ) ;
#1471 = VERTEX_POINT ( 'NONE', #645 ) ;
#1472 = AXIS2_PLACEMENT_3D ( 'NONE', #1436, #639, #1476 ) ;
#1473 = CYLINDRICAL_SURFACE ( 'NONE', #870, 1.750000000000018874 ) ;
#1474 = DIRECTION ( 'NONE',  ( 0.000000000000000000, 0.000000000000000000, -1.000000000000000000 ) ) ;
#1475 = DIRECTION ( 'NONE',  ( -0.8412535328311840921, 0.5406408174555930035, 0.000000000000000000 ) ) ;
#1476 = DIRECTION ( 'NONE',  ( 0.9594929736144971466, 0.2817325568414302261, 0.000000000000000000 ) ) ;
#1477 = VERTEX_POINT ( 'NONE', #2117 ) ;
#1478 = EDGE_LOOP ( 'NONE', ( #1350, #731, #1854, #374 ) ) ;
#1479 = ORIENTED_EDGE ( 'NONE', *, *, #1573, .T. ) ;
#1480 = CARTESIAN_POINT ( 'NONE',  ( -2.860572556533148347, 11.65406043612308551, -1.199999999999999956 ) ) ;
#1481 = DIRECTION ( 'NONE',  ( -0.000000000000000000, -0.000000000000000000, -1.000000000000000000 ) ) ;
#1482 = EDGE_CURVE ( 'NONE', #1471, #2315, #613, .T. ) ;
#1483 = CARTESIAN_POINT ( 'NONE',  ( -4.751084474448957096, 9.180026422911224060, 7.000000000000000000 ) ) ;
#1484 = ORIENTED_EDGE ( 'NONE', *, *, #2715, .T. ) ;
#1485 = CARTESIAN_POINT ( 'NONE',  ( -7.515045518445490735, 6.211810593996920815, 7.000000000000000000 ) ) ;
#1486 = EDGE_CURVE ( 'NONE', #621, #1609, #2601, .T. ) ;
#1487 = DIRECTION ( 'NONE',  ( -0.000000000000000000, 0.000000000000000000, 1.000000000000000000 ) ) ;
#1488 = ORIENTED_EDGE ( 'NONE', *, *, #382, .T. ) ;
#1489 = CARTESIAN_POINT ( 'NONE',  ( 32.11494886803243531, 5.767350318737838322, 1.700000000000000178 ) ) ;
#1490 = CYLINDRICAL_SURFACE ( 'NONE', #369, 9.750000000000000000 ) ;
#1491 = VERTEX_POINT ( 'NONE', #2344 ) ;
#1492 = ORIENTED_EDGE ( 'NONE', *, *, #423, .T. ) ;
#1493 = CARTESIAN_POINT ( 'NONE',  ( -10.32411757120621232, -0.5082176547595769200, 7.000000000000000000 ) ) ;
#1494 = DIRECTION ( 'NONE',  ( 1.000000000000000000, 0.000000000000000000, 0.000000000000000000 ) ) ;
#1495 = CARTESIAN_POINT ( 'NONE',  ( 24.37826735065150885, 5.585689704678606482, 3.499567689187681907 ) ) ;
#1496 = ORIENTED_EDGE ( 'NONE', *, *, #2628, .F. ) ;
#1497 = EDGE_CURVE ( 'NONE', #1654, #182, #885, .T. ) ;
#1498 = CARTESIAN_POINT ( 'NONE',  ( 0.000000000000000000, 0.000000000000000000, 7.000000000000000000 ) ) ;
#1499 = VERTEX_POINT ( 'NONE', #2105 ) ;
#1500 = CARTESIAN_POINT ( 'NONE',  ( -8.772324397136546992, -4.255446471453136148, 7.000000000000000000 ) ) ;
#1501 = DIRECTION ( 'NONE',  ( -0.000000000000000000, -0.000000000000000000, -1.000000000000000000 ) ) ;
#1502 = ORIENTED_EDGE ( 'NONE', *, *, #1798, .T. ) ;
#1503 = ORIENTED_EDGE ( 'NONE', *, *, #2111, .F. ) ;
#1504 = AXIS2_PLACEMENT_3D ( 'NONE', #1922, #2527, #1452 ) ;
#1505 = EDGE_CURVE ( 'NONE', #1315, #1890, #420, .T. ) ;
#1506 = CIRCLE ( 'NONE', #50, 3.762221576582363003 ) ;
#1507 = DIRECTION ( 'NONE',  ( -1.000000000000000000, 0.000000000000000000, 0.000000000000000000 ) ) ;
#1508 = CYLINDRICAL_SURFACE ( 'NONE', #99, 3.762221576582363003 ) ;
#1509 = FACE_OUTER_BOUND ( 'NONE', #1796, .T. ) ;
#1510 = CIRCLE ( 'NONE', #316, 12.00000000000000178 ) ;
#1511 = AXIS2_PLACEMENT_3D ( 'NONE', #2758, #2548, #1718 ) ;
#1512 = CIRCLE ( 'NONE', #905, 3.762221576582363891 ) ;
#1513 = DIRECTION ( 'NONE',  ( -1.000000000000000000, 0.000000000000000000, 0.000000000000000000 ) ) ;
#1514 = ORIENTED_EDGE ( 'NONE', *, *, #2748, .F. ) ;
#1515 = APPROVAL_STATUS ( 'not_yet_approved' ) ;
#1516 = CIRCLE ( 'NONE', #1298, 1.000000000000000888 ) ;
#1517 = CARTESIAN_POINT ( 'NONE',  ( -1.024417370216223144, 9.696033676282239000, 7.000000000000000000 ) ) ;
#1518 = ORIENTED_EDGE ( 'NONE', *, *, #923, .F. ) ;
#1519 = VECTOR ( 'NONE', #1590, 1000.000000000000000 ) ;
#1520 = FACE_OUTER_BOUND ( 'NONE', #1997, .T. ) ;
#1521 = EDGE_CURVE ( 'NONE', #1744, #1238, #1385, .T. ) ;
#1522 = ORIENTED_EDGE ( 'NONE', *, *, #1138, .T. ) ;
#1523 = ORIENTED_EDGE ( 'NONE', *, *, #1940, .F. ) ;
#1524 = DIRECTION ( 'NONE',  ( -0.1224082530294286625, -0.9924798333418585194, 0.000000000000000000 ) ) ;
#1525 = EDGE_CURVE ( 'NONE', #1831, #1767, #733, .T. ) ;
#1526 = CARTESIAN_POINT ( 'NONE',  ( -2.070630938732226145, 11.82000370201147454, 7.000000000000000000 ) ) ;
#1527 = DIRECTION ( 'NONE',  ( -0.8412535328311843141, 0.5406408174555928925, 0.000000000000000000 ) ) ;
#1528 = ORIENTED_EDGE ( 'NONE', *, *, #1981, .F. ) ;
#1529 = APPROVAL_ROLE ( '' ) ;
#1530 = DIRECTION ( 'NONE',  ( 0.8412535328311805394, 0.5406408174555986657, 0.000000000000000000 ) ) ;
#1531 = VERTEX_POINT ( 'NONE', #1878 ) ;
#1532 = DIRECTION ( 'NONE',  ( -0.000000000000000000, -0.000000000000000000, -1.000000000000000000 ) ) ;
#1533 = ORIENTED_EDGE ( 'NONE', *, *, #2498, .T. ) ;
#1534 = ORIENTED_EDGE ( 'NONE', *, *, #1923, .F. ) ;
#1535 = ADVANCED_FACE ( 'NONE', ( #1091 ), #872, .T. ) ;
#1536 = LINE ( 'NONE', #537, #1866 ) ;
#1537 = DIRECTION ( 'NONE',  ( 1.000000000000000000, 0.000000000000000000, 0.000000000000000000 ) ) ;
#1538 = CARTESIAN_POINT ( 'NONE',  ( 36.33051441422968963, -2.804643597556788492, 1.700000000000000178 ) ) ;
#1539 = DIRECTION ( 'NONE',  ( -0.000000000000000000, -0.000000000000000000, -1.000000000000000000 ) ) ;
#1540 = VERTEX_POINT ( 'NONE', #1677 ) ;
#1541 = EDGE_CURVE ( 'NONE', #2165, #744, #635, .T. ) ;
#1542 = DATE_AND_TIME ( #1351, #1703 ) ;
#1543 = LINE ( 'NONE', #1557, #1912 ) ;
#1544 = VERTEX_POINT ( 'NONE', #209 ) ;
#1545 = CARTESIAN_POINT ( 'NONE',  ( 0.9370490911145918922, 7.597545939643174151, 5.000000000000000000 ) ) ;
#1546 = VERTEX_POINT ( 'NONE', #2089 ) ;
#1547 = ORIENTED_EDGE ( 'NONE', *, *, #1568, .F. ) ;
#1548 = CIRCLE ( 'NONE', #675, 1.350000000000000089 ) ;
#1549 = LINE ( 'NONE', #292, #688 ) ;
#1550 = CIRCLE ( 'NONE', #2, 9.750000000000000000 ) ;
#1551 = CARTESIAN_POINT ( 'NONE',  ( -0.2267350114589756771, 9.747363296531975863, 7.000000000000000000 ) ) ;
#1552 = DIRECTION ( 'NONE',  ( -1.000000000000000000, 0.000000000000000000, 0.000000000000000000 ) ) ;
#1553 = ORIENTED_EDGE ( 'NONE', *, *, #1525, .F. ) ;
#1554 = CIRCLE ( 'NONE', #1740, 9.750000000000000000 ) ;
#1555 = PERSON_AND_ORGANIZATION ( #297, #914 ) ;
#1556 = AXIS2_PLACEMENT_3D ( 'NONE', #26, #2364, #1302 ) ;
#1557 = CARTESIAN_POINT ( 'NONE',  ( 22.28788500093330782, -11.36302310450036579, -7.189633005253134534 ) ) ;
#1558 = EDGE_CURVE ( 'NONE', #219, #848, #2508, .T. ) ;
#1559 = ORIENTED_EDGE ( 'NONE', *, *, #1403, .T. ) ;
#1560 = VECTOR ( 'NONE', #271, 1000.000000000000000 ) ;
#1561 = DIRECTION ( 'NONE',  ( 0.6548607339452835463, 0.7557495743542594901, 0.000000000000000000 ) ) ;
#1562 = AXIS2_PLACEMENT_3D ( 'NONE', #756, #527, #1407 ) ;
#1563 = ORIENTED_EDGE ( 'NONE', *, *, #764, .T. ) ;
#1564 = VERTEX_POINT ( 'NONE', #854 ) ;
#1565 = CARTESIAN_POINT ( 'NONE',  ( -7.366847990940307511, 7.250878532086780126, 7.000000000000000000 ) ) ;
#1566 = CARTESIAN_POINT ( 'NONE',  ( 30.81476293473443206, -11.15678449731070998, 1.700000000000000178 ) ) ;
#1567 = CARTESIAN_POINT ( 'NONE',  ( 30.76687483359761899, -3.794655843912281945, 3.700000000000000178 ) ) ;
#1568 = EDGE_CURVE ( 'NONE', #703, #992, #2567, .T. ) ;
#1569 = PERSON_AND_ORGANIZATION_ROLE ( 'design_supplier' ) ;
#1570 = CARTESIAN_POINT ( 'NONE',  ( 24.37826735065150885, 5.585689704678606482, 3.499567689187681907 ) ) ;
#1571 = VERTEX_POINT ( 'NONE', #1072 ) ;
#1572 = CARTESIAN_POINT ( 'NONE',  ( -10.11750779506746234, 2.117008461354665361, 7.000000000000000000 ) ) ;
#1573 = EDGE_CURVE ( 'NONE', #2281, #2348, #1340, .T. ) ;
#1574 = ORIENTED_EDGE ( 'NONE', *, *, #751, .T. ) ;
#1575 = EDGE_CURVE ( 'NONE', #1763, #704, #1516, .T. ) ;
#1576 = DIRECTION ( 'NONE',  ( 1.000000000000000000, 0.000000000000000000, 0.000000000000000000 ) ) ;
#1577 = DIRECTION ( 'NONE',  ( -0.9924798333418586305, 0.1224082530294287041, -0.000000000000000000 ) ) ;
#1578 = CARTESIAN_POINT ( 'NONE',  ( 6.592334395567399419, 7.199586744762843438, 7.000000000000000000 ) ) ;
#1579 = CARTESIAN_POINT ( 'NONE',  ( -3.106632694473850265, 10.31580787075611561, 7.000000000000000000 ) ) ;
#1580 = EDGE_CURVE ( 'NONE', #1546, #2488, #2686, .T. ) ;
#1581 = CARTESIAN_POINT ( 'NONE',  ( 24.73891517252396710, 4.973891791299760889, 3.699999999999999289 ) ) ;
#1582 = ORIENTED_EDGE ( 'NONE', *, *, #2282, .F. ) ;
#1583 = DIRECTION ( 'NONE',  ( 0.4154150130018841591, 0.9096319953545193293, 0.000000000000000000 ) ) ;
#1584 = DIRECTION ( 'NONE',  ( 1.000000000000000000, 0.000000000000000000, 0.000000000000000000 ) ) ;
#1585 = VERTEX_POINT ( 'NONE', #1105 ) ;
#1586 = LINE ( 'NONE', #570, #637 ) ;
#1587 = DIRECTION ( 'NONE',  ( -1.000000000000000000, 0.000000000000000000, 0.000000000000000000 ) ) ;
#1588 = CARTESIAN_POINT ( 'NONE',  ( 0.000000000000000000, 0.000000000000000000, 6.099999999999999645 ) ) ;
#1589 = CIRCLE ( 'NONE', #399, 9.750000000000000000 ) ;
#1590 = DIRECTION ( 'NONE',  ( -0.000000000000000000, -0.000000000000000000, -1.000000000000000000 ) ) ;
#1591 = CARTESIAN_POINT ( 'NONE',  ( -6.103866304610268578, 7.602980740173119756, 7.000000000000000000 ) ) ;
#1592 = AXIS2_PLACEMENT_3D ( 'NONE', #2151, #2350, #1683 ) ;
#1593 = AXIS2_PLACEMENT_3D ( 'NONE', #2205, #1352, #1337 ) ;
#1594 = CARTESIAN_POINT ( 'NONE',  ( 29.74857797583741714, -13.41906342859431156, -1.199999999999999956 ) ) ;
#1595 = ORIENTED_EDGE ( 'NONE', *, *, #1365, .F. ) ;
#1596 = CARTESIAN_POINT ( 'NONE',  ( 23.03221464698585663, -10.57554136699937608, 3.699999999999999289 ) ) ;
#1597 = AXIS2_PLACEMENT_3D ( 'NONE', #951, #2430, #561 ) ;
#1598 = CIRCLE ( 'NONE', #1163, 12.00000000000000178 ) ;
#1599 = DIRECTION ( 'NONE',  ( -0.000000000000000000, -0.000000000000000000, -1.000000000000000000 ) ) ;
#1600 = AXIS2_PLACEMENT_3D ( 'NONE', #2292, #1393, #2275 ) ;
#1601 = VERTEX_POINT ( 'NONE', #1526 ) ;
#1602 = ADVANCED_FACE ( 'NONE', ( #1738 ), #2102, .T. ) ;
#1603 = VECTOR ( 'NONE', #1755, 1000.000000000000000 ) ;
#1604 = CARTESIAN_POINT ( 'NONE',  ( 0.000000000000000000, 0.000000000000000000, 2.100000000000000089 ) ) ;
#1605 = VERTEX_POINT ( 'NONE', #42 ) ;
#1606 = CIRCLE ( 'NONE', #551, 12.00000000000000355 ) ;
#1607 = CARTESIAN_POINT ( 'NONE',  ( 0.5386289757454962857, 11.98790552292131650, 7.000000000000000000 ) ) ;
#1608 = EDGE_CURVE ( 'NONE', #2258, #2029, #2376, .T. ) ;
#1609 = VERTEX_POINT ( 'NONE', #2625 ) ;
#1610 = LINE ( 'NONE', #2653, #404 ) ;
#1611 = DIRECTION ( 'NONE',  ( 0.000000000000000000, 0.000000000000000000, 1.000000000000000000 ) ) ;
#1612 = AXIS2_PLACEMENT_3D ( 'NONE', #888, #2530, #1444 ) ;
#1613 = CARTESIAN_POINT ( 'NONE',  ( 0.000000000000000000, 0.000000000000000000, 7.000000000000000000 ) ) ;
#1614 = EDGE_LOOP ( 'NONE', ( #1730, #1961, #709, #1989 ) ) ;
#1615 = CARTESIAN_POINT ( 'NONE',  ( 0.000000000000000000, 0.000000000000000000, 7.000000000000000000 ) ) ;
#1616 = FACE_OUTER_BOUND ( 'NONE', #327, .T. ) ;
#1617 = EDGE_CURVE ( 'NONE', #1601, #1143, #1549, .T. ) ;
#1618 = DIRECTION ( 'NONE',  ( 0.000000000000000000, 0.000000000000000000, 1.000000000000000000 ) ) ;
#1619 = VERTEX_POINT ( 'NONE', #480 ) ;
#1620 = DIRECTION ( 'NONE',  ( -1.000000000000000000, 0.000000000000000000, 0.000000000000000000 ) ) ;
#1621 = VERTEX_POINT ( 'NONE', #2373 ) ;
#1622 = CARTESIAN_POINT ( 'NONE',  ( -11.12833698389885662, -4.490001778706653290, 7.000000000000000000 ) ) ;
#1623 = DIRECTION ( 'NONE',  ( 0.1423148382732818962, 0.9898214418809332393, 0.000000000000000000 ) ) ;
#1624 = DIRECTION ( 'NONE',  ( 0.000000000000000000, 0.000000000000000000, 1.000000000000000000 ) ) ;
#1625 = ORIENTED_EDGE ( 'NONE', *, *, #1290, .F. ) ;
#1626 = EDGE_CURVE ( 'NONE', #2165, #826, #1209, .T. ) ;
#1627 = LINE ( 'NONE', #968, #2597 ) ;
#1628 = PLANE ( 'NONE',  #1819 ) ;
#1629 = DIRECTION ( 'NONE',  ( -0.000000000000000000, -0.000000000000000000, -1.000000000000000000 ) ) ;
#1630 = ORIENTED_EDGE ( 'NONE', *, *, #1521, .F. ) ;
#1631 = ORIENTED_EDGE ( 'NONE', *, *, #457, .F. ) ;
#1632 = APPROVAL ( #1122, '未指定' ) ;
#1633 = ORIENTED_EDGE ( 'NONE', *, *, #1420, .T. ) ;
#1634 = DIRECTION ( 'NONE',  ( 0.9594929736144972576, 0.2817325568414301151, 0.000000000000000000 ) ) ;
#1635 = DIRECTION ( 'NONE',  ( -0.000000000000000000, 0.000000000000000000, 1.000000000000000000 ) ) ;
#1636 = DIRECTION ( 'NONE',  ( 0.6548607339452836573, 0.7557495743542594901, 0.000000000000000000 ) ) ;
#1637 = ORIENTED_EDGE ( 'NONE', *, *, #1658, .F. ) ;
#1638 = AXIS2_PLACEMENT_3D ( 'NONE', #1493, #2356, #2386 ) ;
#1639 = DIRECTION ( 'NONE',  ( -0.000000000000000000, -0.000000000000000000, -1.000000000000000000 ) ) ;
#1640 = CIRCLE ( 'NONE', #90, 12.00000000000000178 ) ;
#1641 = CARTESIAN_POINT ( 'NONE',  ( 2.528598933626910572, 9.416405228794102911, 4.999999999999997335 ) ) ;
#1642 = AXIS2_PLACEMENT_3D ( 'NONE', #2486, #966, #791 ) ;
#1643 = AXIS2_PLACEMENT_3D ( 'NONE', #2698, #1180, #974 ) ;
#1644 = AXIS2_PLACEMENT_3D ( 'NONE', #1567, #2213, #2077 ) ;
#1645 = CARTESIAN_POINT ( 'NONE',  ( 0.000000000000000000, 0.000000000000000000, -1.199999999999999956 ) ) ;
#1646 = ORIENTED_EDGE ( 'NONE', *, *, #2668, .F. ) ;
#1647 = CIRCLE ( 'NONE', #2549, 3.762221576582364335 ) ;
#1648 = AXIS2_PLACEMENT_3D ( 'NONE', #587, #2256, #113 ) ;
#1649 = ORIENTED_EDGE ( 'NONE', *, *, #2426, .F. ) ;
#1650 = DIRECTION ( 'NONE',  ( 0.000000000000000000, 0.000000000000000000, 1.000000000000000000 ) ) ;
#1651 = AXIS2_PLACEMENT_3D ( 'NONE', #204, #1025, #656 ) ;
#1652 = DIRECTION ( 'NONE',  ( 0.000000000000000000, 0.000000000000000000, -1.000000000000000000 ) ) ;
#1653 = CARTESIAN_POINT ( 'NONE',  ( -8.959963588456274053, 5.154099465690963555, 7.000000000000000000 ) ) ;
#1654 = VERTEX_POINT ( 'NONE', #1358 ) ;
#1655 = ADVANCED_FACE ( 'NONE', ( #2582 ), #1508, .T. ) ;
#1656 = DIRECTION ( 'NONE',  ( 1.000000000000000000, 0.000000000000000000, 0.000000000000000000 ) ) ;
#1657 = FACE_BOUND ( 'NONE', #2424, .T. ) ;
#1658 = EDGE_CURVE ( 'NONE', #585, #874, #717, .T. ) ;
#1659 = DIRECTION ( 'NONE',  ( -1.000000000000000000, 0.000000000000000000, 0.000000000000000000 ) ) ;
#1660 = VERTEX_POINT ( 'NONE', #913 ) ;
#1661 = EDGE_CURVE ( 'NONE', #2673, #1609, #11, .T. ) ;
#1662 = DIRECTION ( 'NONE',  ( 1.000000000000000000, 0.000000000000000000, 0.000000000000000000 ) ) ;
#1663 = DIRECTION ( 'NONE',  ( -1.000000000000000000, 0.000000000000000000, 0.000000000000000000 ) ) ;
#1664 = CARTESIAN_POINT ( 'NONE',  ( -8.410437171827107150, -6.009179260718303439, 7.000000000000000000 ) ) ;
#1665 = CARTESIAN_POINT ( 'NONE',  ( 23.75718373957048257, 6.319105925804632484, 3.009421282637820383 ) ) ;
#1666 = ORIENTED_EDGE ( 'NONE', *, *, #2383, .T. ) ;
#1667 = CARTESIAN_POINT ( 'NONE',  ( -2.860572556533148347, 11.65406043612308551, 7.000000000000000000 ) ) ;
#1668 = ADVANCED_FACE ( 'NONE', ( #897 ), #1153, .T. ) ;
#1669 = DIRECTION ( 'NONE',  ( -0.000000000000000000, -0.000000000000000000, -1.000000000000000000 ) ) ;
#1670 = CARTESIAN_POINT ( 'NONE',  ( -4.380276841034158153, -8.710664429071977466, -1.199999999999999956 ) ) ;
#1671 = DIRECTION ( 'NONE',  ( -0.000000000000000000, -0.000000000000000000, -1.000000000000000000 ) ) ;
#1672 = ORIENTED_EDGE ( 'NONE', *, *, #529, .T. ) ;
#1673 = ORIENTED_EDGE ( 'NONE', *, *, #1910, .T. ) ;
#1674 = ADVANCED_FACE ( 'NONE', ( #1764, #1307, #694 ), #2387, .F. ) ;
#1675 = CARTESIAN_POINT ( 'NONE',  ( 30.11580273492570115, -10.44162392856873822, -8.000000000000003553 ) ) ;
#1676 = EDGE_CURVE ( 'NONE', #476, #557, #2201, .T. ) ;
#1677 = CARTESIAN_POINT ( 'NONE',  ( -7.998624034700959839, 5.575348738106353785, -1.199999999999999956 ) ) ;
#1678 = LINE ( 'NONE', #422, #2045 ) ;
#1679 = DIRECTION ( 'NONE',  ( 0.6548607339452835463, 0.7557495743542594901, 0.000000000000000000 ) ) ;
#1680 = ORIENTED_EDGE ( 'NONE', *, *, #390, .T. ) ;
#1681 = CARTESIAN_POINT ( 'NONE',  ( 0.000000000000000000, 0.000000000000000000, 0.000000000000000000 ) ) ;
#1682 = AXIS2_PLACEMENT_3D ( 'NONE', #2614, #1370, #320 ) ;
#1683 = DIRECTION ( 'NONE',  ( 0.9594929736144972576, 0.2817325568414301151, 0.000000000000000000 ) ) ;
#1684 = AXIS2_PLACEMENT_3D ( 'NONE', #341, #1188, #2039 ) ;
#1685 = AXIS2_PLACEMENT_3D ( 'NONE', #2301, #1850, #1185 ) ;
#1686 = DIRECTION ( 'NONE',  ( 1.000000000000000000, 0.000000000000000000, 0.000000000000000000 ) ) ;
#1687 = ORIENTED_EDGE ( 'NONE', *, *, #2035, .F. ) ;
#1688 = ORIENTED_EDGE ( 'NONE', *, *, #1836, .T. ) ;
#1689 = EDGE_CURVE ( 'NONE', #1767, #1107, #1773, .T. ) ;
#1690 = AXIS2_PLACEMENT_3D ( 'NONE', #1387, #2031, #787 ) ;
#1691 = CIRCLE ( 'NONE', #769, 2.000000000000000888 ) ;
#1692 = CYLINDRICAL_SURFACE ( 'NONE', #850, 2.999999999999999112 ) ;
#1693 = CARTESIAN_POINT ( 'NONE',  ( -4.250000000000000000, 0.000000000000000000, 1.600000000000000089 ) ) ;
#1694 = CIRCLE ( 'NONE', #1425, 2.000000000000000444 ) ;
#1695 = CIRCLE ( 'NONE', #591, 3.762221576582363891 ) ;
#1696 = ADVANCED_FACE ( 'NONE', ( #2001 ), #1467, .T. ) ;
#1697 = AXIS2_PLACEMENT_3D ( 'NONE', #1719, #669, #1932 ) ;
#1698 = CARTESIAN_POINT ( 'NONE',  ( 1.350000000000000089, 1.653273178848926867E-16, 2.100000000000000089 ) ) ;
#1699 = ORIENTED_EDGE ( 'NONE', *, *, #1724, .F. ) ;
#1700 = CARTESIAN_POINT ( 'NONE',  ( 30.76687483359761899, -3.794655843912281945, -6.299999999999999822 ) ) ;
#1701 = DIRECTION ( 'NONE',  ( -0.000000000000000000, -0.000000000000000000, -1.000000000000000000 ) ) ;
#1702 = EDGE_LOOP ( 'NONE', ( #2709, #909, #887, #119 ) ) ;
#1703 = LOCAL_TIME ( 11, 1, 13.00000000000000000, #308 ) ;
#1704 = CARTESIAN_POINT ( 'NONE',  ( 22.28788500093330782, -11.36302310450036579, 3.499567689187685460 ) ) ;
#1705 = LINE ( 'NONE', #1918, #2450 ) ;
#1706 = DIRECTION ( 'NONE',  ( -0.000000000000000000, -0.000000000000000000, -1.000000000000000000 ) ) ;
#1707 = EDGE_LOOP ( 'NONE', ( #1999, #2700, #291, #2232 ) ) ;
#1708 = VERTEX_POINT ( 'NONE', #2185 ) ;
#1709 = VERTEX_POINT ( 'NONE', #924 ) ;
#1710 = EDGE_CURVE ( 'NONE', #615, #173, #281, .T. ) ;
#1711 = DIRECTION ( 'NONE',  ( 1.000000000000000000, 0.000000000000000000, 0.000000000000000000 ) ) ;
#1712 = DIRECTION ( 'NONE',  ( -0.1224082530294282045, -0.9924798333418587415, 0.000000000000000000 ) ) ;
#1713 = CARTESIAN_POINT ( 'NONE',  ( 0.000000000000000000, 0.000000000000000000, -1.199999999999999956 ) ) ;
#1714 = ORIENTED_EDGE ( 'NONE', *, *, #2383, .F. ) ;
#1715 = DIRECTION ( 'NONE',  ( 1.000000000000000000, 0.000000000000000000, 0.000000000000000000 ) ) ;
#1716 = EDGE_CURVE ( 'NONE', #2060, #2258, #777, .T. ) ;
#1717 = VERTEX_POINT ( 'NONE', #2041 ) ;
#1718 = DIRECTION ( 'NONE',  ( 1.000000000000000000, 0.000000000000000000, 0.000000000000000000 ) ) ;
#1719 = CARTESIAN_POINT ( 'NONE',  ( 0.000000000000000000, 0.000000000000000000, 7.000000000000000000 ) ) ;
#1720 = ORIENTED_EDGE ( 'NONE', *, *, #2061, .T. ) ;
#1721 = EDGE_LOOP ( 'NONE', ( #276, #435, #2381, #547 ) ) ;
#1722 = CARTESIAN_POINT ( 'NONE',  ( 35.04446291530102542, -14.07223541446912130, -1.199999999999999956 ) ) ;
#1723 = CARTESIAN_POINT ( 'NONE',  ( -10.32411757120621232, -0.5082176547595769200, 7.000000000000000000 ) ) ;
#1724 = EDGE_CURVE ( 'NONE', #1205, #2218, #2465, .T. ) ;
#1725 = DIRECTION ( 'NONE',  ( -0.000000000000000000, -0.000000000000000000, -1.000000000000000000 ) ) ;
#1726 = ORIENTED_EDGE ( 'NONE', *, *, #910, .F. ) ;
#1727 = EDGE_CURVE ( 'NONE', #1112, #30, #1606, .T. ) ;
#1728 = DATE_AND_TIME ( #2163, #2695 ) ;
#1729 = CYLINDRICAL_SURFACE ( 'NONE', #179, 3.762221576582363003 ) ;
#1730 = ORIENTED_EDGE ( 'NONE', *, *, #893, .F. ) ;
#1731 = CARTESIAN_POINT ( 'NONE',  ( 0.5386289757454962857, 11.98790552292131650, -1.199999999999999956 ) ) ;
#1732 = ADVANCED_FACE ( 'NONE', ( #1368 ), #2663, .T. ) ;
#1733 = VERTEX_POINT ( 'NONE', #1386 ) ;
#1734 = ORIENTED_EDGE ( 'NONE', *, *, #1661, .T. ) ;
#1735 = CLOSED_SHELL ( 'NONE', ( #1602, #2360, #1438, #15, #338, #2328, #1088, #258, #855, #607, #1674, #737, #512, #1259, #643, #266, #1001, #2532, #1384, #409, #1939, #165, #2260, #1004, #105, #1371, #1232, #2248, #2021, #1655, #2162, #124, #1012, #129, #1868, #2197, #875, #2000, #2569, #1057, #2624, #1668, #254, #1791, #1167, #2204, #1732, #2524, #969, #1172, #775, #444, #1535, #594, #82, #1782, #1859, #196, #1342, #2219, #2732, #1040, #443, #707, #955, #348, #187, #2120, #611, #220, #233, #2487, #668, #101, #2274, #2238, #2655, #1130, #653, #1696, #386 ) ) ;
#1736 = VECTOR ( 'NONE', #822, 999.9999999999998863 ) ;
#1737 = DIRECTION ( 'NONE',  ( 1.000000000000000000, 0.000000000000000000, 0.000000000000000000 ) ) ;
#1738 = FACE_OUTER_BOUND ( 'NONE', #1312, .T. ) ;
#1739 = CIRCLE ( 'NONE', #230, 12.00000000000000355 ) ;
#1740 = AXIS2_PLACEMENT_3D ( 'NONE', #495, #485, #711 ) ;
#1741 = CIRCLE ( 'NONE', #1250, 9.750000000000000000 ) ;
#1742 = AXIS2_PLACEMENT_3D ( 'NONE', #349, #1195, #1019 ) ;
#1743 = CYLINDRICAL_SURFACE ( 'NONE', #2460, 3.762221576582363003 ) ;
#1744 = VERTEX_POINT ( 'NONE', #120 ) ;
#1745 = AXIS2_PLACEMENT_3D ( 'NONE', #2724, #2497, #1225 ) ;
#1746 = EDGE_CURVE ( 'NONE', #206, #476, #2147, .T. ) ;
#1747 = DIRECTION ( 'NONE',  ( 1.000000000000000000, 0.000000000000000000, 0.000000000000000000 ) ) ;
#1748 = ORIENTED_EDGE ( 'NONE', *, *, #2455, .T. ) ;
#1749 = CIRCLE ( 'NONE', #1877, 3.762221576582364335 ) ;
#1750 = CARTESIAN_POINT ( 'NONE',  ( 0.000000000000000000, 0.000000000000000000, -1.199999999999999956 ) ) ;
#1751 = ORIENTED_EDGE ( 'NONE', *, *, #972, .T. ) ;
#1752 = ORIENTED_EDGE ( 'NONE', *, *, #1575, .T. ) ;
#1753 = VECTOR ( 'NONE', #2150, 1000.000000000000000 ) ;
#1754 = DIRECTION ( 'NONE',  ( -0.000000000000000000, -0.000000000000000000, -1.000000000000000000 ) ) ;
#1755 = DIRECTION ( 'NONE',  ( -0.000000000000000000, -0.000000000000000000, 1.000000000000000000 ) ) ;
#1756 = EDGE_CURVE ( 'NONE', #442, #2355, #2479, .T. ) ;
#1757 = CARTESIAN_POINT ( 'NONE',  ( -4.380276841034158153, -8.710664429071977466, 7.000000000000000000 ) ) ;
#1758 = ORIENTED_EDGE ( 'NONE', *, *, #1573, .F. ) ;
#1759 = CARTESIAN_POINT ( 'NONE',  ( 32.21268333435189390, -12.58710563479465350, 1.700000000000000178 ) ) ;
#1760 = ORIENTED_EDGE ( 'NONE', *, *, #2192, .T. ) ;
#1761 = DIRECTION ( 'NONE',  ( -0.000000000000000000, -0.000000000000000000, -1.000000000000000000 ) ) ;
#1762 = VERTEX_POINT ( 'NONE', #542 ) ;
#1763 = VERTEX_POINT ( 'NONE', #1002 ) ;
#1764 = FACE_BOUND ( 'NONE', #251, .T. ) ;
#1765 = CARTESIAN_POINT ( 'NONE',  ( 0.000000000000000000, 0.000000000000000000, 7.000000000000000000 ) ) ;
#1766 = CARTESIAN_POINT ( 'NONE',  ( 20.88996460131585309, -9.932701967016422273, 7.000000000000000000 ) ) ;
#1767 = VERTEX_POINT ( 'NONE', #1813 ) ;
#1768 = DIRECTION ( 'NONE',  ( 0.000000000000000000, 0.000000000000000000, 1.000000000000000000 ) ) ;
#1769 = EDGE_LOOP ( 'NONE', ( #225, #1305, #257, #2199 ) ) ;
#1770 = ORIENTED_EDGE ( 'NONE', *, *, #1482, .T. ) ;
#1771 = EDGE_CURVE ( 'NONE', #1621, #143, #2104, .T. ) ;
#1772 = AXIS2_PLACEMENT_3D ( 'NONE', #221, #18, #1711 ) ;
#1773 = LINE ( 'NONE', #2637, #1603 ) ;
#1774 = DIRECTION ( 'NONE',  ( -1.000000000000000000, 0.000000000000000000, 0.000000000000000000 ) ) ;
#1775 = VECTOR ( 'NONE', #834, 1000.000000000000000 ) ;
#1776 = CARTESIAN_POINT ( 'NONE',  ( 1.748767090068500618, 9.591887909306143101, -1.199999999999999956 ) ) ;
#1777 = CIRCLE ( 'NONE', #1642, 2.999999999999999112 ) ;
#1778 = EDGE_CURVE ( 'NONE', #2348, #1938, #1586, .T. ) ;
#1779 = CIRCLE ( 'NONE', #455, 9.750000000000000000 ) ;
#1780 = CARTESIAN_POINT ( 'NONE',  ( 21.82292577552556168, 4.013993349006550027, 5.000000000000000000 ) ) ;
#1781 = ORIENTED_EDGE ( 'NONE', *, *, #900, .F. ) ;
#1782 = ADVANCED_FACE ( 'NONE', ( #148 ), #2708, .T. ) ;
#1783 = AXIS2_PLACEMENT_3D ( 'NONE', #2207, #2395, #1162 ) ;
#1784 = VECTOR ( 'NONE', #2555, 1000.000000000000000 ) ;
#1785 = DIRECTION ( 'NONE',  ( 1.000000000000000000, 0.000000000000000000, 0.000000000000000000 ) ) ;
#1786 = CIRCLE ( 'NONE', #16, 3.762221576582363891 ) ;
#1787 = ORIENTED_EDGE ( 'NONE', *, *, #965, .F. ) ;
#1788 = CARTESIAN_POINT ( 'NONE',  ( -4.250000000000000000, 0.000000000000000000, 2.100000000000000089 ) ) ;
#1789 = LOCAL_TIME ( 11, 1, 13.00000000000000000, #1361 ) ;
#1790 = FACE_OUTER_BOUND ( 'NONE', #1945, .T. ) ;
#1791 = ADVANCED_FACE ( 'NONE', ( #1423 ), #317, .T. ) ;
#1792 = FACE_OUTER_BOUND ( 'NONE', #1946, .T. ) ;
#1793 = DIRECTION ( 'NONE',  ( -0.000000000000000000, -0.000000000000000000, -1.000000000000000000 ) ) ;
#1794 = CARTESIAN_POINT ( 'NONE',  ( -5.079080831267309470, -8.322586010937529366, -1.199999999999999956 ) ) ;
#1795 = CARTESIAN_POINT ( 'NONE',  ( 12.72702284070972567, -1.580561067262503006, 5.000000000000000000 ) ) ;
#1796 = EDGE_LOOP ( 'NONE', ( #797, #1392, #2509, #632 ) ) ;
#1797 = CARTESIAN_POINT ( 'NONE',  ( 12.72702284070972567, -1.580561067262503006, 7.000000000000000000 ) ) ;
#1798 = EDGE_CURVE ( 'NONE', #704, #1708, #60, .T. ) ;
#1799 = CARTESIAN_POINT ( 'NONE',  ( 0.000000000000000000, 0.000000000000000000, 7.000000000000000000 ) ) ;
#1800 = ORIENTED_EDGE ( 'NONE', *, *, #303, .T. ) ;
#1801 = DIRECTION ( 'NONE',  ( -0.000000000000000000, 0.000000000000000000, 1.000000000000000000 ) ) ;
#1802 = CARTESIAN_POINT ( 'NONE',  ( 22.19015053461384213, 6.991432849032125141, 1.700000000000000178 ) ) ;
#1803 = LINE ( 'NONE', #1983, #1816 ) ;
#1804 = CARTESIAN_POINT ( 'NONE',  ( 0.8956967349601506756, -9.711203548191624790, 5.764456485386575402 ) ) ;
#1805 = CARTESIAN_POINT ( 'NONE',  ( 0.6555888821085128493, 10.31580787075611561, 7.000000000000000000 ) ) ;
#1806 = CARTESIAN_POINT ( 'NONE',  ( 0.000000000000000000, 0.000000000000000000, -1.199999999999999956 ) ) ;
#1807 = ORIENTED_EDGE ( 'NONE', *, *, #2074, .T. ) ;
#1808 = EDGE_CURVE ( 'NONE', #1609, #899, #770, .T. ) ;
#1809 = DIRECTION ( 'NONE',  ( -0.000000000000000000, -0.000000000000000000, -1.000000000000000000 ) ) ;
#1810 = DIRECTION ( 'NONE',  ( -0.000000000000000000, -0.000000000000000000, 1.000000000000000000 ) ) ;
#1811 = ORIENTED_EDGE ( 'NONE', *, *, #1145, .F. ) ;
#1812 = EDGE_CURVE ( 'NONE', #1491, #1814, #2283, .T. ) ;
#1813 = CARTESIAN_POINT ( 'NONE',  ( 34.30306568407009848, 4.361607174384313446, -1.199999999999999956 ) ) ;
#1814 = VERTEX_POINT ( 'NONE', #1788 ) ;
#1815 = DIRECTION ( 'NONE',  ( -0.6989601998087303647, 0.7151605687419712032, 0.000000000000000000 ) ) ;
#1816 = VECTOR ( 'NONE', #72, 1000.000000000000000 ) ;
#1817 = CARTESIAN_POINT ( 'NONE',  ( 5.681345999852264406, 7.927094093789986751, 6.786576769045051805 ) ) ;
#1818 = PLANE ( 'NONE',  #8 ) ;
#1819 = AXIS2_PLACEMENT_3D ( 'NONE', #371, #2262, #2745 ) ;
#1820 = AXIS2_PLACEMENT_3D ( 'NONE', #1653, #114, #2703 ) ;
#1821 = CARTESIAN_POINT ( 'NONE',  ( -2.277266001350169322, 10.08264590114086801, 7.000000000000000000 ) ) ;
#1822 = ORIENTED_EDGE ( 'NONE', *, *, #353, .F. ) ;
#1823 = DIRECTION ( 'NONE',  ( -0.000000000000000000, -0.000000000000000000, -1.000000000000000000 ) ) ;
#1824 = AXIS2_PLACEMENT_3D ( 'NONE', #1065, #865, #1260 ) ;
#1825 = EDGE_CURVE ( 'NONE', #663, #1895, #239, .T. ) ;
#1826 = DIRECTION ( 'NONE',  ( 0.9924798333418586305, -0.1224082530294285237, 0.000000000000000000 ) ) ;
#1827 = AXIS2_PLACEMENT_3D ( 'NONE', #2047, #138, #2667 ) ;
#1828 = ORIENTED_EDGE ( 'NONE', *, *, #661, .T. ) ;
#1829 = CIRCLE ( 'NONE', #1472, 12.00000000000000355 ) ;
#1830 = CARTESIAN_POINT ( 'NONE',  ( -0.9662303906370903750, -10.29135985382434448, 7.000000000000000000 ) ) ;
#1831 = VERTEX_POINT ( 'NONE', #745 ) ;
#1832 = AXIS2_PLACEMENT_3D ( 'NONE', #836, #2576, #475 ) ;
#1833 = CARTESIAN_POINT ( 'NONE',  ( 32.59950463398612897, 3.313809603936277881, 3.700000000000000178 ) ) ;
#1834 = B_SPLINE_CURVE_WITH_KNOTS ( 'NONE', 3,
 ( #64, #1581, #2024, #1570 ),
 .UNSPECIFIED., .F., .F.,
 ( 4, 4 ),
 ( 0.000000000000000000, 0.001101965162837675307 ),
 .UNSPECIFIED. ) ;
#1835 = ORIENTED_EDGE ( 'NONE', *, *, #152, .F. ) ;
#1836 = EDGE_CURVE ( 'NONE', #2720, #1605, #415, .T. ) ;
#1837 = CARTESIAN_POINT ( 'NONE',  ( 2.607663798629773488, 9.394866985176692609, 5.222128511599685829 ) ) ;
#1838 = DIRECTION ( 'NONE',  ( -0.6548607339452887643, 0.7557495743542551603, 0.000000000000000000 ) ) ;
#1839 = APPROVAL_PERSON_ORGANIZATION ( #451, #1973, #2214 ) ;
#1840 = FACE_OUTER_BOUND ( 'NONE', #2139, .T. ) ;
#1841 = VERTEX_POINT ( 'NONE', #1179 ) ;
#1842 = DIRECTION ( 'NONE',  ( 0.9924798333418586305, -0.1224082530294285237, 0.000000000000000000 ) ) ;
#1843 = DIRECTION ( 'NONE',  ( 1.000000000000000000, 0.000000000000000000, 0.000000000000000000 ) ) ;
#1844 = APPROVAL ( #1515, '未指定' ) ;
#1845 = CARTESIAN_POINT ( 'NONE',  ( 21.82292577552556168, 4.013993349006550027, 7.000000000000000000 ) ) ;
#1846 = ORIENTED_EDGE ( 'NONE', *, *, #1321, .T. ) ;
#1847 = ORIENTED_EDGE ( 'NONE', *, *, #2312, .F. ) ;
#1848 = CARTESIAN_POINT ( 'NONE',  ( 0.6555888821085128493, 10.31580787075611561, -1.199999999999999956 ) ) ;
#1849 = CARTESIAN_POINT ( 'NONE',  ( -8.772324397136546992, -4.255446471453136148, -1.199999999999999956 ) ) ;
#1850 = DIRECTION ( 'NONE',  ( -0.9924798333418589635, 0.1224082530294264559, 1.827850301423399571E-15 ) ) ;
#1851 = ORIENTED_EDGE ( 'NONE', *, *, #695, .T. ) ;
#1852 = DIRECTION ( 'NONE',  ( 0.6548607339452836573, 0.7557495743542594901, 0.000000000000000000 ) ) ;
#1853 = CARTESIAN_POINT ( 'NONE',  ( -9.111247433184743727, 4.881686083719696256, -1.199999999999999956 ) ) ;
#1854 = ORIENTED_EDGE ( 'NONE', *, *, #497, .T. ) ;
#1855 = DIRECTION ( 'NONE',  ( -0.4154150130018903764, 0.9096319953545165538, 0.000000000000000000 ) ) ;
#1856 = EDGE_LOOP ( 'NONE', ( #908, #1881, #2341, #742 ) ) ;
#1857 = ORIENTED_EDGE ( 'NONE', *, *, #1357, .T. ) ;
#1858 = VERTEX_POINT ( 'NONE', #960 ) ;
#1859 = ADVANCED_FACE ( 'NONE', ( #2030 ), #2251, .T. ) ;
#1860 = DIRECTION ( 'NONE',  ( 1.000000000000000000, -2.663207102906195396E-15, 0.000000000000000000 ) ) ;
#1861 = DIRECTION ( 'NONE',  ( 1.000000000000000000, 0.000000000000000000, 0.000000000000000000 ) ) ;
#1862 = LINE ( 'NONE', #818, #1291 ) ;
#1863 = EDGE_CURVE ( 'NONE', #238, #2115, #171, .T. ) ;
#1864 = ORIENTED_EDGE ( 'NONE', *, *, #1863, .F. ) ;
#1865 = LINE ( 'NONE', #1176, #2734 ) ;
#1866 = VECTOR ( 'NONE', #1599, 1000.000000000000000 ) ;
#1867 = DIRECTION ( 'NONE',  ( -1.000000000000000000, 0.000000000000000000, 0.000000000000000000 ) ) ;
#1868 = ADVANCED_FACE ( 'NONE', ( #2522 ), #609, .T. ) ;
#1869 = AXIS2_PLACEMENT_3D ( 'NONE', #2113, #2382, #1475 ) ;
#1870 = AXIS2_PLACEMENT_3D ( 'NONE', #1061, #631, #434 ) ;
#1871 = CARTESIAN_POINT ( 'NONE',  ( 0.000000000000000000, 0.000000000000000000, 7.000000000000000000 ) ) ;
#1872 = ORIENTED_EDGE ( 'NONE', *, *, #2245, .F. ) ;
#1873 = ORIENTED_EDGE ( 'NONE', *, *, #2083, .F. ) ;
#1874 = CIRCLE ( 'NONE', #506, 3.762221576582363003 ) ;
#1875 = ORIENTED_EDGE ( 'NONE', *, *, #2426, .T. ) ;
#1876 = LINE ( 'NONE', #402, #175 ) ;
#1877 = AXIS2_PLACEMENT_3D ( 'NONE', #2353, #1066, #190 ) ;
#1878 = CARTESIAN_POINT ( 'NONE',  ( -11.94254082540289730, -1.172910326318754803, -1.199999999999999956 ) ) ;
#1879 = EDGE_CURVE ( 'NONE', #238, #1938, #1447, .T. ) ;
#1880 = DIRECTION ( 'NONE',  ( -0.000000000000000000, -0.000000000000000000, 1.000000000000000000 ) ) ;
#1881 = ORIENTED_EDGE ( 'NONE', *, *, #661, .F. ) ;
#1882 = DIRECTION ( 'NONE',  ( 0.000000000000000000, 0.000000000000000000, 1.000000000000000000 ) ) ;
#1883 = DIRECTION ( 'NONE',  ( -0.000000000000000000, 0.000000000000000000, 1.000000000000000000 ) ) ;
#1884 = ORIENTED_EDGE ( 'NONE', *, *, #1689, .T. ) ;
#1885 = DIRECTION ( 'NONE',  ( -0.9594929736144991450, 0.2817325568414236203, 0.000000000000000000 ) ) ;
#1886 = EDGE_CURVE ( 'NONE', #524, #1014, #1749, .T. ) ;
#1887 = EDGE_CURVE ( 'NONE', #173, #1050, #1977, .T. ) ;
#1888 = CARTESIAN_POINT ( 'NONE',  ( 0.000000000000000000, 0.000000000000000000, 2.100000000000000089 ) ) ;
#1889 = ORIENTED_EDGE ( 'NONE', *, *, #408, .T. ) ;
#1890 = VERTEX_POINT ( 'NONE', #159 ) ;
#1891 = CARTESIAN_POINT ( 'NONE',  ( 22.78637695760384574, -10.85718784735547970, 3.699999999999999734 ) ) ;
#1892 = DIRECTION ( 'NONE',  ( 0.000000000000000000, -0.000000000000000000, -1.000000000000000000 ) ) ;
#1893 = DIRECTION ( 'NONE',  ( -1.000000000000000000, 0.000000000000000000, 0.000000000000000000 ) ) ;
#1894 = DIRECTION ( 'NONE',  ( -1.000000000000000000, 0.000000000000000000, 0.000000000000000000 ) ) ;
#1895 = VERTEX_POINT ( 'NONE', #440 ) ;
#1896 = PRODUCT ( '柔性夹爪2', '柔性夹爪2', '', ( #3 ) ) ;
#1897 = LINE ( 'NONE', #36, #1459 ) ;
#1898 = CARTESIAN_POINT ( 'NONE',  ( -7.998624034700959839, 5.575348738106353785, 7.000000000000000000 ) ) ;
#1899 = DIRECTION ( 'NONE',  ( -0.000000000000000000, 0.000000000000000000, 1.000000000000000000 ) ) ;
#1900 = ORIENTED_EDGE ( 'NONE', *, *, #833, .T. ) ;
#1901 = ORIENTED_EDGE ( 'NONE', *, *, #1661, .F. ) ;
#1902 = EDGE_CURVE ( 'NONE', #2029, #2203, #463, .T. ) ;
#1903 = DIRECTION ( 'NONE',  ( 0.000000000000000000, -0.000000000000000000, -1.000000000000000000 ) ) ;
#1904 = DIRECTION ( 'NONE',  ( -0.1423148382732887796, 0.9898214418809321291, 0.000000000000000000 ) ) ;
#1905 = DIRECTION ( 'NONE',  ( -0.000000000000000000, -0.000000000000000000, -1.000000000000000000 ) ) ;
#1906 = ORIENTED_EDGE ( 'NONE', *, *, #716, .F. ) ;
#1907 = CARTESIAN_POINT ( 'NONE',  ( 21.82292577552556168, 4.013993349006550027, -7.189633005253134534 ) ) ;
#1908 = ORIENTED_EDGE ( 'NONE', *, *, #988, .F. ) ;
#1909 = CARTESIAN_POINT ( 'NONE',  ( 0.000000000000000000, 0.000000000000000000, 7.000000000000000000 ) ) ;
#1910 = EDGE_CURVE ( 'NONE', #1315, #2342, #605, .T. ) ;
#1911 = CIRCLE ( 'NONE', #2542, 12.00000000000000178 ) ;
#1912 = VECTOR ( 'NONE', #1125, 1000.000000000000000 ) ;
#1913 = DIRECTION ( 'NONE',  ( -1.000000000000000000, 0.000000000000000000, 0.000000000000000000 ) ) ;
#1914 = ORIENTED_EDGE ( 'NONE', *, *, #846, .F. ) ;
#1915 = ORIENTED_EDGE ( 'NONE', *, *, #629, .F. ) ;
#1916 = CIRCLE ( 'NONE', #2010, 3.762221576582362559 ) ;
#1917 = VERTEX_POINT ( 'NONE', #12 ) ;
#1918 = CARTESIAN_POINT ( 'NONE',  ( -9.245380815148958931, 3.096035139153880511, 7.000000000000000000 ) ) ;
#1919 = CARTESIAN_POINT ( 'NONE',  ( 30.11580273492570115, -10.44162392856873822, 1.700000000000000178 ) ) ;
#1920 = CIRCLE ( 'NONE', #1783, 3.000000000000002665 ) ;
#1921 = VECTOR ( 'NONE', #403, 1000.000000000000000 ) ;
#1922 = CARTESIAN_POINT ( 'NONE',  ( 12.72702284070972567, -1.580561067262503006, 5.000000000000000000 ) ) ;
#1923 = EDGE_CURVE ( 'NONE', #2134, #585, #779, .T. ) ;
#1924 = AXIS2_PLACEMENT_3D ( 'NONE', #1395, #1168, #2018 ) ;
#1925 = CARTESIAN_POINT ( 'NONE',  ( 32.21268333435189390, -12.58710563479465350, -1.199999999999999734 ) ) ;
#1926 = EDGE_LOOP ( 'NONE', ( #622, #2042, #835, #1720, #975, #538, #1326, #2721 ) ) ;
#1927 = CARTESIAN_POINT ( 'NONE',  ( -0.9396887889627166812, -7.618948474321544317, 3.700000000000000178 ) ) ;
#1928 = DIRECTION ( 'NONE',  ( 1.000000000000000000, 0.000000000000000000, 0.000000000000000000 ) ) ;
#1929 = ORIENTED_EDGE ( 'NONE', *, *, #2159, .T. ) ;
#1930 = VECTOR ( 'NONE', #2543, 1000.000000000000000 ) ;
#1931 = DIRECTION ( 'NONE',  ( 1.000000000000000000, 0.000000000000000000, 0.000000000000000000 ) ) ;
#1932 = DIRECTION ( 'NONE',  ( -0.6548607339452886533, 0.7557495743542551603, 0.000000000000000000 ) ) ;
#1933 = ORIENTED_EDGE ( 'NONE', *, *, #1658, .T. ) ;
#1934 = VERTEX_POINT ( 'NONE', #1262 ) ;
#1935 = DIRECTION ( 'NONE',  ( -0.000000000000000000, -0.000000000000000000, -1.000000000000000000 ) ) ;
#1936 = DIRECTION ( 'NONE',  ( -0.000000000000000000, -0.000000000000000000, -1.000000000000000000 ) ) ;
#1937 = CYLINDRICAL_SURFACE ( 'NONE', #545, 9.750000000000000000 ) ;
#1938 = VERTEX_POINT ( 'NONE', #867 ) ;
#1939 = ADVANCED_FACE ( 'NONE', ( #2084 ), #1490, .T. ) ;
#1940 = EDGE_CURVE ( 'NONE', #2072, #2493, #911, .T. ) ;
#1941 =( NAMED_UNIT ( * ) SI_UNIT ( $, .STERADIAN. ) SOLID_ANGLE_UNIT ( ) );
#1942 = FACE_OUTER_BOUND ( 'NONE', #1614, .T. ) ;
#1943 = ORIENTED_EDGE ( 'NONE', *, *, #1449, .F. ) ;
#1944 = DIRECTION ( 'NONE',  ( 0.000000000000000000, -0.000000000000000000, -1.000000000000000000 ) ) ;
#1945 = EDGE_LOOP ( 'NONE', ( #2191, #1142, #133, #1760 ) ) ;
#1946 = EDGE_LOOP ( 'NONE', ( #1, #2677, #288, #2073 ) ) ;
#1947 = CYLINDRICAL_SURFACE ( 'NONE', #2092, 13.67869324010137788 ) ;
#1948 = CARTESIAN_POINT ( 'NONE',  ( 0.000000000000000000, 0.000000000000000000, 6.099999999999999645 ) ) ;
#1949 = CARTESIAN_POINT ( 'NONE',  ( -10.32411757120621232, -0.5082176547595769200, -1.199999999999999956 ) ) ;
#1950 = EDGE_CURVE ( 'NONE', #1571, #1462, #2330, .T. ) ;
#1951 = CARTESIAN_POINT ( 'NONE',  ( 0.000000000000000000, 0.000000000000000000, 7.000000000000000000 ) ) ;
#1952 = ORIENTED_EDGE ( 'NONE', *, *, #1525, .T. ) ;
#1953 = APPROVAL_ROLE ( '' ) ;
#1954 = EDGE_CURVE ( 'NONE', #1564, #1284, #2692, .T. ) ;
#1955 = CYLINDRICAL_SURFACE ( 'NONE', #2412, 2.999999999999999112 ) ;
#1956 = ORIENTED_EDGE ( 'NONE', *, *, #691, .T. ) ;
#1957 = CARTESIAN_POINT ( 'NONE',  ( 1.748767090068500618, 9.591887909306143101, 7.000000000000000000 ) ) ;
#1958 = AXIS2_PLACEMENT_3D ( 'NONE', #2583, #467, #1308 ) ;
#1959 = EDGE_CURVE ( 'NONE', #1143, #237, #1829, .T. ) ;
#1960 = ORIENTED_EDGE ( 'NONE', *, *, #1218, .F. ) ;
#1961 = ORIENTED_EDGE ( 'NONE', *, *, #2245, .T. ) ;
#1962 = CIRCLE ( 'NONE', #1592, 3.762221576582363003 ) ;
#1963 = AXIS2_PLACEMENT_3D ( 'NONE', #1975, #1624, #2713 ) ;
#1964 = CYLINDRICAL_SURFACE ( 'NONE', #1024, 13.67869324010137788 ) ;
#1965 = DIRECTION ( 'NONE',  ( -0.000000000000000000, -0.000000000000000000, -1.000000000000000000 ) ) ;
#1966 = CIRCLE ( 'NONE', #1597, 3.762221576582363003 ) ;
#1967 = AXIS2_PLACEMENT_3D ( 'NONE', #925, #83, #1527 ) ;
#1968 = B_SPLINE_CURVE_WITH_KNOTS ( 'NONE', 3,
 ( #747, #1578, #531, #1817, #2484, #1372, #586, #963, #2711, #1428, #1400, #799, #2004, #2701, #1837, #1389, #2243, #2225 ),
 .UNSPECIFIED., .F., .F.,
 ( 4, 2, 2, 2, 2, 2, 2, 2, 4 ),
 ( 0.000000000000000000, 0.001420475696845005780, 0.002130713545267509754, 0.002840951393690013729, 0.004261427090535020376, 0.004971664938957523483, 0.005326783863168775904, 0.005504343325274401247, 0.005681902787380026590 ),
 .UNSPECIFIED. ) ;
#1969 = AXIS2_PLACEMENT_3D ( 'NONE', #351, #2717, #2690 ) ;
#1970 = CIRCLE ( 'NONE', #1967, 12.00000000000000178 ) ;
#1971 = FACE_OUTER_BOUND ( 'NONE', #1398, .T. ) ;
#1972 = ORIENTED_EDGE ( 'NONE', *, *, #1676, .T. ) ;
#1973 = APPROVAL ( #484, '未指定' ) ;
#1974 = VECTOR ( 'NONE', #70, 1000.000000000000000 ) ;
#1975 = CARTESIAN_POINT ( 'NONE',  ( 0.000000000000000000, 0.000000000000000000, 7.000000000000000000 ) ) ;
#1976 = ORIENTED_EDGE ( 'NONE', *, *, #2520, .T. ) ;
#1977 = CIRCLE ( 'NONE', #2235, 1.350000000000000089 ) ;
#1978 = CARTESIAN_POINT ( 'NONE',  ( -7.366847990940307511, 7.250878532086780126, 7.000000000000000000 ) ) ;
#1979 = ORIENTED_EDGE ( 'NONE', *, *, #181, .F. ) ;
#1980 = ORIENTED_EDGE ( 'NONE', *, *, #1403, .F. ) ;
#1981 = EDGE_CURVE ( 'NONE', #1585, #1540, #282, .T. ) ;
#1982 = DIRECTION ( 'NONE',  ( 0.1423148382732818684, 0.9898214418809332393, 0.000000000000000000 ) ) ;
#1983 = CARTESIAN_POINT ( 'NONE',  ( 32.51687483359763320, -3.794655843912281945, -6.299999999999999822 ) ) ;
#1984 = DIRECTION ( 'NONE',  ( 0.000000000000000000, 0.000000000000000000, -1.000000000000000000 ) ) ;
#1985 = ORIENTED_EDGE ( 'NONE', *, *, #528, .T. ) ;
#1986 = DIRECTION ( 'NONE',  ( -0.000000000000000000, -0.000000000000000000, -1.000000000000000000 ) ) ;
#1987 = ORIENTED_EDGE ( 'NONE', *, *, #972, .F. ) ;
#1988 = LINE ( 'NONE', #1129, #989 ) ;
#1989 = ORIENTED_EDGE ( 'NONE', *, *, #1103, .T. ) ;
#1990 = ORIENTED_EDGE ( 'NONE', *, *, #465, .F. ) ;
#1991 = EDGE_CURVE ( 'NONE', #1437, #1531, #2511, .T. ) ;
#1992 = DIRECTION ( 'NONE',  ( 1.000000000000000000, 0.000000000000000000, 0.000000000000000000 ) ) ;
#1993 = DIRECTION ( 'NONE',  ( 0.000000000000000000, 0.000000000000000000, -1.000000000000000000 ) ) ;
#1994 = DIRECTION ( 'NONE',  ( -0.000000000000000000, -0.000000000000000000, 1.000000000000000000 ) ) ;
#1995 = ORIENTED_EDGE ( 'NONE', *, *, #1412, .T. ) ;
#1996 = DIRECTION ( 'NONE',  ( 0.000000000000000000, 0.000000000000000000, 1.000000000000000000 ) ) ;
#1997 = EDGE_LOOP ( 'NONE', ( #864, #277, #1987, #375 ) ) ;
#1998 = DIRECTION ( 'NONE',  ( 0.000000000000000000, 0.000000000000000000, 1.000000000000000000 ) ) ;
#1999 = ORIENTED_EDGE ( 'NONE', *, *, #1771, .T. ) ;
#2000 = ADVANCED_FACE ( 'NONE', ( #1230 ), #2736, .T. ) ;
#2001 = FACE_OUTER_BOUND ( 'NONE', #1009, .T. ) ;
#2002 = CARTESIAN_POINT ( 'NONE',  ( 0.000000000000000000, 0.000000000000000000, 7.000000000000000000 ) ) ;
#2003 = AXIS2_PLACEMENT_3D ( 'NONE', #464, #1177, #280 ) ;
#2004 = CARTESIAN_POINT ( 'NONE',  ( 2.767159633744361802, 9.349461513463204199, 5.393392535619153882 ) ) ;
#2005 = CARTESIAN_POINT ( 'NONE',  ( 24.40571608081110355, -1.580561067262503006, 5.000000000000000000 ) ) ;
#2006 = AXIS2_PLACEMENT_3D ( 'NONE', #1795, #2656, #2442 ) ;
#2007 = PERSON_AND_ORGANIZATION ( #297, #914 ) ;
#2008 = EDGE_CURVE ( 'NONE', #1499, #918, #1343, .T. ) ;
#2009 = AXIS2_PLACEMENT_3D ( 'NONE', #530, #2651, #746 ) ;
#2010 = AXIS2_PLACEMENT_3D ( 'NONE', #1401, #790, #1373 ) ;
#2011 = CARTESIAN_POINT ( 'NONE',  ( 29.01687483359759412, -3.794655843912281945, 3.700000000000000178 ) ) ;
#2012 = ORIENTED_EDGE ( 'NONE', *, *, #1317, .T. ) ;
#2013 = AXIS2_PLACEMENT_3D ( 'NONE', #1949, #2171, #519 ) ;
#2014 = DIRECTION ( 'NONE',  ( 0.000000000000000000, 0.000000000000000000, 1.000000000000000000 ) ) ;
#2015 = AXIS2_PLACEMENT_3D ( 'NONE', #1645, #429, #2124 ) ;
#2016 = DIRECTION ( 'NONE',  ( -0.000000000000000000, 0.000000000000000000, 1.000000000000000000 ) ) ;
#2017 = ORIENTED_EDGE ( 'NONE', *, *, #910, .T. ) ;
#2018 = DIRECTION ( 'NONE',  ( -1.000000000000000000, 0.000000000000000000, 0.000000000000000000 ) ) ;
#2019 = LOCAL_TIME ( 11, 1, 13.00000000000000000, #2405 ) ;
#2020 = DIRECTION ( 'NONE',  ( 0.000000000000000000, -0.000000000000000000, -1.000000000000000000 ) ) ;
#2021 = ADVANCED_FACE ( 'NONE', ( #27 ), #2137, .T. ) ;
#2022 = CARTESIAN_POINT ( 'NONE',  ( 34.33051441422968253, -2.804643597556788492, 3.700000000000000178 ) ) ;
#2023 = CARTESIAN_POINT ( 'NONE',  ( -9.680416949197244492, 1.162767255169660618, -1.199999999999999956 ) ) ;
#2024 = CARTESIAN_POINT ( 'NONE',  ( 24.56128917846245230, 5.288123775946234062, 3.631918246787125160 ) ) ;
#2025 = EDGE_CURVE ( 'NONE', #1858, #899, #1786, .T. ) ;
#2026 = VERTEX_POINT ( 'NONE', #759 ) ;
#2027 = DIRECTION ( 'NONE',  ( -1.000000000000000000, 0.000000000000000000, 0.000000000000000000 ) ) ;
#2028 = CARTESIAN_POINT ( 'NONE',  ( 0.000000000000000000, 0.000000000000000000, -1.199999999999999956 ) ) ;
#2029 = VERTEX_POINT ( 'NONE', #2022 ) ;
#2030 = FACE_OUTER_BOUND ( 'NONE', #2579, .T. ) ;
#2031 = DIRECTION ( 'NONE',  ( -0.000000000000000000, 0.000000000000000000, 1.000000000000000000 ) ) ;
#2032 = ORIENTED_EDGE ( 'NONE', *, *, #314, .F. ) ;
#2033 = CARTESIAN_POINT ( 'NONE',  ( 0.3728701210153978485, -9.743412230132372898, 5.458814738520023191 ) ) ;
#2034 = CARTESIAN_POINT ( 'NONE',  ( 4.250000000000000000, 5.204748896376250699E-16, 1.600000000000000089 ) ) ;
#2035 = EDGE_CURVE ( 'NONE', #1709, #1717, #153, .T. ) ;
#2036 = DIRECTION ( 'NONE',  ( -0.000000000000000000, -0.000000000000000000, -1.000000000000000000 ) ) ;
#2037 = ORIENTED_EDGE ( 'NONE', *, *, #496, .F. ) ;
#2038 = CARTESIAN_POINT ( 'NONE',  ( -3.106632694473850265, 10.31580787075611561, -1.199999999999999956 ) ) ;
#2039 = DIRECTION ( 'NONE',  ( 0.6548607339452835463, 0.7557495743542594901, 0.000000000000000000 ) ) ;
#2040 = EDGE_CURVE ( 'NONE', #461, #524, #776, .T. ) ;
#2041 = CARTESIAN_POINT ( 'NONE',  ( -8.132302056181712757, 8.824152269029738704, -1.200000000000000622 ) ) ;
#2042 = ORIENTED_EDGE ( 'NONE', *, *, #2078, .T. ) ;
#2043 = FACE_OUTER_BOUND ( 'NONE', #2518, .T. ) ;
#2044 = VERTEX_POINT ( 'NONE', #346 ) ;
#2045 = VECTOR ( 'NONE', #1267, 1000.000000000000000 ) ;
#2046 = CARTESIAN_POINT ( 'NONE',  ( 4.170949078093907580, -8.825317619216811238, 6.933180867629783251 ) ) ;
#2047 = CARTESIAN_POINT ( 'NONE',  ( 22.65182117412830465, -2.804643597556788492, -1.199999999999999956 ) ) ;
#2048 = CIRCLE ( 'NONE', #450, 3.762221576582363003 ) ;
#2049 = CC_DESIGN_PERSON_AND_ORGANIZATION_ASSIGNMENT ( #739, #1569, ( #2289 ) ) ;
#2050 = CARTESIAN_POINT ( 'NONE',  ( 0.000000000000000000, 0.000000000000000000, 7.000000000000000000 ) ) ;
#2051 = ORIENTED_EDGE ( 'NONE', *, *, #2474, .F. ) ;
#2052 = DIRECTION ( 'NONE',  ( -0.7151605687419712032, -0.6989601998087304757, 1.846857161380444971E-15 ) ) ;
#2053 = AXIS2_PLACEMENT_3D ( 'NONE', #134, #934, #1774 ) ;
#2054 = CIRCLE ( 'NONE', #1644, 1.750000000000018874 ) ;
#2055 = CARTESIAN_POINT ( 'NONE',  ( 0.000000000000000000, 0.000000000000000000, 7.000000000000000000 ) ) ;
#2056 = VECTOR ( 'NONE', #2249, 1000.000000000000000 ) ;
#2057 = AXIS2_PLACEMENT_3D ( 'NONE', #841, #1059, #1904 ) ;
#2058 = AXIS2_PLACEMENT_3D ( 'NONE', #1830, #1204, #2221 ) ;
#2059 = DIRECTION ( 'NONE',  ( -0.000000000000000000, -0.000000000000000000, -1.000000000000000000 ) ) ;
#2060 = VERTEX_POINT ( 'NONE', #376 ) ;
#2061 = EDGE_CURVE ( 'NONE', #1338, #2585, #325, .T. ) ;
#2062 = DIRECTION ( 'NONE',  ( -1.000000000000000000, 0.000000000000000000, 0.000000000000000000 ) ) ;
#2063 = EDGE_LOOP ( 'NONE', ( #2334, #1190, #1279, #2746 ) ) ;
#2064 = CARTESIAN_POINT ( 'NONE',  ( 2.528598933626910572, 9.416405228794102911, 4.999999999999984013 ) ) ;
#2065 = CARTESIAN_POINT ( 'NONE',  ( 0.000000000000000000, 0.000000000000000000, -1.199999999999999956 ) ) ;
#2066 = LINE ( 'NONE', #2475, #1379 ) ;
#2067 = ORIENTED_EDGE ( 'NONE', *, *, #2282, .T. ) ;
#2068 = DIRECTION ( 'NONE',  ( 0.4154150130018842701, 0.9096319953545193293, 0.000000000000000000 ) ) ;
#2069 = CARTESIAN_POINT ( 'NONE',  ( -3.826502395702260806, -9.602268910230696619, 7.000000000000000000 ) ) ;
#2070 = EDGE_CURVE ( 'NONE', #874, #2026, #856, .T. ) ;
#2071 = CARTESIAN_POINT ( 'NONE',  ( -9.451552241617092065, -2.393879743007762961, 7.000000000000000000 ) ) ;
#2072 = VERTEX_POINT ( 'NONE', #1622 ) ;
#2073 = ORIENTED_EDGE ( 'NONE', *, *, #2483, .T. ) ;
#2074 = EDGE_CURVE ( 'NONE', #237, #2580, #944, .T. ) ;
#2075 = ORIENTED_EDGE ( 'NONE', *, *, #1155, .F. ) ;
#2076 = CARTESIAN_POINT ( 'NONE',  ( 22.53772332497809572, -11.11884431091642433, 3.631918246787126048 ) ) ;
#2077 = DIRECTION ( 'NONE',  ( 1.000000000000000000, 0.000000000000000000, 0.000000000000000000 ) ) ;
#2078 = EDGE_CURVE ( 'NONE', #2281, #1133, #1610, .T. ) ;
#2079 = CARTESIAN_POINT ( 'NONE',  ( -6.128663263119058513, -8.323771706143375582, -1.199999999999999956 ) ) ;
#2080 = ORIENTED_EDGE ( 'NONE', *, *, #1138, .F. ) ;
#2081 = CYLINDRICAL_SURFACE ( 'NONE', #2417, 12.00000000000000178 ) ;
#2082 = LINE ( 'NONE', #2718, #315 ) ;
#2083 = EDGE_CURVE ( 'NONE', #1112, #2363, #7, .T. ) ;
#2084 = FACE_OUTER_BOUND ( 'NONE', #881, .T. ) ;
#2085 = EDGE_LOOP ( 'NONE', ( #2131, #2394, #1908, #560 ) ) ;
#2086 = EDGE_LOOP ( 'NONE', ( #2467, #1687, #1748, #1633 ) ) ;
#2087 = ORIENTED_EDGE ( 'NONE', *, *, #558, .T. ) ;
#2088 = CARTESIAN_POINT ( 'NONE',  ( -8.410437171827107150, -6.009179260718303439, -1.199999999999999956 ) ) ;
#2089 = CARTESIAN_POINT ( 'NONE',  ( -11.61202473089405629, 3.026694839111618851, 7.000000000000000000 ) ) ;
#2090 = DIRECTION ( 'NONE',  ( -0.000000000000000000, -0.000000000000000000, -1.000000000000000000 ) ) ;
#2091 = ORIENTED_EDGE ( 'NONE', *, *, #1446, .T. ) ;
#2092 = AXIS2_PLACEMENT_3D ( 'NONE', #192, #2327, #1662 ) ;
#2093 = DIRECTION ( 'NONE',  ( -0.000000000000000000, -0.000000000000000000, 1.000000000000000000 ) ) ;
#2094 = CIRCLE ( 'NONE', #2365, 12.00000000000000178 ) ;
#2095 = PLANE ( 'NONE',  #131 ) ;
#2096 = AXIS2_PLACEMENT_3D ( 'NONE', #2268, #2440, #1410 ) ;
#2097 = CIRCLE ( 'NONE', #2271, 12.00000000000000178 ) ;
#2098 = CIRCLE ( 'NONE', #458, 1.750000000000018874 ) ;
#2099 = CIRCLE ( 'NONE', #2598, 3.762221576582363891 ) ;
#2100 = CARTESIAN_POINT ( 'NONE',  ( 20.67105179254670944, -12.21107093797772869, 2.388566143438165756 ) ) ;
#2101 = ORIENTED_EDGE ( 'NONE', *, *, #2312, .T. ) ;
#2102 = TOROIDAL_SURFACE ( 'NONE', #2463, 11.67869324010138143, 2.000000000000000000 ) ;
#2103 = DIRECTION ( 'NONE',  ( -0.000000000000000000, -0.000000000000000000, -1.000000000000000000 ) ) ;
#2104 = CIRCLE ( 'NONE', #1562, 9.750000000000000000 ) ;
#2105 = CARTESIAN_POINT ( 'NONE',  ( -9.891682374222906304, -6.793719143995277321, 7.000000000000000000 ) ) ;
#2106 = EDGE_CURVE ( 'NONE', #1571, #2115, #1968, .T. ) ;
#2107 = CARTESIAN_POINT ( 'NONE',  ( -5.025630336801854448, 9.032647924419228147, -1.199999999999999956 ) ) ;
#2108 = EDGE_LOOP ( 'NONE', ( #1479, #803, #268, #2523, #754 ) ) ;
#2109 = AXIS2_PLACEMENT_3D ( 'NONE', #2303, #2317, #410 ) ;
#2110 = CARTESIAN_POINT ( 'NONE',  ( 26.40571608081110355, -1.580561067262503006, -7.189633005253134534 ) ) ;
#2111 = EDGE_CURVE ( 'NONE', #339, #2462, #2200, .T. ) ;
#2112 = CARTESIAN_POINT ( 'NONE',  ( 22.65182117412830465, -2.804643597556788492, 1.700000000000000178 ) ) ;
#2113 = CARTESIAN_POINT ( 'NONE',  ( -8.225486823948159554, -6.259956494877047639, -1.199999999999999956 ) ) ;
#2114 = CARTESIAN_POINT ( 'NONE',  ( 22.28788500093330782, -11.36302310450036579, 3.499567689187685460 ) ) ;
#2115 = VERTEX_POINT ( 'NONE', #2064 ) ;
#2116 = CARTESIAN_POINT ( 'NONE',  ( -4.648450871385579219, -11.06308747575985940, 7.000000000000000000 ) ) ;
#2117 = CARTESIAN_POINT ( 'NONE',  ( -9.680416949197240939, 1.162767255169660174, 7.000000000000000000 ) ) ;
#2118 = CYLINDRICAL_SURFACE ( 'NONE', #275, 9.750000000000000000 ) ;
#2119 = ORIENTED_EDGE ( 'NONE', *, *, #2577, .T. ) ;
#2120 = ADVANCED_FACE ( 'NONE', ( #1359 ), #1154, .T. ) ;
#2121 = CARTESIAN_POINT ( 'NONE',  ( -1.024417370216223588, 9.696033676282242553, 7.000000000000000000 ) ) ;
#2122 = ORIENTED_EDGE ( 'NONE', *, *, #1689, .F. ) ;
#2123 = FACE_OUTER_BOUND ( 'NONE', #2564, .T. ) ;
#2124 = DIRECTION ( 'NONE',  ( 1.000000000000000000, 0.000000000000000000, 0.000000000000000000 ) ) ;
#2125 = EDGE_LOOP ( 'NONE', ( #1427, #2502, #2308, #1673 ) ) ;
#2126 = ORIENTED_EDGE ( 'NONE', *, *, #2127, .T. ) ;
#2127 = EDGE_CURVE ( 'NONE', #986, #566, #2683, .T. ) ;
#2128 = CARTESIAN_POINT ( 'NONE',  ( -1.350000000000000089, 0.000000000000000000, 2.100000000000000089 ) ) ;
#2129 = CARTESIAN_POINT ( 'NONE',  ( 32.21268333435189390, -12.58710563479465350, -8.000000000000003553 ) ) ;
#2130 = DIRECTION ( 'NONE',  ( -0.9594929736144991450, 0.2817325568414236203, 0.000000000000000000 ) ) ;
#2131 = ORIENTED_EDGE ( 'NONE', *, *, #2613, .T. ) ;
#2132 = VECTOR ( 'NONE', #1117, 1000.000000000000000 ) ;
#2133 = CARTESIAN_POINT ( 'NONE',  ( -6.656922612848726217, -7.123754721110439725, 7.000000000000000000 ) ) ;
#2134 = VERTEX_POINT ( 'NONE', #305 ) ;
#2135 = CARTESIAN_POINT ( 'NONE',  ( 0.000000000000000000, 0.000000000000000000, 7.000000000000000000 ) ) ;
#2136 = VECTOR ( 'NONE', #2036, 1000.000000000000000 ) ;
#2137 = CYLINDRICAL_SURFACE ( 'NONE', #1429, 12.00000000000000178 ) ;
#2138 = EDGE_LOOP ( 'NONE', ( #1514, #1625, #1563, #1064, #2611 ) ) ;
#2139 = EDGE_LOOP ( 'NONE', ( #1443, #1770, #670, #1811 ) ) ;
#2140 = AXIS2_PLACEMENT_3D ( 'NONE', #2439, #2222, #1587 ) ;
#2141 = CIRCLE ( 'NONE', #1293, 9.750000000000000000 ) ;
#2142 = CARTESIAN_POINT ( 'NONE',  ( -11.61202473089405629, 3.026694839111618851, 7.000000000000000000 ) ) ;
#2143 = EDGE_CURVE ( 'NONE', #2218, #1571, #2241, .T. ) ;
#2144 = DIRECTION ( 'NONE',  ( -0.000000000000000000, -0.000000000000000000, -1.000000000000000000 ) ) ;
#2145 = CIRCLE ( 'NONE', #365, 3.762221576582363891 ) ;
#2146 = CIRCLE ( 'NONE', #1827, 13.67869324010138143 ) ;
#2147 = CIRCLE ( 'NONE', #2058, 3.762221576582363891 ) ;
#2148 = DIRECTION ( 'NONE',  ( -0.000000000000000000, -0.000000000000000000, -1.000000000000000000 ) ) ;
#2149 = VERTEX_POINT ( 'NONE', #1607 ) ;
#2150 = DIRECTION ( 'NONE',  ( -0.000000000000000000, -0.000000000000000000, -1.000000000000000000 ) ) ;
#2151 = CARTESIAN_POINT ( 'NONE',  ( 0.6555888821085128493, 10.31580787075611561, -1.199999999999999956 ) ) ;
#2152 = ORIENTED_EDGE ( 'NONE', *, *, #2676, .F. ) ;
#2153 = CARTESIAN_POINT ( 'NONE',  ( 0.000000000000000000, 0.000000000000000000, -1.199999999999999956 ) ) ;
#2154 = ORIENTED_EDGE ( 'NONE', *, *, #2539, .T. ) ;
#2155 = ORIENTED_EDGE ( 'NONE', *, *, #2659, .T. ) ;
#2156 = EDGE_CURVE ( 'NONE', #585, #2462, #1779, .T. ) ;
#2157 = CARTESIAN_POINT ( 'NONE',  ( -9.412581462727702686, -7.443339990052506572, 7.000000000000000000 ) ) ;
#2158 = DIRECTION ( 'NONE',  ( -0.000000000000000000, -0.000000000000000000, -1.000000000000000000 ) ) ;
#2159 = EDGE_CURVE ( 'NONE', #2258, #703, #1245, .T. ) ;
#2160 = CARTESIAN_POINT ( 'NONE',  ( -9.111247433184743727, 4.881686083719696256, 7.000000000000000000 ) ) ;
#2161 = ORIENTED_EDGE ( 'NONE', *, *, #2338, .F. ) ;
#2162 = ADVANCED_FACE ( 'NONE', ( #95 ), #1369, .T. ) ;
#2163 = CALENDAR_DATE ( 2026, 15, 9 ) ;
#2164 = CARTESIAN_POINT ( 'NONE',  ( -5.079080831267309470, -8.322586010937529366, 7.000000000000000000 ) ) ;
#2165 = VERTEX_POINT ( 'NONE', #358 ) ;
#2166 = CARTESIAN_POINT ( 'NONE',  ( -8.772324397136545215, -4.255446471453135260, 7.000000000000000000 ) ) ;
#2167 = VERTEX_POINT ( 'NONE', #1802 ) ;
#2168 = ORIENTED_EDGE ( 'NONE', *, *, #2210, .T. ) ;
#2169 = EDGE_CURVE ( 'NONE', #1841, #1205, #814, .T. ) ;
#2170 = CYLINDRICAL_SURFACE ( 'NONE', #1157, 9.750000000000000000 ) ;
#2171 = DIRECTION ( 'NONE',  ( -0.000000000000000000, -0.000000000000000000, -1.000000000000000000 ) ) ;
#2172 = CARTESIAN_POINT ( 'NONE',  ( 0.000000000000000000, 0.000000000000000000, 7.000000000000000000 ) ) ;
#2173 = CARTESIAN_POINT ( 'NONE',  ( -0.2267350114589757326, 9.747363296531977639, -1.199999999999999956 ) ) ;
#2174 = ORIENTED_EDGE ( 'NONE', *, *, #2558, .F. ) ;
#2175 = DIRECTION ( 'NONE',  ( -0.4154150130018902098, 0.9096319953545166648, 0.000000000000000000 ) ) ;
#2176 = EDGE_CURVE ( 'NONE', #14, #1841, #81, .T. ) ;
#2177 = ORIENTED_EDGE ( 'NONE', *, *, #1175, .T. ) ;
#2178 = CARTESIAN_POINT ( 'NONE',  ( -3.106632694473850265, 10.31580787075611561, 7.000000000000000000 ) ) ;
#2179 = AXIS2_PLACEMENT_3D ( 'NONE', #1276, #1030, #1234 ) ;
#2180 = ORIENTED_EDGE ( 'NONE', *, *, #2437, .F. ) ;
#2181 = ORIENTED_EDGE ( 'NONE', *, *, #2445, .T. ) ;
#2182 = VECTOR ( 'NONE', #884, 1000.000000000000000 ) ;
#2183 = CIRCLE ( 'NONE', #500, 3.762221576582363003 ) ;
#2184 = DIRECTION ( 'NONE',  ( 0.000000000000000000, 0.000000000000000000, -1.000000000000000000 ) ) ;
#2185 = CARTESIAN_POINT ( 'NONE',  ( 24.40571608081110355, -1.580561067262503006, 7.000000000000000000 ) ) ;
#2186 = CIRCLE ( 'NONE', #2546, 9.750000000000000000 ) ;
#2187 = AXIS2_PLACEMENT_3D ( 'NONE', #180, #648, #1513 ) ;
#2188 = CIRCLE ( 'NONE', #55, 9.750000000000000000 ) ;
#2189 = VECTOR ( 'NONE', #336, 1000.000000000000000 ) ;
#2190 = CARTESIAN_POINT ( 'NONE',  ( -2.963700234361556607, 9.288647959786468178, -1.199999999999999956 ) ) ;
#2191 = ORIENTED_EDGE ( 'NONE', *, *, #1482, .F. ) ;
#2192 = EDGE_CURVE ( 'NONE', #162, #2315, #1966, .T. ) ;
#2193 = AXIS2_PLACEMENT_3D ( 'NONE', #1189, #1671, #847 ) ;
#2194 = DIRECTION ( 'NONE',  ( -0.000000000000000000, -0.000000000000000000, -1.000000000000000000 ) ) ;
#2195 = VERTEX_POINT ( 'NONE', #1397 ) ;
#2196 = CARTESIAN_POINT ( 'NONE',  ( 5.026023953068589734, -8.354734180282504141, 7.000000000000000000 ) ) ;
#2197 = ADVANCED_FACE ( 'NONE', ( #1790 ), #572, .T. ) ;
#2198 = ORIENTED_EDGE ( 'NONE', *, *, #580, .T. ) ;
#2199 = ORIENTED_EDGE ( 'NONE', *, *, #2035, .T. ) ;
#2200 = B_SPLINE_CURVE_WITH_KNOTS ( 'NONE', 3,
 ( #1183, #335, #97, #1170, #574, #952, #2033, #122, #1804, #976, #1193, #361, #2666, #1211, #2255, #2046, #137, #993 ),
 .UNSPECIFIED., .F., .F.,
 ( 4, 2, 2, 2, 2, 2, 2, 2, 4 ),
 ( 1.592785582614880273E-17, 0.0001833768875394976665, 0.0003667537750789793953, 0.0007335075501579428527, 0.001467015100315871177, 0.002200522650473800152, 0.002934030200631728910, 0.004401045300947587294, 0.005868060401263446545 ),
 .UNSPECIFIED. ) ;
#2201 = LINE ( 'NONE', #58, #2326 ) ;
#2202 = DIRECTION ( 'NONE',  ( 0.1423148382732820072, 0.9898214418809331283, 0.000000000000000000 ) ) ;
#2203 = VERTEX_POINT ( 'NONE', #1833 ) ;
#2204 = ADVANCED_FACE ( 'NONE', ( #2265 ), #344, .T. ) ;
#2205 = CARTESIAN_POINT ( 'NONE',  ( -9.655930361154716479, -3.688996837790550209, 7.000000000000000000 ) ) ;
#2206 = EDGE_LOOP ( 'NONE', ( #1087, #1281 ) ) ;
#2207 = CARTESIAN_POINT ( 'NONE',  ( 31.74772410894415131, 2.789910818712262319, 1.700000000000000178 ) ) ;
#2208 = EDGE_LOOP ( 'NONE', ( #930, #2397, #1274, #1089 ) ) ;
#2209 = CARTESIAN_POINT ( 'NONE',  ( -2.528598933626911904, -9.416405228794101134, 7.000000000000000000 ) ) ;
#2210 = EDGE_CURVE ( 'NONE', #454, #1462, #2504, .T. ) ;
#2211 = CARTESIAN_POINT ( 'NONE',  ( -2.277266001350169322, 10.08264590114086801, 7.000000000000000000 ) ) ;
#2212 = CARTESIAN_POINT ( 'NONE',  ( -3.894193991759024698, -11.35056179907179441, 7.000000000000000000 ) ) ;
#2213 = DIRECTION ( 'NONE',  ( 0.000000000000000000, 0.000000000000000000, 1.000000000000000000 ) ) ;
#2214 = APPROVAL_ROLE ( '' ) ;
#2215 = LINE ( 'NONE', #927, #359 ) ;
#2216 = ORIENTED_EDGE ( 'NONE', *, *, #1778, .F. ) ;
#2217 = FACE_OUTER_BOUND ( 'NONE', #2063, .T. ) ;
#2218 = VERTEX_POINT ( 'NONE', #1191 ) ;
#2219 = ADVANCED_FACE ( 'NONE', ( #2043 ), #110, .T. ) ;
#2220 = AXIS2_PLACEMENT_3D ( 'NONE', #474, #647, #2346 ) ;
#2221 = DIRECTION ( 'NONE',  ( -0.9594929736145012544, 0.2817325568414162373, 0.000000000000000000 ) ) ;
#2222 = DIRECTION ( 'NONE',  ( -0.000000000000000000, -0.000000000000000000, -1.000000000000000000 ) ) ;
#2223 = CIRCLE ( 'NONE', #539, 12.00000000000000533 ) ;
#2224 = EDGE_CURVE ( 'NONE', #1107, #62, #2320, .T. ) ;
#2225 = CARTESIAN_POINT ( 'NONE',  ( 2.528598933626910572, 9.416405228794102911, 4.999999999999984013 ) ) ;
#2226 = DIRECTION ( 'NONE',  ( -0.9924798333418586305, 0.1224082530294287041, 0.000000000000000000 ) ) ;
#2227 = AXIS2_PLACEMENT_3D ( 'NONE', #1272, #845, #201 ) ;
#2228 = CIRCLE ( 'NONE', #135, 2.000000000000000000 ) ;
#2229 = AXIS2_PLACEMENT_3D ( 'NONE', #535, #804, #821 ) ;
#2230 = AXIS2_PLACEMENT_3D ( 'NONE', #1036, #1880, #2741 ) ;
#2231 = CYLINDRICAL_SURFACE ( 'NONE', #2318, 1.350000000000000089 ) ;
#2232 = ORIENTED_EDGE ( 'NONE', *, *, #920, .T. ) ;
#2233 = VECTOR ( 'NONE', #1481, 1000.000000000000000 ) ;
#2234 = CARTESIAN_POINT ( 'NONE',  ( 0.5386289757454962857, 11.98790552292131650, 7.000000000000000000 ) ) ;
#2235 = AXIS2_PLACEMENT_3D ( 'NONE', #1888, #620, #1913 ) ;
#2236 = DIRECTION ( 'NONE',  ( -1.000000000000000000, 0.000000000000000000, 0.000000000000000000 ) ) ;
#2237 = EDGE_LOOP ( 'NONE', ( #407, #2296, #1523, #1110 ) ) ;
#2238 = ADVANCED_FACE ( 'NONE', ( #961 ), #2452, .T. ) ;
#2239 = DIRECTION ( 'NONE',  ( -1.000000000000000000, 0.000000000000000000, 0.000000000000000000 ) ) ;
#2240 = CC_DESIGN_APPROVAL ( #1973, ( #866 ) ) ;
#2241 = LINE ( 'NONE', #544, #94 ) ;
#2242 = ORIENTED_EDGE ( 'NONE', *, *, #755, .F. ) ;
#2243 = CARTESIAN_POINT ( 'NONE',  ( 2.528598933626897249, 9.416405228794110016, 5.060658314848602402 ) ) ;
#2244 = CARTESIAN_POINT ( 'NONE',  ( -9.111247433184743727, 4.881686083719696256, 7.000000000000000000 ) ) ;
#2245 = EDGE_CURVE ( 'NONE', #2710, #1841, #274, .T. ) ;
#2246 = CARTESIAN_POINT ( 'NONE',  ( -6.934274570223737832, -9.793663062651708273, -1.199999999999999956 ) ) ;
#2247 = ORIENTED_EDGE ( 'NONE', *, *, #166, .T. ) ;
#2248 = ADVANCED_FACE ( 'NONE', ( #439 ), #1282, .T. ) ;
#2249 = DIRECTION ( 'NONE',  ( 0.000000000000000000, 0.000000000000000000, 1.000000000000000000 ) ) ;
#2250 = DIRECTION ( 'NONE',  ( 0.1423148382732818962, 0.9898214418809332393, 0.000000000000000000 ) ) ;
#2251 = CYLINDRICAL_SURFACE ( 'NONE', #2193, 3.762221576582363003 ) ;
#2252 = ORIENTED_EDGE ( 'NONE', *, *, #1330, .T. ) ;
#2253 = DIRECTION ( 'NONE',  ( -1.000000000000000000, 0.000000000000000000, 0.000000000000000000 ) ) ;
#2254 = VERTEX_POINT ( 'NONE', #1898 ) ;
#2255 = CARTESIAN_POINT ( 'NONE',  ( 3.303436730543892974, -9.185333584546862440, 6.729849645555793458 ) ) ;
#2256 = DIRECTION ( 'NONE',  ( -0.000000000000000000, -0.000000000000000000, -1.000000000000000000 ) ) ;
#2257 = FACE_OUTER_BOUND ( 'NONE', #2086, .T. ) ;
#2258 = VERTEX_POINT ( 'NONE', #2321 ) ;
#2259 = CARTESIAN_POINT ( 'NONE',  ( 29.74857797583741714, -13.41906342859431156, -44.17337122566542718 ) ) ;
#2260 = ADVANCED_FACE ( 'NONE', ( #1520 ), #414, .T. ) ;
#2261 = EDGE_CURVE ( 'NONE', #206, #2134, #1739, .T. ) ;
#2262 = DIRECTION ( 'NONE',  ( 0.000000000000000000, 0.000000000000000000, -1.000000000000000000 ) ) ;
#2263 = CARTESIAN_POINT ( 'NONE',  ( 0.000000000000000000, 0.000000000000000000, -1.199999999999999956 ) ) ;
#2264 = EDGE_LOOP ( 'NONE', ( #1547, #250, #1222, #2032 ) ) ;
#2265 = FACE_OUTER_BOUND ( 'NONE', #698, .T. ) ;
#2266 = ORIENTED_EDGE ( 'NONE', *, *, #938, .T. ) ;
#2267 = CIRCLE ( 'NONE', #2179, 12.00000000000000178 ) ;
#2268 = CARTESIAN_POINT ( 'NONE',  ( -6.376773933753629109, -8.135259246422229751, -1.199999999999999956 ) ) ;
#2269 = DIRECTION ( 'NONE',  ( -1.000000000000000000, 0.000000000000000000, 0.000000000000000000 ) ) ;
#2270 = CIRCLE ( 'NONE', #2003, 12.00000000000000178 ) ;
#2271 = AXIS2_PLACEMENT_3D ( 'NONE', #1173, #1322, #2175 ) ;
#2272 = DIRECTION ( 'NONE',  ( 1.000000000000000000, 0.000000000000000000, 0.000000000000000000 ) ) ;
#2273 = ORIENTED_EDGE ( 'NONE', *, *, #314, .T. ) ;
#2274 = ADVANCED_FACE ( 'NONE', ( #2747 ), #540, .T. ) ;
#2275 = DIRECTION ( 'NONE',  ( 0.6548607339452835463, 0.7557495743542594901, 0.000000000000000000 ) ) ;
#2276 = AXIS2_PLACEMENT_3D ( 'NONE', #2664, #2470, #990 ) ;
#2277 = CIRCLE ( 'NONE', #2731, 3.762221576582363003 ) ;
#2278 = CARTESIAN_POINT ( 'NONE',  ( -7.998624034700963392, 5.575348738106355562, 7.000000000000000000 ) ) ;
#2279 = VECTOR ( 'NONE', #1761, 1000.000000000000000 ) ;
#2280 = AXIS2_PLACEMENT_3D ( 'NONE', #33, #2537, #2515 ) ;
#2281 = VERTEX_POINT ( 'NONE', #1099 ) ;
#2282 = EDGE_CURVE ( 'NONE', #1938, #1767, #318, .T. ) ;
#2283 = CIRCLE ( 'NONE', #2422, 4.250000000000000000 ) ;
#2284 = DIRECTION ( 'NONE',  ( -0.6548607339452886533, 0.7557495743542551603, 0.000000000000000000 ) ) ;
#2285 = ORIENTED_EDGE ( 'NONE', *, *, #478, .F. ) ;
#2286 = ORIENTED_EDGE ( 'NONE', *, *, #2061, .F. ) ;
#2287 = DIRECTION ( 'NONE',  ( 0.8412535328311804284, 0.5406408174555985546, 0.000000000000000000 ) ) ;
#2288 = FACE_OUTER_BOUND ( 'NONE', #1015, .T. ) ;
#2289 = PRODUCT_DEFINITION_FORMATION_WITH_SPECIFIED_SOURCE ( '任何', '', #1896, .NOT_KNOWN. ) ;
#2290 = LINE ( 'NONE', #155, #810 ) ;
#2291 = ORIENTED_EDGE ( 'NONE', *, *, #478, .T. ) ;
#2292 = CARTESIAN_POINT ( 'NONE',  ( -8.959963588456274053, 5.154099465690963555, -1.199999999999999956 ) ) ;
#2293 = EDGE_CURVE ( 'NONE', #859, #1150, #1123, .T. ) ;
#2294 = LINE ( 'NONE', #2278, #1775 ) ;
#2295 = CARTESIAN_POINT ( 'NONE',  ( -11.94254082540289730, -1.172910326318754803, 7.000000000000000000 ) ) ;
#2296 = ORIENTED_EDGE ( 'NONE', *, *, #2298, .F. ) ;
#2297 = ORIENTED_EDGE ( 'NONE', *, *, #2416, .F. ) ;
#2298 = EDGE_CURVE ( 'NONE', #2493, #1284, #892, .T. ) ;
#2299 = CARTESIAN_POINT ( 'NONE',  ( 0.000000000000000000, 0.000000000000000000, 7.000000000000000000 ) ) ;
#2300 = CARTESIAN_POINT ( 'NONE',  ( 20.19100440150712217, -9.217541398274450515, 7.000000000000000000 ) ) ;
#2301 = CARTESIAN_POINT ( 'NONE',  ( 20.06859614847769180, -10.21002123161630948, 5.000000000000000000 ) ) ;
#2302 = VERTEX_POINT ( 'NONE', #1731 ) ;
#2303 = CARTESIAN_POINT ( 'NONE',  ( 30.76687483359761899, -3.794655843912281945, -1.199999999999999956 ) ) ;
#2304 = DIRECTION ( 'NONE',  ( -0.000000000000000000, -0.000000000000000000, -1.000000000000000000 ) ) ;
#2305 = CC_DESIGN_PERSON_AND_ORGANIZATION_ASSIGNMENT ( #710, #2629, ( #2289 ) ) ;
#2306 = DIRECTION ( 'NONE',  ( 0.000000000000000000, 0.000000000000000000, 1.000000000000000000 ) ) ;
#2307 = ORIENTED_EDGE ( 'NONE', *, *, #286, .F. ) ;
#2308 = ORIENTED_EDGE ( 'NONE', *, *, #1505, .F. ) ;
#2309 = EDGE_CURVE ( 'NONE', #2575, #2428, #630, .T. ) ;
#2310 = CARTESIAN_POINT ( 'NONE',  ( 23.03221464698585663, -10.57554136699937608, 3.699999999999999289 ) ) ;
#2311 = CARTESIAN_POINT ( 'NONE',  ( -8.707127529965969615, 8.257477228361501886, 7.000000000000000000 ) ) ;
#2312 = EDGE_CURVE ( 'NONE', #2149, #77, #1335, .T. ) ;
#2313 = AXIS2_PLACEMENT_3D ( 'NONE', #1017, #1650, #2723 ) ;
#2314 = CARTESIAN_POINT ( 'NONE',  ( 22.39843579486618452, 6.960161098387986023, 1.871910998662875247 ) ) ;
#2315 = VERTEX_POINT ( 'NONE', #1053 ) ;
#2316 = CIRCLE ( 'NONE', #1287, 1.350000000000000089 ) ;
#2317 = DIRECTION ( 'NONE',  ( -0.000000000000000000, 0.000000000000000000, 1.000000000000000000 ) ) ;
#2318 = AXIS2_PLACEMENT_3D ( 'NONE', #76, #2194, #749 ) ;
#2319 = LINE ( 'NONE', #890, #227 ) ;
#2320 = CIRCLE ( 'NONE', #2009, 13.67869324010138143 ) ;
#2321 = CARTESIAN_POINT ( 'NONE',  ( 30.81476293473443206, -11.15678449731070998, 3.700000000000000178 ) ) ;
#2322 = CIRCLE ( 'NONE', #1127, 12.00000000000000178 ) ;
#2323 = CIRCLE ( 'NONE', #323, 3.000000000000002665 ) ;
#2324 = CARTESIAN_POINT ( 'NONE',  ( -6.128663263119058513, -8.323771706143375582, 7.000000000000000000 ) ) ;
#2325 = ORIENTED_EDGE ( 'NONE', *, *, #2694, .F. ) ;
#2326 = VECTOR ( 'NONE', #2158, 1000.000000000000000 ) ;
#2327 = DIRECTION ( 'NONE',  ( -0.000000000000000000, -0.000000000000000000, 1.000000000000000000 ) ) ;
#2328 = ADVANCED_FACE ( 'NONE', ( #2123 ), #1042, .F. ) ;
#2329 = DIRECTION ( 'NONE',  ( -0.4154150130018903209, 0.9096319953545165538, 0.000000000000000000 ) ) ;
#2330 = CIRCLE ( 'NONE', #1134, 9.750000000000000000 ) ;
#2331 = CARTESIAN_POINT ( 'NONE',  ( -7.144944486281366913, 7.469635673622618377, 7.000000000000000000 ) ) ;
#2332 = FACE_OUTER_BOUND ( 'NONE', #295, .T. ) ;
#2333 = CARTESIAN_POINT ( 'NONE',  ( 0.000000000000000000, 0.000000000000000000, 1.600000000000000089 ) ) ;
#2334 = ORIENTED_EDGE ( 'NONE', *, *, #2106, .F. ) ;
#2335 = AXIS2_PLACEMENT_3D ( 'NONE', #199, #2349, #2519 ) ;
#2336 = CARTESIAN_POINT ( 'NONE',  ( -9.615881436223883583, -1.611621607104151810, 7.000000000000000000 ) ) ;
#2337 = DIRECTION ( 'NONE',  ( -0.000000000000000000, -0.000000000000000000, -1.000000000000000000 ) ) ;
#2338 = EDGE_CURVE ( 'NONE', #2493, #677, #2186, .T. ) ;
#2339 = CARTESIAN_POINT ( 'NONE',  ( 0.000000000000000000, 0.000000000000000000, 1.600000000000000089 ) ) ;
#2340 = CARTESIAN_POINT ( 'NONE',  ( 21.50722901382554753, -11.92354369583715545, 3.009433429581091612 ) ) ;
#2341 = ORIENTED_EDGE ( 'NONE', *, *, #1175, .F. ) ;
#2342 = VERTEX_POINT ( 'NONE', #1704 ) ;
#2343 = DIRECTION ( 'NONE',  ( 1.000000000000000000, 0.000000000000000000, 0.000000000000000000 ) ) ;
#2344 = CARTESIAN_POINT ( 'NONE',  ( 4.250000000000000000, 5.204748896376250699E-16, 2.100000000000000089 ) ) ;
#2345 = CC_DESIGN_PERSON_AND_ORGANIZATION_ASSIGNMENT ( #1555, #296, ( #2648 ) ) ;
#2346 = DIRECTION ( 'NONE',  ( -1.000000000000000000, 0.000000000000000000, 0.000000000000000000 ) ) ;
#2347 = FACE_OUTER_BOUND ( 'NONE', #1478, .T. ) ;
#2348 = VERTEX_POINT ( 'NONE', #1489 ) ;
#2349 = DIRECTION ( 'NONE',  ( -0.000000000000000000, -0.000000000000000000, -1.000000000000000000 ) ) ;
#2350 = DIRECTION ( 'NONE',  ( 0.000000000000000000, 0.000000000000000000, 1.000000000000000000 ) ) ;
#2351 = ORIENTED_EDGE ( 'NONE', *, *, #63, .T. ) ;
#2352 = DIRECTION ( 'NONE',  ( -0.000000000000000000, 0.000000000000000000, 1.000000000000000000 ) ) ;
#2353 = CARTESIAN_POINT ( 'NONE',  ( -7.366847990940307511, 7.250878532086780126, -1.199999999999999956 ) ) ;
#2354 = VERTEX_POINT ( 'NONE', #1670 ) ;
#2355 = VERTEX_POINT ( 'NONE', #150 ) ;
#2356 = DIRECTION ( 'NONE',  ( -0.000000000000000000, -0.000000000000000000, -1.000000000000000000 ) ) ;
#2357 = CARTESIAN_POINT ( 'NONE',  ( -1.972319854284031670, 10.14670602713487213, -1.199999999999999956 ) ) ;
#2358 = CARTESIAN_POINT ( 'NONE',  ( 23.57599255971753394, 6.458308142193987855, 2.858186976364248011 ) ) ;
#2359 = ORIENTED_EDGE ( 'NONE', *, *, #2388, .F. ) ;
#2360 = ADVANCED_FACE ( 'NONE', ( #2562 ), #139, .T. ) ;
#2361 = CIRCLE ( 'NONE', #494, 1.350000000000000089 ) ;
#2362 = DIRECTION ( 'NONE',  ( -0.000000000000000000, -0.000000000000000000, -1.000000000000000000 ) ) ;
#2363 = VERTEX_POINT ( 'NONE', #655 ) ;
#2364 = DIRECTION ( 'NONE',  ( -0.000000000000000000, -0.000000000000000000, -1.000000000000000000 ) ) ;
#2365 = AXIS2_PLACEMENT_3D ( 'NONE', #555, #1229, #170 ) ;
#2366 = AXIS2_PLACEMENT_3D ( 'NONE', #2687, #1413, #603 ) ;
#2367 = CARTESIAN_POINT ( 'NONE',  ( 0.000000000000000000, 0.000000000000000000, 7.000000000000000000 ) ) ;
#2368 = ORIENTED_EDGE ( 'NONE', *, *, #1886, .T. ) ;
#2369 = EDGE_LOOP ( 'NONE', ( #115, #946, #1864, #368, #1255 ) ) ;
#2370 = EDGE_CURVE ( 'NONE', #476, #1178, #1202, .T. ) ;
#2371 = AXIS2_PLACEMENT_3D ( 'NONE', #2050, #142, #2272 ) ;
#2372 = FACE_OUTER_BOUND ( 'NONE', #2138, .T. ) ;
#2373 = CARTESIAN_POINT ( 'NONE',  ( -7.218085806415214023, -6.554520370799629347, -1.199999999999999956 ) ) ;
#2374 = EDGE_CURVE ( 'NONE', #1206, #524, #363, .T. ) ;
#2375 = CIRCLE ( 'NONE', #1339, 9.750000000000000000 ) ;
#2376 = CIRCLE ( 'NONE', #2418, 11.67869324010137966 ) ;
#2377 = CYLINDRICAL_SURFACE ( 'NONE', #1958, 12.00000000000000178 ) ;
#2378 = CYLINDRICAL_SURFACE ( 'NONE', #984, 4.250000000000000000 ) ;
#2379 = ORIENTED_EDGE ( 'NONE', *, *, #618, .T. ) ;
#2380 = CARTESIAN_POINT ( 'NONE',  ( -2.528598933626911460, -9.416405228794099358, 7.000000000000000000 ) ) ;
#2381 = ORIENTED_EDGE ( 'NONE', *, *, #522, .F. ) ;
#2382 = DIRECTION ( 'NONE',  ( 0.000000000000000000, 0.000000000000000000, 1.000000000000000000 ) ) ;
#2383 = EDGE_CURVE ( 'NONE', #2348, #1107, #1920, .T. ) ;
#2384 = VERTEX_POINT ( 'NONE', #919 ) ;
#2385 = EDGE_LOOP ( 'NONE', ( #654, #438, #2595, #2379 ) ) ;
#2386 = DIRECTION ( 'NONE',  ( -1.000000000000000000, 0.000000000000000000, 0.000000000000000000 ) ) ;
#2387 = PLANE ( 'NONE',  #459 ) ;
#2388 = EDGE_CURVE ( 'NONE', #1152, #2427, #1381, .T. ) ;
#2389 = CARTESIAN_POINT ( 'NONE',  ( 22.67470630056754288, 4.537892134230569141, 7.000000000000000000 ) ) ;
#2390 = VERTEX_POINT ( 'NONE', #1151 ) ;
#2391 = UNCERTAINTY_MEASURE_WITH_UNIT (LENGTH_MEASURE( 1.000000000000000082E-05 ), #1096, 'distance_accuracy_value', 'NONE');
#2392 = COORDINATED_UNIVERSAL_TIME_OFFSET ( 8, 0, .AHEAD. ) ;
#2393 = DIRECTION ( 'NONE',  ( 0.000000000000000000, 0.000000000000000000, -1.000000000000000000 ) ) ;
#2394 = ORIENTED_EDGE ( 'NONE', *, *, #2725, .F. ) ;
#2395 = DIRECTION ( 'NONE',  ( -0.000000000000000000, -0.000000000000000000, -1.000000000000000000 ) ) ;
#2396 = ORIENTED_EDGE ( 'NONE', *, *, #816, .T. ) ;
#2397 = ORIENTED_EDGE ( 'NONE', *, *, #436, .F. ) ;
#2398 = ADVANCED_BREP_SHAPE_REPRESENTATION ( '柔性夹爪2', ( #702, #1216 ), #696 ) ;
#2399 = FACE_OUTER_BOUND ( 'NONE', #1231, .T. ) ;
#2400 = EDGE_CURVE ( 'NONE', #1178, #2354, #1988, .T. ) ;
#2401 = DIRECTION ( 'NONE',  ( 0.000000000000000000, 0.000000000000000000, 1.000000000000000000 ) ) ;
#2402 = DIRECTION ( 'NONE',  ( -0.9924798333418586305, 0.1224082530294285237, -0.000000000000000000 ) ) ;
#2403 = ORIENTED_EDGE ( 'NONE', *, *, #1626, .T. ) ;
#2404 = EDGE_CURVE ( 'NONE', #1014, #826, #590, .T. ) ;
#2405 = COORDINATED_UNIVERSAL_TIME_OFFSET ( 8, 0, .AHEAD. ) ;
#2406 = CARTESIAN_POINT ( 'NONE',  ( 32.51687483359763320, -3.794655843912281945, -1.199999999999999956 ) ) ;
#2407 = ORIENTED_EDGE ( 'NONE', *, *, #2715, .F. ) ;
#2408 = CARTESIAN_POINT ( 'NONE',  ( -9.245380815148957154, 3.096035139153880067, 7.000000000000000000 ) ) ;
#2409 = ORIENTED_EDGE ( 'NONE', *, *, #286, .T. ) ;
#2410 = ORIENTED_EDGE ( 'NONE', *, *, #1145, .T. ) ;
#2411 = AXIS2_PLACEMENT_3D ( 'NONE', #2733, #783, #394 ) ;
#2412 = AXIS2_PLACEMENT_3D ( 'NONE', #1907, #1081, #1715 ) ;
#2413 = CARTESIAN_POINT ( 'NONE',  ( 0.000000000000000000, 0.000000000000000000, 7.000000000000000000 ) ) ;
#2414 = AXIS2_PLACEMENT_3D ( 'NONE', #1458, #2352, #1931 ) ;
#2415 = AXIS2_PLACEMENT_3D ( 'NONE', #1483, #2090, #873 ) ;
#2416 = EDGE_CURVE ( 'NONE', #1284, #2363, #1466, .T. ) ;
#2417 = AXIS2_PLACEMENT_3D ( 'NONE', #1615, #370, #2705 ) ;
#2418 = AXIS2_PLACEMENT_3D ( 'NONE', #673, #265, #1537 ) ;
#2419 = DIRECTION ( 'NONE',  ( 0.000000000000000000, 0.000000000000000000, 1.000000000000000000 ) ) ;
#2420 = VERTEX_POINT ( 'NONE', #1364 ) ;
#2421 = APPROVAL_DATE_TIME ( #45, #1844 ) ;
#2422 = AXIS2_PLACEMENT_3D ( 'NONE', #1604, #949, #2675 ) ;
#2423 = DIRECTION ( 'NONE',  ( 0.000000000000000000, -1.000000000000000000, 0.000000000000000000 ) ) ;
#2424 = EDGE_LOOP ( 'NONE', ( #441, #959 ) ) ;
#2425 = DIRECTION ( 'NONE',  ( -0.9924798333418586305, 0.1224082530294287041, 0.000000000000000000 ) ) ;
#2426 = EDGE_CURVE ( 'NONE', #385, #2355, #2188, .T. ) ;
#2427 = VERTEX_POINT ( 'NONE', #2178 ) ;
#2428 = VERTEX_POINT ( 'NONE', #1324 ) ;
#2429 = DIRECTION ( 'NONE',  ( -0.000000000000000000, -0.000000000000000000, -1.000000000000000000 ) ) ;
#2430 = DIRECTION ( 'NONE',  ( 0.000000000000000000, 0.000000000000000000, 1.000000000000000000 ) ) ;
#2431 = DIRECTION ( 'NONE',  ( -0.000000000000000000, -0.000000000000000000, -1.000000000000000000 ) ) ;
#2432 = DATE_TIME_ROLE ( 'creation_date' ) ;
#2433 = DIRECTION ( 'NONE',  ( 0.000000000000000000, 0.000000000000000000, -1.000000000000000000 ) ) ;
#2434 = ORIENTED_EDGE ( 'NONE', *, *, #71, .T. ) ;
#2435 = DIRECTION ( 'NONE',  ( -0.9594929736145012544, 0.2817325568414162373, 0.000000000000000000 ) ) ;
#2436 = ORIENTED_EDGE ( 'NONE', *, *, #2763, .T. ) ;
#2437 = EDGE_CURVE ( 'NONE', #677, #2363, #88, .T. ) ;
#2438 = DIRECTION ( 'NONE',  ( 0.000000000000000000, 0.000000000000000000, 1.000000000000000000 ) ) ;
#2439 = CARTESIAN_POINT ( 'NONE',  ( -9.762736809034956664, -3.396271309276113648, 7.000000000000000000 ) ) ;
#2440 = DIRECTION ( 'NONE',  ( -0.000000000000000000, -0.000000000000000000, -1.000000000000000000 ) ) ;
#2441 = DIRECTION ( 'NONE',  ( -0.000000000000000000, -0.000000000000000000, -1.000000000000000000 ) ) ;
#2442 = DIRECTION ( 'NONE',  ( 1.000000000000000000, 0.000000000000000000, 0.000000000000000000 ) ) ;
#2443 = ORIENTED_EDGE ( 'NONE', *, *, #2388, .T. ) ;
#2444 = CARTESIAN_POINT ( 'NONE',  ( -6.656922612848727105, -7.123754721110441501, 7.000000000000000000 ) ) ;
#2445 = EDGE_CURVE ( 'NONE', #1708, #1205, #278, .T. ) ;
#2446 = CARTESIAN_POINT ( 'NONE',  ( -9.615881436223883583, -1.611621607104151810, -1.199999999999999956 ) ) ;
#2447 = ORIENTED_EDGE ( 'NONE', *, *, #483, .F. ) ;
#2448 = VECTOR ( 'NONE', #2103, 1000.000000000000000 ) ;
#2449 = EDGE_CURVE ( 'NONE', #461, #2195, #1647, .T. ) ;
#2450 = VECTOR ( 'NONE', #1224, 1000.000000000000000 ) ;
#2451 = CARTESIAN_POINT ( 'NONE',  ( -3.714609627610715670, 9.014664459338561642, 7.000000000000000000 ) ) ;
#2452 = CYLINDRICAL_SURFACE ( 'NONE', #680, 1.999999999999999334 ) ;
#2453 = CIRCLE ( 'NONE', #2411, 3.762221576582364335 ) ;
#2454 = VERTEX_POINT ( 'NONE', #1341 ) ;
#2455 = EDGE_CURVE ( 'NONE', #1709, #1895, #685, .T. ) ;
#2456 = DIRECTION ( 'NONE',  ( -0.000000000000000000, 0.000000000000000000, 1.000000000000000000 ) ) ;
#2457 = DIRECTION ( 'NONE',  ( -0.000000000000000000, -0.000000000000000000, -1.000000000000000000 ) ) ;
#2458 = TOROIDAL_SURFACE ( 'NONE', #4, 1.000000000000000000, 2.000000000000000000 ) ;
#2459 = AXIS2_PLACEMENT_3D ( 'NONE', #2153, #249, #1583 ) ;
#2460 = AXIS2_PLACEMENT_3D ( 'NONE', #2160, #2431, #256 ) ;
#2461 = DIRECTION ( 'NONE',  ( -0.9594929736144992560, 0.2817325568414236758, 0.000000000000000000 ) ) ;
#2462 = VERTEX_POINT ( 'NONE', #2196 ) ;
#2463 = AXIS2_PLACEMENT_3D ( 'NONE', #734, #93, #2600 ) ;
#2464 = CARTESIAN_POINT ( 'NONE',  ( -10.04909972764970050, 2.421008771658812453, -1.199999999999999956 ) ) ;
#2465 = CIRCLE ( 'NONE', #508, 1.000000000000000888 ) ;
#2466 = CARTESIAN_POINT ( 'NONE',  ( -4.728451967219454488, -10.29135985382434448, 7.000000000000000000 ) ) ;
#2467 = ORIENTED_EDGE ( 'NONE', *, *, #2577, .F. ) ;
#2468 = DIRECTION ( 'NONE',  ( 1.000000000000000000, 0.000000000000000000, 0.000000000000000000 ) ) ;
#2469 = ORIENTED_EDGE ( 'NONE', *, *, #408, .F. ) ;
#2470 = DIRECTION ( 'NONE',  ( 0.5238987852240191145, -0.8517805250419836494, 0.000000000000000000 ) ) ;
#2471 = ORIENTED_EDGE ( 'NONE', *, *, #1575, .F. ) ;
#2472 = DIRECTION ( 'NONE',  ( -0.9924798333418586305, 0.1224082530294287041, 0.000000000000000000 ) ) ;
#2473 = CARTESIAN_POINT ( 'NONE',  ( 1.350000000000000089, 1.653273178848926867E-16, 6.099999999999999645 ) ) ;
#2474 = EDGE_CURVE ( 'NONE', #2750, #557, #2145, .T. ) ;
#2475 = CARTESIAN_POINT ( 'NONE',  ( -7.218085806415214023, -6.554520370799629347, 7.000000000000000000 ) ) ;
#2476 = ORIENTED_EDGE ( 'NONE', *, *, #2008, .T. ) ;
#2477 = CYLINDRICAL_SURFACE ( 'NONE', #2507, 3.762221576582363891 ) ;
#2478 = CARTESIAN_POINT ( 'NONE',  ( -9.451552241617092065, -2.393879743007762961, 7.000000000000000000 ) ) ;
#2479 = LINE ( 'NONE', #2071, #692 ) ;
#2480 = ORIENTED_EDGE ( 'NONE', *, *, #1887, .T. ) ;
#2481 = DIRECTION ( 'NONE',  ( -0.000000000000000000, -0.000000000000000000, 1.000000000000000000 ) ) ;
#2482 = ORIENTED_EDGE ( 'NONE', *, *, #2370, .T. ) ;
#2483 = EDGE_CURVE ( 'NONE', #566, #143, #942, .T. ) ;
#2484 = CARTESIAN_POINT ( 'NONE',  ( 5.490717066760613108, 8.060175627687824473, 6.726553348892075235 ) ) ;
#2485 = CARTESIAN_POINT ( 'NONE',  ( 26.40571608081110355, -1.580561067262503006, 3.699999999999999289 ) ) ;
#2486 = CARTESIAN_POINT ( 'NONE',  ( 20.19100440150712217, -9.217541398274450515, 5.000000000000000000 ) ) ;
#2487 = ADVANCED_FACE ( 'NONE', ( #2217 ), #300, .T. ) ;
#2488 = VERTEX_POINT ( 'NONE', #2408 ) ;
#2489 = CARTESIAN_POINT ( 'NONE',  ( -2.963700234361555719, 9.288647959786464625, 7.000000000000000000 ) ) ;
#2490 = LINE ( 'NONE', #1097, #1241 ) ;
#2491 = CARTESIAN_POINT ( 'NONE',  ( 0.000000000000000000, 0.000000000000000000, 7.000000000000000000 ) ) ;
#2492 = ORIENTED_EDGE ( 'NONE', *, *, #1716, .F. ) ;
#2493 = VERTEX_POINT ( 'NONE', #2166 ) ;
#2494 = ORIENTED_EDGE ( 'NONE', *, *, #2169, .F. ) ;
#2495 = CIRCLE ( 'NONE', #1023, 3.762221576582363891 ) ;
#2496 = DIRECTION ( 'NONE',  ( 1.000000000000000000, 0.000000000000000000, 0.000000000000000000 ) ) ;
#2497 = DIRECTION ( 'NONE',  ( -0.000000000000000000, -0.000000000000000000, -1.000000000000000000 ) ) ;
#2498 = EDGE_CURVE ( 'NONE', #1733, #684, #2098, .T. ) ;
#2499 = VECTOR ( 'NONE', #1754, 1000.000000000000000 ) ;
#2500 = VECTOR ( 'NONE', #2501, 1000.000000000000000 ) ;
#2501 = DIRECTION ( 'NONE',  ( -0.000000000000000000, -0.000000000000000000, -1.000000000000000000 ) ) ;
#2502 = ORIENTED_EDGE ( 'NONE', *, *, #846, .T. ) ;
#2503 = CARTESIAN_POINT ( 'NONE',  ( 0.000000000000000000, 0.000000000000000000, 7.000000000000000000 ) ) ;
#2504 = CIRCLE ( 'NONE', #1292, 3.762221576582363447 ) ;
#2505 = AXIS2_PLACEMENT_3D ( 'NONE', #123, #1411, #2269 ) ;
#2506 = DIRECTION ( 'NONE',  ( 0.000000000000000000, 0.000000000000000000, 1.000000000000000000 ) ) ;
#2507 = AXIS2_PLACEMENT_3D ( 'NONE', #1187, #554, #2027 ) ;
#2508 = CIRCLE ( 'NONE', #2057, 3.762221576582363891 ) ;
#2509 = ORIENTED_EDGE ( 'NONE', *, *, #839, .F. ) ;
#2510 = AXIS2_PLACEMENT_3D ( 'NONE', #2696, #1618, #1576 ) ;
#2511 = LINE ( 'NONE', #2295, #735 ) ;
#2512 = ORIENTED_EDGE ( 'NONE', *, *, #751, .F. ) ;
#2513 = ORIENTED_EDGE ( 'NONE', *, *, #1236, .F. ) ;
#2514 = CARTESIAN_POINT ( 'NONE',  ( 20.19100440150712217, -9.217541398274450515, -7.189633005253134534 ) ) ;
#2515 = DIRECTION ( 'NONE',  ( 0.1423148382732820072, 0.9898214418809331283, 0.000000000000000000 ) ) ;
#2516 = APPROVAL_PERSON_ORGANIZATION ( #939, #1844, #1529 ) ;
#2517 = FACE_OUTER_BOUND ( 'NONE', #2206, .T. ) ;
#2518 = EDGE_LOOP ( 'NONE', ( #87, #1637, #1534, #504 ) ) ;
#2519 = DIRECTION ( 'NONE',  ( 0.9594929736144972576, 0.2817325568414301151, 0.000000000000000000 ) ) ;
#2520 = EDGE_CURVE ( 'NONE', #1462, #1238, #1111, .T. ) ;
#2521 = FACE_OUTER_BOUND ( 'NONE', #2529, .T. ) ;
#2522 = FACE_OUTER_BOUND ( 'NONE', #1408, .T. ) ;
#2523 = ORIENTED_EDGE ( 'NONE', *, *, #764, .F. ) ;
#2524 = ADVANCED_FACE ( 'NONE', ( #1354 ), #2647, .T. ) ;
#2525 = FACE_OUTER_BOUND ( 'NONE', #689, .T. ) ;
#2526 = CARTESIAN_POINT ( 'NONE',  ( 22.65182117412830465, -2.804643597556788492, -8.000000000000003553 ) ) ;
#2527 = DIRECTION ( 'NONE',  ( -0.000000000000000000, 0.000000000000000000, 1.000000000000000000 ) ) ;
#2528 = CARTESIAN_POINT ( 'NONE',  ( 23.00811172251783177, 6.778212569193794224, 2.381241759923902634 ) ) ;
#2529 = EDGE_LOOP ( 'NONE', ( #2396, #1376 ) ) ;
#2530 = DIRECTION ( 'NONE',  ( -0.000000000000000000, 0.000000000000000000, 1.000000000000000000 ) ) ;
#2531 = CARTESIAN_POINT ( 'NONE',  ( -5.316835701505224776, 10.75784635153335245, 7.000000000000000000 ) ) ;
#2532 = ADVANCED_FACE ( 'NONE', ( #701 ), #525, .T. ) ;
#2533 = CARTESIAN_POINT ( 'NONE',  ( 0.000000000000000000, 0.000000000000000000, 7.000000000000000000 ) ) ;
#2534 = ORIENTED_EDGE ( 'NONE', *, *, #2156, .F. ) ;
#2535 = ORIENTED_EDGE ( 'NONE', *, *, #682, .F. ) ;
#2536 = DIRECTION ( 'NONE',  ( -0.000000000000000000, -0.000000000000000000, 1.000000000000000000 ) ) ;
#2537 = DIRECTION ( 'NONE',  ( 0.000000000000000000, 0.000000000000000000, 1.000000000000000000 ) ) ;
#2538 = CIRCLE ( 'NONE', #2633, 13.67869324010137788 ) ;
#2539 = EDGE_CURVE ( 'NONE', #922, #37, #782, .T. ) ;
#2540 = CARTESIAN_POINT ( 'NONE',  ( 24.24405114192533262, 5.803905046958967695, 3.402510467782694281 ) ) ;
#2541 = ORIENTED_EDGE ( 'NONE', *, *, #716, .T. ) ;
#2542 = AXIS2_PLACEMENT_3D ( 'NONE', #2028, #264, #912 ) ;
#2543 = DIRECTION ( 'NONE',  ( -0.000000000000000000, -0.000000000000000000, 1.000000000000000000 ) ) ;
#2544 = AXIS2_PLACEMENT_3D ( 'NONE', #1149, #741, #2618 ) ;
#2545 = CARTESIAN_POINT ( 'NONE',  ( -4.728451967219454488, -10.29135985382434448, -1.199999999999999956 ) ) ;
#2546 = AXIS2_PLACEMENT_3D ( 'NONE', #2135, #1084, #9 ) ;
#2547 = CIRCLE ( 'NONE', #1251, 12.00000000000000533 ) ;
#2548 = DIRECTION ( 'NONE',  ( -0.000000000000000000, 0.000000000000000000, 1.000000000000000000 ) ) ;
#2549 = AXIS2_PLACEMENT_3D ( 'NONE', #1978, #1998, #727 ) ;
#2550 = CC_DESIGN_PERSON_AND_ORGANIZATION_ASSIGNMENT ( #2007, #102, ( #866 ) ) ;
#2551 = DIRECTION ( 'NONE',  ( 0.000000000000000000, 0.000000000000000000, 1.000000000000000000 ) ) ;
#2552 = ORIENTED_EDGE ( 'NONE', *, *, #1399, .F. ) ;
#2553 = EDGE_LOOP ( 'NONE', ( #2012, #68, #1100, #191 ) ) ;
#2554 = CYLINDRICAL_SURFACE ( 'NONE', #130, 13.67869324010138143 ) ;
#2555 = DIRECTION ( 'NONE',  ( -0.000000000000000000, -0.000000000000000000, -1.000000000000000000 ) ) ;
#2556 = DIRECTION ( 'NONE',  ( 1.000000000000000000, 0.000000000000000000, 0.000000000000000000 ) ) ;
#2557 = ORIENTED_EDGE ( 'NONE', *, *, #1095, .F. ) ;
#2558 = EDGE_CURVE ( 'NONE', #1101, #1178, #2375, .T. ) ;
#2559 = DIRECTION ( 'NONE',  ( 1.000000000000000000, 0.000000000000000000, 0.000000000000000000 ) ) ;
#2560 = FACE_OUTER_BOUND ( 'NONE', #714, .T. ) ;
#2561 = ORIENTED_EDGE ( 'NONE', *, *, #528, .F. ) ;
#2562 = FACE_OUTER_BOUND ( 'NONE', #39, .T. ) ;
#2563 = DIRECTION ( 'NONE',  ( -1.000000000000000000, 0.000000000000000000, 0.000000000000000000 ) ) ;
#2564 = EDGE_LOOP ( 'NONE', ( #1166, #290, #503, #1005 ) ) ;
#2565 = ORIENTED_EDGE ( 'NONE', *, *, #2210, .F. ) ;
#2566 = DIRECTION ( 'NONE',  ( -0.000000000000000000, -0.000000000000000000, 1.000000000000000000 ) ) ;
#2567 = LINE ( 'NONE', #2129, #907 ) ;
#2568 = DIRECTION ( 'NONE',  ( -0.1423148382732887796, 0.9898214418809321291, 0.000000000000000000 ) ) ;
#2569 = ADVANCED_FACE ( 'NONE', ( #1434 ), #2477, .T. ) ;
#2570 = FACE_OUTER_BOUND ( 'NONE', #1055, .T. ) ;
#2571 = ORIENTED_EDGE ( 'NONE', *, *, #2224, .F. ) ;
#2572 = PERSON_AND_ORGANIZATION_ROLE ( 'design_owner' ) ;
#2573 = EDGE_CURVE ( 'NONE', #1660, #704, #1694, .T. ) ;
#2574 = DIRECTION ( 'NONE',  ( -1.000000000000000000, 0.000000000000000000, 0.000000000000000000 ) ) ;
#2575 = VERTEX_POINT ( 'NONE', #1416 ) ;
#2576 = DIRECTION ( 'NONE',  ( -0.000000000000000000, 0.000000000000000000, 1.000000000000000000 ) ) ;
#2577 = EDGE_CURVE ( 'NONE', #1717, #2428, #817, .T. ) ;
#2578 = CARTESIAN_POINT ( 'NONE',  ( -7.144944486281366913, 7.469635673622618377, -1.199999999999999956 ) ) ;
#2579 = EDGE_LOOP ( 'NONE', ( #313, #726, #462, #1574 ) ) ;
#2580 = VERTEX_POINT ( 'NONE', #2038 ) ;
#2581 = DIRECTION ( 'NONE',  ( -0.9594929736144992560, 0.2817325568414236758, 0.000000000000000000 ) ) ;
#2582 = FACE_OUTER_BOUND ( 'NONE', #493, .T. ) ;
#2583 = CARTESIAN_POINT ( 'NONE',  ( 0.000000000000000000, 0.000000000000000000, 7.000000000000000000 ) ) ;
#2584 = CARTESIAN_POINT ( 'NONE',  ( 31.74772410894415131, 2.789910818712262319, 3.700000000000000178 ) ) ;
#2585 = VERTEX_POINT ( 'NONE', #1596 ) ;
#2586 = EDGE_CURVE ( 'NONE', #2673, #1126, #1865, .T. ) ;
#2587 = SHAPE_DEFINITION_REPRESENTATION ( #1464, #2398 ) ;
#2588 = TOROIDAL_SURFACE ( 'NONE', #1504, 11.67869324010137788, 2.000000000000000000 ) ;
#2589 = CARTESIAN_POINT ( 'NONE',  ( -10.28893766292894085, 6.175577848943564874, 7.000000000000000000 ) ) ;
#2590 = ORIENTED_EDGE ( 'NONE', *, *, #2025, .T. ) ;
#2591 = CARTESIAN_POINT ( 'NONE',  ( 21.82292577552556168, 4.013993349006550027, 5.000000000000000000 ) ) ;
#2592 = AXIS2_PLACEMENT_3D ( 'NONE', #2069, #608, #147 ) ;
#2593 = AXIS2_PLACEMENT_3D ( 'NONE', #1566, #121, #1815 ) ;
#2594 = AXIS2_PLACEMENT_3D ( 'NONE', #1821, #996, #1442 ) ;
#2595 = ORIENTED_EDGE ( 'NONE', *, *, #2261, .F. ) ;
#2596 = ORIENTED_EDGE ( 'NONE', *, *, #1121, .T. ) ;
#2597 = VECTOR ( 'NONE', #1809, 1000.000000000000000 ) ;
#2598 = AXIS2_PLACEMENT_3D ( 'NONE', #1049, #210, #676 ) ;
#2599 = DIRECTION ( 'NONE',  ( -0.000000000000000000, 0.000000000000000000, 1.000000000000000000 ) ) ;
#2600 = DIRECTION ( 'NONE',  ( 1.000000000000000000, 0.000000000000000000, 0.000000000000000000 ) ) ;
#2601 = CIRCLE ( 'NONE', #948, 3.762221576582363891 ) ;
#2602 = VECTOR ( 'NONE', #973, 1000.000000000000000 ) ;
#2603 = LINE ( 'NONE', #697, #412 ) ;
#2604 = ORIENTED_EDGE ( 'NONE', *, *, #2416, .T. ) ;
#2605 = DATE_TIME_ROLE ( 'classification_date' ) ;
#2606 = DIRECTION ( 'NONE',  ( -0.000000000000000000, -0.000000000000000000, -1.000000000000000000 ) ) ;
#2607 = ORIENTED_EDGE ( 'NONE', *, *, #1181, .F. ) ;
#2608 = DIRECTION ( 'NONE',  ( -1.000000000000000000, 0.000000000000000000, 0.000000000000000000 ) ) ;
#2609 = EDGE_CURVE ( 'NONE', #1147, #2044, #234, .T. ) ;
#2610 = EDGE_LOOP ( 'NONE', ( #2513, #809, #2434, #1533 ) ) ;
#2611 = ORIENTED_EDGE ( 'NONE', *, *, #181, .T. ) ;
#2612 = CYLINDRICAL_SURFACE ( 'NONE', #807, 2.000000000000000444 ) ;
#2613 = EDGE_CURVE ( 'NONE', #1531, #385, #861, .T. ) ;
#2614 = CARTESIAN_POINT ( 'NONE',  ( 29.99339448189627078, -11.43410376191059363, 1.700000000000000178 ) ) ;
#2615 = DIRECTION ( 'NONE',  ( 1.000000000000000000, 0.000000000000000000, 0.000000000000000000 ) ) ;
#2616 = ORIENTED_EDGE ( 'NONE', *, *, #889, .F. ) ;
#2617 = CALENDAR_DATE ( 2026, 15, 9 ) ;
#2618 = DIRECTION ( 'NONE',  ( 1.000000000000000000, 0.000000000000000000, -0.000000000000000000 ) ) ;
#2619 = VERTEX_POINT ( 'NONE', #2729 ) ;
#2620 = CYLINDRICAL_SURFACE ( 'NONE', #2220, 3.762221576582363891 ) ;
#2621 = DIRECTION ( 'NONE',  ( -0.000000000000000000, 0.000000000000000000, 1.000000000000000000 ) ) ;
#2622 = ORIENTED_EDGE ( 'NONE', *, *, #546, .F. ) ;
#2623 = ORIENTED_EDGE ( 'NONE', *, *, #1879, .T. ) ;
#2624 = ADVANCED_FACE ( 'NONE', ( #380 ), #2081, .T. ) ;
#2625 = CARTESIAN_POINT ( 'NONE',  ( -3.714609627610714782, 9.014664459338559865, 7.000000000000000000 ) ) ;
#2626 = DIRECTION ( 'NONE',  ( -0.000000000000000000, -0.000000000000000000, -1.000000000000000000 ) ) ;
#2627 = EDGE_LOOP ( 'NONE', ( #161, #666, #1056, #2017 ) ) ;
#2628 = EDGE_CURVE ( 'NONE', #1499, #677, #947, .T. ) ;
#2629 = PERSON_AND_ORGANIZATION_ROLE ( 'creator' ) ;
#2630 = CARTESIAN_POINT ( 'NONE',  ( -2.277266001350169322, 10.08264590114086801, -1.199999999999999956 ) ) ;
#2631 = EDGE_LOOP ( 'NONE', ( #89, #2607, #285, #1448, #489 ) ) ;
#2632 = DIRECTION ( 'NONE',  ( 1.000000000000000000, 0.000000000000000000, 0.000000000000000000 ) ) ;
#2633 = AXIS2_PLACEMENT_3D ( 'NONE', #208, #1903, #1860 ) ;
#2634 = ORIENTED_EDGE ( 'NONE', *, *, #1201, .T. ) ;
#2635 = ORIENTED_EDGE ( 'NONE', *, *, #1954, .F. ) ;
#2636 = TOROIDAL_SURFACE ( 'NONE', #272, 11.67869324010138143, 2.000000000000000000 ) ;
#2637 = CARTESIAN_POINT ( 'NONE',  ( 34.30306568407009848, 4.361607174384313446, -8.000000000000003553 ) ) ;
#2638 = AXIS2_PLACEMENT_3D ( 'NONE', #2681, #2456, #548 ) ;
#2639 = CARTESIAN_POINT ( 'NONE',  ( -0.9396887889627169033, -7.618948474321546094, 5.000000000000000000 ) ) ;
#2640 = CIRCLE ( 'NONE', #185, 9.750000000000000000 ) ;
#2641 = AXIS2_PLACEMENT_3D ( 'NONE', #1572, #906, #2608 ) ;
#2642 = LINE ( 'NONE', #100, #774 ) ;
#2643 = PERSON_AND_ORGANIZATION ( #297, #914 ) ;
#2644 = AXIS2_PLACEMENT_3D ( 'NONE', #2324, #808, #1013 ) ;
#2645 = DIRECTION ( 'NONE',  ( 0.9924798333418586305, -0.1224082530294282045, 0.000000000000000000 ) ) ;
#2646 = ORIENTED_EDGE ( 'NONE', *, *, #1218, .T. ) ;
#2647 = CYLINDRICAL_SURFACE ( 'NONE', #2641, 3.762221576582363003 ) ;
#2648 = SECURITY_CLASSIFICATION ( '', '', #723 ) ;
#2649 = ORIENTED_EDGE ( 'NONE', *, *, #2404, .F. ) ;
#2650 = DIRECTION ( 'NONE',  ( 1.000000000000000000, 0.000000000000000000, 0.000000000000000000 ) ) ;
#2651 = DIRECTION ( 'NONE',  ( -0.000000000000000000, -0.000000000000000000, -1.000000000000000000 ) ) ;
#2652 = LINE ( 'NONE', #2212, #2132 ) ;
#2653 = CARTESIAN_POINT ( 'NONE',  ( 0.9370490911145917812, 7.597545939643173263, 3.700000000000000178 ) ) ;
#2654 = DIRECTION ( 'NONE',  ( -0.000000000000000000, 0.000000000000000000, 1.000000000000000000 ) ) ;
#2655 = ADVANCED_FACE ( 'NONE', ( #169 ), #1405, .T. ) ;
#2656 = DIRECTION ( 'NONE',  ( 0.000000000000000000, -0.000000000000000000, -1.000000000000000000 ) ) ;
#2657 = ORIENTED_EDGE ( 'NONE', *, *, #721, .T. ) ;
#2658 = CARTESIAN_POINT ( 'NONE',  ( 0.6555888821085128493, 10.31580787075611561, 7.000000000000000000 ) ) ;
#2659 = EDGE_CURVE ( 'NONE', #1206, #1540, #1297, .T. ) ;
#2660 = CARTESIAN_POINT ( 'NONE',  ( 30.11580273492570115, -10.44162392856873822, -1.199999999999999956 ) ) ;
#2661 = ORIENTED_EDGE ( 'NONE', *, *, #2159, .F. ) ;
#2662 = EDGE_CURVE ( 'NONE', #1709, #1654, #1032, .T. ) ;
#2663 = CYLINDRICAL_SURFACE ( 'NONE', #950, 12.00000000000000178 ) ;
#2664 = CARTESIAN_POINT ( 'NONE',  ( 22.67470630056754288, 4.537892134230569141, 5.000000000000000000 ) ) ;
#2665 = DIRECTION ( 'NONE',  ( -0.000000000000000000, -0.000000000000000000, -1.000000000000000000 ) ) ;
#2666 = CARTESIAN_POINT ( 'NONE',  ( 2.207910913746632620, -9.499429870769134254, 6.349064479348165868 ) ) ;
#2667 = DIRECTION ( 'NONE',  ( 1.000000000000000000, 0.000000000000000000, 0.000000000000000000 ) ) ;
#2668 = EDGE_CURVE ( 'NONE', #149, #162, #1627, .T. ) ;
#2669 = CARTESIAN_POINT ( 'NONE',  ( 22.19015053461384213, 6.991432849032125141, -44.17337122566542718 ) ) ;
#2670 = ORIENTED_EDGE ( 'NONE', *, *, #303, .F. ) ;
#2671 = DIRECTION ( 'NONE',  ( 1.000000000000000000, 0.000000000000000000, 0.000000000000000000 ) ) ;
#2672 = CARTESIAN_POINT ( 'NONE',  ( -0.9662303906370903750, -10.29135985382434448, 7.000000000000000000 ) ) ;
#2673 = VERTEX_POINT ( 'NONE', #2489 ) ;
#2674 = AXIS2_PLACEMENT_3D ( 'NONE', #2660, #1306, #672 ) ;
#2675 = DIRECTION ( 'NONE',  ( -1.000000000000000000, 0.000000000000000000, 0.000000000000000000 ) ) ;
#2676 = EDGE_CURVE ( 'NONE', #2149, #2302, #579, .T. ) ;
#2677 = ORIENTED_EDGE ( 'NONE', *, *, #111, .F. ) ;
#2678 = EDGE_CURVE ( 'NONE', #238, #1238, #1741, .T. ) ;
#2679 = CARTESIAN_POINT ( 'NONE',  ( -4.751084474448957096, 9.180026422911224060, 7.000000000000000000 ) ) ;
#2680 = AXIS2_PLACEMENT_3D ( 'NONE', #2630, #1996, #1530 ) ;
#2681 = CARTESIAN_POINT ( 'NONE',  ( 0.000000000000000000, 0.000000000000000000, -1.199999999999999956 ) ) ;
#2682 = CARTESIAN_POINT ( 'NONE',  ( 2.528598933626910572, 9.416405228794102911, -44.17337122566542718 ) ) ;
#2683 = CIRCLE ( 'NONE', #1690, 9.750000000000000000 ) ;
#2684 = AXIS2_PLACEMENT_3D ( 'NONE', #1765, #719, #1552 ) ;
#2685 = AXIS2_PLACEMENT_3D ( 'NONE', #1750, #743, #106 ) ;
#2686 = CIRCLE ( 'NONE', #141, 3.762221576582363891 ) ;
#2687 = CARTESIAN_POINT ( 'NONE',  ( 0.000000000000000000, 0.000000000000000000, 6.099999999999999645 ) ) ;
#2688 = ORIENTED_EDGE ( 'NONE', *, *, #2111, .T. ) ;
#2689 = AXIS2_PLACEMENT_3D ( 'NONE', #795, #1629, #2239 ) ;
#2690 = DIRECTION ( 'NONE',  ( -0.1423148382732887796, 0.9898214418809321291, 0.000000000000000000 ) ) ;
#2691 = CC_DESIGN_PERSON_AND_ORGANIZATION_ASSIGNMENT ( #832, #2572, ( #1896 ) ) ;
#2692 = CIRCLE ( 'NONE', #994, 3.762221576582363003 ) ;
#2693 = CARTESIAN_POINT ( 'NONE',  ( 0.000000000000000000, 0.000000000000000000, -1.199999999999999956 ) ) ;
#2694 = EDGE_CURVE ( 'NONE', #1762, #1161, #2322, .T. ) ;
#2695 = LOCAL_TIME ( 11, 1, 13.00000000000000000, #679 ) ;
#2696 = CARTESIAN_POINT ( 'NONE',  ( 30.11580273492570115, -10.44162392856873822, 3.700000000000000178 ) ) ;
#2697 = ORIENTED_EDGE ( 'NONE', *, *, #2586, .T. ) ;
#2698 = CARTESIAN_POINT ( 'NONE',  ( 31.74772410894415131, 2.789910818712262319, -8.000000000000003553 ) ) ;
#2699 = EDGE_CURVE ( 'NONE', #2390, #1585, #2744, .T. ) ;
#2700 = ORIENTED_EDGE ( 'NONE', *, *, #2483, .F. ) ;
#2701 = CARTESIAN_POINT ( 'NONE',  ( 2.645632767627428272, 9.384290224435973826, 5.267731282003603965 ) ) ;
#2702 = CARTESIAN_POINT ( 'NONE',  ( 19.82377964241884172, -12.19498089830002741, 1.700000000000000178 ) ) ;
#2703 = DIRECTION ( 'NONE',  ( -1.000000000000000000, 0.000000000000000000, 0.000000000000000000 ) ) ;
#2704 = ORIENTED_EDGE ( 'NONE', *, *, #597, .T. ) ;
#2705 = DIRECTION ( 'NONE',  ( -1.000000000000000000, 0.000000000000000000, 0.000000000000000000 ) ) ;
#2706 = DIRECTION ( 'NONE',  ( 0.9924798333418586305, -0.1224082530294285237, 0.000000000000000000 ) ) ;
#2707 = EDGE_CURVE ( 'NONE', #2585, #2060, #1296, .T. ) ;
#2708 = CYLINDRICAL_SURFACE ( 'NONE', #2689, 12.00000000000000178 ) ;
#2709 = ORIENTED_EDGE ( 'NONE', *, *, #2609, .T. ) ;
#2710 = VERTEX_POINT ( 'NONE', #876 ) ;
#2711 = CARTESIAN_POINT ( 'NONE',  ( 3.938612365804229132, 8.929217739781122987, 6.096973815680886588 ) ) ;
#2712 = LINE ( 'NONE', #377, #1131 ) ;
#2713 = DIRECTION ( 'NONE',  ( -0.1423148382732887240, 0.9898214418809322401, 0.000000000000000000 ) ) ;
#2714 = ORIENTED_EDGE ( 'NONE', *, *, #2309, .T. ) ;
#2715 = EDGE_CURVE ( 'NONE', #1619, #750, #1261, .T. ) ;
#2716 = EDGE_CURVE ( 'NONE', #1831, #62, #183, .T. ) ;
#2717 = DIRECTION ( 'NONE',  ( 0.000000000000000000, 0.000000000000000000, 1.000000000000000000 ) ) ;
#2718 = CARTESIAN_POINT ( 'NONE',  ( -5.316835701505224776, 10.75784635153335245, 7.000000000000000000 ) ) ;
#2719 = CARTESIAN_POINT ( 'NONE',  ( 22.10467381218492378, -11.54208405205795884, 3.402512511276078122 ) ) ;
#2720 = VERTEX_POINT ( 'NONE', #664 ) ;
#2721 = ORIENTED_EDGE ( 'NONE', *, *, #1902, .T. ) ;
#2722 = CIRCLE ( 'NONE', #1682, 2.000000000000000888 ) ;
#2723 = DIRECTION ( 'NONE',  ( 0.8412535328311805394, 0.5406408174555986657, 0.000000000000000000 ) ) ;
#2724 = CARTESIAN_POINT ( 'NONE',  ( 0.000000000000000000, 0.000000000000000000, 7.000000000000000000 ) ) ;
#2725 = EDGE_CURVE ( 'NONE', #2619, #385, #616, .T. ) ;
#2726 = VECTOR ( 'NONE', #2362, 1000.000000000000000 ) ;
#2727 = CYLINDRICAL_SURFACE ( 'NONE', #2594, 3.762221576582363003 ) ;
#2728 = ORIENTED_EDGE ( 'NONE', *, *, #1778, .T. ) ;
#2729 = CARTESIAN_POINT ( 'NONE',  ( -9.615881436223880030, -1.611621607104151366, 7.000000000000000000 ) ) ;
#2730 = AXIS2_PLACEMENT_3D ( 'NONE', #789, #1793, #2496 ) ;
#2731 = AXIS2_PLACEMENT_3D ( 'NONE', #1018, #1611, #1838 ) ;
#2732 = ADVANCED_FACE ( 'NONE', ( #1257 ), #1473, .F. ) ;
#2733 = CARTESIAN_POINT ( 'NONE',  ( -10.04909972764970050, 2.421008771658812453, 7.000000000000000000 ) ) ;
#2734 = VECTOR ( 'NONE', #1823, 1000.000000000000000 ) ;
#2735 = AXIS2_PLACEMENT_3D ( 'NONE', #602, #19, #1712 ) ;
#2736 = CYLINDRICAL_SURFACE ( 'NONE', #144, 12.00000000000000178 ) ;
#2737 = ORIENTED_EDGE ( 'NONE', *, *, #833, .F. ) ;
#2738 = ORIENTED_EDGE ( 'NONE', *, *, #117, .F. ) ;
#2739 = DIRECTION ( 'NONE',  ( -0.000000000000000000, -0.000000000000000000, 1.000000000000000000 ) ) ;
#2740 = DIRECTION ( 'NONE',  ( -0.000000000000000000, -0.000000000000000000, -1.000000000000000000 ) ) ;
#2741 = DIRECTION ( 'NONE',  ( 1.000000000000000000, 0.000000000000000000, 0.000000000000000000 ) ) ;
#2742 = ORIENTED_EDGE ( 'NONE', *, *, #816, .F. ) ;
#2743 = EDGE_CURVE ( 'NONE', #1152, #237, #1456, .T. ) ;
#2744 = LINE ( 'NONE', #1485, #740 ) ;
#2745 = DIRECTION ( 'NONE',  ( -1.000000000000000000, 0.000000000000000000, -0.000000000000000000 ) ) ;
#2746 = ORIENTED_EDGE ( 'NONE', *, *, #423, .F. ) ;
#2747 = FACE_OUTER_BOUND ( 'NONE', #356, .T. ) ;
#2748 = EDGE_CURVE ( 'NONE', #1338, #1544, #1239, .T. ) ;
#2749 = CARTESIAN_POINT ( 'NONE',  ( 21.29764941838881143, -12.01454925619887248, 2.858202849369059884 ) ) ;
#2750 = VERTEX_POINT ( 'NONE', #1270 ) ;
#2751 = EDGE_CURVE ( 'NONE', #1143, #2044, #998, .T. ) ;
#2752 = CARTESIAN_POINT ( 'NONE',  ( 22.28788500093330782, -11.36302310450036579, 3.499567689187685460 ) ) ;
#2753 = CARTESIAN_POINT ( 'NONE',  ( 22.65182117412830465, -2.804643597556788492, -1.199999999999999956 ) ) ;
#2754 = DIRECTION ( 'NONE',  ( 0.000000000000000000, 0.000000000000000000, 1.000000000000000000 ) ) ;
#2755 = EDGE_LOOP ( 'NONE', ( #430, #514, #1210, #2480 ) ) ;
#2756 = CC_DESIGN_DATE_AND_TIME_ASSIGNMENT ( #75, #2605, ( #2648 ) ) ;
#2757 = DIRECTION ( 'NONE',  ( 1.000000000000000000, 0.000000000000000000, 0.000000000000000000 ) ) ;
#2758 = CARTESIAN_POINT ( 'NONE',  ( 20.19100440150712217, -9.217541398274450515, 5.000000000000000000 ) ) ;
#2759 = CARTESIAN_POINT ( 'NONE',  ( 19.82377964241884172, -12.19498089830002741, 1.700000000000000178 ) ) ;
#2760 = ORIENTED_EDGE ( 'NONE', *, *, #2293, .F. ) ;
#2761 = ORIENTED_EDGE ( 'NONE', *, *, #2699, .T. ) ;
#2762 = CYLINDRICAL_SURFACE ( 'NONE', #1374, 9.750000000000000000 ) ;
#2763 = EDGE_CURVE ( 'NONE', #750, #1619, #556, .T. ) ;
#2764 = CYLINDRICAL_SURFACE ( 'NONE', #366, 13.67869324010138143 ) ;
#2765 = CIRCLE ( 'NONE', #624, 3.762221576582363891 ) ;
#2766 = CYLINDRICAL_SURFACE ( 'NONE', #1870, 3.762221576582363003 ) ;
ENDSEC;
END-ISO-10303-21;
