ISO-10303-21;
HEADER;
FILE_DESCRIPTION (( 'STEP AP203' ),
    '1' );
FILE_NAME ('柔性夹爪1.STEP',
    '2026-09-15T03:00:51',
    ( '' ),
    ( '' ),
    'SwSTEP 2.0',
    'SolidWorks 2021',
    '' );
FILE_SCHEMA (( 'CONFIG_CONTROL_DESIGN' ));
ENDSEC;

DATA;
#1 = ORIENTED_EDGE ( 'NONE', *, *, #1410, .F. ) ;
#2 = ADVANCED_FACE ( 'NONE', ( #1518 ), #1770, .T. ) ;
#3 = AXIS2_PLACEMENT_3D ( 'NONE', #585, #1665, #2726 ) ;
#4 = VERTEX_POINT ( 'NONE', #3371 ) ;
#5 = VECTOR ( 'NONE', #739, 1000.000000000000000 ) ;
#6 = DIRECTION ( 'NONE',  ( -0.000000000000000000, -0.000000000000000000, -1.000000000000000000 ) ) ;
#7 = ORIENTED_EDGE ( 'NONE', *, *, #3484, .F. ) ;
#8 = AXIS2_PLACEMENT_3D ( 'NONE', #1539, #480, #740 ) ;
#9 = ORIENTED_EDGE ( 'NONE', *, *, #1052, .T. ) ;
#10 = AXIS2_PLACEMENT_3D ( 'NONE', #1869, #1609, #1854 ) ;
#11 = ADVANCED_FACE ( 'NONE', ( #713 ), #2325, .T. ) ;
#12 = CIRCLE ( 'NONE', #2157, 13.88281249999999467 ) ;
#13 = AXIS2_PLACEMENT_3D ( 'NONE', #126, #2240, #1229 ) ;
#14 = DIRECTION ( 'NONE',  ( 0.000000000000000000, 0.000000000000000000, 1.000000000000000000 ) ) ;
#15 = AXIS2_PLACEMENT_3D ( 'NONE', #2435, #3200, #2922 ) ;
#16 = CARTESIAN_POINT ( 'NONE',  ( 0.000000000000000000, 0.000000000000000000, 7.000000000000000000 ) ) ;
#17 = CIRCLE ( 'NONE', #3407, 12.00000000000000178 ) ;
#18 = CYLINDRICAL_SURFACE ( 'NONE', #2320, 3.762221576582363003 ) ;
#19 = CARTESIAN_POINT ( 'NONE',  ( -3.826502395702260806, -9.602268910230696619, 7.000000000000000000 ) ) ;
#20 = ORIENTED_EDGE ( 'NONE', *, *, #1265, .F. ) ;
#21 = CIRCLE ( 'NONE', #2716, 13.88281249999999112 ) ;
#22 = DIRECTION ( 'NONE',  ( -0.000000000000000000, 0.000000000000000000, 1.000000000000000000 ) ) ;
#23 = AXIS2_PLACEMENT_3D ( 'NONE', #858, #1934, #3003 ) ;
#24 = CARTESIAN_POINT ( 'NONE',  ( 0.000000000000000000, 0.000000000000000000, 7.000000000000000000 ) ) ;
#25 = CARTESIAN_POINT ( 'NONE',  ( 0.000000000000000000, 0.000000000000000000, 7.000000000000000000 ) ) ;
#26 = EDGE_CURVE ( 'NONE', #1060, #2881, #2583, .T. ) ;
#27 = VERTEX_POINT ( 'NONE', #692 ) ;
#28 = ORIENTED_EDGE ( 'NONE', *, *, #391, .T. ) ;
#29 = ADVANCED_FACE ( 'NONE', ( #2570 ), #2829, .T. ) ;
#30 = FACE_OUTER_BOUND ( 'NONE', #1795, .T. ) ;
#31 = DIRECTION ( 'NONE',  ( 1.000000000000000000, 0.000000000000000000, 0.000000000000000000 ) ) ;
#32 = CARTESIAN_POINT ( 'NONE',  ( 0.5386289757454962857, 11.98790552292131650, 7.000000000000000000 ) ) ;
#33 = CARTESIAN_POINT ( 'NONE',  ( -10.32411757120621232, -0.5082176547595769200, 7.000000000000000000 ) ) ;
#34 = CARTESIAN_POINT ( 'NONE',  ( 6.190807737185116011, -11.03940974216311233, -1.100000000000000089 ) ) ;
#35 = VERTEX_POINT ( 'NONE', #2051 ) ;
#36 = FACE_BOUND ( 'NONE', #3305, .T. ) ;
#37 = CARTESIAN_POINT ( 'NONE',  ( -7.515045518445488959, 6.211810593996919039, 7.000000000000000000 ) ) ;
#38 = EDGE_CURVE ( 'NONE', #2440, #1179, #564, .T. ) ;
#39 = DIRECTION ( 'NONE',  ( -0.000000000000000000, -0.000000000000000000, 1.000000000000000000 ) ) ;
#40 = ORIENTED_EDGE ( 'NONE', *, *, #1754, .T. ) ;
#41 = EDGE_LOOP ( 'NONE', ( #3026, #1752 ) ) ;
#42 = ADVANCED_FACE ( 'NONE', ( #605 ), #284, .T. ) ;
#43 = FACE_OUTER_BOUND ( 'NONE', #667, .T. ) ;
#44 = CARTESIAN_POINT ( 'NONE',  ( -6.039487577932532325, 10.08264590114086801, 7.000000000000000000 ) ) ;
#45 = EDGE_CURVE ( 'NONE', #1152, #759, #1088, .T. ) ;
#46 = CARTESIAN_POINT ( 'NONE',  ( 11.42879593039923236, -2.083667197862063780, 7.000000000000000000 ) ) ;
#47 = CYLINDRICAL_SURFACE ( 'NONE', #3156, 1.750000000000005107 ) ;
#48 = CARTESIAN_POINT ( 'NONE',  ( 3.528369409954323466, -10.55400117921681691, -0.5803023197247808573 ) ) ;
#49 = ORIENTED_EDGE ( 'NONE', *, *, #778, .T. ) ;
#50 = EDGE_CURVE ( 'NONE', #1830, #2482, #2875, .T. ) ;
#51 = DIRECTION ( 'NONE',  ( -1.000000000000000000, 0.000000000000000000, 0.000000000000000000 ) ) ;
#52 = CARTESIAN_POINT ( 'NONE',  ( 8.000000000000339284, 3.395909370058713179E-13, 0.000000000000000000 ) ) ;
#53 = ORIENTED_EDGE ( 'NONE', *, *, #317, .T. ) ;
#54 = DIRECTION ( 'NONE',  ( 0.1423148382732818684, 0.9898214418809332393, 0.000000000000000000 ) ) ;
#55 = CARTESIAN_POINT ( 'NONE',  ( 27.91600288281819076, -15.00028862807446295, 1.800000000000002931 ) ) ;
#56 = EDGE_LOOP ( 'NONE', ( #89, #651, #57, #1901 ) ) ;
#57 = ORIENTED_EDGE ( 'NONE', *, *, #26, .F. ) ;
#58 = AXIS2_PLACEMENT_3D ( 'NONE', #3143, #3479, #3182 ) ;
#59 = AXIS2_PLACEMENT_3D ( 'NONE', #1904, #1117, #2152 ) ;
#60 = CIRCLE ( 'NONE', #3045, 1.050000000000504530 ) ;
#61 = FACE_BOUND ( 'NONE', #2524, .T. ) ;
#62 = DIRECTION ( 'NONE',  ( -0.000000000000000000, -0.000000000000000000, -1.000000000000000000 ) ) ;
#63 = AXIS2_PLACEMENT_3D ( 'NONE', #2027, #894, #934 ) ;
#64 = CYLINDRICAL_SURFACE ( 'NONE', #2150, 1.050000000000524514 ) ;
#65 = TOROIDAL_SURFACE ( 'NONE', #980, 6.000000000000000000, 0.5000000000000000000 ) ;
#66 = DIRECTION ( 'NONE',  ( 0.000000000000000000, -0.000000000000000000, -1.000000000000000000 ) ) ;
#67 = ADVANCED_FACE ( 'NONE', ( #1790 ), #2012, .T. ) ;
#68 = ORIENTED_EDGE ( 'NONE', *, *, #2228, .T. ) ;
#69 = VECTOR ( 'NONE', #1036, 1000.000000000000000 ) ;
#70 = CARTESIAN_POINT ( 'NONE',  ( 0.000000000000000000, 0.000000000000000000, 7.000000000000000000 ) ) ;
#71 = CARTESIAN_POINT ( 'NONE',  ( 0.000000000000000000, 0.000000000000000000, 7.000000000000000000 ) ) ;
#72 = EDGE_CURVE ( 'NONE', #972, #325, #315, .T. ) ;
#73 = VECTOR ( 'NONE', #600, 1000.000000000000000 ) ;
#74 = ORIENTED_EDGE ( 'NONE', *, *, #2746, .T. ) ;
#75 = CARTESIAN_POINT ( 'NONE',  ( 21.26662968353373984, -3.877274469727201467, -3.000000000000000000 ) ) ;
#76 = CIRCLE ( 'NONE', #1212, 3.762221576582363891 ) ;
#77 = CARTESIAN_POINT ( 'NONE',  ( 1.047745353572490101, -8.068772625878018800, 7.000000000000000000 ) ) ;
#78 = EDGE_LOOP ( 'NONE', ( #1736, #2826, #672, #167 ) ) ;
#79 = APPROVAL_PERSON_ORGANIZATION ( #1860, #826, #1087 ) ;
#80 = DIRECTION ( 'NONE',  ( -0.9594929736144992560, 0.2817325568414236758, 0.000000000000000000 ) ) ;
#81 = CARTESIAN_POINT ( 'NONE',  ( 2.085149186721616310, -10.29087716713760869, 0.000000000000000000 ) ) ;
#82 = EDGE_CURVE ( 'NONE', #1990, #1682, #3036, .T. ) ;
#83 = DIRECTION ( 'NONE',  ( -0.000000000000000000, -0.000000000000000000, 1.000000000000000000 ) ) ;
#84 = DIRECTION ( 'NONE',  ( 1.000000000000000000, 0.000000000000000000, 0.000000000000000000 ) ) ;
#85 = ORIENTED_EDGE ( 'NONE', *, *, #1068, .T. ) ;
#86 = ADVANCED_FACE ( 'NONE', ( #3248 ), #1922, .T. ) ;
#87 = CARTESIAN_POINT ( 'NONE',  ( 25.31160843039922526, -2.083667197862063780, 3.800000000000000266 ) ) ;
#88 = DIRECTION ( 'NONE',  ( -0.000000000000000000, 0.000000000000000000, 1.000000000000000000 ) ) ;
#89 = ORIENTED_EDGE ( 'NONE', *, *, #3066, .F. ) ;
#90 = ADVANCED_FACE ( 'NONE', ( #3262 ), #3498, .T. ) ;
#91 = CARTESIAN_POINT ( 'NONE',  ( -6.706854249492542053, 5.656854249492139886, 7.000000000000000000 ) ) ;
#92 = CARTESIAN_POINT ( 'NONE',  ( 1.748767090068500396, 9.591887909306141324, 0.000000000000000000 ) ) ;
#93 = ORIENTED_EDGE ( 'NONE', *, *, #2124, .T. ) ;
#94 = EDGE_CURVE ( 'NONE', #1865, #766, #868, .T. ) ;
#95 = ORIENTED_EDGE ( 'NONE', *, *, #959, .F. ) ;
#96 = CARTESIAN_POINT ( 'NONE',  ( 0.000000000000000000, 0.000000000000000000, 7.000000000000000000 ) ) ;
#97 = CYLINDRICAL_SURFACE ( 'NONE', #124, 3.762221576582363003 ) ;
#98 = ORIENTED_EDGE ( 'NONE', *, *, #1563, .T. ) ;
#99 = DIRECTION ( 'NONE',  ( 1.000000000000000000, 0.000000000000000000, 0.000000000000000000 ) ) ;
#100 = CARTESIAN_POINT ( 'NONE',  ( 0.000000000000000000, 0.000000000000000000, 0.000000000000000000 ) ) ;
#101 = EDGE_LOOP ( 'NONE', ( #3109, #2231 ) ) ;
#102 = CYLINDRICAL_SURFACE ( 'NONE', #2607, 9.750000000000000000 ) ;
#103 = DIRECTION ( 'NONE',  ( 1.000000000000000000, 0.000000000000000000, 0.000000000000000000 ) ) ;
#104 = CARTESIAN_POINT ( 'NONE',  ( 1.050000000001382494, -8.000000000000000000, -3.000000000000001776 ) ) ;
#105 = DIRECTION ( 'NONE',  ( 0.000000000000000000, 0.000000000000000000, 1.000000000000000000 ) ) ;
#106 = EDGE_CURVE ( 'NONE', #3083, #684, #2973, .T. ) ;
#107 = ORIENTED_EDGE ( 'NONE', *, *, #2843, .F. ) ;
#108 = VERTEX_POINT ( 'NONE', #2741 ) ;
#109 = DIRECTION ( 'NONE',  ( -0.000000000000000000, -0.000000000000000000, 1.000000000000000000 ) ) ;
#110 = DIRECTION ( 'NONE',  ( 0.000000000000000000, 0.000000000000000000, -1.000000000000000000 ) ) ;
#111 = VECTOR ( 'NONE', #1898, 1000.000000000000114 ) ;
#112 = CARTESIAN_POINT ( 'NONE',  ( -9.743131826350435176, 0.3658991860571081389, 7.000000000000000000 ) ) ;
#113 = EDGE_LOOP ( 'NONE', ( #1129, #2415, #2632, #2269 ) ) ;
#114 = ADVANCED_FACE ( 'NONE', ( #2689 ), #849, .T. ) ;
#115 = CIRCLE ( 'NONE', #402, 3.762221576582363447 ) ;
#116 = AXIS2_PLACEMENT_3D ( 'NONE', #2807, #1693, #917 ) ;
#117 = ORIENTED_EDGE ( 'NONE', *, *, #1265, .T. ) ;
#118 = CARTESIAN_POINT ( 'NONE',  ( -9.245380815148957154, 3.096035139153880067, 0.000000000000000000 ) ) ;
#119 = DIRECTION ( 'NONE',  ( -0.000000000000000000, 0.000000000000000000, 1.000000000000000000 ) ) ;
#120 = CIRCLE ( 'NONE', #2373, 3.762221576582363891 ) ;
#121 = CIRCLE ( 'NONE', #576, 9.750000000000000000 ) ;
#122 = VERTEX_POINT ( 'NONE', #319 ) ;
#123 = CARTESIAN_POINT ( 'NONE',  ( 1.045201980997433333, 7.899736253216620874, 6.989039538212210800 ) ) ;
#124 = AXIS2_PLACEMENT_3D ( 'NONE', #632, #1178, #1147 ) ;
#125 = AXIS2_PLACEMENT_3D ( 'NONE', #2853, #2500, #675 ) ;
#126 = CARTESIAN_POINT ( 'NONE',  ( 0.000000000000000000, 0.000000000000000000, 0.000000000000000000 ) ) ;
#127 = ORIENTED_EDGE ( 'NONE', *, *, #1645, .T. ) ;
#128 = ORIENTED_EDGE ( 'NONE', *, *, #3466, .T. ) ;
#129 = TOROIDAL_SURFACE ( 'NONE', #2434, 11.88281249999999467, 2.000000000000000000 ) ;
#130 = DIRECTION ( 'NONE',  ( -0.000000000000000000, -0.000000000000000000, -1.000000000000000000 ) ) ;
#131 = CARTESIAN_POINT ( 'NONE',  ( 0.000000000000000000, 0.000000000000000000, 7.000000000000000000 ) ) ;
#132 = AXIS2_PLACEMENT_3D ( 'NONE', #3415, #2888, #2056 ) ;
#133 = ORIENTED_EDGE ( 'NONE', *, *, #3137, .T. ) ;
#134 = CIRCLE ( 'NONE', #1993, 9.750000000000000000 ) ;
#135 = EDGE_LOOP ( 'NONE', ( #1294, #107 ) ) ;
#136 = ADVANCED_FACE ( 'NONE', ( #584 ), #47, .F. ) ;
#137 = CARTESIAN_POINT ( 'NONE',  ( 6.706854249492520736, 5.656854249492620390, -3.000000000000001776 ) ) ;
#138 = DIRECTION ( 'NONE',  ( -0.000000000000000000, 0.000000000000000000, 1.000000000000000000 ) ) ;
#139 = AXIS2_PLACEMENT_3D ( 'NONE', #2282, #1496, #878 ) ;
#140 = CARTESIAN_POINT ( 'NONE',  ( -6.103866304610268578, 7.602980740173119756, 0.000000000000000000 ) ) ;
#141 = ORIENTED_EDGE ( 'NONE', *, *, #1521, .F. ) ;
#142 = ADVANCED_FACE ( 'NONE', ( #1944 ), #2941, .T. ) ;
#143 = ORIENTED_EDGE ( 'NONE', *, *, #2736, .T. ) ;
#144 = FACE_OUTER_BOUND ( 'NONE', #3497, .T. ) ;
#145 = CARTESIAN_POINT ( 'NONE',  ( 0.6555888821085128493, 10.31580787075611561, 7.000000000000000000 ) ) ;
#146 = ORIENTED_EDGE ( 'NONE', *, *, #1965, .F. ) ;
#147 = LINE ( 'NONE', #3084, #2714 ) ;
#148 = CYLINDRICAL_SURFACE ( 'NONE', #3172, 1.050000000000703260 ) ;
#149 = ORIENTED_EDGE ( 'NONE', *, *, #489, .F. ) ;
#150 = EDGE_LOOP ( 'NONE', ( #2189, #448, #1852, #1503 ) ) ;
#151 = CARTESIAN_POINT ( 'NONE',  ( 1.050000000001382494, -8.000000000000000000, 7.000000000000000000 ) ) ;
#152 = DIRECTION ( 'NONE',  ( -1.000000000000000000, 0.000000000000000000, 0.000000000000000000 ) ) ;
#153 = VERTEX_POINT ( 'NONE', #820 ) ;
#154 = VERTEX_POINT ( 'NONE', #601 ) ;
#155 = CARTESIAN_POINT ( 'NONE',  ( 0.000000000000000000, 0.000000000000000000, -1.100000000000000311 ) ) ;
#156 = CARTESIAN_POINT ( 'NONE',  ( 4.606854249492434938, -5.656854249492140774, 0.000000000000000000 ) ) ;
#157 = DIRECTION ( 'NONE',  ( -0.000000000000000000, 0.000000000000000000, -1.000000000000000000 ) ) ;
#158 = ORIENTED_EDGE ( 'NONE', *, *, #764, .F. ) ;
#159 = VERTEX_POINT ( 'NONE', #3281 ) ;
#160 = DIRECTION ( 'NONE',  ( 1.000000000000000000, 0.000000000000000000, 0.000000000000000000 ) ) ;
#161 = CARTESIAN_POINT ( 'NONE',  ( 6.791818740117426359E-13, -8.000000000000000000, 0.000000000000000000 ) ) ;
#162 = ADVANCED_FACE ( 'NONE', ( #1080 ), #18, .T. ) ;
#163 = CARTESIAN_POINT ( 'NONE',  ( -6.706854249492542053, 5.656854249492139886, -3.000000000000001776 ) ) ;
#164 = CARTESIAN_POINT ( 'NONE',  ( 0.6555888821085128493, 10.31580787075611561, 0.000000000000000000 ) ) ;
#165 = EDGE_LOOP ( 'NONE', ( #781, #804, #2060, #2659 ) ) ;
#166 = EDGE_CURVE ( 'NONE', #2579, #758, #1106, .T. ) ;
#167 = ORIENTED_EDGE ( 'NONE', *, *, #3021, .F. ) ;
#168 = DIRECTION ( 'NONE',  ( -0.000000000000000000, 0.000000000000000000, 1.000000000000000000 ) ) ;
#169 = VERTEX_POINT ( 'NONE', #1613 ) ;
#170 = VERTEX_POINT ( 'NONE', #1628 ) ;
#171 = DIRECTION ( 'NONE',  ( 0.000000000000000000, 0.000000000000000000, 1.000000000000000000 ) ) ;
#172 = DIRECTION ( 'NONE',  ( -0.000000000000000000, -0.000000000000000000, -1.000000000000000000 ) ) ;
#173 = ORIENTED_EDGE ( 'NONE', *, *, #2889, .T. ) ;
#174 = CARTESIAN_POINT ( 'NONE',  ( 0.000000000000000000, 0.000000000000000000, 7.000000000000000000 ) ) ;
#175 = CARTESIAN_POINT ( 'NONE',  ( 0.000000000000000000, 0.000000000000000000, 7.000000000000000000 ) ) ;
#176 = DIRECTION ( 'NONE',  ( 0.000000000000000000, 0.000000000000000000, -1.000000000000000000 ) ) ;
#177 = AXIS2_PLACEMENT_3D ( 'NONE', #3100, #2756, #1463 ) ;
#178 = CARTESIAN_POINT ( 'NONE',  ( 24.00321137081522949, 3.811374967883498499, 3.800000000000000711 ) ) ;
#179 = EDGE_CURVE ( 'NONE', #35, #3070, #2423, .T. ) ;
#180 = AXIS2_PLACEMENT_3D ( 'NONE', #2393, #214, #1841 ) ;
#181 = DIRECTION ( 'NONE',  ( -0.4154150130018903764, 0.9096319953545165538, 0.000000000000000000 ) ) ;
#182 = AXIS2_PLACEMENT_3D ( 'NONE', #3078, #665, #614 ) ;
#183 = VERTEX_POINT ( 'NONE', #2429 ) ;
#184 = VERTEX_POINT ( 'NONE', #1383 ) ;
#185 = AXIS2_PLACEMENT_3D ( 'NONE', #2247, #1954, #1709 ) ;
#186 = VECTOR ( 'NONE', #1883, 1000.000000000000000 ) ;
#187 = CARTESIAN_POINT ( 'NONE',  ( 21.57570330982069251, 5.977094462402949837, -46.14212683983397056 ) ) ;
#188 = LINE ( 'NONE', #1513, #2117 ) ;
#189 = AXIS2_PLACEMENT_3D ( 'NONE', #2365, #680, #3419 ) ;
#190 = ORIENTED_EDGE ( 'NONE', *, *, #3090, .F. ) ;
#191 = AXIS2_PLACEMENT_3D ( 'NONE', #1679, #1118, #3385 ) ;
#192 = LINE ( 'NONE', #1798, #361 ) ;
#193 = VERTEX_POINT ( 'NONE', #2448 ) ;
#194 = VERTEX_POINT ( 'NONE', #266 ) ;
#195 = VECTOR ( 'NONE', #2145, 1000.000000000000000 ) ;
#196 = TOROIDAL_SURFACE ( 'NONE', #1104, 11.88281249999999112, 2.000000000000000000 ) ;
#197 = DIRECTION ( 'NONE',  ( -1.000000000000000000, 0.000000000000000000, 0.000000000000000000 ) ) ;
#198 = CARTESIAN_POINT ( 'NONE',  ( 5.656854249492480058, 5.656854249492620390, -3.000000000000001776 ) ) ;
#199 = DIRECTION ( 'NONE',  ( 1.000000000000000000, 0.000000000000000000, 0.000000000000000000 ) ) ;
#200 = ADVANCED_BREP_SHAPE_REPRESENTATION ( '柔性夹爪1', ( #2534, #874 ), #1836 ) ;
#201 = DIRECTION ( 'NONE',  ( 1.000000000000000000, 0.000000000000000000, 0.000000000000000000 ) ) ;
#202 = ORIENTED_EDGE ( 'NONE', *, *, #2962, .F. ) ;
#203 = ORIENTED_EDGE ( 'NONE', *, *, #72, .F. ) ;
#204 = EDGE_CURVE ( 'NONE', #3397, #3270, #2932, .T. ) ;
#205 = FACE_OUTER_BOUND ( 'NONE', #1091, .T. ) ;
#206 = COORDINATED_UNIVERSAL_TIME_OFFSET ( 8, 0, .AHEAD. ) ;
#207 = ORIENTED_EDGE ( 'NONE', *, *, #1115, .F. ) ;
#208 = EDGE_CURVE ( 'NONE', #2398, #1644, #3396, .T. ) ;
#209 = CARTESIAN_POINT ( 'NONE',  ( -4.606854249492021935, 5.656854249492139886, 0.000000000000000000 ) ) ;
#210 = ORIENTED_EDGE ( 'NONE', *, *, #1103, .F. ) ;
#211 = ORIENTED_EDGE ( 'NONE', *, *, #3378, .T. ) ;
#212 = ADVANCED_FACE ( 'NONE', ( #3495 ), #2156, .T. ) ;
#213 = CARTESIAN_POINT ( 'NONE',  ( -2.524514005933983452, -9.403194248873496974, 5.270552766140628620 ) ) ;
#214 = DIRECTION ( 'NONE',  ( -0.000000000000000000, 0.000000000000000000, 1.000000000000000000 ) ) ;
#215 = CARTESIAN_POINT ( 'NONE',  ( 0.000000000000000000, 8.000000000000000000, -3.000000000000001776 ) ) ;
#216 = DIRECTION ( 'NONE',  ( -0.000000000000000000, -0.000000000000000000, -1.000000000000000000 ) ) ;
#217 = ORIENTED_EDGE ( 'NONE', *, *, #1916, .F. ) ;
#218 = ORIENTED_EDGE ( 'NONE', *, *, #2954, .T. ) ;
#219 = CARTESIAN_POINT ( 'NONE',  ( 0.000000000000000000, 0.000000000000000000, 0.000000000000000000 ) ) ;
#220 =( NAMED_UNIT ( * ) PLANE_ANGLE_UNIT ( ) SI_UNIT ( $, .RADIAN. ) );
#221 = CARTESIAN_POINT ( 'NONE',  ( -5.316835701505224776, 10.75784635153335245, 7.000000000000000000 ) ) ;
#222 = EDGE_LOOP ( 'NONE', ( #2364, #2227, #426, #3159 ) ) ;
#223 = CARTESIAN_POINT ( 'NONE',  ( 0.000000000000000000, 8.000000000000000000, 7.000000000000000000 ) ) ;
#224 = EDGE_CURVE ( 'NONE', #2302, #436, #1873, .T. ) ;
#225 = ORIENTED_EDGE ( 'NONE', *, *, #790, .F. ) ;
#226 = ORIENTED_EDGE ( 'NONE', *, *, #1499, .T. ) ;
#227 = ADVANCED_FACE ( 'NONE', ( #3332 ), #3300, .T. ) ;
#228 = DIRECTION ( 'NONE',  ( -0.000000000000000000, 0.000000000000000000, 1.000000000000000000 ) ) ;
#229 = CARTESIAN_POINT ( 'NONE',  ( 0.000000000000000000, 0.000000000000000000, 7.000000000000000000 ) ) ;
#230 = DIRECTION ( 'NONE',  ( 0.000000000000000000, 0.000000000000000000, 1.000000000000000000 ) ) ;
#231 = FACE_OUTER_BOUND ( 'NONE', #3405, .T. ) ;
#232 = AXIS2_PLACEMENT_3D ( 'NONE', #1242, #3395, #1185 ) ;
#233 = EDGE_LOOP ( 'NONE', ( #537, #2794, #1724, #2049 ) ) ;
#234 = CYLINDRICAL_SURFACE ( 'NONE', #1987, 9.750000000000000000 ) ;
#235 = CIRCLE ( 'NONE', #1251, 3.762221576582363891 ) ;
#236 = AXIS2_PLACEMENT_3D ( 'NONE', #2221, #1166, #1729 ) ;
#237 = CALENDAR_DATE ( 2026, 15, 9 ) ;
#238 = CARTESIAN_POINT ( 'NONE',  ( -3.714609627610714782, 9.014664459338559865, 0.000000000000000000 ) ) ;
#239 = ORIENTED_EDGE ( 'NONE', *, *, #313, .F. ) ;
#240 = AXIS2_PLACEMENT_3D ( 'NONE', #956, #3082, #671 ) ;
#241 = AXIS2_PLACEMENT_3D ( 'NONE', #314, #1100, #3244 ) ;
#242 = CARTESIAN_POINT ( 'NONE',  ( -1.050000000000000266, 8.000000000000000000, 0.000000000000000000 ) ) ;
#243 = CIRCLE ( 'NONE', #1259, 3.762221576582363891 ) ;
#244 = ORIENTED_EDGE ( 'NONE', *, *, #333, .F. ) ;
#245 = AXIS2_PLACEMENT_3D ( 'NONE', #1266, #1548, #3432 ) ;
#246 = ADVANCED_FACE ( 'NONE', ( #1955 ), #2477, .F. ) ;
#247 = CARTESIAN_POINT ( 'NONE',  ( -7.999999999999661604, -3.405706544451890981E-13, 7.000000000000000000 ) ) ;
#248 = CIRCLE ( 'NONE', #1991, 2.999999999999999112 ) ;
#249 = DIRECTION ( 'NONE',  ( 0.1423148382732820072, 0.9898214418809331283, 0.000000000000000000 ) ) ;
#250 = EDGE_CURVE ( 'NONE', #766, #1021, #570, .T. ) ;
#251 = CIRCLE ( 'NONE', #706, 13.88281249999999467 ) ;
#252 = CARTESIAN_POINT ( 'NONE',  ( 0.000000000000000000, 0.000000000000000000, 0.000000000000000000 ) ) ;
#253 = CARTESIAN_POINT ( 'NONE',  ( 0.000000000000000000, 0.000000000000000000, 5.000000000000000000 ) ) ;
#254 = APPROVAL_PERSON_ORGANIZATION ( #3165, #3273, #2857 ) ;
#255 = ORIENTED_EDGE ( 'NONE', *, *, #2671, .T. ) ;
#256 = LINE ( 'NONE', #3186, #3175 ) ;
#257 = CARTESIAN_POINT ( 'NONE',  ( 5.582683366858613994, 8.892898651474675731, 0.000000000000000000 ) ) ;
#258 = VERTEX_POINT ( 'NONE', #2509 ) ;
#259 = DIRECTION ( 'NONE',  ( 1.000000000000000000, 8.746833058386154888E-16, 0.000000000000000000 ) ) ;
#260 = ORIENTED_EDGE ( 'NONE', *, *, #616, .F. ) ;
#261 = EDGE_LOOP ( 'NONE', ( #190, #3295, #1137, #2544, #1403, #1456, #277, #789 ) ) ;
#262 = DIRECTION ( 'NONE',  ( -0.000000000000000000, -0.000000000000000000, -1.000000000000000000 ) ) ;
#263 = CARTESIAN_POINT ( 'NONE',  ( -10.04909972764970050, 2.421008771658812453, 0.000000000000000000 ) ) ;
#264 = B_SPLINE_CURVE_WITH_KNOTS ( 'NONE', 3,
 ( #532, #3249, #48, #3013, #2158, #547, #34, #2478 ),
 .UNSPECIFIED., .F., .F.,
 ( 4, 2, 2, 4 ),
 ( 0.000000000000000000, 0.002353608674886878242, 0.003530413012330317363, 0.004707217349773757352 ),
 .UNSPECIFIED. ) ;
#265 = DIRECTION ( 'NONE',  ( -0.8829358401481162133, -0.4694936657527342128, 0.000000000000000000 ) ) ;
#266 = CARTESIAN_POINT ( 'NONE',  ( 9.050000000000592237, 3.395909370058713179E-13, 0.000000000000000000 ) ) ;
#267 = FACE_OUTER_BOUND ( 'NONE', #321, .T. ) ;
#268 = ADVANCED_FACE ( 'NONE', ( #2554 ), #937, .T. ) ;
#269 = ORIENTED_EDGE ( 'NONE', *, *, #1375, .F. ) ;
#270 = FACE_OUTER_BOUND ( 'NONE', #3467, .T. ) ;
#271 = CARTESIAN_POINT ( 'NONE',  ( 25.31160843039922526, -2.083667197862063780, -7.349486068726557519 ) ) ;
#272 = ADVANCED_FACE ( 'NONE', ( #144 ), #64, .F. ) ;
#273 = ORIENTED_EDGE ( 'NONE', *, *, #1968, .F. ) ;
#274 = EDGE_LOOP ( 'NONE', ( #595, #2339 ) ) ;
#275 = CARTESIAN_POINT ( 'NONE',  ( 5.656854249492480058, 5.656854249492620390, 7.000000000000000000 ) ) ;
#276 = VERTEX_POINT ( 'NONE', #1771 ) ;
#277 = ORIENTED_EDGE ( 'NONE', *, *, #831, .T. ) ;
#278 = CYLINDRICAL_SURFACE ( 'NONE', #1537, 3.762221576582363003 ) ;
#279 = CARTESIAN_POINT ( 'NONE',  ( 1.343324028180502561, 11.92457464882135376, 7.000000000000000000 ) ) ;
#280 = CARTESIAN_POINT ( 'NONE',  ( 0.000000000000000000, 0.000000000000000000, 7.000000000000000000 ) ) ;
#281 = DIRECTION ( 'NONE',  ( -1.000000000000000000, 0.000000000000000000, 0.000000000000000000 ) ) ;
#282 = DIRECTION ( 'NONE',  ( -0.000000000000000000, -0.000000000000000000, -1.000000000000000000 ) ) ;
#283 = ORIENTED_EDGE ( 'NONE', *, *, #1949, .F. ) ;
#284 = TOROIDAL_SURFACE ( 'NONE', #1969, 1.000000000000000000, 2.000000000000000000 ) ;
#285 = EDGE_CURVE ( 'NONE', #2517, #2604, #3372, .T. ) ;
#286 = CARTESIAN_POINT ( 'NONE',  ( 0.000000000000000000, 0.000000000000000000, 0.000000000000000000 ) ) ;
#287 = AXIS2_PLACEMENT_3D ( 'NONE', #3486, #1070, #2630 ) ;
#288 = DIRECTION ( 'NONE',  ( -0.000000000000000000, -0.000000000000000000, -1.000000000000000000 ) ) ;
#289 = EDGE_CURVE ( 'NONE', #1134, #2953, #403, .T. ) ;
#290 = LINE ( 'NONE', #539, #195 ) ;
#291 = VERTEX_POINT ( 'NONE', #955 ) ;
#292 = CIRCLE ( 'NONE', #2259, 1.050000000000691047 ) ;
#293 = VERTEX_POINT ( 'NONE', #2251 ) ;
#294 = CIRCLE ( 'NONE', #2260, 3.762221576582363003 ) ;
#295 = AXIS2_PLACEMENT_3D ( 'NONE', #847, #1890, #2956 ) ;
#296 = AXIS2_PLACEMENT_3D ( 'NONE', #568, #875, #1649 ) ;
#297 = FACE_OUTER_BOUND ( 'NONE', #1423, .T. ) ;
#298 = CYLINDRICAL_SURFACE ( 'NONE', #517, 1.050000000000000266 ) ;
#299 = DIRECTION ( 'NONE',  ( -0.000000000000000000, -0.000000000000000000, -1.000000000000000000 ) ) ;
#300 = AXIS2_PLACEMENT_3D ( 'NONE', #1792, #674, #1825 ) ;
#301 = DIRECTION ( 'NONE',  ( -0.000000000000000000, -0.000000000000000000, -1.000000000000000000 ) ) ;
#302 = LINE ( 'NONE', #2992, #742 ) ;
#303 = ORIENTED_EDGE ( 'NONE', *, *, #2636, .T. ) ;
#304 = CIRCLE ( 'NONE', #2887, 12.91453929352992880 ) ;
#305 = CARTESIAN_POINT ( 'NONE',  ( 0.000000000000000000, 0.000000000000000000, 7.000000000000000000 ) ) ;
#306 = CIRCLE ( 'NONE', #423, 9.750000000000000000 ) ;
#307 = DIRECTION ( 'NONE',  ( 0.000000000000000000, 0.000000000000000000, 1.000000000000000000 ) ) ;
#308 = EDGE_CURVE ( 'NONE', #291, #3271, #2372, .T. ) ;
#309 = ORIENTED_EDGE ( 'NONE', *, *, #2912, .F. ) ;
#310 = DIRECTION ( 'NONE',  ( -1.000000000000000000, 0.000000000000000000, 0.000000000000000000 ) ) ;
#311 = EDGE_LOOP ( 'NONE', ( #1585, #1497, #575, #365 ) ) ;
#312 = VERTEX_POINT ( 'NONE', #2030 ) ;
#313 = EDGE_CURVE ( 'NONE', #3481, #1623, #3330, .T. ) ;
#314 = CARTESIAN_POINT ( 'NONE',  ( 0.000000000000000000, 0.000000000000000000, 0.000000000000000000 ) ) ;
#315 = LINE ( 'NONE', #3261, #2587 ) ;
#316 = DIRECTION ( 'NONE',  ( 1.000000000000000000, 0.000000000000000000, 0.000000000000000000 ) ) ;
#317 = EDGE_CURVE ( 'NONE', #3070, #1623, #352, .T. ) ;
#318 = CARTESIAN_POINT ( 'NONE',  ( -3.106632694473850265, 10.31580787075611561, 7.000000000000000000 ) ) ;
#319 = CARTESIAN_POINT ( 'NONE',  ( -4.648450871385579219, -11.06308747575985940, 7.000000000000000000 ) ) ;
#320 = CARTESIAN_POINT ( 'NONE',  ( 0.000000000000000000, 0.000000000000000000, 7.000000000000000000 ) ) ;
#321 = EDGE_LOOP ( 'NONE', ( #2090, #718, #1570, #3302, #2668 ) ) ;
#322 = PERSON ( '未指定', '未指定', '未指定', ('未指定'), ('未指定'), ('未指定') ) ;
#323 = CARTESIAN_POINT ( 'NONE',  ( 0.000000000000000000, 0.000000000000000000, 7.000000000000000000 ) ) ;
#324 = CARTESIAN_POINT ( 'NONE',  ( -1.004602999518562800, -7.694594018790693823, 7.000000000000000000 ) ) ;
#325 = VERTEX_POINT ( 'NONE', #118 ) ;
#326 = FACE_OUTER_BOUND ( 'NONE', #3398, .T. ) ;
#327 = FACE_OUTER_BOUND ( 'NONE', #1313, .T. ) ;
#328 = VERTEX_POINT ( 'NONE', #404 ) ;
#329 = ORIENTED_EDGE ( 'NONE', *, *, #814, .T. ) ;
#330 = EDGE_CURVE ( 'NONE', #2841, #1624, #1431, .T. ) ;
#331 = DIRECTION ( 'NONE',  ( -1.000000000000000000, 0.000000000000000000, 0.000000000000000000 ) ) ;
#332 = DIRECTION ( 'NONE',  ( -0.6604409825901167430, 0.7508779584695514098, 0.000000000000000000 ) ) ;
#333 = EDGE_CURVE ( 'NONE', #2453, #2176, #2113, .T. ) ;
#334 = DIRECTION ( 'NONE',  ( 0.000000000000000000, 0.000000000000000000, -1.000000000000000000 ) ) ;
#335 = DIRECTION ( 'NONE',  ( -0.000000000000000000, 0.000000000000000000, 1.000000000000000000 ) ) ;
#336 = FACE_OUTER_BOUND ( 'NONE', #113, .T. ) ;
#337 = ORIENTED_EDGE ( 'NONE', *, *, #3242, .F. ) ;
#338 = CARTESIAN_POINT ( 'NONE',  ( 22.93475005914234188, 5.360128690092483161, 2.963603336732205662 ) ) ;
#339 = DIRECTION ( 'NONE',  ( -0.000000000000000000, -0.000000000000000000, -1.000000000000000000 ) ) ;
#340 = FACE_OUTER_BOUND ( 'NONE', #2146, .T. ) ;
#341 = DIRECTION ( 'NONE',  ( 1.000000000000000000, 0.000000000000000000, 0.000000000000000000 ) ) ;
#342 = ORIENTED_EDGE ( 'NONE', *, *, #1340, .T. ) ;
#343 = CIRCLE ( 'NONE', #2812, 3.762221576582363447 ) ;
#344 = CIRCLE ( 'NONE', #514, 0.5000000000000004441 ) ;
#345 = AXIS2_PLACEMENT_3D ( 'NONE', #2174, #2137, #2409 ) ;
#346 = DIRECTION ( 'NONE',  ( 0.000000000000000000, -0.000000000000000000, 1.000000000000000000 ) ) ;
#347 = DIRECTION ( 'NONE',  ( -0.000000000000000000, -0.000000000000000000, -1.000000000000000000 ) ) ;
#348 = ADVANCED_FACE ( 'NONE', ( #384 ), #635, .T. ) ;
#349 = AXIS2_PLACEMENT_3D ( 'NONE', #2502, #1439, #624 ) ;
#350 = AXIS2_PLACEMENT_3D ( 'NONE', #398, #138, #598 ) ;
#351 = EDGE_LOOP ( 'NONE', ( #408, #1978, #210, #811 ) ) ;
#352 = LINE ( 'NONE', #1994, #3275 ) ;
#353 = AXIS2_PLACEMENT_3D ( 'NONE', #2413, #2692, #1084 ) ;
#354 = DIRECTION ( 'NONE',  ( -1.000000000000000000, 0.000000000000000000, 0.000000000000000000 ) ) ;
#355 = ADVANCED_FACE ( 'NONE', ( #2525 ), #3426, .T. ) ;
#356 = ORIENTED_EDGE ( 'NONE', *, *, #1344, .F. ) ;
#357 = AXIS2_PLACEMENT_3D ( 'NONE', #1805, #958, #2588 ) ;
#358 = DIRECTION ( 'NONE',  ( -0.000000000000000000, -0.000000000000000000, 1.000000000000000000 ) ) ;
#359 = DIRECTION ( 'NONE',  ( 1.000000000000000000, 0.000000000000000000, 0.000000000000000000 ) ) ;
#360 = CARTESIAN_POINT ( 'NONE',  ( 33.14944218353372918, -3.877274469727201467, 1.800000000000000488 ) ) ;
#361 = VECTOR ( 'NONE', #452, 1000.000000000000000 ) ;
#362 = EDGE_CURVE ( 'NONE', #194, #3132, #2702, .T. ) ;
#363 = CARTESIAN_POINT ( 'NONE',  ( 1.706451943269467586, 9.355928872001378238, 5.957543888935890486 ) ) ;
#364 = CARTESIAN_POINT ( 'NONE',  ( 0.000000000000000000, 0.000000000000000000, 5.000000000000000000 ) ) ;
#365 = ORIENTED_EDGE ( 'NONE', *, *, #1963, .F. ) ;
#366 = EDGE_CURVE ( 'NONE', #1674, #154, #1591, .T. ) ;
#367 = CARTESIAN_POINT ( 'NONE',  ( -8.959963588456274053, 5.154099465690963555, 7.000000000000000000 ) ) ;
#368 = LINE ( 'NONE', #1691, #1315 ) ;
#369 = DIRECTION ( 'NONE',  ( -1.000000000000000000, 0.000000000000000000, 0.000000000000000000 ) ) ;
#370 = DIRECTION ( 'NONE',  ( 1.000000000000000000, 0.000000000000000000, 0.000000000000000000 ) ) ;
#371 = EDGE_LOOP ( 'NONE', ( #2641, #117, #1113, #1773 ) ) ;
#372 = CARTESIAN_POINT ( 'NONE',  ( -9.412581462727702686, -7.443339990052506572, 7.000000000000000000 ) ) ;
#373 = EDGE_CURVE ( 'NONE', #2859, #2126, #1761, .T. ) ;
#374 = DIRECTION ( 'NONE',  ( 1.000000000000000000, 0.000000000000000000, 0.000000000000000000 ) ) ;
#375 = VERTEX_POINT ( 'NONE', #2606 ) ;
#376 = LINE ( 'NONE', #1454, #1034 ) ;
#377 = EDGE_CURVE ( 'NONE', #3284, #1753, #761, .T. ) ;
#378 = LINE ( 'NONE', #1455, #3184 ) ;
#379 = ORIENTED_EDGE ( 'NONE', *, *, #1738, .T. ) ;
#380 = EDGE_LOOP ( 'NONE', ( #2455, #2782, #202, #2097 ) ) ;
#381 = CYLINDRICAL_SURFACE ( 'NONE', #1930, 3.762221576582363003 ) ;
#382 = LINE ( 'NONE', #1989, #2707 ) ;
#383 = ORIENTED_EDGE ( 'NONE', *, *, #1171, .F. ) ;
#384 = FACE_OUTER_BOUND ( 'NONE', #1033, .T. ) ;
#385 = CARTESIAN_POINT ( 'NONE',  ( 0.000000000000000000, 0.000000000000000000, 0.000000000000000000 ) ) ;
#386 = VERTEX_POINT ( 'NONE', #2345 ) ;
#387 = FACE_OUTER_BOUND ( 'NONE', #573, .T. ) ;
#388 = CARTESIAN_POINT ( 'NONE',  ( -11.12833698389885662, -4.490001778706653290, 7.000000000000000000 ) ) ;
#389 = ORIENTED_EDGE ( 'NONE', *, *, #3321, .F. ) ;
#390 = ORIENTED_EDGE ( 'NONE', *, *, #179, .T. ) ;
#391 = EDGE_CURVE ( 'NONE', #154, #870, #3441, .T. ) ;
#392 = DIRECTION ( 'NONE',  ( 0.000000000000000000, 0.000000000000000000, 1.000000000000000000 ) ) ;
#393 = CARTESIAN_POINT ( 'NONE',  ( -6.656922612848726217, -7.123754721110439725, 0.000000000000000000 ) ) ;
#394 = ORIENTED_EDGE ( 'NONE', *, *, #179, .F. ) ;
#395 = ADVANCED_FACE ( 'NONE', ( #1789 ), #2326, .T. ) ;
#396 = ORIENTED_EDGE ( 'NONE', *, *, #1587, .F. ) ;
#397 = DIRECTION ( 'NONE',  ( 0.9837833753134503922, -0.1793607271865129416, 0.000000000000000000 ) ) ;
#398 = CARTESIAN_POINT ( 'NONE',  ( 0.000000000000000000, 0.000000000000000000, 0.000000000000000000 ) ) ;
#399 = VECTOR ( 'NONE', #2531, 1000.000000000000000 ) ;
#400 = CARTESIAN_POINT ( 'NONE',  ( 0.000000000000000000, 0.000000000000000000, 7.000000000000000000 ) ) ;
#401 = VERTEX_POINT ( 'NONE', #2084 ) ;
#402 = AXIS2_PLACEMENT_3D ( 'NONE', #618, #2274, #1432 ) ;
#403 = CIRCLE ( 'NONE', #3164, 3.762221576582363003 ) ;
#404 = CARTESIAN_POINT ( 'NONE',  ( -11.40501160019360860, -3.731716816620635147, 0.000000000000000000 ) ) ;
#405 = LINE ( 'NONE', #3043, #1142 ) ;
#406 = CIRCLE ( 'NONE', #860, 2.000000000000000444 ) ;
#407 = AXIS2_PLACEMENT_3D ( 'NONE', #367, #3325, #1442 ) ;
#408 = ORIENTED_EDGE ( 'NONE', *, *, #2023, .T. ) ;
#409 = CARTESIAN_POINT ( 'NONE',  ( 5.656854249492480058, 5.656854249492620390, 0.000000000000000000 ) ) ;
#410 = AXIS2_PLACEMENT_3D ( 'NONE', #615, #1164, #2473 ) ;
#411 = DIRECTION ( 'NONE',  ( 0.000000000000000000, 0.000000000000000000, 1.000000000000000000 ) ) ;
#412 = ORIENTED_EDGE ( 'NONE', *, *, #2519, .T. ) ;
#413 = ORIENTED_EDGE ( 'NONE', *, *, #1375, .T. ) ;
#414 = AXIS2_PLACEMENT_3D ( 'NONE', #70, #588, #2792 ) ;
#415 = DIRECTION ( 'NONE',  ( 0.9837833753134503922, -0.1793607271865128583, -0.000000000000000000 ) ) ;
#416 = DIRECTION ( 'NONE',  ( -0.000000000000000000, -0.000000000000000000, -1.000000000000000000 ) ) ;
#417 = AXIS2_PLACEMENT_3D ( 'NONE', #1228, #941, #3376 ) ;
#418 = CIRCLE ( 'NONE', #2385, 1.050000000000000266 ) ;
#419 = ORIENTED_EDGE ( 'NONE', *, *, #814, .F. ) ;
#420 = DIRECTION ( 'NONE',  ( 0.000000000000000000, 0.000000000000000000, 1.000000000000000000 ) ) ;
#421 = EDGE_CURVE ( 'NONE', #2833, #2302, #1535, .T. ) ;
#422 = DIRECTION ( 'NONE',  ( -0.000000000000000000, 0.000000000000000000, 1.000000000000000000 ) ) ;
#423 = AXIS2_PLACEMENT_3D ( 'NONE', #364, #3053, #1440 ) ;
#424 = CARTESIAN_POINT ( 'NONE',  ( -5.025630336801854448, 9.032647924419228147, 0.000000000000000000 ) ) ;
#425 = ORIENTED_EDGE ( 'NONE', *, *, #721, .F. ) ;
#426 = ORIENTED_EDGE ( 'NONE', *, *, #2975, .T. ) ;
#427 = EDGE_CURVE ( 'NONE', #931, #1320, #1305, .T. ) ;
#428 = CARTESIAN_POINT ( 'NONE',  ( 8.000000000000339284, 3.395909370058713179E-13, 0.000000000000000000 ) ) ;
#429 = DIRECTION ( 'NONE',  ( 0.1423148382732818684, 0.9898214418809332393, 0.000000000000000000 ) ) ;
#430 = ORIENTED_EDGE ( 'NONE', *, *, #1804, .F. ) ;
#431 = CARTESIAN_POINT ( 'NONE',  ( -0.3734855172348815477, -8.983687041493402248, 6.632913683573383956 ) ) ;
#432 = DIRECTION ( 'NONE',  ( -0.000000000000000000, -0.000000000000000000, 1.000000000000000000 ) ) ;
#433 = ORIENTED_EDGE ( 'NONE', *, *, #2243, .F. ) ;
#434 = ORIENTED_EDGE ( 'NONE', *, *, #2503, .F. ) ;
#435 = CARTESIAN_POINT ( 'NONE',  ( 11.42879593039923236, -2.083667197862063780, -7.349486068726557519 ) ) ;
#436 = VERTEX_POINT ( 'NONE', #2571 ) ;
#437 = VERTEX_POINT ( 'NONE', #1048 ) ;
#438 = CARTESIAN_POINT ( 'NONE',  ( 0.000000000000000000, 0.000000000000000000, 7.000000000000000000 ) ) ;
#439 = ORIENTED_EDGE ( 'NONE', *, *, #3040, .T. ) ;
#440 = EDGE_CURVE ( 'NONE', #690, #193, #1820, .T. ) ;
#441 = CARTESIAN_POINT ( 'NONE',  ( 33.52426240184000505, 2.640618061855673382, -3.000000000000000000 ) ) ;
#442 = DIRECTION ( 'NONE',  ( 1.000000000000000000, 0.000000000000000000, 0.000000000000000000 ) ) ;
#443 = CARTESIAN_POINT ( 'NONE',  ( 0.000000000000000000, 0.000000000000000000, 7.000000000000000000 ) ) ;
#444 = EDGE_CURVE ( 'NONE', #2398, #943, #2985, .T. ) ;
#445 = CARTESIAN_POINT ( 'NONE',  ( -0.5592718572234604002, -8.899022523888955760, 6.667503600101742478 ) ) ;
#446 = CARTESIAN_POINT ( 'NONE',  ( 0.000000000000000000, 0.000000000000000000, 7.000000000000000000 ) ) ;
#447 = ORIENTED_EDGE ( 'NONE', *, *, #2615, .F. ) ;
#448 = ORIENTED_EDGE ( 'NONE', *, *, #1022, .F. ) ;
#449 = CARTESIAN_POINT ( 'NONE',  ( 0.000000000000000000, 0.000000000000000000, 7.000000000000000000 ) ) ;
#450 = DATE_AND_TIME ( #3382, #2834 ) ;
#451 = ORIENTED_EDGE ( 'NONE', *, *, #1611, .T. ) ;
#452 = DIRECTION ( 'NONE',  ( -0.000000000000000000, -0.000000000000000000, -1.000000000000000000 ) ) ;
#453 = ORIENTED_EDGE ( 'NONE', *, *, #544, .F. ) ;
#454 = ORIENTED_EDGE ( 'NONE', *, *, #2671, .F. ) ;
#455 = AXIS2_PLACEMENT_3D ( 'NONE', #3368, #172, #3023 ) ;
#456 = AXIS2_PLACEMENT_3D ( 'NONE', #552, #307, #2694 ) ;
#457 = DIRECTION ( 'NONE',  ( 1.000000000000000000, 0.000000000000000000, 0.000000000000000000 ) ) ;
#458 = CARTESIAN_POINT ( 'NONE',  ( -6.000000000000000000, 7.347880794884119736E-16, 6.500000000000000000 ) ) ;
#459 = EDGE_CURVE ( 'NONE', #1555, #159, #676, .T. ) ;
#460 = AXIS2_PLACEMENT_3D ( 'NONE', #19, #2175, #2974 ) ;
#461 = AXIS2_PLACEMENT_3D ( 'NONE', #3140, #1840, #3459 ) ;
#462 = CARTESIAN_POINT ( 'NONE',  ( -1.972319854284031670, 10.14670602713487213, 7.000000000000000000 ) ) ;
#463 = AXIS2_PLACEMENT_3D ( 'NONE', #2808, #694, #370 ) ;
#464 = LINE ( 'NONE', #1277, #2256 ) ;
#465 = EDGE_CURVE ( 'NONE', #3446, #27, #1925, .T. ) ;
#466 = AXIS2_PLACEMENT_3D ( 'NONE', #2506, #1220, #2522 ) ;
#467 = ORIENTED_EDGE ( 'NONE', *, *, #2460, .F. ) ;
#468 = ORIENTED_EDGE ( 'NONE', *, *, #1072, .T. ) ;
#469 = AXIS2_PLACEMENT_3D ( 'NONE', #219, #2577, #1832 ) ;
#470 = TOROIDAL_SURFACE ( 'NONE', #2810, 6.000000000000000000, 0.5000000000000000000 ) ;
#471 = DIRECTION ( 'NONE',  ( -0.000000000000000000, -0.000000000000000000, 1.000000000000000000 ) ) ;
#472 = ADVANCED_FACE ( 'NONE', ( #1519 ), #2070, .T. ) ;
#473 = VECTOR ( 'NONE', #1809, 1000.000000000000000 ) ;
#474 = ORIENTED_EDGE ( 'NONE', *, *, #3214, .F. ) ;
#475 = AXIS2_PLACEMENT_3D ( 'NONE', #323, #2204, #51 ) ;
#476 = CARTESIAN_POINT ( 'NONE',  ( 0.000000000000000000, 0.000000000000000000, 7.000000000000000000 ) ) ;
#477 = EDGE_LOOP ( 'NONE', ( #1125, #3131, #3346, #3383 ) ) ;
#478 = VECTOR ( 'NONE', #397, 1000.000000000000227 ) ;
#479 = DIRECTION ( 'NONE',  ( -0.000000000000000000, -0.000000000000000000, -1.000000000000000000 ) ) ;
#480 = DIRECTION ( 'NONE',  ( 0.000000000000000000, 0.000000000000000000, 1.000000000000000000 ) ) ;
#481 = DIRECTION ( 'NONE',  ( 0.000000000000000000, 0.000000000000000000, 1.000000000000000000 ) ) ;
#482 = CARTESIAN_POINT ( 'NONE',  ( -10.30410784652952749, -0.8191765962152178782, 7.000000000000000000 ) ) ;
#483 = ORIENTED_EDGE ( 'NONE', *, *, #939, .T. ) ;
#484 = ORIENTED_EDGE ( 'NONE', *, *, #2170, .F. ) ;
#485 = ADVANCED_FACE ( 'NONE', ( #2986 ), #2183, .T. ) ;
#486 = DIRECTION ( 'NONE',  ( -0.000000000000000000, -0.000000000000000000, -1.000000000000000000 ) ) ;
#487 = FACE_OUTER_BOUND ( 'NONE', #730, .T. ) ;
#488 = VERTEX_POINT ( 'NONE', #2685 ) ;
#489 = EDGE_CURVE ( 'NONE', #2730, #1320, #60, .T. ) ;
#490 = CARTESIAN_POINT ( 'NONE',  ( 21.26662968353373984, -3.877274469727201467, 3.799999999999999822 ) ) ;
#491 = ORIENTED_EDGE ( 'NONE', *, *, #427, .T. ) ;
#492 = ORIENTED_EDGE ( 'NONE', *, *, #1352, .T. ) ;
#493 = CARTESIAN_POINT ( 'NONE',  ( -2.410291184201162729, -8.904803982259021922, 6.357055587627537641 ) ) ;
#494 = FACE_OUTER_BOUND ( 'NONE', #3220, .T. ) ;
#495 = CARTESIAN_POINT ( 'NONE',  ( 0.000000000000000000, 0.000000000000000000, 0.000000000000000000 ) ) ;
#496 = DIRECTION ( 'NONE',  ( 1.000000000000000000, 0.000000000000000000, 0.000000000000000000 ) ) ;
#497 = ORIENTED_EDGE ( 'NONE', *, *, #1968, .T. ) ;
#498 = DIRECTION ( 'NONE',  ( -0.000000000000000000, -0.000000000000000000, -1.000000000000000000 ) ) ;
#499 = LINE ( 'NONE', #2947, #854 ) ;
#500 = ADVANCED_FACE ( 'NONE', ( #1889 ), #278, .T. ) ;
#501 = ORIENTED_EDGE ( 'NONE', *, *, #2655, .F. ) ;
#502 = CARTESIAN_POINT ( 'NONE',  ( -8.960702652602998697, 3.842955629672761386, 7.000000000000000000 ) ) ;
#503 = ORIENTED_EDGE ( 'NONE', *, *, #2827, .T. ) ;
#504 = ORIENTED_EDGE ( 'NONE', *, *, #2546, .F. ) ;
#505 = ADVANCED_FACE ( 'NONE', ( #2444 ), #2374, .T. ) ;
#506 = DIRECTION ( 'NONE',  ( 1.000000000000000000, 0.000000000000000000, 0.000000000000000000 ) ) ;
#507 = FACE_OUTER_BOUND ( 'NONE', #3056, .T. ) ;
#508 = AXIS2_PLACEMENT_3D ( 'NONE', #560, #301, #3011 ) ;
#509 = DIRECTION ( 'NONE',  ( 1.000000000000000000, 0.000000000000000000, 0.000000000000000000 ) ) ;
#510 = DIRECTION ( 'NONE',  ( 0.000000000000000000, 0.000000000000000000, 1.000000000000000000 ) ) ;
#511 = CIRCLE ( 'NONE', #460, 3.762221576582363447 ) ;
#512 = EDGE_LOOP ( 'NONE', ( #1, #3361, #2861, #1510, #2871, #773 ) ) ;
#513 = DIRECTION ( 'NONE',  ( 1.000000000000000000, 0.000000000000000000, 0.000000000000000000 ) ) ;
#514 = AXIS2_PLACEMENT_3D ( 'NONE', #458, #2122, #2623 ) ;
#515 = CARTESIAN_POINT ( 'NONE',  ( 7.036254671846367437, 8.627887458134491538, -0.5637638820319529342 ) ) ;
#516 = EDGE_LOOP ( 'NONE', ( #830, #2898, #127, #1373 ) ) ;
#517 = AXIS2_PLACEMENT_3D ( 'NONE', #557, #1677, #2987 ) ;
#518 = TOROIDAL_SURFACE ( 'NONE', #3112, 1.000000000000000000, 2.000000000000000000 ) ;
#519 = CYLINDRICAL_SURFACE ( 'NONE', #2217, 12.00000000000000178 ) ;
#520 = AXIS2_PLACEMENT_3D ( 'NONE', #3402, #168, #986 ) ;
#521 = ORIENTED_EDGE ( 'NONE', *, *, #3374, .T. ) ;
#522 = ORIENTED_EDGE ( 'NONE', *, *, #1340, .F. ) ;
#523 = CIRCLE ( 'NONE', #300, 1.050000000000259837 ) ;
#524 = EDGE_CURVE ( 'NONE', #2914, #2041, #2703, .T. ) ;
#525 = DIRECTION ( 'NONE',  ( -1.000000000000000000, 0.000000000000000000, 0.000000000000000000 ) ) ;
#526 = CIRCLE ( 'NONE', #813, 3.762221576582363003 ) ;
#527 = CARTESIAN_POINT ( 'NONE',  ( -9.615881436223883583, -1.611621607104151810, 0.000000000000000000 ) ) ;
#528 = AXIS2_PLACEMENT_3D ( 'NONE', #46, #2006, #1920 ) ;
#529 = ADVANCED_FACE ( 'NONE', ( #30 ), #1903, .T. ) ;
#530 = CARTESIAN_POINT ( 'NONE',  ( 0.6555888821085128493, 10.31580787075611561, 7.000000000000000000 ) ) ;
#531 = DIRECTION ( 'NONE',  ( -0.000000000000000000, -0.000000000000000000, 1.000000000000000000 ) ) ;
#532 = CARTESIAN_POINT ( 'NONE',  ( 2.085149186721616310, -10.29087716713760869, 0.000000000000000000 ) ) ;
#533 = LOCAL_TIME ( 11, 0, 51.00000000000000000, #589 ) ;
#534 = EDGE_LOOP ( 'NONE', ( #2543, #3473, #1896, #3192 ) ) ;
#535 = PLANE ( 'NONE',  #918 ) ;
#536 = LINE ( 'NONE', #1848, #1032 ) ;
#537 = ORIENTED_EDGE ( 'NONE', *, *, #2208, .T. ) ;
#538 = ORIENTED_EDGE ( 'NONE', *, *, #1057, .T. ) ;
#539 = CARTESIAN_POINT ( 'NONE',  ( -2.070630938732226145, 11.82000370201147454, 7.000000000000000000 ) ) ;
#540 = ORIENTED_EDGE ( 'NONE', *, *, #810, .F. ) ;
#541 = ORIENTED_EDGE ( 'NONE', *, *, #2446, .T. ) ;
#542 = CARTESIAN_POINT ( 'NONE',  ( -0.9662303906370903750, -10.29135985382434448, 7.000000000000000000 ) ) ;
#543 = CARTESIAN_POINT ( 'NONE',  ( -5.460564090080127109, 8.077421607055521591, 7.000000000000000000 ) ) ;
#544 = EDGE_CURVE ( 'NONE', #122, #2010, #3453, .T. ) ;
#545 = DIRECTION ( 'NONE',  ( 1.000000000000000000, 0.000000000000000000, 0.000000000000000000 ) ) ;
#546 = DIRECTION ( 'NONE',  ( 0.9837833753134502812, -0.1793607271865139963, 0.000000000000000000 ) ) ;
#547 = CARTESIAN_POINT ( 'NONE',  ( 5.798475885307114552, -10.96788085885701847, -1.067919103556130844 ) ) ;
#548 = EDGE_CURVE ( 'NONE', #3173, #3316, #1701, .T. ) ;
#549 = ORIENTED_EDGE ( 'NONE', *, *, #45, .T. ) ;
#550 = CYLINDRICAL_SURFACE ( 'NONE', #1487, 12.00000000000000178 ) ;
#551 = DATE_TIME_ROLE ( 'classification_date' ) ;
#552 = CARTESIAN_POINT ( 'NONE',  ( 0.6555888821085128493, 10.31580787075611561, 0.000000000000000000 ) ) ;
#553 = DIRECTION ( 'NONE',  ( -0.000000000000000000, 0.000000000000000000, 1.000000000000000000 ) ) ;
#554 = ORIENTED_EDGE ( 'NONE', *, *, #1299, .F. ) ;
#555 = ORIENTED_EDGE ( 'NONE', *, *, #786, .T. ) ;
#556 = CARTESIAN_POINT ( 'NONE',  ( 0.000000000000000000, 0.000000000000000000, 7.000000000000000000 ) ) ;
#557 = CARTESIAN_POINT ( 'NONE',  ( 0.000000000000000000, 8.000000000000000000, -3.000000000000001776 ) ) ;
#558 = CARTESIAN_POINT ( 'NONE',  ( -11.61202473089405629, 3.026694839111618851, 0.000000000000000000 ) ) ;
#559 = EDGE_CURVE ( 'NONE', #2682, #2564, #1255, .T. ) ;
#560 = CARTESIAN_POINT ( 'NONE',  ( -10.30410784652952749, -0.8191765962152178782, 7.000000000000000000 ) ) ;
#561 = DIRECTION ( 'NONE',  ( -0.000000000000000000, -0.000000000000000000, 1.000000000000000000 ) ) ;
#562 = EDGE_LOOP ( 'NONE', ( #1529, #474, #707, #2561 ) ) ;
#563 = ORIENTED_EDGE ( 'NONE', *, *, #1133, .T. ) ;
#564 = CIRCLE ( 'NONE', #1867, 3.762221576582364335 ) ;
#565 = DIRECTION ( 'NONE',  ( 0.4154150130018841591, 0.9096319953545193293, 0.000000000000000000 ) ) ;
#566 = EDGE_CURVE ( 'NONE', #2564, #2682, #806, .T. ) ;
#567 = CIRCLE ( 'NONE', #738, 2.000000000000000000 ) ;
#568 = CARTESIAN_POINT ( 'NONE',  ( -4.751084474448957096, 9.180026422911224060, 7.000000000000000000 ) ) ;
#569 = AXIS2_PLACEMENT_3D ( 'NONE', #253, #2381, #201 ) ;
#570 = CIRCLE ( 'NONE', #2755, 2.000000000000000444 ) ;
#571 = EDGE_CURVE ( 'NONE', #1782, #931, #1765, .T. ) ;
#572 = CARTESIAN_POINT ( 'NONE',  ( 6.000000000000000000, 0.000000000000000000, 0.4999999999999995559 ) ) ;
#573 = EDGE_LOOP ( 'NONE', ( #3080, #2313, #2734, #1162 ) ) ;
#574 = CIRCLE ( 'NONE', #3394, 9.750000000000000000 ) ;
#575 = ORIENTED_EDGE ( 'NONE', *, *, #1760, .F. ) ;
#576 = AXIS2_PLACEMENT_3D ( 'NONE', #1297, #951, #1282 ) ;
#577 = AXIS2_PLACEMENT_3D ( 'NONE', #2765, #1737, #2797 ) ;
#578 = CIRCLE ( 'NONE', #2993, 1.050000000000524514 ) ;
#579 = CARTESIAN_POINT ( 'NONE',  ( -3.106632694473850265, 10.31580787075611561, 7.000000000000000000 ) ) ;
#580 = CARTESIAN_POINT ( 'NONE',  ( -9.891682374222906304, -6.793719143995277321, 7.000000000000000000 ) ) ;
#581 = AXIS2_PLACEMENT_3D ( 'NONE', #2856, #752, #2894 ) ;
#582 = DIRECTION ( 'NONE',  ( -0.9594929736145012544, 0.2817325568414162373, 0.000000000000000000 ) ) ;
#583 = CIRCLE ( 'NONE', #3460, 12.00000000000000355 ) ;
#584 = FACE_OUTER_BOUND ( 'NONE', #905, .T. ) ;
#585 = CARTESIAN_POINT ( 'NONE',  ( 11.42879593039923236, -2.083667197862063780, 5.000000000000000000 ) ) ;
#586 = ORIENTED_EDGE ( 'NONE', *, *, #2044, .F. ) ;
#587 = AXIS2_PLACEMENT_3D ( 'NONE', #1194, #2198, #3349 ) ;
#588 = DIRECTION ( 'NONE',  ( -0.000000000000000000, -0.000000000000000000, -1.000000000000000000 ) ) ;
#589 = COORDINATED_UNIVERSAL_TIME_OFFSET ( 8, 0, .AHEAD. ) ;
#590 = CIRCLE ( 'NONE', #2557, 1.050000000000253841 ) ;
#591 = CARTESIAN_POINT ( 'NONE',  ( -9.655930361154716479, -3.688996837790550209, 0.000000000000000000 ) ) ;
#592 = CARTESIAN_POINT ( 'NONE',  ( -5.500000000000000000, 6.735557395310442023E-16, 0.4999999999999995559 ) ) ;
#593 = LINE ( 'NONE', #828, #3410 ) ;
#594 = ORIENTED_EDGE ( 'NONE', *, *, #2636, .F. ) ;
#595 = ORIENTED_EDGE ( 'NONE', *, *, #566, .T. ) ;
#596 = EDGE_LOOP ( 'NONE', ( #3323, #2759, #3289, #3387 ) ) ;
#597 = ADVANCED_FACE ( 'NONE', ( #1061 ), #2151, .T. ) ;
#598 = DIRECTION ( 'NONE',  ( 1.000000000000000000, 0.000000000000000000, 0.000000000000000000 ) ) ;
#599 = CARTESIAN_POINT ( 'NONE',  ( 5.656854249492959674, -5.656854249492140774, -3.000000000000001776 ) ) ;
#600 = DIRECTION ( 'NONE',  ( -0.000000000000000000, -0.000000000000000000, 1.000000000000000000 ) ) ;
#601 = CARTESIAN_POINT ( 'NONE',  ( -3.714609627610714782, 9.014664459338559865, 7.000000000000000000 ) ) ;
#602 = DIRECTION ( 'NONE',  ( -0.000000000000000000, -0.000000000000000000, 1.000000000000000000 ) ) ;
#603 = ORIENTED_EDGE ( 'NONE', *, *, #1009, .T. ) ;
#604 = CARTESIAN_POINT ( 'NONE',  ( -4.606854249491110664, -5.656854249492621278, -3.000000000000001776 ) ) ;
#605 = FACE_OUTER_BOUND ( 'NONE', #311, .T. ) ;
#606 = CARTESIAN_POINT ( 'NONE',  ( -2.528598933626911904, -9.416405228794101134, 0.000000000000000000 ) ) ;
#607 = ORIENTED_EDGE ( 'NONE', *, *, #1801, .T. ) ;
#608 = ORIENTED_EDGE ( 'NONE', *, *, #2442, .F. ) ;
#609 = CARTESIAN_POINT ( 'NONE',  ( 19.56752592068166052, -13.10901714735680557, 2.963618981130439423 ) ) ;
#610 = CYLINDRICAL_SURFACE ( 'NONE', #3128, 9.750000000000000000 ) ;
#611 = ADVANCED_FACE ( 'NONE', ( #297 ), #1394, .T. ) ;
#612 = EDGE_LOOP ( 'NONE', ( #1547, #1670 ) ) ;
#613 = ADVANCED_FACE ( 'NONE', ( #43 ), #3279, .T. ) ;
#614 = DIRECTION ( 'NONE',  ( 1.000000000000000000, 0.000000000000000000, 0.000000000000000000 ) ) ;
#615 = CARTESIAN_POINT ( 'NONE',  ( 18.61625131124322508, -10.25533123026898430, 5.000000000000000000 ) ) ;
#616 = EDGE_CURVE ( 'NONE', #838, #2948, #1144, .T. ) ;
#617 = CARTESIAN_POINT ( 'NONE',  ( 5.656854249492959674, -5.656854249492140774, -3.000000000000001776 ) ) ;
#618 = CARTESIAN_POINT ( 'NONE',  ( -9.111247433184743727, 4.881686083719696256, 0.000000000000000000 ) ) ;
#619 = ORIENTED_EDGE ( 'NONE', *, *, #985, .T. ) ;
#620 = CYLINDRICAL_SURFACE ( 'NONE', #414, 12.00000000000000178 ) ;
#621 = DESIGN_CONTEXT ( 'detailed design', #1512, 'design' ) ;
#622 = DIRECTION ( 'NONE',  ( 0.000000000000000000, 0.000000000000000000, -1.000000000000000000 ) ) ;
#623 = PRODUCT_DEFINITION ( '未知', '', #2949, #621 ) ;
#624 = DIRECTION ( 'NONE',  ( -0.1793607271865128583, -0.9837833753134505033, 0.000000000000000000 ) ) ;
#625 = DIRECTION ( 'NONE',  ( 1.000000000000000000, 0.000000000000000000, 0.000000000000000000 ) ) ;
#626 = TOROIDAL_SURFACE ( 'NONE', #1082, 11.88281249999999112, 2.000000000000000000 ) ;
#627 = AXIS2_PLACEMENT_3D ( 'NONE', #1713, #2773, #369 ) ;
#628 = ORIENTED_EDGE ( 'NONE', *, *, #2044, .T. ) ;
#629 = CIRCLE ( 'NONE', #2479, 9.750000000000000000 ) ;
#630 = AXIS2_PLACEMENT_3D ( 'NONE', #96, #1177, #2246 ) ;
#631 = DIRECTION ( 'NONE',  ( 0.000000000000000000, 0.000000000000000000, 1.000000000000000000 ) ) ;
#632 = CARTESIAN_POINT ( 'NONE',  ( -9.762736809034956664, -3.396271309276113648, 7.000000000000000000 ) ) ;
#633 = CIRCLE ( 'NONE', #2377, 1.050000000000703260 ) ;
#634 = EDGE_CURVE ( 'NONE', #2168, #2682, #2763, .T. ) ;
#635 = CYLINDRICAL_SURFACE ( 'NONE', #627, 3.762221576582363003 ) ;
#636 = DIRECTION ( 'NONE',  ( -0.9837833753134503922, 0.1793607271865129416, -0.000000000000000000 ) ) ;
#637 = ORIENTED_EDGE ( 'NONE', *, *, #250, .F. ) ;
#638 = EDGE_CURVE ( 'NONE', #1179, #325, #1086, .T. ) ;
#639 = AXIS2_PLACEMENT_3D ( 'NONE', #2521, #2740, #2186 ) ;
#640 = LINE ( 'NONE', #2529, #1654 ) ;
#641 = DIRECTION ( 'NONE',  ( -0.000000000000000000, -0.000000000000000000, 1.000000000000000000 ) ) ;
#642 = AXIS2_PLACEMENT_3D ( 'NONE', #2080, #2878, #2697 ) ;
#643 = ORIENTED_EDGE ( 'NONE', *, *, #1457, .T. ) ;
#644 = CARTESIAN_POINT ( 'NONE',  ( -7.366847990940307511, 7.250878532086780126, 7.000000000000000000 ) ) ;
#645 = VECTOR ( 'NONE', #1687, 1000.000000000000000 ) ;
#646 = FACE_OUTER_BOUND ( 'NONE', #1302, .T. ) ;
#647 = ORIENTED_EDGE ( 'NONE', *, *, #2401, .T. ) ;
#648 = VERTEX_POINT ( 'NONE', #1939 ) ;
#649 = FACE_BOUND ( 'NONE', #1997, .T. ) ;
#650 = FACE_OUTER_BOUND ( 'NONE', #1957, .T. ) ;
#651 = ORIENTED_EDGE ( 'NONE', *, *, #2655, .T. ) ;
#652 = DIRECTION ( 'NONE',  ( -0.9837833753134505033, 0.1793607271865129693, -1.066620072769965533E-16 ) ) ;
#653 = DIRECTION ( 'NONE',  ( -0.000000000000000000, -0.000000000000000000, -1.000000000000000000 ) ) ;
#654 = EDGE_CURVE ( 'NONE', #3470, #2680, #881, .T. ) ;
#655 = ORIENTED_EDGE ( 'NONE', *, *, #1862, .F. ) ;
#656 = DIRECTION ( 'NONE',  ( -1.000000000000000000, 0.000000000000000000, 0.000000000000000000 ) ) ;
#657 = DIRECTION ( 'NONE',  ( 0.000000000000000000, 0.000000000000000000, 1.000000000000000000 ) ) ;
#658 = ADVANCED_FACE ( 'NONE', ( #1708 ), #518, .T. ) ;
#659 = ORIENTED_EDGE ( 'NONE', *, *, #50, .F. ) ;
#660 = CARTESIAN_POINT ( 'NONE',  ( 1.739871208513549483, 9.534758862399472790, 5.493192909851689620 ) ) ;
#661 = DIRECTION ( 'NONE',  ( 1.000000000000000000, 0.000000000000000000, 0.000000000000000000 ) ) ;
#662 = EDGE_LOOP ( 'NONE', ( #2082, #2283, #737, #2527 ) ) ;
#663 = ORIENTED_EDGE ( 'NONE', *, *, #638, .F. ) ;
#664 = CARTESIAN_POINT ( 'NONE',  ( -10.11750779506746234, 2.117008461354665361, 7.000000000000000000 ) ) ;
#665 = DIRECTION ( 'NONE',  ( -0.000000000000000000, 0.000000000000000000, 1.000000000000000000 ) ) ;
#666 = DIRECTION ( 'NONE',  ( -0.1423148382732887796, 0.9898214418809321291, 0.000000000000000000 ) ) ;
#667 = EDGE_LOOP ( 'NONE', ( #1076, #2119, #859, #3087 ) ) ;
#668 = ADVANCED_FACE ( 'NONE', ( #3008 ), #381, .T. ) ;
#669 = ORIENTED_EDGE ( 'NONE', *, *, #440, .T. ) ;
#670 = DIRECTION ( 'NONE',  ( -0.1793607271865129416, -0.9837833753134505033, 0.000000000000000000 ) ) ;
#671 = DIRECTION ( 'NONE',  ( 1.000000000000000000, 0.000000000000000000, 0.000000000000000000 ) ) ;
#672 = ORIENTED_EDGE ( 'NONE', *, *, #872, .F. ) ;
#673 = EDGE_CURVE ( 'NONE', #1745, #1562, #1595, .T. ) ;
#674 = DIRECTION ( 'NONE',  ( 0.000000000000000000, 0.000000000000000000, 1.000000000000000000 ) ) ;
#675 = DIRECTION ( 'NONE',  ( 0.8412535328311805394, 0.5406408174555985546, 0.000000000000000000 ) ) ;
#676 = B_SPLINE_CURVE_WITH_KNOTS ( 'NONE', 3,
 ( #2121, #2863, #213, #714, #1289, #3412, #2584, #2360, #493, #996, #2102, #3390, #1573, #2637, #3194, #975 ),
 .UNSPECIFIED., .F., .F.,
 ( 4, 2, 2, 2, 2, 2, 2, 4 ),
 ( 0.000000000000000000, 0.0004035587453233729937, 0.0008071174906467459874, 0.001210676235970118819, 0.001614234981293491975, 0.002421352471940243709, 0.002824911217263619250, 0.003228469962586995225 ),
 .UNSPECIFIED. ) ;
#677 = ORIENTED_EDGE ( 'NONE', *, *, #1331, .T. ) ;
#678 = ORIENTED_EDGE ( 'NONE', *, *, #2907, .F. ) ;
#679 = EDGE_CURVE ( 'NONE', #1390, #1134, #1424, .T. ) ;
#680 = DIRECTION ( 'NONE',  ( -0.000000000000000000, 0.000000000000000000, 1.000000000000000000 ) ) ;
#681 = CARTESIAN_POINT ( 'NONE',  ( 28.27472433719121980, -13.03272187744756216, 3.799999999999999822 ) ) ;
#682 = ORIENTED_EDGE ( 'NONE', *, *, #2800, .T. ) ;
#683 = EDGE_CURVE ( 'NONE', #1849, #2876, #2817, .T. ) ;
#684 = VERTEX_POINT ( 'NONE', #911 ) ;
#685 = AXIS2_PLACEMENT_3D ( 'NONE', #2673, #2462, #2990 ) ;
#686 = CARTESIAN_POINT ( 'NONE',  ( 28.74728463471695505, -5.560182542781902271, -1.100000000000000311 ) ) ;
#687 = DIRECTION ( 'NONE',  ( 0.000000000000000000, 0.000000000000000000, 1.000000000000000000 ) ) ;
#688 = VECTOR ( 'NONE', #282, 1000.000000000000000 ) ;
#689 = CARTESIAN_POINT ( 'NONE',  ( -4.380276841034158153, -8.710664429071977466, 7.000000000000000000 ) ) ;
#690 = VERTEX_POINT ( 'NONE', #933 ) ;
#691 = AXIS2_PLACEMENT_3D ( 'NONE', #1748, #2526, #938 ) ;
#692 = CARTESIAN_POINT ( 'NONE',  ( -6.706854249492492315, -5.656854249492621278, 0.000000000000000000 ) ) ;
#693 = CARTESIAN_POINT ( 'NONE',  ( -7.999999999999661604, -3.405706544451890981E-13, -3.000000000000001776 ) ) ;
#694 = DIRECTION ( 'NONE',  ( -0.000000000000000000, 0.000000000000000000, 1.000000000000000000 ) ) ;
#695 = CIRCLE ( 'NONE', #1700, 12.00000000000000178 ) ;
#696 = AXIS2_PLACEMENT_3D ( 'NONE', #2171, #2917, #1325 ) ;
#697 = ORIENTED_EDGE ( 'NONE', *, *, #1514, .T. ) ;
#698 = CARTESIAN_POINT ( 'NONE',  ( -1.050000000000024247, -8.000000000000000000, 6.976048747671445227 ) ) ;
#699 = AXIS2_PLACEMENT_3D ( 'NONE', #1221, #1767, #3039 ) ;
#700 = CARTESIAN_POINT ( 'NONE',  ( -5.025630336801854448, 9.032647924419228147, 7.000000000000000000 ) ) ;
#701 = ORIENTED_EDGE ( 'NONE', *, *, #2289, .F. ) ;
#702 = ORIENTED_EDGE ( 'NONE', *, *, #72, .T. ) ;
#703 = CARTESIAN_POINT ( 'NONE',  ( 21.57570330982069251, 5.977094462402949837, 1.800000000000000044 ) ) ;
#704 =( NAMED_UNIT ( * ) SI_UNIT ( $, .STERADIAN. ) SOLID_ANGLE_UNIT ( ) );
#705 = CIRCLE ( 'NONE', #2270, 9.750000000000000000 ) ;
#706 = AXIS2_PLACEMENT_3D ( 'NONE', #787, #3489, #259 ) ;
#707 = ORIENTED_EDGE ( 'NONE', *, *, #1253, .T. ) ;
#708 = DIRECTION ( 'NONE',  ( 1.000000000000000000, 0.000000000000000000, 0.000000000000000000 ) ) ;
#709 = LOCAL_TIME ( 11, 0, 51.00000000000000000, #2596 ) ;
#710 = LINE ( 'NONE', #971, #2484 ) ;
#711 = ORIENTED_EDGE ( 'NONE', *, *, #2889, .F. ) ;
#712 = EDGE_CURVE ( 'NONE', #3004, #890, #2427, .T. ) ;
#713 = FACE_OUTER_BOUND ( 'NONE', #1284, .T. ) ;
#714 = CARTESIAN_POINT ( 'NONE',  ( -2.509345360233319777, -9.351187304463973504, 5.534241219205949136 ) ) ;
#715 = DIRECTION ( 'NONE',  ( -0.000000000000000000, -0.000000000000000000, -1.000000000000000000 ) ) ;
#716 = CARTESIAN_POINT ( 'NONE',  ( 23.68642864870550468, 4.434225333720800855, 3.605308844430226145 ) ) ;
#717 = DIRECTION ( 'NONE',  ( -0.000000000000000000, -0.000000000000000000, 1.000000000000000000 ) ) ;
#718 = ORIENTED_EDGE ( 'NONE', *, *, #3406, .F. ) ;
#719 = ORIENTED_EDGE ( 'NONE', *, *, #1704, .T. ) ;
#720 = CYLINDRICAL_SURFACE ( 'NONE', #1261, 9.750000000000000000 ) ;
#721 = EDGE_CURVE ( 'NONE', #1073, #2614, #1878, .T. ) ;
#722 = DIRECTION ( 'NONE',  ( 0.000000000000000000, 0.000000000000000000, 1.000000000000000000 ) ) ;
#723 = ORIENTED_EDGE ( 'NONE', *, *, #2079, .F. ) ;
#724 = ADVANCED_FACE ( 'NONE', ( #3059, #649, #2267, #1726, #1146, #61, #2784, #1743, #3350, #2008 ), #2803, .F. ) ;
#725 = DIRECTION ( 'NONE',  ( -1.000000000000000000, 0.000000000000000000, 0.000000000000000000 ) ) ;
#726 = CARTESIAN_POINT ( 'NONE',  ( 0.000000000000000000, 0.000000000000000000, 7.000000000000000000 ) ) ;
#727 = ADVANCED_FACE ( 'NONE', ( #2472 ), #1676, .T. ) ;
#728 = FACE_OUTER_BOUND ( 'NONE', #662, .T. ) ;
#729 = CARTESIAN_POINT ( 'NONE',  ( 21.03762112826115427, 3.025744336462599993, 7.000000000000000000 ) ) ;
#730 = EDGE_LOOP ( 'NONE', ( #1293, #451, #697, #2045 ) ) ;
#731 = ORIENTED_EDGE ( 'NONE', *, *, #566, .F. ) ;
#732 = CARTESIAN_POINT ( 'NONE',  ( 19.27669229383333871, -11.00620918873853249, 7.000000000000000000 ) ) ;
#733 = CALENDAR_DATE ( 2026, 15, 9 ) ;
#734 = ORIENTED_EDGE ( 'NONE', *, *, #1715, .T. ) ;
#735 = CARTESIAN_POINT ( 'NONE',  ( -5.656854249491801490, -5.656854249492621278, 7.000000000000000000 ) ) ;
#736 = ORIENTED_EDGE ( 'NONE', *, *, #778, .F. ) ;
#737 = ORIENTED_EDGE ( 'NONE', *, *, #548, .T. ) ;
#738 = AXIS2_PLACEMENT_3D ( 'NONE', #360, #1911, #622 ) ;
#739 = DIRECTION ( 'NONE',  ( -0.000000000000000000, -0.000000000000000000, 1.000000000000000000 ) ) ;
#740 = DIRECTION ( 'NONE',  ( -0.8412535328311840921, 0.5406408174555930035, 0.000000000000000000 ) ) ;
#741 = ADVANCED_FACE ( 'NONE', ( #1408 ), #3297, .F. ) ;
#742 = VECTOR ( 'NONE', #1107, 1000.000000000000000 ) ;
#743 = DIRECTION ( 'NONE',  ( 0.000000000000000000, 0.000000000000000000, 1.000000000000000000 ) ) ;
#744 = AXIS2_PLACEMENT_3D ( 'NONE', #198, #1275, #1661 ) ;
#745 = FACE_OUTER_BOUND ( 'NONE', #261, .T. ) ;
#746 = AXIS2_PLACEMENT_3D ( 'NONE', #1501, #2353, #2923 ) ;
#747 = ORIENTED_EDGE ( 'NONE', *, *, #421, .F. ) ;
#748 = EDGE_CURVE ( 'NONE', #1808, #159, #294, .T. ) ;
#749 = ORIENTED_EDGE ( 'NONE', *, *, #1171, .T. ) ;
#750 = AXIS2_PLACEMENT_3D ( 'NONE', #1967, #2752, #2494 ) ;
#751 = CIRCLE ( 'NONE', #1984, 3.762221576582363003 ) ;
#752 = DIRECTION ( 'NONE',  ( -0.000000000000000000, -0.000000000000000000, -1.000000000000000000 ) ) ;
#753 = APPROVAL_DATE_TIME ( #3187, #2787 ) ;
#754 = DIRECTION ( 'NONE',  ( -0.9837833753134503922, 0.1793607271865129416, -0.000000000000000000 ) ) ;
#755 = AXIS2_PLACEMENT_3D ( 'NONE', #1109, #498, #3212 ) ;
#756 = ORIENTED_EDGE ( 'NONE', *, *, #1544, .T. ) ;
#757 = DIRECTION ( 'NONE',  ( 1.000000000000000000, 0.000000000000000000, 0.000000000000000000 ) ) ;
#758 = VERTEX_POINT ( 'NONE', #1163 ) ;
#759 = VERTEX_POINT ( 'NONE', #2233 ) ;
#760 = AXIS2_PLACEMENT_3D ( 'NONE', #1130, #299, #582 ) ;
#761 = LINE ( 'NONE', #1274, #1028 ) ;
#762 = CARTESIAN_POINT ( 'NONE',  ( -6.706854249492542053, 5.656854249492139886, 0.000000000000000000 ) ) ;
#763 = DIRECTION ( 'NONE',  ( 0.000000000000000000, -0.000000000000000000, -1.000000000000000000 ) ) ;
#764 = EDGE_CURVE ( 'NONE', #2876, #1134, #3312, .T. ) ;
#765 = DIRECTION ( 'NONE',  ( -0.000000000000000000, -0.000000000000000000, -1.000000000000000000 ) ) ;
#766 = VERTEX_POINT ( 'NONE', #3201 ) ;
#767 = DIRECTION ( 'NONE',  ( -0.000000000000000000, 0.000000000000000000, 1.000000000000000000 ) ) ;
#768 = EDGE_CURVE ( 'NONE', #2953, #1624, #862, .T. ) ;
#769 = CARTESIAN_POINT ( 'NONE',  ( 32.24728463471696926, -5.560182542781902271, 3.799999999999999822 ) ) ;
#770 = CARTESIAN_POINT ( 'NONE',  ( 1.025179170153301955, 7.762277312537825935, 7.000000000000000000 ) ) ;
#771 = VERTEX_POINT ( 'NONE', #156 ) ;
#772 = CARTESIAN_POINT ( 'NONE',  ( 31.41353706295520354, 4.183487190537821476, -46.14212683983397056 ) ) ;
#773 = ORIENTED_EDGE ( 'NONE', *, *, #2619, .T. ) ;
#774 = ORIENTED_EDGE ( 'NONE', *, *, #1788, .T. ) ;
#775 = EDGE_CURVE ( 'NONE', #122, #1808, #2705, .T. ) ;
#776 = CARTESIAN_POINT ( 'NONE',  ( -5.656854249491801490, -5.656854249492621278, 0.000000000000000000 ) ) ;
#777 = CARTESIAN_POINT ( 'NONE',  ( 6.706854249493484410, -5.656854249492140774, -3.000000000000001776 ) ) ;
#778 = EDGE_CURVE ( 'NONE', #3457, #1811, #2537, .T. ) ;
#779 = CARTESIAN_POINT ( 'NONE',  ( -4.380276841034158153, -8.710664429071977466, 7.000000000000000000 ) ) ;
#780 = DIRECTION ( 'NONE',  ( 0.9837833753134505033, -0.1793607271865129693, 0.000000000000000000 ) ) ;
#781 = ORIENTED_EDGE ( 'NONE', *, *, #2018, .F. ) ;
#782 = B_SPLINE_CURVE_WITH_KNOTS ( 'NONE', 3,
 ( #698, #1209, #1750, #1775, #445, #431, #1508, #2573, #2136, #3229, #1575, #1842, #2173, #1874, #1359, #1343 ),
 .UNSPECIFIED., .F., .F.,
 ( 4, 2, 2, 2, 2, 2, 2, 4 ),
 ( 0.0003096797311415414489, 0.001136493122127548014, 0.001549899817620549588, 0.001756603165367049291, 0.001963306513113548778, 0.002790119904099548024, 0.003203526599592547864, 0.003616933295085548138 ),
 .UNSPECIFIED. ) ;
#783 = DIRECTION ( 'NONE',  ( 0.000000000000000000, 0.000000000000000000, -1.000000000000000000 ) ) ;
#784 = CARTESIAN_POINT ( 'NONE',  ( 0.000000000000000000, 0.000000000000000000, 6.500000000000000000 ) ) ;
#785 = ORIENTED_EDGE ( 'NONE', *, *, #2865, .T. ) ;
#786 = EDGE_CURVE ( 'NONE', #2302, #2248, #536, .T. ) ;
#787 = CARTESIAN_POINT ( 'NONE',  ( 21.26662968353373984, -3.877274469727201467, 1.800000000000000488 ) ) ;
#788 = ORIENTED_EDGE ( 'NONE', *, *, #3420, .F. ) ;
#789 = ORIENTED_EDGE ( 'NONE', *, *, #94, .F. ) ;
#790 = EDGE_CURVE ( 'NONE', #982, #870, #121, .T. ) ;
#791 = DIRECTION ( 'NONE',  ( -0.000000000000000000, -0.000000000000000000, -1.000000000000000000 ) ) ;
#792 = DIRECTION ( 'NONE',  ( -0.000000000000000000, 0.000000000000000000, 1.000000000000000000 ) ) ;
#793 = DIRECTION ( 'NONE',  ( 1.000000000000000000, 0.000000000000000000, 0.000000000000000000 ) ) ;
#794 = CARTESIAN_POINT ( 'NONE',  ( 0.000000000000000000, 0.000000000000000000, 0.4999999999999995559 ) ) ;
#795 = DIRECTION ( 'NONE',  ( -0.000000000000000000, -0.000000000000000000, 1.000000000000000000 ) ) ;
#796 = EDGE_LOOP ( 'NONE', ( #2163, #413, #1887, #1339, #723 ) ) ;
#797 = VECTOR ( 'NONE', #602, 1000.000000000000000 ) ;
#798 = VERTEX_POINT ( 'NONE', #1618 ) ;
#799 = CARTESIAN_POINT ( 'NONE',  ( 0.000000000000000000, 0.000000000000000000, 0.4999999999999995559 ) ) ;
#800 = AXIS2_PLACEMENT_3D ( 'NONE', #864, #1102, #1379 ) ;
#801 = AXIS2_PLACEMENT_3D ( 'NONE', #693, #1411, #2495 ) ;
#802 = SECURITY_CLASSIFICATION_LEVEL ( 'unclassified' ) ;
#803 = LINE ( 'NONE', #271, #186 ) ;
#804 = ORIENTED_EDGE ( 'NONE', *, *, #1711, .T. ) ;
#805 = CIRCLE ( 'NONE', #2762, 12.00000000000000355 ) ;
#806 = CIRCLE ( 'NONE', #241, 6.000000000000000000 ) ;
#807 = EDGE_LOOP ( 'NONE', ( #948, #1193 ) ) ;
#808 = FACE_OUTER_BOUND ( 'NONE', #351, .T. ) ;
#809 = VECTOR ( 'NONE', #1646, 1000.000000000000000 ) ;
#810 = EDGE_CURVE ( 'NONE', #27, #3446, #2101, .T. ) ;
#811 = ORIENTED_EDGE ( 'NONE', *, *, #2232, .T. ) ;
#812 = ORIENTED_EDGE ( 'NONE', *, *, #571, .F. ) ;
#813 = AXIS2_PLACEMENT_3D ( 'NONE', #3118, #932, #3077 ) ;
#814 = EDGE_CURVE ( 'NONE', #2568, #1915, #803, .T. ) ;
#815 = DIRECTION ( 'NONE',  ( -0.000000000000000000, 0.000000000000000000, 1.000000000000000000 ) ) ;
#816 = AXIS2_PLACEMENT_3D ( 'NONE', #2860, #991, #757 ) ;
#817 = LINE ( 'NONE', #580, #2319 ) ;
#818 = AXIS2_PLACEMENT_3D ( 'NONE', #1003, #2352, #2578 ) ;
#819 = DIRECTION ( 'NONE',  ( -0.000000000000000000, -0.000000000000000000, 1.000000000000000000 ) ) ;
#820 = CARTESIAN_POINT ( 'NONE',  ( -5.500000000000000000, 6.735557395310442023E-16, 6.500000000000000000 ) ) ;
#821 = CYLINDRICAL_SURFACE ( 'NONE', #2422, 2.000000000000000444 ) ;
#822 = ORIENTED_EDGE ( 'NONE', *, *, #2695, .T. ) ;
#823 = DIRECTION ( 'NONE',  ( -0.000000000000000000, -0.000000000000000000, 1.000000000000000000 ) ) ;
#824 = CARTESIAN_POINT ( 'NONE',  ( 5.582683366858618434, 8.892898651474675731, -1.100000000000000089 ) ) ;
#825 = VERTEX_POINT ( 'NONE', #1350 ) ;
#826 = APPROVAL ( #1110, '未指定' ) ;
#827 = ORIENTED_EDGE ( 'NONE', *, *, #2843, .T. ) ;
#828 = CARTESIAN_POINT ( 'NONE',  ( 1.748767090068500396, 9.591887909306141324, 4.999999999999997335 ) ) ;
#829 = ORIENTED_EDGE ( 'NONE', *, *, #3488, .F. ) ;
#830 = ORIENTED_EDGE ( 'NONE', *, *, #1921, .F. ) ;
#831 = EDGE_CURVE ( 'NONE', #2680, #766, #1599, .T. ) ;
#832 = DIRECTION ( 'NONE',  ( 0.9837833753134503922, -0.1793607271865129416, -0.000000000000000000 ) ) ;
#833 = CARTESIAN_POINT ( 'NONE',  ( 0.000000000000000000, 0.000000000000000000, 0.000000000000000000 ) ) ;
#834 = EDGE_CURVE ( 'NONE', #1279, #1524, #499, .T. ) ;
#835 = CARTESIAN_POINT ( 'NONE',  ( 1.050000000000000266, 8.000000000000000000, 7.000000000000000000 ) ) ;
#836 = DIRECTION ( 'NONE',  ( 0.000000000000000000, 0.000000000000000000, 1.000000000000000000 ) ) ;
#837 = LINE ( 'NONE', #3232, #3392 ) ;
#838 = VERTEX_POINT ( 'NONE', #3367 ) ;
#839 = ADVANCED_FACE ( 'NONE', ( #1056 ), #470, .T. ) ;
#840 = CARTESIAN_POINT ( 'NONE',  ( 32.24728463471696926, -5.560182542781902271, -6.200000000000001066 ) ) ;
#841 = PERSON_AND_ORGANIZATION_ROLE ( 'classification_officer' ) ;
#842 = CARTESIAN_POINT ( 'NONE',  ( -2.963700234361556607, 9.288647959786468178, 7.000000000000000000 ) ) ;
#843 = FACE_BOUND ( 'NONE', #612, .T. ) ;
#844 = ORIENTED_EDGE ( 'NONE', *, *, #939, .F. ) ;
#845 = ORIENTED_EDGE ( 'NONE', *, *, #3425, .T. ) ;
#846 = DIRECTION ( 'NONE',  ( -1.000000000000000000, 0.000000000000000000, 0.000000000000000000 ) ) ;
#847 = CARTESIAN_POINT ( 'NONE',  ( 21.03762112826115427, 3.025744336462599993, -7.349486068726557519 ) ) ;
#848 = LINE ( 'NONE', #2989, #2327 ) ;
#849 = CYLINDRICAL_SURFACE ( 'NONE', #685, 3.762221576582363003 ) ;
#850 = DIRECTION ( 'NONE',  ( -0.000000000000000000, -0.000000000000000000, 1.000000000000000000 ) ) ;
#851 = ADVANCED_FACE ( 'NONE', ( #1766 ), #2566, .T. ) ;
#852 = EDGE_LOOP ( 'NONE', ( #3108, #2280, #1986, #1406 ) ) ;
#853 = FACE_OUTER_BOUND ( 'NONE', #1249, .T. ) ;
#854 = VECTOR ( 'NONE', #2679, 1000.000000000000000 ) ;
#855 = DIRECTION ( 'NONE',  ( -0.000000000000000000, -0.000000000000000000, -1.000000000000000000 ) ) ;
#856 = EDGE_CURVE ( 'NONE', #386, #2667, #1180, .T. ) ;
#857 = VECTOR ( 'NONE', #561, 1000.000000000000000 ) ;
#858 = CARTESIAN_POINT ( 'NONE',  ( -5.656854249492281994, 5.656854249492139886, 7.000000000000000000 ) ) ;
#859 = ORIENTED_EDGE ( 'NONE', *, *, #208, .T. ) ;
#860 = AXIS2_PLACEMENT_3D ( 'NONE', #1639, #1062, #332 ) ;
#861 = ORIENTED_EDGE ( 'NONE', *, *, #2412, .T. ) ;
#862 = CIRCLE ( 'NONE', #746, 9.750000000000000000 ) ;
#863 = DIRECTION ( 'NONE',  ( -1.000000000000000000, 0.000000000000000000, 0.000000000000000000 ) ) ;
#864 = CARTESIAN_POINT ( 'NONE',  ( 18.43689058405671233, -11.23911460558243469, 5.000000000000000000 ) ) ;
#865 = VECTOR ( 'NONE', #1232, 1000.000000000000000 ) ;
#866 = CARTESIAN_POINT ( 'NONE',  ( -8.410437171827107150, -6.009179260718303439, 0.000000000000000000 ) ) ;
#867 = CIRCLE ( 'NONE', #2885, 5.500000000000000000 ) ;
#868 = LINE ( 'NONE', #1875, #2036 ) ;
#869 = DIRECTION ( 'NONE',  ( 1.000000000000000000, 0.000000000000000000, 0.000000000000000000 ) ) ;
#870 = VERTEX_POINT ( 'NONE', #238 ) ;
#871 = AXIS2_PLACEMENT_3D ( 'NONE', #2341, #3422, #1005 ) ;
#872 = EDGE_CURVE ( 'NONE', #401, #1682, #3243, .T. ) ;
#873 = CARTESIAN_POINT ( 'NONE',  ( 33.14944218353372918, -3.877274469727201467, 3.799999999999999822 ) ) ;
#874 = AXIS2_PLACEMENT_3D ( 'NONE', #3134, #2301, #2318 ) ;
#875 = DIRECTION ( 'NONE',  ( -0.000000000000000000, -0.000000000000000000, -1.000000000000000000 ) ) ;
#876 = ADVANCED_FACE ( 'NONE', ( #487 ), #2400, .F. ) ;
#877 = CARTESIAN_POINT ( 'NONE',  ( 1.584424339496882883, 8.908725775923208801, 6.541249713792684162 ) ) ;
#878 = DIRECTION ( 'NONE',  ( -1.000000000000000000, 0.000000000000000000, 0.000000000000000000 ) ) ;
#879 = VERTEX_POINT ( 'NONE', #3213 ) ;
#880 = VERTEX_POINT ( 'NONE', #221 ) ;
#881 = LINE ( 'NONE', #893, #1980 ) ;
#882 = DIRECTION ( 'NONE',  ( 0.000000000000000000, -0.000000000000000000, 1.000000000000000000 ) ) ;
#883 = DIRECTION ( 'NONE',  ( 1.000000000000000000, 0.000000000000000000, 0.000000000000000000 ) ) ;
#884 = CARTESIAN_POINT ( 'NONE',  ( 1.343324028180502561, 11.92457464882135376, 0.000000000000000000 ) ) ;
#885 = ORIENTED_EDGE ( 'NONE', *, *, #1587, .T. ) ;
#886 = DIRECTION ( 'NONE',  ( 1.000000000000000000, 0.000000000000000000, 0.000000000000000000 ) ) ;
#887 = CARTESIAN_POINT ( 'NONE',  ( 32.24728463471696926, -5.560182542781902271, -1.100000000000000311 ) ) ;
#888 = CYLINDRICAL_SURFACE ( 'NONE', #349, 2.000000000000000444 ) ;
#889 = CARTESIAN_POINT ( 'NONE',  ( 21.26662968353373984, -3.877274469727201467, 1.800000000000000488 ) ) ;
#890 = VERTEX_POINT ( 'NONE', #887 ) ;
#891 = EDGE_CURVE ( 'NONE', #825, #759, #2254, .T. ) ;
#892 = ORIENTED_EDGE ( 'NONE', *, *, #3400, .F. ) ;
#893 = CARTESIAN_POINT ( 'NONE',  ( 18.07816912968369039, -13.20668135620933192, -46.14212683983397056 ) ) ;
#894 = DIRECTION ( 'NONE',  ( 0.000000000000000000, 0.000000000000000000, 1.000000000000000000 ) ) ;
#895 = EDGE_CURVE ( 'NONE', #1830, #1562, #1471, .T. ) ;
#896 = CARTESIAN_POINT ( 'NONE',  ( 20.85577311804047440, -12.28086414175143837, 3.733909747610347996 ) ) ;
#897 = CARTESIAN_POINT ( 'NONE',  ( 1.748767090068500618, 9.591887909306143101, 5.000000000000000000 ) ) ;
#898 = ORIENTED_EDGE ( 'NONE', *, *, #2018, .T. ) ;
#899 = FACE_OUTER_BOUND ( 'NONE', #2950, .T. ) ;
#900 = DIRECTION ( 'NONE',  ( 0.1793607271865123032, 0.9837833753134505033, 0.000000000000000000 ) ) ;
#901 = CARTESIAN_POINT ( 'NONE',  ( -6.949999999999157296, -3.405706544451890981E-13, -3.000000000000001776 ) ) ;
#902 = CIRCLE ( 'NONE', #456, 3.762221576582363003 ) ;
#903 = CARTESIAN_POINT ( 'NONE',  ( -5.656854249491801490, -5.656854249492621278, -3.000000000000001776 ) ) ;
#904 = ORIENTED_EDGE ( 'NONE', *, *, #3378, .F. ) ;
#905 = EDGE_LOOP ( 'NONE', ( #2369, #1839, #1926, #49 ) ) ;
#906 = AXIS2_PLACEMENT_3D ( 'NONE', #1065, #2905, #2658 ) ;
#907 = ORIENTED_EDGE ( 'NONE', *, *, #285, .T. ) ;
#908 = ADVANCED_FACE ( 'NONE', ( #2414 ), #1633, .T. ) ;
#909 = VECTOR ( 'NONE', #2774, 1000.000000000000000 ) ;
#910 = AXIS2_PLACEMENT_3D ( 'NONE', #2216, #1481, #1426 ) ;
#911 = CARTESIAN_POINT ( 'NONE',  ( -4.606854249492021935, 5.656854249492139886, 7.000000000000000000 ) ) ;
#912 = CARTESIAN_POINT ( 'NONE',  ( 23.31160843039922881, -2.083667197862063780, 5.000000000000000000 ) ) ;
#913 = ORIENTED_EDGE ( 'NONE', *, *, #2916, .T. ) ;
#914 = AXIS2_PLACEMENT_3D ( 'NONE', #912, #3298, #1744 ) ;
#915 = AXIS2_PLACEMENT_3D ( 'NONE', #52, #1669, #2161 ) ;
#916 = EDGE_CURVE ( 'NONE', #1555, #1019, #1089, .T. ) ;
#917 = DIRECTION ( 'NONE',  ( -0.9594929736144992560, 0.2817325568414236758, 0.000000000000000000 ) ) ;
#918 = AXIS2_PLACEMENT_3D ( 'NONE', #1069, #783, #1910 ) ;
#919 = DIRECTION ( 'NONE',  ( -0.1423148382732887240, 0.9898214418809322401, 0.000000000000000000 ) ) ;
#920 = ORIENTED_EDGE ( 'NONE', *, *, #3122, .F. ) ;
#921 = AXIS2_PLACEMENT_3D ( 'NONE', #215, #819, #1063 ) ;
#922 = CARTESIAN_POINT ( 'NONE',  ( 21.98613884511755501, 5.873820702319637377, 2.144445445830922559 ) ) ;
#923 = CARTESIAN_POINT ( 'NONE',  ( 30.49728463471696216, -5.560182542781902271, -6.200000000000001066 ) ) ;
#924 = AXIS2_PLACEMENT_3D ( 'NONE', #1043, #3149, #1271 ) ;
#925 = ORIENTED_EDGE ( 'NONE', *, *, #2847, .T. ) ;
#926 = CARTESIAN_POINT ( 'NONE',  ( 1.676365975397512642, 9.227041868956941784, 6.168250200913212744 ) ) ;
#927 = CC_DESIGN_APPROVAL ( #2787, ( #2949 ) ) ;
#928 = FACE_OUTER_BOUND ( 'NONE', #3092, .T. ) ;
#929 = CC_DESIGN_PERSON_AND_ORGANIZATION_ASSIGNMENT ( #1847, #1334, ( #2949 ) ) ;
#930 = ORIENTED_EDGE ( 'NONE', *, *, #2957, .T. ) ;
#931 = VERTEX_POINT ( 'NONE', #3237 ) ;
#932 = DIRECTION ( 'NONE',  ( 0.000000000000000000, 0.000000000000000000, 1.000000000000000000 ) ) ;
#933 = CARTESIAN_POINT ( 'NONE',  ( 4.606854249492439379, 5.656854249492620390, 0.000000000000000000 ) ) ;
#934 = DIRECTION ( 'NONE',  ( -0.9594929736144991450, 0.2817325568414236203, 0.000000000000000000 ) ) ;
#935 = EDGE_LOOP ( 'NONE', ( #1332, #904, #2556, #1222 ) ) ;
#936 = EDGE_CURVE ( 'NONE', #2604, #2592, #567, .T. ) ;
#937 = CYLINDRICAL_SURFACE ( 'NONE', #1476, 2.999999999999999112 ) ;
#938 = DIRECTION ( 'NONE',  ( -0.1793607271865123032, -0.9837833753134505033, 0.000000000000000000 ) ) ;
#939 = EDGE_CURVE ( 'NONE', #3132, #194, #1541, .T. ) ;
#940 = ORIENTED_EDGE ( 'NONE', *, *, #333, .T. ) ;
#941 = DIRECTION ( 'NONE',  ( 0.000000000000000000, 0.000000000000000000, 1.000000000000000000 ) ) ;
#942 = CYLINDRICAL_SURFACE ( 'NONE', #3272, 9.750000000000000000 ) ;
#943 = VERTEX_POINT ( 'NONE', #1931 ) ;
#944 = EDGE_CURVE ( 'NONE', #648, #2126, #1402, .T. ) ;
#945 = EDGE_LOOP ( 'NONE', ( #2580, #1046, #1053, #412 ) ) ;
#946 = DIRECTION ( 'NONE',  ( -0.6548607339452821030, 0.7557495743542608224, 0.000000000000000000 ) ) ;
#947 = DIRECTION ( 'NONE',  ( 1.000000000000000000, 0.000000000000000000, 0.000000000000000000 ) ) ;
#948 = ORIENTED_EDGE ( 'NONE', *, *, #465, .T. ) ;
#949 = ORIENTED_EDGE ( 'NONE', *, *, #679, .F. ) ;
#950 = DIRECTION ( 'NONE',  ( -0.1423148382732887796, 0.9898214418809321291, 0.000000000000000000 ) ) ;
#951 = DIRECTION ( 'NONE',  ( -0.000000000000000000, 0.000000000000000000, 1.000000000000000000 ) ) ;
#952 = DIRECTION ( 'NONE',  ( -0.000000000000000000, 0.000000000000000000, 1.000000000000000000 ) ) ;
#953 = ORIENTED_EDGE ( 'NONE', *, *, #2023, .F. ) ;
#954 = DIRECTION ( 'NONE',  ( -0.000000000000000000, -0.000000000000000000, 1.000000000000000000 ) ) ;
#955 = CARTESIAN_POINT ( 'NONE',  ( -4.728451967219454488, -10.29135985382434448, 0.000000000000000000 ) ) ;
#956 = CARTESIAN_POINT ( 'NONE',  ( 5.656854249492959674, -5.656854249492140774, 0.000000000000000000 ) ) ;
#957 = ORIENTED_EDGE ( 'NONE', *, *, #3477, .F. ) ;
#958 = DIRECTION ( 'NONE',  ( -0.000000000000000000, -0.000000000000000000, -1.000000000000000000 ) ) ;
#959 = EDGE_CURVE ( 'NONE', #401, #3072, #1948, .T. ) ;
#960 = CARTESIAN_POINT ( 'NONE',  ( -7.218085806415211358, -6.554520370799626683, 7.000000000000000000 ) ) ;
#961 = ORIENTED_EDGE ( 'NONE', *, *, #748, .T. ) ;
#962 = ORIENTED_EDGE ( 'NONE', *, *, #654, .F. ) ;
#963 = DIRECTION ( 'NONE',  ( -0.000000000000000000, -0.000000000000000000, -1.000000000000000000 ) ) ;
#964 = EDGE_CURVE ( 'NONE', #1623, #2041, #902, .T. ) ;
#965 = DIRECTION ( 'NONE',  ( -0.000000000000000000, -0.000000000000000000, -1.000000000000000000 ) ) ;
#966 = ORIENTED_EDGE ( 'NONE', *, *, #2791, .T. ) ;
#967 = VERTEX_POINT ( 'NONE', #324 ) ;
#968 = AXIS2_PLACEMENT_3D ( 'NONE', #174, #3098, #725 ) ;
#969 = DIRECTION ( 'NONE',  ( -0.000000000000000000, -0.000000000000000000, 1.000000000000000000 ) ) ;
#970 = AXIS2_PLACEMENT_3D ( 'NONE', #2708, #2188, #2252 ) ;
#971 = CARTESIAN_POINT ( 'NONE',  ( -9.680416949197244492, 1.162767255169660618, 7.000000000000000000 ) ) ;
#972 = VERTEX_POINT ( 'NONE', #2466 ) ;
#973 = AXIS2_PLACEMENT_3D ( 'NONE', #3276, #832, #2133 ) ;
#974 = CARTESIAN_POINT ( 'NONE',  ( -7.366847990940307511, 7.250878532086780126, 0.000000000000000000 ) ) ;
#975 = CARTESIAN_POINT ( 'NONE',  ( -2.498355715677585742, -7.336260540489353943, 7.000000000000000000 ) ) ;
#976 = DIRECTION ( 'NONE',  ( -0.000000000000000000, -0.000000000000000000, 1.000000000000000000 ) ) ;
#977 = AXIS2_PLACEMENT_3D ( 'NONE', #3369, #952, #3313 ) ;
#978 = VECTOR ( 'NONE', #262, 1000.000000000000000 ) ;
#979 = FACE_OUTER_BOUND ( 'NONE', #512, .T. ) ;
#980 = AXIS2_PLACEMENT_3D ( 'NONE', #799, #22, #3234 ) ;
#981 = CARTESIAN_POINT ( 'NONE',  ( 8.000000000000339284, 3.395909370058713179E-13, 7.000000000000000000 ) ) ;
#982 = VERTEX_POINT ( 'NONE', #1368 ) ;
#983 = ORIENTED_EDGE ( 'NONE', *, *, #834, .F. ) ;
#984 = CIRCLE ( 'NONE', #1884, 5.500000000000000000 ) ;
#985 = EDGE_CURVE ( 'NONE', #1674, #982, #2226, .T. ) ;
#986 = DIRECTION ( 'NONE',  ( 1.000000000000000000, 0.000000000000000000, 0.000000000000000000 ) ) ;
#987 = MECHANICAL_CONTEXT ( 'NONE', #1732, 'mechanical' ) ;
#988 = CIRCLE ( 'NONE', #3180, 5.500000000000000000 ) ;
#989 = EDGE_CURVE ( 'NONE', #1021, #967, #3032, .T. ) ;
#990 = CIRCLE ( 'NONE', #760, 3.762221576582363891 ) ;
#991 = DIRECTION ( 'NONE',  ( 0.000000000000000000, -0.000000000000000000, 1.000000000000000000 ) ) ;
#992 = CC_DESIGN_APPROVAL ( #826, ( #1156 ) ) ;
#993 = ORIENTED_EDGE ( 'NONE', *, *, #444, .T. ) ;
#994 = ADVANCED_FACE ( 'NONE', ( #2178 ), #2729, .T. ) ;
#995 = ORIENTED_EDGE ( 'NONE', *, *, #2148, .F. ) ;
#996 = CARTESIAN_POINT ( 'NONE',  ( -2.372521418986182073, -8.613638167648886679, 6.633671763818862921 ) ) ;
#997 = CARTESIAN_POINT ( 'NONE',  ( 19.27669229383333871, -11.00620918873853249, 5.000000000000000000 ) ) ;
#998 = CARTESIAN_POINT ( 'NONE',  ( 0.000000000000000000, 0.000000000000000000, 0.000000000000000000 ) ) ;
#999 = DIRECTION ( 'NONE',  ( 0.9594929736144972576, 0.2817325568414301151, 0.000000000000000000 ) ) ;
#1000 = VERTEX_POINT ( 'NONE', #1387 ) ;
#1001 = ORIENTED_EDGE ( 'NONE', *, *, #3085, .T. ) ;
#1002 = LINE ( 'NONE', #1296, #1040 ) ;
#1003 = CARTESIAN_POINT ( 'NONE',  ( -10.11750779506746234, 2.117008461354665361, 0.000000000000000000 ) ) ;
#1004 = ORIENTED_EDGE ( 'NONE', *, *, #544, .T. ) ;
#1005 = DIRECTION ( 'NONE',  ( 0.8412535328311805394, 0.5406408174555986657, 0.000000000000000000 ) ) ;
#1006 = ADVANCED_FACE ( 'NONE', ( #3288 ), #2978, .T. ) ;
#1007 = ORIENTED_EDGE ( 'NONE', *, *, #1038, .T. ) ;
#1008 = ORIENTED_EDGE ( 'NONE', *, *, #2519, .F. ) ;
#1009 = EDGE_CURVE ( 'NONE', #1808, #1799, #3016, .T. ) ;
#1010 = DIRECTION ( 'NONE',  ( -0.8412535328311843141, 0.5406408174555928925, 0.000000000000000000 ) ) ;
#1011 = DIRECTION ( 'NONE',  ( -0.000000000000000000, 0.000000000000000000, -1.000000000000000000 ) ) ;
#1012 = DIRECTION ( 'NONE',  ( -1.000000000000000000, 0.000000000000000000, 0.000000000000000000 ) ) ;
#1013 = DIRECTION ( 'NONE',  ( 0.000000000000000000, -0.000000000000000000, 1.000000000000000000 ) ) ;
#1014 = VERTEX_POINT ( 'NONE', #37 ) ;
#1015 = ORIENTED_EDGE ( 'NONE', *, *, #2038, .T. ) ;
#1016 = LINE ( 'NONE', #1527, #473 ) ;
#1017 = APPROVAL_ROLE ( '' ) ;
#1018 = CARTESIAN_POINT ( 'NONE',  ( 10.08036252435762137, 8.072893938461902508, -1.100000000000000089 ) ) ;
#1019 = VERTEX_POINT ( 'NONE', #606 ) ;
#1020 = CARTESIAN_POINT ( 'NONE',  ( -8.960702652603004026, 3.842955629672763607, 7.000000000000000000 ) ) ;
#1021 = VERTEX_POINT ( 'NONE', #2745 ) ;
#1022 = EDGE_CURVE ( 'NONE', #1745, #1245, #1684, .T. ) ;
#1023 = AXIS2_PLACEMENT_3D ( 'NONE', #71, #1417, #2965 ) ;
#1024 = DIRECTION ( 'NONE',  ( 1.000000000000000000, 0.000000000000000000, 0.000000000000000000 ) ) ;
#1025 = DIRECTION ( 'NONE',  ( 1.000000000000000000, 0.000000000000000000, 0.000000000000000000 ) ) ;
#1026 = CIRCLE ( 'NONE', #3274, 9.750000000000000000 ) ;
#1027 = EDGE_CURVE ( 'NONE', #1849, #1067, #3339, .T. ) ;
#1028 = VECTOR ( 'NONE', #479, 1000.000000000000000 ) ;
#1029 = DIRECTION ( 'NONE',  ( -0.8412535328311842031, 0.5406408174555928925, 0.000000000000000000 ) ) ;
#1030 = CIRCLE ( 'NONE', #3334, 3.762221576582363891 ) ;
#1031 = DIRECTION ( 'NONE',  ( 0.000000000000000000, 0.000000000000000000, 1.000000000000000000 ) ) ;
#1032 = VECTOR ( 'NONE', #3469, 1000.000000000000000 ) ;
#1033 = EDGE_LOOP ( 'NONE', ( #1441, #788, #2130, #1794 ) ) ;
#1034 = VECTOR ( 'NONE', #2515, 1000.000000000000227 ) ;
#1035 = VECTOR ( 'NONE', #717, 1000.000000000000000 ) ;
#1036 = DIRECTION ( 'NONE',  ( -0.000000000000000000, -0.000000000000000000, -1.000000000000000000 ) ) ;
#1037 = CALENDAR_DATE ( 2026, 15, 9 ) ;
#1038 = EDGE_CURVE ( 'NONE', #3145, #3341, #1370, .T. ) ;
#1039 = CARTESIAN_POINT ( 'NONE',  ( 8.535135493643149829, 8.354615556098398343, -0.9768195319292564127 ) ) ;
#1040 = VECTOR ( 'NONE', #2039, 1000.000000000000114 ) ;
#1041 = VERTEX_POINT ( 'NONE', #1437 ) ;
#1042 = CIRCLE ( 'NONE', #3345, 3.000000000000002665 ) ;
#1043 = CARTESIAN_POINT ( 'NONE',  ( 30.49728463471696216, -5.560182542781902271, -1.100000000000000311 ) ) ;
#1044 = CC_DESIGN_PERSON_AND_ORGANIZATION_ASSIGNMENT ( #3485, #841, ( #1156 ) ) ;
#1045 = ORIENTED_EDGE ( 'NONE', *, *, #1369, .T. ) ;
#1046 = ORIENTED_EDGE ( 'NONE', *, *, #3085, .F. ) ;
#1047 = AXIS2_PLACEMENT_3D ( 'NONE', #1554, #1783, #2620 ) ;
#1048 = CARTESIAN_POINT ( 'NONE',  ( 6.706854249493484410, -5.656854249492140774, 0.000000000000000000 ) ) ;
#1049 = DIRECTION ( 'NONE',  ( 0.000000000000000000, 0.000000000000000000, 1.000000000000000000 ) ) ;
#1050 = CARTESIAN_POINT ( 'NONE',  ( 31.75839072154377263, 1.701630730350204290, 3.799999999999999822 ) ) ;
#1051 = CARTESIAN_POINT ( 'NONE',  ( 21.26662968353373984, -3.877274469727201467, 3.799999999999999822 ) ) ;
#1052 = EDGE_CURVE ( 'NONE', #2667, #1067, #1170, .T. ) ;
#1053 = ORIENTED_EDGE ( 'NONE', *, *, #2124, .F. ) ;
#1054 = CARTESIAN_POINT ( 'NONE',  ( 0.000000000000000000, 0.000000000000000000, 7.000000000000000000 ) ) ;
#1055 = PERSON_AND_ORGANIZATION_ROLE ( 'design_supplier' ) ;
#1056 = FACE_OUTER_BOUND ( 'NONE', #165, .T. ) ;
#1057 = EDGE_CURVE ( 'NONE', #328, #1584, #2263, .T. ) ;
#1058 = ORIENTED_EDGE ( 'NONE', *, *, #2086, .T. ) ;
#1059 = LINE ( 'NONE', #2899, #3347 ) ;
#1060 = VERTEX_POINT ( 'NONE', #1467 ) ;
#1061 = FACE_OUTER_BOUND ( 'NONE', #233, .T. ) ;
#1062 = DIRECTION ( 'NONE',  ( 0.7508779584695514098, 0.6604409825901166320, -0.000000000000000000 ) ) ;
#1063 = DIRECTION ( 'NONE',  ( 1.000000000000000000, 0.000000000000000000, 0.000000000000000000 ) ) ;
#1064 = DIRECTION ( 'NONE',  ( 0.9594929736144971466, 0.2817325568414302261, 0.000000000000000000 ) ) ;
#1065 = CARTESIAN_POINT ( 'NONE',  ( -0.9662303906370903750, -10.29135985382434448, 7.000000000000000000 ) ) ;
#1066 = ORIENTED_EDGE ( 'NONE', *, *, #1850, .T. ) ;
#1067 = VERTEX_POINT ( 'NONE', #2312 ) ;
#1068 = EDGE_CURVE ( 'NONE', #2041, #982, #751, .T. ) ;
#1069 = CARTESIAN_POINT ( 'NONE',  ( 0.000000000000000000, 0.000000000000000000, -1.100000000000000089 ) ) ;
#1070 = DIRECTION ( 'NONE',  ( -0.000000000000000000, -0.000000000000000000, 1.000000000000000000 ) ) ;
#1071 = ORIENTED_EDGE ( 'NONE', *, *, #1247, .F. ) ;
#1072 = EDGE_CURVE ( 'NONE', #2790, #2627, #1824, .T. ) ;
#1073 = VERTEX_POINT ( 'NONE', #1793 ) ;
#1074 = CARTESIAN_POINT ( 'NONE',  ( -5.316835701505224776, 10.75784635153335245, 0.000000000000000000 ) ) ;
#1075 = EDGE_LOOP ( 'NONE', ( #1278, #497 ) ) ;
#1076 = ORIENTED_EDGE ( 'NONE', *, *, #1711, .F. ) ;
#1077 = DIRECTION ( 'NONE',  ( 1.000000000000000000, 0.000000000000000000, 0.000000000000000000 ) ) ;
#1078 = DIRECTION ( 'NONE',  ( 0.000000000000000000, -0.000000000000000000, 1.000000000000000000 ) ) ;
#1079 = DIRECTION ( 'NONE',  ( -0.000000000000000000, 0.000000000000000000, 1.000000000000000000 ) ) ;
#1080 = FACE_OUTER_BOUND ( 'NONE', #371, .T. ) ;
#1081 = DIRECTION ( 'NONE',  ( -0.9837833753134503922, 0.1793607271865128583, 0.000000000000000000 ) ) ;
#1082 = AXIS2_PLACEMENT_3D ( 'NONE', #2555, #3373, #1167 ) ;
#1083 = ORIENTED_EDGE ( 'NONE', *, *, #748, .F. ) ;
#1084 = DIRECTION ( 'NONE',  ( -0.6548607339452821030, 0.7557495743542608224, 0.000000000000000000 ) ) ;
#1085 = AXIS2_PLACEMENT_3D ( 'NONE', #263, #1342, #2134 ) ;
#1086 = CIRCLE ( 'NONE', #182, 9.750000000000000000 ) ;
#1087 = APPROVAL_ROLE ( '' ) ;
#1088 = LINE ( 'NONE', #1393, #3268 ) ;
#1089 = LINE ( 'NONE', #1111, #1919 ) ;
#1090 = ADVANCED_FACE ( 'NONE', ( #2278 ), #148, .F. ) ;
#1091 = EDGE_LOOP ( 'NONE', ( #2952, #1596, #383, #3240 ) ) ;
#1092 = AXIS2_PLACEMENT_3D ( 'NONE', #1357, #3009, #316 ) ;
#1093 = AXIS2_PLACEMENT_3D ( 'NONE', #2824, #1861, #1580 ) ;
#1094 = FACE_BOUND ( 'NONE', #135, .T. ) ;
#1095 = VECTOR ( 'NONE', #3047, 1000.000000000000000 ) ;
#1096 = ORIENTED_EDGE ( 'NONE', *, *, #2128, .T. ) ;
#1097 = ORIENTED_EDGE ( 'NONE', *, *, #1738, .F. ) ;
#1098 = EDGE_CURVE ( 'NONE', #1000, #1233, #1358, .T. ) ;
#1099 = AXIS2_PLACEMENT_3D ( 'NONE', #252, #2904, #509 ) ;
#1100 = DIRECTION ( 'NONE',  ( -0.000000000000000000, 0.000000000000000000, 1.000000000000000000 ) ) ;
#1101 = VECTOR ( 'NONE', #1250, 1000.000000000000227 ) ;
#1102 = DIRECTION ( 'NONE',  ( -0.9837833753134507253, 0.1793607271865123587, 0.000000000000000000 ) ) ;
#1103 = EDGE_CURVE ( 'NONE', #880, #3062, #1651, .T. ) ;
#1104 = AXIS2_PLACEMENT_3D ( 'NONE', #889, #3074, #625 ) ;
#1105 = CARTESIAN_POINT ( 'NONE',  ( 31.75839072154377263, 1.701630730350204290, 1.800000000000000044 ) ) ;
#1106 = LINE ( 'NONE', #2959, #2474 ) ;
#1107 = DIRECTION ( 'NONE',  ( -0.000000000000000000, -0.000000000000000000, -1.000000000000000000 ) ) ;
#1108 = ORIENTED_EDGE ( 'NONE', *, *, #106, .T. ) ;
#1109 = CARTESIAN_POINT ( 'NONE',  ( 0.6555888821085128493, 10.31580787075611561, 7.000000000000000000 ) ) ;
#1110 = APPROVAL_STATUS ( 'not_yet_approved' ) ;
#1111 = CARTESIAN_POINT ( 'NONE',  ( -2.528598933626911904, -9.416405228794101134, 7.000000000000000000 ) ) ;
#1112 = DIRECTION ( 'NONE',  ( 0.9837833753134503922, -0.1793607271865128583, -0.000000000000000000 ) ) ;
#1113 = ORIENTED_EDGE ( 'NONE', *, *, #1905, .T. ) ;
#1114 = ORIENTED_EDGE ( 'NONE', *, *, #391, .F. ) ;
#1115 = EDGE_CURVE ( 'NONE', #2854, #1152, #2106, .T. ) ;
#1116 = DIRECTION ( 'NONE',  ( 1.000000000000000000, 0.000000000000000000, 0.000000000000000000 ) ) ;
#1117 = DIRECTION ( 'NONE',  ( -0.000000000000000000, 0.000000000000000000, 1.000000000000000000 ) ) ;
#1118 = DIRECTION ( 'NONE',  ( -0.000000000000000000, 0.000000000000000000, 1.000000000000000000 ) ) ;
#1119 = DIRECTION ( 'NONE',  ( 1.000000000000000000, 0.000000000000000000, 0.000000000000000000 ) ) ;
#1120 = DIRECTION ( 'NONE',  ( -1.000000000000000000, 0.000000000000000000, 0.000000000000000000 ) ) ;
#1121 = EDGE_LOOP ( 'NONE', ( #2405, #1114, #3215, #619 ) ) ;
#1122 = CARTESIAN_POINT ( 'NONE',  ( 23.68642864870550468, 4.434225333720800855, 3.605308844430226145 ) ) ;
#1123 = DIRECTION ( 'NONE',  ( -0.000000000000000000, -0.000000000000000000, -1.000000000000000000 ) ) ;
#1124 = FACE_BOUND ( 'NONE', #1914, .T. ) ;
#1125 = ORIENTED_EDGE ( 'NONE', *, *, #289, .T. ) ;
#1126 = ORIENTED_EDGE ( 'NONE', *, *, #1445, .T. ) ;
#1127 = FACE_OUTER_BOUND ( 'NONE', #2019, .T. ) ;
#1128 = ADVANCED_FACE ( 'NONE', ( #2513 ), #3050, .F. ) ;
#1129 = ORIENTED_EDGE ( 'NONE', *, *, #440, .F. ) ;
#1130 = CARTESIAN_POINT ( 'NONE',  ( -0.9662303906370903750, -10.29135985382434448, 0.000000000000000000 ) ) ;
#1131 = CARTESIAN_POINT ( 'NONE',  ( 30.49728463471696216, -5.560182542781902271, -6.200000000000001066 ) ) ;
#1132 = LINE ( 'NONE', #3263, #688 ) ;
#1133 = EDGE_CURVE ( 'NONE', #1263, #1584, #1999, .T. ) ;
#1134 = VERTEX_POINT ( 'NONE', #3069 ) ;
#1135 = CARTESIAN_POINT ( 'NONE',  ( 11.42879593039923236, -2.083667197862063780, 3.800000000000000266 ) ) ;
#1136 = CARTESIAN_POINT ( 'NONE',  ( -8.394264104813469629, -4.959720772245162834, 7.000000000000000000 ) ) ;
#1137 = ORIENTED_EDGE ( 'NONE', *, *, #2228, .F. ) ;
#1138 = CIRCLE ( 'NONE', #180, 1.050000000000000266 ) ;
#1139 = CARTESIAN_POINT ( 'NONE',  ( -10.32411757120621232, -0.5082176547595769200, 7.000000000000000000 ) ) ;
#1140 = DIRECTION ( 'NONE',  ( 1.000000000000000000, 0.000000000000000000, 0.000000000000000000 ) ) ;
#1141 = ORIENTED_EDGE ( 'NONE', *, *, #3110, .T. ) ;
#1142 = VECTOR ( 'NONE', #636, 1000.000000000000227 ) ;
#1143 = ORIENTED_EDGE ( 'NONE', *, *, #1921, .T. ) ;
#1144 = CIRCLE ( 'NONE', #10, 3.762221576582363447 ) ;
#1145 = CC_DESIGN_PERSON_AND_ORGANIZATION_ASSIGNMENT ( #2063, #3433, ( #1995 ) ) ;
#1146 = FACE_BOUND ( 'NONE', #2028, .T. ) ;
#1147 = DIRECTION ( 'NONE',  ( -1.000000000000000000, 0.000000000000000000, 0.000000000000000000 ) ) ;
#1148 = EDGE_LOOP ( 'NONE', ( #2264, #3255 ) ) ;
#1149 = CIRCLE ( 'NONE', #1602, 9.750000000000000000 ) ;
#1150 = DIRECTION ( 'NONE',  ( -0.000000000000000000, -0.000000000000000000, 1.000000000000000000 ) ) ;
#1151 = DIRECTION ( 'NONE',  ( 1.000000000000000000, 0.000000000000000000, 0.000000000000000000 ) ) ;
#1152 = VERTEX_POINT ( 'NONE', #960 ) ;
#1153 = CIRCLE ( 'NONE', #2662, 0.5000000000000000000 ) ;
#1154 = CARTESIAN_POINT ( 'NONE',  ( 21.78286224933985338, 5.933637133041814948, 1.972766040593951331 ) ) ;
#1155 = EDGE_CURVE ( 'NONE', #1838, #2605, #578, .T. ) ;
#1156 = SECURITY_CLASSIFICATION ( '', '', #802 ) ;
#1157 = DIRECTION ( 'NONE',  ( -0.000000000000000000, -0.000000000000000000, -1.000000000000000000 ) ) ;
#1158 = ORIENTED_EDGE ( 'NONE', *, *, #916, .F. ) ;
#1159 = DIRECTION ( 'NONE',  ( -0.000000000000000000, -0.000000000000000000, 1.000000000000000000 ) ) ;
#1160 = EDGE_CURVE ( 'NONE', #1429, #2598, #2542, .T. ) ;
#1161 = CYLINDRICAL_SURFACE ( 'NONE', #2613, 1.050000000000691047 ) ;
#1162 = ORIENTED_EDGE ( 'NONE', *, *, #3117, .T. ) ;
#1163 = CARTESIAN_POINT ( 'NONE',  ( -11.94254082540289730, -1.172910326318754803, 0.000000000000000000 ) ) ;
#1164 = DIRECTION ( 'NONE',  ( 0.000000000000000000, -0.000000000000000000, -1.000000000000000000 ) ) ;
#1165 = ORIENTED_EDGE ( 'NONE', *, *, #2979, .F. ) ;
#1166 = DIRECTION ( 'NONE',  ( 0.000000000000000000, 0.000000000000000000, 1.000000000000000000 ) ) ;
#1167 = DIRECTION ( 'NONE',  ( 1.000000000000000000, 0.000000000000000000, 0.000000000000000000 ) ) ;
#1168 = ORIENTED_EDGE ( 'NONE', *, *, #3203, .T. ) ;
#1169 = LINE ( 'NONE', #372, #3458 ) ;
#1170 = LINE ( 'NONE', #2813, #1035 ) ;
#1171 = EDGE_CURVE ( 'NONE', #183, #1716, #3326, .T. ) ;
#1172 = CARTESIAN_POINT ( 'NONE',  ( 1.734253018954520442, 9.500402433164691018, 5.614353386776977928 ) ) ;
#1173 = DIRECTION ( 'NONE',  ( 0.9837833753134503922, -0.1793607271865128583, 0.000000000000000000 ) ) ;
#1174 = EDGE_LOOP ( 'NONE', ( #2020, #3365, #1631, #549 ) ) ;
#1175 = ADVANCED_FACE ( 'NONE', ( #1735 ), #942, .T. ) ;
#1176 = ORIENTED_EDGE ( 'NONE', *, *, #1822, .F. ) ;
#1177 = DIRECTION ( 'NONE',  ( -0.000000000000000000, 0.000000000000000000, 1.000000000000000000 ) ) ;
#1178 = DIRECTION ( 'NONE',  ( -0.000000000000000000, -0.000000000000000000, -1.000000000000000000 ) ) ;
#1179 = VERTEX_POINT ( 'NONE', #2034 ) ;
#1180 = B_SPLINE_CURVE_WITH_KNOTS ( 'NONE', 3,
 ( #2643, #770, #3450, #1566 ),
 .UNSPECIFIED., .F., .F.,
 ( 4, 4 ),
 ( 0.000000000000000000, 0.0002090097703414528355 ),
 .UNSPECIFIED. ) ;
#1181 = CARTESIAN_POINT ( 'NONE',  ( 35.14944218353373628, -3.877274469727201467, -3.000000000000000000 ) ) ;
#1182 = LINE ( 'NONE', #3333, #2877 ) ;
#1183 = ORIENTED_EDGE ( 'NONE', *, *, #1933, .F. ) ;
#1184 = CARTESIAN_POINT ( 'NONE',  ( 23.56534134579472095, 4.661943676534631820, 3.508853138342178379 ) ) ;
#1185 = DIRECTION ( 'NONE',  ( -0.6548607339452887643, 0.7557495743542551603, 0.000000000000000000 ) ) ;
#1186 = CARTESIAN_POINT ( 'NONE',  ( 1.045201980997433333, 7.899736253216620874, 6.989039538212210800 ) ) ;
#1187 = AXIS2_PLACEMENT_3D ( 'NONE', #2574, #3130, #1509 ) ;
#1188 = CYLINDRICAL_SURFACE ( 'NONE', #1942, 1.050000000000691047 ) ;
#1189 = EDGE_CURVE ( 'NONE', #1745, #1279, #1304, .T. ) ;
#1190 = VERTEX_POINT ( 'NONE', #3106 ) ;
#1191 = CIRCLE ( 'NONE', #1816, 3.762221576582363003 ) ;
#1192 = VECTOR ( 'NONE', #1150, 1000.000000000000000 ) ;
#1193 = ORIENTED_EDGE ( 'NONE', *, *, #810, .T. ) ;
#1194 = CARTESIAN_POINT ( 'NONE',  ( 21.26662968353373984, -3.877274469727201467, 1.800000000000000488 ) ) ;
#1195 = AXIS2_PLACEMENT_3D ( 'NONE', #100, #1730, #84 ) ;
#1196 = EDGE_CURVE ( 'NONE', #1279, #1014, #235, .T. ) ;
#1197 = AXIS2_PLACEMENT_3D ( 'NONE', #3206, #791, #1588 ) ;
#1198 = DIRECTION ( 'NONE',  ( -1.000000000000000000, 0.000000000000000000, 0.000000000000000000 ) ) ;
#1199 = CARTESIAN_POINT ( 'NONE',  ( 0.000000000000000000, 0.000000000000000000, 3.799999999999999822 ) ) ;
#1200 = ORIENTED_EDGE ( 'NONE', *, *, #2597, .T. ) ;
#1201 = CIRCLE ( 'NONE', #699, 12.00000000000000178 ) ;
#1202 = EDGE_LOOP ( 'NONE', ( #269, #995, #2342, #342, #2419 ) ) ;
#1203 = EDGE_CURVE ( 'NONE', #1263, #2299, #1191, .T. ) ;
#1204 = DIRECTION ( 'NONE',  ( -1.000000000000000000, 0.000000000000000000, 0.000000000000000000 ) ) ;
#1205 = AXIS2_PLACEMENT_3D ( 'NONE', #2839, #3499, #2451 ) ;
#1206 = DIRECTION ( 'NONE',  ( 0.9594929736144972576, 0.2817325568414301151, 0.000000000000000000 ) ) ;
#1207 = ORIENTED_EDGE ( 'NONE', *, *, #1583, .T. ) ;
#1208 = CIRCLE ( 'NONE', #1657, 1.999999999999998668 ) ;
#1209 = CARTESIAN_POINT ( 'NONE',  ( -1.050000000000024025, -8.275793690989369011, 6.933677025548129258 ) ) ;
#1210 = DIRECTION ( 'NONE',  ( 0.000000000000000000, 0.000000000000000000, 1.000000000000000000 ) ) ;
#1211 = ORIENTED_EDGE ( 'NONE', *, *, #548, .F. ) ;
#1212 = AXIS2_PLACEMENT_3D ( 'NONE', #664, #1382, #950 ) ;
#1213 = EDGE_LOOP ( 'NONE', ( #736, #2306 ) ) ;
#1214 = CARTESIAN_POINT ( 'NONE',  ( 1.748767090068500396, 9.591887909306139548, 5.125672684666980672 ) ) ;
#1215 = AXIS2_PLACEMENT_3D ( 'NONE', #25, #1353, #1672 ) ;
#1216 = CYLINDRICAL_SURFACE ( 'NONE', #139, 3.762221576582363003 ) ;
#1217 = ORIENTED_EDGE ( 'NONE', *, *, #3090, .T. ) ;
#1218 = ORIENTED_EDGE ( 'NONE', *, *, #1227, .T. ) ;
#1219 = DIRECTION ( 'NONE',  ( -0.4154150130018903209, 0.9096319953545165538, 0.000000000000000000 ) ) ;
#1220 = DIRECTION ( 'NONE',  ( -0.000000000000000000, 0.000000000000000000, 1.000000000000000000 ) ) ;
#1221 = CARTESIAN_POINT ( 'NONE',  ( 0.000000000000000000, 0.000000000000000000, 0.000000000000000000 ) ) ;
#1222 = ORIENTED_EDGE ( 'NONE', *, *, #2916, .F. ) ;
#1223 = ADVANCED_FACE ( 'NONE', ( #1330 ), #2109, .F. ) ;
#1224 = DIRECTION ( 'NONE',  ( 0.9837833753134503922, -0.1793607271865129416, 0.000000000000000000 ) ) ;
#1225 = DIRECTION ( 'NONE',  ( 0.000000000000000000, 0.000000000000000000, 1.000000000000000000 ) ) ;
#1226 = EDGE_LOOP ( 'NONE', ( #540, #521, #1619, #2001 ) ) ;
#1227 = EDGE_CURVE ( 'NONE', #2482, #1895, #1416, .T. ) ;
#1228 = CARTESIAN_POINT ( 'NONE',  ( -6.128663263119058513, -8.323771706143375582, 0.000000000000000000 ) ) ;
#1229 = DIRECTION ( 'NONE',  ( -0.4154150130018902098, 0.9096319953545166648, 0.000000000000000000 ) ) ;
#1230 = ORIENTED_EDGE ( 'NONE', *, *, #2736, .F. ) ;
#1231 = ORIENTED_EDGE ( 'NONE', *, *, #204, .F. ) ;
#1232 = DIRECTION ( 'NONE',  ( -0.000000000000000000, -0.000000000000000000, -1.000000000000000000 ) ) ;
#1233 = VERTEX_POINT ( 'NONE', #1262 ) ;
#1234 = CARTESIAN_POINT ( 'NONE',  ( 21.26662968353373984, -3.877274469727201467, -1.100000000000000089 ) ) ;
#1235 = FACE_OUTER_BOUND ( 'NONE', #1474, .T. ) ;
#1236 = VERTEX_POINT ( 'NONE', #1311 ) ;
#1237 = DIRECTION ( 'NONE',  ( 0.000000000000000000, 0.000000000000000000, 1.000000000000000000 ) ) ;
#1238 = DIRECTION ( 'NONE',  ( 0.000000000000000000, -0.000000000000000000, -1.000000000000000000 ) ) ;
#1239 = DIRECTION ( 'NONE',  ( -0.000000000000000000, 0.000000000000000000, 1.000000000000000000 ) ) ;
#1240 = EDGE_CURVE ( 'NONE', #798, #375, #2926, .T. ) ;
#1241 = CARTESIAN_POINT ( 'NONE',  ( -7.998624034700959839, 5.575348738106353785, 0.000000000000000000 ) ) ;
#1242 = CARTESIAN_POINT ( 'NONE',  ( -9.655930361154716479, -3.688996837790550209, 7.000000000000000000 ) ) ;
#1243 = ADVANCED_FACE ( 'NONE', ( #2332 ), #2363, .T. ) ;
#1244 = ORIENTED_EDGE ( 'NONE', *, *, #2796, .T. ) ;
#1245 = VERTEX_POINT ( 'NONE', #1806 ) ;
#1246 = LINE ( 'NONE', #1495, #865 ) ;
#1247 = EDGE_CURVE ( 'NONE', #1888, #1190, #2589, .T. ) ;
#1248 = EDGE_LOOP ( 'NONE', ( #3202, #1571, #394, #2000 ) ) ;
#1249 = EDGE_LOOP ( 'NONE', ( #1468, #1071, #2279, #628 ) ) ;
#1250 = DIRECTION ( 'NONE',  ( -0.9837833753134503922, 0.1793607271865129416, -0.000000000000000000 ) ) ;
#1251 = AXIS2_PLACEMENT_3D ( 'NONE', #700, #1776, #2890 ) ;
#1252 = ORIENTED_EDGE ( 'NONE', *, *, #2105, .F. ) ;
#1253 = EDGE_CURVE ( 'NONE', #35, #2841, #343, .T. ) ;
#1254 = VECTOR ( 'NONE', #1574, 1000.000000000000000 ) ;
#1255 = CIRCLE ( 'NONE', #2934, 6.000000000000000000 ) ;
#1256 = DIRECTION ( 'NONE',  ( -0.000000000000000000, -0.000000000000000000, -1.000000000000000000 ) ) ;
#1257 = CARTESIAN_POINT ( 'NONE',  ( 0.000000000000000000, 0.000000000000000000, 0.000000000000000000 ) ) ;
#1258 = CARTESIAN_POINT ( 'NONE',  ( -2.860572556533148347, 11.65406043612308551, 0.000000000000000000 ) ) ;
#1259 = AXIS2_PLACEMENT_3D ( 'NONE', #1139, #1404, #54 ) ;
#1260 = CARTESIAN_POINT ( 'NONE',  ( 23.84786996876341192, 4.130616706048658493, 3.733909747610348440 ) ) ;
#1261 = AXIS2_PLACEMENT_3D ( 'NONE', #449, #963, #2337 ) ;
#1262 = CARTESIAN_POINT ( 'NONE',  ( 21.21698185544766702, 4.009527711776049941, 7.000000000000000000 ) ) ;
#1263 = VERTEX_POINT ( 'NONE', #1843 ) ;
#1264 = VERTEX_POINT ( 'NONE', #1877 ) ;
#1265 = EDGE_CURVE ( 'NONE', #2010, #2786, #2476, .T. ) ;
#1266 = CARTESIAN_POINT ( 'NONE',  ( 3.535331853275972325, 9.713244437154374467, 7.000000000000000000 ) ) ;
#1267 = CARTESIAN_POINT ( 'NONE',  ( -4.606854249491110664, -5.656854249492621278, 0.000000000000000000 ) ) ;
#1268 = VECTOR ( 'NONE', #2285, 1000.000000000000000 ) ;
#1269 = ORIENTED_EDGE ( 'NONE', *, *, #3155, .F. ) ;
#1270 = EDGE_CURVE ( 'NONE', #1716, #1233, #2984, .T. ) ;
#1271 = DIRECTION ( 'NONE',  ( -1.000000000000000000, 0.000000000000000000, 0.000000000000000000 ) ) ;
#1272 = ORIENTED_EDGE ( 'NONE', *, *, #2480, .T. ) ;
#1273 = ORIENTED_EDGE ( 'NONE', *, *, #2340, .T. ) ;
#1274 = CARTESIAN_POINT ( 'NONE',  ( -9.615881436223883583, -1.611621607104151810, 7.000000000000000000 ) ) ;
#1275 = DIRECTION ( 'NONE',  ( -0.000000000000000000, -0.000000000000000000, 1.000000000000000000 ) ) ;
#1276 = DIRECTION ( 'NONE',  ( -0.000000000000000000, -0.000000000000000000, 1.000000000000000000 ) ) ;
#1277 = CARTESIAN_POINT ( 'NONE',  ( -11.78923103425785790, 2.239203345141189239, 7.000000000000000000 ) ) ;
#1278 = ORIENTED_EDGE ( 'NONE', *, *, #2289, .T. ) ;
#1279 = VERTEX_POINT ( 'NONE', #1576 ) ;
#1280 = LINE ( 'NONE', #187, #2602 ) ;
#1281 = APPROVAL_STATUS ( 'not_yet_approved' ) ;
#1282 = DIRECTION ( 'NONE',  ( 1.000000000000000000, 0.000000000000000000, 0.000000000000000000 ) ) ;
#1283 = ADVANCED_FACE ( 'NONE', ( #2073 ), #2316, .T. ) ;
#1284 = EDGE_LOOP ( 'NONE', ( #2982, #203, #2203, #1001 ) ) ;
#1285 = LINE ( 'NONE', #772, #1493 ) ;
#1286 = ORIENTED_EDGE ( 'NONE', *, *, #2166, .T. ) ;
#1287 = ORIENTED_EDGE ( 'NONE', *, *, #204, .T. ) ;
#1288 = EDGE_CURVE ( 'NONE', #838, #108, #464, .T. ) ;
#1289 = CARTESIAN_POINT ( 'NONE',  ( -2.498074076787057063, -9.311689138861826365, 5.665265922390648967 ) ) ;
#1290 = CARTESIAN_POINT ( 'NONE',  ( 0.000000000000000000, 0.000000000000000000, 7.000000000000000000 ) ) ;
#1291 = DIRECTION ( 'NONE',  ( 0.000000000000000000, -0.000000000000000000, -1.000000000000000000 ) ) ;
#1292 = CARTESIAN_POINT ( 'NONE',  ( -6.128663263119058513, -8.323771706143375582, 7.000000000000000000 ) ) ;
#1293 = ORIENTED_EDGE ( 'NONE', *, *, #2979, .T. ) ;
#1294 = ORIENTED_EDGE ( 'NONE', *, *, #3287, .F. ) ;
#1295 = ADVANCED_FACE ( 'NONE', ( #231 ), #3464, .T. ) ;
#1296 = CARTESIAN_POINT ( 'NONE',  ( 27.91600288281819076, -15.00028862807446295, -1.100000000000000089 ) ) ;
#1297 = CARTESIAN_POINT ( 'NONE',  ( 0.000000000000000000, 0.000000000000000000, 0.000000000000000000 ) ) ;
#1298 = ORIENTED_EDGE ( 'NONE', *, *, #916, .T. ) ;
#1299 = EDGE_CURVE ( 'NONE', #2592, #2809, #2530, .T. ) ;
#1300 = DIRECTION ( 'NONE',  ( 0.000000000000000000, 0.000000000000000000, 1.000000000000000000 ) ) ;
#1301 = ORIENTED_EDGE ( 'NONE', *, *, #1622, .F. ) ;
#1302 = EDGE_LOOP ( 'NONE', ( #3135, #2649, #1272, #719 ) ) ;
#1303 = ADVANCED_FACE ( 'NONE', ( #745 ), #3197, .T. ) ;
#1304 = CIRCLE ( 'NONE', #1756, 12.00000000000000178 ) ;
#1305 = LINE ( 'NONE', #3153, #5 ) ;
#1306 = DIRECTION ( 'NONE',  ( -0.000000000000000000, 0.000000000000000000, 1.000000000000000000 ) ) ;
#1307 = AXIS2_PLACEMENT_3D ( 'NONE', #1292, #1560, #2611 ) ;
#1308 = EDGE_CURVE ( 'NONE', #967, #488, #2903, .T. ) ;
#1309 = DIRECTION ( 'NONE',  ( 0.000000000000000000, 0.000000000000000000, 1.000000000000000000 ) ) ;
#1310 = VECTOR ( 'NONE', #976, 1000.000000000000000 ) ;
#1311 = CARTESIAN_POINT ( 'NONE',  ( 31.05481560858217804, 2.215920439910919804, 3.799999999999999822 ) ) ;
#1312 = VECTOR ( 'NONE', #2129, 1000.000000000000000 ) ;
#1313 = EDGE_LOOP ( 'NONE', ( #961, #913, #2167, #522, #3088, #2520, #2943, #2110, #218, #2132, #3151, #3174, #2776, #3265, #3490, #1620, #1552, #2533, #2968, #390, #756, #682, #3238, #2284, #1385, #2403, #173, #3435, #2420, #2582, #2699, #1244, #957, #1577, #93, #2220, #484, #2164, #2058, #2470, #2925, #3431, #3364, #3430, #1211, #966, #1731, #1902, #1252, #74, #2900, #2698, #1960, #2549, #1351, #677, #20, #453, #2683 ) ) ;
#1314 = ORIENTED_EDGE ( 'NONE', *, *, #1834, .T. ) ;
#1315 = VECTOR ( 'NONE', #2009, 1000.000000000000000 ) ;
#1316 = CYLINDRICAL_SURFACE ( 'NONE', #2053, 3.762221576582363003 ) ;
#1317 = APPROVAL_DATE_TIME ( #1668, #826 ) ;
#1318 = DIRECTION ( 'NONE',  ( 1.000000000000000000, 0.000000000000000000, 0.000000000000000000 ) ) ;
#1319 = CIRCLE ( 'NONE', #2657, 11.88281249999999645 ) ;
#1320 = VERTEX_POINT ( 'NONE', #2396 ) ;
#1321 = AXIS2_PLACEMENT_3D ( 'NONE', #2379, #3463, #545 ) ;
#1322 = CYLINDRICAL_SURFACE ( 'NONE', #1047, 12.00000000000000178 ) ;
#1323 = ORIENTED_EDGE ( 'NONE', *, *, #3110, .F. ) ;
#1324 = AXIS2_PLACEMENT_3D ( 'NONE', #2165, #39, #1140 ) ;
#1325 = DIRECTION ( 'NONE',  ( -0.4154150130018903209, 0.9096319953545165538, 0.000000000000000000 ) ) ;
#1326 = DIRECTION ( 'NONE',  ( -0.000000000000000000, 0.000000000000000000, 1.000000000000000000 ) ) ;
#1327 = EDGE_CURVE ( 'NONE', #1915, #1413, #3447, .T. ) ;
#1328 = DIRECTION ( 'NONE',  ( 0.000000000000000000, 0.000000000000000000, 1.000000000000000000 ) ) ;
#1329 = CARTESIAN_POINT ( 'NONE',  ( 0.000000000000000000, 0.000000000000000000, 7.000000000000000000 ) ) ;
#1330 = FACE_OUTER_BOUND ( 'NONE', #222, .T. ) ;
#1331 = EDGE_CURVE ( 'NONE', #436, #2786, #1026, .T. ) ;
#1332 = ORIENTED_EDGE ( 'NONE', *, *, #459, .F. ) ;
#1333 = DIRECTION ( 'NONE',  ( -0.000000000000000000, -0.000000000000000000, -1.000000000000000000 ) ) ;
#1334 = PERSON_AND_ORGANIZATION_ROLE ( 'creator' ) ;
#1335 = CARTESIAN_POINT ( 'NONE',  ( -1.748767090068500618, -9.591887909306141324, 4.999999999999997335 ) ) ;
#1336 = ORIENTED_EDGE ( 'NONE', *, *, #3420, .T. ) ;
#1337 = VERTEX_POINT ( 'NONE', #1629 ) ;
#1338 = DIRECTION ( 'NONE',  ( -0.000000000000000000, -0.000000000000000000, -1.000000000000000000 ) ) ;
#1339 = ORIENTED_EDGE ( 'NONE', *, *, #2631, .T. ) ;
#1340 = EDGE_CURVE ( 'NONE', #2214, #967, #2701, .T. ) ;
#1341 = DIRECTION ( 'NONE',  ( 1.224646799147353207E-16, 1.000000000000000000, 0.000000000000000000 ) ) ;
#1342 = DIRECTION ( 'NONE',  ( -0.000000000000000000, -0.000000000000000000, -1.000000000000000000 ) ) ;
#1343 = CARTESIAN_POINT ( 'NONE',  ( 1.047745353572490101, -8.068772625878018800, 7.000000000000000000 ) ) ;
#1344 = EDGE_CURVE ( 'NONE', #122, #2024, #302, .T. ) ;
#1345 = DIRECTION ( 'NONE',  ( 0.1793607271865141628, 0.9837833753134502812, 0.000000000000000000 ) ) ;
#1346 = DIRECTION ( 'NONE',  ( -0.000000000000000000, 0.000000000000000000, 1.000000000000000000 ) ) ;
#1347 = EDGE_LOOP ( 'NONE', ( #993, #898 ) ) ;
#1348 = CARTESIAN_POINT ( 'NONE',  ( 11.42879593039923236, -2.083667197862063780, 7.000000000000000000 ) ) ;
#1349 = EDGE_CURVE ( 'NONE', #1990, #4, #264, .T. ) ;
#1350 = CARTESIAN_POINT ( 'NONE',  ( -9.412581462727702686, -7.443339990052506572, 0.000000000000000000 ) ) ;
#1351 = ORIENTED_EDGE ( 'NONE', *, *, #224, .T. ) ;
#1352 = EDGE_CURVE ( 'NONE', #3132, #1429, #1614, .T. ) ;
#1353 = DIRECTION ( 'NONE',  ( -0.000000000000000000, -0.000000000000000000, -1.000000000000000000 ) ) ;
#1354 = EDGE_LOOP ( 'NONE', ( #2464, #1217, #1230, #454, #3309, #930, #2815, #2382, #3046, #2037, #925, #447, #2357, #1853, #2350, #3075, #2297, #1762, #2081, #3102, #7, #141, #1143, #3185, #2511, #1605, #98, #663, #1781, #3423, #40, #425, #2142, #2371, #541, #2501, #1601, #3294, #953, #1880, #225, #2837, #1779, #239, #1546, #2467, #3336, #949, #2139, #1866 ) ) ;
#1355 = VERTEX_POINT ( 'NONE', #2463 ) ;
#1356 = DIRECTION ( 'NONE',  ( 0.000000000000000000, 0.000000000000000000, 1.000000000000000000 ) ) ;
#1357 = CARTESIAN_POINT ( 'NONE',  ( -7.999999999999661604, -3.405706544451890981E-13, 0.000000000000000000 ) ) ;
#1358 = CIRCLE ( 'NONE', #2421, 2.000000000000000444 ) ;
#1359 = CARTESIAN_POINT ( 'NONE',  ( 1.038569906963811684, -8.208559807601183422, 7.000000000000001776 ) ) ;
#1360 = DIRECTION ( 'NONE',  ( -1.000000000000000000, 0.000000000000000000, 0.000000000000000000 ) ) ;
#1361 = DIRECTION ( 'NONE',  ( 1.000000000000000000, 0.000000000000000000, 0.000000000000000000 ) ) ;
#1362 = AXIS2_PLACEMENT_3D ( 'NONE', #3158, #1827, #780 ) ;
#1363 = ORIENTED_EDGE ( 'NONE', *, *, #2865, .F. ) ;
#1364 = DIRECTION ( 'NONE',  ( 0.6548607339452835463, 0.7557495743542594901, 0.000000000000000000 ) ) ;
#1365 = AXIS2_PLACEMENT_3D ( 'NONE', #3101, #119, #3391 ) ;
#1366 = AXIS2_PLACEMENT_3D ( 'NONE', #2738, #2751, #331 ) ;
#1367 = PERSON_AND_ORGANIZATION ( #322, #1608 ) ;
#1368 = CARTESIAN_POINT ( 'NONE',  ( -2.963700234361556607, 9.288647959786468178, 0.000000000000000000 ) ) ;
#1369 = EDGE_CURVE ( 'NONE', #1014, #1073, #1132, .T. ) ;
#1370 = CIRCLE ( 'NONE', #2095, 1.050000000000000266 ) ;
#1371 = CARTESIAN_POINT ( 'NONE',  ( 3.535331853275972325, 9.713244437154374467, 7.000000000000000000 ) ) ;
#1372 = AXIS2_PLACEMENT_3D ( 'NONE', #2225, #2498, #3303 ) ;
#1373 = ORIENTED_EDGE ( 'NONE', *, *, #1247, .T. ) ;
#1374 = VERTEX_POINT ( 'NONE', #1642 ) ;
#1375 = EDGE_CURVE ( 'NONE', #312, #488, #2431, .T. ) ;
#1376 = CIRCLE ( 'NONE', #1321, 1.050000000000040457 ) ;
#1377 = DIRECTION ( 'NONE',  ( -0.000000000000000000, -0.000000000000000000, 1.000000000000000000 ) ) ;
#1378 = AXIS2_PLACEMENT_3D ( 'NONE', #438, #1569, #2355 ) ;
#1379 = DIRECTION ( 'NONE',  ( -0.1793607271865123032, -0.9837833753134505033, 0.000000000000000000 ) ) ;
#1380 = B_SPLINE_CURVE_WITH_KNOTS ( 'NONE', 3,
 ( #1186, #2261, #2468, #2002, #877, #3343, #926, #363, #3073, #1172, #660, #2538, #1214, #3033 ),
 .UNSPECIFIED., .F., .F.,
 ( 4, 2, 2, 2, 2, 2, 4 ),
 ( 0.0002361089795268467154, 0.0009799417447336916144, 0.001723774509940536378, 0.002095690892543961362, 0.002467607275147386779, 0.002839523657750811763, 0.003211440040354236747 ),
 .UNSPECIFIED. ) ;
#1381 = CIRCLE ( 'NONE', #23, 1.050000000000259837 ) ;
#1382 = DIRECTION ( 'NONE',  ( 0.000000000000000000, 0.000000000000000000, 1.000000000000000000 ) ) ;
#1383 = CARTESIAN_POINT ( 'NONE',  ( 1.748767090068500618, 9.591887909306143101, 0.000000000000000000 ) ) ;
#1384 = DIRECTION ( 'NONE',  ( -0.000000000000000000, -0.000000000000000000, 1.000000000000000000 ) ) ;
#1385 = ORIENTED_EDGE ( 'NONE', *, *, #1103, .T. ) ;
#1386 = FACE_OUTER_BOUND ( 'NONE', #1909, .T. ) ;
#1387 = CARTESIAN_POINT ( 'NONE',  ( 21.57570330982069251, 5.977094462402949837, 4.999999999999997335 ) ) ;
#1388 = PLANE ( 'NONE',  #3124 ) ;
#1389 = EDGE_CURVE ( 'NONE', #2010, #291, #837, .T. ) ;
#1390 = VERTEX_POINT ( 'NONE', #884 ) ;
#1391 = ORIENTED_EDGE ( 'NONE', *, *, #2182, .T. ) ;
#1392 = ADVANCED_FACE ( 'NONE', ( #2742 ), #1923, .F. ) ;
#1393 = CARTESIAN_POINT ( 'NONE',  ( -7.218085806415214023, -6.554520370799629347, 7.000000000000000000 ) ) ;
#1394 = CYLINDRICAL_SURFACE ( 'NONE', #2206, 2.999999999999999112 ) ;
#1395 = DIRECTION ( 'NONE',  ( 1.000000000000000000, 0.000000000000000000, 0.000000000000000000 ) ) ;
#1396 = CARTESIAN_POINT ( 'NONE',  ( -0.2267350114589757326, 9.747363296531977639, 0.000000000000000000 ) ) ;
#1397 = CARTESIAN_POINT ( 'NONE',  ( -4.606854249492021935, 5.656854249492139886, -3.000000000000001776 ) ) ;
#1398 = CARTESIAN_POINT ( 'NONE',  ( 6.791818740117426359E-13, -8.000000000000000000, 7.000000000000000000 ) ) ;
#1399 = ADVANCED_FACE ( 'NONE', ( #336 ), #2200, .F. ) ;
#1400 = EDGE_LOOP ( 'NONE', ( #1183, #678, #749, #2911 ) ) ;
#1401 = CARTESIAN_POINT ( 'NONE',  ( 22.38376634199685355, 5.715337111826817917, 2.484463255793294856 ) ) ;
#1402 = LINE ( 'NONE', #1136, #2700 ) ;
#1403 = ORIENTED_EDGE ( 'NONE', *, *, #1572, .T. ) ;
#1404 = DIRECTION ( 'NONE',  ( -0.000000000000000000, -0.000000000000000000, -1.000000000000000000 ) ) ;
#1405 = CARTESIAN_POINT ( 'NONE',  ( 0.000000000000000000, 0.000000000000000000, 7.000000000000000000 ) ) ;
#1406 = ORIENTED_EDGE ( 'NONE', *, *, #2779, .T. ) ;
#1407 = ORIENTED_EDGE ( 'NONE', *, *, #3117, .F. ) ;
#1408 = FACE_OUTER_BOUND ( 'NONE', #2508, .T. ) ;
#1409 = DIRECTION ( 'NONE',  ( -0.000000000000000000, -0.000000000000000000, -1.000000000000000000 ) ) ;
#1410 = EDGE_CURVE ( 'NONE', #1390, #184, #1759, .T. ) ;
#1411 = DIRECTION ( 'NONE',  ( -0.000000000000000000, -0.000000000000000000, 1.000000000000000000 ) ) ;
#1412 = CARTESIAN_POINT ( 'NONE',  ( -1.972319854284031670, 10.14670602713487213, 0.000000000000000000 ) ) ;
#1413 = VERTEX_POINT ( 'NONE', #3301 ) ;
#1414 = EDGE_CURVE ( 'NONE', #2517, #2710, #3163, .T. ) ;
#1415 = DIRECTION ( 'NONE',  ( -0.000000000000000000, -0.000000000000000000, -1.000000000000000000 ) ) ;
#1416 = CIRCLE ( 'NONE', #58, 9.750000000000000000 ) ;
#1417 = DIRECTION ( 'NONE',  ( -0.000000000000000000, 0.000000000000000000, 1.000000000000000000 ) ) ;
#1418 = EDGE_LOOP ( 'NONE', ( #2961, #1494, #785, #468 ) ) ;
#1419 = CIRCLE ( 'NONE', #3168, 3.762221576582363003 ) ;
#1420 = AXIS2_PLACEMENT_3D ( 'NONE', #1329, #836, #1064 ) ;
#1421 = CARTESIAN_POINT ( 'NONE',  ( -6.656922612848726217, -7.123754721110439725, 7.000000000000000000 ) ) ;
#1422 = CARTESIAN_POINT ( 'NONE',  ( -5.656854249491801490, -5.656854249492621278, -3.000000000000001776 ) ) ;
#1423 = EDGE_LOOP ( 'NONE', ( #430, #2015, #962, #1391 ) ) ;
#1424 = CIRCLE ( 'NONE', #466, 12.00000000000000178 ) ;
#1425 = AXIS2_PLACEMENT_3D ( 'NONE', #3468, #2712, #1598 ) ;
#1426 = DIRECTION ( 'NONE',  ( 1.000000000000000000, 0.000000000000000000, 0.000000000000000000 ) ) ;
#1427 = DIRECTION ( 'NONE',  ( -1.000000000000000000, 0.000000000000000000, 0.000000000000000000 ) ) ;
#1428 = AXIS2_PLACEMENT_3D ( 'NONE', #3393, #743, #2072 ) ;
#1429 = VERTEX_POINT ( 'NONE', #2674 ) ;
#1430 = CIRCLE ( 'NONE', #1778, 2.999999999999999112 ) ;
#1431 = LINE ( 'NONE', #1446, #3218 ) ;
#1432 = DIRECTION ( 'NONE',  ( 0.1423148382732818962, 0.9898214418809332393, 0.000000000000000000 ) ) ;
#1433 = ADVANCED_FACE ( 'NONE', ( #267 ), #821, .T. ) ;
#1434 = ORIENTED_EDGE ( 'NONE', *, *, #2038, .F. ) ;
#1435 = AXIS2_PLACEMENT_3D ( 'NONE', #2539, #3344, #661 ) ;
#1436 = UNCERTAINTY_MEASURE_WITH_UNIT (LENGTH_MEASURE( 1.000000000000000082E-05 ), #2642, 'distance_accuracy_value', 'NONE');
#1437 = CARTESIAN_POINT ( 'NONE',  ( 5.500000000000000000, 0.000000000000000000, 0.4999999999999995559 ) ) ;
#1438 = EDGE_CURVE ( 'NONE', #2833, #2181, #511, .T. ) ;
#1439 = DIRECTION ( 'NONE',  ( -0.9837833753134503922, 0.1793607271865128583, 0.000000000000000000 ) ) ;
#1440 = DIRECTION ( 'NONE',  ( 1.000000000000000000, 0.000000000000000000, 0.000000000000000000 ) ) ;
#1441 = ORIENTED_EDGE ( 'NONE', *, *, #1754, .F. ) ;
#1442 = DIRECTION ( 'NONE',  ( 0.6548607339452835463, 0.7557495743542594901, 0.000000000000000000 ) ) ;
#1443 = CARTESIAN_POINT ( 'NONE',  ( -9.762736809034956664, -3.396271309276113648, 0.000000000000000000 ) ) ;
#1444 = ORIENTED_EDGE ( 'NONE', *, *, #427, .F. ) ;
#1445 = EDGE_CURVE ( 'NONE', #1584, #2859, #1697, .T. ) ;
#1446 = CARTESIAN_POINT ( 'NONE',  ( -1.024417370216223588, 9.696033676282242553, 7.000000000000000000 ) ) ;
#1447 = DIRECTION ( 'NONE',  ( -0.000000000000000000, -0.000000000000000000, -1.000000000000000000 ) ) ;
#1448 = ORIENTED_EDGE ( 'NONE', *, *, #721, .T. ) ;
#1449 = ADVANCED_FACE ( 'NONE', ( #2757 ), #1956, .F. ) ;
#1450 = CARTESIAN_POINT ( 'NONE',  ( -11.94254082540289730, -1.172910326318754803, 7.000000000000000000 ) ) ;
#1451 = DIRECTION ( 'NONE',  ( 0.9837833753134507253, -0.1793607271865123587, 7.778531602967862665E-17 ) ) ;
#1452 = VERTEX_POINT ( 'NONE', #1772 ) ;
#1453 = EDGE_CURVE ( 'NONE', #1811, #3457, #2149, .T. ) ;
#1454 = CARTESIAN_POINT ( 'NONE',  ( 1.390045635695474902, 7.624321158679241428, 3.799999999999999822 ) ) ;
#1455 = CARTESIAN_POINT ( 'NONE',  ( 1.390045635695474902, 7.624321158679241428, 7.000000000000000000 ) ) ;
#1456 = ORIENTED_EDGE ( 'NONE', *, *, #654, .T. ) ;
#1457 = EDGE_CURVE ( 'NONE', #1236, #1863, #3329, .T. ) ;
#1458 = EDGE_LOOP ( 'NONE', ( #2976, #1636, #3353, #2929, #9, #133, #1363 ) ) ;
#1459 = CARTESIAN_POINT ( 'NONE',  ( -1.390045635695474902, -7.624321158679238764, 7.000000000000000000 ) ) ;
#1460 = CARTESIAN_POINT ( 'NONE',  ( 0.6555888821085128493, 10.31580787075611561, 7.000000000000000000 ) ) ;
#1461 = CARTESIAN_POINT ( 'NONE',  ( 31.41353706295520354, 4.183487190537821476, 1.800000000000002931 ) ) ;
#1462 = ORIENTED_EDGE ( 'NONE', *, *, #2619, .F. ) ;
#1463 = DIRECTION ( 'NONE',  ( 0.9594929736144971466, 0.2817325568414302261, 0.000000000000000000 ) ) ;
#1464 = DIRECTION ( 'NONE',  ( -0.000000000000000000, -0.000000000000000000, 1.000000000000000000 ) ) ;
#1465 = ORIENTED_EDGE ( 'NONE', *, *, #712, .F. ) ;
#1466 = CARTESIAN_POINT ( 'NONE',  ( 23.10817839516866812, 5.209404410363891458, 3.115323631647193725 ) ) ;
#1467 = CARTESIAN_POINT ( 'NONE',  ( 33.52426240184000505, 2.640618061855666276, -1.100000000000000089 ) ) ;
#1468 = ORIENTED_EDGE ( 'NONE', *, *, #1504, .T. ) ;
#1469 = ORIENTED_EDGE ( 'NONE', *, *, #571, .T. ) ;
#1470 = CARTESIAN_POINT ( 'NONE',  ( -8.394264104813469629, -4.959720772245162834, 0.000000000000000000 ) ) ;
#1471 = CIRCLE ( 'NONE', #1023, 9.750000000000000000 ) ;
#1472 = LINE ( 'NONE', #1962, #2720 ) ;
#1473 = ADVANCED_FACE ( 'NONE', ( #2496 ), #626, .T. ) ;
#1474 = EDGE_LOOP ( 'NONE', ( #594, #701, #1108, #1534 ) ) ;
#1475 = AXIS2_PLACEMENT_3D ( 'NONE', #1051, #1013, #2088 ) ;
#1476 = AXIS2_PLACEMENT_3D ( 'NONE', #3354, #83, #883 ) ;
#1477 = ORIENTED_EDGE ( 'NONE', *, *, #985, .F. ) ;
#1478 = CARTESIAN_POINT ( 'NONE',  ( 9.050000000000592237, 3.395909370058713179E-13, -3.000000000000001776 ) ) ;
#1479 = AXIS2_PLACEMENT_3D ( 'NONE', #599, #2670, #31 ) ;
#1480 = AXIS2_PLACEMENT_3D ( 'NONE', #2386, #3434, #1318 ) ;
#1481 = DIRECTION ( 'NONE',  ( -0.000000000000000000, 0.000000000000000000, 1.000000000000000000 ) ) ;
#1482 = DIRECTION ( 'NONE',  ( 0.6548607339452835463, 0.7557495743542594901, 0.000000000000000000 ) ) ;
#1483 = ORIENTED_EDGE ( 'NONE', *, *, #1659, .T. ) ;
#1484 = ADVANCED_FACE ( 'NONE', ( #1507 ), #3029, .T. ) ;
#1485 = AXIS2_PLACEMENT_3D ( 'NONE', #400, #3079, #1427 ) ;
#1486 = DIRECTION ( 'NONE',  ( -0.000000000000000000, -0.000000000000000000, -1.000000000000000000 ) ) ;
#1487 = AXIS2_PLACEMENT_3D ( 'NONE', #1054, #2177, #1897 ) ;
#1488 = ORIENTED_EDGE ( 'NONE', *, *, #679, .T. ) ;
#1489 = CIRCLE ( 'NONE', #3230, 3.762221576582363003 ) ;
#1490 = DIRECTION ( 'NONE',  ( -0.000000000000000000, 0.000000000000000000, 1.000000000000000000 ) ) ;
#1491 = DIRECTION ( 'NONE',  ( 0.6548607339452836573, 0.7557495743542594901, 0.000000000000000000 ) ) ;
#1492 = EDGE_LOOP ( 'NONE', ( #1797, #1637, #1231, #283, #244 ) ) ;
#1493 = VECTOR ( 'NONE', #3408, 1000.000000000000000 ) ;
#1494 = ORIENTED_EDGE ( 'NONE', *, *, #1659, .F. ) ;
#1495 = CARTESIAN_POINT ( 'NONE',  ( -5.316835701505224776, 10.75784635153335245, 7.000000000000000000 ) ) ;
#1496 = DIRECTION ( 'NONE',  ( -0.000000000000000000, -0.000000000000000000, -1.000000000000000000 ) ) ;
#1497 = ORIENTED_EDGE ( 'NONE', *, *, #1734, .F. ) ;
#1498 = ORIENTED_EDGE ( 'NONE', *, *, #2975, .F. ) ;
#1499 = EDGE_CURVE ( 'NONE', #108, #293, #115, .T. ) ;
#1500 = DIRECTION ( 'NONE',  ( 1.000000000000000000, 0.000000000000000000, 0.000000000000000000 ) ) ;
#1501 = CARTESIAN_POINT ( 'NONE',  ( 0.000000000000000000, 0.000000000000000000, 0.000000000000000000 ) ) ;
#1502 = DIRECTION ( 'NONE',  ( 1.000000000000000000, 0.000000000000000000, 0.000000000000000000 ) ) ;
#1503 = ORIENTED_EDGE ( 'NONE', *, *, #3155, .T. ) ;
#1504 = EDGE_CURVE ( 'NONE', #293, #1190, #2370, .T. ) ;
#1505 = DIRECTION ( 'NONE',  ( -1.000000000000000000, 0.000000000000000000, 0.000000000000000000 ) ) ;
#1506 = CARTESIAN_POINT ( 'NONE',  ( -3.714609627610715670, 9.014664459338561642, 7.000000000000000000 ) ) ;
#1507 = FACE_OUTER_BOUND ( 'NONE', #534, .T. ) ;
#1508 = CARTESIAN_POINT ( 'NONE',  ( -0.3070692803791154057, -9.006472871834555249, 6.625312538533774109 ) ) ;
#1509 = DIRECTION ( 'NONE',  ( 0.8829358401481167684, 0.4694936657527332691, 0.000000000000000000 ) ) ;
#1510 = ORIENTED_EDGE ( 'NONE', *, *, #1052, .F. ) ;
#1511 = VERTEX_POINT ( 'NONE', #2292 ) ;
#1512 = APPLICATION_CONTEXT ( 'configuration controlled 3d designs of mechanical parts and assemblies' ) ;
#1513 = CARTESIAN_POINT ( 'NONE',  ( -6.656922612848727105, -7.123754721110441501, 7.000000000000000000 ) ) ;
#1514 = EDGE_CURVE ( 'NONE', #153, #1644, #2648, .T. ) ;
#1515 = EDGE_LOOP ( 'NONE', ( #2921, #3233, #1526, #2535 ) ) ;
#1516 = DIRECTION ( 'NONE',  ( 1.000000000000000000, 0.000000000000000000, 0.000000000000000000 ) ) ;
#1517 = ORIENTED_EDGE ( 'NONE', *, *, #2540, .T. ) ;
#1518 = FACE_OUTER_BOUND ( 'NONE', #2749, .T. ) ;
#1519 = FACE_OUTER_BOUND ( 'NONE', #1248, .T. ) ;
#1520 = DIRECTION ( 'NONE',  ( 1.000000000000000000, 0.000000000000000000, 0.000000000000000000 ) ) ;
#1521 = EDGE_CURVE ( 'NONE', #1777, #758, #695, .T. ) ;
#1522 = CARTESIAN_POINT ( 'NONE',  ( 9.050000000000592237, 3.395909370058713179E-13, 7.000000000000000000 ) ) ;
#1523 = CARTESIAN_POINT ( 'NONE',  ( 8.000000000000339284, 3.395909370058713179E-13, -3.000000000000001776 ) ) ;
#1524 = VERTEX_POINT ( 'NONE', #3355 ) ;
#1525 = EDGE_CURVE ( 'NONE', #771, #437, #1979, .T. ) ;
#1526 = ORIENTED_EDGE ( 'NONE', *, *, #2760, .F. ) ;
#1527 = CARTESIAN_POINT ( 'NONE',  ( -7.998624034700963392, 5.575348738106355562, 7.000000000000000000 ) ) ;
#1528 = PERSON_AND_ORGANIZATION ( #322, #1608 ) ;
#1529 = ORIENTED_EDGE ( 'NONE', *, *, #2083, .F. ) ;
#1530 = AXIS2_PLACEMENT_3D ( 'NONE', #923, #641, #103 ) ;
#1531 = CARTESIAN_POINT ( 'NONE',  ( -11.40501160019360860, -3.731716816620635147, 7.000000000000000000 ) ) ;
#1532 = EDGE_LOOP ( 'NONE', ( #1728, #1165, #1985, #2441 ) ) ;
#1533 = AXIS2_PLACEMENT_3D ( 'NONE', #1398, #1945, #1361 ) ;
#1534 = ORIENTED_EDGE ( 'NONE', *, *, #2693, .T. ) ;
#1535 = CIRCLE ( 'NONE', #2258, 12.00000000000000178 ) ;
#1536 = VECTOR ( 'NONE', #3141, 1000.000000000000000 ) ;
#1537 = AXIS2_PLACEMENT_3D ( 'NONE', #2424, #2955, #3492 ) ;
#1538 = DIRECTION ( 'NONE',  ( -0.000000000000000000, 0.000000000000000000, 1.000000000000000000 ) ) ;
#1539 = CARTESIAN_POINT ( 'NONE',  ( -8.225486823948159554, -6.259956494877047639, 0.000000000000000000 ) ) ;
#1540 = CIRCLE ( 'NONE', #469, 12.00000000000000533 ) ;
#1541 = CIRCLE ( 'NONE', #915, 1.050000000000253841 ) ;
#1542 = CYLINDRICAL_SURFACE ( 'NONE', #1831, 3.762221576582363891 ) ;
#1543 = AXIS2_PLACEMENT_3D ( 'NONE', #305, #1617, #2677 ) ;
#1544 = EDGE_CURVE ( 'NONE', #3070, #2914, #1419, .T. ) ;
#1545 = DIRECTION ( 'NONE',  ( -0.000000000000000000, 0.000000000000000000, 1.000000000000000000 ) ) ;
#1546 = ORIENTED_EDGE ( 'NONE', *, *, #2083, .T. ) ;
#1547 = ORIENTED_EDGE ( 'NONE', *, *, #1704, .F. ) ;
#1548 = DIRECTION ( 'NONE',  ( -0.000000000000000000, 0.000000000000000000, 1.000000000000000000 ) ) ;
#1549 = EDGE_CURVE ( 'NONE', #437, #771, #1647, .T. ) ;
#1550 = PERSON_AND_ORGANIZATION ( #322, #1608 ) ;
#1551 = CIRCLE ( 'NONE', #1660, 3.762221576582363891 ) ;
#1552 = ORIENTED_EDGE ( 'NONE', *, *, #2298, .T. ) ;
#1553 = AXIS2_PLACEMENT_3D ( 'NONE', #2896, #965, #2092 ) ;
#1554 = CARTESIAN_POINT ( 'NONE',  ( 0.000000000000000000, 0.000000000000000000, 7.000000000000000000 ) ) ;
#1555 = VERTEX_POINT ( 'NONE', #2013 ) ;
#1556 = VERTEX_POINT ( 'NONE', #897 ) ;
#1557 = DIRECTION ( 'NONE',  ( -0.000000000000000000, -0.000000000000000000, 1.000000000000000000 ) ) ;
#1558 = CARTESIAN_POINT ( 'NONE',  ( 21.92055696840926871, 3.495238002215334205, 7.000000000000000000 ) ) ;
#1559 = DIRECTION ( 'NONE',  ( 0.8412535328311805394, 0.5406408174555986657, 0.000000000000000000 ) ) ;
#1560 = DIRECTION ( 'NONE',  ( -0.000000000000000000, -0.000000000000000000, -1.000000000000000000 ) ) ;
#1561 = ORIENTED_EDGE ( 'NONE', *, *, #1850, .F. ) ;
#1562 = VERTEX_POINT ( 'NONE', #2572 ) ;
#1563 = EDGE_CURVE ( 'NONE', #2801, #325, #120, .T. ) ;
#1564 = CARTESIAN_POINT ( 'NONE',  ( 11.42879593039923236, -2.083667197862063780, 5.000000000000000000 ) ) ;
#1565 = APPLICATION_PROTOCOL_DEFINITION ( 'international standard', 'config_control_design', 1994, #1512 ) ;
#1566 = CARTESIAN_POINT ( 'NONE',  ( 1.045201980997433333, 7.899736253216620874, 6.989039538212210800 ) ) ;
#1567 = ORIENTED_EDGE ( 'NONE', *, *, #1549, .T. ) ;
#1568 = EDGE_CURVE ( 'NONE', #312, #3211, #1872, .T. ) ;
#1569 = DIRECTION ( 'NONE',  ( -0.000000000000000000, -0.000000000000000000, -1.000000000000000000 ) ) ;
#1570 = ORIENTED_EDGE ( 'NONE', *, *, #1098, .F. ) ;
#1571 = ORIENTED_EDGE ( 'NONE', *, *, #317, .F. ) ;
#1572 = EDGE_CURVE ( 'NONE', #3270, #3470, #405, .T. ) ;
#1573 = CARTESIAN_POINT ( 'NONE',  ( -2.392322383917433903, -7.863446359744648895, 6.948001954127276392 ) ) ;
#1574 = DIRECTION ( 'NONE',  ( -0.000000000000000000, -0.000000000000000000, 1.000000000000000000 ) ) ;
#1575 = CARTESIAN_POINT ( 'NONE',  ( 0.5051195928413969582, -8.957107128087264059, 6.762626523862307337 ) ) ;
#1576 = CARTESIAN_POINT ( 'NONE',  ( -8.707127529965969615, 8.257477228361501886, 7.000000000000000000 ) ) ;
#1577 = ORIENTED_EDGE ( 'NONE', *, *, #1240, .T. ) ;
#1578 = EDGE_LOOP ( 'NONE', ( #861, #1008, #2294, #1336 ) ) ;
#1579 = DIRECTION ( 'NONE',  ( -1.000000000000000000, 0.000000000000000000, 0.000000000000000000 ) ) ;
#1580 = DIRECTION ( 'NONE',  ( 1.000000000000000000, 0.000000000000000000, 0.000000000000000000 ) ) ;
#1581 = EDGE_LOOP ( 'NONE', ( #226, #586, #260, #2893 ) ) ;
#1582 = DIRECTION ( 'NONE',  ( -1.000000000000000000, 8.881784197001252323E-16, 0.000000000000000000 ) ) ;
#1583 = EDGE_CURVE ( 'NONE', #3173, #328, #1996, .T. ) ;
#1584 = VERTEX_POINT ( 'NONE', #2510 ) ;
#1585 = ORIENTED_EDGE ( 'NONE', *, *, #1652, .T. ) ;
#1586 = AXIS2_PLACEMENT_3D ( 'NONE', #1894, #850, #3283 ) ;
#1587 = EDGE_CURVE ( 'NONE', #1511, #2710, #1182, .T. ) ;
#1588 = DIRECTION ( 'NONE',  ( -1.000000000000000000, 0.000000000000000000, 0.000000000000000000 ) ) ;
#1589 = CARTESIAN_POINT ( 'NONE',  ( -7.999999999999661604, -3.405706544451890981E-13, -3.000000000000001776 ) ) ;
#1590 = CIRCLE ( 'NONE', #8, 3.762221576582362559 ) ;
#1591 = CIRCLE ( 'NONE', #2595, 9.750000000000000000 ) ;
#1592 = CYLINDRICAL_SURFACE ( 'NONE', #921, 1.050000000000000266 ) ;
#1593 = CIRCLE ( 'NONE', #410, 2.999999999999999112 ) ;
#1594 = CARTESIAN_POINT ( 'NONE',  ( -1.035089722601846507, -7.794877102094125654, 7.000000000000000000 ) ) ;
#1595 = CIRCLE ( 'NONE', #407, 3.762221576582363891 ) ;
#1596 = ORIENTED_EDGE ( 'NONE', *, *, #1270, .F. ) ;
#1597 = VECTOR ( 'NONE', #2234, 1000.000000000000000 ) ;
#1598 = DIRECTION ( 'NONE',  ( 0.8412535328311804284, 0.5406408174555985546, 0.000000000000000000 ) ) ;
#1599 = LINE ( 'NONE', #1335, #1973 ) ;
#1600 = CIRCLE ( 'NONE', #2324, 3.762221576582363891 ) ;
#1601 = ORIENTED_EDGE ( 'NONE', *, *, #2695, .F. ) ;
#1602 = AXIS2_PLACEMENT_3D ( 'NONE', #280, #2656, #3196 ) ;
#1603 = FACE_OUTER_BOUND ( 'NONE', #477, .T. ) ;
#1604 = ORIENTED_EDGE ( 'NONE', *, *, #2796, .F. ) ;
#1605 = ORIENTED_EDGE ( 'NONE', *, *, #2208, .F. ) ;
#1606 = CIRCLE ( 'NONE', #528, 11.88281249999999645 ) ;
#1607 = EDGE_CURVE ( 'NONE', #3067, #972, #2100, .T. ) ;
#1608 = ORGANIZATION ( '未指定', '未指定', '' ) ;
#1609 = DIRECTION ( 'NONE',  ( 0.000000000000000000, 0.000000000000000000, 1.000000000000000000 ) ) ;
#1610 = DIRECTION ( 'NONE',  ( 1.000000000000000000, 0.000000000000000000, 0.000000000000000000 ) ) ;
#1611 = EDGE_CURVE ( 'NONE', #2168, #153, #2376, .T. ) ;
#1612 = DIRECTION ( 'NONE',  ( 1.000000000000000000, 0.000000000000000000, 0.000000000000000000 ) ) ;
#1613 = CARTESIAN_POINT ( 'NONE',  ( 6.706854249492520736, 5.656854249492620390, 7.000000000000000000 ) ) ;
#1614 = LINE ( 'NONE', #1908, #857 ) ;
#1615 = EDGE_LOOP ( 'NONE', ( #3438, #2647, #2067, #2491 ) ) ;
#1616 = EDGE_CURVE ( 'NONE', #1355, #838, #3044, .T. ) ;
#1617 = DIRECTION ( 'NONE',  ( -0.000000000000000000, 0.000000000000000000, 1.000000000000000000 ) ) ;
#1618 = CARTESIAN_POINT ( 'NONE',  ( -10.28893766292894085, 6.175577848943564874, 7.000000000000000000 ) ) ;
#1619 = ORIENTED_EDGE ( 'NONE', *, *, #3063, .T. ) ;
#1620 = ORIENTED_EDGE ( 'NONE', *, *, #683, .T. ) ;
#1621 = FACE_OUTER_BOUND ( 'NONE', #1741, .T. ) ;
#1622 = EDGE_CURVE ( 'NONE', #1511, #3270, #2930, .T. ) ;
#1623 = VERTEX_POINT ( 'NONE', #1258 ) ;
#1624 = VERTEX_POINT ( 'NONE', #3442 ) ;
#1625 = DIRECTION ( 'NONE',  ( -0.9594929736145012544, 0.2817325568414162373, 0.000000000000000000 ) ) ;
#1626 = DIRECTION ( 'NONE',  ( 0.6548607339452836573, 0.7557495743542594901, 0.000000000000000000 ) ) ;
#1627 = CARTESIAN_POINT ( 'NONE',  ( -3.826502395702260806, -9.602268910230696619, 0.000000000000000000 ) ) ;
#1628 = CARTESIAN_POINT ( 'NONE',  ( -0.2267350114589756771, 9.747363296531975863, 7.000000000000000000 ) ) ;
#1629 = CARTESIAN_POINT ( 'NONE',  ( 29.11452604696784618, -12.79981646060366707, 3.799999999999999822 ) ) ;
#1630 = EDGE_CURVE ( 'NONE', #170, #2841, #574, .T. ) ;
#1631 = ORIENTED_EDGE ( 'NONE', *, *, #2336, .F. ) ;
#1632 = CARTESIAN_POINT ( 'NONE',  ( -10.68082785797387224, 5.469910078632857164, 0.000000000000000000 ) ) ;
#1633 = CYLINDRICAL_SURFACE ( 'NONE', #2432, 9.750000000000000000 ) ;
#1634 = ADVANCED_FACE ( 'NONE', ( #3413 ), #2902, .F. ) ;
#1635 = CARTESIAN_POINT ( 'NONE',  ( 30.87545488139565464, 1.232137064597471188, -1.100000000000000089 ) ) ;
#1636 = ORIENTED_EDGE ( 'NONE', *, *, #2858, .T. ) ;
#1637 = ORIENTED_EDGE ( 'NONE', *, *, #1572, .F. ) ;
#1638 = DIRECTION ( 'NONE',  ( -0.000000000000000000, -0.000000000000000000, -1.000000000000000000 ) ) ;
#1639 = CARTESIAN_POINT ( 'NONE',  ( 29.11452604696784618, -12.79981646060366707, 1.800000000000000044 ) ) ;
#1640 = DIRECTION ( 'NONE',  ( -0.000000000000000000, 0.000000000000000000, 1.000000000000000000 ) ) ;
#1641 = CARTESIAN_POINT ( 'NONE',  ( 0.000000000000000000, 0.000000000000000000, 0.000000000000000000 ) ) ;
#1642 = CARTESIAN_POINT ( 'NONE',  ( -6.706854249492492315, -5.656854249492621278, 7.000000000000000000 ) ) ;
#1643 = AXIS2_PLACEMENT_3D ( 'NONE', #2235, #1224, #2011 ) ;
#1644 = VERTEX_POINT ( 'NONE', #3127 ) ;
#1645 = EDGE_CURVE ( 'NONE', #1452, #1888, #1030, .T. ) ;
#1646 = DIRECTION ( 'NONE',  ( -0.000000000000000000, -0.000000000000000000, 1.000000000000000000 ) ) ;
#1647 = CIRCLE ( 'NONE', #463, 1.050000000000524514 ) ;
#1648 = AXIS2_PLACEMENT_3D ( 'NONE', #3188, #687, #3095 ) ;
#1649 = DIRECTION ( 'NONE',  ( -1.000000000000000000, 0.000000000000000000, 0.000000000000000000 ) ) ;
#1650 = AXIS2_PLACEMENT_3D ( 'NONE', #3258, #1078, #1395 ) ;
#1651 = CIRCLE ( 'NONE', #125, 12.00000000000000178 ) ;
#1652 = EDGE_CURVE ( 'NONE', #1413, #2194, #2205, .T. ) ;
#1653 = FACE_BOUND ( 'NONE', #101, .T. ) ;
#1654 = VECTOR ( 'NONE', #1415, 1000.000000000000000 ) ;
#1655 = VERTEX_POINT ( 'NONE', #762 ) ;
#1656 = ORIENTED_EDGE ( 'NONE', *, *, #2721, .T. ) ;
#1657 = AXIS2_PLACEMENT_3D ( 'NONE', #1105, #2394, #265 ) ;
#1658 = DIRECTION ( 'NONE',  ( -0.000000000000000000, 0.000000000000000000, 1.000000000000000000 ) ) ;
#1659 = EDGE_CURVE ( 'NONE', #3341, #3145, #1138, .T. ) ;
#1660 = AXIS2_PLACEMENT_3D ( 'NONE', #866, #1943, #1219 ) ;
#1661 = DIRECTION ( 'NONE',  ( 1.000000000000000000, 0.000000000000000000, 0.000000000000000000 ) ) ;
#1662 = CIRCLE ( 'NONE', #1435, 1.050000000000524514 ) ;
#1663 = LINE ( 'NONE', #1478, #2946 ) ;
#1664 = DIRECTION ( 'NONE',  ( -0.000000000000000000, -0.000000000000000000, 1.000000000000000000 ) ) ;
#1665 = DIRECTION ( 'NONE',  ( 0.000000000000000000, -0.000000000000000000, -1.000000000000000000 ) ) ;
#1666 = ORIENTED_EDGE ( 'NONE', *, *, #1196, .F. ) ;
#1667 = CARTESIAN_POINT ( 'NONE',  ( 22.08648464722301696, 5.838463550502580368, 2.229864666207693524 ) ) ;
#1668 = DATE_AND_TIME ( #3252, #533 ) ;
#1669 = DIRECTION ( 'NONE',  ( -0.000000000000000000, 0.000000000000000000, 1.000000000000000000 ) ) ;
#1670 = ORIENTED_EDGE ( 'NONE', *, *, #3063, .F. ) ;
#1671 = DIRECTION ( 'NONE',  ( -0.000000000000000000, -0.000000000000000000, 1.000000000000000000 ) ) ;
#1672 = DIRECTION ( 'NONE',  ( -1.000000000000000000, 0.000000000000000000, 0.000000000000000000 ) ) ;
#1673 = EDGE_LOOP ( 'NONE', ( #1829, #1951, #1666, #2288 ) ) ;
#1674 = VERTEX_POINT ( 'NONE', #3461 ) ;
#1675 = EDGE_CURVE ( 'NONE', #437, #1838, #2085, .T. ) ;
#1676 = CYLINDRICAL_SURFACE ( 'NONE', #1366, 3.762221576582363003 ) ;
#1677 = DIRECTION ( 'NONE',  ( -0.000000000000000000, -0.000000000000000000, 1.000000000000000000 ) ) ;
#1678 = EDGE_CURVE ( 'NONE', #1849, #1390, #2071, .T. ) ;
#1679 = CARTESIAN_POINT ( 'NONE',  ( 5.656854249492480058, 5.656854249492620390, 0.000000000000000000 ) ) ;
#1680 = DIRECTION ( 'NONE',  ( -0.000000000000000000, -0.000000000000000000, -1.000000000000000000 ) ) ;
#1681 = DIRECTION ( 'NONE',  ( -0.000000000000000000, -0.000000000000000000, -1.000000000000000000 ) ) ;
#1682 = VERTEX_POINT ( 'NONE', #3195 ) ;
#1683 = CARTESIAN_POINT ( 'NONE',  ( -5.460564090080127997, 8.077421607055523367, 0.000000000000000000 ) ) ;
#1684 = LINE ( 'NONE', #3304, #3049 ) ;
#1685 = ORIENTED_EDGE ( 'NONE', *, *, #3227, .F. ) ;
#1686 = CARTESIAN_POINT ( 'NONE',  ( 19.78298263109032717, -13.02919398005268015, 3.115335598376149484 ) ) ;
#1687 = DIRECTION ( 'NONE',  ( 0.000000000000000000, 0.000000000000000000, 1.000000000000000000 ) ) ;
#1688 = ORIENTED_EDGE ( 'NONE', *, *, #3066, .T. ) ;
#1689 = EDGE_CURVE ( 'NONE', #3316, #1758, #2346, .T. ) ;
#1690 = DIRECTION ( 'NONE',  ( 1.000000000000000000, 0.000000000000000000, 0.000000000000000000 ) ) ;
#1691 = CARTESIAN_POINT ( 'NONE',  ( -11.99437461453229581, -0.3673929861378426587, 7.000000000000000000 ) ) ;
#1692 = ADVANCED_FACE ( 'NONE', ( #494 ), #1928, .T. ) ;
#1693 = DIRECTION ( 'NONE',  ( -0.000000000000000000, -0.000000000000000000, -1.000000000000000000 ) ) ;
#1694 = DIRECTION ( 'NONE',  ( 1.000000000000000000, 0.000000000000000000, 0.000000000000000000 ) ) ;
#1695 = ORIENTED_EDGE ( 'NONE', *, *, #1804, .T. ) ;
#1696 = CARTESIAN_POINT ( 'NONE',  ( 23.42385644797416333, 4.859172740531934487, 3.388165122594945178 ) ) ;
#1697 = CIRCLE ( 'NONE', #970, 3.762221576582363003 ) ;
#1698 = DIRECTION ( 'NONE',  ( 1.000000000000000000, 0.000000000000000000, 0.000000000000000000 ) ) ;
#1699 = AXIS2_PLACEMENT_3D ( 'NONE', #428, #3125, #457 ) ;
#1700 = AXIS2_PLACEMENT_3D ( 'NONE', #385, #2789, #919 ) ;
#1701 = CIRCLE ( 'NONE', #696, 3.762221576582363891 ) ;
#1702 = DIRECTION ( 'NONE',  ( -0.000000000000000000, 0.000000000000000000, 1.000000000000000000 ) ) ;
#1703 = DIRECTION ( 'NONE',  ( -0.000000000000000000, -0.000000000000000000, -1.000000000000000000 ) ) ;
#1704 = EDGE_CURVE ( 'NONE', #1721, #1374, #292, .T. ) ;
#1705 = AXIS2_PLACEMENT_3D ( 'NONE', #3052, #130, #946 ) ;
#1706 = ORIENTED_EDGE ( 'NONE', *, *, #2271, .F. ) ;
#1707 = TOROIDAL_SURFACE ( 'NONE', #520, 1.000000000000000000, 2.000000000000000000 ) ;
#1708 = FACE_OUTER_BOUND ( 'NONE', #2253, .T. ) ;
#1709 = DIRECTION ( 'NONE',  ( -1.000000000000000000, 0.000000000000000000, 0.000000000000000000 ) ) ;
#1710 = CIRCLE ( 'NONE', #191, 1.050000000000040457 ) ;
#1711 = EDGE_CURVE ( 'NONE', #943, #153, #344, .T. ) ;
#1712 = CIRCLE ( 'NONE', #642, 3.762221576582363003 ) ;
#1713 = CARTESIAN_POINT ( 'NONE',  ( -10.04909972764970050, 2.421008771658812453, 7.000000000000000000 ) ) ;
#1714 = CARTESIAN_POINT ( 'NONE',  ( -11.40501160019360860, -3.731716816620635147, 7.000000000000000000 ) ) ;
#1715 = EDGE_CURVE ( 'NONE', #2248, #879, #1590, .T. ) ;
#1716 = VERTEX_POINT ( 'NONE', #1558 ) ;
#1717 = CIRCLE ( 'NONE', #2169, 1.050000000000040457 ) ;
#1718 = CARTESIAN_POINT ( 'NONE',  ( 6.000000000000000000, 0.000000000000000000, -2.168404344971008868E-16 ) ) ;
#1719 = DIRECTION ( 'NONE',  ( 1.000000000000000000, 0.000000000000000000, 0.000000000000000000 ) ) ;
#1720 = ADVANCED_FACE ( 'NONE', ( #507 ), #2608, .F. ) ;
#1721 = VERTEX_POINT ( 'NONE', #1870 ) ;
#1722 = LINE ( 'NONE', #104, #2991 ) ;
#1723 = LINE ( 'NONE', #92, #3411 ) ;
#1724 = ORIENTED_EDGE ( 'NONE', *, *, #1616, .F. ) ;
#1725 = ORIENTED_EDGE ( 'NONE', *, *, #1299, .T. ) ;
#1726 = FACE_BOUND ( 'NONE', #2838, .T. ) ;
#1727 = FACE_OUTER_BOUND ( 'NONE', #2576, .T. ) ;
#1728 = ORIENTED_EDGE ( 'NONE', *, *, #634, .F. ) ;
#1729 = DIRECTION ( 'NONE',  ( -0.8412535328311840921, 0.5406408174555930035, 0.000000000000000000 ) ) ;
#1730 = DIRECTION ( 'NONE',  ( -0.000000000000000000, 0.000000000000000000, 1.000000000000000000 ) ) ;
#1731 = ORIENTED_EDGE ( 'NONE', *, *, #1203, .T. ) ;
#1732 = APPLICATION_CONTEXT ( 'configuration controlled 3d designs of mechanical parts and assemblies' ) ;
#1733 = FACE_OUTER_BOUND ( 'NONE', #56, .T. ) ;
#1734 = EDGE_CURVE ( 'NONE', #3014, #2194, #2153, .T. ) ;
#1735 = FACE_OUTER_BOUND ( 'NONE', #2402, .T. ) ;
#1736 = ORIENTED_EDGE ( 'NONE', *, *, #1349, .F. ) ;
#1737 = DIRECTION ( 'NONE',  ( -0.000000000000000000, -0.000000000000000000, -1.000000000000000000 ) ) ;
#1738 = EDGE_CURVE ( 'NONE', #2275, #3250, #817, .T. ) ;
#1739 = DIRECTION ( 'NONE',  ( -1.000000000000000000, 0.000000000000000000, 0.000000000000000000 ) ) ;
#1740 = ORIENTED_EDGE ( 'NONE', *, *, #3001, .F. ) ;
#1741 = EDGE_LOOP ( 'NONE', ( #2560, #907, #2180, #885 ) ) ;
#1742 = LINE ( 'NONE', #1459, #478 ) ;
#1743 = FACE_BOUND ( 'NONE', #1800, .T. ) ;
#1744 = DIRECTION ( 'NONE',  ( 0.000000000000000000, 0.000000000000000000, -1.000000000000000000 ) ) ;
#1745 = VERTEX_POINT ( 'NONE', #2425 ) ;
#1746 = VERTEX_POINT ( 'NONE', #1941 ) ;
#1747 = CARTESIAN_POINT ( 'NONE',  ( 3.535331853275972325, 9.713244437154374467, 0.000000000000000000 ) ) ;
#1748 = CARTESIAN_POINT ( 'NONE',  ( 31.05481560858217804, 2.215920439910919804, 1.800000000000000044 ) ) ;
#1749 = ORIENTED_EDGE ( 'NONE', *, *, #683, .F. ) ;
#1750 = CARTESIAN_POINT ( 'NONE',  ( -0.9410083477593732537, -8.534467950203254105, 6.834968626429261285 ) ) ;
#1751 = CARTESIAN_POINT ( 'NONE',  ( 0.000000000000000000, 0.000000000000000000, 7.000000000000000000 ) ) ;
#1752 = ORIENTED_EDGE ( 'NONE', *, *, #3264, .F. ) ;
#1753 = VERTEX_POINT ( 'NONE', #527 ) ;
#1754 = EDGE_CURVE ( 'NONE', #258, #2614, #2536, .T. ) ;
#1755 = FACE_OUTER_BOUND ( 'NONE', #3076, .T. ) ;
#1756 = AXIS2_PLACEMENT_3D ( 'NONE', #1751, #411, #1491 ) ;
#1757 = FACE_OUTER_BOUND ( 'NONE', #2718, .T. ) ;
#1758 = VERTEX_POINT ( 'NONE', #3277 ) ;
#1759 = CIRCLE ( 'NONE', #2201, 3.762221576582363447 ) ;
#1760 = EDGE_CURVE ( 'NONE', #2680, #3014, #2988, .T. ) ;
#1761 = CIRCLE ( 'NONE', #2532, 9.750000000000000000 ) ;
#1762 = ORIENTED_EDGE ( 'NONE', *, *, #1057, .F. ) ;
#1763 = CARTESIAN_POINT ( 'NONE',  ( -7.999999999999661604, -3.405706544451890981E-13, 7.000000000000000000 ) ) ;
#1764 = VECTOR ( 'NONE', #3245, 1000.000000000000000 ) ;
#1765 = CIRCLE ( 'NONE', #3223, 1.050000000000504530 ) ;
#1766 = FACE_OUTER_BOUND ( 'NONE', #2450, .T. ) ;
#1767 = DIRECTION ( 'NONE',  ( 0.000000000000000000, 0.000000000000000000, 1.000000000000000000 ) ) ;
#1768 = ORIENTED_EDGE ( 'NONE', *, *, #1916, .T. ) ;
#1769 = CIRCLE ( 'NONE', #63, 12.00000000000000355 ) ;
#1770 = CYLINDRICAL_SURFACE ( 'NONE', #2806, 9.750000000000000000 ) ;
#1771 = CARTESIAN_POINT ( 'NONE',  ( -7.998624034700959839, 5.575348738106353785, 7.000000000000000000 ) ) ;
#1772 = CARTESIAN_POINT ( 'NONE',  ( -11.99437461453229581, -0.3673929861378426587, 7.000000000000000000 ) ) ;
#1773 = ORIENTED_EDGE ( 'NONE', *, *, #308, .F. ) ;
#1774 = CIRCLE ( 'NONE', #2215, 3.762221576582363447 ) ;
#1775 = CARTESIAN_POINT ( 'NONE',  ( -0.6699366744489622105, -8.819053128506086026, 6.706821897939687638 ) ) ;
#1776 = DIRECTION ( 'NONE',  ( 0.000000000000000000, 0.000000000000000000, 1.000000000000000000 ) ) ;
#1777 = VERTEX_POINT ( 'NONE', #3226 ) ;
#1778 = AXIS2_PLACEMENT_3D ( 'NONE', #1635, #1864, #310 ) ;
#1779 = ORIENTED_EDGE ( 'NONE', *, *, #964, .F. ) ;
#1780 = CARTESIAN_POINT ( 'NONE',  ( -8.772324397136545215, -4.255446471453135260, 7.000000000000000000 ) ) ;
#1781 = ORIENTED_EDGE ( 'NONE', *, *, #38, .F. ) ;
#1782 = VERTEX_POINT ( 'NONE', #2445 ) ;
#1783 = DIRECTION ( 'NONE',  ( -0.000000000000000000, -0.000000000000000000, -1.000000000000000000 ) ) ;
#1784 = ADVANCED_FACE ( 'NONE', ( #2407 ), #1918, .F. ) ;
#1785 = DIRECTION ( 'NONE',  ( -0.000000000000000000, -0.000000000000000000, 1.000000000000000000 ) ) ;
#1786 = ORIENTED_EDGE ( 'NONE', *, *, #224, .F. ) ;
#1787 = ORIENTED_EDGE ( 'NONE', *, *, #895, .F. ) ;
#1788 = EDGE_CURVE ( 'NONE', #1337, #1511, #406, .T. ) ;
#1789 = FACE_OUTER_BOUND ( 'NONE', #945, .T. ) ;
#1790 = FACE_OUTER_BOUND ( 'NONE', #2795, .T. ) ;
#1791 = CARTESIAN_POINT ( 'NONE',  ( -9.451552241617092065, -2.393879743007762961, 7.000000000000000000 ) ) ;
#1792 = CARTESIAN_POINT ( 'NONE',  ( -5.656854249492281994, 5.656854249492139886, 7.000000000000000000 ) ) ;
#1793 = CARTESIAN_POINT ( 'NONE',  ( -7.515045518445490735, 6.211810593996920815, 0.000000000000000000 ) ) ;
#1794 = ORIENTED_EDGE ( 'NONE', *, *, #2271, .T. ) ;
#1795 = EDGE_LOOP ( 'NONE', ( #3161, #434, #1879, #128 ) ) ;
#1796 = DIRECTION ( 'NONE',  ( -0.000000000000000000, -0.000000000000000000, -1.000000000000000000 ) ) ;
#1797 = ORIENTED_EDGE ( 'NONE', *, *, #2182, .F. ) ;
#1798 = CARTESIAN_POINT ( 'NONE',  ( -6.103866304610268578, 7.602980740173119756, 7.000000000000000000 ) ) ;
#1799 = VERTEX_POINT ( 'NONE', #2197 ) ;
#1800 = EDGE_LOOP ( 'NONE', ( #1483, #1007 ) ) ;
#1801 = EDGE_CURVE ( 'NONE', #3062, #2238, #3207, .T. ) ;
#1802 = DIRECTION ( 'NONE',  ( -0.000000000000000000, -0.000000000000000000, -1.000000000000000000 ) ) ;
#1803 = DIRECTION ( 'NONE',  ( -0.1423148382732887796, 0.9898214418809321291, 0.000000000000000000 ) ) ;
#1804 = EDGE_CURVE ( 'NONE', #1413, #2453, #2971, .T. ) ;
#1805 = CARTESIAN_POINT ( 'NONE',  ( -8.410437171827107150, -6.009179260718303439, 7.000000000000000000 ) ) ;
#1806 = CARTESIAN_POINT ( 'NONE',  ( -8.132302056181712757, 8.824152269029738704, 0.000000000000000000 ) ) ;
#1807 = ORIENTED_EDGE ( 'NONE', *, *, #2715, .F. ) ;
#1808 = VERTEX_POINT ( 'NONE', #2184 ) ;
#1809 = DIRECTION ( 'NONE',  ( -0.000000000000000000, -0.000000000000000000, -1.000000000000000000 ) ) ;
#1810 = DATE_AND_TIME ( #733, #709 ) ;
#1811 = VERTEX_POINT ( 'NONE', #3475 ) ;
#1812 = VECTOR ( 'NONE', #2452, 1000.000000000000000 ) ;
#1813 = DIRECTION ( 'NONE',  ( 1.000000000000000000, 0.000000000000000000, 0.000000000000000000 ) ) ;
#1814 = EDGE_CURVE ( 'NONE', #879, #3271, #629, .T. ) ;
#1815 = ORIENTED_EDGE ( 'NONE', *, *, #2733, .F. ) ;
#1816 = AXIS2_PLACEMENT_3D ( 'NONE', #482, #1031, #181 ) ;
#1817 = ORIENTED_EDGE ( 'NONE', *, *, #2935, .F. ) ;
#1818 = AXIS2_PLACEMENT_3D ( 'NONE', #997, #2103, #3178 ) ;
#1819 = AXIS2_PLACEMENT_3D ( 'NONE', #1953, #3022, #1690 ) ;
#1820 = LINE ( 'NONE', #2884, #1977 ) ;
#1821 = CARTESIAN_POINT ( 'NONE',  ( 28.45408506437773255, -12.04893850213411355, 1.800000000000000488 ) ) ;
#1822 = EDGE_CURVE ( 'NONE', #2809, #1236, #3221, .T. ) ;
#1823 = AXIS2_PLACEMENT_3D ( 'NONE', #424, #3327, #1482 ) ;
#1824 = CIRCLE ( 'NONE', #2709, 1.050000000000000266 ) ;
#1825 = DIRECTION ( 'NONE',  ( 1.000000000000000000, 0.000000000000000000, 0.000000000000000000 ) ) ;
#1826 = AXIS2_PLACEMENT_3D ( 'NONE', #286, #2977, #565 ) ;
#1827 = DIRECTION ( 'NONE',  ( -0.1793607271865129693, -0.9837833753134505033, 0.000000000000000000 ) ) ;
#1828 = ADVANCED_FACE ( 'NONE', ( #1127 ), #2723, .T. ) ;
#1829 = ORIENTED_EDGE ( 'NONE', *, *, #1929, .T. ) ;
#1830 = VERTEX_POINT ( 'NONE', #543 ) ;
#1831 = AXIS2_PLACEMENT_3D ( 'NONE', #462, #2347, #1012 ) ;
#1832 = DIRECTION ( 'NONE',  ( 0.1423148382732820072, 0.9898214418809331283, 0.000000000000000000 ) ) ;
#1833 = AXIS2_PLACEMENT_3D ( 'NONE', #490, #2633, #1813 ) ;
#1834 = EDGE_CURVE ( 'NONE', #1245, #1524, #3399, .T. ) ;
#1835 = EDGE_LOOP ( 'NONE', ( #711, #2213, #822, #659 ) ) ;
#1836 =( GEOMETRIC_REPRESENTATION_CONTEXT ( 3 ) GLOBAL_UNCERTAINTY_ASSIGNED_CONTEXT ( ( #1436 ) ) GLOBAL_UNIT_ASSIGNED_CONTEXT ( ( #2642, #220, #704 ) ) REPRESENTATION_CONTEXT ( 'NONE', 'WORKASPACE' ) );
#1837 = CARTESIAN_POINT ( 'NONE',  ( -1.748767090068500618, -9.591887909306141324, 0.000000000000000000 ) ) ;
#1838 = VERTEX_POINT ( 'NONE', #2459 ) ;
#1839 = ORIENTED_EDGE ( 'NONE', *, *, #712, .T. ) ;
#1840 = DIRECTION ( 'NONE',  ( -0.000000000000000000, -0.000000000000000000, -1.000000000000000000 ) ) ;
#1841 = DIRECTION ( 'NONE',  ( 1.000000000000000000, 0.000000000000000000, 0.000000000000000000 ) ) ;
#1842 = CARTESIAN_POINT ( 'NONE',  ( 0.7980315555147161621, -8.694852934678774403, 6.891031706495019726 ) ) ;
#1843 = CARTESIAN_POINT ( 'NONE',  ( -11.12833698389885662, -4.490001778706653290, 7.000000000000000000 ) ) ;
#1844 = ORIENTED_EDGE ( 'NONE', *, *, #2378, .F. ) ;
#1845 = ADVANCED_FACE ( 'NONE', ( #2686 ), #298, .F. ) ;
#1846 = CARTESIAN_POINT ( 'NONE',  ( -8.959963588456274053, 5.154099465690963555, 0.000000000000000000 ) ) ;
#1847 = PERSON_AND_ORGANIZATION ( #322, #1608 ) ;
#1848 = CARTESIAN_POINT ( 'NONE',  ( -6.934274570223737832, -9.793663062651708273, 7.000000000000000000 ) ) ;
#1849 = VERTEX_POINT ( 'NONE', #279 ) ;
#1850 = EDGE_CURVE ( 'NONE', #931, #1782, #1876, .T. ) ;
#1851 = CARTESIAN_POINT ( 'NONE',  ( -6.028027512761525486, 10.37607268215629475, 7.000000000000000000 ) ) ;
#1852 = ORIENTED_EDGE ( 'NONE', *, *, #673, .T. ) ;
#1853 = ORIENTED_EDGE ( 'NONE', *, *, #2166, .F. ) ;
#1854 = DIRECTION ( 'NONE',  ( 0.1423148382732818962, 0.9898214418809332393, 0.000000000000000000 ) ) ;
#1855 = CARTESIAN_POINT ( 'NONE',  ( -9.762736809034956664, -3.396271309276113648, 7.000000000000000000 ) ) ;
#1856 = CARTESIAN_POINT ( 'NONE',  ( -9.412581462727702686, -7.443339990052506572, 7.000000000000000000 ) ) ;
#1857 = DIRECTION ( 'NONE',  ( 0.1793607271865128860, 0.9837833753134505033, -0.000000000000000000 ) ) ;
#1858 = ORIENTED_EDGE ( 'NONE', *, *, #2639, .F. ) ;
#1859 = CARTESIAN_POINT ( 'NONE',  ( 20.59757425901356953, -12.50796510567763775, 3.605308844430222592 ) ) ;
#1860 = PERSON_AND_ORGANIZATION ( #322, #1608 ) ;
#1861 = DIRECTION ( 'NONE',  ( -0.000000000000000000, -0.000000000000000000, 1.000000000000000000 ) ) ;
#1862 = EDGE_CURVE ( 'NONE', #3148, #2591, #2739, .T. ) ;
#1863 = VERTEX_POINT ( 'NONE', #1461 ) ;
#1864 = DIRECTION ( 'NONE',  ( 0.000000000000000000, 0.000000000000000000, -1.000000000000000000 ) ) ;
#1865 = VERTEX_POINT ( 'NONE', #2507 ) ;
#1866 = ORIENTED_EDGE ( 'NONE', *, *, #3400, .T. ) ;
#1867 = AXIS2_PLACEMENT_3D ( 'NONE', #974, #1237, #3123 ) ;
#1868 = AXIS2_PLACEMENT_3D ( 'NONE', #446, #510, #3445 ) ;
#1869 = CARTESIAN_POINT ( 'NONE',  ( -9.111247433184743727, 4.881686083719696256, 7.000000000000000000 ) ) ;
#1870 = CARTESIAN_POINT ( 'NONE',  ( -4.606854249491110664, -5.656854249492621278, 7.000000000000000000 ) ) ;
#1871 = ADVANCED_FACE ( 'NONE', ( #2218 ), #97, .T. ) ;
#1872 = CIRCLE ( 'NONE', #2426, 1.050000000000703260 ) ;
#1873 = CIRCLE ( 'NONE', #236, 3.762221576582362559 ) ;
#1874 = CARTESIAN_POINT ( 'NONE',  ( 1.000786428020163044, -8.345083384333575438, 6.984683694918524033 ) ) ;
#1875 = CARTESIAN_POINT ( 'NONE',  ( -1.748767090068500618, -9.591887909306141324, -46.14212683983397056 ) ) ;
#1876 = CIRCLE ( 'NONE', #1092, 1.050000000000504530 ) ;
#1877 = CARTESIAN_POINT ( 'NONE',  ( 6.706854249492520736, 5.656854249492620390, 0.000000000000000000 ) ) ;
#1878 = CIRCLE ( 'NONE', #910, 9.750000000000000000 ) ;
#1879 = ORIENTED_EDGE ( 'NONE', *, *, #1438, .T. ) ;
#1880 = ORIENTED_EDGE ( 'NONE', *, *, #2378, .T. ) ;
#1881 = CIRCLE ( 'NONE', #353, 3.762221576582363891 ) ;
#1882 = FACE_OUTER_BOUND ( 'NONE', #1532, .T. ) ;
#1883 = DIRECTION ( 'NONE',  ( -0.000000000000000000, -0.000000000000000000, 1.000000000000000000 ) ) ;
#1884 = AXIS2_PLACEMENT_3D ( 'NONE', #2640, #763, #2428 ) ;
#1885 = ORIENTED_EDGE ( 'NONE', *, *, #936, .T. ) ;
#1886 = DIRECTION ( 'NONE',  ( 0.000000000000000000, -1.000000000000000000, 0.000000000000000000 ) ) ;
#1887 = ORIENTED_EDGE ( 'NONE', *, *, #2715, .T. ) ;
#1888 = VERTEX_POINT ( 'NONE', #112 ) ;
#1889 = FACE_OUTER_BOUND ( 'NONE', #380, .T. ) ;
#1890 = DIRECTION ( 'NONE',  ( -0.000000000000000000, -0.000000000000000000, 1.000000000000000000 ) ) ;
#1891 = ADVANCED_FACE ( 'NONE', ( #650 ), #3024, .T. ) ;
#1892 = CARTESIAN_POINT ( 'NONE',  ( -7.576987870392881241, -9.305334750126894150, 7.000000000000000000 ) ) ;
#1893 = CARTESIAN_POINT ( 'NONE',  ( -0.9662303906370903750, -10.29135985382434448, 7.000000000000000000 ) ) ;
#1894 = CARTESIAN_POINT ( 'NONE',  ( 5.656854249492480058, 5.656854249492620390, -3.000000000000001776 ) ) ;
#1895 = VERTEX_POINT ( 'NONE', #140 ) ;
#1896 = ORIENTED_EDGE ( 'NONE', *, *, #3025, .F. ) ;
#1897 = DIRECTION ( 'NONE',  ( -1.000000000000000000, 0.000000000000000000, 0.000000000000000000 ) ) ;
#1898 = DIRECTION ( 'NONE',  ( 0.9837833753134503922, -0.1793607271865128583, 0.000000000000000000 ) ) ;
#1899 = EDGE_LOOP ( 'NONE', ( #2456, #829, #2862, #702 ) ) ;
#1900 = FACE_BOUND ( 'NONE', #41, .T. ) ;
#1901 = ORIENTED_EDGE ( 'NONE', *, *, #3203, .F. ) ;
#1902 = ORIENTED_EDGE ( 'NONE', *, *, #3025, .T. ) ;
#1903 = CYLINDRICAL_SURFACE ( 'NONE', #1197, 3.762221576582363891 ) ;
#1904 = CARTESIAN_POINT ( 'NONE',  ( 18.61625131124322508, -10.25533123026898430, 7.000000000000000000 ) ) ;
#1905 = EDGE_CURVE ( 'NONE', #2786, #3271, #2287, .T. ) ;
#1906 = DIRECTION ( 'NONE',  ( 0.000000000000000000, 0.000000000000000000, 1.000000000000000000 ) ) ;
#1907 = DIRECTION ( 'NONE',  ( -0.000000000000000000, 0.000000000000000000, 1.000000000000000000 ) ) ;
#1908 = CARTESIAN_POINT ( 'NONE',  ( 6.950000000000085443, 3.397195249197818264E-13, -3.000000000000001776 ) ) ;
#1909 = EDGE_LOOP ( 'NONE', ( #2676, #3299, #1946, #2621 ) ) ;
#1910 = DIRECTION ( 'NONE',  ( -1.000000000000000000, 0.000000000000000000, -0.000000000000000000 ) ) ;
#1911 = DIRECTION ( 'NONE',  ( 0.000000000000000000, -1.000000000000000000, -0.000000000000000000 ) ) ;
#1912 = ORIENTED_EDGE ( 'NONE', *, *, #1327, .T. ) ;
#1913 = CARTESIAN_POINT ( 'NONE',  ( -9.891682374222906304, -6.793719143995277321, 0.000000000000000000 ) ) ;
#1914 = EDGE_LOOP ( 'NONE', ( #149, #2005 ) ) ;
#1915 = VERTEX_POINT ( 'NONE', #2771 ) ;
#1916 = EDGE_CURVE ( 'NONE', #2710, #2391, #2879, .T. ) ;
#1917 = CARTESIAN_POINT ( 'NONE',  ( 0.000000000000000000, 0.000000000000000000, 6.500000000000000000 ) ) ;
#1918 = CYLINDRICAL_SURFACE ( 'NONE', #1479, 1.050000000000524514 ) ;
#1919 = VECTOR ( 'NONE', #855, 1000.000000000000000 ) ;
#1920 = DIRECTION ( 'NONE',  ( 1.000000000000000000, 0.000000000000000000, 0.000000000000000000 ) ) ;
#1921 = EDGE_CURVE ( 'NONE', #1777, #1190, #2209, .T. ) ;
#1922 = CYLINDRICAL_SURFACE ( 'NONE', #2924, 3.762221576582363003 ) ;
#1923 = CYLINDRICAL_SURFACE ( 'NONE', #1975, 5.500000000000000000 ) ;
#1924 = AXIS2_PLACEMENT_3D ( 'NONE', #3315, #653, #354 ) ;
#1925 = CIRCLE ( 'NONE', #2202, 1.050000000000691047 ) ;
#1926 = ORIENTED_EDGE ( 'NONE', *, *, #2460, .T. ) ;
#1927 = CARTESIAN_POINT ( 'NONE',  ( -10.68082785797387224, 5.469910078632857164, 7.000000000000000000 ) ) ;
#1928 = TOROIDAL_SURFACE ( 'NONE', #3105, 1.000000000000000000, 2.000000000000000000 ) ;
#1929 = EDGE_CURVE ( 'NONE', #1524, #1073, #3455, .T. ) ;
#1930 = AXIS2_PLACEMENT_3D ( 'NONE', #1460, #3038, #1198 ) ;
#1931 = CARTESIAN_POINT ( 'NONE',  ( -6.000000000000000000, 7.347880794884119736E-16, 6.999999999999999112 ) ) ;
#1932 = AXIS2_PLACEMENT_3D ( 'NONE', #1199, #882, #3096 ) ;
#1933 = EDGE_CURVE ( 'NONE', #1915, #3417, #3111, .T. ) ;
#1934 = DIRECTION ( 'NONE',  ( 0.000000000000000000, 0.000000000000000000, 1.000000000000000000 ) ) ;
#1935 = CIRCLE ( 'NONE', #245, 3.762221576582363003 ) ;
#1936 = ORIENTED_EDGE ( 'NONE', *, *, #1549, .F. ) ;
#1937 = EDGE_LOOP ( 'NONE', ( #396, #2367, #389, #217 ) ) ;
#1938 = CIRCLE ( 'NONE', #3121, 9.750000000000000000 ) ;
#1939 = CARTESIAN_POINT ( 'NONE',  ( -8.394264104813469629, -4.959720772245162834, 7.000000000000000000 ) ) ;
#1940 = CIRCLE ( 'NONE', #816, 1.000000000000000888 ) ;
#1941 = CARTESIAN_POINT ( 'NONE',  ( 24.15030015175028666, 3.474733044681064698, 3.800000000000000266 ) ) ;
#1942 = AXIS2_PLACEMENT_3D ( 'NONE', #903, #3363, #947 ) ;
#1943 = DIRECTION ( 'NONE',  ( -0.000000000000000000, -0.000000000000000000, -1.000000000000000000 ) ) ;
#1944 = FACE_OUTER_BOUND ( 'NONE', #2805, .T. ) ;
#1945 = DIRECTION ( 'NONE',  ( 0.000000000000000000, 0.000000000000000000, 1.000000000000000000 ) ) ;
#1946 = ORIENTED_EDGE ( 'NONE', *, *, #1630, .F. ) ;
#1947 = CARTESIAN_POINT ( 'NONE',  ( 21.57570330982069251, 5.977094462402949837, 1.800000000000000044 ) ) ;
#1948 = LINE ( 'NONE', #824, #111 ) ;
#1949 = EDGE_CURVE ( 'NONE', #2176, #3397, #382, .T. ) ;
#1950 = CARTESIAN_POINT ( 'NONE',  ( 18.49378984428189909, -13.28245620204911326, 2.144946592129735929 ) ) ;
#1951 = ORIENTED_EDGE ( 'NONE', *, *, #1369, .F. ) ;
#1952 = ADVANCED_FACE ( 'NONE', ( #3061, #1727 ), #2785, .T. ) ;
#1953 = CARTESIAN_POINT ( 'NONE',  ( -5.656854249492281994, 5.656854249492139886, -3.000000000000001776 ) ) ;
#1954 = DIRECTION ( 'NONE',  ( 0.000000000000000000, 0.000000000000000000, -1.000000000000000000 ) ) ;
#1955 = FACE_OUTER_BOUND ( 'NONE', #2349, .T. ) ;
#1956 = CYLINDRICAL_SURFACE ( 'NONE', #2873, 1.050000000000253841 ) ;
#1957 = EDGE_LOOP ( 'NONE', ( #1656, #2518, #2497, #2868 ) ) ;
#1958 = CARTESIAN_POINT ( 'NONE',  ( 30.87545488139565464, 1.232137064597471188, -3.000000000000000000 ) ) ;
#1959 = DIRECTION ( 'NONE',  ( -1.000000000000000000, 0.000000000000000000, 0.000000000000000000 ) ) ;
#1960 = ORIENTED_EDGE ( 'NONE', *, *, #1438, .F. ) ;
#1961 = CARTESIAN_POINT ( 'NONE',  ( 20.59757425901356953, -12.50796510567763775, 3.605308844430222592 ) ) ;
#1962 = CARTESIAN_POINT ( 'NONE',  ( -6.706854249492492315, -5.656854249492621278, -3.000000000000001776 ) ) ;
#1963 = EDGE_CURVE ( 'NONE', #1413, #2680, #1593, .T. ) ;
#1964 = ORIENTED_EDGE ( 'NONE', *, *, #1155, .T. ) ;
#1965 = EDGE_CURVE ( 'NONE', #2691, #183, #2268, .T. ) ;
#1966 = DIRECTION ( 'NONE',  ( 0.000000000000000000, 0.000000000000000000, 1.000000000000000000 ) ) ;
#1967 = CARTESIAN_POINT ( 'NONE',  ( 0.000000000000000000, 0.000000000000000000, 7.000000000000000000 ) ) ;
#1968 = EDGE_CURVE ( 'NONE', #1655, #3083, #3282, .T. ) ;
#1969 = AXIS2_PLACEMENT_3D ( 'NONE', #2678, #3236, #359 ) ;
#1970 = CARTESIAN_POINT ( 'NONE',  ( 21.11378152148709475, -12.03698322341409899, 3.800000000000000266 ) ) ;
#1971 = DIRECTION ( 'NONE',  ( 1.000000000000000000, 0.000000000000000000, 0.000000000000000000 ) ) ;
#1972 = ORIENTED_EDGE ( 'NONE', *, *, #2232, .F. ) ;
#1973 = VECTOR ( 'NONE', #754, 1000.000000000000227 ) ;
#1974 = CARTESIAN_POINT ( 'NONE',  ( 21.67897257236245423, 5.958266689449782660, 1.885708866131063255 ) ) ;
#1975 = AXIS2_PLACEMENT_3D ( 'NONE', #2222, #1384, #2449 ) ;
#1976 = DIRECTION ( 'NONE',  ( 0.000000000000000000, 0.000000000000000000, 1.000000000000000000 ) ) ;
#1977 = VECTOR ( 'NONE', #1557, 1000.000000000000000 ) ;
#1978 = ORIENTED_EDGE ( 'NONE', *, *, #1801, .F. ) ;
#1979 = CIRCLE ( 'NONE', #240, 1.050000000000524514 ) ;
#1980 = VECTOR ( 'NONE', #631, 1000.000000000000000 ) ;
#1981 = DIRECTION ( 'NONE',  ( -0.000000000000000000, -0.000000000000000000, 1.000000000000000000 ) ) ;
#1982 = DIRECTION ( 'NONE',  ( -1.000000000000000000, 0.000000000000000000, 0.000000000000000000 ) ) ;
#1983 = AXIS2_PLACEMENT_3D ( 'NONE', #2304, #1785, #1502 ) ;
#1984 = AXIS2_PLACEMENT_3D ( 'NONE', #164, #1976, #2559 ) ;
#1985 = ORIENTED_EDGE ( 'NONE', *, *, #3242, .T. ) ;
#1986 = ORIENTED_EDGE ( 'NONE', *, *, #3139, .T. ) ;
#1987 = AXIS2_PLACEMENT_3D ( 'NONE', #2127, #1333, #2399 ) ;
#1988 = CARTESIAN_POINT ( 'NONE',  ( 30.49728463471696216, -5.560182542781902271, -1.100000000000000311 ) ) ;
#1989 = CARTESIAN_POINT ( 'NONE',  ( -1.390045635695474902, -7.624321158679237875, 3.799999999999999822 ) ) ;
#1990 = VERTEX_POINT ( 'NONE', #81 ) ;
#1991 = AXIS2_PLACEMENT_3D ( 'NONE', #2672, #1291, #3444 ) ;
#1992 = EDGE_CURVE ( 'NONE', #1452, #1777, #368, .T. ) ;
#1993 = AXIS2_PLACEMENT_3D ( 'NONE', #476, #2368, #708 ) ;
#1994 = CARTESIAN_POINT ( 'NONE',  ( -2.860572556533148347, 11.65406043612308551, 7.000000000000000000 ) ) ;
#1995 = PRODUCT ( '柔性夹爪1', '柔性夹爪1', '', ( #987 ) ) ;
#1996 = LINE ( 'NONE', #1714, #909 ) ;
#1997 = EDGE_LOOP ( 'NONE', ( #1469, #1066 ) ) ;
#1998 = CYLINDRICAL_SURFACE ( 'NONE', #1372, 1.050000000000703260 ) ;
#1999 = LINE ( 'NONE', #388, #399 ) ;
#2000 = ORIENTED_EDGE ( 'NONE', *, *, #3214, .T. ) ;
#2001 = ORIENTED_EDGE ( 'NONE', *, *, #2480, .F. ) ;
#2002 = CARTESIAN_POINT ( 'NONE',  ( 1.513669906014278643, 8.714115731897623007, 6.691224803547110689 ) ) ;
#2003 = DIRECTION ( 'NONE',  ( 1.000000000000000000, 0.000000000000000000, 0.000000000000000000 ) ) ;
#2004 = ORIENTED_EDGE ( 'NONE', *, *, #362, .T. ) ;
#2005 = ORIENTED_EDGE ( 'NONE', *, *, #3012, .F. ) ;
#2006 = DIRECTION ( 'NONE',  ( -0.000000000000000000, 0.000000000000000000, 1.000000000000000000 ) ) ;
#2007 = B_SPLINE_CURVE_WITH_KNOTS ( 'NONE', 3,
 ( #1122, #1184, #1696, #1466, #338, #2191, #1401, #1667, #922, #1154, #1974, #1947 ),
 .UNSPECIFIED., .F., .F.,
 ( 4, 2, 2, 2, 2, 4 ),
 ( 0.000000000000000000, 0.0008131054540237698082, 0.001626210908047539616, 0.002439316362071309533, 0.002845869089083193516, 0.003252421816095077932 ),
 .UNSPECIFIED. ) ;
#2008 = FACE_OUTER_BOUND ( 'NONE', #1354, .T. ) ;
#2009 = DIRECTION ( 'NONE',  ( -0.000000000000000000, -0.000000000000000000, -1.000000000000000000 ) ) ;
#2010 = VERTEX_POINT ( 'NONE', #2548 ) ;
#2011 = DIRECTION ( 'NONE',  ( 0.1793607271865129416, 0.9837833753134505033, 0.000000000000000000 ) ) ;
#2012 = CYLINDRICAL_SURFACE ( 'NONE', #455, 3.762221576582363003 ) ;
#2013 = CARTESIAN_POINT ( 'NONE',  ( -2.528598933626911904, -9.416405228794101134, 5.000000000000000000 ) ) ;
#2014 = EDGE_CURVE ( 'NONE', #2024, #1799, #1769, .T. ) ;
#2015 = ORIENTED_EDGE ( 'NONE', *, *, #1963, .T. ) ;
#2016 = CYLINDRICAL_SURFACE ( 'NONE', #132, 3.762221576582363003 ) ;
#2017 = DIRECTION ( 'NONE',  ( -0.000000000000000000, -0.000000000000000000, -1.000000000000000000 ) ) ;
#2018 = EDGE_CURVE ( 'NONE', #943, #2398, #2047, .T. ) ;
#2019 = EDGE_LOOP ( 'NONE', ( #2719, #503, #146, #1517 ) ) ;
#2020 = ORIENTED_EDGE ( 'NONE', *, *, #2615, .T. ) ;
#2021 = DIRECTION ( 'NONE',  ( -0.6548607339452886533, 0.7557495743542551603, 0.000000000000000000 ) ) ;
#2022 = FACE_OUTER_BOUND ( 'NONE', #1673, .T. ) ;
#2023 = EDGE_CURVE ( 'NONE', #3193, #2238, #1201, .T. ) ;
#2024 = VERTEX_POINT ( 'NONE', #2825 ) ;
#2025 = DIRECTION ( 'NONE',  ( -0.000000000000000000, -0.000000000000000000, 1.000000000000000000 ) ) ;
#2026 = DIRECTION ( 'NONE',  ( 0.000000000000000000, 0.000000000000000000, 1.000000000000000000 ) ) ;
#2027 = CARTESIAN_POINT ( 'NONE',  ( 0.000000000000000000, 0.000000000000000000, 0.000000000000000000 ) ) ;
#2028 = EDGE_LOOP ( 'NONE', ( #1567, #3456 ) ) ;
#2029 = CARTESIAN_POINT ( 'NONE',  ( -7.144944486281366913, 7.469635673622618377, 7.000000000000000000 ) ) ;
#2030 = CARTESIAN_POINT ( 'NONE',  ( -1.050000000000024247, -8.000000000000000000, 0.000000000000000000 ) ) ;
#2031 = CARTESIAN_POINT ( 'NONE',  ( 8.000000000000339284, 3.395909370058713179E-13, -3.000000000000001776 ) ) ;
#2032 = ORIENTED_EDGE ( 'NONE', *, *, #2546, .T. ) ;
#2033 = DIRECTION ( 'NONE',  ( 1.000000000000000000, -8.673617379884027583E-16, 0.000000000000000000 ) ) ;
#2034 = CARTESIAN_POINT ( 'NONE',  ( -8.960702652603004026, 3.842955629672763607, 0.000000000000000000 ) ) ;
#2035 = ORIENTED_EDGE ( 'NONE', *, *, #891, .T. ) ;
#2036 = VECTOR ( 'NONE', #2187, 1000.000000000000000 ) ;
#2037 = ORIENTED_EDGE ( 'NONE', *, *, #2340, .F. ) ;
#2038 = EDGE_CURVE ( 'NONE', #1746, #2568, #12, .T. ) ;
#2039 = DIRECTION ( 'NONE',  ( -0.9837833753134503922, 0.1793607271865128305, 0.000000000000000000 ) ) ;
#2040 = APPROVAL_DATE_TIME ( #450, #3273 ) ;
#2041 = VERTEX_POINT ( 'NONE', #2048 ) ;
#2042 = AXIS2_PLACEMENT_3D ( 'NONE', #1290, #1306, #3427 ) ;
#2043 = AXIS2_PLACEMENT_3D ( 'NONE', #2375, #2052, #197 ) ;
#2044 = EDGE_CURVE ( 'NONE', #2948, #293, #710, .T. ) ;
#2045 = ORIENTED_EDGE ( 'NONE', *, *, #3139, .F. ) ;
#2046 = LINE ( 'NONE', #137, #2055 ) ;
#2047 = CIRCLE ( 'NONE', #750, 6.000000000000000000 ) ;
#2048 = CARTESIAN_POINT ( 'NONE',  ( -3.106632694473850265, 10.31580787075611561, 0.000000000000000000 ) ) ;
#2049 = ORIENTED_EDGE ( 'NONE', *, *, #3488, .T. ) ;
#2050 = AXIS2_PLACEMENT_3D ( 'NONE', #2744, #3031, #2239 ) ;
#2051 = CARTESIAN_POINT ( 'NONE',  ( -2.070630938732226145, 11.82000370201147454, 7.000000000000000000 ) ) ;
#2052 = DIRECTION ( 'NONE',  ( -0.000000000000000000, -0.000000000000000000, -1.000000000000000000 ) ) ;
#2053 = AXIS2_PLACEMENT_3D ( 'NONE', #2945, #2140, #1579 ) ;
#2054 = CARTESIAN_POINT ( 'NONE',  ( -5.656854249491801490, -5.656854249492621278, 7.000000000000000000 ) ) ;
#2055 = VECTOR ( 'NONE', #109, 1000.000000000000000 ) ;
#2056 = DIRECTION ( 'NONE',  ( -1.000000000000000000, 0.000000000000000000, 0.000000000000000000 ) ) ;
#2057 = CARTESIAN_POINT ( 'NONE',  ( 5.656854249492959674, -5.656854249492140774, 7.000000000000000000 ) ) ;
#2058 = ORIENTED_EDGE ( 'NONE', *, *, #616, .T. ) ;
#2059 = CIRCLE ( 'NONE', #2768, 1.050000000000000266 ) ;
#2060 = ORIENTED_EDGE ( 'NONE', *, *, #2779, .F. ) ;
#2061 = CARTESIAN_POINT ( 'NONE',  ( -9.891682374222906304, -6.793719143995277321, 7.000000000000000000 ) ) ;
#2062 = CIRCLE ( 'NONE', #818, 3.762221576582363891 ) ;
#2063 = PERSON_AND_ORGANIZATION ( #322, #1608 ) ;
#2064 = ADVANCED_FACE ( 'NONE', ( #1235 ), #2845, .F. ) ;
#2065 = ORIENTED_EDGE ( 'NONE', *, *, #1189, .F. ) ;
#2066 = LINE ( 'NONE', #3191, #3462 ) ;
#2067 = ORIENTED_EDGE ( 'NONE', *, *, #2416, .F. ) ;
#2068 = ADVANCED_FACE ( 'NONE', ( #326 ), #888, .T. ) ;
#2069 = EDGE_LOOP ( 'NONE', ( #655, #2245, #607, #2358 ) ) ;
#2070 = CYLINDRICAL_SURFACE ( 'NONE', #3107, 12.00000000000000178 ) ;
#2071 = LINE ( 'NONE', #2638, #3452 ) ;
#2072 = DIRECTION ( 'NONE',  ( 1.000000000000000000, 0.000000000000000000, 0.000000000000000000 ) ) ;
#2073 = FACE_OUTER_BOUND ( 'NONE', #935, .T. ) ;
#2074 = ORIENTED_EDGE ( 'NONE', *, *, #2190, .T. ) ;
#2075 = ORIENTED_EDGE ( 'NONE', *, *, #3264, .T. ) ;
#2076 = CYLINDRICAL_SURFACE ( 'NONE', #581, 12.00000000000000178 ) ;
#2077 = APPLICATION_PROTOCOL_DEFINITION ( 'international standard', 'config_control_design', 1994, #1732 ) ;
#2078 = ORIENTED_EDGE ( 'NONE', *, *, #1788, .F. ) ;
#2079 = EDGE_CURVE ( 'NONE', #3211, #2214, #1722, .T. ) ;
#2080 = CARTESIAN_POINT ( 'NONE',  ( -2.277266001350169322, 10.08264590114086801, 7.000000000000000000 ) ) ;
#2081 = ORIENTED_EDGE ( 'NONE', *, *, #2996, .T. ) ;
#2082 = ORIENTED_EDGE ( 'NONE', *, *, #2996, .F. ) ;
#2083 = EDGE_CURVE ( 'NONE', #3481, #1624, #3171, .T. ) ;
#2084 = CARTESIAN_POINT ( 'NONE',  ( 10.08036252435762137, 8.072893938461902508, -1.100000000000000089 ) ) ;
#2085 = LINE ( 'NONE', #777, #1310 ) ;
#2086 = EDGE_CURVE ( 'NONE', #1782, #2730, #3319, .T. ) ;
#2087 = CARTESIAN_POINT ( 'NONE',  ( 18.07816912968369039, -13.20668135620933192, 4.999999999999997335 ) ) ;
#2088 = DIRECTION ( 'NONE',  ( 1.000000000000000000, 0.000000000000000000, 0.000000000000000000 ) ) ;
#2089 = EDGE_LOOP ( 'NONE', ( #439, #647, #3198, #467 ) ) ;
#2090 = ORIENTED_EDGE ( 'NONE', *, *, #856, .F. ) ;
#2091 = FACE_OUTER_BOUND ( 'NONE', #1615, .T. ) ;
#2092 = DIRECTION ( 'NONE',  ( 0.4154150130018842701, 0.9096319953545193293, 0.000000000000000000 ) ) ;
#2093 = CARTESIAN_POINT ( 'NONE',  ( 9.297766302231817548, 8.215574767408803325, -1.099999999999999645 ) ) ;
#2094 = ORIENTED_EDGE ( 'NONE', *, *, #2086, .F. ) ;
#2095 = AXIS2_PLACEMENT_3D ( 'NONE', #2778, #88, #374 ) ;
#2096 = DIRECTION ( 'NONE',  ( -0.000000000000000000, -0.000000000000000000, -1.000000000000000000 ) ) ;
#2097 = ORIENTED_EDGE ( 'NONE', *, *, #166, .T. ) ;
#2098 = AXIS2_PLACEMENT_3D ( 'NONE', #1523, #795, #2125 ) ;
#2099 = ORIENTED_EDGE ( 'NONE', *, *, #1203, .F. ) ;
#2100 = CIRCLE ( 'NONE', #2042, 9.750000000000000000 ) ;
#2101 = CIRCLE ( 'NONE', #1480, 1.050000000000691047 ) ;
#2102 = CARTESIAN_POINT ( 'NONE',  ( -2.358267623224015175, -8.376073468224966234, 6.777794969441379713 ) ) ;
#2103 = DIRECTION ( 'NONE',  ( -0.7508779584695527420, -0.6604409825901152997, 0.000000000000000000 ) ) ;
#2104 = VECTOR ( 'NONE', #347, 1000.000000000000000 ) ;
#2105 = EDGE_CURVE ( 'NONE', #2275, #648, #2820, .T. ) ;
#2106 = CIRCLE ( 'NONE', #232, 3.762221576582363003 ) ;
#2107 = DIRECTION ( 'NONE',  ( -0.000000000000000000, 0.000000000000000000, 1.000000000000000000 ) ) ;
#2108 = CIRCLE ( 'NONE', #1425, 3.762221576582363891 ) ;
#2109 = CYLINDRICAL_SURFACE ( 'NONE', #2098, 1.050000000000253841 ) ;
#2110 = ORIENTED_EDGE ( 'NONE', *, *, #2416, .T. ) ;
#2111 = CIRCLE ( 'NONE', #2437, 1.050000000000040457 ) ;
#2112 = CARTESIAN_POINT ( 'NONE',  ( 6.000000000000000000, 0.000000000000000000, 6.999999999999999112 ) ) ;
#2113 = B_SPLINE_CURVE_WITH_KNOTS ( 'NONE', 3,
 ( #3314, #896, #1970, #3042 ),
 .UNSPECIFIED., .F., .F.,
 ( 4, 4 ),
 ( 0.000000000000000000, 0.001083377528897867077 ),
 .UNSPECIFIED. ) ;
#2114 = CIRCLE ( 'NONE', #3057, 1.050000000000504530 ) ;
#2115 = CARTESIAN_POINT ( 'NONE',  ( 0.000000000000000000, 0.000000000000000000, 7.000000000000000000 ) ) ;
#2116 = ORIENTED_EDGE ( 'NONE', *, *, #989, .F. ) ;
#2117 = VECTOR ( 'NONE', #2338, 1000.000000000000000 ) ;
#2118 = CYLINDRICAL_SURFACE ( 'NONE', #1378, 12.00000000000000178 ) ;
#2119 = ORIENTED_EDGE ( 'NONE', *, *, #444, .F. ) ;
#2120 = VERTEX_POINT ( 'NONE', #91 ) ;
#2121 = CARTESIAN_POINT ( 'NONE',  ( -2.528598933626911904, -9.416405228794101134, 5.000000000000000000 ) ) ;
#2122 = DIRECTION ( 'NONE',  ( 1.224646799147353207E-16, 1.000000000000000000, 0.000000000000000000 ) ) ;
#2123 = DIRECTION ( 'NONE',  ( -0.000000000000000000, -0.000000000000000000, -1.000000000000000000 ) ) ;
#2124 = EDGE_CURVE ( 'NONE', #375, #3067, #2322, .T. ) ;
#2125 = DIRECTION ( 'NONE',  ( 1.000000000000000000, 0.000000000000000000, 0.000000000000000000 ) ) ;
#2126 = VERTEX_POINT ( 'NONE', #1470 ) ;
#2127 = CARTESIAN_POINT ( 'NONE',  ( 0.000000000000000000, 0.000000000000000000, 7.000000000000000000 ) ) ;
#2128 = EDGE_CURVE ( 'NONE', #1236, #1746, #376, .T. ) ;
#2129 = DIRECTION ( 'NONE',  ( -0.000000000000000000, -0.000000000000000000, -1.000000000000000000 ) ) ;
#2130 = ORIENTED_EDGE ( 'NONE', *, *, #3477, .T. ) ;
#2131 = FACE_OUTER_BOUND ( 'NONE', #596, .T. ) ;
#2132 = ORIENTED_EDGE ( 'NONE', *, *, #1270, .T. ) ;
#2133 = DIRECTION ( 'NONE',  ( 0.1793607271865129416, 0.9837833753134505033, 0.000000000000000000 ) ) ;
#2134 = DIRECTION ( 'NONE',  ( 0.4154150130018842701, 0.9096319953545193293, 0.000000000000000000 ) ) ;
#2135 = CC_DESIGN_PERSON_AND_ORGANIZATION_ASSIGNMENT ( #1528, #2840, ( #623 ) ) ;
#2136 = CARTESIAN_POINT ( 'NONE',  ( -0.1042105393441011552, -9.047107478644340617, 6.622773731801099295 ) ) ;
#2137 = DIRECTION ( 'NONE',  ( 0.000000000000000000, -1.000000000000000000, 0.000000000000000000 ) ) ;
#2138 = CARTESIAN_POINT ( 'NONE',  ( -1.050000000000024247, -7.896702548595313509, 6.991918910949164179 ) ) ;
#2139 = ORIENTED_EDGE ( 'NONE', *, *, #1410, .T. ) ;
#2140 = DIRECTION ( 'NONE',  ( -0.000000000000000000, -0.000000000000000000, -1.000000000000000000 ) ) ;
#2141 = DIRECTION ( 'NONE',  ( 1.000000000000000000, 0.000000000000000000, 0.000000000000000000 ) ) ;
#2142 = ORIENTED_EDGE ( 'NONE', *, *, #1929, .F. ) ;
#2143 = EDGE_CURVE ( 'NONE', #2667, #1556, #1380, .T. ) ;
#2144 = VECTOR ( 'NONE', #954, 1000.000000000000000 ) ;
#2145 = DIRECTION ( 'NONE',  ( -0.000000000000000000, -0.000000000000000000, -1.000000000000000000 ) ) ;
#2146 = EDGE_LOOP ( 'NONE', ( #3487, #309, #2814, #2743 ) ) ;
#2147 = EDGE_LOOP ( 'NONE', ( #1314, #983, #2065, #3384 ) ) ;
#2148 = EDGE_CURVE ( 'NONE', #3211, #312, #633, .T. ) ;
#2149 = CIRCLE ( 'NONE', #2594, 1.750000000000005107 ) ;
#2150 = AXIS2_PLACEMENT_3D ( 'NONE', #617, #3081, #3028 ) ;
#2151 = CYLINDRICAL_SURFACE ( 'NONE', #2154, 12.00000000000000178 ) ;
#2152 = DIRECTION ( 'NONE',  ( 1.000000000000000000, 0.000000000000000000, 0.000000000000000000 ) ) ;
#2153 = CIRCLE ( 'NONE', #59, 1.000000000000000888 ) ;
#2154 = AXIS2_PLACEMENT_3D ( 'NONE', #556, #1638, #525 ) ;
#2155 = CARTESIAN_POINT ( 'NONE',  ( 0.000000000000000000, 0.000000000000000000, 7.000000000000000000 ) ) ;
#2156 = CYLINDRICAL_SURFACE ( 'NONE', #1643, 2.000000000000000444 ) ;
#2157 = AXIS2_PLACEMENT_3D ( 'NONE', #2567, #157, #3119 ) ;
#2158 = CARTESIAN_POINT ( 'NONE',  ( 5.027988181193880024, -10.82740762220165820, -0.9555113138293774844 ) ) ;
#2159 = ORIENTED_EDGE ( 'NONE', *, *, #831, .F. ) ;
#2160 = DIRECTION ( 'NONE',  ( -0.000000000000000000, -0.000000000000000000, -1.000000000000000000 ) ) ;
#2161 = DIRECTION ( 'NONE',  ( 1.000000000000000000, 0.000000000000000000, 0.000000000000000000 ) ) ;
#2162 = CIRCLE ( 'NONE', #639, 13.88281249999999467 ) ;
#2163 = ORIENTED_EDGE ( 'NONE', *, *, #1568, .F. ) ;
#2164 = ORIENTED_EDGE ( 'NONE', *, *, #1616, .T. ) ;
#2165 = CARTESIAN_POINT ( 'NONE',  ( 21.26662968353373984, -3.877274469727201467, -3.000000000000000000 ) ) ;
#2166 = EDGE_CURVE ( 'NONE', #3250, #825, #805, .T. ) ;
#2167 = ORIENTED_EDGE ( 'NONE', *, *, #989, .T. ) ;
#2168 = VERTEX_POINT ( 'NONE', #592 ) ;
#2169 = AXIS2_PLACEMENT_3D ( 'NONE', #275, #2439, #2732 ) ;
#2170 = EDGE_CURVE ( 'NONE', #1355, #972, #243, .T. ) ;
#2171 = CARTESIAN_POINT ( 'NONE',  ( -8.410437171827107150, -6.009179260718303439, 7.000000000000000000 ) ) ;
#2172 = CARTESIAN_POINT ( 'NONE',  ( 0.000000000000000000, 0.000000000000000000, 0.000000000000000000 ) ) ;
#2173 = CARTESIAN_POINT ( 'NONE',  ( 0.8812257403780642262, -8.586597997906098456, 6.930458926954116805 ) ) ;
#2174 = CARTESIAN_POINT ( 'NONE',  ( 6.000000000000000000, 0.000000000000000000, 6.500000000000000000 ) ) ;
#2175 = DIRECTION ( 'NONE',  ( -0.000000000000000000, -0.000000000000000000, -1.000000000000000000 ) ) ;
#2176 = VERTEX_POINT ( 'NONE', #2210 ) ;
#2177 = DIRECTION ( 'NONE',  ( -0.000000000000000000, -0.000000000000000000, -1.000000000000000000 ) ) ;
#2178 = FACE_OUTER_BOUND ( 'NONE', #1581, .T. ) ;
#2179 = CARTESIAN_POINT ( 'NONE',  ( 0.000000000000000000, 0.000000000000000000, 7.000000000000000000 ) ) ;
#2180 = ORIENTED_EDGE ( 'NONE', *, *, #2935, .T. ) ;
#2181 = VERTEX_POINT ( 'NONE', #1421 ) ;
#2182 = EDGE_CURVE ( 'NONE', #3470, #2453, #3482, .T. ) ;
#2183 = CYLINDRICAL_SURFACE ( 'NONE', #973, 2.000000000000000444 ) ;
#2184 = CARTESIAN_POINT ( 'NONE',  ( -3.894193991759024698, -11.35056179907179441, 7.000000000000000000 ) ) ;
#2185 = ADVANCED_FACE ( 'NONE', ( #340 ), #2488, .T. ) ;
#2186 = DIRECTION ( 'NONE',  ( 1.000000000000000000, 2.655288607010082723E-15, 0.000000000000000000 ) ) ;
#2187 = DIRECTION ( 'NONE',  ( 0.000000000000000000, 0.000000000000000000, 1.000000000000000000 ) ) ;
#2188 = DIRECTION ( 'NONE',  ( 0.000000000000000000, 0.000000000000000000, 1.000000000000000000 ) ) ;
#2189 = ORIENTED_EDGE ( 'NONE', *, *, #2446, .F. ) ;
#2190 = EDGE_CURVE ( 'NONE', #1000, #2323, #1280, .T. ) ;
#2191 = CARTESIAN_POINT ( 'NONE',  ( 22.57372058354554056, 5.612024861528168707, 2.649240094438857440 ) ) ;
#2192 = CARTESIAN_POINT ( 'NONE',  ( -1.972319854284031670, 10.14670602713487213, 7.000000000000000000 ) ) ;
#2193 = CYLINDRICAL_SURFACE ( 'NONE', #3006, 3.762221576582363003 ) ;
#2194 = VERTEX_POINT ( 'NONE', #732 ) ;
#2195 = EDGE_LOOP ( 'NONE', ( #1218, #1269, #1787, #2799 ) ) ;
#2196 = DIRECTION ( 'NONE',  ( 1.000000000000000000, 0.000000000000000000, 0.000000000000000000 ) ) ;
#2197 = CARTESIAN_POINT ( 'NONE',  ( -3.894193991759024698, -11.35056179907179441, 0.000000000000000000 ) ) ;
#2198 = DIRECTION ( 'NONE',  ( -0.000000000000000000, 0.000000000000000000, -1.000000000000000000 ) ) ;
#2199 = DIRECTION ( 'NONE',  ( -0.000000000000000000, -0.000000000000000000, 1.000000000000000000 ) ) ;
#2200 = CYLINDRICAL_SURFACE ( 'NONE', #1586, 1.050000000000040457 ) ;
#2201 = AXIS2_PLACEMENT_3D ( 'NONE', #1412, #66, #1151 ) ;
#2202 = AXIS2_PLACEMENT_3D ( 'NONE', #776, #2849, #442 ) ;
#2203 = ORIENTED_EDGE ( 'NONE', *, *, #1607, .F. ) ;
#2204 = DIRECTION ( 'NONE',  ( -0.000000000000000000, -0.000000000000000000, -1.000000000000000000 ) ) ;
#2205 = CIRCLE ( 'NONE', #1818, 1.999999999999999778 ) ;
#2206 = AXIS2_PLACEMENT_3D ( 'NONE', #2458, #1377, #1116 ) ;
#2207 = CARTESIAN_POINT ( 'NONE',  ( -9.111247433184743727, 4.881686083719696256, 7.000000000000000000 ) ) ;
#2208 = EDGE_CURVE ( 'NONE', #2801, #108, #1540, .T. ) ;
#2209 = CIRCLE ( 'NONE', #3338, 3.762221576582363891 ) ;
#2210 = CARTESIAN_POINT ( 'NONE',  ( 21.37020888035932842, -11.77390927267741816, 3.800000000000000266 ) ) ;
#2211 = CARTESIAN_POINT ( 'NONE',  ( 1.050000000000000266, 8.000000000000000000, 0.000000000000000000 ) ) ;
#2212 = VECTOR ( 'NONE', #2512, 1000.000000000000000 ) ;
#2213 = ORIENTED_EDGE ( 'NONE', *, *, #1862, .T. ) ;
#2214 = VERTEX_POINT ( 'NONE', #151 ) ;
#2215 = AXIS2_PLACEMENT_3D ( 'NONE', #1627, #2123, #1029 ) ;
#2216 = CARTESIAN_POINT ( 'NONE',  ( 0.000000000000000000, 0.000000000000000000, 0.000000000000000000 ) ) ;
#2217 = AXIS2_PLACEMENT_3D ( 'NONE', #2179, #1338, #3219 ) ;
#2218 = FACE_OUTER_BOUND ( 'NONE', #516, .T. ) ;
#2219 = CC_DESIGN_APPROVAL ( #3273, ( #623 ) ) ;
#2220 = ORIENTED_EDGE ( 'NONE', *, *, #1607, .T. ) ;
#2221 = CARTESIAN_POINT ( 'NONE',  ( -8.225486823948159554, -6.259956494877047639, 7.000000000000000000 ) ) ;
#2222 = CARTESIAN_POINT ( 'NONE',  ( 0.000000000000000000, 0.000000000000000000, -5.000000000000000000 ) ) ;
#2223 = ORIENTED_EDGE ( 'NONE', *, *, #2503, .T. ) ;
#2224 = ADVANCED_FACE ( 'NONE', ( #205 ), #1707, .T. ) ;
#2225 = CARTESIAN_POINT ( 'NONE',  ( 6.791818740117426359E-13, -8.000000000000000000, -3.000000000000001776 ) ) ;
#2226 = LINE ( 'NONE', #842, #2528 ) ;
#2227 = ORIENTED_EDGE ( 'NONE', *, *, #362, .F. ) ;
#2228 = EDGE_CURVE ( 'NONE', #2391, #4, #1002, .T. ) ;
#2229 = DIRECTION ( 'NONE',  ( 1.000000000000000000, 0.000000000000000000, 0.000000000000000000 ) ) ;
#2230 = LINE ( 'NONE', #3293, #3351 ) ;
#2231 = ORIENTED_EDGE ( 'NONE', *, *, #1160, .F. ) ;
#2232 = EDGE_CURVE ( 'NONE', #880, #3193, #1246, .T. ) ;
#2233 = CARTESIAN_POINT ( 'NONE',  ( -7.218085806415214023, -6.554520370799629347, 0.000000000000000000 ) ) ;
#2234 = DIRECTION ( 'NONE',  ( -0.000000000000000000, -0.000000000000000000, -1.000000000000000000 ) ) ;
#2235 = CARTESIAN_POINT ( 'NONE',  ( -1.390045635695474902, -7.624321158679238764, 5.000000000000000000 ) ) ;
#2236 = ADVANCED_FACE ( 'NONE', ( #2315 ), #2076, .T. ) ;
#2237 = CARTESIAN_POINT ( 'NONE',  ( 30.49728463471696216, -5.560182542781902271, 3.799999999999999822 ) ) ;
#2238 = VERTEX_POINT ( 'NONE', #2351 ) ;
#2239 = DIRECTION ( 'NONE',  ( -1.000000000000000000, 0.000000000000000000, 0.000000000000000000 ) ) ;
#2240 = DIRECTION ( 'NONE',  ( 0.000000000000000000, 0.000000000000000000, 1.000000000000000000 ) ) ;
#2241 = CARTESIAN_POINT ( 'NONE',  ( 0.000000000000000000, 0.000000000000000000, 0.000000000000000000 ) ) ;
#2242 = FACE_OUTER_BOUND ( 'NONE', #1121, .T. ) ;
#2243 = EDGE_CURVE ( 'NONE', #2323, #1863, #2562, .T. ) ;
#2244 = ORIENTED_EDGE ( 'NONE', *, *, #2317, .F. ) ;
#2245 = ORIENTED_EDGE ( 'NONE', *, *, #3183, .F. ) ;
#2246 = DIRECTION ( 'NONE',  ( 1.000000000000000000, 0.000000000000000000, 0.000000000000000000 ) ) ;
#2247 = CARTESIAN_POINT ( 'NONE',  ( 28.45408506437773255, -12.04893850213411355, -1.100000000000000089 ) ) ;
#2248 = VERTEX_POINT ( 'NONE', #2593 ) ;
#2249 = EDGE_CURVE ( 'NONE', #170, #2953, #2616, .T. ) ;
#2250 = AXIS2_PLACEMENT_3D ( 'NONE', #1641, #1664, #281 ) ;
#2251 = CARTESIAN_POINT ( 'NONE',  ( -9.680416949197244492, 1.162767255169660618, 0.000000000000000000 ) ) ;
#2252 = DIRECTION ( 'NONE',  ( -0.4154150130018903764, 0.9096319953545165538, 0.000000000000000000 ) ) ;
#2253 = EDGE_LOOP ( 'NONE', ( #2846, #501, #3322, #1176 ) ) ;
#2254 = CIRCLE ( 'NONE', #3160, 3.762221576582363003 ) ;
#2255 = CARTESIAN_POINT ( 'NONE',  ( 0.000000000000000000, 0.000000000000000000, 7.000000000000000000 ) ) ;
#2256 = VECTOR ( 'NONE', #216, 1000.000000000000000 ) ;
#2257 = DIRECTION ( 'NONE',  ( 1.000000000000000000, 0.000000000000000000, 0.000000000000000000 ) ) ;
#2258 = AXIS2_PLACEMENT_3D ( 'NONE', #2831, #2901, #1010 ) ;
#2259 = AXIS2_PLACEMENT_3D ( 'NONE', #2054, #1049, #2886 ) ;
#2260 = AXIS2_PLACEMENT_3D ( 'NONE', #2492, #1966, #80 ) ;
#2261 = CARTESIAN_POINT ( 'NONE',  ( 1.192795597567054333, 8.097944064428409305, 6.965757964329108987 ) ) ;
#2262 = DIRECTION ( 'NONE',  ( -0.000000000000000000, -0.000000000000000000, -1.000000000000000000 ) ) ;
#2263 = CIRCLE ( 'NONE', #13, 12.00000000000000178 ) ;
#2264 = ORIENTED_EDGE ( 'NONE', *, *, #1155, .F. ) ;
#2265 = ADVANCED_FACE ( 'NONE', ( #3146 ), #720, .T. ) ;
#2266 = DIRECTION ( 'NONE',  ( -0.000000000000000000, -0.000000000000000000, 1.000000000000000000 ) ) ;
#2267 = FACE_BOUND ( 'NONE', #807, .T. ) ;
#2268 = LINE ( 'NONE', #3352, #2933 ) ;
#2269 = ORIENTED_EDGE ( 'NONE', *, *, #3287, .T. ) ;
#2270 = AXIS2_PLACEMENT_3D ( 'NONE', #998, #2558, #199 ) ;
#2271 = EDGE_CURVE ( 'NONE', #276, #2614, #1016, .T. ) ;
#2272 = CIRCLE ( 'NONE', #2609, 7.750000000000000000 ) ;
#2273 = CARTESIAN_POINT ( 'NONE',  ( -1.390045635695474679, -7.624321158679239652, 5.000000000000000000 ) ) ;
#2274 = DIRECTION ( 'NONE',  ( 0.000000000000000000, 0.000000000000000000, 1.000000000000000000 ) ) ;
#2275 = VERTEX_POINT ( 'NONE', #2061 ) ;
#2276 = AXIS2_PLACEMENT_3D ( 'NONE', #3320, #2262, #1982 ) ;
#2277 = DIRECTION ( 'NONE',  ( 1.000000000000000000, 0.000000000000000000, 0.000000000000000000 ) ) ;
#2278 = FACE_OUTER_BOUND ( 'NONE', #796, .T. ) ;
#2279 = ORIENTED_EDGE ( 'NONE', *, *, #2851, .F. ) ;
#2280 = ORIENTED_EDGE ( 'NONE', *, *, #2753, .T. ) ;
#2281 = CARTESIAN_POINT ( 'NONE',  ( 6.791818740117426359E-13, -8.000000000000000000, 0.000000000000000000 ) ) ;
#2282 = CARTESIAN_POINT ( 'NONE',  ( -0.9662303906370903750, -10.29135985382434448, 7.000000000000000000 ) ) ;
#2283 = ORIENTED_EDGE ( 'NONE', *, *, #1583, .F. ) ;
#2284 = ORIENTED_EDGE ( 'NONE', *, *, #3443, .F. ) ;
#2285 = DIRECTION ( 'NONE',  ( -0.000000000000000000, -0.000000000000000000, 1.000000000000000000 ) ) ;
#2286 = CARTESIAN_POINT ( 'NONE',  ( 30.87545488139565464, 1.232137064597471188, 1.800000000000000488 ) ) ;
#2287 = LINE ( 'NONE', #689, #1597 ) ;
#2288 = ORIENTED_EDGE ( 'NONE', *, *, #834, .T. ) ;
#2289 = EDGE_CURVE ( 'NONE', #3083, #1655, #3404, .T. ) ;
#2290 = DIRECTION ( 'NONE',  ( -1.000000000000000000, 0.000000000000000000, 0.000000000000000000 ) ) ;
#2291 = CARTESIAN_POINT ( 'NONE',  ( 0.000000000000000000, 0.000000000000000000, 7.000000000000000000 ) ) ;
#2292 = CARTESIAN_POINT ( 'NONE',  ( 30.43540801214807701, -14.30157237754276700, 1.800000000000000488 ) ) ;
#2293 = ADVANCED_FACE ( 'NONE', ( #1755 ), #2872, .T. ) ;
#2294 = ORIENTED_EDGE ( 'NONE', *, *, #1240, .F. ) ;
#2295 = CYLINDRICAL_SURFACE ( 'NONE', #357, 3.762221576582363003 ) ;
#2296 = DIRECTION ( 'NONE',  ( 1.000000000000000000, 0.000000000000000000, 0.000000000000000000 ) ) ;
#2297 = ORIENTED_EDGE ( 'NONE', *, *, #1445, .F. ) ;
#2298 = EDGE_CURVE ( 'NONE', #2876, #170, #1935, .T. ) ;
#2299 = VERTEX_POINT ( 'NONE', #1780 ) ;
#2300 = CARTESIAN_POINT ( 'NONE',  ( -6.934274570223737832, -9.793663062651708273, 7.000000000000000000 ) ) ;
#2301 = DIRECTION ( 'NONE',  ( 0.000000000000000000, 0.000000000000000000, 1.000000000000000000 ) ) ;
#2302 = VERTEX_POINT ( 'NONE', #2300 ) ;
#2303 = CARTESIAN_POINT ( 'NONE',  ( 4.606854249492434938, -5.656854249492140774, -3.000000000000001776 ) ) ;
#2304 = CARTESIAN_POINT ( 'NONE',  ( -5.656854249492281994, 5.656854249492139886, -3.000000000000001776 ) ) ;
#2305 = ORIENTED_EDGE ( 'NONE', *, *, #3122, .T. ) ;
#2306 = ORIENTED_EDGE ( 'NONE', *, *, #1453, .F. ) ;
#2307 = DIRECTION ( 'NONE',  ( 1.000000000000000000, 0.000000000000000000, 0.000000000000000000 ) ) ;
#2308 = CARTESIAN_POINT ( 'NONE',  ( -5.460564090080127997, 8.077421607055523367, 7.000000000000000000 ) ) ;
#2309 = DIRECTION ( 'NONE',  ( 1.000000000000000000, 0.000000000000000000, 0.000000000000000000 ) ) ;
#2310 = CARTESIAN_POINT ( 'NONE',  ( 4.606854249492434938, -5.656854249492140774, 7.000000000000000000 ) ) ;
#2311 = ADVANCED_FACE ( 'NONE', ( #2091 ), #129, .T. ) ;
#2312 = CARTESIAN_POINT ( 'NONE',  ( 1.045201980997452429, 7.899736253216819826, 7.000000000000000000 ) ) ;
#2313 = ORIENTED_EDGE ( 'NONE', *, *, #1905, .F. ) ;
#2314 = ORIENTED_EDGE ( 'NONE', *, *, #106, .F. ) ;
#2315 = FACE_OUTER_BOUND ( 'NONE', #3035, .T. ) ;
#2316 = TOROIDAL_SURFACE ( 'NONE', #569, 7.750000000000000000, 2.000000000000000000 ) ;
#2317 = EDGE_CURVE ( 'NONE', #2299, #2859, #3162, .T. ) ;
#2318 = DIRECTION ( 'NONE',  ( 1.000000000000000000, 0.000000000000000000, 0.000000000000000000 ) ) ;
#2319 = VECTOR ( 'NONE', #2937, 1000.000000000000000 ) ;
#2320 = AXIS2_PLACEMENT_3D ( 'NONE', #1893, #1680, #1360 ) ;
#2321 = CARTESIAN_POINT ( 'NONE',  ( 31.41353706295519643, 4.183487190537822364, -1.100000000000000089 ) ) ;
#2322 = CIRCLE ( 'NONE', #2541, 3.762221576582364335 ) ;
#2323 = VERTEX_POINT ( 'NONE', #703 ) ;
#2324 = AXIS2_PLACEMENT_3D ( 'NONE', #1846, #2160, #1364 ) ;
#2325 = CYLINDRICAL_SURFACE ( 'NONE', #968, 9.750000000000000000 ) ;
#2326 = CYLINDRICAL_SURFACE ( 'NONE', #461, 3.762221576582362115 ) ;
#2327 = VECTOR ( 'NONE', #2266, 1000.000000000000000 ) ;
#2328 = DIRECTION ( 'NONE',  ( -0.000000000000000000, -0.000000000000000000, 1.000000000000000000 ) ) ;
#2329 = CC_DESIGN_DATE_AND_TIME_ASSIGNMENT ( #2964, #551, ( #1156 ) ) ;
#2330 = CIRCLE ( 'NONE', #871, 3.762221576582363003 ) ;
#2331 = CARTESIAN_POINT ( 'NONE',  ( 23.68642864870550468, 4.434225333720800855, 3.605308844430226145 ) ) ;
#2332 = FACE_OUTER_BOUND ( 'NONE', #2390, .T. ) ;
#2333 = EDGE_LOOP ( 'NONE', ( #608, #1097, #2783, #2842 ) ) ;
#2334 = AXIS2_PLACEMENT_3D ( 'NONE', #3308, #1703, #2766 ) ;
#2335 = ORIENTED_EDGE ( 'NONE', *, *, #3001, .T. ) ;
#2336 = EDGE_CURVE ( 'NONE', #1152, #2181, #2938, .T. ) ;
#2337 = DIRECTION ( 'NONE',  ( -1.000000000000000000, 0.000000000000000000, 0.000000000000000000 ) ) ;
#2338 = DIRECTION ( 'NONE',  ( -0.000000000000000000, -0.000000000000000000, -1.000000000000000000 ) ) ;
#2339 = ORIENTED_EDGE ( 'NONE', *, *, #559, .T. ) ;
#2340 = EDGE_CURVE ( 'NONE', #2855, #2248, #2487, .T. ) ;
#2341 = CARTESIAN_POINT ( 'NONE',  ( -2.277266001350169322, 10.08264590114086801, 0.000000000000000000 ) ) ;
#2342 = ORIENTED_EDGE ( 'NONE', *, *, #2079, .T. ) ;
#2343 = EDGE_LOOP ( 'NONE', ( #2035, #3167, #207, #3097 ) ) ;
#2344 = ADVANCED_FACE ( 'NONE', ( #2963 ), #1316, .T. ) ;
#2345 = CARTESIAN_POINT ( 'NONE',  ( 1.004602999518511064, 7.694594018790707146, 7.000000000000000000 ) ) ;
#2346 = LINE ( 'NONE', #1791, #1536 ) ;
#2347 = DIRECTION ( 'NONE',  ( -0.000000000000000000, -0.000000000000000000, -1.000000000000000000 ) ) ;
#2348 = CARTESIAN_POINT ( 'NONE',  ( 1.748767090068500396, 9.591887909306141324, -46.14212683983397056 ) ) ;
#2349 = EDGE_LOOP ( 'NONE', ( #1444, #812, #1058, #3370 ) ) ;
#2350 = ORIENTED_EDGE ( 'NONE', *, *, #2442, .T. ) ;
#2351 = CARTESIAN_POINT ( 'NONE',  ( -6.028027512761525486, 10.37607268215629475, 0.000000000000000000 ) ) ;
#2352 = DIRECTION ( 'NONE',  ( 0.000000000000000000, 0.000000000000000000, 1.000000000000000000 ) ) ;
#2353 = DIRECTION ( 'NONE',  ( -0.000000000000000000, 0.000000000000000000, 1.000000000000000000 ) ) ;
#2354 = ORIENTED_EDGE ( 'NONE', *, *, #3021, .T. ) ;
#2355 = DIRECTION ( 'NONE',  ( -1.000000000000000000, 0.000000000000000000, 0.000000000000000000 ) ) ;
#2356 = ADVANCED_FACE ( 'NONE', ( #36, #270 ), #535, .T. ) ;
#2357 = ORIENTED_EDGE ( 'NONE', *, *, #891, .F. ) ;
#2358 = ORIENTED_EDGE ( 'NONE', *, *, #3179, .T. ) ;
#2359 = ADVANCED_FACE ( 'NONE', ( #1882 ), #65, .T. ) ;
#2360 = CARTESIAN_POINT ( 'NONE',  ( -2.425675675355051020, -8.993229129029975510, 6.253092136050868888 ) ) ;
#2361 = CARTESIAN_POINT ( 'NONE',  ( -5.500000000000000000, 6.735557395310442023E-16, -5.000000000000000000 ) ) ;
#2362 = CARTESIAN_POINT ( 'NONE',  ( 0.000000000000000000, 0.000000000000000000, 6.500000000000000000 ) ) ;
#2363 = CYLINDRICAL_SURFACE ( 'NONE', #1307, 3.762221576582363891 ) ;
#2364 = ORIENTED_EDGE ( 'NONE', *, *, #1352, .F. ) ;
#2365 = CARTESIAN_POINT ( 'NONE',  ( -5.656854249492281994, 5.656854249492139886, 0.000000000000000000 ) ) ;
#2366 = DIRECTION ( 'NONE',  ( -0.9594929736144991450, 0.2817325568414236203, 0.000000000000000000 ) ) ;
#2367 = ORIENTED_EDGE ( 'NONE', *, *, #1622, .T. ) ;
#2368 = DIRECTION ( 'NONE',  ( -0.000000000000000000, 0.000000000000000000, 1.000000000000000000 ) ) ;
#2369 = ORIENTED_EDGE ( 'NONE', *, *, #2401, .F. ) ;
#2370 = CIRCLE ( 'NONE', #1195, 9.750000000000000000 ) ;
#2371 = ORIENTED_EDGE ( 'NONE', *, *, #1834, .F. ) ;
#2372 = CIRCLE ( 'NONE', #116, 3.762221576582363003 ) ;
#2373 = AXIS2_PLACEMENT_3D ( 'NONE', #2832, #1447, #429 ) ;
#2374 = TOROIDAL_SURFACE ( 'NONE', #3335, 11.88281249999999467, 2.000000000000000000 ) ;
#2375 = CARTESIAN_POINT ( 'NONE',  ( 0.000000000000000000, 0.000000000000000000, 7.000000000000000000 ) ) ;
#2376 = LINE ( 'NONE', #2361, #1254 ) ;
#2377 = AXIS2_PLACEMENT_3D ( 'NONE', #2281, #1702, #2731 ) ;
#2378 = EDGE_CURVE ( 'NONE', #3193, #870, #2108, .T. ) ;
#2379 = CARTESIAN_POINT ( 'NONE',  ( 5.656854249492480058, 5.656854249492620390, 7.000000000000000000 ) ) ;
#2380 = AXIS2_PLACEMENT_3D ( 'NONE', #1958, #358, #2777 ) ;
#2381 = DIRECTION ( 'NONE',  ( -0.000000000000000000, 0.000000000000000000, 1.000000000000000000 ) ) ;
#2382 = ORIENTED_EDGE ( 'NONE', *, *, #1814, .F. ) ;
#2383 = AXIS2_PLACEMENT_3D ( 'NONE', #495, #2107, #3208 ) ;
#2384 = FACE_OUTER_BOUND ( 'NONE', #3424, .T. ) ;
#2385 = AXIS2_PLACEMENT_3D ( 'NONE', #3136, #722, #2601 ) ;
#2386 = CARTESIAN_POINT ( 'NONE',  ( -5.656854249491801490, -5.656854249492621278, 0.000000000000000000 ) ) ;
#2387 = EDGE_LOOP ( 'NONE', ( #2769, #2116, #637, #2159, #2626, #3472, #1807 ) ) ;
#2388 = DIRECTION ( 'NONE',  ( 1.000000000000000000, 0.000000000000000000, 0.000000000000000000 ) ) ;
#2389 = CC_DESIGN_PERSON_AND_ORGANIZATION_ASSIGNMENT ( #1367, #1055, ( #2949 ) ) ;
#2390 = EDGE_LOOP ( 'NONE', ( #255, #1158, #2966, #1083, #603 ) ) ;
#2391 = VERTEX_POINT ( 'NONE', #2661 ) ;
#2392 = DIRECTION ( 'NONE',  ( 1.000000000000000000, 0.000000000000000000, 0.000000000000000000 ) ) ;
#2393 = CARTESIAN_POINT ( 'NONE',  ( 0.000000000000000000, 8.000000000000000000, 0.000000000000000000 ) ) ;
#2394 = DIRECTION ( 'NONE',  ( -0.4694936657527338797, 0.8829358401481164353, 0.000000000000000000 ) ) ;
#2395 = CARTESIAN_POINT ( 'NONE',  ( 28.27472433719121980, -13.03272187744756216, 1.800000000000000044 ) ) ;
#2396 = CARTESIAN_POINT ( 'NONE',  ( -9.050000000000165912, -3.404420665312785391E-13, 7.000000000000000000 ) ) ;
#2397 = EDGE_CURVE ( 'NONE', #3284, #3316, #3228, .T. ) ;
#2398 = VERTEX_POINT ( 'NONE', #2112 ) ;
#2399 = DIRECTION ( 'NONE',  ( -1.000000000000000000, 0.000000000000000000, 0.000000000000000000 ) ) ;
#2400 = CYLINDRICAL_SURFACE ( 'NONE', #287, 5.500000000000000000 ) ;
#2401 = EDGE_CURVE ( 'NONE', #3004, #1811, #256, .T. ) ;
#2402 = EDGE_LOOP ( 'NONE', ( #2983, #211, #1298, #143 ) ) ;
#2403 = ORIENTED_EDGE ( 'NONE', *, *, #3183, .T. ) ;
#2404 = FACE_OUTER_BOUND ( 'NONE', #1578, .T. ) ;
#2405 = ORIENTED_EDGE ( 'NONE', *, *, #790, .T. ) ;
#2406 = DIRECTION ( 'NONE',  ( 1.000000000000000000, 0.000000000000000000, 0.000000000000000000 ) ) ;
#2407 = FACE_OUTER_BOUND ( 'NONE', #3144, .T. ) ;
#2408 = DIRECTION ( 'NONE',  ( -0.4154150130018902098, 0.9096319953545166648, 0.000000000000000000 ) ) ;
#2409 = DIRECTION ( 'NONE',  ( 0.000000000000000000, 0.000000000000000000, -1.000000000000000000 ) ) ;
#2410 = CARTESIAN_POINT ( 'NONE',  ( 1.390045635695474679, 7.624321158679240540, 5.000000000000000000 ) ) ;
#2411 = ORIENTED_EDGE ( 'NONE', *, *, #1568, .T. ) ;
#2412 = EDGE_CURVE ( 'NONE', #258, #2440, #2822, .T. ) ;
#2413 = CARTESIAN_POINT ( 'NONE',  ( -6.376773933753629109, -8.135259246422229751, 0.000000000000000000 ) ) ;
#2414 = FACE_OUTER_BOUND ( 'NONE', #2195, .T. ) ;
#2415 = ORIENTED_EDGE ( 'NONE', *, *, #2597, .F. ) ;
#2416 = EDGE_CURVE ( 'NONE', #2194, #3417, #1319, .T. ) ;
#2417 = AXIS2_PLACEMENT_3D ( 'NONE', #794, #1907, #1119 ) ;
#2418 = FACE_OUTER_BOUND ( 'NONE', #1835, .T. ) ;
#2419 = ORIENTED_EDGE ( 'NONE', *, *, #1308, .T. ) ;
#2420 = ORIENTED_EDGE ( 'NONE', *, *, #673, .F. ) ;
#2421 = AXIS2_PLACEMENT_3D ( 'NONE', #3340, #1451, #900 ) ;
#2422 = AXIS2_PLACEMENT_3D ( 'NONE', #2410, #1081, #2960 ) ;
#2423 = CIRCLE ( 'NONE', #1420, 12.00000000000000355 ) ;
#2424 = CARTESIAN_POINT ( 'NONE',  ( -10.11750779506746234, 2.117008461354665361, 7.000000000000000000 ) ) ;
#2425 = CARTESIAN_POINT ( 'NONE',  ( -8.132302056181712757, 8.824152269029738704, 7.000000000000000000 ) ) ;
#2426 = AXIS2_PLACEMENT_3D ( 'NONE', #161, #1239, #1971 ) ;
#2427 = CIRCLE ( 'NONE', #3401, 1.750000000000008438 ) ;
#2428 = DIRECTION ( 'NONE',  ( 1.000000000000000000, 0.000000000000000000, 0.000000000000000000 ) ) ;
#2429 = CARTESIAN_POINT ( 'NONE',  ( 23.68642864870550468, 4.434225333720800855, 5.000000000000000000 ) ) ;
#2430 = VECTOR ( 'NONE', #1981, 1000.000000000000000 ) ;
#2431 = LINE ( 'NONE', #2690, #797 ) ;
#2432 = AXIS2_PLACEMENT_3D ( 'NONE', #24, #2999, #1959 ) ;
#2433 = ORIENTED_EDGE ( 'NONE', *, *, #3443, .T. ) ;
#2434 = AXIS2_PLACEMENT_3D ( 'NONE', #1564, #2628, #3113 ) ;
#2435 = CARTESIAN_POINT ( 'NONE',  ( 0.000000000000000000, 0.000000000000000000, 0.000000000000000000 ) ) ;
#2436 = CARTESIAN_POINT ( 'NONE',  ( -1.390045635695474902, -7.624321158679238764, 7.000000000000000000 ) ) ;
#2437 = AXIS2_PLACEMENT_3D ( 'NONE', #409, #1490, #2277 ) ;
#2438 = ADVANCED_FACE ( 'NONE', ( #3483 ), #550, .T. ) ;
#2439 = DIRECTION ( 'NONE',  ( 0.000000000000000000, 0.000000000000000000, 1.000000000000000000 ) ) ;
#2440 = VERTEX_POINT ( 'NONE', #1632 ) ;
#2441 = ORIENTED_EDGE ( 'NONE', *, *, #559, .F. ) ;
#2442 = EDGE_CURVE ( 'NONE', #3250, #2126, #1881, .T. ) ;
#2443 = LOCAL_TIME ( 11, 0, 51.00000000000000000, #3449 ) ;
#2444 = FACE_OUTER_BOUND ( 'NONE', #1400, .T. ) ;
#2445 = CARTESIAN_POINT ( 'NONE',  ( -6.949999999999157296, -3.405706544451890981E-13, 0.000000000000000000 ) ) ;
#2446 = EDGE_CURVE ( 'NONE', #1245, #1895, #1600, .T. ) ;
#2447 = DIRECTION ( 'NONE',  ( 1.000000000000000000, 0.000000000000000000, 0.000000000000000000 ) ) ;
#2448 = CARTESIAN_POINT ( 'NONE',  ( 4.606854249492439379, 5.656854249492620390, 7.000000000000000000 ) ) ;
#2449 = DIRECTION ( 'NONE',  ( 1.000000000000000000, 0.000000000000000000, 0.000000000000000000 ) ) ;
#2450 = EDGE_LOOP ( 'NONE', ( #504, #329, #1912, #1695, #940 ) ) ;
#2451 = DIRECTION ( 'NONE',  ( 1.000000000000000000, 0.000000000000000000, 0.000000000000000000 ) ) ;
#2452 = DIRECTION ( 'NONE',  ( -0.000000000000000000, -0.000000000000000000, -1.000000000000000000 ) ) ;
#2453 = VERTEX_POINT ( 'NONE', #1859 ) ;
#2454 = DIRECTION ( 'NONE',  ( -0.000000000000000000, -0.000000000000000000, -1.000000000000000000 ) ) ;
#2455 = ORIENTED_EDGE ( 'NONE', *, *, #3484, .T. ) ;
#2456 = ORIENTED_EDGE ( 'NONE', *, *, #1563, .F. ) ;
#2457 = ADVANCED_FACE ( 'NONE', ( #2384 ), #2908, .T. ) ;
#2458 = CARTESIAN_POINT ( 'NONE',  ( 18.61625131124322508, -10.25533123026898430, -7.349486068726557519 ) ) ;
#2459 = CARTESIAN_POINT ( 'NONE',  ( 6.706854249493484410, -5.656854249492140774, 7.000000000000000000 ) ) ;
#2460 = EDGE_CURVE ( 'NONE', #890, #3457, #3251, .T. ) ;
#2461 = LINE ( 'NONE', #3094, #73 ) ;
#2462 = DIRECTION ( 'NONE',  ( -0.000000000000000000, -0.000000000000000000, -1.000000000000000000 ) ) ;
#2463 = CARTESIAN_POINT ( 'NONE',  ( -11.61202473089405629, 3.026694839111618851, 7.000000000000000000 ) ) ;
#2464 = ORIENTED_EDGE ( 'NONE', *, *, #82, .F. ) ;
#2465 = CARTESIAN_POINT ( 'NONE',  ( 35.14944218353373628, -3.877274469727201467, -1.100000000000000089 ) ) ;
#2466 = CARTESIAN_POINT ( 'NONE',  ( -9.245380815148957154, 3.096035139153880067, 7.000000000000000000 ) ) ;
#2467 = ORIENTED_EDGE ( 'NONE', *, *, #768, .F. ) ;
#2468 = CARTESIAN_POINT ( 'NONE',  ( 1.319157253382268413, 8.310781733319544173, 6.902279148485978233 ) ) ;
#2469 = CYLINDRICAL_SURFACE ( 'NONE', #1215, 12.00000000000000178 ) ;
#2470 = ORIENTED_EDGE ( 'NONE', *, *, #2851, .T. ) ;
#2471 = ORIENTED_EDGE ( 'NONE', *, *, #959, .T. ) ;
#2472 = FACE_OUTER_BOUND ( 'NONE', #150, .T. ) ;
#2473 = DIRECTION ( 'NONE',  ( 1.000000000000000000, 0.000000000000000000, 0.000000000000000000 ) ) ;
#2474 = VECTOR ( 'NONE', #3478, 1000.000000000000000 ) ;
#2475 = ADVANCED_FACE ( 'NONE', ( #1386 ), #234, .T. ) ;
#2476 = CIRCLE ( 'NONE', #906, 3.762221576582363003 ) ;
#2477 = CYLINDRICAL_SURFACE ( 'NONE', #801, 1.050000000000504530 ) ;
#2478 = CARTESIAN_POINT ( 'NONE',  ( 6.582828344220633454, -11.11088188015038547, -1.100000000000000089 ) ) ;
#2479 = AXIS2_PLACEMENT_3D ( 'NONE', #2172, #792, #1610 ) ;
#2480 = EDGE_CURVE ( 'NONE', #3446, #1721, #3317, .T. ) ;
#2481 = AXIS2_PLACEMENT_3D ( 'NONE', #2395, #546, #1345 ) ;
#2482 = VERTEX_POINT ( 'NONE', #1683 ) ;
#2483 = CYLINDRICAL_SURFACE ( 'NONE', #2380, 3.000000000000002665 ) ;
#2484 = VECTOR ( 'NONE', #3386, 1000.000000000000000 ) ;
#2485 = DIRECTION ( 'NONE',  ( 0.000000000000000000, -0.000000000000000000, -1.000000000000000000 ) ) ;
#2486 = ADVANCED_FACE ( 'NONE', ( #2997 ), #2883, .T. ) ;
#2487 = CIRCLE ( 'NONE', #15, 12.00000000000000178 ) ;
#2488 = CYLINDRICAL_SURFACE ( 'NONE', #3048, 13.88281249999999467 ) ;
#2489 = DIRECTION ( 'NONE',  ( -0.000000000000000000, -0.000000000000000000, -1.000000000000000000 ) ) ;
#2490 = CIRCLE ( 'NONE', #1099, 9.750000000000000000 ) ;
#2491 = ORIENTED_EDGE ( 'NONE', *, *, #1652, .F. ) ;
#2492 = CARTESIAN_POINT ( 'NONE',  ( -6.128663263119058513, -8.323771706143375582, 7.000000000000000000 ) ) ;
#2493 = CIRCLE ( 'NONE', #1833, 11.88281249999999289 ) ;
#2494 = DIRECTION ( 'NONE',  ( 1.000000000000000000, 0.000000000000000000, 0.000000000000000000 ) ) ;
#2495 = DIRECTION ( 'NONE',  ( 1.000000000000000000, 0.000000000000000000, 0.000000000000000000 ) ) ;
#2496 = FACE_OUTER_BOUND ( 'NONE', #3017, .T. ) ;
#2497 = ORIENTED_EDGE ( 'NONE', *, *, #2397, .F. ) ;
#2498 = DIRECTION ( 'NONE',  ( -0.000000000000000000, -0.000000000000000000, 1.000000000000000000 ) ) ;
#2499 = ADVANCED_FACE ( 'NONE', ( #899 ), #620, .T. ) ;
#2500 = DIRECTION ( 'NONE',  ( 0.000000000000000000, 0.000000000000000000, 1.000000000000000000 ) ) ;
#2501 = ORIENTED_EDGE ( 'NONE', *, *, #1227, .F. ) ;
#2502 = CARTESIAN_POINT ( 'NONE',  ( 1.390045635695474679, 7.624321158679240540, 1.800000000000000044 ) ) ;
#2503 = EDGE_CURVE ( 'NONE', #2833, #2855, #640, .T. ) ;
#2504 = FACE_OUTER_BOUND ( 'NONE', #1226, .T. ) ;
#2505 = ORIENTED_EDGE ( 'NONE', *, *, #2540, .F. ) ;
#2506 = CARTESIAN_POINT ( 'NONE',  ( 0.000000000000000000, 0.000000000000000000, 0.000000000000000000 ) ) ;
#2507 = CARTESIAN_POINT ( 'NONE',  ( -1.748767090068500618, -9.591887909306141324, 0.000000000000000000 ) ) ;
#2508 = EDGE_LOOP ( 'NONE', ( #273, #303, #2075, #2314 ) ) ;
#2509 = CARTESIAN_POINT ( 'NONE',  ( -10.28893766292894085, 6.175577848943564874, 0.000000000000000000 ) ) ;
#2510 = CARTESIAN_POINT ( 'NONE',  ( -11.12833698389885662, -4.490001778706653290, 0.000000000000000000 ) ) ;
#2511 = ORIENTED_EDGE ( 'NONE', *, *, #1499, .F. ) ;
#2512 = DIRECTION ( 'NONE',  ( -0.000000000000000000, -0.000000000000000000, 1.000000000000000000 ) ) ;
#2513 = FACE_OUTER_BOUND ( 'NONE', #2089, .T. ) ;
#2514 = ADVANCED_FACE ( 'NONE', ( #3337 ), #1998, .F. ) ;
#2515 = DIRECTION ( 'NONE',  ( -0.9837833753134503922, 0.1793607271865128583, 0.000000000000000000 ) ) ;
#2516 = DIRECTION ( 'NONE',  ( -0.9837833753134503922, 0.1793607271865128583, -0.000000000000000000 ) ) ;
#2517 = VERTEX_POINT ( 'NONE', #2465 ) ;
#2518 = ORIENTED_EDGE ( 'NONE', *, *, #1689, .F. ) ;
#2519 = EDGE_CURVE ( 'NONE', #375, #2440, #3015, .T. ) ;
#2520 = ORIENTED_EDGE ( 'NONE', *, *, #2928, .T. ) ;
#2521 = CARTESIAN_POINT ( 'NONE',  ( 11.42879593039923236, -2.083667197862063780, 5.000000000000000000 ) ) ;
#2522 = DIRECTION ( 'NONE',  ( 1.000000000000000000, 0.000000000000000000, 0.000000000000000000 ) ) ;
#2523 = DIRECTION ( 'NONE',  ( 0.9837833753134503922, -0.1793607271865129416, -0.000000000000000000 ) ) ;
#2524 = EDGE_LOOP ( 'NONE', ( #2004, #483 ) ) ;
#2525 = FACE_OUTER_BOUND ( 'NONE', #2147, .T. ) ;
#2526 = DIRECTION ( 'NONE',  ( -0.9837833753134506143, 0.1793607271865124142, 0.000000000000000000 ) ) ;
#2527 = ORIENTED_EDGE ( 'NONE', *, *, #1689, .T. ) ;
#2528 = VECTOR ( 'NONE', #288, 1000.000000000000000 ) ;
#2529 = CARTESIAN_POINT ( 'NONE',  ( -7.576987870392881241, -9.305334750126894150, 7.000000000000000000 ) ) ;
#2530 = CIRCLE ( 'NONE', #1475, 11.88281249999999289 ) ;
#2531 = DIRECTION ( 'NONE',  ( -0.000000000000000000, -0.000000000000000000, -1.000000000000000000 ) ) ;
#2532 = AXIS2_PLACEMENT_3D ( 'NONE', #1257, #228, #1024 ) ;
#2533 = ORIENTED_EDGE ( 'NONE', *, *, #1630, .T. ) ;
#2534 = MANIFOLD_SOLID_BREP ( '切除-拉伸7', #3099 ) ;
#2535 = ORIENTED_EDGE ( 'NONE', *, *, #1992, .T. ) ;
#2536 = CIRCLE ( 'NONE', #1085, 3.762221576582364335 ) ;
#2537 = CIRCLE ( 'NONE', #1648, 1.750000000000005107 ) ;
#2538 = CARTESIAN_POINT ( 'NONE',  ( 1.747086277092974482, 9.580261105702028601, 5.249415822973374723 ) ) ;
#2539 = CARTESIAN_POINT ( 'NONE',  ( 5.656854249492959674, -5.656854249492140774, 7.000000000000000000 ) ) ;
#2540 = EDGE_CURVE ( 'NONE', #2691, #2323, #2007, .T. ) ;
#2541 = AXIS2_PLACEMENT_3D ( 'NONE', #644, #392, #2780 ) ;
#2542 = CIRCLE ( 'NONE', #3500, 1.050000000000253841 ) ;
#2543 = ORIENTED_EDGE ( 'NONE', *, *, #373, .T. ) ;
#2544 = ORIENTED_EDGE ( 'NONE', *, *, #3321, .T. ) ;
#2545 = DIRECTION ( 'NONE',  ( 0.000000000000000000, -0.000000000000000000, -1.000000000000000000 ) ) ;
#2546 = EDGE_CURVE ( 'NONE', #2568, #2176, #3051, .T. ) ;
#2547 = DIRECTION ( 'NONE',  ( 1.000000000000000000, 0.000000000000000000, 0.000000000000000000 ) ) ;
#2548 = CARTESIAN_POINT ( 'NONE',  ( -4.728451967219454488, -10.29135985382434448, 7.000000000000000000 ) ) ;
#2549 = ORIENTED_EDGE ( 'NONE', *, *, #421, .T. ) ;
#2550 = AXIS2_PLACEMENT_3D ( 'NONE', #3494, #230, #2687 ) ;
#2551 = ORIENTED_EDGE ( 'NONE', *, *, #2957, .F. ) ;
#2552 = CIRCLE ( 'NONE', #924, 1.750000000000008438 ) ;
#2553 = ADVANCED_FACE ( 'NONE', ( #1733 ), #2483, .T. ) ;
#2554 = FACE_OUTER_BOUND ( 'NONE', #1937, .T. ) ;
#2555 = CARTESIAN_POINT ( 'NONE',  ( 21.26662968353373984, -3.877274469727201467, 1.800000000000000488 ) ) ;
#2556 = ORIENTED_EDGE ( 'NONE', *, *, #250, .T. ) ;
#2557 = AXIS2_PLACEMENT_3D ( 'NONE', #3019, #105, #341 ) ;
#2558 = DIRECTION ( 'NONE',  ( -0.000000000000000000, 0.000000000000000000, 1.000000000000000000 ) ) ;
#2559 = DIRECTION ( 'NONE',  ( 0.9594929736144972576, 0.2817325568414301151, 0.000000000000000000 ) ) ;
#2560 = ORIENTED_EDGE ( 'NONE', *, *, #1414, .F. ) ;
#2561 = ORIENTED_EDGE ( 'NONE', *, *, #330, .T. ) ;
#2562 = LINE ( 'NONE', #3089, #2711 ) ;
#2563 = CARTESIAN_POINT ( 'NONE',  ( -9.451552241617092065, -2.393879743007762961, 7.000000000000000000 ) ) ;
#2564 = VERTEX_POINT ( 'NONE', #1718 ) ;
#2565 = CARTESIAN_POINT ( 'NONE',  ( 18.43689058405671233, -11.23911460558243469, 7.000000000000000000 ) ) ;
#2566 = CYLINDRICAL_SURFACE ( 'NONE', #1093, 13.88281249999999467 ) ;
#2567 = CARTESIAN_POINT ( 'NONE',  ( 11.42879593039923236, -2.083667197862063780, 3.800000000000000266 ) ) ;
#2568 = VERTEX_POINT ( 'NONE', #87 ) ;
#2569 = EDGE_CURVE ( 'NONE', #2854, #825, #1169, .T. ) ;
#2570 = FACE_OUTER_BOUND ( 'NONE', #2635, .T. ) ;
#2571 = CARTESIAN_POINT ( 'NONE',  ( -5.079080831267307694, -8.322586010937525813, 7.000000000000000000 ) ) ;
#2572 = CARTESIAN_POINT ( 'NONE',  ( -6.103866304610268578, 7.602980740173119756, 7.000000000000000000 ) ) ;
#2573 = CARTESIAN_POINT ( 'NONE',  ( -0.1724589200459485105, -9.038044847580396279, 6.620330673828519252 ) ) ;
#2574 = CARTESIAN_POINT ( 'NONE',  ( 21.92055696840926871, 3.495238002215333761, 5.000000000000000000 ) ) ;
#2575 = ORIENTED_EDGE ( 'NONE', *, *, #3040, .F. ) ;
#2576 = EDGE_LOOP ( 'NONE', ( #2994, #1096, #1015, #2032, #2664, #1141, #2305, #1725 ) ) ;
#2577 = DIRECTION ( 'NONE',  ( 0.000000000000000000, 0.000000000000000000, 1.000000000000000000 ) ) ;
#2578 = DIRECTION ( 'NONE',  ( -0.1423148382732887796, 0.9898214418809321291, 0.000000000000000000 ) ) ;
#2579 = VERTEX_POINT ( 'NONE', #1450 ) ;
#2580 = ORIENTED_EDGE ( 'NONE', *, *, #38, .T. ) ;
#2581 = CARTESIAN_POINT ( 'NONE',  ( -6.039487577932532325, 10.08264590114086801, 7.000000000000000000 ) ) ;
#2582 = ORIENTED_EDGE ( 'NONE', *, *, #1189, .T. ) ;
#2583 = LINE ( 'NONE', #441, #2144 ) ;
#2584 = CARTESIAN_POINT ( 'NONE',  ( -2.456309865961020744, -9.144814240104981451, 6.031242747691764272 ) ) ;
#2585 = DIRECTION ( 'NONE',  ( 1.000000000000000000, 0.000000000000000000, 0.000000000000000000 ) ) ;
#2586 = ADVANCED_FACE ( 'NONE', ( #853 ), #102, .T. ) ;
#2587 = VECTOR ( 'NONE', #3027, 1000.000000000000000 ) ;
#2588 = DIRECTION ( 'NONE',  ( -1.000000000000000000, 0.000000000000000000, 0.000000000000000000 ) ) ;
#2589 = LINE ( 'NONE', #2625, #3103 ) ;
#2590 = ADVANCED_FACE ( 'NONE', ( #387 ), #2728, .T. ) ;
#2591 = VERTEX_POINT ( 'NONE', #3286 ) ;
#2592 = VERTEX_POINT ( 'NONE', #873 ) ;
#2593 = CARTESIAN_POINT ( 'NONE',  ( -6.934274570223737832, -9.793663062651708273, 0.000000000000000000 ) ) ;
#2594 = AXIS2_PLACEMENT_3D ( 'NONE', #2237, #3065, #1694 ) ;
#2595 = AXIS2_PLACEMENT_3D ( 'NONE', #175, #1538, #160 ) ;
#2596 = COORDINATED_UNIVERSAL_TIME_OFFSET ( 8, 0, .AHEAD. ) ;
#2597 = EDGE_CURVE ( 'NONE', #1264, #690, #2111, .T. ) ;
#2598 = VERTEX_POINT ( 'NONE', #1522 ) ;
#2599 = AXIS2_PLACEMENT_3D ( 'NONE', #1589, #2328, #1025 ) ;
#2600 = AXIS2_PLACEMENT_3D ( 'NONE', #2669, #1341, #3225 ) ;
#2601 = DIRECTION ( 'NONE',  ( 1.000000000000000000, 0.000000000000000000, 0.000000000000000000 ) ) ;
#2602 = VECTOR ( 'NONE', #1796, 1000.000000000000000 ) ;
#2603 = AXIS2_PLACEMENT_3D ( 'NONE', #2192, #2485, #1698 ) ;
#2604 = VERTEX_POINT ( 'NONE', #3358 ) ;
#2605 = VERTEX_POINT ( 'NONE', #2310 ) ;
#2606 = CARTESIAN_POINT ( 'NONE',  ( -10.68082785797387224, 5.469910078632857164, 7.000000000000000000 ) ) ;
#2607 = AXIS2_PLACEMENT_3D ( 'NONE', #2255, #3068, #656 ) ;
#2608 = CYLINDRICAL_SURFACE ( 'NONE', #744, 1.050000000000040457 ) ;
#2609 = AXIS2_PLACEMENT_3D ( 'NONE', #3366, #1640, #2447 ) ;
#2610 = DIRECTION ( 'NONE',  ( -0.000000000000000000, 0.000000000000000000, -1.000000000000000000 ) ) ;
#2611 = DIRECTION ( 'NONE',  ( -1.000000000000000000, 0.000000000000000000, 0.000000000000000000 ) ) ;
#2612 = ORIENTED_EDGE ( 'NONE', *, *, #2746, .F. ) ;
#2613 = AXIS2_PLACEMENT_3D ( 'NONE', #1422, #2781, #2003 ) ;
#2614 = VERTEX_POINT ( 'NONE', #1241 ) ;
#2615 = EDGE_CURVE ( 'NONE', #759, #3328, #705, .T. ) ;
#2616 = LINE ( 'NONE', #3133, #2995 ) ;
#2617 = LINE ( 'NONE', #3403, #3296 ) ;
#2618 = ORIENTED_EDGE ( 'NONE', *, *, #1160, .T. ) ;
#2619 = EDGE_CURVE ( 'NONE', #1556, #184, #147, .T. ) ;
#2620 = DIRECTION ( 'NONE',  ( -1.000000000000000000, 0.000000000000000000, 0.000000000000000000 ) ) ;
#2621 = ORIENTED_EDGE ( 'NONE', *, *, #2249, .T. ) ;
#2622 = CARTESIAN_POINT ( 'NONE',  ( 0.000000000000000000, 0.000000000000000000, 7.000000000000000000 ) ) ;
#2623 = DIRECTION ( 'NONE',  ( -1.000000000000000000, 1.224646799147351482E-16, 0.000000000000000000 ) ) ;
#2624 = DIRECTION ( 'NONE',  ( -0.6548607339452886533, 0.7557495743542551603, 0.000000000000000000 ) ) ;
#2625 = CARTESIAN_POINT ( 'NONE',  ( -9.743131826350435176, 0.3658991860571081389, 7.000000000000000000 ) ) ;
#2626 = ORIENTED_EDGE ( 'NONE', *, *, #1760, .T. ) ;
#2627 = VERTEX_POINT ( 'NONE', #3428 ) ;
#2628 = DIRECTION ( 'NONE',  ( -0.000000000000000000, 0.000000000000000000, 1.000000000000000000 ) ) ;
#2629 = DIRECTION ( 'NONE',  ( -0.000000000000000000, -0.000000000000000000, -1.000000000000000000 ) ) ;
#2630 = DIRECTION ( 'NONE',  ( 1.000000000000000000, 0.000000000000000000, 0.000000000000000000 ) ) ;
#2631 = EDGE_CURVE ( 'NONE', #3379, #2214, #3177, .T. ) ;
#2632 = ORIENTED_EDGE ( 'NONE', *, *, #2870, .T. ) ;
#2633 = DIRECTION ( 'NONE',  ( 0.000000000000000000, -0.000000000000000000, 1.000000000000000000 ) ) ;
#2634 = ORIENTED_EDGE ( 'NONE', *, *, #2907, .T. ) ;
#2635 = EDGE_LOOP ( 'NONE', ( #1844, #1972, #2433, #28 ) ) ;
#2636 = EDGE_CURVE ( 'NONE', #1655, #2120, #3142, .T. ) ;
#2637 = CARTESIAN_POINT ( 'NONE',  ( -2.434360481041131230, -7.599707106496651043, 6.990458256782732249 ) ) ;
#2638 = CARTESIAN_POINT ( 'NONE',  ( 1.343324028180502561, 11.92457464882135376, 7.000000000000000000 ) ) ;
#2639 = EDGE_CURVE ( 'NONE', #1746, #2691, #3007, .T. ) ;
#2640 = CARTESIAN_POINT ( 'NONE',  ( 0.000000000000000000, 0.000000000000000000, 0.4999999999999995559 ) ) ;
#2641 = ORIENTED_EDGE ( 'NONE', *, *, #1389, .F. ) ;
#2642 =( LENGTH_UNIT ( ) NAMED_UNIT ( * ) SI_UNIT ( .MILLI., .METRE. ) );
#2643 = CARTESIAN_POINT ( 'NONE',  ( 1.004602999518511064, 7.694594018790707146, 7.000000000000000000 ) ) ;
#2644 = EDGE_LOOP ( 'NONE', ( #1561, #491, #3360, #2094 ) ) ;
#2645 = AXIS2_PLACEMENT_3D ( 'NONE', #729, #1545, #496 ) ;
#2646 = CARTESIAN_POINT ( 'NONE',  ( 6.950000000000085443, 3.397195249197818264E-13, 0.000000000000000000 ) ) ;
#2647 = ORIENTED_EDGE ( 'NONE', *, *, #1933, .T. ) ;
#2648 = CIRCLE ( 'NONE', #1365, 5.500000000000000000 ) ;
#2649 = ORIENTED_EDGE ( 'NONE', *, *, #465, .F. ) ;
#2650 = AXIS2_PLACEMENT_3D ( 'NONE', #1821, #1011, #1520 ) ;
#2651 = ADVANCED_FACE ( 'NONE', ( #728 ), #2295, .T. ) ;
#2652 = AXIS2_PLACEMENT_3D ( 'NONE', #1917, #2936, #2196 ) ;
#2653 = DIRECTION ( 'NONE',  ( -0.000000000000000000, -0.000000000000000000, -1.000000000000000000 ) ) ;
#2654 = DIRECTION ( 'NONE',  ( 0.000000000000000000, 0.000000000000000000, 1.000000000000000000 ) ) ;
#2655 = EDGE_CURVE ( 'NONE', #1863, #2881, #1042, .T. ) ;
#2656 = DIRECTION ( 'NONE',  ( -0.000000000000000000, 0.000000000000000000, 1.000000000000000000 ) ) ;
#2657 = AXIS2_PLACEMENT_3D ( 'NONE', #1348, #767, #513 ) ;
#2658 = DIRECTION ( 'NONE',  ( -0.9594929736144992560, 0.2817325568414236758, 0.000000000000000000 ) ) ;
#2659 = ORIENTED_EDGE ( 'NONE', *, *, #208, .F. ) ;
#2660 = CIRCLE ( 'NONE', #2550, 12.00000000000000178 ) ;
#2661 = CARTESIAN_POINT ( 'NONE',  ( 27.91600288281819076, -15.00028862807446295, -1.100000000000000089 ) ) ;
#2662 = AXIS2_PLACEMENT_3D ( 'NONE', #572, #1886, #3269 ) ;
#2663 = CARTESIAN_POINT ( 'NONE',  ( 5.940829037540822810, 8.827602500366415583, -0.1553563665583784226 ) ) ;
#2664 = ORIENTED_EDGE ( 'NONE', *, *, #1949, .T. ) ;
#2665 = APPROVAL_PERSON_ORGANIZATION ( #1550, #2787, #1017 ) ;
#2666 = CARTESIAN_POINT ( 'NONE',  ( -4.380276841034158153, -8.710664429071977466, 0.000000000000000000 ) ) ;
#2667 = VERTEX_POINT ( 'NONE', #123 ) ;
#2668 = ORIENTED_EDGE ( 'NONE', *, *, #2143, .F. ) ;
#2669 = CARTESIAN_POINT ( 'NONE',  ( -6.000000000000000000, 7.347880794884119736E-16, 0.4999999999999995559 ) ) ;
#2670 = DIRECTION ( 'NONE',  ( -0.000000000000000000, -0.000000000000000000, 1.000000000000000000 ) ) ;
#2671 = EDGE_CURVE ( 'NONE', #1799, #1019, #2767, .T. ) ;
#2672 = CARTESIAN_POINT ( 'NONE',  ( 21.03762112826115427, 3.025744336462599993, 5.000000000000000000 ) ) ;
#2673 = CARTESIAN_POINT ( 'NONE',  ( -9.655930361154716479, -3.688996837790550209, 7.000000000000000000 ) ) ;
#2674 = CARTESIAN_POINT ( 'NONE',  ( 6.950000000000085443, 3.397195249197818264E-13, 7.000000000000000000 ) ) ;
#2675 = ADVANCED_FACE ( 'NONE', ( #3104 ), #2016, .T. ) ;
#2676 = ORIENTED_EDGE ( 'NONE', *, *, #768, .T. ) ;
#2677 = DIRECTION ( 'NONE',  ( 1.000000000000000000, 0.000000000000000000, 0.000000000000000000 ) ) ;
#2678 = CARTESIAN_POINT ( 'NONE',  ( 18.61625131124322508, -10.25533123026898430, 5.000000000000000000 ) ) ;
#2679 = DIRECTION ( 'NONE',  ( -0.000000000000000000, -0.000000000000000000, -1.000000000000000000 ) ) ;
#2680 = VERTEX_POINT ( 'NONE', #2087 ) ;
#2681 = DIRECTION ( 'NONE',  ( -1.000000000000000000, 0.000000000000000000, 0.000000000000000000 ) ) ;
#2682 = VERTEX_POINT ( 'NONE', #3129 ) ;
#2683 = ORIENTED_EDGE ( 'NONE', *, *, #775, .T. ) ;
#2684 = CC_DESIGN_DATE_AND_TIME_ASSIGNMENT ( #1810, #2874, ( #623 ) ) ;
#2685 = CARTESIAN_POINT ( 'NONE',  ( -1.050000000000024247, -8.000000000000000000, 6.976048747671445227 ) ) ;
#2686 = FACE_OUTER_BOUND ( 'NONE', #1458, .T. ) ;
#2687 = DIRECTION ( 'NONE',  ( -0.1423148382732887240, 0.9898214418809322401, 0.000000000000000000 ) ) ;
#2688 = ADVANCED_FACE ( 'NONE', ( #979 ), #1542, .T. ) ;
#2689 = FACE_OUTER_BOUND ( 'NONE', #2343, .T. ) ;
#2690 = CARTESIAN_POINT ( 'NONE',  ( -1.050000000000024247, -8.000000000000000000, -3.000000000000001776 ) ) ;
#2691 = VERTEX_POINT ( 'NONE', #716 ) ;
#2692 = DIRECTION ( 'NONE',  ( -0.000000000000000000, -0.000000000000000000, -1.000000000000000000 ) ) ;
#2693 = EDGE_CURVE ( 'NONE', #684, #2120, #523, .T. ) ;
#2694 = DIRECTION ( 'NONE',  ( 0.9594929736144972576, 0.2817325568414301151, 0.000000000000000000 ) ) ;
#2695 = EDGE_CURVE ( 'NONE', #2591, #2482, #1489, .T. ) ;
#2696 = AXIS2_PLACEMENT_3D ( 'NONE', #2029, #3389, #1505 ) ;
#2697 = DIRECTION ( 'NONE',  ( 0.8412535328311805394, 0.5406408174555986657, 0.000000000000000000 ) ) ;
#2698 = ORIENTED_EDGE ( 'NONE', *, *, #2336, .T. ) ;
#2699 = ORIENTED_EDGE ( 'NONE', *, *, #1196, .T. ) ;
#2700 = VECTOR ( 'NONE', #1157, 1000.000000000000000 ) ;
#2701 = CIRCLE ( 'NONE', #1533, 1.050000000000703260 ) ;
#2702 = CIRCLE ( 'NONE', #1699, 1.050000000000253841 ) ;
#2703 = LINE ( 'NONE', #579, #978 ) ;
#2704 = CARTESIAN_POINT ( 'NONE',  ( -6.028027512761525486, 10.37607268215629475, 7.000000000000000000 ) ) ;
#2705 = CIRCLE ( 'NONE', #3169, 12.00000000000000355 ) ;
#2706 = DIRECTION ( 'NONE',  ( -1.000000000000000000, 0.000000000000000000, 0.000000000000000000 ) ) ;
#2707 = VECTOR ( 'NONE', #2523, 1000.000000000000227 ) ;
#2708 = CARTESIAN_POINT ( 'NONE',  ( -10.30410784652952749, -0.8191765962152178782, 0.000000000000000000 ) ) ;
#2709 = AXIS2_PLACEMENT_3D ( 'NONE', #3377, #2836, #2257 ) ;
#2710 = VERTEX_POINT ( 'NONE', #2835 ) ;
#2711 = VECTOR ( 'NONE', #415, 1000.000000000000227 ) ;
#2712 = DIRECTION ( 'NONE',  ( -0.000000000000000000, -0.000000000000000000, -1.000000000000000000 ) ) ;
#2713 = CARTESIAN_POINT ( 'NONE',  ( -3.894193991759024698, -11.35056179907179441, 7.000000000000000000 ) ) ;
#2714 = VECTOR ( 'NONE', #3157, 1000.000000000000000 ) ;
#2715 = EDGE_CURVE ( 'NONE', #488, #3379, #782, .T. ) ;
#2716 = AXIS2_PLACEMENT_3D ( 'NONE', #1234, #334, #2706 ) ;
#2717 = CARTESIAN_POINT ( 'NONE',  ( -9.615881436223880030, -1.611621607104151366, 7.000000000000000000 ) ) ;
#2718 = EDGE_LOOP ( 'NONE', ( #1004, #2882, #2551, #356 ) ) ;
#2719 = ORIENTED_EDGE ( 'NONE', *, *, #2190, .F. ) ;
#2720 = VECTOR ( 'NONE', #2748, 1000.000000000000000 ) ;
#2721 = EDGE_CURVE ( 'NONE', #1753, #1758, #2490, .T. ) ;
#2722 = CARTESIAN_POINT ( 'NONE',  ( 0.000000000000000000, 0.000000000000000000, 0.000000000000000000 ) ) ;
#2723 = CYLINDRICAL_SURFACE ( 'NONE', #295, 2.999999999999999112 ) ;
#2724 = CARTESIAN_POINT ( 'NONE',  ( 0.000000000000000000, 0.000000000000000000, 0.4999999999999995559 ) ) ;
#2725 = DIRECTION ( 'NONE',  ( -1.000000000000000000, 0.000000000000000000, 0.000000000000000000 ) ) ;
#2726 = DIRECTION ( 'NONE',  ( 1.000000000000000000, 0.000000000000000000, 0.000000000000000000 ) ) ;
#2727 = ORIENTED_EDGE ( 'NONE', *, *, #3189, .T. ) ;
#2728 = CYLINDRICAL_SURFACE ( 'NONE', #475, 9.750000000000000000 ) ;
#2729 = CYLINDRICAL_SURFACE ( 'NONE', #2869, 3.762221576582363003 ) ;
#2730 = VERTEX_POINT ( 'NONE', #3247 ) ;
#2731 = DIRECTION ( 'NONE',  ( 1.000000000000000000, 0.000000000000000000, 0.000000000000000000 ) ) ;
#2732 = DIRECTION ( 'NONE',  ( 1.000000000000000000, 0.000000000000000000, 0.000000000000000000 ) ) ;
#2733 = EDGE_CURVE ( 'NONE', #2809, #2881, #1208, .T. ) ;
#2734 = ORIENTED_EDGE ( 'NONE', *, *, #1331, .F. ) ;
#2735 = ORIENTED_EDGE ( 'NONE', *, *, #1675, .T. ) ;
#2736 = EDGE_CURVE ( 'NONE', #1019, #1865, #3054, .T. ) ;
#2737 = DIRECTION ( 'NONE',  ( -0.000000000000000000, -0.000000000000000000, -1.000000000000000000 ) ) ;
#2738 = CARTESIAN_POINT ( 'NONE',  ( -8.959963588456274053, 5.154099465690963555, 7.000000000000000000 ) ) ;
#2739 = LINE ( 'NONE', #44, #2104 ) ;
#2740 = DIRECTION ( 'NONE',  ( 0.000000000000000000, -0.000000000000000000, -1.000000000000000000 ) ) ;
#2741 = CARTESIAN_POINT ( 'NONE',  ( -11.78923103425785790, 2.239203345141189239, 0.000000000000000000 ) ) ;
#2742 = FACE_OUTER_BOUND ( 'NONE', #852, .T. ) ;
#2743 = ORIENTED_EDGE ( 'NONE', *, *, #3227, .T. ) ;
#2744 = CARTESIAN_POINT ( 'NONE',  ( 0.000000000000000000, 0.000000000000000000, 2.100000000000000089 ) ) ;
#2745 = CARTESIAN_POINT ( 'NONE',  ( -1.390045635695474902, -7.624321158679239652, 7.000000000000000000 ) ) ;
#2746 = EDGE_CURVE ( 'NONE', #2275, #2854, #583, .T. ) ;
#2747 = CARTESIAN_POINT ( 'NONE',  ( 20.20193871955538967, -12.81290272887268777, 3.388170084950132832 ) ) ;
#2748 = DIRECTION ( 'NONE',  ( -0.000000000000000000, -0.000000000000000000, 1.000000000000000000 ) ) ;
#2749 = EDGE_LOOP ( 'NONE', ( #1448, #1706, #1604, #1045 ) ) ;
#2750 = VECTOR ( 'NONE', #3126, 1000.000000000000000 ) ;
#2751 = DIRECTION ( 'NONE',  ( -0.000000000000000000, -0.000000000000000000, -1.000000000000000000 ) ) ;
#2752 = DIRECTION ( 'NONE',  ( 0.000000000000000000, -0.000000000000000000, -1.000000000000000000 ) ) ;
#2753 = EDGE_CURVE ( 'NONE', #2168, #1041, #984, .T. ) ;
#2754 = AXIS2_PLACEMENT_3D ( 'NONE', #3496, #2942, #1120 ) ;
#2755 = AXIS2_PLACEMENT_3D ( 'NONE', #2273, #652, #670 ) ;
#2756 = DIRECTION ( 'NONE',  ( 0.000000000000000000, 0.000000000000000000, 1.000000000000000000 ) ) ;
#2757 = FACE_OUTER_BOUND ( 'NONE', #3116, .T. ) ;
#2758 = AXIS2_PLACEMENT_3D ( 'NONE', #2291, #1486, #1204 ) ;
#2759 = ORIENTED_EDGE ( 'NONE', *, *, #1009, .F. ) ;
#2760 = EDGE_CURVE ( 'NONE', #1452, #2579, #2660, .T. ) ;
#2761 = DIRECTION ( 'NONE',  ( -0.000000000000000000, 0.000000000000000000, -1.000000000000000000 ) ) ;
#2762 = AXIS2_PLACEMENT_3D ( 'NONE', #2241, #3362, #2021 ) ;
#2763 = CIRCLE ( 'NONE', #2600, 0.5000000000000004441 ) ;
#2764 = DIRECTION ( 'NONE',  ( -0.6548607339452887643, 0.7557495743542551603, 0.000000000000000000 ) ) ;
#2765 = CARTESIAN_POINT ( 'NONE',  ( -4.751084474448957096, 9.180026422911224060, 0.000000000000000000 ) ) ;
#2766 = DIRECTION ( 'NONE',  ( 0.8412535328311804284, 0.5406408174555985546, 0.000000000000000000 ) ) ;
#2767 = CIRCLE ( 'NONE', #417, 3.762221576582363003 ) ;
#2768 = AXIS2_PLACEMENT_3D ( 'NONE', #223, #1300, #1516 ) ;
#2769 = ORIENTED_EDGE ( 'NONE', *, *, #1308, .F. ) ;
#2770 = LOCAL_TIME ( 11, 0, 51.00000000000000000, #2998 ) ;
#2771 = CARTESIAN_POINT ( 'NONE',  ( 25.31160843039922526, -2.083667197862063780, 5.000000000000000000 ) ) ;
#2772 = ORIENTED_EDGE ( 'NONE', *, *, #2148, .T. ) ;
#2773 = DIRECTION ( 'NONE',  ( -0.000000000000000000, -0.000000000000000000, -1.000000000000000000 ) ) ;
#2774 = DIRECTION ( 'NONE',  ( -0.000000000000000000, -0.000000000000000000, -1.000000000000000000 ) ) ;
#2775 = ADVANCED_FACE ( 'NONE', ( #3476 ), #1592, .F. ) ;
#2776 = ORIENTED_EDGE ( 'NONE', *, *, #1072, .F. ) ;
#2777 = DIRECTION ( 'NONE',  ( 1.000000000000000000, 0.000000000000000000, 0.000000000000000000 ) ) ;
#2778 = CARTESIAN_POINT ( 'NONE',  ( 0.000000000000000000, 8.000000000000000000, 0.000000000000000000 ) ) ;
#2779 = EDGE_CURVE ( 'NONE', #1644, #153, #867, .T. ) ;
#2780 = DIRECTION ( 'NONE',  ( 0.4154150130018840481, 0.9096319953545194403, 0.000000000000000000 ) ) ;
#2781 = DIRECTION ( 'NONE',  ( -0.000000000000000000, -0.000000000000000000, 1.000000000000000000 ) ) ;
#2782 = ORIENTED_EDGE ( 'NONE', *, *, #377, .F. ) ;
#2783 = ORIENTED_EDGE ( 'NONE', *, *, #2105, .T. ) ;
#2784 = FACE_BOUND ( 'NONE', #3256, .T. ) ;
#2785 = PLANE ( 'NONE',  #1932 ) ;
#2786 = VERTEX_POINT ( 'NONE', #779 ) ;
#2787 = APPROVAL ( #1281, '未指定' ) ;
#2788 = DIRECTION ( 'NONE',  ( -0.000000000000000000, -0.000000000000000000, -1.000000000000000000 ) ) ;
#2789 = DIRECTION ( 'NONE',  ( 0.000000000000000000, 0.000000000000000000, 1.000000000000000000 ) ) ;
#2790 = VERTEX_POINT ( 'NONE', #835 ) ;
#2791 = EDGE_CURVE ( 'NONE', #3173, #1263, #17, .T. ) ;
#2792 = DIRECTION ( 'NONE',  ( -1.000000000000000000, 0.000000000000000000, 0.000000000000000000 ) ) ;
#2793 = CARTESIAN_POINT ( 'NONE',  ( 0.000000000000000000, 0.000000000000000000, 7.000000000000000000 ) ) ;
#2794 = ORIENTED_EDGE ( 'NONE', *, *, #1288, .F. ) ;
#2795 = EDGE_LOOP ( 'NONE', ( #734, #1407, #1786, #555 ) ) ;
#2796 = EDGE_CURVE ( 'NONE', #1014, #276, #1938, .T. ) ;
#2797 = DIRECTION ( 'NONE',  ( 0.9594929736144972576, 0.2817325568414301151, 0.000000000000000000 ) ) ;
#2798 = CARTESIAN_POINT ( 'NONE',  ( 27.91600288281819076, -15.00028862807446295, -46.14212683983397056 ) ) ;
#2799 = ORIENTED_EDGE ( 'NONE', *, *, #50, .T. ) ;
#2800 = EDGE_CURVE ( 'NONE', #2914, #1674, #2940, .T. ) ;
#2801 = VERTEX_POINT ( 'NONE', #558 ) ;
#2802 = CARTESIAN_POINT ( 'NONE',  ( 33.52426240184000505, 2.640618061855673382, 1.800000000000000488 ) ) ;
#2803 = PLANE ( 'NONE',  #350 ) ;
#2804 = DIRECTION ( 'NONE',  ( -0.000000000000000000, -0.000000000000000000, 1.000000000000000000 ) ) ;
#2805 = EDGE_LOOP ( 'NONE', ( #1126, #2244, #2099, #563 ) ) ;
#2806 = AXIS2_PLACEMENT_3D ( 'NONE', #2848, #1256, #2290 ) ;
#2807 = CARTESIAN_POINT ( 'NONE',  ( -0.9662303906370903750, -10.29135985382434448, 0.000000000000000000 ) ) ;
#2808 = CARTESIAN_POINT ( 'NONE',  ( 5.656854249492959674, -5.656854249492140774, 0.000000000000000000 ) ) ;
#2809 = VERTEX_POINT ( 'NONE', #1050 ) ;
#2810 = AXIS2_PLACEMENT_3D ( 'NONE', #784, #422, #2141 ) ;
#2811 = CARTESIAN_POINT ( 'NONE',  ( 24.15030015175028666, 3.474733044681064698, 3.800000000000000266 ) ) ;
#2812 = AXIS2_PLACEMENT_3D ( 'NONE', #3416, #765, #999 ) ;
#2813 = CARTESIAN_POINT ( 'NONE',  ( 1.045201980997433333, 7.899736253216620874, 6.989039538212210800 ) ) ;
#2814 = ORIENTED_EDGE ( 'NONE', *, *, #26, .T. ) ;
#2815 = ORIENTED_EDGE ( 'NONE', *, *, #308, .T. ) ;
#2816 = AXIS2_PLACEMENT_3D ( 'NONE', #443, #2654, #249 ) ;
#2817 = CIRCLE ( 'NONE', #630, 12.00000000000000178 ) ;
#2818 = DIRECTION ( 'NONE',  ( 1.000000000000000000, 0.000000000000000000, 0.000000000000000000 ) ) ;
#2819 = CARTESIAN_POINT ( 'NONE',  ( 23.31160843039922881, -2.083667197862063780, 7.000000000000000000 ) ) ;
#2820 = CIRCLE ( 'NONE', #1705, 3.762221576582363891 ) ;
#2821 = ORIENTED_EDGE ( 'NONE', *, *, #2895, .T. ) ;
#2822 = CIRCLE ( 'NONE', #1826, 12.00000000000000533 ) ;
#2823 = CARTESIAN_POINT ( 'NONE',  ( -9.680416949197240939, 1.162767255169660174, 7.000000000000000000 ) ) ;
#2824 = CARTESIAN_POINT ( 'NONE',  ( 11.42879593039923236, -2.083667197862063780, -7.349486068726557519 ) ) ;
#2825 = CARTESIAN_POINT ( 'NONE',  ( -4.648450871385579219, -11.06308747575985940, 0.000000000000000000 ) ) ;
#2826 = ORIENTED_EDGE ( 'NONE', *, *, #82, .T. ) ;
#2827 = EDGE_CURVE ( 'NONE', #1000, #183, #248, .T. ) ;
#2828 = AXIS2_PLACEMENT_3D ( 'NONE', #530, #1328, #2972 ) ;
#2829 = CYLINDRICAL_SURFACE ( 'NONE', #2696, 3.762221576582363891 ) ;
#2830 = AXIS2_PLACEMENT_3D ( 'NONE', #735, #171, #2388 ) ;
#2831 = CARTESIAN_POINT ( 'NONE',  ( 0.000000000000000000, 0.000000000000000000, 7.000000000000000000 ) ) ;
#2832 = CARTESIAN_POINT ( 'NONE',  ( -10.32411757120621232, -0.5082176547595769200, 0.000000000000000000 ) ) ;
#2833 = VERTEX_POINT ( 'NONE', #1892 ) ;
#2834 = LOCAL_TIME ( 11, 0, 51.00000000000000000, #206 ) ;
#2835 = CARTESIAN_POINT ( 'NONE',  ( 30.43540801214807701, -14.30157237754277055, -1.100000000000000089 ) ) ;
#2836 = DIRECTION ( 'NONE',  ( 0.000000000000000000, 0.000000000000000000, 1.000000000000000000 ) ) ;
#2837 = ORIENTED_EDGE ( 'NONE', *, *, #1068, .F. ) ;
#2838 = EDGE_LOOP ( 'NONE', ( #2772, #2411 ) ) ;
#2839 = CARTESIAN_POINT ( 'NONE',  ( 0.000000000000000000, 0.000000000000000000, 7.000000000000000000 ) ) ;
#2840 = PERSON_AND_ORGANIZATION_ROLE ( 'creator' ) ;
#2841 = VERTEX_POINT ( 'NONE', #2958 ) ;
#2842 = ORIENTED_EDGE ( 'NONE', *, *, #944, .T. ) ;
#2843 = EDGE_CURVE ( 'NONE', #193, #169, #1376, .T. ) ;
#2844 = DIRECTION ( 'NONE',  ( -0.000000000000000000, -0.000000000000000000, -1.000000000000000000 ) ) ;
#2845 = CYLINDRICAL_SURFACE ( 'NONE', #1983, 1.050000000000259837 ) ;
#2846 = ORIENTED_EDGE ( 'NONE', *, *, #2733, .T. ) ;
#2847 = EDGE_CURVE ( 'NONE', #2855, #3328, #1774, .T. ) ;
#2848 = CARTESIAN_POINT ( 'NONE',  ( 0.000000000000000000, 0.000000000000000000, 7.000000000000000000 ) ) ;
#2849 = DIRECTION ( 'NONE',  ( -0.000000000000000000, 0.000000000000000000, 1.000000000000000000 ) ) ;
#2850 = DIRECTION ( 'NONE',  ( -0.000000000000000000, -0.000000000000000000, -1.000000000000000000 ) ) ;
#2851 = EDGE_CURVE ( 'NONE', #2948, #1888, #1149, .T. ) ;
#2852 = CARTESIAN_POINT ( 'NONE',  ( -2.277266001350169322, 10.08264590114086801, 0.000000000000000000 ) ) ;
#2853 = CARTESIAN_POINT ( 'NONE',  ( 0.000000000000000000, 0.000000000000000000, 7.000000000000000000 ) ) ;
#2854 = VERTEX_POINT ( 'NONE', #1856 ) ;
#2855 = VERTEX_POINT ( 'NONE', #2919 ) ;
#2856 = CARTESIAN_POINT ( 'NONE',  ( 0.000000000000000000, 0.000000000000000000, 7.000000000000000000 ) ) ;
#2857 = APPROVAL_ROLE ( '' ) ;
#2858 = EDGE_CURVE ( 'NONE', #3145, #2627, #2461, .T. ) ;
#2859 = VERTEX_POINT ( 'NONE', #3260 ) ;
#2860 = CARTESIAN_POINT ( 'NONE',  ( 28.45408506437773255, -12.04893850213411355, 3.799999999999999822 ) ) ;
#2861 = ORIENTED_EDGE ( 'NONE', *, *, #1027, .T. ) ;
#2862 = ORIENTED_EDGE ( 'NONE', *, *, #2170, .T. ) ;
#2863 = CARTESIAN_POINT ( 'NONE',  ( -2.528598933626911460, -9.416405228794101134, 5.136452412244833177 ) ) ;
#2864 = CARTESIAN_POINT ( 'NONE',  ( 28.45408506437773255, -12.04893850213411355, 1.800000000000000488 ) ) ;
#2865 = EDGE_CURVE ( 'NONE', #3341, #2790, #848, .T. ) ;
#2866 = CARTESIAN_POINT ( 'NONE',  ( 30.87545488139565464, 1.232137064597471188, 1.800000000000000488 ) ) ;
#2867 = DIRECTION ( 'NONE',  ( -0.000000000000000000, -0.000000000000000000, -1.000000000000000000 ) ) ;
#2868 = ORIENTED_EDGE ( 'NONE', *, *, #377, .T. ) ;
#2869 = AXIS2_PLACEMENT_3D ( 'NONE', #2207, #1123, #3253 ) ;
#2870 = EDGE_CURVE ( 'NONE', #1264, #169, #2046, .T. ) ;
#2871 = ORIENTED_EDGE ( 'NONE', *, *, #2143, .T. ) ;
#2872 = CYLINDRICAL_SURFACE ( 'NONE', #3285, 13.88281249999999467 ) ;
#2873 = AXIS2_PLACEMENT_3D ( 'NONE', #2031, #1464, #2309 ) ;
#2874 = DATE_TIME_ROLE ( 'creation_date' ) ;
#2875 = LINE ( 'NONE', #2308, #2750 ) ;
#2876 = VERTEX_POINT ( 'NONE', #32 ) ;
#2877 = VECTOR ( 'NONE', #176, 1000.000000000000000 ) ;
#2878 = DIRECTION ( 'NONE',  ( 0.000000000000000000, 0.000000000000000000, 1.000000000000000000 ) ) ;
#2879 = CIRCLE ( 'NONE', #185, 2.999999999999999112 ) ;
#2880 = VECTOR ( 'NONE', #3267, 1000.000000000000227 ) ;
#2881 = VERTEX_POINT ( 'NONE', #2802 ) ;
#2882 = ORIENTED_EDGE ( 'NONE', *, *, #1389, .T. ) ;
#2883 = TOROIDAL_SURFACE ( 'NONE', #2050, 12.91453929352992880, 3.200000000000000178 ) ;
#2884 = CARTESIAN_POINT ( 'NONE',  ( 4.606854249492439379, 5.656854249492620390, -3.000000000000001776 ) ) ;
#2885 = AXIS2_PLACEMENT_3D ( 'NONE', #2362, #1079, #793 ) ;
#2886 = DIRECTION ( 'NONE',  ( 1.000000000000000000, 0.000000000000000000, 0.000000000000000000 ) ) ;
#2887 = AXIS2_PLACEMENT_3D ( 'NONE', #155, #969, #1582 ) ;
#2888 = DIRECTION ( 'NONE',  ( -0.000000000000000000, -0.000000000000000000, -1.000000000000000000 ) ) ;
#2889 = EDGE_CURVE ( 'NONE', #3148, #1830, #526, .T. ) ;
#2890 = DIRECTION ( 'NONE',  ( 0.6548607339452835463, 0.7557495743542594901, 0.000000000000000000 ) ) ;
#2891 = ORIENTED_EDGE ( 'NONE', *, *, #786, .F. ) ;
#2892 = CC_DESIGN_SECURITY_CLASSIFICATION ( #1156, ( #2949 ) ) ;
#2893 = ORIENTED_EDGE ( 'NONE', *, *, #1288, .T. ) ;
#2894 = DIRECTION ( 'NONE',  ( -1.000000000000000000, 0.000000000000000000, 0.000000000000000000 ) ) ;
#2895 = EDGE_CURVE ( 'NONE', #690, #1264, #1710, .T. ) ;
#2896 = CARTESIAN_POINT ( 'NONE',  ( -10.04909972764970050, 2.421008771658812453, 7.000000000000000000 ) ) ;
#2897 = CARTESIAN_POINT ( 'NONE',  ( 6.302592331171720019, 8.761646794015561568, -0.3007741164847633764 ) ) ;
#2898 = ORIENTED_EDGE ( 'NONE', *, *, #1992, .F. ) ;
#2899 = CARTESIAN_POINT ( 'NONE',  ( -5.079080831267309470, -8.322586010937529366, 7.000000000000000000 ) ) ;
#2900 = ORIENTED_EDGE ( 'NONE', *, *, #1115, .T. ) ;
#2901 = DIRECTION ( 'NONE',  ( 0.000000000000000000, 0.000000000000000000, 1.000000000000000000 ) ) ;
#2902 = CYLINDRICAL_SURFACE ( 'NONE', #2599, 1.050000000000504530 ) ;
#2903 = B_SPLINE_CURVE_WITH_KNOTS ( 'NONE', 3,
 ( #2920, #1594, #2138, #3210 ),
 .UNSPECIFIED., .F., .F.,
 ( 4, 4 ),
 ( 0.000000000000000000, 0.0003096797311415414489 ),
 .UNSPECIFIED. ) ;
#2904 = DIRECTION ( 'NONE',  ( -0.000000000000000000, 0.000000000000000000, 1.000000000000000000 ) ) ;
#2905 = DIRECTION ( 'NONE',  ( -0.000000000000000000, -0.000000000000000000, -1.000000000000000000 ) ) ;
#2906 = ORIENTED_EDGE ( 'NONE', *, *, #2895, .F. ) ;
#2907 = EDGE_CURVE ( 'NONE', #183, #1915, #2162, .T. ) ;
#2908 = CYLINDRICAL_SURFACE ( 'NONE', #755, 3.762221576582363003 ) ;
#2909 = CARTESIAN_POINT ( 'NONE',  ( 18.07816912968369039, -13.20668135620933192, 1.800000000000002931 ) ) ;
#2910 = CARTESIAN_POINT ( 'NONE',  ( 0.5386289757454962857, 11.98790552292131650, 7.000000000000000000 ) ) ;
#2911 = ORIENTED_EDGE ( 'NONE', *, *, #2954, .F. ) ;
#2912 = EDGE_CURVE ( 'NONE', #1060, #2517, #21, .T. ) ;
#2913 = DIRECTION ( 'NONE',  ( -0.000000000000000000, -0.000000000000000000, 1.000000000000000000 ) ) ;
#2914 = VERTEX_POINT ( 'NONE', #318 ) ;
#2915 = ORIENTED_EDGE ( 'NONE', *, *, #1544, .F. ) ;
#2916 = EDGE_CURVE ( 'NONE', #159, #1021, #2272, .T. ) ;
#2917 = DIRECTION ( 'NONE',  ( -0.000000000000000000, -0.000000000000000000, -1.000000000000000000 ) ) ;
#2918 = DIRECTION ( 'NONE',  ( 1.000000000000000000, 0.000000000000000000, 0.000000000000000000 ) ) ;
#2919 = CARTESIAN_POINT ( 'NONE',  ( -7.576987870392881241, -9.305334750126894150, 0.000000000000000000 ) ) ;
#2920 = CARTESIAN_POINT ( 'NONE',  ( -1.004602999518562800, -7.694594018790693823, 7.000000000000000000 ) ) ;
#2921 = ORIENTED_EDGE ( 'NONE', *, *, #1521, .T. ) ;
#2922 = DIRECTION ( 'NONE',  ( -0.8412535328311843141, 0.5406408174555928925, 0.000000000000000000 ) ) ;
#2923 = DIRECTION ( 'NONE',  ( 1.000000000000000000, 0.000000000000000000, 0.000000000000000000 ) ) ;
#2924 = AXIS2_PLACEMENT_3D ( 'NONE', #33, #3209, #2725 ) ;
#2925 = ORIENTED_EDGE ( 'NONE', *, *, #1645, .F. ) ;
#2926 = CIRCLE ( 'NONE', #1868, 12.00000000000000533 ) ;
#2927 = DIRECTION ( 'NONE',  ( 1.000000000000000000, 0.000000000000000000, 0.000000000000000000 ) ) ;
#2928 = EDGE_CURVE ( 'NONE', #3379, #3014, #1742, .T. ) ;
#2929 = ORIENTED_EDGE ( 'NONE', *, *, #856, .T. ) ;
#2930 = CIRCLE ( 'NONE', #2650, 2.999999999999999112 ) ;
#2931 = ORIENTED_EDGE ( 'NONE', *, *, #2243, .T. ) ;
#2932 = CIRCLE ( 'NONE', #2481, 1.999999999999999112 ) ;
#2933 = VECTOR ( 'NONE', #2804, 1000.000000000000000 ) ;
#2934 = AXIS2_PLACEMENT_3D ( 'NONE', #2722, #1658, #1077 ) ;
#2935 = EDGE_CURVE ( 'NONE', #2604, #1511, #3291, .T. ) ;
#2936 = DIRECTION ( 'NONE',  ( -0.000000000000000000, 0.000000000000000000, 1.000000000000000000 ) ) ;
#2937 = DIRECTION ( 'NONE',  ( -0.000000000000000000, -0.000000000000000000, -1.000000000000000000 ) ) ;
#2938 = CIRCLE ( 'NONE', #1205, 9.750000000000000000 ) ;
#2939 = DIRECTION ( 'NONE',  ( -0.000000000000000000, 0.000000000000000000, 1.000000000000000000 ) ) ;
#2940 = CIRCLE ( 'NONE', #2828, 3.762221576582363003 ) ;
#2941 = CYLINDRICAL_SURFACE ( 'NONE', #508, 3.762221576582363003 ) ;
#2942 = DIRECTION ( 'NONE',  ( 0.000000000000000000, 0.000000000000000000, -1.000000000000000000 ) ) ;
#2943 = ORIENTED_EDGE ( 'NONE', *, *, #1734, .T. ) ;
#2944 = VECTOR ( 'NONE', #2096, 1000.000000000000000 ) ;
#2945 = CARTESIAN_POINT ( 'NONE',  ( -2.277266001350169322, 10.08264590114086801, 7.000000000000000000 ) ) ;
#2946 = VECTOR ( 'NONE', #2025, 1000.000000000000000 ) ;
#2947 = CARTESIAN_POINT ( 'NONE',  ( -8.707127529965969615, 8.257477228361501886, 7.000000000000000000 ) ) ;
#2948 = VERTEX_POINT ( 'NONE', #2823 ) ;
#2949 = PRODUCT_DEFINITION_FORMATION_WITH_SPECIFIED_SOURCE ( '任何', '', #1995, .NOT_KNOWN. ) ;
#2950 = EDGE_LOOP ( 'NONE', ( #1488, #158, #1749, #3138 ) ) ;
#2951 = FACE_BOUND ( 'NONE', #1347, .T. ) ;
#2952 = ORIENTED_EDGE ( 'NONE', *, *, #1098, .T. ) ;
#2953 = VERTEX_POINT ( 'NONE', #1396 ) ;
#2954 = EDGE_CURVE ( 'NONE', #3417, #1716, #1606, .T. ) ;
#2955 = DIRECTION ( 'NONE',  ( -0.000000000000000000, -0.000000000000000000, -1.000000000000000000 ) ) ;
#2956 = DIRECTION ( 'NONE',  ( 1.000000000000000000, 0.000000000000000000, 0.000000000000000000 ) ) ;
#2957 = EDGE_CURVE ( 'NONE', #2024, #291, #990, .T. ) ;
#2958 = CARTESIAN_POINT ( 'NONE',  ( -1.024417370216223144, 9.696033676282239000, 7.000000000000000000 ) ) ;
#2959 = CARTESIAN_POINT ( 'NONE',  ( -11.94254082540289730, -1.172910326318754803, 7.000000000000000000 ) ) ;
#2960 = DIRECTION ( 'NONE',  ( -0.1793607271865128583, -0.9837833753134505033, 0.000000000000000000 ) ) ;
#2961 = ORIENTED_EDGE ( 'NONE', *, *, #2858, .F. ) ;
#2962 = EDGE_CURVE ( 'NONE', #2579, #3284, #76, .T. ) ;
#2963 = FACE_OUTER_BOUND ( 'NONE', #2069, .T. ) ;
#2964 = DATE_AND_TIME ( #237, #2770 ) ;
#2965 = DIRECTION ( 'NONE',  ( 1.000000000000000000, 0.000000000000000000, 0.000000000000000000 ) ) ;
#2966 = ORIENTED_EDGE ( 'NONE', *, *, #459, .T. ) ;
#2967 = CYLINDRICAL_SURFACE ( 'NONE', #1324, 13.88281249999999467 ) ;
#2968 = ORIENTED_EDGE ( 'NONE', *, *, #1253, .F. ) ;
#2969 = ORIENTED_EDGE ( 'NONE', *, *, #2870, .F. ) ;
#2970 = CARTESIAN_POINT ( 'NONE',  ( -7.999999999999661604, -3.405706544451890981E-13, 0.000000000000000000 ) ) ;
#2971 = LINE ( 'NONE', #3493, #1764 ) ;
#2972 = DIRECTION ( 'NONE',  ( 0.9594929736144972576, 0.2817325568414301151, 0.000000000000000000 ) ) ;
#2973 = LINE ( 'NONE', #1397, #2980 ) ;
#2974 = DIRECTION ( 'NONE',  ( -0.8412535328311842031, 0.5406408174555928925, 0.000000000000000000 ) ) ;
#2975 = EDGE_CURVE ( 'NONE', #194, #2598, #1663, .T. ) ;
#2976 = ORIENTED_EDGE ( 'NONE', *, *, #1038, .F. ) ;
#2977 = DIRECTION ( 'NONE',  ( 0.000000000000000000, 0.000000000000000000, 1.000000000000000000 ) ) ;
#2978 = CYLINDRICAL_SURFACE ( 'NONE', #296, 3.762221576582363003 ) ;
#2979 = EDGE_CURVE ( 'NONE', #1041, #2168, #988, .T. ) ;
#2980 = VECTOR ( 'NONE', #531, 1000.000000000000000 ) ;
#2981 = CARTESIAN_POINT ( 'NONE',  ( -2.277266001350169322, 10.08264590114086801, 7.000000000000000000 ) ) ;
#2982 = ORIENTED_EDGE ( 'NONE', *, *, #638, .T. ) ;
#2983 = ORIENTED_EDGE ( 'NONE', *, *, #94, .T. ) ;
#2984 = CIRCLE ( 'NONE', #2645, 1.000000000000000888 ) ;
#2985 = CIRCLE ( 'NONE', #3448, 6.000000000000000000 ) ;
#2986 = FACE_OUTER_BOUND ( 'NONE', #1492, .T. ) ;
#2987 = DIRECTION ( 'NONE',  ( 1.000000000000000000, 0.000000000000000000, 0.000000000000000000 ) ) ;
#2988 = CIRCLE ( 'NONE', #800, 2.000000000000000444 ) ;
#2989 = CARTESIAN_POINT ( 'NONE',  ( 1.050000000000000266, 8.000000000000000000, -3.000000000000001776 ) ) ;
#2990 = DIRECTION ( 'NONE',  ( -1.000000000000000000, 0.000000000000000000, 0.000000000000000000 ) ) ;
#2991 = VECTOR ( 'NONE', #1671, 1000.000000000000000 ) ;
#2992 = CARTESIAN_POINT ( 'NONE',  ( -4.648450871385579219, -11.06308747575985940, 7.000000000000000000 ) ) ;
#2993 = AXIS2_PLACEMENT_3D ( 'NONE', #2057, #1210, #3359 ) ;
#2994 = ORIENTED_EDGE ( 'NONE', *, *, #1822, .T. ) ;
#2995 = VECTOR ( 'NONE', #486, 1000.000000000000000 ) ;
#2996 = EDGE_CURVE ( 'NONE', #328, #1758, #1551, .T. ) ;
#2997 = FACE_OUTER_BOUND ( 'NONE', #78, .T. ) ;
#2998 = COORDINATED_UNIVERSAL_TIME_OFFSET ( 8, 0, .AHEAD. ) ;
#2999 = DIRECTION ( 'NONE',  ( -0.000000000000000000, -0.000000000000000000, -1.000000000000000000 ) ) ;
#3000 = VECTOR ( 'NONE', #1276, 1000.000000000000000 ) ;
#3001 = EDGE_CURVE ( 'NONE', #771, #2605, #3010, .T. ) ;
#3002 = CIRCLE ( 'NONE', #2830, 1.050000000000691047 ) ;
#3003 = DIRECTION ( 'NONE',  ( 1.000000000000000000, 0.000000000000000000, 0.000000000000000000 ) ) ;
#3004 = VERTEX_POINT ( 'NONE', #686 ) ;
#3005 = ORIENTED_EDGE ( 'NONE', *, *, #1675, .F. ) ;
#3006 = AXIS2_PLACEMENT_3D ( 'NONE', #1371, #2454, #2681 ) ;
#3007 = B_SPLINE_CURVE_WITH_KNOTS ( 'NONE', 3,
 ( #2811, #178, #1260, #2331 ),
 .UNSPECIFIED., .F., .F.,
 ( 4, 4 ),
 ( 8.673617379884035472E-19, 0.001083377528897857753 ),
 .UNSPECIFIED. ) ;
#3008 = FACE_OUTER_BOUND ( 'NONE', #3409, .T. ) ;
#3009 = DIRECTION ( 'NONE',  ( -0.000000000000000000, 0.000000000000000000, 1.000000000000000000 ) ) ;
#3010 = LINE ( 'NONE', #2303, #1268 ) ;
#3011 = DIRECTION ( 'NONE',  ( -1.000000000000000000, 0.000000000000000000, 0.000000000000000000 ) ) ;
#3012 = EDGE_CURVE ( 'NONE', #1320, #2730, #2114, .T. ) ;
#3013 = CARTESIAN_POINT ( 'NONE',  ( 4.649317838101002742, -10.75836946826917817, -0.8754028529441211237 ) ) ;
#3014 = VERTEX_POINT ( 'NONE', #2565 ) ;
#3015 = LINE ( 'NONE', #1927, #1095 ) ;
#3016 = LINE ( 'NONE', #2713, #1812 ) ;
#3017 = EDGE_LOOP ( 'NONE', ( #1817, #1885, #920, #774 ) ) ;
#3018 = CARTESIAN_POINT ( 'NONE',  ( 18.92749546344427714, -13.27144029021876648, 2.492085700721145880 ) ) ;
#3019 = CARTESIAN_POINT ( 'NONE',  ( 8.000000000000339284, 3.395909370058713179E-13, 7.000000000000000000 ) ) ;
#3020 = ORIENTED_EDGE ( 'NONE', *, *, #964, .T. ) ;
#3021 = EDGE_CURVE ( 'NONE', #4, #401, #304, .T. ) ;
#3022 = DIRECTION ( 'NONE',  ( -0.000000000000000000, -0.000000000000000000, 1.000000000000000000 ) ) ;
#3023 = DIRECTION ( 'NONE',  ( -1.000000000000000000, 0.000000000000000000, 0.000000000000000000 ) ) ;
#3024 = CYLINDRICAL_SURFACE ( 'NONE', #1485, 9.750000000000000000 ) ;
#3025 = EDGE_CURVE ( 'NONE', #2299, #648, #134, .T. ) ;
#3026 = ORIENTED_EDGE ( 'NONE', *, *, #2693, .F. ) ;
#3027 = DIRECTION ( 'NONE',  ( -0.000000000000000000, -0.000000000000000000, -1.000000000000000000 ) ) ;
#3028 = DIRECTION ( 'NONE',  ( 1.000000000000000000, 0.000000000000000000, 0.000000000000000000 ) ) ;
#3029 = CYLINDRICAL_SURFACE ( 'NONE', #1924, 9.750000000000000000 ) ;
#3030 = ORIENTED_EDGE ( 'NONE', *, *, #524, .T. ) ;
#3031 = DIRECTION ( 'NONE',  ( 0.000000000000000000, 0.000000000000000000, -1.000000000000000000 ) ) ;
#3032 = LINE ( 'NONE', #2436, #2880 ) ;
#3033 = CARTESIAN_POINT ( 'NONE',  ( 1.748767090068500618, 9.591887909306143101, 5.000000000000000000 ) ) ;
#3034 = LINE ( 'NONE', #2798, #645 ) ;
#3035 = EDGE_LOOP ( 'NONE', ( #538, #3421, #3348, #1207 ) ) ;
#3036 = CIRCLE ( 'NONE', #2250, 10.50000000000000000 ) ;
#3037 = ADVANCED_FACE ( 'NONE', ( #2131 ), #1322, .T. ) ;
#3038 = DIRECTION ( 'NONE',  ( -0.000000000000000000, -0.000000000000000000, -1.000000000000000000 ) ) ;
#3039 = DIRECTION ( 'NONE',  ( 0.8412535328311805394, 0.5406408174555985546, 0.000000000000000000 ) ) ;
#3040 = EDGE_CURVE ( 'NONE', #890, #3004, #2552, .T. ) ;
#3041 = VECTOR ( 'NONE', #3176, 1000.000000000000000 ) ;
#3042 = CARTESIAN_POINT ( 'NONE',  ( 21.37020888035932842, -11.77390927267741816, 3.800000000000000266 ) ) ;
#3043 = CARTESIAN_POINT ( 'NONE',  ( -1.748767090068500618, -9.591887909306141324, 1.800000000000002931 ) ) ;
#3044 = CIRCLE ( 'NONE', #2816, 12.00000000000000533 ) ;
#3045 = AXIS2_PLACEMENT_3D ( 'NONE', #247, #1356, #506 ) ;
#3046 = ORIENTED_EDGE ( 'NONE', *, *, #1715, .F. ) ;
#3047 = DIRECTION ( 'NONE',  ( -0.000000000000000000, -0.000000000000000000, -1.000000000000000000 ) ) ;
#3048 = AXIS2_PLACEMENT_3D ( 'NONE', #75, #1159, #2229 ) ;
#3049 = VECTOR ( 'NONE', #339, 1000.000000000000000 ) ;
#3050 = CYLINDRICAL_SURFACE ( 'NONE', #1530, 1.750000000000005107 ) ;
#3051 = CIRCLE ( 'NONE', #3342, 13.88281249999999467 ) ;
#3052 = CARTESIAN_POINT ( 'NONE',  ( -6.376773933753629109, -8.135259246422229751, 7.000000000000000000 ) ) ;
#3053 = DIRECTION ( 'NONE',  ( 0.000000000000000000, -0.000000000000000000, -1.000000000000000000 ) ) ;
#3054 = CIRCLE ( 'NONE', #2383, 9.750000000000000000 ) ;
#3055 = PRODUCT_RELATED_PRODUCT_CATEGORY ( 'detail', '', ( #1995 ) ) ;
#3056 = EDGE_LOOP ( 'NONE', ( #2906, #669, #827, #2969 ) ) ;
#3057 = AXIS2_PLACEMENT_3D ( 'NONE', #1763, #420, #1500 ) ;
#3058 = ORIENTED_EDGE ( 'NONE', *, *, #936, .F. ) ;
#3059 = FACE_BOUND ( 'NONE', #1075, .T. ) ;
#3060 = CIRCLE ( 'NONE', #1553, 3.762221576582364335 ) ;
#3061 = FACE_BOUND ( 'NONE', #1213, .T. ) ;
#3062 = VERTEX_POINT ( 'NONE', #1851 ) ;
#3063 = EDGE_CURVE ( 'NONE', #1374, #1721, #3002, .T. ) ;
#3064 = DIRECTION ( 'NONE',  ( -0.000000000000000000, -0.000000000000000000, -1.000000000000000000 ) ) ;
#3065 = DIRECTION ( 'NONE',  ( 0.000000000000000000, 0.000000000000000000, 1.000000000000000000 ) ) ;
#3066 = EDGE_CURVE ( 'NONE', #1863, #3072, #1285, .T. ) ;
#3067 = VERTEX_POINT ( 'NONE', #502 ) ;
#3068 = DIRECTION ( 'NONE',  ( -0.000000000000000000, -0.000000000000000000, -1.000000000000000000 ) ) ;
#3069 = CARTESIAN_POINT ( 'NONE',  ( 0.5386289757454962857, 11.98790552292131650, 0.000000000000000000 ) ) ;
#3070 = VERTEX_POINT ( 'NONE', #3454 ) ;
#3071 = ADVANCED_FACE ( 'NONE', ( #3471 ), #2118, .T. ) ;
#3072 = VERTEX_POINT ( 'NONE', #2321 ) ;
#3073 = CARTESIAN_POINT ( 'NONE',  ( 1.717498330318953270, 9.410749122975531122, 5.846781000420777197 ) ) ;
#3074 = DIRECTION ( 'NONE',  ( 0.000000000000000000, -0.000000000000000000, 1.000000000000000000 ) ) ;
#3075 = ORIENTED_EDGE ( 'NONE', *, *, #373, .F. ) ;
#3076 = EDGE_LOOP ( 'NONE', ( #419, #1434, #3093, #3380, #2634 ) ) ;
#3077 = DIRECTION ( 'NONE',  ( 0.8412535328311805394, 0.5406408174555986657, 0.000000000000000000 ) ) ;
#3078 = CARTESIAN_POINT ( 'NONE',  ( 0.000000000000000000, 0.000000000000000000, 0.000000000000000000 ) ) ;
#3079 = DIRECTION ( 'NONE',  ( -0.000000000000000000, -0.000000000000000000, -1.000000000000000000 ) ) ;
#3080 = ORIENTED_EDGE ( 'NONE', *, *, #1814, .T. ) ;
#3081 = DIRECTION ( 'NONE',  ( -0.000000000000000000, -0.000000000000000000, 1.000000000000000000 ) ) ;
#3082 = DIRECTION ( 'NONE',  ( -0.000000000000000000, 0.000000000000000000, 1.000000000000000000 ) ) ;
#3083 = VERTEX_POINT ( 'NONE', #209 ) ;
#3084 = CARTESIAN_POINT ( 'NONE',  ( 1.748767090068500618, 9.591887909306143101, 7.000000000000000000 ) ) ;
#3085 = EDGE_CURVE ( 'NONE', #3067, #1179, #3437, .T. ) ;
#3086 = DIRECTION ( 'NONE',  ( -1.000000000000000000, 0.000000000000000000, 0.000000000000000000 ) ) ;
#3087 = ORIENTED_EDGE ( 'NONE', *, *, #1514, .F. ) ;
#3088 = ORIENTED_EDGE ( 'NONE', *, *, #2631, .F. ) ;
#3089 = CARTESIAN_POINT ( 'NONE',  ( 1.748767090068500396, 9.591887909306141324, 1.800000000000002931 ) ) ;
#3090 = EDGE_CURVE ( 'NONE', #1990, #1865, #3170, .T. ) ;
#3091 = CYLINDRICAL_SURFACE ( 'NONE', #2276, 3.762221576582363891 ) ;
#3092 = EDGE_LOOP ( 'NONE', ( #3058, #1685, #1815, #554 ) ) ;
#3093 = ORIENTED_EDGE ( 'NONE', *, *, #2639, .T. ) ;
#3094 = CARTESIAN_POINT ( 'NONE',  ( -1.050000000000000266, 8.000000000000000000, -3.000000000000001776 ) ) ;
#3095 = DIRECTION ( 'NONE',  ( 1.000000000000000000, 0.000000000000000000, 0.000000000000000000 ) ) ;
#3096 = DIRECTION ( 'NONE',  ( 1.000000000000000000, 0.000000000000000000, -0.000000000000000000 ) ) ;
#3097 = ORIENTED_EDGE ( 'NONE', *, *, #2569, .T. ) ;
#3098 = DIRECTION ( 'NONE',  ( -0.000000000000000000, -0.000000000000000000, -1.000000000000000000 ) ) ;
#3099 = CLOSED_SHELL ( 'NONE', ( #1473, #2311, #3199, #851, #1128, #90, #839, #876, #1845, #1720, #1449, #272, #1090, #3324, #1634, #741, #3436, #3306, #2457, #724, #1952, #1303, #1295, #3246, #1175, #2590, #2265, #1484, #1891, #2586, #11, #2, #908, #3310, #2475, #2688, #2499, #3259, #1006, #472, #668, #29, #3222, #2344, #727, #355, #3357, #348, #3292, #395, #86, #597, #994, #1871, #3071, #500, #2651, #2236, #142, #2675, #2438, #114, #529, #227, #67, #162, #3037, #1243, #2064, #246, #3388, #2514, #1784, #1223, #1399, #2775, #1392, #613, #2359, #136, #2293, #2185, #268, #2553, #1828, #611, #1433, #2224, #505, #42, #212, #1283, #485, #1692, #3440, #658, #2068, #2356, #2486 ) ) ;
#3100 = CARTESIAN_POINT ( 'NONE',  ( 0.000000000000000000, 0.000000000000000000, 0.000000000000000000 ) ) ;
#3101 = CARTESIAN_POINT ( 'NONE',  ( 0.000000000000000000, 0.000000000000000000, 6.500000000000000000 ) ) ;
#3102 = ORIENTED_EDGE ( 'NONE', *, *, #2721, .F. ) ;
#3103 = VECTOR ( 'NONE', #2867, 1000.000000000000000 ) ;
#3104 = FACE_OUTER_BOUND ( 'NONE', #2333, .T. ) ;
#3105 = AXIS2_PLACEMENT_3D ( 'NONE', #2864, #3154, #2585 ) ;
#3106 = CARTESIAN_POINT ( 'NONE',  ( -9.743131826350435176, 0.3658991860571081389, 0.000000000000000000 ) ) ;
#3107 = AXIS2_PLACEMENT_3D ( 'NONE', #726, #1802, #846 ) ;
#3108 = ORIENTED_EDGE ( 'NONE', *, *, #1611, .F. ) ;
#3109 = ORIENTED_EDGE ( 'NONE', *, *, #3331, .F. ) ;
#3110 = EDGE_CURVE ( 'NONE', #3397, #1337, #1940, .T. ) ;
#3111 = CIRCLE ( 'NONE', #914, 2.000000000000000000 ) ;
#3112 = AXIS2_PLACEMENT_3D ( 'NONE', #2286, #346, #2547 ) ;
#3113 = DIRECTION ( 'NONE',  ( 1.000000000000000000, 0.000000000000000000, 0.000000000000000000 ) ) ;
#3114 = APPROVAL_STATUS ( 'not_yet_approved' ) ;
#3115 = AXIS2_PLACEMENT_3D ( 'NONE', #833, #14, #1626 ) ;
#3116 = EDGE_LOOP ( 'NONE', ( #844, #492, #2618, #1498 ) ) ;
#3117 = EDGE_CURVE ( 'NONE', #436, #879, #1059, .T. ) ;
#3118 = CARTESIAN_POINT ( 'NONE',  ( -2.277266001350169322, 10.08264590114086801, 7.000000000000000000 ) ) ;
#3119 = DIRECTION ( 'NONE',  ( 1.000000000000000000, 2.655288607010082723E-15, 0.000000000000000000 ) ) ;
#3120 = ORIENTED_EDGE ( 'NONE', *, *, #2569, .F. ) ;
#3121 = AXIS2_PLACEMENT_3D ( 'NONE', #2155, #2939, #1612 ) ;
#3122 = EDGE_CURVE ( 'NONE', #1337, #2592, #2493, .T. ) ;
#3123 = DIRECTION ( 'NONE',  ( 0.4154150130018840481, 0.9096319953545194403, 0.000000000000000000 ) ) ;
#3124 = AXIS2_PLACEMENT_3D ( 'NONE', #1405, #553, #2927 ) ;
#3125 = DIRECTION ( 'NONE',  ( -0.000000000000000000, 0.000000000000000000, 1.000000000000000000 ) ) ;
#3126 = DIRECTION ( 'NONE',  ( -0.000000000000000000, -0.000000000000000000, -1.000000000000000000 ) ) ;
#3127 = CARTESIAN_POINT ( 'NONE',  ( 5.500000000000000000, 0.000000000000000000, 6.500000000000000000 ) ) ;
#3128 = AXIS2_PLACEMENT_3D ( 'NONE', #131, #2489, #1739 ) ;
#3129 = CARTESIAN_POINT ( 'NONE',  ( -6.000000000000000000, 7.347880794884119736E-16, -2.168404344971008868E-16 ) ) ;
#3130 = DIRECTION ( 'NONE',  ( 0.4694936657527333801, -0.8829358401481168794, 1.914561912107804779E-16 ) ) ;
#3131 = ORIENTED_EDGE ( 'NONE', *, *, #2249, .F. ) ;
#3132 = VERTEX_POINT ( 'NONE', #2646 ) ;
#3133 = CARTESIAN_POINT ( 'NONE',  ( -0.2267350114589757326, 9.747363296531977639, 7.000000000000000000 ) ) ;
#3134 = CARTESIAN_POINT ( 'NONE',  ( 0.000000000000000000, 0.000000000000000000, 0.000000000000000000 ) ) ;
#3135 = ORIENTED_EDGE ( 'NONE', *, *, #3374, .F. ) ;
#3136 = CARTESIAN_POINT ( 'NONE',  ( 0.000000000000000000, 8.000000000000000000, 7.000000000000000000 ) ) ;
#3137 = EDGE_CURVE ( 'NONE', #1067, #2790, #2059, .T. ) ;
#3138 = ORIENTED_EDGE ( 'NONE', *, *, #1678, .T. ) ;
#3139 = EDGE_CURVE ( 'NONE', #1041, #1644, #2066, .T. ) ;
#3140 = CARTESIAN_POINT ( 'NONE',  ( -7.366847990940307511, 7.250878532086780126, 7.000000000000000000 ) ) ;
#3141 = DIRECTION ( 'NONE',  ( -0.000000000000000000, -0.000000000000000000, -1.000000000000000000 ) ) ;
#3142 = LINE ( 'NONE', #163, #3000 ) ;
#3143 = CARTESIAN_POINT ( 'NONE',  ( 0.000000000000000000, 0.000000000000000000, 0.000000000000000000 ) ) ;
#3144 = EDGE_LOOP ( 'NONE', ( #1740, #1936, #2735, #1964 ) ) ;
#3145 = VERTEX_POINT ( 'NONE', #242 ) ;
#3146 = FACE_OUTER_BOUND ( 'NONE', #1174, .T. ) ;
#3147 = CARTESIAN_POINT ( 'NONE',  ( -2.070630938732226145, 11.82000370201147454, 0.000000000000000000 ) ) ;
#3148 = VERTEX_POINT ( 'NONE', #2581 ) ;
#3149 = DIRECTION ( 'NONE',  ( 0.000000000000000000, 0.000000000000000000, -1.000000000000000000 ) ) ;
#3150 = ORIENTED_EDGE ( 'NONE', *, *, #524, .F. ) ;
#3151 = ORIENTED_EDGE ( 'NONE', *, *, #3406, .T. ) ;
#3152 = EDGE_CURVE ( 'NONE', #2627, #386, #418, .T. ) ;
#3153 = CARTESIAN_POINT ( 'NONE',  ( -9.050000000000165912, -3.404420665312785391E-13, -3.000000000000001776 ) ) ;
#3154 = DIRECTION ( 'NONE',  ( 0.000000000000000000, -0.000000000000000000, 1.000000000000000000 ) ) ;
#3155 = EDGE_CURVE ( 'NONE', #1562, #1895, #192, .T. ) ;
#3156 = AXIS2_PLACEMENT_3D ( 'NONE', #1131, #2199, #3231 ) ;
#3157 = DIRECTION ( 'NONE',  ( -0.000000000000000000, -0.000000000000000000, -1.000000000000000000 ) ) ;
#3158 = CARTESIAN_POINT ( 'NONE',  ( -1.748767090068500618, -9.591887909306141324, -46.14212683983397056 ) ) ;
#3159 = ORIENTED_EDGE ( 'NONE', *, *, #3331, .T. ) ;
#3160 = AXIS2_PLACEMENT_3D ( 'NONE', #591, #3501, #2764 ) ;
#3161 = ORIENTED_EDGE ( 'NONE', *, *, #2847, .F. ) ;
#3162 = LINE ( 'NONE', #3381, #69 ) ;
#3163 = CIRCLE ( 'NONE', #2754, 13.88281249999999112 ) ;
#3164 = AXIS2_PLACEMENT_3D ( 'NONE', #1747, #335, #99 ) ;
#3165 = PERSON_AND_ORGANIZATION ( #322, #1608 ) ;
#3166 = CARTESIAN_POINT ( 'NONE',  ( 7.409095382802186158, 8.559912146983839065, -0.6815736810485939490 ) ) ;
#3167 = ORIENTED_EDGE ( 'NONE', *, *, #45, .F. ) ;
#3168 = AXIS2_PLACEMENT_3D ( 'NONE', #145, #1225, #1206 ) ;
#3169 = AXIS2_PLACEMENT_3D ( 'NONE', #2115, #2026, #2366 ) ;
#3170 = LINE ( 'NONE', #1837, #1101 ) ;
#3171 = CIRCLE ( 'NONE', #577, 3.762221576582363447 ) ;
#3172 = AXIS2_PLACEMENT_3D ( 'NONE', #3318, #432, #1719 ) ;
#3173 = VERTEX_POINT ( 'NONE', #1531 ) ;
#3174 = ORIENTED_EDGE ( 'NONE', *, *, #3152, .F. ) ;
#3175 = VECTOR ( 'NONE', #823, 1000.000000000000000 ) ;
#3176 = DIRECTION ( 'NONE',  ( -0.000000000000000000, -0.000000000000000000, -1.000000000000000000 ) ) ;
#3177 = CIRCLE ( 'NONE', #1428, 1.050000000000703260 ) ;
#3178 = DIRECTION ( 'NONE',  ( 0.6604409825901152997, -0.7508779584695526310, 0.000000000000000000 ) ) ;
#3179 = EDGE_CURVE ( 'NONE', #2238, #2591, #2330, .T. ) ;
#3180 = AXIS2_PLACEMENT_3D ( 'NONE', #2724, #2545, #3280 ) ;
#3181 = CARTESIAN_POINT ( 'NONE',  ( 0.000000000000000000, 0.000000000000000000, 7.000000000000000000 ) ) ;
#3182 = DIRECTION ( 'NONE',  ( 1.000000000000000000, 0.000000000000000000, 0.000000000000000000 ) ) ;
#3183 = EDGE_CURVE ( 'NONE', #3062, #3148, #1712, .T. ) ;
#3184 = VECTOR ( 'NONE', #2516, 1000.000000000000227 ) ;
#3185 = ORIENTED_EDGE ( 'NONE', *, *, #1504, .F. ) ;
#3186 = CARTESIAN_POINT ( 'NONE',  ( 28.74728463471695505, -5.560182542781902271, -6.200000000000001066 ) ) ;
#3187 = DATE_AND_TIME ( #1037, #2443 ) ;
#3188 = CARTESIAN_POINT ( 'NONE',  ( 30.49728463471696216, -5.560182542781902271, 3.799999999999999822 ) ) ;
#3189 = EDGE_CURVE ( 'NONE', #1556, #1000, #593, .T. ) ;
#3190 = ORIENTED_EDGE ( 'NONE', *, *, #2128, .F. ) ;
#3191 = CARTESIAN_POINT ( 'NONE',  ( 5.500000000000000000, 0.000000000000000000, -5.000000000000000000 ) ) ;
#3192 = ORIENTED_EDGE ( 'NONE', *, *, #2317, .T. ) ;
#3193 = VERTEX_POINT ( 'NONE', #1074 ) ;
#3194 = CARTESIAN_POINT ( 'NONE',  ( -2.462567425852796088, -7.467826140129849577, 6.999999999999998224 ) ) ;
#3195 = CARTESIAN_POINT ( 'NONE',  ( 5.582683366858613994, 8.892898651474675731, 0.000000000000000000 ) ) ;
#3196 = DIRECTION ( 'NONE',  ( 1.000000000000000000, 0.000000000000000000, 0.000000000000000000 ) ) ;
#3197 = PLANE ( 'NONE',  #1362 ) ;
#3198 = ORIENTED_EDGE ( 'NONE', *, *, #1453, .T. ) ;
#3199 = ADVANCED_FACE ( 'NONE', ( #1621 ), #2967, .T. ) ;
#3200 = DIRECTION ( 'NONE',  ( 0.000000000000000000, 0.000000000000000000, 1.000000000000000000 ) ) ;
#3201 = CARTESIAN_POINT ( 'NONE',  ( -1.748767090068500618, -9.591887909306141324, 4.999999999999997335 ) ) ;
#3202 = ORIENTED_EDGE ( 'NONE', *, *, #313, .T. ) ;
#3203 = EDGE_CURVE ( 'NONE', #3072, #1060, #1430, .T. ) ;
#3204 = FACE_BOUND ( 'NONE', #1148, .T. ) ;
#3205 = ORIENTED_EDGE ( 'NONE', *, *, #1414, .T. ) ;
#3206 = CARTESIAN_POINT ( 'NONE',  ( -3.826502395702260806, -9.602268910230696619, 7.000000000000000000 ) ) ;
#3207 = LINE ( 'NONE', #2704, #3278 ) ;
#3208 = DIRECTION ( 'NONE',  ( 1.000000000000000000, 0.000000000000000000, 0.000000000000000000 ) ) ;
#3209 = DIRECTION ( 'NONE',  ( -0.000000000000000000, -0.000000000000000000, -1.000000000000000000 ) ) ;
#3210 = CARTESIAN_POINT ( 'NONE',  ( -1.050000000000024247, -8.000000000000000000, 6.976048747671445227 ) ) ;
#3211 = VERTEX_POINT ( 'NONE', #3239 ) ;
#3212 = DIRECTION ( 'NONE',  ( -1.000000000000000000, 0.000000000000000000, 0.000000000000000000 ) ) ;
#3213 = CARTESIAN_POINT ( 'NONE',  ( -5.079080831267309470, -8.322586010937529366, 0.000000000000000000 ) ) ;
#3214 = EDGE_CURVE ( 'NONE', #35, #3481, #290, .T. ) ;
#3215 = ORIENTED_EDGE ( 'NONE', *, *, #366, .F. ) ;
#3216 = AXIS2_PLACEMENT_3D ( 'NONE', #2348, #1857, #3429 ) ;
#3217 = ORIENTED_EDGE ( 'NONE', *, *, #1525, .F. ) ;
#3218 = VECTOR ( 'NONE', #2788, 1000.000000000000000 ) ;
#3219 = DIRECTION ( 'NONE',  ( -1.000000000000000000, 0.000000000000000000, 0.000000000000000000 ) ) ;
#3220 = EDGE_LOOP ( 'NONE', ( #1287, #1301, #2078, #1323 ) ) ;
#3221 = CIRCLE ( 'NONE', #1650, 1.000000000000000888 ) ;
#3222 = ADVANCED_FACE ( 'NONE', ( #808 ), #519, .T. ) ;
#3223 = AXIS2_PLACEMENT_3D ( 'NONE', #2970, #3474, #2392 ) ;
#3224 = AXIS2_PLACEMENT_3D ( 'NONE', #542, #2653, #1625 ) ;
#3225 = DIRECTION ( 'NONE',  ( -1.000000000000000000, 1.224646799147351482E-16, 0.000000000000000000 ) ) ;
#3226 = CARTESIAN_POINT ( 'NONE',  ( -11.99437461453229581, -0.3673929861378426587, 0.000000000000000000 ) ) ;
#3227 = EDGE_CURVE ( 'NONE', #2881, #2604, #251, .T. ) ;
#3228 = CIRCLE ( 'NONE', #1543, 9.750000000000000000 ) ;
#3229 = CARTESIAN_POINT ( 'NONE',  ( 0.2417872364180485290, -9.058650776119520742, 6.658823891013049945 ) ) ;
#3230 = AXIS2_PLACEMENT_3D ( 'NONE', #2852, #481, #1559 ) ;
#3231 = DIRECTION ( 'NONE',  ( 1.000000000000000000, 0.000000000000000000, 0.000000000000000000 ) ) ;
#3232 = CARTESIAN_POINT ( 'NONE',  ( -4.728451967219453600, -10.29135985382434448, 7.000000000000000000 ) ) ;
#3233 = ORIENTED_EDGE ( 'NONE', *, *, #166, .F. ) ;
#3234 = DIRECTION ( 'NONE',  ( 1.000000000000000000, 0.000000000000000000, 0.000000000000000000 ) ) ;
#3235 = SHAPE_DEFINITION_REPRESENTATION ( #3480, #200 ) ;
#3236 = DIRECTION ( 'NONE',  ( -0.000000000000000000, 0.000000000000000000, 1.000000000000000000 ) ) ;
#3237 = CARTESIAN_POINT ( 'NONE',  ( -9.050000000000165912, -3.404420665312785391E-13, 0.000000000000000000 ) ) ;
#3238 = ORIENTED_EDGE ( 'NONE', *, *, #366, .T. ) ;
#3239 = CARTESIAN_POINT ( 'NONE',  ( 1.050000000001382494, -8.000000000000000000, 0.000000000000000000 ) ) ;
#3240 = ORIENTED_EDGE ( 'NONE', *, *, #2827, .F. ) ;
#3241 = ORIENTED_EDGE ( 'NONE', *, *, #2753, .F. ) ;
#3242 = EDGE_CURVE ( 'NONE', #1041, #2564, #1153, .T. ) ;
#3243 = B_SPLINE_CURVE_WITH_KNOTS ( 'NONE', 3,
 ( #1018, #2093, #1039, #3166, #515, #2897, #2663, #257 ),
 .UNSPECIFIED., .F., .F.,
 ( 4, 2, 2, 4 ),
 ( 0.000000000000000000, 0.002354744841776722740, 0.003532117262665084110, 0.004709489683553445480 ),
 .UNSPECIFIED. ) ;
#3244 = DIRECTION ( 'NONE',  ( 1.000000000000000000, 0.000000000000000000, 0.000000000000000000 ) ) ;
#3245 = DIRECTION ( 'NONE',  ( 0.000000000000000000, 0.000000000000000000, -1.000000000000000000 ) ) ;
#3246 = ADVANCED_FACE ( 'NONE', ( #2951, #1094, #1653, #3204, #327, #843, #1124, #1900 ), #1388, .T. ) ;
#3247 = CARTESIAN_POINT ( 'NONE',  ( -6.949999999999157296, -3.405706544451890981E-13, 7.000000000000000000 ) ) ;
#3248 = FACE_OUTER_BOUND ( 'NONE', #1899, .T. ) ;
#3249 = CARTESIAN_POINT ( 'NONE',  ( 2.801140827645682396, -10.42141482877952186, -0.3105827291120243916 ) ) ;
#3250 = VERTEX_POINT ( 'NONE', #1913 ) ;
#3251 = LINE ( 'NONE', #840, #809 ) ;
#3252 = CALENDAR_DATE ( 2026, 15, 9 ) ;
#3253 = DIRECTION ( 'NONE',  ( -1.000000000000000000, 0.000000000000000000, 0.000000000000000000 ) ) ;
#3254 = CYLINDRICAL_SURFACE ( 'NONE', #3465, 3.762221576582363003 ) ;
#3255 = ORIENTED_EDGE ( 'NONE', *, *, #3425, .F. ) ;
#3256 = EDGE_LOOP ( 'NONE', ( #1200, #2821 ) ) ;
#3257 = CARTESIAN_POINT ( 'NONE',  ( 11.42879593039923236, -2.083667197862063780, 5.000000000000000000 ) ) ;
#3258 = CARTESIAN_POINT ( 'NONE',  ( 30.87545488139565464, 1.232137064597471188, 3.799999999999999822 ) ) ;
#3259 = ADVANCED_FACE ( 'NONE', ( #1603 ), #2193, .T. ) ;
#3260 = CARTESIAN_POINT ( 'NONE',  ( -8.772324397136546992, -4.255446471453136148, 0.000000000000000000 ) ) ;
#3261 = CARTESIAN_POINT ( 'NONE',  ( -9.245380815148958931, 3.096035139153880511, 7.000000000000000000 ) ) ;
#3262 = FACE_OUTER_BOUND ( 'NONE', #3439, .T. ) ;
#3263 = CARTESIAN_POINT ( 'NONE',  ( -7.515045518445490735, 6.211810593996920815, 7.000000000000000000 ) ) ;
#3264 = EDGE_CURVE ( 'NONE', #2120, #684, #1381, .T. ) ;
#3265 = ORIENTED_EDGE ( 'NONE', *, *, #3137, .F. ) ;
#3266 = DIRECTION ( 'NONE',  ( -0.000000000000000000, -0.000000000000000000, -1.000000000000000000 ) ) ;
#3267 = DIRECTION ( 'NONE',  ( 0.9837833753134503922, -0.1793607271865129416, 0.000000000000000000 ) ) ;
#3268 = VECTOR ( 'NONE', #2737, 1000.000000000000000 ) ;
#3269 = DIRECTION ( 'NONE',  ( 0.000000000000000000, 0.000000000000000000, -1.000000000000000000 ) ) ;
#3270 = VERTEX_POINT ( 'NONE', #55 ) ;
#3271 = VERTEX_POINT ( 'NONE', #2666 ) ;
#3272 = AXIS2_PLACEMENT_3D ( 'NONE', #2793, #2017, #3086 ) ;
#3273 = APPROVAL ( #3114, '未指定' ) ;
#3274 = AXIS2_PLACEMENT_3D ( 'NONE', #320, #1346, #869 ) ;
#3275 = VECTOR ( 'NONE', #3064, 1000.000000000000000 ) ;
#3276 = CARTESIAN_POINT ( 'NONE',  ( -1.390045635695474902, -7.624321158679238764, 1.800000000000000044 ) ) ;
#3277 = CARTESIAN_POINT ( 'NONE',  ( -9.451552241617092065, -2.393879743007762961, 0.000000000000000000 ) ) ;
#3278 = VECTOR ( 'NONE', #1409, 1000.000000000000000 ) ;
#3279 = TOROIDAL_SURFACE ( 'NONE', #2652, 6.000000000000000000, 0.5000000000000000000 ) ;
#3280 = DIRECTION ( 'NONE',  ( 1.000000000000000000, 0.000000000000000000, 0.000000000000000000 ) ) ;
#3281 = CARTESIAN_POINT ( 'NONE',  ( -2.498355715677585742, -7.336260540489353943, 7.000000000000000000 ) ) ;
#3282 = CIRCLE ( 'NONE', #977, 1.050000000000259837 ) ;
#3283 = DIRECTION ( 'NONE',  ( 1.000000000000000000, 0.000000000000000000, 0.000000000000000000 ) ) ;
#3284 = VERTEX_POINT ( 'NONE', #2717 ) ;
#3285 = AXIS2_PLACEMENT_3D ( 'NONE', #435, #471, #2818 ) ;
#3286 = CARTESIAN_POINT ( 'NONE',  ( -6.039487577932532325, 10.08264590114086801, 0.000000000000000000 ) ) ;
#3287 = EDGE_CURVE ( 'NONE', #169, #193, #1717, .T. ) ;
#3288 = FACE_OUTER_BOUND ( 'NONE', #562, .T. ) ;
#3289 = ORIENTED_EDGE ( 'NONE', *, *, #775, .F. ) ;
#3290 = CARTESIAN_POINT ( 'NONE',  ( 18.07816912968369039, -13.20668135620933192, 1.800000000000002931 ) ) ;
#3291 = CIRCLE ( 'NONE', #587, 13.88281249999999467 ) ;
#3292 = ADVANCED_FACE ( 'NONE', ( #2404 ), #2469, .T. ) ;
#3293 = CARTESIAN_POINT ( 'NONE',  ( -10.28893766292894085, 6.175577848943564874, 7.000000000000000000 ) ) ;
#3294 = ORIENTED_EDGE ( 'NONE', *, *, #3179, .F. ) ;
#3295 = ORIENTED_EDGE ( 'NONE', *, *, #1349, .T. ) ;
#3296 = VECTOR ( 'NONE', #2629, 1000.000000000000000 ) ;
#3297 = CYLINDRICAL_SURFACE ( 'NONE', #1819, 1.050000000000259837 ) ;
#3298 = DIRECTION ( 'NONE',  ( 0.000000000000000000, -1.000000000000000000, 0.000000000000000000 ) ) ;
#3299 = ORIENTED_EDGE ( 'NONE', *, *, #330, .F. ) ;
#3300 = CYLINDRICAL_SURFACE ( 'NONE', #2758, 12.00000000000000178 ) ;
#3301 = CARTESIAN_POINT ( 'NONE',  ( 20.59757425901356953, -12.50796510567763775, 5.000000000000000000 ) ) ;
#3302 = ORIENTED_EDGE ( 'NONE', *, *, #3189, .F. ) ;
#3303 = DIRECTION ( 'NONE',  ( 1.000000000000000000, 0.000000000000000000, 0.000000000000000000 ) ) ;
#3304 = CARTESIAN_POINT ( 'NONE',  ( -8.132302056181712757, 8.824152269029738704, 7.000000000000000000 ) ) ;
#3305 = EDGE_LOOP ( 'NONE', ( #2575, #1465 ) ) ;
#3306 = ADVANCED_FACE ( 'NONE', ( #2418 ), #3254, .T. ) ;
#3307 = CARTESIAN_POINT ( 'NONE',  ( 20.40391902370538091, -12.67829618604566910, 3.508855133286606698 ) ) ;
#3308 = CARTESIAN_POINT ( 'NONE',  ( -7.144944486281366913, 7.469635673622618377, 7.000000000000000000 ) ) ;
#3309 = ORIENTED_EDGE ( 'NONE', *, *, #2014, .F. ) ;
#3310 = ADVANCED_FACE ( 'NONE', ( #2242 ), #610, .T. ) ;
#3311 = ORIENTED_EDGE ( 'NONE', *, *, #634, .T. ) ;
#3312 = LINE ( 'NONE', #2910, #1312 ) ;
#3313 = DIRECTION ( 'NONE',  ( 1.000000000000000000, 0.000000000000000000, 0.000000000000000000 ) ) ;
#3314 = CARTESIAN_POINT ( 'NONE',  ( 20.59757425901356953, -12.50796510567763775, 3.605308844430222592 ) ) ;
#3315 = CARTESIAN_POINT ( 'NONE',  ( 0.000000000000000000, 0.000000000000000000, 7.000000000000000000 ) ) ;
#3316 = VERTEX_POINT ( 'NONE', #2563 ) ;
#3317 = LINE ( 'NONE', #604, #2212 ) ;
#3318 = CARTESIAN_POINT ( 'NONE',  ( 6.791818740117426359E-13, -8.000000000000000000, -3.000000000000001776 ) ) ;
#3319 = LINE ( 'NONE', #901, #2430 ) ;
#3320 = CARTESIAN_POINT ( 'NONE',  ( -5.025630336801854448, 9.032647924419228147, 7.000000000000000000 ) ) ;
#3321 = EDGE_CURVE ( 'NONE', #2391, #3270, #3034, .T. ) ;
#3322 = ORIENTED_EDGE ( 'NONE', *, *, #1457, .F. ) ;
#3323 = ORIENTED_EDGE ( 'NONE', *, *, #2014, .T. ) ;
#3324 = ADVANCED_FACE ( 'NONE', ( #2504 ), #1188, .F. ) ;
#3325 = DIRECTION ( 'NONE',  ( -0.000000000000000000, -0.000000000000000000, -1.000000000000000000 ) ) ;
#3326 = CIRCLE ( 'NONE', #1187, 2.000000000000001332 ) ;
#3327 = DIRECTION ( 'NONE',  ( 0.000000000000000000, 0.000000000000000000, 1.000000000000000000 ) ) ;
#3328 = VERTEX_POINT ( 'NONE', #393 ) ;
#3329 = CIRCLE ( 'NONE', #691, 2.000000000000000444 ) ;
#3330 = CIRCLE ( 'NONE', #177, 12.00000000000000355 ) ;
#3331 = EDGE_CURVE ( 'NONE', #2598, #1429, #590, .T. ) ;
#3332 = FACE_OUTER_BOUND ( 'NONE', #3418, .T. ) ;
#3333 = CARTESIAN_POINT ( 'NONE',  ( 30.43540801214807701, -14.30157237754276700, -3.000000000000000000 ) ) ;
#3334 = AXIS2_PLACEMENT_3D ( 'NONE', #1855, #2850, #1803 ) ;
#3335 = AXIS2_PLACEMENT_3D ( 'NONE', #3257, #815, #2406 ) ;
#3336 = ORIENTED_EDGE ( 'NONE', *, *, #289, .F. ) ;
#3337 = FACE_OUTER_BOUND ( 'NONE', #1202, .T. ) ;
#3338 = AXIS2_PLACEMENT_3D ( 'NONE', #1443, #62, #666 ) ;
#3339 = CIRCLE ( 'NONE', #2603, 3.762221576582363447 ) ;
#3340 = CARTESIAN_POINT ( 'NONE',  ( 21.21698185544766702, 4.009527711776048164, 5.000000000000000000 ) ) ;
#3341 = VERTEX_POINT ( 'NONE', #2211 ) ;
#3342 = AXIS2_PLACEMENT_3D ( 'NONE', #1135, #2761, #886 ) ;
#3343 = CARTESIAN_POINT ( 'NONE',  ( 1.657091738015109117, 9.152291134971086706, 6.268649650958771247 ) ) ;
#3344 = DIRECTION ( 'NONE',  ( 0.000000000000000000, 0.000000000000000000, 1.000000000000000000 ) ) ;
#3345 = AXIS2_PLACEMENT_3D ( 'NONE', #2866, #2610, #2033 ) ;
#3346 = ORIENTED_EDGE ( 'NONE', *, *, #2298, .F. ) ;
#3347 = VECTOR ( 'NONE', #2844, 1000.000000000000000 ) ;
#3348 = ORIENTED_EDGE ( 'NONE', *, *, #2791, .F. ) ;
#3349 = DIRECTION ( 'NONE',  ( 1.000000000000000000, 0.000000000000000000, 0.000000000000000000 ) ) ;
#3350 = FACE_BOUND ( 'NONE', #274, .T. ) ;
#3351 = VECTOR ( 'NONE', #416, 1000.000000000000000 ) ;
#3352 = CARTESIAN_POINT ( 'NONE',  ( 23.68642864870550468, 4.434225333720800855, -7.349486068726557519 ) ) ;
#3353 = ORIENTED_EDGE ( 'NONE', *, *, #3152, .T. ) ;
#3354 = CARTESIAN_POINT ( 'NONE',  ( 28.45408506437773255, -12.04893850213411355, -3.000000000000000000 ) ) ;
#3355 = CARTESIAN_POINT ( 'NONE',  ( -8.707127529965969615, 8.257477228361501886, 0.000000000000000000 ) ) ;
#3356 = ORIENTED_EDGE ( 'NONE', *, *, #872, .T. ) ;
#3357 = ADVANCED_FACE ( 'NONE', ( #2022 ), #3091, .T. ) ;
#3358 = CARTESIAN_POINT ( 'NONE',  ( 35.14944218353373628, -3.877274469727201467, 1.800000000000000488 ) ) ;
#3359 = DIRECTION ( 'NONE',  ( 1.000000000000000000, 0.000000000000000000, 0.000000000000000000 ) ) ;
#3360 = ORIENTED_EDGE ( 'NONE', *, *, #3012, .T. ) ;
#3361 = ORIENTED_EDGE ( 'NONE', *, *, #1678, .F. ) ;
#3362 = DIRECTION ( 'NONE',  ( 0.000000000000000000, 0.000000000000000000, 1.000000000000000000 ) ) ;
#3363 = DIRECTION ( 'NONE',  ( -0.000000000000000000, -0.000000000000000000, 1.000000000000000000 ) ) ;
#3364 = ORIENTED_EDGE ( 'NONE', *, *, #2962, .T. ) ;
#3365 = ORIENTED_EDGE ( 'NONE', *, *, #3466, .F. ) ;
#3366 = CARTESIAN_POINT ( 'NONE',  ( 0.000000000000000000, 0.000000000000000000, 7.000000000000000000 ) ) ;
#3367 = CARTESIAN_POINT ( 'NONE',  ( -11.78923103425785790, 2.239203345141189239, 7.000000000000000000 ) ) ;
#3368 = CARTESIAN_POINT ( 'NONE',  ( -8.225486823948159554, -6.259956494877047639, 7.000000000000000000 ) ) ;
#3369 = CARTESIAN_POINT ( 'NONE',  ( -5.656854249492281994, 5.656854249492139886, 0.000000000000000000 ) ) ;
#3370 = ORIENTED_EDGE ( 'NONE', *, *, #489, .T. ) ;
#3371 = CARTESIAN_POINT ( 'NONE',  ( 6.582828344220633454, -11.11088188015038547, -1.100000000000000089 ) ) ;
#3372 = LINE ( 'NONE', #1181, #1192 ) ;
#3373 = DIRECTION ( 'NONE',  ( 0.000000000000000000, -0.000000000000000000, 1.000000000000000000 ) ) ;
#3374 = EDGE_CURVE ( 'NONE', #27, #1374, #1472, .T. ) ;
#3375 = ORIENTED_EDGE ( 'NONE', *, *, #2912, .T. ) ;
#3376 = DIRECTION ( 'NONE',  ( -0.9594929736144992560, 0.2817325568414236758, 0.000000000000000000 ) ) ;
#3377 = CARTESIAN_POINT ( 'NONE',  ( 0.000000000000000000, 8.000000000000000000, 7.000000000000000000 ) ) ;
#3378 = EDGE_CURVE ( 'NONE', #766, #1555, #306, .T. ) ;
#3379 = VERTEX_POINT ( 'NONE', #77 ) ;
#3380 = ORIENTED_EDGE ( 'NONE', *, *, #1965, .T. ) ;
#3381 = CARTESIAN_POINT ( 'NONE',  ( -8.772324397136546992, -4.255446471453136148, 7.000000000000000000 ) ) ;
#3382 = CALENDAR_DATE ( 2026, 15, 9 ) ;
#3383 = ORIENTED_EDGE ( 'NONE', *, *, #764, .T. ) ;
#3384 = ORIENTED_EDGE ( 'NONE', *, *, #1022, .T. ) ;
#3385 = DIRECTION ( 'NONE',  ( 1.000000000000000000, 0.000000000000000000, 0.000000000000000000 ) ) ;
#3386 = DIRECTION ( 'NONE',  ( -0.000000000000000000, -0.000000000000000000, -1.000000000000000000 ) ) ;
#3387 = ORIENTED_EDGE ( 'NONE', *, *, #1344, .T. ) ;
#3388 = ADVANCED_FACE ( 'NONE', ( #646 ), #1161, .F. ) ;
#3389 = DIRECTION ( 'NONE',  ( -0.000000000000000000, -0.000000000000000000, -1.000000000000000000 ) ) ;
#3390 = CARTESIAN_POINT ( 'NONE',  ( -2.378582462958007682, -7.996232281563733224, 6.914537756430339854 ) ) ;
#3391 = DIRECTION ( 'NONE',  ( 1.000000000000000000, 0.000000000000000000, 0.000000000000000000 ) ) ;
#3392 = VECTOR ( 'NONE', #1681, 1000.000000000000000 ) ;
#3393 = CARTESIAN_POINT ( 'NONE',  ( 6.791818740117426359E-13, -8.000000000000000000, 7.000000000000000000 ) ) ;
#3394 = AXIS2_PLACEMENT_3D ( 'NONE', #229, #1326, #2918 ) ;
#3395 = DIRECTION ( 'NONE',  ( 0.000000000000000000, 0.000000000000000000, 1.000000000000000000 ) ) ;
#3396 = CIRCLE ( 'NONE', #345, 0.4999999999999995559 ) ;
#3397 = VERTEX_POINT ( 'NONE', #681 ) ;
#3398 = EDGE_LOOP ( 'NONE', ( #643, #433, #2505, #1858, #3190 ) ) ;
#3399 = CIRCLE ( 'NONE', #3115, 12.00000000000000178 ) ;
#3400 = EDGE_CURVE ( 'NONE', #184, #1682, #1723, .T. ) ;
#3401 = AXIS2_PLACEMENT_3D ( 'NONE', #1988, #110, #863 ) ;
#3402 = CARTESIAN_POINT ( 'NONE',  ( 21.03762112826115427, 3.025744336462599993, 5.000000000000000000 ) ) ;
#3403 = CARTESIAN_POINT ( 'NONE',  ( -11.61202473089405629, 3.026694839111618851, 7.000000000000000000 ) ) ;
#3404 = CIRCLE ( 'NONE', #189, 1.050000000000259837 ) ;
#3405 = EDGE_LOOP ( 'NONE', ( #95, #3356, #892, #1462, #2727, #2074, #2931, #1688 ) ) ;
#3406 = EDGE_CURVE ( 'NONE', #1233, #386, #378, .T. ) ;
#3407 = AXIS2_PLACEMENT_3D ( 'NONE', #16, #1309, #2408 ) ;
#3408 = DIRECTION ( 'NONE',  ( -0.000000000000000000, -0.000000000000000000, -1.000000000000000000 ) ) ;
#3409 = EDGE_LOOP ( 'NONE', ( #3150, #2915, #53, #3020 ) ) ;
#3410 = VECTOR ( 'NONE', #1112, 1000.000000000000227 ) ;
#3411 = VECTOR ( 'NONE', #1173, 1000.000000000000227 ) ;
#3412 = CARTESIAN_POINT ( 'NONE',  ( -2.471515662316129180, -9.208322507240321642, 5.913666600259960049 ) ) ;
#3413 = FACE_OUTER_BOUND ( 'NONE', #2644, .T. ) ;
#3414 = CIRCLE ( 'NONE', #2334, 3.762221576582363891 ) ;
#3415 = CARTESIAN_POINT ( 'NONE',  ( -6.376773933753629109, -8.135259246422229751, 7.000000000000000000 ) ) ;
#3416 = CARTESIAN_POINT ( 'NONE',  ( -4.751084474448957096, 9.180026422911224060, 7.000000000000000000 ) ) ;
#3417 = VERTEX_POINT ( 'NONE', #2819 ) ;
#3418 = EDGE_LOOP ( 'NONE', ( #1273, #2891, #747, #2223 ) ) ;
#3419 = DIRECTION ( 'NONE',  ( 1.000000000000000000, 0.000000000000000000, 0.000000000000000000 ) ) ;
#3420 = EDGE_CURVE ( 'NONE', #798, #258, #2230, .T. ) ;
#3421 = ORIENTED_EDGE ( 'NONE', *, *, #1133, .F. ) ;
#3422 = DIRECTION ( 'NONE',  ( 0.000000000000000000, 0.000000000000000000, 1.000000000000000000 ) ) ;
#3423 = ORIENTED_EDGE ( 'NONE', *, *, #2412, .F. ) ;
#3424 = EDGE_LOOP ( 'NONE', ( #3491, #3030, #85, #1477 ) ) ;
#3425 = EDGE_CURVE ( 'NONE', #2605, #1838, #1662, .T. ) ;
#3426 = CYLINDRICAL_SURFACE ( 'NONE', #2043, 12.00000000000000178 ) ;
#3427 = DIRECTION ( 'NONE',  ( 1.000000000000000000, 0.000000000000000000, 0.000000000000000000 ) ) ;
#3428 = CARTESIAN_POINT ( 'NONE',  ( -1.050000000000000266, 8.000000000000000000, 7.000000000000000000 ) ) ;
#3429 = DIRECTION ( 'NONE',  ( -0.9837833753134505033, 0.1793607271865128860, 0.000000000000000000 ) ) ;
#3430 = ORIENTED_EDGE ( 'NONE', *, *, #2397, .T. ) ;
#3431 = ORIENTED_EDGE ( 'NONE', *, *, #2760, .T. ) ;
#3432 = DIRECTION ( 'NONE',  ( 1.000000000000000000, 0.000000000000000000, 0.000000000000000000 ) ) ;
#3433 = PERSON_AND_ORGANIZATION_ROLE ( 'design_owner' ) ;
#3434 = DIRECTION ( 'NONE',  ( -0.000000000000000000, 0.000000000000000000, 1.000000000000000000 ) ) ;
#3435 = ORIENTED_EDGE ( 'NONE', *, *, #895, .T. ) ;
#3436 = ADVANCED_FACE ( 'NONE', ( #1757 ), #1216, .T. ) ;
#3437 = LINE ( 'NONE', #1020, #2944 ) ;
#3438 = ORIENTED_EDGE ( 'NONE', *, *, #1327, .F. ) ;
#3439 = EDGE_LOOP ( 'NONE', ( #3241, #3311, #731, #337 ) ) ;
#3440 = ADVANCED_FACE ( 'NONE', ( #928 ), #196, .T. ) ;
#3441 = LINE ( 'NONE', #1506, #3041 ) ;
#3442 = CARTESIAN_POINT ( 'NONE',  ( -1.024417370216223144, 9.696033676282239000, 0.000000000000000000 ) ) ;
#3443 = EDGE_CURVE ( 'NONE', #880, #154, #3414, .T. ) ;
#3444 = DIRECTION ( 'NONE',  ( 1.000000000000000000, 5.348730717595157048E-15, 0.000000000000000000 ) ) ;
#3445 = DIRECTION ( 'NONE',  ( 0.4154150130018841591, 0.9096319953545193293, 0.000000000000000000 ) ) ;
#3446 = VERTEX_POINT ( 'NONE', #1267 ) ;
#3447 = CIRCLE ( 'NONE', #3, 13.88281249999999467 ) ;
#3448 = AXIS2_PLACEMENT_3D ( 'NONE', #2622, #1238, #2307 ) ;
#3449 = COORDINATED_UNIVERSAL_TIME_OFFSET ( 8, 0, .AHEAD. ) ;
#3450 = CARTESIAN_POINT ( 'NONE',  ( 1.038576997293591875, 7.830673941927865478, 6.996306880316327081 ) ) ;
#3451 = EDGE_LOOP ( 'NONE', ( #1286, #3120, #2612, #379 ) ) ;
#3452 = VECTOR ( 'NONE', #715, 1000.000000000000000 ) ;
#3453 = CIRCLE ( 'NONE', #3224, 3.762221576582363891 ) ;
#3454 = CARTESIAN_POINT ( 'NONE',  ( -2.860572556533148347, 11.65406043612308551, 7.000000000000000000 ) ) ;
#3455 = CIRCLE ( 'NONE', #1823, 3.762221576582363891 ) ;
#3456 = ORIENTED_EDGE ( 'NONE', *, *, #1525, .T. ) ;
#3457 = VERTEX_POINT ( 'NONE', #769 ) ;
#3458 = VECTOR ( 'NONE', #3266, 1000.000000000000000 ) ;
#3459 = DIRECTION ( 'NONE',  ( -1.000000000000000000, 0.000000000000000000, 0.000000000000000000 ) ) ;
#3460 = AXIS2_PLACEMENT_3D ( 'NONE', #3181, #1906, #2624 ) ;
#3461 = CARTESIAN_POINT ( 'NONE',  ( -2.963700234361555719, 9.288647959786464625, 7.000000000000000000 ) ) ;
#3462 = VECTOR ( 'NONE', #2913, 1000.000000000000000 ) ;
#3463 = DIRECTION ( 'NONE',  ( 0.000000000000000000, 0.000000000000000000, 1.000000000000000000 ) ) ;
#3464 = PLANE ( 'NONE',  #3216 ) ;
#3465 = AXIS2_PLACEMENT_3D ( 'NONE', #2981, #6, #152 ) ;
#3466 = EDGE_CURVE ( 'NONE', #2181, #3328, #188, .T. ) ;
#3467 = EDGE_LOOP ( 'NONE', ( #68, #2354, #2471, #1168, #3375, #3205, #1768 ) ) ;
#3468 = CARTESIAN_POINT ( 'NONE',  ( -7.144944486281366913, 7.469635673622618377, 0.000000000000000000 ) ) ;
#3469 = DIRECTION ( 'NONE',  ( -0.000000000000000000, -0.000000000000000000, -1.000000000000000000 ) ) ;
#3470 = VERTEX_POINT ( 'NONE', #2909 ) ;
#3471 = FACE_OUTER_BOUND ( 'NONE', #1515, .T. ) ;
#3472 = ORIENTED_EDGE ( 'NONE', *, *, #2928, .F. ) ;
#3473 = ORIENTED_EDGE ( 'NONE', *, *, #944, .F. ) ;
#3474 = DIRECTION ( 'NONE',  ( -0.000000000000000000, 0.000000000000000000, 1.000000000000000000 ) ) ;
#3475 = CARTESIAN_POINT ( 'NONE',  ( 28.74728463471695505, -5.560182542781902271, 3.799999999999999822 ) ) ;
#3476 = FACE_OUTER_BOUND ( 'NONE', #1418, .T. ) ;
#3477 = EDGE_CURVE ( 'NONE', #798, #276, #3060, .T. ) ;
#3478 = DIRECTION ( 'NONE',  ( -0.000000000000000000, -0.000000000000000000, -1.000000000000000000 ) ) ;
#3479 = DIRECTION ( 'NONE',  ( -0.000000000000000000, 0.000000000000000000, 1.000000000000000000 ) ) ;
#3480 = PRODUCT_DEFINITION_SHAPE ( 'NONE', 'NONE',  #623 ) ;
#3481 = VERTEX_POINT ( 'NONE', #3147 ) ;
#3482 = B_SPLINE_CURVE_WITH_KNOTS ( 'NONE', 3,
 ( #3290, #1950, #3018, #609, #1686, #2747, #3307, #1961 ),
 .UNSPECIFIED., .F., .F.,
 ( 4, 2, 2, 4 ),
 ( -1.095445772280376868E-05, 0.001625270404907684912, 0.002443382836222932931, 0.003261495267538180951 ),
 .UNSPECIFIED. ) ;
#3483 = FACE_OUTER_BOUND ( 'NONE', #3451, .T. ) ;
#3484 = EDGE_CURVE ( 'NONE', #758, #1753, #2062, .T. ) ;
#3485 = PERSON_AND_ORGANIZATION ( #322, #1608 ) ;
#3486 = CARTESIAN_POINT ( 'NONE',  ( 0.000000000000000000, 0.000000000000000000, -5.000000000000000000 ) ) ;
#3487 = ORIENTED_EDGE ( 'NONE', *, *, #285, .F. ) ;
#3488 = EDGE_CURVE ( 'NONE', #1355, #2801, #2617, .T. ) ;
#3489 = DIRECTION ( 'NONE',  ( -0.000000000000000000, 0.000000000000000000, -1.000000000000000000 ) ) ;
#3490 = ORIENTED_EDGE ( 'NONE', *, *, #1027, .F. ) ;
#3491 = ORIENTED_EDGE ( 'NONE', *, *, #2800, .F. ) ;
#3492 = DIRECTION ( 'NONE',  ( -1.000000000000000000, 0.000000000000000000, 0.000000000000000000 ) ) ;
#3493 = CARTESIAN_POINT ( 'NONE',  ( 20.59757425901356953, -12.50796510567763775, -7.349486068726557519 ) ) ;
#3494 = CARTESIAN_POINT ( 'NONE',  ( 0.000000000000000000, 0.000000000000000000, 7.000000000000000000 ) ) ;
#3495 = FACE_OUTER_BOUND ( 'NONE', #2387, .T. ) ;
#3496 = CARTESIAN_POINT ( 'NONE',  ( 21.26662968353373984, -3.877274469727201467, -1.100000000000000089 ) ) ;
#3497 = EDGE_LOOP ( 'NONE', ( #3217, #2335, #845, #3005 ) ) ;
#3498 = TOROIDAL_SURFACE ( 'NONE', #2417, 6.000000000000000000, 0.5000000000000000000 ) ;
#3499 = DIRECTION ( 'NONE',  ( -0.000000000000000000, 0.000000000000000000, 1.000000000000000000 ) ) ;
#3500 = AXIS2_PLACEMENT_3D ( 'NONE', #981, #657, #2296 ) ;
#3501 = DIRECTION ( 'NONE',  ( 0.000000000000000000, 0.000000000000000000, 1.000000000000000000 ) ) ;
ENDSEC;
END-ISO-10303-21;
