ISO-10303-21;
HEADER;
FILE_DESCRIPTION (( 'STEP AP203' ),
    '1' );
FILE_NAME ('柔性夹爪指尖2.STEP',
    '2026-09-15T03:02:28',
    ( '' ),
    ( '' ),
    'SwSTEP 2.0',
    'SolidWorks 2021',
    '' );
FILE_SCHEMA (( 'CONFIG_CONTROL_DESIGN' ));
ENDSEC;

DATA;
#1 = CARTESIAN_POINT ( 'NONE',  ( 27.31679432217696402, -5.000000000000000000, 72.53718095458323489 ) ) ;
#2 = DIRECTION ( 'NONE',  ( -0.1810789180022919220, 0.1227878039689720979, -0.9757733244209930712 ) ) ;
#3 = VERTEX_POINT ( 'NONE', #4051 ) ;
#4 = DIRECTION ( 'NONE',  ( -0.5725107064965884174, 0.000000000000000000, 0.8198972441390306454 ) ) ;
#5 = ORIENTED_EDGE ( 'NONE', *, *, #2313, .F. ) ;
#6 = VERTEX_POINT ( 'NONE', #1727 ) ;
#7 = DIRECTION ( 'NONE',  ( 0.5725107064965889725, -1.957506293043470109E-13, -0.8198972441390303123 ) ) ;
#8 = VERTEX_POINT ( 'NONE', #1339 ) ;
#9 = DIRECTION ( 'NONE',  ( 0.5725107064965885284, 0.000000000000000000, -0.8198972441390304233 ) ) ;
#10 = ADVANCED_FACE ( 'NONE', ( #2504 ), #947, .F. ) ;
#11 = ADVANCED_FACE ( 'NONE', ( #2458 ), #144, .F. ) ;
#12 = VECTOR ( 'NONE', #2618, 999.9999999999998863 ) ;
#13 = ORIENTED_EDGE ( 'NONE', *, *, #5034, .F. ) ;
#14 = CARTESIAN_POINT ( 'NONE',  ( 47.29171514753753769, 0.000000000000000000, -10.58939067180708271 ) ) ;
#15 = CARTESIAN_POINT ( 'NONE',  ( 37.24382041064825444, -5.000000000000000888, 49.58714494069405276 ) ) ;
#16 = CARTESIAN_POINT ( 'NONE',  ( 45.64412006464600324, -4.999999999999813483, 44.54377631284111771 ) ) ;
#17 = VECTOR ( 'NONE', #3270, 1000.000000000000114 ) ;
#18 = DIRECTION ( 'NONE',  ( 0.8198972441390306454, 0.000000000000000000, 0.5725107064965884174 ) ) ;
#19 = VERTEX_POINT ( 'NONE', #1660 ) ;
#20 = EDGE_CURVE ( 'NONE', #4132, #533, #1706, .T. ) ;
#21 = CARTESIAN_POINT ( 'NONE',  ( 56.34519144707226701, -5.000000000000000000, 25.72530040744680235 ) ) ;
#22 = ORIENTED_EDGE ( 'NONE', *, *, #4233, .F. ) ;
#23 = DIRECTION ( 'NONE',  ( -0.1810789180022924771, 0.1227878039689720563, -0.9757733244209929602 ) ) ;
#24 = DIRECTION ( 'NONE',  ( -0.000000000000000000, -1.000000000000000000, 0.000000000000000000 ) ) ;
#25 = VECTOR ( 'NONE', #1447, 1000.000000000000114 ) ;
#26 = DIRECTION ( 'NONE',  ( -0.9832133515137230217, -0.000000000000000000, 0.1824595993779227765 ) ) ;
#27 = DIRECTION ( 'NONE',  ( -0.09941544087793842410, 0.9848077530122084644, 0.1423736623188794348 ) ) ;
#28 = ORIENTED_EDGE ( 'NONE', *, *, #4382, .T. ) ;
#29 = CARTESIAN_POINT ( 'NONE',  ( 28.14090017735250271, 9.000000000000001776, 62.62351112250463814 ) ) ;
#30 = EDGE_LOOP ( 'NONE', ( #2312, #4482, #1629, #4074, #1306, #3790 ) ) ;
#31 = ORIENTED_EDGE ( 'NONE', *, *, #5001, .T. ) ;
#32 = AXIS2_PLACEMENT_3D ( 'NONE', #4555, #2277, #662 ) ;
#33 = VECTOR ( 'NONE', #920, 1000.000000000000227 ) ;
#34 = LINE ( 'NONE', #3589, #863 ) ;
#35 = ORIENTED_EDGE ( 'NONE', *, *, #1915, .T. ) ;
#36 = LINE ( 'NONE', #2737, #1564 ) ;
#37 = CARTESIAN_POINT ( 'NONE',  ( 30.53979962539231252, 1.999999999999950928, 66.17479659282729187 ) ) ;
#38 = ORIENTED_EDGE ( 'NONE', *, *, #1100, .T. ) ;
#39 = DIRECTION ( 'NONE',  ( -0.5725107064965884174, 0.000000000000000000, 0.8198972441390306454 ) ) ;
#40 = CARTESIAN_POINT ( 'NONE',  ( 42.14692592595687159, -5.000000000000000000, 46.05875206209475436 ) ) ;
#41 = EDGE_CURVE ( 'NONE', #4132, #886, #4430, .T. ) ;
#42 = FACE_BOUND ( 'NONE', #4670, .T. ) ;
#43 = EDGE_CURVE ( 'NONE', #3858, #3609, #3245, .T. ) ;
#44 = CARTESIAN_POINT ( 'NONE',  ( 57.49803080566081803, 1.813111957433050980, 29.31438645184984537 ) ) ;
#45 = ORIENTED_EDGE ( 'NONE', *, *, #548, .T. ) ;
#46 = LINE ( 'NONE', #719, #1119 ) ;
#47 = VERTEX_POINT ( 'NONE', #4816 ) ;
#48 = FACE_OUTER_BOUND ( 'NONE', #2177, .T. ) ;
#49 = LINE ( 'NONE', #3271, #4806 ) ;
#50 = EDGE_CURVE ( 'NONE', #4408, #2370, #1312, .T. ) ;
#51 = LINE ( 'NONE', #2393, #3134 ) ;
#52 = DIRECTION ( 'NONE',  ( 0.5583376714448645695, 0.000000000000000000, 0.8296137924634128247 ) ) ;
#53 = ORIENTED_EDGE ( 'NONE', *, *, #3292, .T. ) ;
#54 = LINE ( 'NONE', #1313, #3704 ) ;
#55 = ORIENTED_EDGE ( 'NONE', *, *, #3396, .T. ) ;
#56 = ORIENTED_EDGE ( 'NONE', *, *, #3047, .T. ) ;
#57 = EDGE_CURVE ( 'NONE', #2362, #4312, #878, .T. ) ;
#58 = CARTESIAN_POINT ( 'NONE',  ( 53.56037554580102267, -5.000011999999999901, 26.22007348273168503 ) ) ;
#59 = ORIENTED_EDGE ( 'NONE', *, *, #3238, .F. ) ;
#60 = LINE ( 'NONE', #1229, #3120 ) ;
#61 = VECTOR ( 'NONE', #2230, 1000.000000000000000 ) ;
#62 = PLANE ( 'NONE',  #968 ) ;
#63 = ORIENTED_EDGE ( 'NONE', *, *, #3076, .F. ) ;
#64 = CARTESIAN_POINT ( 'NONE',  ( 33.30325419394172570, 8.999999999999499067, 62.21723080524217409 ) ) ;
#65 = ORIENTED_EDGE ( 'NONE', *, *, #1883, .T. ) ;
#66 = CARTESIAN_POINT ( 'NONE',  ( 57.98498593535033052, -3.000000000000000000, 26.87032182043997963 ) ) ;
#67 = CARTESIAN_POINT ( 'NONE',  ( 53.82630911008220664, 1.999999999999666933, 32.82599676173034453 ) ) ;
#68 = PLANE ( 'NONE',  #2304 ) ;
#69 = ORIENTED_EDGE ( 'NONE', *, *, #587, .T. ) ;
#70 = CARTESIAN_POINT ( 'NONE',  ( 33.95216472992987633, -9.064978911512728388, 63.03461296865039998 ) ) ;
#71 = ORIENTED_EDGE ( 'NONE', *, *, #1261, .T. ) ;
#72 = CARTESIAN_POINT ( 'NONE',  ( 41.53970649665170356, 6.728099765772110885, 52.16843262698705530 ) ) ;
#73 = VECTOR ( 'NONE', #4975, 1000.000000000000000 ) ;
#74 = LINE ( 'NONE', #2806, #3586 ) ;
#75 = VECTOR ( 'NONE', #2664, 1000.000000000000000 ) ;
#76 = EDGE_CURVE ( 'NONE', #4039, #3479, #2433, .T. ) ;
#77 = CARTESIAN_POINT ( 'NONE',  ( 44.45745531250526739, -5.000000000000000000, 39.25643966454227041 ) ) ;
#78 = CARTESIAN_POINT ( 'NONE',  ( 55.76812952170106286, 1.999999999999653610, 32.46564387003867580 ) ) ;
#79 = ORIENTED_EDGE ( 'NONE', *, *, #2046, .F. ) ;
#80 = EDGE_CURVE ( 'NONE', #3321, #1729, #1753, .T. ) ;
#81 = VERTEX_POINT ( 'NONE', #3313 ) ;
#82 = ORIENTED_EDGE ( 'NONE', *, *, #3108, .F. ) ;
#83 = CARTESIAN_POINT ( 'NONE',  ( 31.50252747718965196, -5.173648177666566816, 66.54275842317383649 ) ) ;
#84 = VECTOR ( 'NONE', #3429, 1000.000000000000000 ) ;
#85 = CARTESIAN_POINT ( 'NONE',  ( 45.06879505206638470, 8.999999999999825917, 47.11439617304289129 ) ) ;
#86 = ORIENTED_EDGE ( 'NONE', *, *, #4409, .T. ) ;
#87 = LINE ( 'NONE', #2329, #4660 ) ;
#88 = VECTOR ( 'NONE', #3430, 1000.000000000000114 ) ;
#89 = EDGE_CURVE ( 'NONE', #2370, #3676, #3361, .T. ) ;
#90 = DIRECTION ( 'NONE',  ( 0.9539122716840975347, 0.000000000000000000, 0.3000856176668328934 ) ) ;
#91 = ORIENTED_EDGE ( 'NONE', *, *, #3264, .F. ) ;
#92 = ORIENTED_EDGE ( 'NONE', *, *, #4158, .T. ) ;
#93 = CARTESIAN_POINT ( 'NONE',  ( 34.67220683039093387, 1.999999999999902967, 60.39428779499482403 ) ) ;
#94 = PLANE ( 'NONE',  #2578 ) ;
#95 = CARTESIAN_POINT ( 'NONE',  ( 40.13527585102591644, 8.999999999999875655, 52.43303696401335401 ) ) ;
#96 = DIRECTION ( 'NONE',  ( -0.09941544087794602913, -0.9848077530122060219, 0.1423736623188903427 ) ) ;
#97 = ORIENTED_EDGE ( 'NONE', *, *, #1100, .F. ) ;
#98 = VERTEX_POINT ( 'NONE', #971 ) ;
#99 = LINE ( 'NONE', #3909, #986 ) ;
#100 = AXIS2_PLACEMENT_3D ( 'NONE', #3005, #4175, #1492 ) ;
#101 = CARTESIAN_POINT ( 'NONE',  ( 38.85246832460587285, 9.000000000000001776, 22.90205482400400072 ) ) ;
#102 = CIRCLE ( 'NONE', #492, 3.000000000000000888 ) ;
#103 = DIRECTION ( 'NONE',  ( -0.9784308844114447679, 0.1227878039689806883, 0.1661209186897099899 ) ) ;
#104 = LINE ( 'NONE', #3228, #2538 ) ;
#105 = ORIENTED_EDGE ( 'NONE', *, *, #4095, .F. ) ;
#106 = ORIENTED_EDGE ( 'NONE', *, *, #4628, .T. ) ;
#107 = ORIENTED_EDGE ( 'NONE', *, *, #3150, .T. ) ;
#108 = ADVANCED_FACE ( 'NONE', ( #1411 ), #658, .F. ) ;
#109 = EDGE_CURVE ( 'NONE', #1262, #4524, #2153, .T. ) ;
#110 = CARTESIAN_POINT ( 'NONE',  ( 29.78069466563056622, 15.00000000000000355, 63.76853253549780476 ) ) ;
#111 = VERTEX_POINT ( 'NONE', #2556 ) ;
#112 = AXIS2_PLACEMENT_3D ( 'NONE', #541, #4134, #983 ) ;
#113 = ADVANCED_FACE ( 'NONE', ( #2226 ), #1386, .T. ) ;
#114 = VECTOR ( 'NONE', #757, 1000.000000000000114 ) ;
#115 = VECTOR ( 'NONE', #3600, 1000.000000000000000 ) ;
#116 = LINE ( 'NONE', #574, #1515 ) ;
#117 = FACE_OUTER_BOUND ( 'NONE', #1475, .T. ) ;
#118 = DIRECTION ( 'NONE',  ( 0.1673875490686983769, 0.000000000000000000, 0.9858911747331823294 ) ) ;
#119 = ORIENTED_EDGE ( 'NONE', *, *, #2392, .F. ) ;
#120 = ORIENTED_EDGE ( 'NONE', *, *, #1707, .T. ) ;
#121 = DIRECTION ( 'NONE',  ( 0.09941544087794672302, -0.9848077530122057999, -0.1423736623188914252 ) ) ;
#122 = CARTESIAN_POINT ( 'NONE',  ( 36.30731671969166996, 15.00000000000000355, 54.42170395231286761 ) ) ;
#123 = AXIS2_PLACEMENT_3D ( 'NONE', #3420, #1474, #3043 ) ;
#124 = PLANE ( 'NONE',  #2173 ) ;
#125 = VERTEX_POINT ( 'NONE', #4121 ) ;
#126 = EDGE_CURVE ( 'NONE', #300, #4088, #3385, .T. ) ;
#127 = ORIENTED_EDGE ( 'NONE', *, *, #1440, .T. ) ;
#128 = CARTESIAN_POINT ( 'NONE',  ( 31.51787805518909380, 1.999999999999961808, 67.73248099864012772 ) ) ;
#129 = CARTESIAN_POINT ( 'NONE',  ( 55.92436830749143439, 0.000000000000000000, 11.26979063138921333 ) ) ;
#130 = DIRECTION ( 'NONE',  ( -0.3000856176668329489, 0.000000000000000000, 0.9539122716840975347 ) ) ;
#131 = DIRECTION ( 'NONE',  ( 0.3000856176668329489, 0.000000000000000000, -0.9539122716840975347 ) ) ;
#132 = ORIENTED_EDGE ( 'NONE', *, *, #3848, .F. ) ;
#133 = VERTEX_POINT ( 'NONE', #605 ) ;
#134 = DIRECTION ( 'NONE',  ( -0.5725107064965888615, 0.000000000000000000, 0.8198972441390304233 ) ) ;
#135 = VECTOR ( 'NONE', #3999, 1000.000000000000114 ) ;
#136 = EDGE_LOOP ( 'NONE', ( #365, #4582, #1479, #2820, #4988, #3826 ) ) ;
#137 = EDGE_CURVE ( 'NONE', #4026, #1450, #4890, .T. ) ;
#138 = LINE ( 'NONE', #3593, #1670 ) ;
#139 = ORIENTED_EDGE ( 'NONE', *, *, #1198, .F. ) ;
#140 = EDGE_CURVE ( 'NONE', #873, #1945, #3025, .T. ) ;
#141 = EDGE_CURVE ( 'NONE', #1945, #3050, #1891, .T. ) ;
#142 = ORIENTED_EDGE ( 'NONE', *, *, #3355, .F. ) ;
#143 = CARTESIAN_POINT ( 'NONE',  ( 44.33496463429405310, 20.00000000000000355, 8.806675837962608000 ) ) ;
#144 = PLANE ( 'NONE',  #2785 ) ;
#145 = LINE ( 'NONE', #3558, #3779 ) ;
#146 = ORIENTED_EDGE ( 'NONE', *, *, #3325, .T. ) ;
#147 = DIRECTION ( 'NONE',  ( 0.000000000000000000, 1.000000000000000000, -0.000000000000000000 ) ) ;
#148 = DIRECTION ( 'NONE',  ( 0.5725107064965886394, -0.000000000000000000, -0.8198972441390305343 ) ) ;
#149 = EDGE_CURVE ( 'NONE', #1291, #3381, #3406, .T. ) ;
#150 = DIRECTION ( 'NONE',  ( 0.5725107064965884174, 0.000000000000000000, -0.8198972441390306454 ) ) ;
#151 = CARTESIAN_POINT ( 'NONE',  ( 42.83393877375277725, 9.000000000000001776, 45.07487536912792336 ) ) ;
#152 = VERTEX_POINT ( 'NONE', #4528 ) ;
#153 = VERTEX_POINT ( 'NONE', #4581 ) ;
#154 = CARTESIAN_POINT ( 'NONE',  ( 42.88066549609663269, 1.999999999999800604, 48.50134210042615734 ) ) ;
#155 = VECTOR ( 'NONE', #3029, 1000.000000000000114 ) ;
#156 = VECTOR ( 'NONE', #1906, 1000.000000000000000 ) ;
#157 = FACE_OUTER_BOUND ( 'NONE', #3917, .T. ) ;
#158 = ORIENTED_EDGE ( 'NONE', *, *, #4880, .T. ) ;
#159 = LINE ( 'NONE', #3258, #1487 ) ;
#160 = ORIENTED_EDGE ( 'NONE', *, *, #1761, .F. ) ;
#161 = ORIENTED_EDGE ( 'NONE', *, *, #2789, .F. ) ;
#162 = LINE ( 'NONE', #3263, #218 ) ;
#163 = EDGE_CURVE ( 'NONE', #1524, #47, #3763, .T. ) ;
#164 = ADVANCED_FACE ( 'NONE', ( #2605 ), #3812, .F. ) ;
#165 = CARTESIAN_POINT ( 'NONE',  ( 35.62030387189577141, -5.000000000000000000, 55.40558064527969862 ) ) ;
#166 = ORIENTED_EDGE ( 'NONE', *, *, #2625, .F. ) ;
#167 = CARTESIAN_POINT ( 'NONE',  ( 36.74193768074071897, 1.999999999999875211, 57.52480843308848080 ) ) ;
#168 = ORIENTED_EDGE ( 'NONE', *, *, #2795, .F. ) ;
#169 = LINE ( 'NONE', #3293, #4985 ) ;
#170 = CARTESIAN_POINT ( 'NONE',  ( 35.80089425849330809, -5.000000000000000000, 60.92903938997799429 ) ) ;
#171 = DIRECTION ( 'NONE',  ( -0.3000856176668329489, 0.000000000000000000, 0.9539122716840975347 ) ) ;
#172 = EDGE_CURVE ( 'NONE', #778, #4741, #1824, .T. ) ;
#173 = LINE ( 'NONE', #4080, #2220 ) ;
#174 = FACE_OUTER_BOUND ( 'NONE', #761, .T. ) ;
#175 = ORIENTED_EDGE ( 'NONE', *, *, #5051, .T. ) ;
#176 = ORIENTED_EDGE ( 'NONE', *, *, #3178, .T. ) ;
#177 = VECTOR ( 'NONE', #1482, 1000.000000000000227 ) ;
#178 = DIRECTION ( 'NONE',  ( 0.5725107064965884174, 0.000000000000000000, -0.8198972441390306454 ) ) ;
#179 = DIRECTION ( 'NONE',  ( -0.09941544087794172702, -0.9848077530122073542, 0.1423736623188841810 ) ) ;
#180 = AXIS2_PLACEMENT_3D ( 'NONE', #2632, #4935, #1432 ) ;
#181 = VECTOR ( 'NONE', #951, 1000.000000000000000 ) ;
#182 = DIRECTION ( 'NONE',  ( -0.1673875490687010414, -0.000000000000000000, -0.9858911747331818853 ) ) ;
#183 = EDGE_LOOP ( 'NONE', ( #3310, #4465, #443, #3257 ) ) ;
#184 = DIRECTION ( 'NONE',  ( -0.8198972441390303123, -3.218045588101392702E-17, -0.5725107064965889725 ) ) ;
#185 = ORIENTED_EDGE ( 'NONE', *, *, #2835, .T. ) ;
#186 = ORIENTED_EDGE ( 'NONE', *, *, #1854, .T. ) ;
#187 = VECTOR ( 'NONE', #3580, 1000.000000000000114 ) ;
#188 = PLANE ( 'NONE',  #4147 ) ;
#189 = CARTESIAN_POINT ( 'NONE',  ( 41.31418130367556785, 6.797559036838900504, 52.49140909206763439 ) ) ;
#190 = CARTESIAN_POINT ( 'NONE',  ( 45.41023695298742524, 9.000000000000001776, 41.38533777050228935 ) ) ;
#191 = VECTOR ( 'NONE', #3239, 999.9999999999998863 ) ;
#192 = VERTEX_POINT ( 'NONE', #1364 ) ;
#193 = ADVANCED_FACE ( 'NONE', ( #4960 ), #1458, .F. ) ;
#194 = LINE ( 'NONE', #2953, #3285 ) ;
#195 = EDGE_CURVE ( 'NONE', #3400, #3847, #2047, .T. ) ;
#196 = CARTESIAN_POINT ( 'NONE',  ( 53.56037554580102267, -5.000000000000000000, 26.22007348273168503 ) ) ;
#197 = DIRECTION ( 'NONE',  ( 0.09941544087793825757, -0.9848077530122085754, -0.1423736623188792128 ) ) ;
#198 = FACE_OUTER_BOUND ( 'NONE', #4008, .T. ) ;
#199 = CARTESIAN_POINT ( 'NONE',  ( 45.86352311954443906, 1.999999999999748423, 47.12310654441566271 ) ) ;
#200 = ORIENTED_EDGE ( 'NONE', *, *, #1607, .F. ) ;
#201 = ORIENTED_EDGE ( 'NONE', *, *, #346, .F. ) ;
#202 = PLANE ( 'NONE',  #4101 ) ;
#203 = EDGE_CURVE ( 'NONE', #4031, #4154, #213, .T. ) ;
#204 = DIRECTION ( 'NONE',  ( 0.1673875490687012912, -0.000000000000000000, 0.9858911747331817743 ) ) ;
#205 = DIRECTION ( 'NONE',  ( 0.000000000000000000, -1.000000000000000000, 0.000000000000000000 ) ) ;
#206 = PLANE ( 'NONE',  #1688 ) ;
#207 = VERTEX_POINT ( 'NONE', #4690 ) ;
#208 = EDGE_CURVE ( 'NONE', #1703, #1452, #4713, .T. ) ;
#209 = VERTEX_POINT ( 'NONE', #1209 ) ;
#210 = VERTEX_POINT ( 'NONE', #2302 ) ;
#211 = AXIS2_PLACEMENT_3D ( 'NONE', #2813, #4783, #1302 ) ;
#212 = DIRECTION ( 'NONE',  ( -0.09941544087793845186, 0.9848077530122083534, 0.1423736623188793515 ) ) ;
#213 = LINE ( 'NONE', #1778, #2771 ) ;
#214 = LINE ( 'NONE', #4456, #4712 ) ;
#215 = ORIENTED_EDGE ( 'NONE', *, *, #3425, .F. ) ;
#216 = DIRECTION ( 'NONE',  ( 0.000000000000000000, -1.000000000000000000, 0.000000000000000000 ) ) ;
#217 = LINE ( 'NONE', #3390, #1540 ) ;
#218 = VECTOR ( 'NONE', #4911, 1000.000000000000000 ) ;
#219 = CARTESIAN_POINT ( 'NONE',  ( 50.50275316282962024, -0.009120007072406705051, 18.30820614540562730 ) ) ;
#220 = PLANE ( 'NONE',  #3616 ) ;
#221 = EDGE_LOOP ( 'NONE', ( #3864, #1612 ) ) ;
#222 = VECTOR ( 'NONE', #2530, 1000.000000000000000 ) ;
#223 = ORIENTED_EDGE ( 'NONE', *, *, #4323, .F. ) ;
#224 = DIRECTION ( 'NONE',  ( -0.1673875490687019574, -0.000000000000000000, -0.9858911747331816633 ) ) ;
#225 = CARTESIAN_POINT ( 'NONE',  ( 43.11922013326952197, 1.999999999999833467, 49.90639828763328723 ) ) ;
#226 = EDGE_CURVE ( 'NONE', #4682, #4573, #4659, .T. ) ;
#227 = ADVANCED_FACE ( 'NONE', ( #4327 ), #3078, .F. ) ;
#228 = LINE ( 'NONE', #3350, #3261 ) ;
#229 = PLANE ( 'NONE',  #1745 ) ;
#230 = LINE ( 'NONE', #3399, #1602 ) ;
#231 = VERTEX_POINT ( 'NONE', #3514 ) ;
#232 = VECTOR ( 'NONE', #4591, 999.9999999999998863 ) ;
#233 = VECTOR ( 'NONE', #361, 1000.000000000000114 ) ;
#234 = EDGE_CURVE ( 'NONE', #2566, #4812, #3897, .T. ) ;
#235 = VERTEX_POINT ( 'NONE', #4604 ) ;
#236 = CARTESIAN_POINT ( 'NONE',  ( 29.85122095877231629, 9.000000000000001776, 67.16091570768097085 ) ) ;
#237 = CARTESIAN_POINT ( 'NONE',  ( 45.16457842675745837, 9.000000000000001776, 8.248338166517743986 ) ) ;
#238 = DIRECTION ( 'NONE',  ( -0.5725107064965887504, 0.000000000000000000, 0.8198972441390304233 ) ) ;
#239 = ORIENTED_EDGE ( 'NONE', *, *, #2835, .F. ) ;
#240 = LINE ( 'NONE', #3837, #1319 ) ;
#241 = DIRECTION ( 'NONE',  ( -0.8198972441390304233, 0.000000000000000000, -0.5725107064965888615 ) ) ;
#242 = LINE ( 'NONE', #1392, #915 ) ;
#243 = CARTESIAN_POINT ( 'NONE',  ( 47.93948568026967649, 8.999999999999522160, 43.00325675131463754 ) ) ;
#244 = ORIENTED_EDGE ( 'NONE', *, *, #3575, .F. ) ;
#245 = ORIENTED_EDGE ( 'NONE', *, *, #4499, .T. ) ;
#246 = DIRECTION ( 'NONE',  ( 0.3000856176668329489, 0.000000000000000000, -0.9539122716840975347 ) ) ;
#247 = CARTESIAN_POINT ( 'NONE',  ( 45.06879505206633496, -5.000000000000257572, 47.11439617304296945 ) ) ;
#248 = CYLINDRICAL_SURFACE ( 'NONE', #4318, 3.000000000000000888 ) ;
#249 = VECTOR ( 'NONE', #4931, 1000.000000000000000 ) ;
#250 = CARTESIAN_POINT ( 'NONE',  ( 35.59861980956537053, 8.999999999999673150, 60.67671124371575075 ) ) ;
#251 = ORIENTED_EDGE ( 'NONE', *, *, #1190, .T. ) ;
#252 = EDGE_CURVE ( 'NONE', #932, #1583, #303, .T. ) ;
#253 = EDGE_CURVE ( 'NONE', #4524, #2833, #1094, .T. ) ;
#254 = VECTOR ( 'NONE', #4747, 1000.000000000000000 ) ;
#255 = ORIENTED_EDGE ( 'NONE', *, *, #20, .F. ) ;
#256 = EDGE_CURVE ( 'NONE', #4682, #4653, #1513, .T. ) ;
#257 = CARTESIAN_POINT ( 'NONE',  ( 24.89389452041838169, 15.00000000000000355, 67.27357436082418474 ) ) ;
#258 = AXIS2_PLACEMENT_3D ( 'NONE', #3591, #3278, #2710 ) ;
#259 = CARTESIAN_POINT ( 'NONE',  ( 47.84444439997570697, 1.999999999999750200, 44.19161400954027386 ) ) ;
#260 = DIRECTION ( 'NONE',  ( 0.5725107064965884174, 0.000000000000000000, -0.8198972441390306454 ) ) ;
#261 = VECTOR ( 'NONE', #537, 1000.000000000000227 ) ;
#262 = ORIENTED_EDGE ( 'NONE', *, *, #548, .F. ) ;
#263 = CARTESIAN_POINT ( 'NONE',  ( 50.86515056763069254, 0.000000000000000000, 16.71861254503624394 ) ) ;
#264 = CARTESIAN_POINT ( 'NONE',  ( 40.64559760019547952, -5.000000000000000000, 17.20205482400400143 ) ) ;
#265 = CARTESIAN_POINT ( 'NONE',  ( 36.84155113826344774, -5.000000000000158096, 58.89669916797706151 ) ) ;
#266 = EDGE_CURVE ( 'NONE', #2553, #2491, #2273, .T. ) ;
#267 = DIRECTION ( 'NONE',  ( 0.000000000000000000, -1.000000000000000000, 0.000000000000000000 ) ) ;
#268 = CARTESIAN_POINT ( 'NONE',  ( 37.55012541939941428, 7.956846717856906004, 57.88194417077136933 ) ) ;
#269 = ORIENTED_EDGE ( 'NONE', *, *, #1465, .F. ) ;
#270 = DIRECTION ( 'NONE',  ( 0.000000000000000000, -1.000000000000000000, 0.000000000000000000 ) ) ;
#271 = VERTEX_POINT ( 'NONE', #3107 ) ;
#272 = DIRECTION ( 'NONE',  ( -0.8198972441390304233, 0.000000000000000000, -0.5725107064965888615 ) ) ;
#273 = CARTESIAN_POINT ( 'NONE',  ( 39.47368712929384316, -4.999999999999738876, 53.38050355904168498 ) ) ;
#274 = CARTESIAN_POINT ( 'NONE',  ( 33.96484291567375635, 8.999999999999950262, 61.26976421021392127 ) ) ;
#275 = ORIENTED_EDGE ( 'NONE', *, *, #1962, .F. ) ;
#276 = VERTEX_POINT ( 'NONE', #37 ) ;
#277 = LINE ( 'NONE', #257, #3525 ) ;
#278 = ADVANCED_FACE ( 'NONE', ( #1150 ), #3834, .T. ) ;
#279 = CARTESIAN_POINT ( 'NONE',  ( 31.24644321549102699, -5.000000000000000000, 65.16280655397571309 ) ) ;
#280 = CARTESIAN_POINT ( 'NONE',  ( 52.37983279255751512, 4.000000000000000000, -12.87755193253027564 ) ) ;
#281 = EDGE_CURVE ( 'NONE', #231, #4038, #330, .T. ) ;
#282 = AXIS2_PLACEMENT_3D ( 'NONE', #2215, #648, #4882 ) ;
#283 = LINE ( 'NONE', #2606, #529 ) ;
#284 = EDGE_LOOP ( 'NONE', ( #4838, #4562, #3463, #5053 ) ) ;
#285 = CARTESIAN_POINT ( 'NONE',  ( 51.23005363318935679, 1.999999999999702904, 37.43845289974424873 ) ) ;
#286 = CARTESIAN_POINT ( 'NONE',  ( 57.98498593535033052, -5.000000000000000000, 26.87032182043997963 ) ) ;
#287 = CARTESIAN_POINT ( 'NONE',  ( 47.29855291955401242, 4.954438608711773107, 43.92114177639115269 ) ) ;
#288 = ADVANCED_FACE ( 'NONE', ( #1899 ), #4246, .F. ) ;
#289 = DIRECTION ( 'NONE',  ( -0.3000856176668329489, 0.000000000000000000, 0.9539122716840975347 ) ) ;
#290 = ORIENTED_EDGE ( 'NONE', *, *, #1032, .F. ) ;
#291 = DIRECTION ( 'NONE',  ( 0.000000000000000000, 1.000000000000000000, -0.000000000000000000 ) ) ;
#292 = VERTEX_POINT ( 'NONE', #3867 ) ;
#293 = LINE ( 'NONE', #4590, #4337 ) ;
#294 = EDGE_CURVE ( 'NONE', #4065, #2656, #357, .T. ) ;
#295 = DIRECTION ( 'NONE',  ( -0.9832133515137226887, -9.180661594587083459E-16, 0.1824595993779239422 ) ) ;
#296 = DIRECTION ( 'NONE',  ( 0.8198972441390307564, 0.000000000000000000, 0.5725107064965883064 ) ) ;
#297 = LINE ( 'NONE', #1085, #4049 ) ;
#298 = ORIENTED_EDGE ( 'NONE', *, *, #2124, .F. ) ;
#299 = ORIENTED_EDGE ( 'NONE', *, *, #3883, .F. ) ;
#300 = VERTEX_POINT ( 'NONE', #3926 ) ;
#301 = ORIENTED_EDGE ( 'NONE', *, *, #4941, .T. ) ;
#302 = PLANE ( 'NONE',  #964 ) ;
#303 = LINE ( 'NONE', #2380, #4241 ) ;
#304 = VERTEX_POINT ( 'NONE', #1981 ) ;
#305 = CARTESIAN_POINT ( 'NONE',  ( 57.98498593535032342, 9.000000000000001776, 26.87032182043997608 ) ) ;
#306 = FACE_OUTER_BOUND ( 'NONE', #2358, .T. ) ;
#307 = EDGE_CURVE ( 'NONE', #3716, #2130, #724, .T. ) ;
#308 = DIRECTION ( 'NONE',  ( 0.9832133515137245761, -0.000000000000000000, -0.1824595993779147274 ) ) ;
#309 = EDGE_CURVE ( 'NONE', #1371, #1452, #430, .T. ) ;
#310 = VECTOR ( 'NONE', #1333, 999.9999999999998863 ) ;
#311 = CARTESIAN_POINT ( 'NONE',  ( 50.03553677516728015, 9.000000000000001776, 17.27695021648111151 ) ) ;
#312 = ORIENTED_EDGE ( 'NONE', *, *, #4045, .F. ) ;
#313 = EDGE_LOOP ( 'NONE', ( #1081, #1819, #1460, #4978 ) ) ;
#314 = CYLINDRICAL_SURFACE ( 'NONE', #3359, 3.000000000000000888 ) ;
#315 = AXIS2_PLACEMENT_3D ( 'NONE', #1570, #4304, #3136 ) ;
#316 = CARTESIAN_POINT ( 'NONE',  ( 43.92611742306063149, -5.993111531301093642, 48.75083410918955451 ) ) ;
#317 = EDGE_CURVE ( 'NONE', #423, #5016, #1677, .T. ) ;
#318 = LINE ( 'NONE', #1886, #4919 ) ;
#319 = CARTESIAN_POINT ( 'NONE',  ( 57.98498593535032342, 9.000000000000001776, 26.87032182043997608 ) ) ;
#320 = VERTEX_POINT ( 'NONE', #3638 ) ;
#321 = EDGE_LOOP ( 'NONE', ( #3069, #2090, #2310, #3262 ) ) ;
#322 = ORIENTED_EDGE ( 'NONE', *, *, #2912, .T. ) ;
#323 = ADVANCED_FACE ( 'NONE', ( #117 ), #504, .F. ) ;
#324 = VERTEX_POINT ( 'NONE', #2817 ) ;
#325 = FACE_BOUND ( 'NONE', #3870, .T. ) ;
#326 = VECTOR ( 'NONE', #342, 1000.000000000000000 ) ;
#327 = AXIS2_PLACEMENT_3D ( 'NONE', #2436, #2155, #2063 ) ;
#328 = VECTOR ( 'NONE', #4414, 1000.000000000000000 ) ;
#329 = FACE_OUTER_BOUND ( 'NONE', #2080, .T. ) ;
#330 = LINE ( 'NONE', #1958, #1222 ) ;
#331 = VERTEX_POINT ( 'NONE', #2867 ) ;
#332 = CARTESIAN_POINT ( 'NONE',  ( 31.25246080987740527, -4.999999999999897859, 66.90088093346712128 ) ) ;
#333 = LINE ( 'NONE', #1875, #1698 ) ;
#334 = DIRECTION ( 'NONE',  ( 0.000000000000000000, 1.000000000000000000, 0.000000000000000000 ) ) ;
#335 = CARTESIAN_POINT ( 'NONE',  ( 45.17603111172024200, 1.999999999999769296, 46.96082253889976243 ) ) ;
#336 = ORIENTED_EDGE ( 'NONE', *, *, #5009, .T. ) ;
#337 = DIRECTION ( 'NONE',  ( 0.000000000000000000, -1.000000000000000000, 0.000000000000000000 ) ) ;
#338 = ORIENTED_EDGE ( 'NONE', *, *, #2751, .F. ) ;
#339 = ADVANCED_FACE ( 'NONE', ( #3953 ), #62, .T. ) ;
#340 = AXIS2_PLACEMENT_3D ( 'NONE', #2717, #1155, #772 ) ;
#341 = ORIENTED_EDGE ( 'NONE', *, *, #2976, .T. ) ;
#342 = DIRECTION ( 'NONE',  ( -0.09941544087793843798, 0.9848077530122084644, 0.1423736623188793515 ) ) ;
#343 = CARTESIAN_POINT ( 'NONE',  ( 50.41933074327946684, -5.000000000000333067, 37.70515822034581532 ) ) ;
#344 = VECTOR ( 'NONE', #783, 1000.000000000000114 ) ;
#345 = VECTOR ( 'NONE', #3959, 1000.000000000000114 ) ;
#346 = EDGE_CURVE ( 'NONE', #2236, #4682, #1642, .T. ) ;
#347 = CARTESIAN_POINT ( 'NONE',  ( 53.28292453543247120, 3.111318180584639936, 35.35087446071463546 ) ) ;
#348 = LINE ( 'NONE', #4620, #1004 ) ;
#349 = ORIENTED_EDGE ( 'NONE', *, *, #1380, .F. ) ;
#350 = EDGE_CURVE ( 'NONE', #2731, #1716, #138, .T. ) ;
#351 = ORIENTED_EDGE ( 'NONE', *, *, #3981, .T. ) ;
#352 = ORIENTED_EDGE ( 'NONE', *, *, #4042, .F. ) ;
#353 = VECTOR ( 'NONE', #1503, 1000.000000000000114 ) ;
#354 = DIRECTION ( 'NONE',  ( 0.5725107064965888615, -0.000000000000000000, -0.8198972441390304233 ) ) ;
#355 = EDGE_LOOP ( 'NONE', ( #4516, #2442, #3209, #531 ) ) ;
#356 = DIRECTION ( 'NONE',  ( -0.5725107064965884174, 0.000000000000000000, 0.8198972441390306454 ) ) ;
#357 = LINE ( 'NONE', #795, #3426 ) ;
#358 = ORIENTED_EDGE ( 'NONE', *, *, #2099, .T. ) ;
#359 = DIRECTION ( 'NONE',  ( 0.3000856176668329489, 0.000000000000000000, -0.9539122716840975347 ) ) ;
#360 = CARTESIAN_POINT ( 'NONE',  ( 50.32513311343010542, 0.000000000000000000, -8.156657968942276682 ) ) ;
#361 = DIRECTION ( 'NONE',  ( -0.5725107064965889725, -1.822260403705923918E-13, 0.8198972441390303123 ) ) ;
#362 = EDGE_LOOP ( 'NONE', ( #3128, #3088, #4811, #3734 ) ) ;
#363 = DIRECTION ( 'NONE',  ( 0.09941544087793829920, -0.9848077530122084644, -0.1423736623188791295 ) ) ;
#364 = CARTESIAN_POINT ( 'NONE',  ( 41.26446199845153018, 9.000000000000001776, 52.22348849544832206 ) ) ;
#365 = ORIENTED_EDGE ( 'NONE', *, *, #3796, .T. ) ;
#366 = CARTESIAN_POINT ( 'NONE',  ( 41.90958580973165937, -5.000000000000000000, 13.18408863916928375 ) ) ;
#367 = LINE ( 'NONE', #3121, #2030 ) ;
#368 = VECTOR ( 'NONE', #813, 1000.000000000000000 ) ;
#369 = FACE_OUTER_BOUND ( 'NONE', #3181, .T. ) ;
#370 = VERTEX_POINT ( 'NONE', #2840 ) ;
#371 = LINE ( 'NONE', #3154, #1822 ) ;
#372 = ORIENTED_EDGE ( 'NONE', *, *, #1352, .T. ) ;
#373 = ORIENTED_EDGE ( 'NONE', *, *, #4605, .F. ) ;
#374 = EDGE_CURVE ( 'NONE', #1973, #4139, #159, .T. ) ;
#375 = EDGE_CURVE ( 'NONE', #1273, #4524, #1649, .T. ) ;
#376 = VECTOR ( 'NONE', #2904, 1000.000000000000114 ) ;
#377 = CARTESIAN_POINT ( 'NONE',  ( 57.98498593535033052, -5.000000000000000000, 26.87032182043997963 ) ) ;
#378 = VERTEX_POINT ( 'NONE', #3976 ) ;
#379 = FACE_OUTER_BOUND ( 'NONE', #926, .T. ) ;
#380 = LINE ( 'NONE', #1596, #3949 ) ;
#381 = DIRECTION ( 'NONE',  ( 0.5725107064965888615, -1.957506293043472886E-13, -0.8198972441390304233 ) ) ;
#382 = CARTESIAN_POINT ( 'NONE',  ( 49.36056082781388454, 15.00000000000000355, 35.72804678594297911 ) ) ;
#383 = VERTEX_POINT ( 'NONE', #3187 ) ;
#384 = CARTESIAN_POINT ( 'NONE',  ( 52.47614172173023661, 8.999999999999724665, 34.75958247161220527 ) ) ;
#385 = FACE_OUTER_BOUND ( 'NONE', #2014, .T. ) ;
#386 = LINE ( 'NONE', #1099, #4420 ) ;
#387 = VECTOR ( 'NONE', #197, 999.9999999999998863 ) ;
#388 = VECTOR ( 'NONE', #1129, 1000.000000000000114 ) ;
#389 = DIRECTION ( 'NONE',  ( -0.5725107064965884174, 0.000000000000000000, 0.8198972441390306454 ) ) ;
#390 = VERTEX_POINT ( 'NONE', #4738 ) ;
#391 = DIRECTION ( 'NONE',  ( 0.000000000000000000, -1.000000000000000000, 0.000000000000000000 ) ) ;
#392 = ORIENTED_EDGE ( 'NONE', *, *, #4740, .T. ) ;
#393 = DIRECTION ( 'NONE',  ( -0.09941544087793835471, 0.9848077530122084644, 0.1423736623188794348 ) ) ;
#394 = DIRECTION ( 'NONE',  ( -0.9784308844114457671, -0.1227878039689709044, 0.1661209186897110446 ) ) ;
#395 = LINE ( 'NONE', #3502, #4839 ) ;
#396 = CARTESIAN_POINT ( 'NONE',  ( 49.51886865115630343, 4.270605861602607689, 40.74140953941839172 ) ) ;
#397 = EDGE_LOOP ( 'NONE', ( #373, #3402, #1233, #3987 ) ) ;
#398 = CARTESIAN_POINT ( 'NONE',  ( 30.71719835658715070, -5.000000000000000888, 58.93397352387899701 ) ) ;
#399 = VERTEX_POINT ( 'NONE', #1231 ) ;
#400 = ORIENTED_EDGE ( 'NONE', *, *, #4135, .F. ) ;
#401 = CARTESIAN_POINT ( 'NONE',  ( 36.30731671969166996, 9.000000000000001776, 54.42170395231286761 ) ) ;
#402 = ORIENTED_EDGE ( 'NONE', *, *, #4042, .T. ) ;
#403 = EDGE_CURVE ( 'NONE', #1703, #2656, #918, .T. ) ;
#404 = EDGE_CURVE ( 'NONE', #125, #4054, #4836, .T. ) ;
#405 = LINE ( 'NONE', #2401, #1575 ) ;
#406 = LINE ( 'NONE', #3282, #310 ) ;
#407 = EDGE_CURVE ( 'NONE', #803, #4530, #2075, .T. ) ;
#408 = EDGE_LOOP ( 'NONE', ( #1182, #3300, #4570, #2732, #1488, #298 ) ) ;
#409 = DIRECTION ( 'NONE',  ( -0.8198972441390307564, 0.000000000000000000, -0.5725107064965883064 ) ) ;
#410 = FACE_BOUND ( 'NONE', #3127, .T. ) ;
#411 = VECTOR ( 'NONE', #2107, 1000.000000000000000 ) ;
#412 = FACE_OUTER_BOUND ( 'NONE', #1762, .T. ) ;
#413 = VERTEX_POINT ( 'NONE', #1334 ) ;
#414 = LINE ( 'NONE', #3089, #1954 ) ;
#415 = ORIENTED_EDGE ( 'NONE', *, *, #4805, .T. ) ;
#416 = CARTESIAN_POINT ( 'NONE',  ( 58.22354057252321269, 8.999999999999641176, 28.27537800764711307 ) ) ;
#417 = ADVANCED_FACE ( 'NONE', ( #4425 ), #4355, .F. ) ;
#418 = VECTOR ( 'NONE', #960, 1000.000000000000000 ) ;
#419 = CARTESIAN_POINT ( 'NONE',  ( 43.53449703527785886, 6.113726289729735974, 49.31167685509488052 ) ) ;
#420 = LINE ( 'NONE', #1996, #353 ) ;
#421 = ORIENTED_EDGE ( 'NONE', *, *, #3212, .T. ) ;
#422 = DIRECTION ( 'NONE',  ( 0.3000856176668329489, 0.000000000000000000, -0.9539122716840975347 ) ) ;
#423 = VERTEX_POINT ( 'NONE', #4024 ) ;
#424 = ORIENTED_EDGE ( 'NONE', *, *, #4264, .T. ) ;
#425 = VECTOR ( 'NONE', #3588, 1000.000000000000114 ) ;
#426 = AXIS2_PLACEMENT_3D ( 'NONE', #2695, #291, #749 ) ;
#427 = CARTESIAN_POINT ( 'NONE',  ( 30.61432606103486265, 1.999999999999964473, 66.61374773102785696 ) ) ;
#428 = ORIENTED_EDGE ( 'NONE', *, *, #1980, .F. ) ;
#429 = LINE ( 'NONE', #4689, #1725 ) ;
#430 = LINE ( 'NONE', #4448, #1872 ) ;
#431 = VERTEX_POINT ( 'NONE', #4378 ) ;
#432 = ORIENTED_EDGE ( 'NONE', *, *, #1718, .T. ) ;
#433 = CARTESIAN_POINT ( 'NONE',  ( 56.34519144707226701, -3.000000000000000000, 25.72530040744680235 ) ) ;
#434 = EDGE_CURVE ( 'NONE', #8, #2576, #871, .T. ) ;
#435 = EDGE_CURVE ( 'NONE', #3289, #2758, #847, .T. ) ;
#436 = CARTESIAN_POINT ( 'NONE',  ( 63.38496883146206784, 1.604334603807751804E-18, 20.88365457382431956 ) ) ;
#437 = ORIENTED_EDGE ( 'NONE', *, *, #2846, .T. ) ;
#438 = DIRECTION ( 'NONE',  ( -0.9784308844114454340, -0.1227878039689712930, 0.1661209186897134871 ) ) ;
#439 = ORIENTED_EDGE ( 'NONE', *, *, #4821, .F. ) ;
#440 = CARTESIAN_POINT ( 'NONE',  ( 50.67541708182947957, -0.1715728752537531987, 18.10726464483085252 ) ) ;
#441 = PLANE ( 'NONE',  #4512 ) ;
#442 = DIRECTION ( 'NONE',  ( -0.000000000000000000, -1.000000000000000000, 0.000000000000000000 ) ) ;
#443 = ORIENTED_EDGE ( 'NONE', *, *, #865, .T. ) ;
#444 = EDGE_CURVE ( 'NONE', #5007, #1038, #452, .T. ) ;
#445 = ORIENTED_EDGE ( 'NONE', *, *, #3438, .F. ) ;
#446 = ORIENTED_EDGE ( 'NONE', *, *, #4740, .F. ) ;
#447 = CARTESIAN_POINT ( 'NONE',  ( 50.98352042590118316, 3.000000000000000000, -9.099539799702162313 ) ) ;
#448 = ORIENTED_EDGE ( 'NONE', *, *, #2626, .F. ) ;
#449 = DIRECTION ( 'NONE',  ( -0.09941544087793899309, 0.9848077530122082424, 0.1423736623188801287 ) ) ;
#450 = VECTOR ( 'NONE', #4250, 1000.000000000000114 ) ;
#451 = CIRCLE ( 'NONE', #5035, 3.000000000000000444 ) ;
#452 = LINE ( 'NONE', #3283, #994 ) ;
#453 = B_SPLINE_CURVE_WITH_KNOTS ( 'NONE', 3,
 ( #2288, #2669, #5058, #693, #3149, #1968 ),
 .UNSPECIFIED., .F., .F.,
 ( 4, 2, 4 ),
 ( 0.000000000000000000, 0.0006349162465998929757, 0.001269832493199785951 ),
 .UNSPECIFIED. ) ;
#454 = VECTOR ( 'NONE', #2503, 1000.000000000000114 ) ;
#455 = ORIENTED_EDGE ( 'NONE', *, *, #1796, .T. ) ;
#456 = EDGE_LOOP ( 'NONE', ( #4944, #2102, #3702, #4293 ) ) ;
#457 = FACE_OUTER_BOUND ( 'NONE', #1964, .T. ) ;
#458 = LINE ( 'NONE', #771, #2657 ) ;
#459 = FACE_BOUND ( 'NONE', #1929, .T. ) ;
#460 = CARTESIAN_POINT ( 'NONE',  ( 41.90958580973165937, -5.000000000000000000, 13.18408863916928375 ) ) ;
#461 = LINE ( 'NONE', #4773, #3698 ) ;
#462 = CARTESIAN_POINT ( 'NONE',  ( 63.38496883146206784, 1.604334603807750263E-18, 20.88365457382431956 ) ) ;
#463 = ORIENTED_EDGE ( 'NONE', *, *, #3668, .F. ) ;
#464 = EDGE_CURVE ( 'NONE', #3724, #683, #2054, .T. ) ;
#465 = CARTESIAN_POINT ( 'NONE',  ( 57.98498593535032342, -5.000000000000000000, 26.87032182043997608 ) ) ;
#466 = EDGE_CURVE ( 'NONE', #2696, #4595, #461, .T. ) ;
#467 = VECTOR ( 'NONE', #1860, 1000.000000000000114 ) ;
#468 = AXIS2_PLACEMENT_3D ( 'NONE', #1400, #3061, #1814 ) ;
#469 = PLANE ( 'NONE',  #4428 ) ;
#470 = CARTESIAN_POINT ( 'NONE',  ( 59.28548261076690551, 15.00000000000000355, 18.02110104134137458 ) ) ;
#471 = EDGE_LOOP ( 'NONE', ( #4013, #4189, #1062, #4269 ) ) ;
#472 = ORIENTED_EDGE ( 'NONE', *, *, #1317, .T. ) ;
#473 = EDGE_CURVE ( 'NONE', #488, #4730, #3520, .T. ) ;
#474 = ORIENTED_EDGE ( 'NONE', *, *, #3238, .T. ) ;
#475 = CARTESIAN_POINT ( 'NONE',  ( 38.76704353919519974, 1.999999999999850786, 54.39249359789319271 ) ) ;
#476 = VECTOR ( 'NONE', #4658, 1000.000000000000000 ) ;
#477 = CARTESIAN_POINT ( 'NONE',  ( 57.98498593535032342, 9.000000000000001776, 26.87032182043997608 ) ) ;
#478 = EDGE_LOOP ( 'NONE', ( #1451, #2667, #702, #1692 ) ) ;
#479 = EDGE_CURVE ( 'NONE', #2755, #2269, #877, .T. ) ;
#480 = CARTESIAN_POINT ( 'NONE',  ( 45.88267470181897068, 8.999999999999548805, 45.94883250004814101 ) ) ;
#481 = DIRECTION ( 'NONE',  ( 0.000000000000000000, 1.000000000000000000, 0.000000000000000000 ) ) ;
#482 = EDGE_LOOP ( 'NONE', ( #2068, #2909, #1133, #4500, #4968, #3856 ) ) ;
#483 = VERTEX_POINT ( 'NONE', #2432 ) ;
#484 = CARTESIAN_POINT ( 'NONE',  ( 41.90958580973165937, 15.00000000000000355, 13.18408863916928375 ) ) ;
#485 = CARTESIAN_POINT ( 'NONE',  ( 49.34616957907119428, 1.999999999999734657, 41.34904818476148591 ) ) ;
#486 = CARTESIAN_POINT ( 'NONE',  ( 33.96484291567369951, -5.000000000000133227, 61.26976421021400654 ) ) ;
#487 = ORIENTED_EDGE ( 'NONE', *, *, #567, .T. ) ;
#488 = VERTEX_POINT ( 'NONE', #4669 ) ;
#489 = LINE ( 'NONE', #1367, #1239 ) ;
#490 = VECTOR ( 'NONE', #4585, 999.9999999999998863 ) ;
#491 = ADVANCED_FACE ( 'NONE', ( #3905 ), #775, .F. ) ;
#492 = AXIS2_PLACEMENT_3D ( 'NONE', #3344, #1759, #2208 ) ;
#493 = LINE ( 'NONE', #2065, #2462 ) ;
#494 = LINE ( 'NONE', #151, #2296 ) ;
#495 = ORIENTED_EDGE ( 'NONE', *, *, #2418, .T. ) ;
#496 = ORIENTED_EDGE ( 'NONE', *, *, #650, .T. ) ;
#497 = ORIENTED_EDGE ( 'NONE', *, *, #3952, .F. ) ;
#498 = EDGE_CURVE ( 'NONE', #2592, #4598, #854, .T. ) ;
#499 = ADVANCED_FACE ( 'NONE', ( #412 ), #68, .F. ) ;
#500 = CARTESIAN_POINT ( 'NONE',  ( 48.36251976482873971, -5.000000000000308198, 40.65073396907933301 ) ) ;
#501 = AXIS2_PLACEMENT_3D ( 'NONE', #2861, #3157, #841 ) ;
#502 = ORIENTED_EDGE ( 'NONE', *, *, #1423, .F. ) ;
#503 = PLANE ( 'NONE',  #4480 ) ;
#504 = PLANE ( 'NONE',  #3193 ) ;
#505 = ORIENTED_EDGE ( 'NONE', *, *, #4423, .T. ) ;
#506 = EDGE_CURVE ( 'NONE', #1477, #4328, #829, .T. ) ;
#507 = ORIENTED_EDGE ( 'NONE', *, *, #2591, .F. ) ;
#508 = DIRECTION ( 'NONE',  ( 0.09941544087793786899, -0.9848077530122085754, -0.1423736623188786299 ) ) ;
#509 = DIRECTION ( 'NONE',  ( 0.09941544087794626505, 0.9848077530122059109, -0.1423736623188906203 ) ) ;
#510 = ORIENTED_EDGE ( 'NONE', *, *, #2279, .T. ) ;
#511 = LINE ( 'NONE', #1728, #2224 ) ;
#512 = ORIENTED_EDGE ( 'NONE', *, *, #1578, .F. ) ;
#513 = CARTESIAN_POINT ( 'NONE',  ( 43.77044246470936173, 15.00000000000000355, 40.24031635750910141 ) ) ;
#514 = CARTESIAN_POINT ( 'NONE',  ( 33.04400569266112342, 15.00000000000000355, 59.09511824390533263 ) ) ;
#515 = DIRECTION ( 'NONE',  ( -0.1810789180022992495, 0.1227878039689753731, -0.9757733244209912948 ) ) ;
#516 = ORIENTED_EDGE ( 'NONE', *, *, #1768, .F. ) ;
#517 = ORIENTED_EDGE ( 'NONE', *, *, #3413, .F. ) ;
#518 = LINE ( 'NONE', #3302, #1897 ) ;
#519 = CARTESIAN_POINT ( 'NONE',  ( 29.78069466563056622, -5.000000000000000000, 63.76853253549780476 ) ) ;
#520 = VECTOR ( 'NONE', #2941, 999.9999999999998863 ) ;
#521 = EDGE_LOOP ( 'NONE', ( #1060, #3731, #1592, #3472 ) ) ;
#522 = ADVANCED_FACE ( 'NONE', ( #4744 ), #1579, .F. ) ;
#523 = EDGE_CURVE ( 'NONE', #1260, #3656, #3144, .T. ) ;
#524 = CARTESIAN_POINT ( 'NONE',  ( 43.01198407361560783, -5.000000000000233591, 50.05997192177649424 ) ) ;
#525 = EDGE_LOOP ( 'NONE', ( #4953, #4259, #4333, #1848, #1551, #619 ) ) ;
#526 = EDGE_LOOP ( 'NONE', ( #166, #4860, #4433, #510 ) ) ;
#527 = EDGE_CURVE ( 'NONE', #4722, #423, #1659, .T. ) ;
#528 = DIRECTION ( 'NONE',  ( -0.8198972441390307564, 0.000000000000000000, -0.5725107064965883064 ) ) ;
#529 = VECTOR ( 'NONE', #1847, 1000.000000000000227 ) ;
#530 = CARTESIAN_POINT ( 'NONE',  ( 37.41687615084318708, -5.000000000000000000, 56.32607930777513872 ) ) ;
#531 = ORIENTED_EDGE ( 'NONE', *, *, #3158, .F. ) ;
#532 = LINE ( 'NONE', #3887, #1331 ) ;
#533 = VERTEX_POINT ( 'NONE', #1240 ) ;
#534 = DIRECTION ( 'NONE',  ( -0.5725107064965884174, 0.000000000000000000, 0.8198972441390306454 ) ) ;
#535 = EDGE_CURVE ( 'NONE', #4220, #3, #4694, .T. ) ;
#536 = CARTESIAN_POINT ( 'NONE',  ( 41.90958580973165937, -5.000000000000000000, 13.18408863916928375 ) ) ;
#537 = DIRECTION ( 'NONE',  ( 0.09941544087794625117, 0.9848077530122059109, -0.1423736623188905925 ) ) ;
#538 = CARTESIAN_POINT ( 'NONE',  ( 31.20138834712428277, 1.999999999999942712, 65.22732999779910301 ) ) ;
#539 = ORIENTED_EDGE ( 'NONE', *, *, #3990, .F. ) ;
#540 = ORIENTED_EDGE ( 'NONE', *, *, #1864, .F. ) ;
#541 = CARTESIAN_POINT ( 'NONE',  ( 57.98498593535032342, 4.000000000000000000, 26.87032182043997608 ) ) ;
#542 = LINE ( 'NONE', #5042, #897 ) ;
#543 = DIRECTION ( 'NONE',  ( 0.5725107064965886394, -0.000000000000000000, -0.8198972441390305343 ) ) ;
#544 = ORIENTED_EDGE ( 'NONE', *, *, #375, .F. ) ;
#545 = VECTOR ( 'NONE', #1823, 999.9999999999998863 ) ;
#546 = EDGE_CURVE ( 'NONE', #383, #1939, #4006, .T. ) ;
#547 = CARTESIAN_POINT ( 'NONE',  ( 37.55012541939942139, 7.956846717856902451, 57.88194417077136933 ) ) ;
#548 = EDGE_CURVE ( 'NONE', #4722, #1481, #2823, .T. ) ;
#549 = ORIENTED_EDGE ( 'NONE', *, *, #707, .F. ) ;
#550 = AXIS2_PLACEMENT_3D ( 'NONE', #4098, #4864, #583 ) ;
#551 = EDGE_LOOP ( 'NONE', ( #2339, #3534, #4422, #3057 ) ) ;
#552 = DIRECTION ( 'NONE',  ( -0.09941544087793841022, 0.9848077530122084644, 0.1423736623188794348 ) ) ;
#553 = CARTESIAN_POINT ( 'NONE',  ( 44.24889780792729965, -5.000000000000257572, 46.54188546654638259 ) ) ;
#554 = CARTESIAN_POINT ( 'NONE',  ( 41.90393393394258226, 0.000000000000000000, 13.20205482400400143 ) ) ;
#555 = ADVANCED_FACE ( 'NONE', ( #2411 ), #4309, .F. ) ;
#556 = DIRECTION ( 'NONE',  ( 0.09941544087794622342, 0.9848077530122059109, -0.1423736623188905925 ) ) ;
#557 = EDGE_LOOP ( 'NONE', ( #1330, #463, #4735, #1709, #2038, #3574 ) ) ;
#558 = PLANE ( 'NONE',  #327 ) ;
#559 = LINE ( 'NONE', #2930, #869 ) ;
#560 = LINE ( 'NONE', #2508, #881 ) ;
#561 = CARTESIAN_POINT ( 'NONE',  ( 50.28183698626979492, -0.04035339697706767648, 18.44875228768803410 ) ) ;
#562 = DIRECTION ( 'NONE',  ( -0.5725107064965885284, 0.000000000000000000, 0.8198972441390305343 ) ) ;
#563 = ORIENTED_EDGE ( 'NONE', *, *, #2219, .T. ) ;
#564 = ORIENTED_EDGE ( 'NONE', *, *, #4577, .T. ) ;
#565 = VECTOR ( 'NONE', #224, 1000.000000000000114 ) ;
#566 = CARTESIAN_POINT ( 'NONE',  ( 57.98498593535032342, 9.000000000000001776, 26.87032182043997608 ) ) ;
#567 = EDGE_CURVE ( 'NONE', #769, #4231, #1265, .T. ) ;
#568 = DIRECTION ( 'NONE',  ( -0.8198972441390307564, 0.000000000000000000, -0.5725107064965883064 ) ) ;
#569 = VECTOR ( 'NONE', #4070, 1000.000000000000000 ) ;
#570 = VECTOR ( 'NONE', #3524, 1000.000000000000114 ) ;
#571 = CARTESIAN_POINT ( 'NONE',  ( 24.89389452041838169, -5.000005999999999950, 67.27357436082418474 ) ) ;
#572 = CARTESIAN_POINT ( 'NONE',  ( 57.98498593535033052, -5.000000000000000000, 26.87032182043997963 ) ) ;
#573 = ORIENTED_EDGE ( 'NONE', *, *, #1225, .T. ) ;
#574 = CARTESIAN_POINT ( 'NONE',  ( 53.57775827293769311, 4.000000000000000000, -11.12504262591331639 ) ) ;
#575 = VECTOR ( 'NONE', #3903, 1000.000000000000114 ) ;
#576 = ORIENTED_EDGE ( 'NONE', *, *, #589, .T. ) ;
#577 = LINE ( 'NONE', #1232, #842 ) ;
#578 = ORIENTED_EDGE ( 'NONE', *, *, #4629, .F. ) ;
#579 = VECTOR ( 'NONE', #1587, 1000.000000000000000 ) ;
#580 = VECTOR ( 'NONE', #1305, 1000.000000000000000 ) ;
#581 = DIRECTION ( 'NONE',  ( 0.09941544087794625117, 0.9848077530122059109, -0.1423736623188905925 ) ) ;
#582 = CARTESIAN_POINT ( 'NONE',  ( 53.50844972840859981, 3.041858909517860532, 35.02789799563406348 ) ) ;
#583 = DIRECTION ( 'NONE',  ( -0.09941544087794605689, -0.9848077530122059109, 0.1423736623188903705 ) ) ;
#584 = APPROVAL_STATUS ( 'not_yet_approved' ) ;
#585 = EDGE_LOOP ( 'NONE', ( #3071, #3196, #2811, #2428, #2715, #1892, #2161, #4589, #3001, #718, #4163, #2920, #3379, #3967, #4662, #3563, #3639, #992, #2209, #1673, #539, #3225, #2902, #4142, #1429, #505, #3956, #349, #1522, #2850, #2006, #4538, #1614, #1723, #59, #512, #4898, #2702, #901, #1278, #4296, #1666, #1173, #1808, #1997, #186, #239, #3423, #3427, #3470, #3742, #3601, #2615, #2334, #2067, #2117, #2792, #4731, #215, #97, #1948, #3363, #4395, #1201, #921, #1091, #4645, #1644 ) ) ;
#586 = DIRECTION ( 'NONE',  ( 0.09941544087794575157, 0.9848077530122061329, -0.1423736623188898154 ) ) ;
#587 = EDGE_CURVE ( 'NONE', #4054, #4923, #1110, .T. ) ;
#588 = DIRECTION ( 'NONE',  ( -0.09941544087793842410, 0.9848077530122084644, 0.1423736623188794348 ) ) ;
#589 = EDGE_CURVE ( 'NONE', #1702, #4188, #3113, .T. ) ;
#590 = AXIS2_PLACEMENT_3D ( 'NONE', #727, #2728, #4292 ) ;
#591 = CARTESIAN_POINT ( 'NONE',  ( 28.14090017735250271, 15.00000000000000355, 62.62351112250463814 ) ) ;
#592 = LINE ( 'NONE', #4897, #1399 ) ;
#593 = ORIENTED_EDGE ( 'NONE', *, *, #3983, .F. ) ;
#594 = ORIENTED_EDGE ( 'NONE', *, *, #4103, .F. ) ;
#595 = FACE_OUTER_BOUND ( 'NONE', #4387, .T. ) ;
#596 = LINE ( 'NONE', #247, #3030 ) ;
#597 = EDGE_CURVE ( 'NONE', #1817, #207, #802, .T. ) ;
#598 = CARTESIAN_POINT ( 'NONE',  ( 37.41687615084317287, 8.999999999999449329, 56.32607930777512451 ) ) ;
#599 = EDGE_CURVE ( 'NONE', #4595, #4371, #4405, .T. ) ;
#600 = LINE ( 'NONE', #3017, #4452 ) ;
#601 = ORIENTED_EDGE ( 'NONE', *, *, #434, .T. ) ;
#602 = ORIENTED_EDGE ( 'NONE', *, *, #1167, .T. ) ;
#603 = AXIS2_PLACEMENT_3D ( 'NONE', #4686, #791, #2761 ) ;
#604 = DIRECTION ( 'NONE',  ( -0.8198972441390307564, 0.000000000000000000, -0.5725107064965883064 ) ) ;
#605 = CARTESIAN_POINT ( 'NONE',  ( 47.03375349173990827, 9.000000000000001776, 35.56690206591662928 ) ) ;
#606 = CARTESIAN_POINT ( 'NONE',  ( 31.90803193722303277, 8.999999999999976907, 64.21533995894743896 ) ) ;
#607 = ORIENTED_EDGE ( 'NONE', *, *, #4499, .F. ) ;
#608 = CARTESIAN_POINT ( 'NONE',  ( 37.93083325844416720, 15.00000000000000355, 48.60326824772722176 ) ) ;
#609 = FACE_OUTER_BOUND ( 'NONE', #3202, .T. ) ;
#610 = LOCAL_TIME ( 11, 2, 28.00000000000000000, #2249 ) ;
#611 = FACE_OUTER_BOUND ( 'NONE', #2216, .T. ) ;
#612 = AXIS2_PLACEMENT_3D ( 'NONE', #3980, #2743, #121 ) ;
#613 = ADVANCED_FACE ( 'NONE', ( #923 ), #3312, .F. ) ;
#614 = CARTESIAN_POINT ( 'NONE',  ( 35.64371067355077116, 9.000000000000001776, 33.10205482400400001 ) ) ;
#615 = CARTESIAN_POINT ( 'NONE',  ( 59.28548261076690551, 15.00000000000000355, 18.02110104134137458 ) ) ;
#616 = ORIENTED_EDGE ( 'NONE', *, *, #3249, .F. ) ;
#617 = EDGE_CURVE ( 'NONE', #378, #778, #4630, .T. ) ;
#618 = AXIS2_PLACEMENT_3D ( 'NONE', #4384, #4719, #1159 ) ;
#619 = ORIENTED_EDGE ( 'NONE', *, *, #678, .T. ) ;
#620 = CARTESIAN_POINT ( 'NONE',  ( 59.28548261076690551, 9.000000000000001776, 18.02110104134137458 ) ) ;
#621 = CARTESIAN_POINT ( 'NONE',  ( 57.98498593535032342, 8.999999999999641176, 26.87032182043997608 ) ) ;
#622 = FACE_OUTER_BOUND ( 'NONE', #284, .T. ) ;
#623 = CARTESIAN_POINT ( 'NONE',  ( 41.90958580973165937, 15.00000000000000355, 13.18408863916928375 ) ) ;
#624 = DIRECTION ( 'NONE',  ( 0.000000000000000000, 1.000000000000000000, 0.000000000000000000 ) ) ;
#625 = ADVANCED_FACE ( 'NONE', ( #1363 ), #970, .F. ) ;
#626 = ORIENTED_EDGE ( 'NONE', *, *, #1198, .T. ) ;
#627 = AXIS2_PLACEMENT_3D ( 'NONE', #3243, #4330, #508 ) ;
#628 = ORIENTED_EDGE ( 'NONE', *, *, #80, .T. ) ;
#629 = CARTESIAN_POINT ( 'NONE',  ( 33.85058139796116450, -5.000000000000000888, 38.80205482400400285 ) ) ;
#630 = ADVANCED_FACE ( 'NONE', ( #3690 ), #124, .F. ) ;
#631 = DIRECTION ( 'NONE',  ( 0.5725107064965883064, 0.000000000000000000, -0.8198972441390307564 ) ) ;
#632 = FACE_OUTER_BOUND ( 'NONE', #1188, .T. ) ;
#633 = DIRECTION ( 'NONE',  ( 0.09941544087794626505, 0.9848077530122059109, -0.1423736623188906203 ) ) ;
#634 = CALENDAR_DATE ( 2026, 15, 9 ) ;
#635 = ORIENTED_EDGE ( 'NONE', *, *, #3882, .T. ) ;
#636 = CARTESIAN_POINT ( 'NONE',  ( 52.62387185484443819, -5.000000000000000000, 31.05463249435049988 ) ) ;
#637 = CARTESIAN_POINT ( 'NONE',  ( 39.93653634580832090, -7.221858483385748428, 54.46434565297388275 ) ) ;
#638 = CARTESIAN_POINT ( 'NONE',  ( 27.45388732955660060, 9.000000000000001776, 63.60738781547146914 ) ) ;
#639 = CARTESIAN_POINT ( 'NONE',  ( 33.72663953695371930, -9.134438182579518894, 63.35758943373100038 ) ) ;
#640 = CARTESIAN_POINT ( 'NONE',  ( 42.19208682947657962, -5.000000000000233591, 49.48746121527990027 ) ) ;
#641 = LINE ( 'NONE', #954, #3850 ) ;
#642 = VERTEX_POINT ( 'NONE', #4840 ) ;
#643 = ORIENTED_EDGE ( 'NONE', *, *, #2289, .F. ) ;
#644 = DIRECTION ( 'NONE',  ( 0.000000000000000000, 1.000000000000000000, 0.000000000000000000 ) ) ;
#645 = DIRECTION ( 'NONE',  ( 0.000000000000000000, -1.000000000000000000, 0.000000000000000000 ) ) ;
#646 = EDGE_CURVE ( 'NONE', #483, #1260, #4794, .T. ) ;
#647 = VECTOR ( 'NONE', #179, 1000.000000000000000 ) ;
#648 = DIRECTION ( 'NONE',  ( -0.1810789180022920331, 0.1227878039689720840, -0.9757733244209930712 ) ) ;
#649 = VERTEX_POINT ( 'NONE', #3266 ) ;
#650 = EDGE_CURVE ( 'NONE', #2420, #133, #3336, .T. ) ;
#651 = VECTOR ( 'NONE', #216, 1000.000000000000000 ) ;
#652 = FACE_OUTER_BOUND ( 'NONE', #3045, .T. ) ;
#653 = ADVANCED_FACE ( 'NONE', ( #4815 ), #1752, .F. ) ;
#654 = ORIENTED_EDGE ( 'NONE', *, *, #2787, .T. ) ;
#655 = CARTESIAN_POINT ( 'NONE',  ( 40.88139938144029628, 1.999999999999832578, 51.78584970927563091 ) ) ;
#656 = VECTOR ( 'NONE', #2629, 1000.000000000000114 ) ;
#657 = CARTESIAN_POINT ( 'NONE',  ( 57.98498593535032342, 4.000000000000000000, 26.87032182043997608 ) ) ;
#658 = PLANE ( 'NONE',  #4578 ) ;
#659 = EDGE_CURVE ( 'NONE', #649, #2027, #4453, .T. ) ;
#660 = VECTOR ( 'NONE', #2906, 1000.000000000000114 ) ;
#661 = ORIENTED_EDGE ( 'NONE', *, *, #4981, .T. ) ;
#662 = DIRECTION ( 'NONE',  ( 0.09941544087794607076, 0.9848077530122059109, -0.1423736623188903982 ) ) ;
#663 = CARTESIAN_POINT ( 'NONE',  ( 41.90958580973165937, -5.000000000000000000, 13.18408863916928375 ) ) ;
#664 = CARTESIAN_POINT ( 'NONE',  ( 38.07846487257519641, 8.999999999999900524, 55.37861271274687169 ) ) ;
#665 = VECTOR ( 'NONE', #2526, 999.9999999999998863 ) ;
#666 = DIRECTION ( 'NONE',  ( -0.9784308844114431025, 0.1227878039689824091, 0.1661209186897184553 ) ) ;
#667 = ORIENTED_EDGE ( 'NONE', *, *, #941, .T. ) ;
#668 = DIRECTION ( 'NONE',  ( -0.1673875490687137257, -0.000000000000000000, -0.9858911747331796649 ) ) ;
#669 = ORIENTED_EDGE ( 'NONE', *, *, #479, .T. ) ;
#670 = CARTESIAN_POINT ( 'NONE',  ( 46.30570878637801968, -5.000000000000282441, 43.59630971781285780 ) ) ;
#671 = CARTESIAN_POINT ( 'NONE',  ( 54.53295270018095664, 8.999999999999699796, 31.81400672287868758 ) ) ;
#672 = CARTESIAN_POINT ( 'NONE',  ( 42.83393877375277725, -5.000000000000000000, 45.07487536912792336 ) ) ;
#673 = CARTESIAN_POINT ( 'NONE',  ( 31.34022861054482689, 9.869426417050728872, 66.77518795152845144 ) ) ;
#674 = EDGE_LOOP ( 'NONE', ( #3807, #965, #2467, #956 ) ) ;
#675 = ORIENTED_EDGE ( 'NONE', *, *, #4233, .T. ) ;
#676 = ORIENTED_EDGE ( 'NONE', *, *, #1005, .T. ) ;
#677 = EDGE_LOOP ( 'NONE', ( #2104, #955, #4243, #2250 ) ) ;
#678 = EDGE_CURVE ( 'NONE', #231, #3969, #1311, .T. ) ;
#679 = EDGE_CURVE ( 'NONE', #1880, #803, #3666, .T. ) ;
#680 = FACE_OUTER_BOUND ( 'NONE', #2371, .T. ) ;
#681 = CARTESIAN_POINT ( 'NONE',  ( 59.28548261076690551, 9.000000000000001776, 18.02110104134137458 ) ) ;
#682 = EDGE_CURVE ( 'NONE', #4239, #830, #2152, .T. ) ;
#683 = VERTEX_POINT ( 'NONE', #4889 ) ;
#684 = DIRECTION ( 'NONE',  ( 0.5725107064965883064, 0.000000000000000000, -0.8198972441390307564 ) ) ;
#685 = DIRECTION ( 'NONE',  ( 0.5725107064965888615, -1.957506293043472886E-13, -0.8198972441390304233 ) ) ;
#686 = DIRECTION ( 'NONE',  ( 0.09941544087793881268, -0.9848077530122083534, -0.1423736623188798789 ) ) ;
#687 = PRODUCT_RELATED_PRODUCT_CATEGORY ( 'detail', '', ( #3840 ) ) ;
#688 = DIRECTION ( 'NONE',  ( 0.5725107064965860859, 0.000000000000000000, -0.8198972441390321997 ) ) ;
#689 = ORIENTED_EDGE ( 'NONE', *, *, #5034, .T. ) ;
#690 = DIRECTION ( 'NONE',  ( 0.000000000000000000, -1.000000000000000000, 0.000000000000000000 ) ) ;
#691 = ORIENTED_EDGE ( 'NONE', *, *, #4502, .T. ) ;
#692 = DIRECTION ( 'NONE',  ( -0.09941544087793839635, 0.9848077530122084644, 0.1423736623188794070 ) ) ;
#693 = CARTESIAN_POINT ( 'NONE',  ( 42.06313275912918925, -0.07524376904041951697, 12.92319614657099436 ) ) ;
#694 = ADVANCED_FACE ( 'NONE', ( #4503 ), #3713, .F. ) ;
#695 = VECTOR ( 'NONE', #3890, 1000.000000000000114 ) ;
#696 = AXIS2_PLACEMENT_3D ( 'NONE', #4170, #3789, #3314 ) ;
#697 = VECTOR ( 'NONE', #2555, 1000.000000000000114 ) ;
#698 = DIRECTION ( 'NONE',  ( 0.09941544087794627893, 0.9848077530122059109, -0.1423736623188905648 ) ) ;
#699 = DIRECTION ( 'NONE',  ( 0.3000856176668329489, 0.000000000000000000, -0.9539122716840975347 ) ) ;
#700 = ORIENTED_EDGE ( 'NONE', *, *, #3694, .T. ) ;
#701 = ORIENTED_EDGE ( 'NONE', *, *, #2046, .T. ) ;
#702 = ORIENTED_EDGE ( 'NONE', *, *, #137, .T. ) ;
#703 = VERTEX_POINT ( 'NONE', #530 ) ;
#704 = VECTOR ( 'NONE', #4390, 1000.000000000000000 ) ;
#705 = AXIS2_PLACEMENT_3D ( 'NONE', #1189, #4671, #1877 ) ;
#706 = LINE ( 'NONE', #1896, #1975 ) ;
#707 = EDGE_CURVE ( 'NONE', #919, #1977, #998, .T. ) ;
#708 = EDGE_CURVE ( 'NONE', #2091, #2896, #1683, .T. ) ;
#709 = CARTESIAN_POINT ( 'NONE',  ( 57.27834234525161605, 1.999999999999637845, 27.88231185929158684 ) ) ;
#710 = APPROVAL_ROLE ( '' ) ;
#711 = ORIENTED_EDGE ( 'NONE', *, *, #43, .T. ) ;
#712 = LINE ( 'NONE', #636, #4579 ) ;
#713 = CARTESIAN_POINT ( 'NONE',  ( 47.29855291955401952, 4.954438608711772218, 43.92114177639114558 ) ) ;
#714 = CARTESIAN_POINT ( 'NONE',  ( 57.43924618423870498, 1.999999999999632294, 28.83001481402537536 ) ) ;
#715 = EDGE_CURVE ( 'NONE', #4922, #300, #2079, .T. ) ;
#716 = VECTOR ( 'NONE', #4603, 1000.000000000000227 ) ;
#717 = FACE_OUTER_BOUND ( 'NONE', #3772, .T. ) ;
#718 = ORIENTED_EDGE ( 'NONE', *, *, #4349, .T. ) ;
#719 = CARTESIAN_POINT ( 'NONE',  ( 57.49803080566081803, 1.813111957433050980, 29.31438645184984537 ) ) ;
#720 = ORIENTED_EDGE ( 'NONE', *, *, #3186, .F. ) ;
#721 = CARTESIAN_POINT ( 'NONE',  ( 52.37983279255751512, 0.000000000000000000, -12.87755193253027564 ) ) ;
#722 = EDGE_LOOP ( 'NONE', ( #432, #1115, #2614, #2741 ) ) ;
#723 = FACE_OUTER_BOUND ( 'NONE', #1923, .T. ) ;
#724 = CIRCLE ( 'NONE', #1384, 1.149999999999998579 ) ;
#725 = CARTESIAN_POINT ( 'NONE',  ( 37.05933904901625908, 15.00000000000000355, 28.60205482400400356 ) ) ;
#726 = DIRECTION ( 'NONE',  ( -0.9539122716840974237, 0.000000000000000000, -0.3000856176668330044 ) ) ;
#727 = CARTESIAN_POINT ( 'NONE',  ( 51.28813399680631591, 3.725691656627018844, 38.20763023260681734 ) ) ;
#728 = ORIENTED_EDGE ( 'NONE', *, *, #1821, .F. ) ;
#729 = EDGE_CURVE ( 'NONE', #4347, #2665, #3762, .T. ) ;
#730 = ORIENTED_EDGE ( 'NONE', *, *, #126, .T. ) ;
#731 = VERTEX_POINT ( 'NONE', #2225 ) ;
#732 = DIRECTION ( 'NONE',  ( 0.8198972441390307564, 0.000000000000000000, 0.5725107064965883064 ) ) ;
#733 = VERTEX_POINT ( 'NONE', #4986 ) ;
#734 = AXIS2_PLACEMENT_3D ( 'NONE', #3490, #2306, #3165 ) ;
#735 = DIRECTION ( 'NONE',  ( 0.000000000000000000, -1.000000000000000000, 0.000000000000000000 ) ) ;
#736 = VECTOR ( 'NONE', #131, 1000.000000000000000 ) ;
#737 = DIRECTION ( 'NONE',  ( -0.9539122716840975347, 0.000000000000000000, -0.3000856176668329489 ) ) ;
#738 = DIRECTION ( 'NONE',  ( 0.5725107064965883064, 0.000000000000000000, -0.8198972441390307564 ) ) ;
#739 = APPROVAL_DATE_TIME ( #2333, #4394 ) ;
#740 = ORIENTED_EDGE ( 'NONE', *, *, #1569, .T. ) ;
#741 = DIRECTION ( 'NONE',  ( -0.1673875490687126155, 6.633256302074145576E-15, -0.9858911747331797759 ) ) ;
#742 = CARTESIAN_POINT ( 'NONE',  ( 33.54180883111465761, 8.999999999999699796, 63.62228699244927554 ) ) ;
#743 = LINE ( 'NONE', #5019, #4748 ) ;
#744 = CARTESIAN_POINT ( 'NONE',  ( 47.29171514753754479, 9.000000000000001776, -10.58939067180709337 ) ) ;
#745 = CARTESIAN_POINT ( 'NONE',  ( 49.28965306862168916, 1.999999999999719558, 41.06967104143271996 ) ) ;
#746 = EDGE_LOOP ( 'NONE', ( #3432, #2147, #4876, #4720 ) ) ;
#747 = PLANE ( 'NONE',  #4807 ) ;
#748 = ORIENTED_EDGE ( 'NONE', *, *, #4805, .F. ) ;
#749 = DIRECTION ( 'NONE',  ( 0.5725107064965868631, 0.000000000000000000, -0.8198972441390317556 ) ) ;
#750 = ORIENTED_EDGE ( 'NONE', *, *, #2992, .F. ) ;
#751 = ADVANCED_FACE ( 'NONE', ( #2683 ), #3360, .F. ) ;
#752 = CARTESIAN_POINT ( 'NONE',  ( 47.03375349173990827, -5.000000000000000888, 35.56690206591662928 ) ) ;
#753 = ADVANCED_FACE ( 'NONE', ( #2604 ), #3811, .F. ) ;
#754 = DIRECTION ( 'NONE',  ( -0.000000000000000000, -1.000000000000000000, 0.000000000000000000 ) ) ;
#755 = VECTOR ( 'NONE', #4995, 1000.000000000000114 ) ;
#756 = VECTOR ( 'NONE', #4401, 1000.000000000000114 ) ;
#757 = DIRECTION ( 'NONE',  ( -0.9832133515137239099, 0.000000000000000000, 0.1824595993779180303 ) ) ;
#758 = CARTESIAN_POINT ( 'NONE',  ( 37.32460022642329278, 8.026305988923690293, 58.20492063585194131 ) ) ;
#759 = VERTEX_POINT ( 'NONE', #709 ) ;
#760 = LINE ( 'NONE', #1561, #1994 ) ;
#761 = EDGE_LOOP ( 'NONE', ( #4213, #1164, #1696, #3561 ) ) ;
#762 = EDGE_CURVE ( 'NONE', #111, #4451, #1431, .T. ) ;
#763 = VERTEX_POINT ( 'NONE', #4168 ) ;
#764 = VECTOR ( 'NONE', #808, 1000.000000000000114 ) ;
#765 = CC_DESIGN_PERSON_AND_ORGANIZATION_ASSIGNMENT ( #1151, #3898, ( #3330 ) ) ;
#766 = LINE ( 'NONE', #401, #2573 ) ;
#767 = ORIENTED_EDGE ( 'NONE', *, *, #1391, .T. ) ;
#768 = CARTESIAN_POINT ( 'NONE',  ( 28.92107278762647837, 9.000000000000001776, 68.49298847681787095 ) ) ;
#769 = VERTEX_POINT ( 'NONE', #2199 ) ;
#770 = FACE_OUTER_BOUND ( 'NONE', #2520, .T. ) ;
#771 = CARTESIAN_POINT ( 'NONE',  ( 39.92075927825033688, 1.999999999999845679, 55.91758414904189323 ) ) ;
#772 = DIRECTION ( 'NONE',  ( 0.5725107064965868631, 0.000000000000000000, -0.8198972441390317556 ) ) ;
#773 = CARTESIAN_POINT ( 'NONE',  ( 60.92527709904497613, 0.000000000000000000, 19.16612245433455541 ) ) ;
#774 = AXIS2_PLACEMENT_3D ( 'NONE', #673, #4950, #1402 ) ;
#775 = PLANE ( 'NONE',  #840 ) ;
#776 = ORIENTED_EDGE ( 'NONE', *, *, #4632, .T. ) ;
#777 = DIRECTION ( 'NONE',  ( 0.000000000000000000, 1.000000000000000000, -0.000000000000000000 ) ) ;
#778 = VERTEX_POINT ( 'NONE', #1485 ) ;
#779 = LINE ( 'NONE', #2342, #2869 ) ;
#780 = LINE ( 'NONE', #2642, #3335 ) ;
#781 = ADVANCED_FACE ( 'NONE', ( #3384, #2998, #1410 ), #3077, .T. ) ;
#782 = ADVANCED_FACE ( 'NONE', ( #1020 ), #4912, .F. ) ;
#783 = DIRECTION ( 'NONE',  ( -0.5725107064965888615, 1.413412306762289668E-14, 0.8198972441390304233 ) ) ;
#784 = LINE ( 'NONE', #3476, #2972 ) ;
#785 = ORIENTED_EDGE ( 'NONE', *, *, #498, .T. ) ;
#786 = CARTESIAN_POINT ( 'NONE',  ( 37.42289374522957246, -4.999999999999973355, 58.06415368726653981 ) ) ;
#787 = ORIENTED_EDGE ( 'NONE', *, *, #1465, .T. ) ;
#788 = VERTEX_POINT ( 'NONE', #279 ) ;
#789 = EDGE_CURVE ( 'NONE', #3050, #4054, #3024, .T. ) ;
#790 = VECTOR ( 'NONE', #1547, 1000.000000000000227 ) ;
#791 = DIRECTION ( 'NONE',  ( -0.8198972441390304233, 6.115224255441237931E-17, -0.5725107064965888615 ) ) ;
#792 = EDGE_LOOP ( 'NONE', ( #4475, #4470, #3686, #2722 ) ) ;
#793 = FACE_BOUND ( 'NONE', #908, .T. ) ;
#794 = DIRECTION ( 'NONE',  ( -0.09941544087794607076, -0.9848077530122059109, 0.1423736623188903982 ) ) ;
#795 = CARTESIAN_POINT ( 'NONE',  ( 50.09575272056413553, 9.000000000000001776, 40.64346443863068004 ) ) ;
#796 = ADVANCED_FACE ( 'NONE', ( #632 ), #4959, .F. ) ;
#797 = ORIENTED_EDGE ( 'NONE', *, *, #1577, .F. ) ;
#798 = CARTESIAN_POINT ( 'NONE',  ( 57.98498593535033052, -5.000000000000000000, 26.87032182043997963 ) ) ;
#799 = DIRECTION ( 'NONE',  ( 0.09941544087794568219, 0.9848077530122061329, -0.1423736623188898154 ) ) ;
#800 = VECTOR ( 'NONE', #4199, 1000.000000000000227 ) ;
#801 = AXIS2_PLACEMENT_3D ( 'NONE', #1132, #4311, #2693 ) ;
#802 = LINE ( 'NONE', #165, #222 ) ;
#803 = VERTEX_POINT ( 'NONE', #4580 ) ;
#804 = LINE ( 'NONE', #3907, #2925 ) ;
#805 = ORIENTED_EDGE ( 'NONE', *, *, #2795, .T. ) ;
#806 = CARTESIAN_POINT ( 'NONE',  ( 50.98352042590118316, 7.000000000000000000, -9.099539799702162313 ) ) ;
#807 = CARTESIAN_POINT ( 'NONE',  ( 22.91416672600229987, 0.000000000000000000, 66.90196920633717070 ) ) ;
#808 = DIRECTION ( 'NONE',  ( 0.09941544087794675078, 0.9848077530122057999, -0.1423736623188913697 ) ) ;
#809 = EDGE_LOOP ( 'NONE', ( #1738, #3662, #3269, #3618 ) ) ;
#810 = DIRECTION ( 'NONE',  ( 0.2357274752667110063, 0.000000000000000000, 0.9718191999566494488 ) ) ;
#811 = ORIENTED_EDGE ( 'NONE', *, *, #2232, .F. ) ;
#812 = EDGE_LOOP ( 'NONE', ( #3560, #628, #1563, #3590 ) ) ;
#813 = DIRECTION ( 'NONE',  ( -0.5583376714448645695, 0.000000000000000000, -0.8296137924634128247 ) ) ;
#814 = ORIENTED_EDGE ( 'NONE', *, *, #2587, .T. ) ;
#815 = EDGE_CURVE ( 'NONE', #4874, #6, #2272, .T. ) ;
#816 = EDGE_CURVE ( 'NONE', #2468, #2073, #4194, .T. ) ;
#817 = CARTESIAN_POINT ( 'NONE',  ( 39.22996922472999870, -5.000000000000000000, 21.70205482400400143 ) ) ;
#818 = DIRECTION ( 'NONE',  ( 0.8198972441390306454, 0.000000000000000000, 0.5725107064965884174 ) ) ;
#819 = DIRECTION ( 'NONE',  ( 0.3000856176668329489, 0.000000000000000000, -0.9539122716840975347 ) ) ;
#820 = VECTOR ( 'NONE', #356, 1000.000000000000114 ) ;
#821 = VECTOR ( 'NONE', #1470, 1000.000000000000000 ) ;
#822 = ORIENTED_EDGE ( 'NONE', *, *, #2651, .T. ) ;
#823 = ADVANCED_FACE ( 'NONE', ( #680 ), #302, .F. ) ;
#824 = AXIS2_PLACEMENT_3D ( 'NONE', #4913, #3787, #2200 ) ;
#825 = CARTESIAN_POINT ( 'NONE',  ( 47.70093104309678722, -5.000000000000000000, 41.59820056410751477 ) ) ;
#826 = PLANE ( 'NONE',  #1712 ) ;
#827 = VECTOR ( 'NONE', #2535, 1000.000000000000114 ) ;
#828 = ADVANCED_FACE ( 'NONE', ( #329 ), #1898, .F. ) ;
#829 = LINE ( 'NONE', #1632, #2145 ) ;
#830 = VERTEX_POINT ( 'NONE', #1122 ) ;
#831 = CARTESIAN_POINT ( 'NONE',  ( 24.85710258975988651, 9.000000000000001776, 70.81964883509347430 ) ) ;
#832 = ORIENTED_EDGE ( 'NONE', *, *, #4892, .F. ) ;
#833 = DIRECTION ( 'NONE',  ( 0.5725107064965888615, 0.000000000000000000, -0.8198972441390304233 ) ) ;
#834 = FACE_OUTER_BOUND ( 'NONE', #525, .T. ) ;
#835 = LINE ( 'NONE', #3556, #2554 ) ;
#836 = ORIENTED_EDGE ( 'NONE', *, *, #3303, .F. ) ;
#837 = ORIENTED_EDGE ( 'NONE', *, *, #2895, .F. ) ;
#838 = ORIENTED_EDGE ( 'NONE', *, *, #3303, .T. ) ;
#839 = AXIS2_PLACEMENT_3D ( 'NONE', #4896, #3673, #150 ) ;
#840 = AXIS2_PLACEMENT_3D ( 'NONE', #44, #4364, #2060 ) ;
#841 = DIRECTION ( 'NONE',  ( 0.5725107064965860859, 0.000000000000000000, -0.8198972441390321997 ) ) ;
#842 = VECTOR ( 'NONE', #849, 1000.000000000000114 ) ;
#843 = CARTESIAN_POINT ( 'NONE',  ( 41.70580169145831917, -6.676944278410207545, 51.93056634616232259 ) ) ;
#844 = VERTEX_POINT ( 'NONE', #236 ) ;
#845 = DIRECTION ( 'NONE',  ( 0.000000000000000000, -1.000000000000000000, 0.000000000000000000 ) ) ;
#846 = EDGE_CURVE ( 'NONE', #3479, #4099, #3485, .T. ) ;
#847 = LINE ( 'NONE', #2097, #4764 ) ;
#848 = ADVANCED_FACE ( 'NONE', ( #4354 ), #1624, .F. ) ;
#849 = DIRECTION ( 'NONE',  ( 0.09941544087794627893, 0.9848077530122059109, -0.1423736623188905648 ) ) ;
#850 = ORIENTED_EDGE ( 'NONE', *, *, #883, .T. ) ;
#851 = ORIENTED_EDGE ( 'NONE', *, *, #1980, .T. ) ;
#852 = DIRECTION ( 'NONE',  ( 0.09941544087794625117, 0.9848077530122059109, -0.1423736623188905925 ) ) ;
#853 = DIRECTION ( 'NONE',  ( 0.8198972441390307564, 0.000000000000000000, 0.5725107064965883064 ) ) ;
#854 = LINE ( 'NONE', #2361, #4353 ) ;
#855 = VERTEX_POINT ( 'NONE', #4765 ) ;
#856 = EDGE_CURVE ( 'NONE', #932, #2468, #3896, .T. ) ;
#857 = EDGE_LOOP ( 'NONE', ( #730, #3449, #4209, #1023, #3130, #2048 ) ) ;
#858 = PLANE ( 'NONE',  #2211 ) ;
#859 = DIRECTION ( 'NONE',  ( 0.5725107064965889725, -1.957506293043472886E-13, -0.8198972441390303123 ) ) ;
#860 = DIRECTION ( 'NONE',  ( 0.09941544087794625117, 0.9848077530122059109, -0.1423736623188905925 ) ) ;
#861 = EDGE_LOOP ( 'NONE', ( #691, #1228, #1174, #2819, #2558, #106, #3551, #1634, #4883 ) ) ;
#862 = ORIENTED_EDGE ( 'NONE', *, *, #4323, .T. ) ;
#863 = VECTOR ( 'NONE', #2678, 1000.000000000000114 ) ;
#864 = ORIENTED_EDGE ( 'NONE', *, *, #172, .F. ) ;
#865 = EDGE_CURVE ( 'NONE', #2460, #4088, #1208, .T. ) ;
#866 = CARTESIAN_POINT ( 'NONE',  ( 59.28548261076690551, 15.00000000000000355, 18.02110104134137458 ) ) ;
#867 = ORIENTED_EDGE ( 'NONE', *, *, #374, .F. ) ;
#868 =( GEOMETRIC_REPRESENTATION_CONTEXT ( 3 ) GLOBAL_UNCERTAINTY_ASSIGNED_CONTEXT ( ( #4455 ) ) GLOBAL_UNIT_ASSIGNED_CONTEXT ( ( #4865, #4914, #2129 ) ) REPRESENTATION_CONTEXT ( 'NONE', 'WORKASPACE' ) );
#869 = VECTOR ( 'NONE', #975, 1000.000000000000000 ) ;
#870 = CARTESIAN_POINT ( 'NONE',  ( 63.38496883146206784, 6.436091176202789101E-17, 20.88365457382432311 ) ) ;
#871 = LINE ( 'NONE', #524, #4105 ) ;
#872 = VECTOR ( 'NONE', #4282, 999.9999999999998863 ) ;
#873 = VERTEX_POINT ( 'NONE', #1258 ) ;
#874 = ORIENTED_EDGE ( 'NONE', *, *, #678, .F. ) ;
#875 = LINE ( 'NONE', #3217, #5036 ) ;
#876 = ADVANCED_FACE ( 'NONE', ( #4377 ), #1179, .F. ) ;
#877 = LINE ( 'NONE', #3570, #3455 ) ;
#878 = LINE ( 'NONE', #1266, #1237 ) ;
#879 = ORIENTED_EDGE ( 'NONE', *, *, #2723, .F. ) ;
#880 = PLANE ( 'NONE',  #1146 ) ;
#881 = VECTOR ( 'NONE', #171, 999.9999999999998863 ) ;
#882 = EDGE_CURVE ( 'NONE', #4149, #1619, #1218, .T. ) ;
#883 = EDGE_CURVE ( 'NONE', #3979, #1648, #3106, .T. ) ;
#884 = CARTESIAN_POINT ( 'NONE',  ( 53.78720824126979494, 1.999999999999655609, 35.39713640491403623 ) ) ;
#885 = CARTESIAN_POINT ( 'NONE',  ( 58.22354057252322690, -5.000000000000151879, 28.27537800764709175 ) ) ;
#886 = VERTEX_POINT ( 'NONE', #1149 ) ;
#887 = ORIENTED_EDGE ( 'NONE', *, *, #4383, .F. ) ;
#888 = ORIENTED_EDGE ( 'NONE', *, *, #3696, .T. ) ;
#889 = EDGE_CURVE ( 'NONE', #2460, #1721, #3925, .T. ) ;
#890 = DIRECTION ( 'NONE',  ( -0.8198972441390304233, -8.021673019038770576E-19, -0.5725107064965888615 ) ) ;
#891 = EDGE_LOOP ( 'NONE', ( #864, #3596, #2286, #1947 ) ) ;
#892 = CARTESIAN_POINT ( 'NONE',  ( 37.67736761846527571, 9.000000000000001776, 57.86034061006851914 ) ) ;
#893 = DIRECTION ( 'NONE',  ( 0.09941544087793820206, -0.9848077530122085754, -0.1423736623188792405 ) ) ;
#894 = ORIENTED_EDGE ( 'NONE', *, *, #4502, .F. ) ;
#895 = ORIENTED_EDGE ( 'NONE', *, *, #5041, .T. ) ;
#896 = FACE_BOUND ( 'NONE', #4809, .T. ) ;
#897 = VECTOR ( 'NONE', #794, 1000.000000000000114 ) ;
#898 = DIRECTION ( 'NONE',  ( -0.1810789180022920608, -0.1227878039689818401, -0.9757733244209917389 ) ) ;
#899 = EDGE_LOOP ( 'NONE', ( #2057, #3237, #1130, #53 ) ) ;
#900 = LINE ( 'NONE', #2369, #1747 ) ;
#901 = ORIENTED_EDGE ( 'NONE', *, *, #3637, .F. ) ;
#902 = DIRECTION ( 'NONE',  ( -0.8198972441390304233, 0.000000000000000000, -0.5725107064965888615 ) ) ;
#903 = AXIS2_PLACEMENT_3D ( 'NONE', #911, #1374, #4111 ) ;
#904 = DIRECTION ( 'NONE',  ( 0.8198972441390304233, 0.000000000000000000, 0.5725107064965888615 ) ) ;
#905 = EDGE_CURVE ( 'NONE', #2601, #320, #406, .T. ) ;
#906 = CARTESIAN_POINT ( 'NONE',  ( 35.36006517239245994, 8.999999999999474198, 59.27165505650865640 ) ) ;
#907 = CARTESIAN_POINT ( 'NONE',  ( 51.24792778832606643, 0.000000000000000000, 17.28736740069182432 ) ) ;
#908 = EDGE_LOOP ( 'NONE', ( #424, #3286, #969, #2120 ) ) ;
#909 = EDGE_CURVE ( 'NONE', #4154, #2590, #2499, .T. ) ;
#910 = ORIENTED_EDGE ( 'NONE', *, *, #2826, .F. ) ;
#911 = CARTESIAN_POINT ( 'NONE',  ( 51.67975438458909565, -3.605076898198565694, 37.64678748670145580 ) ) ;
#912 = VECTOR ( 'NONE', #2602, 1000.000000000000114 ) ;
#913 = LINE ( 'NONE', #2051, #3641 ) ;
#914 = EDGE_CURVE ( 'NONE', #1910, #4154, #2118, .T. ) ;
#915 = VECTOR ( 'NONE', #4514, 1000.000000000000000 ) ;
#916 = ORIENTED_EDGE ( 'NONE', *, *, #1699, .T. ) ;
#917 = AXIS2_PLACEMENT_3D ( 'NONE', #4588, #690, #4230 ) ;
#918 = LINE ( 'NONE', #2894, #2969 ) ;
#919 = VERTEX_POINT ( 'NONE', #480 ) ;
#920 = DIRECTION ( 'NONE',  ( 0.09941544087794622342, 0.9848077530122059109, -0.1423736623188905925 ) ) ;
#921 = ORIENTED_EDGE ( 'NONE', *, *, #4880, .F. ) ;
#922 = DIRECTION ( 'NONE',  ( -0.8198972441390304233, 0.000000000000000000, -0.5725107064965888615 ) ) ;
#923 = FACE_OUTER_BOUND ( 'NONE', #2002, .T. ) ;
#924 = DIRECTION ( 'NONE',  ( 0.09941544087794627893, 0.9848077530122059109, -0.1423736623188905648 ) ) ;
#925 = CARTESIAN_POINT ( 'NONE',  ( 47.00030504738450077, 1.999999999999753308, 44.34826498245048043 ) ) ;
#926 = EDGE_LOOP ( 'NONE', ( #3018, #2543, #940, #5005, #5022, #1303, #1420, #4634, #837, #1566, #3963, #1653, #3401, #4118, #1606, #3416, #2647, #497, #3510, #1356, #1873, #594, #1379, #4015, #269, #2160, #1983, #3188, #2781, #2525, #3070, #601, #2382, #2942, #1395, #2706, #2256, #3806, #4047, #372, #1739, #1595, #1691, #1016, #4962, #3886, #2062, #1223, #1160, #2994, #1445, #1826, #5045, #811, #4507, #2453, #1760, #2444, #3747, #1243, #4651, #201 ) ) ;
#927 = CARTESIAN_POINT ( 'NONE',  ( 39.28354071802019121, 9.000000000000001776, 55.15498103032372512 ) ) ;
#928 = DIRECTION ( 'NONE',  ( 0.000000000000000000, 1.000000000000000000, 0.000000000000000000 ) ) ;
#929 = DIRECTION ( 'NONE',  ( -0.5725107064965879733, 0.000000000000000000, 0.8198972441390309784 ) ) ;
#930 = CARTESIAN_POINT ( 'NONE',  ( 44.93747647454735983, 1.999999999999775291, 45.55576635169263255 ) ) ;
#931 = DIRECTION ( 'NONE',  ( -0.5725107064965884174, 0.000000000000000000, 0.8198972441390306454 ) ) ;
#932 = VERTEX_POINT ( 'NONE', #2523 ) ;
#933 = ORIENTED_EDGE ( 'NONE', *, *, #137, .F. ) ;
#934 = FACE_OUTER_BOUND ( 'NONE', #2276, .T. ) ;
#935 = DIRECTION ( 'NONE',  ( 0.09941544087793882656, -0.9848077530122082424, -0.1423736623188798789 ) ) ;
#936 = ADVANCED_FACE ( 'NONE', ( #4023 ), #503, .F. ) ;
#937 = EDGE_CURVE ( 'NONE', #4273, #2521, #116, .T. ) ;
#938 = CARTESIAN_POINT ( 'NONE',  ( 50.86515056763069254, 9.000000000000001776, 16.71861254503624750 ) ) ;
#939 = VECTOR ( 'NONE', #4495, 1000.000000000000000 ) ;
#940 = ORIENTED_EDGE ( 'NONE', *, *, #3605, .F. ) ;
#941 = EDGE_CURVE ( 'NONE', #320, #383, #1144, .T. ) ;
#942 = DIRECTION ( 'NONE',  ( -0.9832133515137226887, -0.000000000000000000, 0.1824595993779241365 ) ) ;
#943 = ORIENTED_EDGE ( 'NONE', *, *, #2926, .T. ) ;
#944 = ORIENTED_EDGE ( 'NONE', *, *, #4125, .T. ) ;
#945 = CARTESIAN_POINT ( 'NONE',  ( 51.28813399680631591, 3.725691656627018400, 38.20763023260681024 ) ) ;
#946 = DIRECTION ( 'NONE',  ( -0.1810789180022920608, 0.1227878039689720285, -0.9757733244209930712 ) ) ;
#947 = PLANE ( 'NONE',  #3843 ) ;
#948 = ADVANCED_FACE ( 'NONE', ( #3509 ), #1203, .F. ) ;
#949 = DIRECTION ( 'NONE',  ( 0.3000856176668330044, 0.000000000000000000, -0.9539122716840974237 ) ) ;
#950 = ORIENTED_EDGE ( 'NONE', *, *, #2926, .F. ) ;
#951 = DIRECTION ( 'NONE',  ( -0.3000856176668329489, 0.000000000000000000, 0.9539122716840975347 ) ) ;
#952 = CARTESIAN_POINT ( 'NONE',  ( 53.87136397844888336, -4.999999999999913847, 32.76147331790701855 ) ) ;
#953 = DIRECTION ( 'NONE',  ( -0.8198972441390304233, 0.000000000000000000, -0.5725107064965888615 ) ) ;
#954 = CARTESIAN_POINT ( 'NONE',  ( 39.66551753747146591, -5.000000000000000000, 54.51036003594197865 ) ) ;
#955 = ORIENTED_EDGE ( 'NONE', *, *, #41, .F. ) ;
#956 = ORIENTED_EDGE ( 'NONE', *, *, #4191, .F. ) ;
#957 = VECTOR ( 'NONE', #308, 999.9999999999998863 ) ;
#958 = FACE_OUTER_BOUND ( 'NONE', #2441, .T. ) ;
#959 = CIRCLE ( 'NONE', #2675, 1.149999999999997025 ) ;
#960 = DIRECTION ( 'NONE',  ( -0.09941544087794609852, -0.9848077530122060219, 0.1423736623188903150 ) ) ;
#961 = CARTESIAN_POINT ( 'NONE',  ( 59.28548261076690551, 15.00000000000000355, 18.02110104134137458 ) ) ;
#962 = LINE ( 'NONE', #2144, #2989 ) ;
#963 = ORIENTED_EDGE ( 'NONE', *, *, #208, .T. ) ;
#964 = AXIS2_PLACEMENT_3D ( 'NONE', #1870, #2653, #3833 ) ;
#965 = ORIENTED_EDGE ( 'NONE', *, *, #4072, .T. ) ;
#966 = EDGE_CURVE ( 'NONE', #1716, #210, #4626, .T. ) ;
#967 = EDGE_CURVE ( 'NONE', #276, #2397, #3971, .T. ) ;
#968 = AXIS2_PLACEMENT_3D ( 'NONE', #2004, #90, #3236 ) ;
#969 = ORIENTED_EDGE ( 'NONE', *, *, #4383, .T. ) ;
#970 = PLANE ( 'NONE',  #4875 ) ;
#971 = CARTESIAN_POINT ( 'NONE',  ( 32.05745212237155073, -5.000000000000000888, 44.50205482400399859 ) ) ;
#972 = PERSON_AND_ORGANIZATION_ROLE ( 'design_owner' ) ;
#973 = ORIENTED_EDGE ( 'NONE', *, *, #253, .T. ) ;
#974 = LINE ( 'NONE', #3316, #827 ) ;
#975 = DIRECTION ( 'NONE',  ( -0.09941544087793845186, 0.9848077530122084644, 0.1423736623188793515 ) ) ;
#976 = PLANE ( 'NONE',  #4397 ) ;
#977 = EDGE_CURVE ( 'NONE', #4188, #3044, #34, .T. ) ;
#978 = PLANE ( 'NONE',  #1486 ) ;
#979 = DIRECTION ( 'NONE',  ( 0.8198972441390306454, 0.000000000000000000, 0.5725107064965884174 ) ) ;
#980 = ORIENTED_EDGE ( 'NONE', *, *, #650, .F. ) ;
#981 = ORIENTED_EDGE ( 'NONE', *, *, #4952, .T. ) ;
#982 = VECTOR ( 'NONE', #3347, 1000.000000000000114 ) ;
#983 = DIRECTION ( 'NONE',  ( 0.5725107064965888615, 0.000000000000000000, -0.8198972441390304233 ) ) ;
#984 = PLANE ( 'NONE',  #1626 ) ;
#985 = VECTOR ( 'NONE', #3624, 1000.000000000000000 ) ;
#986 = VECTOR ( 'NONE', #2776, 1000.000000000000227 ) ;
#987 = VECTOR ( 'NONE', #1855, 1000.000000000000114 ) ;
#988 = CARTESIAN_POINT ( 'NONE',  ( 32.72792918136201479, -5.000000000000107470, 64.78785066544411109 ) ) ;
#989 = CARTESIAN_POINT ( 'NONE',  ( 36.30731671969166996, -5.000000000000000000, 54.42170395231286761 ) ) ;
#990 = ORIENTED_EDGE ( 'NONE', *, *, #816, .T. ) ;
#991 = VECTOR ( 'NONE', #741, 1000.000000000000227 ) ;
#992 = ORIENTED_EDGE ( 'NONE', *, *, #203, .T. ) ;
#993 = AXIS2_PLACEMENT_3D ( 'NONE', #2612, #4176, #4942 ) ;
#994 = VECTOR ( 'NONE', #481, 1000.000000000000000 ) ;
#995 = CARTESIAN_POINT ( 'NONE',  ( 57.98498593535032342, 4.000000000000000000, 26.87032182043997608 ) ) ;
#996 = EDGE_CURVE ( 'NONE', #1517, #488, #4299, .T. ) ;
#997 = EDGE_CURVE ( 'NONE', #2285, #3153, #3102, .T. ) ;
#998 = LINE ( 'NONE', #2103, #697 ) ;
#999 = DIRECTION ( 'NONE',  ( -0.09941544087793845186, 0.9848077530122084644, 0.1423736623188793515 ) ) ;
#1000 = EDGE_LOOP ( 'NONE', ( #3692, #4673, #4117, #3521 ) ) ;
#1001 = FACE_OUTER_BOUND ( 'NONE', #4818, .T. ) ;
#1002 = CARTESIAN_POINT ( 'NONE',  ( 57.98498593535033052, -5.000000000000000000, 26.87032182043997963 ) ) ;
#1003 = CARTESIAN_POINT ( 'NONE',  ( 48.36251976482873971, -5.000000000000308198, 40.65073396907933301 ) ) ;
#1004 = VECTOR ( 'NONE', #2673, 1000.000000000000114 ) ;
#1005 = EDGE_CURVE ( 'NONE', #1977, #4539, #1594, .T. ) ;
#1006 = CARTESIAN_POINT ( 'NONE',  ( 27.31679432217696402, -5.000000000000000000, 72.53718095458323489 ) ) ;
#1007 = DIRECTION ( 'NONE',  ( -0.1673875490687139478, -0.000000000000000000, -0.9858911747331795539 ) ) ;
#1008 = ORIENTED_EDGE ( 'NONE', *, *, #3003, .T. ) ;
#1009 = EDGE_LOOP ( 'NONE', ( #299, #5038, #888, #4083 ) ) ;
#1010 = CARTESIAN_POINT ( 'NONE',  ( 37.43683994914039204, 15.00000000000000355, 27.40205482400400427 ) ) ;
#1011 = CARTESIAN_POINT ( 'NONE',  ( 35.47972061605180016, 1.999999999999910738, 61.86949592888930738 ) ) ;
#1012 = DIRECTION ( 'NONE',  ( 0.1673875490687132539, -0.000000000000000000, 0.9858911747331796649 ) ) ;
#1013 = PLANE ( 'NONE',  #3951 ) ;
#1014 = LINE ( 'NONE', #989, #2087 ) ;
#1015 = EDGE_CURVE ( 'NONE', #3710, #2767, #5029, .T. ) ;
#1016 = ORIENTED_EDGE ( 'NONE', *, *, #3264, .T. ) ;
#1017 = EDGE_CURVE ( 'NONE', #1785, #919, #1116, .T. ) ;
#1018 = ORIENTED_EDGE ( 'NONE', *, *, #3733, .T. ) ;
#1019 = CIRCLE ( 'NONE', #3891, 1.149999999999997025 ) ;
#1020 = FACE_OUTER_BOUND ( 'NONE', #3985, .T. ) ;
#1021 = DIRECTION ( 'NONE',  ( 0.8198972441390307564, 0.000000000000000000, 0.5725107064965883064 ) ) ;
#1022 = DIRECTION ( 'NONE',  ( 0.09941544087794626505, 0.9848077530122059109, -0.1423736623188906203 ) ) ;
#1023 = ORIENTED_EDGE ( 'NONE', *, *, #3386, .T. ) ;
#1024 = CARTESIAN_POINT ( 'NONE',  ( 43.24538327888287625, 9.000000000000001776, 49.29199596057291899 ) ) ;
#1025 = ADVANCED_FACE ( 'NONE', ( #2026 ), #2708, .F. ) ;
#1026 = PLANE ( 'NONE',  #4144 ) ;
#1027 = VECTOR ( 'NONE', #552, 1000.000000000000114 ) ;
#1028 = CARTESIAN_POINT ( 'NONE',  ( 42.12411585839308259, -0.01504629481971454449, 12.50214044167083749 ) ) ;
#1029 = FACE_OUTER_BOUND ( 'NONE', #3371, .T. ) ;
#1030 = VERTEX_POINT ( 'NONE', #1565 ) ;
#1031 = ORIENTED_EDGE ( 'NONE', *, *, #2787, .F. ) ;
#1032 = EDGE_CURVE ( 'NONE', #1394, #2755, #766, .T. ) ;
#1033 = DIRECTION ( 'NONE',  ( -0.09941544087793789675, 0.9848077530122085754, 0.1423736623188785744 ) ) ;
#1034 = EDGE_CURVE ( 'NONE', #1125, #1945, #2373, .T. ) ;
#1035 = DIRECTION ( 'NONE',  ( 0.9832133515137241320, -0.000000000000000000, -0.1824595993779168646 ) ) ;
#1036 = CARTESIAN_POINT ( 'NONE',  ( 53.87738157283535401, -5.000000000000173195, 34.49954769739834148 ) ) ;
#1037 = DIRECTION ( 'NONE',  ( -0.09941544087793845186, 0.9848077530122084644, 0.1423736623188793515 ) ) ;
#1038 = VERTEX_POINT ( 'NONE', #3863 ) ;
#1039 = VECTOR ( 'NONE', #205, 1000.000000000000000 ) ;
#1040 = EDGE_CURVE ( 'NONE', #3021, #649, #4242, .T. ) ;
#1041 = ORIENTED_EDGE ( 'NONE', *, *, #317, .T. ) ;
#1042 = DIRECTION ( 'NONE',  ( -0.5725107064965883064, 0.000000000000000000, 0.8198972441390307564 ) ) ;
#1043 = DIRECTION ( 'NONE',  ( -0.9832133515137224666, -0.000000000000000000, 0.1824595993779253855 ) ) ;
#1044 = APPLICATION_CONTEXT ( 'configuration controlled 3d designs of mechanical parts and assemblies' ) ;
#1045 = ORIENTED_EDGE ( 'NONE', *, *, #3796, .F. ) ;
#1046 = CARTESIAN_POINT ( 'NONE',  ( 39.71224176646676085, -4.999999999999923617, 54.78555974624877933 ) ) ;
#1047 = DIRECTION ( 'NONE',  ( 0.5725107064965886394, -0.000000000000000000, -0.8198972441390305343 ) ) ;
#1048 = CARTESIAN_POINT ( 'NONE',  ( 63.38496883146206784, 1.604334603807751419E-18, 20.88365457382431956 ) ) ;
#1049 = CARTESIAN_POINT ( 'NONE',  ( 42.19208682947663647, 8.999999999999850786, 49.48746121527982211 ) ) ;
#1050 = LINE ( 'NONE', #4943, #4909 ) ;
#1051 = ORIENTED_EDGE ( 'NONE', *, *, #479, .F. ) ;
#1052 = ORIENTED_EDGE ( 'NONE', *, *, #1791, .T. ) ;
#1053 = DIRECTION ( 'NONE',  ( -0.5725107064965883064, 0.000000000000000000, 0.8198972441390307564 ) ) ;
#1054 = LINE ( 'NONE', #2141, #4424 ) ;
#1055 = EDGE_CURVE ( 'NONE', #2404, #3900, #1618, .T. ) ;
#1056 = ADVANCED_FACE ( 'NONE', ( #1227 ), #2784, .F. ) ;
#1057 = AXIS2_PLACEMENT_3D ( 'NONE', #4493, #3016, #568 ) ;
#1058 = CARTESIAN_POINT ( 'NONE',  ( 49.66734322151274483, -5.000000000000000000, 40.40859164585018704 ) ) ;
#1059 = CARTESIAN_POINT ( 'NONE',  ( 51.34646404707239498, 1.999999999999704681, 38.12409529269920938 ) ) ;
#1060 = ORIENTED_EDGE ( 'NONE', *, *, #4272, .T. ) ;
#1061 = ORIENTED_EDGE ( 'NONE', *, *, #4628, .F. ) ;
#1062 = ORIENTED_EDGE ( 'NONE', *, *, #1953, .T. ) ;
#1063 = VECTOR ( 'NONE', #1608, 1000.000000000000114 ) ;
#1064 = PLANE ( 'NONE',  #2096 ) ;
#1065 = EDGE_CURVE ( 'NONE', #4343, #209, #1019, .T. ) ;
#1066 = VERTEX_POINT ( 'NONE', #2446 ) ;
#1067 = CARTESIAN_POINT ( 'NONE',  ( 55.35284994431992800, -5.000000000000383693, 32.38651742937535261 ) ) ;
#1068 = VECTOR ( 'NONE', #2990, 999.9999999999998863 ) ;
#1069 = EDGE_CURVE ( 'NONE', #4099, #4229, #3680, .T. ) ;
#1070 = DIRECTION ( 'NONE',  ( -0.5725107064965884174, 0.000000000000000000, 0.8198972441390306454 ) ) ;
#1071 = DIRECTION ( 'NONE',  ( -0.1810789180022942257, -0.1227878039689808826, -0.9757733244209915169 ) ) ;
#1072 = PERSON_AND_ORGANIZATION_ROLE ( 'design_supplier' ) ;
#1073 = VECTOR ( 'NONE', #1646, 1000.000000000000114 ) ;
#1074 = EDGE_LOOP ( 'NONE', ( #3567, #4416, #175, #2221 ) ) ;
#1075 = DIRECTION ( 'NONE',  ( 0.5725107064965886394, -0.000000000000000000, -0.8198972441390305343 ) ) ;
#1076 = CARTESIAN_POINT ( 'NONE',  ( 38.88361489892631795, 15.00000000000000355, 50.73216635368722649 ) ) ;
#1077 = DIRECTION ( 'NONE',  ( -0.8198972441390304233, 0.000000000000000000, -0.5725107064965888615 ) ) ;
#1078 = VECTOR ( 'NONE', #5055, 999.9999999999998863 ) ;
#1079 = LINE ( 'NONE', #1523, #1628 ) ;
#1080 = ORIENTED_EDGE ( 'NONE', *, *, #3592, .F. ) ;
#1081 = ORIENTED_EDGE ( 'NONE', *, *, #3998, .F. ) ;
#1082 = CARTESIAN_POINT ( 'NONE',  ( 41.90958580973165937, 15.00000000000000355, 13.18408863916928375 ) ) ;
#1083 = CARTESIAN_POINT ( 'NONE',  ( 54.15363348992007531, -5.000000000000000000, 34.42400450259778921 ) ) ;
#1084 = CARTESIAN_POINT ( 'NONE',  ( 50.32513311343010542, 7.000000000000000000, -8.156657968942276682 ) ) ;
#1085 = CARTESIAN_POINT ( 'NONE',  ( 41.73524838782125812, -5.000000000000000000, 51.64088067403567095 ) ) ;
#1086 = VERTEX_POINT ( 'NONE', #2838 ) ;
#1087 = VERTEX_POINT ( 'NONE', #1720 ) ;
#1088 = ORIENTED_EDGE ( 'NONE', *, *, #4698, .F. ) ;
#1089 = ADVANCED_FACE ( 'NONE', ( #1672 ), #3634, .F. ) ;
#1090 = EDGE_CURVE ( 'NONE', #3195, #763, #1767, .T. ) ;
#1091 = ORIENTED_EDGE ( 'NONE', *, *, #195, .F. ) ;
#1092 = EDGE_CURVE ( 'NONE', #207, #4768, #1353, .T. ) ;
#1093 = DIRECTION ( 'NONE',  ( -0.1810789180022990275, -0.1227878039689809520, -0.9757733244209906287 ) ) ;
#1094 = LINE ( 'NONE', #2740, #3831 ) ;
#1095 = VERTEX_POINT ( 'NONE', #4018 ) ;
#1096 = CARTESIAN_POINT ( 'NONE',  ( 46.30570878637807652, 8.999999999999799272, 43.59630971781277964 ) ) ;
#1097 = CARTESIAN_POINT ( 'NONE',  ( 30.77835426256519114, 1.999999999999985345, 67.57985278003444307 ) ) ;
#1098 = DIRECTION ( 'NONE',  ( -0.5725107064965885284, 0.000000000000000000, 0.8198972441390305343 ) ) ;
#1099 = CARTESIAN_POINT ( 'NONE',  ( 59.28548261076690551, -5.000000000000000000, 18.02110104134137458 ) ) ;
#1100 = EDGE_CURVE ( 'NONE', #2767, #2283, #4444, .T. ) ;
#1101 = DIRECTION ( 'NONE',  ( 0.8198972441390307564, 0.000000000000000000, 0.5725107064965883064 ) ) ;
#1102 = ORIENTED_EDGE ( 'NONE', *, *, #1317, .F. ) ;
#1103 = FACE_OUTER_BOUND ( 'NONE', #2793, .T. ) ;
#1104 = VERTEX_POINT ( 'NONE', #1328 ) ;
#1105 = CARTESIAN_POINT ( 'NONE',  ( 41.19414428547471374, -5.000000000000000000, 43.92985395613474253 ) ) ;
#1106 = ORIENTED_EDGE ( 'NONE', *, *, #2826, .T. ) ;
#1107 = DIRECTION ( 'NONE',  ( 0.09941544087793829920, -0.9848077530122085754, -0.1423736623188791295 ) ) ;
#1108 = CARTESIAN_POINT ( 'NONE',  ( 51.90527957756522426, -3.535617627131791618, 37.32381102162088382 ) ) ;
#1109 = AXIS2_PLACEMENT_3D ( 'NONE', #2179, #4151, #3815 ) ;
#1110 = CIRCLE ( 'NONE', #618, 0.9999999999999997780 ) ;
#1111 = DIRECTION ( 'NONE',  ( -0.9784308844114458781, -0.1227878039689709877, 0.1661209186897109058 ) ) ;
#1112 = CARTESIAN_POINT ( 'NONE',  ( 29.14457736867356985, 1.999999999999968470, 68.17290574653262070 ) ) ;
#1113 = ORIENTED_EDGE ( 'NONE', *, *, #856, .T. ) ;
#1114 = ORIENTED_EDGE ( 'NONE', *, *, #3450, .F. ) ;
#1115 = ORIENTED_EDGE ( 'NONE', *, *, #1092, .F. ) ;
#1116 = LINE ( 'NONE', #85, #1274 ) ;
#1117 = ORIENTED_EDGE ( 'NONE', *, *, #1645, .T. ) ;
#1118 = CIRCLE ( 'NONE', #3095, 1.149999999999998579 ) ;
#1119 = VECTOR ( 'NONE', #4258, 1000.000000000000000 ) ;
#1120 = FACE_OUTER_BOUND ( 'NONE', #674, .T. ) ;
#1121 = ADVANCED_FACE ( 'NONE', ( #4421 ), #1744, .F. ) ;
#1122 = CARTESIAN_POINT ( 'NONE',  ( 39.47970472368028538, -4.999999999999998224, 55.11857793853302923 ) ) ;
#1123 = CARTESIAN_POINT ( 'NONE',  ( 37.24382041064825444, 15.00000000000000355, 49.58714494069405276 ) ) ;
#1124 = ADVANCED_FACE ( 'NONE', ( #157 ), #4758, .T. ) ;
#1125 = VERTEX_POINT ( 'NONE', #938 ) ;
#1126 = LINE ( 'NONE', #1183, #2798 ) ;
#1127 = DIRECTION ( 'NONE',  ( 0.5725107064965885284, 0.000000000000000000, -0.8198972441390304233 ) ) ;
#1128 = DIRECTION ( 'NONE',  ( 0.09941544087793825757, -0.9848077530122084644, -0.1423736623188791850 ) ) ;
#1129 = DIRECTION ( 'NONE',  ( -0.5725107064965888615, -1.822260403705923918E-13, 0.8198972441390304233 ) ) ;
#1130 = ORIENTED_EDGE ( 'NONE', *, *, #4724, .T. ) ;
#1131 = EDGE_CURVE ( 'NONE', #1030, #3549, #913, .T. ) ;
#1132 = CARTESIAN_POINT ( 'NONE',  ( 35.62030387189577141, 15.00000000000000355, 55.40558064527969862 ) ) ;
#1133 = ORIENTED_EDGE ( 'NONE', *, *, #2913, .T. ) ;
#1134 = CARTESIAN_POINT ( 'NONE',  ( 26.67806429560271653, 15.00000000000000355, 61.60205482400398580 ) ) ;
#1135 = ORIENTED_EDGE ( 'NONE', *, *, #4487, .F. ) ;
#1136 = LINE ( 'NONE', #3775, #2290 ) ;
#1137 = CARTESIAN_POINT ( 'NONE',  ( 26.30056339547859423, -5.000000000000000888, 62.80205482400400285 ) ) ;
#1138 = CARTESIAN_POINT ( 'NONE',  ( 29.31050187375960903, 10.49455985665167645, 69.68197613725372719 ) ) ;
#1139 = PLANE ( 'NONE',  #590 ) ;
#1140 = ORIENTED_EDGE ( 'NONE', *, *, #4219, .F. ) ;
#1141 = LINE ( 'NONE', #2901, #3304 ) ;
#1142 = ORIENTED_EDGE ( 'NONE', *, *, #1242, .T. ) ;
#1143 = ORIENTED_EDGE ( 'NONE', *, *, #3115, .T. ) ;
#1144 = LINE ( 'NONE', #377, #4618 ) ;
#1145 = VERTEX_POINT ( 'NONE', #500 ) ;
#1146 = AXIS2_PLACEMENT_3D ( 'NONE', #4675, #23, #393 ) ;
#1147 = FACE_OUTER_BOUND ( 'NONE', #3667, .T. ) ;
#1148 = VECTOR ( 'NONE', #1466, 1000.000000000000000 ) ;
#1149 = CARTESIAN_POINT ( 'NONE',  ( 33.85058139796116450, 9.000000000000001776, 38.80205482400400285 ) ) ;
#1150 = FACE_OUTER_BOUND ( 'NONE', #4002, .T. ) ;
#1151 = PERSON_AND_ORGANIZATION ( #2860, #1361 ) ;
#1152 = ORIENTED_EDGE ( 'NONE', *, *, #4442, .F. ) ;
#1153 = FACE_OUTER_BOUND ( 'NONE', #3582, .T. ) ;
#1154 = PLANE ( 'NONE',  #2836 ) ;
#1155 = DIRECTION ( 'NONE',  ( 0.000000000000000000, 1.000000000000000000, -0.000000000000000000 ) ) ;
#1156 = EDGE_CURVE ( 'NONE', #1452, #3670, #2890, .T. ) ;
#1157 = LINE ( 'NONE', #3839, #800 ) ;
#1158 = EDGE_CURVE ( 'NONE', #3888, #2501, #1277, .T. ) ;
#1159 = DIRECTION ( 'NONE',  ( 0.5725107064965887504, 0.000000000000000000, -0.8198972441390304233 ) ) ;
#1160 = ORIENTED_EDGE ( 'NONE', *, *, #2248, .F. ) ;
#1161 = VECTOR ( 'NONE', #4172, 1000.000000000000000 ) ;
#1162 = LINE ( 'NONE', #2284, #1294 ) ;
#1163 = LINE ( 'NONE', #1134, #4763 ) ;
#1164 = ORIENTED_EDGE ( 'NONE', *, *, #3613, .T. ) ;
#1165 = PLANE ( 'NONE',  #1567 ) ;
#1166 = LINE ( 'NONE', #4289, #467 ) ;
#1167 = EDGE_CURVE ( 'NONE', #3701, #2628, #2495, .T. ) ;
#1168 = AXIS2_PLACEMENT_3D ( 'NONE', #3126, #3179, #1290 ) ;
#1169 = CARTESIAN_POINT ( 'NONE',  ( 51.10790940989952702, 1.999999999999700462, 36.71903910549205108 ) ) ;
#1170 = DIRECTION ( 'NONE',  ( -0.5725107064965888615, 0.000000000000000000, 0.8198972441390304233 ) ) ;
#1171 = ORIENTED_EDGE ( 'NONE', *, *, #4788, .T. ) ;
#1172 = DIRECTION ( 'NONE',  ( 0.5725107064965888615, -0.000000000000000000, -0.8198972441390304233 ) ) ;
#1173 = ORIENTED_EDGE ( 'NONE', *, *, #294, .F. ) ;
#1174 = ORIENTED_EDGE ( 'NONE', *, *, #2146, .T. ) ;
#1175 = EDGE_CURVE ( 'NONE', #292, #6, #1695, .T. ) ;
#1176 = CARTESIAN_POINT ( 'NONE',  ( 58.31971227740374530, 9.000000000000001776, 21.15088082443154249 ) ) ;
#1177 = EDGE_LOOP ( 'NONE', ( #3353, #3504, #3832, #107 ) ) ;
#1178 = DIRECTION ( 'NONE',  ( 0.5725107064965888615, -1.957506293043472886E-13, -0.8198972441390304233 ) ) ;
#1179 = PLANE ( 'NONE',  #2271 ) ;
#1180 = DIRECTION ( 'NONE',  ( 0.9832133515137245761, -0.000000000000000000, -0.1824595993779143666 ) ) ;
#1181 = CARTESIAN_POINT ( 'NONE',  ( 49.75774202154750725, -5.000000000000000000, 38.65262481537399708 ) ) ;
#1182 = ORIENTED_EDGE ( 'NONE', *, *, #2163, .F. ) ;
#1183 = CARTESIAN_POINT ( 'NONE',  ( 42.50551742358058505, -0.1715728752537462598, 13.62212330347669820 ) ) ;
#1184 = CARTESIAN_POINT ( 'NONE',  ( 34.65342158229375258, 1.999999999999900746, 60.28364509536024940 ) ) ;
#1185 = FACE_OUTER_BOUND ( 'NONE', #1348, .T. ) ;
#1186 = VECTOR ( 'NONE', #3729, 1000.000000000000000 ) ;
#1187 = DIRECTION ( 'NONE',  ( 0.000000000000000000, -1.000000000000000000, 0.000000000000000000 ) ) ;
#1188 = EDGE_LOOP ( 'NONE', ( #336, #3632, #1999, #2113, #3946, #4277 ) ) ;
#1189 = CARTESIAN_POINT ( 'NONE',  ( 55.89486065481753485, -2.306870675047136388, 31.61029947783653427 ) ) ;
#1190 = EDGE_CURVE ( 'NONE', #304, #1087, #3256, .T. ) ;
#1191 = ORIENTED_EDGE ( 'NONE', *, *, #403, .F. ) ;
#1192 = LINE ( 'NONE', #2828, #3122 ) ;
#1193 = CARTESIAN_POINT ( 'NONE',  ( 57.74905080213233788, 1.999999999999639178, 29.53415133516336510 ) ) ;
#1194 = ADVANCED_FACE ( 'NONE', ( #3279 ), #4808, .F. ) ;
#1195 = CARTESIAN_POINT ( 'NONE',  ( 37.30261943758886645, 9.000000000000001776, 58.08647356519912108 ) ) ;
#1196 = DIRECTION ( 'NONE',  ( 0.8296137924634128247, 0.000000000000000000, -0.5583376714448645695 ) ) ;
#1197 = ORIENTED_EDGE ( 'NONE', *, *, #2008, .F. ) ;
#1198 = EDGE_CURVE ( 'NONE', #2285, #2389, #1647, .T. ) ;
#1199 = FACE_OUTER_BOUND ( 'NONE', #4270, .T. ) ;
#1200 = ORIENTED_EDGE ( 'NONE', *, *, #523, .T. ) ;
#1201 = ORIENTED_EDGE ( 'NONE', *, *, #617, .F. ) ;
#1202 = LINE ( 'NONE', #2398, #1073 ) ;
#1203 = PLANE ( 'NONE',  #603 ) ;
#1204 = EDGE_CURVE ( 'NONE', #4573, #2404, #962, .T. ) ;
#1205 = ORIENTED_EDGE ( 'NONE', *, *, #889, .F. ) ;
#1206 = CARTESIAN_POINT ( 'NONE',  ( 57.98498593535032342, 9.000000000000001776, 26.87032182043997608 ) ) ;
#1207 = ADVANCED_FACE ( 'NONE', ( #4522 ), #3352, .F. ) ;
#1208 = LINE ( 'NONE', #2764, #1636 ) ;
#1209 = CARTESIAN_POINT ( 'NONE',  ( 51.64190773837225379, 7.000000000000000000, -10.04242163046204617 ) ) ;
#1210 = VERTEX_POINT ( 'NONE', #4115 ) ;
#1211 = PLANE ( 'NONE',  #2300 ) ;
#1212 = DIRECTION ( 'NONE',  ( 0.5725107064965888615, 0.000000000000000000, -0.8198972441390304233 ) ) ;
#1213 = ORIENTED_EDGE ( 'NONE', *, *, #3883, .T. ) ;
#1214 = DIRECTION ( 'NONE',  ( -0.8198972441390307564, 0.000000000000000000, -0.5725107064965883064 ) ) ;
#1215 = ORIENTED_EDGE ( 'NONE', *, *, #2885, .F. ) ;
#1216 = CARTESIAN_POINT ( 'NONE',  ( 31.24644321549101278, 8.999999999999523936, 65.16280655397569888 ) ) ;
#1217 = DIRECTION ( 'NONE',  ( 0.000000000000000000, -1.000000000000000000, 0.000000000000000000 ) ) ;
#1218 = CIRCLE ( 'NONE', #2681, 1.000000000000001110 ) ;
#1219 = DIRECTION ( 'NONE',  ( -0.09941544087793841022, 0.9848077530122084644, 0.1423736623188794070 ) ) ;
#1220 = LINE ( 'NONE', #758, #764 ) ;
#1221 = ORIENTED_EDGE ( 'NONE', *, *, #4657, .T. ) ;
#1222 = VECTOR ( 'NONE', #1180, 1000.000000000000227 ) ;
#1223 = ORIENTED_EDGE ( 'NONE', *, *, #535, .T. ) ;
#1224 = EDGE_LOOP ( 'NONE', ( #3036, #3879, #1772, #1215 ) ) ;
#1225 = EDGE_CURVE ( 'NONE', #98, #413, #600, .T. ) ;
#1226 = ADVANCED_FACE ( 'NONE', ( #2264 ), #4904, .T. ) ;
#1227 = FACE_OUTER_BOUND ( 'NONE', #1918, .T. ) ;
#1228 = ORIENTED_EDGE ( 'NONE', *, *, #2976, .F. ) ;
#1229 = CARTESIAN_POINT ( 'NONE',  ( 37.71622061420602989, -7.905691230494904076, 57.64407788994664372 ) ) ;
#1230 = EDGE_CURVE ( 'NONE', #3701, #1648, #1426, .T. ) ;
#1231 = CARTESIAN_POINT ( 'NONE',  ( 50.67541708182947247, 0.000000000000000000, 18.10726464483085607 ) ) ;
#1232 = CARTESIAN_POINT ( 'NONE',  ( 52.47614172173023661, 8.999999999999724665, 34.75958247161220527 ) ) ;
#1233 = ORIENTED_EDGE ( 'NONE', *, *, #1795, .T. ) ;
#1234 = AXIS2_PLACEMENT_3D ( 'NONE', #3799, #2988, #2287 ) ;
#1235 = ORIENTED_EDGE ( 'NONE', *, *, #2498, .F. ) ;
#1236 = DIRECTION ( 'NONE',  ( 0.09941544087793881268, -0.9848077530122082424, -0.1423736623188798511 ) ) ;
#1237 = VECTOR ( 'NONE', #4385, 1000.000000000000114 ) ;
#1238 = LINE ( 'NONE', #3929, #3759 ) ;
#1239 = VECTOR ( 'NONE', #147, 1000.000000000000000 ) ;
#1240 = CARTESIAN_POINT ( 'NONE',  ( 43.77044246470936173, 9.000000000000001776, 40.24031635750910141 ) ) ;
#1241 = VERTEX_POINT ( 'NONE', #2991 ) ;
#1242 = EDGE_CURVE ( 'NONE', #2269, #81, #1014, .T. ) ;
#1243 = ORIENTED_EDGE ( 'NONE', *, *, #4253, .T. ) ;
#1244 = DIRECTION ( 'NONE',  ( 0.000000000000000000, -1.000000000000000000, 0.000000000000000000 ) ) ;
#1245 = VECTOR ( 'NONE', #2186, 1000.000000000000114 ) ;
#1246 = CARTESIAN_POINT ( 'NONE',  ( 31.67995122224742133, 15.00000000000000355, 45.70205482400400143 ) ) ;
#1247 = LINE ( 'NONE', #2808, #4114 ) ;
#1248 = ORIENTED_EDGE ( 'NONE', *, *, #3174, .F. ) ;
#1249 = ORIENTED_EDGE ( 'NONE', *, *, #679, .T. ) ;
#1250 = ORIENTED_EDGE ( 'NONE', *, *, #2071, .F. ) ;
#1251 = AXIS2_PLACEMENT_3D ( 'NONE', #3720, #953, #1418 ) ;
#1252 = AXIS2_PLACEMENT_3D ( 'NONE', #2476, #4046, #3659 ) ;
#1253 = DIRECTION ( 'NONE',  ( 0.09941544087793825757, -0.9848077530122085754, -0.1423736623188792128 ) ) ;
#1254 = DIRECTION ( 'NONE',  ( -0.5725107064965888615, 0.000000000000000000, 0.8198972441390304233 ) ) ;
#1255 = ORIENTED_EDGE ( 'NONE', *, *, #4191, .T. ) ;
#1256 = ADVANCED_FACE ( 'NONE', ( #1793 ), #206, .F. ) ;
#1257 = AXIS2_PLACEMENT_3D ( 'NONE', #4779, #1640, #2089 ) ;
#1258 = CARTESIAN_POINT ( 'NONE',  ( 45.16457842675745837, 0.000000000000000000, 8.248338166517743986 ) ) ;
#1259 = DIRECTION ( 'NONE',  ( 0.09941544087794622342, 0.9848077530122059109, -0.1423736623188905925 ) ) ;
#1260 = VERTEX_POINT ( 'NONE', #2193 ) ;
#1261 = EDGE_CURVE ( 'NONE', #1562, #4324, #1766, .T. ) ;
#1262 = VERTEX_POINT ( 'NONE', #1449 ) ;
#1263 = CYLINDRICAL_SURFACE ( 'NONE', #1774, 2.999999999999995115 ) ;
#1264 = FACE_BOUND ( 'NONE', #3452, .T. ) ;
#1265 = LINE ( 'NONE', #3623, #5039 ) ;
#1266 = CARTESIAN_POINT ( 'NONE',  ( 57.98498593535032342, 0.000000000000000000, 26.87032182043997608 ) ) ;
#1267 = VERTEX_POINT ( 'NONE', #2598 ) ;
#1268 = CARTESIAN_POINT ( 'NONE',  ( 39.47368712929390000, -5.000000000000000000, 53.38050355904161393 ) ) ;
#1269 = EDGE_CURVE ( 'NONE', #3602, #4979, #2620, .T. ) ;
#1270 = DIRECTION ( 'NONE',  ( -0.09941544087794605689, -0.9848077530122059109, 0.1423736623188903705 ) ) ;
#1271 = DIRECTION ( 'NONE',  ( -0.09941544087793835471, 0.9848077530122084644, 0.1423736623188794348 ) ) ;
#1272 = VERTEX_POINT ( 'NONE', #250 ) ;
#1273 = VERTEX_POINT ( 'NONE', #1816 ) ;
#1274 = VECTOR ( 'NONE', #7, 1000.000000000000114 ) ;
#1275 = EDGE_LOOP ( 'NONE', ( #4547, #2364, #4196, #3908 ) ) ;
#1276 = LINE ( 'NONE', #2473, #425 ) ;
#1277 = LINE ( 'NONE', #4043, #4706 ) ;
#1278 = ORIENTED_EDGE ( 'NONE', *, *, #1156, .F. ) ;
#1279 = VECTOR ( 'NONE', #409, 1000.000000000000000 ) ;
#1280 = DIRECTION ( 'NONE',  ( -0.8198972441390304233, -8.021673019038770576E-19, -0.5725107064965888615 ) ) ;
#1281 = FACE_OUTER_BOUND ( 'NONE', #2834, .T. ) ;
#1282 = ORIENTED_EDGE ( 'NONE', *, *, #707, .T. ) ;
#1283 = VERTEX_POINT ( 'NONE', #274 ) ;
#1284 = LINE ( 'NONE', #40, #1279 ) ;
#1285 = CARTESIAN_POINT ( 'NONE',  ( 24.85710258975988651, 0.000000000000000000, 70.81964883509347430 ) ) ;
#1286 = EDGE_CURVE ( 'NONE', #1678, #152, #297, .T. ) ;
#1287 = ADVANCED_FACE ( 'NONE', ( #3327 ), #2644, .F. ) ;
#1288 = CARTESIAN_POINT ( 'NONE',  ( 39.76273681935597892, -5.000000000000000000, 55.06605432022722368 ) ) ;
#1289 = ORIENTED_EDGE ( 'NONE', *, *, #1269, .F. ) ;
#1290 = DIRECTION ( 'NONE',  ( 0.5725107064965860859, 0.000000000000000000, -0.8198972441390321997 ) ) ;
#1291 = VERTEX_POINT ( 'NONE', #1378 ) ;
#1292 = LINE ( 'NONE', #4100, #181 ) ;
#1293 = AXIS2_PLACEMENT_3D ( 'NONE', #4435, #4846, #929 ) ;
#1294 = VECTOR ( 'NONE', #2721, 1000.000000000000114 ) ;
#1295 = EDGE_CURVE ( 'NONE', #2665, #320, #4544, .T. ) ;
#1296 = DIRECTION ( 'NONE',  ( -0.09941544087793841022, 0.9848077530122084644, 0.1423736623188794070 ) ) ;
#1297 = LINE ( 'NONE', #2856, #328 ) ;
#1298 = ORIENTED_EDGE ( 'NONE', *, *, #1768, .T. ) ;
#1299 = APPROVAL ( #3869, '未指定' ) ;
#1300 = ORIENTED_EDGE ( 'NONE', *, *, #2633, .F. ) ;
#1301 = DIRECTION ( 'NONE',  ( -0.09941544087793895146, 0.9848077530122082424, 0.1423736623188801842 ) ) ;
#1302 = DIRECTION ( 'NONE',  ( 0.5725107064965860859, 0.000000000000000000, -0.8198972441390321997 ) ) ;
#1303 = ORIENTED_EDGE ( 'NONE', *, *, #3559, .F. ) ;
#1304 = DIRECTION ( 'NONE',  ( -0.09941544087794659812, -0.9848077530122059109, 0.1423736623188911476 ) ) ;
#1305 = DIRECTION ( 'NONE',  ( 0.000000000000000000, 1.000000000000000000, -0.000000000000000000 ) ) ;
#1306 = ORIENTED_EDGE ( 'NONE', *, *, #1949, .F. ) ;
#1307 = EDGE_LOOP ( 'NONE', ( #4613, #1858, #2055, #1289 ) ) ;
#1308 = CARTESIAN_POINT ( 'NONE',  ( 45.41023695298742524, 15.00000000000000355, 41.38533777050228935 ) ) ;
#1309 = LINE ( 'NONE', #2872, #3255 ) ;
#1310 = AXIS2_PLACEMENT_3D ( 'NONE', #3902, #2359, #1985 ) ;
#1311 = LINE ( 'NONE', #553, #4214 ) ;
#1312 = LINE ( 'NONE', #2127, #3437 ) ;
#1313 = CARTESIAN_POINT ( 'NONE',  ( 49.75774202154750014, 8.999999999999298339, 38.65262481537398997 ) ) ;
#1314 = ORIENTED_EDGE ( 'NONE', *, *, #309, .F. ) ;
#1315 = EDGE_CURVE ( 'NONE', #4328, #2634, #230, .T. ) ;
#1316 = DIRECTION ( 'NONE',  ( 0.09941544087794676465, 0.9848077530122057999, -0.1423736623188913974 ) ) ;
#1317 = EDGE_CURVE ( 'NONE', #2500, #2240, #4928, .T. ) ;
#1318 = DIRECTION ( 'NONE',  ( -0.2357274752667110063, 0.000000000000000000, -0.9718191999566494488 ) ) ;
#1319 = VECTOR ( 'NONE', #1804, 1000.000000000000000 ) ;
#1320 = DIRECTION ( 'NONE',  ( -0.09941544087794607076, -0.9848077530122059109, 0.1423736623188903982 ) ) ;
#1321 = CARTESIAN_POINT ( 'NONE',  ( 60.77940400982084412, 4.000000000000000000, 22.86841294392131019 ) ) ;
#1322 = VERTEX_POINT ( 'NONE', #1059 ) ;
#1323 = ORIENTED_EDGE ( 'NONE', *, *, #3605, .T. ) ;
#1324 = CARTESIAN_POINT ( 'NONE',  ( 42.21851801737935972, 0.000000000000000000, 12.20205482400400498 ) ) ;
#1325 = ADVANCED_FACE ( 'NONE', ( #3803 ), #1862, .F. ) ;
#1326 = DIRECTION ( 'NONE',  ( 0.9832133515137244650, -0.000000000000000000, -0.1824595993779155045 ) ) ;
#1327 = VECTOR ( 'NONE', #4958, 999.9999999999998863 ) ;
#1328 = CARTESIAN_POINT ( 'NONE',  ( 31.48499785266385587, -4.999999999999823252, 66.56786274118289271 ) ) ;
#1329 = VECTOR ( 'NONE', #3006, 1000.000000000000000 ) ;
#1330 = ORIENTED_EDGE ( 'NONE', *, *, #4632, .F. ) ;
#1331 = VECTOR ( 'NONE', #422, 1000.000000000000000 ) ;
#1332 = ADVANCED_FACE ( 'NONE', ( #4594 ), #1139, .F. ) ;
#1333 = DIRECTION ( 'NONE',  ( 0.09941544087793825757, -0.9848077530122085754, -0.1423736623188792128 ) ) ;
#1334 = CARTESIAN_POINT ( 'NONE',  ( 33.47308049783703154, -5.000000000000000888, 40.00205482400400570 ) ) ;
#1335 = ORIENTED_EDGE ( 'NONE', *, *, #1718, .F. ) ;
#1336 = CARTESIAN_POINT ( 'NONE',  ( 57.49021286006544074, 9.000000000000001776, 24.08550591916874239 ) ) ;
#1337 = ORIENTED_EDGE ( 'NONE', *, *, #4559, .F. ) ;
#1338 = DIRECTION ( 'NONE',  ( -0.5725107064965887504, 0.000000000000000000, 0.8198972441390304233 ) ) ;
#1339 = CARTESIAN_POINT ( 'NONE',  ( 43.82586372336820091, -4.999999999999974243, 48.89440824878174396 ) ) ;
#1340 = LINE ( 'NONE', #4122, #2470 ) ;
#1341 = ORIENTED_EDGE ( 'NONE', *, *, #567, .F. ) ;
#1342 = LINE ( 'NONE', #1686, #17 ) ;
#1343 = DIRECTION ( 'NONE',  ( 0.9832133515137241320, -0.000000000000000000, -0.1824595993779172531 ) ) ;
#1344 = FACE_OUTER_BOUND ( 'NONE', #1366, .T. ) ;
#1345 = CARTESIAN_POINT ( 'NONE',  ( 36.02165389412447638, 8.999999999999927169, 58.32418846148039648 ) ) ;
#1346 = LINE ( 'NONE', #4825, #2149 ) ;
#1347 = ORIENTED_EDGE ( 'NONE', *, *, #3719, .T. ) ;
#1348 = EDGE_LOOP ( 'NONE', ( #3516, #4834, #65, #3393 ) ) ;
#1349 = DIRECTION ( 'NONE',  ( -0.8198972441390303123, -3.218045588101324909E-17, -0.5725107064965889725 ) ) ;
#1350 = CARTESIAN_POINT ( 'NONE',  ( 53.90007011619138666, -2.921244151089462893, 34.46705524972870904 ) ) ;
#1351 = EDGE_CURVE ( 'NONE', #3847, #4396, #835, .T. ) ;
#1352 = EDGE_CURVE ( 'NONE', #4139, #830, #784, .T. ) ;
#1353 = LINE ( 'NONE', #3233, #4297 ) ;
#1354 = ORIENTED_EDGE ( 'NONE', *, *, #1131, .F. ) ;
#1355 = EDGE_CURVE ( 'NONE', #759, #3842, #4236, .T. ) ;
#1356 = ORIENTED_EDGE ( 'NONE', *, *, #1894, .T. ) ;
#1357 = ADVANCED_FACE ( 'NONE', ( #3152 ), #3068, .F. ) ;
#1358 = EDGE_LOOP ( 'NONE', ( #3921, #495, #415, #4439, #667, #1388 ) ) ;
#1359 = AXIS2_PLACEMENT_3D ( 'NONE', #2636, #3389, #4636 ) ;
#1360 = LINE ( 'NONE', #3358, #1027 ) ;
#1361 = ORGANIZATION ( '未指定', '未指定', '' ) ;
#1362 = VECTOR ( 'NONE', #2923, 1000.000000000000114 ) ;
#1363 = FACE_OUTER_BOUND ( 'NONE', #809, .T. ) ;
#1364 = CARTESIAN_POINT ( 'NONE',  ( 36.71625015513090062, 1.999999999999857447, 59.07614372611809728 ) ) ;
#1365 = APPLICATION_PROTOCOL_DEFINITION ( 'international standard', 'config_control_design', 1994, #2958 ) ;
#1366 = EDGE_LOOP ( 'NONE', ( #3125, #5026, #4365, #4946, #544, #1135 ) ) ;
#1367 = CARTESIAN_POINT ( 'NONE',  ( 61.23516987727369809, 4.000000000000000000, 20.44369839863141181 ) ) ;
#1368 = FACE_OUTER_BOUND ( 'NONE', #482, .T. ) ;
#1369 = CARTESIAN_POINT ( 'NONE',  ( 49.90311746460970710, -0.1067032709123929696, 18.54196484279092871 ) ) ;
#1370 = CARTESIAN_POINT ( 'NONE',  ( 59.28548261076690551, -5.000000000000000000, 18.02110104134137458 ) ) ;
#1371 = VERTEX_POINT ( 'NONE', #1559 ) ;
#1372 = ORIENTED_EDGE ( 'NONE', *, *, #1242, .F. ) ;
#1373 = VECTOR ( 'NONE', #2238, 1000.000000000000000 ) ;
#1374 = DIRECTION ( 'NONE',  ( -0.1810789180022989997, 0.1227878039689711959, -0.9757733244209918499 ) ) ;
#1375 = CIRCLE ( 'NONE', #1789, 1.000000000000001110 ) ;
#1376 = PLANE ( 'NONE',  #1986 ) ;
#1377 = CARTESIAN_POINT ( 'NONE',  ( 50.01417178922046958, -5.000000000000000000, 40.16296322641041172 ) ) ;
#1378 = CARTESIAN_POINT ( 'NONE',  ( 51.82057059438467661, 8.999999999999550582, 37.44512344613178101 ) ) ;
#1379 = ORIENTED_EDGE ( 'NONE', *, *, #1158, .F. ) ;
#1380 = EDGE_CURVE ( 'NONE', #4615, #3408, #2754, .T. ) ;
#1381 = EDGE_CURVE ( 'NONE', #1403, #3766, #2346, .T. ) ;
#1382 = AXIS2_PLACEMENT_3D ( 'NONE', #4631, #1042, #2977 ) ;
#1383 = ORIENTED_EDGE ( 'NONE', *, *, #407, .T. ) ;
#1384 = AXIS2_PLACEMENT_3D ( 'NONE', #3486, #1597, #3163 ) ;
#1385 = ADVANCED_FACE ( 'NONE', ( #2292 ), #3855, .F. ) ;
#1386 = PLANE ( 'NONE',  #180 ) ;
#1387 = APPLICATION_PROTOCOL_DEFINITION ( 'international standard', 'config_control_design', 1994, #1044 ) ;
#1388 = ORIENTED_EDGE ( 'NONE', *, *, #546, .T. ) ;
#1389 = LINE ( 'NONE', #513, #411 ) ;
#1390 = CARTESIAN_POINT ( 'NONE',  ( 28.92107278762642153, -5.000000000000060396, 68.49298847681795621 ) ) ;
#1391 = EDGE_CURVE ( 'NONE', #4598, #3943, #3124, .T. ) ;
#1392 = CARTESIAN_POINT ( 'NONE',  ( 57.98498593535033052, -5.000000000000000000, 26.87032182043997963 ) ) ;
#1393 = CARTESIAN_POINT ( 'NONE',  ( 39.74709846881508923, 9.000000000000001776, 54.99086124816221854 ) ) ;
#1394 = VERTEX_POINT ( 'NONE', #1532 ) ;
#1395 = ORIENTED_EDGE ( 'NONE', *, *, #1286, .F. ) ;
#1396 = AXIS2_PLACEMENT_3D ( 'NONE', #4804, #3749, #3725 ) ;
#1397 = PLANE ( 'NONE',  #112 ) ;
#1398 = LINE ( 'NONE', #2516, #25 ) ;
#1399 = VECTOR ( 'NONE', #4107, 1000.000000000000000 ) ;
#1400 = CARTESIAN_POINT ( 'NONE',  ( 55.92436830749143439, 7.000000000000000000, 11.26979063138921333 ) ) ;
#1401 = DIRECTION ( 'NONE',  ( 0.09941544087794625117, 0.9848077530122059109, -0.1423736623188905925 ) ) ;
#1402 = DIRECTION ( 'NONE',  ( -0.09941544087794570994, -0.9848077530122061329, 0.1423736623188898709 ) ) ;
#1403 = VERTEX_POINT ( 'NONE', #4316 ) ;
#1404 = EDGE_CURVE ( 'NONE', #192, #4031, #1220, .T. ) ;
#1405 = VERTEX_POINT ( 'NONE', #3097 ) ;
#1406 = CARTESIAN_POINT ( 'NONE',  ( 36.94878719791735477, 1.999999999999869438, 58.74312553383387581 ) ) ;
#1407 = AXIS2_PLACEMENT_3D ( 'NONE', #3529, #726, #4265 ) ;
#1408 = CARTESIAN_POINT ( 'NONE',  ( 41.90393393394258226, -0.1715728752537539203, 13.20205482400400143 ) ) ;
#1409 = ADVANCED_FACE ( 'NONE', ( #3913 ), #3942, .F. ) ;
#1410 = FACE_BOUND ( 'NONE', #4426, .T. ) ;
#1411 = FACE_OUTER_BOUND ( 'NONE', #2567, .T. ) ;
#1412 = EDGE_CURVE ( 'NONE', #3440, #4539, #2367, .T. ) ;
#1413 = CARTESIAN_POINT ( 'NONE',  ( 43.77044246470936173, -5.000000000000000888, 40.24031635750910141 ) ) ;
#1414 = ORIENTED_EDGE ( 'NONE', *, *, #1069, .T. ) ;
#1415 = LINE ( 'NONE', #2658, #3687 ) ;
#1416 = LINE ( 'NONE', #2982, #3501 ) ;
#1417 = VECTOR ( 'NONE', #4341, 1000.000000000000000 ) ;
#1418 = DIRECTION ( 'NONE',  ( 0.5725107064965888615, 0.000000000000000000, -0.8198972441390304233 ) ) ;
#1419 = DIRECTION ( 'NONE',  ( -0.5725107064965888615, 0.000000000000000000, 0.8198972441390304233 ) ) ;
#1420 = ORIENTED_EDGE ( 'NONE', *, *, #3056, .F. ) ;
#1421 = ORIENTED_EDGE ( 'NONE', *, *, #4409, .F. ) ;
#1422 = CARTESIAN_POINT ( 'NONE',  ( 35.55533488077328030, 8.571220193899234729, 60.73869994266351569 ) ) ;
#1423 = EDGE_CURVE ( 'NONE', #2900, #4789, #420, .T. ) ;
#1424 = DIRECTION ( 'NONE',  ( -0.1810789180022896738, 0.1227878039689716261, -0.9757733244209936263 ) ) ;
#1425 = DIRECTION ( 'NONE',  ( -0.8198972441390307564, 0.000000000000000000, -0.5725107064965883064 ) ) ;
#1426 = LINE ( 'NONE', #4160, #1186 ) ;
#1427 = VERTEX_POINT ( 'NONE', #1112 ) ;
#1428 = VECTOR ( 'NONE', #4469, 1000.000000000000000 ) ;
#1429 = ORIENTED_EDGE ( 'NONE', *, *, #4786, .F. ) ;
#1430 = CARTESIAN_POINT ( 'NONE',  ( 35.32169815715753458, 9.000000000000001776, 61.01796610007451704 ) ) ;
#1431 = LINE ( 'NONE', #1799, #84 ) ;
#1432 = DIRECTION ( 'NONE',  ( -0.09941544087793825757, 0.9848077530122085754, 0.1423736623188792128 ) ) ;
#1433 = PERSON_AND_ORGANIZATION ( #2860, #1361 ) ;
#1434 = ORIENTED_EDGE ( 'NONE', *, *, #905, .F. ) ;
#1435 = DIRECTION ( 'NONE',  ( -0.09941544087794607076, -0.9848077530122059109, 0.1423736623188903982 ) ) ;
#1436 = CARTESIAN_POINT ( 'NONE',  ( 57.98498593535032342, 9.000000000000001776, 26.87032182043997608 ) ) ;
#1437 = ADVANCED_FACE ( 'NONE', ( #369 ), #2321, .F. ) ;
#1438 = APPROVAL_PERSON_ORGANIZATION ( #3055, #1299, #4633 ) ;
#1439 = CARTESIAN_POINT ( 'NONE',  ( 55.26598099502036376, 7.000000000000000000, 12.21267246214910074 ) ) ;
#1440 = EDGE_CURVE ( 'NONE', #3381, #4065, #1944, .T. ) ;
#1441 = VECTOR ( 'NONE', #1775, 1000.000000000000000 ) ;
#1442 = CARTESIAN_POINT ( 'NONE',  ( 53.67454492321525095, -2.990703422156237412, 34.79003171480928103 ) ) ;
#1443 = CARTESIAN_POINT ( 'NONE',  ( 33.04400569266112342, -5.000000000000000000, 59.09511824390533263 ) ) ;
#1444 = ORIENTED_EDGE ( 'NONE', *, *, #4348, .T. ) ;
#1445 = ORIENTED_EDGE ( 'NONE', *, *, #1295, .F. ) ;
#1446 = DIRECTION ( 'NONE',  ( -0.9784308844114449899, 0.1227878039689805495, 0.1661209186897090184 ) ) ;
#1447 = DIRECTION ( 'NONE',  ( -0.5725107064965884174, 0.000000000000000000, 0.8198972441390306454 ) ) ;
#1448 = DIRECTION ( 'NONE',  ( 0.8198972441390307564, 0.000000000000000000, 0.5725107064965883064 ) ) ;
#1449 = CARTESIAN_POINT ( 'NONE',  ( 43.58730908619533295, 8.999999999999372946, 47.48935206157456435 ) ) ;
#1450 = VERTEX_POINT ( 'NONE', #3448 ) ;
#1451 = ORIENTED_EDGE ( 'NONE', *, *, #2377, .T. ) ;
#1452 = VERTEX_POINT ( 'NONE', #3825 ) ;
#1453 = AXIS2_PLACEMENT_3D ( 'NONE', #639, #3718, #588 ) ;
#1454 = VECTOR ( 'NONE', #3167, 1000.000000000000227 ) ;
#1455 = ORIENTED_EDGE ( 'NONE', *, *, #4886, .T. ) ;
#1456 = CARTESIAN_POINT ( 'NONE',  ( 49.99629665872041073, 8.999999999999497291, 40.05768100258109854 ) ) ;
#1457 = DIRECTION ( 'NONE',  ( 0.5725107064965888615, 0.000000000000000000, -0.8198972441390304233 ) ) ;
#1458 = PLANE ( 'NONE',  #4974 ) ;
#1459 = CALENDAR_DATE ( 2026, 15, 9 ) ;
#1460 = ORIENTED_EDGE ( 'NONE', *, *, #2736, .T. ) ;
#1461 = CARTESIAN_POINT ( 'NONE',  ( 57.27250561268466811, 1.882571228499829941, 29.63736291693044933 ) ) ;
#1462 = CARTESIAN_POINT ( 'NONE',  ( 52.62387185484443819, 9.000000000000001776, 31.05463249435049988 ) ) ;
#1463 = CARTESIAN_POINT ( 'NONE',  ( 60.92527709904497613, -5.000000000000000000, 19.16612245433455541 ) ) ;
#1464 = DIRECTION ( 'NONE',  ( -0.8198972441390307564, 0.000000000000000000, -0.5725107064965883064 ) ) ;
#1465 = EDGE_CURVE ( 'NONE', #3766, #2677, #348, .T. ) ;
#1466 = DIRECTION ( 'NONE',  ( 0.8198972441390307564, 0.000000000000000000, 0.5725107064965883064 ) ) ;
#1467 = ORIENTED_EDGE ( 'NONE', *, *, #2217, .T. ) ;
#1468 = ADVANCED_FACE ( 'NONE', ( #3299 ), #4849, .F. ) ;
#1469 = ORIENTED_EDGE ( 'NONE', *, *, #2232, .T. ) ;
#1470 = DIRECTION ( 'NONE',  ( 0.000000000000000000, -1.000000000000000000, 0.000000000000000000 ) ) ;
#1471 = LINE ( 'NONE', #1193, #1952 ) ;
#1472 = VECTOR ( 'NONE', #692, 1000.000000000000000 ) ;
#1473 = CARTESIAN_POINT ( 'NONE',  ( 55.46008600397384924, 1.999999999999654055, 32.23294379523215270 ) ) ;
#1474 = DIRECTION ( 'NONE',  ( -0.9539122716840975347, 0.000000000000000000, -0.3000856176668329489 ) ) ;
#1475 = EDGE_LOOP ( 'NONE', ( #3948, #1837, #867, #4916, #132, #428 ) ) ;
#1476 = EDGE_CURVE ( 'NONE', #3, #4034, #1346, .T. ) ;
#1477 = VERTEX_POINT ( 'NONE', #3200 ) ;
#1478 = VECTOR ( 'NONE', #3221, 1000.000000000000000 ) ;
#1479 = ORIENTED_EDGE ( 'NONE', *, *, #2759, .T. ) ;
#1480 = VECTOR ( 'NONE', #5017, 1000.000000000000114 ) ;
#1481 = VERTEX_POINT ( 'NONE', #538 ) ;
#1482 = DIRECTION ( 'NONE',  ( -0.1673875490687116996, -0.000000000000000000, -0.9858911747331798869 ) ) ;
#1483 = EDGE_CURVE ( 'NONE', #2767, #2362, #2907, .T. ) ;
#1484 = CIRCLE ( 'NONE', #100, 3.000000000000000888 ) ;
#1485 = CARTESIAN_POINT ( 'NONE',  ( 52.37983279255751512, 9.000000000000001776, -12.87755193253027564 ) ) ;
#1486 = AXIS2_PLACEMENT_3D ( 'NONE', #2136, #4536, #4106 ) ;
#1487 = VECTOR ( 'NONE', #4810, 999.9999999999998863 ) ;
#1488 = ORIENTED_EDGE ( 'NONE', *, *, #1854, .F. ) ;
#1489 = LINE ( 'NONE', #4607, #1161 ) ;
#1490 = DIRECTION ( 'NONE',  ( -0.8198972441390307564, 0.000000000000000000, -0.5725107064965883064 ) ) ;
#1491 = DIRECTION ( 'NONE',  ( 0.000000000000000000, 1.000000000000000000, 0.000000000000000000 ) ) ;
#1492 = DIRECTION ( 'NONE',  ( 0.5725107064965885284, 0.000000000000000000, -0.8198972441390304233 ) ) ;
#1493 = VECTOR ( 'NONE', #4033, 1000.000000000000000 ) ;
#1494 = CARTESIAN_POINT ( 'NONE',  ( 44.00453325761041157, 0.000000000000000000, 6.524668922215320244 ) ) ;
#1495 = CARTESIAN_POINT ( 'NONE',  ( 57.98498593535032342, 9.000000000000001776, 26.87032182043997608 ) ) ;
#1496 = EDGE_LOOP ( 'NONE', ( #1797, #5056, #2295, #160, #4372, #4575 ) ) ;
#1497 = CARTESIAN_POINT ( 'NONE',  ( 50.32513311343010542, 3.000000000000000000, -8.156657968942278458 ) ) ;
#1498 = EDGE_LOOP ( 'NONE', ( #3893, #2171, #750, #2326, #2451, #120, #4767 ) ) ;
#1499 = DIRECTION ( 'NONE',  ( -0.5725107064965885284, 0.000000000000000000, 0.8198972441390304233 ) ) ;
#1500 = VECTOR ( 'NONE', #1970, 1000.000000000000000 ) ;
#1501 = LINE ( 'NONE', #3853, #4473 ) ;
#1502 = CARTESIAN_POINT ( 'NONE',  ( 45.69538276871062266, -5.448197326325522560, 46.21705480237799435 ) ) ;
#1503 = DIRECTION ( 'NONE',  ( 0.5725107064965885284, 0.000000000000000000, -0.8198972441390305343 ) ) ;
#1504 = ORIENTED_EDGE ( 'NONE', *, *, #5001, .F. ) ;
#1505 = ORIENTED_EDGE ( 'NONE', *, *, #1040, .F. ) ;
#1506 = ORIENTED_EDGE ( 'NONE', *, *, #2799, .F. ) ;
#1507 = EDGE_CURVE ( 'NONE', #3626, #3021, #2883, .T. ) ;
#1508 = CARTESIAN_POINT ( 'NONE',  ( 57.98498593535032342, 4.000000000000000000, 26.87032182043997608 ) ) ;
#1509 = EDGE_CURVE ( 'NONE', #3229, #2501, #4754, .T. ) ;
#1510 = ORIENTED_EDGE ( 'NONE', *, *, #3325, .F. ) ;
#1511 = LINE ( 'NONE', #2973, #912 ) ;
#1512 = DIRECTION ( 'NONE',  ( 0.5725107064965888615, 0.000000000000000000, -0.8198972441390304233 ) ) ;
#1513 = LINE ( 'NONE', #3460, #2940 ) ;
#1514 = EDGE_CURVE ( 'NONE', #399, #1619, #3581, .T. ) ;
#1515 = VECTOR ( 'NONE', #2734, 1000.000000000000000 ) ;
#1516 = DATE_AND_TIME ( #4247, #4949 ) ;
#1517 = VERTEX_POINT ( 'NONE', #885 ) ;
#1518 = DIRECTION ( 'NONE',  ( -0.5725107064965888615, 0.000000000000000000, 0.8198972441390304233 ) ) ;
#1519 = CARTESIAN_POINT ( 'NONE',  ( 56.30494527161355478, 9.000000000000001776, 32.03502635291176404 ) ) ;
#1520 = DIRECTION ( 'NONE',  ( 0.5725107064965888615, 0.000000000000000000, -0.8198972441390304233 ) ) ;
#1521 = DIRECTION ( 'NONE',  ( 0.5725107064965883064, 0.000000000000000000, -0.8198972441390307564 ) ) ;
#1522 = ORIENTED_EDGE ( 'NONE', *, *, #4190, .F. ) ;
#1523 = CARTESIAN_POINT ( 'NONE',  ( 48.67354798001797889, 9.000000000000001776, 36.71192347890981011 ) ) ;
#1524 = VERTEX_POINT ( 'NONE', #3649 ) ;
#1525 = CARTESIAN_POINT ( 'NONE',  ( 47.52407811253014813, 4.884979337644987929, 43.59816531131056649 ) ) ;
#1526 = ORIENTED_EDGE ( 'NONE', *, *, #281, .T. ) ;
#1527 = PLANE ( 'NONE',  #3761 ) ;
#1528 = LINE ( 'NONE', #725, #2922 ) ;
#1529 = VECTOR ( 'NONE', #3544, 1000.000000000000114 ) ;
#1530 = VECTOR ( 'NONE', #2126, 1000.000000000000114 ) ;
#1531 = LINE ( 'NONE', #3884, #2069 ) ;
#1532 = CARTESIAN_POINT ( 'NONE',  ( 34.66752223141360645, 9.000000000000001776, 53.27668253931969389 ) ) ;
#1533 = ORIENTED_EDGE ( 'NONE', *, *, #527, .T. ) ;
#1534 = ORIENTED_EDGE ( 'NONE', *, *, #4971, .T. ) ;
#1535 = ORIENTED_EDGE ( 'NONE', *, *, #3559, .T. ) ;
#1536 = CARTESIAN_POINT ( 'NONE',  ( 50.98352042590118316, 7.000000000000000000, -9.099539799702162313 ) ) ;
#1537 = ORIENTED_EDGE ( 'NONE', *, *, #1230, .T. ) ;
#1538 = EDGE_CURVE ( 'NONE', #3408, #769, #1247, .T. ) ;
#1539 = EDGE_CURVE ( 'NONE', #4893, #886, #494, .T. ) ;
#1540 = VECTOR ( 'NONE', #2157, 1000.000000000000114 ) ;
#1541 = AXIS2_PLACEMENT_3D ( 'NONE', #3930, #3142, #853 ) ;
#1542 = DIRECTION ( 'NONE',  ( -0.000000000000000000, -1.000000000000000000, 0.000000000000000000 ) ) ;
#1543 = DIRECTION ( 'NONE',  ( -0.5725107064965884174, 0.000000000000000000, 0.8198972441390306454 ) ) ;
#1544 = ADVANCED_FACE ( 'NONE', ( #174 ), #4801, .F. ) ;
#1545 = DATE_TIME_ROLE ( 'creation_date' ) ;
#1546 = ORIENTED_EDGE ( 'NONE', *, *, #3611, .T. ) ;
#1547 = DIRECTION ( 'NONE',  ( 0.09941544087794625117, 0.9848077530122059109, -0.1423736623188905925 ) ) ;
#1548 = DIRECTION ( 'NONE',  ( 0.000000000000000000, -1.000000000000000000, 0.000000000000000000 ) ) ;
#1549 = CARTESIAN_POINT ( 'NONE',  ( 57.98498593535032342, 4.000000000000000000, 26.87032182043997608 ) ) ;
#1550 = CARTESIAN_POINT ( 'NONE',  ( 59.28548261076690551, 15.00000000000000355, 18.02110104134137458 ) ) ;
#1551 = ORIENTED_EDGE ( 'NONE', *, *, #3072, .T. ) ;
#1552 = CARTESIAN_POINT ( 'NONE',  ( 49.85551983769044426, 9.000000000000001776, 17.53475393833426921 ) ) ;
#1553 = CARTESIAN_POINT ( 'NONE',  ( 50.85543401930630836, 9.000000000000001776, 17.84946092297769837 ) ) ;
#1554 = VERTEX_POINT ( 'NONE', #2044 ) ;
#1555 = DIRECTION ( 'NONE',  ( -0.8198972441390304233, 0.000000000000000000, -0.5725107064965888615 ) ) ;
#1556 = LINE ( 'NONE', #1083, #4224 ) ;
#1557 = ADVANCED_FACE ( 'NONE', ( #2490 ), #4370, .F. ) ;
#1558 = DIRECTION ( 'NONE',  ( 0.5725107064965888615, -1.957506293043472886E-13, -0.8198972441390304233 ) ) ;
#1559 = CARTESIAN_POINT ( 'NONE',  ( 47.65587617473004656, 1.999999999999741984, 41.66272400793091890 ) ) ;
#1560 = ORIENTED_EDGE ( 'NONE', *, *, #2846, .F. ) ;
#1561 = CARTESIAN_POINT ( 'NONE',  ( 58.06272356656202760, 0.000000000000000000, 23.26560867502971064 ) ) ;
#1562 = VERTEX_POINT ( 'NONE', #1665 ) ;
#1563 = ORIENTED_EDGE ( 'NONE', *, *, #2854, .T. ) ;
#1564 = VECTOR ( 'NONE', #845, 1000.000000000000000 ) ;
#1565 = CARTESIAN_POINT ( 'NONE',  ( 24.89389452041838169, 9.000000000000001776, 67.27357436082418474 ) ) ;
#1566 = ORIENTED_EDGE ( 'NONE', *, *, #2260, .F. ) ;
#1567 = AXIS2_PLACEMENT_3D ( 'NONE', #72, #3964, #1662 ) ;
#1568 = CARTESIAN_POINT ( 'NONE',  ( 35.62030387189577141, 9.000000000000001776, 55.40558064527969862 ) ) ;
#1569 = EDGE_CURVE ( 'NONE', #2645, #2686, #3251, .T. ) ;
#1570 = CARTESIAN_POINT ( 'NONE',  ( 41.90958580973165937, 15.00000000000000355, 13.18408863916928375 ) ) ;
#1571 = PERSON_AND_ORGANIZATION ( #2860, #1361 ) ;
#1572 = ORIENTED_EDGE ( 'NONE', *, *, #3141, .T. ) ;
#1573 = DIRECTION ( 'NONE',  ( 0.000000000000000000, -1.000000000000000000, -0.000000000000000000 ) ) ;
#1574 = DIRECTION ( 'NONE',  ( 0.000000000000000000, -1.000000000000000000, 0.000000000000000000 ) ) ;
#1575 = VECTOR ( 'NONE', #4062, 1000.000000000000114 ) ;
#1576 = DIRECTION ( 'NONE',  ( 0.000000000000000000, -1.000000000000000000, 0.000000000000000000 ) ) ;
#1577 = EDGE_CURVE ( 'NONE', #2240, #2091, #4058, .T. ) ;
#1578 = EDGE_CURVE ( 'NONE', #4088, #3440, #1714, .T. ) ;
#1579 = PLANE ( 'NONE',  #5000 ) ;
#1580 = VERTEX_POINT ( 'NONE', #3674 ) ;
#1581 = VECTOR ( 'NONE', #1558, 1000.000000000000114 ) ;
#1582 = DIRECTION ( 'NONE',  ( 0.09941544087793829920, -0.9848077530122085754, -0.1423736623188791295 ) ) ;
#1583 = VERTEX_POINT ( 'NONE', #3992 ) ;
#1584 = DIRECTION ( 'NONE',  ( 0.3000856176668329489, 0.000000000000000000, -0.9539122716840975347 ) ) ;
#1585 = LINE ( 'NONE', #3418, #73 ) ;
#1586 = VECTOR ( 'NONE', #4268, 1000.000000000000114 ) ;
#1587 = DIRECTION ( 'NONE',  ( 0.000000000000000000, -1.000000000000000000, 0.000000000000000000 ) ) ;
#1588 = CARTESIAN_POINT ( 'NONE',  ( 57.98498593535032342, -5.000000000000000000, 26.87032182043997608 ) ) ;
#1589 = EDGE_LOOP ( 'NONE', ( #2865, #2184, #3345, #740 ) ) ;
#1590 = LINE ( 'NONE', #2849, #2630 ) ;
#1591 = EDGE_CURVE ( 'NONE', #2240, #3594, #104, .T. ) ;
#1592 = ORIENTED_EDGE ( 'NONE', *, *, #4045, .T. ) ;
#1593 = ORIENTED_EDGE ( 'NONE', *, *, #4133, .F. ) ;
#1594 = LINE ( 'NONE', #4654, #4785 ) ;
#1595 = ORIENTED_EDGE ( 'NONE', *, *, #2437, .F. ) ;
#1596 = CARTESIAN_POINT ( 'NONE',  ( 34.78474015981278455, 8.999999999999950262, 61.84227491671050814 ) ) ;
#1597 = DIRECTION ( 'NONE',  ( 0.000000000000000000, 1.000000000000000000, -0.000000000000000000 ) ) ;
#1598 = ORIENTED_EDGE ( 'NONE', *, *, #3425, .T. ) ;
#1599 = DIRECTION ( 'NONE',  ( 0.5725107064965885284, 0.000000000000000000, -0.8198972441390304233 ) ) ;
#1600 = DIRECTION ( 'NONE',  ( 0.09941544087794572382, 0.9848077530122061329, -0.1423736623188898709 ) ) ;
#1601 = DIRECTION ( 'NONE',  ( 0.000000000000000000, -1.000000000000000000, 0.000000000000000000 ) ) ;
#1602 = VECTOR ( 'NONE', #3377, 999.9999999999998863 ) ;
#1603 = DIRECTION ( 'NONE',  ( -0.09941544087794605689, -0.9848077530122060219, 0.1423736623188903982 ) ) ;
#1604 = EDGE_LOOP ( 'NONE', ( #4697, #1249, #402, #4091 ) ) ;
#1605 = DIRECTION ( 'NONE',  ( -0.000000000000000000, 1.000000000000000000, 0.000000000000000000 ) ) ;
#1606 = ORIENTED_EDGE ( 'NONE', *, *, #3694, .F. ) ;
#1607 = EDGE_CURVE ( 'NONE', #1267, #1785, #1297, .T. ) ;
#1608 = DIRECTION ( 'NONE',  ( -0.5725107064965889725, -1.822260403705923918E-13, 0.8198972441390303123 ) ) ;
#1609 = ADVANCED_FACE ( 'NONE', ( #2466 ), #3274, .F. ) ;
#1610 = CARTESIAN_POINT ( 'NONE',  ( 50.98407736656637468, 8.999999999999998224, 29.90961108135731905 ) ) ;
#1611 = CARTESIAN_POINT ( 'NONE',  ( 63.38496883146206784, 6.436091176202790333E-17, 20.88365457382432311 ) ) ;
#1612 = ORIENTED_EDGE ( 'NONE', *, *, #1090, .F. ) ;
#1613 = CARTESIAN_POINT ( 'NONE',  ( 50.29706451877046902, 15.00000000000000355, 30.89348777432415716 ) ) ;
#1614 = ORIENTED_EDGE ( 'NONE', *, *, #2219, .F. ) ;
#1615 = EDGE_CURVE ( 'NONE', #4139, #3821, #641, .T. ) ;
#1616 = ORIENTED_EDGE ( 'NONE', *, *, #4681, .F. ) ;
#1617 = VECTOR ( 'NONE', #928, 1000.000000000000000 ) ;
#1618 = LINE ( 'NONE', #3947, #2825 ) ;
#1619 = VERTEX_POINT ( 'NONE', #4489 ) ;
#1620 = EDGE_CURVE ( 'NONE', #3456, #1086, #3700, .T. ) ;
#1621 = FACE_BOUND ( 'NONE', #3782, .T. ) ;
#1622 = LINE ( 'NONE', #1568, #4576 ) ;
#1623 = EDGE_CURVE ( 'NONE', #1038, #3403, #4257, .T. ) ;
#1624 = PLANE ( 'NONE',  #3422 ) ;
#1625 = DIRECTION ( 'NONE',  ( 0.000000000000000000, 1.000000000000000000, 0.000000000000000000 ) ) ;
#1626 = AXIS2_PLACEMENT_3D ( 'NONE', #1350, #394, #4701 ) ;
#1627 = EDGE_LOOP ( 'NONE', ( #13, #3443, #4837, #1197 ) ) ;
#1628 = VECTOR ( 'NONE', #3062, 1000.000000000000000 ) ;
#1629 = ORIENTED_EDGE ( 'NONE', *, *, #527, .F. ) ;
#1630 = LINE ( 'NONE', #4716, #2142 ) ;
#1631 = FACE_OUTER_BOUND ( 'NONE', #4320, .T. ) ;
#1632 = CARTESIAN_POINT ( 'NONE',  ( 55.50324026703474090, 2.427485433475485177, 32.17114222374191002 ) ) ;
#1633 = ORIENTED_EDGE ( 'NONE', *, *, #3086, .T. ) ;
#1634 = ORIENTED_EDGE ( 'NONE', *, *, #1623, .T. ) ;
#1635 = LINE ( 'NONE', #4367, #570 ) ;
#1636 = VECTOR ( 'NONE', #2379, 999.9999999999998863 ) ;
#1637 = EDGE_CURVE ( 'NONE', #5016, #3804, #2960, .T. ) ;
#1638 = EDGE_CURVE ( 'NONE', #1260, #1405, #4130, .T. ) ;
#1639 = CARTESIAN_POINT ( 'NONE',  ( 47.69376023017274235, 0.000000000000000000, -11.40666593829636000 ) ) ;
#1640 = DIRECTION ( 'NONE',  ( -0.8198972441390304233, 6.115224255441780273E-17, -0.5725107064965888615 ) ) ;
#1641 = VERTEX_POINT ( 'NONE', #1784 ) ;
#1642 = CIRCLE ( 'NONE', #1901, 2.999999999999998668 ) ;
#1643 = ORIENTED_EDGE ( 'NONE', *, *, #967, .F. ) ;
#1644 = ORIENTED_EDGE ( 'NONE', *, *, #5051, .F. ) ;
#1645 = EDGE_CURVE ( 'NONE', #1267, #3969, #3771, .T. ) ;
#1646 = DIRECTION ( 'NONE',  ( 0.5725107064965884174, 0.000000000000000000, -0.8198972441390306454 ) ) ;
#1647 = LINE ( 'NONE', #2915, #1428 ) ;
#1648 = VERTEX_POINT ( 'NONE', #2613 ) ;
#1649 = LINE ( 'NONE', #1700, #756 ) ;
#1650 = EDGE_LOOP ( 'NONE', ( #1504, #445, #1354 ) ) ;
#1651 = VECTOR ( 'NONE', #4972, 1000.000000000000000 ) ;
#1652 = EDGE_CURVE ( 'NONE', #4396, #3468, #102, .T. ) ;
#1653 = ORIENTED_EDGE ( 'NONE', *, *, #3668, .T. ) ;
#1654 = LINE ( 'NONE', #1930, #2947 ) ;
#1655 = VECTOR ( 'NONE', #4146, 1000.000000000000000 ) ;
#1656 = LINE ( 'NONE', #3166, #656 ) ;
#1657 = CARTESIAN_POINT ( 'NONE',  ( 43.72457938021867818, -5.000000000000000000, 49.20306925047641755 ) ) ;
#1658 = VECTOR ( 'NONE', #289, 1000.000000000000000 ) ;
#1659 = LINE ( 'NONE', #3220, #2551 ) ;
#1660 = CARTESIAN_POINT ( 'NONE',  ( 37.93083325844416720, 9.000000000000001776, 48.60326824772722176 ) ) ;
#1661 = ORIENTED_EDGE ( 'NONE', *, *, #4096, .T. ) ;
#1662 = DIRECTION ( 'NONE',  ( -0.09941544087794604301, -0.9848077530122060219, 0.1423736623188903705 ) ) ;
#1663 = AXIS2_PLACEMENT_3D ( 'NONE', #4278, #1573, #1599 ) ;
#1664 = LINE ( 'NONE', #4369, #4684 ) ;
#1665 = CARTESIAN_POINT ( 'NONE',  ( 31.90803193722297593, -5.000000000000107470, 64.21533995894751001 ) ) ;
#1666 = ORIENTED_EDGE ( 'NONE', *, *, #403, .T. ) ;
#1667 = ORIENTED_EDGE ( 'NONE', *, *, #3756, .F. ) ;
#1668 = EDGE_LOOP ( 'NONE', ( #576, #2746, #312, #1045 ) ) ;
#1669 = VECTOR ( 'NONE', #2583, 1000.000000000000227 ) ;
#1670 = VECTOR ( 'NONE', #1625, 1000.000000000000000 ) ;
#1671 = CARTESIAN_POINT ( 'NONE',  ( 40.13527585102585959, -5.000000000000207834, 52.43303696401343217 ) ) ;
#1672 = FACE_OUTER_BOUND ( 'NONE', #4517, .T. ) ;
#1673 = ORIENTED_EDGE ( 'NONE', *, *, #3678, .F. ) ;
#1674 = EDGE_CURVE ( 'NONE', #3594, #1477, #1050, .T. ) ;
#1675 = ADVANCED_FACE ( 'NONE', ( #3320 ), #220, .F. ) ;
#1676 = AXIS2_PLACEMENT_3D ( 'NONE', #2701, #2, #27 ) ;
#1677 = LINE ( 'NONE', #2450, #4737 ) ;
#1678 = VERTEX_POINT ( 'NONE', #1831 ) ;
#1679 = VERTEX_POINT ( 'NONE', #2233 ) ;
#1680 = ADVANCED_FACE ( 'NONE', ( #3794 ), #2565, .F. ) ;
#1681 = PLANE ( 'NONE',  #3489 ) ;
#1682 = FACE_OUTER_BOUND ( 'NONE', #1668, .T. ) ;
#1683 = LINE ( 'NONE', #2847, #4389 ) ;
#1684 = DIRECTION ( 'NONE',  ( -0.1810789180022940870, -0.1227878039689815487, -0.9757733244209914059 ) ) ;
#1685 = ORIENTED_EDGE ( 'NONE', *, *, #708, .F. ) ;
#1686 = CARTESIAN_POINT ( 'NONE',  ( 47.09059193248973685, 1.999999999999752864, 43.17741162355687123 ) ) ;
#1687 = CARTESIAN_POINT ( 'NONE',  ( 49.28300913119386450, 9.000000000000001776, 18.35465118247330096 ) ) ;
#1688 = AXIS2_PLACEMENT_3D ( 'NONE', #2572, #4138, #2167 ) ;
#1689 = FACE_OUTER_BOUND ( 'NONE', #3252, .T. ) ;
#1690 = DIRECTION ( 'NONE',  ( 0.09941544087794625117, 0.9848077530122059109, -0.1423736623188905925 ) ) ;
#1691 = ORIENTED_EDGE ( 'NONE', *, *, #3882, .F. ) ;
#1692 = ORIENTED_EDGE ( 'NONE', *, *, #3272, .F. ) ;
#1693 = CARTESIAN_POINT ( 'NONE',  ( 33.56054434214712501, 9.185593669941606976, 63.59545571455569046 ) ) ;
#1694 = VECTOR ( 'NONE', #4856, 1000.000000000000114 ) ;
#1695 = LINE ( 'NONE', #519, #2738 ) ;
#1696 = ORIENTED_EDGE ( 'NONE', *, *, #266, .T. ) ;
#1697 = LOCAL_TIME ( 11, 2, 28.00000000000000000, #3407 ) ;
#1698 = VECTOR ( 'NONE', #2204, 1000.000000000000000 ) ;
#1699 = EDGE_CURVE ( 'NONE', #2491, #733, #4081, .T. ) ;
#1700 = CARTESIAN_POINT ( 'NONE',  ( 43.01198407361566467, 8.999999999999850786, 50.05997192177641608 ) ) ;
#1701 = EDGE_CURVE ( 'NONE', #271, #2285, #4873, .T. ) ;
#1702 = VERTEX_POINT ( 'NONE', #4515 ) ;
#1703 = VERTEX_POINT ( 'NONE', #4967 ) ;
#1704 = LINE ( 'NONE', #4094, #2917 ) ;
#1705 = DIRECTION ( 'NONE',  ( 0.09941544087794622342, 0.9848077530122059109, -0.1423736623188905925 ) ) ;
#1706 = LINE ( 'NONE', #190, #1478 ) ;
#1707 = EDGE_CURVE ( 'NONE', #5007, #2236, #592, .T. ) ;
#1708 = CARTESIAN_POINT ( 'NONE',  ( 41.19414428547471374, 9.000000000000001776, 43.92985395613474253 ) ) ;
#1709 = ORIENTED_EDGE ( 'NONE', *, *, #679, .F. ) ;
#1710 = FACE_OUTER_BOUND ( 'NONE', #3451, .T. ) ;
#1711 = VECTOR ( 'NONE', #2660, 999.9999999999998863 ) ;
#1712 = AXIS2_PLACEMENT_3D ( 'NONE', #2454, #1601, #2384 ) ;
#1713 = DIRECTION ( 'NONE',  ( -0.09941544087794604301, -0.9848077530122060219, 0.1423736623188903705 ) ) ;
#1714 = LINE ( 'NONE', #2416, #4752 ) ;
#1715 = ORIENTED_EDGE ( 'NONE', *, *, #3355, .T. ) ;
#1716 = VERTEX_POINT ( 'NONE', #2182 ) ;
#1717 = CARTESIAN_POINT ( 'NONE',  ( 26.30056339547859423, 9.000000000000001776, 62.80205482400400285 ) ) ;
#1718 = EDGE_CURVE ( 'NONE', #390, #4768, #3746, .T. ) ;
#1719 = CARTESIAN_POINT ( 'NONE',  ( 37.78181553892464706, -5.000000000000000000, 57.99754685510261254 ) ) ;
#1720 = CARTESIAN_POINT ( 'NONE',  ( 36.02165389412441954, -5.000000000000158096, 58.32418846148046754 ) ) ;
#1721 = VERTEX_POINT ( 'NONE', #243 ) ;
#1722 = DIRECTION ( 'NONE',  ( -0.5725107064965888615, -1.822260403705923918E-13, 0.8198972441390304233 ) ) ;
#1723 = ORIENTED_EDGE ( 'NONE', *, *, #1017, .T. ) ;
#1724 = EDGE_LOOP ( 'NONE', ( #1114, #351, #1335, #3387 ) ) ;
#1725 = VECTOR ( 'NONE', #935, 1000.000000000000114 ) ;
#1726 = DIRECTION ( 'NONE',  ( 0.5725107064965865300, 0.000000000000000000, -0.8198972441390319776 ) ) ;
#1727 = CARTESIAN_POINT ( 'NONE',  ( 28.14090017735250271, -5.000000000000000000, 62.62351112250463814 ) ) ;
#1728 = CARTESIAN_POINT ( 'NONE',  ( 39.54491595802557669, 7.342473241814483131, 55.02518839887919455 ) ) ;
#1729 = VERTEX_POINT ( 'NONE', #1807 ) ;
#1730 = DIRECTION ( 'NONE',  ( -0.9832133515137236879, -0.000000000000000000, 0.1824595993779192515 ) ) ;
#1731 = LINE ( 'NONE', #1002, #376 ) ;
#1732 = ADVANCED_FACE ( 'NONE', ( #1029 ), #2589, .F. ) ;
#1733 = VECTOR ( 'NONE', #1435, 1000.000000000000114 ) ;
#1734 = DIRECTION ( 'NONE',  ( -0.09941544087793842410, 0.9848077530122084644, 0.1423736623188794348 ) ) ;
#1735 = ADVANCED_FACE ( 'NONE', ( #2933 ), #3496, .F. ) ;
#1736 = CARTESIAN_POINT ( 'NONE',  ( 28.21442919752773548, 1.999999999999979128, 69.50497851566952079 ) ) ;
#1737 = CARTESIAN_POINT ( 'NONE',  ( 57.66412600046749759, -1.761956470071662784, 29.07652017102503450 ) ) ;
#1738 = ORIENTED_EDGE ( 'NONE', *, *, #856, .F. ) ;
#1739 = ORIENTED_EDGE ( 'NONE', *, *, #682, .F. ) ;
#1740 = DIRECTION ( 'NONE',  ( 0.8198972441390307564, 0.000000000000000000, 0.5725107064965883064 ) ) ;
#1741 = FACE_OUTER_BOUND ( 'NONE', #2987, .T. ) ;
#1742 = VECTOR ( 'NONE', #3726, 999.9999999999998863 ) ;
#1743 = EDGE_CURVE ( 'NONE', #1095, #133, #1079, .T. ) ;
#1744 = PLANE ( 'NONE',  #3800 ) ;
#1745 = AXIS2_PLACEMENT_3D ( 'NONE', #3351, #4903, #1401 ) ;
#1746 = EDGE_LOOP ( 'NONE', ( #1031, #91, #142, #3531, #2045, #4415 ) ) ;
#1747 = VECTOR ( 'NONE', #2703, 1000.000000000000114 ) ;
#1748 = DIRECTION ( 'NONE',  ( 0.5725107064965889725, 0.000000000000000000, -0.8198972441390303123 ) ) ;
#1749 = ORIENTED_EDGE ( 'NONE', *, *, #1652, .F. ) ;
#1750 = ORIENTED_EDGE ( 'NONE', *, *, #3512, .F. ) ;
#1751 = CARTESIAN_POINT ( 'NONE',  ( 55.88312008853285562, 1.999999999999638733, 29.88042101299692632 ) ) ;
#1752 = CYLINDRICAL_SURFACE ( 'NONE', #2661, 1.000000000000001110 ) ;
#1753 = LINE ( 'NONE', #4504, #1655 ) ;
#1754 = DESIGN_CONTEXT ( 'detailed design', #1044, 'design' ) ;
#1755 = ORIENTED_EDGE ( 'NONE', *, *, #294, .T. ) ;
#1756 = LINE ( 'NONE', #2485, #3940 ) ;
#1757 = PLANE ( 'NONE',  #3737 ) ;
#1758 = EDGE_CURVE ( 'NONE', #2194, #152, #1991, .T. ) ;
#1759 = DIRECTION ( 'NONE',  ( -0.000000000000000000, 1.000000000000000000, 0.000000000000000000 ) ) ;
#1760 = ORIENTED_EDGE ( 'NONE', *, *, #589, .F. ) ;
#1761 = EDGE_CURVE ( 'NONE', #3906, #3190, #46, .T. ) ;
#1762 = EDGE_LOOP ( 'NONE', ( #2824, #4060, #507, #2396, #1205, #3090 ) ) ;
#1763 = CARTESIAN_POINT ( 'NONE',  ( 55.93419255128610246, 8.999999999999499067, 31.55397194866476340 ) ) ;
#1764 = CARTESIAN_POINT ( 'NONE',  ( 41.53049810774462003, 8.999999999999399591, 50.43492781030808203 ) ) ;
#1765 = CARTESIAN_POINT ( 'NONE',  ( 39.31939076504941255, 7.411932512881279855, 55.34816486395980206 ) ) ;
#1766 = LINE ( 'NONE', #3778, #3397 ) ;
#1767 = CIRCLE ( 'NONE', #211, 1.149999999999998579 ) ;
#1768 = EDGE_CURVE ( 'NONE', #4789, #1125, #3997, .T. ) ;
#1769 = ORIENTED_EDGE ( 'NONE', *, *, #3212, .F. ) ;
#1770 = B_SPLINE_CURVE_WITH_KNOTS ( 'NONE', 3,
 ( #2588, #3319, #219, #561, #2984, #1369, #4057, #2959, #1783, #3273 ),
 .UNSPECIFIED., .F., .F.,
 ( 4, 2, 2, 2, 4 ),
 ( 9.820702168612309560E-18, 0.0003933909761702945808, 0.0007867819523405794038, 0.001180172928510864064, 0.001573563904681148833 ),
 .UNSPECIFIED. ) ;
#1771 = ORIENTED_EDGE ( 'NONE', *, *, #2279, .F. ) ;
#1772 = ORIENTED_EDGE ( 'NONE', *, *, #1615, .T. ) ;
#1773 = EDGE_CURVE ( 'NONE', #276, #788, #5023, .T. ) ;
#1774 = AXIS2_PLACEMENT_3D ( 'NONE', #3598, #4307, #4279 ) ;
#1775 = DIRECTION ( 'NONE',  ( -0.09941544087793841022, 0.9848077530122084644, 0.1423736623188794070 ) ) ;
#1776 = LOCAL_TIME ( 11, 2, 28.00000000000000000, #2581 ) ;
#1777 = CARTESIAN_POINT ( 'NONE',  ( 32.35699284486521066, 9.000000000000001776, 60.07899493687217074 ) ) ;
#1778 = CARTESIAN_POINT ( 'NONE',  ( 36.84155113826350458, 8.999999999999927169, 58.89669916797698335 ) ) ;
#1779 = DIRECTION ( 'NONE',  ( -0.09941544087793842410, 0.9848077530122084644, 0.1423736623188794348 ) ) ;
#1780 = ORIENTED_EDGE ( 'NONE', *, *, #4285, .T. ) ;
#1781 = CARTESIAN_POINT ( 'NONE',  ( 37.42289374522962930, 8.999999999999726441, 58.06415368726645454 ) ) ;
#1782 = PLANE ( 'NONE',  #1453 ) ;
#1783 = CARTESIAN_POINT ( 'NONE',  ( 49.39213088161736209, -0.1715728752538096813, 18.43084776793041613 ) ) ;
#1784 = CARTESIAN_POINT ( 'NONE',  ( 31.48499785266391271, 8.999999999999722888, 66.56786274118283586 ) ) ;
#1785 = VERTEX_POINT ( 'NONE', #1937 ) ;
#1786 = ORIENTED_EDGE ( 'NONE', *, *, #1412, .F. ) ;
#1787 = VECTOR ( 'NONE', #3604, 999.9999999999998863 ) ;
#1788 = CARTESIAN_POINT ( 'NONE',  ( 32.35699284486521066, 15.00000000000000355, 60.07899493687217074 ) ) ;
#1789 = AXIS2_PLACEMENT_3D ( 'NONE', #1552, #1605, #2363 ) ;
#1790 = LINE ( 'NONE', #4925, #2448 ) ;
#1791 = EDGE_CURVE ( 'NONE', #2566, #1907, #414, .T. ) ;
#1792 = DIRECTION ( 'NONE',  ( -0.9784308844114462111, -0.1227878039689698358, 0.1661209186897096846 ) ) ;
#1793 = FACE_OUTER_BOUND ( 'NONE', #1604, .T. ) ;
#1794 = ORIENTED_EDGE ( 'NONE', *, *, #3308, .F. ) ;
#1795 = EDGE_CURVE ( 'NONE', #483, #4874, #804, .T. ) ;
#1796 = EDGE_CURVE ( 'NONE', #3842, #5007, #3550, .T. ) ;
#1797 = ORIENTED_EDGE ( 'NONE', *, *, #473, .F. ) ;
#1798 = FACE_OUTER_BOUND ( 'NONE', #136, .T. ) ;
#1799 = CARTESIAN_POINT ( 'NONE',  ( 41.74365809978732500, -5.000000000000000000, 52.13456178535182772 ) ) ;
#1800 = DIRECTION ( 'NONE',  ( 0.8198972441390307564, 0.000000000000000000, 0.5725107064965883064 ) ) ;
#1801 = ADVANCED_FACE ( 'NONE', ( #1103 ), #3116, .F. ) ;
#1802 = PERSON_AND_ORGANIZATION_ROLE ( 'creator' ) ;
#1803 = VERTEX_POINT ( 'NONE', #2638 ) ;
#1804 = DIRECTION ( 'NONE',  ( 0.8198972441390307564, 0.000000000000000000, 0.5725107064965883064 ) ) ;
#1805 = DIRECTION ( 'NONE',  ( 0.1673875490687020684, -0.000000000000000000, 0.9858911747331816633 ) ) ;
#1806 = CARTESIAN_POINT ( 'NONE',  ( 57.88965119344366883, -1.692497199004964870, 28.75354370594439146 ) ) ;
#1807 = CARTESIAN_POINT ( 'NONE',  ( 28.47119357119232674, 9.000000000000001776, 55.90205482400399006 ) ) ;
#1808 = ORIENTED_EDGE ( 'NONE', *, *, #1440, .F. ) ;
#1809 = EDGE_LOOP ( 'NONE', ( #35, #3346, #1052, #3533 ) ) ;
#1810 = VECTOR ( 'NONE', #1584, 1000.000000000000000 ) ;
#1811 = CARTESIAN_POINT ( 'NONE',  ( 42.14692592595687159, 15.00000000000000355, 46.05875206209475436 ) ) ;
#1812 = LINE ( 'NONE', #3398, #4835 ) ;
#1813 = VECTOR ( 'NONE', #4921, 1000.000000000000000 ) ;
#1814 = DIRECTION ( 'NONE',  ( 0.5725107064965885284, 0.000000000000000000, -0.8198972441390305343 ) ) ;
#1815 = CARTESIAN_POINT ( 'NONE',  ( 49.36056082781388454, 9.000000000000001776, 35.72804678594297911 ) ) ;
#1816 = CARTESIAN_POINT ( 'NONE',  ( 43.59332668058178939, 8.999999999999650058, 49.22742644106589438 ) ) ;
#1817 = VERTEX_POINT ( 'NONE', #5054 ) ;
#1818 = VECTOR ( 'NONE', #1916, 1000.000000000000114 ) ;
#1819 = ORIENTED_EDGE ( 'NONE', *, *, #2789, .T. ) ;
#1820 = ADVANCED_FACE ( 'NONE', ( #3146 ), #4696, .F. ) ;
#1821 = EDGE_CURVE ( 'NONE', #324, #2900, #1375, .T. ) ;
#1822 = VECTOR ( 'NONE', #2875, 1000.000000000000114 ) ;
#1823 = DIRECTION ( 'NONE',  ( 0.09941544087793825757, -0.9848077530122085754, -0.1423736623188792128 ) ) ;
#1824 = LINE ( 'NONE', #280, #2115 ) ;
#1825 = ADVANCED_FACE ( 'NONE', ( #2255 ), #2747, .F. ) ;
#1826 = ORIENTED_EDGE ( 'NONE', *, *, #1949, .T. ) ;
#1827 = DIRECTION ( 'NONE',  ( -0.8198972441390304233, 0.000000000000000000, -0.5725107064965888615 ) ) ;
#1828 = FACE_OUTER_BOUND ( 'NONE', #1224, .T. ) ;
#1829 = CARTESIAN_POINT ( 'NONE',  ( 43.92611742306063149, -5.993111531301094530, 48.75083410918955451 ) ) ;
#1830 = CARTESIAN_POINT ( 'NONE',  ( 48.20260894065064861, 0.000000000000000000, -12.13539231960294984 ) ) ;
#1831 = CARTESIAN_POINT ( 'NONE',  ( 41.76905274491745956, -4.999999999999948486, 51.83998399751527586 ) ) ;
#1832 = EDGE_LOOP ( 'NONE', ( #262, #1533, #1041, #4427 ) ) ;
#1833 = EDGE_LOOP ( 'NONE', ( #1780, #1856, #79, #1769 ) ) ;
#1834 = FACE_OUTER_BOUND ( 'NONE', #1589, .T. ) ;
#1835 = CARTESIAN_POINT ( 'NONE',  ( 37.65543078801602661, -4.999999999999898748, 57.73113549498232544 ) ) ;
#1836 = CARTESIAN_POINT ( 'NONE',  ( 55.66933546184138493, -2.376329946113915792, 31.93327594291714533 ) ) ;
#1837 = ORIENTED_EDGE ( 'NONE', *, *, #1352, .F. ) ;
#1838 = ORIENTED_EDGE ( 'NONE', *, *, #2950, .F. ) ;
#1839 = CARTESIAN_POINT ( 'NONE',  ( 40.82385451764591977, 1.999999999999825695, 51.44691784915967503 ) ) ;
#1840 = VECTOR ( 'NONE', #1254, 1000.000000000000114 ) ;
#1841 = ORIENTED_EDGE ( 'NONE', *, *, #309, .T. ) ;
#1842 = LINE ( 'NONE', #2577, #177 ) ;
#1843 = ADVANCED_FACE ( 'NONE', ( #4586 ), #747, .F. ) ;
#1844 = EDGE_CURVE ( 'NONE', #2720, #1262, #3439, .T. ) ;
#1845 = DIRECTION ( 'NONE',  ( -0.8198972441390304233, 0.000000000000000000, -0.5725107064965888615 ) ) ;
#1846 = DIRECTION ( 'NONE',  ( -0.000000000000000000, -1.000000000000000000, 0.000000000000000000 ) ) ;
#1847 = DIRECTION ( 'NONE',  ( -0.9832133515137225777, 6.605289097149402069E-15, 0.1824595993779246639 ) ) ;
#1848 = ORIENTED_EDGE ( 'NONE', *, *, #1269, .T. ) ;
#1849 = LINE ( 'NONE', #1024, #1669 ) ;
#1850 = DIRECTION ( 'NONE',  ( 0.8198972441390307564, 0.000000000000000000, 0.5725107064965883064 ) ) ;
#1851 = FACE_BOUND ( 'NONE', #4379, .T. ) ;
#1852 = APPROVAL_PERSON_ORGANIZATION ( #1571, #4394, #710 ) ;
#1853 = CARTESIAN_POINT ( 'NONE',  ( 58.37467612196326883, 9.000000000000001776, 29.16554699100556292 ) ) ;
#1854 = EDGE_CURVE ( 'NONE', #1291, #2842, #1162, .T. ) ;
#1855 = DIRECTION ( 'NONE',  ( 0.1673875490687103118, -0.000000000000000000, 0.9858911747331801090 ) ) ;
#1856 = ORIENTED_EDGE ( 'NONE', *, *, #2289, .T. ) ;
#1857 = LINE ( 'NONE', #1497, #2888 ) ;
#1858 = ORIENTED_EDGE ( 'NONE', *, *, #3020, .T. ) ;
#1859 = DIRECTION ( 'NONE',  ( 0.5725107064965885284, 0.000000000000000000, -0.8198972441390304233 ) ) ;
#1860 = DIRECTION ( 'NONE',  ( -0.1673875490687017908, -0.000000000000000000, -0.9858911747331816633 ) ) ;
#1861 = LINE ( 'NONE', #1138, #2064 ) ;
#1862 = PLANE ( 'NONE',  #123 ) ;
#1863 = ORIENTED_EDGE ( 'NONE', *, *, #1514, .F. ) ;
#1864 = EDGE_CURVE ( 'NONE', #209, #4343, #959, .T. ) ;
#1865 = EDGE_LOOP ( 'NONE', ( #38, #3995, #2705, #245, #1061, #1878, #2649 ) ) ;
#1866 = ORIENTED_EDGE ( 'NONE', *, *, #4219, .T. ) ;
#1867 = ORIENTED_EDGE ( 'NONE', *, *, #50, .T. ) ;
#1868 = LINE ( 'NONE', #1067, #2206 ) ;
#1869 = AXIS2_PLACEMENT_3D ( 'NONE', #657, #1845, #1457 ) ;
#1870 = CARTESIAN_POINT ( 'NONE',  ( 45.92090796168677258, -5.378738055258769357, 45.89407833729737973 ) ) ;
#1871 = DIRECTION ( 'NONE',  ( 0.8198972441390307564, -0.000000000000000000, 0.5725107064965883064 ) ) ;
#1872 = VECTOR ( 'NONE', #1259, 1000.000000000000227 ) ;
#1873 = ORIENTED_EDGE ( 'NONE', *, *, #4285, .F. ) ;
#1874 = CARTESIAN_POINT ( 'NONE',  ( 37.65543078801608345, 8.999999999999648281, 57.73113549498224017 ) ) ;
#1875 = CARTESIAN_POINT ( 'NONE',  ( 29.12819780967689809, 9.000000000000001776, 69.71292826590050140 ) ) ;
#1876 = CARTESIAN_POINT ( 'NONE',  ( 35.55533488077328030, 8.571220193899234729, 60.73869994266351569 ) ) ;
#1877 = DIRECTION ( 'NONE',  ( 0.09941544087793829920, -0.9848077530122084644, -0.1423736623188791295 ) ) ;
#1878 = ORIENTED_EDGE ( 'NONE', *, *, #57, .F. ) ;
#1879 = DIRECTION ( 'NONE',  ( 0.000000000000000000, -1.000000000000000000, 0.000000000000000000 ) ) ;
#1880 = VERTEX_POINT ( 'NONE', #3844 ) ;
#1881 = ADVANCED_FACE ( 'NONE', ( #3170 ), #4721, .F. ) ;
#1882 = CARTESIAN_POINT ( 'NONE',  ( 56.58976367863157009, 8.999999999999639400, 28.86843097414531201 ) ) ;
#1883 = EDGE_CURVE ( 'NONE', #2404, #4653, #2013, .T. ) ;
#1884 = CARTESIAN_POINT ( 'NONE',  ( 52.01006398445796464, 0.000000000000000000, -17.58807968802592825 ) ) ;
#1885 = AXIS2_PLACEMENT_3D ( 'NONE', #1811, #1053, #2259 ) ;
#1886 = CARTESIAN_POINT ( 'NONE',  ( 33.96484291567375635, 8.999999999999950262, 61.26976421021392127 ) ) ;
#1887 = DIRECTION ( 'NONE',  ( -0.5725107064965888615, 0.000000000000000000, 0.8198972441390304233 ) ) ;
#1888 = ORIENTED_EDGE ( 'NONE', *, *, #4096, .F. ) ;
#1889 = ORIENTED_EDGE ( 'NONE', *, *, #3186, .T. ) ;
#1890 = ADVANCED_FACE ( 'NONE', ( #4334 ), #3573, .F. ) ;
#1891 = CIRCLE ( 'NONE', #824, 0.9999999999999997780 ) ;
#1892 = ORIENTED_EDGE ( 'NONE', *, *, #2766, .T. ) ;
#1893 = AXIS2_PLACEMENT_3D ( 'NONE', #3791, #1827, #4531 ) ;
#1894 = EDGE_CURVE ( 'NONE', #4342, #3914, #2282, .T. ) ;
#1895 = ORIENTED_EDGE ( 'NONE', *, *, #4910, .T. ) ;
#1896 = CARTESIAN_POINT ( 'NONE',  ( 47.91569850031291367, -4.764364579216446849, 43.03732256540523338 ) ) ;
#1897 = VECTOR ( 'NONE', #2493, 1000.000000000000114 ) ;
#1898 = PLANE ( 'NONE',  #2041 ) ;
#1899 = FACE_OUTER_BOUND ( 'NONE', #2542, .T. ) ;
#1900 = VECTOR ( 'NONE', #1219, 1000.000000000000000 ) ;
#1901 = AXIS2_PLACEMENT_3D ( 'NONE', #3565, #4001, #4787 ) ;
#1902 = ORIENTED_EDGE ( 'NONE', *, *, #3367, .F. ) ;
#1903 = DIRECTION ( 'NONE',  ( 0.09941544087794181028, 0.9848077530122072432, -0.1423736623188841532 ) ) ;
#1904 = LINE ( 'NONE', #663, #4460 ) ;
#1905 = CARTESIAN_POINT ( 'NONE',  ( 37.94174580718216561, -7.836231959428118898, 57.32110142486606463 ) ) ;
#1906 = DIRECTION ( 'NONE',  ( -0.5583376714448644584, 0.000000000000000000, -0.8296137924634129357 ) ) ;
#1907 = VERTEX_POINT ( 'NONE', #745 ) ;
#1908 = CARTESIAN_POINT ( 'NONE',  ( 39.54491595802556958, 7.342473241814485796, 55.02518839887920166 ) ) ;
#1909 = EDGE_LOOP ( 'NONE', ( #2083, #3322, #2412, #446 ) ) ;
#1910 = VERTEX_POINT ( 'NONE', #598 ) ;
#1911 = FACE_OUTER_BOUND ( 'NONE', #2349, .T. ) ;
#1912 = AXIS2_PLACEMENT_3D ( 'NONE', #3530, #1196, #52 ) ;
#1913 = DIRECTION ( 'NONE',  ( 0.3000856176668330044, 0.000000000000000000, -0.9539122716840974237 ) ) ;
#1914 = EDGE_CURVE ( 'NONE', #3888, #2677, #2143, .T. ) ;
#1915 = EDGE_CURVE ( 'NONE', #4342, #4812, #1935, .T. ) ;
#1916 = DIRECTION ( 'NONE',  ( 0.09941544087794627893, 0.9848077530122059109, -0.1423736623188905648 ) ) ;
#1917 = CARTESIAN_POINT ( 'NONE',  ( 57.98498593535033052, -5.000000000000000000, 26.87032182043997963 ) ) ;
#1918 = EDGE_LOOP ( 'NONE', ( #2858, #4775, #1113, #1088 ) ) ;
#1919 = ORIENTED_EDGE ( 'NONE', *, *, #1773, .T. ) ;
#1920 = ORIENTED_EDGE ( 'NONE', *, *, #2992, .T. ) ;
#1921 = EDGE_CURVE ( 'NONE', #4149, #873, #4902, .T. ) ;
#1922 = DIRECTION ( 'NONE',  ( -0.1810789180022856215, 0.1227878039689728196, -0.9757733244209941814 ) ) ;
#1923 = EDGE_LOOP ( 'NONE', ( #3813, #4745, #3635, #2709 ) ) ;
#1924 = DIRECTION ( 'NONE',  ( 0.3000856176668329489, 0.000000000000000000, -0.9539122716840975347 ) ) ;
#1925 = DIRECTION ( 'NONE',  ( 0.1673875490687024847, -0.000000000000000000, 0.9858911747331816633 ) ) ;
#1926 = VECTOR ( 'NONE', #1950, 1000.000000000000114 ) ;
#1927 = PERSON_AND_ORGANIZATION ( #2860, #1361 ) ;
#1928 = ADVANCED_FACE ( 'NONE', ( #2939 ), #4494, .T. ) ;
#1929 = EDGE_LOOP ( 'NONE', ( #2868, #675, #4852, #3063 ) ) ;
#1930 = CARTESIAN_POINT ( 'NONE',  ( 33.04400569266112342, 9.000000000000001776, 59.09511824390533263 ) ) ;
#1931 = CARTESIAN_POINT ( 'NONE',  ( 44.45745531250526739, 9.000000000000001776, 39.25643966454227041 ) ) ;
#1932 = DIRECTION ( 'NONE',  ( 0.5725107064965888615, 7.118204701976001038E-16, -0.8198972441390304233 ) ) ;
#1933 = CARTESIAN_POINT ( 'NONE',  ( 40.49949779198372113, 0.000000000000000000, 11.00171235333668029 ) ) ;
#1934 = PRODUCT_DEFINITION_SHAPE ( 'NONE', 'NONE',  #3487 ) ;
#1935 = LINE ( 'NONE', #1377, #3818 ) ;
#1936 = ORIENTED_EDGE ( 'NONE', *, *, #587, .F. ) ;
#1937 = CARTESIAN_POINT ( 'NONE',  ( 45.65013765903250942, 8.999999999999626965, 46.28185069233236959 ) ) ;
#1938 = LINE ( 'NONE', #3497, #1078 ) ;
#1939 = VERTEX_POINT ( 'NONE', #4468 ) ;
#1940 = CARTESIAN_POINT ( 'NONE',  ( 43.38105236260994957, 0.000000000000000000, 8.506590220295773719 ) ) ;
#1941 = FACE_OUTER_BOUND ( 'NONE', #3164, .T. ) ;
#1942 = VECTOR ( 'NONE', #581, 1000.000000000000227 ) ;
#1943 = CARTESIAN_POINT ( 'NONE',  ( 29.15962742479929304, -5.000000000000045297, 69.89804466402510741 ) ) ;
#1944 = LINE ( 'NONE', #3503, #4363 ) ;
#1945 = VERTEX_POINT ( 'NONE', #2691 ) ;
#1946 = CARTESIAN_POINT ( 'NONE',  ( 33.53790591776566288, 9.000000000000001776, 63.59929933388112744 ) ) ;
#1947 = ORIENTED_EDGE ( 'NONE', *, *, #3380, .T. ) ;
#1948 = ORIENTED_EDGE ( 'NONE', *, *, #1015, .F. ) ;
#1949 = EDGE_CURVE ( 'NONE', #2665, #4324, #2548, .T. ) ;
#1950 = DIRECTION ( 'NONE',  ( 0.1673875490687017076, 2.778776792593892225E-14, 0.9858911747331816633 ) ) ;
#1951 = ORIENTED_EDGE ( 'NONE', *, *, #43, .F. ) ;
#1952 = VECTOR ( 'NONE', #295, 1000.000000000000227 ) ;
#1953 = EDGE_CURVE ( 'NONE', #763, #2130, #2965, .T. ) ;
#1954 = VECTOR ( 'NONE', #3522, 1000.000000000000227 ) ;
#1955 = ADVANCED_FACE ( 'NONE', ( #717 ), #4113, .F. ) ;
#1956 = FACE_OUTER_BOUND ( 'NONE', #321, .T. ) ;
#1957 = CARTESIAN_POINT ( 'NONE',  ( 49.36056082781388454, -5.000000000000000000, 35.72804678594297911 ) ) ;
#1958 = CARTESIAN_POINT ( 'NONE',  ( 45.70550066065002426, -5.000000000000000000, 46.27157671560101448 ) ) ;
#1959 = ORIENTED_EDGE ( 'NONE', *, *, #1295, .T. ) ;
#1960 = CARTESIAN_POINT ( 'NONE',  ( 39.42863226092716644, 1.999999999999842570, 53.44502700286500385 ) ) ;
#1961 = CARTESIAN_POINT ( 'NONE',  ( 29.88682194665780756, 9.000000000000001776, 51.40205482400399006 ) ) ;
#1962 = EDGE_CURVE ( 'NONE', #209, #2000, #2571, .T. ) ;
#1963 = CARTESIAN_POINT ( 'NONE',  ( 34.78474015981272771, -5.000000000000133227, 61.84227491671059340 ) ) ;
#1964 = EDGE_LOOP ( 'NONE', ( #2884, #1715, #635, #3253 ) ) ;
#1965 = DIRECTION ( 'NONE',  ( 0.5725107064965879733, 0.000000000000000000, -0.8198972441390309784 ) ) ;
#1966 = EDGE_LOOP ( 'NONE', ( #1534, #2482, #2801, #2513 ) ) ;
#1967 = DIRECTION ( 'NONE',  ( 0.5725107064965884174, 0.000000000000000000, -0.8198972441390306454 ) ) ;
#1968 = CARTESIAN_POINT ( 'NONE',  ( 42.12411585839308259, -0.01504629481971454449, 12.50214044167083749 ) ) ;
#1969 = PLANE ( 'NONE',  #1407 ) ;
#1970 = DIRECTION ( 'NONE',  ( -0.09941544087794605689, -0.9848077530122060219, 0.1423736623188903705 ) ) ;
#1971 = ORIENTED_EDGE ( 'NONE', *, *, #1620, .T. ) ;
#1972 = DIRECTION ( 'NONE',  ( -0.1673875490687095346, 2.056909107243059614E-15, -0.9858911747331803310 ) ) ;
#1973 = VERTEX_POINT ( 'NONE', #4610 ) ;
#1974 = ORIENTED_EDGE ( 'NONE', *, *, #1175, .F. ) ;
#1975 = VECTOR ( 'NONE', #2996, 999.9999999999998863 ) ;
#1976 = DIRECTION ( 'NONE',  ( -0.5725107064965888615, -1.491263885063972404E-13, 0.8198972441390304233 ) ) ;
#1977 = VERTEX_POINT ( 'NONE', #335 ) ;
#1978 = VECTOR ( 'NONE', #2635, 1000.000000000000114 ) ;
#1979 = CARTESIAN_POINT ( 'NONE',  ( 37.93983799781921107, 1.999999999999816147, 58.84907668391724656 ) ) ;
#1980 = EDGE_CURVE ( 'NONE', #4356, #4402, #2165, .T. ) ;
#1981 = CARTESIAN_POINT ( 'NONE',  ( 35.36006517239246705, -5.000000000000000000, 59.27165505650867061 ) ) ;
#1982 = EDGE_CURVE ( 'NONE', #3943, #1272, #228, .T. ) ;
#1983 = ORIENTED_EDGE ( 'NONE', *, *, #3178, .F. ) ;
#1984 = DIRECTION ( 'NONE',  ( -0.09941544087793839635, 0.9848077530122084644, 0.1423736623188794070 ) ) ;
#1985 = DIRECTION ( 'NONE',  ( 0.5725107064965885284, 0.000000000000000000, -0.8198972441390304233 ) ) ;
#1986 = AXIS2_PLACEMENT_3D ( 'NONE', #2213, #1424, #3705 ) ;
#1987 = PLANE ( 'NONE',  #1541 ) ;
#1988 = CARTESIAN_POINT ( 'NONE',  ( 33.97799543695638391, 1.999999999999902967, 64.71206175366808111 ) ) ;
#1989 = EDGE_LOOP ( 'NONE', ( #787, #2527, #4545, #3977 ) ) ;
#1990 = AXIS2_PLACEMENT_3D ( 'NONE', #2088, #3199, #2043 ) ;
#1991 = LINE ( 'NONE', #3934, #3587 ) ;
#1992 = ORIENTED_EDGE ( 'NONE', *, *, #2983, .T. ) ;
#1993 = DIRECTION ( 'NONE',  ( 0.5725107064965885284, 0.000000000000000000, -0.8198972441390305343 ) ) ;
#1994 = VECTOR ( 'NONE', #3268, 1000.000000000000000 ) ;
#1995 = DIRECTION ( 'NONE',  ( -0.09941544087794605689, -0.9848077530122059109, 0.1423736623188903705 ) ) ;
#1996 = CARTESIAN_POINT ( 'NONE',  ( 53.53797061431242810, 9.000000000000001776, 14.00777842413570262 ) ) ;
#1997 = ORIENTED_EDGE ( 'NONE', *, *, #149, .F. ) ;
#1998 = LINE ( 'NONE', #1613, #1493 ) ;
#1999 = ORIENTED_EDGE ( 'NONE', *, *, #2170, .T. ) ;
#2000 = VERTEX_POINT ( 'NONE', #4137 ) ;
#2001 = LINE ( 'NONE', #2445, #4352 ) ;
#2002 = EDGE_LOOP ( 'NONE', ( #4955, #4705, #805, #4445 ) ) ;
#2003 = LINE ( 'NONE', #1719, #4828 ) ;
#2004 = CARTESIAN_POINT ( 'NONE',  ( 41.90958580973165937, -5.000011999999999901, 13.18408863916928375 ) ) ;
#2005 = EDGE_LOOP ( 'NONE', ( #2663, #4064, #3508, #2512 ) ) ;
#2006 = ORIENTED_EDGE ( 'NONE', *, *, #109, .F. ) ;
#2007 = FACE_OUTER_BOUND ( 'NONE', #899, .T. ) ;
#2008 = EDGE_CURVE ( 'NONE', #1210, #3381, #3467, .T. ) ;
#2009 = DIRECTION ( 'NONE',  ( -0.5725107064965883064, 0.000000000000000000, 0.8198972441390307564 ) ) ;
#2010 = ADVANCED_FACE ( 'NONE', ( #622 ), #4640, .F. ) ;
#2011 = DIRECTION ( 'NONE',  ( -0.09941544087794171314, 0.9848077530122072432, 0.1423736623188842365 ) ) ;
#2012 = ORIENTED_EDGE ( 'NONE', *, *, #1175, .T. ) ;
#2013 = LINE ( 'NONE', #831, #4552 ) ;
#2014 = EDGE_LOOP ( 'NONE', ( #1794, #3075, #1323, #4155 ) ) ;
#2015 = CARTESIAN_POINT ( 'NONE',  ( 50.29706451877046902, -5.000000000000000888, 30.89348777432415716 ) ) ;
#2016 = ADVANCED_FACE ( 'NONE', ( #2191 ), #248, .F. ) ;
#2017 = PLANE ( 'NONE',  #1990 ) ;
#2018 = CARTESIAN_POINT ( 'NONE',  ( 41.90958580973165937, -5.000000000000000000, 13.18408863916928375 ) ) ;
#2019 = ORIENTED_EDGE ( 'NONE', *, *, #1069, .F. ) ;
#2020 = ORIENTED_EDGE ( 'NONE', *, *, #1230, .F. ) ;
#2021 = ORIENTED_EDGE ( 'NONE', *, *, #4796, .F. ) ;
#2022 = VECTOR ( 'NONE', #1850, 1000.000000000000000 ) ;
#2023 = PRODUCT_DEFINITION_FORMATION_WITH_SPECIFIED_SOURCE ( '任何', '', #3840, .NOT_KNOWN. ) ;
#2024 = AXIS2_PLACEMENT_3D ( 'NONE', #2036, #2338, #2745 ) ;
#2025 = ADVANCED_FACE ( 'NONE', ( #3087 ), #2914, .F. ) ;
#2026 = FACE_OUTER_BOUND ( 'NONE', #4641, .T. ) ;
#2027 = VERTEX_POINT ( 'NONE', #571 ) ;
#2028 = PLANE ( 'NONE',  #258 ) ;
#2029 = DIRECTION ( 'NONE',  ( 0.5725107064965888615, 0.000000000000000000, -0.8198972441390304233 ) ) ;
#2030 = VECTOR ( 'NONE', #2726, 1000.000000000000114 ) ;
#2031 = EDGE_LOOP ( 'NONE', ( #1841, #2552, #2921, #2268, #2809, #421 ) ) ;
#2032 = VECTOR ( 'NONE', #2311, 1000.000000000000114 ) ;
#2033 = ORIENTED_EDGE ( 'NONE', *, *, #1761, .T. ) ;
#2034 = LINE ( 'NONE', #2742, #4994 ) ;
#2035 = FACE_OUTER_BOUND ( 'NONE', #1074, .T. ) ;
#2036 = CARTESIAN_POINT ( 'NONE',  ( 47.91569850031291367, -4.764364579216445961, 43.03732256540522627 ) ) ;
#2037 = CARTESIAN_POINT ( 'NONE',  ( 53.28292453543247120, 3.111318180584640380, 35.35087446071463546 ) ) ;
#2038 = ORIENTED_EDGE ( 'NONE', *, *, #2381, .F. ) ;
#2039 = LINE ( 'NONE', #4776, #2537 ) ;
#2040 = DIRECTION ( 'NONE',  ( -0.09941544087794607076, -0.9848077530122059109, 0.1423736623188903982 ) ) ;
#2041 = AXIS2_PLACEMENT_3D ( 'NONE', #3459, #5012, #1512 ) ;
#2042 = ADVANCED_FACE ( 'NONE', ( #2744 ), #3622, .T. ) ;
#2043 = DIRECTION ( 'NONE',  ( 0.5725107064965888615, 0.000000000000000000, -0.8198972441390304233 ) ) ;
#2044 = CARTESIAN_POINT ( 'NONE',  ( 50.41933074327946684, -5.000000000000333067, 37.70515822034581532 ) ) ;
#2045 = ORIENTED_EDGE ( 'NONE', *, *, #203, .F. ) ;
#2046 = EDGE_CURVE ( 'NONE', #1371, #3972, #4381, .T. ) ;
#2047 = CIRCLE ( 'NONE', #4486, 3.000000000000001776 ) ;
#2048 = ORIENTED_EDGE ( 'NONE', *, *, #5002, .T. ) ;
#2049 = VERTEX_POINT ( 'NONE', #3569 ) ;
#2050 = LINE ( 'NONE', #1671, #3861 ) ;
#2051 = CARTESIAN_POINT ( 'NONE',  ( 59.28548261076690551, 9.000000000000001776, 18.02110104134137458 ) ) ;
#2052 = EDGE_CURVE ( 'NONE', #4132, #2686, #4005, .T. ) ;
#2053 = ORIENTED_EDGE ( 'NONE', *, *, #163, .T. ) ;
#2054 = LINE ( 'NONE', #3617, #3049 ) ;
#2055 = ORIENTED_EDGE ( 'NONE', *, *, #4700, .T. ) ;
#2056 = AXIS2_PLACEMENT_3D ( 'NONE', #4181, #272, #2697 ) ;
#2057 = ORIENTED_EDGE ( 'NONE', *, *, #523, .F. ) ;
#2058 = CARTESIAN_POINT ( 'NONE',  ( 37.24382041064825444, 9.000000000000001776, 49.58714494069405276 ) ) ;
#2059 = VECTOR ( 'NONE', #1419, 1000.000000000000114 ) ;
#2060 = DIRECTION ( 'NONE',  ( -0.09941544087794176865, -0.9848077530122073542, 0.1423736623188841255 ) ) ;
#2061 = EDGE_LOOP ( 'NONE', ( #69, #4623, #341, #4298 ) ) ;
#2062 = ORIENTED_EDGE ( 'NONE', *, *, #2650, .F. ) ;
#2063 = DIRECTION ( 'NONE',  ( -0.5725107064965888615, 0.000000000000000000, 0.8198972441390304233 ) ) ;
#2064 = VECTOR ( 'NONE', #3419, 1000.000000000000000 ) ;
#2065 = CARTESIAN_POINT ( 'NONE',  ( 41.90958580973165937, 9.000000000000001776, 13.18408863916928375 ) ) ;
#2066 = CARTESIAN_POINT ( 'NONE',  ( 39.31939076504941255, 7.411932512881279855, 55.34816486395980206 ) ) ;
#2067 = ORIENTED_EDGE ( 'NONE', *, *, #2410, .F. ) ;
#2068 = ORIENTED_EDGE ( 'NONE', *, *, #4629, .T. ) ;
#2069 = VECTOR ( 'NONE', #4291, 1000.000000000000000 ) ;
#2070 = ADVANCED_FACE ( 'NONE', ( #1185 ), #2770, .T. ) ;
#2071 = EDGE_CURVE ( 'NONE', #3969, #2720, #2797, .T. ) ;
#2072 = CARTESIAN_POINT ( 'NONE',  ( 59.28548261076690551, 9.000000000000001776, 18.02110104134137458 ) ) ;
#2073 = VERTEX_POINT ( 'NONE', #95 ) ;
#2074 = ADVANCED_FACE ( 'NONE', ( #4362 ), #1987, .T. ) ;
#2075 = LINE ( 'NONE', #2791, #3223 ) ;
#2076 = ORIENTED_EDGE ( 'NONE', *, *, #1758, .F. ) ;
#2077 = EDGE_LOOP ( 'NONE', ( #1838, #4202, #3968, #3138 ) ) ;
#2078 = CARTESIAN_POINT ( 'NONE',  ( 47.23284209017094781, 1.999999999999754641, 44.01524679016625896 ) ) ;
#2079 = LINE ( 'NONE', #259, #3578 ) ;
#2080 = EDGE_LOOP ( 'NONE', ( #990, #4359, #2735, #2827, #2986, #3495 ) ) ;
#2081 = ADVANCED_FACE ( 'NONE', ( #1682 ), #4718, .T. ) ;
#2082 = DIRECTION ( 'NONE',  ( -0.3000856176668329489, 0.000000000000000000, 0.9539122716840975347 ) ) ;
#2083 = ORIENTED_EDGE ( 'NONE', *, *, #4761, .F. ) ;
#2084 = PLANE ( 'NONE',  #2378 ) ;
#2085 = CARTESIAN_POINT ( 'NONE',  ( 58.06272356656202760, 0.000000000000000000, 23.26560867502971064 ) ) ;
#2086 = DIRECTION ( 'NONE',  ( -0.9832133515137235769, 3.006545382150751908E-14, 0.1824595993779206116 ) ) ;
#2087 = VECTOR ( 'NONE', #2967, 1000.000000000000000 ) ;
#2088 = CARTESIAN_POINT ( 'NONE',  ( 57.98498593535032342, 4.000000000000000000, 26.87032182043997608 ) ) ;
#2089 = DIRECTION ( 'NONE',  ( 0.5725107064965888615, 0.000000000000000000, -0.8198972441390304233 ) ) ;
#2090 = ORIENTED_EDGE ( 'NONE', *, *, #1483, .T. ) ;
#2091 = VERTEX_POINT ( 'NONE', #67 ) ;
#2092 = LINE ( 'NONE', #620, #4254 ) ;
#2093 = DIRECTION ( 'NONE',  ( 0.8198972441390306454, 0.000000000000000000, 0.5725107064965884174 ) ) ;
#2094 = ORIENTED_EDGE ( 'NONE', *, *, #2913, .F. ) ;
#2095 = ADVANCED_FACE ( 'NONE', ( #4693, #2408, #410, #3982, #1264, #3545, #459, #2845, #4404, #896, #42 ), #826, .F. ) ;
#2096 = AXIS2_PLACEMENT_3D ( 'NONE', #1508, #4574, #3781 ) ;
#2097 = CARTESIAN_POINT ( 'NONE',  ( 51.23922798741849505, -5.000000000000333067, 38.27766892684239508 ) ) ;
#2098 = ORIENTED_EDGE ( 'NONE', *, *, #599, .F. ) ;
#2099 = EDGE_CURVE ( 'NONE', #4907, #2576, #3958, .T. ) ;
#2100 = LINE ( 'NONE', #1336, #665 ) ;
#2101 = ADVANCED_FACE ( 'NONE', ( #1798 ), #2974, .F. ) ;
#2102 = ORIENTED_EDGE ( 'NONE', *, *, #2591, .T. ) ;
#2103 = CARTESIAN_POINT ( 'NONE',  ( 45.52928757390400705, 5.499352813687356623, 46.45492108320271285 ) ) ;
#2104 = ORIENTED_EDGE ( 'NONE', *, *, #1539, .T. ) ;
#2105 = DIRECTION ( 'NONE',  ( 0.1673875490687024847, -0.000000000000000000, 0.9858911747331816633 ) ) ;
#2106 = ORIENTED_EDGE ( 'NONE', *, *, #3637, .T. ) ;
#2107 = DIRECTION ( 'NONE',  ( 0.000000000000000000, -1.000000000000000000, 0.000000000000000000 ) ) ;
#2108 = DIRECTION ( 'NONE',  ( 0.3000856176668329489, 0.000000000000000000, -0.9539122716840975347 ) ) ;
#2109 = ADVANCED_FACE ( 'NONE', ( #3689 ), #188, .T. ) ;
#2110 = DIRECTION ( 'NONE',  ( -0.9784308844114446568, 0.1227878039689807438, 0.1661209186897107670 ) ) ;
#2111 = DIRECTION ( 'NONE',  ( -0.9832133515137240209, 8.427437813604356683E-15, 0.1824595993779178360 ) ) ;
#2112 = ORIENTED_EDGE ( 'NONE', *, *, #3141, .F. ) ;
#2113 = ORIENTED_EDGE ( 'NONE', *, *, #2682, .T. ) ;
#2114 = CARTESIAN_POINT ( 'NONE',  ( 42.50551742358058505, -0.1715728752537539203, 13.62212330347669820 ) ) ;
#2115 = VECTOR ( 'NONE', #1846, 1000.000000000000000 ) ;
#2116 = DIRECTION ( 'NONE',  ( 0.000000000000000000, 1.000000000000000000, -0.000000000000000000 ) ) ;
#2117 = ORIENTED_EDGE ( 'NONE', *, *, #3723, .F. ) ;
#2118 = LINE ( 'NONE', #892, #3827 ) ;
#2119 = LINE ( 'NONE', #2403, #4685 ) ;
#2120 = ORIENTED_EDGE ( 'NONE', *, *, #1569, .F. ) ;
#2121 = ORIENTED_EDGE ( 'NONE', *, *, #3380, .F. ) ;
#2122 = LINE ( 'NONE', #945, #1942 ) ;
#2123 = EDGE_CURVE ( 'NONE', #4110, #3795, #1704, .T. ) ;
#2124 = EDGE_CURVE ( 'NONE', #642, #1291, #2122, .T. ) ;
#2125 = VECTOR ( 'NONE', #4492, 1000.000000000000114 ) ;
#2126 = DIRECTION ( 'NONE',  ( 0.9832133515137241320, -0.000000000000000000, -0.1824595993779170311 ) ) ;
#2127 = CARTESIAN_POINT ( 'NONE',  ( 57.98498593535033052, -5.000000000000000000, 26.87032182043997963 ) ) ;
#2128 = CLOSED_SHELL ( 'NONE', ( #3022, #4666, #1025, #4505, #3931, #3730, #3411, #2297, #3961, #4159, #4447, #3235, #828, #796, #3015, #3584, #2190, #2101, #2095, #3546, #4847, #2222, #781, #4302, #2070, #694, #4762, #3892, #1735, #1928, #3784, #2545, #751, #4533, #2670, #339, #278, #227, #108, #848, #4079, #4216, #3735, #417, #2074, #3751, #2189, #1680, #2109, #782, #3757, #4857, #2042, #1325, #2376, #1544, #4411, #876, #1825, #1089, #1124, #2532, #3660, #522, #2025, #288, #2010, #1732, #2891, #3224, #1357, #1194, #4010, #10, #1287, #4443, #323, #4600, #3295, #3642, #499, #1437, #1121, #948, #936, #1468, #2319, #3809, #3708, #2818, #2522, #4014, #1675, #3515, #3458, #1557, #1843, #2435, #1056, #625, #3852, #1801, #1207, #2471, #4477, #3204, #2862, #193, #4563, #823, #1385, #3383, #3783, #555, #3441, #1890, #4331, #1409, #3619, #1332, #4419, #2975, #4932, #11, #1256, #2946, #630, #4200, #164, #1820, #1609, #2570, #491, #2463, #3636, #1881, #3240, #753, #1955, #3658, #113, #4166, #1226, #2081, #2016, #2752, #2478, #3265, #653, #613, #5015 ) ) ;
#2129 =( NAMED_UNIT ( * ) SI_UNIT ( $, .STERADIAN. ) SOLID_ANGLE_UNIT ( ) );
#2130 = VERTEX_POINT ( 'NONE', #2528 ) ;
#2131 = PLANE ( 'NONE',  #2616 ) ;
#2132 = DIRECTION ( 'NONE',  ( 0.8198972441390307564, -0.000000000000000000, 0.5725107064965883064 ) ) ;
#2133 = VECTOR ( 'NONE', #2178, 1000.000000000000000 ) ;
#2134 = DIRECTION ( 'NONE',  ( -0.1673875490687032064, -0.000000000000000000, -0.9858911747331815523 ) ) ;
#2135 = EDGE_CURVE ( 'NONE', #4491, #683, #3287, .T. ) ;
#2136 = CARTESIAN_POINT ( 'NONE',  ( 63.38496883146206784, 6.436091176202795264E-17, 20.88365457382432666 ) ) ;
#2137 = CARTESIAN_POINT ( 'NONE',  ( 40.49949779198372113, 0.000000000000000000, 11.00171235333668029 ) ) ;
#2138 = VERTEX_POINT ( 'NONE', #1751 ) ;
#2139 = ORIENTED_EDGE ( 'NONE', *, *, #3764, .F. ) ;
#2140 = DIRECTION ( 'NONE',  ( -0.5725107064965888615, 0.000000000000000000, 0.8198972441390304233 ) ) ;
#2141 = CARTESIAN_POINT ( 'NONE',  ( 32.05745212237155073, 15.00000000000000355, 44.50205482400399859 ) ) ;
#2142 = VECTOR ( 'NONE', #3191, 1000.000000000000114 ) ;
#2143 = LINE ( 'NONE', #2309, #388 ) ;
#2144 = CARTESIAN_POINT ( 'NONE',  ( 27.31679432217696402, 9.000000000000001776, 72.53718095458323489 ) ) ;
#2145 = VECTOR ( 'NONE', #1603, 1000.000000000000114 ) ;
#2146 = EDGE_CURVE ( 'NONE', #3664, #2328, #3736, .T. ) ;
#2147 = ORIENTED_EDGE ( 'NONE', *, *, #4710, .T. ) ;
#2148 = ORIENTED_EDGE ( 'NONE', *, *, #4577, .F. ) ;
#2149 = VECTOR ( 'NONE', #1271, 1000.000000000000000 ) ;
#2150 = ORIENTED_EDGE ( 'NONE', *, *, #4162, .T. ) ;
#2151 = LINE ( 'NONE', #3665, #1441 ) ;
#2152 = LINE ( 'NONE', #1288, #1530 ) ;
#2153 = LINE ( 'NONE', #4551, #2374 ) ;
#2154 = VERTEX_POINT ( 'NONE', #2502 ) ;
#2155 = DIRECTION ( 'NONE',  ( 0.8198972441390304233, 8.021673018996431895E-19, 0.5725107064965888615 ) ) ;
#2156 = EDGE_CURVE ( 'NONE', #4239, #2646, #1360, .T. ) ;
#2157 = DIRECTION ( 'NONE',  ( 0.5725107064965886394, -0.000000000000000000, -0.8198972441390305343 ) ) ;
#2158 = CARTESIAN_POINT ( 'NONE',  ( 54.10991861562179395, -5.000000000000098588, 34.16652950511413422 ) ) ;
#2159 = DIRECTION ( 'NONE',  ( -0.9832133515137241320, 2.004363588100504743E-14, 0.1824595993779166425 ) ) ;
#2160 = ORIENTED_EDGE ( 'NONE', *, *, #1381, .F. ) ;
#2161 = ORIENTED_EDGE ( 'NONE', *, *, #4832, .F. ) ;
#2162 = CARTESIAN_POINT ( 'NONE',  ( 28.09369267106819734, -5.000000000000000888, 57.10205482400398580 ) ) ;
#2163 = EDGE_CURVE ( 'NONE', #2758, #642, #2151, .T. ) ;
#2164 = CARTESIAN_POINT ( 'NONE',  ( 52.05310763717112366, 8.999999999999472422, 37.11210525384758796 ) ) ;
#2165 = LINE ( 'NONE', #1765, #2843 ) ;
#2166 = CARTESIAN_POINT ( 'NONE',  ( 47.69017330733678506, -4.833823850283224033, 43.36029903048581247 ) ) ;
#2167 = DIRECTION ( 'NONE',  ( -0.09941544087794611240, -0.9848077530122059109, 0.1423736623188903427 ) ) ;
#2168 = VECTOR ( 'NONE', #732, 1000.000000000000000 ) ;
#2169 = ORIENTED_EDGE ( 'NONE', *, *, #2351, .F. ) ;
#2170 = EDGE_CURVE ( 'NONE', #1910, #3620, #162, .T. ) ;
#2171 = ORIENTED_EDGE ( 'NONE', *, *, #3150, .F. ) ;
#2172 = VECTOR ( 'NONE', #2407, 1000.000000000000000 ) ;
#2173 = AXIS2_PLACEMENT_3D ( 'NONE', #3288, #946, #212 ) ;
#2174 = CARTESIAN_POINT ( 'NONE',  ( 28.27434880329589362, 1.999999999999979128, 69.85789730114066742 ) ) ;
#2175 = CARTESIAN_POINT ( 'NONE',  ( 42.14692592595687159, 9.000000000000001776, 46.05875206209475436 ) ) ;
#2176 = CALENDAR_DATE ( 2026, 15, 9 ) ;
#2177 = EDGE_LOOP ( 'NONE', ( #540, #4449 ) ) ;
#2178 = DIRECTION ( 'NONE',  ( 0.000000000000000000, -1.000000000000000000, 0.000000000000000000 ) ) ;
#2179 = CARTESIAN_POINT ( 'NONE',  ( 57.98498593535032342, 4.000000000000000000, 26.87032182043997608 ) ) ;
#2180 = CARTESIAN_POINT ( 'NONE',  ( 45.95629101986451559, 9.000000000000001776, 46.38242316244329544 ) ) ;
#2181 = LINE ( 'NONE', #3745, #3697 ) ;
#2182 = CARTESIAN_POINT ( 'NONE',  ( 39.22996922472999870, 9.000000000000001776, 21.70205482400400143 ) ) ;
#2183 = ORIENTED_EDGE ( 'NONE', *, *, #1538, .T. ) ;
#2184 = ORIENTED_EDGE ( 'NONE', *, *, #41, .T. ) ;
#2185 = VECTOR ( 'NONE', #1805, 1000.000000000000000 ) ;
#2186 = DIRECTION ( 'NONE',  ( 0.1673875490687002920, -0.000000000000000000, 0.9858911747331818853 ) ) ;
#2187 = VECTOR ( 'NONE', #3218, 1000.000000000000114 ) ;
#2188 = FACE_OUTER_BOUND ( 'NONE', #551, .T. ) ;
#2189 = ADVANCED_FACE ( 'NONE', ( #3334 ), #4526, .T. ) ;
#2190 = ADVANCED_FACE ( 'NONE', ( #652 ), #1064, .F. ) ;
#2191 = FACE_OUTER_BOUND ( 'NONE', #861, .T. ) ;
#2192 = DIRECTION ( 'NONE',  ( -0.9539122716840975347, 0.000000000000000000, -0.3000856176668329489 ) ) ;
#2193 = CARTESIAN_POINT ( 'NONE',  ( 28.09369267106819734, 9.000000000000001776, 57.10205482400398580 ) ) ;
#2194 = VERTEX_POINT ( 'NONE', #1839 ) ;
#2195 = EDGE_CURVE ( 'NONE', #390, #1817, #2455, .T. ) ;
#2196 = VERTEX_POINT ( 'NONE', #2078 ) ;
#2197 = CC_DESIGN_PERSON_AND_ORGANIZATION_ASSIGNMENT ( #3362, #1802, ( #3487 ) ) ;
#2198 = LINE ( 'NONE', #3382, #820 ) ;
#2199 = CARTESIAN_POINT ( 'NONE',  ( 41.76905274491751641, 8.999999999999598543, 51.83998399751520481 ) ) ;
#2200 = DIRECTION ( 'NONE',  ( 0.5725107064965887504, 0.000000000000000000, -0.8198972441390304233 ) ) ;
#2201 = DATE_AND_TIME ( #634, #1776 ) ;
#2202 = ORIENTED_EDGE ( 'NONE', *, *, #404, .F. ) ;
#2203 = PLANE ( 'NONE',  #1893 ) ;
#2204 = DIRECTION ( 'NONE',  ( 0.1673875490687007361, -0.000000000000000000, 0.9858911747331818853 ) ) ;
#2205 = DIRECTION ( 'NONE',  ( 0.5725107064965884174, 0.000000000000000000, -0.8198972441390306454 ) ) ;
#2206 = VECTOR ( 'NONE', #4548, 1000.000000000000114 ) ;
#2207 = DIRECTION ( 'NONE',  ( 0.09941544087794626505, 0.9848077530122059109, -0.1423736623188906203 ) ) ;
#2208 = DIRECTION ( 'NONE',  ( 0.5725107064965885284, 0.000000000000000000, -0.8198972441390304233 ) ) ;
#2209 = ORIENTED_EDGE ( 'NONE', *, *, #914, .F. ) ;
#2210 = ORIENTED_EDGE ( 'NONE', *, *, #4472, .F. ) ;
#2211 = AXIS2_PLACEMENT_3D ( 'NONE', #806, #2365, #1993 ) ;
#2212 = LINE ( 'NONE', #3038, #1472 ) ;
#2213 = CARTESIAN_POINT ( 'NONE',  ( 45.69538276871062266, -5.448197326325523449, 46.21705480237799435 ) ) ;
#2214 = DIRECTION ( 'NONE',  ( 0.3000856176668329489, 0.000000000000000000, -0.9539122716840975347 ) ) ;
#2215 = CARTESIAN_POINT ( 'NONE',  ( 43.70059223008447447, -6.062570802367881484, 49.07381057427016202 ) ) ;
#2216 = EDGE_LOOP ( 'NONE', ( #71, #1018, #45, #1421 ) ) ;
#2217 = EDGE_CURVE ( 'NONE', #2628, #3156, #1309, .T. ) ;
#2218 = VECTOR ( 'NONE', #1035, 1000.000000000000114 ) ;
#2219 = EDGE_CURVE ( 'NONE', #1785, #2720, #3860, .T. ) ;
#2220 = VECTOR ( 'NONE', #4872, 1000.000000000000000 ) ;
#2221 = ORIENTED_EDGE ( 'NONE', *, *, #4450, .T. ) ;
#2222 = ADVANCED_FACE ( 'NONE', ( #2648 ), #4624, .F. ) ;
#2223 = CARTESIAN_POINT ( 'NONE',  ( 37.37182128247644641, 1.999999999999867661, 56.39060275159852864 ) ) ;
#2224 = VECTOR ( 'NONE', #3290, 1000.000000000000114 ) ;
#2225 = CARTESIAN_POINT ( 'NONE',  ( 32.05745212237155073, 9.000000000000001776, 44.50205482400399859 ) ) ;
#2226 = FACE_OUTER_BOUND ( 'NONE', #2005, .T. ) ;
#2227 = LINE ( 'NONE', #4553, #2995 ) ;
#2228 = ORIENTED_EDGE ( 'NONE', *, *, #4832, .T. ) ;
#2229 = PLANE ( 'NONE',  #3528 ) ;
#2230 = DIRECTION ( 'NONE',  ( 0.09941544087793748041, -0.9848077530122086864, -0.1423736623188780748 ) ) ;
#2231 = CARTESIAN_POINT ( 'NONE',  ( 53.62918578237543699, -5.000000000000000000, 34.54560657609938090 ) ) ;
#2232 = EDGE_CURVE ( 'NONE', #788, #1562, #4484, .T. ) ;
#2233 = CARTESIAN_POINT ( 'NONE',  ( 42.88668309048305360, 1.999999999999764633, 50.23941647991753001 ) ) ;
#2234 = ORIENTED_EDGE ( 'NONE', *, *, #1034, .T. ) ;
#2235 = CARTESIAN_POINT ( 'NONE',  ( 32.60262819822945346, 1.999999999999910294, 64.96729522358513975 ) ) ;
#2236 = VERTEX_POINT ( 'NONE', #2560 ) ;
#2237 = FACE_OUTER_BOUND ( 'NONE', #1177, .T. ) ;
#2238 = DIRECTION ( 'NONE',  ( -0.09941544087793841022, 0.9848077530122084644, 0.1423736623188794070 ) ) ;
#2239 = DIRECTION ( 'NONE',  ( -0.8198972441390304233, 6.115224255441237931E-17, -0.5725107064965888615 ) ) ;
#2240 = VERTEX_POINT ( 'NONE', #3647 ) ;
#2241 = EDGE_LOOP ( 'NONE', ( #255, #3080, #887, #2350 ) ) ;
#2242 = ORIENTED_EDGE ( 'NONE', *, *, #3919, .F. ) ;
#2243 = ORIENTED_EDGE ( 'NONE', *, *, #3577, .T. ) ;
#2244 = PLANE ( 'NONE',  #3682 ) ;
#2245 = EDGE_CURVE ( 'NONE', #399, #4312, #2954, .T. ) ;
#2246 = DIRECTION ( 'NONE',  ( -0.9832133515137240209, 7.971900634490604816E-15, 0.1824595993779175862 ) ) ;
#2247 = DIRECTION ( 'NONE',  ( 0.1673875490687082856, -0.000000000000000000, 0.9858911747331804420 ) ) ;
#2248 = EDGE_CURVE ( 'NONE', #383, #3, #4510, .T. ) ;
#2249 = COORDINATED_UNIVERSAL_TIME_OFFSET ( 8, 0, .AHEAD. ) ;
#2250 = ORIENTED_EDGE ( 'NONE', *, *, #3819, .F. ) ;
#2251 = VECTOR ( 'NONE', #2132, 1000.000000000000000 ) ;
#2252 = CARTESIAN_POINT ( 'NONE',  ( 51.81455299999822017, 8.999999999999271694, 35.70704906664046518 ) ) ;
#2253 = LINE ( 'NONE', #4990, #4546 ) ;
#2254 = DIRECTION ( 'NONE',  ( -0.5725107064965884174, 0.000000000000000000, 0.8198972441390306454 ) ) ;
#2255 = FACE_OUTER_BOUND ( 'NONE', #313, .T. ) ;
#2256 = ORIENTED_EDGE ( 'NONE', *, *, #762, .F. ) ;
#2257 = DIRECTION ( 'NONE',  ( -0.09941544087794605689, -0.9848077530122060219, 0.1423736623188903982 ) ) ;
#2258 = ORIENTED_EDGE ( 'NONE', *, *, #498, .F. ) ;
#2259 = DIRECTION ( 'NONE',  ( -0.8198972441390307564, 0.000000000000000000, -0.5725107064965883064 ) ) ;
#2260 = EDGE_CURVE ( 'NONE', #855, #2971, #1731, .T. ) ;
#2261 = CARTESIAN_POINT ( 'NONE',  ( 43.38105236260995667, 9.000000000000001776, 8.506590220295775495 ) ) ;
#2262 = VECTOR ( 'NONE', #24, 1000.000000000000000 ) ;
#2263 = DIRECTION ( 'NONE',  ( -0.09941544087793789675, 0.9848077530122085754, 0.1423736623188785744 ) ) ;
#2264 = FACE_OUTER_BOUND ( 'NONE', #521, .T. ) ;
#2265 = EDGE_LOOP ( 'NONE', ( #1598, #2033, #3315, #3171 ) ) ;
#2266 = AXIS2_PLACEMENT_3D ( 'NONE', #3820, #337, #688 ) ;
#2267 = ORIENTED_EDGE ( 'NONE', *, *, #4253, .F. ) ;
#2268 = ORIENTED_EDGE ( 'NONE', *, *, #1509, .T. ) ;
#2269 = VERTEX_POINT ( 'NONE', #2879 ) ;
#2270 = CARTESIAN_POINT ( 'NONE',  ( 49.05109843144879989, 1.999999999999725109, 39.66461485422558297 ) ) ;
#2271 = AXIS2_PLACEMENT_3D ( 'NONE', #2301, #3866, #1924 ) ;
#2272 = LINE ( 'NONE', #4245, #3348 ) ;
#2273 = LINE ( 'NONE', #1123, #2518 ) ;
#2274 = VECTOR ( 'NONE', #1871, 1000.000000000000000 ) ;
#2275 = SECURITY_CLASSIFICATION_LEVEL ( 'unclassified' ) ;
#2276 = EDGE_LOOP ( 'NONE', ( #3711, #3098, #1200, #4248 ) ) ;
#2277 = DIRECTION ( 'NONE',  ( 0.9784308844114453230, -0.1227878039689803413, -0.1661209186897071033 ) ) ;
#2278 = LINE ( 'NONE', #3434, #4870 ) ;
#2279 = EDGE_CURVE ( 'NONE', #271, #4438, #2981, .T. ) ;
#2280 = LINE ( 'NONE', #4991, #2354 ) ;
#2281 = EDGE_CURVE ( 'NONE', #98, #3203, #4126, .T. ) ;
#2282 = LINE ( 'NONE', #3874, #233 ) ;
#2283 = VERTEX_POINT ( 'NONE', #4820 ) ;
#2284 = CARTESIAN_POINT ( 'NONE',  ( 51.23922798741854479, 8.999999999999749534, 38.27766892684231692 ) ) ;
#2285 = VERTEX_POINT ( 'NONE', #196 ) ;
#2286 = ORIENTED_EDGE ( 'NONE', *, *, #937, .T. ) ;
#2287 = DIRECTION ( 'NONE',  ( -0.8198972441390307564, 0.000000000000000000, -0.5725107064965883064 ) ) ;
#2288 = CARTESIAN_POINT ( 'NONE',  ( 42.50551742358058505, -0.1715728752537539203, 13.62212330347669820 ) ) ;
#2289 = EDGE_CURVE ( 'NONE', #3914, #3972, #559, .T. ) ;
#2290 = VECTOR ( 'NONE', #1033, 1000.000000000000000 ) ;
#2291 = DIRECTION ( 'NONE',  ( 0.09941544087793829920, -0.9848077530122084644, -0.1423736623188791295 ) ) ;
#2292 = FACE_OUTER_BOUND ( 'NONE', #1989, .T. ) ;
#2293 = ORIENTED_EDGE ( 'NONE', *, *, #1315, .T. ) ;
#2294 = ORIENTED_EDGE ( 'NONE', *, *, #997, .T. ) ;
#2295 = ORIENTED_EDGE ( 'NONE', *, *, #4599, .F. ) ;
#2296 = VECTOR ( 'NONE', #2394, 1000.000000000000000 ) ;
#2297 = ADVANCED_FACE ( 'NONE', ( #609 ), #2536, .F. ) ;
#2298 = DIRECTION ( 'NONE',  ( 0.000000000000000000, -1.000000000000000000, -0.000000000000000000 ) ) ;
#2299 = VERTEX_POINT ( 'NONE', #742 ) ;
#2300 = AXIS2_PLACEMENT_3D ( 'NONE', #2768, #4742, #1236 ) ;
#2301 = CARTESIAN_POINT ( 'NONE',  ( 41.90958580973165937, 15.00000000000000355, 13.18408863916928375 ) ) ;
#2302 = CARTESIAN_POINT ( 'NONE',  ( 40.64559760019547952, 8.999999999999998224, 17.20205482400400143 ) ) ;
#2303 = VECTOR ( 'NONE', #4927, 1000.000000000000000 ) ;
#2304 = AXIS2_PLACEMENT_3D ( 'NONE', #436, #3984, #1212 ) ;
#2305 = ORIENTED_EDGE ( 'NONE', *, *, #2443, .T. ) ;
#2306 = DIRECTION ( 'NONE',  ( -0.1810789180023036626, -0.1227878039689803830, -0.9757733244209898515 ) ) ;
#2307 = PLANE ( 'NONE',  #1359 ) ;
#2308 = LINE ( 'NONE', #2231, #957 ) ;
#2309 = CARTESIAN_POINT ( 'NONE',  ( 47.12560603051704788, -5.000000000000282441, 44.16882042430944466 ) ) ;
#2310 = ORIENTED_EDGE ( 'NONE', *, *, #2330, .T. ) ;
#2311 = DIRECTION ( 'NONE',  ( -0.5725107064965888615, 0.000000000000000000, 0.8198972441390304233 ) ) ;
#2312 = ORIENTED_EDGE ( 'NONE', *, *, #4116, .F. ) ;
#2313 = EDGE_CURVE ( 'NONE', #2269, #733, #1904, .T. ) ;
#2314 = CARTESIAN_POINT ( 'NONE',  ( 51.51365918978244451, 3.656232385560237663, 37.88465376752623825 ) ) ;
#2315 = ORIENTED_EDGE ( 'NONE', *, *, #1638, .F. ) ;
#2316 = DIRECTION ( 'NONE',  ( -0.5725107064965888615, 0.000000000000000000, 0.8198972441390304233 ) ) ;
#2317 = VECTOR ( 'NONE', #1170, 1000.000000000000114 ) ;
#2318 = DIRECTION ( 'NONE',  ( 0.5725107064965885284, 0.000000000000000000, -0.8198972441390304233 ) ) ;
#2319 = ADVANCED_FACE ( 'NONE', ( #306 ), #2307, .F. ) ;
#2320 = LINE ( 'NONE', #3475, #1581 ) ;
#2321 = PLANE ( 'NONE',  #3230 ) ;
#2322 = ORIENTED_EDGE ( 'NONE', *, *, #2281, .F. ) ;
#2323 = EDGE_CURVE ( 'NONE', #2696, #3900, #333, .T. ) ;
#2324 = CARTESIAN_POINT ( 'NONE',  ( 42.50551742358058505, 9.000000000000001776, 13.62212330347669820 ) ) ;
#2325 = ORIENTED_EDGE ( 'NONE', *, *, #4772, .T. ) ;
#2326 = ORIENTED_EDGE ( 'NONE', *, *, #1623, .F. ) ;
#2327 = DIRECTION ( 'NONE',  ( -0.1673875490687025402, -4.355570406505448562E-15, -0.9858911747331816633 ) ) ;
#2328 = VERTEX_POINT ( 'NONE', #3872 ) ;
#2329 = CARTESIAN_POINT ( 'NONE',  ( 38.81166853109051118, 1.999999999999855227, 54.65532907118200256 ) ) ;
#2330 = EDGE_CURVE ( 'NONE', #2362, #1241, #4212, .T. ) ;
#2331 = AXIS2_PLACEMENT_3D ( 'NONE', #110, #4087, #2864 ) ;
#2332 = CARTESIAN_POINT ( 'NONE',  ( 49.18814712017691448, 9.000000000000001776, 40.49751835594668847 ) ) ;
#2333 = DATE_AND_TIME ( #1459, #1697 ) ;
#2334 = ORIENTED_EDGE ( 'NONE', *, *, #1674, .T. ) ;
#2335 = CYLINDRICAL_SURFACE ( 'NONE', #1310, 3.000000000000000888 ) ;
#2336 = CARTESIAN_POINT ( 'NONE',  ( 57.98498593535033052, -5.000000000000000000, 26.87032182043997963 ) ) ;
#2337 = CARTESIAN_POINT ( 'NONE',  ( 41.53049810774462003, 8.999999999999399591, 50.43492781030808203 ) ) ;
#2338 = DIRECTION ( 'NONE',  ( -0.9784308844114461001, -0.1227878039689708350, 0.1661209186897099344 ) ) ;
#2339 = ORIENTED_EDGE ( 'NONE', *, *, #3527, .F. ) ;
#2340 = DIRECTION ( 'NONE',  ( 0.5725107064965868631, 0.000000000000000000, -0.8198972441390317556 ) ) ;
#2341 = ORIENTED_EDGE ( 'NONE', *, *, #682, .T. ) ;
#2342 = CARTESIAN_POINT ( 'NONE',  ( 57.98498593535033052, -5.000000000000000000, 26.87032182043997963 ) ) ;
#2343 = DIRECTION ( 'NONE',  ( 0.5725107064965886394, -0.000000000000000000, -0.8198972441390305343 ) ) ;
#2344 = AXIS2_PLACEMENT_3D ( 'NONE', #1076, #3028, #5046 ) ;
#2345 = CARTESIAN_POINT ( 'NONE',  ( 31.35985559629483177, 9.000000000000001776, 66.88095116982535160 ) ) ;
#2346 = LINE ( 'NONE', #1917, #4771 ) ;
#2347 = ORIENTED_EDGE ( 'NONE', *, *, #4158, .F. ) ;
#2348 = DIRECTION ( 'NONE',  ( 0.9832133515137226887, -0.000000000000000000, -0.1824595993779241365 ) ) ;
#2349 = EDGE_LOOP ( 'NONE', ( #2106, #4406, #3836, #82 ) ) ;
#2350 = ORIENTED_EDGE ( 'NONE', *, *, #4052, .F. ) ;
#2351 = EDGE_CURVE ( 'NONE', #1641, #2397, #2253, .T. ) ;
#2352 = EDGE_CURVE ( 'NONE', #1716, #4438, #2716, .T. ) ;
#2353 = ORIENTED_EDGE ( 'NONE', *, *, #2410, .T. ) ;
#2354 = VECTOR ( 'NONE', #334, 1000.000000000000000 ) ;
#2355 = VECTOR ( 'NONE', #3494, 1000.000000000000227 ) ;
#2356 = DIRECTION ( 'NONE',  ( 0.000000000000000000, -1.000000000000000000, -0.000000000000000000 ) ) ;
#2357 = DIRECTION ( 'NONE',  ( 0.5725107064965879733, 0.000000000000000000, -0.8198972441390309784 ) ) ;
#2358 = EDGE_LOOP ( 'NONE', ( #4490, #3805, #943, #56 ) ) ;
#2359 = DIRECTION ( 'NONE',  ( -0.000000000000000000, -1.000000000000000000, 0.000000000000000000 ) ) ;
#2360 = CARTESIAN_POINT ( 'NONE',  ( 44.24889780792735650, 8.999999999999825917, 46.54188546654630443 ) ) ;
#2361 = CARTESIAN_POINT ( 'NONE',  ( 36.02165389412447638, 8.999999999999927169, 58.32418846148039648 ) ) ;
#2362 = VERTEX_POINT ( 'NONE', #4198 ) ;
#2363 = DIRECTION ( 'NONE',  ( 0.5725107064965879733, 0.000000000000000000, -0.8198972441390309784 ) ) ;
#2364 = ORIENTED_EDGE ( 'NONE', *, *, #3819, .T. ) ;
#2365 = DIRECTION ( 'NONE',  ( 0.000000000000000000, -1.000000000000000000, 0.000000000000000000 ) ) ;
#2366 = DIRECTION ( 'NONE',  ( -0.8198972441390303123, -3.218045588101445087E-17, -0.5725107064965889725 ) ) ;
#2367 = LINE ( 'NONE', #5004, #1500 ) ;
#2368 = ORIENTED_EDGE ( 'NONE', *, *, #4264, .F. ) ;
#2369 = CARTESIAN_POINT ( 'NONE',  ( 32.60247598004110614, 1.999999999999927169, 63.26376715690096120 ) ) ;
#2370 = VERTEX_POINT ( 'NONE', #3838 ) ;
#2371 = EDGE_LOOP ( 'NONE', ( #3543, #3610, #176, #4755 ) ) ;
#2372 = VECTOR ( 'NONE', #3679, 1000.000000000000000 ) ;
#2373 = LINE ( 'NONE', #4708, #368 ) ;
#2374 = VECTOR ( 'NONE', #2247, 1000.000000000000114 ) ;
#2375 = EDGE_LOOP ( 'NONE', ( #4059, #2202, #894, #1951, #4627 ) ) ;
#2376 = ADVANCED_FACE ( 'NONE', ( #4584 ), #3792, .T. ) ;
#2377 = EDGE_CURVE ( 'NONE', #19, #731, #2278, .T. ) ;
#2378 = AXIS2_PLACEMENT_3D ( 'NONE', #3248, #902, #4009 ) ;
#2379 = DIRECTION ( 'NONE',  ( -0.9832133515137239099, -0.000000000000000000, 0.1824595993779186687 ) ) ;
#2380 = CARTESIAN_POINT ( 'NONE',  ( 41.31418130367556785, 6.797559036838900504, 52.49140909206763439 ) ) ;
#2381 = EDGE_CURVE ( 'NONE', #4039, #1880, #3491, .T. ) ;
#2382 = ORIENTED_EDGE ( 'NONE', *, *, #2099, .F. ) ;
#2383 = CARTESIAN_POINT ( 'NONE',  ( 37.71622061420602989, -7.905691230494905852, 57.64407788994664372 ) ) ;
#2384 = DIRECTION ( 'NONE',  ( 0.5725107064965885284, 0.000000000000000000, -0.8198972441390305343 ) ) ;
#2385 = CARTESIAN_POINT ( 'NONE',  ( 28.09369267106819734, 15.00000000000000355, 57.10205482400398580 ) ) ;
#2386 = ORIENTED_EDGE ( 'NONE', *, *, #3012, .T. ) ;
#2387 = VECTOR ( 'NONE', #296, 1000.000000000000000 ) ;
#2388 = CARTESIAN_POINT ( 'NONE',  ( 49.68496384596295457, -4.219450374240892643, 40.50354325859362348 ) ) ;
#2389 = VERTEX_POINT ( 'NONE', #264 ) ;
#2390 = CARTESIAN_POINT ( 'NONE',  ( 29.15962742479935699, 9.000000000000001776, 69.89804466402502214 ) ) ;
#2391 = VECTOR ( 'NONE', #3878, 1000.000000000000114 ) ;
#2392 = EDGE_CURVE ( 'NONE', #1095, #4572, #4608, .T. ) ;
#2393 = CARTESIAN_POINT ( 'NONE',  ( 45.41023695298742524, -5.000000000000000000, 41.38533777050228935 ) ) ;
#2394 = DIRECTION ( 'NONE',  ( -0.8198972441390307564, 0.000000000000000000, -0.5725107064965883064 ) ) ;
#2395 = ORIENTED_EDGE ( 'NONE', *, *, #3396, .F. ) ;
#2396 = ORIENTED_EDGE ( 'NONE', *, *, #4769, .F. ) ;
#2397 = VERTEX_POINT ( 'NONE', #1097 ) ;
#2398 = CARTESIAN_POINT ( 'NONE',  ( 59.28548261076690551, 9.000000000000001776, 18.02110104134137458 ) ) ;
#2399 = DIRECTION ( 'NONE',  ( 0.5725107064965885284, 0.000000000000000000, -0.8198972441390304233 ) ) ;
#2400 = ORIENTED_EDGE ( 'NONE', *, *, #1034, .F. ) ;
#2401 = CARTESIAN_POINT ( 'NONE',  ( 30.67111820291134450, 9.000000000000001776, 67.73342641417757193 ) ) ;
#2402 = CARTESIAN_POINT ( 'NONE',  ( 42.12411585839308259, 9.000000000000005329, 12.50214044167083749 ) ) ;
#2403 = CARTESIAN_POINT ( 'NONE',  ( 31.46817506741583870, 9.000000000000001776, 66.46877869578746356 ) ) ;
#2404 = VERTEX_POINT ( 'NONE', #2659 ) ;
#2405 = DIRECTION ( 'NONE',  ( -0.09941544087794604301, -0.9848077530122060219, 0.1423736623188903705 ) ) ;
#2406 = EDGE_LOOP ( 'NONE', ( #1506, #2773, #28, #2258 ) ) ;
#2407 = DIRECTION ( 'NONE',  ( -0.8198972441390307564, 0.000000000000000000, -0.5725107064965883064 ) ) ;
#2408 = FACE_BOUND ( 'NONE', #1650, .T. ) ;
#2409 = EDGE_CURVE ( 'NONE', #4922, #2460, #4939, .T. ) ;
#2410 = EDGE_CURVE ( 'NONE', #1066, #1477, #5018, .T. ) ;
#2411 = FACE_OUTER_BOUND ( 'NONE', #456, .T. ) ;
#2412 = ORIENTED_EDGE ( 'NONE', *, *, #1962, .T. ) ;
#2413 = AXIS2_PLACEMENT_3D ( 'NONE', #1176, #2298, #2399 ) ;
#2414 = ORIENTED_EDGE ( 'NONE', *, *, #2351, .T. ) ;
#2415 = LINE ( 'NONE', #3936, #1063 ) ;
#2416 = CARTESIAN_POINT ( 'NONE',  ( 57.98498593535032342, 9.000000000000001776, 26.87032182043997608 ) ) ;
#2417 = EDGE_LOOP ( 'NONE', ( #2020, #602, #981, #4305 ) ) ;
#2418 = EDGE_CURVE ( 'NONE', #1283, #153, #3083, .T. ) ;
#2419 = EDGE_LOOP ( 'NONE', ( #4803, #4695, #2400, #516, #502, #728, #439, #1936 ) ) ;
#2420 = VERTEX_POINT ( 'NONE', #1931 ) ;
#2421 = VECTOR ( 'NONE', #2480, 1000.000000000000000 ) ;
#2422 = VECTOR ( 'NONE', #2873, 1000.000000000000114 ) ;
#2423 = CARTESIAN_POINT ( 'NONE',  ( 24.05837142156482500, -5.000000000000000000, 70.26191779175476881 ) ) ;
#2424 = DIRECTION ( 'NONE',  ( -0.5725107064965884174, 0.000000000000000000, 0.8198972441390306454 ) ) ;
#2425 = VERTEX_POINT ( 'NONE', #4663 ) ;
#2426 = DIRECTION ( 'NONE',  ( -0.5725107064965888615, -1.822260403705923918E-13, 0.8198972441390304233 ) ) ;
#2427 = VECTOR ( 'NONE', #1217, 1000.000000000000000 ) ;
#2428 = ORIENTED_EDGE ( 'NONE', *, *, #2759, .F. ) ;
#2429 = AXIS2_PLACEMENT_3D ( 'NONE', #3876, #4642, #363 ) ;
#2430 = ORIENTED_EDGE ( 'NONE', *, *, #977, .F. ) ;
#2431 = CARTESIAN_POINT ( 'NONE',  ( 43.30897184230171604, 6.183185560796526481, 49.63465332017547382 ) ) ;
#2432 = CARTESIAN_POINT ( 'NONE',  ( 30.71719835658715070, 9.000000000000001776, 58.93397352387899701 ) ) ;
#2433 = LINE ( 'NONE', #4007, #985 ) ;
#2434 = ORIENTED_EDGE ( 'NONE', *, *, #4814, .T. ) ;
#2435 = ADVANCED_FACE ( 'NONE', ( #1828 ), #1154, .F. ) ;
#2436 = CARTESIAN_POINT ( 'NONE',  ( 63.38496883146206784, 1.604334603799283105E-18, 20.88365457382431956 ) ) ;
#2437 = EDGE_CURVE ( 'NONE', #703, #4239, #4556, .T. ) ;
#2438 = LINE ( 'NONE', #1687, #2593 ) ;
#2439 = CARTESIAN_POINT ( 'NONE',  ( 51.51365918978244451, 3.656232385560238107, 37.88465376752623825 ) ) ;
#2440 = CARTESIAN_POINT ( 'NONE',  ( 47.70093104309672327, -4.999999999999838352, 41.59820056410759292 ) ) ;
#2441 = EDGE_LOOP ( 'NONE', ( #3523, #4841, #689, #4622 ) ) ;
#2442 = ORIENTED_EDGE ( 'NONE', *, *, #3511, .F. ) ;
#2443 = EDGE_CURVE ( 'NONE', #4371, #4261, #2609, .T. ) ;
#2444 = ORIENTED_EDGE ( 'NONE', *, *, #4648, .F. ) ;
#2445 = CARTESIAN_POINT ( 'NONE',  ( 35.36006517239240310, -4.999999999999689138, 59.27165505650873456 ) ) ;
#2446 = CARTESIAN_POINT ( 'NONE',  ( 55.92817495689966023, 8.999999999999221956, 29.81589756917341916 ) ) ;
#2447 = ORIENTED_EDGE ( 'NONE', *, *, #3480, .F. ) ;
#2448 = VECTOR ( 'NONE', #645, 1000.000000000000000 ) ;
#2449 = EDGE_CURVE ( 'NONE', #3276, #2553, #875, .T. ) ;
#2450 = CARTESIAN_POINT ( 'NONE',  ( 33.34077687672618140, 9.000000000000001776, 63.94945863494994143 ) ) ;
#2451 = ORIENTED_EDGE ( 'NONE', *, *, #444, .F. ) ;
#2452 = VECTOR ( 'NONE', #1301, 1000.000000000000000 ) ;
#2453 = ORIENTED_EDGE ( 'NONE', *, *, #4294, .T. ) ;
#2454 = CARTESIAN_POINT ( 'NONE',  ( 60.92527709904497613, 9.000000000000001776, 19.16612245433455541 ) ) ;
#2455 = LINE ( 'NONE', #460, #4954 ) ;
#2456 = VECTOR ( 'NONE', #2111, 1000.000000000000000 ) ;
#2457 = DIRECTION ( 'NONE',  ( -0.5725107064965884174, 0.000000000000000000, 0.8198972441390306454 ) ) ;
#2458 = FACE_OUTER_BOUND ( 'NONE', #3328, .T. ) ;
#2459 = CARTESIAN_POINT ( 'NONE',  ( 42.95113023179010270, 1.999999999999811928, 48.91637034736933032 ) ) ;
#2460 = VERTEX_POINT ( 'NONE', #2769 ) ;
#2461 = DIRECTION ( 'NONE',  ( -0.1810789180022976952, -0.1227878039689818540, -0.9757733244209907397 ) ) ;
#2462 = VECTOR ( 'NONE', #130, 1000.000000000000000 ) ;
#2463 = ADVANCED_FACE ( 'NONE', ( #385 ), #4717, .F. ) ;
#2464 = DIRECTION ( 'NONE',  ( -0.5725107064965888615, 0.000000000000000000, 0.8198972441390304233 ) ) ;
#2465 = LINE ( 'NONE', #906, #187 ) ;
#2466 = FACE_OUTER_BOUND ( 'NONE', #3370, .T. ) ;
#2467 = ORIENTED_EDGE ( 'NONE', *, *, #2123, .T. ) ;
#2468 = VERTEX_POINT ( 'NONE', #1960 ) ;
#2469 = DIRECTION ( 'NONE',  ( 0.5725107064965883064, 0.000000000000000000, -0.8198972441390307564 ) ) ;
#2470 = VECTOR ( 'NONE', #1022, 1000.000000000000227 ) ;
#2471 = ADVANCED_FACE ( 'NONE', ( #1631 ), #1681, .F. ) ;
#2472 = EDGE_CURVE ( 'NONE', #4356, #2646, #458, .T. ) ;
#2473 = CARTESIAN_POINT ( 'NONE',  ( 57.98498593535033052, -5.000000000000000000, 26.87032182043997963 ) ) ;
#2474 = CARTESIAN_POINT ( 'NONE',  ( 57.98498593535032342, 9.000000000000001776, 26.87032182043997608 ) ) ;
#2475 = VERTEX_POINT ( 'NONE', #66 ) ;
#2476 = CARTESIAN_POINT ( 'NONE',  ( 59.28548261076690551, 15.00000000000000355, 18.02110104134137458 ) ) ;
#2477 = EDGE_LOOP ( 'NONE', ( #5031, #851, #3477, #3875 ) ) ;
#2478 = ADVANCED_FACE ( 'NONE', ( #2035 ), #1263, .T. ) ;
#2479 = ORIENTED_EDGE ( 'NONE', *, *, #599, .T. ) ;
#2480 = DIRECTION ( 'NONE',  ( 0.8198972441390307564, -0.000000000000000000, 0.5725107064965883064 ) ) ;
#2481 = DIRECTION ( 'NONE',  ( 0.000000000000000000, 1.000000000000000000, 0.000000000000000000 ) ) ;
#2482 = ORIENTED_EDGE ( 'NONE', *, *, #4535, .T. ) ;
#2483 = CARTESIAN_POINT ( 'NONE',  ( 53.67454492321525805, -2.990703422156236968, 34.79003171480928103 ) ) ;
#2484 = ORIENTED_EDGE ( 'NONE', *, *, #659, .F. ) ;
#2485 = CARTESIAN_POINT ( 'NONE',  ( 59.28548261076690551, -5.000000000000000000, 18.02110104134137458 ) ) ;
#2486 = CARTESIAN_POINT ( 'NONE',  ( 50.98407736656637468, -5.000011999999999901, 29.90961108135731905 ) ) ;
#2487 = CARTESIAN_POINT ( 'NONE',  ( 52.05310763717106681, -5.000000000000073719, 37.11210525384766612 ) ) ;
#2488 = AXIS2_PLACEMENT_3D ( 'NONE', #4833, #3306, #3709 ) ;
#2489 = FACE_OUTER_BOUND ( 'NONE', #1865, .T. ) ;
#2490 = FACE_OUTER_BOUND ( 'NONE', #2477, .T. ) ;
#2491 = VERTEX_POINT ( 'NONE', #15 ) ;
#2492 = VERTEX_POINT ( 'NONE', #1184 ) ;
#2493 = DIRECTION ( 'NONE',  ( -0.5725107064965888615, -1.822260403705923918E-13, 0.8198972441390304233 ) ) ;
#2494 = LINE ( 'NONE', #3924, #4164 ) ;
#2495 = LINE ( 'NONE', #2072, #135 ) ;
#2496 = EDGE_LOOP ( 'NONE', ( #785, #767, #3101, #1221, #251, #1546 ) ) ;
#2497 = EDGE_CURVE ( 'NONE', #152, #4907, #2796, .T. ) ;
#2498 = EDGE_CURVE ( 'NONE', #3571, #413, #1284, .T. ) ;
#2499 = LINE ( 'NONE', #547, #3189 ) ;
#2500 = VERTEX_POINT ( 'NONE', #2821 ) ;
#2501 = VERTEX_POINT ( 'NONE', #825 ) ;
#2502 = CARTESIAN_POINT ( 'NONE',  ( 34.89197621946665606, 1.999999999999894307, 61.68870128256737217 ) ) ;
#2503 = DIRECTION ( 'NONE',  ( 0.5725107064965884174, 0.000000000000000000, -0.8198972441390306454 ) ) ;
#2504 = FACE_OUTER_BOUND ( 'NONE', #30, .T. ) ;
#2505 = DIRECTION ( 'NONE',  ( 0.000000000000000000, -1.000000000000000000, -0.000000000000000000 ) ) ;
#2506 = EDGE_LOOP ( 'NONE', ( #2347, #4611, #2243, #4887 ) ) ;
#2507 = CARTESIAN_POINT ( 'NONE',  ( 37.43683994914039204, -5.000000000000000888, 27.40205482400400427 ) ) ;
#2508 = CARTESIAN_POINT ( 'NONE',  ( 41.90958580973165937, -5.000000000000000000, 13.18408863916928375 ) ) ;
#2509 = EDGE_CURVE ( 'NONE', #1394, #81, #3242, .T. ) ;
#2510 = CARTESIAN_POINT ( 'NONE',  ( 42.15549099703849834, -0.005019630175733738077, 12.40240513941827771 ) ) ;
#2511 = DIRECTION ( 'NONE',  ( 0.8198972441390305343, 0.000000000000000000, 0.5725107064965885284 ) ) ;
#2512 = ORIENTED_EDGE ( 'NONE', *, *, #4681, .T. ) ;
#2513 = ORIENTED_EDGE ( 'NONE', *, *, #1953, .F. ) ;
#2514 = LINE ( 'NONE', #566, #2547 ) ;
#2515 = VECTOR ( 'NONE', #3541, 1000.000000000000114 ) ;
#2516 = CARTESIAN_POINT ( 'NONE',  ( 59.28548261076690551, -5.000000000000000000, 18.02110104134137458 ) ) ;
#2517 = DIRECTION ( 'NONE',  ( 0.8198972441390306454, 0.000000000000000000, 0.5725107064965884174 ) ) ;
#2518 = VECTOR ( 'NONE', #5044, 1000.000000000000000 ) ;
#2519 = DIRECTION ( 'NONE',  ( -0.5725107064965884174, 0.000000000000000000, 0.8198972441390306454 ) ) ;
#2520 = EDGE_LOOP ( 'NONE', ( #963, #1314, #701, #895 ) ) ;
#2521 = VERTEX_POINT ( 'NONE', #4792 ) ;
#2522 = ADVANCED_FACE ( 'NONE', ( #3568 ), #3957, .F. ) ;
#2523 = CARTESIAN_POINT ( 'NONE',  ( 40.82987211203233358, 1.999999999999808376, 53.18499222865104770 ) ) ;
#2524 = EDGE_CURVE ( 'NONE', #2475, #1038, #4361, .T. ) ;
#2525 = ORIENTED_EDGE ( 'NONE', *, *, #3072, .F. ) ;
#2526 = DIRECTION ( 'NONE',  ( 0.8198972441390307564, 0.000000000000000000, 0.5725107064965883064 ) ) ;
#2527 = ORIENTED_EDGE ( 'NONE', *, *, #4193, .T. ) ;
#2528 = CARTESIAN_POINT ( 'NONE',  ( 56.58275561996251213, 0.000000000000000000, 10.32690880062932770 ) ) ;
#2529 = AXIS2_PLACEMENT_3D ( 'NONE', #4635, #4249, #1984 ) ;
#2530 = DIRECTION ( 'NONE',  ( 0.8198972441390307564, 0.000000000000000000, 0.5725107064965883064 ) ) ;
#2531 = DIRECTION ( 'NONE',  ( 0.000000000000000000, -1.000000000000000000, -0.000000000000000000 ) ) ;
#2532 = ADVANCED_FACE ( 'NONE', ( #2007 ), #94, .F. ) ;
#2533 = VECTOR ( 'NONE', #2999, 1000.000000000000000 ) ;
#2534 = ORIENTED_EDGE ( 'NONE', *, *, #2330, .F. ) ;
#2535 = DIRECTION ( 'NONE',  ( -0.1673875490687022627, 6.902975699018291584E-16, -0.9858911747331816633 ) ) ;
#2536 = PLANE ( 'NONE',  #1109 ) ;
#2537 = VECTOR ( 'NONE', #1244, 1000.000000000000000 ) ;
#2538 = VECTOR ( 'NONE', #1690, 1000.000000000000227 ) ;
#2539 = CARTESIAN_POINT ( 'NONE',  ( 37.93083325844416720, -5.000000000000000000, 48.60326824772722176 ) ) ;
#2540 = FACE_OUTER_BOUND ( 'NONE', #526, .T. ) ;
#2541 = DIRECTION ( 'NONE',  ( 0.5725107064965884174, 0.000000000000000000, -0.8198972441390306454 ) ) ;
#2542 = EDGE_LOOP ( 'NONE', ( #4756, #31, #3169, #3231 ) ) ;
#2543 = ORIENTED_EDGE ( 'NONE', *, *, #1796, .F. ) ;
#2544 = CARTESIAN_POINT ( 'NONE',  ( 48.02602187021431490, 9.000000000000001776, 43.51294380053700195 ) ) ;
#2545 = ADVANCED_FACE ( 'NONE', ( #4743 ), #2335, .T. ) ;
#2546 = DIRECTION ( 'NONE',  ( 0.09941544087793820206, -0.9848077530122085754, -0.1423736623188792405 ) ) ;
#2547 = VECTOR ( 'NONE', #2140, 1000.000000000000114 ) ;
#2548 = LINE ( 'NONE', #988, #4474 ) ;
#2549 = CARTESIAN_POINT ( 'NONE',  ( 63.38496883146206784, -1.223044851088245614E-16, 20.88365457382431956 ) ) ;
#2550 = VECTOR ( 'NONE', #1879, 1000.000000000000000 ) ;
#2551 = VECTOR ( 'NONE', #3168, 1000.000000000000227 ) ;
#2552 = ORIENTED_EDGE ( 'NONE', *, *, #1156, .T. ) ;
#2553 = VERTEX_POINT ( 'NONE', #2058 ) ;
#2554 = VECTOR ( 'NONE', #4678, 1000.000000000000000 ) ;
#2555 = DIRECTION ( 'NONE',  ( -0.09941544087794602913, -0.9848077530122060219, 0.1423736623188903427 ) ) ;
#2556 = CARTESIAN_POINT ( 'NONE',  ( 40.13527585102585959, -5.000000000000207834, 52.43303696401343217 ) ) ;
#2557 = CARTESIAN_POINT ( 'NONE',  ( 43.07802813007717901, 20.00000000000000355, 12.80222605933766999 ) ) ;
#2558 = ORIENTED_EDGE ( 'NONE', *, *, #2245, .T. ) ;
#2559 = CARTESIAN_POINT ( 'NONE',  ( 33.56054434214712501, 9.185593669941605199, 63.59545571455569046 ) ) ;
#2560 = CARTESIAN_POINT ( 'NONE',  ( 22.91416672600229987, -5.000000000000000000, 66.90196920633717070 ) ) ;
#2561 = EDGE_CURVE ( 'NONE', #3044, #431, #1238, .T. ) ;
#2562 = DIRECTION ( 'NONE',  ( -0.5725107064965889725, -1.822260403705923918E-13, 0.8198972441390303123 ) ) ;
#2563 = EDGE_CURVE ( 'NONE', #1554, #2758, #1656, .T. ) ;
#2564 = PLANE ( 'NONE',  #839 ) ;
#2565 = PLANE ( 'NONE',  #4021 ) ;
#2566 = VERTEX_POINT ( 'NONE', #2270 ) ;
#2567 = EDGE_LOOP ( 'NONE', ( #4655, #1467, #1213, #2775 ) ) ;
#2568 = LINE ( 'NONE', #4829, #2125 ) ;
#2569 = LINE ( 'NONE', #4878, #2624 ) ;
#2570 = ADVANCED_FACE ( 'NONE', ( #1120 ), #2244, .F. ) ;
#2571 = LINE ( 'NONE', #3706, #1039 ) ;
#2572 = CARTESIAN_POINT ( 'NONE',  ( 53.50844972840859981, 3.041858909517861420, 35.02789799563406348 ) ) ;
#2573 = VECTOR ( 'NONE', #3536, 1000.000000000000000 ) ;
#2574 = ORIENTED_EDGE ( 'NONE', *, *, #3981, .F. ) ;
#2575 = DIRECTION ( 'NONE',  ( -0.8198972441390307564, 0.000000000000000000, -0.5725107064965883064 ) ) ;
#2576 = VERTEX_POINT ( 'NONE', #4165 ) ;
#2577 = CARTESIAN_POINT ( 'NONE',  ( 35.52605583677186019, -5.000000000000000000, 60.24931875975459405 ) ) ;
#2578 = AXIS2_PLACEMENT_3D ( 'NONE', #484, #3192, #4692 ) ;
#2579 = CARTESIAN_POINT ( 'NONE',  ( 41.90958580973165937, 15.00000000000000355, 13.18408863916928375 ) ) ;
#2580 = CARTESIAN_POINT ( 'NONE',  ( 52.47614172173017977, -5.000000000000357936, 34.75958247161229053 ) ) ;
#2581 = COORDINATED_UNIVERSAL_TIME_OFFSET ( 8, 0, .AHEAD. ) ;
#2582 = ORIENTED_EDGE ( 'NONE', *, *, #4861, .F. ) ;
#2583 = DIRECTION ( 'NONE',  ( -0.9832133515137226887, -0.000000000000000000, 0.1824595993779241643 ) ) ;
#2584 = DIRECTION ( 'NONE',  ( 0.8198972441390307564, 0.000000000000000000, 0.5725107064965883064 ) ) ;
#2585 = DIRECTION ( 'NONE',  ( 0.000000000000000000, -1.000000000000000000, 0.000000000000000000 ) ) ;
#2586 = CARTESIAN_POINT ( 'NONE',  ( 46.99428745299807986, 1.999999999999750200, 42.61019060295910776 ) ) ;
#2587 = EDGE_CURVE ( 'NONE', #4993, #1405, #4215, .T. ) ;
#2588 = CARTESIAN_POINT ( 'NONE',  ( 50.67541708182947247, 0.000000000000000000, 18.10726464483085607 ) ) ;
#2589 = PLANE ( 'NONE',  #4674 ) ;
#2590 = VERTEX_POINT ( 'NONE', #1406 ) ;
#2591 = EDGE_CURVE ( 'NONE', #2196, #3888, #706, .T. ) ;
#2592 = VERTEX_POINT ( 'NONE', #3457 ) ;
#2593 = VECTOR ( 'NONE', #3695, 1000.000000000000000 ) ;
#2594 = LINE ( 'NONE', #3851, #326 ) ;
#2595 = AXIS2_PLACEMENT_3D ( 'NONE', #2388, #3962, #3326 ) ;
#2596 = CARTESIAN_POINT ( 'NONE',  ( 55.92817495689960339, -4.999999999999939604, 29.81589756917350087 ) ) ;
#2597 = CARTESIAN_POINT ( 'NONE',  ( 35.59861980956531369, -4.999999999999873879, 60.67671124371583602 ) ) ;
#2598 = CARTESIAN_POINT ( 'NONE',  ( 44.94349406893378074, 1.999999999999777955, 47.29384073118399812 ) ) ;
#2599 = EDGE_CURVE ( 'NONE', #1030, #2027, #277, .T. ) ;
#2600 = ORIENTED_EDGE ( 'NONE', *, *, #2690, .F. ) ;
#2601 = VERTEX_POINT ( 'NONE', #5011 ) ;
#2602 = DIRECTION ( 'NONE',  ( -0.1673875490687007084, -0.000000000000000000, -0.9858911747331818853 ) ) ;
#2603 = EDGE_CURVE ( 'NONE', #4261, #4496, #1511, .T. ) ;
#2604 = FACE_OUTER_BOUND ( 'NONE', #1832, .T. ) ;
#2605 = FACE_OUTER_BOUND ( 'NONE', #4366, .T. ) ;
#2606 = CARTESIAN_POINT ( 'NONE',  ( 51.80628696083838491, 1.999999999999703792, 38.32862893978945351 ) ) ;
#2607 = ORIENTED_EDGE ( 'NONE', *, *, #4761, .T. ) ;
#2608 = LINE ( 'NONE', #285, #1978 ) ;
#2609 = LINE ( 'NONE', #4173, #61 ) ;
#2610 = LINE ( 'NONE', #3112, #3011 ) ;
#2611 = VECTOR ( 'NONE', #4525, 1000.000000000000227 ) ;
#2612 = CARTESIAN_POINT ( 'NONE',  ( 59.70251805484009111, -3.000000000000000000, 24.41063008802288792 ) ) ;
#2613 = CARTESIAN_POINT ( 'NONE',  ( 47.72076633953582103, -5.000000000000000000, 34.58302537294979828 ) ) ;
#2614 = ORIENTED_EDGE ( 'NONE', *, *, #597, .F. ) ;
#2615 = ORIENTED_EDGE ( 'NONE', *, *, #2651, .F. ) ;
#2616 = AXIS2_PLACEMENT_3D ( 'NONE', #4799, #2461, #1316 ) ;
#2617 = DIRECTION ( 'NONE',  ( -0.9539122716840975347, 0.000000000000000000, -0.3000856176668329489 ) ) ;
#2618 = DIRECTION ( 'NONE',  ( 0.09941544087793825757, -0.9848077530122085754, -0.1423736623188792128 ) ) ;
#2619 = CARTESIAN_POINT ( 'NONE',  ( 53.57775827293770021, 9.000000000000001776, -11.12504262591331639 ) ) ;
#2620 = LINE ( 'NONE', #3754, #520 ) ;
#2621 = ORIENTED_EDGE ( 'NONE', *, *, #2498, .T. ) ;
#2622 = ORIENTED_EDGE ( 'NONE', *, *, #4116, .T. ) ;
#2623 = ORIENTED_EDGE ( 'NONE', *, *, #2156, .F. ) ;
#2624 = VECTOR ( 'NONE', #4901, 1000.000000000000000 ) ;
#2625 = EDGE_CURVE ( 'NONE', #3153, #4438, #2198, .T. ) ;
#2626 = EDGE_CURVE ( 'NONE', #4231, #2194, #3484, .T. ) ;
#2627 = AXIS2_PLACEMENT_3D ( 'NONE', #4619, #1111, #2291 ) ;
#2628 = VERTEX_POINT ( 'NONE', #3785 ) ;
#2629 = DIRECTION ( 'NONE',  ( 0.9832133515137227997, -0.000000000000000000, -0.1824595993779239145 ) ) ;
#2630 = VECTOR ( 'NONE', #2082, 1000.000000000000000 ) ;
#2631 = CARTESIAN_POINT ( 'NONE',  ( 33.33501914917098219, 9.255052941008404588, 63.91843217963629087 ) ) ;
#2632 = CARTESIAN_POINT ( 'NONE',  ( 31.95737419130369972, -9.679352387555058002, 65.89136874054257476 ) ) ;
#2633 = EDGE_CURVE ( 'NONE', #3829, #2500, #1868, .T. ) ;
#2634 = VERTEX_POINT ( 'NONE', #3428 ) ;
#2635 = DIRECTION ( 'NONE',  ( -0.1673875490687017353, -2.967983465470594113E-15, -0.9858911747331816633 ) ) ;
#2636 = CARTESIAN_POINT ( 'NONE',  ( 35.32980968779714459, 8.640679464966025236, 61.06167640774410188 ) ) ;
#2637 = DIRECTION ( 'NONE',  ( 0.1673875490687030676, -0.000000000000000000, 0.9858911747331814412 ) ) ;
#2638 = CARTESIAN_POINT ( 'NONE',  ( 53.87136397844894020, 8.999999999999248601, 32.76147331790694039 ) ) ;
#2639 = ORIENTED_EDGE ( 'NONE', *, *, #4442, .T. ) ;
#2640 = ORIENTED_EDGE ( 'NONE', *, *, #1351, .F. ) ;
#2641 = DIRECTION ( 'NONE',  ( -0.9784308844114425474, 0.1227878039689822148, 0.1661209186897218693 ) ) ;
#2642 = CARTESIAN_POINT ( 'NONE',  ( 57.98498593535033052, -5.000000000000000000, 26.87032182043997963 ) ) ;
#2643 = LINE ( 'NONE', #4235, #2387 ) ;
#2644 = PLANE ( 'NONE',  #3162 ) ;
#2645 = VERTEX_POINT ( 'NONE', #629 ) ;
#2646 = VERTEX_POINT ( 'NONE', #2223 ) ;
#2647 = ORIENTED_EDGE ( 'NONE', *, *, #2563, .F. ) ;
#2648 = FACE_OUTER_BOUND ( 'NONE', #4715, .T. ) ;
#2649 = ORIENTED_EDGE ( 'NONE', *, *, #1483, .F. ) ;
#2650 = EDGE_CURVE ( 'NONE', #4220, #304, #1842, .T. ) ;
#2651 = EDGE_CURVE ( 'NONE', #3594, #2896, #3404, .T. ) ;
#2652 = DIRECTION ( 'NONE',  ( -0.1810789180022989442, -0.1227878039689753453, -0.9757733244209912948 ) ) ;
#2653 = DIRECTION ( 'NONE',  ( -0.9784308844114456560, -0.1227878039689711404, 0.1661209186897120993 ) ) ;
#2654 = DIRECTION ( 'NONE',  ( 0.000000000000000000, 1.000000000000000000, 0.000000000000000000 ) ) ;
#2655 = EDGE_CURVE ( 'NONE', #2425, #1283, #4143, .T. ) ;
#2656 = VERTEX_POINT ( 'NONE', #1456 ) ;
#2657 = VECTOR ( 'NONE', #3518, 1000.000000000000114 ) ;
#2658 = CARTESIAN_POINT ( 'NONE',  ( 57.98498593535033052, -5.000000000000000000, 26.87032182043997963 ) ) ;
#2659 = CARTESIAN_POINT ( 'NONE',  ( 27.31679432217696402, 9.000000000000001776, 72.53718095458323489 ) ) ;
#2660 = DIRECTION ( 'NONE',  ( -0.1673875490687024292, 5.701206540152987774E-15, -0.9858911747331816633 ) ) ;
#2661 = AXIS2_PLACEMENT_3D ( 'NONE', #3244, #4429, #4069 ) ;
#2662 = DIRECTION ( 'NONE',  ( -0.5725107064965888615, -1.822260403705923918E-13, 0.8198972441390304233 ) ) ;
#2663 = ORIENTED_EDGE ( 'NONE', *, *, #3354, .T. ) ;
#2664 = DIRECTION ( 'NONE',  ( -0.8198972441390307564, 0.000000000000000000, -0.5725107064965883064 ) ) ;
#2665 = VERTEX_POINT ( 'NONE', #4602 ) ;
#2666 = LINE ( 'NONE', #364, #3052 ) ;
#2667 = ORIENTED_EDGE ( 'NONE', *, *, #3970, .F. ) ;
#2668 = CARTESIAN_POINT ( 'NONE',  ( 33.72663953695371220, -9.134438182579518894, 63.35758943373101459 ) ) ;
#2669 = CARTESIAN_POINT ( 'NONE',  ( 42.32938928313392779, -0.1715728752537535873, 13.49913807960644085 ) ) ;
#2670 = ADVANCED_FACE ( 'NONE', ( #1147 ), #2028, .T. ) ;
#2671 = VECTOR ( 'NONE', #3881, 1000.000000000000114 ) ;
#2672 = PLANE ( 'NONE',  #2627 ) ;
#2673 = DIRECTION ( 'NONE',  ( 0.9832133515137241320, -0.000000000000000000, -0.1824595993779166425 ) ) ;
#2674 = ORIENTED_EDGE ( 'NONE', *, *, #2008, .T. ) ;
#2675 = AXIS2_PLACEMENT_3D ( 'NONE', #4228, #777, #2340 ) ;
#2676 = ORIENTED_EDGE ( 'NONE', *, *, #3115, .F. ) ;
#2677 = VERTEX_POINT ( 'NONE', #4711 ) ;
#2678 = DIRECTION ( 'NONE',  ( -0.09941544087793786899, 0.9848077530122085754, 0.1423736623188786299 ) ) ;
#2679 = ORIENTED_EDGE ( 'NONE', *, *, #3788, .F. ) ;
#2680 = FACE_BOUND ( 'NONE', #722, .T. ) ;
#2681 = AXIS2_PLACEMENT_3D ( 'NONE', #2739, #5043, #2357 ) ;
#2682 = EDGE_CURVE ( 'NONE', #3620, #703, #429, .T. ) ;
#2683 = FACE_OUTER_BOUND ( 'NONE', #4476, .T. ) ;
#2684 = DIRECTION ( 'NONE',  ( 0.8198972441390307564, 0.000000000000000000, 0.5725107064965883064 ) ) ;
#2685 = PERSON_AND_ORGANIZATION_ROLE ( 'creator' ) ;
#2686 = VERTEX_POINT ( 'NONE', #4274 ) ;
#2687 = DIRECTION ( 'NONE',  ( -0.3000856176668329489, 0.000000000000000000, 0.9539122716840975347 ) ) ;
#2688 = DIRECTION ( 'NONE',  ( 0.2357274752667110063, 0.000000000000000000, 0.9718191999566494488 ) ) ;
#2689 = EDGE_CURVE ( 'NONE', #1262, #3602, #542, .T. ) ;
#2690 = EDGE_CURVE ( 'NONE', #886, #2645, #36, .T. ) ;
#2691 = CARTESIAN_POINT ( 'NONE',  ( 45.16457842675745837, 9.000000000000001776, 8.248338166517743986 ) ) ;
#2692 = ORIENTED_EDGE ( 'NONE', *, *, #815, .F. ) ;
#2693 = DIRECTION ( 'NONE',  ( 0.8198972441390307564, 0.000000000000000000, 0.5725107064965883064 ) ) ;
#2694 = EDGE_LOOP ( 'NONE', ( #850, #4707, #105, #2934 ) ) ;
#2695 = CARTESIAN_POINT ( 'NONE',  ( 50.98352042590118316, 0.000000000000000000, -9.099539799702162313 ) ) ;
#2696 = VERTEX_POINT ( 'NONE', #768 ) ;
#2697 = DIRECTION ( 'NONE',  ( 0.5725107064965888615, 0.000000000000000000, -0.8198972441390304233 ) ) ;
#2698 = FACE_OUTER_BOUND ( 'NONE', #2780, .T. ) ;
#2699 = AXIS2_PLACEMENT_3D ( 'NONE', #4947, #4156, #1859 ) ;
#2700 = CARTESIAN_POINT ( 'NONE',  ( 33.30927178832812530, -4.999999999999922728, 63.95530518473361070 ) ) ;
#2701 = CARTESIAN_POINT ( 'NONE',  ( 47.69017330733678506, -4.833823850283224033, 43.36029903048581247 ) ) ;
#2702 = ORIENTED_EDGE ( 'NONE', *, *, #889, .T. ) ;
#2703 = DIRECTION ( 'NONE',  ( -0.1673875490687035950, -8.427437813604413481E-15, -0.9858911747331814412 ) ) ;
#2704 = EDGE_CURVE ( 'NONE', #1973, #4683, #87, .T. ) ;
#2705 = ORIENTED_EDGE ( 'NONE', *, *, #1355, .T. ) ;
#2706 = ORIENTED_EDGE ( 'NONE', *, *, #3899, .T. ) ;
#2707 = AXIS2_PLACEMENT_3D ( 'NONE', #1737, #515, #4037 ) ;
#2708 = CYLINDRICAL_SURFACE ( 'NONE', #4376, 1.149999999999997025 ) ;
#2709 = ORIENTED_EDGE ( 'NONE', *, *, #4357, .F. ) ;
#2710 = DIRECTION ( 'NONE',  ( -0.8198972441390307564, 0.000000000000000000, -0.5725107064965883064 ) ) ;
#2711 = VECTOR ( 'NONE', #2207, 1000.000000000000227 ) ;
#2712 = DIRECTION ( 'NONE',  ( -0.09941544087794605689, -0.9848077530122060219, 0.1423736623188903982 ) ) ;
#2713 = SHAPE_DEFINITION_REPRESENTATION ( #1934, #3657 ) ;
#2714 = CIRCLE ( 'NONE', #426, 1.149999999999997025 ) ;
#2715 = ORIENTED_EDGE ( 'NONE', *, *, #4272, .F. ) ;
#2716 = LINE ( 'NONE', #1462, #2022 ) ;
#2717 = CARTESIAN_POINT ( 'NONE',  ( 50.98352042590118316, 0.000000000000000000, -9.099539799702162313 ) ) ;
#2718 = LINE ( 'NONE', #1905, #3661 ) ;
#2719 = CARTESIAN_POINT ( 'NONE',  ( 31.83905169763059106, -5.000000000000000000, 66.79202445972882174 ) ) ;
#2720 = VERTEX_POINT ( 'NONE', #4736 ) ;
#2721 = DIRECTION ( 'NONE',  ( 0.5725107064965888615, -1.957506293043472886E-13, -0.8198972441390304233 ) ) ;
#2722 = ORIENTED_EDGE ( 'NONE', *, *, #2170, .F. ) ;
#2723 = EDGE_CURVE ( 'NONE', #133, #3724, #2494, .T. ) ;
#2724 = CARTESIAN_POINT ( 'NONE',  ( 41.93132688443446909, -6.607485007343423256, 51.60758988108172929 ) ) ;
#2725 = EDGE_CURVE ( 'NONE', #1087, #4859, #2003, .T. ) ;
#2726 = DIRECTION ( 'NONE',  ( 0.09941544087794627893, 0.9848077530122059109, -0.1423736623188905648 ) ) ;
#2727 = LINE ( 'NONE', #1, #344 ) ;
#2728 = DIRECTION ( 'NONE',  ( -0.1810789180023003597, -0.1227878039689807993, -0.9757733244209904067 ) ) ;
#2729 = ORIENTED_EDGE ( 'NONE', *, *, #4908, .F. ) ;
#2730 = LINE ( 'NONE', #3944, #4187 ) ;
#2731 = VERTEX_POINT ( 'NONE', #817 ) ;
#2732 = ORIENTED_EDGE ( 'NONE', *, *, #4772, .F. ) ;
#2733 = CC_DESIGN_DATE_AND_TIME_ASSIGNMENT ( #3431, #3835, ( #3330 ) ) ;
#2734 = DIRECTION ( 'NONE',  ( -0.000000000000000000, -1.000000000000000000, 0.000000000000000000 ) ) ;
#2735 = ORIENTED_EDGE ( 'NONE', *, *, #3480, .T. ) ;
#2736 = EDGE_CURVE ( 'NONE', #3321, #1817, #3894, .T. ) ;
#2737 = CARTESIAN_POINT ( 'NONE',  ( 33.85058139796116450, 15.00000000000000355, 38.80205482400400285 ) ) ;
#2738 = VECTOR ( 'NONE', #3614, 1000.000000000000000 ) ;
#2739 = CARTESIAN_POINT ( 'NONE',  ( 50.03553677516728015, 0.000000000000000000, 17.27695021648111151 ) ) ;
#2740 = CARTESIAN_POINT ( 'NONE',  ( 43.53449703527785886, 6.113726289729735086, 49.31167685509488052 ) ) ;
#2741 = ORIENTED_EDGE ( 'NONE', *, *, #2195, .F. ) ;
#2742 = CARTESIAN_POINT ( 'NONE',  ( 59.28548261076690551, -5.000000000000000000, 18.02110104134137458 ) ) ;
#2743 = DIRECTION ( 'NONE',  ( -0.9784308844114446568, -0.1227878039689815765, 0.1661209186897103784 ) ) ;
#2744 = FACE_OUTER_BOUND ( 'NONE', #4373, .T. ) ;
#2745 = DIRECTION ( 'NONE',  ( 0.09941544087793825757, -0.9848077530122084644, -0.1423736623188791850 ) ) ;
#2746 = ORIENTED_EDGE ( 'NONE', *, *, #977, .T. ) ;
#2747 = PLANE ( 'NONE',  #801 ) ;
#2748 = ORIENTED_EDGE ( 'NONE', *, *, #4368, .F. ) ;
#2749 = LINE ( 'NONE', #3119, #254 ) ;
#2750 = FACE_OUTER_BOUND ( 'NONE', #2496, .T. ) ;
#2751 = EDGE_CURVE ( 'NONE', #2425, #1272, #380, .T. ) ;
#2752 = ADVANCED_FACE ( 'NONE', ( #1956 ), #3564, .T. ) ;
#2753 = DIRECTION ( 'NONE',  ( 0.5725107064965883064, 0.000000000000000000, -0.8198972441390307564 ) ) ;
#2754 = LINE ( 'NONE', #319, #3707 ) ;
#2755 = VERTEX_POINT ( 'NONE', #3133 ) ;
#2756 = LINE ( 'NONE', #1946, #3542 ) ;
#2757 = ORIENTED_EDGE ( 'NONE', *, *, #4190, .T. ) ;
#2758 = VERTEX_POINT ( 'NONE', #4441 ) ;
#2759 = EDGE_CURVE ( 'NONE', #844, #2696, #3539, .T. ) ;
#2760 = LINE ( 'NONE', #83, #2968 ) ;
#2761 = DIRECTION ( 'NONE',  ( 0.5725107064965888615, 0.000000000000000000, -0.8198972441390304233 ) ) ;
#2762 = EDGE_LOOP ( 'NONE', ( #933, #3675, #1235, #3488 ) ) ;
#2763 = CARTESIAN_POINT ( 'NONE',  ( 60.77940400982084412, 9.000000000000001776, 22.86841294392131019 ) ) ;
#2764 = CARTESIAN_POINT ( 'NONE',  ( 47.20722583974556130, 9.000000000000001776, 43.42901089082209865 ) ) ;
#2765 = CARTESIAN_POINT ( 'NONE',  ( 24.85710258975988651, -5.000000000000000000, 70.81964883509347430 ) ) ;
#2766 = EDGE_CURVE ( 'NONE', #431, #1641, #405, .T. ) ;
#2767 = VERTEX_POINT ( 'NONE', #2763 ) ;
#2768 = CARTESIAN_POINT ( 'NONE',  ( 37.94174580718216561, -7.836231959428118898, 57.32110142486606463 ) ) ;
#2769 = CARTESIAN_POINT ( 'NONE',  ( 47.70694863748322945, 8.999999999999600320, 43.33627494359884480 ) ) ;
#2770 = PLANE ( 'NONE',  #4885 ) ;
#2771 = VECTOR ( 'NONE', #3337, 1000.000000000000114 ) ;
#2772 = CARTESIAN_POINT ( 'NONE',  ( 57.66412600046749759, -1.761956470071662784, 29.07652017102503095 ) ) ;
#2773 = ORIENTED_EDGE ( 'NONE', *, *, #1404, .T. ) ;
#2774 = DIRECTION ( 'NONE',  ( 0.09941544087793825757, -0.9848077530122084644, -0.1423736623188791850 ) ) ;
#2775 = ORIENTED_EDGE ( 'NONE', *, *, #4095, .T. ) ;
#2776 = DIRECTION ( 'NONE',  ( 0.1673875490687022904, -0.000000000000000000, 0.9858911747331815523 ) ) ;
#2777 = FACE_OUTER_BOUND ( 'NONE', #1724, .T. ) ;
#2778 = DIRECTION ( 'NONE',  ( -0.5725107064965888615, 0.000000000000000000, 0.8198972441390304233 ) ) ;
#2779 = ORIENTED_EDGE ( 'NONE', *, *, #2599, .F. ) ;
#2780 = EDGE_LOOP ( 'NONE', ( #4691, #4782, #3340, #944 ) ) ;
#2781 = ORIENTED_EDGE ( 'NONE', *, *, #281, .F. ) ;
#2782 = AXIS2_PLACEMENT_3D ( 'NONE', #1549, #1077, #3904 ) ;
#2783 = DIRECTION ( 'NONE',  ( 0.09941544087793825757, -0.9848077530122085754, -0.1423736623188792128 ) ) ;
#2784 = PLANE ( 'NONE',  #3246 ) ;
#2785 = AXIS2_PLACEMENT_3D ( 'NONE', #2037, #1684, #924 ) ;
#2786 = ORIENTED_EDGE ( 'NONE', *, *, #2443, .F. ) ;
#2787 = EDGE_CURVE ( 'NONE', #4859, #192, #60, .T. ) ;
#2788 = VECTOR ( 'NONE', #4723, 999.9999999999998863 ) ;
#2789 = EDGE_CURVE ( 'NONE', #47, #3321, #1622, .T. ) ;
#2790 = DIRECTION ( 'NONE',  ( -0.5725107064965888615, 0.000000000000000000, 0.8198972441390304233 ) ) ;
#2791 = CARTESIAN_POINT ( 'NONE',  ( 53.90007011619138666, -2.921244151089462893, 34.46705524972870904 ) ) ;
#2792 = ORIENTED_EDGE ( 'NONE', *, *, #2123, .F. ) ;
#2793 = EDGE_LOOP ( 'NONE', ( #448, #3945, #4601, #2076 ) ) ;
#2794 = DIRECTION ( 'NONE',  ( -0.000000000000000000, -1.000000000000000000, 0.000000000000000000 ) ) ;
#2795 = EDGE_CURVE ( 'NONE', #3858, #873, #4417, .T. ) ;
#2796 = LINE ( 'NONE', #798, #1529 ) ;
#2797 = LINE ( 'NONE', #2360, #3338 ) ;
#2798 = VECTOR ( 'NONE', #2794, 1000.000000000000000 ) ;
#2799 = EDGE_CURVE ( 'NONE', #192, #2592, #4656, .T. ) ;
#2800 = DIRECTION ( 'NONE',  ( -0.9832133515137231328, 1.551623129479232512E-14, 0.1824595993779223324 ) ) ;
#2801 = ORIENTED_EDGE ( 'NONE', *, *, #3105, .F. ) ;
#2802 = VECTOR ( 'NONE', #4260, 999.9999999999998863 ) ;
#2803 = VECTOR ( 'NONE', #2011, 1000.000000000000114 ) ;
#2804 = ORIENTED_EDGE ( 'NONE', *, *, #2587, .F. ) ;
#2805 = LINE ( 'NONE', #366, #1810 ) ;
#2806 = CARTESIAN_POINT ( 'NONE',  ( 47.70093104309678012, 8.999999999999323208, 41.59820056410751477 ) ) ;
#2807 = DIRECTION ( 'NONE',  ( -0.8198972441390307564, 0.000000000000000000, -0.5725107064965883064 ) ) ;
#2808 = CARTESIAN_POINT ( 'NONE',  ( 41.81682931916488855, 9.000000000000001776, 52.12138188625592505 ) ) ;
#2809 = ORIENTED_EDGE ( 'NONE', *, *, #4103, .T. ) ;
#2810 = VECTOR ( 'NONE', #4437, 1000.000000000000114 ) ;
#2811 = ORIENTED_EDGE ( 'NONE', *, *, #2323, .F. ) ;
#2812 = ORIENTED_EDGE ( 'NONE', *, *, #4322, .F. ) ;
#2813 = CARTESIAN_POINT ( 'NONE',  ( 55.92436830749143439, 7.000000000000000000, 11.26979063138921333 ) ) ;
#2814 = EDGE_LOOP ( 'NONE', ( #2886, #4757, #2267, #2786, #223 ) ) ;
#2815 = EDGE_CURVE ( 'NONE', #2634, #4016, #3185, .T. ) ;
#2816 = CARTESIAN_POINT ( 'NONE',  ( 59.28548261076690551, 15.00000000000000355, 18.02110104134137458 ) ) ;
#2817 = CARTESIAN_POINT ( 'NONE',  ( 49.28300913119386450, 9.000000000000001776, 18.35465118247330096 ) ) ;
#2818 = ADVANCED_FACE ( 'NONE', ( #2188 ), #3776, .F. ) ;
#2819 = ORIENTED_EDGE ( 'NONE', *, *, #4571, .F. ) ;
#2820 = ORIENTED_EDGE ( 'NONE', *, *, #466, .T. ) ;
#2821 = CARTESIAN_POINT ( 'NONE',  ( 55.93419255128604561, -5.000000000000198952, 31.55397194866484156 ) ) ;
#2822 = CARTESIAN_POINT ( 'NONE',  ( 35.26620977342664531, 15.00000000000000355, 34.30205482400400996 ) ) ;
#2823 = LINE ( 'NONE', #1988, #3862 ) ;
#2824 = ORIENTED_EDGE ( 'NONE', *, *, #4193, .F. ) ;
#2825 = VECTOR ( 'NONE', #354, 1000.000000000000114 ) ;
#2826 = EDGE_CURVE ( 'NONE', #1619, #4789, #3373, .T. ) ;
#2827 = ORIENTED_EDGE ( 'NONE', *, *, #2885, .T. ) ;
#2828 = CARTESIAN_POINT ( 'NONE',  ( 38.89836211671422461, 8.999999999999900524, 55.95112341924345856 ) ) ;
#2829 = LINE ( 'NONE', #3553, #3817 ) ;
#2830 = CARTESIAN_POINT ( 'NONE',  ( 63.38496883146206784, 6.436091176202902500E-17, 20.88365457382432666 ) ) ;
#2831 = CARTESIAN_POINT ( 'NONE',  ( 26.30056339547859423, 15.00000000000000355, 62.80205482400400285 ) ) ;
#2832 = EDGE_LOOP ( 'NONE', ( #1505, #832, #2484 ) ) ;
#2833 = VERTEX_POINT ( 'NONE', #225 ) ;
#2834 = EDGE_LOOP ( 'NONE', ( #158, #3010, #4283, #2640 ) ) ;
#2835 = EDGE_CURVE ( 'NONE', #4099, #2842, #4467, .T. ) ;
#2836 = AXIS2_PLACEMENT_3D ( 'NONE', #637, #3004, #4964 ) ;
#2837 = AXIS2_PLACEMENT_3D ( 'NONE', #143, #2481, #1338 ) ;
#2838 = CARTESIAN_POINT ( 'NONE',  ( 39.71224176646681769, 8.999999999999623412, 54.78555974624870828 ) ) ;
#2839 = ORIENTED_EDGE ( 'NONE', *, *, #3292, .F. ) ;
#2840 = CARTESIAN_POINT ( 'NONE',  ( 45.88267470181890673, -4.999999999999998224, 45.94883250004822628 ) ) ;
#2841 = VECTOR ( 'NONE', #2562, 1000.000000000000114 ) ;
#2842 = VERTEX_POINT ( 'NONE', #2164 ) ;
#2843 = VECTOR ( 'NONE', #3727, 1000.000000000000227 ) ;
#2844 = ORIENTED_EDGE ( 'NONE', *, *, #3998, .T. ) ;
#2845 = FACE_BOUND ( 'NONE', #4123, .T. ) ;
#2846 = EDGE_CURVE ( 'NONE', #731, #98, #1054, .T. ) ;
#2847 = CARTESIAN_POINT ( 'NONE',  ( 54.53295270018095664, 8.999999999999699796, 31.81400672287868758 ) ) ;
#2848 = ORIENTED_EDGE ( 'NONE', *, *, #2449, .T. ) ;
#2849 = CARTESIAN_POINT ( 'NONE',  ( 41.90958580973165937, 9.000000000000001776, 13.18408863916928375 ) ) ;
#2850 = ORIENTED_EDGE ( 'NONE', *, *, #375, .T. ) ;
#2851 = CARTESIAN_POINT ( 'NONE',  ( 49.05711602583523501, 1.999999999999737765, 41.40268923371694143 ) ) ;
#2852 = EDGE_CURVE ( 'NONE', #370, #4038, #596, .T. ) ;
#2853 = CARTESIAN_POINT ( 'NONE',  ( 51.81455299999817043, -4.999999999999888978, 35.70704906664054334 ) ) ;
#2854 = EDGE_CURVE ( 'NONE', #1729, #390, #1790, .T. ) ;
#2855 = LINE ( 'NONE', #807, #4271 ) ;
#2856 = CARTESIAN_POINT ( 'NONE',  ( 45.30376238092786423, 5.568812084754117819, 46.77789754828331326 ) ) ;
#2857 = ORIENTED_EDGE ( 'NONE', *, *, #1864, .T. ) ;
#2858 = ORIENTED_EDGE ( 'NONE', *, *, #762, .T. ) ;
#2859 = PLANE ( 'NONE',  #3031 ) ;
#2860 = PERSON ( '未指定', '未指定', '未指定', ('未指定'), ('未指定'), ('未指定') ) ;
#2861 = CARTESIAN_POINT ( 'NONE',  ( 55.92436830749143439, 3.000000000000000000, 11.26979063138921333 ) ) ;
#2862 = ADVANCED_FACE ( 'NONE', ( #4567 ), #1376, .F. ) ;
#2863 = DIRECTION ( 'NONE',  ( -0.09941544087793841022, 0.9848077530122084644, 0.1423736623188794348 ) ) ;
#2864 = DIRECTION ( 'NONE',  ( 0.8198972441390307564, 0.000000000000000000, 0.5725107064965883064 ) ) ;
#2865 = ORIENTED_EDGE ( 'NONE', *, *, #2052, .F. ) ;
#2866 = AXIS2_PLACEMENT_3D ( 'NONE', #3513, #1542, #9 ) ;
#2867 = CARTESIAN_POINT ( 'NONE',  ( 37.43683994914039204, 9.000000000000001776, 27.40205482400400427 ) ) ;
#2868 = ORIENTED_EDGE ( 'NONE', *, *, #966, .T. ) ;
#2869 = VECTOR ( 'NONE', #3646, 1000.000000000000114 ) ;
#2870 = ORIENTED_EDGE ( 'NONE', *, *, #546, .F. ) ;
#2871 = DIRECTION ( 'NONE',  ( -0.5725107064965883064, 0.000000000000000000, 0.8198972441390307564 ) ) ;
#2872 = CARTESIAN_POINT ( 'NONE',  ( 51.93685900704853253, 9.000000000000001776, 32.03850918731733799 ) ) ;
#2873 = DIRECTION ( 'NONE',  ( -0.09941544087794611240, -0.9848077530122059109, 0.1423736623188903427 ) ) ;
#2874 = DIRECTION ( 'NONE',  ( -0.8198972441390304233, -8.021673019038769613E-19, -0.5725107064965888615 ) ) ;
#2875 = DIRECTION ( 'NONE',  ( -0.09941544087794602913, -0.9848077530122060219, 0.1423736623188903427 ) ) ;
#2876 = ORIENTED_EDGE ( 'NONE', *, *, #4724, .F. ) ;
#2877 = LINE ( 'NONE', #4410, #4092 ) ;
#2878 = AXIS2_PLACEMENT_3D ( 'NONE', #3750, #2964, #2546 ) ;
#2879 = CARTESIAN_POINT ( 'NONE',  ( 30.26432284678194051, -5.000000000000000888, 50.20205482400399433 ) ) ;
#2880 = VECTOR ( 'NONE', #4824, 1000.000000000000114 ) ;
#2881 = EDGE_CURVE ( 'NONE', #830, #4356, #2569, .T. ) ;
#2882 = LINE ( 'NONE', #640, #2880 ) ;
#2883 = LINE ( 'NONE', #2831, #5008 ) ;
#2884 = ORIENTED_EDGE ( 'NONE', *, *, #4973, .F. ) ;
#2885 = EDGE_CURVE ( 'NONE', #4683, #3821, #3305, .T. ) ;
#2886 = ORIENTED_EDGE ( 'NONE', *, *, #1055, .F. ) ;
#2887 = CARTESIAN_POINT ( 'NONE',  ( 63.38496883146206784, 6.436091176202657213E-17, 20.88365457382432311 ) ) ;
#2888 = VECTOR ( 'NONE', #4614, 1000.000000000000000 ) ;
#2889 = DIRECTION ( 'NONE',  ( 0.000000000000000000, -1.000000000000000000, 0.000000000000000000 ) ) ;
#2890 = LINE ( 'NONE', #2474, #1840 ) ;
#2891 = ADVANCED_FACE ( 'NONE', ( #4182 ), #4112, .F. ) ;
#2892 = VERTEX_POINT ( 'NONE', #1835 ) ;
#2893 = CC_DESIGN_PERSON_AND_ORGANIZATION_ASSIGNMENT ( #1927, #1072, ( #2023 ) ) ;
#2894 = CARTESIAN_POINT ( 'NONE',  ( 49.18241700896783186, 8.999999999999776179, 41.22324467557583461 ) ) ;
#2895 = EDGE_CURVE ( 'NONE', #2971, #2500, #2911, .T. ) ;
#2896 = VERTEX_POINT ( 'NONE', #671 ) ;
#2897 = ORIENTED_EDGE ( 'NONE', *, *, #4668, .F. ) ;
#2898 = DIRECTION ( 'NONE',  ( 0.8198972441390307564, 0.000000000000000000, 0.5725107064965883064 ) ) ;
#2899 = CARTESIAN_POINT ( 'NONE',  ( 59.28548261076690551, 9.000000000000001776, 18.02110104134137458 ) ) ;
#2900 = VERTEX_POINT ( 'NONE', #4136 ) ;
#2901 = CARTESIAN_POINT ( 'NONE',  ( 46.30570878637801968, -5.000000000000282441, 43.59630971781285780 ) ) ;
#2902 = ORIENTED_EDGE ( 'NONE', *, *, #1620, .F. ) ;
#2903 = DIRECTION ( 'NONE',  ( 0.8198972441390307564, 0.000000000000000000, 0.5725107064965883064 ) ) ;
#2904 = DIRECTION ( 'NONE',  ( 0.5725107064965886394, -0.000000000000000000, -0.8198972441390305343 ) ) ;
#2905 = DIRECTION ( 'NONE',  ( 0.3000856176668327269, 0.000000000000000000, -0.9539122716840976457 ) ) ;
#2906 = DIRECTION ( 'NONE',  ( 0.09941544087794672302, -0.9848077530122057999, -0.1423736623188914252 ) ) ;
#2907 = LINE ( 'NONE', #1321, #3868 ) ;
#2908 = ORIENTED_EDGE ( 'NONE', *, *, #2245, .F. ) ;
#2909 = ORIENTED_EDGE ( 'NONE', *, *, #1380, .T. ) ;
#2910 = DIRECTION ( 'NONE',  ( 0.5725107064965889725, 0.000000000000000000, -0.8198972441390303123 ) ) ;
#2911 = LINE ( 'NONE', #3349, #2218 ) ;
#2912 = EDGE_CURVE ( 'NONE', #2420, #4403, #1812, .T. ) ;
#2913 = EDGE_CURVE ( 'NONE', #3408, #2194, #4541, .T. ) ;
#2914 = PLANE ( 'NONE',  #3740 ) ;
#2915 = CARTESIAN_POINT ( 'NONE',  ( 55.20017003407908618, -5.000000000000000000, 27.36509489572486231 ) ) ;
#2916 = ORIENTED_EDGE ( 'NONE', *, *, #3357, .T. ) ;
#2917 = VECTOR ( 'NONE', #4862, 1000.000000000000000 ) ;
#2918 = AXIS2_PLACEMENT_3D ( 'NONE', #4030, #2948, #604 ) ;
#2919 = EDGE_CURVE ( 'NONE', #3935, #1648, #1398, .T. ) ;
#2920 = ORIENTED_EDGE ( 'NONE', *, *, #2418, .F. ) ;
#2921 = ORIENTED_EDGE ( 'NONE', *, *, #3108, .T. ) ;
#2922 = VECTOR ( 'NONE', #3910, 1000.000000000000000 ) ;
#2923 = DIRECTION ( 'NONE',  ( 0.1673875490687007084, 2.277685895568789903E-16, 0.9858911747331818853 ) ) ;
#2924 = CARTESIAN_POINT ( 'NONE',  ( 50.15345196258983407, 9.000000000000001776, -9.689133818806597631 ) ) ;
#2925 = VECTOR ( 'NONE', #391, 1000.000000000000000 ) ;
#2926 = EDGE_CURVE ( 'NONE', #1939, #4034, #4519, .T. ) ;
#2927 = MECHANICAL_CONTEXT ( 'NONE', #2958, 'mechanical' ) ;
#2928 = ORIENTED_EDGE ( 'NONE', *, *, #3143, .T. ) ;
#2929 = CARTESIAN_POINT ( 'NONE',  ( 55.92817495689966023, -5.000000000000000000, 29.81589756917342271 ) ) ;
#2930 = CARTESIAN_POINT ( 'NONE',  ( 49.68496384596295457, -4.219450374240892643, 40.50354325859362348 ) ) ;
#2931 = DIRECTION ( 'NONE',  ( -0.9784308844114437687, -0.1227878039689724171, 0.1661209186897224521 ) ) ;
#2932 = CARTESIAN_POINT ( 'NONE',  ( 28.92107278762641442, -5.000000000000000888, 68.49298847681797042 ) ) ;
#2933 = FACE_OUTER_BOUND ( 'NONE', #471, .T. ) ;
#2934 = ORIENTED_EDGE ( 'NONE', *, *, #3810, .F. ) ;
#2935 = ORIENTED_EDGE ( 'NONE', *, *, #646, .F. ) ;
#2936 = CARTESIAN_POINT ( 'NONE',  ( 36.71023256074447261, 1.999999999999875655, 57.33806934662672461 ) ) ;
#2937 = AXIS2_PLACEMENT_3D ( 'NONE', #3786, #4934, #4527 ) ;
#2938 = LINE ( 'NONE', #621, #647 ) ;
#2939 = FACE_OUTER_BOUND ( 'NONE', #221, .T. ) ;
#2940 = VECTOR ( 'NONE', #2654, 1000.000000000000000 ) ;
#2941 = DIRECTION ( 'NONE',  ( 0.09941544087793825757, -0.9848077530122085754, -0.1423736623188792128 ) ) ;
#2942 = ORIENTED_EDGE ( 'NONE', *, *, #2497, .F. ) ;
#2943 = ORIENTED_EDGE ( 'NONE', *, *, #4423, .F. ) ;
#2944 = ORIENTED_EDGE ( 'NONE', *, *, #5041, .F. ) ;
#2945 = EDGE_CURVE ( 'NONE', #2283, #759, #2938, .T. ) ;
#2946 = ADVANCED_FACE ( 'NONE', ( #1741 ), #984, .F. ) ;
#2947 = VECTOR ( 'NONE', #3928, 1000.000000000000000 ) ;
#2948 = DIRECTION ( 'NONE',  ( -0.5725107064965883064, 0.000000000000000000, 0.8198972441390307564 ) ) ;
#2949 = CARTESIAN_POINT ( 'NONE',  ( 45.30376238092786423, 5.568812084754116931, 46.77789754828331326 ) ) ;
#2950 = EDGE_CURVE ( 'NONE', #1095, #683, #1528, .T. ) ;
#2951 = COORDINATED_UNIVERSAL_TIME_OFFSET ( 8, 0, .AHEAD. ) ;
#2952 = ORIENTED_EDGE ( 'NONE', *, *, #1645, .F. ) ;
#2953 = CARTESIAN_POINT ( 'NONE',  ( 31.40421120438305280, 15.00000000000000355, 57.95009683091215891 ) ) ;
#2954 = LINE ( 'NONE', #2085, #2251 ) ;
#2955 = AXIS2_PLACEMENT_3D ( 'NONE', #470, #3966, #931 ) ;
#2956 = LINE ( 'NONE', #952, #387 ) ;
#2957 = APPROVAL ( #584, '未指定' ) ;
#2958 = APPLICATION_CONTEXT ( 'configuration controlled 3d designs of mechanical parts and assemblies' ) ;
#2959 = CARTESIAN_POINT ( 'NONE',  ( 49.51580317765166228, -0.1616706554782076644, 18.48422747210946326 ) ) ;
#2960 = LINE ( 'NONE', #3369, #2059 ) ;
#2961 = ORIENTED_EDGE ( 'NONE', *, *, #4861, .T. ) ;
#2962 = ORIENTED_EDGE ( 'NONE', *, *, #1476, .T. ) ;
#2963 = LINE ( 'NONE', #4040, #2452 ) ;
#2964 = DIRECTION ( 'NONE',  ( -0.9784308844114441017, -0.1227878039689721118, 0.1661209186897204537 ) ) ;
#2965 = LINE ( 'NONE', #4520, #3505 ) ;
#2966 = FACE_OUTER_BOUND ( 'NONE', #2077, .T. ) ;
#2967 = DIRECTION ( 'NONE',  ( 0.8198972441390307564, 0.000000000000000000, 0.5725107064965883064 ) ) ;
#2968 = VECTOR ( 'NONE', #1253, 999.9999999999998863 ) ;
#2969 = VECTOR ( 'NONE', #3214, 1000.000000000000114 ) ;
#2970 = ORIENTED_EDGE ( 'NONE', *, *, #846, .T. ) ;
#2971 = VERTEX_POINT ( 'NONE', #3801 ) ;
#2972 = VECTOR ( 'NONE', #4727, 1000.000000000000114 ) ;
#2973 = CARTESIAN_POINT ( 'NONE',  ( 29.04661687833331385, -5.000000000000000000, 69.23242705368029704 ) ) ;
#2974 = PLANE ( 'NONE',  #5050 ) ;
#2975 = ADVANCED_FACE ( 'NONE', ( #1941 ), #3094, .F. ) ;
#2976 = EDGE_CURVE ( 'NONE', #3664, #125, #453, .T. ) ;
#2977 = DIRECTION ( 'NONE',  ( -0.8198972441390307564, 0.000000000000000000, -0.5725107064965883064 ) ) ;
#2978 = DIRECTION ( 'NONE',  ( 0.5725107064965883064, 0.000000000000000000, -0.8198972441390307564 ) ) ;
#2979 = ORIENTED_EDGE ( 'NONE', *, *, #1092, .T. ) ;
#2980 = CARTESIAN_POINT ( 'NONE',  ( 35.26620977342664531, 9.000000000000001776, 34.30205482400400996 ) ) ;
#2981 = LINE ( 'NONE', #2486, #1617 ) ;
#2982 = CARTESIAN_POINT ( 'NONE',  ( 59.28548261076690551, 9.000000000000001776, 18.02110104134137458 ) ) ;
#2983 = EDGE_CURVE ( 'NONE', #1554, #1210, #4234, .T. ) ;
#2984 = CARTESIAN_POINT ( 'NONE',  ( 50.15788640108194585, -0.06232623240739828402, 18.49668626520947612 ) ) ;
#2985 = CARTESIAN_POINT ( 'NONE',  ( 41.90958580973165937, 9.000000000000001776, 13.18408863916928375 ) ) ;
#2986 = ORIENTED_EDGE ( 'NONE', *, *, #3205, .T. ) ;
#2987 = EDGE_LOOP ( 'NONE', ( #352, #1383, #3424, #720 ) ) ;
#2988 = DIRECTION ( 'NONE',  ( -0.5725107064965883064, 0.000000000000000000, 0.8198972441390307564 ) ) ;
#2989 = VECTOR ( 'NONE', #624, 1000.000000000000000 ) ;
#2990 = DIRECTION ( 'NONE',  ( 0.9832133515137241320, -2.967983465470566503E-15, -0.1824595993779175862 ) ) ;
#2991 = CARTESIAN_POINT ( 'NONE',  ( 61.23516987727369809, 0.000000000000000000, 20.44369839863141181 ) ) ;
#2992 = EDGE_CURVE ( 'NONE', #3403, #3468, #1501, .T. ) ;
#2993 = EDGE_LOOP ( 'NONE', ( #3608, #2962, #950, #2870 ) ) ;
#2994 = ORIENTED_EDGE ( 'NONE', *, *, #941, .F. ) ;
#2995 = VECTOR ( 'NONE', #556, 1000.000000000000227 ) ;
#2996 = DIRECTION ( 'NONE',  ( 0.09941544087793825757, -0.9848077530122085754, -0.1423736623188792128 ) ) ;
#2997 = VECTOR ( 'NONE', #2584, 1000.000000000000000 ) ;
#2998 = FACE_BOUND ( 'NONE', #3160, .T. ) ;
#2999 = DIRECTION ( 'NONE',  ( 0.000000000000000000, 1.000000000000000000, -0.000000000000000000 ) ) ;
#3000 = FACE_OUTER_BOUND ( 'NONE', #2061, .T. ) ;
#3001 = ORIENTED_EDGE ( 'NONE', *, *, #317, .F. ) ;
#3002 = CARTESIAN_POINT ( 'NONE',  ( 53.87136397844894020, 8.999999999999248601, 32.76147331790694039 ) ) ;
#3003 = EDGE_CURVE ( 'NONE', #1125, #4149, #3039, .T. ) ;
#3004 = DIRECTION ( 'NONE',  ( -0.9784308844114436576, -0.1227878039689724310, 0.1661209186897226742 ) ) ;
#3005 = CARTESIAN_POINT ( 'NONE',  ( 50.66230067306774743, 0.000000000000000000, -10.41786020011318392 ) ) ;
#3006 = DIRECTION ( 'NONE',  ( -0.09941544087793835471, 0.9848077530122084644, 0.1423736623188794348 ) ) ;
#3007 = CARTESIAN_POINT ( 'NONE',  ( 39.55574554167338874, -3.000000000000000000, 14.00171235333667141 ) ) ;
#3008 = ORIENTED_EDGE ( 'NONE', *, *, #708, .T. ) ;
#3009 = LINE ( 'NONE', #4945, #2802 ) ;
#3010 = ORIENTED_EDGE ( 'NONE', *, *, #4125, .F. ) ;
#3011 = VECTOR ( 'NONE', #3519, 1000.000000000000000 ) ;
#3012 = EDGE_CURVE ( 'NONE', #4730, #2138, #1471, .T. ) ;
#3013 = DIRECTION ( 'NONE',  ( -0.09941544087794611240, -0.9848077530122059109, 0.1423736623188903427 ) ) ;
#3014 = AXIS2_PLACEMENT_3D ( 'NONE', #5021, #1521, #1101 ) ;
#3015 = ADVANCED_FACE ( 'NONE', ( #2750 ), #3066, .F. ) ;
#3016 = DIRECTION ( 'NONE',  ( -0.5725107064965883064, 0.000000000000000000, 0.8198972441390307564 ) ) ;
#3017 = CARTESIAN_POINT ( 'NONE',  ( 41.90958580973165937, -5.000000000000000000, 13.18408863916928375 ) ) ;
#3018 = ORIENTED_EDGE ( 'NONE', *, *, #1707, .F. ) ;
#3019 = ORIENTED_EDGE ( 'NONE', *, *, #2352, .T. ) ;
#3020 = EDGE_CURVE ( 'NONE', #2833, #8, #3446, .T. ) ;
#3021 = VERTEX_POINT ( 'NONE', #1137 ) ;
#3022 = ADVANCED_FACE ( 'NONE', ( #2698 ), #4314, .T. ) ;
#3023 = ORIENTED_EDGE ( 'NONE', *, *, #109, .T. ) ;
#3024 = LINE ( 'NONE', #3738, #4238 ) ;
#3025 = LINE ( 'NONE', #237, #2533 ) ;
#3026 = ORIENTED_EDGE ( 'NONE', *, *, #57, .T. ) ;
#3027 = LINE ( 'NONE', #4150, #4831 ) ;
#3028 = DIRECTION ( 'NONE',  ( -0.5725107064965883064, 0.000000000000000000, 0.8198972441390307564 ) ) ;
#3029 = DIRECTION ( 'NONE',  ( -0.09941544087794611240, -0.9848077530122059109, 0.1423736623188903427 ) ) ;
#3030 = VECTOR ( 'NONE', #4157, 1000.000000000000114 ) ;
#3031 = AXIS2_PLACEMENT_3D ( 'NONE', #2887, #1349, #2910 ) ;
#3032 = VECTOR ( 'NONE', #633, 1000.000000000000227 ) ;
#3033 = CARTESIAN_POINT ( 'NONE',  ( 51.24792778832606643, 20.00000000000000355, 17.28736740069182432 ) ) ;
#3034 = ORIENTED_EDGE ( 'NONE', *, *, #4471, .F. ) ;
#3035 = CYLINDRICAL_SURFACE ( 'NONE', #917, 1.149999999999997025 ) ;
#3036 = ORIENTED_EDGE ( 'NONE', *, *, #2704, .F. ) ;
#3037 = VECTOR ( 'NONE', #1730, 1000.000000000000114 ) ;
#3038 = CARTESIAN_POINT ( 'NONE',  ( 43.70059223008447447, -6.062570802367881484, 49.07381057427016202 ) ) ;
#3039 = LINE ( 'NONE', #3474, #2262 ) ;
#3040 = EDGE_CURVE ( 'NONE', #4530, #855, #1556, .T. ) ;
#3041 = EDGE_CURVE ( 'NONE', #4396, #4621, #3824, .T. ) ;
#3042 = FACE_OUTER_BOUND ( 'NONE', #1809, .T. ) ;
#3043 = DIRECTION ( 'NONE',  ( 0.3000856176668329489, 0.000000000000000000, -0.9539122716840975347 ) ) ;
#3044 = VERTEX_POINT ( 'NONE', #3526 ) ;
#3045 = EDGE_LOOP ( 'NONE', ( #2434, #3585, #564, #1919, #1469, #86 ) ) ;
#3046 = ORIENTED_EDGE ( 'NONE', *, *, #2704, .T. ) ;
#3047 = EDGE_CURVE ( 'NONE', #4034, #2425, #367, .T. ) ;
#3048 = VECTOR ( 'NONE', #26, 1000.000000000000114 ) ;
#3049 = VECTOR ( 'NONE', #3548, 1000.000000000000000 ) ;
#3050 = VERTEX_POINT ( 'NONE', #2261 ) ;
#3051 = CARTESIAN_POINT ( 'NONE',  ( 55.13091096147091719, 9.000000000000001776, 31.70304075132049348 ) ) ;
#3052 = VECTOR ( 'NONE', #3846, 999.9999999999998863 ) ;
#3053 = CARTESIAN_POINT ( 'NONE',  ( 40.13527585102591644, 8.999999999999875655, 52.43303696401335401 ) ) ;
#3054 = CARTESIAN_POINT ( 'NONE',  ( 49.75774202154744330, -4.999999999999864109, 38.65262481537406813 ) ) ;
#3055 = PERSON_AND_ORGANIZATION ( #2860, #1361 ) ;
#3056 = EDGE_CURVE ( 'NONE', #3829, #4016, #1166, .T. ) ;
#3057 = ORIENTED_EDGE ( 'NONE', *, *, #4657, .F. ) ;
#3058 = LINE ( 'NONE', #2559, #1480 ) ;
#3059 = CARTESIAN_POINT ( 'NONE',  ( 58.31971227740374530, 0.000000000000000000, 21.15088082443154249 ) ) ;
#3060 = LINE ( 'NONE', #1876, #155 ) ;
#3061 = DIRECTION ( 'NONE',  ( 0.000000000000000000, -1.000000000000000000, 0.000000000000000000 ) ) ;
#3062 = DIRECTION ( 'NONE',  ( 0.8198972441390307564, 0.000000000000000000, 0.5725107064965883064 ) ) ;
#3063 = ORIENTED_EDGE ( 'NONE', *, *, #2352, .F. ) ;
#3064 = EDGE_LOOP ( 'NONE', ( #2779, #3260, #4082, #3234 ) ) ;
#3065 = CARTESIAN_POINT ( 'NONE',  ( 55.26598099502036376, 0.000000000000000000, 12.21267246214910074 ) ) ;
#3066 = PLANE ( 'NONE',  #4638 ) ;
#3067 = DIRECTION ( 'NONE',  ( 0.9832133515137221336, -0.000000000000000000, -0.1824595993779274672 ) ) ;
#3068 = PLANE ( 'NONE',  #1912 ) ;
#3069 = ORIENTED_EDGE ( 'NONE', *, *, #1015, .T. ) ;
#3070 = ORIENTED_EDGE ( 'NONE', *, *, #4700, .F. ) ;
#3071 = ORIENTED_EDGE ( 'NONE', *, *, #1883, .F. ) ;
#3072 = EDGE_CURVE ( 'NONE', #4979, #231, #780, .T. ) ;
#3073 = VECTOR ( 'NONE', #1976, 1000.000000000000114 ) ;
#3074 = DIRECTION ( 'NONE',  ( 0.000000000000000000, 1.000000000000000000, 0.000000000000000000 ) ) ;
#3075 = ORIENTED_EDGE ( 'NONE', *, *, #4599, .T. ) ;
#3076 = EDGE_CURVE ( 'NONE', #4572, #4491, #1585, .T. ) ;
#3077 = PLANE ( 'NONE',  #2937 ) ;
#3078 = PLANE ( 'NONE',  #4326 ) ;
#3079 = APPROVAL_STATUS ( 'not_yet_approved' ) ;
#3080 = ORIENTED_EDGE ( 'NONE', *, *, #2052, .T. ) ;
#3081 = AXIS2_PLACEMENT_3D ( 'NONE', #1308, #2871, #528 ) ;
#3082 = CARTESIAN_POINT ( 'NONE',  ( 57.99100352973673722, 8.999999999999639400, 28.60839619993135585 ) ) ;
#3083 = LINE ( 'NONE', #1436, #450 ) ;
#3084 = DIRECTION ( 'NONE',  ( 0.09941544087794625117, 0.9848077530122059109, -0.1423736623188905925 ) ) ;
#3085 = AXIS2_PLACEMENT_3D ( 'NONE', #4097, #4863, #1726 ) ;
#3086 = EDGE_CURVE ( 'NONE', #3276, #2755, #4206, .T. ) ;
#3087 = FACE_OUTER_BOUND ( 'NONE', #3064, .T. ) ;
#3088 = ORIENTED_EDGE ( 'NONE', *, *, #3922, .T. ) ;
#3089 = CARTESIAN_POINT ( 'NONE',  ( 49.24190371418308132, 1.999999999999723777, 40.78843347387084606 ) ) ;
#3090 = ORIENTED_EDGE ( 'NONE', *, *, #2409, .F. ) ;
#3091 = CARTESIAN_POINT ( 'NONE',  ( 43.80497923817107164, -5.000000000000000000, 48.77140131212934904 ) ) ;
#3092 = ORIENTED_EDGE ( 'NONE', *, *, #350, .F. ) ;
#3093 = LINE ( 'NONE', #4646, #4497 ) ;
#3094 = PLANE ( 'NONE',  #3996 ) ;
#3095 = AXIS2_PLACEMENT_3D ( 'NONE', #129, #3938, #4749 ) ;
#3096 = LINE ( 'NONE', #672, #3777 ) ;
#3097 = CARTESIAN_POINT ( 'NONE',  ( 26.67806429560271653, 9.000000000000001776, 61.60205482400398580 ) ) ;
#3098 = ORIENTED_EDGE ( 'NONE', *, *, #646, .T. ) ;
#3099 = AXIS2_PLACEMENT_3D ( 'NONE', #4255, #1792, #3841 ) ;
#3100 = EDGE_LOOP ( 'NONE', ( #2748, #1633, #669, #3650 ) ) ;
#3101 = ORIENTED_EDGE ( 'NONE', *, *, #4357, .T. ) ;
#3102 = LINE ( 'NONE', #58, #4128 ) ;
#3103 = EDGE_LOOP ( 'NONE', ( #797, #5024, #822, #1685 ) ) ;
#3104 = DIRECTION ( 'NONE',  ( 0.5725107064965950787, 0.000000000000000000, -0.8198972441390258714 ) ) ;
#3105 = EDGE_CURVE ( 'NONE', #2130, #3716, #1118, .T. ) ;
#3106 = LINE ( 'NONE', #1957, #476 ) ;
#3107 = CARTESIAN_POINT ( 'NONE',  ( 50.98407736656637468, -5.000000000000000000, 29.90961108135731905 ) ) ;
#3108 = EDGE_CURVE ( 'NONE', #3670, #3229, #74, .T. ) ;
#3109 = ORIENTED_EDGE ( 'NONE', *, *, #3174, .T. ) ;
#3110 = DIRECTION ( 'NONE',  ( 0.1673875490687009582, -0.000000000000000000, 0.9858911747331817743 ) ) ;
#3111 = CARTESIAN_POINT ( 'NONE',  ( 40.50713143767880808, 15.00000000000000355, 44.91373064910157353 ) ) ;
#3112 = CARTESIAN_POINT ( 'NONE',  ( 31.38659413607224735, -5.000000000000000000, 65.98827748356724499 ) ) ;
#3113 = LINE ( 'NONE', #2719, #872 ) ;
#3114 = ORIENTED_EDGE ( 'NONE', *, *, #163, .F. ) ;
#3115 = EDGE_CURVE ( 'NONE', #1679, #3241, #49, .T. ) ;
#3116 = PLANE ( 'NONE',  #2429 ) ;
#3117 = LINE ( 'NONE', #4672, #191 ) ;
#3118 = ORIENTED_EDGE ( 'NONE', *, *, #1225, .F. ) ;
#3119 = CARTESIAN_POINT ( 'NONE',  ( 46.09724980078333090, -5.000000000000000000, 40.40146107753545124 ) ) ;
#3120 = VECTOR ( 'NONE', #449, 1000.000000000000000 ) ;
#3121 = CARTESIAN_POINT ( 'NONE',  ( 35.32980968779714459, 8.640679464966023460, 61.06167640774409477 ) ) ;
#3122 = VECTOR ( 'NONE', #3576, 1000.000000000000114 ) ;
#3123 = LINE ( 'NONE', #2345, #114 ) ;
#3124 = LINE ( 'NONE', #4266, #2317 ) ;
#3125 = ORIENTED_EDGE ( 'NONE', *, *, #3719, .F. ) ;
#3126 = CARTESIAN_POINT ( 'NONE',  ( 55.92436830749143439, 7.000000000000000000, 11.26979063138921333 ) ) ;
#3127 = EDGE_LOOP ( 'NONE', ( #4858, #4850, #161, #3114 ) ) ;
#3128 = ORIENTED_EDGE ( 'NONE', *, *, #1821, .T. ) ;
#3129 = DIRECTION ( 'NONE',  ( 0.5725107064965886394, -0.000000000000000000, -0.8198972441390305343 ) ) ;
#3130 = ORIENTED_EDGE ( 'NONE', *, *, #1381, .T. ) ;
#3131 = VECTOR ( 'NONE', #2889, 1000.000000000000000 ) ;
#3132 = FACE_BOUND ( 'NONE', #4454, .T. ) ;
#3133 = CARTESIAN_POINT ( 'NONE',  ( 30.26432284678194051, 9.000000000000001776, 50.20205482400399433 ) ) ;
#3134 = VECTOR ( 'NONE', #2807, 1000.000000000000000 ) ;
#3135 = CARTESIAN_POINT ( 'NONE',  ( 57.98498593535032342, 9.000000000000001776, 26.87032182043997608 ) ) ;
#3136 = DIRECTION ( 'NONE',  ( 0.3000856176668329489, 0.000000000000000000, -0.9539122716840975347 ) ) ;
#3137 = VECTOR ( 'NONE', #2405, 1000.000000000000114 ) ;
#3138 = ORIENTED_EDGE ( 'NONE', *, *, #2135, .T. ) ;
#3139 = PLANE ( 'NONE',  #734 ) ;
#3140 = DIRECTION ( 'NONE',  ( -0.1810789180022907008, 0.1227878039689728612, -0.9757733244209931822 ) ) ;
#3141 = EDGE_CURVE ( 'NONE', #4229, #4408, #4822, .T. ) ;
#3142 = DIRECTION ( 'NONE',  ( 0.5725107064965883064, 0.000000000000000000, -0.8198972441390307564 ) ) ;
#3143 = EDGE_CURVE ( 'NONE', #4893, #4781, #3198, .T. ) ;
#3144 = LINE ( 'NONE', #2385, #4513 ) ;
#3145 = ORIENTED_EDGE ( 'NONE', *, *, #1591, .F. ) ;
#3146 = FACE_OUTER_BOUND ( 'NONE', #746, .T. ) ;
#3147 = ORIENTED_EDGE ( 'NONE', *, *, #4910, .F. ) ;
#3148 = CARTESIAN_POINT ( 'NONE',  ( 56.16672959407251398, -5.000000000000124345, 31.22095375638061299 ) ) ;
#3149 = CARTESIAN_POINT ( 'NONE',  ( 42.05997284447340689, -0.03554470590548637621, 12.70603827788342066 ) ) ;
#3150 = EDGE_CURVE ( 'NONE', #3468, #3400, #2829, .T. ) ;
#3151 = CARTESIAN_POINT ( 'NONE',  ( 51.81455299999822017, -5.000000000000000000, 35.70704906664046518 ) ) ;
#3152 = FACE_OUTER_BOUND ( 'NONE', #3822, .T. ) ;
#3153 = VERTEX_POINT ( 'NONE', #3579 ) ;
#3154 = CARTESIAN_POINT ( 'NONE',  ( 49.51886865115630343, 4.270605861602607689, 40.74140953941839172 ) ) ;
#3155 = ORIENTED_EDGE ( 'NONE', *, *, #4294, .F. ) ;
#3156 = VERTEX_POINT ( 'NONE', #101 ) ;
#3157 = DIRECTION ( 'NONE',  ( 0.000000000000000000, -1.000000000000000000, 0.000000000000000000 ) ) ;
#3158 = EDGE_CURVE ( 'NONE', #2328, #324, #2438, .T. ) ;
#3159 = DIRECTION ( 'NONE',  ( 0.5725107064965868631, 0.000000000000000000, -0.8198972441390317556 ) ) ;
#3160 = EDGE_LOOP ( 'NONE', ( #3184, #4957 ) ) ;
#3161 = CARTESIAN_POINT ( 'NONE',  ( 44.33496463429405310, 0.000000000000000000, 8.806675837962608000 ) ) ;
#3162 = AXIS2_PLACEMENT_3D ( 'NONE', #2549, #2239, #4208 ) ;
#3163 = DIRECTION ( 'NONE',  ( 0.5725107064965860859, 0.000000000000000000, -0.8198972441390321997 ) ) ;
#3164 = EDGE_LOOP ( 'NONE', ( #1593, #1171, #700, #2112 ) ) ;
#3165 = DIRECTION ( 'NONE',  ( 0.09941544087794622342, 0.9848077530122059109, -0.1423736623188905925 ) ) ;
#3166 = CARTESIAN_POINT ( 'NONE',  ( 51.64826450194408380, -5.000000000000000000, 37.47709911097479818 ) ) ;
#3167 = DIRECTION ( 'NONE',  ( 0.9832133515137220225, -5.238677559808165401E-15, -0.1824595993779279945 ) ) ;
#3168 = DIRECTION ( 'NONE',  ( 0.09941544087794622342, 0.9848077530122059109, -0.1423736623188905925 ) ) ;
#3169 = ORIENTED_EDGE ( 'NONE', *, *, #2599, .T. ) ;
#3170 = FACE_OUTER_BOUND ( 'NONE', #4020, .T. ) ;
#3171 = ORIENTED_EDGE ( 'NONE', *, *, #2945, .F. ) ;
#3172 = CC_DESIGN_APPROVAL ( #1299, ( #3330 ) ) ;
#3173 = CARTESIAN_POINT ( 'NONE',  ( 49.76375961593390684, -5.000000000000123457, 40.39069919486538396 ) ) ;
#3174 = EDGE_CURVE ( 'NONE', #2389, #2731, #560, .T. ) ;
#3175 = DIRECTION ( 'NONE',  ( 0.5725107064965889725, 0.000000000000000000, -0.8198972441390303123 ) ) ;
#3176 = DIRECTION ( 'NONE',  ( 0.5725107064965889725, 0.000000000000000000, -0.8198972441390303123 ) ) ;
#3177 = ORIENTED_EDGE ( 'NONE', *, *, #2323, .T. ) ;
#3178 = EDGE_CURVE ( 'NONE', #370, #1403, #4459, .T. ) ;
#3179 = DIRECTION ( 'NONE',  ( 0.000000000000000000, 1.000000000000000000, -0.000000000000000000 ) ) ;
#3180 = ORIENTED_EDGE ( 'NONE', *, *, #729, .T. ) ;
#3181 = EDGE_LOOP ( 'NONE', ( #4866, #2679, #3147, #1191, #2944, #643 ) ) ;
#3182 = VECTOR ( 'NONE', #2108, 1000.000000000000000 ) ;
#3183 = CARTESIAN_POINT ( 'NONE',  ( 29.09368181783466412, -5.000000000000000000, 64.75240922846464287 ) ) ;
#3184 = ORIENTED_EDGE ( 'NONE', *, *, #3105, .T. ) ;
#3185 = LINE ( 'NONE', #2596, #1742 ) ;
#3186 = EDGE_CURVE ( 'NONE', #1580, #855, #2956, .T. ) ;
#3187 = CARTESIAN_POINT ( 'NONE',  ( 33.96484291567369951, -5.000000000000133227, 61.26976421021400654 ) ) ;
#3188 = ORIENTED_EDGE ( 'NONE', *, *, #2852, .T. ) ;
#3189 = VECTOR ( 'NONE', #1304, 1000.000000000000000 ) ;
#3190 = VERTEX_POINT ( 'NONE', #4534 ) ;
#3191 = DIRECTION ( 'NONE',  ( -0.09941544087794607076, -0.9848077530122059109, 0.1423736623188903982 ) ) ;
#3192 = DIRECTION ( 'NONE',  ( -0.9539122716840975347, 0.000000000000000000, -0.3000856176668329489 ) ) ;
#3193 = AXIS2_PLACEMENT_3D ( 'NONE', #4766, #1280, #2029 ) ;
#3194 = DIRECTION ( 'NONE',  ( 0.000000000000000000, -1.000000000000000000, 0.000000000000000000 ) ) ;
#3195 = VERTEX_POINT ( 'NONE', #1439 ) ;
#3196 = ORIENTED_EDGE ( 'NONE', *, *, #1055, .T. ) ;
#3197 = FACE_OUTER_BOUND ( 'NONE', #2993, .T. ) ;
#3198 = LINE ( 'NONE', #4412, #2427 ) ;
#3199 = DIRECTION ( 'NONE',  ( -0.8198972441390304233, 0.000000000000000000, -0.5725107064965888615 ) ) ;
#3200 = CARTESIAN_POINT ( 'NONE',  ( 56.16672959407257082, 8.999999999999420908, 31.22095375638053127 ) ) ;
#3201 = ORIENTED_EDGE ( 'NONE', *, *, #3899, .F. ) ;
#3202 = EDGE_LOOP ( 'NONE', ( #2674, #127, #3758, #4003, #3332, #1992 ) ) ;
#3203 = VERTEX_POINT ( 'NONE', #2539 ) ;
#3204 = ADVANCED_FACE ( 'NONE', ( #3672 ), #1757, .F. ) ;
#3205 = EDGE_CURVE ( 'NONE', #3821, #111, #217, .T. ) ;
#3206 = CIRCLE ( 'NONE', #340, 1.149999999999997025 ) ;
#3207 = CARTESIAN_POINT ( 'NONE',  ( 51.81455299999822017, 8.999999999999271694, 35.70704906664046518 ) ) ;
#3208 = VECTOR ( 'NONE', #3267, 999.9999999999998863 ) ;
#3209 = ORIENTED_EDGE ( 'NONE', *, *, #4821, .T. ) ;
#3210 = VECTOR ( 'NONE', #3603, 1000.000000000000000 ) ;
#3211 = AXIS2_PLACEMENT_3D ( 'NONE', #2066, #3629, #860 ) ;
#3212 = EDGE_CURVE ( 'NONE', #1145, #1371, #3318, .T. ) ;
#3213 = DIRECTION ( 'NONE',  ( -0.9832133515137247981, 2.801553651549544241E-14, 0.1824595993779137559 ) ) ;
#3214 = DIRECTION ( 'NONE',  ( 0.5725107064965889725, -1.957506293043472886E-13, -0.8198972441390303123 ) ) ;
#3215 = EDGE_LOOP ( 'NONE', ( #4597, #1902, #4210, #338, #4180, #4048 ) ) ;
#3216 = ORIENTED_EDGE ( 'NONE', *, *, #4732, .T. ) ;
#3217 = CARTESIAN_POINT ( 'NONE',  ( 38.88361489892631795, 9.000000000000001776, 50.73216635368722649 ) ) ;
#3218 = DIRECTION ( 'NONE',  ( 0.9832133515137241320, -0.000000000000000000, -0.1824595993779168646 ) ) ;
#3219 = VECTOR ( 'NONE', #2637, 1000.000000000000114 ) ;
#3220 = CARTESIAN_POINT ( 'NONE',  ( 33.33501914917098219, 9.255052941008404588, 63.91843217963629087 ) ) ;
#3221 = DIRECTION ( 'NONE',  ( 0.8198972441390307564, 0.000000000000000000, 0.5725107064965883064 ) ) ;
#3222 = VECTOR ( 'NONE', #1296, 1000.000000000000000 ) ;
#3223 = VECTOR ( 'NONE', #893, 999.9999999999998863 ) ;
#3224 = ADVANCED_FACE ( 'NONE', ( #4485 ), #976, .F. ) ;
#3225 = ORIENTED_EDGE ( 'NONE', *, *, #3848, .T. ) ;
#3226 = PLANE ( 'NONE',  #3444 ) ;
#3227 = LINE ( 'NONE', #884, #4915 ) ;
#3228 = CARTESIAN_POINT ( 'NONE',  ( 55.27771507405859808, 2.496944704542271243, 32.49411868882251042 ) ) ;
#3229 = VERTEX_POINT ( 'NONE', #2586 ) ;
#3230 = AXIS2_PLACEMENT_3D ( 'NONE', #1611, #3885, #3176 ) ;
#3231 = ORIENTED_EDGE ( 'NONE', *, *, #4892, .T. ) ;
#3232 = EDGE_LOOP ( 'NONE', ( #4131, #3421, #3780, #879 ) ) ;
#3233 = CARTESIAN_POINT ( 'NONE',  ( 59.28548261076690551, -5.000000000000000000, 18.02110104134137458 ) ) ;
#3234 = ORIENTED_EDGE ( 'NONE', *, *, #659, .T. ) ;
#3235 = ADVANCED_FACE ( 'NONE', ( #1368 ), #1026, .F. ) ;
#3236 = DIRECTION ( 'NONE',  ( -0.3000856176668328934, 0.000000000000000000, 0.9539122716840975347 ) ) ;
#3237 = ORIENTED_EDGE ( 'NONE', *, *, #1638, .T. ) ;
#3238 = EDGE_CURVE ( 'NONE', #3440, #919, #4152, .T. ) ;
#3239 = DIRECTION ( 'NONE',  ( 0.09941544087793829920, -0.9848077530122085754, -0.1423736623188791295 ) ) ;
#3240 = ADVANCED_FACE ( 'NONE', ( #611 ), #1782, .F. ) ;
#3241 = VERTEX_POINT ( 'NONE', #3342 ) ;
#3242 = LINE ( 'NONE', #4004, #4386 ) ;
#3243 = CARTESIAN_POINT ( 'NONE',  ( 31.73184899832756045, -9.748811658621791665, 66.21434520562317516 ) ) ;
#3244 = CARTESIAN_POINT ( 'NONE',  ( 49.85551983769044426, 20.00000000000000355, 17.53475393833426921 ) ) ;
#3245 = LINE ( 'NONE', #554, #3208 ) ;
#3246 = AXIS2_PLACEMENT_3D ( 'NONE', #843, #1922, #5037 ) ;
#3247 = EDGE_LOOP ( 'NONE', ( #1102, #1300, #4227, #4523, #4287, #3145 ) ) ;
#3248 = CARTESIAN_POINT ( 'NONE',  ( 57.98498593535032342, 4.000000000000000000, 26.87032182043997608 ) ) ;
#3249 = EDGE_CURVE ( 'NONE', #4595, #4496, #3744, .T. ) ;
#3250 = PLANE ( 'NONE',  #3454 ) ;
#3251 = LINE ( 'NONE', #2018, #736 ) ;
#3252 = EDGE_LOOP ( 'NONE', ( #3023, #973, #1455, #3994 ) ) ;
#3253 = ORIENTED_EDGE ( 'NONE', *, *, #2682, .F. ) ;
#3254 = DIRECTION ( 'NONE',  ( -0.09941544087794604301, -0.9848077530122060219, 0.1423736623188903705 ) ) ;
#3255 = VECTOR ( 'NONE', #2575, 1000.000000000000000 ) ;
#3256 = LINE ( 'NONE', #572, #4936 ) ;
#3257 = ORIENTED_EDGE ( 'NONE', *, *, #126, .F. ) ;
#3258 = CARTESIAN_POINT ( 'NONE',  ( 39.93653634580832090, -7.221858483385748428, 54.46434565297388986 ) ) ;
#3259 = VECTOR ( 'NONE', #1734, 1000.000000000000114 ) ;
#3260 = ORIENTED_EDGE ( 'NONE', *, *, #1131, .T. ) ;
#3261 = VECTOR ( 'NONE', #1012, 1000.000000000000114 ) ;
#3262 = ORIENTED_EDGE ( 'NONE', *, *, #3983, .T. ) ;
#3263 = CARTESIAN_POINT ( 'NONE',  ( 37.41687615084317287, 8.999999999999449329, 56.32607930777512451 ) ) ;
#3264 = EDGE_CURVE ( 'NONE', #2892, #4859, #4940, .T. ) ;
#3265 = ADVANCED_FACE ( 'NONE', ( #3296 ), #4918, .F. ) ;
#3266 = CARTESIAN_POINT ( 'NONE',  ( 27.45388732955660060, -5.000000000000000000, 63.60738781547146914 ) ) ;
#3267 = DIRECTION ( 'NONE',  ( -0.3000856176668327269, 0.000000000000000000, 0.9539122716840976457 ) ) ;
#3268 = DIRECTION ( 'NONE',  ( 0.8198972441390307564, -0.000000000000000000, 0.5725107064965883064 ) ) ;
#3269 = ORIENTED_EDGE ( 'NONE', *, *, #4786, .T. ) ;
#3270 = DIRECTION ( 'NONE',  ( -0.1673875490687007916, -2.967983465470597663E-15, -0.9858911747331818853 ) ) ;
#3271 = CARTESIAN_POINT ( 'NONE',  ( 43.88260183911319245, 1.999999999999747535, 50.05459907929105157 ) ) ;
#3272 = EDGE_CURVE ( 'NONE', #19, #1450, #1416, .T. ) ;
#3273 = CARTESIAN_POINT ( 'NONE',  ( 49.28300913119386450, -0.1715728752537539203, 18.35465118247330096 ) ) ;
#3274 = PLANE ( 'NONE',  #2707 ) ;
#3275 = ORIENTED_EDGE ( 'NONE', *, *, #3828, .T. ) ;
#3276 = VERTEX_POINT ( 'NONE', #3769 ) ;
#3277 = PLANE ( 'NONE',  #1396 ) ;
#3278 = DIRECTION ( 'NONE',  ( -0.5725107064965883064, 0.000000000000000000, 0.8198972441390307564 ) ) ;
#3279 = FACE_OUTER_BOUND ( 'NONE', #2814, .T. ) ;
#3280 = EDGE_LOOP ( 'NONE', ( #1142, #517, #916, #5 ) ) ;
#3281 = VECTOR ( 'NONE', #2790, 1000.000000000000114 ) ;
#3282 = CARTESIAN_POINT ( 'NONE',  ( 33.30325419394167596, -4.999999999999663380, 62.21723080524225935 ) ) ;
#3283 = CARTESIAN_POINT ( 'NONE',  ( 39.55574554167338874, -5.000000000000000000, 14.00171235333667141 ) ) ;
#3284 = ORIENTED_EDGE ( 'NONE', *, *, #2561, .F. ) ;
#3285 = VECTOR ( 'NONE', #4434, 1000.000000000000000 ) ;
#3286 = ORIENTED_EDGE ( 'NONE', *, *, #4041, .F. ) ;
#3287 = LINE ( 'NONE', #4813, #4625 ) ;
#3288 = CARTESIAN_POINT ( 'NONE',  ( 55.66933546184138493, -2.376329946113915792, 31.93327594291714533 ) ) ;
#3289 = VERTEX_POINT ( 'NONE', #2487 ) ;
#3290 = DIRECTION ( 'NONE',  ( -0.09941544087794605689, -0.9848077530122060219, 0.1423736623188903982 ) ) ;
#3291 = ORIENTED_EDGE ( 'NONE', *, *, #140, .F. ) ;
#3292 = EDGE_CURVE ( 'NONE', #292, #3656, #4056, .T. ) ;
#3293 = CARTESIAN_POINT ( 'NONE',  ( 32.35699284486521066, -5.000000000000000000, 60.07899493687217074 ) ) ;
#3294 = VECTOR ( 'NONE', #204, 1000.000000000000000 ) ;
#3295 = ADVANCED_FACE ( 'NONE', ( #1344 ), #4558, .F. ) ;
#3296 = FACE_OUTER_BOUND ( 'NONE', #3722, .T. ) ;
#3297 = AXIS2_PLACEMENT_3D ( 'NONE', #514, #2753, #4315 ) ;
#3298 = CARTESIAN_POINT ( 'NONE',  ( 42.21851801737935972, 0.000000000000000000, 12.20205482400400498 ) ) ;
#3299 = FACE_OUTER_BOUND ( 'NONE', #1496, .T. ) ;
#3300 = ORIENTED_EDGE ( 'NONE', *, *, #435, .F. ) ;
#3301 = EDGE_LOOP ( 'NONE', ( #1526, #4300, #1117, #874 ) ) ;
#3302 = CARTESIAN_POINT ( 'NONE',  ( 53.29603896586921508, -5.000000000000357936, 35.33209317810887029 ) ) ;
#3303 = EDGE_CURVE ( 'NONE', #4317, #2138, #1157, .T. ) ;
#3304 = VECTOR ( 'NONE', #1779, 1000.000000000000114 ) ;
#3305 = LINE ( 'NONE', #273, #12 ) ;
#3306 = DIRECTION ( 'NONE',  ( -0.8198972441390304233, 0.000000000000000000, -0.5725107064965888615 ) ) ;
#3307 = ORIENTED_EDGE ( 'NONE', *, *, #3970, .T. ) ;
#3308 = EDGE_CURVE ( 'NONE', #3190, #759, #4637, .T. ) ;
#3309 = ORIENTED_EDGE ( 'NONE', *, *, #1514, .T. ) ;
#3310 = ORIENTED_EDGE ( 'NONE', *, *, #715, .F. ) ;
#3311 = DIRECTION ( 'NONE',  ( 0.3000856176668329489, 0.000000000000000000, -0.9539122716840975347 ) ) ;
#3312 = CYLINDRICAL_SURFACE ( 'NONE', #2837, 0.9999999999999997780 ) ;
#3313 = CARTESIAN_POINT ( 'NONE',  ( 34.66752223141360645, -5.000000000000000000, 53.27668253931969389 ) ) ;
#3314 = DIRECTION ( 'NONE',  ( 1.000000000000000000, 0.000000000000000000, 0.000000000000000000 ) ) ;
#3315 = ORIENTED_EDGE ( 'NONE', *, *, #3308, .T. ) ;
#3316 = CARTESIAN_POINT ( 'NONE',  ( 53.29978448353917031, 1.999999999999674705, 34.56897353783794102 ) ) ;
#3317 = CARTESIAN_POINT ( 'NONE',  ( 60.92527709904497613, 4.000000000000000000, 19.16612245433455541 ) ) ;
#3318 = LINE ( 'NONE', #1003, #3259 ) ;
#3319 = CARTESIAN_POINT ( 'NONE',  ( 50.59922357360269984, 1.686654356220125057E-16, 18.21638198832770428 ) ) ;
#3320 = FACE_OUTER_BOUND ( 'NONE', #792, .T. ) ;
#3321 = VERTEX_POINT ( 'NONE', #1961 ) ;
#3322 = ORIENTED_EDGE ( 'NONE', *, *, #1065, .T. ) ;
#3323 = CARTESIAN_POINT ( 'NONE',  ( 52.08390263957026889, -5.000000000000000000, 37.29348386450411823 ) ) ;
#3324 = CARTESIAN_POINT ( 'NONE',  ( 50.85543401930630836, 9.000000000000001776, 17.84946092297769837 ) ) ;
#3325 = EDGE_CURVE ( 'NONE', #2389, #210, #2280, .T. ) ;
#3326 = DIRECTION ( 'NONE',  ( -0.09941544087793845186, 0.9848077530122083534, 0.1423736623188793515 ) ) ;
#3327 = FACE_OUTER_BOUND ( 'NONE', #3215, .T. ) ;
#3328 = EDGE_LOOP ( 'NONE', ( #3034, #1444, #4344, #4161 ) ) ;
#3329 = VECTOR ( 'NONE', #2687, 1000.000000000000000 ) ;
#3330 = SECURITY_CLASSIFICATION ( '', '', #2275 ) ;
#3331 = VECTOR ( 'NONE', #2457, 1000.000000000000114 ) ;
#3332 = ORIENTED_EDGE ( 'NONE', *, *, #3952, .T. ) ;
#3333 = EDGE_CURVE ( 'NONE', #1272, #2154, #3060, .T. ) ;
#3334 = FACE_OUTER_BOUND ( 'NONE', #2241, .T. ) ;
#3335 = VECTOR ( 'NONE', #2343, 1000.000000000000114 ) ;
#3336 = LINE ( 'NONE', #2899, #454 ) ;
#3337 = DIRECTION ( 'NONE',  ( 0.5725107064965889725, -1.957506293043472886E-13, -0.8198972441390303123 ) ) ;
#3338 = VECTOR ( 'NONE', #799, 1000.000000000000000 ) ;
#3339 = CARTESIAN_POINT ( 'NONE',  ( 25.77590354105459980, 9.000000000000001776, 67.80222605933766999 ) ) ;
#3340 = ORIENTED_EDGE ( 'NONE', *, *, #3756, .T. ) ;
#3341 = LINE ( 'NONE', #128, #3849 ) ;
#3342 = CARTESIAN_POINT ( 'NONE',  ( 41.48544323937788647, 1.999999999999817479, 50.49945125413148617 ) ) ;
#3343 = CARTESIAN_POINT ( 'NONE',  ( 35.64371067355077116, -5.000000000000000888, 33.10205482400400001 ) ) ;
#3344 = CARTESIAN_POINT ( 'NONE',  ( 50.15345196258983407, 0.000000000000000000, -9.689133818806597631 ) ) ;
#3345 = ORIENTED_EDGE ( 'NONE', *, *, #2690, .T. ) ;
#3346 = ORIENTED_EDGE ( 'NONE', *, *, #234, .F. ) ;
#3347 = DIRECTION ( 'NONE',  ( -0.1673875490687017353, -0.000000000000000000, -0.9858911747331816633 ) ) ;
#3348 = VECTOR ( 'NONE', #1070, 1000.000000000000114 ) ;
#3349 = CARTESIAN_POINT ( 'NONE',  ( 55.61010706280676885, -5.000000000000000000, 31.61411404122400981 ) ) ;
#3350 = CARTESIAN_POINT ( 'NONE',  ( 35.60763676811548351, 9.000000000000001776, 60.72981997197481974 ) ) ;
#3351 = CARTESIAN_POINT ( 'NONE',  ( 55.27771507405859097, 2.496944704542271243, 32.49411868882251042 ) ) ;
#3352 = PLANE ( 'NONE',  #282 ) ;
#3353 = ORIENTED_EDGE ( 'NONE', *, *, #195, .T. ) ;
#3354 = EDGE_CURVE ( 'NONE', #1104, #788, #2610, .T. ) ;
#3355 = EDGE_CURVE ( 'NONE', #2590, #2892, #2718, .T. ) ;
#3356 = EDGE_LOOP ( 'NONE', ( #1755, #1895, #5010, #4951 ) ) ;
#3357 = EDGE_CURVE ( 'NONE', #2370, #4204, #2308, .T. ) ;
#3358 = CARTESIAN_POINT ( 'NONE',  ( 38.07846487257514667, -5.000000000000182965, 55.37861271274694275 ) ) ;
#3359 = AXIS2_PLACEMENT_3D ( 'NONE', #4924, #644, #1499 ) ;
#3360 = PLANE ( 'NONE',  #1382 ) ;
#3361 = LINE ( 'NONE', #2580, #4498 ) ;
#3362 = PERSON_AND_ORGANIZATION ( #2860, #1361 ) ;
#3363 = ORIENTED_EDGE ( 'NONE', *, *, #4941, .F. ) ;
#3364 = CARTESIAN_POINT ( 'NONE',  ( 46.09724980078333090, 15.00000000000000355, 40.40146107753545124 ) ) ;
#3365 = VECTOR ( 'NONE', #2541, 1000.000000000000114 ) ;
#3366 = CARTESIAN_POINT ( 'NONE',  ( 57.98498593535032342, 4.000000000000000000, 26.87032182043997608 ) ) ;
#3367 = EDGE_CURVE ( 'NONE', #2154, #4220, #3466, .T. ) ;
#3368 = CARTESIAN_POINT ( 'NONE',  ( 42.18698472566603641, 8.734995476864377858E-16, 12.30229286328696681 ) ) ;
#3369 = CARTESIAN_POINT ( 'NONE',  ( 57.98498593535032342, 9.000000000000001776, 26.87032182043997608 ) ) ;
#3370 = EDGE_LOOP ( 'NONE', ( #3651, #3537, #2386, #836 ) ) ;
#3371 = EDGE_LOOP ( 'NONE', ( #1863, #3688, #4192, #910 ) ) ;
#3372 = CARTESIAN_POINT ( 'NONE',  ( 38.85246832460587285, -5.000000000000000888, 22.90205482400400072 ) ) ;
#3373 = LINE ( 'NONE', #3324, #2372 ) ;
#3374 = VECTOR ( 'NONE', #4938, 1000.000000000000227 ) ;
#3375 = CARTESIAN_POINT ( 'NONE',  ( 58.06272356656202760, -3.000000000000000000, 23.26560867502971064 ) ) ;
#3376 = LINE ( 'NONE', #2166, #2303 ) ;
#3377 = DIRECTION ( 'NONE',  ( -0.1673875490687014855, -3.637305631678823733E-15, -0.9858911747331817743 ) ) ;
#3378 = CIRCLE ( 'NONE', #1168, 1.149999999999998579 ) ;
#3379 = ORIENTED_EDGE ( 'NONE', *, *, #2655, .F. ) ;
#3380 = EDGE_CURVE ( 'NONE', #2521, #4741, #1484, .T. ) ;
#3381 = VERTEX_POINT ( 'NONE', #5020 ) ;
#3382 = CARTESIAN_POINT ( 'NONE',  ( 59.28548261076690551, 9.000000000000001776, 18.02110104134137458 ) ) ;
#3383 = ADVANCED_FACE ( 'NONE', ( #4223 ), #3873, .F. ) ;
#3384 = FACE_OUTER_BOUND ( 'NONE', #3681, .T. ) ;
#3385 = LINE ( 'NONE', #4169, #3032 ) ;
#3386 = EDGE_CURVE ( 'NONE', #4539, #1403, #4609, .T. ) ;
#3387 = ORIENTED_EDGE ( 'NONE', *, *, #2854, .F. ) ;
#3388 = LINE ( 'NONE', #4963, #3374 ) ;
#3389 = DIRECTION ( 'NONE',  ( -0.1810789180022929490, -0.1227878039689817152, -0.9757733244209916279 ) ) ;
#3390 = CARTESIAN_POINT ( 'NONE',  ( 57.98498593535033052, -5.000000000000000000, 26.87032182043997963 ) ) ;
#3391 = CARTESIAN_POINT ( 'NONE',  ( 42.19208682947663647, 8.999999999999850786, 49.48746121527982211 ) ) ;
#3392 = CARTESIAN_POINT ( 'NONE',  ( 38.88361489892631795, -5.000000000000000000, 50.73216635368722649 ) ) ;
#3393 = ORIENTED_EDGE ( 'NONE', *, *, #256, .F. ) ;
#3394 = VERTEX_POINT ( 'NONE', #360 ) ;
#3395 = LINE ( 'NONE', #2668, #1651 ) ;
#3396 = EDGE_CURVE ( 'NONE', #2521, #1241, #4281, .T. ) ;
#3397 = VECTOR ( 'NONE', #4569, 999.9999999999998863 ) ;
#3398 = CARTESIAN_POINT ( 'NONE',  ( 44.45745531250526739, 15.00000000000000355, 39.25643966454227041 ) ) ;
#3399 = CARTESIAN_POINT ( 'NONE',  ( 55.36951533388896962, 1.999999999999654499, 31.69949417593161201 ) ) ;
#3400 = VERTEX_POINT ( 'NONE', #744 ) ;
#3401 = ORIENTED_EDGE ( 'NONE', *, *, #3357, .F. ) ;
#3402 = ORIENTED_EDGE ( 'NONE', *, *, #4668, .T. ) ;
#3403 = VERTEX_POINT ( 'NONE', #1933 ) ;
#3404 = LINE ( 'NONE', #3051, #249 ) ;
#3405 = DIRECTION ( 'NONE',  ( 0.09941544087794622342, 0.9848077530122059109, -0.1423736623188905925 ) ) ;
#3406 = LINE ( 'NONE', #4195, #3684 ) ;
#3407 = COORDINATED_UNIVERSAL_TIME_OFFSET ( 8, 0, .AHEAD. ) ;
#3408 = VERTEX_POINT ( 'NONE', #2337 ) ;
#3409 = DIRECTION ( 'NONE',  ( 0.000000000000000000, 1.000000000000000000, -0.000000000000000000 ) ) ;
#3410 = DIRECTION ( 'NONE',  ( -0.000000000000000000, 1.000000000000000000, 0.000000000000000000 ) ) ;
#3411 = ADVANCED_FACE ( 'NONE', ( #3493 ), #5048, .F. ) ;
#3412 = LINE ( 'NONE', #4966, #3859 ) ;
#3413 = EDGE_CURVE ( 'NONE', #2491, #81, #386, .T. ) ;
#3414 = DIRECTION ( 'NONE',  ( -0.5725107064965884174, 0.000000000000000000, 0.8198972441390306454 ) ) ;
#3415 = VERTEX_POINT ( 'NONE', #664 ) ;
#3416 = ORIENTED_EDGE ( 'NONE', *, *, #435, .T. ) ;
#3417 = CARTESIAN_POINT ( 'NONE',  ( 61.23516987727369809, 9.000000000000001776, 20.44369839863141181 ) ) ;
#3418 = CARTESIAN_POINT ( 'NONE',  ( 35.64371067355077116, 15.00000000000000355, 33.10205482400400001 ) ) ;
#3419 = DIRECTION ( 'NONE',  ( -0.09941544087794530749, -0.9848077530122062440, 0.1423736623188893158 ) ) ;
#3420 = CARTESIAN_POINT ( 'NONE',  ( 41.90958580973165937, 15.00000000000000355, 13.18408863916928375 ) ) ;
#3421 = ORIENTED_EDGE ( 'NONE', *, *, #2950, .T. ) ;
#3422 = AXIS2_PLACEMENT_3D ( 'NONE', #2816, #818, #1543 ) ;
#3423 = ORIENTED_EDGE ( 'NONE', *, *, #846, .F. ) ;
#3424 = ORIENTED_EDGE ( 'NONE', *, *, #3040, .T. ) ;
#3425 = EDGE_CURVE ( 'NONE', #2283, #3906, #3793, .T. ) ;
#3426 = VECTOR ( 'NONE', #1925, 999.9999999999998863 ) ;
#3427 = ORIENTED_EDGE ( 'NONE', *, *, #76, .F. ) ;
#3428 = CARTESIAN_POINT ( 'NONE',  ( 55.22153136680095287, 1.999999999999650058, 30.82788760802501216 ) ) ;
#3429 = DIRECTION ( 'NONE',  ( 0.9832133515137253532, -0.000000000000000000, -0.1824595993779103142 ) ) ;
#3430 = DIRECTION ( 'NONE',  ( 0.09941544087793825757, -0.9848077530122084644, -0.1423736623188791850 ) ) ;
#3431 = DATE_AND_TIME ( #5014, #610 ) ;
#3432 = ORIENTED_EDGE ( 'NONE', *, *, #1315, .F. ) ;
#3433 = LINE ( 'NONE', #608, #2133 ) ;
#3434 = CARTESIAN_POINT ( 'NONE',  ( 39.57062774672222361, 9.000000000000001776, 49.74828966072039549 ) ) ;
#3435 = DIRECTION ( 'NONE',  ( -0.8198972441390304233, -8.021673019038770576E-19, -0.5725107064965888615 ) ) ;
#3436 = AXIS2_PLACEMENT_3D ( 'NONE', #1422, #2641, #3013 ) ;
#3437 = VECTOR ( 'NONE', #4774, 1000.000000000000114 ) ;
#3438 = EDGE_CURVE ( 'NONE', #3549, #3626, #3412, .T. ) ;
#3439 = LINE ( 'NONE', #1495, #2032 ) ;
#3440 = VERTEX_POINT ( 'NONE', #3816 ) ;
#3441 = ADVANCED_FACE ( 'NONE', ( #770 ), #3139, .F. ) ;
#3442 = CARTESIAN_POINT ( 'NONE',  ( 57.28435993963802986, 1.999999999999637401, 29.62038623878296306 ) ) ;
#3443 = ORIENTED_EDGE ( 'NONE', *, *, #2124, .T. ) ;
#3444 = AXIS2_PLACEMENT_3D ( 'NONE', #5057, #1555, #833 ) ;
#3445 = PLANE ( 'NONE',  #2056 ) ;
#3446 = LINE ( 'NONE', #316, #232 ) ;
#3447 = CARTESIAN_POINT ( 'NONE',  ( 59.70251805484009111, 0.000000000000000000, 24.41063008802288792 ) ) ;
#3448 = CARTESIAN_POINT ( 'NONE',  ( 40.50713143767880808, 9.000000000000001776, 44.91373064910157353 ) ) ;
#3449 = ORIENTED_EDGE ( 'NONE', *, *, #1578, .T. ) ;
#3450 = EDGE_CURVE ( 'NONE', #1524, #1729, #1654, .T. ) ;
#3451 = EDGE_LOOP ( 'NONE', ( #4739, #3284, #2430, #3155, #1616, #2169 ) ) ;
#3452 = EDGE_LOOP ( 'NONE', ( #2150, #119, #3918, #980 ) ) ;
#3453 = VECTOR ( 'NONE', #1548, 1000.000000000000000 ) ;
#3454 = AXIS2_PLACEMENT_3D ( 'NONE', #419, #4413, #1995 ) ;
#3455 = VECTOR ( 'NONE', #1187, 1000.000000000000000 ) ;
#3456 = VERTEX_POINT ( 'NONE', #4360 ) ;
#3457 = CARTESIAN_POINT ( 'NONE',  ( 35.31501030402572638, 1.999999999999892530, 59.33617850033205343 ) ) ;
#3458 = ADVANCED_FACE ( 'NONE', ( #1153 ), #3517, .F. ) ;
#3459 = CARTESIAN_POINT ( 'NONE',  ( 57.98498593535032342, 4.000000000000000000, 26.87032182043997608 ) ) ;
#3460 = CARTESIAN_POINT ( 'NONE',  ( 24.05837142156482500, 0.000000000000000000, 70.26191779175476881 ) ) ;
#3461 = VECTOR ( 'NONE', #4392, 1000.000000000000114 ) ;
#3462 = COORDINATED_UNIVERSAL_TIME_OFFSET ( 8, 0, .AHEAD. ) ;
#3463 = ORIENTED_EDGE ( 'NONE', *, *, #1507, .T. ) ;
#3464 = DIRECTION ( 'NONE',  ( -0.8198972441390307564, 0.000000000000000000, -0.5725107064965883064 ) ) ;
#3465 = CARTESIAN_POINT ( 'NONE',  ( 41.90958580973165937, 9.000000000000001776, 13.18408863916928375 ) ) ;
#3466 = LINE ( 'NONE', #4665, #490 ) ;
#3467 = LINE ( 'NONE', #3752, #2355 ) ;
#3468 = VERTEX_POINT ( 'NONE', #14 ) ;
#3469 = CARTESIAN_POINT ( 'NONE',  ( 31.24644321549095594, -4.999999999999638511, 65.16280655397578414 ) ) ;
#3470 = ORIENTED_EDGE ( 'NONE', *, *, #2381, .T. ) ;
#3471 = LINE ( 'NONE', #1525, #3955 ) ;
#3472 = ORIENTED_EDGE ( 'NONE', *, *, #2561, .T. ) ;
#3473 = PLANE ( 'NONE',  #3436 ) ;
#3474 = CARTESIAN_POINT ( 'NONE',  ( 50.86515056763069254, 0.000000000000000000, 16.71861254503624750 ) ) ;
#3475 = CARTESIAN_POINT ( 'NONE',  ( 32.72792918136206453, 8.999999999999976907, 64.78785066544404003 ) ) ;
#3476 = CARTESIAN_POINT ( 'NONE',  ( 38.89836211671417487, -5.000000000000182965, 55.95112341924353672 ) ) ;
#3477 = ORIENTED_EDGE ( 'NONE', *, *, #3990, .T. ) ;
#3478 = ORIENTED_EDGE ( 'NONE', *, *, #937, .F. ) ;
#3479 = VERTEX_POINT ( 'NONE', #384 ) ;
#3480 = EDGE_CURVE ( 'NONE', #3456, #4683, #1630, .T. ) ;
#3481 = EDGE_CURVE ( 'NONE', #778, #4273, #4509, .T. ) ;
#3482 = VECTOR ( 'NONE', #4734, 999.9999999999998863 ) ;
#3483 = ORIENTED_EDGE ( 'NONE', *, *, #2509, .T. ) ;
#3484 = LINE ( 'NONE', #655, #2611 ) ;
#3485 = LINE ( 'NONE', #3135, #2515 ) ;
#3486 = CARTESIAN_POINT ( 'NONE',  ( 55.92436830749143439, 0.000000000000000000, 11.26979063138921333 ) ) ;
#3487 = PRODUCT_DEFINITION ( '未知', '', #2023, #1754 ) ;
#3488 = ORIENTED_EDGE ( 'NONE', *, *, #3577, .F. ) ;
#3489 = AXIS2_PLACEMENT_3D ( 'NONE', #2431, #4770, #852 ) ;
#3490 = CARTESIAN_POINT ( 'NONE',  ( 49.29334345818016772, 4.340065132669392867, 41.06438600449896370 ) ) ;
#3491 = LINE ( 'NONE', #3768, #3986 ) ;
#3492 = CARTESIAN_POINT ( 'NONE',  ( 40.50713143767880808, -5.000000000000000888, 44.91373064910157353 ) ) ;
#3493 = FACE_OUTER_BOUND ( 'NONE', #4826, .T. ) ;
#3494 = DIRECTION ( 'NONE',  ( 0.09941544087794626505, 0.9848077530122059109, -0.1423736623188906203 ) ) ;
#3495 = ORIENTED_EDGE ( 'NONE', *, *, #4698, .T. ) ;
#3496 = CYLINDRICAL_SURFACE ( 'NONE', #2266, 1.149999999999998579 ) ;
#3497 = CARTESIAN_POINT ( 'NONE',  ( 51.90527957756522426, -3.535617627131791618, 37.32381102162088382 ) ) ;
#3498 = EDGE_LOOP ( 'NONE', ( #185, #2325, #4606, #2019 ) ) ;
#3499 = LINE ( 'NONE', #2724, #2788 ) ;
#3500 = DIRECTION ( 'NONE',  ( 0.09941544087793825757, -0.9848077530122084644, -0.1423736623188791850 ) ) ;
#3501 = VECTOR ( 'NONE', #2205, 1000.000000000000114 ) ;
#3502 = CARTESIAN_POINT ( 'NONE',  ( 30.67111820291128765, -5.000000000000082601, 67.73342641417764298 ) ) ;
#3503 = CARTESIAN_POINT ( 'NONE',  ( 57.98498593535032342, 9.000000000000001776, 26.87032182043997608 ) ) ;
#3504 = ORIENTED_EDGE ( 'NONE', *, *, #1351, .T. ) ;
#3505 = VECTOR ( 'NONE', #4226, 1000.000000000000000 ) ;
#3506 = LINE ( 'NONE', #4053, #4596 ) ;
#3507 = EDGE_LOOP ( 'NONE', ( #3177, #862, #2098, #4000 ) ) ;
#3508 = ORIENTED_EDGE ( 'NONE', *, *, #967, .T. ) ;
#3509 = FACE_OUTER_BOUND ( 'NONE', #557, .T. ) ;
#3510 = ORIENTED_EDGE ( 'NONE', *, *, #1915, .F. ) ;
#3511 = EDGE_CURVE ( 'NONE', #4923, #3664, #1126, .T. ) ;
#3512 = EDGE_CURVE ( 'NONE', #3571, #3203, #2034, .T. ) ;
#3513 = CARTESIAN_POINT ( 'NONE',  ( 58.31971227740374530, 4.000000000000000000, 21.15088082443154249 ) ) ;
#3514 = CARTESIAN_POINT ( 'NONE',  ( 44.24889780792729965, -5.000000000000257572, 46.54188546654638259 ) ) ;
#3515 = ADVANCED_FACE ( 'NONE', ( #457 ), #1211, .F. ) ;
#3516 = ORIENTED_EDGE ( 'NONE', *, *, #226, .T. ) ;
#3517 = PLANE ( 'NONE',  #2529 ) ;
#3518 = DIRECTION ( 'NONE',  ( -0.9832133515137239099, 9.331520370600655015E-15, 0.1824595993779182246 ) ) ;
#3519 = DIRECTION ( 'NONE',  ( -0.1673875490687051215, 0.000000000000000000, -0.9858911747331811082 ) ) ;
#3520 = LINE ( 'NONE', #2772, #2803 ) ;
#3521 = ORIENTED_EDGE ( 'NONE', *, *, #266, .F. ) ;
#3522 = DIRECTION ( 'NONE',  ( 0.1673875490687022904, -2.270694094337561822E-15, 0.9858911747331815523 ) ) ;
#3523 = ORIENTED_EDGE ( 'NONE', *, *, #2563, .T. ) ;
#3524 = DIRECTION ( 'NONE',  ( -0.1673875490687093404, -0.000000000000000000, -0.9858911747331803310 ) ) ;
#3525 = VECTOR ( 'NONE', #735, 1000.000000000000000 ) ;
#3526 = CARTESIAN_POINT ( 'NONE',  ( 30.54581721977874054, 1.999999999999954481, 67.91287097231865744 ) ) ;
#3527 = EDGE_CURVE ( 'NONE', #2154, #2492, #3597, .T. ) ;
#3528 = AXIS2_PLACEMENT_3D ( 'NONE', #3364, #684, #4583 ) ;
#3529 = CARTESIAN_POINT ( 'NONE',  ( 22.25362095265081308, 0.000000000000000000, 69.00171235333668562 ) ) ;
#3530 = CARTESIAN_POINT ( 'NONE',  ( 44.00453325761041157, 20.00000000000000355, 6.524668922215320244 ) ) ;
#3531 = ORIENTED_EDGE ( 'NONE', *, *, #909, .F. ) ;
#3532 = CARTESIAN_POINT ( 'NONE',  ( 43.58730908619534716, -5.000000000000000000, 47.48935206157456435 ) ) ;
#3533 = ORIENTED_EDGE ( 'NONE', *, *, #3788, .T. ) ;
#3534 = ORIENTED_EDGE ( 'NONE', *, *, #3367, .T. ) ;
#3535 = CARTESIAN_POINT ( 'NONE',  ( 24.05837142156482500, 9.000000000000001776, 70.26191779175476881 ) ) ;
#3536 = DIRECTION ( 'NONE',  ( -0.8198972441390307564, 0.000000000000000000, -0.5725107064965883064 ) ) ;
#3537 = ORIENTED_EDGE ( 'NONE', *, *, #473, .T. ) ;
#3538 = AXIS2_PLACEMENT_3D ( 'NONE', #3161, #2356, #3104 ) ;
#3539 = LINE ( 'NONE', #1206, #3281 ) ;
#3540 = CIRCLE ( 'NONE', #993, 3.000000000000000888 ) ;
#3541 = DIRECTION ( 'NONE',  ( -0.5725107064965888615, 0.000000000000000000, 0.8198972441390304233 ) ) ;
#3542 = VECTOR ( 'NONE', #2105, 999.9999999999998863 ) ;
#3543 = ORIENTED_EDGE ( 'NONE', *, *, #1005, .F. ) ;
#3544 = DIRECTION ( 'NONE',  ( 0.5725107064965886394, -0.000000000000000000, -0.8198972441390305343 ) ) ;
#3545 = FACE_OUTER_BOUND ( 'NONE', #585, .T. ) ;
#3546 = ADVANCED_FACE ( 'NONE', ( #3871, #2680, #325, #1621, #379, #3132, #4688, #793, #4351, #1851 ), #4965, .F. ) ;
#3547 = EDGE_CURVE ( 'NONE', #4026, #413, #743, .T. ) ;
#3548 = DIRECTION ( 'NONE',  ( -0.8198972441390307564, 0.000000000000000000, -0.5725107064965883064 ) ) ;
#3549 = VERTEX_POINT ( 'NONE', #638 ) ;
#3550 = LINE ( 'NONE', #21, #75 ) ;
#3551 = ORIENTED_EDGE ( 'NONE', *, *, #2524, .T. ) ;
#3552 = CARTESIAN_POINT ( 'NONE',  ( 59.28548261076690551, 9.000000000000001776, 18.02110104134137458 ) ) ;
#3553 = CARTESIAN_POINT ( 'NONE',  ( 47.29171514753754479, 4.000000000000000000, -10.58939067180709337 ) ) ;
#3554 = EDGE_CURVE ( 'NONE', #4110, #3906, #4557, .T. ) ;
#3555 = CARTESIAN_POINT ( 'NONE',  ( 28.45298383470060699, 1.999999999999973133, 70.91003470287667199 ) ) ;
#3556 = CARTESIAN_POINT ( 'NONE',  ( 47.69376023017274235, 0.000000000000000000, -11.40666593829636000 ) ) ;
#3557 = ORIENTED_EDGE ( 'NONE', *, *, #4471, .T. ) ;
#3558 = CARTESIAN_POINT ( 'NONE',  ( 52.01006398445796464, 9.000000000000001776, -17.58807968802592825 ) ) ;
#3559 = EDGE_CURVE ( 'NONE', #4016, #4317, #4280, .T. ) ;
#3560 = ORIENTED_EDGE ( 'NONE', *, *, #2736, .F. ) ;
#3561 = ORIENTED_EDGE ( 'NONE', *, *, #3413, .T. ) ;
#3562 = CARTESIAN_POINT ( 'NONE',  ( 41.90958580973165937, 9.000000000000001776, 13.18408863916928375 ) ) ;
#3563 = ORIENTED_EDGE ( 'NONE', *, *, #1391, .F. ) ;
#3564 = CYLINDRICAL_SURFACE ( 'NONE', #2866, 3.000000000000000888 ) ;
#3565 = CARTESIAN_POINT ( 'NONE',  ( 25.77590354105459980, -5.000000000000000000, 67.80222605933766999 ) ) ;
#3566 = EDGE_LOOP ( 'NONE', ( #3583, #472, #4186, #1152 ) ) ;
#3567 = ORIENTED_EDGE ( 'NONE', *, *, #346, .T. ) ;
#3568 = FACE_OUTER_BOUND ( 'NONE', #3645, .T. ) ;
#3569 = CARTESIAN_POINT ( 'NONE',  ( 22.91416672600229987, 9.000000000000001776, 66.90196920633717070 ) ) ;
#3570 = CARTESIAN_POINT ( 'NONE',  ( 30.26432284678194051, 15.00000000000000355, 50.20205482400399433 ) ) ;
#3571 = VERTEX_POINT ( 'NONE', #3492 ) ;
#3572 = AXIS2_PLACEMENT_3D ( 'NONE', #3317, #4076, #1318 ) ;
#3573 = PLANE ( 'NONE',  #2595 ) ;
#3574 = ORIENTED_EDGE ( 'NONE', *, *, #4348, .F. ) ;
#3575 = EDGE_CURVE ( 'NONE', #2000, #3394, #3206, .T. ) ;
#3576 = DIRECTION ( 'NONE',  ( 0.5725107064965888615, -1.957506293043472886E-13, -0.8198972441390304233 ) ) ;
#3577 = EDGE_CURVE ( 'NONE', #1450, #3571, #5047, .T. ) ;
#3578 = VECTOR ( 'NONE', #2246, 1000.000000000000114 ) ;
#3579 = CARTESIAN_POINT ( 'NONE',  ( 53.56037554580102267, 8.999999999999998224, 26.22007348273168503 ) ) ;
#3580 = DIRECTION ( 'NONE',  ( -0.09941544087794607076, -0.9848077530122059109, 0.1423736623188903982 ) ) ;
#3581 = LINE ( 'NONE', #907, #3461 ) ;
#3582 = EDGE_LOOP ( 'NONE', ( #2341, #4652, #5032, #2623 ) ) ;
#3583 = ORIENTED_EDGE ( 'NONE', *, *, #2895, .T. ) ;
#3584 = ADVANCED_FACE ( 'NONE', ( #4664 ), #1397, .F. ) ;
#3585 = ORIENTED_EDGE ( 'NONE', *, *, #1637, .T. ) ;
#3586 = VECTOR ( 'NONE', #2040, 1000.000000000000114 ) ;
#3587 = VECTOR ( 'NONE', #1582, 999.9999999999998863 ) ;
#3588 = DIRECTION ( 'NONE',  ( 0.5725107064965886394, -0.000000000000000000, -0.8198972441390305343 ) ) ;
#3589 = CARTESIAN_POINT ( 'NONE',  ( 30.52828759525293023, 2.173648177666894110, 67.93797529032775628 ) ) ;
#3590 = ORIENTED_EDGE ( 'NONE', *, *, #2195, .T. ) ;
#3591 = CARTESIAN_POINT ( 'NONE',  ( 55.20017003407908618, -5.000011999999999901, 27.36509489572486231 ) ) ;
#3592 = EDGE_CURVE ( 'NONE', #3724, #4403, #2568, .T. ) ;
#3593 = CARTESIAN_POINT ( 'NONE',  ( 39.22996922472999870, -5.000011999999999901, 21.70205482400400143 ) ) ;
#3594 = VERTEX_POINT ( 'NONE', #1763 ) ;
#3595 = AXIS2_PLACEMENT_3D ( 'NONE', #2631, #1093, #3405 ) ;
#3596 = ORIENTED_EDGE ( 'NONE', *, *, #3481, .T. ) ;
#3597 = LINE ( 'NONE', #93, #991 ) ;
#3598 = CARTESIAN_POINT ( 'NONE',  ( 25.77590354105459980, 0.000000000000000000, 67.80222605933766999 ) ) ;
#3599 = AXIS2_PLACEMENT_3D ( 'NONE', #382, #738, #2684 ) ;
#3600 = DIRECTION ( 'NONE',  ( -0.09941544087793845186, 0.9848077530122084644, 0.1423736623188793515 ) ) ;
#3601 = ORIENTED_EDGE ( 'NONE', *, *, #4732, .F. ) ;
#3602 = VERTEX_POINT ( 'NONE', #154 ) ;
#3603 = DIRECTION ( 'NONE',  ( -0.000000000000000000, -1.000000000000000000, 0.000000000000000000 ) ) ;
#3604 = DIRECTION ( 'NONE',  ( 0.09941544087793825757, -0.9848077530122085754, -0.1423736623188792128 ) ) ;
#3605 = EDGE_CURVE ( 'NONE', #1517, #3842, #4084, .T. ) ;
#3606 = DIRECTION ( 'NONE',  ( -0.000000000000000000, -1.000000000000000000, -0.000000000000000000 ) ) ;
#3607 = DIRECTION ( 'NONE',  ( -0.5725107064965888615, 0.000000000000000000, 0.8198972441390304233 ) ) ;
#3608 = ORIENTED_EDGE ( 'NONE', *, *, #2248, .T. ) ;
#3609 = VERTEX_POINT ( 'NONE', #1324 ) ;
#3610 = ORIENTED_EDGE ( 'NONE', *, *, #4796, .T. ) ;
#3611 = EDGE_CURVE ( 'NONE', #1087, #2592, #2963, .T. ) ;
#3612 = VECTOR ( 'NONE', #1932, 1000.000000000000114 ) ;
#3613 = EDGE_CURVE ( 'NONE', #1394, #2553, #2092, .T. ) ;
#3614 = DIRECTION ( 'NONE',  ( 0.8198972441390307564, 0.000000000000000000, 0.5725107064965883064 ) ) ;
#3615 = ORIENTED_EDGE ( 'NONE', *, *, #506, .T. ) ;
#3616 = AXIS2_PLACEMENT_3D ( 'NONE', #268, #666, #4537 ) ;
#3617 = CARTESIAN_POINT ( 'NONE',  ( 48.67354798001797889, -5.000000000000000000, 36.71192347890981011 ) ) ;
#3618 = ORIENTED_EDGE ( 'NONE', *, *, #816, .F. ) ;
#3619 = ADVANCED_FACE ( 'NONE', ( #958 ), #4061, .F. ) ;
#3620 = VERTEX_POINT ( 'NONE', #2936 ) ;
#3621 = DIRECTION ( 'NONE',  ( -0.09941544087793900697, 0.9848077530122082424, 0.1423736623188801287 ) ) ;
#3622 = PLANE ( 'NONE',  #4225 ) ;
#3623 = CARTESIAN_POINT ( 'NONE',  ( 41.53970649665170356, 6.728099765772109997, 52.16843262698705530 ) ) ;
#3624 = DIRECTION ( 'NONE',  ( -0.9832133515137237989, -0.000000000000000000, 0.1824595993779190295 ) ) ;
#3625 = VECTOR ( 'NONE', #3067, 1000.000000000000114 ) ;
#3626 = VERTEX_POINT ( 'NONE', #1717 ) ;
#3627 = CARTESIAN_POINT ( 'NONE',  ( 45.65013765903244547, -5.000000000000072831, 46.28185069233245486 ) ) ;
#3628 = CARTESIAN_POINT ( 'NONE',  ( 54.53295270018089980, -5.000000000000383693, 31.81400672287876219 ) ) ;
#3629 = DIRECTION ( 'NONE',  ( -0.1810789180022942813, -0.1227878039689815626, -0.9757733244209914059 ) ) ;
#3630 = ORIENTED_EDGE ( 'NONE', *, *, #464, .T. ) ;
#3631 = AXIS2_PLACEMENT_3D ( 'NONE', #396, #4650, #5030 ) ;
#3632 = ORIENTED_EDGE ( 'NONE', *, *, #3678, .T. ) ;
#3633 = CYLINDRICAL_SURFACE ( 'NONE', #501, 1.149999999999998579 ) ;
#3634 = PLANE ( 'NONE',  #3974 ) ;
#3635 = ORIENTED_EDGE ( 'NONE', *, *, #3527, .T. ) ;
#3636 = ADVANCED_FACE ( 'NONE', ( #4440 ), #4877, .F. ) ;
#3637 = EDGE_CURVE ( 'NONE', #3670, #1721, #4853, .T. ) ;
#3638 = CARTESIAN_POINT ( 'NONE',  ( 33.30325419394173991, -5.000000000000000000, 62.21723080524218119 ) ) ;
#3639 = ORIENTED_EDGE ( 'NONE', *, *, #4382, .F. ) ;
#3640 = ORIENTED_EDGE ( 'NONE', *, *, #882, .F. ) ;
#3641 = VECTOR ( 'NONE', #4063, 1000.000000000000114 ) ;
#3642 = ADVANCED_FACE ( 'NONE', ( #595 ), #2859, .F. ) ;
#3643 = CARTESIAN_POINT ( 'NONE',  ( 41.90958580973165937, 9.000000000000001776, 13.18408863916928375 ) ) ;
#3644 = FACE_OUTER_BOUND ( 'NONE', #2506, .T. ) ;
#3645 = EDGE_LOOP ( 'NONE', ( #4905, #654, #4310, #4746 ) ) ;
#3646 = DIRECTION ( 'NONE',  ( 0.5725107064965886394, -0.000000000000000000, -0.8198972441390305343 ) ) ;
#3647 = CARTESIAN_POINT ( 'NONE',  ( 55.22754896118737378, 1.999999999999659606, 32.56596198751639548 ) ) ;
#3648 = CARTESIAN_POINT ( 'NONE',  ( 43.30897184230171604, 6.183185560796524705, 49.63465332017547382 ) ) ;
#3649 = CARTESIAN_POINT ( 'NONE',  ( 31.40421120438305280, 9.000000000000001776, 57.95009683091215891 ) ) ;
#3650 = ORIENTED_EDGE ( 'NONE', *, *, #2313, .T. ) ;
#3651 = ORIENTED_EDGE ( 'NONE', *, *, #4933, .T. ) ;
#3652 = CARTESIAN_POINT ( 'NONE',  ( 51.76949813163148661, 1.999999999999692024, 35.77157251046386932 ) ) ;
#3653 = VECTOR ( 'NONE', #148, 1000.000000000000114 ) ;
#3654 = CARTESIAN_POINT ( 'NONE',  ( 52.01006398445796464, 4.000000000000000000, -17.58807968802592825 ) ) ;
#3655 = CARTESIAN_POINT ( 'NONE',  ( 63.38496883146206784, 1.604334603807752189E-18, 20.88365457382432311 ) ) ;
#3656 = VERTEX_POINT ( 'NONE', #2162 ) ;
#3657 = ADVANCED_BREP_SHAPE_REPRESENTATION ( '柔性夹爪指尖2', ( #4446, #696 ), #868 ) ;
#3658 = ADVANCED_FACE ( 'NONE', ( #3677 ), #3277, .F. ) ;
#3659 = DIRECTION ( 'NONE',  ( -0.5725107064965884174, 0.000000000000000000, 0.8198972441390306454 ) ) ;
#3660 = ADVANCED_FACE ( 'NONE', ( #934 ), #202, .F. ) ;
#3661 = VECTOR ( 'NONE', #686, 999.9999999999998863 ) ;
#3662 = ORIENTED_EDGE ( 'NONE', *, *, #252, .T. ) ;
#3663 = AXIS2_PLACEMENT_3D ( 'NONE', #311, #4284, #1965 ) ;
#3664 = VERTEX_POINT ( 'NONE', #2114 ) ;
#3665 = CARTESIAN_POINT ( 'NONE',  ( 51.67975438458909565, -3.605076898198565694, 37.64678748670145580 ) ) ;
#3666 = LINE ( 'NONE', #582, #2422 ) ;
#3667 = EDGE_LOOP ( 'NONE', ( #22, #1510, #139, #2294 ) ) ;
#3668 = EDGE_CURVE ( 'NONE', #4530, #4204, #518, .T. ) ;
#3669 = PLANE ( 'NONE',  #4358 ) ;
#3670 = VERTEX_POINT ( 'NONE', #4466 ) ;
#3671 = LINE ( 'NONE', #927, #3037 ) ;
#3672 = FACE_OUTER_BOUND ( 'NONE', #1307, .T. ) ;
#3673 = DIRECTION ( 'NONE',  ( -0.8198972441390306454, 0.000000000000000000, -0.5725107064965884174 ) ) ;
#3674 = CARTESIAN_POINT ( 'NONE',  ( 53.16472038835023994, 1.999999999999675149, 33.77346335675853339 ) ) ;
#3675 = ORIENTED_EDGE ( 'NONE', *, *, #3547, .T. ) ;
#3676 = VERTEX_POINT ( 'NONE', #3652 ) ;
#3677 = FACE_OUTER_BOUND ( 'NONE', #3507, .T. ) ;
#3678 = EDGE_CURVE ( 'NONE', #3415, #1910, #2514, .T. ) ;
#3679 = DIRECTION ( 'NONE',  ( 0.000000000000000000, 1.000000000000000000, -0.000000000000000000 ) ) ;
#3680 = LINE ( 'NONE', #3207, #1694 ) ;
#3681 = EDGE_LOOP ( 'NONE', ( #1920, #1749, #4759, #1667, #2121, #55, #2534, #3026, #2908, #3309, #3640, #4795, #168, #711, #2729 ) ) ;
#3682 = AXIS2_PLACEMENT_3D ( 'NONE', #3760, #2652, #4984 ) ;
#3683 = AXIS2_PLACEMENT_3D ( 'NONE', #287, #4252, #3084 ) ;
#3684 = VECTOR ( 'NONE', #1043, 1000.000000000000227 ) ;
#3685 = DIRECTION ( 'NONE',  ( 0.1673875490687098677, -0.000000000000000000, 0.9858911747331802200 ) ) ;
#3686 = ORIENTED_EDGE ( 'NONE', *, *, #4973, .T. ) ;
#3687 = VECTOR ( 'NONE', #1075, 1000.000000000000114 ) ;
#3688 = ORIENTED_EDGE ( 'NONE', *, *, #3922, .F. ) ;
#3689 = FACE_OUTER_BOUND ( 'NONE', #4996, .T. ) ;
#3690 = FACE_OUTER_BOUND ( 'NONE', #3566, .T. ) ;
#3691 = DIRECTION ( 'NONE',  ( 0.5725107064965888615, 0.000000000000000000, -0.8198972441390304233 ) ) ;
#3692 = ORIENTED_EDGE ( 'NONE', *, *, #2449, .F. ) ;
#3693 = CARTESIAN_POINT ( 'NONE',  ( 43.54225421782860650, 1.999999999999792388, 47.55387550539795427 ) ) ;
#3694 = EDGE_CURVE ( 'NONE', #3289, #4408, #3703, .T. ) ;
#3695 = DIRECTION ( 'NONE',  ( 0.000000000000000000, 1.000000000000000000, -0.000000000000000000 ) ) ;
#3696 = EDGE_CURVE ( 'NONE', #331, #3979, #4900, .T. ) ;
#3697 = VECTOR ( 'NONE', #1320, 1000.000000000000114 ) ;
#3698 = VECTOR ( 'NONE', #3932, 1000.000000000000000 ) ;
#3699 = PLANE ( 'NONE',  #1251 ) ;
#3700 = LINE ( 'NONE', #1393, #987 ) ;
#3701 = VERTEX_POINT ( 'NONE', #4616 ) ;
#3702 = ORIENTED_EDGE ( 'NONE', *, *, #1158, .T. ) ;
#3703 = LINE ( 'NONE', #3323, #565 ) ;
#3704 = VECTOR ( 'NONE', #4817, 1000.000000000000000 ) ;
#3705 = DIRECTION ( 'NONE',  ( -0.09941544087793792450, 0.9848077530122085754, 0.1423736623188785744 ) ) ;
#3706 = CARTESIAN_POINT ( 'NONE',  ( 51.64190773837225379, 3.000000000000000000, -10.04242163046204617 ) ) ;
#3707 = VECTOR ( 'NONE', #1887, 1000.000000000000114 ) ;
#3708 = ADVANCED_FACE ( 'NONE', ( #723 ), #3473, .F. ) ;
#3709 = DIRECTION ( 'NONE',  ( 0.5725107064965888615, 0.000000000000000000, -0.8198972441390304233 ) ) ;
#3710 = VERTEX_POINT ( 'NONE', #3417 ) ;
#3711 = ORIENTED_EDGE ( 'NONE', *, *, #1795, .F. ) ;
#3712 = EDGE_LOOP ( 'NONE', ( #3933, #496, #4728, #4709 ) ) ;
#3713 = PLANE ( 'NONE',  #2918 ) ;
#3714 = DIRECTION ( 'NONE',  ( 0.5725107064966021841, 0.000000000000000000, -0.8198972441390210975 ) ) ;
#3715 = APPROVAL_ROLE ( '' ) ;
#3716 = VERTEX_POINT ( 'NONE', #3065 ) ;
#3717 = CARTESIAN_POINT ( 'NONE',  ( 34.65943917668019481, 1.999999999999904299, 62.02171947485160075 ) ) ;
#3718 = DIRECTION ( 'NONE',  ( -0.1810789180022955580, 0.1227878039689716538, -0.9757733244209925161 ) ) ;
#3719 = EDGE_CURVE ( 'NONE', #2576, #1679, #2212, .T. ) ;
#3720 = CARTESIAN_POINT ( 'NONE',  ( 57.98498593535032342, 4.000000000000000000, 26.87032182043997608 ) ) ;
#3721 = DIRECTION ( 'NONE',  ( 0.5725107064965889725, -1.957506293043472886E-13, -0.8198972441390303123 ) ) ;
#3722 = EDGE_LOOP ( 'NONE', ( #1298, #1008, #5006, #1106 ) ) ;
#3723 = EDGE_CURVE ( 'NONE', #3795, #1066, #293, .T. ) ;
#3724 = VERTEX_POINT ( 'NONE', #752 ) ;
#3725 = DIRECTION ( 'NONE',  ( -0.09941544087794530749, -0.9848077530122062440, 0.1423736623188893158 ) ) ;
#3726 = DIRECTION ( 'NONE',  ( 0.09941544087793829920, -0.9848077530122085754, -0.1423736623188791295 ) ) ;
#3727 = DIRECTION ( 'NONE',  ( 0.09941544087794625117, 0.9848077530122059109, -0.1423736623188905925 ) ) ;
#3728 = FACE_OUTER_BOUND ( 'NONE', #3103, .T. ) ;
#3729 = DIRECTION ( 'NONE',  ( 0.000000000000000000, -1.000000000000000000, 0.000000000000000000 ) ) ;
#3730 = ADVANCED_FACE ( 'NONE', ( #5027 ), #3445, .F. ) ;
#3731 = ORIENTED_EDGE ( 'NONE', *, *, #4019, .F. ) ;
#3732 = AXIS2_PLACEMENT_3D ( 'NONE', #3059, #3410, #1127 ) ;
#3733 = EDGE_CURVE ( 'NONE', #4324, #4722, #3395, .T. ) ;
#3734 = ORIENTED_EDGE ( 'NONE', *, *, #3158, .T. ) ;
#3735 = ADVANCED_FACE ( 'NONE', ( #4540 ), #4997, .T. ) ;
#3736 = LINE ( 'NONE', #1408, #2421 ) ;
#3737 = AXIS2_PLACEMENT_3D ( 'NONE', #1829, #2931, #4102 ) ;
#3738 = CARTESIAN_POINT ( 'NONE',  ( 41.90958580973166647, 9.000000000000001776, 13.18408863916929086 ) ) ;
#3739 = CARTESIAN_POINT ( 'NONE',  ( 51.93685900704853253, 15.00000000000000355, 32.03850918731733799 ) ) ;
#3740 = AXIS2_PLACEMENT_3D ( 'NONE', #961, #2517, #4086 ) ;
#3741 = APPROVAL_DATE_TIME ( #4148, #2957 ) ;
#3742 = ORIENTED_EDGE ( 'NONE', *, *, #3923, .F. ) ;
#3743 = PLANE ( 'NONE',  #32 ) ;
#3744 = LINE ( 'NONE', #1390, #5049 ) ;
#3745 = CARTESIAN_POINT ( 'NONE',  ( 31.24644321549101278, 8.999999999999523936, 65.16280655397569888 ) ) ;
#3746 = LINE ( 'NONE', #1443, #1148 ) ;
#3747 = ORIENTED_EDGE ( 'NONE', *, *, #2603, .F. ) ;
#3748 = ORIENTED_EDGE ( 'NONE', *, *, #883, .F. ) ;
#3749 = DIRECTION ( 'NONE',  ( -0.9784308844114449899, 0.1227878039689796474, 0.1661209186897094625 ) ) ;
#3750 = CARTESIAN_POINT ( 'NONE',  ( 35.94695526855601742, -8.450605435470398774, 60.17785719675822520 ) ) ;
#3751 = ADVANCED_FACE ( 'NONE', ( #1834 ), #4232, .F. ) ;
#3752 = CARTESIAN_POINT ( 'NONE',  ( 50.41933074327951658, 8.999999999999749534, 37.70515822034573006 ) ) ;
#3753 = LINE ( 'NONE', #1815, #4592 ) ;
#3754 = CARTESIAN_POINT ( 'NONE',  ( 43.58730908619527611, -4.999999999999789502, 47.48935206157464251 ) ) ;
#3755 = EDGE_LOOP ( 'NONE', ( #4643, #3092, #1248, #146 ) ) ;
#3756 = EDGE_CURVE ( 'NONE', #4741, #4621, #4089, .T. ) ;
#3757 = ADVANCED_FACE ( 'NONE', ( #4566 ), #4205, .T. ) ;
#3758 = ORIENTED_EDGE ( 'NONE', *, *, #4879, .T. ) ;
#3759 = VECTOR ( 'NONE', #1600, 1000.000000000000114 ) ;
#3760 = CARTESIAN_POINT ( 'NONE',  ( 57.27250561268466811, 1.882571228499829941, 29.63736291693044933 ) ) ;
#3761 = AXIS2_PLACEMENT_3D ( 'NONE', #4262, #1446, #3823 ) ;
#3762 = LINE ( 'NONE', #4217, #545 ) ;
#3763 = LINE ( 'NONE', #681, #4750 ) ;
#3764 = EDGE_CURVE ( 'NONE', #4451, #932, #2594, .T. ) ;
#3765 = DIRECTION ( 'NONE',  ( 0.5725107064965851977, 0.000000000000000000, -0.8198972441390329768 ) ) ;
#3766 = VERTEX_POINT ( 'NONE', #670 ) ;
#3767 = CARTESIAN_POINT ( 'NONE',  ( 48.20260894065064861, 4.000000000000000000, -12.13539231960294984 ) ) ;
#3768 = CARTESIAN_POINT ( 'NONE',  ( 53.29603896586927192, 8.999999999999724665, 35.33209317810879924 ) ) ;
#3769 = CARTESIAN_POINT ( 'NONE',  ( 31.67995122224742133, 9.000000000000001776, 45.70205482400400143 ) ) ;
#3770 = LINE ( 'NONE', #1442, #1329 ) ;
#3771 = LINE ( 'NONE', #199, #4501 ) ;
#3772 = EDGE_LOOP ( 'NONE', ( #4554, #616, #2479, #2305 ) ) ;
#3773 = CARTESIAN_POINT ( 'NONE',  ( 31.40421120438305280, -5.000000000000000000, 57.95009683091215891 ) ) ;
#3774 = VERTEX_POINT ( 'NONE', #3372 ) ;
#3775 = CARTESIAN_POINT ( 'NONE',  ( 29.85122095877225945, -5.000000000000082601, 67.16091570768104191 ) ) ;
#3776 = PLANE ( 'NONE',  #2878 ) ;
#3777 = VECTOR ( 'NONE', #1448, 1000.000000000000000 ) ;
#3778 = CARTESIAN_POINT ( 'NONE',  ( 33.81997297806194069, -5.000000000000000000, 63.86053192485341157 ) ) ;
#3779 = VECTOR ( 'NONE', #1172, 1000.000000000000114 ) ;
#3780 = ORIENTED_EDGE ( 'NONE', *, *, #464, .F. ) ;
#3781 = DIRECTION ( 'NONE',  ( 0.5725107064965888615, 0.000000000000000000, -0.8198972441390304233 ) ) ;
#3782 = EDGE_LOOP ( 'NONE', ( #3275, #1080, #3630, #4929 ) ) ;
#3783 = ADVANCED_FACE ( 'NONE', ( #1911 ), #1527, .F. ) ;
#3784 = ADVANCED_FACE ( 'NONE', ( #2237 ), #314, .T. ) ;
#3785 = CARTESIAN_POINT ( 'NONE',  ( 50.29706451877046902, 9.000000000000001776, 30.89348777432415716 ) ) ;
#3786 = CARTESIAN_POINT ( 'NONE',  ( 60.92527709904497613, 0.000000000000000000, 19.16612245433455541 ) ) ;
#3787 = DIRECTION ( 'NONE',  ( -0.000000000000000000, 1.000000000000000000, 0.000000000000000000 ) ) ;
#3788 = EDGE_CURVE ( 'NONE', #1907, #4342, #3093, .T. ) ;
#3789 = DIRECTION ( 'NONE',  ( 0.000000000000000000, 0.000000000000000000, 1.000000000000000000 ) ) ;
#3790 = ORIENTED_EDGE ( 'NONE', *, *, #729, .F. ) ;
#3791 = CARTESIAN_POINT ( 'NONE',  ( 57.98498593535032342, 4.000000000000000000, 26.87032182043997608 ) ) ;
#3792 = PLANE ( 'NONE',  #2344 ) ;
#3793 = LINE ( 'NONE', #1853, #3219 ) ;
#3794 = FACE_OUTER_BOUND ( 'NONE', #1275, .T. ) ;
#3795 = VERTEX_POINT ( 'NONE', #1882 ) ;
#3796 = EDGE_CURVE ( 'NONE', #1702, #1427, #1136, .T. ) ;
#3797 = CARTESIAN_POINT ( 'NONE',  ( 57.98498593535032342, 9.000000000000001776, 26.87032182043997608 ) ) ;
#3798 = ORIENTED_EDGE ( 'NONE', *, *, #444, .T. ) ;
#3799 = CARTESIAN_POINT ( 'NONE',  ( 48.67354798001797889, 15.00000000000000355, 36.71192347890981011 ) ) ;
#3800 = AXIS2_PLACEMENT_3D ( 'NONE', #3655, #890, #4399 ) ;
#3801 = CARTESIAN_POINT ( 'NONE',  ( 54.53295270018089980, -5.000000000000383693, 31.81400672287876219 ) ) ;
#3802 = LINE ( 'NONE', #1502, #4027 ) ;
#3803 = FACE_OUTER_BOUND ( 'NONE', #3100, .T. ) ;
#3804 = VERTEX_POINT ( 'NONE', #1216 ) ;
#3805 = ORIENTED_EDGE ( 'NONE', *, *, #4290, .F. ) ;
#3806 = ORIENTED_EDGE ( 'NONE', *, *, #3205, .F. ) ;
#3807 = ORIENTED_EDGE ( 'NONE', *, *, #3012, .F. ) ;
#3808 = LOCAL_TIME ( 11, 2, 28.00000000000000000, #2951 ) ;
#3809 = ADVANCED_FACE ( 'NONE', ( #3197 ), #880, .F. ) ;
#3810 = EDGE_CURVE ( 'NONE', #3979, #3774, #2805, .T. ) ;
#3811 = PLANE ( 'NONE',  #3595 ) ;
#3812 = PLANE ( 'NONE',  #550 ) ;
#3813 = ORIENTED_EDGE ( 'NONE', *, *, #1982, .T. ) ;
#3814 = LINE ( 'NONE', #305, #4339 ) ;
#3815 = DIRECTION ( 'NONE',  ( 0.5725107064965888615, 0.000000000000000000, -0.8198972441390304233 ) ) ;
#3816 = CARTESIAN_POINT ( 'NONE',  ( 45.64412006464606009, 8.999999999999348077, 44.54377631284103956 ) ) ;
#3817 = VECTOR ( 'NONE', #4338, 1000.000000000000000 ) ;
#3818 = VECTOR ( 'NONE', #4881, 1000.000000000000000 ) ;
#3819 = EDGE_CURVE ( 'NONE', #4893, #533, #4699, .T. ) ;
#3820 = CARTESIAN_POINT ( 'NONE',  ( 55.92436830749143439, 3.000000000000000000, 11.26979063138921333 ) ) ;
#3821 = VERTEX_POINT ( 'NONE', #1268 ) ;
#3822 = EDGE_LOOP ( 'NONE', ( #2234, #3291, #3927, #4970 ) ) ;
#3823 = DIRECTION ( 'NONE',  ( -0.09941544087794605689, -0.9848077530122059109, 0.1423736623188903705 ) ) ;
#3824 = LINE ( 'NONE', #1884, #2671 ) ;
#3825 = CARTESIAN_POINT ( 'NONE',  ( 48.36251976482879655, 8.999999999999776179, 40.65073396907925485 ) ) ;
#3826 = ORIENTED_EDGE ( 'NONE', *, *, #4648, .T. ) ;
#3827 = VECTOR ( 'NONE', #3685, 1000.000000000000114 ) ;
#3828 = EDGE_CURVE ( 'NONE', #4491, #4403, #2749, .T. ) ;
#3829 = VERTEX_POINT ( 'NONE', #3148 ) ;
#3830 = ORIENTED_EDGE ( 'NONE', *, *, #3696, .F. ) ;
#3831 = VECTOR ( 'NONE', #2712, 1000.000000000000114 ) ;
#3832 = ORIENTED_EDGE ( 'NONE', *, *, #1652, .T. ) ;
#3833 = DIRECTION ( 'NONE',  ( 0.09941544087793829920, -0.9848077530122084644, -0.1423736623188791295 ) ) ;
#3834 = PLANE ( 'NONE',  #3599 ) ;
#3835 = DATE_TIME_ROLE ( 'classification_date' ) ;
#3836 = ORIENTED_EDGE ( 'NONE', *, *, #3954, .T. ) ;
#3837 = CARTESIAN_POINT ( 'NONE',  ( 51.93685900704853253, -5.000000000000000000, 32.03850918731733799 ) ) ;
#3838 = CARTESIAN_POINT ( 'NONE',  ( 52.47614172173017977, -5.000000000000357936, 34.75958247161229053 ) ) ;
#3839 = CARTESIAN_POINT ( 'NONE',  ( 56.58976367863157009, -5.000000000000363265, 28.86843097414531201 ) ) ;
#3840 = PRODUCT ( '柔性夹爪指尖2', '柔性夹爪指尖2', '', ( #2927 ) ) ;
#3841 = DIRECTION ( 'NONE',  ( 0.09941544087793748041, -0.9848077530122086864, -0.1423736623188780748 ) ) ;
#3842 = VERTEX_POINT ( 'NONE', #465 ) ;
#3843 = AXIS2_PLACEMENT_3D ( 'NONE', #462, #2874, #3691 ) ;
#3844 = CARTESIAN_POINT ( 'NONE',  ( 54.10991861562185079, 8.999999999999447553, 34.16652950511404896 ) ) ;
#3845 = EDGE_LOOP ( 'NONE', ( #2139, #3201, #2242, #1341, #2943, #3857 ) ) ;
#3846 = DIRECTION ( 'NONE',  ( -0.9832133515137241320, -0.000000000000000000, 0.1824595993779170866 ) ) ;
#3847 = VERTEX_POINT ( 'NONE', #3988 ) ;
#3848 = EDGE_CURVE ( 'NONE', #4402, #1086, #1192, .T. ) ;
#3849 = VECTOR ( 'NONE', #4894, 1000.000000000000000 ) ;
#3850 = VECTOR ( 'NONE', #1007, 1000.000000000000000 ) ;
#3851 = CARTESIAN_POINT ( 'NONE',  ( 41.70580169145831917, -6.676944278410208433, 51.93056634616232969 ) ) ;
#3852 = ADVANCED_FACE ( 'NONE', ( #3880 ), #1165, .F. ) ;
#3853 = CARTESIAN_POINT ( 'NONE',  ( 22.25362095265081308, 0.000000000000000000, 69.00171235333668562 ) ) ;
#3854 = LINE ( 'NONE', #347, #1818 ) ;
#3855 = PLANE ( 'NONE',  #1676 ) ;
#3856 = ORIENTED_EDGE ( 'NONE', *, *, #4559, .T. ) ;
#3857 = ORIENTED_EDGE ( 'NONE', *, *, #252, .F. ) ;
#3858 = VERTEX_POINT ( 'NONE', #1940 ) ;
#3859 = VECTOR ( 'NONE', #1464, 1000.000000000000000 ) ;
#3860 = LINE ( 'NONE', #4956, #695 ) ;
#3861 = VECTOR ( 'NONE', #2863, 1000.000000000000114 ) ;
#3862 = VECTOR ( 'NONE', #2800, 1000.000000000000114 ) ;
#3863 = CARTESIAN_POINT ( 'NONE',  ( 39.55574554167338874, -3.000000000000000000, 14.00171235333667141 ) ) ;
#3864 = ORIENTED_EDGE ( 'NONE', *, *, #4971, .F. ) ;
#3865 = CARTESIAN_POINT ( 'NONE',  ( 29.78069466563056622, 9.000000000000001776, 63.76853253549780476 ) ) ;
#3866 = DIRECTION ( 'NONE',  ( -0.9539122716840975347, 0.000000000000000000, -0.3000856176668329489 ) ) ;
#3867 = CARTESIAN_POINT ( 'NONE',  ( 26.67806429560271653, -5.000000000000000888, 61.60205482400398580 ) ) ;
#3868 = VECTOR ( 'NONE', #442, 1000.000000000000000 ) ;
#3869 = APPROVAL_STATUS ( 'not_yet_approved' ) ;
#3870 = EDGE_LOOP ( 'NONE', ( #3960, #1750, #2621, #3118 ) ) ;
#3871 = FACE_BOUND ( 'NONE', #2832, .T. ) ;
#3872 = CARTESIAN_POINT ( 'NONE',  ( 49.28300913119386450, -0.1715728752537539203, 18.35465118247330096 ) ) ;
#3873 = PLANE ( 'NONE',  #3683 ) ;
#3874 = CARTESIAN_POINT ( 'NONE',  ( 49.18241700896777502, -5.000000000000308198, 41.22324467557591987 ) ) ;
#3875 = ORIENTED_EDGE ( 'NONE', *, *, #5009, .F. ) ;
#3876 = CARTESIAN_POINT ( 'NONE',  ( 41.93132688443446909, -6.607485007343423256, 51.60758988108172929 ) ) ;
#3877 = EDGE_LOOP ( 'NONE', ( #2952, #4375, #563, #1250 ) ) ;
#3878 = DIRECTION ( 'NONE',  ( -0.09941544087794605689, -0.9848077530122060219, 0.1423736623188903982 ) ) ;
#3879 = ORIENTED_EDGE ( 'NONE', *, *, #374, .T. ) ;
#3880 = FACE_OUTER_BOUND ( 'NONE', #4980, .T. ) ;
#3881 = DIRECTION ( 'NONE',  ( 0.5725107064965888615, -0.000000000000000000, -0.8198972441390304233 ) ) ;
#3882 = EDGE_CURVE ( 'NONE', #2892, #703, #1635, .T. ) ;
#3883 = EDGE_CURVE ( 'NONE', #3156, #3774, #2039, .T. ) ;
#3884 = CARTESIAN_POINT ( 'NONE',  ( 43.38105236260994957, 0.000000000000000000, 8.506590220295773719 ) ) ;
#3885 = DIRECTION ( 'NONE',  ( -0.8198972441390303123, -3.218045588101392702E-17, -0.5725107064965889725 ) ) ;
#3886 = ORIENTED_EDGE ( 'NONE', *, *, #1190, .F. ) ;
#3887 = CARTESIAN_POINT ( 'NONE',  ( 41.90958580973165937, -5.000000000000000000, 13.18408863916928375 ) ) ;
#3888 = VERTEX_POINT ( 'NONE', #4313 ) ;
#3889 = EDGE_LOOP ( 'NONE', ( #3008, #3216, #4703, #1889, #4899, #2639 ) ) ;
#3890 = DIRECTION ( 'NONE',  ( -0.9832133515137236879, -0.000000000000000000, 0.1824595993779192238 ) ) ;
#3891 = AXIS2_PLACEMENT_3D ( 'NONE', #1536, #2116, #4374 ) ;
#3892 = ADVANCED_FACE ( 'NONE', ( #48 ), #858, .T. ) ;
#3893 = ORIENTED_EDGE ( 'NONE', *, *, #5040, .T. ) ;
#3894 = LINE ( 'NONE', #4830, #3131 ) ;
#3895 = AXIS2_PLACEMENT_3D ( 'NONE', #2557, #4506, #238 ) ;
#3896 = LINE ( 'NONE', #3975, #4891 ) ;
#3897 = LINE ( 'NONE', #3054, #88 ) ;
#3898 = PERSON_AND_ORGANIZATION_ROLE ( 'classification_officer' ) ;
#3899 = EDGE_CURVE ( 'NONE', #1678, #4451, #2415, .T. ) ;
#3900 = VERTEX_POINT ( 'NONE', #2390 ) ;
#3901 = VECTOR ( 'NONE', #1343, 999.9999999999998863 ) ;
#3902 = CARTESIAN_POINT ( 'NONE',  ( 50.66230067306774743, 4.000000000000000000, -10.41786020011318392 ) ) ;
#3903 = DIRECTION ( 'NONE',  ( 0.5725107064965886394, -0.000000000000000000, -0.8198972441390305343 ) ) ;
#3904 = DIRECTION ( 'NONE',  ( 0.5725107064965888615, 0.000000000000000000, -0.8198972441390304233 ) ) ;
#3905 = FACE_OUTER_BOUND ( 'NONE', #2265, .T. ) ;
#3906 = VERTEX_POINT ( 'NONE', #416 ) ;
#3907 = CARTESIAN_POINT ( 'NONE',  ( 30.71719835658715070, 15.00000000000000355, 58.93397352387899701 ) ) ;
#3908 = ORIENTED_EDGE ( 'NONE', *, *, #4041, .T. ) ;
#3909 = CARTESIAN_POINT ( 'NONE',  ( 54.23521442126374836, 9.000000000000001776, 34.90450571481807174 ) ) ;
#3910 = DIRECTION ( 'NONE',  ( 0.000000000000000000, -1.000000000000000000, 0.000000000000000000 ) ) ;
#3911 = AXIS2_PLACEMENT_3D ( 'NONE', #1048, #3435, #1520 ) ;
#3912 = LINE ( 'NONE', #1058, #3625 ) ;
#3913 = FACE_OUTER_BOUND ( 'NONE', #3356, .T. ) ;
#3914 = VERTEX_POINT ( 'NONE', #3173 ) ;
#3915 = VECTOR ( 'NONE', #1576, 1000.000000000000000 ) ;
#3916 = LINE ( 'NONE', #167, #4032 ) ;
#3917 = EDGE_LOOP ( 'NONE', ( #2804, #4108, #1974, #2876 ) ) ;
#3918 = ORIENTED_EDGE ( 'NONE', *, *, #1743, .T. ) ;
#3919 = EDGE_CURVE ( 'NONE', #4231, #1678, #3499, .T. ) ;
#3920 = DIRECTION ( 'NONE',  ( 0.000000000000000000, -1.000000000000000000, 0.000000000000000000 ) ) ;
#3921 = ORIENTED_EDGE ( 'NONE', *, *, #4290, .T. ) ;
#3922 = EDGE_CURVE ( 'NONE', #2900, #399, #4388, .T. ) ;
#3923 = EDGE_CURVE ( 'NONE', #1803, #1880, #99, .T. ) ;
#3924 = CARTESIAN_POINT ( 'NONE',  ( 47.03375349173990827, 15.00000000000000355, 35.56690206591662928 ) ) ;
#3925 = LINE ( 'NONE', #4275, #4071 ) ;
#3926 = CARTESIAN_POINT ( 'NONE',  ( 45.59906519627932653, 1.999999999999767075, 44.60829975666444369 ) ) ;
#3927 = ORIENTED_EDGE ( 'NONE', *, *, #1921, .F. ) ;
#3928 = DIRECTION ( 'NONE',  ( -0.8198972441390307564, 0.000000000000000000, -0.5725107064965883064 ) ) ;
#3929 = CARTESIAN_POINT ( 'NONE',  ( 31.23493118535167312, 8.826351822333061037, 66.92598525147610644 ) ) ;
#3930 = CARTESIAN_POINT ( 'NONE',  ( 42.83393877375277725, 15.00000000000000355, 45.07487536912792336 ) ) ;
#3931 = ADVANCED_FACE ( 'NONE', ( #4336 ), #3226, .F. ) ;
#3932 = DIRECTION ( 'NONE',  ( -0.09941544087794530749, -0.9848077530122062440, 0.1423736623188893158 ) ) ;
#3933 = ORIENTED_EDGE ( 'NONE', *, *, #2912, .F. ) ;
#3934 = CARTESIAN_POINT ( 'NONE',  ( 41.53049810774456319, -4.999999999999763745, 50.43492781030816730 ) ) ;
#3935 = VERTEX_POINT ( 'NONE', #2015 ) ;
#3936 = CARTESIAN_POINT ( 'NONE',  ( 40.95517309516488780, -5.000000000000207834, 53.00554767051001903 ) ) ;
#3937 = VECTOR ( 'NONE', #4244, 1000.000000000000000 ) ;
#3938 = DIRECTION ( 'NONE',  ( 0.000000000000000000, 1.000000000000000000, -0.000000000000000000 ) ) ;
#3939 =( BOUNDED_CURVE ( )  B_SPLINE_CURVE ( 3, ( #3298, #3368, #2510, #1028 ),
 .UNSPECIFIED., .F., .T. ) 
 B_SPLINE_CURVE_WITH_KNOTS ( ( 4, 4 ),
 ( 1.570796326794896558, 1.670992430995410283 ),
 .UNSPECIFIED. ) 
 CURVE ( )  GEOMETRIC_REPRESENTATION_ITEM ( )  RATIONAL_B_SPLINE_CURVE ( ( 1.000000000000000000, 0.9991635700209056115, 0.9991635700209056115, 1.000000000000000000 ) ) 
 REPRESENTATION_ITEM ( '' )  );
#3940 = VECTOR ( 'NONE', #534, 1000.000000000000114 ) ;
#3941 = CARTESIAN_POINT ( 'NONE',  ( 41.53651570213100541, -5.000000000000023093, 52.17300218979950444 ) ) ;
#3942 = PLANE ( 'NONE',  #3631 ) ;
#3943 = VERTEX_POINT ( 'NONE', #4288 ) ;
#3944 = CARTESIAN_POINT ( 'NONE',  ( 60.92527709904497613, 9.000000000000001776, 19.16612245433455541 ) ) ;
#3945 = ORIENTED_EDGE ( 'NONE', *, *, #3919, .T. ) ;
#3946 = ORIENTED_EDGE ( 'NONE', *, *, #2437, .T. ) ;
#3947 = CARTESIAN_POINT ( 'NONE',  ( 29.74097003176550658, 9.000000000000001776, 69.06549918331444360 ) ) ;
#3948 = ORIENTED_EDGE ( 'NONE', *, *, #2881, .F. ) ;
#3949 = VECTOR ( 'NONE', #1178, 1000.000000000000114 ) ;
#3950 = DIRECTION ( 'NONE',  ( -0.9832133515137237989, 2.983768523195042779E-14, 0.1824595993779191683 ) ) ;
#3951 = AXIS2_PLACEMENT_3D ( 'NONE', #623, #2192, #2214 ) ;
#3952 = EDGE_CURVE ( 'NONE', #4812, #1554, #779, .T. ) ;
#3953 = FACE_OUTER_BOUND ( 'NONE', #3755, .T. ) ;
#3954 = EDGE_CURVE ( 'NONE', #2196, #3229, #1342, .T. ) ;
#3955 = VECTOR ( 'NONE', #2257, 1000.000000000000114 ) ;
#3956 = ORIENTED_EDGE ( 'NONE', *, *, #1538, .F. ) ;
#3957 = PLANE ( 'NONE',  #4797 ) ;
#3958 = LINE ( 'NONE', #1657, #2187 ) ;
#3959 = DIRECTION ( 'NONE',  ( -0.5725107064965888615, -1.822260403705923918E-13, 0.8198972441390304233 ) ) ;
#3960 = ORIENTED_EDGE ( 'NONE', *, *, #2281, .T. ) ;
#3961 = ADVANCED_FACE ( 'NONE', ( #4055 ), #2084, .F. ) ;
#3962 = DIRECTION ( 'NONE',  ( -0.1810789180023026079, 0.1227878039689706963, -0.9757733244209912948 ) ) ;
#3963 = ORIENTED_EDGE ( 'NONE', *, *, #3040, .F. ) ;
#3964 = DIRECTION ( 'NONE',  ( -0.9784308844114435466, 0.1227878039689814932, 0.1661209186897166790 ) ) ;
#3965 = CARTESIAN_POINT ( 'NONE',  ( 31.90803193722297593, -5.000000000000107470, 64.21533995894751001 ) ) ;
#3966 = DIRECTION ( 'NONE',  ( 0.8198972441390306454, 0.000000000000000000, 0.5725107064965884174 ) ) ;
#3967 = ORIENTED_EDGE ( 'NONE', *, *, #2751, .T. ) ;
#3968 = ORIENTED_EDGE ( 'NONE', *, *, #3076, .T. ) ;
#3969 = VERTEX_POINT ( 'NONE', #3693 ) ;
#3970 = EDGE_CURVE ( 'NONE', #4026, #731, #1292, .T. ) ;
#3971 = LINE ( 'NONE', #427, #1926 ) ;
#3972 = VERTEX_POINT ( 'NONE', #2851 ) ;
#3973 = DIRECTION ( 'NONE',  ( 0.000000000000000000, -1.000000000000000000, 0.000000000000000000 ) ) ;
#3974 = AXIS2_PLACEMENT_3D ( 'NONE', #866, #2093, #2519 ) ;
#3975 = CARTESIAN_POINT ( 'NONE',  ( 41.90168055868183217, 1.999999999999777067, 52.98609161416646884 ) ) ;
#3976 = CARTESIAN_POINT ( 'NONE',  ( 48.20260894065064861, 9.000000000000001776, -12.13539231960294984 ) ) ;
#3977 = ORIENTED_EDGE ( 'NONE', *, *, #5002, .F. ) ;
#3978 = LINE ( 'NONE', #4790, #33 ) ;
#3979 = VERTEX_POINT ( 'NONE', #2507 ) ;
#3980 = CARTESIAN_POINT ( 'NONE',  ( 57.88965119344366883, -1.692497199004964870, 28.75354370594439146 ) ) ;
#3981 = EDGE_CURVE ( 'NONE', #1524, #4768, #194, .T. ) ;
#3982 = FACE_BOUND ( 'NONE', #478, .T. ) ;
#3983 = EDGE_CURVE ( 'NONE', #1241, #3710, #489, .T. ) ;
#3984 = DIRECTION ( 'NONE',  ( -0.8198972441390304233, -8.021673019038770576E-19, -0.5725107064965888615 ) ) ;
#3985 = EDGE_LOOP ( 'NONE', ( #4798, #3307, #437, #573 ) ) ;
#3986 = VECTOR ( 'NONE', #685, 1000.000000000000114 ) ;
#3987 = ORIENTED_EDGE ( 'NONE', *, *, #815, .T. ) ;
#3988 = CARTESIAN_POINT ( 'NONE',  ( 47.69376023017274235, 9.000000000000001776, -11.40666593829636000 ) ) ;
#3989 = VECTOR ( 'NONE', #4120, 1000.000000000000000 ) ;
#3990 = EDGE_CURVE ( 'NONE', #4402, #3415, #3671, .T. ) ;
#3991 = FACE_OUTER_BOUND ( 'NONE', #1746, .T. ) ;
#3992 = CARTESIAN_POINT ( 'NONE',  ( 41.53651570213105515, 8.999999999999676703, 52.17300218979941917 ) ) ;
#3993 = ORIENTED_EDGE ( 'NONE', *, *, #1032, .T. ) ;
#3994 = ORIENTED_EDGE ( 'NONE', *, *, #2689, .F. ) ;
#3995 = ORIENTED_EDGE ( 'NONE', *, *, #2945, .T. ) ;
#3996 = AXIS2_PLACEMENT_3D ( 'NONE', #1108, #4647, #3500 ) ;
#3997 = CIRCLE ( 'NONE', #3663, 1.000000000000001110 ) ;
#3998 = EDGE_CURVE ( 'NONE', #47, #207, #4075, .T. ) ;
#3999 = DIRECTION ( 'NONE',  ( 0.5725107064965884174, 0.000000000000000000, -0.8198972441390306454 ) ) ;
#4000 = ORIENTED_EDGE ( 'NONE', *, *, #466, .F. ) ;
#4001 = DIRECTION ( 'NONE',  ( 0.000000000000000000, 1.000000000000000000, 0.000000000000000000 ) ) ;
#4002 = EDGE_LOOP ( 'NONE', ( #1140, #1537, #3748, #3830 ) ) ;
#4003 = ORIENTED_EDGE ( 'NONE', *, *, #234, .T. ) ;
#4004 = CARTESIAN_POINT ( 'NONE',  ( 34.66752223141360645, 15.00000000000000355, 53.27668253931969389 ) ) ;
#4005 = LINE ( 'NONE', #2822, #3915 ) ;
#4006 = LINE ( 'NONE', #486, #115 ) ;
#4007 = CARTESIAN_POINT ( 'NONE',  ( 53.14998968103959953, 9.000000000000001776, 34.63453328619586102 ) ) ;
#4008 = EDGE_LOOP ( 'NONE', ( #474, #1282, #676, #1786 ) ) ;
#4009 = DIRECTION ( 'NONE',  ( 0.5725107064965888615, 0.000000000000000000, -0.8198972441390304233 ) ) ;
#4010 = ADVANCED_FACE ( 'NONE', ( #1710 ), #558, .T. ) ;
#4011 = DIRECTION ( 'NONE',  ( -0.9832133515137241320, 1.843527215164441438E-14, 0.1824595993779166980 ) ) ;
#4012 = DIRECTION ( 'NONE',  ( 0.1673875490687080358, -0.000000000000000000, 0.9858911747331805531 ) ) ;
#4013 = ORIENTED_EDGE ( 'NONE', *, *, #4535, .F. ) ;
#4014 = ADVANCED_FACE ( 'NONE', ( #4819 ), #2131, .F. ) ;
#4015 = ORIENTED_EDGE ( 'NONE', *, *, #1914, .T. ) ;
#4016 = VERTEX_POINT ( 'NONE', #2929 ) ;
#4017 = AXIS2_PLACEMENT_3D ( 'NONE', #1082, #2617, #246 ) ;
#4018 = CARTESIAN_POINT ( 'NONE',  ( 37.05933904901625908, 9.000000000000001776, 28.60205482400400356 ) ) ;
#4019 = EDGE_CURVE ( 'NONE', #1427, #844, #2877, .T. ) ;
#4020 = EDGE_LOOP ( 'NONE', ( #2582, #3180, #1959, #1434 ) ) ;
#4021 = AXIS2_PLACEMENT_3D ( 'NONE', #615, #979, #3414 ) ;
#4022 = CC_DESIGN_PERSON_AND_ORGANIZATION_ASSIGNMENT ( #4961, #2685, ( #2023 ) ) ;
#4023 = FACE_OUTER_BOUND ( 'NONE', #3247, .T. ) ;
#4024 = CARTESIAN_POINT ( 'NONE',  ( 33.30927178832818214, 8.999999999999777955, 63.95530518473352544 ) ) ;
#4025 = EDGE_LOOP ( 'NONE', ( #4827, #2928, #2368, #2600 ) ) ;
#4026 = VERTEX_POINT ( 'NONE', #4035 ) ;
#4027 = VECTOR ( 'NONE', #2263, 1000.000000000000000 ) ;
#4028 = DIRECTION ( 'NONE',  ( -0.8198972441390307564, 0.000000000000000000, -0.5725107064965883064 ) ) ;
#4029 = DIRECTION ( 'NONE',  ( 0.3000856176668329489, 0.000000000000000000, -0.9539122716840975347 ) ) ;
#4030 = CARTESIAN_POINT ( 'NONE',  ( 56.34519144707226701, -5.000000000000000000, 25.72530040744680235 ) ) ;
#4031 = VERTEX_POINT ( 'NONE', #1781 ) ;
#4032 = VECTOR ( 'NONE', #1972, 1000.000000000000114 ) ;
#4033 = DIRECTION ( 'NONE',  ( 0.000000000000000000, -1.000000000000000000, 0.000000000000000000 ) ) ;
#4034 = VERTEX_POINT ( 'NONE', #3717 ) ;
#4035 = CARTESIAN_POINT ( 'NONE',  ( 33.47308049783703154, 9.000000000000001776, 40.00205482400400570 ) ) ;
#4036 = PLANE ( 'NONE',  #3297 ) ;
#4037 = DIRECTION ( 'NONE',  ( -0.09941544087794169926, 0.9848077530122072432, 0.1423736623188842088 ) ) ;
#4038 = VERTEX_POINT ( 'NONE', #3627 ) ;
#4039 = VERTEX_POINT ( 'NONE', #4483 ) ;
#4040 = CARTESIAN_POINT ( 'NONE',  ( 36.02165389412441954, -5.000000000000158096, 58.32418846148046754 ) ) ;
#4041 = EDGE_CURVE ( 'NONE', #5033, #4781, #1756, .T. ) ;
#4042 = EDGE_CURVE ( 'NONE', #803, #1580, #974, .T. ) ;
#4043 = CARTESIAN_POINT ( 'NONE',  ( 47.94444093887066316, -5.000000000000000000, 43.03244258831674784 ) ) ;
#4044 = ORIENTED_EDGE ( 'NONE', *, *, #3086, .F. ) ;
#4045 = EDGE_CURVE ( 'NONE', #1427, #3044, #3341, .T. ) ;
#4046 = DIRECTION ( 'NONE',  ( 0.8198972441390306454, 0.000000000000000000, 0.5725107064965884174 ) ) ;
#4047 = ORIENTED_EDGE ( 'NONE', *, *, #1615, .F. ) ;
#4048 = ORIENTED_EDGE ( 'NONE', *, *, #1476, .F. ) ;
#4049 = VECTOR ( 'NONE', #4185, 1000.000000000000227 ) ;
#4050 = CARTESIAN_POINT ( 'NONE',  ( 59.28548261076690551, -5.000000000000000000, 18.02110104134137458 ) ) ;
#4051 = CARTESIAN_POINT ( 'NONE',  ( 35.36608276677885954, -4.999999999999948486, 61.00972943600005038 ) ) ;
#4052 = EDGE_CURVE ( 'NONE', #533, #5033, #1389, .T. ) ;
#4053 = CARTESIAN_POINT ( 'NONE',  ( 57.59102834323806519, -5.000000000000000000, 28.68262150634867780 ) ) ;
#4054 = VERTEX_POINT ( 'NONE', #4845 ) ;
#4055 = FACE_OUTER_BOUND ( 'NONE', #2031, .T. ) ;
#4056 = LINE ( 'NONE', #536, #3182 ) ;
#4057 = CARTESIAN_POINT ( 'NONE',  ( 49.76991148111681440, -0.1292957243929483968, 18.53953182908039565 ) ) ;
#4058 = LINE ( 'NONE', #78, #2456 ) ;
#4059 = ORIENTED_EDGE ( 'NONE', *, *, #789, .T. ) ;
#4060 = ORIENTED_EDGE ( 'NONE', *, *, #1914, .F. ) ;
#4061 = PLANE ( 'NONE',  #903 ) ;
#4062 = DIRECTION ( 'NONE',  ( 0.5725107064965888615, -1.957506293043472886E-13, -0.8198972441390304233 ) ) ;
#4063 = DIRECTION ( 'NONE',  ( 0.5725107064965884174, 0.000000000000000000, -0.8198972441390306454 ) ) ;
#4064 = ORIENTED_EDGE ( 'NONE', *, *, #1773, .F. ) ;
#4065 = VERTEX_POINT ( 'NONE', #4508 ) ;
#4066 = EDGE_CURVE ( 'NONE', #3656, #4874, #169, .T. ) ;
#4067 = EDGE_CURVE ( 'NONE', #1803, #1580, #4458, .T. ) ;
#4068 = ORIENTED_EDGE ( 'NONE', *, *, #3723, .T. ) ;
#4069 = DIRECTION ( 'NONE',  ( -0.5725107064965879733, 0.000000000000000000, 0.8198972441390309784 ) ) ;
#4070 = DIRECTION ( 'NONE',  ( -0.3000856176668329489, 0.000000000000000000, 0.9539122716840975347 ) ) ;
#4071 = VECTOR ( 'NONE', #381, 1000.000000000000114 ) ;
#4072 = EDGE_CURVE ( 'NONE', #4730, #4110, #4917, .T. ) ;
#4073 = CARTESIAN_POINT ( 'NONE',  ( 39.55574554167338874, -5.000000000000000000, 14.00171235333667141 ) ) ;
#4074 = ORIENTED_EDGE ( 'NONE', *, *, #3733, .F. ) ;
#4075 = LINE ( 'NONE', #4867, #651 ) ;
#4076 = DIRECTION ( 'NONE',  ( -0.9718191999566494488, 0.000000000000000000, 0.2357274752667110063 ) ) ;
#4077 = CARTESIAN_POINT ( 'NONE',  ( 45.87471008852087095, -5.000000000000000000, 45.90192195022303423 ) ) ;
#4078 = VECTOR ( 'NONE', #5013, 1000.000000000000000 ) ;
#4079 = ADVANCED_FACE ( 'NONE', ( #1001 ), #2229, .T. ) ;
#4080 = CARTESIAN_POINT ( 'NONE',  ( 55.26598099502036376, 3.000000000000000000, 12.21267246214909896 ) ) ;
#4081 = LINE ( 'NONE', #3392, #1813 ) ;
#4082 = ORIENTED_EDGE ( 'NONE', *, *, #4725, .T. ) ;
#4083 = ORIENTED_EDGE ( 'NONE', *, *, #3810, .T. ) ;
#4084 = LINE ( 'NONE', #4418, #982 ) ;
#4085 = DIRECTION ( 'NONE',  ( 0.000000000000000000, -1.000000000000000000, 0.000000000000000000 ) ) ;
#4086 = DIRECTION ( 'NONE',  ( -0.5725107064965884174, 0.000000000000000000, 0.8198972441390306454 ) ) ;
#4087 = DIRECTION ( 'NONE',  ( 0.5725107064965883064, 0.000000000000000000, -0.8198972441390307564 ) ) ;
#4088 = VERTEX_POINT ( 'NONE', #1096 ) ;
#4089 = CIRCLE ( 'NONE', #2699, 3.000000000000000888 ) ;
#4090 = VECTOR ( 'NONE', #1800, 1000.000000000000000 ) ;
#4091 = ORIENTED_EDGE ( 'NONE', *, *, #4067, .F. ) ;
#4092 = VECTOR ( 'NONE', #586, 1000.000000000000000 ) ;
#4093 = ORIENTED_EDGE ( 'NONE', *, *, #1017, .F. ) ;
#4094 = CARTESIAN_POINT ( 'NONE',  ( 57.11183224190218510, 9.000000000000001776, 28.77154821644522542 ) ) ;
#4095 = EDGE_CURVE ( 'NONE', #3774, #3935, #240, .T. ) ;
#4096 = EDGE_CURVE ( 'NONE', #271, #2731, #712, .T. ) ;
#4097 = CARTESIAN_POINT ( 'NONE',  ( 50.66230067306774743, 9.000000000000001776, -10.41786020011318392 ) ) ;
#4098 = CARTESIAN_POINT ( 'NONE',  ( 55.50324026703474090, 2.427485433475485621, 32.17114222374191002 ) ) ;
#4099 = VERTEX_POINT ( 'NONE', #2252 ) ;
#4100 = CARTESIAN_POINT ( 'NONE',  ( 41.90958580973165937, 9.000000000000001776, 13.18408863916928375 ) ) ;
#4101 = AXIS2_PLACEMENT_3D ( 'NONE', #1788, #2469, #1740 ) ;
#4102 = DIRECTION ( 'NONE',  ( 0.09941544087793825757, -0.9848077530122084644, -0.1423736623188791850 ) ) ;
#4103 = EDGE_CURVE ( 'NONE', #2501, #1145, #1415, .T. ) ;
#4104 = VECTOR ( 'NONE', #267, 1000.000000000000000 ) ;
#4105 = VECTOR ( 'NONE', #2426, 1000.000000000000114 ) ;
#4106 = DIRECTION ( 'NONE',  ( 0.5725107064965889725, 0.000000000000000000, -0.8198972441390303123 ) ) ;
#4107 = DIRECTION ( 'NONE',  ( -0.3000856176668329489, 0.000000000000000000, 0.9539122716840975347 ) ) ;
#4108 = ORIENTED_EDGE ( 'NONE', *, *, #4605, .T. ) ;
#4109 = CC_DESIGN_DATE_AND_TIME_ASSIGNMENT ( #2201, #1545, ( #3487 ) ) ;
#4110 = VERTEX_POINT ( 'NONE', #3082 ) ;
#4111 = DIRECTION ( 'NONE',  ( -0.09941544087793842410, 0.9848077530122084644, 0.1423736623188794348 ) ) ;
#4112 = PLANE ( 'NONE',  #1057 ) ;
#4113 = PLANE ( 'NONE',  #3099 ) ;
#4114 = VECTOR ( 'NONE', #4012, 1000.000000000000114 ) ;
#4115 = CARTESIAN_POINT ( 'NONE',  ( 49.71268715318076659, 1.999999999999717337, 38.71714825919739411 ) ) ;
#4116 = EDGE_CURVE ( 'NONE', #2299, #4347, #3058, .T. ) ;
#4117 = ORIENTED_EDGE ( 'NONE', *, *, #1699, .F. ) ;
#4118 = ORIENTED_EDGE ( 'NONE', *, *, #50, .F. ) ;
#4119 = CARTESIAN_POINT ( 'NONE',  ( 39.57062774672222361, 15.00000000000000355, 49.74828966072039549 ) ) ;
#4120 = DIRECTION ( 'NONE',  ( -0.8198972441390307564, 0.000000000000000000, -0.5725107064965883064 ) ) ;
#4121 = CARTESIAN_POINT ( 'NONE',  ( 42.12411585839308259, -0.01504629481971454449, 12.50214044167083749 ) ) ;
#4122 = CARTESIAN_POINT ( 'NONE',  ( 38.07846487257519641, 8.999999999999900524, 55.37861271274687169 ) ) ;
#4123 = EDGE_LOOP ( 'NONE', ( #1866, #2210, #4179, #4393 ) ) ;
#4124 = LINE ( 'NONE', #3767, #4167 ) ;
#4125 = EDGE_CURVE ( 'NONE', #4621, #378, #4124, .T. ) ;
#4126 = LINE ( 'NONE', #4532, #2997 ) ;
#4127 = DIRECTION ( 'NONE',  ( -0.9539122716840976457, 0.000000000000000000, -0.3000856176668327269 ) ) ;
#4128 = VECTOR ( 'NONE', #3074, 1000.000000000000000 ) ;
#4129 = LINE ( 'NONE', #3648, #261 ) ;
#4130 = LINE ( 'NONE', #2985, #1658 ) ;
#4131 = ORIENTED_EDGE ( 'NONE', *, *, #1743, .F. ) ;
#4132 = VERTEX_POINT ( 'NONE', #2980 ) ;
#4133 = EDGE_CURVE ( 'NONE', #1322, #4229, #2608, .T. ) ;
#4134 = DIRECTION ( 'NONE',  ( -0.8198972441390304233, 0.000000000000000000, -0.5725107064965888615 ) ) ;
#4135 = EDGE_CURVE ( 'NONE', #1066, #2634, #3027, .T. ) ;
#4136 = CARTESIAN_POINT ( 'NONE',  ( 50.67541708182947957, 9.000000000000001776, 18.10726464483085252 ) ) ;
#4137 = CARTESIAN_POINT ( 'NONE',  ( 51.64190773837225379, 0.000000000000000000, -10.04242163046204617 ) ) ;
#4138 = DIRECTION ( 'NONE',  ( -0.9784308844114445458, 0.1227878039689808548, 0.1661209186897110723 ) ) ;
#4139 = VERTEX_POINT ( 'NONE', #1046 ) ;
#4140 = VECTOR ( 'NONE', #1047, 1000.000000000000114 ) ;
#4141 = EDGE_CURVE ( 'NONE', #2073, #3456, #3814, .T. ) ;
#4142 = ORIENTED_EDGE ( 'NONE', *, *, #4141, .F. ) ;
#4143 = LINE ( 'NONE', #1430, #1327 ) ;
#4144 = AXIS2_PLACEMENT_3D ( 'NONE', #3366, #241, #4511 ) ;
#4145 = DIRECTION ( 'NONE',  ( 0.3000856176668329489, 0.000000000000000000, -0.9539122716840975347 ) ) ;
#4146 = DIRECTION ( 'NONE',  ( -0.3000856176668329489, 0.000000000000000000, 0.9539122716840975347 ) ) ;
#4147 = AXIS2_PLACEMENT_3D ( 'NONE', #4119, #631, #2898 ) ;
#4148 = DATE_AND_TIME ( #2176, #3808 ) ;
#4149 = VERTEX_POINT ( 'NONE', #263 ) ;
#4150 = CARTESIAN_POINT ( 'NONE',  ( 55.92817495689966023, 8.999999999999221956, 29.81589756917341916 ) ) ;
#4151 = DIRECTION ( 'NONE',  ( -0.8198972441390304233, 0.000000000000000000, -0.5725107064965888615 ) ) ;
#4152 = LINE ( 'NONE', #2180, #2185 ) ;
#4153 = CARTESIAN_POINT ( 'NONE',  ( 43.82586372336824354, 8.999999999999571898, 48.89440824878166580 ) ) ;
#4154 = VERTEX_POINT ( 'NONE', #1874 ) ;
#4155 = ORIENTED_EDGE ( 'NONE', *, *, #1355, .F. ) ;
#4156 = DIRECTION ( 'NONE',  ( -0.000000000000000000, 1.000000000000000000, 0.000000000000000000 ) ) ;
#4157 = DIRECTION ( 'NONE',  ( -0.5725107064965889725, -1.822260403705921142E-13, 0.8198972441390303123 ) ) ;
#4158 = EDGE_CURVE ( 'NONE', #19, #3203, #3433, .T. ) ;
#4159 = ADVANCED_FACE ( 'NONE', ( #4989 ), #2203, .F. ) ;
#4160 = CARTESIAN_POINT ( 'NONE',  ( 47.72076633953582103, 15.00000000000000355, 34.58302537294979828 ) ) ;
#4161 = ORIENTED_EDGE ( 'NONE', *, *, #4823, .F. ) ;
#4162 = EDGE_CURVE ( 'NONE', #2420, #4572, #1489, .T. ) ;
#4163 = ORIENTED_EDGE ( 'NONE', *, *, #4851, .F. ) ;
#4164 = VECTOR ( 'NONE', #3973, 1000.000000000000000 ) ;
#4165 = CARTESIAN_POINT ( 'NONE',  ( 43.59332668058172544, -5.000000000000048850, 49.22742644106598675 ) ) ;
#4166 = ADVANCED_FACE ( 'NONE', ( #4221 ), #3743, .T. ) ;
#4167 = VECTOR ( 'NONE', #3409, 1000.000000000000000 ) ;
#4168 = CARTESIAN_POINT ( 'NONE',  ( 56.58275561996251213, 7.000000000000000000, 10.32690880062932770 ) ) ;
#4169 = CARTESIAN_POINT ( 'NONE',  ( 46.30570878637807652, 8.999999999999799272, 43.59630971781277964 ) ) ;
#4170 = CARTESIAN_POINT ( 'NONE',  ( 0.000000000000000000, 0.000000000000000000, 0.000000000000000000 ) ) ;
#4171 = ORIENTED_EDGE ( 'NONE', *, *, #3613, .F. ) ;
#4172 = DIRECTION ( 'NONE',  ( -0.8198972441390307564, 0.000000000000000000, -0.5725107064965883064 ) ) ;
#4173 = CARTESIAN_POINT ( 'NONE',  ( 29.70212226154232837, -10.37394509822269484, 69.12113339134845091 ) ) ;
#4174 = CARTESIAN_POINT ( 'NONE',  ( 57.40966092277059829, 8.999999999999639400, 29.44094168064190242 ) ) ;
#4175 = DIRECTION ( 'NONE',  ( -0.000000000000000000, 1.000000000000000000, 0.000000000000000000 ) ) ;
#4176 = DIRECTION ( 'NONE',  ( 0.8198972441390305343, -0.000000000000000000, 0.5725107064965886394 ) ) ;
#4177 = CARTESIAN_POINT ( 'NONE',  ( 39.94666052327206529, -5.826276789977595037E-16, 12.75907166621739464 ) ) ;
#4178 = VECTOR ( 'NONE', #3950, 999.9999999999998863 ) ;
#4179 = ORIENTED_EDGE ( 'NONE', *, *, #2217, .F. ) ;
#4180 = ORIENTED_EDGE ( 'NONE', *, *, #3047, .F. ) ;
#4181 = CARTESIAN_POINT ( 'NONE',  ( 57.98498593535032342, 4.000000000000000000, 26.87032182043997608 ) ) ;
#4182 = FACE_OUTER_BOUND ( 'NONE', #355, .T. ) ;
#4183 = AXIS2_PLACEMENT_3D ( 'NONE', #4436, #2110, #1713 ) ;
#4184 = CARTESIAN_POINT ( 'NONE',  ( 38.07846487257514667, -5.000000000000182965, 55.37861271274694275 ) ) ;
#4185 = DIRECTION ( 'NONE',  ( -0.1673875490687138923, -0.000000000000000000, -0.9858911747331795539 ) ) ;
#4186 = ORIENTED_EDGE ( 'NONE', *, *, #1577, .T. ) ;
#4187 = VECTOR ( 'NONE', #810, 1000.000000000000000 ) ;
#4188 = VERTEX_POINT ( 'NONE', #332 ) ;
#4189 = ORIENTED_EDGE ( 'NONE', *, *, #1090, .T. ) ;
#4190 = EDGE_CURVE ( 'NONE', #1273, #4615, #1849, .T. ) ;
#4191 = EDGE_CURVE ( 'NONE', #2138, #3795, #3388, .T. ) ;
#4192 = ORIENTED_EDGE ( 'NONE', *, *, #1423, .T. ) ;
#4193 = EDGE_CURVE ( 'NONE', #2677, #4922, #3376, .T. ) ;
#4194 = LINE ( 'NONE', #3053, #716 ) ;
#4195 = CARTESIAN_POINT ( 'NONE',  ( 51.16906840060824635, 9.000000000000001776, 37.56602582107128541 ) ) ;
#4196 = ORIENTED_EDGE ( 'NONE', *, *, #4052, .T. ) ;
#4197 = DIRECTION ( 'NONE',  ( -0.09941544087794611240, -0.9848077530122059109, 0.1423736623188903427 ) ) ;
#4198 = CARTESIAN_POINT ( 'NONE',  ( 60.77940400982084412, 0.000000000000000000, 22.86841294392131019 ) ) ;
#4199 = DIRECTION ( 'NONE',  ( -0.09941544087794181028, 0.9848077530122073542, 0.1423736623188841532 ) ) ;
#4200 = ADVANCED_FACE ( 'NONE', ( #3728 ), #229, .F. ) ;
#4201 = DIRECTION ( 'NONE',  ( -0.9784308844114431025, 0.1227878039689817985, 0.1661209186897189827 ) ) ;
#4202 = ORIENTED_EDGE ( 'NONE', *, *, #2392, .T. ) ;
#4203 = FACE_OUTER_BOUND ( 'NONE', #1909, .T. ) ;
#4204 = VERTEX_POINT ( 'NONE', #1036 ) ;
#4205 = PLANE ( 'NONE',  #1885 ) ;
#4206 = LINE ( 'NONE', #4777, #704 ) ;
#4207 = CARTESIAN_POINT ( 'NONE',  ( 32.83516524101592893, 1.999999999999939826, 64.63427703130089697 ) ) ;
#4208 = DIRECTION ( 'NONE',  ( 0.5725107064965888615, 0.000000000000000000, -0.8198972441390304233 ) ) ;
#4209 = ORIENTED_EDGE ( 'NONE', *, *, #1412, .T. ) ;
#4210 = ORIENTED_EDGE ( 'NONE', *, *, #3333, .F. ) ;
#4211 = ORIENTED_EDGE ( 'NONE', *, *, #4823, .T. ) ;
#4212 = CIRCLE ( 'NONE', #3732, 3.000000000000000888 ) ;
#4213 = ORIENTED_EDGE ( 'NONE', *, *, #2509, .F. ) ;
#4214 = VECTOR ( 'NONE', #4478, 1000.000000000000000 ) ;
#4215 = LINE ( 'NONE', #3865, #3937 ) ;
#4216 = ADVANCED_FACE ( 'NONE', ( #2966 ), #1013, .F. ) ;
#4217 = CARTESIAN_POINT ( 'NONE',  ( 33.95216472992986922, -9.064978911512728388, 63.03461296865039998 ) ) ;
#4218 = DIRECTION ( 'NONE',  ( 0.09941544087794622342, 0.9848077530122059109, -0.1423736623188905925 ) ) ;
#4219 = EDGE_CURVE ( 'NONE', #3701, #331, #3753, .T. ) ;
#4220 = VERTEX_POINT ( 'NONE', #2597 ) ;
#4221 = FACE_OUTER_BOUND ( 'NONE', #4457, .T. ) ;
#4222 = DIRECTION ( 'NONE',  ( -0.09941544087794607076, -0.9848077530122059109, 0.1423736623188903982 ) ) ;
#4223 = FACE_OUTER_BOUND ( 'NONE', #183, .T. ) ;
#4224 = VECTOR ( 'NONE', #4617, 1000.000000000000114 ) ;
#4225 = AXIS2_PLACEMENT_3D ( 'NONE', #122, #4793, #4308 ) ;
#4226 = DIRECTION ( 'NONE',  ( 0.000000000000000000, -1.000000000000000000, 0.000000000000000000 ) ) ;
#4227 = ORIENTED_EDGE ( 'NONE', *, *, #4710, .F. ) ;
#4228 = CARTESIAN_POINT ( 'NONE',  ( 50.98352042590118316, 7.000000000000000000, -9.099539799702162313 ) ) ;
#4229 = VERTEX_POINT ( 'NONE', #1169 ) ;
#4230 = DIRECTION ( 'NONE',  ( 0.5725107064965868631, 0.000000000000000000, -0.8198972441390317556 ) ) ;
#4231 = VERTEX_POINT ( 'NONE', #4976 ) ;
#4232 = PLANE ( 'NONE',  #4017 ) ;
#4233 = EDGE_CURVE ( 'NONE', #210, #3153, #2643, .T. ) ;
#4234 = LINE ( 'NONE', #343, #1373 ) ;
#4235 = CARTESIAN_POINT ( 'NONE',  ( 55.20017003407908618, 9.000000000000001776, 27.36509489572486231 ) ) ;
#4236 = LINE ( 'NONE', #1588, #1417 ) ;
#4237 = EDGE_LOOP ( 'NONE', ( #358, #1347, #1143, #1337 ) ) ;
#4238 = VECTOR ( 'NONE', #4550, 999.9999999999998863 ) ;
#4239 = VERTEX_POINT ( 'NONE', #4184 ) ;
#4240 = ORIENTED_EDGE ( 'NONE', *, *, #4851, .T. ) ;
#4241 = VECTOR ( 'NONE', #4218, 1000.000000000000227 ) ;
#4242 = LINE ( 'NONE', #3183, #2168 ) ;
#4243 = ORIENTED_EDGE ( 'NONE', *, *, #20, .T. ) ;
#4244 = DIRECTION ( 'NONE',  ( -0.8198972441390307564, 0.000000000000000000, -0.5725107064965883064 ) ) ;
#4245 = CARTESIAN_POINT ( 'NONE',  ( 59.28548261076690551, -5.000000000000000000, 18.02110104134137458 ) ) ;
#4246 = PLANE ( 'NONE',  #315 ) ;
#4247 = CALENDAR_DATE ( 2026, 15, 9 ) ;
#4248 = ORIENTED_EDGE ( 'NONE', *, *, #4066, .T. ) ;
#4249 = DIRECTION ( 'NONE',  ( -0.1810789180022921996, 0.1227878039689720702, -0.9757733244209930712 ) ) ;
#4250 = DIRECTION ( 'NONE',  ( -0.5725107064965888615, 0.000000000000000000, 0.8198972441390304233 ) ) ;
#4251 = EDGE_CURVE ( 'NONE', #3050, #3858, #1531, .T. ) ;
#4252 = DIRECTION ( 'NONE',  ( -0.1810789180022936984, -0.1227878039689816320, -0.9757733244209915169 ) ) ;
#4253 = EDGE_CURVE ( 'NONE', #4261, #4573, #2727, .T. ) ;
#4254 = VECTOR ( 'NONE', #178, 1000.000000000000114 ) ;
#4255 = CARTESIAN_POINT ( 'NONE',  ( 29.70212226154233548, -10.37394509822269306, 69.12113339134845091 ) ) ;
#4256 = ORIENTED_EDGE ( 'NONE', *, *, #1701, .T. ) ;
#4257 =( BOUNDED_CURVE ( )  B_SPLINE_CURVE ( 3, ( #3007, #4561, #4177, #2137 ),
 .UNSPECIFIED., .F., .T. ) 
 B_SPLINE_CURVE_WITH_KNOTS ( ( 4, 4 ),
 ( 3.141592653589793116, 4.712388980384688786 ),
 .UNSPECIFIED. ) 
 CURVE ( )  GEOMETRIC_REPRESENTATION_ITEM ( )  RATIONAL_B_SPLINE_CURVE ( ( 1.000000000000000000, 0.8047378541243652705, 0.8047378541243652705, 1.000000000000000000 ) ) 
 REPRESENTATION_ITEM ( '' )  );
#4258 = DIRECTION ( 'NONE',  ( -0.09941544087794178253, -0.9848077530122073542, 0.1423736623188841255 ) ) ;
#4259 = ORIENTED_EDGE ( 'NONE', *, *, #1844, .T. ) ;
#4260 = DIRECTION ( 'NONE',  ( 0.09941544087793829920, -0.9848077530122085754, -0.1423736623188791295 ) ) ;
#4261 = VERTEX_POINT ( 'NONE', #1943 ) ;
#4262 = CARTESIAN_POINT ( 'NONE',  ( 47.52407811253014813, 4.884979337644988817, 43.59816531131056649 ) ) ;
#4263 = CARTESIAN_POINT ( 'NONE',  ( 50.66230067306774743, 4.000000000000000000, -10.41786020011318392 ) ) ;
#4264 = EDGE_CURVE ( 'NONE', #2645, #4781, #3096, .T. ) ;
#4265 = DIRECTION ( 'NONE',  ( 0.3000856176668330044, 0.000000000000000000, -0.9539122716840974237 ) ) ;
#4266 = CARTESIAN_POINT ( 'NONE',  ( 57.98498593535032342, 9.000000000000001776, 26.87032182043997608 ) ) ;
#4267 = ORIENTED_EDGE ( 'NONE', *, *, #89, .F. ) ;
#4268 = DIRECTION ( 'NONE',  ( -0.1673875490687109502, -2.253510676366816067E-14, -0.9858911747331801090 ) ) ;
#4269 = ORIENTED_EDGE ( 'NONE', *, *, #307, .F. ) ;
#4270 = EDGE_LOOP ( 'NONE', ( #2916, #776, #3557, #4267 ) ) ;
#4271 = VECTOR ( 'NONE', #3606, 1000.000000000000000 ) ;
#4272 = EDGE_CURVE ( 'NONE', #431, #844, #3123, .T. ) ;
#4273 = VERTEX_POINT ( 'NONE', #2619 ) ;
#4274 = CARTESIAN_POINT ( 'NONE',  ( 35.26620977342664531, -5.000000000000000888, 34.30205482400400996 ) ) ;
#4275 = CARTESIAN_POINT ( 'NONE',  ( 47.12560603051710473, 8.999999999999799272, 44.16882042430935940 ) ) ;
#4276 = CARTESIAN_POINT ( 'NONE',  ( 41.90958580973165937, 15.00000000000000355, 13.18408863916928375 ) ) ;
#4277 = ORIENTED_EDGE ( 'NONE', *, *, #2156, .T. ) ;
#4278 = CARTESIAN_POINT ( 'NONE',  ( 50.66230067306774743, 9.000000000000001776, -10.41786020011318392 ) ) ;
#4279 = DIRECTION ( 'NONE',  ( -0.5725107064965896386, 0.000000000000000000, 0.8198972441390298682 ) ) ;
#4280 = LINE ( 'NONE', #2336, #575 ) ;
#4281 = LINE ( 'NONE', #773, #4350 ) ;
#4282 = DIRECTION ( 'NONE',  ( 0.9832133515137241320, 0.000000000000000000, -0.1824595993779173642 ) ) ;
#4283 = ORIENTED_EDGE ( 'NONE', *, *, #3041, .F. ) ;
#4284 = DIRECTION ( 'NONE',  ( -0.000000000000000000, 1.000000000000000000, 0.000000000000000000 ) ) ;
#4285 = EDGE_CURVE ( 'NONE', #1145, #3914, #3912, .T. ) ;
#4286 = LINE ( 'NONE', #3797, #755 ) ;
#4287 = ORIENTED_EDGE ( 'NONE', *, *, #1674, .F. ) ;
#4288 = CARTESIAN_POINT ( 'NONE',  ( 35.36006517239245994, 8.999999999999474198, 59.27165505650865640 ) ) ;
#4289 = CARTESIAN_POINT ( 'NONE',  ( 56.22336434026988172, -5.000000000000000000, 31.55452514069147796 ) ) ;
#4290 = EDGE_CURVE ( 'NONE', #1939, #1283, #318, .T. ) ;
#4291 = DIRECTION ( 'NONE',  ( -0.000000000000000000, -1.000000000000000000, 0.000000000000000000 ) ) ;
#4292 = DIRECTION ( 'NONE',  ( 0.09941544087794625117, 0.9848077530122059109, -0.1423736623188905925 ) ) ;
#4293 = ORIENTED_EDGE ( 'NONE', *, *, #1509, .F. ) ;
#4294 = EDGE_CURVE ( 'NONE', #1104, #4188, #395, .T. ) ;
#4295 = CARTESIAN_POINT ( 'NONE',  ( 59.28548261076690551, 15.00000000000000355, 18.02110104134137458 ) ) ;
#4296 = ORIENTED_EDGE ( 'NONE', *, *, #208, .F. ) ;
#4297 = VECTOR ( 'NONE', #2424, 1000.000000000000114 ) ;
#4298 = ORIENTED_EDGE ( 'NONE', *, *, #404, .T. ) ;
#4299 = LINE ( 'NONE', #4346, #3073 ) ;
#4300 = ORIENTED_EDGE ( 'NONE', *, *, #4322, .T. ) ;
#4301 = DIRECTION ( 'NONE',  ( -0.8198972441390307564, 0.000000000000000000, -0.5725107064965883064 ) ) ;
#4302 = ADVANCED_FACE ( 'NONE', ( #5003 ), #1969, .T. ) ;
#4303 = APPROVAL_PERSON_ORGANIZATION ( #1433, #2957, #3715 ) ;
#4304 = DIRECTION ( 'NONE',  ( -0.9539122716840975347, 0.000000000000000000, -0.3000856176668329489 ) ) ;
#4305 = ORIENTED_EDGE ( 'NONE', *, *, #2919, .T. ) ;
#4306 = VECTOR ( 'NONE', #3110, 1000.000000000000227 ) ;
#4307 = DIRECTION ( 'NONE',  ( 0.000000000000000000, 1.000000000000000000, 0.000000000000000000 ) ) ;
#4308 = DIRECTION ( 'NONE',  ( 0.8198972441390307564, 0.000000000000000000, 0.5725107064965883064 ) ) ;
#4309 = PLANE ( 'NONE',  #2024 ) ;
#4310 = ORIENTED_EDGE ( 'NONE', *, *, #2799, .T. ) ;
#4311 = DIRECTION ( 'NONE',  ( 0.5725107064965883064, 0.000000000000000000, -0.8198972441390307564 ) ) ;
#4312 = VERTEX_POINT ( 'NONE', #3447 ) ;
#4313 = CARTESIAN_POINT ( 'NONE',  ( 47.93948568026961965, -5.000000000000023093, 43.00325675131472281 ) ) ;
#4314 = CYLINDRICAL_SURFACE ( 'NONE', #4884, 3.000000000000000888 ) ;
#4315 = DIRECTION ( 'NONE',  ( 0.8198972441390307564, 0.000000000000000000, 0.5725107064965883064 ) ) ;
#4316 = CARTESIAN_POINT ( 'NONE',  ( 45.64412006464606719, -5.000000000000000000, 44.54377631284103956 ) ) ;
#4317 = VERTEX_POINT ( 'NONE', #4649 ) ;
#4318 = AXIS2_PLACEMENT_3D ( 'NONE', #3375, #5052, #4926 ) ;
#4319 = LINE ( 'NONE', #2459, #1586 ) ;
#4320 = EDGE_LOOP ( 'NONE', ( #2676, #4937, #2757, #578 ) ) ;
#4321 = ORIENTED_EDGE ( 'NONE', *, *, #2852, .F. ) ;
#4322 = EDGE_CURVE ( 'NONE', #4038, #1267, #3802, .T. ) ;
#4323 = EDGE_CURVE ( 'NONE', #3900, #4371, #1861, .T. ) ;
#4324 = VERTEX_POINT ( 'NONE', #2700 ) ;
#4325 = DIRECTION ( 'NONE',  ( -0.1673875490687121714, -1.479796651996561273E-14, -0.9858911747331798869 ) ) ;
#4326 = AXIS2_PLACEMENT_3D ( 'NONE', #4276, #4987, #819 ) ;
#4327 = FACE_OUTER_BOUND ( 'NONE', #1009, .T. ) ;
#4328 = VERTEX_POINT ( 'NONE', #1473 ) ;
#4329 = DIRECTION ( 'NONE',  ( 0.8198972441390307564, 0.000000000000000000, 0.5725107064965883064 ) ) ;
#4330 = DIRECTION ( 'NONE',  ( 0.1810789180022926159, -0.1227878039689713346, 0.9757733244209930712 ) ) ;
#4331 = ADVANCED_FACE ( 'NONE', ( #3042 ), #2672, .F. ) ;
#4332 = DIRECTION ( 'NONE',  ( 0.09941544087794676465, 0.9848077530122057999, -0.1423736623188913974 ) ) ;
#4333 = ORIENTED_EDGE ( 'NONE', *, *, #2689, .T. ) ;
#4334 = FACE_OUTER_BOUND ( 'NONE', #1833, .T. ) ;
#4335 = ORIENTED_EDGE ( 'NONE', *, *, #3575, .T. ) ;
#4336 = FACE_OUTER_BOUND ( 'NONE', #4464, .T. ) ;
#4337 = VECTOR ( 'NONE', #2316, 1000.000000000000114 ) ;
#4338 = DIRECTION ( 'NONE',  ( 0.000000000000000000, 1.000000000000000000, -0.000000000000000000 ) ) ;
#4339 = VECTOR ( 'NONE', #1518, 1000.000000000000114 ) ;
#4340 = FACE_OUTER_BOUND ( 'NONE', #3498, .T. ) ;
#4341 = DIRECTION ( 'NONE',  ( 0.09941544087794679241, -0.9848077530122057999, -0.1423736623188913974 ) ) ;
#4342 = VERTEX_POINT ( 'NONE', #4593 ) ;
#4343 = VERTEX_POINT ( 'NONE', #1084 ) ;
#4344 = ORIENTED_EDGE ( 'NONE', *, *, #76, .T. ) ;
#4345 = FACE_OUTER_BOUND ( 'NONE', #1966, .T. ) ;
#4346 = CARTESIAN_POINT ( 'NONE',  ( 57.40966092277059829, -5.000000000000363265, 29.44094168064190242 ) ) ;
#4347 = VERTEX_POINT ( 'NONE', #4207 ) ;
#4348 = EDGE_CURVE ( 'NONE', #235, #4039, #3854, .T. ) ;
#4349 = EDGE_CURVE ( 'NONE', #423, #2299, #2320, .T. ) ;
#4350 = VECTOR ( 'NONE', #2688, 1000.000000000000000 ) ;
#4351 = FACE_BOUND ( 'NONE', #3280, .T. ) ;
#4352 = VECTOR ( 'NONE', #2783, 999.9999999999998863 ) ;
#4353 = VECTOR ( 'NONE', #4332, 1000.000000000000114 ) ;
#4354 = FACE_OUTER_BOUND ( 'NONE', #2417, .T. ) ;
#4355 = PLANE ( 'NONE',  #1252 ) ;
#4356 = VERTEX_POINT ( 'NONE', #4677 ) ;
#4357 = EDGE_CURVE ( 'NONE', #3943, #2492, #2465, .T. ) ;
#4358 = AXIS2_PLACEMENT_3D ( 'NONE', #4295, #4704, #4 ) ;
#4359 = ORIENTED_EDGE ( 'NONE', *, *, #4141, .T. ) ;
#4360 = CARTESIAN_POINT ( 'NONE',  ( 39.47368712929389289, 8.999999999999422684, 53.38050355904159971 ) ) ;
#4361 = LINE ( 'NONE', #433, #2172 ) ;
#4362 = FACE_OUTER_BOUND ( 'NONE', #4025, .T. ) ;
#4363 = VECTOR ( 'NONE', #2778, 1000.000000000000114 ) ;
#4364 = DIRECTION ( 'NONE',  ( -0.9784308844114451009, 0.1227878039689754841, 0.1661209186897118772 ) ) ;
#4365 = ORIENTED_EDGE ( 'NONE', *, *, #3020, .F. ) ;
#4366 = EDGE_LOOP ( 'NONE', ( #2353, #3615, #2293, #400 ) ) ;
#4367 = CARTESIAN_POINT ( 'NONE',  ( 37.59578668712165239, -5.000000000000000000, 57.37983939784830056 ) ) ;
#4368 = EDGE_CURVE ( 'NONE', #3276, #733, #4778, .T. ) ;
#4369 = CARTESIAN_POINT ( 'NONE',  ( 40.95517309516494464, 8.999999999999875655, 53.00554767050993377 ) ) ;
#4370 = PLANE ( 'NONE',  #3211 ) ;
#4371 = VERTEX_POINT ( 'NONE', #3555 ) ;
#4372 = ORIENTED_EDGE ( 'NONE', *, *, #3554, .F. ) ;
#4373 = EDGE_LOOP ( 'NONE', ( #290, #3483, #1372, #1051 ) ) ;
#4374 = DIRECTION ( 'NONE',  ( 0.5725107064965868631, 0.000000000000000000, -0.8198972441390317556 ) ) ;
#4375 = ORIENTED_EDGE ( 'NONE', *, *, #1607, .T. ) ;
#4376 = AXIS2_PLACEMENT_3D ( 'NONE', #447, #3920, #3159 ) ;
#4377 = FACE_OUTER_BOUND ( 'NONE', #812, .T. ) ;
#4378 = CARTESIAN_POINT ( 'NONE',  ( 31.25246080987745856, 8.999999999999801048, 66.90088093346703602 ) ) ;
#4379 = EDGE_LOOP ( 'NONE', ( #2012, #2692, #4930, #2839 ) ) ;
#4380 = EDGE_LOOP ( 'NONE', ( #607, #455, #3798, #4587 ) ) ;
#4381 = LINE ( 'NONE', #485, #1454 ) ;
#4382 = EDGE_CURVE ( 'NONE', #4031, #4598, #4753, .T. ) ;
#4383 = EDGE_CURVE ( 'NONE', #5033, #2686, #51, .T. ) ;
#4384 = CARTESIAN_POINT ( 'NONE',  ( 43.07802813007717901, 9.000000000000001776, 12.80222605933766999 ) ) ;
#4385 = DIRECTION ( 'NONE',  ( -0.5725107064965888615, 0.000000000000000000, 0.8198972441390304233 ) ) ;
#4386 = VECTOR ( 'NONE', #1574, 1000.000000000000000 ) ;
#4387 = EDGE_LOOP ( 'NONE', ( #2812, #4321, #2021, #549, #4093, #200 ) ) ;
#4388 = LINE ( 'NONE', #440, #3210 ) ;
#4389 = VECTOR ( 'NONE', #509, 1000.000000000000227 ) ;
#4390 = DIRECTION ( 'NONE',  ( -0.3000856176668329489, 0.000000000000000000, 0.9539122716840975347 ) ) ;
#4391 = LINE ( 'NONE', #3965, #1900 ) ;
#4392 = DIRECTION ( 'NONE',  ( 0.5725107064965885284, -0.000000000000000000, -0.8198972441390305343 ) ) ;
#4393 = ORIENTED_EDGE ( 'NONE', *, *, #1167, .F. ) ;
#4394 = APPROVAL ( #3079, '未指定' ) ;
#4395 = ORIENTED_EDGE ( 'NONE', *, *, #3481, .F. ) ;
#4396 = VERTEX_POINT ( 'NONE', #1639 ) ;
#4397 = AXIS2_PLACEMENT_3D ( 'NONE', #4869, #4127, #2905 ) ;
#4398 = VECTOR ( 'NONE', #4612, 999.9999999999998863 ) ;
#4399 = DIRECTION ( 'NONE',  ( 0.5725107064965888615, 0.000000000000000000, -0.8198972441390304233 ) ) ;
#4400 = ORIENTED_EDGE ( 'NONE', *, *, #3828, .F. ) ;
#4401 = DIRECTION ( 'NONE',  ( 0.5725107064965888615, -1.957506293043472886E-13, -0.8198972441390304233 ) ) ;
#4402 = VERTEX_POINT ( 'NONE', #4726 ) ;
#4403 = VERTEX_POINT ( 'NONE', #77 ) ;
#4404 = FACE_BOUND ( 'NONE', #677, .T. ) ;
#4405 = LINE ( 'NONE', #2174, #1362 ) ;
#4406 = ORIENTED_EDGE ( 'NONE', *, *, #4769, .T. ) ;
#4407 = CARTESIAN_POINT ( 'NONE',  ( 42.19208682947657962, -5.000000000000233591, 49.48746121527990027 ) ) ;
#4408 = VERTEX_POINT ( 'NONE', #3151 ) ;
#4409 = EDGE_CURVE ( 'NONE', #1562, #1481, #4391, .T. ) ;
#4410 = CARTESIAN_POINT ( 'NONE',  ( 29.85122095877231629, 9.000000000000001776, 67.16091570768097085 ) ) ;
#4411 = ADVANCED_FACE ( 'NONE', ( #2777 ), #4036, .T. ) ;
#4412 = CARTESIAN_POINT ( 'NONE',  ( 41.19414428547471374, 15.00000000000000355, 43.92985395613474253 ) ) ;
#4413 = DIRECTION ( 'NONE',  ( -0.9784308844114435466, 0.1227878039689815487, 0.1661209186897168455 ) ) ;
#4414 = DIRECTION ( 'NONE',  ( 0.09941544087794569606, 0.9848077530122061329, -0.1423736623188898431 ) ) ;
#4415 = ORIENTED_EDGE ( 'NONE', *, *, #1404, .F. ) ;
#4416 = ORIENTED_EDGE ( 'NONE', *, *, #256, .T. ) ;
#4417 = CIRCLE ( 'NONE', #3538, 1.000000000000000888 ) ;
#4418 = CARTESIAN_POINT ( 'NONE',  ( 58.29309519061967393, -5.000000000000000000, 28.68504577878519513 ) ) ;
#4419 = ADVANCED_FACE ( 'NONE', ( #4340 ), #469, .F. ) ;
#4420 = VECTOR ( 'NONE', #2254, 1000.000000000000114 ) ;
#4421 = FACE_OUTER_BOUND ( 'NONE', #408, .T. ) ;
#4422 = ORIENTED_EDGE ( 'NONE', *, *, #2650, .T. ) ;
#4423 = EDGE_CURVE ( 'NONE', #1583, #769, #1664, .T. ) ;
#4424 = VECTOR ( 'NONE', #4085, 1000.000000000000000 ) ;
#4425 = FACE_OUTER_BOUND ( 'NONE', #3712, .T. ) ;
#4426 = EDGE_LOOP ( 'NONE', ( #4335, #392 ) ) ;
#4427 = ORIENTED_EDGE ( 'NONE', *, *, #4814, .F. ) ;
#4428 = AXIS2_PLACEMENT_3D ( 'NONE', #2439, #103, #1270 ) ;
#4429 = DIRECTION ( 'NONE',  ( 0.000000000000000000, 1.000000000000000000, 0.000000000000000000 ) ) ;
#4430 = LINE ( 'NONE', #3643, #569 ) ;
#4431 = AXIS2_PLACEMENT_3D ( 'NONE', #2483, #4729, #4680 ) ;
#4432 = PLANE ( 'NONE',  #4431 ) ;
#4433 = ORIENTED_EDGE ( 'NONE', *, *, #1701, .F. ) ;
#4434 = DIRECTION ( 'NONE',  ( 0.000000000000000000, -1.000000000000000000, 0.000000000000000000 ) ) ;
#4435 = CARTESIAN_POINT ( 'NONE',  ( 50.03553677516728015, 20.00000000000000355, 17.27695021648111151 ) ) ;
#4436 = CARTESIAN_POINT ( 'NONE',  ( 45.52928757390400705, 5.499352813687358399, 46.45492108320271996 ) ) ;
#4437 = DIRECTION ( 'NONE',  ( 0.09941544087793825757, -0.9848077530122084644, -0.1423736623188791850 ) ) ;
#4438 = VERTEX_POINT ( 'NONE', #1610 ) ;
#4439 = ORIENTED_EDGE ( 'NONE', *, *, #905, .T. ) ;
#4440 = FACE_OUTER_BOUND ( 'NONE', #4802, .T. ) ;
#4441 = CARTESIAN_POINT ( 'NONE',  ( 51.82057059438461977, -5.000000000000148326, 37.44512344613186627 ) ) ;
#4442 = EDGE_CURVE ( 'NONE', #2971, #2091, #4800, .T. ) ;
#4443 = ADVANCED_FACE ( 'NONE', ( #3991 ), #441, .F. ) ;
#4444 = LINE ( 'NONE', #477, #4529 ) ;
#4445 = ORIENTED_EDGE ( 'NONE', *, *, #140, .T. ) ;
#4446 = MANIFOLD_SOLID_BREP ( '镜向2', #2128 ) ;
#4447 = ADVANCED_FACE ( 'NONE', ( #834 ), #2017, .F. ) ;
#4448 = CARTESIAN_POINT ( 'NONE',  ( 48.36251976482879655, 8.999999999999776179, 40.65073396907925485 ) ) ;
#4449 = ORIENTED_EDGE ( 'NONE', *, *, #1065, .F. ) ;
#4450 = EDGE_CURVE ( 'NONE', #2049, #2236, #2855, .T. ) ;
#4451 = VERTEX_POINT ( 'NONE', #3941 ) ;
#4452 = VECTOR ( 'NONE', #699, 1000.000000000000000 ) ;
#4453 = LINE ( 'NONE', #4050, #3331 ) ;
#4454 = EDGE_LOOP ( 'NONE', ( #4256, #626, #3109, #1888 ) ) ;
#4455 = UNCERTAINTY_MEASURE_WITH_UNIT (LENGTH_MEASURE( 1.000000000000000082E-05 ), #4865, 'distance_accuracy_value', 'NONE');
#4456 = CARTESIAN_POINT ( 'NONE',  ( 22.25362095265081308, 9.000000000000001776, 69.00171235333668562 ) ) ;
#4457 = EDGE_LOOP ( 'NONE', ( #2228, #2414, #1643, #2148 ) ) ;
#4458 = LINE ( 'NONE', #3002, #1733 ) ;
#4459 = LINE ( 'NONE', #4077, #4549 ) ;
#4460 = VECTOR ( 'NONE', #359, 1000.000000000000000 ) ;
#4461 = CC_DESIGN_APPROVAL ( #4394, ( #2023 ) ) ;
#4462 = FACE_OUTER_BOUND ( 'NONE', #3845, .T. ) ;
#4463 = DIRECTION ( 'NONE',  ( 0.000000000000000000, -1.000000000000000000, 0.000000000000000000 ) ) ;
#4464 = EDGE_LOOP ( 'NONE', ( #1255, #4068, #4844, #4565, #1535, #838 ) ) ;
#4465 = ORIENTED_EDGE ( 'NONE', *, *, #2409, .T. ) ;
#4466 = CARTESIAN_POINT ( 'NONE',  ( 47.70093104309678012, 8.999999999999323208, 41.59820056410751477 ) ) ;
#4467 = LINE ( 'NONE', #4854, #3294 ) ;
#4468 = CARTESIAN_POINT ( 'NONE',  ( 33.25819932557499925, 1.999999999999917621, 62.28175424906558533 ) ) ;
#4469 = DIRECTION ( 'NONE',  ( -0.8198972441390307564, 0.000000000000000000, -0.5725107064965883064 ) ) ;
#4470 = ORIENTED_EDGE ( 'NONE', *, *, #909, .T. ) ;
#4471 = EDGE_CURVE ( 'NONE', #235, #3676, #3227, .T. ) ;
#4472 = EDGE_CURVE ( 'NONE', #3156, #331, #493, .T. ) ;
#4473 = VECTOR ( 'NONE', #1913, 1000.000000000000000 ) ;
#4474 = VECTOR ( 'NONE', #2662, 1000.000000000000114 ) ;
#4475 = ORIENTED_EDGE ( 'NONE', *, *, #914, .T. ) ;
#4476 = EDGE_LOOP ( 'NONE', ( #4780, #3019, #1771, #1661 ) ) ;
#4477 = ADVANCED_FACE ( 'NONE', ( #1689 ), #3250, .F. ) ;
#4478 = DIRECTION ( 'NONE',  ( -0.09941544087793788287, 0.9848077530122085754, 0.1423736623188786576 ) ) ;
#4479 = DIRECTION ( 'NONE',  ( 0.09941544087794568219, 0.9848077530122061329, -0.1423736623188898154 ) ) ;
#4480 = AXIS2_PLACEMENT_3D ( 'NONE', #870, #184, #1748 ) ;
#4481 = PERSON_AND_ORGANIZATION ( #2860, #1361 ) ;
#4482 = ORIENTED_EDGE ( 'NONE', *, *, #4349, .F. ) ;
#4483 = CARTESIAN_POINT ( 'NONE',  ( 53.87738157283540374, 8.999999999999525713, 34.49954769739824911 ) ) ;
#4484 = LINE ( 'NONE', #4868, #3653 ) ;
#4485 = FACE_OUTER_BOUND ( 'NONE', #2375, .T. ) ;
#4486 = AXIS2_PLACEMENT_3D ( 'NONE', #2924, #2531, #3714 ) ;
#4487 = EDGE_CURVE ( 'NONE', #1679, #1273, #4129, .T. ) ;
#4488 = LINE ( 'NONE', #1806, #660 ) ;
#4489 = CARTESIAN_POINT ( 'NONE',  ( 50.85543401930630836, 0.000000000000000000, 17.84946092297769837 ) ) ;
#4490 = ORIENTED_EDGE ( 'NONE', *, *, #2655, .T. ) ;
#4491 = VERTEX_POINT ( 'NONE', #3343 ) ;
#4492 = DIRECTION ( 'NONE',  ( -0.5725107064965884174, 0.000000000000000000, 0.8198972441390306454 ) ) ;
#4493 = CARTESIAN_POINT ( 'NONE',  ( 50.10290637533289271, 20.00000000000000355, 18.92716188896988427 ) ) ;
#4494 = PLANE ( 'NONE',  #468 ) ;
#4495 = DIRECTION ( 'NONE',  ( -0.1673875490687045109, -0.000000000000000000, -0.9858911747331812192 ) ) ;
#4496 = VERTEX_POINT ( 'NONE', #2932 ) ;
#4497 = VECTOR ( 'NONE', #1107, 999.9999999999998863 ) ;
#4498 = VECTOR ( 'NONE', #999, 1000.000000000000000 ) ;
#4499 = EDGE_CURVE ( 'NONE', #3842, #2475, #242, .T. ) ;
#4500 = ORIENTED_EDGE ( 'NONE', *, *, #1758, .T. ) ;
#4501 = VECTOR ( 'NONE', #2159, 1000.000000000000114 ) ;
#4502 = EDGE_CURVE ( 'NONE', #3609, #125, #3939, .T. ) ;
#4503 = FACE_OUTER_BOUND ( 'NONE', #4380, .T. ) ;
#4504 = CARTESIAN_POINT ( 'NONE',  ( 41.90958580973165937, 9.000000000000001776, 13.18408863916928375 ) ) ;
#4505 = ADVANCED_FACE ( 'NONE', ( #2489 ), #3699, .F. ) ;
#4506 = DIRECTION ( 'NONE',  ( 0.000000000000000000, 1.000000000000000000, 0.000000000000000000 ) ) ;
#4507 = ORIENTED_EDGE ( 'NONE', *, *, #3354, .F. ) ;
#4508 = CARTESIAN_POINT ( 'NONE',  ( 49.75774202154750014, 8.999999999999298339, 38.65262481537398997 ) ) ;
#4509 = CIRCLE ( 'NONE', #1663, 3.000000000000000888 ) ;
#4510 = LINE ( 'NONE', #170, #3901 ) ;
#4511 = DIRECTION ( 'NONE',  ( 0.5725107064965888615, 0.000000000000000000, -0.8198972441390304233 ) ) ;
#4512 = AXIS2_PLACEMENT_3D ( 'NONE', #2830, #2366, #3175 ) ;
#4513 = VECTOR ( 'NONE', #3194, 1000.000000000000000 ) ;
#4514 = DIRECTION ( 'NONE',  ( 0.000000000000000000, 1.000000000000000000, 0.000000000000000000 ) ) ;
#4515 = CARTESIAN_POINT ( 'NONE',  ( 29.85122095877225945, -5.000000000000082601, 67.16091570768104191 ) ) ;
#4516 = ORIENTED_EDGE ( 'NONE', *, *, #2146, .F. ) ;
#4517 = EDGE_LOOP ( 'NONE', ( #2574, #2053, #2844, #2979 ) ) ;
#4518 = DIRECTION ( 'NONE',  ( -0.9784308844114445458, 0.1227878039689808132, 0.1661209186897112944 ) ) ;
#4519 = LINE ( 'NONE', #1011, #1068 ) ;
#4520 = CARTESIAN_POINT ( 'NONE',  ( 56.58275561996251213, 3.000000000000000000, 10.32690880062932770 ) ) ;
#4521 = VECTOR ( 'NONE', #1037, 1000.000000000000000 ) ;
#4522 = FACE_OUTER_BOUND ( 'NONE', #4237, .T. ) ;
#4523 = ORIENTED_EDGE ( 'NONE', *, *, #506, .F. ) ;
#4524 = VERTEX_POINT ( 'NONE', #4153 ) ;
#4525 = DIRECTION ( 'NONE',  ( -0.1673875490687110335, -2.368793331391493299E-14, -0.9858911747331799980 ) ) ;
#4526 = PLANE ( 'NONE',  #3081 ) ;
#4527 = DIRECTION ( 'NONE',  ( 0.5725107064965885284, 0.000000000000000000, -0.8198972441390305343 ) ) ;
#4528 = CARTESIAN_POINT ( 'NONE',  ( 41.53049810774463424, -5.000000000000000000, 50.43492781030808914 ) ) ;
#4529 = VECTOR ( 'NONE', #134, 1000.000000000000114 ) ;
#4530 = VERTEX_POINT ( 'NONE', #2158 ) ;
#4531 = DIRECTION ( 'NONE',  ( 0.5725107064965888615, 0.000000000000000000, -0.8198972441390304233 ) ) ;
#4532 = CARTESIAN_POINT ( 'NONE',  ( 39.57062774672222361, -5.000000000000000000, 49.74828966072039549 ) ) ;
#4533 = ADVANCED_FACE ( 'NONE', ( #2540 ), #2564, .T. ) ;
#4534 = CARTESIAN_POINT ( 'NONE',  ( 57.51689698242449822, 1.999999999999628297, 29.28736804649872383 ) ) ;
#4535 = EDGE_CURVE ( 'NONE', #3195, #3716, #173, .T. ) ;
#4536 = DIRECTION ( 'NONE',  ( -0.8198972441390303123, -3.218045588101392702E-17, -0.5725107064965889725 ) ) ;
#4537 = DIRECTION ( 'NONE',  ( -0.09941544087794661200, -0.9848077530122059109, 0.1423736623188911476 ) ) ;
#4538 = ORIENTED_EDGE ( 'NONE', *, *, #1844, .F. ) ;
#4539 = VERTEX_POINT ( 'NONE', #930 ) ;
#4540 = FACE_OUTER_BOUND ( 'NONE', #3232, .T. ) ;
#4541 = LINE ( 'NONE', #1764, #418 ) ;
#4542 = CC_DESIGN_SECURITY_CLASSIFICATION ( #3330, ( #2023 ) ) ;
#4543 = CC_DESIGN_PERSON_AND_ORGANIZATION_ASSIGNMENT ( #4481, #972, ( #3840 ) ) ;
#4544 = LINE ( 'NONE', #4977, #939 ) ;
#4545 = ORIENTED_EDGE ( 'NONE', *, *, #715, .T. ) ;
#4546 = VECTOR ( 'NONE', #4222, 1000.000000000000114 ) ;
#4547 = ORIENTED_EDGE ( 'NONE', *, *, #3143, .F. ) ;
#4548 = DIRECTION ( 'NONE',  ( -0.5725107064965889725, -1.822260403705923918E-13, 0.8198972441390303123 ) ) ;
#4549 = VECTOR ( 'NONE', #2134, 999.9999999999998863 ) ;
#4550 = DIRECTION ( 'NONE',  ( -0.3000856176668327269, 0.000000000000000000, 0.9539122716840976457 ) ) ;
#4551 = CARTESIAN_POINT ( 'NONE',  ( 43.88656016951470917, 9.000000000000001776, 49.25190252434960314 ) ) ;
#4552 = VECTOR ( 'NONE', #1214, 1000.000000000000000 ) ;
#4553 = CARTESIAN_POINT ( 'NONE',  ( 49.29334345818017482, 4.340065132669392867, 41.06438600449896370 ) ) ;
#4554 = ORIENTED_EDGE ( 'NONE', *, *, #2603, .T. ) ;
#4555 = CARTESIAN_POINT ( 'NONE',  ( 31.56575380352095905, 9.799967145983989880, 66.45221148644787945 ) ) ;
#4556 = LINE ( 'NONE', #286, #4140 ) ;
#4557 = LINE ( 'NONE', #4174, #3612 ) ;
#4558 = PLANE ( 'NONE',  #3911 ) ;
#4559 = EDGE_CURVE ( 'NONE', #4907, #3241, #2882, .T. ) ;
#4560 = LINE ( 'NONE', #3391, #2711 ) ;
#4561 = CARTESIAN_POINT ( 'NONE',  ( 39.55574554167340295, -1.242640687119286103, 14.00171235333667497 ) ) ;
#4562 = ORIENTED_EDGE ( 'NONE', *, *, #3438, .T. ) ;
#4563 = ADVANCED_FACE ( 'NONE', ( #198 ), #4848, .F. ) ;
#4564 = LINE ( 'NONE', #3091, #4999 ) ;
#4565 = ORIENTED_EDGE ( 'NONE', *, *, #2815, .T. ) ;
#4566 = FACE_OUTER_BOUND ( 'NONE', #2762, .T. ) ;
#4567 = FACE_OUTER_BOUND ( 'NONE', #3301, .T. ) ;
#4568 = DIRECTION ( 'NONE',  ( -0.5725107064965888615, -1.822260403705923918E-13, 0.8198972441390304233 ) ) ;
#4569 = DIRECTION ( 'NONE',  ( 0.9832133515137235769, -0.000000000000000000, -0.1824595993779203340 ) ) ;
#4570 = ORIENTED_EDGE ( 'NONE', *, *, #4788, .F. ) ;
#4571 = EDGE_CURVE ( 'NONE', #399, #2328, #1770, .T. ) ;
#4572 = VERTEX_POINT ( 'NONE', #614 ) ;
#4573 = VERTEX_POINT ( 'NONE', #1006 ) ;
#4574 = DIRECTION ( 'NONE',  ( -0.8198972441390304233, 0.000000000000000000, -0.5725107064965888615 ) ) ;
#4575 = ORIENTED_EDGE ( 'NONE', *, *, #4072, .F. ) ;
#4576 = VECTOR ( 'NONE', #4301, 1000.000000000000000 ) ;
#4577 = EDGE_CURVE ( 'NONE', #3804, #276, #2181, .T. ) ;
#4578 = AXIS2_PLACEMENT_3D ( 'NONE', #3739, #2978, #1021 ) ;
#4579 = VECTOR ( 'NONE', #3464, 1000.000000000000000 ) ;
#4580 = CARTESIAN_POINT ( 'NONE',  ( 53.40327502552312211, 1.999999999999679146, 35.17851954396567749 ) ) ;
#4581 = CARTESIAN_POINT ( 'NONE',  ( 33.30325419394172570, 8.999999999999499067, 62.21723080524217409 ) ) ;
#4582 = ORIENTED_EDGE ( 'NONE', *, *, #4019, .T. ) ;
#4583 = DIRECTION ( 'NONE',  ( 0.8198972441390307564, 0.000000000000000000, 0.5725107064965883064 ) ) ;
#4584 = FACE_OUTER_BOUND ( 'NONE', #1000, .T. ) ;
#4585 = DIRECTION ( 'NONE',  ( 0.09941544087793820206, -0.9848077530122085754, -0.1423736623188792405 ) ) ;
#4586 = FACE_OUTER_BOUND ( 'NONE', #4687, .T. ) ;
#4587 = ORIENTED_EDGE ( 'NONE', *, *, #2524, .F. ) ;
#4588 = CARTESIAN_POINT ( 'NONE',  ( 50.98352042590118316, 3.000000000000000000, -9.099539799702162313 ) ) ;
#4589 = ORIENTED_EDGE ( 'NONE', *, *, #1637, .F. ) ;
#4590 = CARTESIAN_POINT ( 'NONE',  ( 57.98498593535032342, 9.000000000000001776, 26.87032182043997608 ) ) ;
#4591 = DIRECTION ( 'NONE',  ( 0.09941544087793825757, -0.9848077530122085754, -0.1423736623188792128 ) ) ;
#4592 = VECTOR ( 'NONE', #1425, 1000.000000000000000 ) ;
#4593 = CARTESIAN_POINT ( 'NONE',  ( 49.99629665872035389, -5.000000000000048850, 40.05768100258118380 ) ) ;
#4594 = FACE_OUTER_BOUND ( 'NONE', #1627, .T. ) ;
#4595 = VERTEX_POINT ( 'NONE', #1736 ) ;
#4596 = VECTOR ( 'NONE', #2348, 1000.000000000000114 ) ;
#4597 = ORIENTED_EDGE ( 'NONE', *, *, #535, .F. ) ;
#4598 = VERTEX_POINT ( 'NONE', #1345 ) ;
#4599 = EDGE_CURVE ( 'NONE', #3190, #1517, #4488, .T. ) ;
#4600 = ADVANCED_FACE ( 'NONE', ( #4462 ), #978, .F. ) ;
#4601 = ORIENTED_EDGE ( 'NONE', *, *, #1286, .T. ) ;
#4602 = CARTESIAN_POINT ( 'NONE',  ( 33.54180883111460076, -4.999999999999848121, 63.62228699244936081 ) ) ;
#4603 = DIRECTION ( 'NONE',  ( 0.09941544087794622342, 0.9848077530122059109, -0.1423736623188905925 ) ) ;
#4604 = CARTESIAN_POINT ( 'NONE',  ( 53.17073798273668217, 1.999999999999668265, 35.51153773624989185 ) ) ;
#4605 = EDGE_CURVE ( 'NONE', #4993, #6, #4920, .T. ) ;
#4606 = ORIENTED_EDGE ( 'NONE', *, *, #4133, .T. ) ;
#4607 = CARTESIAN_POINT ( 'NONE',  ( 46.09724980078333090, 9.000000000000001776, 40.40146107753545124 ) ) ;
#4608 = LINE ( 'NONE', #3465, #3329 ) ;
#4609 = LINE ( 'NONE', #16, #4760 ) ;
#4610 = CARTESIAN_POINT ( 'NONE',  ( 39.00559817636808901, 1.999999999999864331, 55.79754978510032970 ) ) ;
#4611 = ORIENTED_EDGE ( 'NONE', *, *, #3272, .T. ) ;
#4612 = DIRECTION ( 'NONE',  ( 0.09941544087793825757, -0.9848077530122085754, -0.1423736623188792128 ) ) ;
#4613 = ORIENTED_EDGE ( 'NONE', *, *, #4886, .F. ) ;
#4614 = DIRECTION ( 'NONE',  ( 0.000000000000000000, -1.000000000000000000, 0.000000000000000000 ) ) ;
#4615 = VERTEX_POINT ( 'NONE', #1049 ) ;
#4616 = CARTESIAN_POINT ( 'NONE',  ( 47.72076633953582103, 9.000000000000001776, 34.58302537294979828 ) ) ;
#4617 = DIRECTION ( 'NONE',  ( -0.1673875490687021239, -0.000000000000000000, -0.9858911747331816633 ) ) ;
#4618 = VECTOR ( 'NONE', #3129, 1000.000000000000114 ) ;
#4619 = CARTESIAN_POINT ( 'NONE',  ( 49.91048903893908317, -4.149991103174115459, 40.18056679351304439 ) ) ;
#4620 = CARTESIAN_POINT ( 'NONE',  ( 47.68642194108137744, -5.000000000000000000, 43.34008418072561142 ) ) ;
#4621 = VERTEX_POINT ( 'NONE', #1830 ) ;
#4622 = ORIENTED_EDGE ( 'NONE', *, *, #2983, .F. ) ;
#4623 = ORIENTED_EDGE ( 'NONE', *, *, #3511, .T. ) ;
#4624 = PLANE ( 'NONE',  #3572 ) ;
#4625 = VECTOR ( 'NONE', #3311, 1000.000000000000000 ) ;
#4626 = LINE ( 'NONE', #3562, #3482 ) ;
#4627 = ORIENTED_EDGE ( 'NONE', *, *, #4251, .F. ) ;
#4628 = EDGE_CURVE ( 'NONE', #4312, #2475, #3540, .T. ) ;
#4629 = EDGE_CURVE ( 'NONE', #3241, #4615, #4560, .T. ) ;
#4630 = CIRCLE ( 'NONE', #3085, 2.999999999999999556 ) ;
#4631 = CARTESIAN_POINT ( 'NONE',  ( 52.62387185484443819, -5.000011999999999901, 31.05463249435049988 ) ) ;
#4632 = EDGE_CURVE ( 'NONE', #4204, #235, #3770, .T. ) ;
#4633 = APPROVAL_ROLE ( '' ) ;
#4634 = ORIENTED_EDGE ( 'NONE', *, *, #2633, .T. ) ;
#4635 = CARTESIAN_POINT ( 'NONE',  ( 39.71101115283217098, -7.291317754452535382, 54.78732211805449737 ) ) ;
#4636 = DIRECTION ( 'NONE',  ( 0.09941544087794627893, 0.9848077530122059109, -0.1423736623188905648 ) ) ;
#4637 = LINE ( 'NONE', #714, #1711 ) ;
#4638 = AXIS2_PLACEMENT_3D ( 'NONE', #4998, #5028, #4676 ) ;
#4639 = AXIS2_PLACEMENT_3D ( 'NONE', #70, #438, #2774 ) ;
#4640 = PLANE ( 'NONE',  #3014 ) ;
#4641 = EDGE_LOOP ( 'NONE', ( #2857, #2607, #244, #275 ) ) ;
#4642 = DIRECTION ( 'NONE',  ( -0.9784308844114436576, -0.1227878039689724449, 0.1661209186897225631 ) ) ;
#4643 = ORIENTED_EDGE ( 'NONE', *, *, #966, .F. ) ;
#4644 = LINE ( 'NONE', #2314, #2391 ) ;
#4645 = ORIENTED_EDGE ( 'NONE', *, *, #5040, .F. ) ;
#4646 = CARTESIAN_POINT ( 'NONE',  ( 49.91048903893907607, -4.149991103174116347, 40.18056679351304439 ) ) ;
#4647 = DIRECTION ( 'NONE',  ( -0.9784308844114458781, -0.1227878039689709599, 0.1661209186897108503 ) ) ;
#4648 = EDGE_CURVE ( 'NONE', #4496, #1702, #1276, .T. ) ;
#4649 = CARTESIAN_POINT ( 'NONE',  ( 56.58976367863157009, -5.000000000000363265, 28.86843097414531201 ) ) ;
#4650 = DIRECTION ( 'NONE',  ( -0.9784308844114445458, 0.1227878039689808132, 0.1661209186897112944 ) ) ;
#4651 = ORIENTED_EDGE ( 'NONE', *, *, #226, .F. ) ;
#4652 = ORIENTED_EDGE ( 'NONE', *, *, #2881, .T. ) ;
#4653 = VERTEX_POINT ( 'NONE', #3535 ) ;
#4654 = CARTESIAN_POINT ( 'NONE',  ( 45.02086108213994464, 1.999999999999777955, 46.04689098546316472 ) ) ;
#4655 = ORIENTED_EDGE ( 'NONE', *, *, #4952, .F. ) ;
#4656 = LINE ( 'NONE', #1979, #4178 ) ;
#4657 = EDGE_CURVE ( 'NONE', #2492, #304, #2001, .T. ) ;
#4658 = DIRECTION ( 'NONE',  ( 0.8198972441390307564, 0.000000000000000000, 0.5725107064965883064 ) ) ;
#4659 = LINE ( 'NONE', #2765, #2274 ) ;
#4660 = VECTOR ( 'NONE', #4325, 1000.000000000000114 ) ;
#4661 = APPROVAL_DATE_TIME ( #1516, #1299 ) ;
#4662 = ORIENTED_EDGE ( 'NONE', *, *, #1982, .F. ) ;
#4663 = CARTESIAN_POINT ( 'NONE',  ( 35.36608276677892349, 8.999999999999751310, 61.00972943599996512 ) ) ;
#4664 = FACE_OUTER_BOUND ( 'NONE', #1358, .T. ) ;
#4665 = CARTESIAN_POINT ( 'NONE',  ( 35.94695526855601031, -8.450605435470400550, 60.17785719675823231 ) ) ;
#4666 = ADVANCED_FACE ( 'NONE', ( #4345 ), #3633, .F. ) ;
#4667 = VECTOR ( 'NONE', #1967, 1000.000000000000114 ) ;
#4668 = EDGE_CURVE ( 'NONE', #4993, #483, #1202, .T. ) ;
#4669 = CARTESIAN_POINT ( 'NONE',  ( 57.99100352973672301, -5.000000000000211386, 28.60839619993137717 ) ) ;
#4670 = EDGE_LOOP ( 'NONE', ( #814, #2315, #2935, #2897 ) ) ;
#4671 = DIRECTION ( 'NONE',  ( -0.9784308844114458781, -0.1227878039689709599, 0.1661209186897107393 ) ) ;
#4672 = CARTESIAN_POINT ( 'NONE',  ( 45.92090796168677258, -5.378738055258769357, 45.89407833729737973 ) ) ;
#4673 = ORIENTED_EDGE ( 'NONE', *, *, #4368, .T. ) ;
#4674 = AXIS2_PLACEMENT_3D ( 'NONE', #3033, #2511, #562 ) ;
#4675 = CARTESIAN_POINT ( 'NONE',  ( 35.72143007557988881, -8.520064706537185728, 60.50083366183880429 ) ) ;
#4676 = DIRECTION ( 'NONE',  ( 0.5725107064965888615, 0.000000000000000000, -0.8198972441390304233 ) ) ;
#4677 = CARTESIAN_POINT ( 'NONE',  ( 38.77306113358160644, 1.999999999999854783, 56.13056797738457959 ) ) ;
#4678 = DIRECTION ( 'NONE',  ( -0.000000000000000000, -1.000000000000000000, 0.000000000000000000 ) ) ;
#4679 = ORIENTED_EDGE ( 'NONE', *, *, #2377, .F. ) ;
#4680 = DIRECTION ( 'NONE',  ( -0.09941544087793835471, 0.9848077530122084644, 0.1423736623188794348 ) ) ;
#4681 = EDGE_CURVE ( 'NONE', #2397, #1104, #2760, .T. ) ;
#4682 = VERTEX_POINT ( 'NONE', #2423 ) ;
#4683 = VERTEX_POINT ( 'NONE', #475 ) ;
#4684 = VECTOR ( 'NONE', #859, 1000.000000000000114 ) ;
#4685 = VECTOR ( 'NONE', #118, 999.9999999999998863 ) ;
#4686 = CARTESIAN_POINT ( 'NONE',  ( 63.38496883146206784, -1.223044851088246847E-16, 20.88365457382432311 ) ) ;
#4687 = EDGE_LOOP ( 'NONE', ( #1971, #661, #3046, #2447 ) ) ;
#4688 = FACE_BOUND ( 'NONE', #2694, .T. ) ;
#4689 = CARTESIAN_POINT ( 'NONE',  ( 37.41687615084311602, -4.999999999999714007, 56.32607930777520977 ) ) ;
#4690 = CARTESIAN_POINT ( 'NONE',  ( 33.98050938361770079, -5.000000000000000888, 54.26055923228652489 ) ) ;
#4691 = ORIENTED_EDGE ( 'NONE', *, *, #617, .T. ) ;
#4692 = DIRECTION ( 'NONE',  ( 0.3000856176668329489, 0.000000000000000000, -0.9539122716840975347 ) ) ;
#4693 = FACE_BOUND ( 'NONE', #2419, .T. ) ;
#4694 = LINE ( 'NONE', #1963, #345 ) ;
#4695 = ORIENTED_EDGE ( 'NONE', *, *, #141, .F. ) ;
#4696 = PLANE ( 'NONE',  #705 ) ;
#4697 = ORIENTED_EDGE ( 'NONE', *, *, #3923, .T. ) ;
#4698 = EDGE_CURVE ( 'NONE', #111, #2468, #2050, .T. ) ;
#4699 = LINE ( 'NONE', #3552, #4667 ) ;
#4700 = EDGE_CURVE ( 'NONE', #8, #4979, #4564, .T. ) ;
#4701 = DIRECTION ( 'NONE',  ( 0.09941544087793820206, -0.9848077530122085754, -0.1423736623188792405 ) ) ;
#4702 = DIRECTION ( 'NONE',  ( 0.5725107064965886394, -0.000000000000000000, -0.8198972441390305343 ) ) ;
#4703 = ORIENTED_EDGE ( 'NONE', *, *, #4067, .T. ) ;
#4704 = DIRECTION ( 'NONE',  ( 0.8198972441390306454, 0.000000000000000000, 0.5725107064965884174 ) ) ;
#4705 = ORIENTED_EDGE ( 'NONE', *, *, #4251, .T. ) ;
#4706 = VECTOR ( 'NONE', #182, 999.9999999999998863 ) ;
#4707 = ORIENTED_EDGE ( 'NONE', *, *, #2919, .F. ) ;
#4708 = CARTESIAN_POINT ( 'NONE',  ( 55.13500195302312790, 9.000000000000001776, 23.06303059571828840 ) ) ;
#4709 = ORIENTED_EDGE ( 'NONE', *, *, #3592, .T. ) ;
#4710 = EDGE_CURVE ( 'NONE', #4328, #3829, #3009, .T. ) ;
#4711 = CARTESIAN_POINT ( 'NONE',  ( 47.70694863748317971, -5.000000000000097700, 43.33627494359893007 ) ) ;
#4712 = VECTOR ( 'NONE', #949, 1000.000000000000000 ) ;
#4713 = LINE ( 'NONE', #2332, #4078 ) ;
#4714 = LINE ( 'NONE', #64, #3137 ) ;
#4715 = EDGE_LOOP ( 'NONE', ( #2395, #3478, #301, #593 ) ) ;
#4716 = CARTESIAN_POINT ( 'NONE',  ( 39.47368712929389289, 8.999999999999422684, 53.38050355904159971 ) ) ;
#4717 = PLANE ( 'NONE',  #612 ) ;
#4718 = PLANE ( 'NONE',  #627 ) ;
#4719 = DIRECTION ( 'NONE',  ( -0.000000000000000000, 1.000000000000000000, 0.000000000000000000 ) ) ;
#4720 = ORIENTED_EDGE ( 'NONE', *, *, #2815, .F. ) ;
#4721 = PLANE ( 'NONE',  #4639 ) ;
#4722 = VERTEX_POINT ( 'NONE', #2235 ) ;
#4723 = DIRECTION ( 'NONE',  ( 0.09941544087793829920, -0.9848077530122085754, -0.1423736623188791295 ) ) ;
#4724 = EDGE_CURVE ( 'NONE', #1405, #292, #1163, .T. ) ;
#4725 = EDGE_CURVE ( 'NONE', #3549, #649, #5025, .T. ) ;
#4726 = CARTESIAN_POINT ( 'NONE',  ( 39.47970472368034223, 8.999999999999701572, 55.11857793853295107 ) ) ;
#4727 = DIRECTION ( 'NONE',  ( -0.5725107064965888615, -1.822260403705923918E-13, 0.8198972441390304233 ) ) ;
#4728 = ORIENTED_EDGE ( 'NONE', *, *, #2723, .T. ) ;
#4729 = DIRECTION ( 'NONE',  ( -0.1810789180022899514, 0.1227878039689723755, -0.9757733244209935153 ) ) ;
#4730 = VERTEX_POINT ( 'NONE', #3442 ) ;
#4731 = ORIENTED_EDGE ( 'NONE', *, *, #3554, .T. ) ;
#4732 = EDGE_CURVE ( 'NONE', #2896, #1803, #4286, .T. ) ;
#4733 = AXIS2_PLACEMENT_3D ( 'NONE', #2579, #737, #4145 ) ;
#4734 = DIRECTION ( 'NONE',  ( 0.3000856176668329489, 0.000000000000000000, -0.9539122716840975347 ) ) ;
#4735 = ORIENTED_EDGE ( 'NONE', *, *, #407, .F. ) ;
#4736 = CARTESIAN_POINT ( 'NONE',  ( 44.24889780792735650, 8.999999999999825917, 46.54188546654630443 ) ) ;
#4737 = VECTOR ( 'NONE', #942, 1000.000000000000114 ) ;
#4738 = CARTESIAN_POINT ( 'NONE',  ( 28.47119357119232674, -5.000000000000000888, 55.90205482400399006 ) ) ;
#4739 = ORIENTED_EDGE ( 'NONE', *, *, #2766, .F. ) ;
#4740 = EDGE_CURVE ( 'NONE', #3394, #2000, #2714, .T. ) ;
#4741 = VERTEX_POINT ( 'NONE', #721 ) ;
#4742 = DIRECTION ( 'NONE',  ( -0.9784308844114444348, -0.1227878039689725420, 0.1661209186897180667 ) ) ;
#4743 = FACE_OUTER_BOUND ( 'NONE', #891, .T. ) ;
#4744 = FACE_OUTER_BOUND ( 'NONE', #397, .T. ) ;
#4745 = ORIENTED_EDGE ( 'NONE', *, *, #3333, .T. ) ;
#4746 = ORIENTED_EDGE ( 'NONE', *, *, #3611, .F. ) ;
#4747 = DIRECTION ( 'NONE',  ( 0.8198972441390307564, 0.000000000000000000, 0.5725107064965883064 ) ) ;
#4748 = VECTOR ( 'NONE', #2585, 1000.000000000000000 ) ;
#4749 = DIRECTION ( 'NONE',  ( 0.5725107064965860859, 0.000000000000000000, -0.8198972441390321997 ) ) ;
#4750 = VECTOR ( 'NONE', #260, 1000.000000000000114 ) ;
#4751 = VECTOR ( 'NONE', #1903, 1000.000000000000341 ) ;
#4752 = VECTOR ( 'NONE', #3607, 1000.000000000000114 ) ;
#4753 = LINE ( 'NONE', #1195, #3048 ) ;
#4754 = LINE ( 'NONE', #2440, #2810 ) ;
#4755 = ORIENTED_EDGE ( 'NONE', *, *, #3386, .F. ) ;
#4756 = ORIENTED_EDGE ( 'NONE', *, *, #1507, .F. ) ;
#4757 = ORIENTED_EDGE ( 'NONE', *, *, #1204, .F. ) ;
#4758 = PLANE ( 'NONE',  #2331 ) ;
#4759 = ORIENTED_EDGE ( 'NONE', *, *, #3041, .T. ) ;
#4760 = VECTOR ( 'NONE', #1128, 1000.000000000000114 ) ;
#4761 = EDGE_CURVE ( 'NONE', #4343, #3394, #1857, .T. ) ;
#4762 = ADVANCED_FACE ( 'NONE', ( #4203 ), #3035, .F. ) ;
#4763 = VECTOR ( 'NONE', #270, 1000.000000000000000 ) ;
#4764 = VECTOR ( 'NONE', #1722, 1000.000000000000114 ) ;
#4765 = CARTESIAN_POINT ( 'NONE',  ( 53.87136397844894731, -5.000000000000000000, 32.76147331790694039 ) ) ;
#4766 = CARTESIAN_POINT ( 'NONE',  ( 63.38496883146206784, 1.604334603807751226E-18, 20.88365457382431956 ) ) ;
#4767 = ORIENTED_EDGE ( 'NONE', *, *, #4450, .F. ) ;
#4768 = VERTEX_POINT ( 'NONE', #3773 ) ;
#4769 = EDGE_CURVE ( 'NONE', #1721, #2196, #3471, .T. ) ;
#4770 = DIRECTION ( 'NONE',  ( -0.1810789180022991385, -0.1227878039689809658, -0.9757733244209906287 ) ) ;
#4771 = VECTOR ( 'NONE', #4702, 1000.000000000000114 ) ;
#4772 = EDGE_CURVE ( 'NONE', #2842, #1322, #4644, .T. ) ;
#4773 = CARTESIAN_POINT ( 'NONE',  ( 28.92107278762647837, 9.000000000000001776, 68.49298847681787095 ) ) ;
#4774 = DIRECTION ( 'NONE',  ( 0.5725107064965886394, -0.000000000000000000, -0.8198972441390305343 ) ) ;
#4775 = ORIENTED_EDGE ( 'NONE', *, *, #3764, .T. ) ;
#4776 = CARTESIAN_POINT ( 'NONE',  ( 38.85246832460587285, 15.00000000000000355, 22.90205482400400072 ) ) ;
#4777 = CARTESIAN_POINT ( 'NONE',  ( 41.90958580973165937, 9.000000000000001776, 13.18408863916928375 ) ) ;
#4778 = LINE ( 'NONE', #1246, #579 ) ;
#4779 = CARTESIAN_POINT ( 'NONE',  ( 63.38496883146206784, -1.223044851088355562E-16, 20.88365457382432311 ) ) ;
#4780 = ORIENTED_EDGE ( 'NONE', *, *, #350, .T. ) ;
#4781 = VERTEX_POINT ( 'NONE', #1105 ) ;
#4782 = ORIENTED_EDGE ( 'NONE', *, *, #172, .T. ) ;
#4783 = DIRECTION ( 'NONE',  ( 0.000000000000000000, 1.000000000000000000, -0.000000000000000000 ) ) ;
#4784 = ORIENTED_EDGE ( 'NONE', *, *, #2626, .T. ) ;
#4785 = VECTOR ( 'NONE', #2327, 999.9999999999998863 ) ;
#4786 = EDGE_CURVE ( 'NONE', #1583, #2073, #2666, .T. ) ;
#4787 = DIRECTION ( 'NONE',  ( -0.5725107064965843096, 0.000000000000000000, 0.8198972441390334209 ) ) ;
#4788 = EDGE_CURVE ( 'NONE', #1322, #3289, #1938, .T. ) ;
#4789 = VERTEX_POINT ( 'NONE', #1553 ) ;
#4790 = CARTESIAN_POINT ( 'NONE',  ( 31.90803193722303277, 8.999999999999976907, 64.21533995894743896 ) ) ;
#4791 = ORIENTED_EDGE ( 'NONE', *, *, #4162, .F. ) ;
#4792 = CARTESIAN_POINT ( 'NONE',  ( 53.57775827293770021, 0.000000000000000000, -11.12504262591331639 ) ) ;
#4793 = DIRECTION ( 'NONE',  ( 0.5725107064965883064, 0.000000000000000000, -0.8198972441390307564 ) ) ;
#4794 = LINE ( 'NONE', #1777, #3989 ) ;
#4795 = ORIENTED_EDGE ( 'NONE', *, *, #1921, .T. ) ;
#4796 = EDGE_CURVE ( 'NONE', #1977, #370, #3117, .T. ) ;
#4797 = AXIS2_PLACEMENT_3D ( 'NONE', #2383, #3140, #3621 ) ;
#4798 = ORIENTED_EDGE ( 'NONE', *, *, #3547, .F. ) ;
#4799 = CARTESIAN_POINT ( 'NONE',  ( 37.32460022642328568, 8.026305988923693846, 58.20492063585194842 ) ) ;
#4800 = LINE ( 'NONE', #3628, #3222 ) ;
#4801 = PLANE ( 'NONE',  #2955 ) ;
#4802 = EDGE_LOOP ( 'NONE', ( #4240, #2622, #2961, #748 ) ) ;
#4803 = ORIENTED_EDGE ( 'NONE', *, *, #789, .F. ) ;
#4804 = CARTESIAN_POINT ( 'NONE',  ( 29.31050187375960903, 10.49455985665167645, 69.68197613725372719 ) ) ;
#4805 = EDGE_CURVE ( 'NONE', #153, #2601, #4714, .T. ) ;
#4806 = VECTOR ( 'NONE', #2086, 999.9999999999998863 ) ;
#4807 = AXIS2_PLACEMENT_3D ( 'NONE', #1908, #4201, #4992 ) ;
#4808 = PLANE ( 'NONE',  #2488 ) ;
#4809 = EDGE_LOOP ( 'NONE', ( #3993, #4044, #2848, #4171 ) ) ;
#4810 = DIRECTION ( 'NONE',  ( 0.09941544087793825757, -0.9848077530122085754, -0.1423736623188792128 ) ) ;
#4811 = ORIENTED_EDGE ( 'NONE', *, *, #4571, .T. ) ;
#4812 = VERTEX_POINT ( 'NONE', #1181 ) ;
#4813 = CARTESIAN_POINT ( 'NONE',  ( 41.90958580973165937, -5.000000000000000000, 13.18408863916928375 ) ) ;
#4814 = EDGE_CURVE ( 'NONE', #1481, #5016, #3978, .T. ) ;
#4815 = FACE_OUTER_BOUND ( 'NONE', #362, .T. ) ;
#4816 = CARTESIAN_POINT ( 'NONE',  ( 33.98050938361770079, 9.000000000000001776, 54.26055923228652489 ) ) ;
#4817 = DIRECTION ( 'NONE',  ( -0.09941544087794605689, -0.9848077530122060219, 0.1423736623188903705 ) ) ;
#4818 = EDGE_LOOP ( 'NONE', ( #4791, #322, #4400, #63 ) ) ;
#4819 = FACE_OUTER_BOUND ( 'NONE', #2406, .T. ) ;
#4820 = CARTESIAN_POINT ( 'NONE',  ( 57.98498593535032342, 8.999999999999641176, 26.87032182043997608 ) ) ;
#4821 = EDGE_CURVE ( 'NONE', #4923, #324, #2100, .T. ) ;
#4822 = LINE ( 'NONE', #2853, #1787 ) ;
#4823 = EDGE_CURVE ( 'NONE', #3676, #3479, #577, .T. ) ;
#4824 = DIRECTION ( 'NONE',  ( -0.09941544087793841022, 0.9848077530122084644, 0.1423736623188794348 ) ) ;
#4825 = CARTESIAN_POINT ( 'NONE',  ( 35.72143007557988881, -8.520064706537183952, 60.50083366183880429 ) ) ;
#4826 = EDGE_LOOP ( 'NONE', ( #4211, #2970, #1414, #1572, #1867, #4982 ) ) ;
#4827 = ORIENTED_EDGE ( 'NONE', *, *, #1539, .F. ) ;
#4828 = VECTOR ( 'NONE', #1326, 999.9999999999998863 ) ;
#4829 = CARTESIAN_POINT ( 'NONE',  ( 59.28548261076690551, -5.000000000000000000, 18.02110104134137458 ) ) ;
#4830 = CARTESIAN_POINT ( 'NONE',  ( 29.88682194665780756, 15.00000000000000355, 51.40205482400399006 ) ) ;
#4831 = VECTOR ( 'NONE', #4197, 1000.000000000000114 ) ;
#4832 = EDGE_CURVE ( 'NONE', #3804, #1641, #2119, .T. ) ;
#4833 = CARTESIAN_POINT ( 'NONE',  ( 63.38496883146206784, 0.000000000000000000, 20.88365457382432311 ) ) ;
#4834 = ORIENTED_EDGE ( 'NONE', *, *, #1204, .T. ) ;
#4835 = VECTOR ( 'NONE', #4948, 1000.000000000000000 ) ;
#4836 = LINE ( 'NONE', #2402, #580 ) ;
#4837 = ORIENTED_EDGE ( 'NONE', *, *, #149, .T. ) ;
#4838 = ORIENTED_EDGE ( 'NONE', *, *, #4725, .F. ) ;
#4839 = VECTOR ( 'NONE', #4568, 1000.000000000000114 ) ;
#4840 = CARTESIAN_POINT ( 'NONE',  ( 51.11392700428594793, 1.999999999999703792, 38.45711348498341664 ) ) ;
#4841 = ORIENTED_EDGE ( 'NONE', *, *, #2163, .T. ) ;
#4842 = AXIS2_PLACEMENT_3D ( 'NONE', #3654, #904, #2464 ) ;
#4843 = CYLINDRICAL_SURFACE ( 'NONE', #3895, 0.9999999999999997780 ) ;
#4844 = ORIENTED_EDGE ( 'NONE', *, *, #4135, .T. ) ;
#4845 = CARTESIAN_POINT ( 'NONE',  ( 42.12411585839308259, 9.000000000000001776, 12.50214044167083571 ) ) ;
#4846 = DIRECTION ( 'NONE',  ( 0.000000000000000000, 1.000000000000000000, 0.000000000000000000 ) ) ;
#4847 = ADVANCED_FACE ( 'NONE', ( #1281 ), #4855, .F. ) ;
#4848 = PLANE ( 'NONE',  #4183 ) ;
#4849 = PLANE ( 'NONE',  #1257 ) ;
#4850 = ORIENTED_EDGE ( 'NONE', *, *, #80, .F. ) ;
#4851 = EDGE_CURVE ( 'NONE', #153, #2299, #2756, .T. ) ;
#4852 = ORIENTED_EDGE ( 'NONE', *, *, #2625, .T. ) ;
#4853 = LINE ( 'NONE', #2544, #1245 ) ;
#4854 = CARTESIAN_POINT ( 'NONE',  ( 52.16548357091393484, 9.000000000000001776, 37.77398507672438654 ) ) ;
#4855 = PLANE ( 'NONE',  #4842 ) ;
#4856 = DIRECTION ( 'NONE',  ( -0.09941544087794607076, -0.9848077530122059109, 0.1423736623188903982 ) ) ;
#4857 = ADVANCED_FACE ( 'NONE', ( #3644 ), #3669, .F. ) ;
#4858 = ORIENTED_EDGE ( 'NONE', *, *, #3450, .T. ) ;
#4859 = VERTEX_POINT ( 'NONE', #786 ) ;
#4860 = ORIENTED_EDGE ( 'NONE', *, *, #997, .F. ) ;
#4861 = EDGE_CURVE ( 'NONE', #4347, #2601, #900, .T. ) ;
#4862 = DIRECTION ( 'NONE',  ( -0.9832133515137227997, -0.000000000000000000, 0.1824595993779238590 ) ) ;
#4863 = DIRECTION ( 'NONE',  ( 0.000000000000000000, -1.000000000000000000, -0.000000000000000000 ) ) ;
#4864 = DIRECTION ( 'NONE',  ( -0.9784308844114448789, 0.1227878039689806189, 0.1661209186897096013 ) ) ;
#4865 =( LENGTH_UNIT ( ) NAMED_UNIT ( * ) SI_UNIT ( .MILLI., .METRE. ) );
#4866 = ORIENTED_EDGE ( 'NONE', *, *, #1894, .F. ) ;
#4867 = CARTESIAN_POINT ( 'NONE',  ( 33.98050938361770079, 15.00000000000000355, 54.26055923228652489 ) ) ;
#4868 = CARTESIAN_POINT ( 'NONE',  ( 57.98498593535033052, -5.000000000000000000, 26.87032182043997963 ) ) ;
#4869 = CARTESIAN_POINT ( 'NONE',  ( 41.90393393394258226, 20.00000000000000355, 13.20205482400400143 ) ) ;
#4870 = VECTOR ( 'NONE', #1490, 1000.000000000000000 ) ;
#4871 = CC_DESIGN_APPROVAL ( #2957, ( #3487 ) ) ;
#4872 = DIRECTION ( 'NONE',  ( 0.000000000000000000, -1.000000000000000000, 0.000000000000000000 ) ) ;
#4873 = LINE ( 'NONE', #1370, #3365 ) ;
#4874 = VERTEX_POINT ( 'NONE', #398 ) ;
#4875 = AXIS2_PLACEMENT_3D ( 'NONE', #189, #898, #1705 ) ;
#4876 = ORIENTED_EDGE ( 'NONE', *, *, #3056, .T. ) ;
#4877 = PLANE ( 'NONE',  #4906 ) ;
#4878 = CARTESIAN_POINT ( 'NONE',  ( 39.71101115283217098, -7.291317754452535382, 54.78732211805449737 ) ) ;
#4879 = EDGE_CURVE ( 'NONE', #4065, #2566, #54, .T. ) ;
#4880 = EDGE_CURVE ( 'NONE', #3847, #378, #145, .T. ) ;
#4881 = DIRECTION ( 'NONE',  ( -0.1673875490687020129, -0.000000000000000000, -0.9858911747331816633 ) ) ;
#4882 = DIRECTION ( 'NONE',  ( -0.09941544087793839635, 0.9848077530122084644, 0.1423736623188794070 ) ) ;
#4883 = ORIENTED_EDGE ( 'NONE', *, *, #4908, .T. ) ;
#4884 = AXIS2_PLACEMENT_3D ( 'NONE', #4263, #754, #2318 ) ;
#4885 = AXIS2_PLACEMENT_3D ( 'NONE', #1285, #2009, #4028 ) ;
#4886 = EDGE_CURVE ( 'NONE', #2833, #3602, #4319, .T. ) ;
#4887 = ORIENTED_EDGE ( 'NONE', *, *, #3512, .T. ) ;
#4888 = DIRECTION ( 'NONE',  ( 0.5725107064965888615, 0.000000000000000000, -0.8198972441390304233 ) ) ;
#4889 = CARTESIAN_POINT ( 'NONE',  ( 37.05933904901625908, -5.000000000000000888, 28.60205482400400356 ) ) ;
#4890 = LINE ( 'NONE', #2175, #4090 ) ;
#4891 = VECTOR ( 'NONE', #3213, 999.9999999999998863 ) ;
#4892 = EDGE_CURVE ( 'NONE', #2027, #3021, #532, .T. ) ;
#4893 = VERTEX_POINT ( 'NONE', #1708 ) ;
#4894 = DIRECTION ( 'NONE',  ( 0.9832133515137240209, -2.967983465470583464E-15, -0.1824595993779176972 ) ) ;
#4895 = DIRECTION ( 'NONE',  ( 0.09941544087793748041, -0.9848077530122086864, -0.1423736623188780748 ) ) ;
#4896 = CARTESIAN_POINT ( 'NONE',  ( 59.28548261076690551, -5.000011999999999901, 18.02110104134137458 ) ) ;
#4897 = CARTESIAN_POINT ( 'NONE',  ( 22.25362095265081308, -5.000000000000000000, 69.00171235333668562 ) ) ;
#4898 = ORIENTED_EDGE ( 'NONE', *, *, #865, .F. ) ;
#4899 = ORIENTED_EDGE ( 'NONE', *, *, #2260, .T. ) ;
#4900 = LINE ( 'NONE', #1010, #821 ) ;
#4901 = DIRECTION ( 'NONE',  ( -0.09941544087793839635, 0.9848077530122084644, 0.1423736623188794070 ) ) ;
#4902 = LINE ( 'NONE', #1494, #156 ) ;
#4903 = DIRECTION ( 'NONE',  ( -0.1810789180022938927, -0.1227878039689816181, -0.9757733244209915169 ) ) ;
#4904 = PLANE ( 'NONE',  #774 ) ;
#4905 = ORIENTED_EDGE ( 'NONE', *, *, #2725, .T. ) ;
#4906 = AXIS2_PLACEMENT_3D ( 'NONE', #1693, #4518, #3254 ) ;
#4907 = VERTEX_POINT ( 'NONE', #4407 ) ;
#4908 = EDGE_CURVE ( 'NONE', #3403, #3609, #760, .T. ) ;
#4909 = VECTOR ( 'NONE', #3721, 1000.000000000000114 ) ;
#4910 = EDGE_CURVE ( 'NONE', #2656, #1907, #371, .T. ) ;
#4911 = DIRECTION ( 'NONE',  ( -0.09941544087794665363, -0.9848077530122059109, 0.1423736623188910921 ) ) ;
#4912 = PLANE ( 'NONE',  #4733 ) ;
#4913 = CARTESIAN_POINT ( 'NONE',  ( 44.33496463429405310, 9.000000000000001776, 8.806675837962608000 ) ) ;
#4914 =( NAMED_UNIT ( * ) PLANE_ANGLE_UNIT ( ) SI_UNIT ( $, .RADIAN. ) );
#4915 = VECTOR ( 'NONE', #4011, 1000.000000000000114 ) ;
#4916 = ORIENTED_EDGE ( 'NONE', *, *, #4981, .F. ) ;
#4917 = LINE ( 'NONE', #1461, #4751 ) ;
#4918 = CYLINDRICAL_SURFACE ( 'NONE', #1293, 1.000000000000001110 ) ;
#4919 = VECTOR ( 'NONE', #698, 1000.000000000000114 ) ;
#4920 = LINE ( 'NONE', #591, #4104 ) ;
#4921 = DIRECTION ( 'NONE',  ( -0.8198972441390307564, 0.000000000000000000, -0.5725107064965883064 ) ) ;
#4922 = VERTEX_POINT ( 'NONE', #925 ) ;
#4923 = VERTEX_POINT ( 'NONE', #2324 ) ;
#4924 = CARTESIAN_POINT ( 'NONE',  ( 50.15345196258983407, 4.000000000000000000, -9.689133818806597631 ) ) ;
#4925 = CARTESIAN_POINT ( 'NONE',  ( 28.47119357119232674, 15.00000000000000355, 55.90205482400399006 ) ) ;
#4926 = DIRECTION ( 'NONE',  ( 0.5725107064965885284, 0.000000000000000000, -0.8198972441390304233 ) ) ;
#4927 = DIRECTION ( 'NONE',  ( -0.09941544087793841022, 0.9848077530122084644, 0.1423736623188794070 ) ) ;
#4928 = LINE ( 'NONE', #1836, #4521 ) ;
#4929 = ORIENTED_EDGE ( 'NONE', *, *, #2135, .F. ) ;
#4930 = ORIENTED_EDGE ( 'NONE', *, *, #4066, .F. ) ;
#4931 = DIRECTION ( 'NONE',  ( -0.9832133515137237989, -0.000000000000000000, 0.1824595993779188630 ) ) ;
#4932 = ADVANCED_FACE ( 'NONE', ( #1199 ), #4432, .F. ) ;
#4933 = EDGE_CURVE ( 'NONE', #4317, #488, #3506, .T. ) ;
#4934 = DIRECTION ( 'NONE',  ( 0.000000000000000000, -1.000000000000000000, 0.000000000000000000 ) ) ;
#4935 = DIRECTION ( 'NONE',  ( 0.9784308844114453230, 0.1227878039689713485, -0.1661209186897140422 ) ) ;
#4936 = VECTOR ( 'NONE', #543, 1000.000000000000114 ) ;
#4937 = ORIENTED_EDGE ( 'NONE', *, *, #4487, .T. ) ;
#4938 = DIRECTION ( 'NONE',  ( 0.09941544087794182416, 0.9848077530122072432, -0.1423736623188842088 ) ) ;
#4939 = LINE ( 'NONE', #713, #790 ) ;
#4940 = LINE ( 'NONE', #265, #2841 ) ;
#4941 = EDGE_CURVE ( 'NONE', #4273, #3710, #2730, .T. ) ;
#4942 = DIRECTION ( 'NONE',  ( 0.5725107064965885284, 0.000000000000000000, -0.8198972441390304233 ) ) ;
#4943 = CARTESIAN_POINT ( 'NONE',  ( 55.35284994431998484, 8.999999999999699796, 32.38651742937527445 ) ) ;
#4944 = ORIENTED_EDGE ( 'NONE', *, *, #3954, .F. ) ;
#4945 = CARTESIAN_POINT ( 'NONE',  ( 55.89486065481753485, -2.306870675047136388, 31.61029947783653427 ) ) ;
#4946 = ORIENTED_EDGE ( 'NONE', *, *, #253, .F. ) ;
#4947 = CARTESIAN_POINT ( 'NONE',  ( 50.66230067306774743, 0.000000000000000000, -10.41786020011318392 ) ) ;
#4948 = DIRECTION ( 'NONE',  ( 0.000000000000000000, -1.000000000000000000, 0.000000000000000000 ) ) ;
#4949 = LOCAL_TIME ( 11, 2, 28.00000000000000000, #3462 ) ;
#4950 = DIRECTION ( 'NONE',  ( 0.1810789180022930045, 0.1227878039689810907, 0.9757733244209917389 ) ) ;
#4951 = ORIENTED_EDGE ( 'NONE', *, *, #4879, .F. ) ;
#4952 = EDGE_CURVE ( 'NONE', #2628, #3935, #1998, .T. ) ;
#4953 = ORIENTED_EDGE ( 'NONE', *, *, #2071, .T. ) ;
#4954 = VECTOR ( 'NONE', #4029, 1000.000000000000000 ) ;
#4955 = ORIENTED_EDGE ( 'NONE', *, *, #141, .T. ) ;
#4956 = CARTESIAN_POINT ( 'NONE',  ( 45.22630455931421523, 9.000000000000001776, 46.36050342569750882 ) ) ;
#4957 = ORIENTED_EDGE ( 'NONE', *, *, #307, .T. ) ;
#4958 = DIRECTION ( 'NONE',  ( -0.9832133515137240209, -0.000000000000000000, 0.1824595993779179470 ) ) ;
#4959 = PLANE ( 'NONE',  #1869 ) ;
#4960 = FACE_OUTER_BOUND ( 'NONE', #3877, .T. ) ;
#4961 = PERSON_AND_ORGANIZATION ( #2860, #1361 ) ;
#4962 = ORIENTED_EDGE ( 'NONE', *, *, #2725, .F. ) ;
#4963 = CARTESIAN_POINT ( 'NONE',  ( 56.58976367863157009, 8.999999999999639400, 28.86843097414531201 ) ) ;
#4964 = DIRECTION ( 'NONE',  ( 0.09941544087793825757, -0.9848077530122084644, -0.1423736623188791850 ) ) ;
#4965 = PLANE ( 'NONE',  #4983 ) ;
#4966 = CARTESIAN_POINT ( 'NONE',  ( 29.09368181783466412, 9.000000000000001776, 64.75240922846464287 ) ) ;
#4967 = CARTESIAN_POINT ( 'NONE',  ( 49.76375961593396369, 8.999999999999575451, 40.39069919486530580 ) ) ;
#4968 = ORIENTED_EDGE ( 'NONE', *, *, #2497, .T. ) ;
#4969 = CARTESIAN_POINT ( 'NONE',  ( 27.45388732955660060, 15.00000000000000355, 63.60738781547146914 ) ) ;
#4970 = ORIENTED_EDGE ( 'NONE', *, *, #3003, .F. ) ;
#4971 = EDGE_CURVE ( 'NONE', #763, #3195, #3378, .T. ) ;
#4972 = DIRECTION ( 'NONE',  ( -0.09941544087793841022, 0.9848077530122084644, 0.1423736623188794070 ) ) ;
#4973 = EDGE_CURVE ( 'NONE', #2590, #3620, #3916, .T. ) ;
#4974 = AXIS2_PLACEMENT_3D ( 'NONE', #2949, #1071, #4479 ) ;
#4975 = DIRECTION ( 'NONE',  ( 0.000000000000000000, -1.000000000000000000, 0.000000000000000000 ) ) ;
#4976 = CARTESIAN_POINT ( 'NONE',  ( 41.06240915481879483, 1.999999999999859002, 52.85197403636681912 ) ) ;
#4977 = CARTESIAN_POINT ( 'NONE',  ( 33.45632498642206798, -5.000000000000000000, 63.11879812166090886 ) ) ;
#4978 = ORIENTED_EDGE ( 'NONE', *, *, #597, .T. ) ;
#4979 = VERTEX_POINT ( 'NONE', #3532 ) ;
#4980 = EDGE_LOOP ( 'NONE', ( #2183, #487, #4784, #2094 ) ) ;
#4981 = EDGE_CURVE ( 'NONE', #1086, #1973, #511, .T. ) ;
#4982 = ORIENTED_EDGE ( 'NONE', *, *, #89, .T. ) ;
#4983 = AXIS2_PLACEMENT_3D ( 'NONE', #1463, #1491, #1098 ) ;
#4984 = DIRECTION ( 'NONE',  ( 0.09941544087794181028, 0.9848077530122073542, -0.1423736623188841810 ) ) ;
#4985 = VECTOR ( 'NONE', #2903, 1000.000000000000000 ) ;
#4986 = CARTESIAN_POINT ( 'NONE',  ( 31.67995122224742133, -5.000000000000000888, 45.70205482400400143 ) ) ;
#4987 = DIRECTION ( 'NONE',  ( -0.9539122716840975347, 0.000000000000000000, -0.3000856176668329489 ) ) ;
#4988 = ORIENTED_EDGE ( 'NONE', *, *, #3249, .T. ) ;
#4989 = FACE_OUTER_BOUND ( 'NONE', #857, .T. ) ;
#4990 = CARTESIAN_POINT ( 'NONE',  ( 30.79588388709100144, 2.173648177666894998, 67.55474846202535844 ) ) ;
#4991 = CARTESIAN_POINT ( 'NONE',  ( 40.64559760019547952, -5.000011999999999901, 17.20205482400400143 ) ) ;
#4992 = DIRECTION ( 'NONE',  ( -0.09941544087794605689, -0.9848077530122059109, 0.1423736623188903705 ) ) ;
#4993 = VERTEX_POINT ( 'NONE', #29 ) ;
#4994 = VECTOR ( 'NONE', #39, 1000.000000000000114 ) ;
#4995 = DIRECTION ( 'NONE',  ( -0.5725107064965888615, 0.000000000000000000, 0.8198972441390304233 ) ) ;
#4996 = EDGE_LOOP ( 'NONE', ( #4679, #92, #2322, #1560 ) ) ;
#4997 = PLANE ( 'NONE',  #1234 ) ;
#4998 = CARTESIAN_POINT ( 'NONE',  ( 57.98498593535032342, 4.000000000000000000, 26.87032182043997608 ) ) ;
#4999 = VECTOR ( 'NONE', #668, 1000.000000000000114 ) ;
#5000 = AXIS2_PLACEMENT_3D ( 'NONE', #1550, #18, #389 ) ;
#5001 = EDGE_CURVE ( 'NONE', #3626, #1030, #1590, .T. ) ;
#5002 = EDGE_CURVE ( 'NONE', #3766, #300, #1141, .T. ) ;
#5003 = FACE_OUTER_BOUND ( 'NONE', #1498, .T. ) ;
#5004 = CARTESIAN_POINT ( 'NONE',  ( 45.64412006464606009, 8.999999999999348077, 44.54377631284103956 ) ) ;
#5005 = ORIENTED_EDGE ( 'NONE', *, *, #996, .T. ) ;
#5006 = ORIENTED_EDGE ( 'NONE', *, *, #882, .T. ) ;
#5007 = VERTEX_POINT ( 'NONE', #4073 ) ;
#5008 = VECTOR ( 'NONE', #4463, 1000.000000000000000 ) ;
#5009 = EDGE_CURVE ( 'NONE', #2646, #3415, #1340, .T. ) ;
#5010 = ORIENTED_EDGE ( 'NONE', *, *, #1791, .F. ) ;
#5011 = CARTESIAN_POINT ( 'NONE',  ( 32.59661060384303255, 1.999999999999925837, 63.22922084409376708 ) ) ;
#5012 = DIRECTION ( 'NONE',  ( -0.8198972441390304233, 0.000000000000000000, -0.5725107064965888615 ) ) ;
#5013 = DIRECTION ( 'NONE',  ( -0.9832133515137219115, -0.000000000000000000, 0.1824595993779287439 ) ) ;
#5014 = CALENDAR_DATE ( 2026, 15, 9 ) ;
#5015 = ADVANCED_FACE ( 'NONE', ( #3000 ), #4843, .F. ) ;
#5016 = VERTEX_POINT ( 'NONE', #606 ) ;
#5017 = DIRECTION ( 'NONE',  ( -0.09941544087794602913, -0.9848077530122060219, 0.1423736623188903427 ) ) ;
#5018 = LINE ( 'NONE', #1519, #4306 ) ;
#5019 = CARTESIAN_POINT ( 'NONE',  ( 33.47308049783703154, 15.00000000000000355, 40.00205482400400570 ) ) ;
#5020 = CARTESIAN_POINT ( 'NONE',  ( 50.41933074327951658, 8.999999999999749534, 37.70515822034573006 ) ) ;
#5021 = CARTESIAN_POINT ( 'NONE',  ( 29.09368181783466412, 15.00000000000000355, 64.75240922846464287 ) ) ;
#5022 = ORIENTED_EDGE ( 'NONE', *, *, #4933, .F. ) ;
#5023 = LINE ( 'NONE', #3469, #4398 ) ;
#5024 = ORIENTED_EDGE ( 'NONE', *, *, #1591, .T. ) ;
#5025 = LINE ( 'NONE', #4969, #2550 ) ;
#5026 = ORIENTED_EDGE ( 'NONE', *, *, #434, .F. ) ;
#5027 = FACE_OUTER_BOUND ( 'NONE', #3889, .T. ) ;
#5028 = DIRECTION ( 'NONE',  ( -0.8198972441390304233, 0.000000000000000000, -0.5725107064965888615 ) ) ;
#5029 = CIRCLE ( 'NONE', #2413, 3.000000000000000888 ) ;
#5030 = DIRECTION ( 'NONE',  ( -0.09941544087794604301, -0.9848077530122060219, 0.1423736623188903705 ) ) ;
#5031 = ORIENTED_EDGE ( 'NONE', *, *, #2472, .F. ) ;
#5032 = ORIENTED_EDGE ( 'NONE', *, *, #2472, .T. ) ;
#5033 = VERTEX_POINT ( 'NONE', #1413 ) ;
#5034 = EDGE_CURVE ( 'NONE', #642, #1210, #283, .T. ) ;
#5035 = AXIS2_PLACEMENT_3D ( 'NONE', #3339, #2505, #3765 ) ;
#5036 = VECTOR ( 'NONE', #4329, 1000.000000000000000 ) ;
#5037 = DIRECTION ( 'NONE',  ( -0.09941544087793843798, 0.9848077530122084644, 0.1423736623188793515 ) ) ;
#5038 = ORIENTED_EDGE ( 'NONE', *, *, #4472, .T. ) ;
#5039 = VECTOR ( 'NONE', #96, 1000.000000000000114 ) ;
#5040 = EDGE_CURVE ( 'NONE', #2049, #3400, #214, .T. ) ;
#5041 = EDGE_CURVE ( 'NONE', #3972, #1703, #2227, .T. ) ;
#5042 = CARTESIAN_POINT ( 'NONE',  ( 43.58730908619533295, 8.999999999999372946, 47.48935206157456435 ) ) ;
#5043 = DIRECTION ( 'NONE',  ( 0.000000000000000000, -1.000000000000000000, -0.000000000000000000 ) ) ;
#5044 = DIRECTION ( 'NONE',  ( 0.000000000000000000, -1.000000000000000000, 0.000000000000000000 ) ) ;
#5045 = ORIENTED_EDGE ( 'NONE', *, *, #1261, .F. ) ;
#5046 = DIRECTION ( 'NONE',  ( -0.8198972441390307564, 0.000000000000000000, -0.5725107064965883064 ) ) ;
#5047 = LINE ( 'NONE', #3111, #3453 ) ;
#5048 = PLANE ( 'NONE',  #2782 ) ;
#5049 = VECTOR ( 'NONE', #4895, 1000.000000000000000 ) ;
#5050 = AXIS2_PLACEMENT_3D ( 'NONE', #995, #922, #4888 ) ;
#5051 = EDGE_CURVE ( 'NONE', #4653, #2049, #451, .T. ) ;
#5052 = DIRECTION ( 'NONE',  ( -0.8198972441390307564, 0.000000000000000000, -0.5725107064965883064 ) ) ;
#5053 = ORIENTED_EDGE ( 'NONE', *, *, #1040, .T. ) ;
#5054 = CARTESIAN_POINT ( 'NONE',  ( 29.88682194665780756, -5.000000000000000888, 51.40205482400399006 ) ) ;
#5055 = DIRECTION ( 'NONE',  ( 0.09941544087793825757, -0.9848077530122085754, -0.1423736623188792128 ) ) ;
#5056 = ORIENTED_EDGE ( 'NONE', *, *, #996, .F. ) ;
#5057 = CARTESIAN_POINT ( 'NONE',  ( 57.98498593535032342, 4.000000000000000000, 26.87032182043997608 ) ) ;
#5058 = CARTESIAN_POINT ( 'NONE',  ( 42.19881887306448931, -0.1450500411210215446, 13.32341456492856224 ) ) ;
ENDSEC;
END-ISO-10303-21;
