ISO-10303-21;
HEADER;
FILE_DESCRIPTION (( 'STEP AP203' ),
    '1' );
FILE_NAME ('#5舵机固定架夹爪.STEP',
    '2026-03-16T07:44:04',
    ( '' ),
    ( '' ),
    'SwSTEP 2.0',
    'SolidWorks 2021',
    '' );
FILE_SCHEMA (( 'CONFIG_CONTROL_DESIGN' ));
ENDSEC;

DATA;
#1 = CARTESIAN_POINT ( 'NONE',  ( 19.88277567112099220, -22.90000000000000213, 16.09999999999999787 ) ) ;
#2 = DIRECTION ( 'NONE',  ( 0.000000000000000000, 0.000000000000000000, 1.000000000000000000 ) ) ;
#3 = SPHERICAL_SURFACE ( 'NONE', #501, 0.5000000000000000000 ) ;
#4 = CARTESIAN_POINT ( 'NONE',  ( 20.89999999999999858, 20.09999999999999787, 0.5000000000000033307 ) ) ;
#5 = ORIENTED_EDGE ( 'NONE', *, *, #4175, .F. ) ;
#6 = ORIENTED_EDGE ( 'NONE', *, *, #3320, .F. ) ;
#7 = EDGE_CURVE ( 'NONE', #7277, #1505, #5828, .T. ) ;
#8 = ORIENTED_EDGE ( 'NONE', *, *, #1169, .F. ) ;
#9 = CARTESIAN_POINT ( 'NONE',  ( 31.39999999999999858, -1.616580753730956888, 19.60000000000000142 ) ) ;
#10 = CARTESIAN_POINT ( 'NONE',  ( 0.000000000000000000, -10.39733749649842842, -11.83967425483217006 ) ) ;
#11 = FACE_OUTER_BOUND ( 'NONE', #3324, .T. ) ;
#12 = ORIENTED_EDGE ( 'NONE', *, *, #2128, .F. ) ;
#13 = VERTEX_POINT ( 'NONE', #7101 ) ;
#14 = DIRECTION ( 'NONE',  ( 1.000000000000000000, -0.000000000000000000, -0.000000000000000000 ) ) ;
#15 = LINE ( 'NONE', #5878, #4538 ) ;
#16 = CARTESIAN_POINT ( 'NONE',  ( 19.24500966919051592, -22.89999999999999858, -7.199999999999998401 ) ) ;
#17 = DIRECTION ( 'NONE',  ( 0.000000000000000000, 0.000000000000000000, 1.000000000000000000 ) ) ;
#18 = CARTESIAN_POINT ( 'NONE',  ( 12.10710678118655004, 27.10000000000000142, -14.09999999999999964 ) ) ;
#19 = ORIENTED_EDGE ( 'NONE', *, *, #1509, .F. ) ;
#20 = EDGE_CURVE ( 'NONE', #4255, #3040, #7659, .T. ) ;
#21 = EDGE_LOOP ( 'NONE', ( #5370, #5350 ) ) ;
#22 = EDGE_LOOP ( 'NONE', ( #1549, #5094, #1822 ) ) ;
#23 = CARTESIAN_POINT ( 'NONE',  ( 22.50000000000000000, 0.000000000000000000, -19.99999999999999645 ) ) ;
#24 = DIRECTION ( 'NONE',  ( 1.000000000000000000, 0.000000000000000000, 0.000000000000000000 ) ) ;
#25 = CARTESIAN_POINT ( 'NONE',  ( 10.70727336512964634, 23.70016658394309772, -9.714546730259288054 ) ) ;
#26 = CARTESIAN_POINT ( 'NONE',  ( 10.98578643762690632, 23.60000000000000497, -9.392893218813451739 ) ) ;
#27 = CARTESIAN_POINT ( 'NONE',  ( 0.07179676972448884031, 12.82658702483003488, -16.59999999999999787 ) ) ;
#28 = EDGE_CURVE ( 'NONE', #3998, #3088, #5379, .T. ) ;
#29 = ORIENTED_EDGE ( 'NONE', *, *, #1474, .T. ) ;
#30 = FACE_OUTER_BOUND ( 'NONE', #5964, .T. ) ;
#31 = CARTESIAN_POINT ( 'NONE',  ( 22.50000000000000000, -21.40000000000000568, -12.89999999999999858 ) ) ;
#32 = CARTESIAN_POINT ( 'NONE',  ( 11.40000000000000391, 26.39289321881345529, -14.09999999999999964 ) ) ;
#33 = EDGE_CURVE ( 'NONE', #2305, #1148, #1602, .T. ) ;
#34 = CARTESIAN_POINT ( 'NONE',  ( 23.00000000000000000, -22.39999999999999503, -19.49999999999999645 ) ) ;
#35 = VERTEX_POINT ( 'NONE', #7336 ) ;
#36 = EDGE_CURVE ( 'NONE', #7789, #5237, #6959, .T. ) ;
#37 = VERTEX_POINT ( 'NONE', #4800 ) ;
#38 = ORIENTED_EDGE ( 'NONE', *, *, #565, .F. ) ;
#39 = DIRECTION ( 'NONE',  ( 0.000000000000000000, 0.7682212795973759611, -0.6401843996644797086 ) ) ;
#40 = PLANE ( 'NONE',  #7044 ) ;
#41 = ADVANCED_FACE ( 'NONE', ( #1818 ), #5426, .F. ) ;
#42 = CARTESIAN_POINT ( 'NONE',  ( 31.80000000000000071, -9.474175425861613320, 22.60000000000000142 ) ) ;
#43 = ORIENTED_EDGE ( 'NONE', *, *, #7672, .T. ) ;
#44 = ORIENTED_EDGE ( 'NONE', *, *, #6872, .F. ) ;
#45 = DIRECTION ( 'NONE',  ( -0.000000000000000000, -1.000000000000000000, -1.515042337097648137E-16 ) ) ;
#46 = DIRECTION ( 'NONE',  ( -0.000000000000000000, -0.000000000000000000, -1.000000000000000000 ) ) ;
#47 = B_SPLINE_CURVE_WITH_KNOTS ( 'NONE', 3,
 ( #1226, #1151, #1820, #3567, #5462, #4276, #5985, #592, #551, #7815 ),
 .UNSPECIFIED., .F., .F.,
 ( 4, 2, 2, 2, 4 ),
 ( 0.000000000000000000, 0.0006271728830657772452, 0.001254345766131554490, 0.001881518649197331736, 0.002508691532263108981 ),
 .UNSPECIFIED. ) ;
#48 = APPROVAL_STATUS ( 'not_yet_approved' ) ;
#49 = FACE_OUTER_BOUND ( 'NONE', #7380, .T. ) ;
#50 = ADVANCED_FACE ( 'NONE', ( #6700 ), #4865, .F. ) ;
#51 = DIRECTION ( 'NONE',  ( -0.8660254037844385966, 0.5000000000000001110, 0.000000000000000000 ) ) ;
#52 = VECTOR ( 'NONE', #429, 1000.000000000000000 ) ;
#53 = VERTEX_POINT ( 'NONE', #664 ) ;
#54 = ORIENTED_EDGE ( 'NONE', *, *, #4403, .T. ) ;
#55 = EDGE_LOOP ( 'NONE', ( #556, #2469, #2155, #4936 ) ) ;
#56 = DIRECTION ( 'NONE',  ( 0.7071067811865492381, 0.7071067811865457964, 0.000000000000000000 ) ) ;
#57 = CARTESIAN_POINT ( 'NONE',  ( 5.896863641252700461, -23.14791302370234050, -7.815484398080155160 ) ) ;
#58 = DIRECTION ( 'NONE',  ( 1.000000000000000000, 0.000000000000000000, 0.000000000000000000 ) ) ;
#59 = CARTESIAN_POINT ( 'NONE',  ( 10.40000000000000213, 23.60000000000000142, -9.099999999999999645 ) ) ;
#60 = CARTESIAN_POINT ( 'NONE',  ( 2.799999999999999822, -17.60000000000000497, -13.59999999999999787 ) ) ;
#61 = DIRECTION ( 'NONE',  ( 0.000000000000000000, 0.000000000000000000, 1.000000000000000000 ) ) ;
#62 = CIRCLE ( 'NONE', #3606, 4.999999999999999112 ) ;
#63 = ORIENTED_EDGE ( 'NONE', *, *, #530, .F. ) ;
#64 = CARTESIAN_POINT ( 'NONE',  ( 0.07179676972448884031, -14.60000000000000497, -16.59999999999999787 ) ) ;
#65 = EDGE_CURVE ( 'NONE', #814, #7616, #6062, .T. ) ;
#66 = CARTESIAN_POINT ( 'NONE',  ( 2.799999999999999822, 9.592149841619608708, -6.950833218564932636 ) ) ;
#67 = DIRECTION ( 'NONE',  ( -0.000000000000000000, -0.000000000000000000, -1.000000000000000000 ) ) ;
#68 = CARTESIAN_POINT ( 'NONE',  ( 22.50000000000000000, -0.000000000000000000, -12.89999999999999858 ) ) ;
#69 = CIRCLE ( 'NONE', #4636, 4.000000000000000000 ) ;
#70 = DIRECTION ( 'NONE',  ( -0.000000000000000000, -0.000000000000000000, -1.000000000000000000 ) ) ;
#71 = VERTEX_POINT ( 'NONE', #1 ) ;
#72 = ORIENTED_EDGE ( 'NONE', *, *, #7471, .T. ) ;
#73 = CIRCLE ( 'NONE', #5019, 4.000000000000000000 ) ;
#74 = ADVANCED_FACE ( 'NONE', ( #2484 ), #5767, .T. ) ;
#75 = ORIENTED_EDGE ( 'NONE', *, *, #318, .T. ) ;
#76 = VECTOR ( 'NONE', #2919, 1000.000000000000000 ) ;
#77 = CARTESIAN_POINT ( 'NONE',  ( 23.00000000000000000, 23.59999999999999432, 22.60000000000000142 ) ) ;
#78 = CARTESIAN_POINT ( 'NONE',  ( 31.80000000000000071, -9.474175425861613320, 17.10000000000000497 ) ) ;
#79 = EDGE_CURVE ( 'NONE', #805, #599, #6585, .T. ) ;
#80 = CARTESIAN_POINT ( 'NONE',  ( 25.80000000000000071, -14.60000000000000320, -8.152690094265436116 ) ) ;
#81 = PLANE ( 'NONE',  #600 ) ;
#82 = VECTOR ( 'NONE', #2185, 1000.000000000000000 ) ;
#83 = CIRCLE ( 'NONE', #4518, 0.5000000000000004441 ) ;
#84 = EDGE_LOOP ( 'NONE', ( #4482, #4053, #6641, #380, #2794, #5286 ) ) ;
#85 = EDGE_CURVE ( 'NONE', #3428, #720, #6652, .T. ) ;
#86 = ORIENTED_EDGE ( 'NONE', *, *, #6446, .F. ) ;
#87 = AXIS2_PLACEMENT_3D ( 'NONE', #2090, #5732, #7533 ) ;
#88 = DIRECTION ( 'NONE',  ( -0.000000000000000000, -0.000000000000000000, -1.000000000000000000 ) ) ;
#89 = DIRECTION ( 'NONE',  ( 0.000000000000000000, -0.8097498427772018559, -0.5867752483892764159 ) ) ;
#90 = VECTOR ( 'NONE', #993, 1000.000000000000000 ) ;
#91 = COORDINATED_UNIVERSAL_TIME_OFFSET ( 8, 0, .AHEAD. ) ;
#92 = DIRECTION ( 'NONE',  ( 0.000000000000000000, 0.000000000000000000, 1.000000000000000000 ) ) ;
#93 = CARTESIAN_POINT ( 'NONE',  ( 14.87493329237568851, 24.01036326753125749, -14.57493329237579971 ) ) ;
#94 = VERTEX_POINT ( 'NONE', #3638 ) ;
#95 = CIRCLE ( 'NONE', #2382, 2.249999999999995115 ) ;
#96 = EDGE_CURVE ( 'NONE', #2633, #605, #3120, .T. ) ;
#97 = ORIENTED_EDGE ( 'NONE', *, *, #5562, .F. ) ;
#98 = CARTESIAN_POINT ( 'NONE',  ( 2.799999999999999822, 1.069065149083007205, -16.60000000000000142 ) ) ;
#99 = CARTESIAN_POINT ( 'NONE',  ( 5.380681825186414358, -22.89999999999999858, -7.620094852627027571 ) ) ;
#100 = VECTOR ( 'NONE', #5651, 1000.000000000000227 ) ;
#101 = CARTESIAN_POINT ( 'NONE',  ( 11.40000000000000391, 26.39289321881345884, -14.59999999999999964 ) ) ;
#102 = CARTESIAN_POINT ( 'NONE',  ( 10.83198665026384155, 23.79531649574539287, -9.531986650263837291 ) ) ;
#103 = CARTESIAN_POINT ( 'NONE',  ( 2.799999999999999822, -1.069065149083004984, -16.60000000000000142 ) ) ;
#104 = AXIS2_PLACEMENT_3D ( 'NONE', #3583, #5444, #1201 ) ;
#105 = CARTESIAN_POINT ( 'NONE',  ( 0.000000000000000000, -22.89999999999999503, -22.60000000000000497 ) ) ;
#106 = AXIS2_PLACEMENT_3D ( 'NONE', #6780, #7241, #3136 ) ;
#107 = ORIENTED_EDGE ( 'NONE', *, *, #2664, .T. ) ;
#108 = DIRECTION ( 'NONE',  ( -1.000000000000000000, 0.000000000000000000, 0.000000000000000000 ) ) ;
#109 = VECTOR ( 'NONE', #4312, 1000.000000000000000 ) ;
#110 = DIRECTION ( 'NONE',  ( -1.000000000000000000, -0.000000000000000000, -0.000000000000000000 ) ) ;
#111 = CARTESIAN_POINT ( 'NONE',  ( 19.71646306006253013, 17.14987783604210847, -22.60000000000000142 ) ) ;
#112 = CARTESIAN_POINT ( 'NONE',  ( 1.900000000000009237, -34.39999999999999858, -8.199999999999999289 ) ) ;
#113 = FACE_OUTER_BOUND ( 'NONE', #7188, .T. ) ;
#114 = AXIS2_PLACEMENT_3D ( 'NONE', #1904, #1300, #6654 ) ;
#115 = VECTOR ( 'NONE', #1171, 1000.000000000000000 ) ;
#116 = CARTESIAN_POINT ( 'NONE',  ( 6.554990330809499888, -22.89999999999999858, -7.199999999999998401 ) ) ;
#117 = ORIENTED_EDGE ( 'NONE', *, *, #6528, .T. ) ;
#118 = ORIENTED_EDGE ( 'NONE', *, *, #3386, .F. ) ;
#119 = ORIENTED_EDGE ( 'NONE', *, *, #1162, .F. ) ;
#120 = VECTOR ( 'NONE', #3392, 1000.000000000000000 ) ;
#121 = LINE ( 'NONE', #4843, #1855 ) ;
#122 = DIRECTION ( 'NONE',  ( -0.000000000000000000, -0.000000000000000000, 1.000000000000000000 ) ) ;
#123 = CARTESIAN_POINT ( 'NONE',  ( 0.000000000000000000, 9.474175425861606215, 22.60000000000000142 ) ) ;
#124 = DIRECTION ( 'NONE',  ( -1.000000000000000000, 0.000000000000000000, 0.000000000000000000 ) ) ;
#125 = DIRECTION ( 'NONE',  ( 0.000000000000000000, 0.000000000000000000, 1.000000000000000000 ) ) ;
#126 = EDGE_CURVE ( 'NONE', #6005, #449, #6735, .T. ) ;
#127 = ORIENTED_EDGE ( 'NONE', *, *, #2367, .T. ) ;
#128 = EDGE_LOOP ( 'NONE', ( #5906, #1471, #1493, #7705 ) ) ;
#129 = PLANE ( 'NONE',  #2358 ) ;
#130 = DIRECTION ( 'NONE',  ( -1.000000000000000000, 0.000000000000000000, -0.000000000000000000 ) ) ;
#131 = DATE_AND_TIME ( #6753, #2284 ) ;
#132 = CARTESIAN_POINT ( 'NONE',  ( 25.77982391043787658, -16.20162952585510396, -16.14529212240811162 ) ) ;
#133 = LINE ( 'NONE', #7393, #2740 ) ;
#134 = ADVANCED_FACE ( 'NONE', ( #30 ), #1264, .T. ) ;
#135 = EDGE_LOOP ( 'NONE', ( #7549, #1729, #1293, #237 ) ) ;
#136 = EDGE_CURVE ( 'NONE', #5266, #2810, #966, .T. ) ;
#137 = ORIENTED_EDGE ( 'NONE', *, *, #3489, .F. ) ;
#138 = DIRECTION ( 'NONE',  ( 0.000000000000000000, 0.000000000000000000, -1.000000000000000000 ) ) ;
#139 = CARTESIAN_POINT ( 'NONE',  ( 5.418346561899301861, -22.99159972857149725, -7.964574783222227339 ) ) ;
#140 = DIRECTION ( 'NONE',  ( 0.000000000000000000, 0.000000000000000000, 1.000000000000000000 ) ) ;
#141 = CARTESIAN_POINT ( 'NONE',  ( 23.00000000000000000, -20.10000000000000497, -19.49999999999999645 ) ) ;
#142 = CARTESIAN_POINT ( 'NONE',  ( 19.55917779072756701, -23.28237089024531414, -7.728865907584462569 ) ) ;
#143 = DIRECTION ( 'NONE',  ( 1.000000000000000000, 0.000000000000000000, -0.000000000000000000 ) ) ;
#144 = EDGE_CURVE ( 'NONE', #6908, #6202, #3739, .T. ) ;
#145 = ORIENTED_EDGE ( 'NONE', *, *, #5554, .F. ) ;
#146 = CARTESIAN_POINT ( 'NONE',  ( 13.54644660940672907, 27.24644660940672836, -9.600000000000001421 ) ) ;
#147 = FACE_OUTER_BOUND ( 'NONE', #1682, .T. ) ;
#148 = CARTESIAN_POINT ( 'NONE',  ( 18.80000000000000071, 16.60000000000000497, -22.60000000000000142 ) ) ;
#149 = DIRECTION ( 'NONE',  ( 0.000000000000000000, -1.000000000000000000, 2.011273595335428326E-16 ) ) ;
#150 = FACE_OUTER_BOUND ( 'NONE', #6572, .T. ) ;
#151 = EDGE_CURVE ( 'NONE', #239, #7675, #6018, .T. ) ;
#152 = LINE ( 'NONE', #7294, #4396 ) ;
#153 = VERTEX_POINT ( 'NONE', #1785 ) ;
#154 = ORIENTED_EDGE ( 'NONE', *, *, #6437, .T. ) ;
#155 = ORIENTED_EDGE ( 'NONE', *, *, #4594, .T. ) ;
#156 = CARTESIAN_POINT ( 'NONE',  ( 23.00000000000000000, 14.60000000000000497, -13.59999999999999787 ) ) ;
#157 = CARTESIAN_POINT ( 'NONE',  ( 19.42725987246000230, -22.89999999999999858, -7.200000034873176524 ) ) ;
#158 = LINE ( 'NONE', #1988, #5633 ) ;
#159 = CARTESIAN_POINT ( 'NONE',  ( 23.00000000000000000, 9.229508196721308622, 11.07540983606557639 ) ) ;
#160 = ORIENTED_EDGE ( 'NONE', *, *, #926, .T. ) ;
#161 = VERTEX_POINT ( 'NONE', #7407 ) ;
#162 = DIRECTION ( 'NONE',  ( 0.000000000000000000, 0.000000000000000000, 1.000000000000000000 ) ) ;
#163 = EDGE_CURVE ( 'NONE', #6276, #202, #415, .T. ) ;
#164 = COORDINATED_UNIVERSAL_TIME_OFFSET ( 8, 0, .AHEAD. ) ;
#165 = CARTESIAN_POINT ( 'NONE',  ( 28.60000000000000142, -20.76683849253809910, 19.59999999999999787 ) ) ;
#166 = CARTESIAN_POINT ( 'NONE',  ( 15.00016658394317126, 23.79272663487029149, -14.30033316788633435 ) ) ;
#167 = ORIENTED_EDGE ( 'NONE', *, *, #5112, .F. ) ;
#168 = ORIENTED_EDGE ( 'NONE', *, *, #5619, .F. ) ;
#169 = CARTESIAN_POINT ( 'NONE',  ( 23.00000000000000000, -12.82658702483003488, -13.59999999999999787 ) ) ;
#170 = ADVANCED_FACE ( 'NONE', ( #1933 ), #7452, .F. ) ;
#171 = DIRECTION ( 'NONE',  ( 1.000000000000000000, 0.000000000000000000, 0.000000000000000000 ) ) ;
#172 = CARTESIAN_POINT ( 'NONE',  ( 4.336808689942017736E-16, 1.616580753730949338, 19.60000000000000142 ) ) ;
#173 = CARTESIAN_POINT ( 'NONE',  ( 31.80000000000000071, 9.474175425861606215, 17.10000000000000497 ) ) ;
#174 = DIRECTION ( 'NONE',  ( 0.8660254037844384856, -0.5000000000000002220, 0.000000000000000000 ) ) ;
#175 = CARTESIAN_POINT ( 'NONE',  ( 0.000000000000000000, -1.069065149083005650, -13.60000000000000142 ) ) ;
#176 = EDGE_CURVE ( 'NONE', #1627, #6315, #6655, .T. ) ;
#177 = EDGE_LOOP ( 'NONE', ( #5435, #2879, #3664, #763 ) ) ;
#178 = DIRECTION ( 'NONE',  ( 1.000000000000000000, 0.000000000000000000, 0.000000000000000000 ) ) ;
#179 = AXIS2_PLACEMENT_3D ( 'NONE', #5939, #2961, #6648 ) ;
#180 = CARTESIAN_POINT ( 'NONE',  ( 12.90000000000000746, -34.39999999999999858, -8.199999999999999289 ) ) ;
#181 = ADVANCED_FACE ( 'NONE', ( #3980 ), #3944, .F. ) ;
#182 = CARTESIAN_POINT ( 'NONE',  ( 25.19947070854994564, 22.99947070854996056, -18.59291695321547166 ) ) ;
#183 = FACE_OUTER_BOUND ( 'NONE', #4333, .T. ) ;
#184 = CARTESIAN_POINT ( 'NONE',  ( 6.434161637422523228, -24.64999999999999503, -11.89999999999999680 ) ) ;
#185 = CARTESIAN_POINT ( 'NONE',  ( 10.90000000000000391, 24.10000000000000497, -10.10000000000000142 ) ) ;
#186 = VECTOR ( 'NONE', #3827, 1000.000000000000000 ) ;
#187 = VERTEX_POINT ( 'NONE', #2599 ) ;
#188 = ORIENTED_EDGE ( 'NONE', *, *, #4852, .F. ) ;
#189 = ORIENTED_EDGE ( 'NONE', *, *, #7663, .F. ) ;
#190 = ADVANCED_FACE ( 'NONE', ( #5844 ), #7000, .T. ) ;
#191 = VECTOR ( 'NONE', #4631, 1000.000000000000000 ) ;
#192 = LINE ( 'NONE', #7505, #4257 ) ;
#193 = CARTESIAN_POINT ( 'NONE',  ( 19.95117191625914188, -22.89999999999999858, -7.350524322737633121 ) ) ;
#194 = AXIS2_PLACEMENT_3D ( 'NONE', #3688, #1426, #2032 ) ;
#195 = CARTESIAN_POINT ( 'NONE',  ( 25.80000000000000071, -22.89999999999999503, -19.99999999999999645 ) ) ;
#196 = DIRECTION ( 'NONE',  ( -0.000000000000000000, -0.000000000000000000, -1.000000000000000000 ) ) ;
#197 = CARTESIAN_POINT ( 'NONE',  ( 25.80000000000000071, 3.305133126583374992, -15.60000000000000320 ) ) ;
#198 = VECTOR ( 'NONE', #6635, 1000.000000000000000 ) ;
#199 = EDGE_LOOP ( 'NONE', ( #2278, #6757, #2911, #555 ) ) ;
#200 = AXIS2_PLACEMENT_3D ( 'NONE', #265, #5569, #2560 ) ;
#201 = ORIENTED_EDGE ( 'NONE', *, *, #3292, .T. ) ;
#202 = VERTEX_POINT ( 'NONE', #6769 ) ;
#203 = CARTESIAN_POINT ( 'NONE',  ( 22.50000000000000000, -22.39999999999999503, -19.99999999999999645 ) ) ;
#204 = CARTESIAN_POINT ( 'NONE',  ( 23.00000000000000000, -12.44299683239223420, -9.016664371298716674 ) ) ;
#205 = AXIS2_PLACEMENT_3D ( 'NONE', #1345, #5500, #756 ) ;
#206 = APPROVAL_STATUS ( 'not_yet_approved' ) ;
#207 = DIRECTION ( 'NONE',  ( 1.000000000000000000, -0.000000000000000000, 0.000000000000000000 ) ) ;
#208 = AXIS2_PLACEMENT_3D ( 'NONE', #7208, #5447, #537 ) ;
#209 = CARTESIAN_POINT ( 'NONE',  ( 15.40000000000000391, 23.60000000000000142, -15.10000000000000142 ) ) ;
#210 = AXIS2_PLACEMENT_3D ( 'NONE', #2906, #603, #1716 ) ;
#212 = ORIENTED_EDGE ( 'NONE', *, *, #1934, .T. ) ;
#211 = EDGE_CURVE ( 'NONE', #2289, #685, #2016, .T. ) ;
#213 = AXIS2_PLACEMENT_3D ( 'NONE', #1272, #3607, #4238 ) ;
#214 = VERTEX_POINT ( 'NONE', #6364 ) ;
#215 = LINE ( 'NONE', #655, #3141 ) ;
#216 = DIRECTION ( 'NONE',  ( 0.000000000000000000, 0.000000000000000000, 1.000000000000000000 ) ) ;
#217 = CARTESIAN_POINT ( 'NONE',  ( 23.00000000000000000, -21.40000000000000568, -12.39999999999999858 ) ) ;
#218 = DIRECTION ( 'NONE',  ( -0.000000000000000000, 1.000000000000000000, 1.535153518563546084E-16 ) ) ;
#219 = CARTESIAN_POINT ( 'NONE',  ( -5.599999999999998757, 1.616580753730949782, 19.60000000000000142 ) ) ;
#220 = AXIS2_PLACEMENT_3D ( 'NONE', #4075, #2808, #1029 ) ;
#221 = DIRECTION ( 'NONE',  ( 1.000000000000000000, 0.000000000000000000, -0.000000000000000000 ) ) ;
#222 = VECTOR ( 'NONE', #5658, 1000.000000000000000 ) ;
#223 = EDGE_CURVE ( 'NONE', #1252, #6898, #3233, .T. ) ;
#224 = ORIENTED_EDGE ( 'NONE', *, *, #724, .T. ) ;
#225 = CYLINDRICAL_SURFACE ( 'NONE', #2638, 6.000000000000000000 ) ;
#226 = AXIS2_PLACEMENT_3D ( 'NONE', #3393, #6454, #5812 ) ;
#227 = EDGE_CURVE ( 'NONE', #4517, #6627, #826, .T. ) ;
#228 = VECTOR ( 'NONE', #1141, 1000.000000000000000 ) ;
#229 = DIRECTION ( 'NONE',  ( 0.000000000000000000, 0.000000000000000000, 1.000000000000000000 ) ) ;
#230 = CARTESIAN_POINT ( 'NONE',  ( 0.06848369279381541497, 1.489415265117407516, -16.57775990570245028 ) ) ;
#231 = DIRECTION ( 'NONE',  ( 0.000000000000000000, 0.000000000000000000, -1.000000000000000000 ) ) ;
#232 = CARTESIAN_POINT ( 'NONE',  ( 2.799999999999999822, 15.44623922359338763, 5.894800647005511429 ) ) ;
#233 = VECTOR ( 'NONE', #6127, 1000.000000000000000 ) ;
#234 = ADVANCED_FACE ( 'NONE', ( #147 ), #4432, .T. ) ;
#235 = ORIENTED_EDGE ( 'NONE', *, *, #6658, .F. ) ;
#236 = AXIS2_PLACEMENT_3D ( 'NONE', #2200, #2241, #6520 ) ;
#237 = ORIENTED_EDGE ( 'NONE', *, *, #7545, .T. ) ;
#238 = EDGE_CURVE ( 'NONE', #886, #266, #5212, .T. ) ;
#239 = VERTEX_POINT ( 'NONE', #3343 ) ;
#240 = AXIS2_PLACEMENT_3D ( 'NONE', #2201, #3982, #1530 ) ;
#241 = LINE ( 'NONE', #5706, #1475 ) ;
#242 = CARTESIAN_POINT ( 'NONE',  ( 0.000000000000000000, 3.498314677414608553, -15.36032574516783455 ) ) ;
#243 = AXIS2_PLACEMENT_3D ( 'NONE', #6976, #304, #4555 ) ;
#244 = DIRECTION ( 'NONE',  ( 1.000000000000000000, -0.000000000000000000, 0.000000000000000000 ) ) ;
#245 = PLANE ( 'NONE',  #2729 ) ;
#246 = CARTESIAN_POINT ( 'NONE',  ( 25.79999999999999361, 3.163712428347498218, -15.75811314734049517 ) ) ;
#247 = ADVANCED_FACE ( 'NONE', ( #5758 ), #704, .T. ) ;
#248 = VECTOR ( 'NONE', #6605, 1000.000000000000000 ) ;
#249 = ORIENTED_EDGE ( 'NONE', *, *, #79, .T. ) ;
#250 = AXIS2_PLACEMENT_3D ( 'NONE', #1804, #1245, #2916 ) ;
#251 = ORIENTED_EDGE ( 'NONE', *, *, #6872, .T. ) ;
#252 = ORIENTED_EDGE ( 'NONE', *, *, #5358, .F. ) ;
#253 = CARTESIAN_POINT ( 'NONE',  ( 23.00000000000000000, -14.60000000000000497, -13.59999999999999787 ) ) ;
#254 = FACE_OUTER_BOUND ( 'NONE', #2853, .T. ) ;
#255 = CARTESIAN_POINT ( 'NONE',  ( 4.336808689942017736E-16, -1.616580753730955111, 17.10000000000000497 ) ) ;
#256 = LINE ( 'NONE', #1436, #2612 ) ;
#257 = EDGE_LOOP ( 'NONE', ( #4408, #7361 ) ) ;
#258 = EDGE_CURVE ( 'NONE', #3210, #7753, #7239, .T. ) ;
#259 = EDGE_LOOP ( 'NONE', ( #5704, #6180, #6135, #4170 ) ) ;
#260 = CARTESIAN_POINT ( 'NONE',  ( 5.899999999999998579, 20.09999999999999787, -10.49999999999999645 ) ) ;
#261 = LINE ( 'NONE', #2081, #3907 ) ;
#262 = DIRECTION ( 'NONE',  ( 0.000000000000000000, 0.000000000000000000, -1.000000000000000000 ) ) ;
#263 = CARTESIAN_POINT ( 'NONE',  ( 0.000000000000000000, 23.60000000000000142, -15.59999999999999964 ) ) ;
#264 = LINE ( 'NONE', #5526, #186 ) ;
#265 = CARTESIAN_POINT ( 'NONE',  ( 10.90000000000000391, 27.59999999999999787, -9.600000000000001421 ) ) ;
#266 = VERTEX_POINT ( 'NONE', #7083 ) ;
#267 = DIRECTION ( 'NONE',  ( 0.000000000000000000, -1.000000000000000000, -1.535153518563546084E-16 ) ) ;
#268 = CARTESIAN_POINT ( 'NONE',  ( 22.97292643041832960, 23.55487738403034470, -16.51628653275245284 ) ) ;
#269 = CARTESIAN_POINT ( 'NONE',  ( 14.04644660940673084, 27.45355339059327093, -10.10000000000000142 ) ) ;
#270 = CARTESIAN_POINT ( 'NONE',  ( 31.39999999999999858, 1.616580753730949782, 17.10000000000000497 ) ) ;
#271 = EDGE_CURVE ( 'NONE', #5276, #6335, #450, .T. ) ;
#272 = ORIENTED_EDGE ( 'NONE', *, *, #4788, .F. ) ;
#273 = DIRECTION ( 'NONE',  ( 0.000000000000000000, 1.000000000000000000, 1.535153518563546084E-16 ) ) ;
#274 = EDGE_LOOP ( 'NONE', ( #4741, #3892, #5944, #5700 ) ) ;
#275 = ORIENTED_EDGE ( 'NONE', *, *, #3190, .F. ) ;
#276 = VERTEX_POINT ( 'NONE', #3465 ) ;
#277 = CARTESIAN_POINT ( 'NONE',  ( 30.20000000000000284, -24.00000000000000355, 19.59999999999999787 ) ) ;
#278 = PLANE ( 'NONE',  #1888 ) ;
#279 = ADVANCED_FACE ( 'NONE', ( #7717 ), #7834, .F. ) ;
#280 = DIRECTION ( 'NONE',  ( 0.000000000000000000, -0.5867752483892765270, 0.8097498427772016338 ) ) ;
#281 = LINE ( 'NONE', #4523, #3997 ) ;
#282 = ADVANCED_FACE ( 'NONE', ( #7676 ), #3503, .T. ) ;
#283 = CARTESIAN_POINT ( 'NONE',  ( 14.40000000000000036, 23.80710678118654400, -9.600000000000001421 ) ) ;
#284 = VERTEX_POINT ( 'NONE', #2315 ) ;
#285 = ORIENTED_EDGE ( 'NONE', *, *, #771, .T. ) ;
#286 = ORIENTED_EDGE ( 'NONE', *, *, #5825, .F. ) ;
#287 = DIRECTION ( 'NONE',  ( -0.000000000000000000, 0.000000000000000000, 1.000000000000000000 ) ) ;
#288 = FACE_OUTER_BOUND ( 'NONE', #3970, .T. ) ;
#289 = ADVANCED_FACE ( 'NONE', ( #5328 ), #3616, .T. ) ;
#290 = CARTESIAN_POINT ( 'NONE',  ( 25.80000000000000071, -14.52582457413839379, 16.09999999999999787 ) ) ;
#291 = CARTESIAN_POINT ( 'NONE',  ( 4.800000000000000711, -34.39999999999999858, -11.89999999999999680 ) ) ;
#292 = ORIENTED_EDGE ( 'NONE', *, *, #7236, .F. ) ;
#293 = ORIENTED_EDGE ( 'NONE', *, *, #5056, .F. ) ;
#294 = CYLINDRICAL_SURFACE ( 'NONE', #6061, 3.000000000000000888 ) ;
#295 = EDGE_CURVE ( 'NONE', #3040, #5794, #5245, .T. ) ;
#296 = DIRECTION ( 'NONE',  ( -1.000000000000000000, -0.000000000000000000, 0.000000000000000000 ) ) ;
#297 = CARTESIAN_POINT ( 'NONE',  ( 25.80000000000000071, -16.64874921388600626, 2.787273915162699733 ) ) ;
#298 = DIRECTION ( 'NONE',  ( 0.000000000000000000, -1.535153518563546330E-16, 1.000000000000000000 ) ) ;
#299 = DIRECTION ( 'NONE',  ( 0.000000000000000000, 0.000000000000000000, -1.000000000000000000 ) ) ;
#300 = FACE_OUTER_BOUND ( 'NONE', #2787, .T. ) ;
#301 = ORIENTED_EDGE ( 'NONE', *, *, #6582, .F. ) ;
#302 = CARTESIAN_POINT ( 'NONE',  ( 14.40000000000000391, 27.60000000000000142, -14.09999999999999964 ) ) ;
#303 = CARTESIAN_POINT ( 'NONE',  ( 13.79108676396500144, 22.70672967696173217, -19.02320523121312590 ) ) ;
#304 = DIRECTION ( 'NONE',  ( 1.000000000000000000, 0.000000000000000000, 0.000000000000000000 ) ) ;
#305 = CARTESIAN_POINT ( 'NONE',  ( 23.00000000000000000, -19.47139627732364531, 14.86094455239382661 ) ) ;
#306 = FACE_OUTER_BOUND ( 'NONE', #6998, .T. ) ;
#307 = VERTEX_POINT ( 'NONE', #567 ) ;
#308 = CARTESIAN_POINT ( 'NONE',  ( 10.90000000000000391, 26.39289321881345174, -10.10000000000000142 ) ) ;
#309 = ORIENTED_EDGE ( 'NONE', *, *, #5752, .T. ) ;
#310 = ORIENTED_EDGE ( 'NONE', *, *, #1125, .F. ) ;
#311 = EDGE_CURVE ( 'NONE', #751, #507, #2396, .T. ) ;
#312 = ORIENTED_EDGE ( 'NONE', *, *, #3478, .F. ) ;
#313 = FACE_OUTER_BOUND ( 'NONE', #3812, .T. ) ;
#314 = CYLINDRICAL_SURFACE ( 'NONE', #1383, 1.000000000000000888 ) ;
#315 = DIRECTION ( 'NONE',  ( 0.000000000000000000, -1.000000000000000000, 0.000000000000000000 ) ) ;
#316 = CARTESIAN_POINT ( 'NONE',  ( 0.000000000000000000, 15.95493555293155552, 1.829811063045552633 ) ) ;
#317 = ORIENTED_EDGE ( 'NONE', *, *, #4114, .T. ) ;
#318 = EDGE_CURVE ( 'NONE', #3488, #6560, #1130, .T. ) ;
#319 = AXIS2_PLACEMENT_3D ( 'NONE', #4068, #1055, #5850 ) ;
#320 = ORIENTED_EDGE ( 'NONE', *, *, #1535, .T. ) ;
#321 = VERTEX_POINT ( 'NONE', #7354 ) ;
#322 = VECTOR ( 'NONE', #584, 1000.000000000000000 ) ;
#323 = ADVANCED_FACE ( 'NONE', ( #6790 ), #5556, .F. ) ;
#324 = LINE ( 'NONE', #5628, #7176 ) ;
#325 = PLANE ( 'NONE',  #4417 ) ;
#326 = CARTESIAN_POINT ( 'NONE',  ( 26.80000000000000071, -17.84244936449379182, 17.09999999999999787 ) ) ;
#327 = CARTESIAN_POINT ( 'NONE',  ( 23.00000000000000000, -2.953718350987537992E-15, 14.60000000000000142 ) ) ;
#328 = AXIS2_PLACEMENT_3D ( 'NONE', #5251, #7614, #1091 ) ;
#329 = EDGE_LOOP ( 'NONE', ( #6267, #5149, #1004, #3539 ) ) ;
#330 = EDGE_CURVE ( 'NONE', #3040, #4721, #4008, .T. ) ;
#331 = ORIENTED_EDGE ( 'NONE', *, *, #4601, .F. ) ;
#332 = B_SPLINE_CURVE_WITH_KNOTS ( 'NONE', 3,
 ( #1202, #6565, #4957, #3467, #2915, #3584, #6001, #4819, #2317, #7154 ),
 .UNSPECIFIED., .F., .F.,
 ( 4, 2, 2, 2, 4 ),
 ( 0.000000000000000000, 0.0005041604595209729471, 0.001008320919041945894, 0.001512481378562918841, 0.002016641838083891788 ),
 .UNSPECIFIED. ) ;
#333 = VECTOR ( 'NONE', #7429, 1000.000000000000227 ) ;
#334 = DIRECTION ( 'NONE',  ( 0.000000000000000000, 0.000000000000000000, 1.000000000000000000 ) ) ;
#335 = DIRECTION ( 'NONE',  ( -1.000000000000000000, -0.000000000000000000, -0.000000000000000000 ) ) ;
#336 = DIRECTION ( 'NONE',  ( 0.000000000000000000, 1.000000000000000000, 0.000000000000000000 ) ) ;
#337 = VECTOR ( 'NONE', #5754, 1000.000000000000000 ) ;
#338 = CARTESIAN_POINT ( 'NONE',  ( 0.07179676972448971461, 2.599999999999993427, -16.60000000000000142 ) ) ;
#339 = AXIS2_PLACEMENT_3D ( 'NONE', #6271, #2041, #4454 ) ;
#340 = CARTESIAN_POINT ( 'NONE',  ( 15.33453835670436760, 23.60000000000000142, -9.230923286590790866 ) ) ;
#341 = DIRECTION ( 'NONE',  ( 1.000000000000000000, 0.000000000000000000, 0.000000000000000000 ) ) ;
#342 = CARTESIAN_POINT ( 'NONE',  ( -6.000000000000000000, -9.474175425861613320, 17.10000000000000497 ) ) ;
#343 = DESIGN_CONTEXT ( 'detailed design', #5369, 'design' ) ;
#344 = EDGE_CURVE ( 'NONE', #638, #5253, #2579, .T. ) ;
#345 = AXIS2_PLACEMENT_3D ( 'NONE', #6748, #715, #6226 ) ;
#346 = AXIS2_PLACEMENT_3D ( 'NONE', #4959, #4357, #6783 ) ;
#347 = ORIENTED_EDGE ( 'NONE', *, *, #5415, .F. ) ;
#348 = CARTESIAN_POINT ( 'NONE',  ( 0.000000000000000000, 27.59999999999999432, 1.698985102064647504E-14 ) ) ;
#349 = CARTESIAN_POINT ( 'NONE',  ( 14.29245479507515348, 22.93516979665252720, -18.58260122978184015 ) ) ;
#350 = CIRCLE ( 'NONE', #4525, 1.100000000000000311 ) ;
#351 = DIRECTION ( 'NONE',  ( 1.000000000000000000, -0.000000000000000000, -0.000000000000000000 ) ) ;
#352 = DIRECTION ( 'NONE',  ( 0.000000000000000000, 1.000000000000000000, 0.000000000000000000 ) ) ;
#353 = CARTESIAN_POINT ( 'NONE',  ( 13.69289321881345600, 27.10000000000000142, -14.09999999999999964 ) ) ;
#354 = VECTOR ( 'NONE', #1544, 1000.000000000000000 ) ;
#355 = VERTEX_POINT ( 'NONE', #3148 ) ;
#356 = CARTESIAN_POINT ( 'NONE',  ( 12.90000000000000036, 20.09999999999999787, -17.49999999999999645 ) ) ;
#357 = AXIS2_PLACEMENT_3D ( 'NONE', #1347, #5546, #1945 ) ;
#358 = ORIENTED_EDGE ( 'NONE', *, *, #5801, .T. ) ;
#359 = CIRCLE ( 'NONE', #4404, 0.4999999999999994449 ) ;
#360 = CC_DESIGN_DATE_AND_TIME_ASSIGNMENT ( #7356, #1918, ( #7387 ) ) ;
#361 = ORIENTED_EDGE ( 'NONE', *, *, #223, .F. ) ;
#362 = CYLINDRICAL_SURFACE ( 'NONE', #5907, 1.749999999999999778 ) ;
#363 = CARTESIAN_POINT ( 'NONE',  ( 23.00000000000000000, -14.60000000000000497, -13.59999999999999787 ) ) ;
#364 = VECTOR ( 'NONE', #5488, 1000.000000000000000 ) ;
#365 = VECTOR ( 'NONE', #4452, 1000.000000000000000 ) ;
#366 = CARTESIAN_POINT ( 'NONE',  ( 12.90000000000000036, 22.10000000000000142, -17.49999999999999645 ) ) ;
#367 = ORIENTED_EDGE ( 'NONE', *, *, #3299, .F. ) ;
#368 = VERTEX_POINT ( 'NONE', #3777 ) ;
#369 = ORIENTED_EDGE ( 'NONE', *, *, #1199, .T. ) ;
#370 = ORIENTED_EDGE ( 'NONE', *, *, #6333, .F. ) ;
#371 = VECTOR ( 'NONE', #2904, 1000.000000000000000 ) ;
#372 = DIRECTION ( 'NONE',  ( 0.000000000000000000, 0.000000000000000000, -1.000000000000000000 ) ) ;
#373 = DIRECTION ( 'NONE',  ( 0.000000000000000000, 1.515042337097648137E-16, -1.000000000000000000 ) ) ;
#374 = CARTESIAN_POINT ( 'NONE',  ( 25.82019300793791317, -15.09484770075366811, 16.33233927198456925 ) ) ;
#375 = EDGE_CURVE ( 'NONE', #5309, #7649, #2604, .T. ) ;
#376 = CIRCLE ( 'NONE', #6833, 1.749999999999999778 ) ;
#377 = CARTESIAN_POINT ( 'NONE',  ( 23.00000000000000711, 20.09999999999999787, 9.680000000000001492 ) ) ;
#378 = AXIS2_PLACEMENT_3D ( 'NONE', #6522, #2988, #648 ) ;
#379 = ORIENTED_EDGE ( 'NONE', *, *, #660, .F. ) ;
#380 = ORIENTED_EDGE ( 'NONE', *, *, #4342, .T. ) ;
#381 = DIRECTION ( 'NONE',  ( 0.000000000000000000, 0.000000000000000000, 1.000000000000000000 ) ) ;
#382 = DIRECTION ( 'NONE',  ( 1.000000000000000000, 0.000000000000000000, -0.000000000000000000 ) ) ;
#383 = DIRECTION ( 'NONE',  ( 1.000000000000000000, 0.000000000000000000, 0.000000000000000000 ) ) ;
#384 = CARTESIAN_POINT ( 'NONE',  ( 28.59999999999999787, -27.23316150746190800, 19.59999999999999787 ) ) ;
#385 = CARTESIAN_POINT ( 'NONE',  ( 15.26907671340911499, 23.60000000000000142, -9.165461643295202521 ) ) ;
#386 = CARTESIAN_POINT ( 'NONE',  ( 19.98817427359626464, -25.98823529411764355, -12.39999999999999858 ) ) ;
#387 = EDGE_CURVE ( 'NONE', #3488, #805, #5474, .T. ) ;
#388 = FACE_OUTER_BOUND ( 'NONE', #5876, .T. ) ;
#389 = ADVANCED_FACE ( 'NONE', ( #3096 ), #129, .T. ) ;
#390 = ORIENTED_EDGE ( 'NONE', *, *, #344, .T. ) ;
#391 = CARTESIAN_POINT ( 'NONE',  ( 12.90000000000000746, -34.39999999999999858, -11.89999999999999680 ) ) ;
#392 = DIRECTION ( 'NONE',  ( -0.8660254037844384856, 0.5000000000000002220, 0.000000000000000000 ) ) ;
#393 = CYLINDRICAL_SURFACE ( 'NONE', #2777, 10.99999999999999822 ) ;
#394 = FACE_OUTER_BOUND ( 'NONE', #7579, .T. ) ;
#395 = FACE_OUTER_BOUND ( 'NONE', #2934, .T. ) ;
#396 = EDGE_CURVE ( 'NONE', #5854, #6982, #4509, .T. ) ;
#397 = ORIENTED_EDGE ( 'NONE', *, *, #7508, .T. ) ;
#398 = ORIENTED_EDGE ( 'NONE', *, *, #5169, .T. ) ;
#399 = ORIENTED_EDGE ( 'NONE', *, *, #3145, .T. ) ;
#400 = CARTESIAN_POINT ( 'NONE',  ( 20.89999999999999858, 19.59999999999999787, 1.600000000000003419 ) ) ;
#401 = FACE_OUTER_BOUND ( 'NONE', #596, .T. ) ;
#402 = CARTESIAN_POINT ( 'NONE',  ( 25.73157527462442218, 1.492901434987527143, -16.57737175431547527 ) ) ;
#403 = EDGE_LOOP ( 'NONE', ( #5674, #7538, #6601, #5371 ) ) ;
#404 = EDGE_LOOP ( 'NONE', ( #7109, #3838 ) ) ;
#405 = VERTEX_POINT ( 'NONE', #6751 ) ;
#406 = ORIENTED_EDGE ( 'NONE', *, *, #6668, .F. ) ;
#407 = DIRECTION ( 'NONE',  ( 0.000000000000000000, 0.000000000000000000, 1.000000000000000000 ) ) ;
#408 = CARTESIAN_POINT ( 'NONE',  ( 5.811825726403751169, -25.98823529411764000, -8.199999999999999289 ) ) ;
#409 = EDGE_CURVE ( 'NONE', #2429, #1252, #4963, .T. ) ;
#410 = CYLINDRICAL_SURFACE ( 'NONE', #7563, 5.000000000000000000 ) ;
#411 = CARTESIAN_POINT ( 'NONE',  ( 5.917224328879009398, -22.89999999999999503, -22.60000000000000497 ) ) ;
#412 = ORIENTED_EDGE ( 'NONE', *, *, #1152, .F. ) ;
#413 = EDGE_CURVE ( 'NONE', #1794, #3400, #5510, .T. ) ;
#414 = ORIENTED_EDGE ( 'NONE', *, *, #3092, .F. ) ;
#415 = LINE ( 'NONE', #1607, #5894 ) ;
#416 = LINE ( 'NONE', #7084, #863 ) ;
#417 = CARTESIAN_POINT ( 'NONE',  ( 2.799999999999999822, -12.50985592009478964, 14.73541581987371174 ) ) ;
#418 = CARTESIAN_POINT ( 'NONE',  ( -5.599999999999998757, -1.616580753730956888, 19.60000000000000142 ) ) ;
#419 = CARTESIAN_POINT ( 'NONE',  ( 23.00000000000000000, -14.60000000000000320, -8.152690094265436116 ) ) ;
#420 = DIRECTION ( 'NONE',  ( -0.000000000000000000, 0.000000000000000000, 1.000000000000000000 ) ) ;
#421 = VERTEX_POINT ( 'NONE', #1950 ) ;
#422 = EDGE_CURVE ( 'NONE', #3901, #202, #6149, .T. ) ;
#423 = ORIENTED_EDGE ( 'NONE', *, *, #3372, .F. ) ;
#424 = CARTESIAN_POINT ( 'NONE',  ( 14.64430734992462213, 23.38674675012211424, -17.31855593872026944 ) ) ;
#425 = EDGE_CURVE ( 'NONE', #6994, #901, #7271, .T. ) ;
#426 = DIRECTION ( 'NONE',  ( 0.000000000000000000, 0.000000000000000000, -1.000000000000000000 ) ) ;
#427 = CARTESIAN_POINT ( 'NONE',  ( 23.00000000000000000, 23.60000000000000142, -15.59999999999999964 ) ) ;
#428 = EDGE_CURVE ( 'NONE', #7514, #3325, #705, .T. ) ;
#429 = DIRECTION ( 'NONE',  ( -0.000000000000000000, -0.000000000000000000, -1.000000000000000000 ) ) ;
#430 = EDGE_LOOP ( 'NONE', ( #868, #2708, #780, #7230 ) ) ;
#431 = ORIENTED_EDGE ( 'NONE', *, *, #3221, .F. ) ;
#432 = ADVANCED_FACE ( 'NONE', ( #3185 ), #4632, .T. ) ;
#433 = VERTEX_POINT ( 'NONE', #1243 ) ;
#434 = CARTESIAN_POINT ( 'NONE',  ( 14.40000000000000391, 27.60000000000000142, -14.59999999999999964 ) ) ;
#435 = DIRECTION ( 'NONE',  ( 0.000000000000000000, 1.000000000000000000, 0.000000000000000000 ) ) ;
#436 = EDGE_LOOP ( 'NONE', ( #331, #5987, #2298, #7798, #3225, #4619, #6078, #4122, #3645, #5449, #1563 ) ) ;
#437 = ORIENTED_EDGE ( 'NONE', *, *, #3873, .T. ) ;
#438 = EDGE_CURVE ( 'NONE', #1468, #7616, #1312, .T. ) ;
#439 = VERTEX_POINT ( 'NONE', #7312 ) ;
#440 = ORIENTED_EDGE ( 'NONE', *, *, #4832, .F. ) ;
#441 = CIRCLE ( 'NONE', #4994, 4.000000000000000000 ) ;
#442 = DIRECTION ( 'NONE',  ( 0.8660254037844389297, -0.4999999999999995004, 0.000000000000000000 ) ) ;
#443 = DIRECTION ( 'NONE',  ( 0.000000000000000000, -1.000000000000000000, -1.535153518563546084E-16 ) ) ;
#444 = DIRECTION ( 'NONE',  ( 0.000000000000000000, -0.8097498427772017449, 0.5867752483892765270 ) ) ;
#445 = DIRECTION ( 'NONE',  ( 0.000000000000000000, 0.000000000000000000, 1.000000000000000000 ) ) ;
#446 = CIRCLE ( 'NONE', #1207, 0.5000000000000004441 ) ;
#447 = ORIENTED_EDGE ( 'NONE', *, *, #4635, .T. ) ;
#448 = EDGE_CURVE ( 'NONE', #2143, #3464, #5001, .T. ) ;
#449 = VERTEX_POINT ( 'NONE', #1996 ) ;
#450 = LINE ( 'NONE', #1801, #5261 ) ;
#451 = DIRECTION ( 'NONE',  ( 0.000000000000000000, 1.000000000000000000, -0.000000000000000000 ) ) ;
#452 = CARTESIAN_POINT ( 'NONE',  ( 12.10710678118655004, 27.09999999999999787, -10.10000000000000142 ) ) ;
#453 = VECTOR ( 'NONE', #3080, 1000.000000000000000 ) ;
#454 = PLANE ( 'NONE',  #4681 ) ;
#455 = DIRECTION ( 'NONE',  ( 0.000000000000000000, 1.000000000000000000, 1.535153518563546084E-16 ) ) ;
#456 = CARTESIAN_POINT ( 'NONE',  ( -2.799999999999998046, -27.23316150746190800, 17.10000000000000142 ) ) ;
#457 = CIRCLE ( 'NONE', #967, 4.999999999999999112 ) ;
#458 = CARTESIAN_POINT ( 'NONE',  ( 25.80000000000000071, 16.83606797749979123, -15.60000000000000142 ) ) ;
#459 = ORIENTED_EDGE ( 'NONE', *, *, #5403, .T. ) ;
#460 = VECTOR ( 'NONE', #5125, 1000.000000000000000 ) ;
#461 = VERTEX_POINT ( 'NONE', #3692 ) ;
#462 = ORIENTED_EDGE ( 'NONE', *, *, #5236, .F. ) ;
#463 = AXIS2_PLACEMENT_3D ( 'NONE', #1010, #965, #7671 ) ;
#464 = CARTESIAN_POINT ( 'NONE',  ( 13.13558559546619620, 22.58043074919142512, -19.23802112771069162 ) ) ;
#465 = DIRECTION ( 'NONE',  ( -0.000000000000000000, 0.000000000000000000, 1.000000000000000000 ) ) ;
#466 = CARTESIAN_POINT ( 'NONE',  ( 28.59999999999999787, -3.233161507461907558, 19.60000000000000142 ) ) ;
#467 = DIRECTION ( 'NONE',  ( 1.000000000000000000, 0.000000000000000000, 3.469446951953611033E-15 ) ) ;
#468 = AXIS2_PLACEMENT_3D ( 'NONE', #3965, #2781, #2028 ) ;
#469 = DIRECTION ( 'NONE',  ( 0.000000000000000000, 6.938893903907222067E-15, 1.000000000000000000 ) ) ;
#470 = EDGE_CURVE ( 'NONE', #3856, #4210, #73, .T. ) ;
#471 = AXIS2_PLACEMENT_3D ( 'NONE', #3222, #207, #3099 ) ;
#472 = ADVANCED_FACE ( 'NONE', ( #3030 ), #972, .T. ) ;
#473 = EDGE_LOOP ( 'NONE', ( #4789, #5684, #6683, #3078 ) ) ;
#474 = VECTOR ( 'NONE', #5609, 1000.000000000000000 ) ;
#475 = ORIENTED_EDGE ( 'NONE', *, *, #5185, .T. ) ;
#476 = VECTOR ( 'NONE', #3195, 1000.000000000000000 ) ;
#477 = CARTESIAN_POINT ( 'NONE',  ( 0.000000000000000000, -22.39999999999999503, -12.39999999999999858 ) ) ;
#478 = CARTESIAN_POINT ( 'NONE',  ( 20.98081702531775150, -22.89999999999999858, -8.079233848400747320 ) ) ;
#479 = EDGE_CURVE ( 'NONE', #6363, #7067, #324, .T. ) ;
#480 = CARTESIAN_POINT ( 'NONE',  ( 0.06848369279381580355, -15.02035011603433290, -16.57775990570245028 ) ) ;
#481 = CIRCLE ( 'NONE', #6052, 1.749999999999999778 ) ;
#482 = ORIENTED_EDGE ( 'NONE', *, *, #1453, .F. ) ;
#483 = VECTOR ( 'NONE', #1860, 1000.000000000000000 ) ;
#484 = EDGE_CURVE ( 'NONE', #2856, #7150, #3219, .T. ) ;
#485 = EDGE_LOOP ( 'NONE', ( #5625, #3335, #921, #1431 ) ) ;
#486 = ORIENTED_EDGE ( 'NONE', *, *, #714, .T. ) ;
#487 = ORIENTED_EDGE ( 'NONE', *, *, #4594, .F. ) ;
#488 = AXIS2_PLACEMENT_3D ( 'NONE', #1307, #7422, #4140 ) ;
#489 = CARTESIAN_POINT ( 'NONE',  ( 14.90000000000000391, 24.10000000000000497, -14.09999999999999964 ) ) ;
#490 = CARTESIAN_POINT ( 'NONE',  ( 0.000000000000000000, -17.59999999999999787, 4.100000000000001421 ) ) ;
#491 = AXIS2_PLACEMENT_3D ( 'NONE', #6974, #1539, #6373 ) ;
#492 = CARTESIAN_POINT ( 'NONE',  ( 2.799999999999999822, 3.913850194456000686, 11.60000000000000320 ) ) ;
#493 = EDGE_CURVE ( 'NONE', #4892, #6810, #7047, .T. ) ;
#494 = CYLINDRICAL_SURFACE ( 'NONE', #5396, 5.000000000000000000 ) ;
#495 = VERTEX_POINT ( 'NONE', #887 ) ;
#496 = AXIS2_PLACEMENT_3D ( 'NONE', #4248, #5511, #766 ) ;
#497 = ORIENTED_EDGE ( 'NONE', *, *, #2291, .T. ) ;
#498 = DIRECTION ( 'NONE',  ( -1.000000000000000000, 0.000000000000000000, 0.000000000000000000 ) ) ;
#499 = CARTESIAN_POINT ( 'NONE',  ( 10.91441918783103660, 23.93957337466364521, -14.58558081216897051 ) ) ;
#500 = DIRECTION ( 'NONE',  ( 0.000000000000000000, 0.000000000000000000, 1.000000000000000000 ) ) ;
#501 = AXIS2_PLACEMENT_3D ( 'NONE', #32, #5491, #698 ) ;
#502 = LINE ( 'NONE', #1087, #5949 ) ;
#503 = CARTESIAN_POINT ( 'NONE',  ( 14.89999263399219664, 24.10274034981096491, -9.600007366007806908 ) ) ;
#504 = CARTESIAN_POINT ( 'NONE',  ( 32.60000000000000142, -24.00000000000000355, 17.09999999999999787 ) ) ;
#505 = CARTESIAN_POINT ( 'NONE',  ( 25.80000000000000071, -17.59999999999999787, 9.736228481429796133 ) ) ;
#506 = ORIENTED_EDGE ( 'NONE', *, *, #2443, .T. ) ;
#507 = VERTEX_POINT ( 'NONE', #5715 ) ;
#508 = ORIENTED_EDGE ( 'NONE', *, *, #2161, .F. ) ;
#509 = CARTESIAN_POINT ( 'NONE',  ( 23.00000000000000000, -4.999999999999997335, 14.60000000000000142 ) ) ;
#510 = DIRECTION ( 'NONE',  ( -0.000000000000000000, 0.8097498427772017449, 0.5867752483892765270 ) ) ;
#511 = CARTESIAN_POINT ( 'NONE',  ( 23.00000000000000000, 14.60000000000000320, -11.15269009426543967 ) ) ;
#512 = CARTESIAN_POINT ( 'NONE',  ( 31.80000000000000071, -14.52582457413839379, 17.09999999999999787 ) ) ;
#513 = FACE_OUTER_BOUND ( 'NONE', #7623, .T. ) ;
#514 = ORIENTED_EDGE ( 'NONE', *, *, #4501, .T. ) ;
#515 = ADVANCED_FACE ( 'NONE', ( #2193, #6909 ), #6393, .T. ) ;
#516 = VERTEX_POINT ( 'NONE', #7597 ) ;
#517 = CARTESIAN_POINT ( 'NONE',  ( 13.69289321881345600, 27.10000000000000142, -14.59999999999999964 ) ) ;
#518 = LINE ( 'NONE', #6589, #3132 ) ;
#519 = VERTEX_POINT ( 'NONE', #6230 ) ;
#520 = EDGE_LOOP ( 'NONE', ( #4805, #6084 ) ) ;
#521 = VERTEX_POINT ( 'NONE', #3377 ) ;
#522 = EDGE_CURVE ( 'NONE', #7753, #638, #5900, .T. ) ;
#523 = ORIENTED_EDGE ( 'NONE', *, *, #2821, .F. ) ;
#524 = DIRECTION ( 'NONE',  ( 0.000000000000000000, 0.000000000000000000, 1.000000000000000000 ) ) ;
#525 = CYLINDRICAL_SURFACE ( 'NONE', #7468, 0.5000000000000004441 ) ;
#526 = EDGE_CURVE ( 'NONE', #3515, #5473, #5637, .T. ) ;
#527 = DIRECTION ( 'NONE',  ( 1.000000000000000000, 0.000000000000000000, 0.000000000000000000 ) ) ;
#528 = CARTESIAN_POINT ( 'NONE',  ( 2.799999999999999822, 17.60000000000000497, -13.59999999999999787 ) ) ;
#529 = EDGE_LOOP ( 'NONE', ( #3166, #5542 ) ) ;
#530 = EDGE_CURVE ( 'NONE', #2197, #703, #3370, .T. ) ;
#531 = ORIENTED_EDGE ( 'NONE', *, *, #1832, .F. ) ;
#532 = DIRECTION ( 'NONE',  ( -0.000000000000000000, -0.000000000000000000, -1.000000000000000000 ) ) ;
#533 = CARTESIAN_POINT ( 'NONE',  ( 25.80000000000000071, 0.000000000000000000, 17.10000000000000497 ) ) ;
#534 =( LENGTH_UNIT ( ) NAMED_UNIT ( * ) SI_UNIT ( .MILLI., .METRE. ) );
#535 = CARTESIAN_POINT ( 'NONE',  ( 0.000000000000000000, 3.913850194455999798, 14.60000000000000320 ) ) ;
#536 = DIRECTION ( 'NONE',  ( -1.000000000000000000, 0.000000000000000000, 0.000000000000000000 ) ) ;
#537 = DIRECTION ( 'NONE',  ( 0.000000000000000000, 0.000000000000000000, 1.000000000000000000 ) ) ;
#538 = EDGE_LOOP ( 'NONE', ( #4639, #2227, #6138, #2865 ) ) ;
#539 = ORIENTED_EDGE ( 'NONE', *, *, #6633, .T. ) ;
#540 = ADVANCED_FACE ( 'NONE', ( #3303 ), #2669, .F. ) ;
#541 = VERTEX_POINT ( 'NONE', #923 ) ;
#542 = DIRECTION ( 'NONE',  ( 1.000000000000000000, 0.000000000000000000, 0.000000000000000000 ) ) ;
#543 = DIRECTION ( 'NONE',  ( 0.000000000000000000, 1.515042337097648137E-16, -1.000000000000000000 ) ) ;
#544 = DIRECTION ( 'NONE',  ( 1.000000000000000000, -0.000000000000000000, 0.000000000000000000 ) ) ;
#545 = CARTESIAN_POINT ( 'NONE',  ( 2.799999999999999822, -20.40000000000000568, -19.99999999999999645 ) ) ;
#546 = DIRECTION ( 'NONE',  ( -0.000000000000000000, 1.000000000000000000, 1.535153518563546084E-16 ) ) ;
#547 = AXIS2_PLACEMENT_3D ( 'NONE', #4713, #6500, #6535 ) ;
#548 = ORIENTED_EDGE ( 'NONE', *, *, #3192, .T. ) ;
#549 = DIRECTION ( 'NONE',  ( 0.000000000000000000, 1.000000000000000000, 2.344220913482172642E-16 ) ) ;
#550 = CARTESIAN_POINT ( 'NONE',  ( 22.50000000000000000, -21.40000000000000568, -11.89999999999999680 ) ) ;
#551 = CARTESIAN_POINT ( 'NONE',  ( -8.872670122488796052E-16, 10.73191868600937582, -15.75808960204022213 ) ) ;
#552 = CARTESIAN_POINT ( 'NONE',  ( 0.07179676972448884031, -14.60000000000000497, -16.59999999999999787 ) ) ;
#553 = EDGE_CURVE ( 'NONE', #1233, #5842, #7635, .T. ) ;
#554 = EDGE_LOOP ( 'NONE', ( #994, #7212, #1604, #772 ) ) ;
#555 = ORIENTED_EDGE ( 'NONE', *, *, #3544, .T. ) ;
#556 = ORIENTED_EDGE ( 'NONE', *, *, #4352, .T. ) ;
#557 = ORIENTED_EDGE ( 'NONE', *, *, #3045, .T. ) ;
#558 = DIRECTION ( 'NONE',  ( 1.000000000000000000, -0.000000000000000000, -0.000000000000000000 ) ) ;
#559 = CARTESIAN_POINT ( 'NONE',  ( 2.799999999999999822, 12.82658702483003488, -16.59999999999999787 ) ) ;
#560 = CARTESIAN_POINT ( 'NONE',  ( 2.799999999999999822, -1.069065149083005650, -13.60000000000000142 ) ) ;
#561 = DIRECTION ( 'NONE',  ( 1.000000000000000000, 0.000000000000000000, 0.000000000000000000 ) ) ;
#562 = EDGE_CURVE ( 'NONE', #1593, #3942, #4606, .T. ) ;
#563 = ORIENTED_EDGE ( 'NONE', *, *, #660, .T. ) ;
#564 = CIRCLE ( 'NONE', #6261, 2.999999999999999112 ) ;
#565 = EDGE_CURVE ( 'NONE', #1305, #5550, #3498, .T. ) ;
#566 = VERTEX_POINT ( 'NONE', #203 ) ;
#567 = CARTESIAN_POINT ( 'NONE',  ( 0.000000000000000000, 20.80000000000000426, -15.59999999999999964 ) ) ;
#568 = FACE_OUTER_BOUND ( 'NONE', #4928, .T. ) ;
#569 = DIRECTION ( 'NONE',  ( -1.000000000000000000, -0.000000000000000000, 0.000000000000000000 ) ) ;
#570 = CARTESIAN_POINT ( 'NONE',  ( 14.40000000000000391, 27.60000000000000142, -10.10000000000000142 ) ) ;
#571 = DIRECTION ( 'NONE',  ( -0.7071067811865405783, -0.7071067811865544561, 0.000000000000000000 ) ) ;
#572 = DIRECTION ( 'NONE',  ( 0.000000000000000000, 0.000000000000000000, 1.000000000000000000 ) ) ;
#573 = AXIS2_PLACEMENT_3D ( 'NONE', #6679, #6524, #1173 ) ;
#574 = EDGE_CURVE ( 'NONE', #1148, #5956, #5677, .T. ) ;
#575 = VERTEX_POINT ( 'NONE', #7479 ) ;
#576 = ORIENTED_EDGE ( 'NONE', *, *, #3602, .F. ) ;
#577 = VERTEX_POINT ( 'NONE', #6876 ) ;
#578 = AXIS2_PLACEMENT_3D ( 'NONE', #7005, #6455, #2716 ) ;
#579 = DIRECTION ( 'NONE',  ( -1.000000000000000000, -0.000000000000000000, -0.000000000000000000 ) ) ;
#580 = CIRCLE ( 'NONE', #4389, 10.49999999999999645 ) ;
#581 = DIRECTION ( 'NONE',  ( 1.000000000000000000, 0.000000000000000000, -0.000000000000000000 ) ) ;
#582 = CARTESIAN_POINT ( 'NONE',  ( 10.46546164329558692, 23.60000000000000142, -9.230923286590687837 ) ) ;
#583 = DIRECTION ( 'NONE',  ( 0.000000000000000000, 0.000000000000000000, 1.000000000000000000 ) ) ;
#584 = DIRECTION ( 'NONE',  ( 0.000000000000000000, -1.000000000000000000, 0.000000000000000000 ) ) ;
#585 = ADVANCED_FACE ( 'NONE', ( #2038 ), #3261, .F. ) ;
#586 = AXIS2_PLACEMENT_3D ( 'NONE', #996, #930, #782 ) ;
#587 = CIRCLE ( 'NONE', #3366, 0.5000000000000004441 ) ;
#588 = ORIENTED_EDGE ( 'NONE', *, *, #3481, .F. ) ;
#589 = CARTESIAN_POINT ( 'NONE',  ( 19.95117190988746714, -22.89999999999999503, -7.350524335044261726 ) ) ;
#590 = VECTOR ( 'NONE', #4326, 1000.000000000000000 ) ;
#591 = FACE_OUTER_BOUND ( 'NONE', #6298, .T. ) ;
#592 = CARTESIAN_POINT ( 'NONE',  ( 0.005362250144723763184, 10.88991649055300570, -15.90079676451119539 ) ) ;
#593 = AXIS2_PLACEMENT_3D ( 'NONE', #4254, #1281, #7276 ) ;
#594 = CIRCLE ( 'NONE', #1735, 5.000000000000000000 ) ;
#595 = FACE_OUTER_BOUND ( 'NONE', #4884, .T. ) ;
#596 = EDGE_LOOP ( 'NONE', ( #2957, #3925, #2251, #5337 ) ) ;
#597 = CC_DESIGN_PERSON_AND_ORGANIZATION_ASSIGNMENT ( #6232, #3732, ( #6199 ) ) ;
#598 = CIRCLE ( 'NONE', #5153, 0.5000000000000004441 ) ;
#599 = VERTEX_POINT ( 'NONE', #7515 ) ;
#600 = AXIS2_PLACEMENT_3D ( 'NONE', #7386, #4405, #1947 ) ;
#601 = ORIENTED_EDGE ( 'NONE', *, *, #6672, .F. ) ;
#602 = CARTESIAN_POINT ( 'NONE',  ( 4.336808689942017736E-16, -22.38341924626905310, 19.59999999999999787 ) ) ;
#603 = DIRECTION ( 'NONE',  ( -0.000000000000000000, 1.000000000000000000, 1.535153518563546084E-16 ) ) ;
#604 = FACE_BOUND ( 'NONE', #6743, .T. ) ;
#605 = VERTEX_POINT ( 'NONE', #2073 ) ;
#606 = AXIS2_PLACEMENT_3D ( 'NONE', #810, #5725, #298 ) ;
#607 = ORIENTED_EDGE ( 'NONE', *, *, #4883, .F. ) ;
#608 = VECTOR ( 'NONE', #4658, 1000.000000000000000 ) ;
#609 = CARTESIAN_POINT ( 'NONE',  ( 23.50000000000000000, -22.39999999999999503, -19.49999999999999645 ) ) ;
#610 = CARTESIAN_POINT ( 'NONE',  ( 15.10710678118654826, 23.60000000000000497, -14.51421356237309546 ) ) ;
#611 = ADVANCED_FACE ( 'NONE', ( #7550 ), #4485, .F. ) ;
#612 = CARTESIAN_POINT ( 'NONE',  ( 0.06842472537557955925, -12.40275073892557955, -16.57737175431548238 ) ) ;
#613 = PLANE ( 'NONE',  #1718 ) ;
#614 = CIRCLE ( 'NONE', #3144, 1.100000000000000311 ) ;
#615 = DIRECTION ( 'NONE',  ( 0.000000000000000000, 0.000000000000000000, 1.000000000000000000 ) ) ;
#616 = AXIS2_PLACEMENT_3D ( 'NONE', #1278, #3220, #4886 ) ;
#617 = ORIENTED_EDGE ( 'NONE', *, *, #2790, .T. ) ;
#618 = ORIENTED_EDGE ( 'NONE', *, *, #3192, .F. ) ;
#619 = ORIENTED_EDGE ( 'NONE', *, *, #812, .T. ) ;
#620 = AXIS2_PLACEMENT_3D ( 'NONE', #2538, #4215, #1685 ) ;
#621 = CARTESIAN_POINT ( 'NONE',  ( 14.40000000000000391, 26.39289321881345529, -14.09999999999999964 ) ) ;
#622 = EDGE_CURVE ( 'NONE', #4873, #7857, #1077, .T. ) ;
#623 = AXIS2_PLACEMENT_3D ( 'NONE', #3939, #5126, #924 ) ;
#624 = CARTESIAN_POINT ( 'NONE',  ( 25.80000000000000071, -2.953718350987537992E-15, 14.60000000000000142 ) ) ;
#625 = LINE ( 'NONE', #5374, #4401 ) ;
#626 = CARTESIAN_POINT ( 'NONE',  ( 10.40000000000000213, 23.59999999999999787, -9.099999999999999645 ) ) ;
#627 = EDGE_CURVE ( 'NONE', #4708, #4627, #7431, .T. ) ;
#628 = FACE_BOUND ( 'NONE', #1520, .T. ) ;
#629 = VECTOR ( 'NONE', #7777, 1000.000000000000000 ) ;
#630 = EDGE_LOOP ( 'NONE', ( #7632, #3971, #7381, #2252 ) ) ;
#631 = CARTESIAN_POINT ( 'NONE',  ( 25.80000000000000071, -9.592149841619608708, -6.950833218564932636 ) ) ;
#632 = EDGE_CURVE ( 'NONE', #3419, #4370, #1730, .T. ) ;
#633 = B_SPLINE_CURVE_WITH_KNOTS ( 'NONE', 3,
 ( #326, #6911, #7637, #3305, #7076, #5799, #1008, #374, #7600, #290 ),
 .UNSPECIFIED., .F., .F.,
 ( 4, 2, 2, 2, 4 ),
 ( 0.000000000000000000, 0.0009182483552328624208, 0.001836496710465724842, 0.002754745065698587046, 0.003672993420931454454 ),
 .UNSPECIFIED. ) ;
#634 = DIRECTION ( 'NONE',  ( -1.000000000000000000, -0.000000000000000000, -0.000000000000000000 ) ) ;
#635 = CARTESIAN_POINT ( 'NONE',  ( 0.000000000000000000, -9.474175425861611544, 22.60000000000000142 ) ) ;
#636 = CARTESIAN_POINT ( 'NONE',  ( 25.72820323027551126, 14.60000000000000497, -16.59999999999999787 ) ) ;
#637 = ORIENTED_EDGE ( 'NONE', *, *, #4707, .T. ) ;
#638 = VERTEX_POINT ( 'NONE', #3494 ) ;
#639 = ORIENTED_EDGE ( 'NONE', *, *, #5951, .T. ) ;
#640 = EDGE_CURVE ( 'NONE', #5778, #751, #6541, .T. ) ;
#641 = CARTESIAN_POINT ( 'NONE',  ( 20.89999999999999858, 22.09999999999999787, 0.5000000000000036637 ) ) ;
#642 = CARTESIAN_POINT ( 'NONE',  ( 25.80000000000000071, 1.069065149083006538, -13.60000000000000142 ) ) ;
#643 = CARTESIAN_POINT ( 'NONE',  ( 19.90000000000000213, 22.09999999999999787, -10.49999999999999645 ) ) ;
#644 = ORIENTED_EDGE ( 'NONE', *, *, #2551, .F. ) ;
#645 = ORIENTED_EDGE ( 'NONE', *, *, #7658, .T. ) ;
#646 = DIRECTION ( 'NONE',  ( 1.000000000000000000, 0.000000000000000000, 0.000000000000000000 ) ) ;
#647 = FACE_OUTER_BOUND ( 'NONE', #84, .T. ) ;
#648 = DIRECTION ( 'NONE',  ( 0.000000000000000000, -1.000000000000000000, -2.011273595335428572E-16 ) ) ;
#649 = DIRECTION ( 'NONE',  ( 0.000000000000000000, -1.000000000000000000, -1.535153518563546084E-16 ) ) ;
#650 = CYLINDRICAL_SURFACE ( 'NONE', #7056, 1.749999999999994671 ) ;
#652 = ORIENTED_EDGE ( 'NONE', *, *, #4716, .F. ) ;
#651 = EDGE_CURVE ( 'NONE', #4730, #4955, #2903, .T. ) ;
#653 = ORIENTED_EDGE ( 'NONE', *, *, #6978, .T. ) ;
#654 = EDGE_LOOP ( 'NONE', ( #2453, #4245, #3500, #6775 ) ) ;
#655 = CARTESIAN_POINT ( 'NONE',  ( 4.336808689942017736E-16, -25.61658075373095755, 19.59999999999999787 ) ) ;
#656 = CARTESIAN_POINT ( 'NONE',  ( 25.80000000000000071, -23.90000000000000568, 17.09999999999999787 ) ) ;
#657 = CARTESIAN_POINT ( 'NONE',  ( 23.00000000000000000, 20.80000000000000071, 3.193119318612175381E-15 ) ) ;
#658 = DIRECTION ( 'NONE',  ( 1.000000000000000000, 0.000000000000000000, 0.000000000000000000 ) ) ;
#659 = DIRECTION ( 'NONE',  ( -1.000000000000000000, 0.000000000000000000, 0.000000000000000000 ) ) ;
#660 = EDGE_CURVE ( 'NONE', #3605, #2553, #7190, .T. ) ;
#661 = ORIENTED_EDGE ( 'NONE', *, *, #3248, .T. ) ;
#662 = DIRECTION ( 'NONE',  ( 0.000000000000000000, 1.000000000000000000, 0.000000000000000000 ) ) ;
#663 = EDGE_CURVE ( 'NONE', #3636, #3612, #2404, .T. ) ;
#664 = CARTESIAN_POINT ( 'NONE',  ( 4.900000000000001243, 22.09999999999999787, -0.5999999999999963141 ) ) ;
#665 = FACE_BOUND ( 'NONE', #2292, .T. ) ;
#666 = CARTESIAN_POINT ( 'NONE',  ( 12.04644660940672907, 28.74644660940672836, -14.09999999999999964 ) ) ;
#667 = EDGE_CURVE ( 'NONE', #5480, #605, #7072, .T. ) ;
#668 = VERTEX_POINT ( 'NONE', #489 ) ;
#669 = ORIENTED_EDGE ( 'NONE', *, *, #7797, .F. ) ;
#670 = CIRCLE ( 'NONE', #7139, 2.249999999999998668 ) ;
#671 = ORIENTED_EDGE ( 'NONE', *, *, #1797, .T. ) ;
#672 = DIRECTION ( 'NONE',  ( 0.000000000000000000, 0.000000000000000000, 1.000000000000000000 ) ) ;
#673 = CARTESIAN_POINT ( 'NONE',  ( 12.10710678118655004, 27.09999999999999076, 1.664290632545111362E-14 ) ) ;
#674 = DIRECTION ( 'NONE',  ( -0.000000000000000000, 0.000000000000000000, 1.000000000000000000 ) ) ;
#675 = CARTESIAN_POINT ( 'NONE',  ( 25.74347271249968472, 1.904842275320813627, -16.48891958280299619 ) ) ;
#676 = EDGE_CURVE ( 'NONE', #1843, #368, #1160, .T. ) ;
#677 = EDGE_LOOP ( 'NONE', ( #7093, #7027, #3321, #3018 ) ) ;
#678 = ORIENTED_EDGE ( 'NONE', *, *, #1339, .F. ) ;
#679 = CARTESIAN_POINT ( 'NONE',  ( 11.90000000000000391, 27.59999999999999432, 1.698985102064647504E-14 ) ) ;
#680 = CARTESIAN_POINT ( 'NONE',  ( 25.79463774985528346, -3.005735683360313271, -15.90079676451096624 ) ) ;
#681 = DIRECTION ( 'NONE',  ( 0.000000000000000000, 0.000000000000000000, 1.000000000000000000 ) ) ;
#682 = DIRECTION ( 'NONE',  ( 0.4999999999999997780, -0.8660254037844388186, 0.000000000000000000 ) ) ;
#683 = CARTESIAN_POINT ( 'NONE',  ( -2.799999999999998934, -24.00000000000000355, 22.59999999999999787 ) ) ;
#684 = ORIENTED_EDGE ( 'NONE', *, *, #1294, .F. ) ;
#685 = VERTEX_POINT ( 'NONE', #3458 ) ;
#686 = ORIENTED_EDGE ( 'NONE', *, *, #7018, .T. ) ;
#687 = CARTESIAN_POINT ( 'NONE',  ( 2.799999999999999822, 12.17075047166840029, -9.392364349097608311 ) ) ;
#688 = CARTESIAN_POINT ( 'NONE',  ( 6.554990330809499000, -23.40000000000000213, -7.699999999999998401 ) ) ;
#689 = LINE ( 'NONE', #4336, #1136 ) ;
#690 = CARTESIAN_POINT ( 'NONE',  ( 12.90000000000000036, 22.10000000000000142, -16.39999999999999858 ) ) ;
#691 = LINE ( 'NONE', #4943, #7035 ) ;
#692 = DIRECTION ( 'NONE',  ( -0.000000000000000000, 1.000000000000000000, 1.535153518563546084E-16 ) ) ;
#693 = ORIENTED_EDGE ( 'NONE', *, *, #2893, .F. ) ;
#694 = PLANE ( 'NONE',  #2386 ) ;
#695 = CARTESIAN_POINT ( 'NONE',  ( 20.57293033003401916, -22.90000000000000924, -7.714657889166192994 ) ) ;
#696 = CARTESIAN_POINT ( 'NONE',  ( 12.90000000000000036, 19.60000000000000142, -16.39999999999999858 ) ) ;
#697 = CYLINDRICAL_SURFACE ( 'NONE', #6293, 6.000000000000001776 ) ;
#698 = DIRECTION ( 'NONE',  ( 0.000000000000000000, 1.000000000000000000, 6.938893903907222067E-15 ) ) ;
#699 = ADVANCED_FACE ( 'NONE', ( #5390 ), #1676, .F. ) ;
#700 = LINE ( 'NONE', #786, #858 ) ;
#701 = ADVANCED_FACE ( 'NONE', ( #2307 ), #6595, .F. ) ;
#702 = ORIENTED_EDGE ( 'NONE', *, *, #238, .F. ) ;
#703 = VERTEX_POINT ( 'NONE', #2340 ) ;
#704 =( BOUNDED_SURFACE ( )  B_SPLINE_SURFACE ( 3, 2, ( 
 ( #7606, #6856, #3429 ),
 ( #4025, #2757, #6172 ),
 ( #3204, #1565, #5807 ),
 ( #3752, #744, #7641 ),
 ( #4981, #4612, #1972 ),
 ( #1379, #6449, #3798 ),
 ( #1016, #6213, #2348 ),
 ( #4180, #2912, #2240 ),
 ( #4093, #5360, #4062 ),
 ( #2281, #6603, #2948 ),
 ( #7757, #7119, #5922 ),
 ( #2829, #5877, #2867 ),
 ( #1768, #1200, #7790 ),
 ( #4732, #1167, #3582 ),
 ( #4657, #5965, #6519 ),
 ( #6486, #4817, #4697 ) ),
 .UNSPECIFIED., .F., .F., .F. ) 
 B_SPLINE_SURFACE_WITH_KNOTS ( ( 4, 2, 2, 2, 2, 2, 2, 4 ),
 ( 3, 3 ),
 ( 1.570796326794896558, 1.963495408493620697, 2.159844949342982545, 2.356194490192344837, 2.552544031041707129, 2.748893571891068976, 2.945243112740430824, 3.141592653589793116 ),
 ( 0.000000000000000000, 1.000000000000000000 ),
 .UNSPECIFIED. ) 
 GEOMETRIC_REPRESENTATION_ITEM ( )  RATIONAL_B_SPLINE_SURFACE ( (
 ( 1.000000000000000000, 1.000000000000000000, 1.000000000000000000),
 ( 1.000000000000000000, 1.000158581312251549, 1.000000000000000000),
 ( 1.000000000000000000, 0.9867291885324024348, 1.000000000000000000),
 ( 1.000000000000000000, 0.9506740355555334254, 1.000000000000000000),
 ( 1.000000000000000000, 0.9360421840056081244, 1.000000000000000000),
 ( 1.000000000000000000, 0.9031650996807878418, 1.000000000000000000),
 ( 1.000000000000000000, 0.8849191467255028698, 1.000000000000000000),
 ( 1.000000000000000000, 0.8471316608433736572, 1.000000000000000000),
 ( 1.000000000000000000, 0.8275942690270728930, 1.000000000000000000),
 ( 1.000000000000000000, 0.7902180092162689462, 1.000000000000000000),
 ( 1.000000000000000000, 0.7723968211612690649, 1.000000000000000000),
 ( 1.000000000000000000, 0.7418334185359356514, 1.000000000000000000),
 ( 1.000000000000000000, 0.7291288935322172149, 1.000000000000000000),
 ( 1.000000000000000000, 0.7117460030110996927, 1.000000000000000000),
 ( 1.000000000000000000, 0.7070717280153830941, 1.000000000000000000),
 ( 1.000000000000000000, 0.7071067811865474617, 1.000000000000000000) ) ) 
 REPRESENTATION_ITEM ( '' )  SURFACE ( )  );
#705 = CIRCLE ( 'NONE', #2103, 2.999999999999999112 ) ;
#706 = ORIENTED_EDGE ( 'NONE', *, *, #6437, .F. ) ;
#707 = AXIS2_PLACEMENT_3D ( 'NONE', #4609, #1601, #4767 ) ;
#708 = VECTOR ( 'NONE', #1280, 1000.000000000000000 ) ;
#709 = DIRECTION ( 'NONE',  ( -1.000000000000000000, -0.000000000000000000, 0.000000000000000000 ) ) ;
#710 = LINE ( 'NONE', #5968, #870 ) ;
#711 = EDGE_CURVE ( 'NONE', #5162, #2359, #4768, .T. ) ;
#712 = CYLINDRICAL_SURFACE ( 'NONE', #6170, 5.999999999999998224 ) ;
#713 = DIRECTION ( 'NONE',  ( 0.000000000000000000, 1.000000000000000000, 0.000000000000000000 ) ) ;
#714 = EDGE_CURVE ( 'NONE', #5963, #720, #6799, .T. ) ;
#715 = DIRECTION ( 'NONE',  ( 1.000000000000000000, -0.000000000000000000, 0.000000000000000000 ) ) ;
#716 = CIRCLE ( 'NONE', #7183, 1.750000000000000000 ) ;
#717 = CIRCLE ( 'NONE', #1352, 1.600000000000000089 ) ;
#718 = AXIS2_PLACEMENT_3D ( 'NONE', #7735, #3005, #6092 ) ;
#719 = ORIENTED_EDGE ( 'NONE', *, *, #4837, .T. ) ;
#720 = VERTEX_POINT ( 'NONE', #4054 ) ;
#721 = VECTOR ( 'NONE', #1332, 1000.000000000000000 ) ;
#722 = CARTESIAN_POINT ( 'NONE',  ( 23.00000000000000000, -16.64874921388600271, 2.787273915162694404 ) ) ;
#723 = DIRECTION ( 'NONE',  ( 1.000000000000000000, 0.000000000000000000, 0.000000000000000000 ) ) ;
#724 = EDGE_CURVE ( 'NONE', #3979, #5131, #5518, .T. ) ;
#725 = CIRCLE ( 'NONE', #1483, 1.000000000000000888 ) ;
#726 = CALENDAR_DATE ( 2026, 16, 3 ) ;
#727 = CARTESIAN_POINT ( 'NONE',  ( 25.80000000000000071, 17.60000000000000497, -13.59999999999999787 ) ) ;
#728 = AXIS2_PLACEMENT_3D ( 'NONE', #3469, #5881, #7645 ) ;
#729 = ORIENTED_EDGE ( 'NONE', *, *, #3951, .F. ) ;
#730 = AXIS2_PLACEMENT_3D ( 'NONE', #1697, #7130, #2409 ) ;
#731 = VERTEX_POINT ( 'NONE', #2822 ) ;
#732 = LINE ( 'NONE', #687, #995 ) ;
#733 = DIRECTION ( 'NONE',  ( 0.000000000000000000, 0.000000000000000000, -1.000000000000000000 ) ) ;
#734 = LINE ( 'NONE', #7366, #2148 ) ;
#735 = FACE_OUTER_BOUND ( 'NONE', #4221, .T. ) ;
#736 = CARTESIAN_POINT ( 'NONE',  ( -4.080000000000000071, 3.789670170344640265, 17.10000000000000497 ) ) ;
#737 = VECTOR ( 'NONE', #6394, 1000.000000000000000 ) ;
#738 = ADVANCED_FACE ( 'NONE', ( #7668 ), #5400, .T. ) ;
#739 = PLANE ( 'NONE',  #200 ) ;
#740 = AXIS2_PLACEMENT_3D ( 'NONE', #4466, #5819, #7009 ) ;
#741 = ORIENTED_EDGE ( 'NONE', *, *, #6685, .T. ) ;
#742 = CARTESIAN_POINT ( 'NONE',  ( 4.336808689942017736E-16, -23.90000000000000568, 17.10000000000000142 ) ) ;
#743 = AXIS2_PLACEMENT_3D ( 'NONE', #6689, #7804, #3043 ) ;
#744 = CARTESIAN_POINT ( 'NONE',  ( 4.450353745333555544, 19.14964625466776127, -22.15896131235044209 ) ) ;
#745 = CARTESIAN_POINT ( 'NONE',  ( 20.28339963561528947, 18.08339963561402541, -22.48847320819098528 ) ) ;
#746 = CARTESIAN_POINT ( 'NONE',  ( 0.02044194427074540882, 2.665268862803999550, -16.14882173056991022 ) ) ;
#747 = LINE ( 'NONE', #2056, #7363 ) ;
#748 = AXIS2_PLACEMENT_3D ( 'NONE', #4836, #2419, #6702 ) ;
#749 = VECTOR ( 'NONE', #1443, 1000.000000000000000 ) ;
#750 = CARTESIAN_POINT ( 'NONE',  ( -2.799999999999998046, -27.23316150746190800, 19.59999999999999787 ) ) ;
#751 = VERTEX_POINT ( 'NONE', #4124 ) ;
#752 = ORIENTED_EDGE ( 'NONE', *, *, #7081, .T. ) ;
#753 = ADVANCED_FACE ( 'NONE', ( #3647 ), #3021, .F. ) ;
#754 = VERTEX_POINT ( 'NONE', #9 ) ;
#755 = ORGANIZATION ( '未指定', '未指定', '' ) ;
#756 = DIRECTION ( 'NONE',  ( 0.000000000000000000, 1.000000000000000000, 2.011273595335428572E-16 ) ) ;
#757 = CARTESIAN_POINT ( 'NONE',  ( 6.999999999999999112, 23.60000000000000142, -22.59999999999999432 ) ) ;
#758 = DIRECTION ( 'NONE',  ( 0.000000000000000000, 0.000000000000000000, 1.000000000000000000 ) ) ;
#759 = DIRECTION ( 'NONE',  ( -1.000000000000000000, 6.938893903907228378E-15, 0.000000000000000000 ) ) ;
#760 = DIRECTION ( 'NONE',  ( 0.000000000000000000, -6.938893903907229364E-16, 1.000000000000000000 ) ) ;
#761 = ORIENTED_EDGE ( 'NONE', *, *, #6377, .F. ) ;
#762 = ADVANCED_FACE ( 'NONE', ( #1306 ), #1866, .T. ) ;
#763 = ORIENTED_EDGE ( 'NONE', *, *, #4685, .F. ) ;
#764 = EDGE_CURVE ( 'NONE', #276, #3487, #3246, .T. ) ;
#765 = DIRECTION ( 'NONE',  ( 0.000000000000000000, 0.000000000000000000, 1.000000000000000000 ) ) ;
#766 = DIRECTION ( 'NONE',  ( 0.000000000000000000, 0.000000000000000000, -1.000000000000000000 ) ) ;
#767 = APPROVAL_STATUS ( 'not_yet_approved' ) ;
#768 = CARTESIAN_POINT ( 'NONE',  ( 25.80000000000000071, -22.89999999999999503, -15.60000000000000675 ) ) ;
#769 = CARTESIAN_POINT ( 'NONE',  ( 25.80000000000000071, 9.474175425861606215, 22.60000000000000142 ) ) ;
#770 = VERTEX_POINT ( 'NONE', #4283 ) ;
#771 = EDGE_CURVE ( 'NONE', #521, #6005, #2024, .T. ) ;
#772 = ORIENTED_EDGE ( 'NONE', *, *, #1497, .F. ) ;
#773 = LINE ( 'NONE', #6884, #6440 ) ;
#774 = CARTESIAN_POINT ( 'NONE',  ( 14.90000000000000213, 23.80710678118654400, -10.09999999999999964 ) ) ;
#775 = CARTESIAN_POINT ( 'NONE',  ( 25.80000000000000071, 9.474175425861606215, 17.10000000000000497 ) ) ;
#776 = DIRECTION ( 'NONE',  ( 0.000000000000000000, 0.000000000000000000, 1.000000000000000000 ) ) ;
#777 = DIRECTION ( 'NONE',  ( 0.000000000000000000, 0.000000000000000000, 1.000000000000000000 ) ) ;
#778 = FACE_OUTER_BOUND ( 'NONE', #2689, .T. ) ;
#779 = EDGE_CURVE ( 'NONE', #6810, #4892, #1101, .T. ) ;
#780 = ORIENTED_EDGE ( 'NONE', *, *, #6482, .F. ) ;
#781 = PLANE ( 'NONE',  #1495 ) ;
#782 = DIRECTION ( 'NONE',  ( 0.000000000000000000, 0.000000000000000000, 1.000000000000000000 ) ) ;
#783 = CARTESIAN_POINT ( 'NONE',  ( 22.30805472118537480, 18.70483283271127561, -21.67482119174262678 ) ) ;
#784 = CARTESIAN_POINT ( 'NONE',  ( 2.799999999999999822, -3.338714168256810878E-15, -16.60000000000000142 ) ) ;
#785 = DIRECTION ( 'NONE',  ( 0.000000000000000000, 0.000000000000000000, 1.000000000000000000 ) ) ;
#786 = CARTESIAN_POINT ( 'NONE',  ( 2.799999999999999822, 20.71553718680808487, 14.13630394661408829 ) ) ;
#787 = ORIENTED_EDGE ( 'NONE', *, *, #6385, .F. ) ;
#788 = ORIENTED_EDGE ( 'NONE', *, *, #7756, .F. ) ;
#789 = VERTEX_POINT ( 'NONE', #3089 ) ;
#790 = CARTESIAN_POINT ( 'NONE',  ( -5.599999999999998757, 1.616580753730949782, 19.60000000000000142 ) ) ;
#791 = CARTESIAN_POINT ( 'NONE',  ( 19.48984653831454850, -23.30958776833825752, -7.717035148943699241 ) ) ;
#792 = LINE ( 'NONE', #1987, #2763 ) ;
#793 = CARTESIAN_POINT ( 'NONE',  ( 4.900000000000001243, 22.09999999999999787, 2.250000000000003553 ) ) ;
#794 = ADVANCED_FACE ( 'NONE', ( #6779 ), #4354, .F. ) ;
#795 = CARTESIAN_POINT ( 'NONE',  ( 23.00000000000000000, -17.60000000000000497, -11.15269009426543789 ) ) ;
#796 = ORIENTED_EDGE ( 'NONE', *, *, #6926, .T. ) ;
#797 = VERTEX_POINT ( 'NONE', #77 ) ;
#798 = DIRECTION ( 'NONE',  ( -0.000000000000000000, -1.000000000000000000, -0.000000000000000000 ) ) ;
#799 = CARTESIAN_POINT ( 'NONE',  ( 6.999999999999999112, 22.90000000000000213, -15.59999999999999964 ) ) ;
#800 = SHAPE_DEFINITION_REPRESENTATION ( #2026, #2981 ) ;
#801 = CARTESIAN_POINT ( 'NONE',  ( -2.800000000000001155, 3.233161507461900896, 19.60000000000000142 ) ) ;
#802 = EDGE_CURVE ( 'NONE', #5131, #3591, #1234, .T. ) ;
#803 = CARTESIAN_POINT ( 'NONE',  ( 22.50000000000000000, 19.59999999999999432, -19.99999999999999645 ) ) ;
#804 = EDGE_CURVE ( 'NONE', #871, #1861, #6140, .T. ) ;
#805 = VERTEX_POINT ( 'NONE', #602 ) ;
#806 = ORIENTED_EDGE ( 'NONE', *, *, #2137, .F. ) ;
#807 = FACE_OUTER_BOUND ( 'NONE', #2043, .T. ) ;
#808 = CARTESIAN_POINT ( 'NONE',  ( 4.684161637422525004, -22.89999999999999503, -8.199999999999999289 ) ) ;
#809 = CARTESIAN_POINT ( 'NONE',  ( 25.80000000000000071, 15.44623922359338763, 5.894800647005511429 ) ) ;
#810 = CARTESIAN_POINT ( 'NONE',  ( 22.50000000000000000, -22.39999999999999503, -12.89999999999999858 ) ) ;
#811 = CARTESIAN_POINT ( 'NONE',  ( 0.000000000000000000, 12.17075047166840029, -9.392364349097608311 ) ) ;
#812 = EDGE_CURVE ( 'NONE', #541, #6304, #7264, .T. ) ;
#813 = PLANE ( 'NONE',  #2474 ) ;
#814 = VERTEX_POINT ( 'NONE', #6073 ) ;
#815 = LINE ( 'NONE', #5530, #3020 ) ;
#816 = AXIS2_PLACEMENT_3D ( 'NONE', #353, #5192, #7622 ) ;
#817 = CARTESIAN_POINT ( 'NONE',  ( -5.599999999999998757, -22.38341924626905310, 19.59999999999999787 ) ) ;
#818 = CARTESIAN_POINT ( 'NONE',  ( 11.38981725972699088, 23.02028460747505534, -18.39104621054914546 ) ) ;
#819 = LINE ( 'NONE', #4435, #7740 ) ;
#820 = ADVANCED_FACE ( 'NONE', ( #6745 ), #5438, .F. ) ;
#821 = SPHERICAL_SURFACE ( 'NONE', #2886, 0.5000000000000000000 ) ;
#822 = AXIS2_PLACEMENT_3D ( 'NONE', #1774, #5332, #2434 ) ;
#823 = ORIENTED_EDGE ( 'NONE', *, *, #7331, .T. ) ;
#824 = EDGE_LOOP ( 'NONE', ( #6050, #1094, #5348, #7323 ) ) ;
#825 = EDGE_LOOP ( 'NONE', ( #2347, #4563, #3625, #3342 ) ) ;
#826 = CIRCLE ( 'NONE', #586, 1.749999999999999778 ) ;
#827 = CARTESIAN_POINT ( 'NONE',  ( 23.00000000000000711, 23.59999999999999787, 4.448388990508918501E-15 ) ) ;
#828 = DIRECTION ( 'NONE',  ( 0.000000000000000000, 1.000000000000000000, 2.011273595335428326E-16 ) ) ;
#829 = AXIS2_PLACEMENT_3D ( 'NONE', #4891, #7157, #1807 ) ;
#830 = CARTESIAN_POINT ( 'NONE',  ( 29.87999999999999901, -3.789670170344647815, 17.10000000000000497 ) ) ;
#831 = CARTESIAN_POINT ( 'NONE',  ( 12.90000000000000036, 20.09999999999999787, -18.59999999999999787 ) ) ;
#832 = CARTESIAN_POINT ( 'NONE',  ( 36.00000000000000711, -17.59999999999999787, 4.100000000000001421 ) ) ;
#833 = EDGE_CURVE ( 'NONE', #3146, #5579, #121, .T. ) ;
#834 = ORIENTED_EDGE ( 'NONE', *, *, #2321, .T. ) ;
#835 = AXIS2_PLACEMENT_3D ( 'NONE', #5750, #5205, #372 ) ;
#836 = ORIENTED_EDGE ( 'NONE', *, *, #7690, .F. ) ;
#837 = ORIENTED_EDGE ( 'NONE', *, *, #7690, .T. ) ;
#838 = ORIENTED_EDGE ( 'NONE', *, *, #7105, .T. ) ;
#839 = CARTESIAN_POINT ( 'NONE',  ( 31.80000000000000071, -14.52582457413839379, 22.59999999999999787 ) ) ;
#840 = CARTESIAN_POINT ( 'NONE',  ( 28.59999999999999787, -3.233161507461907558, 17.10000000000000497 ) ) ;
#841 = CIRCLE ( 'NONE', #6287, 0.5000000000000004441 ) ;
#842 = DIRECTION ( 'NONE',  ( -0.000000000000000000, -0.000000000000000000, -1.000000000000000000 ) ) ;
#843 = AXIS2_PLACEMENT_3D ( 'NONE', #5170, #7602, #5242 ) ;
#844 = CARTESIAN_POINT ( 'NONE',  ( 14.89638103050343965, 23.66310680357072371, -14.84819051525172817 ) ) ;
#845 = VECTOR ( 'NONE', #6879, 1000.000000000000000 ) ;
#846 = ORIENTED_EDGE ( 'NONE', *, *, #1642, .T. ) ;
#847 = AXIS2_PLACEMENT_3D ( 'NONE', #31, #2448, #1856 ) ;
#848 = EDGE_CURVE ( 'NONE', #6423, #6612, #716, .T. ) ;
#849 = ORIENTED_EDGE ( 'NONE', *, *, #6188, .T. ) ;
#850 = CIRCLE ( 'NONE', #3881, 0.5000000000000004441 ) ;
#851 = CYLINDRICAL_SURFACE ( 'NONE', #2642, 1.749999999999998002 ) ;
#852 = CARTESIAN_POINT ( 'NONE',  ( 14.90000000000000391, 24.10000000000000497, -10.10000000000000142 ) ) ;
#853 = CYLINDRICAL_SURFACE ( 'NONE', #6710, 0.5000000000000004441 ) ;
#854 = PLANE ( 'NONE',  #6812 ) ;
#855 = CARTESIAN_POINT ( 'NONE',  ( 2.799999999999999822, 3.498314677414608553, -15.36032574516783455 ) ) ;
#856 = VECTOR ( 'NONE', #6606, 1000.000000000000000 ) ;
#857 = CARTESIAN_POINT ( 'NONE',  ( 2.799999999999999822, -12.44299683239223420, -9.016664371298716674 ) ) ;
#858 = VECTOR ( 'NONE', #6177, 1000.000000000000114 ) ;
#859 = ORIENTED_EDGE ( 'NONE', *, *, #6171, .F. ) ;
#860 = ADVANCED_FACE ( 'NONE', ( #1943 ), #5581, .F. ) ;
#861 = DIRECTION ( 'NONE',  ( 0.000000000000000000, -0.000000000000000000, 1.000000000000000000 ) ) ;
#862 = TOROIDAL_SURFACE ( 'NONE', #1873, 1.000000000000000000, 0.5000000000000000000 ) ;
#863 = VECTOR ( 'NONE', #1484, 1000.000000000000000 ) ;
#864 = EDGE_CURVE ( 'NONE', #6916, #797, #1827, .T. ) ;
#865 = CARTESIAN_POINT ( 'NONE',  ( 22.75864692286187818, 20.55864692286188600, -21.45630311248262601 ) ) ;
#866 = CARTESIAN_POINT ( 'NONE',  ( 11.14763579126835680, 23.35659961229949744, -17.43360406062095080 ) ) ;
#867 = DIRECTION ( 'NONE',  ( 0.000000000000000000, -1.000000000000000000, 0.000000000000000000 ) ) ;
#868 = ORIENTED_EDGE ( 'NONE', *, *, #3092, .T. ) ;
#869 = CARTESIAN_POINT ( 'NONE',  ( -0.9999999999999991118, -17.84244936449379182, 17.09999999999999787 ) ) ;
#870 = VECTOR ( 'NONE', #5330, 1000.000000000000000 ) ;
#871 = VERTEX_POINT ( 'NONE', #3212 ) ;
#872 = VECTOR ( 'NONE', #335, 1000.000000000000000 ) ;
#873 = VERTEX_POINT ( 'NONE', #6945 ) ;
#874 = EDGE_CURVE ( 'NONE', #355, #1303, #598, .T. ) ;
#875 = EDGE_LOOP ( 'NONE', ( #6686, #7362, #7379, #251 ) ) ;
#876 = VECTOR ( 'NONE', #5157, 1000.000000000000000 ) ;
#877 = CARTESIAN_POINT ( 'NONE',  ( 19.80717862151347930, -22.89999999999999858, -7.651405797751639426 ) ) ;
#878 = AXIS2_PLACEMENT_3D ( 'NONE', #1663, #2772, #426 ) ;
#879 = CARTESIAN_POINT ( 'NONE',  ( 2.600599538523598930, -23.90000000000000568, 17.09999999999999787 ) ) ;
#880 = CARTESIAN_POINT ( 'NONE',  ( 23.00000000000000000, -3.338714168256810878E-15, -16.60000000000000142 ) ) ;
#881 = DIRECTION ( 'NONE',  ( -0.000000000000000000, 1.000000000000000000, 1.535153518563546084E-16 ) ) ;
#882 = ORIENTED_EDGE ( 'NONE', *, *, #7153, .F. ) ;
#883 = EDGE_CURVE ( 'NONE', #2304, #1138, #7568, .T. ) ;
#884 = AXIS2_PLACEMENT_3D ( 'NONE', #3066, #3551, #7722 ) ;
#885 = VERTEX_POINT ( 'NONE', #5617 ) ;
#886 = VERTEX_POINT ( 'NONE', #277 ) ;
#887 = CARTESIAN_POINT ( 'NONE',  ( 4.684161637422525892, -22.89999999999999503, -11.89999999999999680 ) ) ;
#888 = DIRECTION ( 'NONE',  ( 0.000000000000000000, 1.000000000000000000, 0.000000000000000000 ) ) ;
#889 = PRODUCT ( '#5舵机固定架夹爪', '#5舵机固定架夹爪', '', ( #4412 ) ) ;
#890 = DIRECTION ( 'NONE',  ( 1.224646799147353207E-16, 1.000000000000000000, 0.000000000000000000 ) ) ;
#891 = FACE_OUTER_BOUND ( 'NONE', #677, .T. ) ;
#892 = ORIENTED_EDGE ( 'NONE', *, *, #6506, .T. ) ;
#893 = ORIENTED_EDGE ( 'NONE', *, *, #562, .F. ) ;
#894 = DIRECTION ( 'NONE',  ( 0.000000000000000000, -2.090028284309406488E-16, 1.000000000000000000 ) ) ;
#895 = DIRECTION ( 'NONE',  ( -1.000000000000000000, -0.000000000000000000, -0.000000000000000000 ) ) ;
#896 = CARTESIAN_POINT ( 'NONE',  ( 10.90000000000000391, 24.10000000000000497, -10.10000000000000142 ) ) ;
#897 = CARTESIAN_POINT ( 'NONE',  ( 2.799999999999999822, -12.44299683239223420, -9.016664371298716674 ) ) ;
#898 = LINE ( 'NONE', #6969, #4367 ) ;
#899 = DIRECTION ( 'NONE',  ( 0.000000000000000000, 0.000000000000000000, 1.000000000000000000 ) ) ;
#900 = EDGE_CURVE ( 'NONE', #5794, #2339, #841, .T. ) ;
#901 = VERTEX_POINT ( 'NONE', #1550 ) ;
#902 = CARTESIAN_POINT ( 'NONE',  ( 0.000000000000000000, -20.90000000000000568, 42.89876843554799990 ) ) ;
#903 = CARTESIAN_POINT ( 'NONE',  ( 13.98096591893783192, 22.77913134945606544, -18.89372467193050298 ) ) ;
#904 = CARTESIAN_POINT ( 'NONE',  ( 3.299999999999999822, -22.39999999999999503, -12.39999999999999858 ) ) ;
#905 = CARTESIAN_POINT ( 'NONE',  ( 12.66610300441213965, 23.59839267260704077, -15.74999999999999289 ) ) ;
#906 = CARTESIAN_POINT ( 'NONE',  ( 12.10710678118655004, 27.60000000000000142, -14.09999999999999964 ) ) ;
#907 = ADVANCED_FACE ( 'NONE', ( #1423 ), #3251, .T. ) ;
#908 = ORIENTED_EDGE ( 'NONE', *, *, #7567, .F. ) ;
#909 = DIRECTION ( 'NONE',  ( 0.000000000000000000, 0.000000000000000000, 1.000000000000000000 ) ) ;
#910 = VERTEX_POINT ( 'NONE', #1511 ) ;
#911 = ADVANCED_FACE ( 'NONE', ( #2097 ), #362, .F. ) ;
#912 = ORIENTED_EDGE ( 'NONE', *, *, #3710, .F. ) ;
#913 = VERTEX_POINT ( 'NONE', #2693 ) ;
#914 = DIRECTION ( 'NONE',  ( 0.000000000000000000, -1.884910589198694506E-16, 1.000000000000000000 ) ) ;
#915 = DIRECTION ( 'NONE',  ( 0.000000000000000000, 1.000000000000000000, 1.535153518563546084E-16 ) ) ;
#916 = LINE ( 'NONE', #7469, #7707 ) ;
#917 = DIRECTION ( 'NONE',  ( -0.8660254037844384856, -0.5000000000000002220, 0.000000000000000000 ) ) ;
#918 = ADVANCED_FACE ( 'NONE', ( #313 ), #950, .F. ) ;
#919 = CARTESIAN_POINT ( 'NONE',  ( 14.81421356237309972, 23.60000000000000497, -9.392893218813453515 ) ) ;
#920 = EDGE_LOOP ( 'NONE', ( #3765, #4979, #127, #4350 ) ) ;
#921 = ORIENTED_EDGE ( 'NONE', *, *, #5917, .F. ) ;
#922 = ORIENTED_EDGE ( 'NONE', *, *, #6963, .F. ) ;
#923 = CARTESIAN_POINT ( 'NONE',  ( 28.59999999999999787, -27.23316150746190800, 19.59999999999999787 ) ) ;
#924 = DIRECTION ( 'NONE',  ( 0.000000000000000000, 0.000000000000000000, -1.000000000000000000 ) ) ;
#925 = CARTESIAN_POINT ( 'NONE',  ( 19.66598453388734669, -26.37058823529411455, -7.699999999999998401 ) ) ;
#926 = EDGE_CURVE ( 'NONE', #307, #2938, #3502, .T. ) ;
#927 = CARTESIAN_POINT ( 'NONE',  ( 25.80000000000000071, 20.80000000000000426, -19.70050506338833429 ) ) ;
#928 = EDGE_LOOP ( 'NONE', ( #2117, #358 ) ) ;
#929 = EDGE_LOOP ( 'NONE', ( #1754, #4120, #6484, #3837 ) ) ;
#930 = DIRECTION ( 'NONE',  ( 0.000000000000000000, 1.000000000000000000, 1.535153518563546084E-16 ) ) ;
#931 = CARTESIAN_POINT ( 'NONE',  ( -2.800000000000001155, -20.76683849253809910, 17.09999999999999787 ) ) ;
#932 = DIRECTION ( 'NONE',  ( 0.000000000000000000, 0.000000000000000000, 1.000000000000000000 ) ) ;
#933 = DIRECTION ( 'NONE',  ( 0.000000000000000000, 0.000000000000000000, 1.000000000000000000 ) ) ;
#934 = LINE ( 'NONE', #4702, #5164 ) ;
#935 = CARTESIAN_POINT ( 'NONE',  ( 25.80000000000000071, -1.616580753730955111, 19.60000000000000142 ) ) ;
#936 = DIRECTION ( 'NONE',  ( -0.000000000000000000, 1.000000000000000000, 1.535153518563546084E-16 ) ) ;
#937 = CC_DESIGN_PERSON_AND_ORGANIZATION_ASSIGNMENT ( #4888, #1879, ( #889 ) ) ;
#938 = ORIENTED_EDGE ( 'NONE', *, *, #2259, .T. ) ;
#939 = DIRECTION ( 'NONE',  ( 1.000000000000000000, 0.000000000000000000, 0.000000000000000000 ) ) ;
#940 = FACE_OUTER_BOUND ( 'NONE', #2514, .T. ) ;
#941 = LINE ( 'NONE', #3355, #1765 ) ;
#942 = CARTESIAN_POINT ( 'NONE',  ( 0.000000000000000000, 0.000000000000000000, -19.99999999999999645 ) ) ;
#943 = DIRECTION ( 'NONE',  ( 1.000000000000000000, 0.000000000000000000, 0.000000000000000000 ) ) ;
#944 = EDGE_LOOP ( 'NONE', ( #3155, #5702, #3796, #7025, #7187 ) ) ;
#945 = CARTESIAN_POINT ( 'NONE',  ( 28.59999999999999787, -3.233161507461907558, 19.60000000000000142 ) ) ;
#946 = ORIENTED_EDGE ( 'NONE', *, *, #4467, .F. ) ;
#947 = ORIENTED_EDGE ( 'NONE', *, *, #5710, .F. ) ;
#948 = ADVANCED_FACE ( 'NONE', ( #6349 ), #5079, .F. ) ;
#949 = VERTEX_POINT ( 'NONE', #1390 ) ;
#950 = CYLINDRICAL_SURFACE ( 'NONE', #5782, 1.100000000000000311 ) ;
#951 = FACE_BOUND ( 'NONE', #5123, .T. ) ;
#952 = PLANE ( 'NONE',  #718 ) ;
#953 = CARTESIAN_POINT ( 'NONE',  ( 23.00000000000000000, -12.17075047166840029, -9.392364349097608311 ) ) ;
#954 = VERTEX_POINT ( 'NONE', #5786 ) ;
#955 = ORIENTED_EDGE ( 'NONE', *, *, #493, .F. ) ;
#956 = VECTOR ( 'NONE', #5293, 1000.000000000000000 ) ;
#957 = ORIENTED_EDGE ( 'NONE', *, *, #7744, .T. ) ;
#958 = EDGE_CURVE ( 'NONE', #605, #4301, #4133, .T. ) ;
#959 = ORIENTED_EDGE ( 'NONE', *, *, #7023, .T. ) ;
#960 = AXIS2_PLACEMENT_3D ( 'NONE', #3771, #4322, #759 ) ;
#961 = DIRECTION ( 'NONE',  ( -1.000000000000000000, 0.000000000000000000, -0.000000000000000000 ) ) ;
#962 = LINE ( 'NONE', #7636, #365 ) ;
#963 = EDGE_CURVE ( 'NONE', #3400, #5694, #6222, .T. ) ;
#964 = CYLINDRICAL_SURFACE ( 'NONE', #6796, 1.600000000000000089 ) ;
#965 = DIRECTION ( 'NONE',  ( -0.000000000000000000, -0.000000000000000000, -1.000000000000000000 ) ) ;
#966 = CIRCLE ( 'NONE', #4761, 3.000000000000000888 ) ;
#967 = AXIS2_PLACEMENT_3D ( 'NONE', #1490, #6808, #3276 ) ;
#968 = ORIENTED_EDGE ( 'NONE', *, *, #2126, .F. ) ;
#969 = EDGE_CURVE ( 'NONE', #2810, #3785, #192, .T. ) ;
#970 = ORIENTED_EDGE ( 'NONE', *, *, #7797, .T. ) ;
#971 =( BOUNDED_SURFACE ( )  B_SPLINE_SURFACE ( 3, 2, ( 
 ( #59, #4793, #7218 ),
 ( #6122, #1780, #582 ),
 ( #5454, #4305, #6647 ),
 ( #3074, #5484, #1143 ),
 ( #1215, #102, #25 ),
 ( #4942, #7850, #3111 ),
 ( #6615, #4859, #4152 ),
 ( #1893, #1289, #2476 ),
 ( #6089, #1813, #7367 ),
 ( #5525, #2441, #5418 ) ),
 .UNSPECIFIED., .F., .F., .T. ) 
 B_SPLINE_SURFACE_WITH_KNOTS ( ( 4, 2, 2, 2, 4 ),
 ( 3, 3 ),
 ( 1.570796326794896558, 1.963495408493620697, 2.356194490192344837, 2.748893571891068976, 3.141592653589793116 ),
 ( 0.000000000000000000, 1.000000000000000000 ),
 .UNSPECIFIED. ) 
 GEOMETRIC_REPRESENTATION_ITEM ( )  RATIONAL_B_SPLINE_SURFACE ( (
 ( 1.000000000000000000, 1.000000000000000000, 1.000000000000000000),
 ( 1.000000000000000000, 1.000158585517697984, 1.000000000000000000),
 ( 1.000000000000000000, 0.9867291829329973840, 1.000000000000000000),
 ( 1.000000000000000000, 0.9386556568293147329, 1.000000000000000000),
 ( 1.000000000000000000, 0.9038128751444569620, 1.000000000000000000),
 ( 1.000000000000000000, 0.8282379324244188989, 1.000000000000000000),
 ( 1.000000000000000000, 0.7876784991489405030, 1.000000000000000000),
 ( 1.000000000000000000, 0.7265517405482635471, 1.000000000000000000),
 ( 1.000000000000000000, 0.7066757558487033464, 1.000000000000000000),
 ( 1.000000000000000000, 0.7071067811865475727, 1.000000000000000000) ) ) 
 REPRESENTATION_ITEM ( '' )  SURFACE ( )  );
#972 = TOROIDAL_SURFACE ( 'NONE', #3617, 2.249999999999998668, 0.5000000000000000000 ) ;
#973 = DIRECTION ( 'NONE',  ( -1.000000000000000000, 0.000000000000000000, 0.000000000000000000 ) ) ;
#974 = CARTESIAN_POINT ( 'NONE',  ( 11.75355339059327875, 27.45355339059326383, 1.688823327212045388E-14 ) ) ;
#975 = CARTESIAN_POINT ( 'NONE',  ( 23.00000000000000000, 20.79999999999999716, 22.60000000000000497 ) ) ;
#976 = VECTOR ( 'NONE', #615, 1000.000000000000000 ) ;
#977 = CARTESIAN_POINT ( 'NONE',  ( 25.11311026844839489, -25.96000000000000085, 17.09999999999999787 ) ) ;
#978 = AXIS2_PLACEMENT_3D ( 'NONE', #6320, #890, #2233 ) ;
#979 = LINE ( 'NONE', #2799, #4664 ) ;
#980 = LINE ( 'NONE', #4663, #6265 ) ;
#981 = DIRECTION ( 'NONE',  ( 1.000000000000000000, 0.000000000000000000, 0.000000000000000000 ) ) ;
#982 = AXIS2_PLACEMENT_3D ( 'NONE', #2261, #6426, #3528 ) ;
#983 = CIRCLE ( 'NONE', #2370, 1.749999999999998002 ) ;
#984 = EDGE_LOOP ( 'NONE', ( #7755, #4602, #38, #6049 ) ) ;
#985 = FACE_OUTER_BOUND ( 'NONE', #5768, .T. ) ;
#986 = CARTESIAN_POINT ( 'NONE',  ( 13.36995318311337932, 23.59779882171473986, -15.79809179767893745 ) ) ;
#987 = CIRCLE ( 'NONE', #87, 0.5000000000000004441 ) ;
#988 = DIRECTION ( 'NONE',  ( 0.8660254037844389297, 0.4999999999999995559, 0.000000000000000000 ) ) ;
#989 = CARTESIAN_POINT ( 'NONE',  ( 2.828650802004731180, -22.89999999999999858, -19.93301273012456676 ) ) ;
#990 = CARTESIAN_POINT ( 'NONE',  ( 4.684161637422525004, -24.64999999999999503, -12.39999999999999858 ) ) ;
#991 = VECTOR ( 'NONE', #3715, 1000.000000000000000 ) ;
#992 = ORIENTED_EDGE ( 'NONE', *, *, #2116, .F. ) ;
#993 = DIRECTION ( 'NONE',  ( 0.000000000000000000, 0.000000000000000000, 1.000000000000000000 ) ) ;
#994 = ORIENTED_EDGE ( 'NONE', *, *, #3634, .F. ) ;
#995 = VECTOR ( 'NONE', #4971, 1000.000000000000000 ) ;
#996 = CARTESIAN_POINT ( 'NONE',  ( 5.899999999999998579, 22.09999999999999787, -10.49999999999999645 ) ) ;
#997 = LINE ( 'NONE', #7177, #2876 ) ;
#998 = CARTESIAN_POINT ( 'NONE',  ( 25.80000000000000071, -22.38341924626905310, 16.68578643762690206 ) ) ;
#999 = AXIS2_PLACEMENT_3D ( 'NONE', #3378, #4531, #888 ) ;
#1000 = ADVANCED_FACE ( 'NONE', ( #6987 ), #3879, .T. ) ;
#1001 = ORIENTED_EDGE ( 'NONE', *, *, #802, .T. ) ;
#1002 = ORIENTED_EDGE ( 'NONE', *, *, #3677, .F. ) ;
#1003 = VECTOR ( 'NONE', #6966, 1000.000000000000000 ) ;
#1004 = ORIENTED_EDGE ( 'NONE', *, *, #4635, .F. ) ;
#1005 = ORIENTED_EDGE ( 'NONE', *, *, #711, .F. ) ;
#1006 = DIRECTION ( 'NONE',  ( 0.000000000000000000, 0.000000000000000000, 1.000000000000000000 ) ) ;
#1007 = CARTESIAN_POINT ( 'NONE',  ( 5.917224328879009398, -23.90000000000000568, 17.09999999999999787 ) ) ;
#1008 = CARTESIAN_POINT ( 'NONE',  ( 25.90148363904242501, -15.66133490894531022, 16.55461151337335579 ) ) ;
#1009 = TOROIDAL_SURFACE ( 'NONE', #6459, 1.000000000000000000, 0.5000000000000000000 ) ;
#1010 = CARTESIAN_POINT ( 'NONE',  ( 28.60000000000000142, -3.766896785601943786E-15, 22.60000000000000142 ) ) ;
#1011 = ADVANCED_FACE ( 'NONE', ( #7466 ), #7304, .F. ) ;
#1012 = VECTOR ( 'NONE', #4821, 1000.000000000000000 ) ;
#1013 = ORIENTED_EDGE ( 'NONE', *, *, #271, .T. ) ;
#1014 = EDGE_CURVE ( 'NONE', #2534, #3570, #241, .T. ) ;
#1015 = VERTEX_POINT ( 'NONE', #4598 ) ;
#1016 = CARTESIAN_POINT ( 'NONE',  ( 2.374212743894577926, 19.37547235366373144, -20.87370768050624292 ) ) ;
#1017 = CARTESIAN_POINT ( 'NONE',  ( 2.799999999999999822, -1.069065149083005650, -13.60000000000000142 ) ) ;
#1018 = FACE_OUTER_BOUND ( 'NONE', #538, .T. ) ;
#1019 = CARTESIAN_POINT ( 'NONE',  ( 23.00000000000000000, 23.60000000000000142, -15.59999999999999964 ) ) ;
#1020 = CARTESIAN_POINT ( 'NONE',  ( 14.87493329237580397, 24.01036326753148131, -9.625066707624199580 ) ) ;
#1021 = CARTESIAN_POINT ( 'NONE',  ( 25.80000000000000071, -9.474175425861613320, 17.10000000000000497 ) ) ;
#1022 = CARTESIAN_POINT ( 'NONE',  ( 12.90000000000000036, 22.10000000000000142, -17.49999999999999645 ) ) ;
#1023 = EDGE_CURVE ( 'NONE', #7675, #954, #1069, .T. ) ;
#1024 =( BOUNDED_SURFACE ( )  B_SPLINE_SURFACE ( 3, 2, ( 
 ( #6223, #4521, #3178 ),
 ( #157, #2573, #1424 ),
 ( #4992, #2615, #791 ),
 ( #193, #877, #7506 ),
 ( #2064, #1462, #3295 ),
 ( #7661, #6543, #7629 ),
 ( #2782, #5865, #7140 ),
 ( #1111, #3484, #5902 ),
 ( #478, #4116, #1070 ),
 ( #2334, #2262, #1706 ) ),
 .UNSPECIFIED., .F., .F., .T. ) 
 B_SPLINE_SURFACE_WITH_KNOTS ( ( 4, 2, 2, 2, 4 ),
 ( 3, 3 ),
 ( 0.000000000000000000, 0.0005417334521178155966, 0.001083466904235631193, 0.001625200356353446790, 0.002166933808471262386 ),
 ( 0.000000000000000000, 1.000000000000000000 ),
 .UNSPECIFIED. ) 
 GEOMETRIC_REPRESENTATION_ITEM ( )  RATIONAL_B_SPLINE_SURFACE ( (
 ( 1.000000000000000000, 0.7071067811865475727, 1.000000000000000000),
 ( 1.000000000000000000, 0.7367961799256486088, 1.000000000000000000),
 ( 1.000000000000000000, 0.7690893871347500577, 1.000000000000000000),
 ( 1.000000000000000000, 0.8350060427421460707, 1.000000000000000000),
 ( 1.000000000000000000, 0.8677351739354500770, 1.000000000000000000),
 ( 1.000000000000000000, 0.9269754023433572909, 1.000000000000000000),
 ( 1.000000000000000000, 0.9532755090764674089, 1.000000000000000000),
 ( 1.000000000000000000, 0.9898224467412845007, 1.000000000000000000),
 ( 1.000000000000000000, 1.000117736561761506, 1.000000000000000000),
 ( 1.000000000000000000, 1.000000000000000000, 1.000000000000000000) ) ) 
 REPRESENTATION_ITEM ( '' )  SURFACE ( )  );
#1025 = ORIENTED_EDGE ( 'NONE', *, *, #3139, .F. ) ;
#1026 = FACE_OUTER_BOUND ( 'NONE', #3718, .T. ) ;
#1027 = CARTESIAN_POINT ( 'NONE',  ( 11.40000000000000391, 27.59999999999999787, -10.10000000000000142 ) ) ;
#1028 = DIRECTION ( 'NONE',  ( -0.000000000000000000, -0.000000000000000000, -1.000000000000000000 ) ) ;
#1029 = DIRECTION ( 'NONE',  ( -1.000000000000000000, 0.000000000000000000, 0.000000000000000000 ) ) ;
#1030 = CARTESIAN_POINT ( 'NONE',  ( 21.11583836257748814, -24.64999999999999503, -7.699999999999998401 ) ) ;
#1031 = EDGE_CURVE ( 'NONE', #3546, #6750, #2368, .T. ) ;
#1032 = ORIENTED_EDGE ( 'NONE', *, *, #2821, .T. ) ;
#1033 = ORIENTED_EDGE ( 'NONE', *, *, #3119, .F. ) ;
#1034 = ORIENTED_EDGE ( 'NONE', *, *, #6984, .F. ) ;
#1035 = CARTESIAN_POINT ( 'NONE',  ( 5.899999999999998579, 22.09999999999999787, -9.399999999999996803 ) ) ;
#1036 = CARTESIAN_POINT ( 'NONE',  ( 23.90000000000000568, -34.39999999999999858, -8.199999999999999289 ) ) ;
#1037 = CYLINDRICAL_SURFACE ( 'NONE', #1992, 0.5000000000000004441 ) ;
#1038 = ORIENTED_EDGE ( 'NONE', *, *, #6103, .T. ) ;
#1039 = VERTEX_POINT ( 'NONE', #517 ) ;
#1040 = EDGE_LOOP ( 'NONE', ( #6118, #6865, #1175, #2192 ) ) ;
#1041 = ORIENTED_EDGE ( 'NONE', *, *, #3821, .T. ) ;
#1042 = CARTESIAN_POINT ( 'NONE',  ( 25.80000000000000071, -10.73191868600938115, -15.75808960204022569 ) ) ;
#1043 = LINE ( 'NONE', #1715, #371 ) ;
#1044 = EDGE_CURVE ( 'NONE', #3211, #3612, #2619, .T. ) ;
#1045 = DIRECTION ( 'NONE',  ( -0.000000000000000000, -0.000000000000000000, -1.000000000000000000 ) ) ;
#1046 = DIRECTION ( 'NONE',  ( -3.469446951953611033E-15, -1.000000000000000000, 0.000000000000000000 ) ) ;
#1047 = ORIENTED_EDGE ( 'NONE', *, *, #6043, .F. ) ;
#1048 = ORIENTED_EDGE ( 'NONE', *, *, #7513, .F. ) ;
#1049 = CARTESIAN_POINT ( 'NONE',  ( 25.80000000000000071, -22.89999999999999503, -11.89999999999999680 ) ) ;
#1050 = DIRECTION ( 'NONE',  ( -0.000000000000000000, -0.000000000000000000, -1.000000000000000000 ) ) ;
#1051 = EDGE_CURVE ( 'NONE', #5806, #7789, #7660, .T. ) ;
#1052 = DIRECTION ( 'NONE',  ( 0.000000000000000000, -1.000000000000000000, 0.000000000000000000 ) ) ;
#1053 = CYLINDRICAL_SURFACE ( 'NONE', #3791, 2.800000000000000266 ) ;
#1054 = CARTESIAN_POINT ( 'NONE',  ( 0.000000000000000000, 27.10000000000000142, -14.09999999999999964 ) ) ;
#1055 = DIRECTION ( 'NONE',  ( -0.000000000000000000, -1.000000000000000000, -1.535153518563546084E-16 ) ) ;
#1056 = DIRECTION ( 'NONE',  ( 0.000000000000000000, 2.090028284309406488E-16, 1.000000000000000000 ) ) ;
#1057 = EDGE_CURVE ( 'NONE', #5803, #1865, #6504, .T. ) ;
#1058 = VERTEX_POINT ( 'NONE', #7738 ) ;
#1059 = ORIENTED_EDGE ( 'NONE', *, *, #4794, .F. ) ;
#1060 = LINE ( 'NONE', #2088, #1876 ) ;
#1061 = ADVANCED_FACE ( 'NONE', ( #1669 ), #7021, .F. ) ;
#1062 = LINE ( 'NONE', #7131, #1128 ) ;
#1063 = DIRECTION ( 'NONE',  ( 0.000000000000000000, 1.000000000000000000, 1.535153518563546084E-16 ) ) ;
#1064 = CARTESIAN_POINT ( 'NONE',  ( 25.11311026844839489, -25.96000000000000085, 22.59999999999999787 ) ) ;
#1065 = EDGE_CURVE ( 'NONE', #3525, #2635, #5946, .T. ) ;
#1066 = ORIENTED_EDGE ( 'NONE', *, *, #724, .F. ) ;
#1067 = VERTEX_POINT ( 'NONE', #1585 ) ;
#1068 = ADVANCED_FACE ( 'NONE', ( #3450 ), #3483, .T. ) ;
#1069 = LINE ( 'NONE', #7102, #82 ) ;
#1070 = CARTESIAN_POINT ( 'NONE',  ( 20.92661696650940328, -22.89999999999999858, -8.139555758254653384 ) ) ;
#1071 = CYLINDRICAL_SURFACE ( 'NONE', #4526, 4.000000000000000000 ) ;
#1072 = ORIENTED_EDGE ( 'NONE', *, *, #4586, .F. ) ;
#1073 = ORIENTED_EDGE ( 'NONE', *, *, #7627, .F. ) ;
#1074 = ORIENTED_EDGE ( 'NONE', *, *, #1044, .F. ) ;
#1075 = ORIENTED_EDGE ( 'NONE', *, *, #2754, .T. ) ;
#1076 = AXIS2_PLACEMENT_3D ( 'NONE', #1894, #7251, #1814 ) ;
#1077 = LINE ( 'NONE', #3541, #7558 ) ;
#1078 = DIRECTION ( 'NONE',  ( -1.000000000000000000, 0.000000000000000000, 0.000000000000000000 ) ) ;
#1079 = CARTESIAN_POINT ( 'NONE',  ( 0.005273515166079866326, 16.53926440962093025, -15.89847398855441440 ) ) ;
#1080 = DIRECTION ( 'NONE',  ( -0.8660254037844388186, -0.4999999999999997224, 0.000000000000000000 ) ) ;
#1081 = VECTOR ( 'NONE', #1089, 1000.000000000000000 ) ;
#1082 = ORIENTED_EDGE ( 'NONE', *, *, #4390, .T. ) ;
#1083 = ORIENTED_EDGE ( 'NONE', *, *, #2173, .T. ) ;
#1084 = DIRECTION ( 'NONE',  ( -0.8660254037844385966, 0.5000000000000001110, 0.000000000000000000 ) ) ;
#1085 = CARTESIAN_POINT ( 'NONE',  ( 10.59832151352675389, 23.62776780442235136, -14.90167848647309512 ) ) ;
#1086 = LINE ( 'NONE', #3505, #248 ) ;
#1087 = CARTESIAN_POINT ( 'NONE',  ( 14.40000000000000391, 27.59999999999999787, -9.600000000000001421 ) ) ;
#1088 = CARTESIAN_POINT ( 'NONE',  ( 14.88351772914421289, 24.09529774233020660, -9.616482270855792436 ) ) ;
#1089 = DIRECTION ( 'NONE',  ( 0.000000000000000000, 0.000000000000000000, 1.000000000000000000 ) ) ;
#1090 = AXIS2_PLACEMENT_3D ( 'NONE', #1412, #3313, #5727 ) ;
#1091 = DIRECTION ( 'NONE',  ( 0.000000000000000000, -1.000000000000000000, -2.344220913482172642E-16 ) ) ;
#1093 = ORIENTED_EDGE ( 'NONE', *, *, #4728, .T. ) ;
#1092 = EDGE_CURVE ( 'NONE', #4551, #4571, #4633, .T. ) ;
#1094 = ORIENTED_EDGE ( 'NONE', *, *, #2457, .T. ) ;
#1095 = ORIENTED_EDGE ( 'NONE', *, *, #5825, .T. ) ;
#1096 = AXIS2_PLACEMENT_3D ( 'NONE', #6483, #3383, #445 ) ;
#1097 = CARTESIAN_POINT ( 'NONE',  ( 0.000000000000000000, -3.305133126583374104, -15.60000000000000320 ) ) ;
#1098 = PLANE ( 'NONE',  #6956 ) ;
#1099 = LINE ( 'NONE', #4712, #1481 ) ;
#1100 = PLANE ( 'NONE',  #5496 ) ;
#1101 = CIRCLE ( 'NONE', #6667, 1.749999999999999778 ) ;
#1102 = CARTESIAN_POINT ( 'NONE',  ( 25.73157527462442218, 12.40275073892557955, -16.57737175431548238 ) ) ;
#1103 = AXIS2_PLACEMENT_3D ( 'NONE', #1163, #444, #6028 ) ;
#1104 = EDGE_CURVE ( 'NONE', #2359, #3867, #997, .T. ) ;
#1105 = ORIENTED_EDGE ( 'NONE', *, *, #1885, .T. ) ;
#1106 = EDGE_CURVE ( 'NONE', #2711, #1116, #1749, .T. ) ;
#1107 = AXIS2_PLACEMENT_3D ( 'NONE', #4039, #6499, #5858 ) ;
#1108 = ORIENTED_EDGE ( 'NONE', *, *, #5347, .F. ) ;
#1109 = VECTOR ( 'NONE', #3054, 1000.000000000000000 ) ;
#1110 = CARTESIAN_POINT ( 'NONE',  ( 4.684161637422525004, -24.64999999999999503, -7.699999999999998401 ) ) ;
#1111 = CARTESIAN_POINT ( 'NONE',  ( 20.84575284567951314, -22.89999999999999858, -7.958421896758966163 ) ) ;
#1112 = CARTESIAN_POINT ( 'NONE',  ( 25.76996579364752904, 16.01535932749897739, -16.25343301070648039 ) ) ;
#1113 = ADVANCED_FACE ( 'NONE', ( #2299 ), #4679, .T. ) ;
#1114 = ORIENTED_EDGE ( 'NONE', *, *, #3999, .F. ) ;
#1115 = AXIS2_PLACEMENT_3D ( 'NONE', #1441, #6161, #1367 ) ;
#1116 = VERTEX_POINT ( 'NONE', #1035 ) ;
#1117 = ORIENTED_EDGE ( 'NONE', *, *, #5492, .F. ) ;
#1118 = ORIENTED_EDGE ( 'NONE', *, *, #271, .F. ) ;
#1119 = CIRCLE ( 'NONE', #3266, 2.999999999999999112 ) ;
#1120 = DIRECTION ( 'NONE',  ( -0.4999999999999995004, -0.8660254037844389297, 0.000000000000000000 ) ) ;
#1121 = CARTESIAN_POINT ( 'NONE',  ( 0.02994964543537606549, -2.486085354461395003, -16.25254579669408628 ) ) ;
#1122 = AXIS2_PLACEMENT_3D ( 'NONE', #6752, #7391, #3731 ) ;
#1123 = CYLINDRICAL_SURFACE ( 'NONE', #210, 10.10000000000000142 ) ;
#1124 = DIRECTION ( 'NONE',  ( -0.000000000000000000, 0.000000000000000000, 1.000000000000000000 ) ) ;
#1125 = EDGE_CURVE ( 'NONE', #789, #1305, #7446, .T. ) ;
#1126 = AXIS2_PLACEMENT_3D ( 'NONE', #6488, #296, #2798 ) ;
#1127 = ORIENTED_EDGE ( 'NONE', *, *, #651, .T. ) ;
#1128 = VECTOR ( 'NONE', #1698, 1000.000000000000000 ) ;
#1129 = ORIENTED_EDGE ( 'NONE', *, *, #136, .T. ) ;
#1130 = LINE ( 'NONE', #3548, #7055 ) ;
#1131 = CARTESIAN_POINT ( 'NONE',  ( 10.79983341605676728, 23.79272663487022399, -14.30033316788633257 ) ) ;
#1132 = CARTESIAN_POINT ( 'NONE',  ( 4.336808689942017736E-16, -25.61658075373095755, 19.59999999999999787 ) ) ;
#1133 = LINE ( 'NONE', #2352, #1012 ) ;
#1134 = CARTESIAN_POINT ( 'NONE',  ( 3.670498285737462840, -23.32837313283957315, 16.93259831101312329 ) ) ;
#1135 = CARTESIAN_POINT ( 'NONE',  ( 4.336808689942017736E-16, -1.616580753730955111, 19.60000000000000142 ) ) ;
#1136 = VECTOR ( 'NONE', #3272, 1000.000000000000000 ) ;
#1137 = CARTESIAN_POINT ( 'NONE',  ( 12.90000000000000036, 22.10000000000000142, -17.49999999999999645 ) ) ;
#1138 = VERTEX_POINT ( 'NONE', #3566 ) ;
#1139 = ORIENTED_EDGE ( 'NONE', *, *, #4937, .T. ) ;
#1140 = ORIENTED_EDGE ( 'NONE', *, *, #663, .T. ) ;
#1141 = DIRECTION ( 'NONE',  ( 0.000000000000000000, 1.000000000000000000, -0.000000000000000000 ) ) ;
#1142 = PLANE ( 'NONE',  #743 ) ;
#1143 = CARTESIAN_POINT ( 'NONE',  ( 10.65180948474838729, 23.66310680357076990, -9.603618969496565683 ) ) ;
#1144 = DIRECTION ( 'NONE',  ( 1.000000000000000000, 0.000000000000000000, 0.000000000000000000 ) ) ;
#1145 = EDGE_CURVE ( 'NONE', #1852, #6432, #2814, .T. ) ;
#1146 = CARTESIAN_POINT ( 'NONE',  ( 6.999999999999999112, 16.60000000000000497, -22.59999999999999787 ) ) ;
#1147 = CC_DESIGN_APPROVAL ( #7582, ( #5693 ) ) ;
#1148 = VERTEX_POINT ( 'NONE', #5231 ) ;
#1149 = CARTESIAN_POINT ( 'NONE',  ( 20.11209385223184398, -22.90000000000000213, -7.430968802998349609 ) ) ;
#1150 = DIRECTION ( 'NONE',  ( 1.000000000000000000, 1.982541115402066096E-15, 0.000000000000000000 ) ) ;
#1151 = CARTESIAN_POINT ( 'NONE',  ( 0.07179676972448885419, 12.61448730116880057, -16.59999999999999076 ) ) ;
#1152 = EDGE_CURVE ( 'NONE', #2784, #731, #5653, .T. ) ;
#1153 = CARTESIAN_POINT ( 'NONE',  ( 25.75180612303669037, 15.63256252731967244, -16.42449347590331854 ) ) ;
#1154 = EDGE_CURVE ( 'NONE', #6109, #7262, #4080, .T. ) ;
#1155 = ORIENTED_EDGE ( 'NONE', *, *, #3976, .F. ) ;
#1156 = ORIENTED_EDGE ( 'NONE', *, *, #958, .T. ) ;
#1157 = VECTOR ( 'NONE', #6251, 1000.000000000000000 ) ;
#1158 = ORIENTED_EDGE ( 'NONE', *, *, #1554, .F. ) ;
#1159 = ORIENTED_EDGE ( 'NONE', *, *, #1393, .F. ) ;
#1160 = LINE ( 'NONE', #5871, #2480 ) ;
#1161 = DIRECTION ( 'NONE',  ( -0.4999999999999995004, 0.8660254037844389297, 0.000000000000000000 ) ) ;
#1162 = EDGE_CURVE ( 'NONE', #2969, #6434, #5310, .T. ) ;
#1163 = CARTESIAN_POINT ( 'NONE',  ( 2.799999999999999822, 9.592149841619608708, -6.950833218564932636 ) ) ;
#1164 = FACE_BOUND ( 'NONE', #7247, .T. ) ;
#1165 = ORIENTED_EDGE ( 'NONE', *, *, #6890, .F. ) ;
#1166 = ORIENTED_EDGE ( 'NONE', *, *, #4200, .T. ) ;
#1167 = CARTESIAN_POINT ( 'NONE',  ( 0.08143575591649390710, 23.51856424408351032, -16.87410758804404765 ) ) ;
#1168 = CARTESIAN_POINT ( 'NONE',  ( 11.19966683211367098, 23.79272663487022399, -14.70016658394323628 ) ) ;
#1169 = EDGE_CURVE ( 'NONE', #5996, #3534, #4654, .T. ) ;
#1170 = FACE_OUTER_BOUND ( 'NONE', #5010, .T. ) ;
#1171 = DIRECTION ( 'NONE',  ( -0.000000000000000000, -0.000000000000000000, -1.000000000000000000 ) ) ;
#1172 = LINE ( 'NONE', #7205, #3894 ) ;
#1173 = DIRECTION ( 'NONE',  ( 0.000000000000000000, 0.000000000000000000, -1.000000000000000000 ) ) ;
#1174 = CARTESIAN_POINT ( 'NONE',  ( 31.39999999999999858, -1.616580753730956888, 19.60000000000000142 ) ) ;
#1175 = ORIENTED_EDGE ( 'NONE', *, *, #3399, .T. ) ;
#1176 = ORIENTED_EDGE ( 'NONE', *, *, #6279, .T. ) ;
#1177 = ORIENTED_EDGE ( 'NONE', *, *, #4016, .T. ) ;
#1178 = DIRECTION ( 'NONE',  ( 0.000000000000000000, -5.204170427930422861E-15, 1.000000000000000000 ) ) ;
#1179 = CARTESIAN_POINT ( 'NONE',  ( 15.40000000000000391, 23.60000000000000142, -15.10000000000000142 ) ) ;
#1180 = CYLINDRICAL_SURFACE ( 'NONE', #1867, 1.100000000000000089 ) ;
#1181 = DIRECTION ( 'NONE',  ( 0.000000000000000000, 0.000000000000000000, 1.000000000000000000 ) ) ;
#1182 = CARTESIAN_POINT ( 'NONE',  ( 4.336808689942017736E-16, -22.38341924626905310, 17.10000000000000142 ) ) ;
#1183 = VERTEX_POINT ( 'NONE', #6019 ) ;
#1184 = DIRECTION ( 'NONE',  ( -1.000000000000000000, -0.000000000000000000, -0.000000000000000000 ) ) ;
#1185 = CARTESIAN_POINT ( 'NONE',  ( -5.599999999999998757, -1.616580753730956888, 19.60000000000000142 ) ) ;
#1186 = CARTESIAN_POINT ( 'NONE',  ( 19.88277567112099220, -22.90000000000000213, 16.09999999999999787 ) ) ;
#1187 = DIRECTION ( 'NONE',  ( -0.000000000000000000, -1.000000000000000000, -0.000000000000000000 ) ) ;
#1188 = ORIENTED_EDGE ( 'NONE', *, *, #7627, .T. ) ;
#1189 = ORIENTED_EDGE ( 'NONE', *, *, #1885, .F. ) ;
#1190 = ADVANCED_FACE ( 'NONE', ( #2377 ), #4835, .F. ) ;
#1191 = ORIENTED_EDGE ( 'NONE', *, *, #6539, .F. ) ;
#1192 = CARTESIAN_POINT ( 'NONE',  ( 2.799999999999999822, 9.229508196721308622, 11.07540983606557639 ) ) ;
#1193 = LINE ( 'NONE', #1678, #2613 ) ;
#1194 = CARTESIAN_POINT ( 'NONE',  ( 23.00000000000000000, 12.17075047166839852, -9.392364349097610088 ) ) ;
#1195 = EDGE_LOOP ( 'NONE', ( #6016, #2624, #1948 ) ) ;
#1196 = ADVANCED_FACE ( 'NONE', ( #1299 ), #4866, .F. ) ;
#1197 = CIRCLE ( 'NONE', #3728, 5.999999999999998224 ) ;
#1198 = ORIENTED_EDGE ( 'NONE', *, *, #4101, .F. ) ;
#1199 = EDGE_CURVE ( 'NONE', #5713, #6335, #6621, .T. ) ;
#1200 = CARTESIAN_POINT ( 'NONE',  ( 0.3852821406512372815, 23.21471785934876664, -18.05529974180591779 ) ) ;
#1201 = DIRECTION ( 'NONE',  ( 0.000000000000000000, 0.000000000000000000, -1.000000000000000000 ) ) ;
#1202 = CARTESIAN_POINT ( 'NONE',  ( 6.554990330809499888, -23.40000000000000213, -7.699999999999998401 ) ) ;
#1203 = CARTESIAN_POINT ( 'NONE',  ( 20.89999999999999858, 19.59999999999999787, 0.5000000000000032196 ) ) ;
#1204 = DIRECTION ( 'NONE',  ( 0.000000000000000000, -1.000000000000000000, 0.000000000000000000 ) ) ;
#1205 = CARTESIAN_POINT ( 'NONE',  ( 0.000000000000000000, -4.999999999999996447, 14.60000000000000142 ) ) ;
#1206 = B_SPLINE_CURVE_WITH_KNOTS ( 'NONE', 3,
 ( #1737, #2773, #989, #2883, #2255, #2211 ),
 .UNSPECIFIED., .F., .F.,
 ( 4, 2, 4 ),
 ( 8.673617379884035472E-19, 0.0005118719831215040247, 0.001023743966243007182 ),
 .UNSPECIFIED. ) ;
#1207 = AXIS2_PLACEMENT_3D ( 'NONE', #3435, #5250, #341 ) ;
#1208 = ORIENTED_EDGE ( 'NONE', *, *, #3772, .F. ) ;
#1209 = EDGE_CURVE ( 'NONE', #1794, #405, #7226, .T. ) ;
#1210 = ORIENTED_EDGE ( 'NONE', *, *, #7710, .F. ) ;
#1211 = ORIENTED_EDGE ( 'NONE', *, *, #4160, .T. ) ;
#1212 = FACE_OUTER_BOUND ( 'NONE', #1777, .T. ) ;
#1213 = AXIS2_PLACEMENT_3D ( 'NONE', #1348, #196, #7385 ) ;
#1214 = CARTESIAN_POINT ( 'NONE',  ( 2.799999999999997158, -4.999999999999996447, 14.60000000000000142 ) ) ;
#1215 = CARTESIAN_POINT ( 'NONE',  ( 11.01454673025929054, 23.70016658394309772, -9.407273365129643850 ) ) ;
#1216 = DIRECTION ( 'NONE',  ( 0.000000000000000000, 0.000000000000000000, 1.000000000000000000 ) ) ;
#1217 = CARTESIAN_POINT ( 'NONE',  ( 5.300000000000000711, -34.39999999999999858, -11.89999999999999680 ) ) ;
#1218 = AXIS2_PLACEMENT_3D ( 'NONE', #2744, #6358, #961 ) ;
#1219 = ADVANCED_FACE ( 'NONE', ( #591 ), #697, .F. ) ;
#1220 = AXIS2_PLACEMENT_3D ( 'NONE', #2643, #7492, #7683 ) ;
#1221 = VERTEX_POINT ( 'NONE', #4912 ) ;
#1222 = DIRECTION ( 'NONE',  ( 0.000000000000000000, 0.5867752483892765270, 0.8097498427772016338 ) ) ;
#1223 =( BOUNDED_SURFACE ( )  B_SPLINE_SURFACE ( 3, 2, ( 
 ( #6968, #4616, #3348 ),
 ( #340, #2761, #385 ),
 ( #5180, #1569, #7612 ),
 ( #7723, #2203, #4098 ),
 ( #2873, #4545, #5292 ),
 ( #1656, #7042, #2917 ),
 ( #7123, #1020, #3984 ),
 ( #6523, #1088, #3434 ),
 ( #3508, #503, #7564 ),
 ( #1612, #2833, #4029 ) ),
 .UNSPECIFIED., .F., .F., .T. ) 
 B_SPLINE_SURFACE_WITH_KNOTS ( ( 4, 2, 2, 2, 4 ),
 ( 3, 3 ),
 ( 4.712388980384689674, 5.105088062083414258, 5.497787143782137953, 5.890486225480861648, 6.283185307179586232 ),
 ( 0.000000000000000000, 1.000000000000000000 ),
 .UNSPECIFIED. ) 
 GEOMETRIC_REPRESENTATION_ITEM ( )  RATIONAL_B_SPLINE_SURFACE ( (
 ( 1.000000000000000000, 1.000000000000000000, 1.000000000000000000),
 ( 1.000000000000000000, 1.000158585517772813, 1.000000000000000000),
 ( 1.000000000000000000, 0.9867291829328984631, 1.000000000000000000),
 ( 1.000000000000000000, 0.9386556568294136538, 1.000000000000000000),
 ( 1.000000000000000000, 0.9038128751446983244, 1.000000000000000000),
 ( 1.000000000000000000, 0.8282379324241797569, 1.000000000000000000),
 ( 1.000000000000000000, 0.7876784991490104471, 1.000000000000000000),
 ( 1.000000000000000000, 0.7265517405481934921, 1.000000000000000000),
 ( 1.000000000000000000, 0.7066757558487541946, 1.000000000000000000),
 ( 1.000000000000000000, 0.7071067811865475727, 1.000000000000000000) ) ) 
 REPRESENTATION_ITEM ( '' )  SURFACE ( )  );
#1224 = AXIS2_PLACEMENT_3D ( 'NONE', #2456, #4875, #6105 ) ;
#1225 = CARTESIAN_POINT ( 'NONE',  ( 12.90000000000000036, 22.10000000000000142, -17.49999999999999645 ) ) ;
#1226 = CARTESIAN_POINT ( 'NONE',  ( 0.07179676972448884031, 12.82658702483003488, -16.59999999999999787 ) ) ;
#1227 = VECTOR ( 'NONE', #3783, 1000.000000000000000 ) ;
#1228 = CIRCLE ( 'NONE', #5648, 4.999999999999999112 ) ;
#1229 = ORIENTED_EDGE ( 'NONE', *, *, #4596, .F. ) ;
#1230 = VECTOR ( 'NONE', #6414, 1000.000000000000000 ) ;
#1231 = ORIENTED_EDGE ( 'NONE', *, *, #3248, .F. ) ;
#1232 = VECTOR ( 'NONE', #1717, 1000.000000000000000 ) ;
#1233 = VERTEX_POINT ( 'NONE', #7290 ) ;
#1234 = LINE ( 'NONE', #1909, #7691 ) ;
#1235 = CARTESIAN_POINT ( 'NONE',  ( 0.07179676972448884031, 14.60000000000000497, -16.59999999999999787 ) ) ;
#1236 = EDGE_CURVE ( 'NONE', #495, #153, #3012, .T. ) ;
#1237 = VECTOR ( 'NONE', #6218, 1000.000000000000000 ) ;
#1238 = CYLINDRICAL_SURFACE ( 'NONE', #2998, 1.750000000000000000 ) ;
#1239 = ORIENTED_EDGE ( 'NONE', *, *, #4298, .F. ) ;
#1240 = CIRCLE ( 'NONE', #4150, 4.000000000000000000 ) ;
#1241 = ORIENTED_EDGE ( 'NONE', *, *, #4060, .T. ) ;
#1242 = CIRCLE ( 'NONE', #5670, 2.999999999999999112 ) ;
#1243 = CARTESIAN_POINT ( 'NONE',  ( 23.00000000000000000, -14.60000000000000320, -8.152690094265436116 ) ) ;
#1244 = FACE_OUTER_BOUND ( 'NONE', #6007, .T. ) ;
#1245 = DIRECTION ( 'NONE',  ( 0.000000000000000000, 1.000000000000000000, 1.535153518563546084E-16 ) ) ;
#1246 = CARTESIAN_POINT ( 'NONE',  ( 13.69289321881345778, 27.09999999999999787, -10.10000000000000142 ) ) ;
#1247 = ADVANCED_FACE ( 'NONE', ( #3123 ), #7694, .T. ) ;
#1248 = CIRCLE ( 'NONE', #6703, 2.999999999999999112 ) ;
#1249 = CARTESIAN_POINT ( 'NONE',  ( 5.899999999999998579, 23.59999999999999787, -12.24999999999999645 ) ) ;
#1250 = ADVANCED_FACE ( 'NONE', ( #7375 ), #1819, .F. ) ;
#1251 = ORIENTED_EDGE ( 'NONE', *, *, #5046, .F. ) ;
#1252 = VERTEX_POINT ( 'NONE', #112 ) ;
#1253 = ORIENTED_EDGE ( 'NONE', *, *, #6245, .T. ) ;
#1254 = DIRECTION ( 'NONE',  ( 1.000000000000000000, -0.000000000000000000, 0.000000000000000000 ) ) ;
#1255 = AXIS2_PLACEMENT_3D ( 'NONE', #1621, #6464, #5373 ) ;
#1256 = DIRECTION ( 'NONE',  ( 0.000000000000000000, 0.000000000000000000, 1.000000000000000000 ) ) ;
#1257 = CARTESIAN_POINT ( 'NONE',  ( 23.50000000000000000, -22.89999999999999503, -19.49999999999999645 ) ) ;
#1258 = CARTESIAN_POINT ( 'NONE',  ( 28.60000000000000142, -24.00000000000000355, 19.59999999999999787 ) ) ;
#1259 = EDGE_CURVE ( 'NONE', #1831, #3525, #3640, .T. ) ;
#1260 = DIRECTION ( 'NONE',  ( -1.000000000000000000, 0.000000000000000000, 0.000000000000000000 ) ) ;
#1261 = CIRCLE ( 'NONE', #3416, 10.99999999999999822 ) ;
#1262 = ORIENTED_EDGE ( 'NONE', *, *, #4925, .T. ) ;
#1263 = DIRECTION ( 'NONE',  ( 0.000000000000000000, 0.000000000000000000, 1.000000000000000000 ) ) ;
#1264 = PLANE ( 'NONE',  #7171 ) ;
#1265 = CARTESIAN_POINT ( 'NONE',  ( -5.599999999999998757, -22.38341924626905310, 19.59999999999999787 ) ) ;
#1266 = CARTESIAN_POINT ( 'NONE',  ( 28.60000000000000142, -20.76683849253809910, 19.59999999999999787 ) ) ;
#1267 = EDGE_CURVE ( 'NONE', #2784, #3088, #5035, .T. ) ;
#1268 = DIRECTION ( 'NONE',  ( 0.000000000000000000, 0.000000000000000000, 1.000000000000000000 ) ) ;
#1269 = VERTEX_POINT ( 'NONE', #6175 ) ;
#1270 = ORIENTED_EDGE ( 'NONE', *, *, #4638, .T. ) ;
#1271 = EDGE_LOOP ( 'NONE', ( #4474, #959 ) ) ;
#1272 = CARTESIAN_POINT ( 'NONE',  ( 4.684161637422525004, -24.64999999999999503, -8.199999999999999289 ) ) ;
#1273 = DIRECTION ( 'NONE',  ( -0.8660254037844385966, -0.5000000000000001110, 0.000000000000000000 ) ) ;
#1274 = CARTESIAN_POINT ( 'NONE',  ( 25.77005035456462423, 2.486085354461399000, -16.25254579669407917 ) ) ;
#1275 = VERTEX_POINT ( 'NONE', #4275 ) ;
#1276 = ORIENTED_EDGE ( 'NONE', *, *, #7081, .F. ) ;
#1277 = CARTESIAN_POINT ( 'NONE',  ( 4.336808689942017736E-16, -1.616580753730955111, 19.60000000000000142 ) ) ;
#1278 = CARTESIAN_POINT ( 'NONE',  ( 19.90000000000000213, 23.59999999999999787, -10.49999999999999645 ) ) ;
#1279 = APPROVAL_DATE_TIME ( #131, #3169 ) ;
#1280 = DIRECTION ( 'NONE',  ( -0.000000000000000000, -1.000000000000000000, -1.515042337097648137E-16 ) ) ;
#1281 = DIRECTION ( 'NONE',  ( 0.000000000000000000, -0.000000000000000000, -1.000000000000000000 ) ) ;
#1282 = VERTEX_POINT ( 'NONE', #4313 ) ;
#1283 = ORIENTED_EDGE ( 'NONE', *, *, #1051, .F. ) ;
#1284 = EDGE_CURVE ( 'NONE', #7664, #2818, #6701, .T. ) ;
#1285 = EDGE_LOOP ( 'NONE', ( #2785, #6891, #5196, #619 ) ) ;
#1286 = CARTESIAN_POINT ( 'NONE',  ( 25.80000000000000071, -17.59999999999999787, 5.721150157109078371 ) ) ;
#1287 = CARTESIAN_POINT ( 'NONE',  ( 4.684161637422525004, -22.89999999999999503, -8.199999999999999289 ) ) ;
#1288 = DIRECTION ( 'NONE',  ( -0.7071067811865475727, -0.7071067811865474617, -1.085517463138671797E-16 ) ) ;
#1289 = CARTESIAN_POINT ( 'NONE',  ( 10.91648227085579492, 24.09529774233020305, -9.616482270855918557 ) ) ;
#1290 = ADVANCED_FACE ( 'NONE', ( #1903 ), #6771, .F. ) ;
#1291 = DIRECTION ( 'NONE',  ( -1.000000000000000000, -0.000000000000000000, -0.000000000000000000 ) ) ;
#1292 = DIRECTION ( 'NONE',  ( 0.000000000000000000, 1.000000000000000000, 1.535153518563546084E-16 ) ) ;
#1293 = ORIENTED_EDGE ( 'NONE', *, *, #1659, .T. ) ;
#1294 = EDGE_CURVE ( 'NONE', #1957, #3211, #4950, .T. ) ;
#1295 = DIRECTION ( 'NONE',  ( 1.000000000000000000, 0.000000000000000000, -0.000000000000000000 ) ) ;
#1296 = CARTESIAN_POINT ( 'NONE',  ( -1.000000000000000000, -24.00000000000000355, 17.09999999999999787 ) ) ;
#1297 = EDGE_CURVE ( 'NONE', #7684, #6871, #2720, .T. ) ;
#1298 = DIRECTION ( 'NONE',  ( 0.000000000000000000, 0.000000000000000000, 1.000000000000000000 ) ) ;
#1299 = FACE_OUTER_BOUND ( 'NONE', #3972, .T. ) ;
#1300 = DIRECTION ( 'NONE',  ( -1.000000000000000000, 0.000000000000000000, 0.000000000000000000 ) ) ;
#1301 = DIRECTION ( 'NONE',  ( 0.000000000000000000, 2.090028284309406488E-16, 1.000000000000000000 ) ) ;
#1302 = ORIENTED_EDGE ( 'NONE', *, *, #1162, .T. ) ;
#1303 = VERTEX_POINT ( 'NONE', #269 ) ;
#1304 = EDGE_CURVE ( 'NONE', #1269, #3419, #2685, .T. ) ;
#1305 = VERTEX_POINT ( 'NONE', #6859 ) ;
#1306 = FACE_OUTER_BOUND ( 'NONE', #1809, .T. ) ;
#1307 = CARTESIAN_POINT ( 'NONE',  ( 3.299999999999999822, 0.000000000000000000, -19.49999999999999645 ) ) ;
#1308 = CARTESIAN_POINT ( 'NONE',  ( -5.599999999999998757, -25.61658075373095755, 19.59999999999999787 ) ) ;
#1309 = CYLINDRICAL_SURFACE ( 'NONE', #6677, 4.000000000000003553 ) ;
#1310 = ORIENTED_EDGE ( 'NONE', *, *, #4235, .F. ) ;
#1311 = EDGE_LOOP ( 'NONE', ( #5561, #2827, #3988, #4969 ) ) ;
#1312 = LINE ( 'NONE', #722, #2236 ) ;
#1313 = DIRECTION ( 'NONE',  ( 0.000000000000000000, 0.000000000000000000, 1.000000000000000000 ) ) ;
#1314 = APPROVAL_ROLE ( '' ) ;
#1315 = CARTESIAN_POINT ( 'NONE',  ( 25.80000000000000071, -16.83606797749978767, -15.60000000000000497 ) ) ;
#1316 = CARTESIAN_POINT ( 'NONE',  ( 14.89999263397944596, 24.10274034980097113, -14.59999263397943992 ) ) ;
#1317 = ORIENTED_EDGE ( 'NONE', *, *, #2506, .T. ) ;
#1318 = EDGE_LOOP ( 'NONE', ( #2106, #2238, #5187, #6069 ) ) ;
#1319 = CARTESIAN_POINT ( 'NONE',  ( 23.00000000000000000, 3.498314677414608553, -15.36032574516783455 ) ) ;
#1320 = FACE_OUTER_BOUND ( 'NONE', #199, .T. ) ;
#1321 = DIRECTION ( 'NONE',  ( 0.000000000000000000, -1.000000000000000000, -1.515042337097648137E-16 ) ) ;
#1322 = CARTESIAN_POINT ( 'NONE',  ( 2.799999999999999822, -21.40000000000000568, -12.89999999999999858 ) ) ;
#1323 = DIRECTION ( 'NONE',  ( 0.000000000000000000, 1.778091562876227903E-14, 1.000000000000000000 ) ) ;
#1324 = CARTESIAN_POINT ( 'NONE',  ( 20.89999999999999858, 19.59999999999999787, -0.5999999999999967581 ) ) ;
#1325 = ADVANCED_FACE ( 'NONE', ( #4984 ), #5106, .T. ) ;
#1326 = AXIS2_PLACEMENT_3D ( 'NONE', #4499, #4462, #1323 ) ;
#1327 = EDGE_LOOP ( 'NONE', ( #5616, #4824, #3457, #4787 ) ) ;
#1328 = DIRECTION ( 'NONE',  ( 0.000000000000000000, 0.000000000000000000, 1.000000000000000000 ) ) ;
#1329 =( BOUNDED_CURVE ( )  B_SPLINE_CURVE ( 3, ( #1019, #6489, #3468, #5880 ),
 .UNSPECIFIED., .F., .T. ) 
 B_SPLINE_CURVE_WITH_KNOTS ( ( 4, 4 ),
 ( 0.000000000000000000, 1.570796326794896558 ),
 .UNSPECIFIED. ) 
 CURVE ( )  GEOMETRIC_REPRESENTATION_ITEM ( )  RATIONAL_B_SPLINE_CURVE ( ( 1.000000000000000000, 0.8047378541243649375, 0.8047378541243649375, 1.000000000000000000 ) ) 
 REPRESENTATION_ITEM ( '' )  );
#1330 = DIRECTION ( 'NONE',  ( 0.000000000000000000, 0.5867752483892763049, 0.8097498427772017449 ) ) ;
#1331 = CARTESIAN_POINT ( 'NONE',  ( 23.42578725610521673, 19.37547235366313458, -20.87370768050644898 ) ) ;
#1332 = DIRECTION ( 'NONE',  ( 1.000000000000000000, 0.000000000000000000, 0.000000000000000000 ) ) ;
#1333 = CYLINDRICAL_SURFACE ( 'NONE', #1666, 0.5000000000000004441 ) ;
#1334 = VECTOR ( 'NONE', #1222, 999.9999999999998863 ) ;
#1335 = EDGE_CURVE ( 'NONE', #2810, #7514, #6216, .T. ) ;
#1336 = AXIS2_PLACEMENT_3D ( 'NONE', #1022, #7647, #3471 ) ;
#1337 = DIRECTION ( 'NONE',  ( 0.8660254037844385966, 0.5000000000000001110, 0.000000000000000000 ) ) ;
#1338 = ORIENTED_EDGE ( 'NONE', *, *, #771, .F. ) ;
#1339 = EDGE_CURVE ( 'NONE', #668, #6432, #987, .T. ) ;
#1340 = VERTEX_POINT ( 'NONE', #3206 ) ;
#1341 = VECTOR ( 'NONE', #14, 1000.000000000000000 ) ;
#1342 = ORIENTED_EDGE ( 'NONE', *, *, #3004, .T. ) ;
#1343 = VECTOR ( 'NONE', #51, 1000.000000000000000 ) ;
#1344 = VECTOR ( 'NONE', #6153, 1000.000000000000000 ) ;
#1345 = CARTESIAN_POINT ( 'NONE',  ( 23.00000000000000000, 3.338714168256810878E-15, -16.60000000000000142 ) ) ;
#1346 = CARTESIAN_POINT ( 'NONE',  ( 13.90000000000000213, 27.10000000000000142, -14.59999999999999964 ) ) ;
#1347 = CARTESIAN_POINT ( 'NONE',  ( 25.80000000000000071, -22.39999999999999503, -11.89999999999999680 ) ) ;
#1348 = CARTESIAN_POINT ( 'NONE',  ( 28.60000000000000142, -24.00000000000000355, 22.59999999999999787 ) ) ;
#1349 = EDGE_CURVE ( 'NONE', #3867, #5351, #2018, .T. ) ;
#1350 = CARTESIAN_POINT ( 'NONE',  ( 27.00000000000000000, -24.00000000000000355, 17.09999999999999787 ) ) ;
#1351 = AXIS2_PLACEMENT_3D ( 'NONE', #3883, #6258, #6825 ) ;
#1352 = AXIS2_PLACEMENT_3D ( 'NONE', #3811, #3725, #3142 ) ;
#1353 = CIRCLE ( 'NONE', #7421, 0.5000000000000004441 ) ;
#1354 = ORIENTED_EDGE ( 'NONE', *, *, #425, .F. ) ;
#1355 = ORIENTED_EDGE ( 'NONE', *, *, #6029, .T. ) ;
#1356 = AXIS2_PLACEMENT_3D ( 'NONE', #511, #544, #3044 ) ;
#1357 = DIRECTION ( 'NONE',  ( 0.000000000000000000, 1.000000000000000000, 0.000000000000000000 ) ) ;
#1358 = FACE_BOUND ( 'NONE', #21, .T. ) ;
#1359 = COORDINATED_UNIVERSAL_TIME_OFFSET ( 8, 0, .AHEAD. ) ;
#1360 = LINE ( 'NONE', #727, #1344 ) ;
#1361 = ADVANCED_FACE ( 'NONE', ( #183 ), #5655, .T. ) ;
#1362 = EDGE_CURVE ( 'NONE', #7766, #901, #2170, .T. ) ;
#1363 = CARTESIAN_POINT ( 'NONE',  ( 14.96801334973588737, 23.79531649574541419, -14.66801334973588666 ) ) ;
#1364 = ORIENTED_EDGE ( 'NONE', *, *, #5710, .T. ) ;
#1365 = AXIS2_PLACEMENT_3D ( 'NONE', #4421, #2005, #2472 ) ;
#1366 = EDGE_LOOP ( 'NONE', ( #4041, #3176, #1438, #1105 ) ) ;
#1367 = DIRECTION ( 'NONE',  ( 0.000000000000000000, 1.000000000000000000, 6.938893903907197809E-16 ) ) ;
#1368 = DIRECTION ( 'NONE',  ( -0.000000000000000000, 1.000000000000000000, 1.535153518563546084E-16 ) ) ;
#1369 = LINE ( 'NONE', #3825, #6462 ) ;
#1370 = DIRECTION ( 'NONE',  ( 1.000000000000000000, 0.000000000000000000, 0.000000000000000000 ) ) ;
#1371 = CARTESIAN_POINT ( 'NONE',  ( -0.000000000000000000, 20.80000000000000071, 3.193119318612175775E-15 ) ) ;
#1372 = CIRCLE ( 'NONE', #7841, 0.5000000000000000000 ) ;
#1373 = CARTESIAN_POINT ( 'NONE',  ( 12.90000000000000036, 22.10000000000000142, -18.59999999999999787 ) ) ;
#1374 = VECTOR ( 'NONE', #4495, 1000.000000000000000 ) ;
#1375 = ORIENTED_EDGE ( 'NONE', *, *, #4492, .T. ) ;
#1376 = CARTESIAN_POINT ( 'NONE',  ( 5.899999999999998579, 20.09999999999999787, -10.49999999999999645 ) ) ;
#1377 = CIRCLE ( 'NONE', #7725, 1.000000000000000888 ) ;
#1378 = EDGE_CURVE ( 'NONE', #307, #6325, #1451, .T. ) ;
#1379 = CARTESIAN_POINT ( 'NONE',  ( 2.730071458910773519, 19.16195712465332335, -21.16575338049289812 ) ) ;
#1380 = CARTESIAN_POINT ( 'NONE',  ( 24.68435048232410978, 22.48435048232411049, -19.54104244564239679 ) ) ;
#1381 = CARTESIAN_POINT ( 'NONE',  ( 11.81887944004780699, 22.77914514377853550, -18.89373876399865537 ) ) ;
#1382 = CARTESIAN_POINT ( 'NONE',  ( 32.60000000000000142, -3.766896785601943786E-15, 17.10000000000000497 ) ) ;
#1383 = AXIS2_PLACEMENT_3D ( 'NONE', #2098, #4399, #5582 ) ;
#1384 =( GEOMETRIC_REPRESENTATION_CONTEXT ( 3 ) GLOBAL_UNCERTAINTY_ASSIGNED_CONTEXT ( ( #3351 ) ) GLOBAL_UNIT_ASSIGNED_CONTEXT ( ( #534, #7481, #1998 ) ) REPRESENTATION_CONTEXT ( 'NONE', 'WORKASPACE' ) );
#1385 = CARTESIAN_POINT ( 'NONE',  ( 23.00000000000000000, -14.60000000000000320, -11.15269009426543789 ) ) ;
#1386 = ORIENTED_EDGE ( 'NONE', *, *, #3935, .F. ) ;
#1387 = ORIENTED_EDGE ( 'NONE', *, *, #3813, .F. ) ;
#1388 = ADVANCED_FACE ( 'NONE', ( #3356 ), #5774, .T. ) ;
#1389 = ORIENTED_EDGE ( 'NONE', *, *, #258, .T. ) ;
#1390 = CARTESIAN_POINT ( 'NONE',  ( 11.04644660940672907, 26.74644660940672480, -14.09999999999999964 ) ) ;
#1391 = DIRECTION ( 'NONE',  ( 0.000000000000000000, 0.000000000000000000, 1.000000000000000000 ) ) ;
#1392 = CARTESIAN_POINT ( 'NONE',  ( 2.600599538523598930, -23.90000000000000568, 17.09999999999999787 ) ) ;
#1393 = EDGE_CURVE ( 'NONE', #2395, #5276, #1699, .T. ) ;
#1394 = DIRECTION ( 'NONE',  ( -1.000000000000000000, -0.000000000000000000, 0.000000000000000000 ) ) ;
#1395 = DIRECTION ( 'NONE',  ( 0.000000000000000000, 0.000000000000000000, 1.000000000000000000 ) ) ;
#1396 = ORIENTED_EDGE ( 'NONE', *, *, #1092, .T. ) ;
#1397 = EDGE_CURVE ( 'NONE', #1766, #1282, #1099, .T. ) ;
#1398 = ORIENTED_EDGE ( 'NONE', *, *, #375, .T. ) ;
#1399 = DIRECTION ( 'NONE',  ( 1.000000000000000000, 0.000000000000000000, 0.000000000000000000 ) ) ;
#1400 = DIRECTION ( 'NONE',  ( 1.000000000000000000, 0.000000000000000000, 0.000000000000000000 ) ) ;
#1401 = PERSON_AND_ORGANIZATION ( #2131, #755 ) ;
#1402 = FACE_OUTER_BOUND ( 'NONE', #3055, .T. ) ;
#1403 = CARTESIAN_POINT ( 'NONE',  ( 25.80000000000000071, -22.89999999999999503, -11.89999999999999680 ) ) ;
#1404 = ORIENTED_EDGE ( 'NONE', *, *, #2452, .T. ) ;
#1405 = EDGE_CURVE ( 'NONE', #3134, #2415, #1206, .T. ) ;
#1406 = ORIENTED_EDGE ( 'NONE', *, *, #2914, .F. ) ;
#1407 = CARTESIAN_POINT ( 'NONE',  ( 14.40000000000000391, 24.10000000000000497, -14.59999999999999964 ) ) ;
#1408 = CARTESIAN_POINT ( 'NONE',  ( 4.819182974691492483, -22.89999999999999503, -8.079233848411208285 ) ) ;
#1409 = CARTESIAN_POINT ( 'NONE',  ( 25.80000000000000071, 9.229508196721308622, 11.07540983606557639 ) ) ;
#1410 = DIRECTION ( 'NONE',  ( 1.000000000000000000, 0.000000000000000000, 0.000000000000000000 ) ) ;
#1411 = CARTESIAN_POINT ( 'NONE',  ( 20.01660586333668235, -23.10638967916551678, -7.849333187158772596 ) ) ;
#1412 = CARTESIAN_POINT ( 'NONE',  ( 23.50000000000000000, -22.39999999999999503, -22.60000000000000497 ) ) ;
#1413 = EDGE_LOOP ( 'NONE', ( #1262, #6660, #6624 ) ) ;
#1414 = EDGE_CURVE ( 'NONE', #3487, #5154, #7132, .T. ) ;
#1415 = DIRECTION ( 'NONE',  ( -0.000000000000000000, 1.000000000000000000, 1.535153518563546084E-16 ) ) ;
#1416 = ADVANCED_FACE ( 'NONE', ( #5823, #2925, #5302, #4673, #1622, #7098 ), #7653, .F. ) ;
#1417 = CARTESIAN_POINT ( 'NONE',  ( 23.00000000000000000, 23.60000000000000142, -15.59999999999998721 ) ) ;
#1418 = DIRECTION ( 'NONE',  ( 0.000000000000000000, -1.535153518563546330E-16, 1.000000000000000000 ) ) ;
#1419 = DIRECTION ( 'NONE',  ( 0.000000000000000000, 1.000000000000000000, 1.535153518563546084E-16 ) ) ;
#1420 = EDGE_LOOP ( 'NONE', ( #1459, #6594 ) ) ;
#1421 = ORIENTED_EDGE ( 'NONE', *, *, #4022, .F. ) ;
#1422 = EDGE_LOOP ( 'NONE', ( #1826, #347, #3691, #2847 ) ) ;
#1423 = FACE_OUTER_BOUND ( 'NONE', #7746, .T. ) ;
#1424 = CARTESIAN_POINT ( 'NONE',  ( 19.36422843054597465, -23.35791737871625884, -7.699999999999998401 ) ) ;
#1425 = CARTESIAN_POINT ( 'NONE',  ( 0.000000000000000000, -17.60000000000000497, -13.59999999999999787 ) ) ;
#1426 = DIRECTION ( 'NONE',  ( 1.000000000000000000, 0.000000000000000000, 0.000000000000000000 ) ) ;
#1427 = CARTESIAN_POINT ( 'NONE',  ( 4.684161637422525004, -24.64999999999999503, -11.89999999999999680 ) ) ;
#1428 = EDGE_CURVE ( 'NONE', #5204, #6202, #4590, .T. ) ;
#1429 = ORIENTED_EDGE ( 'NONE', *, *, #4444, .T. ) ;
#1430 = ORIENTED_EDGE ( 'NONE', *, *, #1104, .T. ) ;
#1431 = ORIENTED_EDGE ( 'NONE', *, *, #3918, .T. ) ;
#1432 = CARTESIAN_POINT ( 'NONE',  ( 5.899999999999998579, 23.59999999999999787, -10.49999999999999645 ) ) ;
#1433 = LINE ( 'NONE', #1007, #2389 ) ;
#1434 = PERSON_AND_ORGANIZATION ( #2131, #755 ) ;
#1435 = DIRECTION ( 'NONE',  ( 1.000000000000000000, 0.000000000000000000, 0.000000000000000000 ) ) ;
#1436 = CARTESIAN_POINT ( 'NONE',  ( 19.90000000000000213, 19.60000000000000142, -11.59999999999999787 ) ) ;
#1437 = EDGE_CURVE ( 'NONE', #6378, #5204, #7066, .T. ) ;
#1438 = ORIENTED_EDGE ( 'NONE', *, *, #5570, .T. ) ;
#1439 = EDGE_CURVE ( 'NONE', #7277, #2023, #5938, .T. ) ;
#1440 = ORIENTED_EDGE ( 'NONE', *, *, #7578, .F. ) ;
#1441 = CARTESIAN_POINT ( 'NONE',  ( 13.69289321881345778, 27.09999999999999076, 1.664290632545111362E-14 ) ) ;
#1442 = DIRECTION ( 'NONE',  ( 0.000000000000000000, 0.000000000000000000, 1.000000000000000000 ) ) ;
#1443 = DIRECTION ( 'NONE',  ( 0.000000000000000000, -1.535153518563546084E-16, 1.000000000000000000 ) ) ;
#1444 = DIRECTION ( 'NONE',  ( 0.000000000000000000, 0.000000000000000000, 1.000000000000000000 ) ) ;
#1445 = DIRECTION ( 'NONE',  ( -0.7647058823529444549, 0.6443794794178385743, 0.000000000000000000 ) ) ;
#1446 = DIRECTION ( 'NONE',  ( 0.000000000000000000, -0.000000000000000000, -1.000000000000000000 ) ) ;
#1447 = ADVANCED_FACE ( 'NONE', ( #394 ), #1664, .F. ) ;
#1448 = ORIENTED_EDGE ( 'NONE', *, *, #3863, .T. ) ;
#1449 = DIRECTION ( 'NONE',  ( 0.000000000000000000, 0.000000000000000000, 1.000000000000000000 ) ) ;
#1450 = CIRCLE ( 'NONE', #7413, 0.5000000000000004441 ) ;
#1451 = LINE ( 'NONE', #2294, #4904 ) ;
#1452 = CARTESIAN_POINT ( 'NONE',  ( 4.900000000000001243, 23.59999999999999787, 2.250000000000003553 ) ) ;
#1453 = EDGE_CURVE ( 'NONE', #6651, #4196, #350, .T. ) ;
#1454 = EDGE_LOOP ( 'NONE', ( #7036, #5087, #4684, #1038 ) ) ;
#1455 = DIRECTION ( 'NONE',  ( 0.000000000000000000, 1.000000000000000000, 0.000000000000000000 ) ) ;
#1456 = CIRCLE ( 'NONE', #573, 0.5000000000000004441 ) ;
#1457 = ORIENTED_EDGE ( 'NONE', *, *, #4449, .T. ) ;
#1458 = ORIENTED_EDGE ( 'NONE', *, *, #6494, .F. ) ;
#1459 = ORIENTED_EDGE ( 'NONE', *, *, #1738, .T. ) ;
#1460 = AXIS2_PLACEMENT_3D ( 'NONE', #4311, #5489, #3598 ) ;
#1461 = DIRECTION ( 'NONE',  ( -1.000000000000000000, -0.000000000000000000, 0.000000000000000000 ) ) ;
#1462 = CARTESIAN_POINT ( 'NONE',  ( 19.96827369495650117, -22.90000000000000568, -7.681795097858157284 ) ) ;
#1463 = CIRCLE ( 'NONE', #6411, 2.999999999999999112 ) ;
#1464 = DIRECTION ( 'NONE',  ( -0.7647058823529444549, -0.6443794794178385743, 0.000000000000000000 ) ) ;
#1465 = CARTESIAN_POINT ( 'NONE',  ( 25.74347271249967761, 11.99080989859235835, -16.48891958280302816 ) ) ;
#1466 = CARTESIAN_POINT ( 'NONE',  ( 25.72820323027550771, 1.281157823540577168, -16.60000000000000497 ) ) ;
#1467 = VECTOR ( 'NONE', #7110, 1000.000000000000000 ) ;
#1468 = VERTEX_POINT ( 'NONE', #6533 ) ;
#1469 = CIRCLE ( 'NONE', #2481, 6.000000000000001776 ) ;
#1470 = ORIENTED_EDGE ( 'NONE', *, *, #3658, .F. ) ;
#1471 = ORIENTED_EDGE ( 'NONE', *, *, #2852, .F. ) ;
#1472 = CARTESIAN_POINT ( 'NONE',  ( 10.40000000000000213, 24.10000000000000497, -14.59999999999999964 ) ) ;
#1473 = CARTESIAN_POINT ( 'NONE',  ( 4.954259028569498291, -22.89999999999999858, -7.958411658423815815 ) ) ;
#1474 = EDGE_CURVE ( 'NONE', #4255, #949, #3637, .T. ) ;
#1475 = VECTOR ( 'NONE', #7063, 1000.000000000000000 ) ;
#1476 = FACE_BOUND ( 'NONE', #3928, .T. ) ;
#1477 = CIRCLE ( 'NONE', #345, 3.000000000000000888 ) ;
#1478 = CARTESIAN_POINT ( 'NONE',  ( 6.134015466112671788, -26.37058823529411100, -7.699999999999998401 ) ) ;
#1479 = AXIS2_PLACEMENT_3D ( 'NONE', #2671, #1524, #7032 ) ;
#1480 = ORIENTED_EDGE ( 'NONE', *, *, #3289, .F. ) ;
#1481 = VECTOR ( 'NONE', #4746, 1000.000000000000000 ) ;
#1482 = ORIENTED_EDGE ( 'NONE', *, *, #3190, .T. ) ;
#1483 = AXIS2_PLACEMENT_3D ( 'NONE', #7398, #171, #6206 ) ;
#1484 = DIRECTION ( 'NONE',  ( 0.000000000000000000, 0.000000000000000000, -1.000000000000000000 ) ) ;
#1485 = EDGE_CURVE ( 'NONE', #3501, #3048, #6465, .T. ) ;
#1486 = DIRECTION ( 'NONE',  ( -0.000000000000000000, -1.515042337097648137E-16, 1.000000000000000000 ) ) ;
#1487 = CARTESIAN_POINT ( 'NONE',  ( 0.000000000000000000, -0.000000000000000000, 16.09999999999999787 ) ) ;
#1488 = CARTESIAN_POINT ( 'NONE',  ( 28.60000000000000142, -3.766896785601943786E-15, 17.10000000000000497 ) ) ;
#1489 = CARTESIAN_POINT ( 'NONE',  ( -4.080000000000000071, -20.21032982965536107, 22.59999999999999787 ) ) ;
#1490 = CARTESIAN_POINT ( 'NONE',  ( 25.80000000000000071, -12.59999999999999609, 5.721150157109078371 ) ) ;
#1491 = EDGE_CURVE ( 'NONE', #6916, #3085, #7733, .T. ) ;
#1492 = CIRCLE ( 'NONE', #4917, 0.5000000000000004441 ) ;
#1493 = ORIENTED_EDGE ( 'NONE', *, *, #4489, .F. ) ;
#1494 = DIRECTION ( 'NONE',  ( -0.7071067811865457964, 0.7071067811865492381, 0.000000000000000000 ) ) ;
#1495 = AXIS2_PLACEMENT_3D ( 'NONE', #1969, #3831, #5606 ) ;
#1496 = FACE_OUTER_BOUND ( 'NONE', #1285, .T. ) ;
#1497 = EDGE_CURVE ( 'NONE', #7695, #94, #5258, .T. ) ;
#1498 = VECTOR ( 'NONE', #3516, 1000.000000000000000 ) ;
#1499 = CARTESIAN_POINT ( 'NONE',  ( 22.57509843468447386, 22.89183072447423939, -18.70205844108783921 ) ) ;
#1500 = CARTESIAN_POINT ( 'NONE',  ( 12.66500806734846485, 22.58041658111904582, -19.23804203812535008 ) ) ;
#1501 = CARTESIAN_POINT ( 'NONE',  ( 2.299999999999999822, -22.39999999999999503, -22.60000000000000497 ) ) ;
#1502 = ORIENTED_EDGE ( 'NONE', *, *, #1732, .F. ) ;
#1503 = CARTESIAN_POINT ( 'NONE',  ( 12.90000000000000036, 22.10000000000000142, -17.49999999999999645 ) ) ;
#1504 = CIRCLE ( 'NONE', #7721, 0.4999999999999994449 ) ;
#1505 = VERTEX_POINT ( 'NONE', #466 ) ;
#1506 = CIRCLE ( 'NONE', #5173, 6.000000000000000000 ) ;
#1507 = ORIENTED_EDGE ( 'NONE', *, *, #5367, .T. ) ;
#1508 = ORIENTED_EDGE ( 'NONE', *, *, #2696, .T. ) ;
#1509 = EDGE_CURVE ( 'NONE', #5154, #5279, #4784, .T. ) ;
#1510 = AXIS2_PLACEMENT_3D ( 'NONE', #363, #5199, #2186 ) ;
#1511 = CARTESIAN_POINT ( 'NONE',  ( 25.80000000000000071, 3.913850194455999798, 14.60000000000000320 ) ) ;
#1512 = FACE_OUTER_BOUND ( 'NONE', #6993, .T. ) ;
#1513 = AXIS2_PLACEMENT_3D ( 'NONE', #2232, #6556, #5958 ) ;
#1514 = DIRECTION ( 'NONE',  ( 1.000000000000000000, 0.000000000000000000, 0.000000000000000000 ) ) ;
#1515 = DIRECTION ( 'NONE',  ( 0.000000000000000000, 1.535153518563546084E-16, -1.000000000000000000 ) ) ;
#1516 = CARTESIAN_POINT ( 'NONE',  ( 11.40000000000000391, 27.60000000000000142, -14.59999999999999964 ) ) ;
#1517 = ORIENTED_EDGE ( 'NONE', *, *, #3658, .T. ) ;
#1518 = AXIS2_PLACEMENT_3D ( 'NONE', #4424, #5063, #2639 ) ;
#1519 = ORIENTED_EDGE ( 'NONE', *, *, #3237, .T. ) ;
#1520 = EDGE_LOOP ( 'NONE', ( #44, #3845 ) ) ;
#1521 = ADVANCED_FACE ( 'NONE', ( #2365 ), #6012, .T. ) ;
#1522 = DIRECTION ( 'NONE',  ( 0.000000000000000000, -1.535153518563546084E-16, 1.000000000000000000 ) ) ;
#1523 = CARTESIAN_POINT ( 'NONE',  ( 23.00000000000000000, -22.39999999999999503, -19.99999999999999645 ) ) ;
#1524 = DIRECTION ( 'NONE',  ( 0.000000000000000000, 1.000000000000000000, 1.535153518563546084E-16 ) ) ;
#1525 = LINE ( 'NONE', #1646, #7434 ) ;
#1526 = VERTEX_POINT ( 'NONE', #690 ) ;
#1527 = EDGE_LOOP ( 'NONE', ( #7028, #3653, #1791, #6962 ) ) ;
#1528 = CARTESIAN_POINT ( 'NONE',  ( -5.599999999999998757, -1.616580753730956888, 19.60000000000000142 ) ) ;
#1529 = DIRECTION ( 'NONE',  ( 0.000000000000000000, 0.000000000000000000, 1.000000000000000000 ) ) ;
#1530 = DIRECTION ( 'NONE',  ( 0.6443794794178451246, -0.7647058823529390148, 0.000000000000000000 ) ) ;
#1531 = CARTESIAN_POINT ( 'NONE',  ( -2.799999999999998046, -27.23316150746190800, 19.59999999999999787 ) ) ;
#1532 = CARTESIAN_POINT ( 'NONE',  ( 23.00000000000000000, 1.069065149083006538, -13.60000000000000142 ) ) ;
#1533 = CARTESIAN_POINT ( 'NONE',  ( 10.40000000000000213, 23.59999999999999787, -9.099999999999999645 ) ) ;
#1534 = CARTESIAN_POINT ( 'NONE',  ( 12.25355339059327697, 27.24644660940673191, -14.59999999999999964 ) ) ;
#1535 = EDGE_CURVE ( 'NONE', #161, #1899, #3396, .T. ) ;
#1536 = EDGE_LOOP ( 'NONE', ( #6716, #3371, #6554, #2062, #6749, #212, #7279 ) ) ;
#1537 = FACE_OUTER_BOUND ( 'NONE', #7581, .T. ) ;
#1538 = ADVANCED_FACE ( 'NONE', ( #5979 ), #971, .T. ) ;
#1539 = DIRECTION ( 'NONE',  ( 0.000000000000000000, -0.8097498427772017449, -0.5867752483892765270 ) ) ;
#1540 = DIRECTION ( 'NONE',  ( 0.000000000000000000, -1.000000000000000000, 0.000000000000000000 ) ) ;
#1541 = CARTESIAN_POINT ( 'NONE',  ( 11.21516160237007753, 23.18182687771348682, -17.98593477693892240 ) ) ;
#1542 = CARTESIAN_POINT ( 'NONE',  ( 25.80000000000000071, 22.89999999999999503, 22.60000000000000497 ) ) ;
#1543 = EDGE_LOOP ( 'NONE', ( #1517, #3936, #3846, #601 ) ) ;
#1544 = DIRECTION ( 'NONE',  ( 0.8660254037844389297, 0.4999999999999995559, 0.000000000000000000 ) ) ;
#1545 = ADVANCED_FACE ( 'NONE', ( #4192 ), #1180, .F. ) ;
#1546 = ORIENTED_EDGE ( 'NONE', *, *, #4554, .F. ) ;
#1547 = ORIENTED_EDGE ( 'NONE', *, *, #96, .T. ) ;
#1548 = EDGE_CURVE ( 'NONE', #949, #3665, #3594, .T. ) ;
#1549 = ORIENTED_EDGE ( 'NONE', *, *, #7658, .F. ) ;
#1550 = CARTESIAN_POINT ( 'NONE',  ( 0.000000000000000000, 3.305133126583374104, -15.60000000000000320 ) ) ;
#1551 = CARTESIAN_POINT ( 'NONE',  ( 26.80000000000000071, -21.80606897707942693, 17.10000000000000142 ) ) ;
#1552 = CARTESIAN_POINT ( 'NONE',  ( 10.69289321881345245, 23.60000000000000497, -14.51421356237309546 ) ) ;
#1553 = CARTESIAN_POINT ( 'NONE',  ( 2.799999999999999822, 20.09999999999999787, -19.99999999999999645 ) ) ;
#1554 = EDGE_CURVE ( 'NONE', #7322, #5309, #1240, .T. ) ;
#1555 = ORIENTED_EDGE ( 'NONE', *, *, #2216, .T. ) ;
#1556 = ORIENTED_EDGE ( 'NONE', *, *, #2696, .F. ) ;
#1557 = ORIENTED_EDGE ( 'NONE', *, *, #7135, .T. ) ;
#1558 = DIRECTION ( 'NONE',  ( 0.000000000000000000, -1.000000000000000000, -1.535153518563546084E-16 ) ) ;
#1559 = LINE ( 'NONE', #6877, #2011 ) ;
#1560 = CARTESIAN_POINT ( 'NONE',  ( 26.80000000000000071, -21.80606897707942693, 17.10000000000000142 ) ) ;
#1561 = DIRECTION ( 'NONE',  ( 1.224646799147353207E-16, 1.000000000000000000, 0.000000000000000000 ) ) ;
#1562 = EDGE_CURVE ( 'NONE', #4597, #7071, #625, .T. ) ;
#1563 = ORIENTED_EDGE ( 'NONE', *, *, #622, .F. ) ;
#1564 = ORIENTED_EDGE ( 'NONE', *, *, #4194, .T. ) ;
#1565 = CARTESIAN_POINT ( 'NONE',  ( 5.516600364385042532, 18.08339963561242669, -22.48847320818815732 ) ) ;
#1566 = DIRECTION ( 'NONE',  ( 1.000000000000000000, 0.000000000000000000, 0.000000000000000000 ) ) ;
#1567 = CARTESIAN_POINT ( 'NONE',  ( 21.00000000000001066, -34.39999999999999858, -8.199999999999999289 ) ) ;
#1568 = LINE ( 'NONE', #3983, #4933 ) ;
#1569 = CARTESIAN_POINT ( 'NONE',  ( 15.20167848647325748, 23.62776780442295532, -9.298321513526897064 ) ) ;
#1570 = CARTESIAN_POINT ( 'NONE',  ( 23.00000000000000000, 1.069065149083007205, -16.60000000000000142 ) ) ;
#1571 = DIRECTION ( 'NONE',  ( 0.000000000000000000, 0.000000000000000000, -1.000000000000000000 ) ) ;
#1572 =( BOUNDED_CURVE ( )  B_SPLINE_CURVE ( 3, ( #4737, #7156, #2354, #7243 ),
 .UNSPECIFIED., .F., .F. ) 
 B_SPLINE_CURVE_WITH_KNOTS ( ( 4, 4 ),
 ( 4.712388980384689674, 6.283185307179586232 ),
 .UNSPECIFIED. ) 
 CURVE ( )  GEOMETRIC_REPRESENTATION_ITEM ( )  RATIONAL_B_SPLINE_CURVE ( ( 1.000000000000000000, 0.8047378541243649375, 0.8047378541243649375, 1.000000000000000000 ) ) 
 REPRESENTATION_ITEM ( '' )  );
#1573 = ORIENTED_EDGE ( 'NONE', *, *, #1638, .F. ) ;
#1574 = CARTESIAN_POINT ( 'NONE',  ( 28.60000000000000142, -3.766896785601943786E-15, 19.60000000000000142 ) ) ;
#1575 = CARTESIAN_POINT ( 'NONE',  ( 14.65237656699928515, 23.35652711181865016, -17.43387350386979762 ) ) ;
#1576 = DIRECTION ( 'NONE',  ( -0.000000000000000000, 1.000000000000000000, 1.535153518563546330E-16 ) ) ;
#1577 = DIRECTION ( 'NONE',  ( 1.000000000000000000, 0.000000000000000000, -0.000000000000000000 ) ) ;
#1578 = DIRECTION ( 'NONE',  ( -0.000000000000000000, -0.000000000000000000, -1.000000000000000000 ) ) ;
#1579 = EDGE_CURVE ( 'NONE', #6982, #7415, #1692, .T. ) ;
#1580 = EDGE_LOOP ( 'NONE', ( #1712, #7511, #7548, #7605, #1176, #7535 ) ) ;
#1581 = LINE ( 'NONE', #2726, #2756 ) ;
#1582 = CIRCLE ( 'NONE', #4490, 3.000000000000000888 ) ;
#1583 = ORIENTED_EDGE ( 'NONE', *, *, #4160, .F. ) ;
#1584 = VERTEX_POINT ( 'NONE', #4225 ) ;
#1585 = CARTESIAN_POINT ( 'NONE',  ( 23.00000000000000000, 12.82658702483003488, -16.59999999999999787 ) ) ;
#1586 = CARTESIAN_POINT ( 'NONE',  ( 12.90000000000000746, -34.39999999999999858, -12.39999999999999858 ) ) ;
#1587 = ADVANCED_FACE ( 'NONE', ( #6283, #3826 ), #854, .T. ) ;
#1588 = CIRCLE ( 'NONE', #1326, 2.999999999999999112 ) ;
#1589 = DIRECTION ( 'NONE',  ( 1.000000000000000000, 0.000000000000000000, 0.000000000000000000 ) ) ;
#1590 = ADVANCED_FACE ( 'NONE', ( #2715 ), #7526, .F. ) ;
#1591 = VERTEX_POINT ( 'NONE', #3230 ) ;
#1592 = ORIENTED_EDGE ( 'NONE', *, *, #2313, .T. ) ;
#1593 = VERTEX_POINT ( 'NONE', #1322 ) ;
#1594 = ORIENTED_EDGE ( 'NONE', *, *, #4978, .T. ) ;
#1595 = VECTOR ( 'NONE', #3367, 1000.000000000000000 ) ;
#1596 =( BOUNDED_CURVE ( )  B_SPLINE_CURVE ( 3, ( #4191, #7326, #6614, #1179 ),
 .UNSPECIFIED., .F., .T. ) 
 B_SPLINE_CURVE_WITH_KNOTS ( ( 4, 4 ),
 ( 9.629649721936169412E-32, 1.570796326794896558 ),
 .UNSPECIFIED. ) 
 CURVE ( )  GEOMETRIC_REPRESENTATION_ITEM ( )  RATIONAL_B_SPLINE_CURVE ( ( 1.000000000000000000, 0.8047378541243649375, 0.8047378541243649375, 1.000000000000000000 ) ) 
 REPRESENTATION_ITEM ( '' )  );
#1597 = CARTESIAN_POINT ( 'NONE',  ( 2.799999999999999822, -22.89999999999999503, -12.89999999999999858 ) ) ;
#1598 = CARTESIAN_POINT ( 'NONE',  ( -1.199999999999999067, -24.00000000000000355, 17.09999999999999787 ) ) ;
#1599 = ADVANCED_FACE ( 'NONE', ( #735 ), #4425, .T. ) ;
#1600 = LINE ( 'NONE', #3339, #2489 ) ;
#1601 = DIRECTION ( 'NONE',  ( -0.000000000000000000, 1.000000000000000000, 1.535153518563546084E-16 ) ) ;
#1602 = CIRCLE ( 'NONE', #4502, 2.999999999999999112 ) ;
#1603 = AXIS2_PLACEMENT_3D ( 'NONE', #2835, #6493, #4618 ) ;
#1604 = ORIENTED_EDGE ( 'NONE', *, *, #4194, .F. ) ;
#1605 = ORIENTED_EDGE ( 'NONE', *, *, #3843, .T. ) ;
#1606 = AXIS2_PLACEMENT_3D ( 'NONE', #609, #6079, #646 ) ;
#1607 = CARTESIAN_POINT ( 'NONE',  ( 2.799999999999999822, -9.592149841619608708, -6.950833218564932636 ) ) ;
#1608 = CARTESIAN_POINT ( 'NONE',  ( 23.00000000000000000, 17.60000000000000142, 3.678449780384555972E-15 ) ) ;
#1609 = EDGE_CURVE ( 'NONE', #368, #7394, #1927, .T. ) ;
#1610 = PLANE ( 'NONE',  #7593 ) ;
#1611 = CARTESIAN_POINT ( 'NONE',  ( 21.11583836257748814, -24.64999999999999503, -11.89999999999999680 ) ) ;
#1612 = CARTESIAN_POINT ( 'NONE',  ( 14.90000000000000568, 24.10000000000000497, -10.09999999999999964 ) ) ;
#1613 = CARTESIAN_POINT ( 'NONE',  ( 25.72820323027551126, -12.82658702483003488, -16.59999999999999787 ) ) ;
#1614 = FACE_OUTER_BOUND ( 'NONE', #6380, .T. ) ;
#1615 = CIRCLE ( 'NONE', #1864, 2.800000000000000266 ) ;
#1616 = VECTOR ( 'NONE', #917, 1000.000000000000227 ) ;
#1617 = ORIENTED_EDGE ( 'NONE', *, *, #5673, .T. ) ;
#1618 = DIRECTION ( 'NONE',  ( 0.000000000000000000, 0.000000000000000000, 1.000000000000000000 ) ) ;
#1619 = CARTESIAN_POINT ( 'NONE',  ( 14.40000000000000391, 24.10000000000000142, -9.600000000000001421 ) ) ;
#1620 = VECTOR ( 'NONE', #149, 1000.000000000000000 ) ;
#1621 = CARTESIAN_POINT ( 'NONE',  ( 12.90000000000000746, -34.39999999999999858, -8.199999999999999289 ) ) ;
#1622 = FACE_BOUND ( 'NONE', #7197, .T. ) ;
#1623 = CARTESIAN_POINT ( 'NONE',  ( 25.80000000000000071, 2.363466045872331508E-15, -15.60000000000000320 ) ) ;
#1624 = VECTOR ( 'NONE', #6773, 1000.000000000000000 ) ;
#1625 = ORIENTED_EDGE ( 'NONE', *, *, #7756, .T. ) ;
#1626 = CIRCLE ( 'NONE', #728, 5.999999999999998224 ) ;
#1627 = VERTEX_POINT ( 'NONE', #4337 ) ;
#1628 = ADVANCED_FACE ( 'NONE', ( #4975 ), #5099, .F. ) ;
#1629 = VECTOR ( 'NONE', #7441, 1000.000000000000000 ) ;
#1630 = ORIENTED_EDGE ( 'NONE', *, *, #874, .F. ) ;
#1631 = CARTESIAN_POINT ( 'NONE',  ( 12.04644660940672907, 28.74644660940672480, -10.10000000000000142 ) ) ;
#1632 = DIRECTION ( 'NONE',  ( 1.000000000000000000, 0.000000000000000000, 0.000000000000000000 ) ) ;
#1633 = CIRCLE ( 'NONE', #7459, 0.5000000000000004441 ) ;
#1634 = CIRCLE ( 'NONE', #3022, 0.5000000000000004441 ) ;
#1635 = DIRECTION ( 'NONE',  ( -0.000000000000000000, 1.000000000000000000, 1.535153518563546084E-16 ) ) ;
#1636 = ORIENTED_EDGE ( 'NONE', *, *, #5595, .T. ) ;
#1637 = ORIENTED_EDGE ( 'NONE', *, *, #3445, .F. ) ;
#1638 = EDGE_CURVE ( 'NONE', #4078, #5854, #6164, .T. ) ;
#1639 = AXIS2_PLACEMENT_3D ( 'NONE', #391, #6973, #939 ) ;
#1640 = ORIENTED_EDGE ( 'NONE', *, *, #1362, .T. ) ;
#1641 = ORIENTED_EDGE ( 'NONE', *, *, #5313, .T. ) ;
#1642 = EDGE_CURVE ( 'NONE', #3880, #2970, #3861, .T. ) ;
#1643 = DIRECTION ( 'NONE',  ( 0.000000000000000000, 0.000000000000000000, -1.000000000000000000 ) ) ;
#1644 = LINE ( 'NONE', #5321, #3784 ) ;
#1645 = FACE_OUTER_BOUND ( 'NONE', #3333, .T. ) ;
#1646 = CARTESIAN_POINT ( 'NONE',  ( 0.000000000000000000, 22.89999999999999503, 22.60000000000000497 ) ) ;
#1647 = AXIS2_PLACEMENT_3D ( 'NONE', #2678, #3792, #5600 ) ;
#1648 = ORIENTED_EDGE ( 'NONE', *, *, #6838, .T. ) ;
#1649 = ADVANCED_FACE ( 'NONE', ( #5567 ), #6922, .F. ) ;
#1650 =( BOUNDED_SURFACE ( )  B_SPLINE_SURFACE ( 3, 2, ( 
 ( #148, #4385, #6770 ),
 ( #2530, #3205, #111 ),
 ( #3870, #745, #2650 ),
 ( #3170, #7496, #4506 ),
 ( #1935, #4346, #783 ),
 ( #2564, #6893, #3238 ),
 ( #6294, #865, #1331 ),
 ( #1973, #5069, #4983 ),
 ( #3754, #5027, #7409 ),
 ( #3283, #6814, #6215 ),
 ( #1499, #1380, #3799 ),
 ( #5608, #182, #6248 ),
 ( #2601, #2089, #7454 ),
 ( #268, #2017, #3122 ),
 ( #4433, #6858, #6174 ),
 ( #1417, #3832, #5533 ) ),
 .UNSPECIFIED., .F., .F., .F. ) 
 B_SPLINE_SURFACE_WITH_KNOTS ( ( 4, 2, 2, 2, 2, 2, 2, 4 ),
 ( 3, 3 ),
 ( 4.712388980384689674, 5.105088062083414258, 5.301437602932775661, 5.497787143782137953, 5.694136684631500245, 5.890486225480861648, 6.086835766330223940, 6.283185307179586232 ),
 ( 0.000000000000000000, 1.000000000000000000 ),
 .UNSPECIFIED. ) 
 GEOMETRIC_REPRESENTATION_ITEM ( )  RATIONAL_B_SPLINE_SURFACE ( (
 ( 1.000000000000000000, 1.000000000000000000, 1.000000000000000000),
 ( 1.000000000000000000, 1.000158581312290851, 1.000000000000000000),
 ( 1.000000000000000000, 0.9867291885323502543, 1.000000000000000000),
 ( 1.000000000000000000, 0.9506740355555600708, 1.000000000000000000),
 ( 1.000000000000000000, 0.9360421840056277754, 1.000000000000000000),
 ( 1.000000000000000000, 0.9031650996807681908, 1.000000000000000000),
 ( 1.000000000000000000, 0.8849191467255416166, 1.000000000000000000),
 ( 1.000000000000000000, 0.8471316608433375750, 1.000000000000000000),
 ( 1.000000000000000000, 0.8275942690271127500, 1.000000000000000000),
 ( 1.000000000000000000, 0.7902180092162290892, 1.000000000000000000),
 ( 1.000000000000000000, 0.7723968211612686208, 1.000000000000000000),
 ( 1.000000000000000000, 0.7418334185359350963, 1.000000000000000000),
 ( 1.000000000000000000, 0.7291288935321235121, 1.000000000000000000),
 ( 1.000000000000000000, 0.7117460030111925073, 1.000000000000000000),
 ( 1.000000000000000000, 0.7070717280153131501, 1.000000000000000000),
 ( 1.000000000000000000, 0.7071067811865471286, 1.000000000000000000) ) ) 
 REPRESENTATION_ITEM ( '' )  SURFACE ( )  );
#1651 = ORIENTED_EDGE ( 'NONE', *, *, #6707, .F. ) ;
#1652 = CARTESIAN_POINT ( 'NONE',  ( 2.799999999999999822, -17.60000000000000142, 3.678449780384555972E-15 ) ) ;
#1653 = FACE_OUTER_BOUND ( 'NONE', #1884, .T. ) ;
#1654 = DIRECTION ( 'NONE',  ( 0.000000000000000000, -1.000000000000000000, -1.535153518563546330E-16 ) ) ;
#1655 = FACE_OUTER_BOUND ( 'NONE', #2491, .T. ) ;
#1656 = CARTESIAN_POINT ( 'NONE',  ( 15.00016658394317126, 23.79272663487029149, -9.899666832113666715 ) ) ;
#1657 = CARTESIAN_POINT ( 'NONE',  ( 25.80000000000000071, 1.616580753730949338, 19.60000000000000142 ) ) ;
#1658 = CYLINDRICAL_SURFACE ( 'NONE', #1603, 1.749999999999998002 ) ;
#1659 = EDGE_CURVE ( 'NONE', #3085, #2938, #2049, .T. ) ;
#1660 = ORIENTED_EDGE ( 'NONE', *, *, #4541, .F. ) ;
#1661 = ORIENTED_EDGE ( 'NONE', *, *, #4837, .F. ) ;
#1662 = CARTESIAN_POINT ( 'NONE',  ( 13.79789862966730674, 23.58925807103530659, -15.99334687805953692 ) ) ;
#1663 = CARTESIAN_POINT ( 'NONE',  ( 4.684161637422525892, -22.39999999999999503, -11.89999999999999680 ) ) ;
#1664 = CYLINDRICAL_SURFACE ( 'NONE', #220, 0.5000000000000004441 ) ;
#1665 = FACE_BOUND ( 'NONE', #5517, .T. ) ;
#1666 = AXIS2_PLACEMENT_3D ( 'NONE', #1501, #1418, #867 ) ;
#1667 = EDGE_LOOP ( 'NONE', ( #3157, #4091, #5834, #3893 ) ) ;
#1668 = ORIENTED_EDGE ( 'NONE', *, *, #4214, .F. ) ;
#1669 = FACE_OUTER_BOUND ( 'NONE', #6146, .T. ) ;
#1670 = CARTESIAN_POINT ( 'NONE',  ( 2.799999999999999822, 14.60000000000000497, -16.59999999999999787 ) ) ;
#1671 = DIRECTION ( 'NONE',  ( 1.000000000000000000, 0.000000000000000000, -0.000000000000000000 ) ) ;
#1672 = ORIENTED_EDGE ( 'NONE', *, *, #3865, .F. ) ;
#1673 = ORIENTED_EDGE ( 'NONE', *, *, #1579, .F. ) ;
#1674 = VERTEX_POINT ( 'NONE', #6805 ) ;
#1675 = ORIENTED_EDGE ( 'NONE', *, *, #5898, .F. ) ;
#1676 = CYLINDRICAL_SURFACE ( 'NONE', #5513, 1.000000000000000888 ) ;
#1677 = CARTESIAN_POINT ( 'NONE',  ( 2.799999999999999822, 20.09999999999999787, -19.49999999999999645 ) ) ;
#1678 = CARTESIAN_POINT ( 'NONE',  ( 14.54644660940672907, 26.24644660940672836, -14.59999999999999964 ) ) ;
#1679 = EDGE_CURVE ( 'NONE', #1148, #5266, #2679, .T. ) ;
#1680 = CARTESIAN_POINT ( 'NONE',  ( 21.11583836257748814, -22.90000000000000213, -8.199999999999999289 ) ) ;
#1681 = ORIENTED_EDGE ( 'NONE', *, *, #3821, .F. ) ;
#1682 = EDGE_LOOP ( 'NONE', ( #7655, #892, #2129, #4204 ) ) ;
#1683 = DIRECTION ( 'NONE',  ( 0.000000000000000000, -1.000000000000000000, 2.090028284309406488E-16 ) ) ;
#1684 = CARTESIAN_POINT ( 'NONE',  ( 10.90000736602693721, 24.10274034979602575, -14.59999263397306635 ) ) ;
#1685 = DIRECTION ( 'NONE',  ( 1.000000000000000000, 0.000000000000000000, 0.000000000000000000 ) ) ;
#1686 = CARTESIAN_POINT ( 'NONE',  ( 29.87999999999999901, -20.21032982965536107, 17.09999999999999787 ) ) ;
#1687 = FACE_OUTER_BOUND ( 'NONE', #654, .T. ) ;
#1688 = CARTESIAN_POINT ( 'NONE',  ( 21.85286925180513151, -23.22528639631195801, 16.84854127315818673 ) ) ;
#1689 = AXIS2_PLACEMENT_3D ( 'NONE', #2724, #3479, #4674 ) ;
#1690 = ADVANCED_FACE ( 'NONE', ( #2640 ), #4272, .T. ) ;
#1691 = CARTESIAN_POINT ( 'NONE',  ( 0.000000000000000000, -17.60000000000000497, -11.15269009426543967 ) ) ;
#1692 = B_SPLINE_CURVE_WITH_KNOTS ( 'NONE', 3,
 ( #1257, #2411, #4829, #7250, #4902, #7327 ),
 .UNSPECIFIED., .F., .F.,
 ( 4, 2, 4 ),
 ( -4.472135961446076596E-06, 0.0005096734299734589479, 0.001023818995908363930 ),
 .UNSPECIFIED. ) ;
#1693 = ADVANCED_FACE ( 'NONE', ( #2591 ), #2557, .T. ) ;
#1694 = ORIENTED_EDGE ( 'NONE', *, *, #526, .F. ) ;
#1695 = EDGE_LOOP ( 'NONE', ( #7263, #5862, #1480 ) ) ;
#1696 = VERTEX_POINT ( 'NONE', #1962 ) ;
#1697 = CARTESIAN_POINT ( 'NONE',  ( 0.000000000000000000, 14.60000000000000320, -11.15269009426543789 ) ) ;
#1698 = DIRECTION ( 'NONE',  ( -0.000000000000000000, 1.000000000000000000, 1.535153518563546084E-16 ) ) ;
#1699 = LINE ( 'NONE', #7167, #2753 ) ;
#1700 = DIRECTION ( 'NONE',  ( 0.000000000000000000, -0.5867752483892763049, -0.8097498427772017449 ) ) ;
#1701 = EDGE_CURVE ( 'NONE', #6758, #1852, #6436, .T. ) ;
#1702 = CARTESIAN_POINT ( 'NONE',  ( 11.40000000000000391, 26.39289321881345174, -10.10000000000000142 ) ) ;
#1703 = VERTEX_POINT ( 'NONE', #3197 ) ;
#1704 = ORIENTED_EDGE ( 'NONE', *, *, #3779, .F. ) ;
#1705 = CARTESIAN_POINT ( 'NONE',  ( 11.25355339059327520, 26.24644660940672480, -9.600000000000001421 ) ) ;
#1706 = CARTESIAN_POINT ( 'NONE',  ( 21.11583836257748814, -22.89999999999999858, -8.199999999999999289 ) ) ;
#1707 = EDGE_CURVE ( 'NONE', #6671, #5579, #5601, .T. ) ;
#1708 = DIRECTION ( 'NONE',  ( 0.000000000000000000, 0.000000000000000000, 1.000000000000000000 ) ) ;
#1709 = ORIENTED_EDGE ( 'NONE', *, *, #663, .F. ) ;
#1710 = ORIENTED_EDGE ( 'NONE', *, *, #413, .F. ) ;
#1711 = VERTEX_POINT ( 'NONE', #2009 ) ;
#1712 = ORIENTED_EDGE ( 'NONE', *, *, #2330, .T. ) ;
#1713 = AXIS2_PLACEMENT_3D ( 'NONE', #3595, #4265, #4830 ) ;
#1714 = CARTESIAN_POINT ( 'NONE',  ( 2.799999999999999822, 13.52568602459994906, 3.590136808213382213 ) ) ;
#1715 = CARTESIAN_POINT ( 'NONE',  ( 25.80000000000000071, 1.616580753730949338, 19.60000000000000142 ) ) ;
#1716 = DIRECTION ( 'NONE',  ( 0.000000000000000000, 0.000000000000000000, 1.000000000000000000 ) ) ;
#1717 = DIRECTION ( 'NONE',  ( 0.000000000000000000, 0.000000000000000000, 1.000000000000000000 ) ) ;
#1718 = AXIS2_PLACEMENT_3D ( 'NONE', #4252, #1204, #4782 ) ;
#1719 = ORIENTED_EDGE ( 'NONE', *, *, #4541, .T. ) ;
#1720 = ADVANCED_FACE ( 'NONE', ( #1687 ), #6490, .T. ) ;
#1721 = EDGE_LOOP ( 'NONE', ( #3514, #955 ) ) ;
#1722 = DIRECTION ( 'NONE',  ( 0.000000000000000000, 1.000000000000000000, 0.000000000000000000 ) ) ;
#1723 = CARTESIAN_POINT ( 'NONE',  ( 2.299999999999999822, -22.39999999999999503, -19.99999999999999645 ) ) ;
#1724 = DIRECTION ( 'NONE',  ( -0.7071067811865457964, -0.7071067811865492381, -2.453269466693390338E-15 ) ) ;
#1725 = CARTESIAN_POINT ( 'NONE',  ( 0.07179676972448954808, -12.61449435037249778, -16.60000000000000142 ) ) ;
#1726 = CYLINDRICAL_SURFACE ( 'NONE', #488, 0.5000000000000004441 ) ;
#1727 = CARTESIAN_POINT ( 'NONE',  ( 28.60000000000000142, -24.00000000000000355, 19.59999999999999787 ) ) ;
#1728 = DIRECTION ( 'NONE',  ( 0.000000000000000000, 0.000000000000000000, -1.000000000000000000 ) ) ;
#1729 = ORIENTED_EDGE ( 'NONE', *, *, #1491, .T. ) ;
#1730 = CIRCLE ( 'NONE', #5147, 5.000000000000000000 ) ;
#1731 = ORIENTED_EDGE ( 'NONE', *, *, #413, .T. ) ;
#1732 = EDGE_CURVE ( 'NONE', #13, #7322, #1626, .T. ) ;
#1733 = ORIENTED_EDGE ( 'NONE', *, *, #7851, .F. ) ;
#1734 = AXIS2_PLACEMENT_3D ( 'NONE', #42, #3651, #4845 ) ;
#1735 = AXIS2_PLACEMENT_3D ( 'NONE', #4056, #3940, #2942 ) ;
#1736 = CARTESIAN_POINT ( 'NONE',  ( 13.69289321881345778, 27.59999999999999432, 1.698985102064647504E-14 ) ) ;
#1737 = CARTESIAN_POINT ( 'NONE',  ( 3.166025403784439085, -22.89999999999999503, -19.99999999999999645 ) ) ;
#1738 = EDGE_CURVE ( 'NONE', #6627, #4517, #481, .T. ) ;
#1739 = CARTESIAN_POINT ( 'NONE',  ( 2.799999999999999822, 14.60000000000000497, -13.59999999999999787 ) ) ;
#1740 = AXIS2_PLACEMENT_3D ( 'NONE', #3807, #3839, #2145 ) ;
#1741 = FACE_OUTER_BOUND ( 'NONE', #135, .T. ) ;
#1742 = AXIS2_PLACEMENT_3D ( 'NONE', #3093, #5548, #6108 ) ;
#1743 = CIRCLE ( 'NONE', #960, 0.5000000000000000000 ) ;
#1744 = ORIENTED_EDGE ( 'NONE', *, *, #3481, .T. ) ;
#1745 = EDGE_CURVE ( 'NONE', #214, #1221, #934, .T. ) ;
#1746 = VECTOR ( 'NONE', #7053, 1000.000000000000000 ) ;
#1747 = DIRECTION ( 'NONE',  ( 1.000000000000000000, 0.000000000000000000, 0.000000000000000000 ) ) ;
#1748 = VECTOR ( 'NONE', #1301, 1000.000000000000000 ) ;
#1749 = LINE ( 'NONE', #4161, #5409 ) ;
#1750 = CARTESIAN_POINT ( 'NONE',  ( 0.000000000000000000, 0.000000000000000000, -7.699999999999998401 ) ) ;
#1751 = CARTESIAN_POINT ( 'NONE',  ( 22.50000000000000000, -20.40000000000000568, 22.59999999999999787 ) ) ;
#1752 = EDGE_LOOP ( 'NONE', ( #3547, #4072, #1507, #5129 ) ) ;
#1753 = CIRCLE ( 'NONE', #7329, 2.999999999999999112 ) ;
#1754 = ORIENTED_EDGE ( 'NONE', *, *, #5692, .F. ) ;
#1755 = ADVANCED_FACE ( 'NONE', ( #4067 ), #1223, .T. ) ;
#1756 = EDGE_LOOP ( 'NONE', ( #6800, #3569, #398, #1033 ) ) ;
#1757 = ORIENTED_EDGE ( 'NONE', *, *, #5673, .F. ) ;
#1758 = VECTOR ( 'NONE', #6734, 1000.000000000000000 ) ;
#1759 = CARTESIAN_POINT ( 'NONE',  ( 2.799999999999999822, 14.60000000000000320, -11.15269009426543789 ) ) ;
#1760 = LINE ( 'NONE', #7709, #6323 ) ;
#1761 = CARTESIAN_POINT ( 'NONE',  ( 6.999999999999999112, 16.60000000000000497, -22.59999999999999787 ) ) ;
#1762 = CARTESIAN_POINT ( 'NONE',  ( 28.60000000000000142, 3.233161507461900896, 19.60000000000000142 ) ) ;
#1763 = AXIS2_PLACEMENT_3D ( 'NONE', #6410, #5770, #1618 ) ;
#1764 = ORIENTED_EDGE ( 'NONE', *, *, #4144, .F. ) ;
#1765 = VECTOR ( 'NONE', #7620, 1000.000000000000000 ) ;
#1766 = VERTEX_POINT ( 'NONE', #2124 ) ;
#1767 = CC_DESIGN_PERSON_AND_ORGANIZATION_ASSIGNMENT ( #3694, #5558, ( #7387 ) ) ;
#1768 = CARTESIAN_POINT ( 'NONE',  ( 0.2238834583853231697, 20.66566992496880673, -17.41497797547439674 ) ) ;
#1769 = CARTESIAN_POINT ( 'NONE',  ( 10.53087394761670836, 23.61301366391795042, -14.83825210476638645 ) ) ;
#1770 = FACE_OUTER_BOUND ( 'NONE', #1420, .T. ) ;
#1771 = CIRCLE ( 'NONE', #4550, 4.000000000000000000 ) ;
#1772 = CARTESIAN_POINT ( 'NONE',  ( 0.02994964543538560300, -11.40956681945185025, -16.25254579669419286 ) ) ;
#1773 = CARTESIAN_POINT ( 'NONE',  ( 14.40000000000000391, 26.39289321881345529, -14.59999999999999964 ) ) ;
#1774 = CARTESIAN_POINT ( 'NONE',  ( 23.00000000000000000, -14.60000000000000320, -11.15269009426543789 ) ) ;
#1775 = DIRECTION ( 'NONE',  ( 0.000000000000000000, 0.000000000000000000, -1.000000000000000000 ) ) ;
#1776 = ORIENTED_EDGE ( 'NONE', *, *, #2321, .F. ) ;
#1777 = EDGE_LOOP ( 'NONE', ( #292, #309, #4630, #6687, #2336 ) ) ;
#1778 = ORIENTED_EDGE ( 'NONE', *, *, #85, .T. ) ;
#1779 = CARTESIAN_POINT ( 'NONE',  ( 0.000000000000000000, 3.913850194456000686, 11.60000000000000320 ) ) ;
#1780 = CARTESIAN_POINT ( 'NONE',  ( 10.49818533393552578, 23.60000000000514220, -9.198185333935040120 ) ) ;
#1781 = DIRECTION ( 'NONE',  ( -0.000000000000000000, 1.000000000000000000, 1.535153518563546084E-16 ) ) ;
#1782 = CARTESIAN_POINT ( 'NONE',  ( 2.799999999999999822, -17.60000000000000142, 9.736228481429797910 ) ) ;
#1783 = ADVANCED_FACE ( 'NONE', ( #2167 ), #4583, .F. ) ;
#1784 = EDGE_LOOP ( 'NONE', ( #6723, #235, #1557, #188 ) ) ;
#1785 = CARTESIAN_POINT ( 'NONE',  ( 4.684161637422525892, -22.89999999999999503, -8.199999999999999289 ) ) ;
#1786 =( BOUNDED_CURVE ( )  B_SPLINE_CURVE ( 3, ( #5269, #998, #2932, #1551 ),
 .UNSPECIFIED., .F., .F. ) 
 B_SPLINE_CURVE_WITH_KNOTS ( ( 4, 4 ),
 ( 0.000000000000000000, 1.570796326794896558 ),
 .UNSPECIFIED. ) 
 CURVE ( )  GEOMETRIC_REPRESENTATION_ITEM ( )  RATIONAL_B_SPLINE_CURVE ( ( 1.000000000000000000, 0.8047378541243649375, 0.8047378541243649375, 1.000000000000000000 ) ) 
 REPRESENTATION_ITEM ( '' )  );
#1787 = DIRECTION ( 'NONE',  ( -1.000000000000000000, 0.000000000000000000, 0.000000000000000000 ) ) ;
#1788 = LINE ( 'NONE', #4199, #5186 ) ;
#1789 = ADVANCED_FACE ( 'NONE', ( #7004 ), #5249, .T. ) ;
#1790 = CARTESIAN_POINT ( 'NONE',  ( 25.74325055057590461, 15.42949531721121126, -16.49062031314799626 ) ) ;
#1791 = ORIENTED_EDGE ( 'NONE', *, *, #223, .T. ) ;
#1792 = EDGE_CURVE ( 'NONE', #5794, #6035, #979, .T. ) ;
#1793 = ORIENTED_EDGE ( 'NONE', *, *, #1745, .T. ) ;
#1794 = VERTEX_POINT ( 'NONE', #418 ) ;
#1795 = CARTESIAN_POINT ( 'NONE',  ( -0.8289165402943478034, -17.58453134463945844, 17.10000000000000142 ) ) ;
#1796 = FACE_OUTER_BOUND ( 'NONE', #5499, .T. ) ;
#1797 = EDGE_CURVE ( 'NONE', #4894, #6434, #2246, .T. ) ;
#1798 = DIRECTION ( 'NONE',  ( -1.000000000000000000, 0.000000000000000000, -0.000000000000000000 ) ) ;
#1799 = ORIENTED_EDGE ( 'NONE', *, *, #7672, .F. ) ;
#1800 = ORIENTED_EDGE ( 'NONE', *, *, #2541, .F. ) ;
#1801 = CARTESIAN_POINT ( 'NONE',  ( 31.39999999999999858, -22.38341924626905310, 17.10000000000000142 ) ) ;
#1802 = CYLINDRICAL_SURFACE ( 'NONE', #104, 3.000000000000000888 ) ;
#1803 = LINE ( 'NONE', #6902, #4420 ) ;
#1804 = CARTESIAN_POINT ( 'NONE',  ( 19.90000000000000213, 22.09999999999999787, -10.49999999999999645 ) ) ;
#1805 = CARTESIAN_POINT ( 'NONE',  ( 12.90000000000000746, -34.39999999999999858, -11.89999999999999680 ) ) ;
#1806 = EDGE_CURVE ( 'NONE', #3400, #5342, #1172, .T. ) ;
#1807 = DIRECTION ( 'NONE',  ( -1.000000000000000000, 0.000000000000000000, 0.000000000000000000 ) ) ;
#1808 = ORIENTED_EDGE ( 'NONE', *, *, #1965, .T. ) ;
#1809 = EDGE_LOOP ( 'NONE', ( #3923, #7775, #7546, #2786 ) ) ;
#1810 = EDGE_LOOP ( 'NONE', ( #4603, #4102, #970, #4855 ) ) ;
#1811 = CARTESIAN_POINT ( 'NONE',  ( 12.90000000000000036, 20.09999999999999787, -16.39999999999999858 ) ) ;
#1812 = DIRECTION ( 'NONE',  ( 0.000000000000000000, 0.000000000000000000, 1.000000000000000000 ) ) ;
#1813 = CARTESIAN_POINT ( 'NONE',  ( 10.90000736602693898, 24.10274034979619984, -9.600007366026936495 ) ) ;
#1814 = DIRECTION ( 'NONE',  ( 1.000000000000000000, 0.000000000000000000, 0.000000000000000000 ) ) ;
#1815 = FACE_BOUND ( 'NONE', #4515, .T. ) ;
#1816 = ORIENTED_EDGE ( 'NONE', *, *, #4467, .T. ) ;
#1817 = ADVANCED_FACE ( 'NONE', ( #6746 ), #712, .F. ) ;
#1818 = FACE_OUTER_BOUND ( 'NONE', #4324, .T. ) ;
#1819 = CYLINDRICAL_SURFACE ( 'NONE', #5281, 1.750000000000001554 ) ;
#1820 = CARTESIAN_POINT ( 'NONE',  ( 0.06848369279381663621, 12.40623690879570340, -16.57775990570245028 ) ) ;
#1821 = CARTESIAN_POINT ( 'NONE',  ( 4.900000000000001243, 22.09999999999999787, 0.5000000000000036637 ) ) ;
#1822 = ORIENTED_EDGE ( 'NONE', *, *, #900, .F. ) ;
#1823 = EDGE_LOOP ( 'NONE', ( #1114, #6822, #6553, #6026 ) ) ;
#1824 =( BOUNDED_SURFACE ( )  B_SPLINE_SURFACE ( 3, 2, ( 
 ( #688, #6280, #6760 ),
 ( #5013, #4900, #3271 ),
 ( #4422, #1890, #4973 ),
 ( #7365, #5061, #4303 ),
 ( #57, #2473, #2519 ),
 ( #3790, #3741, #99 ),
 ( #139, #1925, #7442 ),
 ( #6240, #2006, #6885 ),
 ( #3108, #6727, #1408 ),
 ( #1287, #808, #5639 ) ),
 .UNSPECIFIED., .F., .F., .F. ) 
 B_SPLINE_SURFACE_WITH_KNOTS ( ( 4, 2, 2, 2, 4 ),
 ( 3, 3 ),
 ( 0.000000000000000000, 0.0005417334521178211260, 0.001083466904235642252, 0.001625200356353463486, 0.002166933808471284504 ),
 ( 0.000000000000000000, 1.000000000000000000 ),
 .UNSPECIFIED. ) 
 GEOMETRIC_REPRESENTATION_ITEM ( )  RATIONAL_B_SPLINE_SURFACE ( (
 ( 1.000000000000000000, 0.7071067811865475727, 1.000000000000000000),
 ( 1.000000000000000000, 0.7367961799256699251, 1.000000000000000000),
 ( 1.000000000000000000, 0.7690893871347220800, 1.000000000000000000),
 ( 1.000000000000000000, 0.8350060427421793774, 1.000000000000000000),
 ( 1.000000000000000000, 0.8677351739354718374, 1.000000000000000000),
 ( 1.000000000000000000, 0.9269754023433395274, 1.000000000000000000),
 ( 1.000000000000000000, 0.9532755090764886141, 1.000000000000000000),
 ( 1.000000000000000000, 0.9898224467412659600, 1.000000000000000000),
 ( 1.000000000000000000, 1.000117736561775716, 1.000000000000000000),
 ( 1.000000000000000000, 1.000000000000000000, 1.000000000000000000) ) ) 
 REPRESENTATION_ITEM ( '' )  SURFACE ( )  );
#1825 = EDGE_CURVE ( 'NONE', #2578, #1468, #792, .T. ) ;
#1826 = ORIENTED_EDGE ( 'NONE', *, *, #2112, .F. ) ;
#1827 = LINE ( 'NONE', #827, #2485 ) ;
#1828 = ADVANCED_FACE ( 'NONE', ( #4321 ), #2951, .F. ) ;
#1829 = CARTESIAN_POINT ( 'NONE',  ( 0.000000000000000000, 20.80000000000000426, -15.59999999999999964 ) ) ;
#1830 = FACE_OUTER_BOUND ( 'NONE', #6389, .T. ) ;
#1831 = VERTEX_POINT ( 'NONE', #4993 ) ;
#1832 = EDGE_CURVE ( 'NONE', #2415, #6363, #7198, .T. ) ;
#1833 = ORIENTED_EDGE ( 'NONE', *, *, #4937, .F. ) ;
#1834 = DIRECTION ( 'NONE',  ( -0.000000000000000000, -1.000000000000000000, -0.000000000000000000 ) ) ;
#1835 = DIRECTION ( 'NONE',  ( 0.000000000000000000, 2.090028284309406488E-16, 1.000000000000000000 ) ) ;
#1836 = CARTESIAN_POINT ( 'NONE',  ( 25.80000000000000071, 1.616580753730949338, 19.60000000000000142 ) ) ;
#1837 = DIRECTION ( 'NONE',  ( 0.000000000000000000, -1.535153518563546084E-16, 1.000000000000000000 ) ) ;
#1838 = CARTESIAN_POINT ( 'NONE',  ( 23.00000000000000000, -3.338714168256810878E-15, -16.60000000000000142 ) ) ;
#1839 = CIRCLE ( 'NONE', #6404, 2.249999999999998668 ) ;
#1840 = ORIENTED_EDGE ( 'NONE', *, *, #2190, .F. ) ;
#1841 = ORIENTED_EDGE ( 'NONE', *, *, #295, .F. ) ;
#1842 = ADVANCED_FACE ( 'NONE', ( #6187 ), #4781, .T. ) ;
#1843 = VERTEX_POINT ( 'NONE', #535 ) ;
#1844 = AXIS2_PLACEMENT_3D ( 'NONE', #1652, #1683, #6037 ) ;
#1845 = AXIS2_PLACEMENT_3D ( 'NONE', #5775, #1578, #5859 ) ;
#1846 = CARTESIAN_POINT ( 'NONE',  ( 2.799999999999999822, -14.60000000000000497, -13.59999999999999787 ) ) ;
#1847 = PLANE ( 'NONE',  #5437 ) ;
#1848 = FACE_BOUND ( 'NONE', #1536, .T. ) ;
#1849 = CARTESIAN_POINT ( 'NONE',  ( 2.799999999999999822, 17.60000000000000497, -11.15269009426543789 ) ) ;
#1850 = AXIS2_PLACEMENT_3D ( 'NONE', #3336, #287, #4451 ) ;
#1851 = VECTOR ( 'NONE', #5800, 1000.000000000000000 ) ;
#1852 = VERTEX_POINT ( 'NONE', #1773 ) ;
#1853 = CARTESIAN_POINT ( 'NONE',  ( 19.90000000000000213, 19.60000000000000142, -9.399999999999996803 ) ) ;
#1854 = DIRECTION ( 'NONE',  ( 0.000000000000000000, -0.5867752483892765270, 0.8097498427772016338 ) ) ;
#1855 = VECTOR ( 'NONE', #4956, 1000.000000000000000 ) ;
#1856 = DIRECTION ( 'NONE',  ( 0.000000000000000000, 0.000000000000000000, -1.000000000000000000 ) ) ;
#1857 = CARTESIAN_POINT ( 'NONE',  ( 23.00000000000000000, -12.82658702483003488, -16.59999999999999787 ) ) ;
#1858 = CIRCLE ( 'NONE', #5515, 0.5000000000000004441 ) ;
#1859 = CIRCLE ( 'NONE', #2872, 6.000000000000000000 ) ;
#1860 = DIRECTION ( 'NONE',  ( 0.000000000000000000, -1.000000000000000000, -1.535153518563546084E-16 ) ) ;
#1861 = VERTEX_POINT ( 'NONE', #123 ) ;
#1862 = VECTOR ( 'NONE', #6098, 1000.000000000000000 ) ;
#1863 = ORIENTED_EDGE ( 'NONE', *, *, #4342, .F. ) ;
#1864 = AXIS2_PLACEMENT_3D ( 'NONE', #3453, #6905, #435 ) ;
#1865 = VERTEX_POINT ( 'NONE', #7761 ) ;
#1866 = PLANE ( 'NONE',  #5275 ) ;
#1867 = AXIS2_PLACEMENT_3D ( 'NONE', #4264, #3631, #6579 ) ;
#1868 = LINE ( 'NONE', #793, #5785 ) ;
#1869 = TOROIDAL_SURFACE ( 'NONE', #5287, 8.100000000000006750, 0.5000000000000000000 ) ;
#1870 = DIRECTION ( 'NONE',  ( 0.000000000000000000, 0.000000000000000000, 1.000000000000000000 ) ) ;
#1871 = EDGE_CURVE ( 'NONE', #3016, #1711, #3770, .T. ) ;
#1872 = ORIENTED_EDGE ( 'NONE', *, *, #2914, .T. ) ;
#1873 = AXIS2_PLACEMENT_3D ( 'NONE', #4980, #1263, #6855 ) ;
#1874 = EDGE_CURVE ( 'NONE', #3210, #5237, #3179, .T. ) ;
#1875 = ORIENTED_EDGE ( 'NONE', *, *, #6433, .F. ) ;
#1876 = VECTOR ( 'NONE', #4505, 1000.000000000000000 ) ;
#1877 = DIRECTION ( 'NONE',  ( 0.000000000000000000, 0.000000000000000000, -1.000000000000000000 ) ) ;
#1878 = PLANE ( 'NONE',  #6821 ) ;
#1879 = PERSON_AND_ORGANIZATION_ROLE ( 'design_owner' ) ;
#1880 = DIRECTION ( 'NONE',  ( 1.000000000000000000, 0.000000000000000000, 0.000000000000000000 ) ) ;
#1881 = CIRCLE ( 'NONE', #740, 6.999999999999999112 ) ;
#1882 = DIRECTION ( 'NONE',  ( 0.000000000000000000, 0.000000000000000000, -1.000000000000000000 ) ) ;
#1883 = ADVANCED_FACE ( 'NONE', ( #4184 ), #3687, .T. ) ;
#1884 = EDGE_LOOP ( 'NONE', ( #5297, #6964, #4280, #3446 ) ) ;
#1885 = EDGE_CURVE ( 'NONE', #1674, #5349, #3900, .T. ) ;
#1886 = ORIENTED_EDGE ( 'NONE', *, *, #1065, .T. ) ;
#1887 = ORIENTED_EDGE ( 'NONE', *, *, #7060, .T. ) ;
#1888 = AXIS2_PLACEMENT_3D ( 'NONE', #3930, #915, #2661 ) ;
#1889 = DIRECTION ( 'NONE',  ( 0.000000000000000000, 0.000000000000000000, 1.000000000000000000 ) ) ;
#1890 = CARTESIAN_POINT ( 'NONE',  ( 6.300584052944686597, -22.90000000000000213, -7.638171303674241130 ) ) ;
#1891 = VECTOR ( 'NONE', #5716, 1000.000000000000000 ) ;
#1892 = CARTESIAN_POINT ( 'NONE',  ( 25.80000000000000071, 12.44299683239223420, -9.016664371298716674 ) ) ;
#1893 = CARTESIAN_POINT ( 'NONE',  ( 11.37397266938594598, 23.96912604902969690, -9.586986334692943146 ) ) ;
#1894 = CARTESIAN_POINT ( 'NONE',  ( 12.90000000000000746, -34.39999999999999858, -12.39999999999999858 ) ) ;
#1895 = DIRECTION ( 'NONE',  ( 0.000000000000000000, -1.535153518563546084E-16, 1.000000000000000000 ) ) ;
#1896 = ADVANCED_FACE ( 'NONE', ( #5502 ), #5423, .T. ) ;
#1897 = ADVANCED_FACE ( 'NONE', ( #1910 ), #1726, .F. ) ;
#1898 = AXIS2_PLACEMENT_3D ( 'NONE', #2556, #3703, #6848 ) ;
#1899 = VERTEX_POINT ( 'NONE', #6829 ) ;
#1900 = CYLINDRICAL_SURFACE ( 'NONE', #2769, 1.600000000000000089 ) ;
#1901 = CARTESIAN_POINT ( 'NONE',  ( 21.11583836257748814, -22.90000000000000213, -8.199999999999999289 ) ) ;
#1902 = DIRECTION ( 'NONE',  ( 0.000000000000000000, -0.8097498427772018559, 0.5867752483892764159 ) ) ;
#1903 = FACE_OUTER_BOUND ( 'NONE', #6168, .T. ) ;
#1904 = CARTESIAN_POINT ( 'NONE',  ( 23.00000000000000000, 14.60000000000000320, -11.15269009426543967 ) ) ;
#1905 = CARTESIAN_POINT ( 'NONE',  ( 28.60000000000000142, -24.00000000000000355, 22.59999999999999787 ) ) ;
#1906 = EDGE_LOOP ( 'NONE', ( #5228, #2303, #2898, #3131 ) ) ;
#1907 = ORIENTED_EDGE ( 'NONE', *, *, #2493, .T. ) ;
#1908 = ORIENTED_EDGE ( 'NONE', *, *, #804, .F. ) ;
#1909 = CARTESIAN_POINT ( 'NONE',  ( 4.900000000000001243, 19.59999999999999787, 1.600000000000003419 ) ) ;
#1910 = FACE_OUTER_BOUND ( 'NONE', #5974, .T. ) ;
#1911 = DIRECTION ( 'NONE',  ( 1.000000000000000000, 0.000000000000000000, 0.000000000000000000 ) ) ;
#1912 = CARTESIAN_POINT ( 'NONE',  ( 25.80000000000000071, -14.52582457413839556, 22.59999999999999787 ) ) ;
#1913 = EDGE_LOOP ( 'NONE', ( #7820, #7475 ) ) ;
#1914 = ORIENTED_EDGE ( 'NONE', *, *, #1335, .F. ) ;
#1915 = DIRECTION ( 'NONE',  ( 1.000000000000000000, 0.000000000000000000, 0.000000000000000000 ) ) ;
#1916 = CYLINDRICAL_SURFACE ( 'NONE', #1122, 2.999999999999999112 ) ;
#1917 = EDGE_CURVE ( 'NONE', #1949, #284, #2909, .T. ) ;
#1918 = DATE_TIME_ROLE ( 'creation_date' ) ;
#1919 = CARTESIAN_POINT ( 'NONE',  ( 15.40000000000000391, 23.59999999999999787, 3.622962303809968206E-15 ) ) ;
#1920 = DIRECTION ( 'NONE',  ( -1.000000000000000000, 0.000000000000000000, 3.469446951953610639E-15 ) ) ;
#1921 = ORIENTED_EDGE ( 'NONE', *, *, #4295, .T. ) ;
#1922 = ORIENTED_EDGE ( 'NONE', *, *, #2515, .F. ) ;
#1923 = CARTESIAN_POINT ( 'NONE',  ( 20.89999999999999858, 22.09999999999999787, 2.250000000000003553 ) ) ;
#1924 = EDGE_CURVE ( 'NONE', #7415, #3134, #7542, .T. ) ;
#1925 = CARTESIAN_POINT ( 'NONE',  ( 5.337938970549809703, -22.90000000000000568, -7.855858957350426053 ) ) ;
#1926 = CARTESIAN_POINT ( 'NONE',  ( 4.800000000000000711, -34.39999999999999858, -12.39999999999999858 ) ) ;
#1927 = LINE ( 'NONE', #6330, #5416 ) ;
#1928 = CARTESIAN_POINT ( 'NONE',  ( -2.800000000000001155, -20.76683849253809910, 19.59999999999999787 ) ) ;
#1929 = EDGE_CURVE ( 'NONE', #885, #7649, #5742, .T. ) ;
#1930 = CARTESIAN_POINT ( 'NONE',  ( 25.11311026844839489, -25.96000000000000085, 17.09999999999999787 ) ) ;
#1931 = ORIENTED_EDGE ( 'NONE', *, *, #4286, .T. ) ;
#1932 = CARTESIAN_POINT ( 'NONE',  ( 2.799999999999999822, -22.39999999999999858, -20.00000000000000355 ) ) ;
#1933 = FACE_OUTER_BOUND ( 'NONE', #6942, .T. ) ;
#1934 = EDGE_CURVE ( 'NONE', #954, #5154, #1119, .T. ) ;
#1935 = CARTESIAN_POINT ( 'NONE',  ( 20.90483283271127135, 20.10805472118537907, -21.67482119174262678 ) ) ;
#1936 = DIRECTION ( 'NONE',  ( -0.000000000000000000, -0.000000000000000000, -1.000000000000000000 ) ) ;
#1937 = CARTESIAN_POINT ( 'NONE',  ( 21.00000000000001066, -34.39999999999999858, -12.39999999999999858 ) ) ;
#1938 = LINE ( 'NONE', #750, #7577 ) ;
#1939 = EDGE_LOOP ( 'NONE', ( #4989, #1239, #6478, #459 ) ) ;
#1940 = EDGE_LOOP ( 'NONE', ( #1159, #272, #1793, #3729 ) ) ;
#1941 = ORIENTED_EDGE ( 'NONE', *, *, #3927, .F. ) ;
#1942 = ADVANCED_FACE ( 'NONE', ( #4522 ), #2100, .F. ) ;
#1943 = FACE_OUTER_BOUND ( 'NONE', #944, .T. ) ;
#1944 = CARTESIAN_POINT ( 'NONE',  ( 6.554990330809499888, -23.40000000000000213, -7.199999999999998401 ) ) ;
#1945 = DIRECTION ( 'NONE',  ( 0.000000000000000000, 0.000000000000000000, -1.000000000000000000 ) ) ;
#1946 = CARTESIAN_POINT ( 'NONE',  ( 23.00000000000000000, -12.82658702483003488, -16.59999999999999787 ) ) ;
#1947 = DIRECTION ( 'NONE',  ( -0.8660254037844387076, 0.4999999999999997224, 0.000000000000000000 ) ) ;
#1948 = ORIENTED_EDGE ( 'NONE', *, *, #2600, .F. ) ;
#1949 = VERTEX_POINT ( 'NONE', #879 ) ;
#1950 = CARTESIAN_POINT ( 'NONE',  ( 25.80000000000000071, -22.90000000000000213, 16.09999999999999432 ) ) ;
#1951 = CARTESIAN_POINT ( 'NONE',  ( 25.80000000000000071, -25.61658075373095755, 19.59999999999999787 ) ) ;
#1952 = DATE_TIME_ROLE ( 'classification_date' ) ;
#1953 = DIRECTION ( 'NONE',  ( 0.8660254037844387076, 0.4999999999999997224, 0.000000000000000000 ) ) ;
#1954 = CARTESIAN_POINT ( 'NONE',  ( 14.60033316788633861, 23.79272663487029149, -14.70016658394316700 ) ) ;
#1956 = ORIENTED_EDGE ( 'NONE', *, *, #5769, .T. ) ;
#1955 = EDGE_CURVE ( 'NONE', #6430, #5790, #916, .T. ) ;
#1957 = VERTEX_POINT ( 'NONE', #3931 ) ;
#1958 = DIRECTION ( 'NONE',  ( 0.000000000000000000, -1.000000000000000000, -1.515042337097648137E-16 ) ) ;
#1959 = LINE ( 'NONE', #2047, #476 ) ;
#1960 = CIRCLE ( 'NONE', #179, 3.000000000000000888 ) ;
#1961 = CYLINDRICAL_SURFACE ( 'NONE', #1647, 0.5000000000000004441 ) ;
#1962 = CARTESIAN_POINT ( 'NONE',  ( 0.000000000000000000, -22.90000000000000213, 16.09999999999999432 ) ) ;
#1963 = CARTESIAN_POINT ( 'NONE',  ( 0.000000000000000000, 19.59999999999999432, -19.99999999999999645 ) ) ;
#1964 = CARTESIAN_POINT ( 'NONE',  ( 10.90000000000000391, 26.39289321881345529, -14.59999999999999964 ) ) ;
#1965 = EDGE_CURVE ( 'NONE', #6584, #3570, #6903, .T. ) ;
#1966 = VECTOR ( 'NONE', #7043, 1000.000000000000000 ) ;
#1967 = AXIS2_PLACEMENT_3D ( 'NONE', #5824, #2774, #467 ) ;
#1968 = ORIENTED_EDGE ( 'NONE', *, *, #5501, .F. ) ;
#1969 = CARTESIAN_POINT ( 'NONE',  ( 31.39999999999999858, -22.38341924626905310, 19.59999999999999787 ) ) ;
#1970 = CIRCLE ( 'NONE', #3759, 2.999999999999999112 ) ;
#1971 = EDGE_CURVE ( 'NONE', #4839, #2305, #2031, .T. ) ;
#1972 = CARTESIAN_POINT ( 'NONE',  ( 4.895167167288818177, 20.10805472118530801, -21.67482119174266941 ) ) ;
#1973 = CARTESIAN_POINT ( 'NONE',  ( 21.96422460830384793, 21.87370768050641701, -20.22578725610524941 ) ) ;
#1974 = CARTESIAN_POINT ( 'NONE',  ( 12.78124655208410232, 22.57306454008326213, -19.25000000000000355 ) ) ;
#1975 = FACE_OUTER_BOUND ( 'NONE', #5540, .T. ) ;
#1976 = AXIS2_PLACEMENT_3D ( 'NONE', #4861, #6014, #7286 ) ;
#1977 = LINE ( 'NONE', #2451, #6048 ) ;
#1978 = EDGE_CURVE ( 'NONE', #5036, #6898, #7839, .T. ) ;
#1979 = ORIENTED_EDGE ( 'NONE', *, *, #6882, .F. ) ;
#1980 = ORIENTED_EDGE ( 'NONE', *, *, #151, .F. ) ;
#1981 = VECTOR ( 'NONE', #1357, 1000.000000000000000 ) ;
#1982 = ORIENTED_EDGE ( 'NONE', *, *, #4060, .F. ) ;
#1983 = VECTOR ( 'NONE', #1080, 1000.000000000000000 ) ;
#1984 = AXIS2_PLACEMENT_3D ( 'NONE', #4608, #1045, #2747 ) ;
#1985 = CARTESIAN_POINT ( 'NONE',  ( -2.799999999999998934, -24.00000000000000355, 17.09999999999999787 ) ) ;
#1986 = CARTESIAN_POINT ( 'NONE',  ( 25.80000000000000071, -17.60000000000000497, -13.59999999999999787 ) ) ;
#1987 = CARTESIAN_POINT ( 'NONE',  ( 23.00000000000000000, -9.592149841619608708, -6.950833218564932636 ) ) ;
#1988 = CARTESIAN_POINT ( 'NONE',  ( 23.00000000000000000, 14.60000000000000497, -16.59999999999999787 ) ) ;
#1989 = DIRECTION ( 'NONE',  ( 0.000000000000000000, -1.000000000000000000, 0.000000000000000000 ) ) ;
#1990 = AXIS2_PLACEMENT_3D ( 'NONE', #1985, #5115, #7586 ) ;
#1991 = EDGE_CURVE ( 'NONE', #3325, #6789, #5667, .T. ) ;
#1992 = AXIS2_PLACEMENT_3D ( 'NONE', #6990, #5745, #7024 ) ;
#1993 = CIRCLE ( 'NONE', #5155, 10.49999999999999645 ) ;
#1994 = ORIENTED_EDGE ( 'NONE', *, *, #7619, .F. ) ;
#1995 = ORIENTED_EDGE ( 'NONE', *, *, #4394, .F. ) ;
#1996 = CARTESIAN_POINT ( 'NONE',  ( -1.000000000000000444, -21.80606897707942693, 17.10000000000000142 ) ) ;
#1997 = CARTESIAN_POINT ( 'NONE',  ( 25.77955805572925740, -2.665268862803998218, -16.14882173056991022 ) ) ;
#1998 =( NAMED_UNIT ( * ) SI_UNIT ( $, .STERADIAN. ) SOLID_ANGLE_UNIT ( ) );
#1999 = DIRECTION ( 'NONE',  ( 0.000000000000000000, -3.435095992033280975E-16, 1.000000000000000000 ) ) ;
#2000 = CARTESIAN_POINT ( 'NONE',  ( 23.00000000000000000, 20.10000000000000142, -19.79289321881345032 ) ) ;
#2001 = VECTOR ( 'NONE', #6242, 1000.000000000000114 ) ;
#2002 = ORIENTED_EDGE ( 'NONE', *, *, #6668, .T. ) ;
#2003 = AXIS2_PLACEMENT_3D ( 'NONE', #6802, #3788, #2045 ) ;
#2004 = EDGE_LOOP ( 'NONE', ( #4319, #2812, #1863, #5886 ) ) ;
#2005 = DIRECTION ( 'NONE',  ( 0.000000000000000000, 6.938893903907229364E-16, -1.000000000000000000 ) ) ;
#2006 = CARTESIAN_POINT ( 'NONE',  ( 5.011337714129641796, -22.89999999999999858, -8.017366106130193515 ) ) ;
#2007 = AXIS2_PLACEMENT_3D ( 'NONE', #673, #4922, #2497 ) ;
#2008 = DIRECTION ( 'NONE',  ( 0.000000000000000000, 1.000000000000000000, 0.000000000000000000 ) ) ;
#2009 = CARTESIAN_POINT ( 'NONE',  ( 4.900000000000001243, 23.59999999999999787, -1.249999999999996225 ) ) ;
#2010 = CARTESIAN_POINT ( 'NONE',  ( 25.80000000000000071, 14.60000000000000320, -8.152690094265439669 ) ) ;
#2011 = VECTOR ( 'NONE', #7551, 1000.000000000000000 ) ;
#2012 = CARTESIAN_POINT ( 'NONE',  ( 12.90000000000000746, -34.39999999999999858, -12.39999999999999858 ) ) ;
#2013 = CIRCLE ( 'NONE', #620, 10.99999999999999822 ) ;
#2014 = ORIENTED_EDGE ( 'NONE', *, *, #3602, .T. ) ;
#2015 = LINE ( 'NONE', #1853, #4915 ) ;
#2016 = LINE ( 'NONE', #3389, #7425 ) ;
#2017 = CARTESIAN_POINT ( 'NONE',  ( 25.71856424408348119, 23.51856424408250845, -16.87410758804560018 ) ) ;
#2018 = LINE ( 'NONE', #3956, #474 ) ;
#2019 = CARTESIAN_POINT ( 'NONE',  ( 30.20000000000000284, -3.766896785601943786E-15, 17.10000000000000497 ) ) ;
#2020 = ADVANCED_FACE ( 'NONE', ( #6260 ), #3253, .T. ) ;
#2021 = VECTOR ( 'NONE', #6241, 1000.000000000000000 ) ;
#2022 = CARTESIAN_POINT ( 'NONE',  ( -5.599999999999998757, -25.61658075373095755, 19.59999999999999787 ) ) ;
#2023 = VERTEX_POINT ( 'NONE', #3885 ) ;
#2024 = B_SPLINE_CURVE_WITH_KNOTS ( 'NONE', 3,
 ( #2572, #7301, #3766, #4991, #6664, #2496, #1795, #2537 ),
 .UNSPECIFIED., .F., .F.,
 ( 4, 2, 2, 4 ),
 ( -1.549194287296503517E-05, 0.001826644188141053182, 0.002747712253648057663, 0.003668780319155061712 ),
 .UNSPECIFIED. ) ;
#2025 = ORIENTED_EDGE ( 'NONE', *, *, #387, .F. ) ;
#2026 = PRODUCT_DEFINITION_SHAPE ( 'NONE', 'NONE',  #7387 ) ;
#2027 = ORIENTED_EDGE ( 'NONE', *, *, #1023, .F. ) ;
#2028 = DIRECTION ( 'NONE',  ( -1.000000000000000000, 0.000000000000000000, 0.000000000000000000 ) ) ;
#2029 = CARTESIAN_POINT ( 'NONE',  ( 32.60000000000000142, -24.00000000000000355, 17.09999999999999787 ) ) ;
#2030 = EDGE_CURVE ( 'NONE', #5832, #3901, #6308, .T. ) ;
#2031 = LINE ( 'NONE', #5117, #6696 ) ;
#2032 = DIRECTION ( 'NONE',  ( 0.000000000000000000, 0.000000000000000000, -1.000000000000000000 ) ) ;
#2033 = EDGE_CURVE ( 'NONE', #2728, #2793, #815, .T. ) ;
#2034 = CARTESIAN_POINT ( 'NONE',  ( -2.800000000000001155, 3.233161507461901341, 17.10000000000000497 ) ) ;
#2035 = ORIENTED_EDGE ( 'NONE', *, *, #3888, .F. ) ;
#2036 = ORIENTED_EDGE ( 'NONE', *, *, #5225, .F. ) ;
#2037 = ORIENTED_EDGE ( 'NONE', *, *, #7092, .T. ) ;
#2038 = FACE_OUTER_BOUND ( 'NONE', #6469, .T. ) ;
#2039 = CARTESIAN_POINT ( 'NONE',  ( 4.819113577376431756, -22.89999999999999858, -8.079295918946600707 ) ) ;
#2040 = ADVANCED_FACE ( 'NONE', ( #3797, #6095 ), #3167, .T. ) ;
#2041 = DIRECTION ( 'NONE',  ( -1.000000000000000000, 0.000000000000000000, 0.000000000000000000 ) ) ;
#2042 = CARTESIAN_POINT ( 'NONE',  ( 15.30181466606485152, 23.60000000000513865, -15.00181466606484904 ) ) ;
#2043 = EDGE_LOOP ( 'NONE', ( #7499, #1108, #2495, #6047 ) ) ;
#2044 = ORIENTED_EDGE ( 'NONE', *, *, #714, .F. ) ;
#2045 = DIRECTION ( 'NONE',  ( 0.000000000000000000, -1.156482317317871725E-15, 1.000000000000000000 ) ) ;
#2046 = ADVANCED_FACE ( 'NONE', ( #4430 ), #862, .F. ) ;
#2047 = CARTESIAN_POINT ( 'NONE',  ( 23.00000000000000000, -3.498314677414611218, -15.36032574516783100 ) ) ;
#2048 = CARTESIAN_POINT ( 'NONE',  ( 12.90000000000000746, -34.39999999999999858, -11.89999999999999680 ) ) ;
#2049 = LINE ( 'NONE', #263, #5668 ) ;
#2050 = DIRECTION ( 'NONE',  ( 0.000000000000000000, 0.9998374676887846757, -0.01802881598104356942 ) ) ;
#2051 = CARTESIAN_POINT ( 'NONE',  ( 0.000000000000000000, 15.44623922359338763, 5.894800647005511429 ) ) ;
#2052 = EDGE_LOOP ( 'NONE', ( #431, #1002 ) ) ;
#2053 = PLANE ( 'NONE',  #7332 ) ;
#2054 = CARTESIAN_POINT ( 'NONE',  ( 13.90000000000000036, 27.60000000000000142, -14.09999999999999964 ) ) ;
#2055 = CARTESIAN_POINT ( 'NONE',  ( 0.04819387696330479365, 2.101627676402842759, -16.42449347590326880 ) ) ;
#2056 = CARTESIAN_POINT ( 'NONE',  ( 10.90000000000000391, 24.10000000000000497, -14.59999999999999964 ) ) ;
#2057 = ORIENTED_EDGE ( 'NONE', *, *, #144, .T. ) ;
#2058 = CARTESIAN_POINT ( 'NONE',  ( 13.69289321881345600, 27.10000000000000142, -14.09999999999999964 ) ) ;
#2059 = ORIENTED_EDGE ( 'NONE', *, *, #6085, .T. ) ;
#2060 = ORIENTED_EDGE ( 'NONE', *, *, #3951, .T. ) ;
#2061 = EDGE_CURVE ( 'NONE', #4086, #6651, #2015, .T. ) ;
#2062 = ORIENTED_EDGE ( 'NONE', *, *, #2990, .T. ) ;
#2063 = CARTESIAN_POINT ( 'NONE',  ( 22.50000000000000000, -21.40000000000000568, -11.89999999999999680 ) ) ;
#2064 = CARTESIAN_POINT ( 'NONE',  ( 20.11209384818488388, -22.89999999999999858, -7.430968810814753134 ) ) ;
#2065 = CARTESIAN_POINT ( 'NONE',  ( 28.60000000000000142, 3.233161507461900896, 19.60000000000000142 ) ) ;
#2066 = LINE ( 'NONE', #5893, #2982 ) ;
#2067 = CARTESIAN_POINT ( 'NONE',  ( 25.72820323027551126, 1.069065149083006983, -16.60000000000000142 ) ) ;
#2068 = ORIENTED_EDGE ( 'NONE', *, *, #4394, .T. ) ;
#2069 = ADVANCED_FACE ( 'NONE', ( #3235 ), #781, .T. ) ;
#2070 = ORIENTED_EDGE ( 'NONE', *, *, #1874, .T. ) ;
#2071 = ORIENTED_EDGE ( 'NONE', *, *, #5421, .T. ) ;
#2072 = ADVANCED_FACE ( 'NONE', ( #2597 ), #1900, .F. ) ;
#2073 = CARTESIAN_POINT ( 'NONE',  ( 25.80000000000000071, -17.60000000000000497, -11.15269009426543789 ) ) ;
#2074 = CARTESIAN_POINT ( 'NONE',  ( 5.811825726403751169, -25.98823529411764000, -11.89999999999999680 ) ) ;
#2075 = FACE_OUTER_BOUND ( 'NONE', #403, .T. ) ;
#2076 = CARTESIAN_POINT ( 'NONE',  ( 14.40000000003271019, 24.03453835922320181, -14.60000000000000142 ) ) ;
#2077 = VERTEX_POINT ( 'NONE', #64 ) ;
#2078 = EDGE_CURVE ( 'NONE', #4220, #6304, #6247, .T. ) ;
#2079 = ORIENTED_EDGE ( 'NONE', *, *, #6347, .T. ) ;
#2080 = DIRECTION ( 'NONE',  ( -0.000000000000000000, 0.000000000000000000, 1.000000000000000000 ) ) ;
#2081 = CARTESIAN_POINT ( 'NONE',  ( 2.800000000000003819, -20.90000000000000568, -11.89999999999999680 ) ) ;
#2082 = DIRECTION ( 'NONE',  ( 0.000000000000000000, 0.000000000000000000, 1.000000000000000000 ) ) ;
#2083 = DIRECTION ( 'NONE',  ( -0.8660254037844389297, 0.4999999999999995559, 0.000000000000000000 ) ) ;
#2084 = DIRECTION ( 'NONE',  ( 0.000000000000000000, -1.000000000000000000, -1.535153518563546330E-16 ) ) ;
#2085 = EDGE_CURVE ( 'NONE', #5131, #3979, #4536, .T. ) ;
#2086 = ORIENTED_EDGE ( 'NONE', *, *, #1294, .T. ) ;
#2087 = CARTESIAN_POINT ( 'NONE',  ( -6.000000000000000000, 9.474175425861606215, 22.60000000000000142 ) ) ;
#2088 = CARTESIAN_POINT ( 'NONE',  ( 0.000000000000000000, -17.60000000000000142, 3.678449780384555972E-15 ) ) ;
#2089 = CARTESIAN_POINT ( 'NONE',  ( 25.41471785934874461, 23.21471785934971166, -18.05529974180455710 ) ) ;
#2090 = CARTESIAN_POINT ( 'NONE',  ( 14.40000000000000391, 24.10000000000000497, -14.09999999999999964 ) ) ;
#2091 = LINE ( 'NONE', #7376, #6853 ) ;
#2092 = ORIENTED_EDGE ( 'NONE', *, *, #2751, .T. ) ;
#2093 = CARTESIAN_POINT ( 'NONE',  ( -2.799999999999998934, -24.00000000000000355, 22.59999999999999787 ) ) ;
#2094 = ORIENTED_EDGE ( 'NONE', *, *, #1924, .T. ) ;
#2095 = ORIENTED_EDGE ( 'NONE', *, *, #5585, .F. ) ;
#2096 = ORIENTED_EDGE ( 'NONE', *, *, #7754, .F. ) ;
#2097 = FACE_OUTER_BOUND ( 'NONE', #7781, .T. ) ;
#2098 = CARTESIAN_POINT ( 'NONE',  ( -2.799999999999998934, -23.90000000000000568, 16.09999999999999787 ) ) ;
#2099 = VECTOR ( 'NONE', #7006, 1000.000000000000000 ) ;
#2100 = CYLINDRICAL_SURFACE ( 'NONE', #5048, 7.600000000000004086 ) ;
#2101 = CARTESIAN_POINT ( 'NONE',  ( 25.75188498410798132, 11.79224161209682897, -16.42384047587108498 ) ) ;
#2102 = CYLINDRICAL_SURFACE ( 'NONE', #3257, 1.750000000000001554 ) ;
#2103 = AXIS2_PLACEMENT_3D ( 'NONE', #4291, #6675, #765 ) ;
#2104 = ORIENTED_EDGE ( 'NONE', *, *, #7513, .T. ) ;
#2105 = AXIS2_PLACEMENT_3D ( 'NONE', #3061, #6666, #6030 ) ;
#2106 = ORIENTED_EDGE ( 'NONE', *, *, #4798, .T. ) ;
#2107 = EDGE_LOOP ( 'NONE', ( #6420, #6881, #6221, #7639 ) ) ;
#2108 = DIRECTION ( 'NONE',  ( 0.000000000000000000, 1.000000000000000000, 0.000000000000000000 ) ) ;
#2109 = CARTESIAN_POINT ( 'NONE',  ( 23.00000000000000000, 12.82658702483003488, -13.59999999999999964 ) ) ;
#2110 = AXIS2_PLACEMENT_3D ( 'NONE', #156, #4206, #6628 ) ;
#2111 = CARTESIAN_POINT ( 'NONE',  ( 36.00000000000000711, -17.59999999999999787, 14.82720000870367372 ) ) ;
#2112 = EDGE_CURVE ( 'NONE', #3056, #5550, #2132, .T. ) ;
#2113 = AXIS2_PLACEMENT_3D ( 'NONE', #5432, #4201, #4164 ) ;
#2114 = DIRECTION ( 'NONE',  ( 0.000000000000000000, -6.938893903907229364E-16, 1.000000000000000000 ) ) ;
#2115 = CIRCLE ( 'NONE', #6419, 10.10000000000000142 ) ;
#2116 = EDGE_CURVE ( 'NONE', #6485, #7766, #7450, .T. ) ;
#2117 = ORIENTED_EDGE ( 'NONE', *, *, #5308, .T. ) ;
#2118 = VECTOR ( 'NONE', #5984, 1000.000000000000000 ) ;
#2119 = ORIENTED_EDGE ( 'NONE', *, *, #2428, .T. ) ;
#2120 = AXIS2_PLACEMENT_3D ( 'NONE', #5599, #1368, #1442 ) ;
#2121 = CARTESIAN_POINT ( 'NONE',  ( 23.00000000000000000, -17.60000000000000497, -13.59999999999999787 ) ) ;
#2122 = DIRECTION ( 'NONE',  ( -0.000000000000000000, 0.000000000000000000, 1.000000000000000000 ) ) ;
#2123 = LINE ( 'NONE', #5248, #5687 ) ;
#2124 = CARTESIAN_POINT ( 'NONE',  ( 14.75355339059327875, 26.74644660940672480, -10.10000000000000142 ) ) ;
#2125 = DIRECTION ( 'NONE',  ( 0.000000000000000000, 0.000000000000000000, 1.000000000000000000 ) ) ;
#2126 = EDGE_CURVE ( 'NONE', #421, #3820, #5572, .T. ) ;
#2127 = DIRECTION ( 'NONE',  ( -0.000000000000000000, -0.000000000000000000, -1.000000000000000000 ) ) ;
#2128 = EDGE_CURVE ( 'NONE', #2711, #2289, #614, .T. ) ;
#2129 = ORIENTED_EDGE ( 'NONE', *, *, #3139, .T. ) ;
#2130 = DIRECTION ( 'NONE',  ( 1.000000000000000000, 0.000000000000000000, 0.000000000000000000 ) ) ;
#2131 = PERSON ( '未指定', '未指定', '未指定', ('未指定'), ('未指定'), ('未指定') ) ;
#2132 = CIRCLE ( 'NONE', #4157, 0.5000000000000004441 ) ;
#2133 = CIRCLE ( 'NONE', #236, 1.100000000000000089 ) ;
#2134 = CARTESIAN_POINT ( 'NONE',  ( 11.40000000000000391, 26.39289321881345529, -14.59999999999999964 ) ) ;
#2135 = DIRECTION ( 'NONE',  ( 0.000000000000000000, 1.000000000000000000, 0.000000000000000000 ) ) ;
#2136 = DIRECTION ( 'NONE',  ( -1.000000000000000000, -6.938893903907222067E-15, 0.000000000000000000 ) ) ;
#2137 = EDGE_CURVE ( 'NONE', #5636, #1831, #3079, .T. ) ;
#2138 = ORIENTED_EDGE ( 'NONE', *, *, #7457, .F. ) ;
#2139 = AXIS2_PLACEMENT_3D ( 'NONE', #7759, #569, #500 ) ;
#2140 = ORIENTED_EDGE ( 'NONE', *, *, #4114, .F. ) ;
#2141 = AXIS2_PLACEMENT_3D ( 'NONE', #5483, #1256, #6532 ) ;
#2142 = ORIENTED_EDGE ( 'NONE', *, *, #6633, .F. ) ;
#2143 = VERTEX_POINT ( 'NONE', #2483 ) ;
#2144 = TOROIDAL_SURFACE ( 'NONE', #748, 8.100000000000006750, 0.5000000000000000000 ) ;
#2145 = DIRECTION ( 'NONE',  ( 0.000000000000000000, 0.000000000000000000, 1.000000000000000000 ) ) ;
#2146 = CARTESIAN_POINT ( 'NONE',  ( 11.40000000000000391, 26.39289321881345529, -9.600000000000001421 ) ) ;
#2147 = ADVANCED_FACE ( 'NONE', ( #6169 ), #694, .F. ) ;
#2148 = VECTOR ( 'NONE', #3196, 1000.000000000000000 ) ;
#2149 = CARTESIAN_POINT ( 'NONE',  ( 25.77005035456461357, 11.40956681945184492, -16.25254579669418575 ) ) ;
#2150 = DIRECTION ( 'NONE',  ( 0.000000000000000000, 0.000000000000000000, 1.000000000000000000 ) ) ;
#2151 = EDGE_CURVE ( 'NONE', #3942, #6363, #3709, .T. ) ;
#2152 = ORIENTED_EDGE ( 'NONE', *, *, #4972, .T. ) ;
#2153 = LOCAL_TIME ( 15, 44, 4.000000000000000000, #4328 ) ;
#2154 = ORIENTED_EDGE ( 'NONE', *, *, #3145, .F. ) ;
#2155 = ORIENTED_EDGE ( 'NONE', *, *, #6975, .T. ) ;
#2156 = DIRECTION ( 'NONE',  ( 0.000000000000000000, 1.515042337097648137E-16, -1.000000000000000000 ) ) ;
#2157 = DIRECTION ( 'NONE',  ( 0.000000000000000000, 0.000000000000000000, 1.000000000000000000 ) ) ;
#2158 = PLANE ( 'NONE',  #7436 ) ;
#2159 = LINE ( 'NONE', #327, #6920 ) ;
#2160 = ORIENTED_EDGE ( 'NONE', *, *, #6629, .F. ) ;
#2161 = EDGE_CURVE ( 'NONE', #3515, #7213, #6819, .T. ) ;
#2162 = ORIENTED_EDGE ( 'NONE', *, *, #7105, .F. ) ;
#2163 = DIRECTION ( 'NONE',  ( 0.000000000000000000, 0.8097498427772018559, -0.5867752483892764159 ) ) ;
#2164 = CARTESIAN_POINT ( 'NONE',  ( 12.90000000000000036, 20.09999999999999787, -17.49999999999999645 ) ) ;
#2165 = CARTESIAN_POINT ( 'NONE',  ( 23.00000000000000000, -1.069065149083005428, -16.60000000000000142 ) ) ;
#2166 = CARTESIAN_POINT ( 'NONE',  ( 2.799999999999999822, -3.338714168256810878E-15, -16.60000000000000142 ) ) ;
#2167 = FACE_OUTER_BOUND ( 'NONE', #6246, .T. ) ;
#2168 = DIRECTION ( 'NONE',  ( 0.000000000000000000, -0.000000000000000000, -1.000000000000000000 ) ) ;
#2169 = PLANE ( 'NONE',  #6663 ) ;
#2170 = B_SPLINE_CURVE_WITH_KNOTS ( 'NONE', 3,
 ( #4507, #2723, #230, #3239, #2055, #6295, #746, #3171, #2602, #6894 ),
 .UNSPECIFIED., .F., .F.,
 ( 4, 2, 2, 2, 4 ),
 ( 0.000000000000000000, 0.0006271728830658824128, 0.001254345766131764826, 0.001881518649197647238, 0.002508691532263529651 ),
 .UNSPECIFIED. ) ;
#2171 = CIRCLE ( 'NONE', #5460, 6.000000000000000000 ) ;
#2172 = VERTEX_POINT ( 'NONE', #742 ) ;
#2173 = EDGE_CURVE ( 'NONE', #7789, #2621, #1633, .T. ) ;
#2174 = DIRECTION ( 'NONE',  ( 0.000000000000000000, 0.000000000000000000, -1.000000000000000000 ) ) ;
#2175 = CARTESIAN_POINT ( 'NONE',  ( 12.90000000000000036, 23.59839267260704787, -15.74999999999999645 ) ) ;
#2176 = FACE_OUTER_BOUND ( 'NONE', #1823, .T. ) ;
#2177 = CARTESIAN_POINT ( 'NONE',  ( 23.00000000000000000, 20.09999999999999787, -19.99999999999999645 ) ) ;
#2178 = ADVANCED_FACE ( 'NONE', ( #1537 ), #225, .F. ) ;
#2179 = DIRECTION ( 'NONE',  ( 1.000000000000000000, -0.000000000000000000, -0.000000000000000000 ) ) ;
#2180 = EDGE_LOOP ( 'NONE', ( #5792, #2436, #1875, #882 ) ) ;
#2181 = CARTESIAN_POINT ( 'NONE',  ( 12.90000000000000746, -34.39999999999999858, -11.89999999999999680 ) ) ;
#2182 = ORIENTED_EDGE ( 'NONE', *, *, #428, .T. ) ;
#2183 = EDGE_CURVE ( 'NONE', #5279, #276, #7530, .T. ) ;
#2184 = EDGE_LOOP ( 'NONE', ( #4954, #2725, #5553, #4440 ) ) ;
#2185 = DIRECTION ( 'NONE',  ( -1.000000000000000000, -0.000000000000000000, -0.000000000000000000 ) ) ;
#2186 = DIRECTION ( 'NONE',  ( 0.000000000000000000, 0.000000000000000000, -1.000000000000000000 ) ) ;
#2187 = CARTESIAN_POINT ( 'NONE',  ( 28.60000000000000142, -3.766896785601943786E-15, 22.60000000000000142 ) ) ;
#2188 = ORIENTED_EDGE ( 'NONE', *, *, #6707, .T. ) ;
#2189 = EDGE_LOOP ( 'NONE', ( #7288, #7343, #6502, #3217 ) ) ;
#2190 = EDGE_CURVE ( 'NONE', #5349, #1674, #7078, .T. ) ;
#2191 = EDGE_LOOP ( 'NONE', ( #2730, #1406, #462, #4103 ) ) ;
#2192 = ORIENTED_EDGE ( 'NONE', *, *, #4165, .T. ) ;
#2193 = FACE_OUTER_BOUND ( 'NONE', #4438, .T. ) ;
#2194 = LINE ( 'NONE', #840, #737 ) ;
#2195 = DIRECTION ( 'NONE',  ( 0.000000000000000000, 1.000000000000000000, 1.535153518563546084E-16 ) ) ;
#2196 = CYLINDRICAL_SURFACE ( 'NONE', #707, 1.100000000000000311 ) ;
#2197 = VERTEX_POINT ( 'NONE', #3953 ) ;
#2198 = ORIENTED_EDGE ( 'NONE', *, *, #6395, .T. ) ;
#2199 = DIRECTION ( 'NONE',  ( 0.000000000000000000, -0.5867752483892765270, 0.8097498427772016338 ) ) ;
#2200 = CARTESIAN_POINT ( 'NONE',  ( 4.900000000000001243, 22.09999999999999787, 0.5000000000000036637 ) ) ;
#2201 = CARTESIAN_POINT ( 'NONE',  ( 6.134015466112673565, -26.37058823529410745, -11.89999999999999680 ) ) ;
#2202 = CARTESIAN_POINT ( 'NONE',  ( 20.89999999999999858, 20.09999999999999787, -0.5999999999999966471 ) ) ;
#2203 = CARTESIAN_POINT ( 'NONE',  ( 15.03525878931512594, 23.72374341182808877, -9.464741210684724848 ) ) ;
#2204 = CARTESIAN_POINT ( 'NONE',  ( 25.80000000000000071, 15.95493555293155730, 1.829811063045556407 ) ) ;
#2205 = CARTESIAN_POINT ( 'NONE',  ( 31.39999999999999858, 1.616580753730949782, 19.60000000000000142 ) ) ;
#2206 = EDGE_CURVE ( 'NONE', #239, #4785, #1248, .T. ) ;
#2207 = ORIENTED_EDGE ( 'NONE', *, *, #2549, .T. ) ;
#2208 = CARTESIAN_POINT ( 'NONE',  ( 25.80000000000000071, 12.17075047166839852, -9.392364349097610088 ) ) ;
#2209 = CARTESIAN_POINT ( 'NONE',  ( 28.60000000000000142, -24.00000000000000355, 17.09999999999999787 ) ) ;
#2210 = FACE_OUTER_BOUND ( 'NONE', #4450, .T. ) ;
#2211 = CARTESIAN_POINT ( 'NONE',  ( 2.299999999999999822, -22.89999999999999503, -19.49999999999999645 ) ) ;
#2212 = CYLINDRICAL_SURFACE ( 'NONE', #547, 10.99999999999999822 ) ;
#2213 = ADVANCED_FACE ( 'NONE', ( #2719 ), #3280, .T. ) ;
#2214 = ORIENTED_EDGE ( 'NONE', *, *, #3576, .F. ) ;
#2215 = AXIS2_PLACEMENT_3D ( 'NONE', #3561, #3671, #7771 ) ;
#2216 = EDGE_CURVE ( 'NONE', #1831, #1303, #7214, .T. ) ;
#2217 = VERTEX_POINT ( 'NONE', #5068 ) ;
#2218 = CARTESIAN_POINT ( 'NONE',  ( 10.90000000000000391, 27.60000000000000142, -14.09999999999999964 ) ) ;
#2219 = CARTESIAN_POINT ( 'NONE',  ( 25.80000000000000071, -12.82658702483003488, -13.59999999999999787 ) ) ;
#2220 = FACE_BOUND ( 'NONE', #4825, .T. ) ;
#2221 = CIRCLE ( 'NONE', #5134, 0.5000000000000004441 ) ;
#2222 = ADVANCED_FACE ( 'NONE', ( #1026 ), #2053, .T. ) ;
#2223 = CARTESIAN_POINT ( 'NONE',  ( 23.00000000000000000, 20.09999999999999787, -19.99999999999999645 ) ) ;
#2224 = ORIENTED_EDGE ( 'NONE', *, *, #2085, .F. ) ;
#2225 = ORIENTED_EDGE ( 'NONE', *, *, #4883, .T. ) ;
#2226 = AXIS2_PLACEMENT_3D ( 'NONE', #3168, #6400, #4344 ) ;
#2227 = ORIENTED_EDGE ( 'NONE', *, *, #20, .T. ) ;
#2228 = EDGE_LOOP ( 'NONE', ( #4475, #201, #286, #1636 ) ) ;
#2229 = B_SPLINE_CURVE_WITH_KNOTS ( 'NONE', 3,
 ( #2318, #4779, #7837, #3585, #1772, #4251, #7274, #612, #1725, #7242 ),
 .UNSPECIFIED., .F., .F.,
 ( 4, 2, 2, 2, 4 ),
 ( 0.000000000000000000, 0.0006271788835725761527, 0.001254357767145152305, 0.001881536650717728458, 0.002508715534290304611 ),
 .UNSPECIFIED. ) ;
#2230 = AXIS2_PLACEMENT_3D ( 'NONE', #6712, #4445, #4923 ) ;
#2231 = DIRECTION ( 'NONE',  ( 1.000000000000000000, -0.000000000000000000, 0.000000000000000000 ) ) ;
#2232 = CARTESIAN_POINT ( 'NONE',  ( 25.80000000000000071, 14.60000000000000320, -11.15269009426543967 ) ) ;
#2233 = DIRECTION ( 'NONE',  ( -1.000000000000000000, 0.000000000000000000, 0.000000000000000000 ) ) ;
#2234 = EDGE_CURVE ( 'NONE', #4641, #3820, #1881, .T. ) ;
#2235 = DIRECTION ( 'NONE',  ( -1.000000000000000000, 0.000000000000000000, 0.000000000000000000 ) ) ;
#2236 = VECTOR ( 'NONE', #4885, 1000.000000000000000 ) ;
#2237 = CIRCLE ( 'NONE', #1336, 1.100000000000000311 ) ;
#2238 = ORIENTED_EDGE ( 'NONE', *, *, #7350, .T. ) ;
#2239 = VERTEX_POINT ( 'NONE', #6291 ) ;
#2240 = CARTESIAN_POINT ( 'NONE',  ( 3.835775391696429892, 21.87370768050585923, -20.22578725610580719 ) ) ;
#2241 = DIRECTION ( 'NONE',  ( -0.000000000000000000, -1.000000000000000000, -1.535153518563546084E-16 ) ) ;
#2242 = CARTESIAN_POINT ( 'NONE',  ( 2.800000000000002043, 20.09999999999999787, 9.680000000000003268 ) ) ;
#2243 = AXIS2_PLACEMENT_3D ( 'NONE', #683, #3734, #5516 ) ;
#2244 = LINE ( 'NONE', #6921, #120 ) ;
#2245 = CIRCLE ( 'NONE', #6670, 2.999999999999999112 ) ;
#2246 = LINE ( 'NONE', #7087, #856 ) ;
#2247 = LINE ( 'NONE', #419, #956 ) ;
#2248 = CARTESIAN_POINT ( 'NONE',  ( 25.80000000000000071, -14.60000000000000497, -16.59999999999999787 ) ) ;
#2249 = VECTOR ( 'NONE', #2891, 1000.000000000000000 ) ;
#2250 = CIRCLE ( 'NONE', #7062, 2.999999999999999112 ) ;
#2251 = ORIENTED_EDGE ( 'NONE', *, *, #640, .F. ) ;
#2252 = ORIENTED_EDGE ( 'NONE', *, *, #6043, .T. ) ;
#2253 = CARTESIAN_POINT ( 'NONE',  ( 14.41868396943478459, 23.02064290704410254, -18.39686981307874092 ) ) ;
#2254 = LINE ( 'NONE', #3442, #6577 ) ;
#2255 = CARTESIAN_POINT ( 'NONE',  ( 2.420649985424755624, -22.89999999999999503, -19.62064878148198233 ) ) ;
#2256 = CARTESIAN_POINT ( 'NONE',  ( 23.00000000000000000, -14.60000000000000497, -16.59999999999999787 ) ) ;
#2257 = CIRCLE ( 'NONE', #2628, 1.099999999999999867 ) ;
#2258 = ORIENTED_EDGE ( 'NONE', *, *, #1405, .F. ) ;
#2259 = EDGE_CURVE ( 'NONE', #5793, #5597, #6452, .T. ) ;
#2260 = ORIENTED_EDGE ( 'NONE', *, *, #6591, .F. ) ;
#2261 = CARTESIAN_POINT ( 'NONE',  ( 23.00000000000000000, 3.913850194456000686, 11.60000000000000497 ) ) ;
#2262 = CARTESIAN_POINT ( 'NONE',  ( 21.11583836257748814, -22.89999999999999858, -8.199999999999999289 ) ) ;
#2263 = CIRCLE ( 'NONE', #4037, 1.000000000000000000 ) ;
#2264 = DIRECTION ( 'NONE',  ( 0.000000000000000000, 0.5867752483892765270, 0.8097498427772016338 ) ) ;
#2265 = EDGE_LOOP ( 'NONE', ( #6797, #6873, #2964, #7522, #7371 ) ) ;
#2266 = ORIENTED_EDGE ( 'NONE', *, *, #1701, .F. ) ;
#2267 = AXIS2_PLACEMENT_3D ( 'NONE', #5809, #4614, #5177 ) ;
#2268 = VERTEX_POINT ( 'NONE', #6461 ) ;
#2269 = EDGE_CURVE ( 'NONE', #2429, #703, #7714, .T. ) ;
#2270 = ORIENTED_EDGE ( 'NONE', *, *, #3716, .F. ) ;
#2271 = VECTOR ( 'NONE', #7337, 1000.000000000000000 ) ;
#2272 = CARTESIAN_POINT ( 'NONE',  ( 10.40000000000000213, 23.59999999999999787, 3.622962303809968206E-15 ) ) ;
#2273 = CARTESIAN_POINT ( 'NONE',  ( 0.005273515166069297523, -3.008329558704197826, -15.89847398855419947 ) ) ;
#2274 = ADVANCED_FACE ( 'NONE', ( #985 ), #5188, .T. ) ;
#2275 = CARTESIAN_POINT ( 'NONE',  ( 21.00000000000001066, -34.39999999999999858, -7.699999999999998401 ) ) ;
#2276 = CARTESIAN_POINT ( 'NONE',  ( 21.11583836257748814, -22.39999999999999503, -12.39999999999999858 ) ) ;
#2277 = AXIS2_PLACEMENT_3D ( 'NONE', #1203, #4183, #4735 ) ;
#2278 = ORIENTED_EDGE ( 'NONE', *, *, #1659, .F. ) ;
#2279 = EDGE_CURVE ( 'NONE', #3665, #4059, #5141, .T. ) ;
#2280 = ORIENTED_EDGE ( 'NONE', *, *, #2183, .T. ) ;
#2281 = CARTESIAN_POINT ( 'NONE',  ( 0.9251788086730972083, 20.24489271479597718, -19.10805472180754805 ) ) ;
#2282 = CARTESIAN_POINT ( 'NONE',  ( 10.53092328659078625, 23.60000000000000142, -15.03453835670436689 ) ) ;
#2283 = DIRECTION ( 'NONE',  ( 1.000000000000000000, 0.000000000000000000, 0.000000000000000000 ) ) ;
#2284 = LOCAL_TIME ( 15, 44, 4.000000000000000000, #2509 ) ;
#2285 = CARTESIAN_POINT ( 'NONE',  ( 31.39999999999999858, -1.616580753730956888, 19.60000000000000142 ) ) ;
#2286 = DIRECTION ( 'NONE',  ( 1.000000000000000000, 0.000000000000000000, 0.000000000000000000 ) ) ;
#2287 = CYLINDRICAL_SURFACE ( 'NONE', #7673, 0.4999999999999994449 ) ;
#2288 = LINE ( 'NONE', #3510, #4123 ) ;
#2289 = VERTEX_POINT ( 'NONE', #2804 ) ;
#2290 = ORIENTED_EDGE ( 'NONE', *, *, #2367, .F. ) ;
#2291 = EDGE_CURVE ( 'NONE', #1861, #3573, #4042, .T. ) ;
#2292 = EDGE_LOOP ( 'NONE', ( #6540, #4457 ) ) ;
#2293 = DIRECTION ( 'NONE',  ( -0.7071067811865457964, 0.7071067811865492381, -0.000000000000000000 ) ) ;
#2294 = CARTESIAN_POINT ( 'NONE',  ( 0.000000000000000000, -22.89999999999999503, -15.60000000000000675 ) ) ;
#2295 = CARTESIAN_POINT ( 'NONE',  ( 23.00000000000000000, -21.40000000000000568, -12.89999999999999858 ) ) ;
#2296 = CARTESIAN_POINT ( 'NONE',  ( 2.799999999999997158, -17.59999999999999787, 9.736228481429796133 ) ) ;
#2297 = EDGE_LOOP ( 'NONE', ( #29, #3308, #706 ) ) ;
#2298 = ORIENTED_EDGE ( 'NONE', *, *, #5756, .T. ) ;
#2299 = FACE_OUTER_BOUND ( 'NONE', #2611, .T. ) ;
#2300 = CARTESIAN_POINT ( 'NONE',  ( 22.50000000000000000, -21.40000000000000568, -12.39999999999999858 ) ) ;
#2301 = CARTESIAN_POINT ( 'NONE',  ( 0.02044194427075640003, -16.19620371372075596, -16.14882173057005232 ) ) ;
#2302 = EDGE_CURVE ( 'NONE', #873, #4331, #5221, .T. ) ;
#2303 = ORIENTED_EDGE ( 'NONE', *, *, #6975, .F. ) ;
#2304 = VERTEX_POINT ( 'NONE', #6336 ) ;
#2305 = VERTEX_POINT ( 'NONE', #5729 ) ;
#2306 = EDGE_LOOP ( 'NONE', ( #7344, #3482, #406, #3579 ) ) ;
#2307 = FACE_OUTER_BOUND ( 'NONE', #2189, .T. ) ;
#2308 = CARTESIAN_POINT ( 'NONE',  ( 0.07179676972448888195, -1.281157823540574503, -16.60000000000000497 ) ) ;
#2309 = PLANE ( 'NONE',  #5397 ) ;
#2310 = DIRECTION ( 'NONE',  ( 0.000000000000000000, 0.000000000000000000, -1.000000000000000000 ) ) ;
#2311 = ADVANCED_FACE ( 'NONE', ( #4620 ), #7049, .F. ) ;
#2312 = ORIENTED_EDGE ( 'NONE', *, *, #2963, .T. ) ;
#2313 = EDGE_CURVE ( 'NONE', #6276, #5832, #3440, .T. ) ;
#2314 = ORIENTED_EDGE ( 'NONE', *, *, #1092, .F. ) ;
#2315 = CARTESIAN_POINT ( 'NONE',  ( 5.917224328879009398, -22.90000000000000213, 16.09999999999999787 ) ) ;
#2316 = CARTESIAN_POINT ( 'NONE',  ( 10.90000000000000213, 24.03453835922318760, -14.10000000003270593 ) ) ;
#2317 = CARTESIAN_POINT ( 'NONE',  ( 4.844246065523883260, -22.89999999999999503, -8.148862861101390465 ) ) ;
#2318 = CARTESIAN_POINT ( 'NONE',  ( 0.000000000000000000, -10.59051904733024863, -15.60000000000000497 ) ) ;
#2319 = DIRECTION ( 'NONE',  ( 1.000000000000000000, 0.000000000000000000, 0.000000000000000000 ) ) ;
#2320 = DIRECTION ( 'NONE',  ( 1.000000000000000000, 0.000000000000000000, 0.000000000000000000 ) ) ;
#2321 = EDGE_CURVE ( 'NONE', #577, #507, #5097, .T. ) ;
#2322 = EDGE_LOOP ( 'NONE', ( #4870, #3334, #7822, #5161 ) ) ;
#2323 = ORIENTED_EDGE ( 'NONE', *, *, #2664, .F. ) ;
#2324 = ORIENTED_EDGE ( 'NONE', *, *, #5852, .T. ) ;
#2325 = DIRECTION ( 'NONE',  ( -1.000000000000000000, 0.000000000000000000, 0.000000000000000000 ) ) ;
#2326 = FACE_OUTER_BOUND ( 'NONE', #2004, .T. ) ;
#2327 = DIRECTION ( 'NONE',  ( -0.000000000000000000, -1.000000000000000000, -1.515042337097648137E-16 ) ) ;
#2328 = CARTESIAN_POINT ( 'NONE',  ( 11.40000000000000391, 26.39289321881345174, -10.10000000000000142 ) ) ;
#2329 = LINE ( 'NONE', #6386, #4780 ) ;
#2330 = EDGE_CURVE ( 'NONE', #1584, #2731, #7643, .T. ) ;
#2331 = EDGE_LOOP ( 'NONE', ( #5307, #7082 ) ) ;
#2332 = ORIENTED_EDGE ( 'NONE', *, *, #6817, .T. ) ;
#2333 = DIRECTION ( 'NONE',  ( -0.7071067811865475727, -0.7071067811865474617, -1.085517463138671797E-16 ) ) ;
#2334 = CARTESIAN_POINT ( 'NONE',  ( 21.11583836257748814, -22.89999999999999858, -8.199999999999999289 ) ) ;
#2335 = DIRECTION ( 'NONE',  ( 0.000000000000000000, 3.469446951953614189E-15, 1.000000000000000000 ) ) ;
#2336 = ORIENTED_EDGE ( 'NONE', *, *, #428, .F. ) ;
#2337 = ORIENTED_EDGE ( 'NONE', *, *, #7795, .F. ) ;
#2338 = ORIENTED_EDGE ( 'NONE', *, *, #5650, .F. ) ;
#2339 = VERTEX_POINT ( 'NONE', #6366 ) ;
#2340 = CARTESIAN_POINT ( 'NONE',  ( 23.90000000000000568, -34.39999999999999858, -11.89999999999999680 ) ) ;
#2341 = CARTESIAN_POINT ( 'NONE',  ( -4.400000000000000355, -3.570953297738367706E-15, 17.10000000000000497 ) ) ;
#2342 = FACE_OUTER_BOUND ( 'NONE', #6474, .T. ) ;
#2343 = LINE ( 'NONE', #1762, #1983 ) ;
#2344 = AXIS2_PLACEMENT_3D ( 'NONE', #3705, #1445, #3745 ) ;
#2345 = ORIENTED_EDGE ( 'NONE', *, *, #7023, .F. ) ;
#2346 = AXIS2_PLACEMENT_3D ( 'NONE', #3633, #692, #3113 ) ;
#2347 = ORIENTED_EDGE ( 'NONE', *, *, #5895, .T. ) ;
#2348 = CARTESIAN_POINT ( 'NONE',  ( 4.224527646336564857, 21.22578725610582850, -20.87370768050584147 ) ) ;
#2349 = CARTESIAN_POINT ( 'NONE',  ( 14.90000000000000391, 24.10000000000000497, -14.09999999999999964 ) ) ;
#2350 = ADVANCED_FACE ( 'NONE', ( #1018 ), #1610, .F. ) ;
#2351 = CARTESIAN_POINT ( 'NONE',  ( 28.60000000000000142, -24.00000000000000355, 17.09999999999999787 ) ) ;
#2352 = CARTESIAN_POINT ( 'NONE',  ( 25.80000000000000071, 2.363466045872331508E-15, -15.60000000000000320 ) ) ;
#2353 = CARTESIAN_POINT ( 'NONE',  ( 5.348201202263727083, -22.92019300793792169, 16.33233927198454083 ) ) ;
#2354 = CARTESIAN_POINT ( 'NONE',  ( 2.799999999999999822, 20.10000000000000142, -19.79289321881345032 ) ) ;
#2355 = AXIS2_PLACEMENT_3D ( 'NONE', #175, #143, #3746 ) ;
#2356 = LINE ( 'NONE', #3621, #976 ) ;
#2357 = VERTEX_POINT ( 'NONE', #5686 ) ;
#2358 = AXIS2_PLACEMENT_3D ( 'NONE', #679, #3656, #2545 ) ;
#2359 = VERTEX_POINT ( 'NONE', #2242 ) ;
#2360 = ORIENTED_EDGE ( 'NONE', *, *, #522, .T. ) ;
#2361 = CIRCLE ( 'NONE', #1096, 1.749999999999999778 ) ;
#2362 = DIRECTION ( 'NONE',  ( 0.000000000000000000, 1.000000000000000000, 1.515042337097648137E-16 ) ) ;
#2363 = EDGE_CURVE ( 'NONE', #2461, #797, #2392, .T. ) ;
#2364 = DIRECTION ( 'NONE',  ( -1.000000000000000000, 0.000000000000000000, -0.000000000000000000 ) ) ;
#2365 = FACE_OUTER_BOUND ( 'NONE', #6503, .T. ) ;
#2366 = CYLINDRICAL_SURFACE ( 'NONE', #6010, 1.100000000000000311 ) ;
#2367 = EDGE_CURVE ( 'NONE', #4179, #1183, #4415, .T. ) ;
#2368 = CIRCLE ( 'NONE', #6158, 2.249999999999998668 ) ;
#2369 = CARTESIAN_POINT ( 'NONE',  ( 14.90000000000000391, 27.60000000000000142, -14.09999999999999964 ) ) ;
#2370 = AXIS2_PLACEMENT_3D ( 'NONE', #4090, #4729, #6515 ) ;
#2371 = VECTOR ( 'NONE', #6904, 1000.000000000000000 ) ;
#2372 = VERTEX_POINT ( 'NONE', #2759 ) ;
#2373 = AXIS2_PLACEMENT_3D ( 'NONE', #5070, #7455, #2565 ) ;
#2374 = DIRECTION ( 'NONE',  ( 0.000000000000000000, 0.000000000000000000, 1.000000000000000000 ) ) ;
#2375 = EDGE_CURVE ( 'NONE', #6883, #1305, #6953, .T. ) ;
#2376 = AXIS2_PLACEMENT_3D ( 'NONE', #3824, #2555, #733 ) ;
#2377 = FACE_OUTER_BOUND ( 'NONE', #7414, .T. ) ;
#2378 = CYLINDRICAL_SURFACE ( 'NONE', #2517, 0.5000000000000004441 ) ;
#2379 = DIRECTION ( 'NONE',  ( 0.000000000000000000, 0.000000000000000000, 1.000000000000000000 ) ) ;
#2380 = AXIS2_PLACEMENT_3D ( 'NONE', #657, #6729, #3704 ) ;
#2381 = ORIENTED_EDGE ( 'NONE', *, *, #3697, .F. ) ;
#2382 = AXIS2_PLACEMENT_3D ( 'NONE', #3107, #7364, #7397 ) ;
#2383 = EDGE_LOOP ( 'NONE', ( #2225, #5520, #4724 ) ) ;
#2384 =( BOUNDED_SURFACE ( )  B_SPLINE_SURFACE ( 3, 2, ( 
 ( #2550, #209, #3852 ),
 ( #5594, #2042, #7519 ),
 ( #4330, #6272, #6234 ),
 ( #844, #2512, #3101 ),
 ( #5055, #1363, #5560 ),
 ( #1954, #7484, #166 ),
 ( #3223, #93, #2582 ),
 ( #6880, #6755, #6155 ),
 ( #2076, #1316, #4968 ),
 ( #7435, #3265, #5005 ) ),
 .UNSPECIFIED., .F., .F., .T. ) 
 B_SPLINE_SURFACE_WITH_KNOTS ( ( 4, 2, 2, 2, 4 ),
 ( 3, 3 ),
 ( 4.712388980384689674, 5.105088062083414258, 5.497787143782137953, 5.890486225480861648, 6.283185307179586232 ),
 ( 0.000000000000000000, 1.000000000000000000 ),
 .UNSPECIFIED. ) 
 GEOMETRIC_REPRESENTATION_ITEM ( )  RATIONAL_B_SPLINE_SURFACE ( (
 ( 1.000000000000000000, 1.000000000000000000, 1.000000000000000000),
 ( 1.000000000000000000, 1.000158585517757492, 1.000000000000000000),
 ( 1.000000000000000000, 0.9867291829329185582, 1.000000000000000000),
 ( 1.000000000000000000, 0.9386556568293941138, 1.000000000000000000),
 ( 1.000000000000000000, 0.9038128751447260800, 1.000000000000000000),
 ( 1.000000000000000000, 0.8282379324241539997, 1.000000000000000000),
 ( 1.000000000000000000, 0.7876784991490727306, 1.000000000000000000),
 ( 1.000000000000000000, 0.7265517405481312085, 1.000000000000000000),
 ( 1.000000000000000000, 0.7066757558488027113, 1.000000000000000000),
 ( 1.000000000000000000, 0.7071067811865475727, 1.000000000000000000) ) ) 
 REPRESENTATION_ITEM ( '' )  SURFACE ( )  );
#2385 = ORIENTED_EDGE ( 'NONE', *, *, #4016, .F. ) ;
#2386 = AXIS2_PLACEMENT_3D ( 'NONE', #4908, #7334, #1295 ) ;
#2387 = DIRECTION ( 'NONE',  ( -0.000000000000000000, 1.535153518563546084E-16, -1.000000000000000000 ) ) ;
#2388 = CARTESIAN_POINT ( 'NONE',  ( 28.60000000000000142, -3.766896785601943786E-15, 17.10000000000000497 ) ) ;
#2389 = VECTOR ( 'NONE', #6319, 1000.000000000000000 ) ;
#2390 = CARTESIAN_POINT ( 'NONE',  ( 28.60000000000000142, 3.233161507461900896, 17.10000000000000497 ) ) ;
#2391 = DIRECTION ( 'NONE',  ( 0.000000000000000000, 0.000000000000000000, 1.000000000000000000 ) ) ;
#2392 = CIRCLE ( 'NONE', #5680, 2.800000000000000266 ) ;
#2393 = VERTEX_POINT ( 'NONE', #6451 ) ;
#2394 = AXIS2_PLACEMENT_3D ( 'NONE', #2924, #2959, #7217 ) ;
#2395 = VERTEX_POINT ( 'NONE', #3431 ) ;
#2396 = LINE ( 'NONE', #4212, #198 ) ;
#2397 = DIRECTION ( 'NONE',  ( 0.000000000000000000, 1.000000000000000000, -0.000000000000000000 ) ) ;
#2398 = CARTESIAN_POINT ( 'NONE',  ( 10.40000000000000213, 23.60000000000000142, -15.10000000000000142 ) ) ;
#2399 = VECTOR ( 'NONE', #7720, 1000.000000000000000 ) ;
#2400 = LINE ( 'NONE', #1836, #6328 ) ;
#2401 = DIRECTION ( 'NONE',  ( -0.8660254037844388186, -0.4999999999999997224, 0.000000000000000000 ) ) ;
#2402 = VECTOR ( 'NONE', #262, 1000.000000000000000 ) ;
#2403 = DIRECTION ( 'NONE',  ( 0.000000000000000000, 0.000000000000000000, 1.000000000000000000 ) ) ;
#2404 = B_SPLINE_CURVE_WITH_KNOTS ( 'NONE', 3,
 ( #7749, #4810, #7823, #5352, #7233, #7708, #5992, #4014, #1042, #4725 ),
 .UNSPECIFIED., .F., .F.,
 ( 4, 2, 2, 2, 4 ),
 ( 0.000000000000000000, 0.0006271728830657759442, 0.001254345766131551888, 0.001881518649197327833, 0.002508691532263103777 ),
 .UNSPECIFIED. ) ;
#2406 = VERTEX_POINT ( 'NONE', #2713 ) ;
#2405 = ADVANCED_FACE ( 'NONE', ( #3310 ), #5847, .F. ) ;
#2407 = ORIENTED_EDGE ( 'NONE', *, *, #2363, .T. ) ;
#2408 = ORIENTED_EDGE ( 'NONE', *, *, #6395, .F. ) ;
#2409 = DIRECTION ( 'NONE',  ( 0.000000000000000000, 0.000000000000000000, 1.000000000000000000 ) ) ;
#2410 = CARTESIAN_POINT ( 'NONE',  ( 22.63397459621555896, -22.89999999999999503, -19.99999999999999645 ) ) ;
#2411 = CARTESIAN_POINT ( 'NONE',  ( 23.37881412329291564, -22.89999999999999503, -19.62118466741627287 ) ) ;
#2412 = DIRECTION ( 'NONE',  ( 0.000000000000000000, 0.000000000000000000, 1.000000000000000000 ) ) ;
#2413 = FACE_BOUND ( 'NONE', #1721, .T. ) ;
#2414 = ADVANCED_FACE ( 'NONE', ( #3391 ), #3025, .T. ) ;
#2415 = VERTEX_POINT ( 'NONE', #7002 ) ;
#2416 = EDGE_CURVE ( 'NONE', #6391, #2980, #5247, .T. ) ;
#2417 = CARTESIAN_POINT ( 'NONE',  ( 19.24500966919051592, -22.89999999999999858, -7.199999999999998401 ) ) ;
#2418 = DIRECTION ( 'NONE',  ( 1.000000000000000000, 0.000000000000000000, 0.000000000000000000 ) ) ;
#2419 = DIRECTION ( 'NONE',  ( -0.000000000000000000, 0.000000000000000000, 1.000000000000000000 ) ) ;
#2420 = DIRECTION ( 'NONE',  ( 0.000000000000000000, 0.000000000000000000, -1.000000000000000000 ) ) ;
#2421 = EDGE_CURVE ( 'NONE', #2623, #3428, #7524, .T. ) ;
#2422 = ORIENTED_EDGE ( 'NONE', *, *, #3004, .F. ) ;
#2423 = ORIENTED_EDGE ( 'NONE', *, *, #6817, .F. ) ;
#2424 = ORIENTED_EDGE ( 'NONE', *, *, #5743, .F. ) ;
#2425 = CARTESIAN_POINT ( 'NONE',  ( 28.59999999999999787, -27.23316150746190800, 19.59999999999999787 ) ) ;
#2426 = CARTESIAN_POINT ( 'NONE',  ( 19.90000000000000213, 20.09999999999999787, -9.399999999999996803 ) ) ;
#2427 = DIRECTION ( 'NONE',  ( -0.000000000000000000, 1.000000000000000000, 1.535153518563546084E-16 ) ) ;
#2428 = EDGE_CURVE ( 'NONE', #7529, #3646, #3278, .T. ) ;
#2429 = VERTEX_POINT ( 'NONE', #5214 ) ;
#2430 = ORIENTED_EDGE ( 'NONE', *, *, #3221, .T. ) ;
#2431 = DIRECTION ( 'NONE',  ( -1.000000000000000000, 0.000000000000000000, 0.000000000000000000 ) ) ;
#2432 = CARTESIAN_POINT ( 'NONE',  ( 10.65180948474838729, 23.66310680357076990, -14.59638103050343538 ) ) ;
#2433 = LINE ( 'NONE', #2285, #115 ) ;
#2434 = DIRECTION ( 'NONE',  ( 0.000000000000000000, 0.000000000000000000, -1.000000000000000000 ) ) ;
#2435 = DIRECTION ( 'NONE',  ( -0.000000000000000000, 1.000000000000000000, 1.535153518563546084E-16 ) ) ;
#2436 = ORIENTED_EDGE ( 'NONE', *, *, #4077, .F. ) ;
#2437 = ORIENTED_EDGE ( 'NONE', *, *, #7281, .T. ) ;
#2438 = ORIENTED_EDGE ( 'NONE', *, *, #7260, .F. ) ;
#2439 = CARTESIAN_POINT ( 'NONE',  ( 23.00000000000000000, 17.60000000000000497, -13.59999999999999787 ) ) ;
#2440 = CARTESIAN_POINT ( 'NONE',  ( 2.799999999999999822, -20.40000000000000568, -11.89999999999999680 ) ) ;
#2441 = CARTESIAN_POINT ( 'NONE',  ( 10.90000000000000213, 24.10000000000000497, -9.599999999999999645 ) ) ;
#2442 = CARTESIAN_POINT ( 'NONE',  ( 20.89999999999999858, 20.09999999999999787, 0.5000000000000033307 ) ) ;
#2443 = EDGE_CURVE ( 'NONE', #516, #2372, #5810, .T. ) ;
#2444 = DIRECTION ( 'NONE',  ( 0.000000000000000000, -1.000000000000000000, 0.000000000000000000 ) ) ;
#2445 = ORIENTED_EDGE ( 'NONE', *, *, #7517, .F. ) ;
#2446 = CARTESIAN_POINT ( 'NONE',  ( 25.80000000000000071, 0.000000000000000000, 19.60000000000000142 ) ) ;
#2447 = DIRECTION ( 'NONE',  ( -0.000000000000000000, 1.000000000000000000, -0.000000000000000000 ) ) ;
#2448 = DIRECTION ( 'NONE',  ( -0.000000000000000000, 1.000000000000000000, -0.000000000000000000 ) ) ;
#2449 = PLANE ( 'NONE',  #5942 ) ;
#2450 = EDGE_CURVE ( 'NONE', #731, #751, #261, .T. ) ;
#2451 = CARTESIAN_POINT ( 'NONE',  ( -5.599999999999998757, -22.38341924626905310, 17.10000000000000142 ) ) ;
#2452 = EDGE_CURVE ( 'NONE', #4641, #3534, #3906, .T. ) ;
#2453 = ORIENTED_EDGE ( 'NONE', *, *, #3201, .T. ) ;
#2454 = ORIENTED_EDGE ( 'NONE', *, *, #4788, .T. ) ;
#2455 = ORIENTED_EDGE ( 'NONE', *, *, #4295, .F. ) ;
#2456 = CARTESIAN_POINT ( 'NONE',  ( 25.80000000000000071, 14.60000000000000320, -11.15269009426543967 ) ) ;
#2457 = EDGE_CURVE ( 'NONE', #4517, #4892, #5723, .T. ) ;
#2458 = CARTESIAN_POINT ( 'NONE',  ( -5.599999999999998757, -22.38341924626905310, 19.59999999999999787 ) ) ;
#2459 = EDGE_CURVE ( 'NONE', #6584, #439, #3346, .T. ) ;
#2460 = CARTESIAN_POINT ( 'NONE',  ( 14.04644660940673084, 27.45355339059326383, 1.688823327212045072E-14 ) ) ;
#2461 = VERTEX_POINT ( 'NONE', #7383 ) ;
#2462 = ORIENTED_EDGE ( 'NONE', *, *, #5585, .T. ) ;
#2463 = CARTESIAN_POINT ( 'NONE',  ( 2.800000000000010925, -16.64874921388600626, 2.787273915162696181 ) ) ;
#2464 = CARTESIAN_POINT ( 'NONE',  ( 12.90000000000000036, 23.59839267260704787, -15.74999999999999645 ) ) ;
#2465 = EDGE_CURVE ( 'NONE', #3525, #4059, #1504, .T. ) ;
#2466 = CARTESIAN_POINT ( 'NONE',  ( 19.88277567112099220, -22.90000000000000213, 16.09999999999999787 ) ) ;
#2467 = DIRECTION ( 'NONE',  ( -0.000000000000000000, -1.000000000000000000, -1.535153518563546084E-16 ) ) ;
#2468 = EDGE_LOOP ( 'NONE', ( #310, #3774, #4970, #4742 ) ) ;
#2469 = ORIENTED_EDGE ( 'NONE', *, *, #4554, .T. ) ;
#2470 = ORIENTED_EDGE ( 'NONE', *, *, #6097, .T. ) ;
#2471 = AXIS2_PLACEMENT_3D ( 'NONE', #6620, #6096, #4834 ) ;
#2472 = DIRECTION ( 'NONE',  ( 0.000000000000000000, 1.000000000000000000, 0.000000000000000000 ) ) ;
#2473 = CARTESIAN_POINT ( 'NONE',  ( 5.831726305043589242, -22.89999999999999503, -7.681795097858081789 ) ) ;
#2474 = AXIS2_PLACEMENT_3D ( 'NONE', #5644, #5101, #221 ) ;
#2475 = LINE ( 'NONE', #5098, #5312 ) ;
#2476 = CARTESIAN_POINT ( 'NONE',  ( 10.88698633469294563, 23.96912604902969690, -10.07397266938594349 ) ) ;
#2477 = DIRECTION ( 'NONE',  ( 0.000000000000000000, 0.000000000000000000, -1.000000000000000000 ) ) ;
#2478 = EDGE_CURVE ( 'NONE', #4104, #2461, #710, .T. ) ;
#2479 = DIRECTION ( 'NONE',  ( -1.000000000000000000, -0.000000000000000000, 0.000000000000000000 ) ) ;
#2480 = VECTOR ( 'NONE', #558, 1000.000000000000000 ) ;
#2481 = AXIS2_PLACEMENT_3D ( 'NONE', #4823, #5973, #2320 ) ;
#2482 = EDGE_LOOP ( 'NONE', ( #7057, #2577, #5385, #1430, #6526, #7667, #3408, #6182, #5712 ) ) ;
#2483 = CARTESIAN_POINT ( 'NONE',  ( 4.336808689942017736E-16, -1.616580753730955111, 19.60000000000000142 ) ) ;
#2484 = FACE_OUTER_BOUND ( 'NONE', #5990, .T. ) ;
#2485 = VECTOR ( 'NONE', #914, 1000.000000000000000 ) ;
#2486 = DIRECTION ( 'NONE',  ( 0.000000000000000000, 0.000000000000000000, 1.000000000000000000 ) ) ;
#2487 = DIRECTION ( 'NONE',  ( -0.8660254037844388186, -0.4999999999999997224, 0.000000000000000000 ) ) ;
#2488 = AXIS2_PLACEMENT_3D ( 'NONE', #6507, #7778, #1708 ) ;
#2489 = VECTOR ( 'NONE', #7518, 1000.000000000000227 ) ;
#2490 = LINE ( 'NONE', #7342, #1624 ) ;
#2491 = EDGE_LOOP ( 'NONE', ( #4896, #6324, #2502, #7704, #168 ) ) ;
#2492 = ORIENTED_EDGE ( 'NONE', *, *, #4706, .F. ) ;
#2493 = EDGE_CURVE ( 'NONE', #6715, #2811, #2013, .T. ) ;
#2494 = VECTOR ( 'NONE', #6299, 1000.000000000000000 ) ;
#2495 = ORIENTED_EDGE ( 'NONE', *, *, #6421, .F. ) ;
#2496 = CARTESIAN_POINT ( 'NONE',  ( -0.6815191489899670163, -17.31948936480396739, 17.05840842866952656 ) ) ;
#2497 = DIRECTION ( 'NONE',  ( 0.000000000000000000, -1.000000000000000000, -6.938893903907197809E-16 ) ) ;
#2498 = AXIS2_PLACEMENT_3D ( 'NONE', #4736, #4356, #6782 ) ;
#2499 = CARTESIAN_POINT ( 'NONE',  ( 0.000000000000000000, -14.60000000000000320, -11.15269009426543967 ) ) ;
#2500 = VECTOR ( 'NONE', #138, 1000.000000000000000 ) ;
#2501 = DIRECTION ( 'NONE',  ( 0.000000000000000000, -0.000000000000000000, -1.000000000000000000 ) ) ;
#2502 = ORIENTED_EDGE ( 'NONE', *, *, #926, .F. ) ;
#2503 = EDGE_CURVE ( 'NONE', #5806, #3546, #5299, .T. ) ;
#2504 = ORIENTED_EDGE ( 'NONE', *, *, #5236, .T. ) ;
#2505 = AXIS2_PLACEMENT_3D ( 'NONE', #6604, #6564, #5402 ) ;
#2506 = EDGE_CURVE ( 'NONE', #3604, #2023, #4734, .T. ) ;
#2507 = CARTESIAN_POINT ( 'NONE',  ( 11.40000000000000391, 24.10000000000000497, -14.09999999999999964 ) ) ;
#2508 = CARTESIAN_POINT ( 'NONE',  ( 25.73151630720618854, -1.489415265117406184, -16.57775990570245028 ) ) ;
#2509 = COORDINATED_UNIVERSAL_TIME_OFFSET ( 8, 0, .AHEAD. ) ;
#2510 = DIRECTION ( 'NONE',  ( 3.697785493223492838E-32, 1.000000000000000000, 1.884910589198694506E-16 ) ) ;
#2511 = VECTOR ( 'NONE', #2950, 1000.000000000000000 ) ;
#2512 = CARTESIAN_POINT ( 'NONE',  ( 15.03525878931543858, 23.72374341182776902, -14.73525878931543609 ) ) ;
#2513 = TOROIDAL_SURFACE ( 'NONE', #7209, 8.100000000000006750, 0.5000000000000000000 ) ;
#2514 = EDGE_LOOP ( 'NONE', ( #6159, #12, #4085, #6348 ) ) ;
#2515 = EDGE_CURVE ( 'NONE', #71, #187, #5545, .T. ) ;
#2516 = ORIENTED_EDGE ( 'NONE', *, *, #7175, .T. ) ;
#2517 = AXIS2_PLACEMENT_3D ( 'NONE', #68, #5535, #3052 ) ;
#2518 = DIRECTION ( 'NONE',  ( 6.938893903907221278E-15, -1.000000000000000000, -0.000000000000000000 ) ) ;
#2519 = CARTESIAN_POINT ( 'NONE',  ( 5.687906151815122158, -22.89999999999999858, -7.430968810814916559 ) ) ;
#2520 = VECTOR ( 'NONE', #5857, 1000.000000000000000 ) ;
#2521 = CYLINDRICAL_SURFACE ( 'NONE', #7603, 0.4999999999999994449 ) ;
#2522 = DIRECTION ( 'NONE',  ( -0.7071067811865493491, -0.7071067811865457964, -0.000000000000000000 ) ) ;
#2523 = LINE ( 'NONE', #1371, #7547 ) ;
#2524 = LINE ( 'NONE', #1182, #7803 ) ;
#2525 = ADVANCED_FACE ( 'NONE', ( #1770, #4096 ), #5290, .T. ) ;
#2526 = CIRCLE ( 'NONE', #250, 1.100000000000000311 ) ;
#2527 = EDGE_LOOP ( 'NONE', ( #2059, #5111, #1710, #2595 ) ) ;
#2528 = CARTESIAN_POINT ( 'NONE',  ( 19.24500966919051592, -23.40000000000000213, -7.199999999999998401 ) ) ;
#2529 = DIRECTION ( 'NONE',  ( 0.000000000000000000, 0.000000000000000000, 1.000000000000000000 ) ) ;
#2530 = CARTESIAN_POINT ( 'NONE',  ( 19.34987783603577327, 17.51646306006636777, -22.60000000000000142 ) ) ;
#2531 = DIRECTION ( 'NONE',  ( 0.000000000000000000, 0.000000000000000000, 1.000000000000000000 ) ) ;
#2532 = CARTESIAN_POINT ( 'NONE',  ( 28.60000000000000142, -3.766896785601943786E-15, 17.10000000000000497 ) ) ;
#2533 = DIRECTION ( 'NONE',  ( -0.7071067811865492381, -0.7071067811865457964, 0.000000000000000000 ) ) ;
#2534 = VERTEX_POINT ( 'NONE', #4699 ) ;
#2535 = ORIENTED_EDGE ( 'NONE', *, *, #6736, .F. ) ;
#2536 = EDGE_LOOP ( 'NONE', ( #7634, #957, #5434, #7592 ) ) ;
#2537 = CARTESIAN_POINT ( 'NONE',  ( -0.9999999999999991118, -17.84244936449379182, 17.09999999999999787 ) ) ;
#2538 = CARTESIAN_POINT ( 'NONE',  ( 12.90000000000000746, -34.39999999999999858, -8.199999999999999289 ) ) ;
#2539 = CARTESIAN_POINT ( 'NONE',  ( 23.00000000000000000, -12.59999999999999609, 5.721150157109078371 ) ) ;
#2540 = CARTESIAN_POINT ( 'NONE',  ( 25.80000000000000071, -16.83606797749978767, -15.60000000000000497 ) ) ;
#2541 = EDGE_CURVE ( 'NONE', #4301, #4145, #5543, .T. ) ;
#2542 = DIRECTION ( 'NONE',  ( 1.000000000000000000, 0.000000000000000000, 0.000000000000000000 ) ) ;
#2543 = ORIENTED_EDGE ( 'NONE', *, *, #4728, .F. ) ;
#2544 = EDGE_LOOP ( 'NONE', ( #7319, #3291, #1421, #3786 ) ) ;
#2545 = DIRECTION ( 'NONE',  ( 0.000000000000000000, 6.938893903907229364E-16, -1.000000000000000000 ) ) ;
#2546 = DIRECTION ( 'NONE',  ( 0.000000000000000000, 1.000000000000000000, -2.090028284309406488E-16 ) ) ;
#2547 = CALENDAR_DATE ( 2026, 16, 3 ) ;
#2548 = CARTESIAN_POINT ( 'NONE',  ( 25.77005035456460647, -16.01702020537819138, -16.25254579669418931 ) ) ;
#2549 = EDGE_CURVE ( 'NONE', #4145, #3211, #3550, .T. ) ;
#2550 = CARTESIAN_POINT ( 'NONE',  ( 15.40000000000000391, 23.60000000000000142, -15.10000000000000142 ) ) ;
#2551 = EDGE_CURVE ( 'NONE', #7238, #885, #1771, .T. ) ;
#2552 = ORIENTED_EDGE ( 'NONE', *, *, #7517, .T. ) ;
#2553 = VERTEX_POINT ( 'NONE', #2398 ) ;
#2554 = CARTESIAN_POINT ( 'NONE',  ( 25.80000000000000071, -22.38341924626905310, 16.09999999999999787 ) ) ;
#2555 = DIRECTION ( 'NONE',  ( 1.000000000000000000, 0.000000000000000000, -0.000000000000000000 ) ) ;
#2556 = CARTESIAN_POINT ( 'NONE',  ( 19.90000000000000213, 20.09999999999999787, -10.49999999999999645 ) ) ;
#2557 = PLANE ( 'NONE',  #5660 ) ;
#2558 = CARTESIAN_POINT ( 'NONE',  ( 19.24500966919051592, -23.40000000000000213, -7.699999999999998401 ) ) ;
#2559 = ADVANCED_FACE ( 'NONE', ( #1170 ), #7121, .F. ) ;
#2560 = DIRECTION ( 'NONE',  ( 0.000000000000000000, 1.000000000000000000, 1.535153518563546084E-16 ) ) ;
#2561 = EDGE_LOOP ( 'NONE', ( #4043, #3104, #6275, #1914 ) ) ;
#2562 = DIRECTION ( 'NONE',  ( 0.000000000000000000, 0.000000000000000000, 1.000000000000000000 ) ) ;
#2563 = CARTESIAN_POINT ( 'NONE',  ( 2.799999999999999822, 12.44299683239223420, -9.016664371298716674 ) ) ;
#2564 = CARTESIAN_POINT ( 'NONE',  ( 21.36195712465338659, 20.86992854108905959, -21.16575338049301536 ) ) ;
#2565 = DIRECTION ( 'NONE',  ( 0.000000000000000000, 0.000000000000000000, 1.000000000000000000 ) ) ;
#2566 = CARTESIAN_POINT ( 'NONE',  ( 31.80000000000000071, -14.52582457413839379, 17.09999999999999787 ) ) ;
#2567 = EDGE_CURVE ( 'NONE', #6315, #1627, #7854, .T. ) ;
#2568 = CARTESIAN_POINT ( 'NONE',  ( 25.80000000000000071, 3.498314677414608553, -15.36032574516783455 ) ) ;
#2569 = ORIENTED_EDGE ( 'NONE', *, *, #1405, .T. ) ;
#2570 = ORIENTED_EDGE ( 'NONE', *, *, #5112, .T. ) ;
#2571 = EDGE_LOOP ( 'NONE', ( #6497, #1140, #1074, #684, #4998 ) ) ;
#2572 = CARTESIAN_POINT ( 'NONE',  ( 0.000000000000000000, -14.52582457413839379, 16.09999999999999787 ) ) ;
#2573 = CARTESIAN_POINT ( 'NONE',  ( 19.35947905840956196, -22.89999999999999858, -7.659593842674490283 ) ) ;
#2574 = DIRECTION ( 'NONE',  ( 0.000000000000000000, -0.5867752483892765270, 0.8097498427772016338 ) ) ;
#2575 = DIRECTION ( 'NONE',  ( 0.000000000000000000, 0.000000000000000000, 1.000000000000000000 ) ) ;
#2576 = FACE_OUTER_BOUND ( 'NONE', #6954, .T. ) ;
#2577 = ORIENTED_EDGE ( 'NONE', *, *, #479, .T. ) ;
#2578 = VERTEX_POINT ( 'NONE', #4136 ) ;
#2579 = LINE ( 'NONE', #4247, #3114 ) ;
#2580 = CARTESIAN_POINT ( 'NONE',  ( 12.90000000000000036, 22.10000000000000142, -19.25000000000000000 ) ) ;
#2581 = CARTESIAN_POINT ( 'NONE',  ( 25.80000000000000071, -25.61658075373095755, 19.59999999999999787 ) ) ;
#2582 = CARTESIAN_POINT ( 'NONE',  ( 14.96310680218175015, 23.84819051860501204, -14.22621360436337135 ) ) ;
#2583 = CIRCLE ( 'NONE', #1076, 8.100000000000004974 ) ;
#2584 = ORIENTED_EDGE ( 'NONE', *, *, #2302, .F. ) ;
#2585 = EDGE_CURVE ( 'NONE', #3464, #1794, #1086, .T. ) ;
#2586 = EDGE_LOOP ( 'NONE', ( #4655, #6527, #7309, #4203 ) ) ;
#2587 = DIRECTION ( 'NONE',  ( 0.000000000000000000, -1.000000000000000000, 0.000000000000000000 ) ) ;
#2588 = CYLINDRICAL_SURFACE ( 'NONE', #2120, 1.749999999999999778 ) ;
#2589 = VECTOR ( 'NONE', #2083, 1000.000000000000000 ) ;
#2590 = FACE_OUTER_BOUND ( 'NONE', #4592, .T. ) ;
#2591 = FACE_OUTER_BOUND ( 'NONE', #1940, .T. ) ;
#2592 = LINE ( 'NONE', #736, #3102 ) ;
#2593 = CARTESIAN_POINT ( 'NONE',  ( 2.799999999999999822, 12.17075047166840029, -9.392364349097608311 ) ) ;
#2594 = AXIS2_PLACEMENT_3D ( 'NONE', #7225, #7289, #4229 ) ;
#2595 = ORIENTED_EDGE ( 'NONE', *, *, #1209, .T. ) ;
#2596 = EDGE_CURVE ( 'NONE', #7394, #4987, #5924, .T. ) ;
#2597 = FACE_OUTER_BOUND ( 'NONE', #1939, .T. ) ;
#2598 = CIRCLE ( 'NONE', #6425, 1.000000000000000888 ) ;
#2599 = CARTESIAN_POINT ( 'NONE',  ( 19.88277567112099575, -22.90000000000000213, 22.59999999999999787 ) ) ;
#2600 = EDGE_CURVE ( 'NONE', #3546, #153, #332, .T. ) ;
#2601 = CARTESIAN_POINT ( 'NONE',  ( 22.86566992496880246, 23.37611654161488772, -17.41497797547335935 ) ) ;
#2602 = CARTESIAN_POINT ( 'NONE',  ( -8.534492218297513486E-15, 3.163733487903970243, -15.75808960203992726 ) ) ;
#2603 = LINE ( 'NONE', #5029, #3053 ) ;
#2604 = CIRCLE ( 'NONE', #4378, 4.000000000000000000 ) ;
#2605 = VECTOR ( 'NONE', #1056, 1000.000000000000000 ) ;
#2606 = CARTESIAN_POINT ( 'NONE',  ( 20.89999999999999858, 20.09999999999999787, 1.600000000000003419 ) ) ;
#2607 = ORIENTED_EDGE ( 'NONE', *, *, #1428, .F. ) ;
#2608 = VERTEX_POINT ( 'NONE', #1132 ) ;
#2609 = EDGE_CURVE ( 'NONE', #3979, #53, #1803, .T. ) ;
#2610 = AXIS2_PLACEMENT_3D ( 'NONE', #1472, #1522, #2788 ) ;
#2611 = EDGE_LOOP ( 'NONE', ( #2092, #7633, #4341 ) ) ;
#2612 = VECTOR ( 'NONE', #2673, 1000.000000000000000 ) ;
#2613 = VECTOR ( 'NONE', #4691, 1000.000000000000000 ) ;
#2614 = CARTESIAN_POINT ( 'NONE',  ( 4.684161637422525004, -24.64999999999999503, -8.199999999999999289 ) ) ;
#2615 = CARTESIAN_POINT ( 'NONE',  ( 19.49941594705516579, -22.89999999999999858, -7.638171303674406332 ) ) ;
#2616 = DIRECTION ( 'NONE',  ( 0.6443794794178386853, -0.7647058823529444549, 0.000000000000000000 ) ) ;
#2617 = DIRECTION ( 'NONE',  ( 1.224646799147353207E-16, 1.000000000000000000, 0.000000000000000000 ) ) ;
#2618 = DIRECTION ( 'NONE',  ( 0.000000000000000000, 0.000000000000000000, -1.000000000000000000 ) ) ;
#2619 = CIRCLE ( 'NONE', #4384, 2.999999999999999112 ) ;
#2620 = AXIS2_PLACEMENT_3D ( 'NONE', #159, #4924, #4287 ) ;
#2621 = VERTEX_POINT ( 'NONE', #3327 ) ;
#2622 = ADVANCED_FACE ( 'NONE', ( #5707, #6946 ), #278, .T. ) ;
#2623 = VERTEX_POINT ( 'NONE', #242 ) ;
#2624 = ORIENTED_EDGE ( 'NONE', *, *, #6978, .F. ) ;
#2625 = AXIS2_PLACEMENT_3D ( 'NONE', #2177, #5340, #3406 ) ;
#2626 = CARTESIAN_POINT ( 'NONE',  ( 0.000000000000000000, -12.17075047166839852, -9.392364349097610088 ) ) ;
#2627 = PLANE ( 'NONE',  #6447 ) ;
#2628 = AXIS2_PLACEMENT_3D ( 'NONE', #4, #1187, #2968 ) ;
#2629 = DIRECTION ( 'NONE',  ( 1.000000000000000000, 0.000000000000000000, 0.000000000000000000 ) ) ;
#2630 = FACE_OUTER_BOUND ( 'NONE', #2929, .T. ) ;
#2631 = FACE_OUTER_BOUND ( 'NONE', #4079, .T. ) ;
#2632 = AXIS2_PLACEMENT_3D ( 'NONE', #1532, #3948, #6368 ) ;
#2633 = VERTEX_POINT ( 'NONE', #1986 ) ;
#2634 = VECTOR ( 'NONE', #542, 1000.000000000000000 ) ;
#2635 = VERTEX_POINT ( 'NONE', #2146 ) ;
#2636 = CARTESIAN_POINT ( 'NONE',  ( 14.40000000000000391, 26.39289321881345529, -10.10000000000000142 ) ) ;
#2637 = FACE_OUTER_BOUND ( 'NONE', #1756, .T. ) ;
#2638 = AXIS2_PLACEMENT_3D ( 'NONE', #3401, #7571, #2130 ) ;
#2639 = DIRECTION ( 'NONE',  ( 0.000000000000000000, 0.000000000000000000, 1.000000000000000000 ) ) ;
#2640 = FACE_OUTER_BOUND ( 'NONE', #5664, .T. ) ;
#2641 = CARTESIAN_POINT ( 'NONE',  ( -6.000000000000000000, 9.474175425861606215, 17.10000000000000497 ) ) ;
#2642 = AXIS2_PLACEMENT_3D ( 'NONE', #6365, #3945, #1566 ) ;
#2643 = CARTESIAN_POINT ( 'NONE',  ( 4.800000000000000711, -34.39999999999999858, -8.199999999999999289 ) ) ;
#2644 = EDGE_CURVE ( 'NONE', #7071, #2728, #7420, .T. ) ;
#2645 = VECTOR ( 'NONE', #2683, 1000.000000000000000 ) ;
#2646 = B_SPLINE_CURVE_WITH_KNOTS ( 'NONE', 3,
 ( #552, #5904, #480, #2895, #4118, #3601, #2301, #4720, #5384, #6546 ),
 .UNSPECIFIED., .F., .F.,
 ( 4, 2, 2, 2, 4 ),
 ( 0.000000000000000000, 0.0006271728830657758358, 0.001254345766131551672, 0.001881518649197327399, 0.002508691532263103343 ),
 .UNSPECIFIED. ) ;
#2647 = VERTEX_POINT ( 'NONE', #4567 ) ;
#2648 = CARTESIAN_POINT ( 'NONE',  ( 25.80000000000000071, 14.60000000000000497, -13.59999999999999787 ) ) ;
#2649 = VECTOR ( 'NONE', #351, 1000.000000000000000 ) ;
#2650 = CARTESIAN_POINT ( 'NONE',  ( 20.63223519483034707, 17.69934111689818934, -22.41780873489071624 ) ) ;
#2651 = CARTESIAN_POINT ( 'NONE',  ( 11.19399943562285493, 23.43973471686616605, -17.09376345052558577 ) ) ;
#2652 = DIRECTION ( 'NONE',  ( 1.000000000000000000, 0.000000000000000000, 0.000000000000000000 ) ) ;
#2653 = ADVANCED_FACE ( 'NONE', ( #3808 ), #314, .F. ) ;
#2654 = CIRCLE ( 'NONE', #7094, 1.749999999999994671 ) ;
#2655 = DIRECTION ( 'NONE',  ( 1.000000000000000000, 0.000000000000000000, 0.000000000000000000 ) ) ;
#2656 = ORIENTED_EDGE ( 'NONE', *, *, #5999, .T. ) ;
#2657 = EDGE_CURVE ( 'NONE', #1899, #1039, #4477, .T. ) ;
#2658 = EDGE_LOOP ( 'NONE', ( #5587, #224 ) ) ;
#2659 = EDGE_LOOP ( 'NONE', ( #1502, #7061, #6917, #1556 ) ) ;
#2660 = DIRECTION ( 'NONE',  ( -0.000000000000000000, 0.000000000000000000, 1.000000000000000000 ) ) ;
#2661 = DIRECTION ( 'NONE',  ( 0.000000000000000000, -1.535153518563546084E-16, 1.000000000000000000 ) ) ;
#2662 = DIRECTION ( 'NONE',  ( 0.000000000000000000, 0.000000000000000000, -1.000000000000000000 ) ) ;
#2663 = CARTESIAN_POINT ( 'NONE',  ( 25.80000000000000071, 10.59051904733024685, -15.60000000000000142 ) ) ;
#2664 = EDGE_CURVE ( 'NONE', #3612, #6382, #6826, .T. ) ;
#2665 = LINE ( 'NONE', #1350, #6801 ) ;
#2666 = ORIENTED_EDGE ( 'NONE', *, *, #3999, .T. ) ;
#2667 = ORIENTED_EDGE ( 'NONE', *, *, #2567, .F. ) ;
#2668 = VERTEX_POINT ( 'NONE', #2733 ) ;
#2669 = CYLINDRICAL_SURFACE ( 'NONE', #2610, 0.5000000000000004441 ) ;
#2670 = CARTESIAN_POINT ( 'NONE',  ( 6.193681014041332311, -22.90000000000000213, -7.234069685776910674 ) ) ;
#2671 = CARTESIAN_POINT ( 'NONE',  ( 20.89999999999999858, 22.09999999999999787, 0.5000000000000036637 ) ) ;
#2672 = EDGE_CURVE ( 'NONE', #5694, #7604, #5116, .T. ) ;
#2673 = DIRECTION ( 'NONE',  ( -0.000000000000000000, 1.000000000000000000, 1.535153518563546084E-16 ) ) ;
#2674 = ORIENTED_EDGE ( 'NONE', *, *, #5967, .F. ) ;
#2675 = ORIENTED_EDGE ( 'NONE', *, *, #6681, .F. ) ;
#2676 = CARTESIAN_POINT ( 'NONE',  ( 25.80000000000000071, -22.38341924626905310, 17.10000000000000142 ) ) ;
#2677 = DIRECTION ( 'NONE',  ( -1.000000000000000000, 0.000000000000000000, -0.000000000000000000 ) ) ;
#2678 = CARTESIAN_POINT ( 'NONE',  ( 22.50000000000000000, 0.000000000000000000, -19.49999999999999645 ) ) ;
#2679 = LINE ( 'NONE', #897, #2001 ) ;
#2680 = FACE_OUTER_BOUND ( 'NONE', #2468, .T. ) ;
#2681 = CARTESIAN_POINT ( 'NONE',  ( -2.799999999999998934, -24.00000000000000355, 22.59999999999999787 ) ) ;
#2682 = VERTEX_POINT ( 'NONE', #3767 ) ;
#2683 = DIRECTION ( 'NONE',  ( 0.7071067811865475727, 0.7071067811865474617, 1.085517463138672043E-16 ) ) ;
#2684 = CARTESIAN_POINT ( 'NONE',  ( 28.60000000000000142, -24.00000000000000355, 17.09999999999999787 ) ) ;
#2685 = LINE ( 'NONE', #305, #7311 ) ;
#2686 = LINE ( 'NONE', #7534, #6475 ) ;
#2687 = VERTEX_POINT ( 'NONE', #2029 ) ;
#2688 = DIRECTION ( 'NONE',  ( 1.000000000000000000, 0.000000000000000000, 0.000000000000000000 ) ) ;
#2689 = EDGE_LOOP ( 'NONE', ( #3094, #43, #5122, #908 ) ) ;
#2690 = ORIENTED_EDGE ( 'NONE', *, *, #7175, .F. ) ;
#2691 = ADVANCED_FACE ( 'NONE', ( #1512 ), #4442, .F. ) ;
#2692 = EDGE_LOOP ( 'NONE', ( #1118, #1310, #3666, #369 ) ) ;
#2693 = CARTESIAN_POINT ( 'NONE',  ( 19.66598453388734669, -26.37058823529411455, -12.39999999999999858 ) ) ;
#2694 = CARTESIAN_POINT ( 'NONE',  ( 25.80000000000000071, 2.363466045872331508E-15, -15.60000000000000320 ) ) ;
#2695 = CARTESIAN_POINT ( 'NONE',  ( 23.00000000000000000, 3.338714168256810878E-15, -16.60000000000000142 ) ) ;
#2696 = EDGE_CURVE ( 'NONE', #7322, #6697, #7467, .T. ) ;
#2697 = DIRECTION ( 'NONE',  ( -0.000000000000000000, 2.011273595335428572E-16, 1.000000000000000000 ) ) ;
#2698 = CARTESIAN_POINT ( 'NONE',  ( 27.00000000000000000, -3.570953297738367706E-15, 19.60000000000000142 ) ) ;
#2699 = ORIENTED_EDGE ( 'NONE', *, *, #5436, .F. ) ;
#2700 = ORIENTED_EDGE ( 'NONE', *, *, #1745, .F. ) ;
#2701 = EDGE_CURVE ( 'NONE', #1711, #3016, #376, .T. ) ;
#2702 = ORIENTED_EDGE ( 'NONE', *, *, #7765, .T. ) ;
#2703 = CARTESIAN_POINT ( 'NONE',  ( -2.799999999999998046, -27.23316150746190800, 19.59999999999999787 ) ) ;
#2704 = CYLINDRICAL_SURFACE ( 'NONE', #623, 0.5000000000000004441 ) ;
#2705 = EDGE_CURVE ( 'NONE', #3534, #4539, #7541, .T. ) ;
#2706 = DIRECTION ( 'NONE',  ( 0.000000000000000000, -1.000000000000000000, 0.000000000000000000 ) ) ;
#2707 = CARTESIAN_POINT ( 'NONE',  ( 4.336808689942017736E-16, -1.616580753730955111, 19.60000000000000142 ) ) ;
#2708 = ORIENTED_EDGE ( 'NONE', *, *, #484, .F. ) ;
#2709 = VECTOR ( 'NONE', #2179, 1000.000000000000000 ) ;
#2710 = ADVANCED_FACE ( 'NONE', ( #5666 ), #1024, .F. ) ;
#2711 = VERTEX_POINT ( 'NONE', #4599 ) ;
#2712 = DIRECTION ( 'NONE',  ( 0.000000000000000000, 0.000000000000000000, 1.000000000000000000 ) ) ;
#2713 = CARTESIAN_POINT ( 'NONE',  ( 27.00000000000000000, -24.00000000000000355, 19.59999999999999787 ) ) ;
#2714 = CARTESIAN_POINT ( 'NONE',  ( 4.900000000000001243, 22.09999999999999787, 0.5000000000000036637 ) ) ;
#2715 = FACE_OUTER_BOUND ( 'NONE', #2659, .T. ) ;
#2716 = DIRECTION ( 'NONE',  ( 0.000000000000000000, 0.000000000000000000, 1.000000000000000000 ) ) ;
#2717 = DIRECTION ( 'NONE',  ( -0.000000000000000000, 1.000000000000000000, 1.535153518563546084E-16 ) ) ;
#2718 = ORIENTED_EDGE ( 'NONE', *, *, #6643, .T. ) ;
#2719 = FACE_OUTER_BOUND ( 'NONE', #5359, .T. ) ;
#2720 = B_SPLINE_CURVE_WITH_KNOTS ( 'NONE', 3,
 ( #3755, #1974, #1500, #6934, #4386, #6815, #1381, #6249, #3284, #818, #3800, #5697, #1541, #7575, #5575, #866, #4469, #2651, #5145, #3920, #6977, #5028, #3833, #3871, #6340, #4556, #905, #3318 ),
 .UNSPECIFIED., .F., .F.,
 ( 4, 2, 2, 2, 2, 2, 2, 2, 2, 2, 2, 2, 2, 4 ),
 ( 0.000000000000000000, 0.0003506760577300620111, 0.0007013521154601240221, 0.001402704230920251947, 0.001753380288650312549, 0.002104056346380372717, 0.002454732404110433319, 0.002805408461840493486, 0.003156084519570554088, 0.003506760577300615123, 0.004208112692760737628, 0.004558788750490797362, 0.004909464808220857963, 0.005610816923680986973 ),
 .UNSPECIFIED. ) ;
#2721 = CARTESIAN_POINT ( 'NONE',  ( 13.01872210450770773, 22.57306454008325503, -19.24999999999999645 ) ) ;
#2722 = FACE_OUTER_BOUND ( 'NONE', #824, .T. ) ;
#2723 = CARTESIAN_POINT ( 'NONE',  ( 0.07179676972448971461, 1.281164872744275707, -16.59999999999999787 ) ) ;
#2724 = CARTESIAN_POINT ( 'NONE',  ( 12.90000000000000746, -34.39999999999999858, -11.89999999999999680 ) ) ;
#2725 = ORIENTED_EDGE ( 'NONE', *, *, #3572, .T. ) ;
#2726 = CARTESIAN_POINT ( 'NONE',  ( -4.080000000000000071, -20.21032982965536107, 17.09999999999999787 ) ) ;
#2727 = AXIS2_PLACEMENT_3D ( 'NONE', #3509, #571, #4822 ) ;
#2728 = VERTEX_POINT ( 'NONE', #1670 ) ;
#2729 = AXIS2_PLACEMENT_3D ( 'NONE', #880, #2697, #5158 ) ;
#2730 = ORIENTED_EDGE ( 'NONE', *, *, #3672, .T. ) ;
#2731 = VERTEX_POINT ( 'NONE', #4680 ) ;
#2732 = DIRECTION ( 'NONE',  ( 0.000000000000000000, 1.000000000000000000, 6.938893903907246521E-15 ) ) ;
#2733 = CARTESIAN_POINT ( 'NONE',  ( 0.07179676972448971461, -1.069065149083005206, -16.60000000000000142 ) ) ;
#2734 = AXIS2_PLACEMENT_3D ( 'NONE', #7402, #1446, #3795 ) ;
#2735 = CARTESIAN_POINT ( 'NONE',  ( 25.79472648483392661, 10.88732261520911138, -15.89847398855441796 ) ) ;
#2736 = DIRECTION ( 'NONE',  ( 0.000000000000000000, 1.000000000000000000, 1.515042337097648137E-16 ) ) ;
#2737 = ADVANCED_FACE ( 'NONE', ( #401 ), #1009, .F. ) ;
#2738 = AXIS2_PLACEMENT_3D ( 'NONE', #3574, #1120, #442 ) ;
#2739 = ORIENTED_EDGE ( 'NONE', *, *, #2151, .F. ) ;
#2740 = VECTOR ( 'NONE', #4488, 1000.000000000000000 ) ;
#2741 = CIRCLE ( 'NONE', #1479, 1.750000000000000000 ) ;
#2742 = ORIENTED_EDGE ( 'NONE', *, *, #833, .F. ) ;
#2743 = ORIENTED_EDGE ( 'NONE', *, *, #2493, .F. ) ;
#2744 = CARTESIAN_POINT ( 'NONE',  ( 0.000000000000000000, 0.000000000000000000, 19.60000000000000142 ) ) ;
#2745 = CARTESIAN_POINT ( 'NONE',  ( 26.80000000000000071, -17.84244936449379182, 17.09999999999999787 ) ) ;
#2746 = VECTOR ( 'NONE', #5198, 1000.000000000000000 ) ;
#2747 = DIRECTION ( 'NONE',  ( -1.000000000000000000, 0.000000000000000000, 0.000000000000000000 ) ) ;
#2748 = CIRCLE ( 'NONE', #5030, 1.749999999999998002 ) ;
#2749 = CARTESIAN_POINT ( 'NONE',  ( 23.00000000000000000, 14.60000000000000320, -8.152690094265439669 ) ) ;
#2750 = CIRCLE ( 'NONE', #5031, 1.600000000000000311 ) ;
#2751 = EDGE_CURVE ( 'NONE', #161, #2980, #6191, .T. ) ;
#2752 = ORIENTED_EDGE ( 'NONE', *, *, #5959, .T. ) ;
#2753 = VECTOR ( 'NONE', #352, 1000.000000000000000 ) ;
#2754 = EDGE_CURVE ( 'NONE', #3913, #2818, #4081, .T. ) ;
#2755 = VERTEX_POINT ( 'NONE', #6505 ) ;
#2756 = VECTOR ( 'NONE', #5150, 1000.000000000000000 ) ;
#2757 = CARTESIAN_POINT ( 'NONE',  ( 6.266993088923913824, 17.33300691107406521, -22.59999999999595488 ) ) ;
#2758 = DIRECTION ( 'NONE',  ( 1.000000000000000000, 0.000000000000000000, 0.000000000000000000 ) ) ;
#2759 = CARTESIAN_POINT ( 'NONE',  ( 2.299999999999999822, -22.89999999999999503, -12.89999999999999858 ) ) ;
#2760 = CARTESIAN_POINT ( 'NONE',  ( 10.40000000000000213, 23.59999999999999787, -9.099999999999999645 ) ) ;
#2761 = CARTESIAN_POINT ( 'NONE',  ( 15.30181466606443763, 23.60000000000513865, -9.198185333935088082 ) ) ;
#2762 = CARTESIAN_POINT ( 'NONE',  ( 4.684161637422525004, -24.64999999999999503, -7.699999999999998401 ) ) ;
#2763 = VECTOR ( 'NONE', #2574, 999.9999999999998863 ) ;
#2764 = DIRECTION ( 'NONE',  ( 1.000000000000000000, 0.000000000000000000, 0.000000000000000000 ) ) ;
#2765 = EDGE_CURVE ( 'NONE', #3464, #3129, #7022, .T. ) ;
#2766 = AXIS2_PLACEMENT_3D ( 'NONE', #4899, #2518, #4302 ) ;
#2767 = ORIENTED_EDGE ( 'NONE', *, *, #3854, .F. ) ;
#2768 = DIRECTION ( 'NONE',  ( 0.000000000000000000, 1.000000000000000000, 1.535153518563546084E-16 ) ) ;
#2769 = AXIS2_PLACEMENT_3D ( 'NONE', #6212, #2562, #6811 ) ;
#2770 = DIRECTION ( 'NONE',  ( 0.5000000000000003331, 0.8660254037844385966, -0.000000000000000000 ) ) ;
#2771 = VECTOR ( 'NONE', #2830, 1000.000000000000000 ) ;
#2772 = DIRECTION ( 'NONE',  ( 1.000000000000000000, 0.000000000000000000, 0.000000000000000000 ) ) ;
#2773 = CARTESIAN_POINT ( 'NONE',  ( 2.992698037656322363, -22.89999999999999503, -19.99999999999999289 ) ) ;
#2774 = DIRECTION ( 'NONE',  ( 0.000000000000000000, 1.000000000000000000, -0.000000000000000000 ) ) ;
#2775 = EDGE_CURVE ( 'NONE', #2997, #7463, #2899, .T. ) ;
#2776 = ORIENTED_EDGE ( 'NONE', *, *, #5905, .F. ) ;
#2777 = AXIS2_PLACEMENT_3D ( 'NONE', #7687, #5223, #4672 ) ;
#2778 = ORIENTED_EDGE ( 'NONE', *, *, #7795, .T. ) ;
#2779 = ORIENTED_EDGE ( 'NONE', *, *, #5662, .T. ) ;
#2780 = AXIS2_PLACEMENT_3D ( 'NONE', #3529, #2892, #7103 ) ;
#2781 = DIRECTION ( 'NONE',  ( 0.000000000000000000, 0.000000000000000000, -1.000000000000000000 ) ) ;
#2782 = CARTESIAN_POINT ( 'NONE',  ( 20.56545561353061302, -22.89999999999999858, -7.729149572877509478 ) ) ;
#2783 = CARTESIAN_POINT ( 'NONE',  ( 31.39999999999999858, -1.616580753730956888, 17.10000000000000497 ) ) ;
#2784 = VERTEX_POINT ( 'NONE', #2300 ) ;
#2785 = ORIENTED_EDGE ( 'NONE', *, *, #2078, .F. ) ;
#2786 = ORIENTED_EDGE ( 'NONE', *, *, #7773, .T. ) ;
#2787 = EDGE_LOOP ( 'NONE', ( #1886, #7437, #7161, #5316, #5887, #7631 ) ) ;
#2788 = DIRECTION ( 'NONE',  ( 0.000000000000000000, -1.000000000000000000, 0.000000000000000000 ) ) ;
#2789 = PLANE ( 'NONE',  #3776 ) ;
#2790 = EDGE_CURVE ( 'NONE', #6434, #3994, #1786, .T. ) ;
#2791 = DIRECTION ( 'NONE',  ( -1.000000000000000000, -0.000000000000000000, 0.000000000000000000 ) ) ;
#2792 = DIRECTION ( 'NONE',  ( 0.8660254037844384856, 0.5000000000000002220, 0.000000000000000000 ) ) ;
#2793 = VERTEX_POINT ( 'NONE', #3966 ) ;
#2794 = ORIENTED_EDGE ( 'NONE', *, *, #553, .T. ) ;
#2795 = DIRECTION ( 'NONE',  ( 0.000000000000000000, 0.000000000000000000, 1.000000000000000000 ) ) ;
#2796 = LINE ( 'NONE', #2121, #872 ) ;
#2797 = ADVANCED_FACE ( 'NONE', ( #4003, #6384, #951, #2220, #3365 ), #5787, .F. ) ;
#2798 = DIRECTION ( 'NONE',  ( 0.000000000000000000, 0.000000000000000000, 1.000000000000000000 ) ) ;
#2799 = CARTESIAN_POINT ( 'NONE',  ( 10.90000000000000391, 27.60000000000000142, -10.10000000000000142 ) ) ;
#2800 = CARTESIAN_POINT ( 'NONE',  ( -4.080000000000000071, 3.789670170344640265, 22.60000000000000142 ) ) ;
#2801 = CYLINDRICAL_SURFACE ( 'NONE', #5640, 2.999999999999999112 ) ;
#2802 = EDGE_CURVE ( 'NONE', #5755, #3087, #7473, .T. ) ;
#2803 = ORIENTED_EDGE ( 'NONE', *, *, #7060, .F. ) ;
#2804 = CARTESIAN_POINT ( 'NONE',  ( 5.899999999999998579, 20.09999999999999787, -11.59999999999999787 ) ) ;
#2805 = CARTESIAN_POINT ( 'NONE',  ( 13.99071604636895216, 23.58049221777594084, -16.12647749009902753 ) ) ;
#2806 = ADVANCED_FACE ( 'NONE', ( #5830 ), #6472, .F. ) ;
#2807 = CARTESIAN_POINT ( 'NONE',  ( 5.899999999999998579, 22.09999999999999787, -10.49999999999999645 ) ) ;
#2808 = DIRECTION ( 'NONE',  ( 0.000000000000000000, 0.000000000000000000, -1.000000000000000000 ) ) ;
#2809 = CARTESIAN_POINT ( 'NONE',  ( 23.00000000000000000, 23.60000000000000142, -15.59999999999999964 ) ) ;
#2810 = VERTEX_POINT ( 'NONE', #4046 ) ;
#2811 = VERTEX_POINT ( 'NONE', #1036 ) ;
#2812 = ORIENTED_EDGE ( 'NONE', *, *, #5846, .F. ) ;
#2813 = ADVANCED_FACE ( 'NONE', ( #3451 ), #3, .T. ) ;
#2814 = LINE ( 'NONE', #434, #2118 ) ;
#2815 = DIRECTION ( 'NONE',  ( 0.000000000000000000, 1.515042337097648137E-16, -1.000000000000000000 ) ) ;
#2816 = DIRECTION ( 'NONE',  ( 0.000000000000000000, 0.000000000000000000, 1.000000000000000000 ) ) ;
#2817 = ORIENTED_EDGE ( 'NONE', *, *, #5856, .F. ) ;
#2818 = VERTEX_POINT ( 'NONE', #6587 ) ;
#2819 = ORIENTED_EDGE ( 'NONE', *, *, #6726, .T. ) ;
#2820 = EDGE_LOOP ( 'NONE', ( #3597, #2280, #6025, #7223 ) ) ;
#2821 = EDGE_CURVE ( 'NONE', #5713, #2969, #7257, .T. ) ;
#2822 = CARTESIAN_POINT ( 'NONE',  ( 22.50000000000000000, -20.90000000000000568, -11.89999999999999680 ) ) ;
#2823 = CARTESIAN_POINT ( 'NONE',  ( 4.684161637422525892, -22.89999999999999503, -8.199999999999999289 ) ) ;
#2824 = ADVANCED_FACE ( 'NONE', ( #5381 ), #2449, .F. ) ;
#2825 = FACE_OUTER_BOUND ( 'NONE', #928, .T. ) ;
#2826 = CARTESIAN_POINT ( 'NONE',  ( 18.80000000000000071, 16.60000000000000497, -22.59999999999999787 ) ) ;
#2827 = ORIENTED_EDGE ( 'NONE', *, *, #6377, .T. ) ;
#2828 = ORIENTED_EDGE ( 'NONE', *, *, #802, .F. ) ;
#2829 = CARTESIAN_POINT ( 'NONE',  ( 0.3575172693160809656, 20.58548963841033341, -17.85550961202308429 ) ) ;
#2830 = DIRECTION ( 'NONE',  ( 0.000000000000000000, -1.000000000000000000, 0.000000000000000000 ) ) ;
#2831 = CARTESIAN_POINT ( 'NONE',  ( 10.90000000000000391, 27.60000000000000142, -14.59999999999999964 ) ) ;
#2832 = DIRECTION ( 'NONE',  ( 0.000000000000000000, 1.000000000000000000, 0.000000000000000000 ) ) ;
#2833 = CARTESIAN_POINT ( 'NONE',  ( 14.90000000000000391, 24.10000000000000142, -9.599999999999999645 ) ) ;
#2834 = DIRECTION ( 'NONE',  ( -1.000000000000000000, -0.000000000000000000, -0.000000000000000000 ) ) ;
#2835 = CARTESIAN_POINT ( 'NONE',  ( 4.684161637422525004, -24.64999999999999503, -12.39999999999999858 ) ) ;
#2836 = ADVANCED_FACE ( 'NONE', ( #4754 ), #2378, .F. ) ;
#2837 = ORIENTED_EDGE ( 'NONE', *, *, #5139, .F. ) ;
#2838 = ORIENTED_EDGE ( 'NONE', *, *, #5492, .T. ) ;
#2839 = DIRECTION ( 'NONE',  ( 0.000000000000000000, 0.000000000000000000, 1.000000000000000000 ) ) ;
#2840 = CARTESIAN_POINT ( 'NONE',  ( 31.39999999999999858, -22.38341924626905310, 19.59999999999999787 ) ) ;
#2841 = DIRECTION ( 'NONE',  ( 0.000000000000000000, 1.535153518563546084E-16, -1.000000000000000000 ) ) ;
#2842 = CARTESIAN_POINT ( 'NONE',  ( 28.60000000000000142, 3.233161507461900896, 19.60000000000000142 ) ) ;
#2843 =( BOUNDED_CURVE ( )  B_SPLINE_CURVE ( 3, ( #3349, #5181, #4584, #7646 ),
 .UNSPECIFIED., .F., .F. ) 
 B_SPLINE_CURVE_WITH_KNOTS ( ( 4, 4 ),
 ( 1.570796326794896558, 3.141592653589793116 ),
 .UNSPECIFIED. ) 
 CURVE ( )  GEOMETRIC_REPRESENTATION_ITEM ( )  RATIONAL_B_SPLINE_CURVE ( ( 1.000000000000000000, 0.8047378541243649375, 0.8047378541243649375, 1.000000000000000000 ) ) 
 REPRESENTATION_ITEM ( '' )  );
#2844 = ADVANCED_FACE ( 'NONE', ( #113 ), #3124, .F. ) ;
#2845 = EDGE_LOOP ( 'NONE', ( #1841, #1429, #379, #645 ) ) ;
#2846 = EDGE_CURVE ( 'NONE', #7278, #1468, #7601, .T. ) ;
#2847 = ORIENTED_EDGE ( 'NONE', *, *, #3086, .F. ) ;
#2848 = DIRECTION ( 'NONE',  ( 0.000000000000000000, 0.000000000000000000, -1.000000000000000000 ) ) ;
#2849 = DIRECTION ( 'NONE',  ( 1.000000000000000000, 0.000000000000000000, 0.000000000000000000 ) ) ;
#2850 = CIRCLE ( 'NONE', #7162, 1.600000000000000755 ) ;
#2851 = CYLINDRICAL_SURFACE ( 'NONE', #6039, 6.999999999999999112 ) ;
#2852 = EDGE_CURVE ( 'NONE', #421, #71, #6739, .T. ) ;
#2853 = EDGE_LOOP ( 'NONE', ( #72, #514, #5747, #5605 ) ) ;
#2854 = VERTEX_POINT ( 'NONE', #7227 ) ;
#2855 = AXIS2_PLACEMENT_3D ( 'NONE', #4775, #7201, #498 ) ;
#2856 = VERTEX_POINT ( 'NONE', #3714 ) ;
#2857 = ORIENTED_EDGE ( 'NONE', *, *, #2596, .T. ) ;
#2858 = DIRECTION ( 'NONE',  ( -0.8660254037844384856, -0.5000000000000002220, 0.000000000000000000 ) ) ;
#2859 = LINE ( 'NONE', #2341, #109 ) ;
#2860 = CARTESIAN_POINT ( 'NONE',  ( 2.799999999999999822, -10.39733749649842842, -11.83967425483217006 ) ) ;
#2861 = PLANE ( 'NONE',  #5903 ) ;
#2862 = VECTOR ( 'NONE', #5052, 1000.000000000000000 ) ;
#2863 = ADVANCED_FACE ( 'NONE', ( #3679, #665 ), #6131, .T. ) ;
#2864 = CIRCLE ( 'NONE', #593, 8.100000000000004974 ) ;
#2865 = ORIENTED_EDGE ( 'NONE', *, *, #1792, .T. ) ;
#2866 = VERTEX_POINT ( 'NONE', #635 ) ;
#2867 = CARTESIAN_POINT ( 'NONE',  ( 3.014510361589735510, 23.24248273068377912, -17.85550961202342890 ) ) ;
#2868 = DIRECTION ( 'NONE',  ( -0.000000000000000000, -1.000000000000000000, -0.000000000000000000 ) ) ;
#2869 = DIRECTION ( 'NONE',  ( -0.7071067811865492381, 0.7071067811865457964, 0.000000000000000000 ) ) ;
#2870 = AXIS2_PLACEMENT_3D ( 'NONE', #4048, #4006, #6428 ) ;
#2871 = DIRECTION ( 'NONE',  ( 0.000000000000000000, -1.000000000000000000, -1.535153518563545591E-16 ) ) ;
#2872 = AXIS2_PLACEMENT_3D ( 'NONE', #3781, #4329, #1435 ) ;
#2873 = CARTESIAN_POINT ( 'NONE',  ( 15.09272663487029220, 23.70016658394316877, -9.714546730259424834 ) ) ;
#2874 = DIRECTION ( 'NONE',  ( 0.7071067811865475727, 0.7071067811865474617, 1.085517463138671797E-16 ) ) ;
#2875 = LINE ( 'NONE', #3986, #5142 ) ;
#2876 = VECTOR ( 'NONE', #3415, 1000.000000000000000 ) ;
#2877 = ORIENTED_EDGE ( 'NONE', *, *, #1679, .T. ) ;
#2878 = AXIS2_PLACEMENT_3D ( 'NONE', #7817, #1671, #2335 ) ;
#2879 = ORIENTED_EDGE ( 'NONE', *, *, #1548, .F. ) ;
#2880 = ORIENTED_EDGE ( 'NONE', *, *, #5752, .F. ) ;
#2881 = CARTESIAN_POINT ( 'NONE',  ( 0.000000000000000000, 16.83606797749979123, -15.60000000000000142 ) ) ;
#2882 = CARTESIAN_POINT ( 'NONE',  ( 32.60000000000000142, -24.00000000000000355, 22.59999999999999787 ) ) ;
#2883 = CARTESIAN_POINT ( 'NONE',  ( 2.544103243569077577, -22.89999999999999503, -19.74373339050174536 ) ) ;
#2884 = DIRECTION ( 'NONE',  ( 0.000000000000000000, -0.000000000000000000, -1.000000000000000000 ) ) ;
#2885 = EDGE_CURVE ( 'NONE', #3636, #4317, #2967, .T. ) ;
#2886 = AXIS2_PLACEMENT_3D ( 'NONE', #2058, #1455, #3876 ) ;
#2887 = CARTESIAN_POINT ( 'NONE',  ( 36.00000000000000711, -12.59999999999999609, 5.721150157109079259 ) ) ;
#2888 = ORIENTED_EDGE ( 'NONE', *, *, #2976, .F. ) ;
#2889 = CIRCLE ( 'NONE', #5921, 3.000000000000000888 ) ;
#2890 = EDGE_LOOP ( 'NONE', ( #5078, #7136, #4259 ) ) ;
#2891 = DIRECTION ( 'NONE',  ( -1.000000000000000000, -0.000000000000000000, -0.000000000000000000 ) ) ;
#2892 = DIRECTION ( 'NONE',  ( 0.000000000000000000, 0.000000000000000000, -1.000000000000000000 ) ) ;
#2893 = EDGE_CURVE ( 'NONE', #4597, #6994, #47, .T. ) ;
#2894 = AXIS2_PLACEMENT_3D ( 'NONE', #799, #3149, #3065 ) ;
#2895 = CARTESIAN_POINT ( 'NONE',  ( 0.05674944942408934045, -15.42949531721120948, -16.49062031314799626 ) ) ;
#2896 = ADVANCED_FACE ( 'NONE', ( #7291 ), #2144, .T. ) ;
#2897 = EDGE_LOOP ( 'NONE', ( #5519, #2096, #2152, #846 ) ) ;
#2898 = ORIENTED_EDGE ( 'NONE', *, *, #4925, .F. ) ;
#2899 = CIRCLE ( 'NONE', #7340, 8.100000000000004974 ) ;
#2900 = EDGE_LOOP ( 'NONE', ( #2445, #2407, #5399, #1364, #834, #7832, #3290, #5152, #5378, #497, #4299, #4826, #4762, #1342, #7246, #4009, #5388, #6820, #4988, #508, #4007, #7788, #6072, #644, #6476, #3926 ) ) ;
#2901 = ORIENTED_EDGE ( 'NONE', *, *, #7462, .F. ) ;
#2902 = AXIS2_PLACEMENT_3D ( 'NONE', #3476, #1576, #4711 ) ;
#2903 = LINE ( 'NONE', #6479, #6151 ) ;
#2904 = DIRECTION ( 'NONE',  ( -0.000000000000000000, -0.000000000000000000, -1.000000000000000000 ) ) ;
#2905 = EDGE_CURVE ( 'NONE', #187, #2647, #1788, .T. ) ;
#2906 = CARTESIAN_POINT ( 'NONE',  ( 12.90000000000000213, 19.59999999999999432, 9.680000000000001492 ) ) ;
#2907 = CARTESIAN_POINT ( 'NONE',  ( 2.800000000000000266, 23.59999999999999432, 22.60000000000000497 ) ) ;
#2908 = CIRCLE ( 'NONE', #884, 1.000000000000000888 ) ;
#2909 = B_SPLINE_CURVE_WITH_KNOTS ( 'NONE', 3,
 ( #1392, #3809, #3722, #1134, #5364, #7793, #6142, #2353, #4958, #5081 ),
 .UNSPECIFIED., .F., .F.,
 ( 4, 2, 2, 2, 4 ),
 ( 0.000000000000000000, 0.0009182483552328669744, 0.001836496710465733949, 0.002754745065698600923, 0.003672993420931467898 ),
 .UNSPECIFIED. ) ;
#2910 = ORIENTED_EDGE ( 'NONE', *, *, #3935, .T. ) ;
#2911 = ORIENTED_EDGE ( 'NONE', *, *, #6305, .F. ) ;
#2912 = CARTESIAN_POINT ( 'NONE',  ( 2.364313942220221954, 21.23568605777843388, -20.95212502300183388 ) ) ;
#2913 = CARTESIAN_POINT ( 'NONE',  ( 10.40000000000000213, 23.60000000000000142, -15.10000000000000142 ) ) ;
#2914 = EDGE_CURVE ( 'NONE', #2268, #355, #3600, .T. ) ;
#2915 = CARTESIAN_POINT ( 'NONE',  ( 5.783381086154989248, -23.10638492763736451, -7.849337139160889265 ) ) ;
#2916 = DIRECTION ( 'NONE',  ( 0.000000000000000000, 0.000000000000000000, 1.000000000000000000 ) ) ;
#2917 = CARTESIAN_POINT ( 'NONE',  ( 14.60033316788633861, 23.79272663487028794, -9.499833416056832291 ) ) ;
#2918 = DIRECTION ( 'NONE',  ( 0.000000000000000000, -0.7682212795973759611, 0.6401843996644797086 ) ) ;
#2919 = DIRECTION ( 'NONE',  ( 0.000000000000000000, 1.000000000000000000, 0.000000000000000000 ) ) ;
#2920 = ORIENTED_EDGE ( 'NONE', *, *, #6333, .T. ) ;
#2921 = ORIENTED_EDGE ( 'NONE', *, *, #3531, .T. ) ;
#2922 = VERTEX_POINT ( 'NONE', #5429 ) ;
#2923 = CARTESIAN_POINT ( 'NONE',  ( 2.799999999999999822, -3.498314677414608553, -15.36032574516783455 ) ) ;
#2924 = CARTESIAN_POINT ( 'NONE',  ( 4.900000000000001243, 22.09999999999999787, 0.5000000000000036637 ) ) ;
#2925 = FACE_BOUND ( 'NONE', #6733, .T. ) ;
#2926 = CARTESIAN_POINT ( 'NONE',  ( 25.80000000000000071, -10.39733749649842842, -11.83967425483217006 ) ) ;
#2927 = CARTESIAN_POINT ( 'NONE',  ( 25.80000000000000071, 10.73193974556610186, -15.75811314734042945 ) ) ;
#2928 = VECTOR ( 'NONE', #7576, 1000.000000000000000 ) ;
#2929 = EDGE_LOOP ( 'NONE', ( #2154, #2778, #6823, #3943 ) ) ;
#2930 = ORIENTED_EDGE ( 'NONE', *, *, #6344, .T. ) ;
#2931 = DIRECTION ( 'NONE',  ( -1.000000000000000000, -0.000000000000000000, 0.000000000000000000 ) ) ;
#2932 = CARTESIAN_POINT ( 'NONE',  ( 26.21421356237309297, -22.14427293453094947, 17.09999999999999787 ) ) ;
#2933 = DIRECTION ( 'NONE',  ( 1.000000000000000000, 0.000000000000000000, 0.000000000000000000 ) ) ;
#2934 = EDGE_LOOP ( 'NONE', ( #6561, #4760, #968, #6477, #4083, #3750, #7799, #1177, #7115, #4722 ) ) ;
#2935 = ORIENTED_EDGE ( 'NONE', *, *, #667, .F. ) ;
#2936 = EDGE_CURVE ( 'NONE', #1067, #2755, #3082, .T. ) ;
#2937 = ORIENTED_EDGE ( 'NONE', *, *, #4077, .T. ) ;
#2938 = VERTEX_POINT ( 'NONE', #6816 ) ;
#2939 = EDGE_CURVE ( 'NONE', #6625, #519, #3319, .T. ) ;
#2940 = CARTESIAN_POINT ( 'NONE',  ( 3.299999999999999822, -21.40000000000000568, -11.89999999999999680 ) ) ;
#2941 = FACE_OUTER_BOUND ( 'NONE', #1366, .T. ) ;
#2942 = DIRECTION ( 'NONE',  ( 0.000000000000000000, 0.000000000000000000, 1.000000000000000000 ) ) ;
#2943 = LINE ( 'NONE', #5355, #5784 ) ;
#2944 = VERTEX_POINT ( 'NONE', #6935 ) ;
#2945 = ADVANCED_FACE ( 'NONE', ( #6772 ), #1333, .T. ) ;
#2946 = ORIENTED_EDGE ( 'NONE', *, *, #126, .F. ) ;
#2947 = EDGE_CURVE ( 'NONE', #1067, #5498, #2091, .T. ) ;
#2948 = CARTESIAN_POINT ( 'NONE',  ( 3.355107285203685841, 22.67482119132675678, -19.10805472180776476 ) ) ;
#2949 = CARTESIAN_POINT ( 'NONE',  ( 11.39999999996729763, 24.03453835922318760, -14.60000000000000142 ) ) ;
#2950 = DIRECTION ( 'NONE',  ( 0.000000000000000000, 1.000000000000000000, 0.000000000000000000 ) ) ;
#2951 = CYLINDRICAL_SURFACE ( 'NONE', #6941, 5.000000000000000000 ) ;
#2952 = CARTESIAN_POINT ( 'NONE',  ( 0.000000000000000000, -17.59999999999999787, 5.721150157109079259 ) ) ;
#2953 = FACE_OUTER_BOUND ( 'NONE', #6874, .T. ) ;
#2954 = ORIENTED_EDGE ( 'NONE', *, *, #6681, .T. ) ;
#2955 = EDGE_CURVE ( 'NONE', #5309, #7238, #4387, .T. ) ;
#2956 = EDGE_LOOP ( 'NONE', ( #6204, #6508, #5244, #5988 ) ) ;
#2957 = ORIENTED_EDGE ( 'NONE', *, *, #6090, .T. ) ;
#2958 = CARTESIAN_POINT ( 'NONE',  ( 5.899999999999998579, 19.60000000000000142, -10.49999999999999645 ) ) ;
#2959 = DIRECTION ( 'NONE',  ( 0.000000000000000000, 1.000000000000000000, 1.535153518563546084E-16 ) ) ;
#2960 = DIRECTION ( 'NONE',  ( -1.000000000000000000, 0.000000000000000000, 0.000000000000000000 ) ) ;
#2961 = DIRECTION ( 'NONE',  ( 1.000000000000000000, 0.000000000000000000, -0.000000000000000000 ) ) ;
#2962 = CARTESIAN_POINT ( 'NONE',  ( 25.80000000000000071, -23.90000000000000568, 16.09999999999999787 ) ) ;
#2963 = EDGE_CURVE ( 'NONE', #521, #4562, #2603, .T. ) ;
#2964 = ORIENTED_EDGE ( 'NONE', *, *, #5756, .F. ) ;
#2965 = DIRECTION ( 'NONE',  ( 0.000000000000000000, -2.090028284309406488E-16, 1.000000000000000000 ) ) ;
#2966 = DIRECTION ( 'NONE',  ( 0.000000000000000000, 0.000000000000000000, 1.000000000000000000 ) ) ;
#2967 = LINE ( 'NONE', #1857, #3158 ) ;
#2968 = DIRECTION ( 'NONE',  ( 0.000000000000000000, 0.000000000000000000, 1.000000000000000000 ) ) ;
#2969 = VERTEX_POINT ( 'NONE', #3240 ) ;
#2970 = VERTEX_POINT ( 'NONE', #270 ) ;
#2971 = ORIENTED_EDGE ( 'NONE', *, *, #4798, .F. ) ;
#2972 = AXIS2_PLACEMENT_3D ( 'NONE', #4903, #7852, #7168 ) ;
#2973 = CARTESIAN_POINT ( 'NONE',  ( 25.80000000000000071, -17.60000000000000497, -11.15269009426543789 ) ) ;
#2974 = CYLINDRICAL_SURFACE ( 'NONE', #6186, 1.750000000000000000 ) ;
#2975 = FACE_OUTER_BOUND ( 'NONE', #520, .T. ) ;
#2976 = EDGE_CURVE ( 'NONE', #1627, #6302, #4348, .T. ) ;
#2977 = DIRECTION ( 'NONE',  ( -0.7071067811865475727, -0.7071067811865474617, -1.085517463138672043E-16 ) ) ;
#2978 = EDGE_CURVE ( 'NONE', #6432, #4721, #747, .T. ) ;
#2979 = CIRCLE ( 'NONE', #6139, 1.100000000000000089 ) ;
#2980 = VERTEX_POINT ( 'NONE', #906 ) ;
#2981 = ADVANCED_BREP_SHAPE_REPRESENTATION ( '#5舵机固定架夹爪', ( #3395, #6841 ), #1384 ) ;
#2982 = VECTOR ( 'NONE', #3254, 1000.000000000000000 ) ;
#2983 = EDGE_LOOP ( 'NONE', ( #1188, #5861, #2462, #4645 ) ) ;
#2984 = CARTESIAN_POINT ( 'NONE',  ( 13.69289321881345600, 27.09999999999999787, -10.10000000000000142 ) ) ;
#2985 = CARTESIAN_POINT ( 'NONE',  ( 11.40000000000000213, 24.10000000000000497, -14.60000000000000142 ) ) ;
#2986 = DIRECTION ( 'NONE',  ( -0.000000000000000000, 0.5867752483892763049, -0.8097498427772017449 ) ) ;
#2987 = VECTOR ( 'NONE', #2447, 1000.000000000000000 ) ;
#2988 = DIRECTION ( 'NONE',  ( 0.000000000000000000, -2.011273595335428572E-16, 1.000000000000000000 ) ) ;
#2989 = DIRECTION ( 'NONE',  ( 0.000000000000000000, 0.000000000000000000, 1.000000000000000000 ) ) ;
#2990 = EDGE_CURVE ( 'NONE', #2755, #6313, #4700, .T. ) ;
#2991 = VECTOR ( 'NONE', #5604, 1000.000000000000000 ) ;
#2992 = CARTESIAN_POINT ( 'NONE',  ( 12.90000000000000036, 19.60000000000000142, -17.49999999999999645 ) ) ;
#2993 = EDGE_CURVE ( 'NONE', #5793, #4570, #7456, .T. ) ;
#2994 = ORIENTED_EDGE ( 'NONE', *, *, #2644, .F. ) ;
#2995 = AXIS2_PLACEMENT_3D ( 'NONE', #5443, #3816, #4362 ) ;
#2996 = EDGE_LOOP ( 'NONE', ( #4842, #3698, #6219, #2037 ) ) ;
#2997 = VERTEX_POINT ( 'NONE', #1937 ) ;
#2998 = AXIS2_PLACEMENT_3D ( 'NONE', #5961, #2427, #6075 ) ;
#2999 = CIRCLE ( 'NONE', #978, 0.5000000000000000000 ) ;
#3000 = LINE ( 'NONE', #23, #228 ) ;
#3001 = DIRECTION ( 'NONE',  ( -0.000000000000000000, -0.5867752483892763049, -0.8097498427772017449 ) ) ;
#3002 = DIRECTION ( 'NONE',  ( -0.7071067811865441310, 0.7071067811865510144, 0.000000000000000000 ) ) ;
#3003 = FACE_BOUND ( 'NONE', #5933, .T. ) ;
#3004 = EDGE_CURVE ( 'NONE', #4562, #3655, #2171, .T. ) ;
#3005 = DIRECTION ( 'NONE',  ( 0.4999999999999997780, 0.8660254037844388186, -0.000000000000000000 ) ) ;
#3006 = CIRCLE ( 'NONE', #7439, 2.999999999999999112 ) ;
#3007 = AXIS2_PLACEMENT_3D ( 'NONE', #5486, #1292, #1895 ) ;
#3008 = EDGE_LOOP ( 'NONE', ( #6356, #5254 ) ) ;
#3009 = AXIS2_PLACEMENT_3D ( 'NONE', #6471, #7138, #5829 ) ;
#3010 = CARTESIAN_POINT ( 'NONE',  ( 4.336808689942017736E-16, -22.38341924626905310, 19.59999999999999787 ) ) ;
#3011 = CIRCLE ( 'NONE', #6684, 2.999999999999999112 ) ;
#3012 = LINE ( 'NONE', #5534, #3130 ) ;
#3013 = DIRECTION ( 'NONE',  ( 0.000000000000000000, 2.011273595335428572E-16, -1.000000000000000000 ) ) ;
#3014 = EDGE_CURVE ( 'NONE', #2339, #6157, #819, .T. ) ;
#3015 = CARTESIAN_POINT ( 'NONE',  ( 0.000000000000000000, 12.82658702483003488, -13.59999999999999787 ) ) ;
#3016 = VERTEX_POINT ( 'NONE', #1452 ) ;
#3017 = AXIS2_PLACEMENT_3D ( 'NONE', #6845, #5638, #4458 ) ;
#3018 = ORIENTED_EDGE ( 'NONE', *, *, #3710, .T. ) ;
#3019 = ORIENTED_EDGE ( 'NONE', *, *, #3524, .T. ) ;
#3020 = VECTOR ( 'NONE', #3675, 1000.000000000000000 ) ;
#3021 = CYLINDRICAL_SURFACE ( 'NONE', #4640, 1.100000000000000089 ) ;
#3022 = AXIS2_PLACEMENT_3D ( 'NONE', #6150, #46, #723 ) ;
#3023 = CARTESIAN_POINT ( 'NONE',  ( 0.000000000000000000, 16.83606797749979123, -15.60000000000000142 ) ) ;
#3024 = CARTESIAN_POINT ( 'NONE',  ( 31.39999999999999858, -22.38341924626905310, 17.09999999999999787 ) ) ;
#3025 = TOROIDAL_SURFACE ( 'NONE', #5178, 10.49999999999999645, 0.5000000000000000000 ) ;
#3026 = EDGE_LOOP ( 'NONE', ( #6448, #3836, #2739, #5357 ) ) ;
#3027 = AXIS2_PLACEMENT_3D ( 'NONE', #7191, #1161, #3542 ) ;
#3028 = ADVANCED_FACE ( 'NONE', ( #150 ), #3834, .F. ) ;
#3029 = ORIENTED_EDGE ( 'NONE', *, *, #1304, .F. ) ;
#3030 = FACE_OUTER_BOUND ( 'NONE', #1422, .T. ) ;
#3031 = CARTESIAN_POINT ( 'NONE',  ( 10.46546164329559048, 23.60000000000000142, -14.96907671340930612 ) ) ;
#3032 = VECTOR ( 'NONE', #5232, 1000.000000000000000 ) ;
#3033 = LINE ( 'NONE', #1686, #4558 ) ;
#3034 = DIRECTION ( 'NONE',  ( 3.469446951953611033E-15, 0.000000000000000000, -1.000000000000000000 ) ) ;
#3035 = VECTOR ( 'NONE', #140, 1000.000000000000000 ) ;
#3036 = CARTESIAN_POINT ( 'NONE',  ( 23.00000000000000000, 13.52568602459994906, 3.590136808213382213 ) ) ;
#3037 = EDGE_LOOP ( 'NONE', ( #3287, #3959, #5908, #4437, #3456 ) ) ;
#3038 = VERTEX_POINT ( 'NONE', #3285 ) ;
#3039 = EDGE_CURVE ( 'NONE', #6898, #6955, #5962, .T. ) ;
#3040 = VERTEX_POINT ( 'NONE', #6895 ) ;
#3041 = APPROVAL_PERSON_ORGANIZATION ( #5003, #3169, #7315 ) ;
#3042 = DIRECTION ( 'NONE',  ( 0.7071067811865492381, 0.7071067811865457964, 0.000000000000000000 ) ) ;
#3043 = DIRECTION ( 'NONE',  ( 0.8660254037844384856, 0.5000000000000002220, 0.000000000000000000 ) ) ;
#3044 = DIRECTION ( 'NONE',  ( 0.000000000000000000, 0.000000000000000000, -1.000000000000000000 ) ) ;
#3045 = EDGE_CURVE ( 'NONE', #7800, #6982, #2686, .T. ) ;
#3046 = FACE_OUTER_BOUND ( 'NONE', #4668, .T. ) ;
#3047 = LINE ( 'NONE', #4195, #6781 ) ;
#3048 = VERTEX_POINT ( 'NONE', #6341 ) ;
#3049 = ADVANCED_FACE ( 'NONE', ( #1975 ), #5733, .T. ) ;
#3050 = DIRECTION ( 'NONE',  ( -0.000000000000000000, -1.000000000000000000, -0.000000000000000000 ) ) ;
#3051 = CARTESIAN_POINT ( 'NONE',  ( 23.00000000000000000, 14.60000000000000320, -11.15269009426543967 ) ) ;
#3052 = DIRECTION ( 'NONE',  ( 0.000000000000000000, 0.000000000000000000, 1.000000000000000000 ) ) ;
#3053 = VECTOR ( 'NONE', #7498, 1000.000000000000000 ) ;
#3054 = DIRECTION ( 'NONE',  ( 0.000000000000000000, 1.000000000000000000, 1.515042337097648137E-16 ) ) ;
#3055 = EDGE_LOOP ( 'NONE', ( #4595, #3555, #1032, #1302, #617 ) ) ;
#3056 = VERTEX_POINT ( 'NONE', #184 ) ;
#3057 = EDGE_CURVE ( 'NONE', #6362, #5473, #3993, .T. ) ;
#3058 = ORIENTED_EDGE ( 'NONE', *, *, #330, .T. ) ;
#3059 = CARTESIAN_POINT ( 'NONE',  ( 20.89999999999999858, 19.59999999999999787, 0.5000000000000032196 ) ) ;
#3060 = DIRECTION ( 'NONE',  ( 0.000000000000000000, 0.000000000000000000, 1.000000000000000000 ) ) ;
#3061 = CARTESIAN_POINT ( 'NONE',  ( 28.59999999999999787, -27.23316150746190800, 19.59999999999999787 ) ) ;
#3062 = ORIENTED_EDGE ( 'NONE', *, *, #764, .T. ) ;
#3063 = VERTEX_POINT ( 'NONE', #1064 ) ;
#3064 = DIRECTION ( 'NONE',  ( -1.000000000000000000, -0.000000000000000000, -0.000000000000000000 ) ) ;
#3065 = DIRECTION ( 'NONE',  ( 0.000000000000000000, 0.000000000000000000, -1.000000000000000000 ) ) ;
#3066 = CARTESIAN_POINT ( 'NONE',  ( 23.50000000000000000, -22.39999999999999503, -19.99999999999999645 ) ) ;
#3067 = CARTESIAN_POINT ( 'NONE',  ( 28.60000000000000142, -20.76683849253809910, 17.10000000000000142 ) ) ;
#3068 = CARTESIAN_POINT ( 'NONE',  ( 21.11583836257748814, -24.64999999999999503, -12.39999999999999858 ) ) ;
#3069 = EDGE_LOOP ( 'NONE', ( #1231, #1625, #3095, #7782, #6906 ) ) ;
#3070 = ORIENTED_EDGE ( 'NONE', *, *, #6643, .F. ) ;
#3071 = ORIENTED_EDGE ( 'NONE', *, *, #5274, .F. ) ;
#3072 = CARTESIAN_POINT ( 'NONE',  ( 0.07179676972448884031, -12.82658702483003488, -16.59999999999999787 ) ) ;
#3073 = DIRECTION ( 'NONE',  ( -0.000000000000000000, 0.000000000000000000, 1.000000000000000000 ) ) ;
#3074 = CARTESIAN_POINT ( 'NONE',  ( 10.90361896949656817, 23.66310680357071305, -9.351809484748253354 ) ) ;
#3075 = PLANE ( 'NONE',  #2972 ) ;
#3076 = DIRECTION ( 'NONE',  ( 0.000000000000000000, 0.000000000000000000, 1.000000000000000000 ) ) ;
#3077 = ADVANCED_FACE ( 'NONE', ( #3957 ), #2212, .T. ) ;
#3078 = ORIENTED_EDGE ( 'NONE', *, *, #7416, .F. ) ;
#3079 = LINE ( 'NONE', #146, #364 ) ;
#3080 = DIRECTION ( 'NONE',  ( -0.000000000000000000, -0.000000000000000000, -1.000000000000000000 ) ) ;
#3081 = CARTESIAN_POINT ( 'NONE',  ( 0.000000000000000000, 19.59999999999999432, -19.49999999999999645 ) ) ;
#3082 = LINE ( 'NONE', #3756, #1157 ) ;
#3083 = EDGE_CURVE ( 'NONE', #703, #7299, #3199, .T. ) ;
#3084 = DIRECTION ( 'NONE',  ( 0.000000000000000000, -0.000000000000000000, -1.000000000000000000 ) ) ;
#3085 = VERTEX_POINT ( 'NONE', #2809 ) ;
#3086 = EDGE_CURVE ( 'NONE', #5550, #6109, #670, .T. ) ;
#3087 = VERTEX_POINT ( 'NONE', #2256 ) ;
#3088 = VERTEX_POINT ( 'NONE', #2295 ) ;
#3089 = CARTESIAN_POINT ( 'NONE',  ( 2.400000000000009681, -34.39999999999999858, -12.39999999999999858 ) ) ;
#3090 = DIRECTION ( 'NONE',  ( 0.000000000000000000, 0.000000000000000000, 1.000000000000000000 ) ) ;
#3091 = CARTESIAN_POINT ( 'NONE',  ( -2.799999999999999822, -3.766896785601943786E-15, 19.60000000000000142 ) ) ;
#3092 = EDGE_CURVE ( 'NONE', #6157, #7150, #5113, .T. ) ;
#3093 = CARTESIAN_POINT ( 'NONE',  ( 23.00000000000000000, 9.592149841619608708, -6.950833218564932636 ) ) ;
#3094 = ORIENTED_EDGE ( 'NONE', *, *, #3707, .T. ) ;
#3095 = ORIENTED_EDGE ( 'NONE', *, *, #969, .F. ) ;
#3096 = FACE_OUTER_BOUND ( 'NONE', #4687, .T. ) ;
#3097 = CARTESIAN_POINT ( 'NONE',  ( 25.72820323027550771, -1.281164872744274152, -16.59999999999999787 ) ) ;
#3098 = APPLICATION_PROTOCOL_DEFINITION ( 'international standard', 'config_control_design', 1994, #6495 ) ;
#3099 = DIRECTION ( 'NONE',  ( 0.000000000000000000, 0.000000000000000000, -1.000000000000000000 ) ) ;
#3100 = EDGE_CURVE ( 'NONE', #2668, #3447, #5303, .T. ) ;
#3101 = CARTESIAN_POINT ( 'NONE',  ( 15.14819051525172888, 23.66310680357072371, -14.59638103050343716 ) ) ;
#3102 = VECTOR ( 'NONE', #6209, 1000.000000000000000 ) ;
#3103 = EDGE_LOOP ( 'NONE', ( #3360, #6211 ) ) ;
#3104 = ORIENTED_EDGE ( 'NONE', *, *, #6388, .T. ) ;
#3105 = ORIENTED_EDGE ( 'NONE', *, *, #7350, .F. ) ;
#3106 = AXIS2_PLACEMENT_3D ( 'NONE', #7174, #2374, #1747 ) ;
#3107 = CARTESIAN_POINT ( 'NONE',  ( 21.11583836257748814, -24.64999999999999503, -12.39999999999999858 ) ) ;
#3108 = CARTESIAN_POINT ( 'NONE',  ( 4.873383033493290384, -22.89999999999999503, -8.139555758263515628 ) ) ;
#3109 = VECTOR ( 'NONE', #4463, 1000.000000000000000 ) ;
#3110 = FACE_OUTER_BOUND ( 'NONE', #4847, .T. ) ;
#3111 = CARTESIAN_POINT ( 'NONE',  ( 10.79983341605690761, 23.79272663487035899, -9.899666832113810599 ) ) ;
#3112 = DIRECTION ( 'NONE',  ( 0.000000000000000000, 0.000000000000000000, 1.000000000000000000 ) ) ;
#3113 = DIRECTION ( 'NONE',  ( 0.000000000000000000, 0.000000000000000000, 1.000000000000000000 ) ) ;
#3114 = VECTOR ( 'NONE', #3064, 1000.000000000000000 ) ;
#3115 = AXIS2_PLACEMENT_3D ( 'NONE', #643, #7196, #5995 ) ;
#3116 = VECTOR ( 'NONE', #7712, 1000.000000000000000 ) ;
#3117 = ORIENTED_EDGE ( 'NONE', *, *, #1267, .T. ) ;
#3118 = DIRECTION ( 'NONE',  ( 0.000000000000000000, 1.000000000000000000, 0.000000000000000000 ) ) ;
#3119 = EDGE_CURVE ( 'NONE', #1591, #6256, #4557, .T. ) ;
#3120 = LINE ( 'NONE', #4273, #5632 ) ;
#3121 = VECTOR ( 'NONE', #4320, 1000.000000000000000 ) ;
#3122 = CARTESIAN_POINT ( 'NONE',  ( 25.75487738403035465, 20.77292643041785070, -16.51628653275235692 ) ) ;
#3123 = FACE_OUTER_BOUND ( 'NONE', #920, .T. ) ;
#3124 = CYLINDRICAL_SURFACE ( 'NONE', #114, 2.999999999999999112 ) ;
#3125 = VECTOR ( 'NONE', #1635, 1000.000000000000000 ) ;
#3126 = EDGE_CURVE ( 'NONE', #461, #4121, #7133, .T. ) ;
#3127 = AXIS2_PLACEMENT_3D ( 'NONE', #4727, #7148, #7234 ) ;
#3128 = CARTESIAN_POINT ( 'NONE',  ( 3.299999999999999822, -21.40000000000000568, -12.39999999999999858 ) ) ;
#3129 = VERTEX_POINT ( 'NONE', #4591 ) ;
#3130 = VECTOR ( 'NONE', #2, 1000.000000000000000 ) ;
#3131 = ORIENTED_EDGE ( 'NONE', *, *, #1397, .F. ) ;
#3132 = VECTOR ( 'NONE', #2264, 999.9999999999998863 ) ;
#3133 = EDGE_CURVE ( 'NONE', #3820, #4318, #7054, .T. ) ;
#3134 = VERTEX_POINT ( 'NONE', #4040 ) ;
#3135 = DIRECTION ( 'NONE',  ( 0.000000000000000000, 0.000000000000000000, 1.000000000000000000 ) ) ;
#3136 = DIRECTION ( 'NONE',  ( 0.000000000000000000, -1.535153518563546084E-16, 1.000000000000000000 ) ) ;
#3137 = DIRECTION ( 'NONE',  ( 0.000000000000000000, 1.000000000000000000, 1.535153518563546084E-16 ) ) ;
#3138 = AXIS2_PLACEMENT_3D ( 'NONE', #1054, #2286, #4662 ) ;
#3139 = EDGE_CURVE ( 'NONE', #4708, #6618, #7654, .T. ) ;
#3140 = CARTESIAN_POINT ( 'NONE',  ( 31.39999999999999858, -22.38341924626905310, 19.59999999999999787 ) ) ;
#3141 = VECTOR ( 'NONE', #7487, 1000.000000000000000 ) ;
#3142 = DIRECTION ( 'NONE',  ( 1.000000000000000000, 0.000000000000000000, 0.000000000000000000 ) ) ;
#3143 = ORIENTED_EDGE ( 'NONE', *, *, #1579, .T. ) ;
#3144 = AXIS2_PLACEMENT_3D ( 'NONE', #1376, #3118, #7372 ) ;
#3145 = EDGE_CURVE ( 'NONE', #2553, #37, #7099, .T. ) ;
#3146 = VERTEX_POINT ( 'NONE', #6979 ) ;
#3147 = CIRCLE ( 'NONE', #496, 0.5000000000000004441 ) ;
#3148 = CARTESIAN_POINT ( 'NONE',  ( 13.69289321881345778, 27.59999999999999787, -10.10000000000000142 ) ) ;
#3149 = DIRECTION ( 'NONE',  ( 0.000000000000000000, -1.000000000000000000, -1.515042337097648137E-16 ) ) ;
#3150 = DATE_AND_TIME ( #2547, #2153 ) ;
#3151 = CARTESIAN_POINT ( 'NONE',  ( 25.79472648483391950, -16.53926440962093025, -15.89847398855441796 ) ) ;
#3152 = VECTOR ( 'NONE', #2986, 1000.000000000000114 ) ;
#3153 = FACE_OUTER_BOUND ( 'NONE', #6706, .T. ) ;
#3154 = AXIS2_PLACEMENT_3D ( 'NONE', #2684, #229, #4468 ) ;
#3155 = ORIENTED_EDGE ( 'NONE', *, *, #4223, .F. ) ;
#3156 = ADVANCED_FACE ( 'NONE', ( #1665, #395 ), #1100, .F. ) ;
#3157 = ORIENTED_EDGE ( 'NONE', *, *, #3524, .F. ) ;
#3158 = VECTOR ( 'NONE', #4231, 1000.000000000000000 ) ;
#3159 = DIRECTION ( 'NONE',  ( -0.7071067811865457964, 0.7071067811865492381, 0.000000000000000000 ) ) ;
#3160 = VECTOR ( 'NONE', #6967, 1000.000000000000000 ) ;
#3161 = CARTESIAN_POINT ( 'NONE',  ( 20.50000000000001066, -34.39999999999999858, -12.39999999999999858 ) ) ;
#3162 = DIRECTION ( 'NONE',  ( -0.000000000000000000, -0.000000000000000000, -1.000000000000000000 ) ) ;
#3163 = DIRECTION ( 'NONE',  ( 1.000000000000000000, 0.000000000000000000, 0.000000000000000000 ) ) ;
#3164 = FACE_OUTER_BOUND ( 'NONE', #5757, .T. ) ;
#3165 = APPROVAL_PERSON_ORGANIZATION ( #4364, #7582, #6792 ) ;
#3166 = ORIENTED_EDGE ( 'NONE', *, *, #5403, .F. ) ;
#3167 = PLANE ( 'NONE',  #5171 ) ;
#3168 = CARTESIAN_POINT ( 'NONE',  ( 25.80000000000000071, 22.90000000000000213, -22.59999999999999787 ) ) ;
#3169 = APPROVAL ( #767, '未指定' ) ;
#3170 = CARTESIAN_POINT ( 'NONE',  ( 20.66123506545096333, 19.70205844241825588, -21.89183072392315665 ) ) ;
#3171 = CARTESIAN_POINT ( 'NONE',  ( 0.005362250144714073019, 3.005735683360315047, -15.90079676451096624 ) ) ;
#3172 = CARTESIAN_POINT ( 'NONE',  ( 19.90000000000000213, 22.09999999999999787, -12.24999999999999645 ) ) ;
#3173 = DIRECTION ( 'NONE',  ( -0.7071067811865475727, 0.7071067811865474617, 1.085517463138671797E-16 ) ) ;
#3174 = ORIENTED_EDGE ( 'NONE', *, *, #3376, .F. ) ;
#3175 = ORIENTED_EDGE ( 'NONE', *, *, #7471, .F. ) ;
#3176 = ORIENTED_EDGE ( 'NONE', *, *, #848, .F. ) ;
#3177 = DIRECTION ( 'NONE',  ( 0.000000000000000000, 0.000000000000000000, 1.000000000000000000 ) ) ;
#3178 = CARTESIAN_POINT ( 'NONE',  ( 19.24500966919051592, -23.40000000000000213, -7.699999999999998401 ) ) ;
#3179 = LINE ( 'NONE', #7384, #7588 ) ;
#3180 = CYLINDRICAL_SURFACE ( 'NONE', #194, 2.999999999999999112 ) ;
#3181 = DIRECTION ( 'NONE',  ( 0.000000000000000000, 0.000000000000000000, 1.000000000000000000 ) ) ;
#3182 = ADVANCED_FACE ( 'NONE', ( #306 ), #5892, .T. ) ;
#3183 = ORIENTED_EDGE ( 'NONE', *, *, #1397, .T. ) ;
#3184 = ORIENTED_EDGE ( 'NONE', *, *, #3445, .T. ) ;
#3185 = FACE_OUTER_BOUND ( 'NONE', #984, .T. ) ;
#3186 = DIRECTION ( 'NONE',  ( 1.000000000000000000, 0.000000000000000000, -0.000000000000000000 ) ) ;
#3187 = DATE_AND_TIME ( #726, #4176 ) ;
#3188 = CARTESIAN_POINT ( 'NONE',  ( 25.79999999999999716, -16.69464727926393621, -15.75811314734043300 ) ) ;
#3189 = DIRECTION ( 'NONE',  ( 3.469446951953611033E-15, 0.000000000000000000, 1.000000000000000000 ) ) ;
#3190 = EDGE_CURVE ( 'NONE', #3963, #2621, #5007, .T. ) ;
#3191 = ORIENTED_EDGE ( 'NONE', *, *, #7556, .F. ) ;
#3192 = EDGE_CURVE ( 'NONE', #2687, #7729, #6021, .T. ) ;
#3193 = ORIENTED_EDGE ( 'NONE', *, *, #5603, .F. ) ;
#3194 = DIRECTION ( 'NONE',  ( -1.000000000000000000, 0.000000000000000000, 0.000000000000000000 ) ) ;
#3195 = DIRECTION ( 'NONE',  ( -1.000000000000000000, -0.000000000000000000, -0.000000000000000000 ) ) ;
#3196 = DIRECTION ( 'NONE',  ( -0.000000000000000000, -1.000000000000000000, -1.515042337097648137E-16 ) ) ;
#3197 = CARTESIAN_POINT ( 'NONE',  ( 23.40000000000000568, -34.39999999999999858, -7.699999999999998401 ) ) ;
#3198 = CARTESIAN_POINT ( 'NONE',  ( 23.00000000000000000, 20.09999999999999787, -19.49999999999999645 ) ) ;
#3199 = CIRCLE ( 'NONE', #1689, 10.99999999999999822 ) ;
#3200 = DIRECTION ( 'NONE',  ( 0.000000000000000000, 0.000000000000000000, 1.000000000000000000 ) ) ;
#3201 = EDGE_CURVE ( 'NONE', #6391, #1039, #3723, .T. ) ;
#3202 = ORIENTED_EDGE ( 'NONE', *, *, #6972, .T. ) ;
#3203 = DIRECTION ( 'NONE',  ( 0.000000000000000000, 0.000000000000000000, -1.000000000000000000 ) ) ;
#3204 = CARTESIAN_POINT ( 'NONE',  ( 5.167764805169672293, 17.69934111689754275, -22.41780873489072690 ) ) ;
#3205 = CARTESIAN_POINT ( 'NONE',  ( 19.53300691107225262, 17.33300691107630342, -22.60000000000134790 ) ) ;
#3206 = CARTESIAN_POINT ( 'NONE',  ( 0.000000000000000000, -16.83606797749978767, -15.60000000000000497 ) ) ;
#3207 = DIRECTION ( 'NONE',  ( 1.000000000000000000, 0.000000000000000000, 0.000000000000000000 ) ) ;
#3208 = CARTESIAN_POINT ( 'NONE',  ( 23.00000000000000000, -17.60000000000000497, -13.59999999999999787 ) ) ;
#3209 = EDGE_LOOP ( 'NONE', ( #6467, #5897, #1757, #4881, #5497 ) ) ;
#3210 = VERTEX_POINT ( 'NONE', #7013 ) ;
#3211 = VERTEX_POINT ( 'NONE', #2926 ) ;
#3212 = CARTESIAN_POINT ( 'NONE',  ( 0.000000000000000000, 9.474175425861606215, 17.10000000000000497 ) ) ;
#3213 = DIRECTION ( 'NONE',  ( 1.000000000000000000, 0.000000000000000000, 0.000000000000000000 ) ) ;
#3214 = CARTESIAN_POINT ( 'NONE',  ( 23.00000000000000000, 14.60000000000000320, -11.15269009426543967 ) ) ;
#3215 = CARTESIAN_POINT ( 'NONE',  ( 2.400000000000009681, -34.39999999999999858, -11.89999999999999680 ) ) ;
#3216 = CARTESIAN_POINT ( 'NONE',  ( 25.72820323027551126, 12.82658702483003488, -16.59999999999999787 ) ) ;
#3217 = ORIENTED_EDGE ( 'NONE', *, *, #2765, .T. ) ;
#3218 = ORIENTED_EDGE ( 'NONE', *, *, #4156, .F. ) ;
#3219 = LINE ( 'NONE', #4573, #3241 ) ;
#3220 = DIRECTION ( 'NONE',  ( 0.000000000000000000, 1.000000000000000000, 1.535153518563546084E-16 ) ) ;
#3221 = EDGE_CURVE ( 'NONE', #886, #2406, #5621, .T. ) ;
#3222 = CARTESIAN_POINT ( 'NONE',  ( 23.00000000000000000, 1.069065149083006538, -13.60000000000000142 ) ) ;
#3223 = CARTESIAN_POINT ( 'NONE',  ( 14.52621360436337561, 23.84819051860501204, -14.66310680218174767 ) ) ;
#3224 = ORIENTED_EDGE ( 'NONE', *, *, #6626, .F. ) ;
#3225 = ORIENTED_EDGE ( 'NONE', *, *, #3927, .T. ) ;
#3226 = LINE ( 'NONE', #3072, #4910 ) ;
#3227 = EDGE_CURVE ( 'NONE', #5410, #7426, #4306, .T. ) ;
#3228 = CIRCLE ( 'NONE', #5006, 7.600000000000004086 ) ;
#3229 = CARTESIAN_POINT ( 'NONE',  ( 2.799999999999999822, 23.59999999999999787, 3.622962303809968206E-15 ) ) ;
#3230 = CARTESIAN_POINT ( 'NONE',  ( 19.90000000000000213, 22.09999999999999787, -8.749999999999998224 ) ) ;
#3231 = CYLINDRICAL_SURFACE ( 'NONE', #1090, 0.5000000000000004441 ) ;
#3232 = EDGE_CURVE ( 'NONE', #6496, #7278, #6013, .T. ) ;
#3233 = CIRCLE ( 'NONE', #4001, 10.99999999999999822 ) ;
#3234 = ORIENTED_EDGE ( 'NONE', *, *, #5124, .F. ) ;
#3235 = FACE_OUTER_BOUND ( 'NONE', #2692, .T. ) ;
#3236 = CIRCLE ( 'NONE', #3384, 0.5000000000000000000 ) ;
#3237 = EDGE_CURVE ( 'NONE', #6999, #4676, #1197, .T. ) ;
#3238 = CARTESIAN_POINT ( 'NONE',  ( 23.06992854108905533, 19.16195712465338730, -21.16575338049301536 ) ) ;
#3239 = CARTESIAN_POINT ( 'NONE',  ( 0.05674944942408513548, 1.898560466294354043, -16.49062031314796428 ) ) ;
#3240 = CARTESIAN_POINT ( 'NONE',  ( 25.80000000000000071, -22.38341924626905310, 19.59999999999999787 ) ) ;
#3241 = VECTOR ( 'NONE', #1558, 1000.000000000000000 ) ;
#3242 = TOROIDAL_SURFACE ( 'NONE', #5771, 2.249999999999995115, 0.5000000000000000000 ) ;
#3243 = LINE ( 'NONE', #6418, #2494 ) ;
#3244 = ORIENTED_EDGE ( 'NONE', *, *, #1965, .F. ) ;
#3245 = VERTEX_POINT ( 'NONE', #3632 ) ;
#3246 = CIRCLE ( 'NONE', #1224, 2.999999999999999112 ) ;
#3247 = ORIENTED_EDGE ( 'NONE', *, *, #6237, .T. ) ;
#3248 = EDGE_CURVE ( 'NONE', #5746, #4158, #1960, .T. ) ;
#3249 = CIRCLE ( 'NONE', #463, 1.600000000000000755 ) ;
#3250 = CIRCLE ( 'NONE', #4380, 10.49999999999999645 ) ;
#3251 = PLANE ( 'NONE',  #3379 ) ;
#3252 = CARTESIAN_POINT ( 'NONE',  ( 4.900000000000001243, 23.59999999999999787, 0.5000000000000038858 ) ) ;
#3253 = PLANE ( 'NONE',  #7207 ) ;
#3254 = DIRECTION ( 'NONE',  ( -0.000000000000000000, -0.000000000000000000, -1.000000000000000000 ) ) ;
#3255 = DIRECTION ( 'NONE',  ( 0.000000000000000000, -0.000000000000000000, -1.000000000000000000 ) ) ;
#3256 = VECTOR ( 'NONE', #3713, 1000.000000000000000 ) ;
#3257 = AXIS2_PLACEMENT_3D ( 'NONE', #366, #7510, #2816 ) ;
#3258 = ORIENTED_EDGE ( 'NONE', *, *, #4390, .F. ) ;
#3259 = VERTEX_POINT ( 'NONE', #6055 ) ;
#3260 = ORIENTED_EDGE ( 'NONE', *, *, #3697, .T. ) ;
#3261 = CYLINDRICAL_SURFACE ( 'NONE', #7813, 2.999999999999999112 ) ;
#3262 = DIRECTION ( 'NONE',  ( 0.000000000000000000, -1.000000000000000000, -2.090028284309406488E-16 ) ) ;
#3263 = AXIS2_PLACEMENT_3D ( 'NONE', #6818, #1268, #6100 ) ;
#3264 = LINE ( 'NONE', #5679, #708 ) ;
#3265 = CARTESIAN_POINT ( 'NONE',  ( 14.90000000000000391, 24.10000000000001208, -14.60000000000000320 ) ) ;
#3266 = AXIS2_PLACEMENT_3D ( 'NONE', #3214, #244, #2662 ) ;
#3267 = ORIENTED_EDGE ( 'NONE', *, *, #6344, .F. ) ;
#3268 = CIRCLE ( 'NONE', #6173, 2.999999999999999112 ) ;
#3269 = EDGE_LOOP ( 'NONE', ( #3717, #7128, #3427, #806 ) ) ;
#3270 = CARTESIAN_POINT ( 'NONE',  ( 23.00000000000000000, -14.60000000000000320, -11.15269009426543789 ) ) ;
#3271 = CARTESIAN_POINT ( 'NONE',  ( 6.372740127540037491, -22.89999999999999858, -7.200000034873176524 ) ) ;
#3272 = DIRECTION ( 'NONE',  ( 0.000000000000000000, -2.090028284309406488E-16, 1.000000000000000000 ) ) ;
#3273 = DIRECTION ( 'NONE',  ( 0.000000000000000000, 0.000000000000000000, -1.000000000000000000 ) ) ;
#3274 = CARTESIAN_POINT ( 'NONE',  ( 3.299999999999999822, -20.40000000000000568, -11.89999999999999680 ) ) ;
#3275 = CIRCLE ( 'NONE', #6699, 0.5000000000000004441 ) ;
#3276 = DIRECTION ( 'NONE',  ( 0.000000000000000000, 0.000000000000000000, 1.000000000000000000 ) ) ;
#3277 = ADVANCED_FACE ( 'NONE', ( #5341 ), #4193, .F. ) ;
#3278 = CIRCLE ( 'NONE', #1126, 3.000000000000000000 ) ;
#3279 = ORIENTED_EDGE ( 'NONE', *, *, #2672, .T. ) ;
#3280 = PLANE ( 'NONE',  #4802 ) ;
#3281 = AXIS2_PLACEMENT_3D ( 'NONE', #2134, #7052, #1540 ) ;
#3282 = ADVANCED_FACE ( 'NONE', ( #3046, #5419, #1848, #3003 ), #3075, .F. ) ;
#3283 = CARTESIAN_POINT ( 'NONE',  ( 22.44489271479629977, 22.67482119132730389, -19.10805472180695475 ) ) ;
#3284 = CARTESIAN_POINT ( 'NONE',  ( 11.51336492259145672, 22.93796478482682843, -18.57324667269584140 ) ) ;
#3285 = CARTESIAN_POINT ( 'NONE',  ( -4.080000000000000071, -3.789670170344647815, 22.60000000000000142 ) ) ;
#3286 = AXIS2_PLACEMENT_3D ( 'NONE', #570, #3660, #6566 ) ;
#3287 = ORIENTED_EDGE ( 'NONE', *, *, #6588, .F. ) ;
#3288 = CARTESIAN_POINT ( 'NONE',  ( 6.434161637422523228, -24.64999999999999503, -12.39999999999999858 ) ) ;
#3289 = EDGE_CURVE ( 'NONE', #6035, #3665, #1450, .T. ) ;
#3290 = ORIENTED_EDGE ( 'NONE', *, *, #3614, .F. ) ;
#3291 = ORIENTED_EDGE ( 'NONE', *, *, #1797, .F. ) ;
#3292 = EDGE_CURVE ( 'NONE', #2339, #3605, #5612, .T. ) ;
#3293 = ORIENTED_EDGE ( 'NONE', *, *, #4156, .T. ) ;
#3294 = DIRECTION ( 'NONE',  ( 0.000000000000000000, 0.000000000000000000, -1.000000000000000000 ) ) ;
#3295 = CARTESIAN_POINT ( 'NONE',  ( 19.90313635874737486, -23.14791302370232273, -7.815484398080173811 ) ) ;
#3296 = DIRECTION ( 'NONE',  ( 0.4999999999999997780, -0.8660254037844388186, 0.000000000000000000 ) ) ;
#3297 = CARTESIAN_POINT ( 'NONE',  ( 28.60000000000000142, -23.90000000000000568, 16.09999999999999787 ) ) ;
#3298 = DIRECTION ( 'NONE',  ( -0.000000000000000000, -0.000000000000000000, 1.000000000000000000 ) ) ;
#3299 = EDGE_CURVE ( 'NONE', #7666, #5803, #3987, .T. ) ;
#3300 = EDGE_LOOP ( 'NONE', ( #1921, #531, #2258, #2535 ) ) ;
#3301 = ORIENTED_EDGE ( 'NONE', *, *, #5562, .T. ) ;
#3302 = ORIENTED_EDGE ( 'NONE', *, *, #711, .T. ) ;
#3303 = FACE_OUTER_BOUND ( 'NONE', #2845, .T. ) ;
#3304 = CARTESIAN_POINT ( 'NONE',  ( 25.80000000000000071, 3.305133126583374992, -15.60000000000000320 ) ) ;
#3305 = CARTESIAN_POINT ( 'NONE',  ( 26.22837313283956817, -16.77255061727992569, 16.93259831101312329 ) ) ;
#3306 = PLANE ( 'NONE',  #3748 ) ;
#3307 = ORIENTED_EDGE ( 'NONE', *, *, #1955, .T. ) ;
#3308 = ORIENTED_EDGE ( 'NONE', *, *, #4144, .T. ) ;
#3309 = LINE ( 'NONE', #2676, #2771 ) ;
#3310 = FACE_OUTER_BOUND ( 'NONE', #5781, .T. ) ;
#3311 = CARTESIAN_POINT ( 'NONE',  ( 31.39999999999999858, 1.616580753730949782, 17.10000000000000497 ) ) ;
#3312 = DIRECTION ( 'NONE',  ( -0.8660254037844384856, 0.5000000000000002220, 0.000000000000000000 ) ) ;
#3313 = DIRECTION ( 'NONE',  ( 0.000000000000000000, 1.535153518563546330E-16, -1.000000000000000000 ) ) ;
#3314 = ORIENTED_EDGE ( 'NONE', *, *, #2363, .F. ) ;
#3315 = DIRECTION ( 'NONE',  ( 0.000000000000000000, 1.000000000000000000, 0.000000000000000000 ) ) ;
#3316 = CARTESIAN_POINT ( 'NONE',  ( 14.32416393242397490, 23.54952504845412520, -16.45620146744411727 ) ) ;
#3317 = DIRECTION ( 'NONE',  ( 1.000000000000000000, 0.000000000000000000, 0.000000000000000000 ) ) ;
#3318 = CARTESIAN_POINT ( 'NONE',  ( 12.90000000000000036, 23.59839267260704787, -15.74999999999999645 ) ) ;
#3319 = LINE ( 'NONE', #3172, #3432 ) ;
#3320 = EDGE_CURVE ( 'NONE', #5368, #2728, #564, .T. ) ;
#3321 = ORIENTED_EDGE ( 'NONE', *, *, #448, .F. ) ;
#3322 = CYLINDRICAL_SURFACE ( 'NONE', #4024, 1.100000000000000311 ) ;
#3323 = VERTEX_POINT ( 'NONE', #4860 ) ;
#3324 = EDGE_LOOP ( 'NONE', ( #2438, #189, #6708, #4846 ) ) ;
#3325 = VERTEX_POINT ( 'NONE', #60 ) ;
#3326 = DIRECTION ( 'NONE',  ( -0.000000000000000000, -0.000000000000000000, -1.000000000000000000 ) ) ;
#3327 = CARTESIAN_POINT ( 'NONE',  ( 19.24500966919051592, -23.40000000000000213, -7.699999999999998401 ) ) ;
#3328 = EDGE_CURVE ( 'NONE', #3573, #3038, #441, .T. ) ;
#3329 = DIRECTION ( 'NONE',  ( 0.000000000000000000, 0.5867752483892765270, 0.8097498427772016338 ) ) ;
#3330 = CARTESIAN_POINT ( 'NONE',  ( 23.00000000000000000, -17.59999999999999787, 9.736228481429797910 ) ) ;
#3331 = EDGE_CURVE ( 'NONE', #6955, #153, #3853, .T. ) ;
#3332 = LINE ( 'NONE', #3887, #5909 ) ;
#3333 = EDGE_LOOP ( 'NONE', ( #2138, #1375, #3029, #3247 ) ) ;
#3334 = ORIENTED_EDGE ( 'NONE', *, *, #5124, .T. ) ;
#3335 = ORIENTED_EDGE ( 'NONE', *, *, #1023, .T. ) ;
#3336 = CARTESIAN_POINT ( 'NONE',  ( 4.684161637422525004, -24.64999999999999503, -12.39999999999999858 ) ) ;
#3337 = CARTESIAN_POINT ( 'NONE',  ( 0.000000000000000000, 10.59051904733024685, -15.60000000000000142 ) ) ;
#3338 = ADVANCED_FACE ( 'NONE', ( #5980 ), #2366, .F. ) ;
#3339 = CARTESIAN_POINT ( 'NONE',  ( 4.336808689942017736E-16, -1.616580753730955111, 17.10000000000000497 ) ) ;
#3340 = CARTESIAN_POINT ( 'NONE',  ( 25.80000000000000071, 20.80000000000000426, -15.59999999999999964 ) ) ;
#3341 = ORIENTED_EDGE ( 'NONE', *, *, #632, .F. ) ;
#3342 = ORIENTED_EDGE ( 'NONE', *, *, #1284, .T. ) ;
#3343 = CARTESIAN_POINT ( 'NONE',  ( 25.80000000000000071, 17.60000000000000497, -13.59999999999999787 ) ) ;
#3344 = DIRECTION ( 'NONE',  ( 0.000000000000000000, 1.000000000000000000, 0.000000000000000000 ) ) ;
#3345 = EDGE_CURVE ( 'NONE', #910, #3146, #1582, .T. ) ;
#3346 = LINE ( 'NONE', #2165, #5430 ) ;
#3347 = LINE ( 'NONE', #384, #4423 ) ;
#3348 = CARTESIAN_POINT ( 'NONE',  ( 15.40000000000000391, 23.60000000000000142, -9.099999999999999645 ) ) ;
#3349 = CARTESIAN_POINT ( 'NONE',  ( 6.999999999999999112, 16.60000000000000497, -22.59999999999999787 ) ) ;
#3350 = DIRECTION ( 'NONE',  ( 1.000000000000000000, 0.000000000000000000, 0.000000000000000000 ) ) ;
#3351 = UNCERTAINTY_MEASURE_WITH_UNIT (LENGTH_MEASURE( 1.000000000000000082E-05 ), #534, 'distance_accuracy_value', 'NONE');
#3352 = ORIENTED_EDGE ( 'NONE', *, *, #900, .T. ) ;
#3353 = CARTESIAN_POINT ( 'NONE',  ( 23.00000000000000000, -20.40000000000000568, -19.99999999999999645 ) ) ;
#3354 = CYLINDRICAL_SURFACE ( 'NONE', #3521, 1.100000000000000311 ) ;
#3355 = CARTESIAN_POINT ( 'NONE',  ( 31.39999999999999858, -1.616580753730956888, 17.10000000000000497 ) ) ;
#3356 = FACE_OUTER_BOUND ( 'NONE', #1580, .T. ) ;
#3357 = ORIENTED_EDGE ( 'NONE', *, *, #5025, .T. ) ;
#3358 = LINE ( 'NONE', #7016, #4274 ) ;
#3359 = CIRCLE ( 'NONE', #319, 1.100000000000000311 ) ;
#3360 = ORIENTED_EDGE ( 'NONE', *, *, #4895, .T. ) ;
#3361 = VECTOR ( 'NONE', #6617, 1000.000000000000000 ) ;
#3362 = ORIENTED_EDGE ( 'NONE', *, *, #7578, .T. ) ;
#3363 = EDGE_CURVE ( 'NONE', #7463, #2997, #2583, .T. ) ;
#3364 = ORIENTED_EDGE ( 'NONE', *, *, #4549, .F. ) ;
#3365 = FACE_BOUND ( 'NONE', #1271, .T. ) ;
#3366 = AXIS2_PLACEMENT_3D ( 'NONE', #4100, #5294, #3350 ) ;
#3367 = DIRECTION ( 'NONE',  ( 1.000000000000000000, -0.000000000000000000, -0.000000000000000000 ) ) ;
#3368 = DIRECTION ( 'NONE',  ( -1.000000000000000000, -0.000000000000000000, -0.000000000000000000 ) ) ;
#3369 = VERTEX_POINT ( 'NONE', #4375 ) ;
#3370 = CIRCLE ( 'NONE', #835, 0.5000000000000004441 ) ;
#3371 = ORIENTED_EDGE ( 'NONE', *, *, #6337, .T. ) ;
#3372 = EDGE_CURVE ( 'NONE', #5721, #871, #5494, .T. ) ;
#3373 = AXIS2_PLACEMENT_3D ( 'NONE', #7267, #1798, #1124 ) ;
#3374 = ORIENTED_EDGE ( 'NONE', *, *, #396, .T. ) ;
#3375 = ORIENTED_EDGE ( 'NONE', *, *, #5501, .T. ) ;
#3376 = EDGE_CURVE ( 'NONE', #7067, #4078, #6923, .T. ) ;
#3377 = CARTESIAN_POINT ( 'NONE',  ( 0.000000000000000000, -14.52582457413839379, 16.09999999999999787 ) ) ;
#3378 = CARTESIAN_POINT ( 'NONE',  ( 3.299999999999999822, -20.40000000000000568, 22.59999999999999432 ) ) ;
#3379 = AXIS2_PLACEMENT_3D ( 'NONE', #5665, #1461, #4476 ) ;
#3380 = DIRECTION ( 'NONE',  ( 1.000000000000000000, 0.000000000000000000, 0.000000000000000000 ) ) ;
#3381 = CIRCLE ( 'NONE', #4778, 4.000000000000000000 ) ;
#3382 = B_SPLINE_CURVE_WITH_KNOTS ( 'NONE', 3,
 ( #1315, #3188, #3151, #132, #2548, #3460, #6360, #4650, #5873, #5127 ),
 .UNSPECIFIED., .F., .F.,
 ( 4, 2, 2, 2, 4 ),
 ( 0.000000000000000000, 0.0006271788835725805979, 0.001254357767145161196, 0.001881536650717732144, 0.002508715534290303310 ),
 .UNSPECIFIED. ) ;
#3383 = DIRECTION ( 'NONE',  ( 0.000000000000000000, 1.000000000000000000, 1.535153518563546084E-16 ) ) ;
#3384 = AXIS2_PLACEMENT_3D ( 'NONE', #3215, #2617, #124 ) ;
#3385 = ORIENTED_EDGE ( 'NONE', *, *, #7189, .F. ) ;
#3386 = EDGE_CURVE ( 'NONE', #901, #2623, #1588, .T. ) ;
#3387 = ORIENTED_EDGE ( 'NONE', *, *, #1014, .T. ) ;
#3388 = AXIS2_PLACEMENT_3D ( 'NONE', #5855, #2839, #5256 ) ;
#3389 = CARTESIAN_POINT ( 'NONE',  ( 5.899999999999998579, 19.60000000000000142, -11.59999999999999787 ) ) ;
#3390 = DIRECTION ( 'NONE',  ( -0.000000000000000000, 6.938893903907229364E-16, -1.000000000000000000 ) ) ;
#3391 = FACE_OUTER_BOUND ( 'NONE', #6511, .T. ) ;
#3392 = DIRECTION ( 'NONE',  ( -0.000000000000000000, 1.000000000000000000, 1.535153518563546084E-16 ) ) ;
#3393 = CARTESIAN_POINT ( 'NONE',  ( 11.40000000000000391, 26.39289321881345529, -10.10000000000000142 ) ) ;
#3394 = DIRECTION ( 'NONE',  ( -0.7071067811865492381, 0.7071067811865457964, 0.000000000000000000 ) ) ;
#3395 = MANIFOLD_SOLID_BREP ( '圆角19', #7809 ) ;
#3396 = CIRCLE ( 'NONE', #3643, 0.5000000000000006661 ) ;
#3397 = CARTESIAN_POINT ( 'NONE',  ( 14.04644660940673084, 27.45355339059327449, -14.09999999999999964 ) ) ;
#3398 = VECTOR ( 'NONE', #3629, 1000.000000000000114 ) ;
#3399 = EDGE_CURVE ( 'NONE', #5956, #4158, #4976, .T. ) ;
#3400 = VERTEX_POINT ( 'NONE', #219 ) ;
#3401 = CARTESIAN_POINT ( 'NONE',  ( -6.000000000000000000, -9.474175425861613320, 17.10000000000000497 ) ) ;
#3402 = VECTOR ( 'NONE', #5620, 1000.000000000000000 ) ;
#3403 = FACE_OUTER_BOUND ( 'NONE', #259, .T. ) ;
#3404 = AXIS2_PLACEMENT_3D ( 'NONE', #2109, #3896, #2157 ) ;
#3405 = CYLINDRICAL_SURFACE ( 'NONE', #6456, 1.749999999999999778 ) ;
#3406 = DIRECTION ( 'NONE',  ( 0.000000000000000000, -0.000000000000000000, 1.000000000000000000 ) ) ;
#3407 = DIRECTION ( 'NONE',  ( 1.000000000000000000, -0.000000000000000000, -0.000000000000000000 ) ) ;
#3408 = ORIENTED_EDGE ( 'NONE', *, *, #3227, .T. ) ;
#3409 = DIRECTION ( 'NONE',  ( 0.000000000000000000, 0.000000000000000000, 1.000000000000000000 ) ) ;
#3410 = AXIS2_PLACEMENT_3D ( 'NONE', #5417, #7769, #1812 ) ;
#3411 = ORIENTED_EDGE ( 'NONE', *, *, #5090, .F. ) ;
#3412 = CC_DESIGN_PERSON_AND_ORGANIZATION_ASSIGNMENT ( #1401, #4453, ( #6199 ) ) ;
#3413 = ORIENTED_EDGE ( 'NONE', *, *, #2459, .T. ) ;
#3414 = AXIS2_PLACEMENT_3D ( 'NONE', #5741, #1391, #3213 ) ;
#3415 = DIRECTION ( 'NONE',  ( -0.000000000000000000, 1.000000000000000000, 1.535153518563546084E-16 ) ) ;
#3416 = AXIS2_PLACEMENT_3D ( 'NONE', #4582, #3433, #7644 ) ;
#3417 = LINE ( 'NONE', #316, #4388 ) ;
#3418 = ORIENTED_EDGE ( 'NONE', *, *, #1044, .T. ) ;
#3419 = VERTEX_POINT ( 'NONE', #6284 ) ;
#3420 = ORIENTED_EDGE ( 'NONE', *, *, #2302, .T. ) ;
#3421 = EDGE_LOOP ( 'NONE', ( #2921, #3258, #6991, #7842 ) ) ;
#3422 = CARTESIAN_POINT ( 'NONE',  ( 4.900000000000001243, 20.09999999999999787, 0.5000000000000033307 ) ) ;
#3423 = DIRECTION ( 'NONE',  ( 0.000000000000000000, 0.000000000000000000, 1.000000000000000000 ) ) ;
#3424 = DIRECTION ( 'NONE',  ( 1.000000000000000000, 0.000000000000000000, 0.000000000000000000 ) ) ;
#3425 = EDGE_CURVE ( 'NONE', #3573, #5721, #2592, .T. ) ;
#3426 = CARTESIAN_POINT ( 'NONE',  ( -1.199999999999999956, -3.766896785601943786E-15, 19.60000000000000142 ) ) ;
#3427 = ORIENTED_EDGE ( 'NONE', *, *, #2216, .F. ) ;
#3428 = VERTEX_POINT ( 'NONE', #855 ) ;
#3429 = CARTESIAN_POINT ( 'NONE',  ( 6.999999999999999112, 16.60000000000000497, -22.60000000000000142 ) ) ;
#3430 = CARTESIAN_POINT ( 'NONE',  ( 23.00000000000000000, -1.069065149083005428, -16.60000000000000142 ) ) ;
#3431 = CARTESIAN_POINT ( 'NONE',  ( 31.39999999999999858, -25.61658075373095755, 17.10000000000000142 ) ) ;
#3432 = VECTOR ( 'NONE', #4508, 1000.000000000000000 ) ;
#3433 = DIRECTION ( 'NONE',  ( 0.000000000000000000, -0.000000000000000000, -1.000000000000000000 ) ) ;
#3434 = CARTESIAN_POINT ( 'NONE',  ( 14.42602733061406184, 23.96912604902969690, -9.586986334692943146 ) ) ;
#3435 = CARTESIAN_POINT ( 'NONE',  ( 12.10710678118655004, 27.09999999999999787, -10.10000000000000142 ) ) ;
#3436 = EDGE_CURVE ( 'NONE', #5319, #307, #2523, .T. ) ;
#3437 = LINE ( 'NONE', #2248, #6788 ) ;
#3438 = EDGE_CURVE ( 'NONE', #7426, #751, #3485, .T. ) ;
#3439 = ORIENTED_EDGE ( 'NONE', *, *, #2993, .F. ) ;
#3440 = LINE ( 'NONE', #5760, #4543 ) ;
#3441 = DIRECTION ( 'NONE',  ( 0.000000000000000000, -1.000000000000000000, -1.535153518563546084E-16 ) ) ;
#3442 = CARTESIAN_POINT ( 'NONE',  ( 28.59999999999999787, -27.23316150746190800, 17.10000000000000142 ) ) ;
#3443 = DIRECTION ( 'NONE',  ( 0.000000000000000000, -0.5867752483892763049, -0.8097498427772017449 ) ) ;
#3444 = DIRECTION ( 'NONE',  ( -0.000000000000000000, 1.000000000000000000, 1.535153518563546084E-16 ) ) ;
#3445 = EDGE_CURVE ( 'NONE', #2621, #3546, #264, .T. ) ;
#3446 = ORIENTED_EDGE ( 'NONE', *, *, #3039, .T. ) ;
#3447 = VERTEX_POINT ( 'NONE', #103 ) ;
#3448 = ORIENTED_EDGE ( 'NONE', *, *, #6402, .T. ) ;
#3449 =( BOUNDED_CURVE ( )  B_SPLINE_CURVE ( 3, ( #6361, #4057, #927, #3340 ),
 .UNSPECIFIED., .F., .T. ) 
 B_SPLINE_CURVE_WITH_KNOTS ( ( 4, 4 ),
 ( 4.712388980384689674, 6.283185307179586232 ),
 .UNSPECIFIED. ) 
 CURVE ( )  GEOMETRIC_REPRESENTATION_ITEM ( )  RATIONAL_B_SPLINE_CURVE ( ( 1.000000000000000000, 0.8047378541243649375, 0.8047378541243649375, 1.000000000000000000 ) ) 
 REPRESENTATION_ITEM ( '' )  );
#3450 = FACE_OUTER_BOUND ( 'NONE', #3269, .T. ) ;
#3451 = FACE_OUTER_BOUND ( 'NONE', #2297, .T. ) ;
#3452 = EDGE_CURVE ( 'NONE', #7299, #913, #6015, .T. ) ;
#3453 = CARTESIAN_POINT ( 'NONE',  ( 2.799999999999999822, 20.79999999999999716, 22.60000000000000497 ) ) ;
#3454 = ORIENTED_EDGE ( 'NONE', *, *, #1732, .T. ) ;
#3455 = EDGE_LOOP ( 'NONE', ( #4797, #4587, #1457, #4092 ) ) ;
#3456 = ORIENTED_EDGE ( 'NONE', *, *, #2313, .F. ) ;
#3457 = ORIENTED_EDGE ( 'NONE', *, *, #7816, .T. ) ;
#3458 = CARTESIAN_POINT ( 'NONE',  ( 5.899999999999998579, 22.09999999999999787, -11.59999999999999787 ) ) ;
#3459 = FACE_OUTER_BOUND ( 'NONE', #7438, .T. ) ;
#3460 = CARTESIAN_POINT ( 'NONE',  ( 25.75188498410798488, -15.63434541273320555, -16.42384047587108142 ) ) ;
#3461 = CARTESIAN_POINT ( 'NONE',  ( 13.90000000000000213, 27.59999999999999432, 1.698985102064647504E-14 ) ) ;
#3462 = ORIENTED_EDGE ( 'NONE', *, *, #804, .T. ) ;
#3463 = EDGE_CURVE ( 'NONE', #5086, #1584, #7401, .T. ) ;
#3464 = VERTEX_POINT ( 'NONE', #5602 ) ;
#3465 = CARTESIAN_POINT ( 'NONE',  ( 25.80000000000000071, 12.17075047166839852, -9.392364349097610088 ) ) ;
#3466 = DIRECTION ( 'NONE',  ( 1.000000000000000000, -6.938893903907228378E-15, 0.000000000000000000 ) ) ;
#3467 = CARTESIAN_POINT ( 'NONE',  ( 5.934738529995801315, -23.16352231418071028, -7.803205201983119288 ) ) ;
#3468 = CARTESIAN_POINT ( 'NONE',  ( 21.26030303803300470, 20.70050506338833785, -22.60000000000000142 ) ) ;
#3469 = CARTESIAN_POINT ( 'NONE',  ( 31.80000000000000071, 9.474175425861606215, 17.10000000000000497 ) ) ;
#3470 = PLANE ( 'NONE',  #3735 ) ;
#3471 = DIRECTION ( 'NONE',  ( 0.000000000000000000, 0.000000000000000000, 1.000000000000000000 ) ) ;
#3472 = ORIENTED_EDGE ( 'NONE', *, *, #6237, .F. ) ;
#3473 = ADVANCED_FACE ( 'NONE', ( #2680 ), #7287, .T. ) ;
#3474 = VERTEX_POINT ( 'NONE', #7527 ) ;
#3475 = DIRECTION ( 'NONE',  ( 1.000000000000000000, -1.982541115402066096E-15, 0.000000000000000000 ) ) ;
#3476 = CARTESIAN_POINT ( 'NONE',  ( 3.299999999999999822, -22.39999999999999503, -12.89999999999999858 ) ) ;
#3477 = CARTESIAN_POINT ( 'NONE',  ( 0.000000000000000000, -12.50985592009477898, 14.73541581987372062 ) ) ;
#3478 = EDGE_CURVE ( 'NONE', #3129, #405, #5568, .T. ) ;
#3479 = DIRECTION ( 'NONE',  ( -0.000000000000000000, 0.000000000000000000, 1.000000000000000000 ) ) ;
#3480 = VERTEX_POINT ( 'NONE', #3794 ) ;
#3481 = EDGE_CURVE ( 'NONE', #2023, #3259, #691, .T. ) ;
#3482 = ORIENTED_EDGE ( 'NONE', *, *, #6154, .F. ) ;
#3483 = CYLINDRICAL_SURFACE ( 'NONE', #6674, 0.4999999999999994449 ) ;
#3484 = CARTESIAN_POINT ( 'NONE',  ( 20.78866228587067511, -22.90000000000000213, -8.017366106130184633 ) ) ;
#3485 = CIRCLE ( 'NONE', #5761, 0.5000000000000000000 ) ;
#3486 = DIRECTION ( 'NONE',  ( 1.000000000000000000, 0.000000000000000000, 0.000000000000000000 ) ) ;
#3487 = VERTEX_POINT ( 'NONE', #2010 ) ;
#3488 = VERTEX_POINT ( 'NONE', #1928 ) ;
#3489 = EDGE_CURVE ( 'NONE', #5237, #2621, #6694, .T. ) ;
#3490 = VECTOR ( 'NONE', #6563, 1000.000000000000000 ) ;
#3491 = ORIENTED_EDGE ( 'NONE', *, *, #7457, .T. ) ;
#3492 = EDGE_LOOP ( 'NONE', ( #4514, #1211, #5920, #8, #1386, #2880, #7142, #788, #5615, #7396, #1073, #1640, #1354, #693, #576, #3218 ) ) ;
#3493 = AXIS2_PLACEMENT_3D ( 'NONE', #1137, #2467, #2403 ) ;
#3494 = CARTESIAN_POINT ( 'NONE',  ( 22.50000000000000000, -22.39999999999999503, -12.39999999999999858 ) ) ;
#3495 = CARTESIAN_POINT ( 'NONE',  ( 0.04811501589200976176, -2.103410561816362989, -16.42384047587103524 ) ) ;
#3496 = CARTESIAN_POINT ( 'NONE',  ( 23.00000000000000000, 20.09999999999999787, -19.49999999999999645 ) ) ;
#3497 = LINE ( 'NONE', #2460, #5021 ) ;
#3498 = CIRCLE ( 'NONE', #1850, 2.249999999999998668 ) ;
#3499 = AXIS2_PLACEMENT_3D ( 'NONE', #3941, #5841, #2235 ) ;
#3500 = ORIENTED_EDGE ( 'NONE', *, *, #5033, .F. ) ;
#3501 = VERTEX_POINT ( 'NONE', #811 ) ;
#3502 = CIRCLE ( 'NONE', #468, 2.799999999999999822 ) ;
#3503 = SPHERICAL_SURFACE ( 'NONE', #2855, 0.5000000000000000000 ) ;
#3504 = CARTESIAN_POINT ( 'NONE',  ( 10.76474121068488898, 23.72374341182872470, -14.73525878931526911 ) ) ;
#3505 = CARTESIAN_POINT ( 'NONE',  ( -2.799999999999998046, -3.233161507461907558, 19.60000000000000142 ) ) ;
#3506 = AXIS2_PLACEMENT_3D ( 'NONE', #3642, #4758, #2933 ) ;
#3507 = DIRECTION ( 'NONE',  ( 0.000000000000000000, 0.000000000000000000, 1.000000000000000000 ) ) ;
#3508 = CARTESIAN_POINT ( 'NONE',  ( 14.90000000000000568, 24.03453835922332260, -10.09999999996729514 ) ) ;
#3509 = CARTESIAN_POINT ( 'NONE',  ( 11.40000000000000391, 26.39289321881345529, -10.10000000000000142 ) ) ;
#3510 = CARTESIAN_POINT ( 'NONE',  ( 5.899999999999998579, 22.09999999999999787, -8.749999999999998224 ) ) ;
#3511 = AXIS2_PLACEMENT_3D ( 'NONE', #4198, #4230, #6653 ) ;
#3512 = ORIENTED_EDGE ( 'NONE', *, *, #5252, .T. ) ;
#3513 = CIRCLE ( 'NONE', #3263, 6.000000000000000000 ) ;
#3514 = ORIENTED_EDGE ( 'NONE', *, *, #779, .F. ) ;
#3515 = VERTEX_POINT ( 'NONE', #5065 ) ;
#3516 = DIRECTION ( 'NONE',  ( -0.000000000000000000, -0.000000000000000000, -1.000000000000000000 ) ) ;
#3517 =( BOUNDED_CURVE ( )  B_SPLINE_CURVE ( 3, ( #5361, #610, #7791, #2349 ),
 .UNSPECIFIED., .F., .T. ) 
 B_SPLINE_CURVE_WITH_KNOTS ( ( 4, 4 ),
 ( 4.712388980384689674, 6.283185307179586232 ),
 .UNSPECIFIED. ) 
 CURVE ( )  GEOMETRIC_REPRESENTATION_ITEM ( )  RATIONAL_B_SPLINE_CURVE ( ( 1.000000000000000000, 0.8047378541243649375, 0.8047378541243649375, 1.000000000000000000 ) ) 
 REPRESENTATION_ITEM ( '' )  );
#3518 = FACE_OUTER_BOUND ( 'NONE', #1454, .T. ) ;
#3519 = CARTESIAN_POINT ( 'NONE',  ( 0.000000000000000000, 12.44299683239223420, -9.016664371298716674 ) ) ;
#3520 = CARTESIAN_POINT ( 'NONE',  ( 25.80000000000000071, -22.89999999999999503, -22.60000000000000497 ) ) ;
#3521 = AXIS2_PLACEMENT_3D ( 'NONE', #2958, #4744, #7847 ) ;
#3522 = FACE_OUTER_BOUND ( 'NONE', #4715, .T. ) ;
#3523 = EDGE_CURVE ( 'NONE', #94, #4987, #5643, .T. ) ;
#3524 = EDGE_CURVE ( 'NONE', #6750, #5036, #1839, .T. ) ;
#3525 = VERTEX_POINT ( 'NONE', #7088 ) ;
#3526 = AXIS2_PLACEMENT_3D ( 'NONE', #7677, #1529, #2758 ) ;
#3527 = VERTEX_POINT ( 'NONE', #1657 ) ;
#3528 = DIRECTION ( 'NONE',  ( 0.000000000000000000, 0.000000000000000000, 1.000000000000000000 ) ) ;
#3529 = CARTESIAN_POINT ( 'NONE',  ( 12.10710678118655181, 27.10000000000000142, -14.09999999999999964 ) ) ;
#3530 = VECTOR ( 'NONE', #7836, 1000.000000000000000 ) ;
#3531 = EDGE_CURVE ( 'NONE', #7857, #3913, #4546, .T. ) ;
#3532 = CIRCLE ( 'NONE', #3410, 3.000000000000000888 ) ;
#3533 = FACE_OUTER_BOUND ( 'NONE', #630, .T. ) ;
#3534 = VERTEX_POINT ( 'NONE', #5137 ) ;
#3535 = ADVANCED_FACE ( 'NONE', ( #7724 ), #3470, .T. ) ;
#3536 = EDGE_LOOP ( 'NONE', ( #5588, #3934, #3588, #1668 ) ) ;
#3537 = AXIS2_PLACEMENT_3D ( 'NONE', #6099, #4314, #7178 ) ;
#3538 = EDGE_LOOP ( 'NONE', ( #6642, #3293, #4013, #6, #7417 ) ) ;
#3539 = ORIENTED_EDGE ( 'NONE', *, *, #438, .F. ) ;
#3540 = CIRCLE ( 'NONE', #5306, 6.000000000000001776 ) ;
#3541 = CARTESIAN_POINT ( 'NONE',  ( 4.336808689942017736E-16, -25.61658075373095755, 17.10000000000000142 ) ) ;
#3542 = DIRECTION ( 'NONE',  ( -0.8660254037844389297, -0.4999999999999995004, 0.000000000000000000 ) ) ;
#3543 = CARTESIAN_POINT ( 'NONE',  ( 0.06842472537557910128, 15.02383628590446030, -16.57737175431547882 ) ) ;
#3544 = EDGE_CURVE ( 'NONE', #4539, #2938, #2843, .T. ) ;
#3545 = CARTESIAN_POINT ( 'NONE',  ( -2.799999999999999822, -3.766896785601943786E-15, 17.10000000000000497 ) ) ;
#3546 = VERTEX_POINT ( 'NONE', #7565 ) ;
#3547 = ORIENTED_EDGE ( 'NONE', *, *, #3328, .F. ) ;
#3548 = CARTESIAN_POINT ( 'NONE',  ( -2.800000000000001155, -20.76683849253809910, 19.59999999999999787 ) ) ;
#3549 = CARTESIAN_POINT ( 'NONE',  ( 10.83689319781825766, 23.84819051860501204, -14.22621360436337135 ) ) ;
#3550 = LINE ( 'NONE', #5362, #3152 ) ;
#3551 = DIRECTION ( 'NONE',  ( -0.000000000000000000, -0.000000000000000000, -1.000000000000000000 ) ) ;
#3552 = DIRECTION ( 'NONE',  ( 0.000000000000000000, 0.000000000000000000, 1.000000000000000000 ) ) ;
#3553 = DIRECTION ( 'NONE',  ( -0.000000000000000000, -0.000000000000000000, -1.000000000000000000 ) ) ;
#3554 = DIRECTION ( 'NONE',  ( 1.000000000000000000, 0.000000000000000000, 0.000000000000000000 ) ) ;
#3555 = ORIENTED_EDGE ( 'NONE', *, *, #1199, .F. ) ;
#3556 = ORIENTED_EDGE ( 'NONE', *, *, #2585, .T. ) ;
#3557 = ORIENTED_EDGE ( 'NONE', *, *, #3201, .F. ) ;
#3558 = CARTESIAN_POINT ( 'NONE',  ( 0.000000000000000000, -2.953718350987537992E-15, 14.60000000000000142 ) ) ;
#3559 = CARTESIAN_POINT ( 'NONE',  ( 23.00000000000000000, -21.40000000000000568, -11.89999999999999680 ) ) ;
#3560 = DIRECTION ( 'NONE',  ( -0.000000000000000000, -0.000000000000000000, -1.000000000000000000 ) ) ;
#3561 = CARTESIAN_POINT ( 'NONE',  ( 2.799999999999999822, -14.60000000000000320, -11.15269009426543967 ) ) ;
#3562 = CARTESIAN_POINT ( 'NONE',  ( 0.000000000000000000, -23.90000000000000568, 16.09999999999999787 ) ) ;
#3563 = ORIENTED_EDGE ( 'NONE', *, *, #6517, .T. ) ;
#3564 = EDGE_CURVE ( 'NONE', #4771, #6776, #4117, .T. ) ;
#3565 = CARTESIAN_POINT ( 'NONE',  ( 2.799999999999999822, -2.953718350987537992E-15, 14.60000000000000142 ) ) ;
#3566 = CARTESIAN_POINT ( 'NONE',  ( 12.90000000000000036, 22.10000000000000142, -15.74999999999999645 ) ) ;
#3567 = CARTESIAN_POINT ( 'NONE',  ( 0.05674944942408999965, 11.99709170761881794, -16.49062031314799626 ) ) ;
#3568 = CARTESIAN_POINT ( 'NONE',  ( 28.60000000000000142, -20.76683849253809910, 19.59999999999999787 ) ) ;
#3569 = ORIENTED_EDGE ( 'NONE', *, *, #2939, .T. ) ;
#3570 = VERTEX_POINT ( 'NONE', #1570 ) ;
#3571 = ORIENTED_EDGE ( 'NONE', *, *, #7508, .F. ) ;
#3572 = EDGE_CURVE ( 'NONE', #5597, #5793, #2850, .T. ) ;
#3573 = VERTEX_POINT ( 'NONE', #2800 ) ;
#3574 = CARTESIAN_POINT ( 'NONE',  ( -2.799999999999998046, -3.233161507461907558, 19.60000000000000142 ) ) ;
#3575 = FACE_OUTER_BOUND ( 'NONE', #6137, .T. ) ;
#3576 = EDGE_CURVE ( 'NONE', #1116, #685, #3359, .T. ) ;
#3577 = DIRECTION ( 'NONE',  ( 0.000000000000000000, 0.000000000000000000, -1.000000000000000000 ) ) ;
#3578 = DIRECTION ( 'NONE',  ( 1.000000000000000000, 0.000000000000000000, -0.000000000000000000 ) ) ;
#3579 = ORIENTED_EDGE ( 'NONE', *, *, #1929, .F. ) ;
#3580 = EDGE_CURVE ( 'NONE', #7299, #6715, #4617, .T. ) ;
#3581 = ORIENTED_EDGE ( 'NONE', *, *, #1439, .F. ) ;
#3582 = CARTESIAN_POINT ( 'NONE',  ( 2.827073569581667112, 23.55487738403054720, -16.51628653275142611 ) ) ;
#3583 = CARTESIAN_POINT ( 'NONE',  ( 2.799999999999999822, -12.82658702483003488, -13.59999999999999964 ) ) ;
#3584 = CARTESIAN_POINT ( 'NONE',  ( 5.475776390280454820, -23.00892114644004494, -7.945736846316669322 ) ) ;
#3585 = CARTESIAN_POINT ( 'NONE',  ( 0.02017608956212051108, -11.22495749897493056, -16.14529212240811518 ) ) ;
#3586 = CARTESIAN_POINT ( 'NONE',  ( 2.799999999999999822, 9.229508196721308622, 11.07540983606557639 ) ) ;
#3587 = CARTESIAN_POINT ( 'NONE',  ( 25.80000000000000071, -14.52582457413839379, 16.09999999999999787 ) ) ;
#3588 = ORIENTED_EDGE ( 'NONE', *, *, #2701, .T. ) ;
#3589 = ORIENTED_EDGE ( 'NONE', *, *, #5959, .F. ) ;
#3590 = ADVANCED_FACE ( 'NONE', ( #4703 ), #2287, .T. ) ;
#3591 = VERTEX_POINT ( 'NONE', #7681 ) ;
#3592 = CARTESIAN_POINT ( 'NONE',  ( 19.90000000000000213, 23.59999999999999787, -8.749999999999998224 ) ) ;
#3593 = CYLINDRICAL_SURFACE ( 'NONE', #2141, 1.600000000000000755 ) ;
#3594 = LINE ( 'NONE', #6054, #6301 ) ;
#3595 = CARTESIAN_POINT ( 'NONE',  ( 4.684161637422525004, -24.64999999999999503, -8.199999999999999289 ) ) ;
#3596 = CARTESIAN_POINT ( 'NONE',  ( 30.20000000000000284, -3.766896785601943786E-15, 22.60000000000000142 ) ) ;
#3597 = ORIENTED_EDGE ( 'NONE', *, *, #6286, .F. ) ;
#3598 = DIRECTION ( 'NONE',  ( 1.000000000000000000, 0.000000000000000000, 0.000000000000000000 ) ) ;
#3599 = DIRECTION ( 'NONE',  ( 0.000000000000000000, 0.000000000000000000, 1.000000000000000000 ) ) ;
#3600 = LINE ( 'NONE', #6020, #7745 ) ;
#3601 = CARTESIAN_POINT ( 'NONE',  ( 0.03003420635247382176, -16.01535932749898095, -16.25343301070648039 ) ) ;
#3602 = EDGE_CURVE ( 'NONE', #2793, #4597, #898, .T. ) ;
#3603 = ORIENTED_EDGE ( 'NONE', *, *, #6528, .F. ) ;
#3604 = VERTEX_POINT ( 'NONE', #1021 ) ;
#3605 = VERTEX_POINT ( 'NONE', #1533 ) ;
#3606 = AXIS2_PLACEMENT_3D ( 'NONE', #6369, #2834, #5764 ) ;
#3607 = DIRECTION ( 'NONE',  ( -0.000000000000000000, 0.000000000000000000, 1.000000000000000000 ) ) ;
#3608 = VECTOR ( 'NONE', #3407, 1000.000000000000000 ) ;
#3609 = FACE_BOUND ( 'NONE', #3103, .T. ) ;
#3610 = CARTESIAN_POINT ( 'NONE',  ( 36.00000000000000711, -12.59999999999999609, 9.736228481429796133 ) ) ;
#3611 = EDGE_CURVE ( 'NONE', #4301, #433, #2247, .T. ) ;
#3612 = VERTEX_POINT ( 'NONE', #3910 ) ;
#3613 = VECTOR ( 'NONE', #713, 1000.000000000000000 ) ;
#3614 = EDGE_CURVE ( 'NONE', #5351, #5410, #6406, .T. ) ;
#3615 = ORIENTED_EDGE ( 'NONE', *, *, #3086, .T. ) ;
#3616 = SPHERICAL_SURFACE ( 'NONE', #3866, 0.5000000000000000000 ) ;
#3617 = AXIS2_PLACEMENT_3D ( 'NONE', #5165, #3938, #3973 ) ;
#3618 = FACE_OUTER_BOUND ( 'NONE', #430, .T. ) ;
#3619 = CARTESIAN_POINT ( 'NONE',  ( 11.04644660940672729, 26.74644660940672480, -10.10000000000000142 ) ) ;
#3620 = AXIS2_PLACEMENT_3D ( 'NONE', #2012, #3828, #5018 ) ;
#3621 = CARTESIAN_POINT ( 'NONE',  ( 0.6868897315516044877, -25.96000000000000085, 17.09999999999999787 ) ) ;
#3622 = EDGE_CURVE ( 'NONE', #4833, #5368, #980, .T. ) ;
#3623 = ORIENTED_EDGE ( 'NONE', *, *, #2478, .T. ) ;
#3624 = AXIS2_PLACEMENT_3D ( 'NONE', #3422, #5836, #407 ) ;
#3625 = ORIENTED_EDGE ( 'NONE', *, *, #7164, .F. ) ;
#3626 = ORIENTED_EDGE ( 'NONE', *, *, #6085, .F. ) ;
#3627 = AXIS2_PLACEMENT_3D ( 'NONE', #4186, #6609, #1728 ) ;
#3628 = AXIS2_PLACEMENT_3D ( 'NONE', #492, #5282, #6557 ) ;
#3629 = DIRECTION ( 'NONE',  ( -0.000000000000000000, -0.5867752483892763049, -0.8097498427772017449 ) ) ;
#3630 = FACE_OUTER_BOUND ( 'NONE', #7640, .T. ) ;
#3631 = DIRECTION ( 'NONE',  ( -0.000000000000000000, 1.000000000000000000, 1.535153518563546084E-16 ) ) ;
#3632 = CARTESIAN_POINT ( 'NONE',  ( 25.72820323027551126, 14.60000000000000497, -16.59999999999999787 ) ) ;
#3633 = CARTESIAN_POINT ( 'NONE',  ( 19.90000000000000213, 22.09999999999999787, -10.49999999999999645 ) ) ;
#3634 = EDGE_CURVE ( 'NONE', #4571, #7695, #62, .T. ) ;
#3635 = CIRCLE ( 'NONE', #7569, 0.5000000000000004441 ) ;
#3636 = VERTEX_POINT ( 'NONE', #1613 ) ;
#3637 = CIRCLE ( 'NONE', #1107, 0.5000000000000004441 ) ;
#3638 = CARTESIAN_POINT ( 'NONE',  ( 0.000000000000000000, -12.50985592009477898, 14.73541581987372062 ) ) ;
#3639 = AXIS2_PLACEMENT_3D ( 'NONE', #7378, #3084, #5463 ) ;
#3640 = LINE ( 'NONE', #6063, #7825 ) ;
#3641 = DIRECTION ( 'NONE',  ( 1.000000000000000000, 0.000000000000000000, 0.000000000000000000 ) ) ;
#3642 = CARTESIAN_POINT ( 'NONE',  ( 12.90000000000000746, -34.39999999999999858, -8.199999999999999289 ) ) ;
#3643 = AXIS2_PLACEMENT_3D ( 'NONE', #7805, #2522, #3002 ) ;
#3644 = ORIENTED_EDGE ( 'NONE', *, *, #3580, .T. ) ;
#3645 = ORIENTED_EDGE ( 'NONE', *, *, #2754, .F. ) ;
#3646 = VERTEX_POINT ( 'NONE', #2204 ) ;
#3647 = FACE_OUTER_BOUND ( 'NONE', #5853, .T. ) ;
#3648 = AXIS2_PLACEMENT_3D ( 'NONE', #5132, #382, #7559 ) ;
#3649 = CARTESIAN_POINT ( 'NONE',  ( 2.899494936611663132, 19.06030303803300541, -22.60000000000000142 ) ) ;
#3650 =( BOUNDED_CURVE ( )  B_SPLINE_CURVE ( 3, ( #1829, #4239, #3649, #1761 ),
 .UNSPECIFIED., .F., .T. ) 
 B_SPLINE_CURVE_WITH_KNOTS ( ( 4, 4 ),
 ( 3.141592653589792672, 4.712388980384689674 ),
 .UNSPECIFIED. ) 
 CURVE ( )  GEOMETRIC_REPRESENTATION_ITEM ( )  RATIONAL_B_SPLINE_CURVE ( ( 1.000000000000000000, 0.8047378541243649375, 0.8047378541243649375, 1.000000000000000000 ) ) 
 REPRESENTATION_ITEM ( '' )  );
#3651 = DIRECTION ( 'NONE',  ( 0.000000000000000000, 1.515042337097648137E-16, -1.000000000000000000 ) ) ;
#3652 = VECTOR ( 'NONE', #1052, 1000.000000000000000 ) ;
#3653 = ORIENTED_EDGE ( 'NONE', *, *, #409, .T. ) ;
#3654 = TOROIDAL_SURFACE ( 'NONE', #2902, 1.000000000000000000, 0.5000000000000000000 ) ;
#3655 = VERTEX_POINT ( 'NONE', #1489 ) ;
#3656 = DIRECTION ( 'NONE',  ( -0.7071067811865474617, 0.7071067811865475727, 4.906538933386798228E-16 ) ) ;
#3657 = CARTESIAN_POINT ( 'NONE',  ( 25.80000000000000071, -3.305133126583373659, -15.60000000000000320 ) ) ;
#3658 = EDGE_CURVE ( 'NONE', #4059, #2268, #446, .T. ) ;
#3659 = AXIS2_PLACEMENT_3D ( 'NONE', #2351, #3721, #4777 ) ;
#3660 = DIRECTION ( 'NONE',  ( 0.000000000000000000, -1.000000000000000000, -1.535153518563546084E-16 ) ) ;
#3661 = DIRECTION ( 'NONE',  ( 1.000000000000000000, 0.000000000000000000, 0.000000000000000000 ) ) ;
#3662 = CIRCLE ( 'NONE', #3922, 10.99999999999999822 ) ;
#3663 = DIRECTION ( 'NONE',  ( -1.000000000000000000, 0.000000000000000000, 0.000000000000000000 ) ) ;
#3664 = ORIENTED_EDGE ( 'NONE', *, *, #1474, .F. ) ;
#3665 = VERTEX_POINT ( 'NONE', #3619 ) ;
#3666 = ORIENTED_EDGE ( 'NONE', *, *, #7221, .T. ) ;
#3667 = LINE ( 'NONE', #6531, #4533 ) ;
#3668 = EDGE_CURVE ( 'NONE', #6382, #814, #5382, .T. ) ;
#3669 = CARTESIAN_POINT ( 'NONE',  ( 29.87999999999999901, 3.789670170344640265, 17.10000000000000497 ) ) ;
#3670 = DIRECTION ( 'NONE',  ( -0.000000000000000000, -6.938893903907229364E-16, 1.000000000000000000 ) ) ;
#3671 = DIRECTION ( 'NONE',  ( 1.000000000000000000, 0.000000000000000000, -0.000000000000000000 ) ) ;
#3672 = EDGE_CURVE ( 'NONE', #1831, #355, #2221, .T. ) ;
#3673 = CARTESIAN_POINT ( 'NONE',  ( -5.599999999999998757, 1.616580753730949782, 19.60000000000000142 ) ) ;
#3674 = ORIENTED_EDGE ( 'NONE', *, *, #7495, .T. ) ;
#3675 = DIRECTION ( 'NONE',  ( -1.000000000000000000, 0.000000000000000000, 0.000000000000000000 ) ) ;
#3676 = CARTESIAN_POINT ( 'NONE',  ( 19.42795579559014030, -22.89999999999999858, -7.199999999999998401 ) ) ;
#3677 = EDGE_CURVE ( 'NONE', #2406, #886, #4874, .T. ) ;
#3678 = DIRECTION ( 'NONE',  ( 0.000000000000000000, -1.000000000000000000, -1.535153518563546330E-16 ) ) ;
#3679 = FACE_OUTER_BOUND ( 'NONE', #5627, .T. ) ;
#3680 = VECTOR ( 'NONE', #7411, 1000.000000000000000 ) ;
#3681 = LINE ( 'NONE', #6861, #991 ) ;
#3682 = EDGE_LOOP ( 'NONE', ( #4228, #6300, #4759, #4084, #2937, #4809 ) ) ;
#3683 = ORIENTED_EDGE ( 'NONE', *, *, #3057, .T. ) ;
#3684 = ORIENTED_EDGE ( 'NONE', *, *, #7310, .T. ) ;
#3685 = ADVANCED_FACE ( 'NONE', ( #49 ), #613, .F. ) ;
#3686 = DIRECTION ( 'NONE',  ( 0.000000000000000000, 0.000000000000000000, 1.000000000000000000 ) ) ;
#3687 = CYLINDRICAL_SURFACE ( 'NONE', #2007, 0.5000000000000004441 ) ;
#3688 = CARTESIAN_POINT ( 'NONE',  ( 2.799999999999999822, 3.913850194456000686, 11.60000000000000320 ) ) ;
#3689 = CARTESIAN_POINT ( 'NONE',  ( 25.75188498410799198, 2.103410561816367874, -16.42384047587103169 ) ) ;
#3690 = ORIENTED_EDGE ( 'NONE', *, *, #7786, .F. ) ;
#3691 = ORIENTED_EDGE ( 'NONE', *, *, #7192, .T. ) ;
#3692 = CARTESIAN_POINT ( 'NONE',  ( 28.60000000000000142, 3.233161507461900896, 19.60000000000000142 ) ) ;
#3693 = CARTESIAN_POINT ( 'NONE',  ( 25.72820323027551126, -1.069065149083005428, -16.60000000000000142 ) ) ;
#3694 = PERSON_AND_ORGANIZATION ( #2131, #755 ) ;
#3695 = FACE_OUTER_BOUND ( 'NONE', #1752, .T. ) ;
#3696 = DIRECTION ( 'NONE',  ( 0.000000000000000000, 0.000000000000000000, 1.000000000000000000 ) ) ;
#3698 = ORIENTED_EDGE ( 'NONE', *, *, #3126, .F. ) ;
#3697 = EDGE_CURVE ( 'NONE', #1865, #5659, #2979, .T. ) ;
#3699 = ORIENTED_EDGE ( 'NONE', *, *, #3564, .F. ) ;
#3700 = ORIENTED_EDGE ( 'NONE', *, *, #4832, .T. ) ;
#3701 = FACE_OUTER_BOUND ( 'NONE', #1906, .T. ) ;
#3702 = FACE_OUTER_BOUND ( 'NONE', #1527, .T. ) ;
#3703 = DIRECTION ( 'NONE',  ( -0.000000000000000000, -1.000000000000000000, -0.000000000000000000 ) ) ;
#3704 = DIRECTION ( 'NONE',  ( 0.000000000000000000, -1.000000000000000000, -1.535153518563545591E-16 ) ) ;
#3705 = CARTESIAN_POINT ( 'NONE',  ( 19.66598453388734669, -26.37058823529411455, -11.89999999999999680 ) ) ;
#3706 = CARTESIAN_POINT ( 'NONE',  ( 4.336808689942017736E-16, -22.38341924626905310, 19.59999999999999787 ) ) ;
#3707 = EDGE_CURVE ( 'NONE', #35, #4572, #3228, .T. ) ;
#3708 = VERTEX_POINT ( 'NONE', #4217 ) ;
#3709 = LINE ( 'NONE', #1932, #233 ) ;
#3710 = EDGE_CURVE ( 'NONE', #2143, #3877, #4185, .T. ) ;
#3711 = DIRECTION ( 'NONE',  ( 0.000000000000000000, 2.344220913482172642E-16, -1.000000000000000000 ) ) ;
#3712 = DIRECTION ( 'NONE',  ( -1.000000000000000000, 0.000000000000000000, 0.000000000000000000 ) ) ;
#3713 = DIRECTION ( 'NONE',  ( -0.000000000000000000, -0.000000000000000000, -1.000000000000000000 ) ) ;
#3714 = CARTESIAN_POINT ( 'NONE',  ( 14.90000000000000391, 26.39289321881345174, -10.10000000000000142 ) ) ;
#3715 = DIRECTION ( 'NONE',  ( -1.000000000000000000, -0.000000000000000000, -0.000000000000000000 ) ) ;
#3716 = EDGE_CURVE ( 'NONE', #2944, #433, #4237, .T. ) ;
#3717 = ORIENTED_EDGE ( 'NONE', *, *, #6458, .T. ) ;
#3718 = EDGE_LOOP ( 'NONE', ( #1253, #5734, #5194, #1872 ) ) ;
#3719 = VERTEX_POINT ( 'NONE', #2952 ) ;
#3720 = CARTESIAN_POINT ( 'NONE',  ( 25.80000000000000071, 0.000000000000000000, 0.000000000000000000 ) ) ;
#3721 = DIRECTION ( 'NONE',  ( 0.000000000000000000, 0.000000000000000000, 1.000000000000000000 ) ) ;
#3722 = CARTESIAN_POINT ( 'NONE',  ( 3.123566413241965822, -23.58151531823274993, 17.05840739262652406 ) ) ;
#3723 = CIRCLE ( 'NONE', #816, 0.5000000000000004441 ) ;
#3724 = DIRECTION ( 'NONE',  ( 0.000000000000000000, 0.000000000000000000, 1.000000000000000000 ) ) ;
#3725 = DIRECTION ( 'NONE',  ( 0.000000000000000000, 0.000000000000000000, 1.000000000000000000 ) ) ;
#3726 = ADVANCED_FACE ( 'NONE', ( #6042 ), #4851, .F. ) ;
#3727 = EDGE_LOOP ( 'NONE', ( #6602, #7068, #2935, #145 ) ) ;
#3728 = AXIS2_PLACEMENT_3D ( 'NONE', #512, #583, #6091 ) ;
#3729 = ORIENTED_EDGE ( 'NONE', *, *, #4235, .T. ) ;
#3730 = CARTESIAN_POINT ( 'NONE',  ( 4.684161637422525004, -24.64999999999999503, -11.89999999999999680 ) ) ;
#3731 = DIRECTION ( 'NONE',  ( 0.000000000000000000, 0.000000000000000000, -1.000000000000000000 ) ) ;
#3732 = PERSON_AND_ORGANIZATION_ROLE ( 'design_supplier' ) ;
#3733 = CARTESIAN_POINT ( 'NONE',  ( 12.90000000000000213, 23.59999999999999432, 9.680000000000001492 ) ) ;
#3734 = DIRECTION ( 'NONE',  ( 0.000000000000000000, 0.000000000000000000, 1.000000000000000000 ) ) ;
#3735 = AXIS2_PLACEMENT_3D ( 'NONE', #935, #6491, #3312 ) ;
#3736 = AXIS2_PLACEMENT_3D ( 'NONE', #3562, #5981, #4796 ) ;
#3737 = ORIENTED_EDGE ( 'NONE', *, *, #36, .F. ) ;
#3738 = ORIENTED_EDGE ( 'NONE', *, *, #3345, .T. ) ;
#3739 = CIRCLE ( 'NONE', #3106, 1.600000000000000089 ) ;
#3740 = DIRECTION ( 'NONE',  ( -1.000000000000000000, 6.938893903907222067E-15, 0.000000000000000000 ) ) ;
#3741 = CARTESIAN_POINT ( 'NONE',  ( 5.505440962001700633, -22.90000000000000568, -7.784668962138491466 ) ) ;
#3742 = AXIS2_PLACEMENT_3D ( 'NONE', #6166, #4376, #6285 ) ;
#3743 = DIRECTION ( 'NONE',  ( 0.000000000000000000, -0.9998374676887846757, 0.01802881598104356942 ) ) ;
#3744 = DIRECTION ( 'NONE',  ( 1.000000000000000000, 0.000000000000000000, 0.000000000000000000 ) ) ;
#3745 = DIRECTION ( 'NONE',  ( -0.6443794794178386853, -0.7647058823529444549, 0.000000000000000000 ) ) ;
#3746 = DIRECTION ( 'NONE',  ( 0.000000000000000000, 0.000000000000000000, 1.000000000000000000 ) ) ;
#3747 = AXIS2_PLACEMENT_3D ( 'NONE', #3730, #6717, #1915 ) ;
#3748 = AXIS2_PLACEMENT_3D ( 'NONE', #2707, #6397, #2792 ) ;
#3749 = VECTOR ( 'NONE', #2791, 1000.000000000000000 ) ;
#3750 = ORIENTED_EDGE ( 'NONE', *, *, #2905, .T. ) ;
#3751 = DIRECTION ( 'NONE',  ( 0.000000000000000000, -1.000000000000000000, 0.000000000000000000 ) ) ;
#3752 = CARTESIAN_POINT ( 'NONE',  ( 3.897941557581715788, 18.46123506545130155, -21.89183072392314600 ) ) ;
#3753 = VECTOR ( 'NONE', #7776, 1000.000000000000000 ) ;
#3754 = CARTESIAN_POINT ( 'NONE',  ( 22.13945202854507954, 22.16575338090833114, -19.86992854046748391 ) ) ;
#3755 = CARTESIAN_POINT ( 'NONE',  ( 12.90000000000000036, 22.57306454008325858, -19.25000000000000000 ) ) ;
#3756 = CARTESIAN_POINT ( 'NONE',  ( 23.00000000000000000, 3.338714168256810878E-15, -16.60000000000000142 ) ) ;
#3757 = EDGE_CURVE ( 'NONE', #2811, #1703, #1456, .T. ) ;
#3758 = VECTOR ( 'NONE', #3298, 1000.000000000000000 ) ;
#3759 = AXIS2_PLACEMENT_3D ( 'NONE', #2499, #6143, #3724 ) ;
#3760 = LINE ( 'NONE', #4869, #483 ) ;
#3761 = ORIENTED_EDGE ( 'NONE', *, *, #4444, .F. ) ;
#3762 = AXIS2_PLACEMENT_3D ( 'NONE', #3081, #6738, #2531 ) ;
#3763 = ORIENTED_EDGE ( 'NONE', *, *, #1497, .T. ) ;
#3764 = AXIS2_PLACEMENT_3D ( 'NONE', #1905, #70, #7412 ) ;
#3765 = ORIENTED_EDGE ( 'NONE', *, *, #4749, .F. ) ;
#3766 = CARTESIAN_POINT ( 'NONE',  ( -0.08052264867663549985, -15.66352431014485980, 16.56558709055909517 ) ) ;
#3767 = CARTESIAN_POINT ( 'NONE',  ( 23.00000000000000000, 3.913850194455999798, 14.60000000000000320 ) ) ;
#3768 = EDGE_CURVE ( 'NONE', #6335, #3994, #7206, .T. ) ;
#3769 = CARTESIAN_POINT ( 'NONE',  ( 4.900000000000001243, 23.59999999999999787, 0.5000000000000038858 ) ) ;
#3770 = CIRCLE ( 'NONE', #4791, 1.749999999999999778 ) ;
#3771 = CARTESIAN_POINT ( 'NONE',  ( 3.299999999999999822, -22.40000000000000213, -19.49999999999999645 ) ) ;
#3772 = EDGE_CURVE ( 'NONE', #2635, #3665, #5888, .T. ) ;
#3773 = FACE_OUTER_BOUND ( 'NONE', #2322, .T. ) ;
#3774 = ORIENTED_EDGE ( 'NONE', *, *, #4207, .T. ) ;
#3775 = EDGE_LOOP ( 'NONE', ( #6390, #893, #6220, #7512 ) ) ;
#3776 = AXIS2_PLACEMENT_3D ( 'NONE', #5206, #3262, #7480 ) ;
#3777 = CARTESIAN_POINT ( 'NONE',  ( 2.799999999999999822, 3.913850194455999798, 14.60000000000000320 ) ) ;
#3778 = DIRECTION ( 'NONE',  ( 0.000000000000000000, 0.000000000000000000, -1.000000000000000000 ) ) ;
#3779 = EDGE_CURVE ( 'NONE', #5963, #3323, #5407, .T. ) ;
#3780 = CALENDAR_DATE ( 2026, 16, 3 ) ;
#3781 = CARTESIAN_POINT ( 'NONE',  ( -6.000000000000000000, -14.52582457413839379, 17.09999999999999787 ) ) ;
#3782 = VECTOR ( 'NONE', #6919, 1000.000000000000000 ) ;
#3783 = DIRECTION ( 'NONE',  ( -0.000000000000000000, -1.000000000000000000, -1.515042337097648137E-16 ) ) ;
#3784 = VECTOR ( 'NONE', #4088, 1000.000000000000000 ) ;
#3785 = VERTEX_POINT ( 'NONE', #5477 ) ;
#3786 = ORIENTED_EDGE ( 'NONE', *, *, #6695, .F. ) ;
#3787 = VECTOR ( 'NONE', #5618, 1000.000000000000000 ) ;
#3788 = DIRECTION ( 'NONE',  ( 1.000000000000000000, 0.000000000000000000, -0.000000000000000000 ) ) ;
#3789 = EDGE_CURVE ( 'NONE', #2687, #7213, #5365, .T. ) ;
#3790 = CARTESIAN_POINT ( 'NONE',  ( 5.586924233163458986, -23.04159394999414801, -7.910047433640816195 ) ) ;
#3791 = AXIS2_PLACEMENT_3D ( 'NONE', #7680, #4028, #2871 ) ;
#3792 = DIRECTION ( 'NONE',  ( 0.000000000000000000, 1.000000000000000000, -0.000000000000000000 ) ) ;
#3793 = DIRECTION ( 'NONE',  ( -0.000000000000000000, 1.000000000000000000, 0.000000000000000000 ) ) ;
#3794 = CARTESIAN_POINT ( 'NONE',  ( 27.00000000000000000, -24.00000000000000355, 22.59999999999999787 ) ) ;
#3795 = DIRECTION ( 'NONE',  ( 1.000000000000000000, 0.000000000000000000, 0.000000000000000000 ) ) ;
#3796 = ORIENTED_EDGE ( 'NONE', *, *, #2206, .F. ) ;
#3797 = FACE_BOUND ( 'NONE', #2331, .T. ) ;
#3798 = CARTESIAN_POINT ( 'NONE',  ( 4.438042875346527083, 20.86992854108912354, -21.16575338049296917 ) ) ;
#3799 = CARTESIAN_POINT ( 'NONE',  ( 25.09183072447405394, 20.37509843468448167, -18.70205844108827620 ) ) ;
#3800 = CARTESIAN_POINT ( 'NONE',  ( 11.33715406224394151, 23.06130481733321957, -18.29506506888874284 ) ) ;
#3801 = CARTESIAN_POINT ( 'NONE',  ( 23.00000000000000000, 14.60000000000000497, -13.59999999999999787 ) ) ;
#3802 = CYLINDRICAL_SURFACE ( 'NONE', #4906, 3.000000000000000888 ) ;
#3803 = ORIENTED_EDGE ( 'NONE', *, *, #2541, .T. ) ;
#3804 = ORIENTED_EDGE ( 'NONE', *, *, #1236, .T. ) ;
#3805 = EDGE_CURVE ( 'NONE', #71, #3891, #5647, .T. ) ;
#3806 = ORIENTED_EDGE ( 'NONE', *, *, #1934, .F. ) ;
#3807 = CARTESIAN_POINT ( 'NONE',  ( 25.80000000000000071, -14.60000000000000320, -11.15269009426543789 ) ) ;
#3808 = FACE_OUTER_BOUND ( 'NONE', #6070, .T. ) ;
#3809 = CARTESIAN_POINT ( 'NONE',  ( 2.858520902759523530, -23.72891432188256999, 17.10000000000000142 ) ) ;
#3810 = DIRECTION ( 'NONE',  ( 1.000000000000000000, 0.000000000000000000, 0.000000000000000000 ) ) ;
#3811 = CARTESIAN_POINT ( 'NONE',  ( -2.799999999999999822, -3.766896785601943786E-15, 22.60000000000000142 ) ) ;
#3812 = EDGE_LOOP ( 'NONE', ( #3224, #5450, #2214, #5114 ) ) ;
#3813 = EDGE_CURVE ( 'NONE', #1584, #7067, #1572, .T. ) ;
#3814 = ORIENTED_EDGE ( 'NONE', *, *, #5377, .F. ) ;
#3815 = EDGE_CURVE ( 'NONE', #7262, #3942, #4261, .T. ) ;
#3816 = DIRECTION ( 'NONE',  ( 0.000000000000000000, 0.000000000000000000, 1.000000000000000000 ) ) ;
#3817 = LINE ( 'NONE', #2580, #6317 ) ;
#3818 = CARTESIAN_POINT ( 'NONE',  ( 23.19940046147640444, -23.90000000000000568, 17.09999999999999787 ) ) ;
#3819 = DIRECTION ( 'NONE',  ( 1.000000000000000000, 0.000000000000000000, 0.000000000000000000 ) ) ;
#3820 = VERTEX_POINT ( 'NONE', #768 ) ;
#3821 = EDGE_CURVE ( 'NONE', #1703, #3963, #3250, .T. ) ;
#3822 = ORIENTED_EDGE ( 'NONE', *, *, #5083, .T. ) ;
#3823 = CARTESIAN_POINT ( 'NONE',  ( 13.69289321881345778, 27.60000000000000142, -14.09999999999999964 ) ) ;
#3824 = CARTESIAN_POINT ( 'NONE',  ( 0.000000000000000000, 16.60000000000000497, -15.60000000000000142 ) ) ;
#3825 = CARTESIAN_POINT ( 'NONE',  ( 25.80000000000000071, 22.89999999999999503, 22.60000000000000497 ) ) ;
#3826 = FACE_OUTER_BOUND ( 'NONE', #7019, .T. ) ;
#3827 = DIRECTION ( 'NONE',  ( -1.000000000000000000, -0.000000000000000000, -0.000000000000000000 ) ) ;
#3828 = DIRECTION ( 'NONE',  ( 0.000000000000000000, 0.000000000000000000, 1.000000000000000000 ) ) ;
#3829 = ADVANCED_FACE ( 'NONE', ( #3695 ), #7316, .T. ) ;
#3830 = EDGE_LOOP ( 'NONE', ( #7829, #7008, #3644, #1907 ) ) ;
#3831 = DIRECTION ( 'NONE',  ( -0.5000000000000001110, -0.8660254037844385966, 0.000000000000000000 ) ) ;
#3832 = CARTESIAN_POINT ( 'NONE',  ( 25.79999999999999716, 23.60000000000000853, -15.59999999999998010 ) ) ;
#3833 = CARTESIAN_POINT ( 'NONE',  ( 11.80898775742810081, 23.58047395165967330, -16.12671816647621625 ) ) ;
#3834 = CYLINDRICAL_SURFACE ( 'NONE', #6600, 5.999999999999998224 ) ;
#3835 = LINE ( 'NONE', #6253, #1109 ) ;
#3836 = ORIENTED_EDGE ( 'NONE', *, *, #1832, .T. ) ;
#3837 = ORIENTED_EDGE ( 'NONE', *, *, #3331, .F. ) ;
#3838 = ORIENTED_EDGE ( 'NONE', *, *, #4332, .T. ) ;
#3839 = DIRECTION ( 'NONE',  ( -1.000000000000000000, -0.000000000000000000, 0.000000000000000000 ) ) ;
#3840 = DIRECTION ( 'NONE',  ( 0.000000000000000000, 1.000000000000000000, 1.515042337097648137E-16 ) ) ;
#3841 = DIRECTION ( 'NONE',  ( -1.000000000000000000, 0.000000000000000000, 0.000000000000000000 ) ) ;
#3842 = DIRECTION ( 'NONE',  ( 1.000000000000000000, 0.000000000000000000, 0.000000000000000000 ) ) ;
#3843 = EDGE_CURVE ( 'NONE', #6916, #3867, #2115, .T. ) ;
#3844 = LINE ( 'NONE', #4997, #5657 ) ;
#3845 = ORIENTED_EDGE ( 'NONE', *, *, #5169, .F. ) ;
#3846 = ORIENTED_EDGE ( 'NONE', *, *, #2751, .F. ) ;
#3847 = ORIENTED_EDGE ( 'NONE', *, *, #5863, .T. ) ;
#3848 = CARTESIAN_POINT ( 'NONE',  ( 22.50000000000000000, -22.39999999999999503, -11.89999999999999680 ) ) ;
#3849 = CARTESIAN_POINT ( 'NONE',  ( 5.234554352741726646, -22.89999999999999503, -7.729141946548740094 ) ) ;
#3850 = DIRECTION ( 'NONE',  ( 1.000000000000000000, 0.000000000000000000, 0.000000000000000000 ) ) ;
#3851 = ADVANCED_FACE ( 'NONE', ( #1402 ), #5592, .T. ) ;
#3852 = CARTESIAN_POINT ( 'NONE',  ( 15.40000000000000391, 23.60000000000000142, -15.10000000000000142 ) ) ;
#3853 = CIRCLE ( 'NONE', #1713, 1.749999999999998002 ) ;
#3854 = EDGE_CURVE ( 'NONE', #2944, #1957, #4967, .T. ) ;
#3855 = ORIENTED_EDGE ( 'NONE', *, *, #1548, .T. ) ;
#3856 = VERTEX_POINT ( 'NONE', #7433 ) ;
#3857 = DIRECTION ( 'NONE',  ( -0.7071067811865457964, 0.7071067811865492381, -7.359808400080195074E-15 ) ) ;
#3858 = CARTESIAN_POINT ( 'NONE',  ( 12.90000000000000746, -34.39999999999999858, -12.39999999999999858 ) ) ;
#3859 = AXIS2_PLACEMENT_3D ( 'NONE', #6607, #1837, #649 ) ;
#3860 = CARTESIAN_POINT ( 'NONE',  ( 25.80000000000000071, 10.59051904733024685, -15.60000000000000142 ) ) ;
#3861 = LINE ( 'NONE', #5689, #7700 ) ;
#3862 = DIRECTION ( 'NONE',  ( 1.000000000000000000, 0.000000000000000000, 0.000000000000000000 ) ) ;
#3863 = EDGE_CURVE ( 'NONE', #6844, #4220, #5559, .T. ) ;
#3864 = CARTESIAN_POINT ( 'NONE',  ( 22.50000000000000000, -22.89999999999999503, -12.89999999999999858 ) ) ;
#3865 = EDGE_CURVE ( 'NONE', #5694, #5465, #7482, .T. ) ;
#3866 = AXIS2_PLACEMENT_3D ( 'NONE', #2984, #1722, #5401 ) ;
#3867 = VERTEX_POINT ( 'NONE', #5004 ) ;
#3868 = CARTESIAN_POINT ( 'NONE',  ( 13.69289321881345600, 27.09999999999999787, -10.10000000000000142 ) ) ;
#3869 = AXIS2_PLACEMENT_3D ( 'NONE', #4853, #1882, #3663 ) ;
#3870 = CARTESIAN_POINT ( 'NONE',  ( 19.89934111689818508, 18.43223519483035133, -22.41780873489071624 ) ) ;
#3871 = CARTESIAN_POINT ( 'NONE',  ( 12.00166692636316412, 23.58924310266840507, -15.99361080841025640 ) ) ;
#3872 = DIRECTION ( 'NONE',  ( 1.000000000000000000, -0.000000000000000000, 0.000000000000000000 ) ) ;
#3873 = EDGE_CURVE ( 'NONE', #3570, #6430, #3882, .T. ) ;
#3874 = VECTOR ( 'NONE', #2387, 1000.000000000000000 ) ;
#3875 = ORIENTED_EDGE ( 'NONE', *, *, #4972, .F. ) ;
#3876 = DIRECTION ( 'NONE',  ( -1.000000000000000000, 0.000000000000000000, 0.000000000000000000 ) ) ;
#3877 = VERTEX_POINT ( 'NONE', #255 ) ;
#3878 = ORIENTED_EDGE ( 'NONE', *, *, #2443, .F. ) ;
#3879 = TOROIDAL_SURFACE ( 'NONE', #7819, 2.249999999999998668, 0.5000000000000000000 ) ;
#3880 = VERTEX_POINT ( 'NONE', #7357 ) ;
#3881 = AXIS2_PLACEMENT_3D ( 'NONE', #5233, #1589, #5866 ) ;
#3882 = CIRCLE ( 'NONE', #471, 2.999999999999999112 ) ;
#3883 = CARTESIAN_POINT ( 'NONE',  ( 12.90000000000000036, 22.10000000000000142, -17.49999999999999645 ) ) ;
#3884 = DIRECTION ( 'NONE',  ( 1.000000000000000000, -0.000000000000000000, -0.000000000000000000 ) ) ;
#3885 = CARTESIAN_POINT ( 'NONE',  ( 25.80000000000000071, -1.616580753730955111, 17.10000000000000497 ) ) ;
#3886 = FACE_OUTER_BOUND ( 'NONE', #128, .T. ) ;
#3887 = CARTESIAN_POINT ( 'NONE',  ( 2.799999999999999822, 3.338714168256810878E-15, -16.60000000000000142 ) ) ;
#3888 = EDGE_CURVE ( 'NONE', #5319, #1861, #6840, .T. ) ;
#3889 = AXIS2_PLACEMENT_3D ( 'NONE', #3051, #1787, #3599 ) ;
#3890 = CIRCLE ( 'NONE', #7703, 1.100000000000000311 ) ;
#3891 = VERTEX_POINT ( 'NONE', #3818 ) ;
#3892 = ORIENTED_EDGE ( 'NONE', *, *, #6798, .T. ) ;
#3893 = ORIENTED_EDGE ( 'NONE', *, *, #1978, .F. ) ;
#3894 = VECTOR ( 'NONE', #6224, 1000.000000000000000 ) ;
#3895 = DIRECTION ( 'NONE',  ( 0.000000000000000000, 0.000000000000000000, 1.000000000000000000 ) ) ;
#3896 = DIRECTION ( 'NONE',  ( -1.000000000000000000, 0.000000000000000000, 0.000000000000000000 ) ) ;
#3897 = VECTOR ( 'NONE', #5523, 1000.000000000000000 ) ;
#3898 = CARTESIAN_POINT ( 'NONE',  ( -2.799999999999998934, -24.00000000000000355, 17.09999999999999787 ) ) ;
#3899 = DIRECTION ( 'NONE',  ( -0.000000000000000000, 1.000000000000000000, 1.535153518563546084E-16 ) ) ;
#3900 = CIRCLE ( 'NONE', #4035, 1.749999999999999778 ) ;
#3901 = VERTEX_POINT ( 'NONE', #6720 ) ;
#3902 = CIRCLE ( 'NONE', #5044, 0.5000000000000004441 ) ;
#3903 = ADVANCED_FACE ( 'NONE', ( #2630 ), #6198, .F. ) ;
#3904 = ORIENTED_EDGE ( 'NONE', *, *, #3452, .F. ) ;
#3905 = CARTESIAN_POINT ( 'NONE',  ( 20.89999999999999858, 22.09999999999999787, -1.249999999999996447 ) ) ;
#3906 = LINE ( 'NONE', #6327, #6314 ) ;
#3907 = VECTOR ( 'NONE', #2677, 1000.000000000000000 ) ;
#3908 = CARTESIAN_POINT ( 'NONE',  ( 10.69289321881345245, 23.60000000000000497, -9.685786437626905609 ) ) ;
#3909 = DIRECTION ( 'NONE',  ( 1.000000000000000000, 0.000000000000000000, 0.000000000000000000 ) ) ;
#3910 = CARTESIAN_POINT ( 'NONE',  ( 25.80000000000000071, -10.59051904733025040, -15.60000000000000497 ) ) ;
#3911 = DIRECTION ( 'NONE',  ( 0.000000000000000000, -0.5867752483892763049, 0.8097498427772017449 ) ) ;
#3912 = AXIS2_PLACEMENT_3D ( 'NONE', #7697, #2815, #6427 ) ;
#3913 = VERTEX_POINT ( 'NONE', #4932 ) ;
#3914 = EDGE_CURVE ( 'NONE', #37, #1275, #5514, .T. ) ;
#3915 = DIRECTION ( 'NONE',  ( -0.7071067811865492381, -0.7071067811865457964, 0.000000000000000000 ) ) ;
#3916 = CIRCLE ( 'NONE', #878, 0.5000000000000004441 ) ;
#3917 = CARTESIAN_POINT ( 'NONE',  ( 28.60000000000000142, -3.766896785601943786E-15, 17.10000000000000497 ) ) ;
#3918 = EDGE_CURVE ( 'NONE', #6313, #239, #1360, .T. ) ;
#3919 = FACE_OUTER_BOUND ( 'NONE', #5202, .T. ) ;
#3920 = CARTESIAN_POINT ( 'NONE',  ( 11.34842305066896984, 23.52310510627693318, -16.65795766378982989 ) ) ;
#3921 = DIRECTION ( 'NONE',  ( 1.000000000000000000, 0.000000000000000000, 0.000000000000000000 ) ) ;
#3922 = AXIS2_PLACEMENT_3D ( 'NONE', #2048, #4974, #6886 ) ;
#3923 = ORIENTED_EDGE ( 'NONE', *, *, #3779, .T. ) ;
#3924 = FACE_OUTER_BOUND ( 'NONE', #1810, .T. ) ;
#3925 = ORIENTED_EDGE ( 'NONE', *, *, #3438, .T. ) ;
#3926 = ORIENTED_EDGE ( 'NONE', *, *, #6534, .T. ) ;
#3927 = EDGE_CURVE ( 'NONE', #3856, #6005, #1859, .T. ) ;
#3928 = EDGE_LOOP ( 'NONE', ( #482, #669 ) ) ;
#3929 = DIRECTION ( 'NONE',  ( 0.000000000000000000, 0.000000000000000000, 1.000000000000000000 ) ) ;
#3930 = CARTESIAN_POINT ( 'NONE',  ( 20.89999999999999858, 22.09999999999999787, 0.5000000000000036637 ) ) ;
#3931 = CARTESIAN_POINT ( 'NONE',  ( 23.00000000000000000, -10.39733749649842842, -11.83967425483217006 ) ) ;
#3932 = FACE_OUTER_BOUND ( 'NONE', #6392, .T. ) ;
#3933 = LINE ( 'NONE', #1553, #4268 ) ;
#3934 = ORIENTED_EDGE ( 'NONE', *, *, #7260, .T. ) ;
#3935 = EDGE_CURVE ( 'NONE', #1340, #5996, #3264, .T. ) ;
#3936 = ORIENTED_EDGE ( 'NONE', *, *, #5427, .F. ) ;
#3937 = ORIENTED_EDGE ( 'NONE', *, *, #3463, .F. ) ;
#3938 = DIRECTION ( 'NONE',  ( -0.000000000000000000, 0.000000000000000000, 1.000000000000000000 ) ) ;
#3939 = CARTESIAN_POINT ( 'NONE',  ( 25.80000000000000071, -23.40000000000000213, -7.199999999999998401 ) ) ;
#3940 = DIRECTION ( 'NONE',  ( -1.000000000000000000, -0.000000000000000000, -0.000000000000000000 ) ) ;
#3941 = CARTESIAN_POINT ( 'NONE',  ( 3.299999999999999822, -20.40000000000000568, -19.99999999999999645 ) ) ;
#3942 = VERTEX_POINT ( 'NONE', #6754 ) ;
#3943 = ORIENTED_EDGE ( 'NONE', *, *, #7377, .T. ) ;
#3944 = PLANE ( 'NONE',  #7292 ) ;
#3945 = DIRECTION ( 'NONE',  ( 0.000000000000000000, 0.000000000000000000, 1.000000000000000000 ) ) ;
#3946 = CARTESIAN_POINT ( 'NONE',  ( 3.299999999999999822, 0.000000000000000000, -19.99999999999999645 ) ) ;
#3947 = CARTESIAN_POINT ( 'NONE',  ( 12.90000000000000036, 22.57306454008325858, -19.25000000000000000 ) ) ;
#3948 = DIRECTION ( 'NONE',  ( -1.000000000000000000, 0.000000000000000000, 0.000000000000000000 ) ) ;
#3949 = CARTESIAN_POINT ( 'NONE',  ( 2.799999999999999822, 20.09999999999999787, 22.60000000000000142 ) ) ;
#3950 = CARTESIAN_POINT ( 'NONE',  ( 2.799999999999999822, 12.82658702483003488, -13.59999999999999787 ) ) ;
#3951 = EDGE_CURVE ( 'NONE', #4318, #2393, #3382, .T. ) ;
#3952 = ORIENTED_EDGE ( 'NONE', *, *, #425, .T. ) ;
#3953 = CARTESIAN_POINT ( 'NONE',  ( 23.40000000000000568, -34.39999999999999858, -12.39999999999999858 ) ) ;
#3954 = DIRECTION ( 'NONE',  ( -0.000000000000000000, -0.000000000000000000, 1.000000000000000000 ) ) ;
#3955 = CARTESIAN_POINT ( 'NONE',  ( 12.90000000000000746, -34.39999999999999858, -11.89999999999999680 ) ) ;
#3956 = CARTESIAN_POINT ( 'NONE',  ( 2.800000000000000711, 23.59999999999999787, 4.064923801082466157E-15 ) ) ;
#3957 = FACE_OUTER_BOUND ( 'NONE', #5538, .T. ) ;
#3958 = EDGE_CURVE ( 'NONE', #6697, #7238, #4898, .T. ) ;
#3959 = ORIENTED_EDGE ( 'NONE', *, *, #3100, .F. ) ;
#3960 = DIRECTION ( 'NONE',  ( -0.000000000000000000, 1.000000000000000000, 1.535153518563546084E-16 ) ) ;
#3961 = ORIENTED_EDGE ( 'NONE', *, *, #5652, .T. ) ;
#3962 = EDGE_CURVE ( 'NONE', #6612, #6423, #2741, .T. ) ;
#3963 = VERTEX_POINT ( 'NONE', #925 ) ;
#3964 = EDGE_LOOP ( 'NONE', ( #7657, #7585 ) ) ;
#3965 = CARTESIAN_POINT ( 'NONE',  ( 2.799999999999999822, 20.80000000000000426, -15.59999999999999964 ) ) ;
#3966 = CARTESIAN_POINT ( 'NONE',  ( 0.07179676972448884031, 14.60000000000000497, -16.59999999999999787 ) ) ;
#3967 = DIRECTION ( 'NONE',  ( -1.000000000000000000, -0.000000000000000000, 0.000000000000000000 ) ) ;
#3968 = ADVANCED_FACE ( 'NONE', ( #1476, #2825 ), #6481, .T. ) ;
#3969 = FACE_OUTER_BOUND ( 'NONE', #6417, .T. ) ;
#3970 = EDGE_LOOP ( 'NONE', ( #5000, #1637, #7502, #1283 ) ) ;
#3971 = ORIENTED_EDGE ( 'NONE', *, *, #5020, .T. ) ;
#3972 = EDGE_LOOP ( 'NONE', ( #2044, #6034, #7477, #97 ) ) ;
#3973 = DIRECTION ( 'NONE',  ( 1.000000000000000000, 0.000000000000000000, 0.000000000000000000 ) ) ;
#3974 = CYLINDRICAL_SURFACE ( 'NONE', #3404, 3.000000000000000888 ) ;
#3975 = CARTESIAN_POINT ( 'NONE',  ( 19.90000000000000213, 22.09999999999999787, -10.49999999999999645 ) ) ;
#3976 = EDGE_CURVE ( 'NONE', #3877, #3129, #1600, .T. ) ;
#3977 = DIRECTION ( 'NONE',  ( -0.000000000000000000, 1.535153518563546330E-16, -1.000000000000000000 ) ) ;
#3978 = ORIENTED_EDGE ( 'NONE', *, *, #2478, .F. ) ;
#3979 = VERTEX_POINT ( 'NONE', #5168 ) ;
#3980 = FACE_OUTER_BOUND ( 'NONE', #2527, .T. ) ;
#3981 = DIRECTION ( 'NONE',  ( -0.000000000000000000, 1.000000000000000000, 2.090028284309406488E-16 ) ) ;
#3982 = DIRECTION ( 'NONE',  ( -0.7647058823529390148, -0.6443794794178451246, -1.326553246335200564E-15 ) ) ;
#3983 = CARTESIAN_POINT ( 'NONE',  ( 25.80000000000000071, -14.52582457413839379, 17.09999999999999787 ) ) ;
#3984 = CARTESIAN_POINT ( 'NONE',  ( 14.52621360436337561, 23.84819051860521810, -9.536893197818340440 ) ) ;
#3985 = CARTESIAN_POINT ( 'NONE',  ( 28.60000000000000142, -3.766896785601943786E-15, 19.60000000000000142 ) ) ;
#3986 = CARTESIAN_POINT ( 'NONE',  ( 25.72820323027551126, -2.599999999999993427, -16.60000000000000142 ) ) ;
#3987 = CIRCLE ( 'NONE', #7282, 1.099999999999999867 ) ;
#3988 = ORIENTED_EDGE ( 'NONE', *, *, #4223, .T. ) ;
#3989 = DIRECTION ( 'NONE',  ( -1.000000000000000000, 0.000000000000000000, 0.000000000000000000 ) ) ;
#3990 = CARTESIAN_POINT ( 'NONE',  ( 14.64339224349012802, 23.25870394500173433, -17.77178828078680084 ) ) ;
#3991 = CARTESIAN_POINT ( 'NONE',  ( 19.98817427359626464, -25.98823529411764355, -11.89999999999999680 ) ) ;
#3992 = CARTESIAN_POINT ( 'NONE',  ( 25.80000000000000071, -1.616580753730955111, 19.60000000000000142 ) ) ;
#3993 = LINE ( 'NONE', #1542, #2928 ) ;
#3994 = VERTEX_POINT ( 'NONE', #1560 ) ;
#3995 = FACE_OUTER_BOUND ( 'NONE', #7173, .T. ) ;
#3996 = VECTOR ( 'NONE', #6165, 1000.000000000000000 ) ;
#3997 = VECTOR ( 'NONE', #6949, 1000.000000000000000 ) ;
#3998 = VERTEX_POINT ( 'NONE', #5753 ) ;
#3999 = EDGE_CURVE ( 'NONE', #1252, #3708, #2999, .T. ) ;
#4000 = ORIENTED_EDGE ( 'NONE', *, *, #5274, .T. ) ;
#4001 = AXIS2_PLACEMENT_3D ( 'NONE', #180, #5573, #7373 ) ;
#4002 = DIRECTION ( 'NONE',  ( 0.7071067811865492381, 0.7071067811865457964, 0.000000000000000000 ) ) ;
#4003 = FACE_OUTER_BOUND ( 'NONE', #2900, .T. ) ;
#4004 = VECTOR ( 'NONE', #2127, 1000.000000000000000 ) ;
#4005 = EDGE_CURVE ( 'NONE', #7604, #2143, #6396, .T. ) ;
#4006 = DIRECTION ( 'NONE',  ( 1.000000000000000000, -0.000000000000000000, 0.000000000000000000 ) ) ;
#4007 = ORIENTED_EDGE ( 'NONE', *, *, #526, .T. ) ;
#4008 = CIRCLE ( 'NONE', #4128, 0.5000000000000004441 ) ;
#4009 = ORIENTED_EDGE ( 'NONE', *, *, #5220, .T. ) ;
#4010 = VECTOR ( 'NONE', #5717, 1000.000000000000000 ) ;
#4011 = ORIENTED_EDGE ( 'NONE', *, *, #3815, .F. ) ;
#4012 = ADVANCED_FACE ( 'NONE', ( #2075 ), #964, .F. ) ;
#4013 = ORIENTED_EDGE ( 'NONE', *, *, #2033, .F. ) ;
#4014 = CARTESIAN_POINT ( 'NONE',  ( 25.79463774985527991, -10.88991649055300570, -15.90079676451119184 ) ) ;
#4015 = FACE_OUTER_BOUND ( 'NONE', #5728, .T. ) ;
#4016 = EDGE_CURVE ( 'NONE', #284, #1696, #5207, .T. ) ;
#4017 = VECTOR ( 'NONE', #5740, 1000.000000000000000 ) ;
#4018 = CARTESIAN_POINT ( 'NONE',  ( 4.336808689942017736E-16, -22.90000000000000213, 16.09999999999999787 ) ) ;
#4019 = AXIS2_PLACEMENT_3D ( 'NONE', #832, #1989, #3255 ) ;
#4020 = ORIENTED_EDGE ( 'NONE', *, *, #3962, .T. ) ;
#4021 = AXIS2_PLACEMENT_3D ( 'NONE', #5380, #7814, #7256 ) ;
#4022 = EDGE_CURVE ( 'NONE', #6999, #4894, #633, .T. ) ;
#4023 = EDGE_LOOP ( 'NONE', ( #4653, #3387, #3244, #3413 ) ) ;
#4024 = AXIS2_PLACEMENT_3D ( 'NONE', #4513, #3960, #7624 ) ;
#4025 = CARTESIAN_POINT ( 'NONE',  ( 6.083536939935558330, 17.14987783603947946, -22.60000000000000142 ) ) ;
#4026 = DIRECTION ( 'NONE',  ( -0.000000000000000000, 1.000000000000000000, 1.535153518563546084E-16 ) ) ;
#4027 = DIRECTION ( 'NONE',  ( 1.000000000000000000, 0.000000000000000000, -0.000000000000000000 ) ) ;
#4028 = DIRECTION ( 'NONE',  ( 0.000000000000000000, -1.535153518563546084E-16, 1.000000000000000000 ) ) ;
#4029 = CARTESIAN_POINT ( 'NONE',  ( 14.40000000000000568, 24.10000000000000497, -9.599999999999999645 ) ) ;
#4030 = AXIS2_PLACEMENT_3D ( 'NONE', #6208, #4461, #3744 ) ;
#4031 = AXIS2_PLACEMENT_3D ( 'NONE', #1608, #3981, #894 ) ;
#4032 = EDGE_LOOP ( 'NONE', ( #5885, #3763, #5093, #7388 ) ) ;
#4033 = EDGE_CURVE ( 'NONE', #5413, #3474, #5241, .T. ) ;
#4034 = CARTESIAN_POINT ( 'NONE',  ( 11.90000000000000391, 27.59999999999999787, -10.10000000000000142 ) ) ;
#4035 = AXIS2_PLACEMENT_3D ( 'NONE', #6567, #5971, #3090 ) ;
#4036 = FACE_OUTER_BOUND ( 'NONE', #6766, .T. ) ;
#4037 = AXIS2_PLACEMENT_3D ( 'NONE', #1723, #1050, #3466 ) ;
#4038 = CYLINDRICAL_SURFACE ( 'NONE', #7089, 3.000000000000000888 ) ;
#4039 = CARTESIAN_POINT ( 'NONE',  ( 11.40000000000000391, 26.39289321881345529, -14.09999999999999964 ) ) ;
#4040 = CARTESIAN_POINT ( 'NONE',  ( 3.166025403784439085, -22.89999999999999503, -19.99999999999999645 ) ) ;
#4041 = ORIENTED_EDGE ( 'NONE', *, *, #7744, .F. ) ;
#4042 = CIRCLE ( 'NONE', #6183, 6.000000000000000000 ) ;
#4043 = ORIENTED_EDGE ( 'NONE', *, *, #969, .T. ) ;
#4044 = ORIENTED_EDGE ( 'NONE', *, *, #7416, .T. ) ;
#4045 = VECTOR ( 'NONE', #2487, 1000.000000000000000 ) ;
#4046 = CARTESIAN_POINT ( 'NONE',  ( 2.799999999999999822, -12.82658702483003488, -16.59999999999999787 ) ) ;
#4047 = VECTOR ( 'NONE', #2832, 1000.000000000000000 ) ;
#4048 = CARTESIAN_POINT ( 'NONE',  ( 23.00000000000000000, -14.60000000000000320, -11.15269009426543789 ) ) ;
#4049 = ADVANCED_FACE ( 'NONE', ( #1645 ), #2158, .F. ) ;
#4050 = ORIENTED_EDGE ( 'NONE', *, *, #7710, .T. ) ;
#4051 = ORIENTED_EDGE ( 'NONE', *, *, #1335, .T. ) ;
#4052 = ORIENTED_EDGE ( 'NONE', *, *, #330, .F. ) ;
#4053 = ORIENTED_EDGE ( 'NONE', *, *, #387, .T. ) ;
#4054 = CARTESIAN_POINT ( 'NONE',  ( 2.799999999999999822, 15.95493555293155730, 1.829811063045556407 ) ) ;
#4055 = CARTESIAN_POINT ( 'NONE',  ( 23.00000000000000000, 12.44299683239223420, -9.016664371298716674 ) ) ;
#4056 = CARTESIAN_POINT ( 'NONE',  ( 2.799999999999997158, -12.59999999999999609, 5.721150157109079259 ) ) ;
#4057 = CARTESIAN_POINT ( 'NONE',  ( 22.90050506338832648, 19.06030303803300541, -22.60000000000000142 ) ) ;
#4058 = ADVANCED_FACE ( 'NONE', ( #6960 ), #410, .F. ) ;
#4059 = VERTEX_POINT ( 'NONE', #5839 ) ;
#4060 = EDGE_CURVE ( 'NONE', #202, #4551, #594, .T. ) ;
#4061 = ORIENTED_EDGE ( 'NONE', *, *, #2802, .F. ) ;
#4062 = CARTESIAN_POINT ( 'NONE',  ( 3.660547971454937155, 22.16575338090887826, -19.86992854046667389 ) ) ;
#4063 = CARTESIAN_POINT ( 'NONE',  ( 10.40000000000000213, 23.60000000000000142, -15.10000000000000142 ) ) ;
#4064 = CARTESIAN_POINT ( 'NONE',  ( 2.799999999999999822, 3.498314677414610774, -15.36032574516782923 ) ) ;
#4065 = VECTOR ( 'NONE', #5698, 1000.000000000000000 ) ;
#4066 = DIRECTION ( 'NONE',  ( 0.8660254037844389297, -0.4999999999999995004, 0.000000000000000000 ) ) ;
#4067 = FACE_OUTER_BOUND ( 'NONE', #7245, .T. ) ;
#4068 = CARTESIAN_POINT ( 'NONE',  ( 5.899999999999998579, 22.09999999999999787, -10.49999999999999645 ) ) ;
#4069 = LINE ( 'NONE', #7125, #2605 ) ;
#4070 = ADVANCED_FACE ( 'NONE', ( #5914 ), #6514, .F. ) ;
#4071 = ORIENTED_EDGE ( 'NONE', *, *, #163, .T. ) ;
#4072 = ORIENTED_EDGE ( 'NONE', *, *, #3425, .T. ) ;
#4073 = CARTESIAN_POINT ( 'NONE',  ( 14.59326239785988832, 23.18162784266813148, -17.99359792607328856 ) ) ;
#4074 = CARTESIAN_POINT ( 'NONE',  ( 2.799999999999999822, 14.60000000000000320, -11.15269009426543789 ) ) ;
#4075 = CARTESIAN_POINT ( 'NONE',  ( 22.50000000000000000, -20.40000000000000568, 42.89876843554799990 ) ) ;
#4076 = DIRECTION ( 'NONE',  ( 0.000000000000000000, -1.535153518563546330E-16, 1.000000000000000000 ) ) ;
#4077 = EDGE_CURVE ( 'NONE', #1039, #1852, #1193, .T. ) ;
#4078 = VERTEX_POINT ( 'NONE', #3496 ) ;
#4079 = EDGE_LOOP ( 'NONE', ( #3183, #5441, #7403, #1641 ) ) ;
#4080 = LINE ( 'NONE', #477, #2249 ) ;
#4081 = LINE ( 'NONE', #5947, #3032 ) ;
#4082 = DIRECTION ( 'NONE',  ( 0.000000000000000000, 0.000000000000000000, 1.000000000000000000 ) ) ;
#4083 = ORIENTED_EDGE ( 'NONE', *, *, #2515, .T. ) ;
#4084 = ORIENTED_EDGE ( 'NONE', *, *, #2657, .T. ) ;
#4085 = ORIENTED_EDGE ( 'NONE', *, *, #1106, .T. ) ;
#4086 = VERTEX_POINT ( 'NONE', #2426 ) ;
#4087 = DIRECTION ( 'NONE',  ( 1.000000000000000000, 0.000000000000000000, 0.000000000000000000 ) ) ;
#4088 = DIRECTION ( 'NONE',  ( 0.8660254037844385966, 0.5000000000000001110, 0.000000000000000000 ) ) ;
#4089 = CARTESIAN_POINT ( 'NONE',  ( 1.919941347109776196E-17, 16.69464727926393621, -15.75811314734043300 ) ) ;
#4090 = CARTESIAN_POINT ( 'NONE',  ( 4.684161637422525004, -24.64999999999999503, -11.89999999999999680 ) ) ;
#4091 = ORIENTED_EDGE ( 'NONE', *, *, #5692, .T. ) ;
#4092 = ORIENTED_EDGE ( 'NONE', *, *, #3363, .F. ) ;
#4093 = CARTESIAN_POINT ( 'NONE',  ( 1.434246619091274821, 19.93945202854541066, -19.86992854046689061 ) ) ;
#4094 = DIRECTION ( 'NONE',  ( -0.8660254037844388186, -0.4999999999999997224, 0.000000000000000000 ) ) ;
#4095 = ADVANCED_FACE ( 'NONE', ( #2975, #3609 ), #2309, .T. ) ;
#4096 = FACE_BOUND ( 'NONE', #404, .T. ) ;
#4097 = CARTESIAN_POINT ( 'NONE',  ( 0.07179676972448971461, 1.069065149083007205, -16.60000000000000142 ) ) ;
#4098 = CARTESIAN_POINT ( 'NONE',  ( 14.89638103050343965, 23.66310680357077700, -9.351809484748406121 ) ) ;
#4099 = CARTESIAN_POINT ( 'NONE',  ( 22.12951611488325554, -23.32837914933832835, 16.93260216892204539 ) ) ;
#4100 = CARTESIAN_POINT ( 'NONE',  ( 22.50000000000000000, -20.40000000000000568, -11.89999999999999680 ) ) ;
#4101 = EDGE_CURVE ( 'NONE', #1183, #5472, #7058, .T. ) ;
#4102 = ORIENTED_EDGE ( 'NONE', *, *, #5046, .T. ) ;
#4103 = ORIENTED_EDGE ( 'NONE', *, *, #1259, .F. ) ;
#4104 = VERTEX_POINT ( 'NONE', #5354 ) ;
#4105 = LINE ( 'NONE', #509, #2634 ) ;
#4106 = ADVANCED_FACE ( 'NONE', ( #1796 ), #1123, .F. ) ;
#4107 = CYLINDRICAL_SURFACE ( 'NONE', #243, 0.5000000000000004441 ) ;
#4108 = DIRECTION ( 'NONE',  ( -1.000000000000000000, 0.000000000000000000, 0.000000000000000000 ) ) ;
#4109 = CARTESIAN_POINT ( 'NONE',  ( 0.000000000000000000, 23.60000000000000142, -15.10000000000000142 ) ) ;
#4110 = ADVANCED_FACE ( 'NONE', ( #2342 ), #7751, .T. ) ;
#4111 = DIRECTION ( 'NONE',  ( 0.000000000000000000, 1.000000000000000000, -6.938893903907221278E-15 ) ) ;
#4112 = ORIENTED_EDGE ( 'NONE', *, *, #7619, .T. ) ;
#4113 = ORIENTED_EDGE ( 'NONE', *, *, #3865, .T. ) ;
#4114 = EDGE_CURVE ( 'NONE', #368, #3323, #6545, .T. ) ;
#4115 = DIRECTION ( 'NONE',  ( -0.000000000000000000, 1.000000000000000000, 1.535153518563546084E-16 ) ) ;
#4116 = CARTESIAN_POINT ( 'NONE',  ( 20.95384425326231081, -22.90000000001665015, -8.109443004748804640 ) ) ;
#4117 = CIRCLE ( 'NONE', #578, 4.999999999999999112 ) ;
#4118 = CARTESIAN_POINT ( 'NONE',  ( 0.04819387696331184356, -15.63256252731967244, -16.42449347590331854 ) ) ;
#4119 = EDGE_LOOP ( 'NONE', ( #563, #399, #5749, #1095 ) ) ;
#4120 = ORIENTED_EDGE ( 'NONE', *, *, #1031, .F. ) ;
#4121 = VERTEX_POINT ( 'NONE', #2390 ) ;
#4122 = ORIENTED_EDGE ( 'NONE', *, *, #5895, .F. ) ;
#4123 = VECTOR ( 'NONE', #936, 1000.000000000000000 ) ;
#4124 = CARTESIAN_POINT ( 'NONE',  ( 3.299999999999999822, -20.90000000000000568, -11.89999999999999680 ) ) ;
#4125 = DIRECTION ( 'NONE',  ( 0.000000000000000000, -0.5867752483892763049, -0.8097498427772017449 ) ) ;
#4126 = CARTESIAN_POINT ( 'NONE',  ( 0.02017608956212068455, 16.20162952585510396, -16.14529212240811162 ) ) ;
#4127 = CARTESIAN_POINT ( 'NONE',  ( 32.60000000000000142, -3.766896785601943786E-15, 17.10000000000000497 ) ) ;
#4128 = AXIS2_PLACEMENT_3D ( 'NONE', #2507, #1834, #1877 ) ;
#4129 = VECTOR ( 'NONE', #6795, 1000.000000000000000 ) ;
#4130 = VECTOR ( 'NONE', #4413, 1000.000000000000114 ) ;
#4131 = EDGE_LOOP ( 'NONE', ( #7118, #5334, #5057, #1592 ) ) ;
#4132 = ORIENTED_EDGE ( 'NONE', *, *, #479, .F. ) ;
#4133 = CIRCLE ( 'NONE', #1740, 3.000000000000000888 ) ;
#4134 = CARTESIAN_POINT ( 'NONE',  ( 10.90000000000000391, 24.10000000000000497, -14.59999999999999964 ) ) ;
#4135 = CARTESIAN_POINT ( 'NONE',  ( 26.80000000000000071, -14.52582457413839379, 17.09999999999999787 ) ) ;
#4136 = CARTESIAN_POINT ( 'NONE',  ( 23.00000000000000000, -3.498314677414608553, -15.36032574516783455 ) ) ;
#4137 = CIRCLE ( 'NONE', #2878, 3.000000000000000000 ) ;
#4138 = CARTESIAN_POINT ( 'NONE',  ( 23.50000000000000000, -22.89999999999999503, -12.89999999999999858 ) ) ;
#4139 = AXIS2_PLACEMENT_3D ( 'NONE', #3673, #7253, #4944 ) ;
#4140 = DIRECTION ( 'NONE',  ( 0.000000000000000000, 0.000000000000000000, -1.000000000000000000 ) ) ;
#4141 = CARTESIAN_POINT ( 'NONE',  ( 22.67644046178657291, -23.58151914898996537, 17.05840842866952656 ) ) ;
#4142 = FACE_OUTER_BOUND ( 'NONE', #55, .T. ) ;
#4143 = VECTOR ( 'NONE', #5891, 1000.000000000000000 ) ;
#4145 = VERTEX_POINT ( 'NONE', #4811 ) ;
#4144 = EDGE_CURVE ( 'NONE', #949, #7485, #6552, .T. ) ;
#4146 = AXIS2_PLACEMENT_3D ( 'NONE', #7325, #216, #6120 ) ;
#4147 = ORIENTED_EDGE ( 'NONE', *, *, #2885, .T. ) ;
#4148 = ORIENTED_EDGE ( 'NONE', *, *, #5193, .F. ) ;
#4149 = CARTESIAN_POINT ( 'NONE',  ( 2.799999999999999822, -22.39999999999999858, -19.49999999999999645 ) ) ;
#4150 = AXIS2_PLACEMENT_3D ( 'NONE', #7284, #3560, #2960 ) ;
#4151 = DIRECTION ( 'NONE',  ( 0.000000000000000000, 0.000000000000000000, -1.000000000000000000 ) ) ;
#4152 = CARTESIAN_POINT ( 'NONE',  ( 10.83689319781834293, 23.84819051860521810, -9.973786395636629720 ) ) ;
#4153 = CARTESIAN_POINT ( 'NONE',  ( 11.40000000000000391, 24.10000000000000142, -9.600000000000001421 ) ) ;
#4154 = VECTOR ( 'NONE', #2325, 1000.000000000000000 ) ;
#4155 = PLANE ( 'NONE',  #3007 ) ;
#4156 = EDGE_CURVE ( 'NONE', #6325, #2793, #5840, .T. ) ;
#4157 = AXIS2_PLACEMENT_3D ( 'NONE', #4863, #3751, #5024 ) ;
#4158 = VERTEX_POINT ( 'NONE', #10 ) ;
#4159 = VECTOR ( 'NONE', #4094, 1000.000000000000000 ) ;
#4160 = EDGE_CURVE ( 'NONE', #307, #4539, #3650, .T. ) ;
#4161 = CARTESIAN_POINT ( 'NONE',  ( 5.899999999999998579, 19.60000000000000142, -9.399999999999996803 ) ) ;
#4162 = DIRECTION ( 'NONE',  ( 1.000000000000000000, 0.000000000000000000, 0.000000000000000000 ) ) ;
#4163 = CIRCLE ( 'NONE', #1513, 2.999999999999999112 ) ;
#4164 = DIRECTION ( 'NONE',  ( 0.000000000000000000, -1.000000000000000000, -2.011273595335428572E-16 ) ) ;
#4165 = EDGE_CURVE ( 'NONE', #4158, #5266, #7266, .T. ) ;
#4166 = ORIENTED_EDGE ( 'NONE', *, *, #2421, .F. ) ;
#4167 = EDGE_LOOP ( 'NONE', ( #4577, #3961 ) ) ;
#4168 = AXIS2_PLACEMENT_3D ( 'NONE', #4634, #7064, #1632 ) ;
#4169 = ORIENTED_EDGE ( 'NONE', *, *, #2269, .F. ) ;
#4170 = ORIENTED_EDGE ( 'NONE', *, *, #1929, .T. ) ;
#4171 = DIRECTION ( 'NONE',  ( -1.000000000000000000, -0.000000000000000000, -0.000000000000000000 ) ) ;
#4172 = CARTESIAN_POINT ( 'NONE',  ( 0.000000000000000000, -3.305133126583374104, -15.60000000000000320 ) ) ;
#4173 = LINE ( 'NONE', #6597, #4643 ) ;
#4174 = CARTESIAN_POINT ( 'NONE',  ( -5.599999999999998757, 1.616580753730949782, 17.10000000000000497 ) ) ;
#4175 = EDGE_CURVE ( 'NONE', #4370, #7278, #4173, .T. ) ;
#4176 = LOCAL_TIME ( 15, 44, 4.000000000000000000, #164 ) ;
#4177 = ORIENTED_EDGE ( 'NONE', *, *, #4895, .F. ) ;
#4178 = CC_DESIGN_DATE_AND_TIME_ASSIGNMENT ( #3187, #1952, ( #5693 ) ) ;
#4179 = VERTEX_POINT ( 'NONE', #2275 ) ;
#4180 = CARTESIAN_POINT ( 'NONE',  ( 1.726292319493746064, 19.76422460830328376, -20.22578725610541284 ) ) ;
#4181 = CARTESIAN_POINT ( 'NONE',  ( 29.87999999999999901, 3.789670170344640265, 22.60000000000000142 ) ) ;
#4182 = DIRECTION ( 'NONE',  ( -1.000000000000000000, 0.000000000000000000, 0.000000000000000000 ) ) ;
#4183 = DIRECTION ( 'NONE',  ( -0.000000000000000000, 1.000000000000000000, 1.535153518563546084E-16 ) ) ;
#4184 = FACE_OUTER_BOUND ( 'NONE', #1543, .T. ) ;
#4185 = LINE ( 'NONE', #1135, #7418 ) ;
#4186 = CARTESIAN_POINT ( 'NONE',  ( 23.00000000000000000, -12.82658702483003488, -13.59999999999999787 ) ) ;
#4187 = ORIENTED_EDGE ( 'NONE', *, *, #5377, .T. ) ;
#4188 = EDGE_LOOP ( 'NONE', ( #7137, #5843, #6538, #5234, #6854, #5481, #5011, #7486, #2752, #1808, #437, #3307, #3357 ) ) ;
#4189 = ORIENTED_EDGE ( 'NONE', *, *, #627, .T. ) ;
#4190 = CYLINDRICAL_SURFACE ( 'NONE', #6562, 2.999999999999999112 ) ;
#4191 = CARTESIAN_POINT ( 'NONE',  ( 14.40000000000000391, 24.10000000000000497, -14.59999999999999964 ) ) ;
#4192 = FACE_OUTER_BOUND ( 'NONE', #7715, .T. ) ;
#4193 = CYLINDRICAL_SURFACE ( 'NONE', #2215, 2.999999999999999112 ) ;
#4194 = EDGE_CURVE ( 'NONE', #94, #2357, #1228, .T. ) ;
#4195 = CARTESIAN_POINT ( 'NONE',  ( 25.80000000000000071, -17.59999999999999787, 0.000000000000000000 ) ) ;
#4196 = VERTEX_POINT ( 'NONE', #7423 ) ;
#4197 = CARTESIAN_POINT ( 'NONE',  ( 20.84664824781804526, -22.90000000000000213, -7.959230245620396715 ) ) ;
#4198 = CARTESIAN_POINT ( 'NONE',  ( 2.799999999999999822, 13.52568602459994906, 3.590136808213382213 ) ) ;
#4199 = CARTESIAN_POINT ( 'NONE',  ( 25.80000000000000071, -22.90000000000000213, 22.59999999999999787 ) ) ;
#4200 = EDGE_CURVE ( 'NONE', #5860, #6980, #2245, .T. ) ;
#4201 = DIRECTION ( 'NONE',  ( 0.000000000000000000, -2.011273595335428572E-16, 1.000000000000000000 ) ) ;
#4202 = ADVANCED_FACE ( 'NONE', ( #5547 ), #6074, .F. ) ;
#4203 = ORIENTED_EDGE ( 'NONE', *, *, #574, .F. ) ;
#4204 = ORIENTED_EDGE ( 'NONE', *, *, #6354, .T. ) ;
#4205 = ORIENTED_EDGE ( 'NONE', *, *, #3133, .T. ) ;
#4206 = DIRECTION ( 'NONE',  ( -1.000000000000000000, 0.000000000000000000, 0.000000000000000000 ) ) ;
#4207 = EDGE_CURVE ( 'NONE', #789, #2429, #3236, .T. ) ;
#4208 = CARTESIAN_POINT ( 'NONE',  ( 0.04811501589201658269, 15.63434541273321621, -16.42384047587108142 ) ) ;
#4209 = CARTESIAN_POINT ( 'NONE',  ( 25.80000000000000071, 3.913850194455999798, 14.60000000000000142 ) ) ;
#4210 = VERTEX_POINT ( 'NONE', #7302 ) ;
#4211 = ORIENTED_EDGE ( 'NONE', *, *, #1707, .F. ) ;
#4212 = CARTESIAN_POINT ( 'NONE',  ( 3.299999999999999822, -20.90000000000000568, 42.89876843554799990 ) ) ;
#4213 = CARTESIAN_POINT ( 'NONE',  ( 19.98817427359626464, -25.98823529411764355, -8.199999999999999289 ) ) ;
#4214 = EDGE_CURVE ( 'NONE', #1015, #3016, #1868, .T. ) ;
#4215 = DIRECTION ( 'NONE',  ( 0.000000000000000000, -0.000000000000000000, -1.000000000000000000 ) ) ;
#4216 = CARTESIAN_POINT ( 'NONE',  ( 10.40000000000000213, 23.60000000000000142, -15.10000000000000142 ) ) ;
#4217 = CARTESIAN_POINT ( 'NONE',  ( 2.400000000000009681, -34.39999999999999858, -7.699999999999998401 ) ) ;
#4218 = CARTESIAN_POINT ( 'NONE',  ( 4.900000000000001243, 22.09999999999999787, 0.5000000000000036637 ) ) ;
#4219 = ORIENTED_EDGE ( 'NONE', *, *, #1971, .T. ) ;
#4220 = VERTEX_POINT ( 'NONE', #5043 ) ;
#4221 = EDGE_LOOP ( 'NONE', ( #618, #7478, #3847, #6843 ) ) ;
#4222 = DIRECTION ( 'NONE',  ( 0.000000000000000000, 6.938893903907229364E-16, -1.000000000000000000 ) ) ;
#4223 = EDGE_CURVE ( 'NONE', #3245, #2755, #158, .T. ) ;
#4224 = DIRECTION ( 'NONE',  ( -0.000000000000000000, -1.000000000000000000, -2.344220913482172642E-16 ) ) ;
#4225 = CARTESIAN_POINT ( 'NONE',  ( 3.299999999999999822, 19.59999999999999432, -19.99999999999999645 ) ) ;
#4226 = DIRECTION ( 'NONE',  ( -1.000000000000000000, 0.000000000000000000, 0.000000000000000000 ) ) ;
#4227 = CARTESIAN_POINT ( 'NONE',  ( 0.000000000000000000, 17.60000000000000497, -11.15269009426543789 ) ) ;
#4228 = ORIENTED_EDGE ( 'NONE', *, *, #2978, .T. ) ;
#4229 = DIRECTION ( 'NONE',  ( 0.000000000000000000, 0.000000000000000000, -1.000000000000000000 ) ) ;
#4230 = DIRECTION ( 'NONE',  ( 1.000000000000000000, 0.000000000000000000, 0.000000000000000000 ) ) ;
#4231 = DIRECTION ( 'NONE',  ( -1.000000000000000000, -0.000000000000000000, -0.000000000000000000 ) ) ;
#4232 = DIRECTION ( 'NONE',  ( 0.000000000000000000, -1.000000000000000000, 0.000000000000000000 ) ) ;
#4233 = ORIENTED_EDGE ( 'NONE', *, *, #2506, .F. ) ;
#4234 = ORIENTED_EDGE ( 'NONE', *, *, #6385, .T. ) ;
#4235 = EDGE_CURVE ( 'NONE', #1221, #5276, #4402, .T. ) ;
#4236 = ORIENTED_EDGE ( 'NONE', *, *, #3320, .T. ) ;
#4237 = CIRCLE ( 'NONE', #822, 3.000000000000000888 ) ;
#4238 = DIRECTION ( 'NONE',  ( 1.000000000000000000, 0.000000000000000000, 0.000000000000000000 ) ) ;
#4239 = CARTESIAN_POINT ( 'NONE',  ( -1.675484248735628716E-15, 20.80000000000000426, -19.70050506338833429 ) ) ;
#4240 = FACE_OUTER_BOUND ( 'NONE', #2482, .T. ) ;
#4241 = VECTOR ( 'NONE', #5288, 1000.000000000000000 ) ;
#4242 = ORIENTED_EDGE ( 'NONE', *, *, #3372, .T. ) ;
#4243 = EDGE_CURVE ( 'NONE', #266, #3480, #4244, .T. ) ;
#4244 = CIRCLE ( 'NONE', #1213, 1.600000000000000755 ) ;
#4245 = ORIENTED_EDGE ( 'NONE', *, *, #2657, .F. ) ;
#4246 = EDGE_CURVE ( 'NONE', #5778, #1593, #5383, .T. ) ;
#4247 = CARTESIAN_POINT ( 'NONE',  ( 0.000000000000000000, -22.39999999999999503, -12.39999999999999858 ) ) ;
#4248 = CARTESIAN_POINT ( 'NONE',  ( 22.50000000000000000, -22.39999999999999503, -19.49999999999999645 ) ) ;
#4249 =( BOUNDED_CURVE ( )  B_SPLINE_CURVE ( 3, ( #852, #774, #7488, #5565 ),
 .UNSPECIFIED., .F., .T. ) 
 B_SPLINE_CURVE_WITH_KNOTS ( ( 4, 4 ),
 ( 1.203706215242020875E-31, 1.570796326794896558 ),
 .UNSPECIFIED. ) 
 CURVE ( )  GEOMETRIC_REPRESENTATION_ITEM ( )  RATIONAL_B_SPLINE_CURVE ( ( 1.000000000000000000, 0.8047378541243649375, 0.8047378541243649375, 1.000000000000000000 ) ) 
 REPRESENTATION_ITEM ( '' )  );
#4250 = AXIS2_PLACEMENT_3D ( 'NONE', #3848, #5796, #7030 ) ;
#4251 = CARTESIAN_POINT ( 'NONE',  ( 0.04811501589201583329, -11.79224161209682897, -16.42384047587108142 ) ) ;
#4252 = CARTESIAN_POINT ( 'NONE',  ( 36.00000000000000711, -17.59999999999999787, 4.100000000000001421 ) ) ;
#4253 = CIRCLE ( 'NONE', #829, 2.800000000000000266 ) ;
#4254 = CARTESIAN_POINT ( 'NONE',  ( 12.90000000000000746, -34.39999999999999858, -7.699999999999998401 ) ) ;
#4255 = VERTEX_POINT ( 'NONE', #4995 ) ;
#4256 = ADVANCED_FACE ( 'NONE', ( #5469 ), #40, .F. ) ;
#4257 = VECTOR ( 'NONE', #4566, 1000.000000000000000 ) ;
#4258 = ORIENTED_EDGE ( 'NONE', *, *, #6337, .F. ) ;
#4259 = ORIENTED_EDGE ( 'NONE', *, *, #5182, .F. ) ;
#4260 = CIRCLE ( 'NONE', #843, 6.000000000000001776 ) ;
#4261 = CIRCLE ( 'NONE', #6289, 0.5000000000000004441 ) ;
#4262 = LINE ( 'NONE', #3558, #7833 ) ;
#4263 = CARTESIAN_POINT ( 'NONE',  ( 0.000000000000000000, 0.000000000000000000, -12.39999999999999858 ) ) ;
#4264 = CARTESIAN_POINT ( 'NONE',  ( 4.900000000000001243, 19.59999999999999787, 0.5000000000000032196 ) ) ;
#4265 = DIRECTION ( 'NONE',  ( -0.000000000000000000, 0.000000000000000000, 1.000000000000000000 ) ) ;
#4266 = VECTOR ( 'NONE', #1936, 1000.000000000000000 ) ;
#4267 = FACE_BOUND ( 'NONE', #4119, .T. ) ;
#4268 = VECTOR ( 'NONE', #7630, 1000.000000000000000 ) ;
#4269 = ADVANCED_FACE ( 'NONE', ( #7470 ), #3180, .F. ) ;
#4270 = ORIENTED_EDGE ( 'NONE', *, *, #3813, .T. ) ;
#4271 = CARTESIAN_POINT ( 'NONE',  ( 0.07179676972449058892, 1.069065149083007205, -16.60000000000000142 ) ) ;
#4272 = TOROIDAL_SURFACE ( 'NONE', #606, 1.000000000000000000, 0.5000000000000000000 ) ;
#4273 = CARTESIAN_POINT ( 'NONE',  ( 25.80000000000000071, -17.60000000000000142, 3.678449780384555972E-15 ) ) ;
#4274 = VECTOR ( 'NONE', #5779, 1000.000000000000227 ) ;
#4275 = CARTESIAN_POINT ( 'NONE',  ( 15.40000000000000391, 23.59999999999999787, -9.099999999999999645 ) ) ;
#4276 = CARTESIAN_POINT ( 'NONE',  ( 0.03003420635247405074, 11.41122769733106423, -16.25343301070648039 ) ) ;
#4277 = DIRECTION ( 'NONE',  ( 0.000000000000000000, 0.000000000000000000, 1.000000000000000000 ) ) ;
#4278 = VECTOR ( 'NONE', #280, 999.9999999999998863 ) ;
#4279 = ORIENTED_EDGE ( 'NONE', *, *, #1031, .T. ) ;
#4280 = ORIENTED_EDGE ( 'NONE', *, *, #6924, .T. ) ;
#4281 = EDGE_LOOP ( 'NONE', ( #390, #3448, #7737, #2068, #6834, #6093, #3615, #4806, #6110, #3362, #117 ) ) ;
#4282 = VECTOR ( 'NONE', #7678, 1000.000000000000000 ) ;
#4283 = CARTESIAN_POINT ( 'NONE',  ( -1.199999999999999067, -24.00000000000000355, 22.59999999999999787 ) ) ;
#4284 = CIRCLE ( 'NONE', #2505, 0.5000000000000004441 ) ;
#4285 = DIRECTION ( 'NONE',  ( -0.000000000000000000, 1.000000000000000000, 1.535153518563546084E-16 ) ) ;
#4286 = EDGE_CURVE ( 'NONE', #3708, #1703, #1993, .T. ) ;
#4287 = DIRECTION ( 'NONE',  ( 0.000000000000000000, -0.7682212795973759611, 0.6401843996644797086 ) ) ;
#4288 = ORIENTED_EDGE ( 'NONE', *, *, #96, .F. ) ;
#4289 = AXIS2_PLACEMENT_3D ( 'NONE', #5993, #7111, #4765 ) ;
#4290 = ORIENTED_EDGE ( 'NONE', *, *, #5512, .F. ) ;
#4291 = CARTESIAN_POINT ( 'NONE',  ( 2.799999999999999822, -14.60000000000000497, -13.59999999999999787 ) ) ;
#4292 = CARTESIAN_POINT ( 'NONE',  ( 23.00000000000000000, -17.60000000000000142, 3.678449780384555972E-15 ) ) ;
#4293 = APPLICATION_PROTOCOL_DEFINITION ( 'international standard', 'config_control_design', 1994, #5369 ) ;
#4294 = CARTESIAN_POINT ( 'NONE',  ( 0.000000000000000000, 22.89999999999999503, 22.60000000000000497 ) ) ;
#4295 = EDGE_CURVE ( 'NONE', #2731, #6363, #1743, .T. ) ;
#4296 = CIRCLE ( 'NONE', #1518, 1.100000000000000089 ) ;
#4297 = CARTESIAN_POINT ( 'NONE',  ( 0.000000000000000000, 5.834403393449441921, 13.90466383879213019 ) ) ;
#4298 = EDGE_CURVE ( 'NONE', #5204, #6378, #2750, .T. ) ;
#4299 = ORIENTED_EDGE ( 'NONE', *, *, #3328, .T. ) ;
#4300 = ORIENTED_EDGE ( 'NONE', *, *, #4414, .F. ) ;
#4301 = VERTEX_POINT ( 'NONE', #80 ) ;
#4302 = DIRECTION ( 'NONE',  ( -1.000000000000000000, -6.938893903907222067E-15, 0.000000000000000000 ) ) ;
#4303 = CARTESIAN_POINT ( 'NONE',  ( 5.848828083740863271, -22.89999999999999858, -7.350524322737635785 ) ) ;
#4304 = LINE ( 'NONE', #1409, #2021 ) ;
#4305 = CARTESIAN_POINT ( 'NONE',  ( 10.59832151352660823, 23.62776780442265689, -9.298321513527207927 ) ) ;
#4306 = LINE ( 'NONE', #545, #6134 ) ;
#4307 = EDGE_CURVE ( 'NONE', #5956, #4839, #1970, .T. ) ;
#4308 = CARTESIAN_POINT ( 'NONE',  ( 2.799999999999999822, -17.60000000000000142, 5.721150157109080148 ) ) ;
#4309 = EDGE_LOOP ( 'NONE', ( #2702, #3623, #2552, #3674, #7811, #6741, #6460, #4862, #4233, #4406, #3683, #6574, #671, #119, #5424, #1448, #6592, #5451, #5869, #4205, #2071, #1547, #1156, #3803, #2207, #3418, #107, #7026, #7460, #447, #155, #6518, #3491, #7129, #3738, #1048, #2119, #2817, #1166, #2324, #4392, #6192, #3062, #838, #1980, #7144 ) ) ;
#4310 = CARTESIAN_POINT ( 'NONE',  ( 4.900000000000001243, 20.09999999999999787, 0.5000000000000033307 ) ) ;
#4311 = CARTESIAN_POINT ( 'NONE',  ( 12.90000000000000746, -34.39999999999999858, -11.89999999999999680 ) ) ;
#4312 = DIRECTION ( 'NONE',  ( 0.000000000000000000, 0.000000000000000000, 1.000000000000000000 ) ) ;
#4313 = CARTESIAN_POINT ( 'NONE',  ( 14.75355339059327697, 26.74644660940672480, -14.09999999999999964 ) ) ;
#4314 = DIRECTION ( 'NONE',  ( 1.000000000000000000, -0.000000000000000000, 0.000000000000000000 ) ) ;
#4315 = EDGE_CURVE ( 'NONE', #5842, #7664, #6747, .T. ) ;
#4316 = LINE ( 'NONE', #6740, #1748 ) ;
#4317 = VERTEX_POINT ( 'NONE', #1946 ) ;
#4318 = VERTEX_POINT ( 'NONE', #2540 ) ;
#4319 = ORIENTED_EDGE ( 'NONE', *, *, #622, .T. ) ;
#4320 = DIRECTION ( 'NONE',  ( -0.000000000000000000, -0.000000000000000000, 1.000000000000000000 ) ) ;
#4321 = FACE_OUTER_BOUND ( 'NONE', #329, .T. ) ;
#4322 = DIRECTION ( 'NONE',  ( 6.938893903907227589E-15, 1.000000000000000000, 0.000000000000000000 ) ) ;
#4323 = DIRECTION ( 'NONE',  ( 1.000000000000000000, 0.000000000000000000, 0.000000000000000000 ) ) ;
#4324 = EDGE_LOOP ( 'NONE', ( #5077, #1908, #423, #7237 ) ) ;
#4325 = ORIENTED_EDGE ( 'NONE', *, *, #5593, .T. ) ;
#4326 = DIRECTION ( 'NONE',  ( 0.8660254037844388186, -0.4999999999999997224, 0.000000000000000000 ) ) ;
#4327 = CARTESIAN_POINT ( 'NONE',  ( 25.76996579364753970, -2.484424476582195229, -16.25343301070637381 ) ) ;
#4328 = COORDINATED_UNIVERSAL_TIME_OFFSET ( 8, 0, .AHEAD. ) ;
#4329 = DIRECTION ( 'NONE',  ( 0.000000000000000000, 0.000000000000000000, 1.000000000000000000 ) ) ;
#4330 = CARTESIAN_POINT ( 'NONE',  ( 15.13825210476639249, 23.61301366391799661, -14.96912605238318683 ) ) ;
#4331 = VERTEX_POINT ( 'NONE', #5584 ) ;
#4332 = EDGE_CURVE ( 'NONE', #685, #1116, #4368, .T. ) ;
#4333 = EDGE_LOOP ( 'NONE', ( #7232, #4814, #412, #1440 ) ) ;
#4334 = CARTESIAN_POINT ( 'NONE',  ( 13.69289321881345778, 27.10000000000000142, -14.09999999999999964 ) ) ;
#4335 = FACE_BOUND ( 'NONE', #5580, .T. ) ;
#4336 = CARTESIAN_POINT ( 'NONE',  ( 2.799999999999999822, 17.60000000000000142, 3.678449780384555972E-15 ) ) ;
#4337 = CARTESIAN_POINT ( 'NONE',  ( -4.399999999999999467, -24.00000000000000355, 19.59999999999999787 ) ) ;
#4338 = EDGE_CURVE ( 'NONE', #2357, #4571, #6189, .T. ) ;
#4339 = CARTESIAN_POINT ( 'NONE',  ( 19.86525102630453432, -23.16352631991371780, -7.803202315430294078 ) ) ;
#4340 = PLANE ( 'NONE',  #7427 ) ;
#4341 = ORIENTED_EDGE ( 'NONE', *, *, #1535, .F. ) ;
#4342 = EDGE_CURVE ( 'NONE', #2608, #1233, #5118, .T. ) ;
#4343 = CARTESIAN_POINT ( 'NONE',  ( 25.80000000000000071, -25.61658075373095755, 17.10000000000000142 ) ) ;
#4344 = DIRECTION ( 'NONE',  ( 0.000000000000000000, -1.000000000000000000, -1.515042337097648137E-16 ) ) ;
#4345 = EDGE_CURVE ( 'NONE', #6035, #2635, #5008, .T. ) ;
#4346 = CARTESIAN_POINT ( 'NONE',  ( 21.70777454177312293, 19.50777454177312364, -22.01677582973704617 ) ) ;
#4347 = CARTESIAN_POINT ( 'NONE',  ( 25.80000000000000071, -10.39733749649842842, -11.83967425483216829 ) ) ;
#4348 = LINE ( 'NONE', #5610, #4065 ) ;
#4349 = DIRECTION ( 'NONE',  ( 0.000000000000000000, 0.5867752483892765270, 0.8097498427772016338 ) ) ;
#4350 = ORIENTED_EDGE ( 'NONE', *, *, #4626, .F. ) ;
#4351 = ORIENTED_EDGE ( 'NONE', *, *, #6097, .F. ) ;
#4352 = EDGE_CURVE ( 'NONE', #7150, #668, #2329, .T. ) ;
#4353 = ORIENTED_EDGE ( 'NONE', *, *, #3227, .F. ) ;
#4354 = PLANE ( 'NONE',  #205 ) ;
#4355 = DIRECTION ( 'NONE',  ( 0.000000000000000000, 0.000000000000000000, 1.000000000000000000 ) ) ;
#4356 = DIRECTION ( 'NONE',  ( 0.000000000000000000, 0.000000000000000000, 1.000000000000000000 ) ) ;
#4357 = DIRECTION ( 'NONE',  ( -0.000000000000000000, -1.000000000000000000, -1.535153518563546084E-16 ) ) ;
#4358 = CARTESIAN_POINT ( 'NONE',  ( 25.80000000000000071, 10.39733749649842842, -11.83967425483217006 ) ) ;
#4359 = ORIENTED_EDGE ( 'NONE', *, *, #627, .F. ) ;
#4360 = VECTOR ( 'NONE', #1291, 1000.000000000000000 ) ;
#4361 = ORIENTED_EDGE ( 'NONE', *, *, #1609, .F. ) ;
#4362 = DIRECTION ( 'NONE',  ( 1.000000000000000000, 0.000000000000000000, 0.000000000000000000 ) ) ;
#4363 = LINE ( 'NONE', #6791, #4921 ) ;
#4364 = PERSON_AND_ORGANIZATION ( #2131, #755 ) ;
#4365 = CARTESIAN_POINT ( 'NONE',  ( 23.00000000000000000, -12.44299683239223420, -9.016664371298716674 ) ) ;
#4366 = CARTESIAN_POINT ( 'NONE',  ( 25.80000000000000071, -22.38341924626905310, 19.59999999999999787 ) ) ;
#4367 = VECTOR ( 'NONE', #5726, 1000.000000000000000 ) ;
#4368 = CIRCLE ( 'NONE', #346, 1.100000000000000311 ) ;
#4369 = ORIENTED_EDGE ( 'NONE', *, *, #6846, .T. ) ;
#4370 = VERTEX_POINT ( 'NONE', #3330 ) ;
#4371 = LINE ( 'NONE', #6205, #1629 ) ;
#4372 = CARTESIAN_POINT ( 'NONE',  ( 4.684161637422525892, -22.39999999999999503, -12.39999999999999858 ) ) ;
#4373 = CARTESIAN_POINT ( 'NONE',  ( 11.75355339059327875, 26.74644660940672836, -14.09999999999999964 ) ) ;
#4374 = CARTESIAN_POINT ( 'NONE',  ( 14.40000000000000391, 26.39289321881345529, -14.09999999999999964 ) ) ;
#4375 = CARTESIAN_POINT ( 'NONE',  ( 27.00000000000000000, -3.570953297738367706E-15, 22.60000000000000142 ) ) ;
#4376 = DIRECTION ( 'NONE',  ( -0.000000000000000000, 0.000000000000000000, 1.000000000000000000 ) ) ;
#4377 = ADVANCED_FACE ( 'NONE', ( #513 ), #6310, .F. ) ;
#4378 = AXIS2_PLACEMENT_3D ( 'NONE', #6196, #88, #2431 ) ;
#4379 = CIRCLE ( 'NONE', #7692, 0.5000000000000004441 ) ;
#4380 = AXIS2_PLACEMENT_3D ( 'NONE', #7392, #6233, #3850 ) ;
#4381 = ORIENTED_EDGE ( 'NONE', *, *, #2269, .T. ) ;
#4382 = CARTESIAN_POINT ( 'NONE',  ( 28.60000000000000142, -24.00000000000000355, 22.59999999999999787 ) ) ;
#4383 = DIRECTION ( 'NONE',  ( -0.000000000000000000, -0.000000000000000000, 1.000000000000000000 ) ) ;
#4384 = AXIS2_PLACEMENT_3D ( 'NONE', #2219, #2931, #4718 ) ;
#4385 = CARTESIAN_POINT ( 'NONE',  ( 18.80000000000000071, 16.60000000000000497, -22.60000000000000142 ) ) ;
#4386 = CARTESIAN_POINT ( 'NONE',  ( 12.32464585804329182, 22.62932158101503077, -19.15667418040727910 ) ) ;
#4387 = LINE ( 'NONE', #1382, #3680 ) ;
#4388 = VECTOR ( 'NONE', #5831, 1000.000000000000000 ) ;
#4389 = AXIS2_PLACEMENT_3D ( 'NONE', #7134, #7509, #3842 ) ;
#4390 = EDGE_CURVE ( 'NONE', #5842, #3913, #2066, .T. ) ;
#4391 = CARTESIAN_POINT ( 'NONE',  ( 23.00000000000000000, 15.95493555293155730, 1.829811063045556407 ) ) ;
#4392 = ORIENTED_EDGE ( 'NONE', *, *, #7408, .T. ) ;
#4393 = VECTOR ( 'NONE', #67, 1000.000000000000000 ) ;
#4394 = EDGE_CURVE ( 'NONE', #2197, #789, #580, .T. ) ;
#4395 = ORIENTED_EDGE ( 'NONE', *, *, #7408, .F. ) ;
#4396 = VECTOR ( 'NONE', #4349, 999.9999999999998863 ) ;
#4397 = ORIENTED_EDGE ( 'NONE', *, *, #3805, .T. ) ;
#4398 = DIRECTION ( 'NONE',  ( -0.000000000000000000, 1.000000000000000000, 1.535153518563546084E-16 ) ) ;
#4399 = DIRECTION ( 'NONE',  ( -1.000000000000000000, -0.000000000000000000, 0.000000000000000000 ) ) ;
#4400 = CARTESIAN_POINT ( 'NONE',  ( 21.11583836257748814, -24.64999999999999503, -8.199999999999999289 ) ) ;
#4401 = VECTOR ( 'NONE', #6690, 1000.000000000000000 ) ;
#4402 = LINE ( 'NONE', #3140, #7186 ) ;
#4403 = EDGE_CURVE ( 'NONE', #4773, #13, #5744, .T. ) ;
#4404 = AXIS2_PLACEMENT_3D ( 'NONE', #5012, #3159, #4939 ) ;
#4405 = DIRECTION ( 'NONE',  ( 0.4999999999999997780, 0.8660254037844388186, -0.000000000000000000 ) ) ;
#4406 = ORIENTED_EDGE ( 'NONE', *, *, #6154, .T. ) ;
#4407 = AXIS2_PLACEMENT_3D ( 'NONE', #4382, #7405, #108 ) ;
#4408 = ORIENTED_EDGE ( 'NONE', *, *, #4298, .T. ) ;
#4409 = CIRCLE ( 'NONE', #999, 0.5000000000000004441 ) ;
#4410 = CARTESIAN_POINT ( 'NONE',  ( -2.799999999999998934, -24.00000000000000355, 17.09999999999999787 ) ) ;
#4411 = CARTESIAN_POINT ( 'NONE',  ( 5.899999999999998579, 23.59999999999999787, -8.749999999999998224 ) ) ;
#4412 = MECHANICAL_CONTEXT ( 'NONE', #6495, 'mechanical' ) ;
#4413 = DIRECTION ( 'NONE',  ( -0.000000000000000000, 0.5867752483892763049, -0.8097498427772017449 ) ) ;
#4414 = EDGE_CURVE ( 'NONE', #7583, #5498, #4878, .T. ) ;
#4415 = CIRCLE ( 'NONE', #4675, 0.5000000000000004441 ) ;
#4416 = LINE ( 'NONE', #6842, #1227 ) ;
#4417 = AXIS2_PLACEMENT_3D ( 'NONE', #4055, #1902, #4125 ) ;
#4418 = ORIENTED_EDGE ( 'NONE', *, *, #3523, .F. ) ;
#4419 = ORIENTED_EDGE ( 'NONE', *, *, #2644, .T. ) ;
#4420 = VECTOR ( 'NONE', #6259, 1000.000000000000000 ) ;
#4421 = CARTESIAN_POINT ( 'NONE',  ( 14.40000000000000391, 26.39289321881345529, -14.59999999999999964 ) ) ;
#4422 = CARTESIAN_POINT ( 'NONE',  ( 6.310153461685461984, -23.30958776833825397, -7.717035148943699241 ) ) ;
#4423 = VECTOR ( 'NONE', #5762, 1000.000000000000000 ) ;
#4424 = CARTESIAN_POINT ( 'NONE',  ( 20.89999999999999858, 22.09999999999999787, 0.5000000000000036637 ) ) ;
#4425 = CYLINDRICAL_SURFACE ( 'NONE', #4030, 4.000000000000003553 ) ;
#4426 = CARTESIAN_POINT ( 'NONE',  ( 21.11583836257748814, -22.90000000000000213, -8.199999999999999289 ) ) ;
#4427 = CARTESIAN_POINT ( 'NONE',  ( 18.80000000000000426, -22.89999999999999503, -22.60000000000000497 ) ) ;
#4428 = B_SPLINE_CURVE_WITH_KNOTS ( 'NONE', 3,
 ( #2175, #5222, #986, #7010, #1662, #2805, #4589, #3316, #5772, #5730, #5104, #424, #1575, #3990, #4073, #2253, #349, #903, #303, #4670, #6412, #464, #2721, #6498 ),
 .UNSPECIFIED., .F., .F.,
 ( 4, 2, 2, 2, 2, 2, 2, 2, 2, 2, 2, 4 ),
 ( 0.005610816923680986973, 0.006311983926489429624, 0.006662567427893648780, 0.007013150929297867070, 0.007714317932106305384, 0.008064901433510521939, 0.008415484934914740228, 0.009116651937723182011, 0.009817818940531623795, 0.01051898594334006558, 0.01086956944474429081, 0.01122015294614851430 ),
 .UNSPECIFIED. ) ;
#4429 = ORIENTED_EDGE ( 'NONE', *, *, #4449, .F. ) ;
#4430 = FACE_OUTER_BOUND ( 'NONE', #6266, .T. ) ;
#4431 = ADVANCED_FACE ( 'NONE', ( #3522 ), #245, .T. ) ;
#4432 = PLANE ( 'NONE',  #6914 ) ;
#4433 = CARTESIAN_POINT ( 'NONE',  ( 22.99999999999857181, 23.60000000000000142, -16.05815412272482945 ) ) ;
#4434 = DIRECTION ( 'NONE',  ( 0.000000000000000000, -0.9998374676887846757, 0.01802881598104356942 ) ) ;
#4435 = CARTESIAN_POINT ( 'NONE',  ( 10.90000000000000391, 24.10000000000000142, -9.600000000000001421 ) ) ;
#4436 = DIRECTION ( 'NONE',  ( -0.000000000000000000, -0.000000000000000000, -1.000000000000000000 ) ) ;
#4437 = ORIENTED_EDGE ( 'NONE', *, *, #4707, .F. ) ;
#4438 = EDGE_LOOP ( 'NONE', ( #4512, #3279, #7843, #6148, #3556, #1731 ) ) ;
#4439 = EDGE_CURVE ( 'NONE', #2415, #2372, #4479, .T. ) ;
#4440 = ORIENTED_EDGE ( 'NONE', *, *, #5555, .F. ) ;
#4441 = CARTESIAN_POINT ( 'NONE',  ( 5.899999999999998579, 19.60000000000000142, -10.49999999999999645 ) ) ;
#4442 = CYLINDRICAL_SURFACE ( 'NONE', #3414, 6.000000000000000000 ) ;
#4443 = DIRECTION ( 'NONE',  ( 0.000000000000000000, 1.000000000000000000, 2.011273595335428326E-16 ) ) ;
#4444 = EDGE_CURVE ( 'NONE', #3040, #2553, #4464, .T. ) ;
#4445 = DIRECTION ( 'NONE',  ( 0.000000000000000000, -1.000000000000000000, 0.000000000000000000 ) ) ;
#4446 = FACE_OUTER_BOUND ( 'NONE', #1327, .T. ) ;
#4447 = ORIENTED_EDGE ( 'NONE', *, *, #4243, .F. ) ;
#4448 = VERTEX_POINT ( 'NONE', #831 ) ;
#4449 = EDGE_CURVE ( 'NONE', #35, #2997, #1353, .T. ) ;
#4450 = EDGE_LOOP ( 'NONE', ( #4359, #5649, #6445, #7702 ) ) ;
#4451 = DIRECTION ( 'NONE',  ( 1.000000000000000000, 0.000000000000000000, 0.000000000000000000 ) ) ;
#4452 = DIRECTION ( 'NONE',  ( 0.000000000000000000, 0.000000000000000000, 1.000000000000000000 ) ) ;
#4453 = PERSON_AND_ORGANIZATION_ROLE ( 'creator' ) ;
#4454 = DIRECTION ( 'NONE',  ( 0.000000000000000000, 0.000000000000000000, 1.000000000000000000 ) ) ;
#4455 = ORIENTED_EDGE ( 'NONE', *, *, #7377, .F. ) ;
#4456 = ADVANCED_FACE ( 'NONE', ( #3886 ), #6989, .F. ) ;
#4457 = ORIENTED_EDGE ( 'NONE', *, *, #5838, .T. ) ;
#4458 = DIRECTION ( 'NONE',  ( 0.000000000000000000, 1.000000000000000000, 0.000000000000000000 ) ) ;
#4459 = FACE_OUTER_BOUND ( 'NONE', #1195, .T. ) ;
#4460 = CARTESIAN_POINT ( 'NONE',  ( 0.000000000000000000, -0.000000000000000000, 17.10000000000000497 ) ) ;
#4461 = DIRECTION ( 'NONE',  ( 0.000000000000000000, 0.000000000000000000, 1.000000000000000000 ) ) ;
#4462 = DIRECTION ( 'NONE',  ( 1.000000000000000000, 0.000000000000000000, -0.000000000000000000 ) ) ;
#4463 = DIRECTION ( 'NONE',  ( -0.000000000000000000, 6.938893903907229364E-16, -1.000000000000000000 ) ) ;
#4464 =( BOUNDED_CURVE ( )  B_SPLINE_CURVE ( 3, ( #7772, #7170, #1552, #6262 ),
 .UNSPECIFIED., .F., .F. ) 
 B_SPLINE_CURVE_WITH_KNOTS ( ( 4, 4 ),
 ( 3.141592653589793116, 4.712388980384689674 ),
 .UNSPECIFIED. ) 
 CURVE ( )  GEOMETRIC_REPRESENTATION_ITEM ( )  RATIONAL_B_SPLINE_CURVE ( ( 1.000000000000000000, 0.8047378541243649375, 0.8047378541243649375, 1.000000000000000000 ) ) 
 REPRESENTATION_ITEM ( '' )  );
#4465 = ORIENTED_EDGE ( 'NONE', *, *, #848, .T. ) ;
#4466 = CARTESIAN_POINT ( 'NONE',  ( 18.80000000000000071, -22.89999999999999503, -15.60000000000000675 ) ) ;
#4467 = EDGE_CURVE ( 'NONE', #2854, #871, #281, .T. ) ;
#4468 = DIRECTION ( 'NONE',  ( 1.000000000000000000, 0.000000000000000000, 0.000000000000000000 ) ) ;
#4469 = CARTESIAN_POINT ( 'NONE',  ( 11.15574137883696260, 23.38681579118168941, -17.31826414145132276 ) ) ;
#4470 = CARTESIAN_POINT ( 'NONE',  ( -6.000000000000000000, -14.52582457413839379, 22.59999999999999787 ) ) ;
#4471 = ORIENTED_EDGE ( 'NONE', *, *, #5635, .F. ) ;
#4472 = DIRECTION ( 'NONE',  ( 0.000000000000000000, 0.000000000000000000, -1.000000000000000000 ) ) ;
#4473 = ORIENTED_EDGE ( 'NONE', *, *, #344, .F. ) ;
#4474 = ORIENTED_EDGE ( 'NONE', *, *, #4243, .T. ) ;
#4475 = ORIENTED_EDGE ( 'NONE', *, *, #3014, .F. ) ;
#4476 = DIRECTION ( 'NONE',  ( 0.000000000000000000, 0.000000000000000000, 1.000000000000000000 ) ) ;
#4477 = LINE ( 'NONE', #1346, #6071 ) ;
#4478 = DIRECTION ( 'NONE',  ( 0.8660254037844387076, 0.4999999999999997224, 0.000000000000000000 ) ) ;
#4479 = LINE ( 'NONE', #5941, #2371 ) ;
#4480 = LINE ( 'NONE', #7662, #6160 ) ;
#4481 = ADVANCED_FACE ( 'NONE', ( #3932 ), #952, .F. ) ;
#4482 = ORIENTED_EDGE ( 'NONE', *, *, #7164, .T. ) ;
#4483 = EDGE_LOOP ( 'NONE', ( #63, #6644, #3904, #6673 ) ) ;
#4484 = EDGE_LOOP ( 'NONE', ( #2819, #54, #3454, #5596, #1398, #2002, #1317, #1744, #4918, #2437, #4112 ) ) ;
#4485 = CYLINDRICAL_SURFACE ( 'NONE', #6277, 1.750000000000000000 ) ;
#4486 = CARTESIAN_POINT ( 'NONE',  ( -6.000000000000000000, -9.474175425861613320, 22.60000000000000142 ) ) ;
#4487 = DIRECTION ( 'NONE',  ( 0.000000000000000000, 0.000000000000000000, 1.000000000000000000 ) ) ;
#4488 = DIRECTION ( 'NONE',  ( 0.000000000000000000, 0.000000000000000000, 1.000000000000000000 ) ) ;
#4489 = EDGE_CURVE ( 'NONE', #1058, #421, #2598, .T. ) ;
#4490 = AXIS2_PLACEMENT_3D ( 'NONE', #6616, #7328, #1181 ) ;
#4491 = ORIENTED_EDGE ( 'NONE', *, *, #4315, .F. ) ;
#4492 = EDGE_CURVE ( 'NONE', #6776, #3419, #4905, .T. ) ;
#4493 = ORIENTED_EDGE ( 'NONE', *, *, #1378, .T. ) ;
#4494 = PLANE ( 'NONE',  #4031 ) ;
#4495 = DIRECTION ( 'NONE',  ( 1.000000000000000000, -0.000000000000000000, -0.000000000000000000 ) ) ;
#4496 = VECTOR ( 'NONE', #2918, 1000.000000000000000 ) ;
#4497 = DIRECTION ( 'NONE',  ( 0.000000000000000000, -0.000000000000000000, -1.000000000000000000 ) ) ;
#4498 = DIRECTION ( 'NONE',  ( 0.000000000000000000, -1.000000000000000000, -2.344220913482172642E-16 ) ) ;
#4499 = CARTESIAN_POINT ( 'NONE',  ( 0.000000000000000000, 1.069065149083006538, -13.60000000000000142 ) ) ;
#4500 = DIRECTION ( 'NONE',  ( 0.000000000000000000, 0.8097498427772018559, 0.5867752483892764159 ) ) ;
#4501 = EDGE_CURVE ( 'NONE', #4627, #7780, #5422, .T. ) ;
#4502 = AXIS2_PLACEMENT_3D ( 'NONE', #5459, #1184, #7255 ) ;
#4503 = ORIENTED_EDGE ( 'NONE', *, *, #2279, .T. ) ;
#4504 = DIRECTION ( 'NONE',  ( 0.000000000000000000, 1.515042337097648137E-16, -1.000000000000000000 ) ) ;
#4505 = DIRECTION ( 'NONE',  ( 0.000000000000000000, 2.090028284309406488E-16, 1.000000000000000000 ) ) ;
#4506 = CARTESIAN_POINT ( 'NONE',  ( 21.90205844241825162, 18.46123506545096760, -21.89183072392315665 ) ) ;
#4507 = CARTESIAN_POINT ( 'NONE',  ( 0.07179676972448971461, 1.069065149083007205, -16.60000000000000142 ) ) ;
#4508 = DIRECTION ( 'NONE',  ( -0.000000000000000000, 1.000000000000000000, 1.535153518563546084E-16 ) ) ;
#4509 = CIRCLE ( 'NONE', #1606, 0.5000000000000004441 ) ;
#4510 = ADVANCED_FACE ( 'NONE', ( #7853 ), #6732, .F. ) ;
#4511 = CIRCLE ( 'NONE', #5277, 0.5000000000000004441 ) ;
#4512 = ORIENTED_EDGE ( 'NONE', *, *, #963, .T. ) ;
#4513 = CARTESIAN_POINT ( 'NONE',  ( 19.90000000000000213, 19.60000000000000142, -10.49999999999999645 ) ) ;
#4514 = ORIENTED_EDGE ( 'NONE', *, *, #1378, .F. ) ;
#4515 = EDGE_LOOP ( 'NONE', ( #1189, #1840 ) ) ;
#4516 = VECTOR ( 'NONE', #5544, 1000.000000000000000 ) ;
#4517 = VERTEX_POINT ( 'NONE', #6581 ) ;
#4518 = AXIS2_PLACEMENT_3D ( 'NONE', #1751, #6068, #5950 ) ;
#4519 = AXIS2_PLACEMENT_3D ( 'NONE', #165, #682, #1953 ) ;
#4520 = DIRECTION ( 'NONE',  ( 0.000000000000000000, 0.000000000000000000, 1.000000000000000000 ) ) ;
#4521 = CARTESIAN_POINT ( 'NONE',  ( 19.24500966919051592, -22.89999999999999858, -7.699999999999999289 ) ) ;
#4522 = FACE_OUTER_BOUND ( 'NONE', #6899, .T. ) ;
#4523 = CARTESIAN_POINT ( 'NONE',  ( 0.000000000000000000, -0.000000000000000000, 17.10000000000000497 ) ) ;
#4524 = LINE ( 'NONE', #2223, #3758 ) ;
#4525 = AXIS2_PLACEMENT_3D ( 'NONE', #4624, #1063, #5224 ) ;
#4526 = AXIS2_PLACEMENT_3D ( 'NONE', #4804, #2379, #3486 ) ;
#4527 = ORIENTED_EDGE ( 'NONE', *, *, #1609, .T. ) ;
#4528 = EDGE_LOOP ( 'NONE', ( #1648, #1573, #7428, #4644 ) ) ;
#4529 = ORIENTED_EDGE ( 'NONE', *, *, #6765, .T. ) ;
#4530 = CARTESIAN_POINT ( 'NONE',  ( 20.89999999999999858, 22.09999999999999787, 0.5000000000000036637 ) ) ;
#4531 = DIRECTION ( 'NONE',  ( 0.000000000000000000, 1.515042337097648137E-16, -1.000000000000000000 ) ) ;
#4532 = ADVANCED_FACE ( 'NONE', ( #4267, #1815, #628, #7808, #2413, #1741 ), #4155, .T. ) ;
#4533 = VECTOR ( 'NONE', #5338, 1000.000000000000000 ) ;
#4534 = DIRECTION ( 'NONE',  ( -0.000000000000000000, 0.01802881598104357289, 0.9998374676887847867 ) ) ;
#4535 = LINE ( 'NONE', #7553, #1851 ) ;
#4536 = CIRCLE ( 'NONE', #5537, 1.099999999999999867 ) ;
#4537 = ORIENTED_EDGE ( 'NONE', *, *, #3634, .T. ) ;
#4538 = VECTOR ( 'NONE', #451, 1000.000000000000000 ) ;
#4539 = VERTEX_POINT ( 'NONE', #1146 ) ;
#4540 = LINE ( 'NONE', #5246, #4671 ) ;
#4541 = EDGE_CURVE ( 'NONE', #1696, #2172, #7440, .T. ) ;
#4542 = DIRECTION ( 'NONE',  ( -1.000000000000000000, 0.000000000000000000, 0.000000000000000000 ) ) ;
#4543 = VECTOR ( 'NONE', #4542, 1000.000000000000000 ) ;
#4544 = DIRECTION ( 'NONE',  ( 1.000000000000000000, 0.000000000000000000, 0.000000000000000000 ) ) ;
#4545 = CARTESIAN_POINT ( 'NONE',  ( 14.96801334973588915, 23.79531649574515129, -9.531986650264247629 ) ) ;
#4546 = LINE ( 'NONE', #456, #6778 ) ;
#4547 = AXIS2_PLACEMENT_3D ( 'NONE', #3955, #465, #3317 ) ;
#4548 = LINE ( 'NONE', #1534, #2099 ) ;
#4549 = EDGE_CURVE ( 'NONE', #805, #2608, #5376, .T. ) ;
#4550 = AXIS2_PLACEMENT_3D ( 'NONE', #6521, #5879, #7792 ) ;
#4551 = VERTEX_POINT ( 'NONE', #4308 ) ;
#4552 = DIRECTION ( 'NONE',  ( 0.000000000000000000, -6.938893903907229364E-16, 1.000000000000000000 ) ) ;
#4553 = CARTESIAN_POINT ( 'NONE',  ( 25.80000000000000071, -9.474175425861613320, 22.60000000000000142 ) ) ;
#4554 = EDGE_CURVE ( 'NONE', #668, #6758, #4831, .T. ) ;
#4555 = DIRECTION ( 'NONE',  ( 0.000000000000000000, 0.000000000000000000, -1.000000000000000000 ) ) ;
#4556 = CARTESIAN_POINT ( 'NONE',  ( 12.43006119278823540, 23.59780256873866477, -15.79804021451680995 ) ) ;
#4557 = LINE ( 'NONE', #7689, #6255 ) ;
#4558 = VECTOR ( 'NONE', #3507, 1000.000000000000000 ) ;
#4559 = ORIENTED_EDGE ( 'NONE', *, *, #2033, .T. ) ;
#4560 = DIRECTION ( 'NONE',  ( 0.000000000000000000, 0.000000000000000000, 1.000000000000000000 ) ) ;
#4561 = ORIENTED_EDGE ( 'NONE', *, *, #5999, .F. ) ;
#4562 = VERTEX_POINT ( 'NONE', #6124 ) ;
#4563 = ORIENTED_EDGE ( 'NONE', *, *, #318, .F. ) ;
#4564 = ADVANCED_FACE ( 'NONE', ( #7220 ), #5455, .F. ) ;
#4565 = LOCAL_TIME ( 15, 44, 4.000000000000000000, #1359 ) ;
#4566 = DIRECTION ( 'NONE',  ( -1.000000000000000000, 0.000000000000000000, 0.000000000000000000 ) ) ;
#4567 = CARTESIAN_POINT ( 'NONE',  ( 5.917224328879016504, -22.90000000000000213, 22.59999999999999787 ) ) ;
#4568 = CARTESIAN_POINT ( 'NONE',  ( 25.72820323027551126, 12.82658702483003488, -16.59999999999999787 ) ) ;
#4569 = DIRECTION ( 'NONE',  ( 0.000000000000000000, 1.000000000000000000, 2.011273595335428326E-16 ) ) ;
#4570 = VERTEX_POINT ( 'NONE', #3596 ) ;
#4571 = VERTEX_POINT ( 'NONE', #1782 ) ;
#4572 = VERTEX_POINT ( 'NONE', #1217 ) ;
#4573 = CARTESIAN_POINT ( 'NONE',  ( 14.90000000000000391, 27.60000000000000142, -10.10000000000000142 ) ) ;
#4574 = CARTESIAN_POINT ( 'NONE',  ( 5.687913055176063715, -22.90000000000000213, -7.430965207423927410 ) ) ;
#4575 = CARTESIAN_POINT ( 'NONE',  ( 4.336808689942017736E-16, 1.616580753730949338, 19.60000000000000142 ) ) ;
#4576 = CARTESIAN_POINT ( 'NONE',  ( 12.10710678118654826, 27.09999999999999787, -10.10000000000000142 ) ) ;
#4577 = ORIENTED_EDGE ( 'NONE', *, *, #7663, .T. ) ;
#4578 = ORIENTED_EDGE ( 'NONE', *, *, #3768, .T. ) ;
#4579 = CARTESIAN_POINT ( 'NONE',  ( 30.20000000000000284, -24.00000000000000355, 17.09999999999999787 ) ) ;
#4580 = DIRECTION ( 'NONE',  ( 0.000000000000000000, 0.000000000000000000, 1.000000000000000000 ) ) ;
#4581 = CARTESIAN_POINT ( 'NONE',  ( 12.90000000000000746, -34.39999999999999858, -8.199999999999999289 ) ) ;
#4582 = CARTESIAN_POINT ( 'NONE',  ( 12.90000000000000746, -34.39999999999999858, -8.199999999999999289 ) ) ;
#4583 = CYLINDRICAL_SURFACE ( 'NONE', #2632, 2.999999999999999112 ) ;
#4584 = CARTESIAN_POINT ( 'NONE',  ( 2.799999999999999822, 23.60000000000000497, -19.70050506338833429 ) ) ;
#4585 = DIRECTION ( 'NONE',  ( 0.8660254037844385966, -0.5000000000000001110, 0.000000000000000000 ) ) ;
#4586 = EDGE_CURVE ( 'NONE', #3323, #4955, #5528, .T. ) ;
#4587 = ORIENTED_EDGE ( 'NONE', *, *, #3707, .F. ) ;
#4588 = DIRECTION ( 'NONE',  ( 0.000000000000000000, 0.000000000000000000, 1.000000000000000000 ) ) ;
#4589 = CARTESIAN_POINT ( 'NONE',  ( 14.07971505844941085, 23.57457813511217282, -16.20208361147048848 ) ) ;
#4590 = LINE ( 'NONE', #7012, #1746 ) ;
#4591 = CARTESIAN_POINT ( 'NONE',  ( -2.799999999999998046, -3.233161507461907558, 17.10000000000000497 ) ) ;
#4592 = EDGE_LOOP ( 'NONE', ( #5219, #5412, #5736, #2470 ) ) ;
#4593 = DIRECTION ( 'NONE',  ( 0.8660254037844388186, -0.4999999999999997224, 0.000000000000000000 ) ) ;
#4594 = EDGE_CURVE ( 'NONE', #6496, #4771, #3047, .T. ) ;
#4595 = ORIENTED_EDGE ( 'NONE', *, *, #3768, .F. ) ;
#4596 = EDGE_CURVE ( 'NONE', #1696, #5996, #6693, .T. ) ;
#4597 = VERTEX_POINT ( 'NONE', #27 ) ;
#4598 = CARTESIAN_POINT ( 'NONE',  ( 4.900000000000001243, 22.09999999999999787, 2.250000000000003553 ) ) ;
#4599 = CARTESIAN_POINT ( 'NONE',  ( 5.899999999999998579, 20.09999999999999787, -9.399999999999996803 ) ) ;
#4600 = CARTESIAN_POINT ( 'NONE',  ( 20.89999999999999858, 22.09999999999999787, 2.250000000000003553 ) ) ;
#4601 = EDGE_CURVE ( 'NONE', #2172, #4873, #2524, .T. ) ;
#4602 = ORIENTED_EDGE ( 'NONE', *, *, #2112, .T. ) ;
#4603 = ORIENTED_EDGE ( 'NONE', *, *, #7483, .T. ) ;
#4604 = ORIENTED_EDGE ( 'NONE', *, *, #7135, .F. ) ;
#4605 = ORIENTED_EDGE ( 'NONE', *, *, #7656, .T. ) ;
#4606 = LINE ( 'NONE', #1597, #5267 ) ;
#4607 = LINE ( 'NONE', #1598, #5425 ) ;
#4608 = CARTESIAN_POINT ( 'NONE',  ( 28.60000000000000142, -3.766896785601943786E-15, 22.60000000000000142 ) ) ;
#4609 = CARTESIAN_POINT ( 'NONE',  ( 19.90000000000000213, 19.60000000000000142, -10.49999999999999645 ) ) ;
#4610 = ORIENTED_EDGE ( 'NONE', *, *, #1738, .F. ) ;
#4611 = ORIENTED_EDGE ( 'NONE', *, *, #1414, .F. ) ;
#4612 = CARTESIAN_POINT ( 'NONE',  ( 4.092225458226584678, 19.50777454177349668, -22.01677582973868397 ) ) ;
#4613 = CARTESIAN_POINT ( 'NONE',  ( 12.90000000000000746, -34.39999999999999858, -7.699999999999998401 ) ) ;
#4614 = DIRECTION ( 'NONE',  ( 0.000000000000000000, 1.000000000000000000, 0.000000000000000000 ) ) ;
#4615 = LINE ( 'NONE', #1487, #4047 ) ;
#4616 = CARTESIAN_POINT ( 'NONE',  ( 15.40000000000000391, 23.60000000000000142, -9.099999999999999645 ) ) ;
#4617 = LINE ( 'NONE', #386, #7801 ) ;
#4618 = DIRECTION ( 'NONE',  ( 1.000000000000000000, 0.000000000000000000, 0.000000000000000000 ) ) ;
#4619 = ORIENTED_EDGE ( 'NONE', *, *, #126, .T. ) ;
#4620 = FACE_OUTER_BOUND ( 'NONE', #473, .T. ) ;
#4621 = VECTOR ( 'NONE', #7445, 1000.000000000000000 ) ;
#4622 = DIRECTION ( 'NONE',  ( 0.000000000000000000, 0.000000000000000000, 1.000000000000000000 ) ) ;
#4623 = DIRECTION ( 'NONE',  ( 1.000000000000000000, 0.000000000000000000, 0.000000000000000000 ) ) ;
#4624 = CARTESIAN_POINT ( 'NONE',  ( 19.90000000000000213, 22.09999999999999787, -10.49999999999999645 ) ) ;
#4625 = DIRECTION ( 'NONE',  ( 1.000000000000000000, 0.000000000000000000, 0.000000000000000000 ) ) ;
#4626 = EDGE_CURVE ( 'NONE', #5472, #1183, #6537, .T. ) ;
#4627 = VERTEX_POINT ( 'NONE', #1849 ) ;
#4628 = VECTOR ( 'NONE', #4678, 1000.000000000000227 ) ;
#4629 = AXIS2_PLACEMENT_3D ( 'NONE', #6830, #3810, #6225 ) ;
#4630 = ORIENTED_EDGE ( 'NONE', *, *, #6517, .F. ) ;
#4631 = DIRECTION ( 'NONE',  ( 0.000000000000000000, -1.000000000000000000, -1.535153518563546084E-16 ) ) ;
#4632 = TOROIDAL_SURFACE ( 'NONE', #3747, 2.249999999999998668, 0.5000000000000000000 ) ;
#4633 = LINE ( 'NONE', #4753, #4774 ) ;
#4634 = CARTESIAN_POINT ( 'NONE',  ( 5.917224328879007622, -28.89999999999999858, 17.09999999999999787 ) ) ;
#4635 = EDGE_CURVE ( 'NONE', #7616, #6496, #457, .T. ) ;
#4636 = AXIS2_PLACEMENT_3D ( 'NONE', #2681, #3200, #6244 ) ;
#4637 = LINE ( 'NONE', #1516, #3125 ) ;
#4638 = EDGE_CURVE ( 'NONE', #7666, #5659, #6210, .T. ) ;
#4639 = ORIENTED_EDGE ( 'NONE', *, *, #4685, .T. ) ;
#4640 = AXIS2_PLACEMENT_3D ( 'NONE', #3059, #5468, #3686 ) ;
#4641 = VERTEX_POINT ( 'NONE', #4427 ) ;
#4642 = AXIS2_PLACEMENT_3D ( 'NONE', #5408, #7840, #572 ) ;
#4643 = VECTOR ( 'NONE', #3577, 1000.000000000000000 ) ;
#4644 = ORIENTED_EDGE ( 'NONE', *, *, #6279, .F. ) ;
#4645 = ORIENTED_EDGE ( 'NONE', *, *, #2116, .T. ) ;
#4646 = DIRECTION ( 'NONE',  ( 0.000000000000000000, 0.000000000000000000, 1.000000000000000000 ) ) ;
#4647 = CARTESIAN_POINT ( 'NONE',  ( 0.06842472537557817147, -1.492901434987525366, -16.57737175431547527 ) ) ;
#4648 = ADVANCED_FACE ( 'NONE', ( #6889 ), #4340, .F. ) ;
#4649 = AXIS2_PLACEMENT_3D ( 'NONE', #7688, #7770, #4108 ) ;
#4650 = CARTESIAN_POINT ( 'NONE',  ( 25.73157527462442573, -15.02383628590446740, -16.57737175431547882 ) ) ;
#4651 = AXIS2_PLACEMENT_3D ( 'NONE', #1821, #4838, #6023 ) ;
#4652 = LINE ( 'NONE', #5874, #337 ) ;
#4653 = ORIENTED_EDGE ( 'NONE', *, *, #4794, .T. ) ;
#4654 = CIRCLE ( 'NONE', #5160, 6.999999999999999112 ) ;
#4655 = ORIENTED_EDGE ( 'NONE', *, *, #33, .F. ) ;
#4656 = CIRCLE ( 'NONE', #4786, 1.750000000000001554 ) ;
#4657 = CARTESIAN_POINT ( 'NONE',  ( -2.239372666203381430E-16, 20.80000000000047677, -16.05815412272558973 ) ) ;
#4658 = DIRECTION ( 'NONE',  ( -1.000000000000000000, 0.000000000000000000, 0.000000000000000000 ) ) ;
#4659 = EDGE_CURVE ( 'NONE', #7800, #7753, #5508, .T. ) ;
#4660 = DIRECTION ( 'NONE',  ( 0.000000000000000000, 0.000000000000000000, -1.000000000000000000 ) ) ;
#4661 = LINE ( 'NONE', #3311, #3160 ) ;
#4662 = DIRECTION ( 'NONE',  ( 0.000000000000000000, 0.000000000000000000, -1.000000000000000000 ) ) ;
#4663 = CARTESIAN_POINT ( 'NONE',  ( 2.799999999999999822, 17.60000000000000497, -13.59999999999999787 ) ) ;
#4664 = VECTOR ( 'NONE', #5849, 1000.000000000000000 ) ;
#4665 = DIRECTION ( 'NONE',  ( 1.000000000000000000, 0.000000000000000000, 0.000000000000000000 ) ) ;
#4666 = CIRCLE ( 'NONE', #3017, 6.000000000000000000 ) ;
#4667 = ORIENTED_EDGE ( 'NONE', *, *, #6685, .F. ) ;
#4668 = EDGE_LOOP ( 'NONE', ( #7555, #6590, #6862, #7270, #3105, #3420, #7693, #7570, #3070 ) ) ;
#4669 = AXIS2_PLACEMENT_3D ( 'NONE', #7617, #2768, #1449 ) ;
#4670 = CARTESIAN_POINT ( 'NONE',  ( 13.47699379801806607, 22.62968746180997215, -19.15604969924693890 ) ) ;
#4671 = VECTOR ( 'NONE', #4026, 1000.000000000000000 ) ;
#4672 = DIRECTION ( 'NONE',  ( 1.000000000000000000, 0.000000000000000000, 0.000000000000000000 ) ) ;
#4673 = FACE_BOUND ( 'NONE', #3964, .T. ) ;
#4674 = DIRECTION ( 'NONE',  ( 1.000000000000000000, 0.000000000000000000, 0.000000000000000000 ) ) ;
#4675 = AXIS2_PLACEMENT_3D ( 'NONE', #1567, #7609, #4660 ) ;
#4676 = VERTEX_POINT ( 'NONE', #7370 ) ;
#4677 = EDGE_CURVE ( 'NONE', #7071, #6618, #1463, .T. ) ;
#4678 = DIRECTION ( 'NONE',  ( 0.8660254037844384856, -0.5000000000000002220, 0.000000000000000000 ) ) ;
#4679 = SPHERICAL_SURFACE ( 'NONE', #3009, 0.5000000000000000000 ) ;
#4680 = CARTESIAN_POINT ( 'NONE',  ( 3.299999999999999822, -22.40000000000000213, -19.99999999999999645 ) ) ;
#4681 = AXIS2_PLACEMENT_3D ( 'NONE', #2166, #7611, #5215 ) ;
#4682 = CARTESIAN_POINT ( 'NONE',  ( 25.79463774985527991, 16.53667053427704658, -15.90079676451119539 ) ) ;
#4683 = ORIENTED_EDGE ( 'NONE', *, *, #4659, .F. ) ;
#4684 = ORIENTED_EDGE ( 'NONE', *, *, #65, .F. ) ;
#4685 = EDGE_CURVE ( 'NONE', #6035, #4255, #7447, .T. ) ;
#4686 = VERTEX_POINT ( 'NONE', #5691 ) ;
#4687 = EDGE_LOOP ( 'NONE', ( #6117, #4187, #3855, #4503 ) ) ;
#4688 = ADVANCED_FACE ( 'NONE', ( #3164 ), #3231, .T. ) ;
#4689 = DIRECTION ( 'NONE',  ( 0.000000000000000000, 0.000000000000000000, -1.000000000000000000 ) ) ;
#4690 = CARTESIAN_POINT ( 'NONE',  ( 0.05652728750031812965, -1.904842275320812295, -16.48891958280299619 ) ) ;
#4691 = DIRECTION ( 'NONE',  ( 0.7071067811865475727, -0.7071067811865474617, -1.085517463138671797E-16 ) ) ;
#4692 = LINE ( 'NONE', #411, #4890 ) ;
#4693 = VERTEX_POINT ( 'NONE', #1373 ) ;
#4694 = ADVANCED_FACE ( 'NONE', ( #778 ), #6764, .F. ) ;
#4695 = EDGE_LOOP ( 'NONE', ( #1066, #5172, #6929, #2828 ) ) ;
#4696 = ADVANCED_FACE ( 'NONE', ( #300 ), #739, .F. ) ;
#4697 = CARTESIAN_POINT ( 'NONE',  ( 2.799999999999999378, 23.60000000000000142, -15.59999999999999609 ) ) ;
#4698 = CARTESIAN_POINT ( 'NONE',  ( 10.92506670762432108, 24.01036326753125394, -14.57493329237591517 ) ) ;
#4699 = CARTESIAN_POINT ( 'NONE',  ( 25.72820323027551126, 1.069065149083006983, -16.60000000000000142 ) ) ;
#4700 = CIRCLE ( 'NONE', #5969, 2.999999999999999112 ) ;
#4701 = CARTESIAN_POINT ( 'NONE',  ( 2.799999999999999822, 15.44623922359338941, 5.894800647005510541 ) ) ;
#4702 = CARTESIAN_POINT ( 'NONE',  ( 31.39999999999999858, -25.61658075373095755, 19.59999999999999787 ) ) ;
#4703 = FACE_OUTER_BOUND ( 'NONE', #4841, .T. ) ;
#4704 = FACE_OUTER_BOUND ( 'NONE', #2107, .T. ) ;
#4705 = ORIENTED_EDGE ( 'NONE', *, *, #676, .T. ) ;
#4706 = EDGE_CURVE ( 'NONE', #3063, #7729, #5066, .T. ) ;
#4707 = EDGE_CURVE ( 'NONE', #5832, #6236, #5896, .T. ) ;
#4708 = VERTEX_POINT ( 'NONE', #2593 ) ;
#4709 = ORIENTED_EDGE ( 'NONE', *, *, #4345, .F. ) ;
#4710 = CARTESIAN_POINT ( 'NONE',  ( -4.399999999999999467, -24.00000000000000355, 22.59999999999999787 ) ) ;
#4711 = DIRECTION ( 'NONE',  ( 0.000000000000000000, -1.535153518563546330E-16, 1.000000000000000000 ) ) ;
#4712 = CARTESIAN_POINT ( 'NONE',  ( 14.75355339059327697, 26.74644660940672480, -14.59999999999999964 ) ) ;
#4713 = CARTESIAN_POINT ( 'NONE',  ( 12.90000000000000746, -34.39999999999999858, -12.39999999999999858 ) ) ;
#4714 = CARTESIAN_POINT ( 'NONE',  ( 25.77982391043786947, 11.22495749897492701, -16.14529212240810807 ) ) ;
#4715 = EDGE_LOOP ( 'NONE', ( #5285, #1887, #4147, #1594 ) ) ;
#4716 = EDGE_CURVE ( 'NONE', #5237, #6715, #5270, .T. ) ;
#4717 = ORIENTED_EDGE ( 'NONE', *, *, #79, .F. ) ;
#4718 = DIRECTION ( 'NONE',  ( 0.000000000000000000, 0.000000000000000000, 1.000000000000000000 ) ) ;
#4719 = DIRECTION ( 'NONE',  ( 0.000000000000000000, 0.000000000000000000, 1.000000000000000000 ) ) ;
#4720 = CARTESIAN_POINT ( 'NONE',  ( 0.005362250144723620070, -16.53667053427703948, -15.90079676451119184 ) ) ;
#4721 = VERTEX_POINT ( 'NONE', #4977 ) ;
#4722 = ORIENTED_EDGE ( 'NONE', *, *, #1169, .T. ) ;
#4723 = ORIENTED_EDGE ( 'NONE', *, *, #5940, .F. ) ;
#4724 = ORIENTED_EDGE ( 'NONE', *, *, #7748, .F. ) ;
#4725 = CARTESIAN_POINT ( 'NONE',  ( 25.80000000000000071, -10.59051904733025040, -15.60000000000000497 ) ) ;
#4726 = CARTESIAN_POINT ( 'NONE',  ( -1.048203272227196361E-17, -3.163712428347496441, -15.75811314734049517 ) ) ;
#4727 = CARTESIAN_POINT ( 'NONE',  ( 11.40000000000000391, 26.39289321881345529, -14.09999999999999964 ) ) ;
#4728 = EDGE_CURVE ( 'NONE', #4572, #35, #6147, .T. ) ;
#4729 = DIRECTION ( 'NONE',  ( 0.000000000000000000, -0.000000000000000000, -1.000000000000000000 ) ) ;
#4730 = VERTEX_POINT ( 'NONE', #2051 ) ;
#4731 = EDGE_LOOP ( 'NONE', ( #312, #1155, #2901, #719, #7184, #4242, #946, #6611, #5140, #3626 ) ) ;
#4732 = CARTESIAN_POINT ( 'NONE',  ( 0.04512261596945204428, 20.77292643041833742, -16.51628653275141190 ) ) ;
#4733 = LINE ( 'NONE', #7152, #4159 ) ;
#4734 = LINE ( 'NONE', #533, #2511 ) ;
#4735 = DIRECTION ( 'NONE',  ( 0.000000000000000000, 0.000000000000000000, 1.000000000000000000 ) ) ;
#4736 = CARTESIAN_POINT ( 'NONE',  ( 2.299999999999999822, -22.39999999999999503, -19.49999999999999645 ) ) ;
#4737 = CARTESIAN_POINT ( 'NONE',  ( 3.299999999999999822, 19.59999999999999432, -19.99999999999999645 ) ) ;
#4738 = EDGE_CURVE ( 'NONE', #3655, #2217, #69, .T. ) ;
#4739 = FACE_OUTER_BOUND ( 'NONE', #6290, .T. ) ;
#4740 = ADVANCED_FACE ( 'NONE', ( #7528 ), #813, .F. ) ;
#4741 = ORIENTED_EDGE ( 'NONE', *, *, #883, .F. ) ;
#4742 = ORIENTED_EDGE ( 'NONE', *, *, #2375, .T. ) ;
#4743 = ORIENTED_EDGE ( 'NONE', *, *, #5096, .T. ) ;
#4744 = DIRECTION ( 'NONE',  ( -0.000000000000000000, 1.000000000000000000, 1.535153518563546084E-16 ) ) ;
#4745 = CARTESIAN_POINT ( 'NONE',  ( -1.000000000000000444, -21.80606897707942693, 17.10000000000000142 ) ) ;
#4746 = DIRECTION ( 'NONE',  ( -0.000000000000000000, 6.938893903907229364E-16, -1.000000000000000000 ) ) ;
#4747 = VECTOR ( 'NONE', #5259, 1000.000000000000000 ) ;
#4748 = DIRECTION ( 'NONE',  ( -0.000000000000000000, -0.000000000000000000, -1.000000000000000000 ) ) ;
#4749 = EDGE_CURVE ( 'NONE', #575, #5472, #7293, .T. ) ;
#4750 = CARTESIAN_POINT ( 'NONE',  ( 25.72820323027550771, 12.61449435037249778, -16.60000000000000142 ) ) ;
#4751 = ORIENTED_EDGE ( 'NONE', *, *, #3376, .T. ) ;
#4752 = VERTEX_POINT ( 'NONE', #3397 ) ;
#4753 = CARTESIAN_POINT ( 'NONE',  ( 2.799999999999999822, -17.60000000000000142, -19.99999999999999645 ) ) ;
#4754 = FACE_OUTER_BOUND ( 'NONE', #5683, .T. ) ;
#4755 = EDGE_CURVE ( 'NONE', #6627, #6810, #2288, .T. ) ;
#4756 = VECTOR ( 'NONE', #2050, 1000.000000000000227 ) ;
#4757 = VECTOR ( 'NONE', #546, 1000.000000000000000 ) ;
#4758 = DIRECTION ( 'NONE',  ( -0.000000000000000000, 0.000000000000000000, 1.000000000000000000 ) ) ;
#4759 = ORIENTED_EDGE ( 'NONE', *, *, #4772, .T. ) ;
#4760 = ORIENTED_EDGE ( 'NONE', *, *, #2234, .T. ) ;
#4761 = AXIS2_PLACEMENT_3D ( 'NONE', #5531, #110, #2529 ) ;
#4762 = ORIENTED_EDGE ( 'NONE', *, *, #5225, .T. ) ;
#4763 = EDGE_LOOP ( 'NONE', ( #3699, #1458, #3341, #5102 ) ) ;
#4764 = DIRECTION ( 'NONE',  ( 0.000000000000000000, 0.000000000000000000, 1.000000000000000000 ) ) ;
#4765 = DIRECTION ( 'NONE',  ( 0.000000000000000000, 0.000000000000000000, 1.000000000000000000 ) ) ;
#4766 = CARTESIAN_POINT ( 'NONE',  ( 0.02994964543538622057, 16.01702020537819848, -16.25254579669417865 ) ) ;
#4767 = DIRECTION ( 'NONE',  ( 0.000000000000000000, 0.000000000000000000, 1.000000000000000000 ) ) ;
#4768 = CIRCLE ( 'NONE', #6548, 10.10000000000000142 ) ;
#4769 = VECTOR ( 'NONE', #3899, 1000.000000000000000 ) ;
#4770 = AXIS2_PLACEMENT_3D ( 'NONE', #3975, #2195, #5091 ) ;
#4771 = VERTEX_POINT ( 'NONE', #505 ) ;
#4772 = EDGE_CURVE ( 'NONE', #7485, #1899, #4548, .T. ) ;
#4773 = VERTEX_POINT ( 'NONE', #5883 ) ;
#4774 = VECTOR ( 'NONE', #5901, 1000.000000000000000 ) ;
#4775 = CARTESIAN_POINT ( 'NONE',  ( 14.40000000000000391, 26.39289321881345529, -14.09999999999999964 ) ) ;
#4776 = CARTESIAN_POINT ( 'NONE',  ( 6.934161637422524116, -24.64999999999999503, -7.699999999999998401 ) ) ;
#4777 = DIRECTION ( 'NONE',  ( -1.000000000000000000, 0.000000000000000000, 0.000000000000000000 ) ) ;
#4778 = AXIS2_PLACEMENT_3D ( 'NONE', #3545, #2391, #561 ) ;
#4779 = CARTESIAN_POINT ( 'NONE',  ( 3.335192229813806430E-18, -10.73193974556610186, -15.75811314734043300 ) ) ;
#4780 = VECTOR ( 'NONE', #1515, 1000.000000000000000 ) ;
#4781 = CYLINDRICAL_SURFACE ( 'NONE', #357, 0.5000000000000004441 ) ;
#4782 = DIRECTION ( 'NONE',  ( 0.000000000000000000, -0.000000000000000000, -1.000000000000000000 ) ) ;
#4783 = DIRECTION ( 'NONE',  ( 1.000000000000000000, -0.000000000000000000, 0.000000000000000000 ) ) ;
#4784 = CIRCLE ( 'NONE', #1356, 2.999999999999999112 ) ;
#4785 = VERTEX_POINT ( 'NONE', #458 ) ;
#4786 = AXIS2_PLACEMENT_3D ( 'NONE', #1503, #273, #4560 ) ;
#4787 = ORIENTED_EDGE ( 'NONE', *, *, #2161, .T. ) ;
#4788 = EDGE_CURVE ( 'NONE', #214, #2395, #5929, .T. ) ;
#4789 = ORIENTED_EDGE ( 'NONE', *, *, #5025, .F. ) ;
#4790 = CARTESIAN_POINT ( 'NONE',  ( -4.400000000000000355, -3.570953297738367706E-15, 19.60000000000000142 ) ) ;
#4791 = AXIS2_PLACEMENT_3D ( 'NONE', #3769, #3137, #758 ) ;
#4792 = PLANE ( 'NONE',  #2394 ) ;
#4793 = CARTESIAN_POINT ( 'NONE',  ( 10.40000000000000213, 23.60000000000000142, -9.099999999999999645 ) ) ;
#4794 = EDGE_CURVE ( 'NONE', #439, #2534, #2875, .T. ) ;
#4795 = DIRECTION ( 'NONE',  ( 0.000000000000000000, 0.000000000000000000, 1.000000000000000000 ) ) ;
#4796 = DIRECTION ( 'NONE',  ( 0.000000000000000000, 0.000000000000000000, 1.000000000000000000 ) ) ;
#4797 = ORIENTED_EDGE ( 'NONE', *, *, #5252, .F. ) ;
#4798 = EDGE_CURVE ( 'NONE', #731, #873, #587, .T. ) ;
#4799 = CIRCLE ( 'NONE', #7590, 2.999999999999999112 ) ;
#4800 = CARTESIAN_POINT ( 'NONE',  ( 15.40000000000000391, 23.60000000000000142, -15.10000000000000142 ) ) ;
#4801 = DIRECTION ( 'NONE',  ( 0.000000000000000000, 0.000000000000000000, 1.000000000000000000 ) ) ;
#4802 = AXIS2_PLACEMENT_3D ( 'NONE', #902, #7650, #861 ) ;
#4803 = VECTOR ( 'NONE', #581, 1000.000000000000000 ) ;
#4804 = CARTESIAN_POINT ( 'NONE',  ( -2.799999999999998934, -24.00000000000000355, 17.09999999999999787 ) ) ;
#4805 = ORIENTED_EDGE ( 'NONE', *, *, #5989, .T. ) ;
#4806 = ORIENTED_EDGE ( 'NONE', *, *, #1154, .T. ) ;
#4807 = ADVANCED_FACE ( 'NONE', ( #5218 ), #7726, .F. ) ;
#4808 = VECTOR ( 'NONE', #5040, 1000.000000000000000 ) ;
#4809 = ORIENTED_EDGE ( 'NONE', *, *, #1145, .T. ) ;
#4810 = CARTESIAN_POINT ( 'NONE',  ( 25.72820323027551126, -12.61448730116880235, -16.59999999999999076 ) ) ;
#4811 = CARTESIAN_POINT ( 'NONE',  ( 25.80000000000000071, -12.17075047166840029, -9.392364349097608311 ) ) ;
#4812 = LINE ( 'NONE', #5470, #7561 ) ;
#4813 = CC_DESIGN_SECURITY_CLASSIFICATION ( #5693, ( #6199 ) ) ;
#4814 = ORIENTED_EDGE ( 'NONE', *, *, #2450, .F. ) ;
#4815 = ADVANCED_FACE ( 'NONE', ( #4704 ), #1658, .F. ) ;
#4816 = ORIENTED_EDGE ( 'NONE', *, *, #1491, .F. ) ;
#4817 = CARTESIAN_POINT ( 'NONE',  ( 9.629649721936179265E-32, 23.60000000000000497, -15.59999999999999254 ) ) ;
#4818 = CARTESIAN_POINT ( 'NONE',  ( 10.66174789523346078, 23.61301366391795042, -14.96912605238329519 ) ) ;
#4819 = CARTESIAN_POINT ( 'NONE',  ( 5.005219924466802972, -22.91450712220765951, -8.097374700617605114 ) ) ;
#4820 =( BOUNDED_CURVE ( )  B_SPLINE_CURVE ( 3, ( #5681, #4934, #2000, #7359 ),
 .UNSPECIFIED., .F., .T. ) 
 B_SPLINE_CURVE_WITH_KNOTS ( ( 4, 4 ),
 ( 1.570796326794896558, 3.141592653589793116 ),
 .UNSPECIFIED. ) 
 CURVE ( )  GEOMETRIC_REPRESENTATION_ITEM ( )  RATIONAL_B_SPLINE_CURVE ( ( 1.000000000000000000, 0.8047378541243649375, 0.8047378541243649375, 1.000000000000000000 ) ) 
 REPRESENTATION_ITEM ( '' )  );
#4821 = DIRECTION ( 'NONE',  ( 0.000000000000000000, 1.000000000000000000, 1.515042337097648137E-16 ) ) ;
#4822 = DIRECTION ( 'NONE',  ( 0.7071067811865561215, -0.7071067811865388020, 0.000000000000000000 ) ) ;
#4823 = CARTESIAN_POINT ( 'NONE',  ( 19.88277567112099220, -28.89999999999999858, 17.09999999999999787 ) ) ;
#4824 = ORIENTED_EDGE ( 'NONE', *, *, #6188, .F. ) ;
#4825 = EDGE_LOOP ( 'NONE', ( #7537, #5325 ) ) ;
#4826 = ORIENTED_EDGE ( 'NONE', *, *, #6890, .T. ) ;
#4827 = DIRECTION ( 'NONE',  ( 0.000000000000000000, 0.000000000000000000, -1.000000000000000000 ) ) ;
#4828 = LINE ( 'NONE', #7249, #7848 ) ;
#4829 = CARTESIAN_POINT ( 'NONE',  ( 23.25588635563339324, -22.89999999999999858, -19.74374188149771925 ) ) ;
#4830 = DIRECTION ( 'NONE',  ( 1.000000000000000000, 0.000000000000000000, 0.000000000000000000 ) ) ;
#4831 = LINE ( 'NONE', #2369, #4757 ) ;
#4832 = EDGE_CURVE ( 'NONE', #5755, #5480, #4069, .T. ) ;
#4833 = VERTEX_POINT ( 'NONE', #6457 ) ;
#4834 = DIRECTION ( 'NONE',  ( 1.000000000000000000, 0.000000000000000000, 0.000000000000000000 ) ) ;
#4835 = CYLINDRICAL_SURFACE ( 'NONE', #3889, 2.999999999999999112 ) ;
#4836 = CARTESIAN_POINT ( 'NONE',  ( 12.90000000000000746, -34.39999999999999858, -8.199999999999999289 ) ) ;
#4837 = EDGE_CURVE ( 'NONE', #5835, #4686, #7172, .T. ) ;
#4838 = DIRECTION ( 'NONE',  ( 0.000000000000000000, 1.000000000000000000, 1.535153518563546084E-16 ) ) ;
#4839 = VERTEX_POINT ( 'NONE', #1691 ) ;
#4840 = ADVANCED_FACE ( 'NONE', ( #388 ), #6525, .F. ) ;
#4841 = EDGE_LOOP ( 'NONE', ( #7728, #5945, #1208, #5466 ) ) ;
#4842 = ORIENTED_EDGE ( 'NONE', *, *, #6726, .F. ) ;
#4843 = CARTESIAN_POINT ( 'NONE',  ( 23.00000000000000000, 5.834403393449440145, 13.90466383879213197 ) ) ;
#4844 = ADVANCED_FACE ( 'NONE', ( #6970 ), #2801, .F. ) ;
#4845 = DIRECTION ( 'NONE',  ( 0.000000000000000000, 1.000000000000000000, 0.000000000000000000 ) ) ;
#4846 = ORIENTED_EDGE ( 'NONE', *, *, #1871, .T. ) ;
#4847 = EDGE_LOOP ( 'NONE', ( #320, #7764, #1764, #3814 ) ) ;
#4848 = CARTESIAN_POINT ( 'NONE',  ( 0.000000000000000000, -22.89999999999999503, -15.60000000000000675 ) ) ;
#4849 = CARTESIAN_POINT ( 'NONE',  ( 10.90361896949672449, 23.66310680357076990, -14.84819051525161626 ) ) ;
#4850 = CARTESIAN_POINT ( 'NONE',  ( 10.98578643762690810, 23.60000000000000497, -14.80710678118654755 ) ) ;
#4851 = PLANE ( 'NONE',  #3859 ) ;
#4852 = EDGE_CURVE ( 'NONE', #4693, #1526, #2237, .T. ) ;
#4853 = CARTESIAN_POINT ( 'NONE',  ( 14.40000000000000391, 26.39289321881345529, -14.09999999999999964 ) ) ;
#4854 = ORIENTED_EDGE ( 'NONE', *, *, #6402, .F. ) ;
#4855 = ORIENTED_EDGE ( 'NONE', *, *, #2061, .F. ) ;
#4856 = EDGE_LOOP ( 'NONE', ( #6610, #837, #2070, #5335 ) ) ;
#4857 = CARTESIAN_POINT ( 'NONE',  ( -1.199999999999999067, -24.00000000000000355, 19.59999999999999787 ) ) ;
#4858 = FACE_OUTER_BOUND ( 'NONE', #4281, .T. ) ;
#4859 = CARTESIAN_POINT ( 'NONE',  ( 10.92506670762420207, 24.01036326753148487, -9.625066707624084117 ) ) ;
#4860 = CARTESIAN_POINT ( 'NONE',  ( 2.799999999999999822, 5.834403393449441921, 13.90466383879213019 ) ) ;
#4861 = CARTESIAN_POINT ( 'NONE',  ( 12.90000000000000746, -34.39999999999999858, -8.199999999999999289 ) ) ;
#4862 = ORIENTED_EDGE ( 'NONE', *, *, #1439, .T. ) ;
#4863 = CARTESIAN_POINT ( 'NONE',  ( 6.934161637422524116, -24.64999999999999503, -11.89999999999999680 ) ) ;
#4864 = ADVANCED_FACE ( 'NONE', ( #6370 ), #2169, .T. ) ;
#4865 = CYLINDRICAL_SURFACE ( 'NONE', #2594, 0.5000000000000004441 ) ;
#4866 = CYLINDRICAL_SURFACE ( 'NONE', #3511, 3.000000000000000000 ) ;
#4867 = DIRECTION ( 'NONE',  ( -1.000000000000000000, -0.000000000000000000, -0.000000000000000000 ) ) ;
#4868 = ADVANCED_FACE ( 'NONE', ( #1614 ), #3242, .T. ) ;
#4869 = CARTESIAN_POINT ( 'NONE',  ( 11.40000000000000391, 27.59999999999999787, -9.600000000000001421 ) ) ;
#4870 = ORIENTED_EDGE ( 'NONE', *, *, #1955, .F. ) ;
#4871 = ORIENTED_EDGE ( 'NONE', *, *, #4978, .F. ) ;
#4872 = EDGE_CURVE ( 'NONE', #3087, #2393, #3437, .T. ) ;
#4873 = VERTEX_POINT ( 'NONE', #6082 ) ;
#4874 = CIRCLE ( 'NONE', #6650, 1.600000000000000755 ) ;
#4875 = DIRECTION ( 'NONE',  ( -1.000000000000000000, -0.000000000000000000, 0.000000000000000000 ) ) ;
#4876 = ADVANCED_FACE ( 'NONE', ( #6570 ), #6721, .F. ) ;
#4877 = DIRECTION ( 'NONE',  ( -0.5000000000000001110, 0.8660254037844385966, 0.000000000000000000 ) ) ;
#4878 = B_SPLINE_CURVE_WITH_KNOTS ( 'NONE', 3,
 ( #2663, #2927, #2735, #4714, #2149, #2101, #1465, #1102, #4750, #4568 ),
 .UNSPECIFIED., .F., .F.,
 ( 4, 2, 2, 2, 4 ),
 ( 0.000000000000000000, 0.0006271788835725771285, 0.001254357767145154257, 0.001881536650717731494, 0.002508715534290308514 ),
 .UNSPECIFIED. ) ;
#4879 = DIRECTION ( 'NONE',  ( -0.000000000000000000, -6.938893903907229364E-16, 1.000000000000000000 ) ) ;
#4880 = AXIS2_PLACEMENT_3D ( 'NONE', #5026, #4948, #334 ) ;
#4881 = ORIENTED_EDGE ( 'NONE', *, *, #6354, .F. ) ;
#4882 = CIRCLE ( 'NONE', #3493, 1.100000000000000311 ) ;
#4883 = EDGE_CURVE ( 'NONE', #3085, #4104, #4253, .T. ) ;
#4884 = EDGE_LOOP ( 'NONE', ( #7160, #2743, #1651, #1681 ) ) ;
#4885 = DIRECTION ( 'NONE',  ( 1.000000000000000000, 0.000000000000000000, 0.000000000000000000 ) ) ;
#4886 = DIRECTION ( 'NONE',  ( 0.000000000000000000, 0.000000000000000000, 1.000000000000000000 ) ) ;
#4887 = AXIS2_PLACEMENT_3D ( 'NONE', #2940, #4087, #5957 ) ;
#4888 = PERSON_AND_ORGANIZATION ( #2131, #755 ) ;
#4889 = CARTESIAN_POINT ( 'NONE',  ( -2.799999999999999822, -3.766896785601943786E-15, 17.10000000000000497 ) ) ;
#4890 = VECTOR ( 'NONE', #3977, 1000.000000000000000 ) ;
#4891 = CARTESIAN_POINT ( 'NONE',  ( 23.00000000000000000, 20.80000000000000426, -15.59999999999999964 ) ) ;
#4892 = VERTEX_POINT ( 'NONE', #1249 ) ;
#4893 = AXIS2_PLACEMENT_3D ( 'NONE', #2063, #6306, #3294 ) ;
#4894 = VERTEX_POINT ( 'NONE', #3587 ) ;
#4895 = EDGE_CURVE ( 'NONE', #1526, #4693, #4882, .T. ) ;
#4896 = ORIENTED_EDGE ( 'NONE', *, *, #1349, .F. ) ;
#4897 = CIRCLE ( 'NONE', #6297, 1.600000000000000755 ) ;
#4898 = CIRCLE ( 'NONE', #1984, 4.000000000000000000 ) ;
#4899 = CARTESIAN_POINT ( 'NONE',  ( 11.40000000000000391, 26.39289321881345884, -14.09999999999999964 ) ) ;
#4900 = CARTESIAN_POINT ( 'NONE',  ( 6.440520941590588855, -22.89999999999969660, -7.659593842674537356 ) ) ;
#4901 = CARTESIAN_POINT ( 'NONE',  ( 4.336808689942017736E-16, -22.38341924626905310, 16.09999999999999787 ) ) ;
#4902 = CARTESIAN_POINT ( 'NONE',  ( 22.80729859948690574, -22.89999999999999503, -19.99999999999999645 ) ) ;
#4903 = CARTESIAN_POINT ( 'NONE',  ( 23.00000000000000000, -20.10000000000000497, -19.99999999999999645 ) ) ;
#4904 = VECTOR ( 'NONE', #2327, 1000.000000000000000 ) ;
#4905 = LINE ( 'NONE', #7330, #7682 ) ;
#4906 = AXIS2_PLACEMENT_3D ( 'NONE', #1385, #6705, #4277 ) ;
#4907 = ORIENTED_EDGE ( 'NONE', *, *, #396, .F. ) ;
#4908 = CARTESIAN_POINT ( 'NONE',  ( -2.799999999999998934, -24.00000000000000355, 17.09999999999999787 ) ) ;
#4909 = CARTESIAN_POINT ( 'NONE',  ( 23.00000000000000000, -20.90000000000000568, -12.89999999999999858 ) ) ;
#4910 = VECTOR ( 'NONE', #1958, 1000.000000000000000 ) ;
#4911 = PLANE ( 'NONE',  #4289 ) ;
#4912 = CARTESIAN_POINT ( 'NONE',  ( 31.39999999999999858, -22.38341924626905310, 19.59999999999999787 ) ) ;
#4913 = CARTESIAN_POINT ( 'NONE',  ( 23.00000000000000000, 3.338714168256810878E-15, -16.60000000000000142 ) ) ;
#4914 = FACE_OUTER_BOUND ( 'NONE', #3727, .T. ) ;
#4915 = VECTOR ( 'NONE', #1415, 1000.000000000000000 ) ;
#4916 = ORIENTED_EDGE ( 'NONE', *, *, #4982, .F. ) ;
#4917 = AXIS2_PLACEMENT_3D ( 'NONE', #4334, #5522, #5564 ) ;
#4918 = ORIENTED_EDGE ( 'NONE', *, *, #6882, .T. ) ;
#4919 = ORIENTED_EDGE ( 'NONE', *, *, #2078, .T. ) ;
#4920 = DIRECTION ( 'NONE',  ( 0.000000000000000000, -0.6401843996644797086, -0.7682212795973759611 ) ) ;
#4921 = VECTOR ( 'NONE', #5590, 1000.000000000000000 ) ;
#4922 = DIRECTION ( 'NONE',  ( 0.000000000000000000, -6.938893903907229364E-16, 1.000000000000000000 ) ) ;
#4923 = DIRECTION ( 'NONE',  ( 0.000000000000000000, 0.000000000000000000, -1.000000000000000000 ) ) ;
#4924 = DIRECTION ( 'NONE',  ( -0.000000000000000000, 0.6401843996644797086, 0.7682212795973759611 ) ) ;
#4925 = EDGE_CURVE ( 'NONE', #1282, #6758, #6274, .T. ) ;
#4926 = ORIENTED_EDGE ( 'NONE', *, *, #676, .F. ) ;
#4927 = ADVANCED_FACE ( 'NONE', ( #6680 ), #650, .F. ) ;
#4928 = EDGE_LOOP ( 'NONE', ( #2337, #3761, #3058 ) ) ;
#4929 = CARTESIAN_POINT ( 'NONE',  ( -5.599999999999998757, -1.616580753730956888, 19.60000000000000142 ) ) ;
#4930 = CARTESIAN_POINT ( 'NONE',  ( 25.75180612303670102, -2.101627676402842759, -16.42449347590326880 ) ) ;
#4931 = CALENDAR_DATE ( 2026, 16, 3 ) ;
#4932 = CARTESIAN_POINT ( 'NONE',  ( -5.599999999999998757, -25.61658075373095755, 17.10000000000000142 ) ) ;
#4933 = VECTOR ( 'NONE', #6405, 1000.000000000000000 ) ;
#4934 = CARTESIAN_POINT ( 'NONE',  ( 22.79289321881344677, 19.89289321881344108, -19.99999999999999645 ) ) ;
#4935 = EDGE_CURVE ( 'NONE', #4317, #1957, #6288, .T. ) ;
#4936 = ORIENTED_EDGE ( 'NONE', *, *, #484, .T. ) ;
#4937 = EDGE_CURVE ( 'NONE', #3880, #461, #7317, .T. ) ;
#4938 = ORIENTED_EDGE ( 'NONE', *, *, #6582, .T. ) ;
#4939 = DIRECTION ( 'NONE',  ( -0.7071067811865492381, -0.7071067811865457964, 0.000000000000000000 ) ) ;
#4940 = CARTESIAN_POINT ( 'NONE',  ( -5.599999999999998757, -1.616580753730956888, 17.10000000000000497 ) ) ;
#4941 = FACE_OUTER_BOUND ( 'NONE', #4032, .T. ) ;
#4942 = CARTESIAN_POINT ( 'NONE',  ( 11.19966683211381309, 23.79272663487035899, -9.499833416056905122 ) ) ;
#4943 = CARTESIAN_POINT ( 'NONE',  ( 25.80000000000000071, -1.616580753730955111, 17.10000000000000497 ) ) ;
#4944 = DIRECTION ( 'NONE',  ( -0.8660254037844385966, -0.5000000000000001110, 0.000000000000000000 ) ) ;
#4945 = ADVANCED_FACE ( 'NONE', ( #4142 ), #7763, .F. ) ;
#4946 = ORIENTED_EDGE ( 'NONE', *, *, #3133, .F. ) ;
#4947 = DIRECTION ( 'NONE',  ( -0.000000000000000000, 1.535153518563546084E-16, -1.000000000000000000 ) ) ;
#4948 = DIRECTION ( 'NONE',  ( -1.000000000000000000, 0.000000000000000000, 0.000000000000000000 ) ) ;
#4949 = DIRECTION ( 'NONE',  ( -0.7071067811865475727, 0.7071067811865474617, 1.085517463138672043E-16 ) ) ;
#4950 = LINE ( 'NONE', #4347, #721 ) ;
#4951 = DIRECTION ( 'NONE',  ( 0.000000000000000000, 1.000000000000000000, 0.000000000000000000 ) ) ;
#4952 = CARTESIAN_POINT ( 'NONE',  ( 0.000000000000000000, -3.498314677414608553, -15.36032574516783455 ) ) ;
#4953 = ORIENTED_EDGE ( 'NONE', *, *, #3452, .T. ) ;
#4954 = ORIENTED_EDGE ( 'NONE', *, *, #5083, .F. ) ;
#4955 = VERTEX_POINT ( 'NONE', #4297 ) ;
#4956 = DIRECTION ( 'NONE',  ( -1.000000000000000000, -0.000000000000000000, -0.000000000000000000 ) ) ;
#4957 = CARTESIAN_POINT ( 'NONE',  ( 6.240816888022513886, -23.28236877463979937, -7.728866849903639924 ) ) ;
#4958 = CARTESIAN_POINT ( 'NONE',  ( 5.633846418333070538, -22.90000000000000568, 16.21568814050896634 ) ) ;
#4959 = CARTESIAN_POINT ( 'NONE',  ( 5.899999999999998579, 22.09999999999999787, -10.49999999999999645 ) ) ;
#4960 = CARTESIAN_POINT ( 'NONE',  ( 25.79472648483393371, 3.008329558704197826, -15.89847398855419947 ) ) ;
#4961 = EDGE_LOOP ( 'NONE', ( #2838, #5932, #6229, #167 ) ) ;
#4962 = ORIENTED_EDGE ( 'NONE', *, *, #1057, .F. ) ;
#4963 = LINE ( 'NONE', #6111, #5776 ) ;
#4964 = FACE_OUTER_BOUND ( 'NONE', #3538, .T. ) ;
#4965 = EDGE_CURVE ( 'NONE', #4179, #575, #2864, .T. ) ;
#4966 = PERSON_AND_ORGANIZATION_ROLE ( 'classification_officer' ) ;
#4967 = LINE ( 'NONE', #4365, #4130 ) ;
#4968 = CARTESIAN_POINT ( 'NONE',  ( 14.90000000000000568, 24.03453835922318760, -14.10000000003270593 ) ) ;
#4969 = ORIENTED_EDGE ( 'NONE', *, *, #2936, .F. ) ;
#4970 = ORIENTED_EDGE ( 'NONE', *, *, #7521, .F. ) ;
#4971 = DIRECTION ( 'NONE',  ( 1.000000000000000000, -0.000000000000000000, -0.000000000000000000 ) ) ;
#4972 = EDGE_CURVE ( 'NONE', #754, #3880, #6004, .T. ) ;
#4973 = CARTESIAN_POINT ( 'NONE',  ( 6.193677832088829938, -22.89999999999999858, -7.234070314745114416 ) ) ;
#4974 = DIRECTION ( 'NONE',  ( -0.000000000000000000, 0.000000000000000000, 1.000000000000000000 ) ) ;
#4975 = FACE_OUTER_BOUND ( 'NONE', #4695, .T. ) ;
#4976 = LINE ( 'NONE', #6806, #6530 ) ;
#4977 = CARTESIAN_POINT ( 'NONE',  ( 11.40000000000000391, 24.10000000000000497, -14.59999999999999964 ) ) ;
#4978 = EDGE_CURVE ( 'NONE', #4317, #3087, #6114, .T. ) ;
#4979 = ORIENTED_EDGE ( 'NONE', *, *, #4965, .F. ) ;
#4980 = CARTESIAN_POINT ( 'NONE',  ( 23.50000000000000000, -22.39999999999999503, -19.49999999999999645 ) ) ;
#4981 = CARTESIAN_POINT ( 'NONE',  ( 3.491945278814800879, 18.70483283271134312, -21.67482119174274402 ) ) ;
#4982 = EDGE_CURVE ( 'NONE', #7729, #3891, #1469, .T. ) ;
#4983 = CARTESIAN_POINT ( 'NONE',  ( 24.07370768050641630, 19.76422460830385219, -20.22578725610524941 ) ) ;
#4984 = FACE_OUTER_BOUND ( 'NONE', #2890, .T. ) ;
#4985 = DIRECTION ( 'NONE',  ( 0.000000000000000000, 0.000000000000000000, 1.000000000000000000 ) ) ;
#4986 = CARTESIAN_POINT ( 'NONE',  ( 19.90000000000000213, 22.09999999999999787, -10.49999999999999645 ) ) ;
#4987 = VERTEX_POINT ( 'NONE', #1205 ) ;
#4988 = ORIENTED_EDGE ( 'NONE', *, *, #5863, .F. ) ;
#4989 = ORIENTED_EDGE ( 'NONE', *, *, #7116, .F. ) ;
#4990 = ADVANCED_FACE ( 'NONE', ( #4739 ), #7244, .F. ) ;
#4991 = CARTESIAN_POINT ( 'NONE',  ( -0.3252863963119663193, -16.49591815482253310, 16.84854127315819028 ) ) ;
#4992 = CARTESIAN_POINT ( 'NONE',  ( 19.60632216791118054, -22.89999999999999858, -7.234070314745111752 ) ) ;
#4993 = CARTESIAN_POINT ( 'NONE',  ( 13.69289321881345600, 27.09999999999999787, -9.600000000000001421 ) ) ;
#4994 = AXIS2_PLACEMENT_3D ( 'NONE', #7285, #2412, #1144 ) ;
#4995 = CARTESIAN_POINT ( 'NONE',  ( 10.90000000000000391, 26.39289321881345529, -14.09999999999999964 ) ) ;
#4996 = VECTOR ( 'NONE', #1700, 1000.000000000000114 ) ;
#4997 = CARTESIAN_POINT ( 'NONE',  ( 12.10710678118655004, 27.59999999999999432, 1.698985102064647504E-14 ) ) ;
#4998 = ORIENTED_EDGE ( 'NONE', *, *, #4935, .F. ) ;
#4999 = VECTOR ( 'NONE', #2401, 1000.000000000000000 ) ;
#5000 = ORIENTED_EDGE ( 'NONE', *, *, #2503, .T. ) ;
#5001 = LINE ( 'NONE', #1277, #333 ) ;
#5002 = PLANE ( 'NONE',  #6571 ) ;
#5003 = PERSON_AND_ORGANIZATION ( #2131, #755 ) ;
#5004 = CARTESIAN_POINT ( 'NONE',  ( 2.800000000000002043, 23.59999999999999432, 9.680000000000003268 ) ) ;
#5005 = CARTESIAN_POINT ( 'NONE',  ( 14.90000000000000568, 24.10000000000000497, -14.10000000000000142 ) ) ;
#5006 = AXIS2_PLACEMENT_3D ( 'NONE', #1805, #5927, #3661 ) ;
#5007 = CIRCLE ( 'NONE', #5262, 2.249999999999995115 ) ;
#5008 = CIRCLE ( 'NONE', #6407, 0.5000000000000004441 ) ;
#5010 = EDGE_LOOP ( 'NONE', ( #4578, #5783, #1519, #849, #548, #5899, #3684, #6742, #4919, #6470, #6238, #1013 ) ) ;
#5009 = ADVANCED_FACE ( 'NONE', ( #2953 ), #5366, .F. ) ;
#5011 = ORIENTED_EDGE ( 'NONE', *, *, #2846, .T. ) ;
#5012 = CARTESIAN_POINT ( 'NONE',  ( 13.69289321881345600, 27.10000000000000142, -14.09999999999999964 ) ) ;
#5013 = CARTESIAN_POINT ( 'NONE',  ( 6.435771569454094454, -23.35791737871610962, -7.699999999999998401 ) ) ;
#5014 = AXIS2_PLACEMENT_3D ( 'NONE', #5766, #5138, #981 ) ;
#5015 = CARTESIAN_POINT ( 'NONE',  ( 15.40000000000000391, 24.10000000000000497, -14.59999999999999964 ) ) ;
#5016 = CARTESIAN_POINT ( 'NONE',  ( 23.00000000000000000, 9.229508196721308622, 11.07540983606557639 ) ) ;
#5017 = DIRECTION ( 'NONE',  ( -0.000000000000000000, 1.535153518563546084E-16, -1.000000000000000000 ) ) ;
#5018 = DIRECTION ( 'NONE',  ( 1.000000000000000000, 0.000000000000000000, 0.000000000000000000 ) ) ;
#5019 = AXIS2_PLACEMENT_3D ( 'NONE', #4410, #6836, #1399 ) ;
#5020 = EDGE_CURVE ( 'NONE', #4210, #2217, #2356, .T. ) ;
#5021 = VECTOR ( 'NONE', #4879, 1000.000000000000000 ) ;
#5022 = VECTOR ( 'NONE', #6793, 1000.000000000000000 ) ;
#5023 = ORIENTED_EDGE ( 'NONE', *, *, #7, .F. ) ;
#5024 = DIRECTION ( 'NONE',  ( 0.000000000000000000, 0.000000000000000000, -1.000000000000000000 ) ) ;
#5025 = EDGE_CURVE ( 'NONE', #5790, #6671, #5646, .T. ) ;
#5026 = CARTESIAN_POINT ( 'NONE',  ( 0.000000000000000000, 27.09999999999999787, -10.10000000000000142 ) ) ;
#5027 = CARTESIAN_POINT ( 'NONE',  ( 23.76552198086436007, 21.56552198086436434, -20.65443172584058473 ) ) ;
#5028 = CARTESIAN_POINT ( 'NONE',  ( 11.71987240252993701, 23.57455268475278487, -16.20242388576794923 ) ) ;
#5029 = CARTESIAN_POINT ( 'NONE',  ( 0.000000000000000000, -14.52582457413839379, 22.59999999999999787 ) ) ;
#5030 = AXIS2_PLACEMENT_3D ( 'NONE', #1427, #2501, #6145 ) ;
#5031 = AXIS2_PLACEMENT_3D ( 'NONE', #3091, #6869, #5503 ) ;
#5032 = CYLINDRICAL_SURFACE ( 'NONE', #5915, 0.4999999999999994449 ) ;
#5033 = EDGE_CURVE ( 'NONE', #2980, #1899, #4379, .T. ) ;
#5034 = VERTEX_POINT ( 'NONE', #769 ) ;
#5035 = CIRCLE ( 'NONE', #847, 0.5000000000000004441 ) ;
#5036 = VERTEX_POINT ( 'NONE', #1478 ) ;
#5037 = CIRCLE ( 'NONE', #3639, 8.100000000000004974 ) ;
#5038 = EDGE_LOOP ( 'NONE', ( #2188, #652, #5910, #275 ) ) ;
#5039 = DIRECTION ( 'NONE',  ( 1.000000000000000000, 0.000000000000000000, 0.000000000000000000 ) ) ;
#5040 = DIRECTION ( 'NONE',  ( 0.000000000000000000, 1.000000000000000000, 1.515042337097648137E-16 ) ) ;
#5041 = DIRECTION ( 'NONE',  ( 0.000000000000000000, 0.000000000000000000, 1.000000000000000000 ) ) ;
#5042 = VECTOR ( 'NONE', #7444, 1000.000000000000000 ) ;
#5043 = CARTESIAN_POINT ( 'NONE',  ( 25.80000000000000071, -25.61658075373095755, 17.10000000000000142 ) ) ;
#5044 = AXIS2_PLACEMENT_3D ( 'NONE', #2636, #6239, #3740 ) ;
#5045 = CYLINDRICAL_SURFACE ( 'NONE', #7185, 2.999999999999999112 ) ;
#5046 = EDGE_CURVE ( 'NONE', #321, #4196, #256, .T. ) ;
#5047 = ORIENTED_EDGE ( 'NONE', *, *, #2465, .F. ) ;
#5048 = AXIS2_PLACEMENT_3D ( 'NONE', #6947, #5041, #1514 ) ;
#5049 = ORIENTED_EDGE ( 'NONE', *, *, #3436, .T. ) ;
#5050 = ORIENTED_EDGE ( 'NONE', *, *, #2549, .F. ) ;
#5051 = AXIS2_PLACEMENT_3D ( 'NONE', #2164, #7039, #4580 ) ;
#5052 = DIRECTION ( 'NONE',  ( -1.000000000000000000, 0.000000000000000000, 0.000000000000000000 ) ) ;
#5053 = CARTESIAN_POINT ( 'NONE',  ( 25.80000000000000071, -12.50985592009478076, 14.73541581987371707 ) ) ;
#5054 = DIRECTION ( 'NONE',  ( -0.000000000000000000, -0.000000000000000000, -1.000000000000000000 ) ) ;
#5055 = CARTESIAN_POINT ( 'NONE',  ( 14.78545326974057872, 23.70016658394316877, -14.79272663487028971 ) ) ;
#5056 = EDGE_CURVE ( 'NONE', #770, #6302, #6281, .T. ) ;
#5057 = ORIENTED_EDGE ( 'NONE', *, *, #163, .F. ) ;
#5058 = EDGE_CURVE ( 'NONE', #1138, #6871, #5631, .T. ) ;
#5059 = EDGE_LOOP ( 'NONE', ( #7159, #1583, #160 ) ) ;
#5060 = CYLINDRICAL_SURFACE ( 'NONE', #1115, 0.5000000000000004441 ) ;
#5061 = CARTESIAN_POINT ( 'NONE',  ( 5.992821378486695494, -22.89999999999999858, -7.651405797751789528 ) ) ;
#5062 = AXIS2_PLACEMENT_3D ( 'NONE', #2714, #5848, #5135 ) ;
#5063 = DIRECTION ( 'NONE',  ( 0.000000000000000000, 1.000000000000000000, 1.535153518563546084E-16 ) ) ;
#5064 = DIRECTION ( 'NONE',  ( -1.000000000000000000, 0.000000000000000000, 0.000000000000000000 ) ) ;
#5065 = CARTESIAN_POINT ( 'NONE',  ( 29.87999999999999901, -20.21032982965536107, 22.59999999999999787 ) ) ;
#5066 = LINE ( 'NONE', #1930, #2991 ) ;
#5067 = ORIENTED_EDGE ( 'NONE', *, *, #7719, .F. ) ;
#5068 = CARTESIAN_POINT ( 'NONE',  ( 0.6868897315516044877, -25.96000000000000085, 22.59999999999999787 ) ) ;
#5069 = CARTESIAN_POINT ( 'NONE',  ( 23.43568605778021663, 21.23568605778022089, -20.95212502300064017 ) ) ;
#5070 = CARTESIAN_POINT ( 'NONE',  ( 0.000000000000000000, -21.40000000000000568, -11.89999999999999680 ) ) ;
#5071 = DIRECTION ( 'NONE',  ( -1.000000000000000000, 0.000000000000000000, 0.000000000000000000 ) ) ;
#5072 = ADVANCED_FACE ( 'NONE', ( #3153 ), #2384, .T. ) ;
#5073 =( BOUNDED_SURFACE ( )  B_SPLINE_SURFACE ( 3, 2, ( 
 ( #7718, #4063, #2913 ),
 ( #3031, #5329, #2282 ),
 ( #1769, #1085, #4818 ),
 ( #2432, #3504, #4849 ),
 ( #5923, #6636, #7758 ),
 ( #1131, #499, #1168 ),
 ( #3549, #4698, #7835 ),
 ( #7120, #6487, #7272 ),
 ( #2316, #1684, #2949 ),
 ( #5966, #6038, #2985 ) ),
 .UNSPECIFIED., .F., .F., .F. ) 
 B_SPLINE_SURFACE_WITH_KNOTS ( ( 4, 2, 2, 2, 4 ),
 ( 3, 3 ),
 ( 1.570796326794896780, 1.963495408493620697, 2.356194490192344837, 2.748893571891068976, 3.141592653589793116 ),
 ( 0.000000000000000000, 1.000000000000000000 ),
 .UNSPECIFIED. ) 
 GEOMETRIC_REPRESENTATION_ITEM ( )  RATIONAL_B_SPLINE_SURFACE ( (
 ( 1.000000000000000000, 1.000000000000000000, 1.000000000000000000),
 ( 1.000000000000000000, 1.000158585517705312, 1.000000000000000000),
 ( 1.000000000000000000, 0.9867291829329875030, 1.000000000000000000),
 ( 1.000000000000000000, 0.9386556568293246139, 1.000000000000000000),
 ( 1.000000000000000000, 0.9038128751445032583, 1.000000000000000000),
 ( 1.000000000000000000, 0.8282379324243761554, 1.000000000000000000),
 ( 1.000000000000000000, 0.7876784991490026755, 1.000000000000000000),
 ( 1.000000000000000000, 0.7265517405482013746, 1.000000000000000000),
 ( 1.000000000000000000, 0.7066757558487507529, 1.000000000000000000),
 ( 1.000000000000000000, 0.7071067811865475727, 1.000000000000000000) ) ) 
 REPRESENTATION_ITEM ( '' )  SURFACE ( )  );
#5074 = ORIENTED_EDGE ( 'NONE', *, *, #33, .T. ) ;
#5075 = LINE ( 'NONE', #5735, #6303 ) ;
#5076 = ORIENTED_EDGE ( 'NONE', *, *, #1284, .F. ) ;
#5077 = ORIENTED_EDGE ( 'NONE', *, *, #2291, .F. ) ;
#5078 = ORIENTED_EDGE ( 'NONE', *, *, #6458, .F. ) ;
#5079 = CYLINDRICAL_SURFACE ( 'NONE', #1990, 1.600000000000000089 ) ;
#5080 = EDGE_CURVE ( 'NONE', #5086, #4078, #4820, .T. ) ;
#5081 = CARTESIAN_POINT ( 'NONE',  ( 5.917224328879009398, -22.90000000000000213, 16.09999999999999787 ) ) ;
#5082 = DIRECTION ( 'NONE',  ( 0.000000000000000000, 0.000000000000000000, -1.000000000000000000 ) ) ;
#5083 = EDGE_CURVE ( 'NONE', #5597, #3369, #133, .T. ) ;
#5084 = CARTESIAN_POINT ( 'NONE',  ( 5.300000000000000711, -34.39999999999999858, -8.199999999999999289 ) ) ;
#5085 = ORIENTED_EDGE ( 'NONE', *, *, #4307, .T. ) ;
#5086 = VERTEX_POINT ( 'NONE', #803 ) ;
#5087 = ORIENTED_EDGE ( 'NONE', *, *, #438, .T. ) ;
#5088 = DIRECTION ( 'NONE',  ( 0.000000000000000000, 0.000000000000000000, 1.000000000000000000 ) ) ;
#5089 = CARTESIAN_POINT ( 'NONE',  ( 6.554990330809499888, -22.89999999999999858, -7.199999999999998401 ) ) ;
#5090 = EDGE_CURVE ( 'NONE', #2969, #6844, #6913, .T. ) ;
#5091 = DIRECTION ( 'NONE',  ( 0.000000000000000000, -1.535153518563546084E-16, 1.000000000000000000 ) ) ;
#5092 = CARTESIAN_POINT ( 'NONE',  ( 12.90000000000000036, 22.10000000000000142, -15.74999999999999645 ) ) ;
#5093 = ORIENTED_EDGE ( 'NONE', *, *, #3523, .T. ) ;
#5094 = ORIENTED_EDGE ( 'NONE', *, *, #3292, .F. ) ;
#5095 = DIRECTION ( 'NONE',  ( 0.000000000000000000, 0.000000000000000000, 1.000000000000000000 ) ) ;
#5096 = EDGE_CURVE ( 'NONE', #6236, #5746, #4416, .T. ) ;
#5097 = LINE ( 'NONE', #7040, #3782 ) ;
#5098 = CARTESIAN_POINT ( 'NONE',  ( 25.80000000000000071, 0.2615527404239483267, 14.50512501361752626 ) ) ;
#5099 = CYLINDRICAL_SURFACE ( 'NONE', #7451, 1.100000000000000089 ) ;
#5100 = CARTESIAN_POINT ( 'NONE',  ( 12.90000000000000746, -34.39999999999999858, -11.89999999999999680 ) ) ;
#5101 = DIRECTION ( 'NONE',  ( 0.000000000000000000, 0.000000000000000000, 1.000000000000000000 ) ) ;
#5102 = ORIENTED_EDGE ( 'NONE', *, *, #4492, .F. ) ;
#5103 = DIRECTION ( 'NONE',  ( 0.000000000000000000, 0.000000000000000000, 1.000000000000000000 ) ) ;
#5104 = CARTESIAN_POINT ( 'NONE',  ( 14.60595690053038531, 23.43979675186850997, -17.09350137526983460 ) ) ;
#5105 = LINE ( 'NONE', #6933, #5431 ) ;
#5106 = SPHERICAL_SURFACE ( 'NONE', #7573, 0.5000000000000000000 ) ;
#5107 = DIRECTION ( 'NONE',  ( -0.000000000000000000, 0.000000000000000000, 1.000000000000000000 ) ) ;
#5108 = EDGE_LOOP ( 'NONE', ( #2104, #5955, #4211, #4044 ) ) ;
#5109 = LINE ( 'NONE', #3288, #90 ) ;
#5110 = EDGE_LOOP ( 'NONE', ( #1355, #823, #4717, #2025, #75 ) ) ;
#5111 = ORIENTED_EDGE ( 'NONE', *, *, #1806, .F. ) ;
#5112 = EDGE_CURVE ( 'NONE', #516, #495, #6200, .T. ) ;
#5113 = CIRCLE ( 'NONE', #6250, 0.5000000000000004441 ) ;
#5114 = ORIENTED_EDGE ( 'NONE', *, *, #1106, .F. ) ;
#5115 = DIRECTION ( 'NONE',  ( 0.000000000000000000, 0.000000000000000000, 1.000000000000000000 ) ) ;
#5116 = LINE ( 'NONE', #7587, #3787 ) ;
#5117 = CARTESIAN_POINT ( 'NONE',  ( 2.799999999999999822, -17.60000000000000497, -11.15269009426543967 ) ) ;
#5118 = LINE ( 'NONE', #6352, #1616 ) ;
#5119 = CARTESIAN_POINT ( 'NONE',  ( 23.00000000000000000, 5.834403393449440145, 13.90466383879213197 ) ) ;
#5120 = ORIENTED_EDGE ( 'NONE', *, *, #258, .F. ) ;
#5121 = ADVANCED_FACE ( 'NONE', ( #2631 ), #2861, .T. ) ;
#5122 = ORIENTED_EDGE ( 'NONE', *, *, #4626, .T. ) ;
#5123 = EDGE_LOOP ( 'NONE', ( #293, #4723 ) ) ;
#5124 = EDGE_CURVE ( 'NONE', #6430, #5860, #4535, .T. ) ;
#5125 = DIRECTION ( 'NONE',  ( -0.8660254037844389297, 0.4999999999999995559, 0.000000000000000000 ) ) ;
#5126 = DIRECTION ( 'NONE',  ( 1.000000000000000000, 0.000000000000000000, 0.000000000000000000 ) ) ;
#5127 = CARTESIAN_POINT ( 'NONE',  ( 25.72820323027551126, -14.60000000000000497, -16.59999999999999787 ) ) ;
#5128 = FACE_OUTER_BOUND ( 'NONE', #7449, .T. ) ;
#5129 = ORIENTED_EDGE ( 'NONE', *, *, #5358, .T. ) ;
#5130 = ADVANCED_FACE ( 'NONE', ( #5128 ), #7077, .F. ) ;
#5131 = VERTEX_POINT ( 'NONE', #6443 ) ;
#5132 = CARTESIAN_POINT ( 'NONE',  ( 0.000000000000000000, -12.59999999999999609, 5.721150157109079259 ) ) ;
#5133 = CARTESIAN_POINT ( 'NONE',  ( 5.899999999999998579, 22.09999999999999787, -12.24999999999999645 ) ) ;
#5134 = AXIS2_PLACEMENT_3D ( 'NONE', #1246, #6568, #3034 ) ;
#5135 = DIRECTION ( 'NONE',  ( 0.000000000000000000, 0.000000000000000000, 1.000000000000000000 ) ) ;
#5136 = CARTESIAN_POINT ( 'NONE',  ( 4.900000000000001243, 19.59999999999999787, 0.5000000000000032196 ) ) ;
#5137 = CARTESIAN_POINT ( 'NONE',  ( 7.000000000000006217, -22.89999999999999503, -22.60000000000000497 ) ) ;
#5138 = DIRECTION ( 'NONE',  ( 0.000000000000000000, 0.000000000000000000, 1.000000000000000000 ) ) ;
#5139 = EDGE_CURVE ( 'NONE', #4570, #3369, #3249, .T. ) ;
#5140 = ORIENTED_EDGE ( 'NONE', *, *, #7018, .F. ) ;
#5141 = LINE ( 'NONE', #4034, #2645 ) ;
#5142 = VECTOR ( 'NONE', #7566, 1000.000000000000000 ) ;
#5143 = CYLINDRICAL_SURFACE ( 'NONE', #6813, 4.000000000000003553 ) ;
#5144 = FACE_OUTER_BOUND ( 'NONE', #177, .T. ) ;
#5145 = CARTESIAN_POINT ( 'NONE',  ( 11.22399054538717778, 23.46284433783130297, -16.98330483893797194 ) ) ;
#5146 = CARTESIAN_POINT ( 'NONE',  ( 14.40000000000000391, 24.10000000000000142, -10.10000000000000142 ) ) ;
#5147 = AXIS2_PLACEMENT_3D ( 'NONE', #6512, #2231, #4689 ) ;
#5148 = AXIS2_PLACEMENT_3D ( 'NONE', #2992, #7796, #6044 ) ;
#5149 = ORIENTED_EDGE ( 'NONE', *, *, #3232, .F. ) ;
#5150 = DIRECTION ( 'NONE',  ( -0.000000000000000000, -0.000000000000000000, -1.000000000000000000 ) ) ;
#5151 = ORIENTED_EDGE ( 'NONE', *, *, #764, .F. ) ;
#5152 = ORIENTED_EDGE ( 'NONE', *, *, #5619, .T. ) ;
#5153 = AXIS2_PLACEMENT_3D ( 'NONE', #6866, #3326, #7540 ) ;
#5154 = VERTEX_POINT ( 'NONE', #2749 ) ;
#5155 = AXIS2_PLACEMENT_3D ( 'NONE', #6107, #674, #1911 ) ;
#5156 = DIRECTION ( 'NONE',  ( -0.000000000000000000, 1.000000000000000000, 1.535153518563546084E-16 ) ) ;
#5157 = DIRECTION ( 'NONE',  ( 0.000000000000000000, 0.000000000000000000, 1.000000000000000000 ) ) ;
#5158 = DIRECTION ( 'NONE',  ( 0.000000000000000000, -1.000000000000000000, 2.011273595335428572E-16 ) ) ;
#5159 = DIRECTION ( 'NONE',  ( 0.000000000000000000, -1.515042337097648383E-16, 1.000000000000000000 ) ) ;
#5160 = AXIS2_PLACEMENT_3D ( 'NONE', #5428, #3678, #2966 ) ;
#5161 = ORIENTED_EDGE ( 'NONE', *, *, #5789, .T. ) ;
#5162 = VERTEX_POINT ( 'NONE', #377 ) ;
#5163 = ORIENTED_EDGE ( 'NONE', *, *, #1051, .T. ) ;
#5164 = VECTOR ( 'NONE', #5763, 1000.000000000000000 ) ;
#5165 = CARTESIAN_POINT ( 'NONE',  ( 4.684161637422525004, -24.64999999999999503, -11.89999999999999680 ) ) ;
#5166 = CARTESIAN_POINT ( 'NONE',  ( 6.372045788298011715, -22.90000000000000213, -7.199999999999998401 ) ) ;
#5167 = CIRCLE ( 'NONE', #6311, 0.4999999999999994449 ) ;
#5168 = CARTESIAN_POINT ( 'NONE',  ( 4.900000000000001243, 20.09999999999999787, -0.5999999999999966471 ) ) ;
#5169 = EDGE_CURVE ( 'NONE', #519, #6256, #2361, .T. ) ;
#5170 = CARTESIAN_POINT ( 'NONE',  ( 5.917224328879007622, -28.89999999999999858, 22.59999999999999787 ) ) ;
#5171 = AXIS2_PLACEMENT_3D ( 'NONE', #2446, #3203, #178 ) ;
#5172 = ORIENTED_EDGE ( 'NONE', *, *, #2609, .T. ) ;
#5173 = AXIS2_PLACEMENT_3D ( 'NONE', #4486, #373, #6995 ) ;
#5174 = ORIENTED_EDGE ( 'NONE', *, *, #3386, .T. ) ;
#5175 = DIRECTION ( 'NONE',  ( -1.000000000000000000, 0.000000000000000000, 0.000000000000000000 ) ) ;
#5176 = CARTESIAN_POINT ( 'NONE',  ( 19.90000000000000213, 22.09999999999999787, -12.24999999999999645 ) ) ;
#5177 = DIRECTION ( 'NONE',  ( 0.000000000000000000, 0.000000000000000000, 1.000000000000000000 ) ) ;
#5178 = AXIS2_PLACEMENT_3D ( 'NONE', #4581, #2122, #383 ) ;
#5179 = FACE_OUTER_BOUND ( 'NONE', #3421, .T. ) ;
#5180 = CARTESIAN_POINT ( 'NONE',  ( 15.26912605238332254, 23.61301366391794332, -9.361747895233456518 ) ) ;
#5181 = CARTESIAN_POINT ( 'NONE',  ( 4.539696961967000455, 20.70050506338833785, -22.60000000000000142 ) ) ;
#5182 = EDGE_CURVE ( 'NONE', #1766, #2856, #6416, .T. ) ;
#5183 = AXIS2_PLACEMENT_3D ( 'NONE', #2388, #1298, #3712 ) ;
#5184 = DIRECTION ( 'NONE',  ( 1.000000000000000000, 0.000000000000000000, 0.000000000000000000 ) ) ;
#5185 = EDGE_CURVE ( 'NONE', #5465, #2854, #4652, .T. ) ;
#5186 = VECTOR ( 'NONE', #6622, 1000.000000000000000 ) ;
#5187 = ORIENTED_EDGE ( 'NONE', *, *, #1267, .F. ) ;
#5188 = CYLINDRICAL_SURFACE ( 'NONE', #7465, 0.5000000000000004441 ) ;
#5189 = CARTESIAN_POINT ( 'NONE',  ( 25.80000000000000071, -25.61658075373095755, 19.59999999999999787 ) ) ;
#5190 = CARTESIAN_POINT ( 'NONE',  ( 23.00000000000000000, -17.59999999999999787, 5.721150157109076595 ) ) ;
#5191 = CARTESIAN_POINT ( 'NONE',  ( 23.00000000000000000, 14.60000000000000320, -8.152690094265439669 ) ) ;
#5192 = DIRECTION ( 'NONE',  ( -1.000000000000000000, 3.469446951953610639E-15, -0.000000000000000000 ) ) ;
#5193 = EDGE_CURVE ( 'NONE', #2682, #1269, #2159, .T. ) ;
#5194 = ORIENTED_EDGE ( 'NONE', *, *, #5427, .T. ) ;
#5195 = CARTESIAN_POINT ( 'NONE',  ( 0.000000000000000000, -22.89999999999999503, -15.60000000000000675 ) ) ;
#5196 = ORIENTED_EDGE ( 'NONE', *, *, #5967, .T. ) ;
#5197 = ORIENTED_EDGE ( 'NONE', *, *, #4601, .T. ) ;
#5198 = DIRECTION ( 'NONE',  ( 1.000000000000000000, 0.000000000000000000, 0.000000000000000000 ) ) ;
#5199 = DIRECTION ( 'NONE',  ( 1.000000000000000000, -0.000000000000000000, 0.000000000000000000 ) ) ;
#5200 = FACE_OUTER_BOUND ( 'NONE', #274, .T. ) ;
#5201 = ORIENTED_EDGE ( 'NONE', *, *, #5635, .T. ) ;
#5202 = EDGE_LOOP ( 'NONE', ( #2430, #7626, #4447, #702 ) ) ;
#5203 = EDGE_LOOP ( 'NONE', ( #3737, #1083, #137 ) ) ;
#5204 = VERTEX_POINT ( 'NONE', #3426 ) ;
#5205 = DIRECTION ( 'NONE',  ( 0.000000000000000000, -1.000000000000000000, 0.000000000000000000 ) ) ;
#5206 = CARTESIAN_POINT ( 'NONE',  ( 2.799999999999999822, 17.60000000000000142, 3.678449780384555972E-15 ) ) ;
#5207 = LINE ( 'NONE', #4018, #4010 ) ;
#5208 = DIRECTION ( 'NONE',  ( 1.000000000000000000, -6.938893903907222067E-15, 0.000000000000000000 ) ) ;
#5209 = EDGE_LOOP ( 'NONE', ( #5050, #5201, #5952, #2086 ) ) ;
#5210 = EDGE_CURVE ( 'NONE', #2647, #284, #4692, .T. ) ;
#5211 = ORIENTED_EDGE ( 'NONE', *, *, #311, .F. ) ;
#5212 = LINE ( 'NONE', #4579, #7679 ) ;
#5213 = DIRECTION ( 'NONE',  ( -0.000000000000000000, 1.000000000000000000, 1.535153518563546330E-16 ) ) ;
#5214 = CARTESIAN_POINT ( 'NONE',  ( 1.900000000000009237, -34.39999999999999858, -11.89999999999999680 ) ) ;
#5215 = DIRECTION ( 'NONE',  ( 0.000000000000000000, 1.000000000000000000, -2.011273595335428572E-16 ) ) ;
#5216 = CARTESIAN_POINT ( 'NONE',  ( 5.899999999999998579, 22.09999999999999787, -10.49999999999999645 ) ) ;
#5217 = DIRECTION ( 'NONE',  ( 1.000000000000000000, 0.000000000000000000, 0.000000000000000000 ) ) ;
#5218 = FACE_OUTER_BOUND ( 'NONE', #6662, .T. ) ;
#5219 = ORIENTED_EDGE ( 'NONE', *, *, #3914, .F. ) ;
#5220 = EDGE_CURVE ( 'NONE', #2217, #2647, #4260, .T. ) ;
#5221 = LINE ( 'NONE', #3353, #7846 ) ;
#5222 = CARTESIAN_POINT ( 'NONE',  ( 13.13383526155709369, 23.59839267260705142, -15.75000000000000355 ) ) ;
#5223 = DIRECTION ( 'NONE',  ( 0.000000000000000000, 0.000000000000000000, 1.000000000000000000 ) ) ;
#5224 = DIRECTION ( 'NONE',  ( 0.000000000000000000, 0.000000000000000000, 1.000000000000000000 ) ) ;
#5225 = EDGE_CURVE ( 'NONE', #2866, #4562, #1525, .T. ) ;
#5226 = CARTESIAN_POINT ( 'NONE',  ( 2.799999999999999822, -1.069065149083004984, -16.60000000000000142 ) ) ;
#5227 = VERTEX_POINT ( 'NONE', #2826 ) ;
#5228 = ORIENTED_EDGE ( 'NONE', *, *, #5182, .T. ) ;
#5229 = EDGE_CURVE ( 'NONE', #5227, #4104, #3449, .T. ) ;
#5230 = CARTESIAN_POINT ( 'NONE',  ( 25.80000000000000071, -1.616580753730955111, 19.60000000000000142 ) ) ;
#5231 = CARTESIAN_POINT ( 'NONE',  ( 2.799999999999999822, -12.17075047166839852, -9.392364349097610088 ) ) ;
#5232 = DIRECTION ( 'NONE',  ( 0.000000000000000000, 1.000000000000000000, 0.000000000000000000 ) ) ;
#5233 = CARTESIAN_POINT ( 'NONE',  ( 21.11583836257748814, -22.39999999999999858, -11.89999999999999680 ) ) ;
#5234 = ORIENTED_EDGE ( 'NONE', *, *, #1304, .T. ) ;
#5235 = ORIENTED_EDGE ( 'NONE', *, *, #4638, .F. ) ;
#5236 = EDGE_CURVE ( 'NONE', #3525, #2268, #4511, .T. ) ;
#5237 = VERTEX_POINT ( 'NONE', #1680 ) ;
#5238 = ORIENTED_EDGE ( 'NONE', *, *, #3873, .F. ) ;
#5239 = CARTESIAN_POINT ( 'NONE',  ( 12.90000000000000213, 20.09999999999999787, 9.680000000000001492 ) ) ;
#5240 = DIRECTION ( 'NONE',  ( -0.000000000000000000, 1.000000000000000000, 1.535153518563546084E-16 ) ) ;
#5241 = LINE ( 'NONE', #7552, #3749 ) ;
#5242 = DIRECTION ( 'NONE',  ( 0.000000000000000000, 1.000000000000000000, 0.000000000000000000 ) ) ;
#5243 = VERTEX_POINT ( 'NONE', #7713 ) ;
#5244 = ORIENTED_EDGE ( 'NONE', *, *, #5058, .T. ) ;
#5245 = LINE ( 'NONE', #4134, #3490 ) ;
#5246 = CARTESIAN_POINT ( 'NONE',  ( 23.00000000000000711, 19.59999999999999432, 9.680000000000001492 ) ) ;
#5247 = LINE ( 'NONE', #6403, #4282 ) ;
#5248 = CARTESIAN_POINT ( 'NONE',  ( 5.300000000000000711, -34.39999999999999858, -12.39999999999999858 ) ) ;
#5249 = SPHERICAL_SURFACE ( 'NONE', #226, 0.5000000000000000000 ) ;
#5250 = DIRECTION ( 'NONE',  ( -0.000000000000000000, 0.000000000000000000, -1.000000000000000000 ) ) ;
#5251 = CARTESIAN_POINT ( 'NONE',  ( 23.00000000000000000, -2.953718350987537992E-15, 14.60000000000000142 ) ) ;
#5252 = EDGE_CURVE ( 'NONE', #4572, #7463, #1858, .T. ) ;
#5253 = VERTEX_POINT ( 'NONE', #2276 ) ;
#5254 = ORIENTED_EDGE ( 'NONE', *, *, #2701, .F. ) ;
#5255 = AXIS2_PLACEMENT_3D ( 'NONE', #5100, #6123, #3163 ) ;
#5256 = DIRECTION ( 'NONE',  ( 1.000000000000000000, 0.000000000000000000, 0.000000000000000000 ) ) ;
#5257 = FACE_OUTER_BOUND ( 'NONE', #3830, .T. ) ;
#5258 = LINE ( 'NONE', #3477, #4143 ) ;
#5259 = DIRECTION ( 'NONE',  ( 0.000000000000000000, 1.000000000000000000, 1.515042337097648137E-16 ) ) ;
#5260 = ADVANCED_FACE ( 'NONE', ( #891 ), #3306, .F. ) ;
#5261 = VECTOR ( 'NONE', #1084, 1000.000000000000000 ) ;
#5262 = AXIS2_PLACEMENT_3D ( 'NONE', #1030, #2884, #4625 ) ;
#5263 = VECTOR ( 'NONE', #2717, 1000.000000000000000 ) ;
#5264 = ADVANCED_FACE ( 'NONE', ( #7638 ), #2196, .F. ) ;
#5265 = ORIENTED_EDGE ( 'NONE', *, *, #1145, .F. ) ;
#5266 = VERTEX_POINT ( 'NONE', #6559 ) ;
#5267 = VECTOR ( 'NONE', #798, 1000.000000000000000 ) ;
#5268 = DIRECTION ( 'NONE',  ( 1.000000000000000000, -3.083952846180992055E-15, 0.000000000000000000 ) ) ;
#5269 = CARTESIAN_POINT ( 'NONE',  ( 25.80000000000000071, -22.38341924626905310, 16.09999999999999787 ) ) ;
#5270 = CIRCLE ( 'NONE', #3742, 1.749999999999994671 ) ;
#5271 = ADVANCED_FACE ( 'NONE', ( #4240, #6599, #1164, #604 ), #5324, .F. ) ;
#5272 = CARTESIAN_POINT ( 'NONE',  ( 25.72820323027551126, 14.81209972366123928, -16.59999999999999076 ) ) ;
#5273 = ORIENTED_EDGE ( 'NONE', *, *, #6838, .F. ) ;
#5274 = EDGE_CURVE ( 'NONE', #2682, #910, #6631, .T. ) ;
#5275 = AXIS2_PLACEMENT_3D ( 'NONE', #1192, #4920, #39 ) ;
#5276 = VERTEX_POINT ( 'NONE', #3024 ) ;
#5277 = AXIS2_PLACEMENT_3D ( 'NONE', #4576, #5719, #1046 ) ;
#5278 = ORIENTED_EDGE ( 'NONE', *, *, #6765, .F. ) ;
#5279 = VERTEX_POINT ( 'NONE', #1194 ) ;
#5280 = FACE_OUTER_BOUND ( 'NONE', #2897, .T. ) ;
#5281 = AXIS2_PLACEMENT_3D ( 'NONE', #1225, #7338, #4801 ) ;
#5282 = DIRECTION ( 'NONE',  ( -1.000000000000000000, -0.000000000000000000, -0.000000000000000000 ) ) ;
#5283 = ADVANCED_FACE ( 'NONE', ( #1830 ), #5394, .T. ) ;
#5284 = DIRECTION ( 'NONE',  ( -0.000000000000000000, -0.000000000000000000, -1.000000000000000000 ) ) ;
#5285 = ORIENTED_EDGE ( 'NONE', *, *, #4872, .T. ) ;
#5286 = ORIENTED_EDGE ( 'NONE', *, *, #4315, .T. ) ;
#5287 = AXIS2_PLACEMENT_3D ( 'NONE', #2181, #6897, #2655 ) ;
#5288 = DIRECTION ( 'NONE',  ( 1.000000000000000000, 0.000000000000000000, 0.000000000000000000 ) ) ;
#5289 = LINE ( 'NONE', #4135, #6950 ) ;
#5290 = PLANE ( 'NONE',  #106 ) ;
#5291 = PLANE ( 'NONE',  #7346 ) ;
#5292 = CARTESIAN_POINT ( 'NONE',  ( 14.78545326974057872, 23.70016658394316522, -9.407273365129709575 ) ) ;
#5293 = DIRECTION ( 'NONE',  ( -1.000000000000000000, 0.000000000000000000, 0.000000000000000000 ) ) ;
#5294 = DIRECTION ( 'NONE',  ( -0.000000000000000000, 0.000000000000000000, 1.000000000000000000 ) ) ;
#5295 = AXIS2_PLACEMENT_3D ( 'NONE', #5482, #3857, #56 ) ;
#5296 = ORIENTED_EDGE ( 'NONE', *, *, #779, .T. ) ;
#5297 = ORIENTED_EDGE ( 'NONE', *, *, #5948, .F. ) ;
#5298 = ORIENTED_EDGE ( 'NONE', *, *, #7648, .F. ) ;
#5299 = CIRCLE ( 'NONE', #5934, 0.5000000000000004441 ) ;
#5300 = LINE ( 'NONE', #7731, #1498 ) ;
#5301 = FACE_OUTER_BOUND ( 'NONE', #4483, .T. ) ;
#5302 = FACE_BOUND ( 'NONE', #2658, .T. ) ;
#5303 = LINE ( 'NONE', #5226, #2709 ) ;
#5304 = CARTESIAN_POINT ( 'NONE',  ( 25.80000000000000071, 0.000000000000000000, 17.10000000000000497 ) ) ;
#5305 = AXIS2_PLACEMENT_3D ( 'NONE', #6141, #122, #4182 ) ;
#5306 = AXIS2_PLACEMENT_3D ( 'NONE', #7849, #543, #5453 ) ;
#5307 = ORIENTED_EDGE ( 'NONE', *, *, #2259, .F. ) ;
#5308 = EDGE_CURVE ( 'NONE', #1591, #6625, #5777, .T. ) ;
#5309 = VERTEX_POINT ( 'NONE', #4127 ) ;
#5310 = LINE ( 'NONE', #5490, #4266 ) ;
#5311 = DIRECTION ( 'NONE',  ( -0.000000000000000000, 0.000000000000000000, 1.000000000000000000 ) ) ;
#5312 = VECTOR ( 'NONE', #5524, 1000.000000000000114 ) ;
#5313 = EDGE_CURVE ( 'NONE', #1303, #1766, #4812, .T. ) ;
#5314 = CARTESIAN_POINT ( 'NONE',  ( 25.77955805572924319, 16.19620371372075951, -16.14882173057005232 ) ) ;
#5315 = ORIENTED_EDGE ( 'NONE', *, *, #5471, .F. ) ;
#5316 = ORIENTED_EDGE ( 'NONE', *, *, #7858, .T. ) ;
#5317 = ORIENTED_EDGE ( 'NONE', *, *, #1642, .F. ) ;
#5318 = EDGE_CURVE ( 'NONE', #6362, #885, #6794, .T. ) ;
#5319 = VERTEX_POINT ( 'NONE', #7828 ) ;
#5320 = DIRECTION ( 'NONE',  ( 0.000000000000000000, -1.000000000000000000, 0.000000000000000000 ) ) ;
#5321 = CARTESIAN_POINT ( 'NONE',  ( -5.599999999999998757, 1.616580753730949782, 17.10000000000000497 ) ) ;
#5322 = ADVANCED_FACE ( 'NONE', ( #7787 ), #494, .F. ) ;
#5323 = DIRECTION ( 'NONE',  ( 0.000000000000000000, 1.000000000000000000, 1.535153518563546084E-16 ) ) ;
#5324 = PLANE ( 'NONE',  #3373 ) ;
#5325 = ORIENTED_EDGE ( 'NONE', *, *, #5555, .T. ) ;
#5326 = ADVANCED_FACE ( 'NONE', ( #11 ), #1238, .F. ) ;
#5327 = ORIENTED_EDGE ( 'NONE', *, *, #2459, .F. ) ;
#5328 = FACE_OUTER_BOUND ( 'NONE', #5918, .T. ) ;
#5329 = CARTESIAN_POINT ( 'NONE',  ( 10.49818533393534103, 23.60000000000514220, -15.00181466606466429 ) ) ;
#5330 = DIRECTION ( 'NONE',  ( -0.000000000000000000, -1.535153518563546084E-16, 1.000000000000000000 ) ) ;
#5331 = DIRECTION ( 'NONE',  ( 0.000000000000000000, 0.000000000000000000, -1.000000000000000000 ) ) ;
#5332 = DIRECTION ( 'NONE',  ( 1.000000000000000000, -0.000000000000000000, 0.000000000000000000 ) ) ;
#5333 = DIRECTION ( 'NONE',  ( 0.000000000000000000, -1.000000000000000000, 2.011273595335428326E-16 ) ) ;
#5334 = ORIENTED_EDGE ( 'NONE', *, *, #422, .T. ) ;
#5335 = ORIENTED_EDGE ( 'NONE', *, *, #4716, .T. ) ;
#5336 = EDGE_CURVE ( 'NONE', #461, #3527, #2343, .T. ) ;
#5337 = ORIENTED_EDGE ( 'NONE', *, *, #4246, .T. ) ;
#5338 = DIRECTION ( 'NONE',  ( 1.000000000000000000, -0.000000000000000000, -0.000000000000000000 ) ) ;
#5339 = DIRECTION ( 'NONE',  ( 0.000000000000000000, -0.5867752483892765270, 0.8097498427772017449 ) ) ;
#5340 = DIRECTION ( 'NONE',  ( 0.000000000000000000, 1.000000000000000000, 0.000000000000000000 ) ) ;
#5341 = FACE_OUTER_BOUND ( 'NONE', #2586, .T. ) ;
#5342 = VERTEX_POINT ( 'NONE', #4174 ) ;
#5343 = ORIENTED_EDGE ( 'NONE', *, *, #5541, .F. ) ;
#5344 = CARTESIAN_POINT ( 'NONE',  ( 25.80000000000000071, -22.89999999999999858, -7.199999999999998401 ) ) ;
#5345 = DIRECTION ( 'NONE',  ( -1.000000000000000000, -0.000000000000000000, -0.000000000000000000 ) ) ;
#5346 = CARTESIAN_POINT ( 'NONE',  ( 25.80000000000000071, 16.69466833882066581, -15.75808960204022213 ) ) ;
#5347 = EDGE_CURVE ( 'NONE', #4752, #1303, #3497, .T. ) ;
#5348 = ORIENTED_EDGE ( 'NONE', *, *, #493, .T. ) ;
#5349 = VERTEX_POINT ( 'NONE', #7303 ) ;
#5350 = ORIENTED_EDGE ( 'NONE', *, *, #176, .T. ) ;
#5351 = VERTEX_POINT ( 'NONE', #2907 ) ;
#5352 = CARTESIAN_POINT ( 'NONE',  ( 25.74325055057590461, -11.99709170761882682, -16.49062031314799626 ) ) ;
#5353 = DIRECTION ( 'NONE',  ( -0.000000000000000000, 1.000000000000000000, 1.535153518563546084E-16 ) ) ;
#5354 = CARTESIAN_POINT ( 'NONE',  ( 25.80000000000000071, 20.80000000000000426, -15.59999999999999964 ) ) ;
#5355 = CARTESIAN_POINT ( 'NONE',  ( 10.90000000000000391, 26.60000000000000142, -14.09999999999999964 ) ) ;
#5356 = EDGE_CURVE ( 'NONE', #3056, #6883, #983, .T. ) ;
#5357 = ORIENTED_EDGE ( 'NONE', *, *, #6926, .F. ) ;
#5358 = EDGE_CURVE ( 'NONE', #4686, #3038, #5916, .T. ) ;
#5359 = EDGE_LOOP ( 'NONE', ( #1776, #7015, #6076, #7736 ) ) ;
#5360 = CARTESIAN_POINT ( 'NONE',  ( 2.034478019135569138, 21.56552198086500383, -20.65443172584039999 ) ) ;
#5361 = CARTESIAN_POINT ( 'NONE',  ( 15.40000000000000391, 23.60000000000000142, -15.10000000000000142 ) ) ;
#5362 = CARTESIAN_POINT ( 'NONE',  ( 25.80000000000000071, -12.44299683239223420, -9.016664371298716674 ) ) ;
#5363 = FACE_OUTER_BOUND ( 'NONE', #5714, .T. ) ;
#5364 = CARTESIAN_POINT ( 'NONE',  ( 3.947148626386391523, -23.22528000879094279, 16.84853573846024588 ) ) ;
#5365 = LINE ( 'NONE', #504, #1081 ) ;
#5366 = CYLINDRICAL_SURFACE ( 'NONE', #5148, 1.100000000000000311 ) ;
#5367 = EDGE_CURVE ( 'NONE', #5721, #4686, #3381, .T. ) ;
#5368 = VERTEX_POINT ( 'NONE', #528 ) ;
#5369 = APPLICATION_CONTEXT ( 'configuration controlled 3d designs of mechanical parts and assemblies' ) ;
#5370 = ORIENTED_EDGE ( 'NONE', *, *, #2567, .T. ) ;
#5371 = ORIENTED_EDGE ( 'NONE', *, *, #6972, .F. ) ;
#5372 = LINE ( 'NONE', #7802, #7711 ) ;
#5373 = DIRECTION ( 'NONE',  ( 1.000000000000000000, 0.000000000000000000, 0.000000000000000000 ) ) ;
#5374 = CARTESIAN_POINT ( 'NONE',  ( 2.799999999999999822, 12.82658702483003488, -16.59999999999999787 ) ) ;
#5375 = DIRECTION ( 'NONE',  ( -0.000000000000000000, -1.000000000000000000, -0.000000000000000000 ) ) ;
#5376 = LINE ( 'NONE', #3706, #322 ) ;
#5377 = EDGE_CURVE ( 'NONE', #161, #949, #2943, .T. ) ;
#5378 = ORIENTED_EDGE ( 'NONE', *, *, #3888, .T. ) ;
#5379 = LINE ( 'NONE', #4909, #2987 ) ;
#5380 = CARTESIAN_POINT ( 'NONE',  ( 12.90000000000000746, -34.39999999999999858, -8.199999999999999289 ) ) ;
#5381 = FACE_OUTER_BOUND ( 'NONE', #4023, .T. ) ;
#5382 = CIRCLE ( 'NONE', #5626, 2.999999999999999112 ) ;
#5383 = CIRCLE ( 'NONE', #2230, 0.5000000000000004441 ) ;
#5384 = CARTESIAN_POINT ( 'NONE',  ( -1.206810191600564408E-15, -16.69466833882065870, -15.75808960204022569 ) ) ;
#5385 = ORIENTED_EDGE ( 'NONE', *, *, #5603, .T. ) ;
#5386 = EDGE_LOOP ( 'NONE', ( #5975, #4219, #2776, #5507 ) ) ;
#5387 = VECTOR ( 'NONE', #2965, 1000.000000000000000 ) ;
#5388 = ORIENTED_EDGE ( 'NONE', *, *, #2905, .F. ) ;
#5389 = AXIS2_PLACEMENT_3D ( 'NONE', #3864, #2084, #6925 ) ;
#5390 = FACE_OUTER_BOUND ( 'NONE', #2544, .T. ) ;
#5391 = FACE_OUTER_BOUND ( 'NONE', #4484, .T. ) ;
#5392 = CARTESIAN_POINT ( 'NONE',  ( 12.90000000000000036, 22.10000000000000142, -17.49999999999999645 ) ) ;
#5393 = ADVANCED_FACE ( 'NONE', ( #7235 ), #81, .F. ) ;
#5394 = PLANE ( 'NONE',  #2105 ) ;
#5395 = AXIS2_PLACEMENT_3D ( 'NONE', #1432, #6268, #3895 ) ;
#5396 = AXIS2_PLACEMENT_3D ( 'NONE', #3610, #5440, #2310 ) ;
#5397 = AXIS2_PLACEMENT_3D ( 'NONE', #5392, #5323, #6630 ) ;
#5398 = ORIENTED_EDGE ( 'NONE', *, *, #2421, .T. ) ;
#5399 = ORIENTED_EDGE ( 'NONE', *, *, #5884, .F. ) ;
#5400 = TOROIDAL_SURFACE ( 'NONE', #213, 2.249999999999998668, 0.5000000000000000000 ) ;
#5401 = DIRECTION ( 'NONE',  ( 1.000000000000000000, 0.000000000000000000, 0.000000000000000000 ) ) ;
#5402 = DIRECTION ( 'NONE',  ( -0.6443794794178386853, -0.7647058823529444549, 0.000000000000000000 ) ) ;
#5403 = EDGE_CURVE ( 'NONE', #6202, #6908, #717, .T. ) ;
#5404 = CARTESIAN_POINT ( 'NONE',  ( 2.799999999999999822, -4.999999999999996447, 14.59999999999999964 ) ) ;
#5405 = VECTOR ( 'NONE', #3368, 1000.000000000000000 ) ;
#5406 = DIRECTION ( 'NONE',  ( 1.000000000000000000, -0.000000000000000000, -0.000000000000000000 ) ) ;
#5407 = LINE ( 'NONE', #3586, #4496 ) ;
#5408 = CARTESIAN_POINT ( 'NONE',  ( 14.90000000000000391, 27.60000000000000142, -14.59999999999999964 ) ) ;
#5409 = VECTOR ( 'NONE', #4115, 1000.000000000000000 ) ;
#5410 = VERTEX_POINT ( 'NONE', #6713 ) ;
#5411 = VECTOR ( 'NONE', #3954, 1000.000000000000000 ) ;
#5412 = ORIENTED_EDGE ( 'NONE', *, *, #6744, .T. ) ;
#5413 = VERTEX_POINT ( 'NONE', #4358 ) ;
#5414 = LINE ( 'NONE', #1736, #7074 ) ;
#5415 = EDGE_CURVE ( 'NONE', #495, #3056, #2748, .T. ) ;
#5416 = VECTOR ( 'NONE', #4498, 1000.000000000000000 ) ;
#5417 = CARTESIAN_POINT ( 'NONE',  ( 25.80000000000000071, 12.82658702483003488, -13.59999999999999964 ) ) ;
#5418 = CARTESIAN_POINT ( 'NONE',  ( 10.90000000000000213, 24.10000000000000497, -10.09999999999999964 ) ) ;
#5419 = FACE_BOUND ( 'NONE', #4188, .T. ) ;
#5420 = CIRCLE ( 'NONE', #730, 3.000000000000000888 ) ;
#5421 = EDGE_CURVE ( 'NONE', #4318, #2633, #2250, .T. ) ;
#5422 = LINE ( 'NONE', #4227, #7165 ) ;
#5423 = TOROIDAL_SURFACE ( 'NONE', #6309, 2.249999999999995115, 0.5000000000000000000 ) ;
#5424 = ORIENTED_EDGE ( 'NONE', *, *, #5090, .T. ) ;
#5425 = VECTOR ( 'NONE', #3423, 1000.000000000000000 ) ;
#5426 = CYLINDRICAL_SURFACE ( 'NONE', #2471, 6.000000000000000000 ) ;
#5427 = EDGE_CURVE ( 'NONE', #2980, #2268, #3844, .T. ) ;
#5428 = CARTESIAN_POINT ( 'NONE',  ( 6.999999999999999112, -22.89999999999999503, -15.60000000000000675 ) ) ;
#5429 = CARTESIAN_POINT ( 'NONE',  ( 0.000000000000000000, 15.95493555293155730, 1.829811063045556407 ) ) ;
#5430 = VECTOR ( 'NONE', #2283, 1000.000000000000000 ) ;
#5431 = VECTOR ( 'NONE', #1028, 1000.000000000000000 ) ;
#5432 = CARTESIAN_POINT ( 'NONE',  ( 2.799999999999999822, 3.338714168256810878E-15, -16.60000000000000142 ) ) ;
#5433 = ORIENTED_EDGE ( 'NONE', *, *, #1485, .T. ) ;
#5434 = ORIENTED_EDGE ( 'NONE', *, *, #2190, .T. ) ;
#5435 = ORIENTED_EDGE ( 'NONE', *, *, #3289, .T. ) ;
#5436 = EDGE_CURVE ( 'NONE', #2406, #3480, #2665, .T. ) ;
#5437 = AXIS2_PLACEMENT_3D ( 'NONE', #4263, #3073, #58 ) ;
#5438 = PLANE ( 'NONE',  #6036 ) ;
#5439 = CARTESIAN_POINT ( 'NONE',  ( 0.07179676972448995054, 14.81209267445754207, -16.60000000000000497 ) ) ;
#5440 = DIRECTION ( 'NONE',  ( 1.000000000000000000, 0.000000000000000000, 0.000000000000000000 ) ) ;
#5441 = ORIENTED_EDGE ( 'NONE', *, *, #7153, .T. ) ;
#5442 = ORIENTED_EDGE ( 'NONE', *, *, #409, .F. ) ;
#5443 = CARTESIAN_POINT ( 'NONE',  ( -2.799999999999999822, -3.766896785601943786E-15, 17.10000000000000497 ) ) ;
#5444 = DIRECTION ( 'NONE',  ( 1.000000000000000000, 0.000000000000000000, 0.000000000000000000 ) ) ;
#5445 = LINE ( 'NONE', #4701, #7730 ) ;
#5446 = DIRECTION ( 'NONE',  ( 0.000000000000000000, 1.000000000000000000, 1.535153518563546084E-16 ) ) ;
#5447 = DIRECTION ( 'NONE',  ( -1.000000000000000000, 0.000000000000000000, 0.000000000000000000 ) ) ;
#5449 = ORIENTED_EDGE ( 'NONE', *, *, #3531, .F. ) ;
#5448 = ADVANCED_FACE ( 'NONE', ( #3773 ), #6190, .F. ) ;
#5450 = ORIENTED_EDGE ( 'NONE', *, *, #211, .T. ) ;
#5451 = ORIENTED_EDGE ( 'NONE', *, *, #4489, .T. ) ;
#5452 = CARTESIAN_POINT ( 'NONE',  ( 28.59999999999999787, -27.23316150746190800, 17.10000000000000142 ) ) ;
#5453 = DIRECTION ( 'NONE',  ( 0.000000000000000000, 1.000000000000000000, 0.000000000000000000 ) ) ;
#5454 = CARTESIAN_POINT ( 'NONE',  ( 10.66174789523361710, 23.61301366391800727, -9.230873947616837327 ) ) ;
#5455 = CYLINDRICAL_SURFACE ( 'NONE', #2346, 1.749999999999999778 ) ;
#5456 = ADVANCED_FACE ( 'NONE', ( #5586 ), #6832, .F. ) ;
#5457 = ORIENTED_EDGE ( 'NONE', *, *, #5743, .T. ) ;
#5458 = ADVANCED_FACE ( 'NONE', ( #6263 ), #5045, .F. ) ;
#5459 = CARTESIAN_POINT ( 'NONE',  ( 2.799999999999999822, -14.60000000000000320, -11.15269009426543967 ) ) ;
#5460 = AXIS2_PLACEMENT_3D ( 'NONE', #4470, #6176, #4951 ) ;
#5461 = CARTESIAN_POINT ( 'NONE',  ( 28.60000000000000142, -20.76683849253809910, 19.59999999999999787 ) ) ;
#5462 = CARTESIAN_POINT ( 'NONE',  ( 0.04819387696331220439, 11.79402449751036386, -16.42449347590331854 ) ) ;
#5463 = DIRECTION ( 'NONE',  ( 1.000000000000000000, 0.000000000000000000, 0.000000000000000000 ) ) ;
#5464 = ADVANCED_FACE ( 'NONE', ( #2576 ), #7351, .F. ) ;
#5465 = VERTEX_POINT ( 'NONE', #2034 ) ;
#5466 = ORIENTED_EDGE ( 'NONE', *, *, #1065, .F. ) ;
#5467 = ORIENTED_EDGE ( 'NONE', *, *, #3045, .F. ) ;
#5468 = DIRECTION ( 'NONE',  ( -0.000000000000000000, 1.000000000000000000, 1.535153518563546084E-16 ) ) ;
#5469 = FACE_OUTER_BOUND ( 'NONE', #825, .T. ) ;
#5470 = CARTESIAN_POINT ( 'NONE',  ( 14.90000000000000391, 26.59999999999999787, -10.10000000000000142 ) ) ;
#5471 = EDGE_CURVE ( 'NONE', #5579, #2682, #1477, .T. ) ;
#5472 = VERTEX_POINT ( 'NONE', #5084 ) ;
#5473 = VERTEX_POINT ( 'NONE', #1912 ) ;
#5474 = LINE ( 'NONE', #5589, #590 ) ;
#5475 = CARTESIAN_POINT ( 'NONE',  ( 0.000000000000000000, -17.60000000000000497, -13.59999999999999787 ) ) ;
#5476 = SECURITY_CLASSIFICATION_LEVEL ( 'unclassified' ) ;
#5477 = CARTESIAN_POINT ( 'NONE',  ( 0.07179676972448884031, -12.82658702483003488, -16.59999999999999787 ) ) ;
#5478 = DIRECTION ( 'NONE',  ( 0.000000000000000000, 0.000000000000000000, 1.000000000000000000 ) ) ;
#5479 = ORIENTED_EDGE ( 'NONE', *, *, #530, .T. ) ;
#5480 = VERTEX_POINT ( 'NONE', #795 ) ;
#5481 = ORIENTED_EDGE ( 'NONE', *, *, #4175, .T. ) ;
#5482 = CARTESIAN_POINT ( 'NONE',  ( 14.40000000000000568, 26.39289321881345174, -10.10000000000000142 ) ) ;
#5483 = CARTESIAN_POINT ( 'NONE',  ( 28.60000000000000142, -24.00000000000000355, 17.09999999999999787 ) ) ;
#5484 = CARTESIAN_POINT ( 'NONE',  ( 10.76474121068504886, 23.72374341182840496, -9.464741210684413986 ) ) ;
#5485 = DIRECTION ( 'NONE',  ( 0.000000000000000000, 0.000000000000000000, 1.000000000000000000 ) ) ;
#5486 = CARTESIAN_POINT ( 'NONE',  ( 0.000000000000000000, 23.59999999999999787, 3.622962303809968206E-15 ) ) ;
#5487 = ORIENTED_EDGE ( 'NONE', *, *, #6433, .T. ) ;
#5488 = DIRECTION ( 'NONE',  ( -0.7071067811865475727, 0.7071067811865474617, 1.085517463138671797E-16 ) ) ;
#5489 = DIRECTION ( 'NONE',  ( -0.000000000000000000, 0.000000000000000000, 1.000000000000000000 ) ) ;
#5490 = CARTESIAN_POINT ( 'NONE',  ( 25.80000000000000071, -22.38341924626905310, 19.59999999999999787 ) ) ;
#5491 = DIRECTION ( 'NONE',  ( 1.000000000000000000, -0.000000000000000000, 0.000000000000000000 ) ) ;
#5492 = EDGE_CURVE ( 'NONE', #516, #7262, #3635, .T. ) ;
#5493 = CARTESIAN_POINT ( 'NONE',  ( 0.000000000000000000, -9.474175425861613320, 17.10000000000000497 ) ) ;
#5494 = CIRCLE ( 'NONE', #7029, 6.000000000000000000 ) ;
#5495 = ADVANCED_FACE ( 'NONE', ( #4446 ), #1309, .T. ) ;
#5496 = AXIS2_PLACEMENT_3D ( 'NONE', #3520, #6376, #4076 ) ;
#5497 = ORIENTED_EDGE ( 'NONE', *, *, #4677, .F. ) ;
#5498 = VERTEX_POINT ( 'NONE', #3216 ) ;
#5499 = EDGE_LOOP ( 'NONE', ( #2718, #1605, #7352, #1005 ) ) ;
#5500 = DIRECTION ( 'NONE',  ( 0.000000000000000000, 2.011273595335428572E-16, -1.000000000000000000 ) ) ;
#5501 = EDGE_CURVE ( 'NONE', #6980, #2534, #7474, .T. ) ;
#5502 = FACE_OUTER_BOUND ( 'NONE', #5038, .T. ) ;
#5503 = DIRECTION ( 'NONE',  ( -1.000000000000000000, 0.000000000000000000, 0.000000000000000000 ) ) ;
#5504 = ADVANCED_FACE ( 'NONE', ( #5200 ), #2102, .F. ) ;
#5505 = DIRECTION ( 'NONE',  ( 1.000000000000000000, 0.000000000000000000, 0.000000000000000000 ) ) ;
#5506 = VECTOR ( 'NONE', #3050, 1000.000000000000000 ) ;
#5507 = ORIENTED_EDGE ( 'NONE', *, *, #1991, .T. ) ;
#5508 = CIRCLE ( 'NONE', #5389, 1.000000000000000888 ) ;
#5509 = VERTEX_POINT ( 'NONE', #2783 ) ;
#5510 = LINE ( 'NONE', #4929, #1981 ) ;
#5511 = DIRECTION ( 'NONE',  ( 0.000000000000000000, -1.000000000000000000, 0.000000000000000000 ) ) ;
#5512 = EDGE_CURVE ( 'NONE', #3210, #5253, #850, .T. ) ;
#5513 = AXIS2_PLACEMENT_3D ( 'NONE', #6555, #5320, #1643 ) ;
#5514 = LINE ( 'NONE', #1919, #845 ) ;
#5515 = AXIS2_PLACEMENT_3D ( 'NONE', #291, #1561, #6322 ) ;
#5516 = DIRECTION ( 'NONE',  ( 1.000000000000000000, 0.000000000000000000, 0.000000000000000000 ) ) ;
#5517 = EDGE_LOOP ( 'NONE', ( #557, #3143, #2094, #2569, #6573, #3878, #2570, #3804, #653, #5163, #5675, #6115, #1389, #4683 ) ) ;
#5518 = CIRCLE ( 'NONE', #3624, 1.099999999999999867 ) ;
#5519 = ORIENTED_EDGE ( 'NONE', *, *, #7281, .F. ) ;
#5520 = ORIENTED_EDGE ( 'NONE', *, *, #5229, .F. ) ;
#5521 = CIRCLE ( 'NONE', #2488, 1.100000000000000089 ) ;
#5522 = DIRECTION ( 'NONE',  ( 0.000000000000000000, 0.000000000000000000, -1.000000000000000000 ) ) ;
#5523 = DIRECTION ( 'NONE',  ( 0.000000000000000000, 1.000000000000000000, 0.000000000000000000 ) ) ;
#5524 = DIRECTION ( 'NONE',  ( 0.000000000000000000, 0.9998374676887846757, -0.01802881598104356942 ) ) ;
#5525 = CARTESIAN_POINT ( 'NONE',  ( 11.40000000000000213, 24.10000000000000142, -9.599999999999999645 ) ) ;
#5526 = CARTESIAN_POINT ( 'NONE',  ( 0.000000000000000000, -23.40000000000000213, -7.699999999999998401 ) ) ;
#5527 = VECTOR ( 'NONE', #3443, 1000.000000000000114 ) ;
#5528 = LINE ( 'NONE', #6058, #5765 ) ;
#5529 = ORIENTED_EDGE ( 'NONE', *, *, #28, .F. ) ;
#5530 = CARTESIAN_POINT ( 'NONE',  ( 0.000000000000000000, 14.60000000000000497, -16.59999999999999787 ) ) ;
#5531 = CARTESIAN_POINT ( 'NONE',  ( 2.799999999999999822, -12.82658702483003488, -13.59999999999999964 ) ) ;
#5532 = AXIS2_PLACEMENT_3D ( 'NONE', #169, #3194, #1889 ) ;
#5533 = CARTESIAN_POINT ( 'NONE',  ( 25.80000000000000071, 20.80000000000000426, -15.59999999999998721 ) ) ;
#5534 = CARTESIAN_POINT ( 'NONE',  ( 4.684161637422525892, -22.89999999999999503, -12.39999999999999858 ) ) ;
#5535 = DIRECTION ( 'NONE',  ( 0.000000000000000000, 1.000000000000000000, 0.000000000000000000 ) ) ;
#5536 = DIRECTION ( 'NONE',  ( 0.000000000000000000, 0.000000000000000000, 1.000000000000000000 ) ) ;
#5537 = AXIS2_PLACEMENT_3D ( 'NONE', #4310, #662, #1328 ) ;
#5538 = EDGE_LOOP ( 'NONE', ( #5442, #4381, #7211, #4605 ) ) ;
#5539 = VECTOR ( 'NONE', #3390, 1000.000000000000000 ) ;
#5540 = EDGE_LOOP ( 'NONE', ( #6509, #1158, #1508, #6060 ) ) ;
#5541 = EDGE_CURVE ( 'NONE', #4721, #7485, #4637, .T. ) ;
#5542 = ORIENTED_EDGE ( 'NONE', *, *, #144, .F. ) ;
#5543 = CIRCLE ( 'NONE', #2139, 3.000000000000000888 ) ;
#5544 = DIRECTION ( 'NONE',  ( -0.000000000000000000, -0.000000000000000000, -1.000000000000000000 ) ) ;
#5545 = LINE ( 'NONE', #6637, #3530 ) ;
#5546 = DIRECTION ( 'NONE',  ( 1.000000000000000000, 0.000000000000000000, 0.000000000000000000 ) ) ;
#5547 = FACE_OUTER_BOUND ( 'NONE', #6398, .T. ) ;
#5548 = DIRECTION ( 'NONE',  ( 0.000000000000000000, 0.8097498427772017449, -0.5867752483892765270 ) ) ;
#5549 = VECTOR ( 'NONE', #4867, 1000.000000000000000 ) ;
#5550 = VERTEX_POINT ( 'NONE', #7591 ) ;
#5551 = EDGE_CURVE ( 'NONE', #703, #2811, #4480, .T. ) ;
#5552 = CIRCLE ( 'NONE', #1898, 1.100000000000000311 ) ;
#5553 = ORIENTED_EDGE ( 'NONE', *, *, #2993, .T. ) ;
#5554 = EDGE_CURVE ( 'NONE', #433, #5480, #7821, .T. ) ;
#5555 = EDGE_CURVE ( 'NONE', #3369, #4570, #4897, .T. ) ;
#5556 = CYLINDRICAL_SURFACE ( 'NONE', #2995, 1.600000000000000089 ) ;
#5557 = CARTESIAN_POINT ( 'NONE',  ( 25.74325055057591527, -1.898560466294353155, -16.49062031314796428 ) ) ;
#5558 = PERSON_AND_ORGANIZATION_ROLE ( 'creator' ) ;
#5559 = LINE ( 'NONE', #2581, #5780 ) ;
#5560 = CARTESIAN_POINT ( 'NONE',  ( 15.09272663487029220, 23.70016658394316877, -14.48545326974057623 ) ) ;
#5561 = ORIENTED_EDGE ( 'NONE', *, *, #2947, .T. ) ;
#5562 = EDGE_CURVE ( 'NONE', #720, #2922, #3417, .T. ) ;
#5563 = ORIENTED_EDGE ( 'NONE', *, *, #1978, .T. ) ;
#5564 = DIRECTION ( 'NONE',  ( -1.000000000000000000, 0.000000000000000000, 0.000000000000000000 ) ) ;
#5565 = CARTESIAN_POINT ( 'NONE',  ( 15.40000000000000391, 23.59999999999999787, -9.099999999999999645 ) ) ;
#5566 = LINE ( 'NONE', #3161, #3035 ) ;
#5567 = FACE_OUTER_BOUND ( 'NONE', #2184, .T. ) ;
#5568 = LINE ( 'NONE', #6243, #2589 ) ;
#5569 = DIRECTION ( 'NONE',  ( 0.000000000000000000, 1.535153518563546084E-16, -1.000000000000000000 ) ) ;
#5570 = EDGE_CURVE ( 'NONE', #6423, #1674, #6353, .T. ) ;
#5571 = ORIENTED_EDGE ( 'NONE', *, *, #5554, .T. ) ;
#5572 = LINE ( 'NONE', #6698, #6569 ) ;
#5573 = DIRECTION ( 'NONE',  ( 0.000000000000000000, -0.000000000000000000, -1.000000000000000000 ) ) ;
#5574 = FACE_OUTER_BOUND ( 'NONE', #2383, .T. ) ;
#5575 = CARTESIAN_POINT ( 'NONE',  ( 11.15358458175690437, 23.29141439100695266, -17.65881412951153351 ) ) ;
#5576 = DIRECTION ( 'NONE',  ( 1.000000000000000000, -0.000000000000000000, 0.000000000000000000 ) ) ;
#5577 = LINE ( 'NONE', #7458, #1237 ) ;
#5578 = ORIENTED_EDGE ( 'NONE', *, *, #7331, .F. ) ;
#5579 = VERTEX_POINT ( 'NONE', #5119 ) ;
#5580 = EDGE_LOOP ( 'NONE', ( #859, #5661 ) ) ;
#5581 = CYLINDRICAL_SURFACE ( 'NONE', #2110, 2.999999999999999112 ) ;
#5582 = DIRECTION ( 'NONE',  ( 0.000000000000000000, 0.000000000000000000, 1.000000000000000000 ) ) ;
#5583 = DIRECTION ( 'NONE',  ( 0.000000000000000000, 0.000000000000000000, 1.000000000000000000 ) ) ;
#5584 = CARTESIAN_POINT ( 'NONE',  ( 23.00000000000000000, -20.40000000000000568, 22.60000000000000142 ) ) ;
#5585 = EDGE_CURVE ( 'NONE', #3447, #6485, #3332, .T. ) ;
#5586 = FACE_OUTER_BOUND ( 'NONE', #5108, .T. ) ;
#5587 = ORIENTED_EDGE ( 'NONE', *, *, #2085, .T. ) ;
#5588 = ORIENTED_EDGE ( 'NONE', *, *, #5652, .F. ) ;
#5589 = CARTESIAN_POINT ( 'NONE',  ( -2.800000000000001155, -20.76683849253809910, 19.59999999999999787 ) ) ;
#5590 = DIRECTION ( 'NONE',  ( -0.000000000000000000, 1.000000000000000000, 1.535153518563546084E-16 ) ) ;
#5591 = APPROVAL_DATE_TIME ( #3150, #6214 ) ;
#5592 = PLANE ( 'NONE',  #4519 ) ;
#5593 = EDGE_CURVE ( 'NONE', #4078, #5162, #4524, .T. ) ;
#5594 = CARTESIAN_POINT ( 'NONE',  ( 15.26907671340934414, 23.60000000000000142, -15.03453835670443084 ) ) ;
#5595 = EDGE_CURVE ( 'NONE', #1275, #6157, #6442, .T. ) ;
#5596 = ORIENTED_EDGE ( 'NONE', *, *, #1554, .T. ) ;
#5597 = VERTEX_POINT ( 'NONE', #2698 ) ;
#5598 = CARTESIAN_POINT ( 'NONE',  ( 0.000000000000000000, -9.474175425861613320, 17.10000000000000497 ) ) ;
#5599 = CARTESIAN_POINT ( 'NONE',  ( 19.90000000000000213, 22.09999999999999787, -10.49999999999999645 ) ) ;
#5600 = DIRECTION ( 'NONE',  ( 0.000000000000000000, 0.000000000000000000, 1.000000000000000000 ) ) ;
#5601 = LINE ( 'NONE', #5016, #5042 ) ;
#5602 = CARTESIAN_POINT ( 'NONE',  ( -2.799999999999998046, -3.233161507461907558, 19.60000000000000142 ) ) ;
#5603 = EDGE_CURVE ( 'NONE', #7067, #2359, #3933, .T. ) ;
#5604 = DIRECTION ( 'NONE',  ( -0.000000000000000000, -0.000000000000000000, -1.000000000000000000 ) ) ;
#5605 = ORIENTED_EDGE ( 'NONE', *, *, #3622, .T. ) ;
#5606 = DIRECTION ( 'NONE',  ( 0.8660254037844385966, -0.5000000000000001110, 0.000000000000000000 ) ) ;
#5607 = DIRECTION ( 'NONE',  ( -0.000000000000000000, 1.000000000000000000, 1.535153518563546084E-16 ) ) ;
#5608 = CARTESIAN_POINT ( 'NONE',  ( 22.78548963841032560, 23.24248273068378268, -17.85550961202342890 ) ) ;
#5609 = DIRECTION ( 'NONE',  ( 1.369518533665900312E-16, -1.884910589198694506E-16, 1.000000000000000000 ) ) ;
#5610 = CARTESIAN_POINT ( 'NONE',  ( -4.399999999999999467, -24.00000000000000355, 17.09999999999999787 ) ) ;
#5611 = ADVANCED_FACE ( 'NONE', ( #7065 ), #1037, .F. ) ;
#5612 =( BOUNDED_CURVE ( )  B_SPLINE_CURVE ( 3, ( #4153, #6580, #26, #626 ),
 .UNSPECIFIED., .F., .F. ) 
 B_SPLINE_CURVE_WITH_KNOTS ( ( 4, 4 ),
 ( 3.141592653589799777, 4.712388980384689674 ),
 .UNSPECIFIED. ) 
 CURVE ( )  GEOMETRIC_REPRESENTATION_ITEM ( )  RATIONAL_B_SPLINE_CURVE ( ( 1.000000000000000000, 0.8047378541243666028, 0.8047378541243666028, 1.000000000000000000 ) ) 
 REPRESENTATION_ITEM ( '' )  );
#5613 = CARTESIAN_POINT ( 'NONE',  ( 30.20000000000000284, -3.766896785601943786E-15, 19.60000000000000142 ) ) ;
#5614 = EDGE_LOOP ( 'NONE', ( #2381, #3571 ) ) ;
#5615 = ORIENTED_EDGE ( 'NONE', *, *, #5096, .F. ) ;
#5616 = ORIENTED_EDGE ( 'NONE', *, *, #3789, .F. ) ;
#5617 = CARTESIAN_POINT ( 'NONE',  ( 29.87999999999999901, -3.789670170344647815, 22.60000000000000142 ) ) ;
#5618 = DIRECTION ( 'NONE',  ( 0.8660254037844388186, -0.4999999999999997224, 0.000000000000000000 ) ) ;
#5619 = EDGE_CURVE ( 'NONE', #5351, #5319, #1615, .T. ) ;
#5620 = DIRECTION ( 'NONE',  ( -0.000000000000000000, -0.000000000000000000, -1.000000000000000000 ) ) ;
#5621 = CIRCLE ( 'NONE', #7406, 1.600000000000000755 ) ;
#5622 = DIRECTION ( 'NONE',  ( -0.000000000000000000, -0.000000000000000000, -1.000000000000000000 ) ) ;
#5623 = CARTESIAN_POINT ( 'NONE',  ( 28.60000000000000142, -24.00000000000000355, 17.09999999999999787 ) ) ;
#5624 = ADVANCED_FACE ( 'NONE', ( #3969 ), #2851, .T. ) ;
#5625 = ORIENTED_EDGE ( 'NONE', *, *, #151, .T. ) ;
#5626 = AXIS2_PLACEMENT_3D ( 'NONE', #6639, #6081, #17 ) ;
#5627 = EDGE_LOOP ( 'NONE', ( #7520, #1931, #1041, #1482, #3184, #4279, #3019 ) ) ;
#5628 = CARTESIAN_POINT ( 'NONE',  ( 2.799999999999999822, 20.09999999999999787, -19.49999999999999645 ) ) ;
#5629 = FACE_OUTER_BOUND ( 'NONE', #5209, .T. ) ;
#5630 = DIRECTION ( 'NONE',  ( 0.000000000000000000, 0.000000000000000000, 1.000000000000000000 ) ) ;
#5631 = LINE ( 'NONE', #5092, #4769 ) ;
#5632 = VECTOR ( 'NONE', #7812, 1000.000000000000000 ) ;
#5633 = VECTOR ( 'NONE', #7349, 1000.000000000000000 ) ;
#5634 = ORIENTED_EDGE ( 'NONE', *, *, #3237, .F. ) ;
#5635 = EDGE_CURVE ( 'NONE', #4145, #2944, #6387, .T. ) ;
#5636 = VERTEX_POINT ( 'NONE', #5788 ) ;
#5637 = CIRCLE ( 'NONE', #6031, 6.000000000000000000 ) ;
#5638 = DIRECTION ( 'NONE',  ( 0.000000000000000000, 1.515042337097648137E-16, -1.000000000000000000 ) ) ;
#5639 = CARTESIAN_POINT ( 'NONE',  ( 4.684161637422525004, -22.89999999999999503, -8.199999999999999289 ) ) ;
#5640 = AXIS2_PLACEMENT_3D ( 'NONE', #3950, #5184, #1571 ) ;
#5641 = DIRECTION ( 'NONE',  ( -0.000000000000000000, 0.01802881598104357289, 0.9998374676887847867 ) ) ;
#5642 = CARTESIAN_POINT ( 'NONE',  ( 31.39999999999999858, -25.61658075373095755, 19.59999999999999787 ) ) ;
#5643 = LINE ( 'NONE', #7491, #4756 ) ;
#5644 = CARTESIAN_POINT ( 'NONE',  ( -2.799999999999999822, -3.766896785601943786E-15, 17.10000000000000497 ) ) ;
#5645 = AXIS2_PLACEMENT_3D ( 'NONE', #1714, #6438, #1006 ) ;
#5646 = CIRCLE ( 'NONE', #6544, 3.000000000000000000 ) ;
#5647 = B_SPLINE_CURVE_WITH_KNOTS ( 'NONE', 3,
 ( #2466, #7124, #7794, #1688, #4099, #4141, #7838, #7762 ),
 .UNSPECIFIED., .F., .F.,
 ( 4, 2, 2, 4 ),
 ( -1.549194287295758467E-05, 0.001826644188141041038, 0.002747712253648046821, 0.003668780319155052604 ),
 .UNSPECIFIED. ) ;
#5648 = AXIS2_PLACEMENT_3D ( 'NONE', #7112, #5994, #3060 ) ;
#5649 = ORIENTED_EDGE ( 'NONE', *, *, #6506, .F. ) ;
#5650 = EDGE_CURVE ( 'NONE', #3245, #4785, #7855, .T. ) ;
#5651 = DIRECTION ( 'NONE',  ( 0.8660254037844384856, -0.5000000000000002220, 0.000000000000000000 ) ) ;
#5652 = EDGE_CURVE ( 'NONE', #5243, #1015, #6424, .T. ) ;
#5653 = CIRCLE ( 'NONE', #6932, 0.5000000000000004441 ) ;
#5654 = DIRECTION ( 'NONE',  ( 0.8660254037844385966, 0.5000000000000001110, 0.000000000000000000 ) ) ;
#5655 = CYLINDRICAL_SURFACE ( 'NONE', #2373, 0.5000000000000004441 ) ;
#5656 = DIRECTION ( 'NONE',  ( 1.000000000000000000, 0.000000000000000000, 0.000000000000000000 ) ) ;
#5657 = VECTOR ( 'NONE', #760, 1000.000000000000000 ) ;
#5658 = DIRECTION ( 'NONE',  ( 0.000000000000000000, -2.090028284309406488E-16, 1.000000000000000000 ) ) ;
#5659 = VERTEX_POINT ( 'NONE', #7104 ) ;
#5660 = AXIS2_PLACEMENT_3D ( 'NONE', #5642, #5064, #7400 ) ;
#5661 = ORIENTED_EDGE ( 'NONE', *, *, #1297, .F. ) ;
#5662 = EDGE_CURVE ( 'NONE', #2922, #4730, #4137, .T. ) ;
#5663 = CIRCLE ( 'NONE', #7195, 1.749999999999999778 ) ;
#5664 = EDGE_LOOP ( 'NONE', ( #2360, #2954, #2423, #7296 ) ) ;
#5665 = CARTESIAN_POINT ( 'NONE',  ( 0.000000000000000000, 0.000000000000000000, 0.000000000000000000 ) ) ;
#5666 = FACE_OUTER_BOUND ( 'NONE', #5203, .T. ) ;
#5667 = LINE ( 'NONE', #1425, #5928 ) ;
#5668 = VECTOR ( 'NONE', #6849, 1000.000000000000000 ) ;
#5669 = CARTESIAN_POINT ( 'NONE',  ( 21.00000000000001066, -34.39999999999999858, -11.89999999999999680 ) ) ;
#5670 = AXIS2_PLACEMENT_3D ( 'NONE', #1017, #5845, #7607 ) ;
#5671 = DIRECTION ( 'NONE',  ( -1.000000000000000000, -0.000000000000000000, 0.000000000000000000 ) ) ;
#5672 = ORIENTED_EDGE ( 'NONE', *, *, #6768, .T. ) ;
#5673 = EDGE_CURVE ( 'NONE', #3048, #6994, #3006, .T. ) ;
#5674 = ORIENTED_EDGE ( 'NONE', *, *, #176, .F. ) ;
#5675 = ORIENTED_EDGE ( 'NONE', *, *, #36, .T. ) ;
#5676 = CIRCLE ( 'NONE', #7080, 1.100000000000000311 ) ;
#5677 = LINE ( 'NONE', #2626, #2862 ) ;
#5678 = CARTESIAN_POINT ( 'NONE',  ( 5.380690880929051900, -22.90000000000000213, -7.620088631692010672 ) ) ;
#5679 = CARTESIAN_POINT ( 'NONE',  ( 0.000000000000000000, -22.89999999999999503, -15.60000000000000675 ) ) ;
#5680 = AXIS2_PLACEMENT_3D ( 'NONE', #975, #1486, #336 ) ;
#5681 = CARTESIAN_POINT ( 'NONE',  ( 22.50000000000000000, 19.59999999999999432, -19.99999999999999645 ) ) ;
#5682 = AXIS2_PLACEMENT_3D ( 'NONE', #5872, #7669, #1078 ) ;
#5683 = EDGE_LOOP ( 'NONE', ( #3117, #5529, #2675, #3603 ) ) ;
#5684 = ORIENTED_EDGE ( 'NONE', *, *, #5789, .F. ) ;
#5685 = DIRECTION ( 'NONE',  ( -1.000000000000000000, 0.000000000000000000, 0.000000000000000000 ) ) ;
#5686 = CARTESIAN_POINT ( 'NONE',  ( 0.000000000000000000, -17.59999999999999787, 9.736228481429796133 ) ) ;
#5687 = VECTOR ( 'NONE', #933, 1000.000000000000000 ) ;
#5688 = LINE ( 'NONE', #775, #2402 ) ;
#5689 = CARTESIAN_POINT ( 'NONE',  ( 31.39999999999999858, 1.616580753730949782, 19.60000000000000142 ) ) ;
#5690 = DIRECTION ( 'NONE',  ( 1.000000000000000000, 0.000000000000000000, 0.000000000000000000 ) ) ;
#5691 = CARTESIAN_POINT ( 'NONE',  ( -4.080000000000000071, -3.789670170344647815, 17.10000000000000497 ) ) ;
#5692 = EDGE_CURVE ( 'NONE', #6750, #6955, #7314, .T. ) ;
#5693 = SECURITY_CLASSIFICATION ( '', '', #5476 ) ;
#5694 = VERTEX_POINT ( 'NONE', #6657 ) ;
#5695 = DIRECTION ( 'NONE',  ( -1.000000000000000000, -0.000000000000000000, 0.000000000000000000 ) ) ;
#5696 = LINE ( 'NONE', #817, #6067 ) ;
#5697 = CARTESIAN_POINT ( 'NONE',  ( 11.24984870932449255, 23.14193571146414996, -18.09297268639425127 ) ) ;
#5698 = DIRECTION ( 'NONE',  ( 0.000000000000000000, 0.000000000000000000, 1.000000000000000000 ) ) ;
#5699 = EDGE_CURVE ( 'NONE', #3591, #53, #5521, .T. ) ;
#5700 = ORIENTED_EDGE ( 'NONE', *, *, #5058, .F. ) ;
#5701 = CARTESIAN_POINT ( 'NONE',  ( 0.000000000000000000, 17.60000000000000142, 3.678449780384555972E-15 ) ) ;
#5702 = ORIENTED_EDGE ( 'NONE', *, *, #5650, .T. ) ;
#5703 = ADVANCED_FACE ( 'NONE', ( #595 ), #6927, .T. ) ;
#5704 = ORIENTED_EDGE ( 'NONE', *, *, #375, .F. ) ;
#5705 = ORIENTED_EDGE ( 'NONE', *, *, #6056, .T. ) ;
#5706 = CARTESIAN_POINT ( 'NONE',  ( 23.00000000000000000, 1.069065149083007205, -16.60000000000000142 ) ) ;
#5707 = FACE_BOUND ( 'NONE', #5614, .T. ) ;
#5708 = CARTESIAN_POINT ( 'NONE',  ( 0.000000000000000000, -9.592149841619608708, -6.950833218564932636 ) ) ;
#5709 = DIRECTION ( 'NONE',  ( 0.000000000000000000, 0.000000000000000000, 1.000000000000000000 ) ) ;
#5710 = EDGE_CURVE ( 'NONE', #4331, #577, #83, .T. ) ;
#5711 = CARTESIAN_POINT ( 'NONE',  ( 15.40000000000000391, 23.59999999999999787, -9.099999999999999645 ) ) ;
#5712 = ORIENTED_EDGE ( 'NONE', *, *, #562, .T. ) ;
#5713 = VERTEX_POINT ( 'NONE', #3568 ) ;
#5714 = EDGE_LOOP ( 'NONE', ( #4559, #2014, #6257, #4419 ) ) ;
#5715 = CARTESIAN_POINT ( 'NONE',  ( 3.299999999999999822, -20.90000000000000568, 22.59999999999999787 ) ) ;
#5716 = DIRECTION ( 'NONE',  ( -0.000000000000000000, -1.535153518563546330E-16, 1.000000000000000000 ) ) ;
#5717 = DIRECTION ( 'NONE',  ( -1.000000000000000000, -0.000000000000000000, -0.000000000000000000 ) ) ;
#5718 = ADVANCED_FACE ( 'NONE', ( #3533 ), #1071, .T. ) ;
#5719 = DIRECTION ( 'NONE',  ( -1.000000000000000000, 3.469446951953610639E-15, 0.000000000000000000 ) ) ;
#5720 = EDGE_LOOP ( 'NONE', ( #588, #3581, #6345, #2516 ) ) ;
#5721 = VERTEX_POINT ( 'NONE', #6623 ) ;
#5722 = FACE_OUTER_BOUND ( 'NONE', #7091, .T. ) ;
#5723 = LINE ( 'NONE', #5133, #1003 ) ;
#5724 = DIRECTION ( 'NONE',  ( 0.000000000000000000, -1.000000000000000000, -1.515042337097648137E-16 ) ) ;
#5725 = DIRECTION ( 'NONE',  ( -0.000000000000000000, 1.000000000000000000, 1.535153518563546330E-16 ) ) ;
#5726 = DIRECTION ( 'NONE',  ( 0.000000000000000000, -1.000000000000000000, -1.515042337097648137E-16 ) ) ;
#5727 = DIRECTION ( 'NONE',  ( 0.000000000000000000, 1.000000000000000000, 0.000000000000000000 ) ) ;
#5728 = EDGE_LOOP ( 'NONE', ( #4395, #5991, #7151, #4258, #7742 ) ) ;
#5729 = CARTESIAN_POINT ( 'NONE',  ( 2.799999999999999822, -17.60000000000000497, -11.15269009426543967 ) ) ;
#5730 = CARTESIAN_POINT ( 'NONE',  ( 14.57586638531660661, 23.46295555529269805, -16.98277380443008511 ) ) ;
#5731 = FACE_OUTER_BOUND ( 'NONE', #7716, .T. ) ;
#5732 = DIRECTION ( 'NONE',  ( -0.000000000000000000, 1.000000000000000000, 0.000000000000000000 ) ) ;
#5733 = CYLINDRICAL_SURFACE ( 'NONE', #7117, 4.000000000000003553 ) ;
#5734 = ORIENTED_EDGE ( 'NONE', *, *, #2416, .T. ) ;
#5735 = CARTESIAN_POINT ( 'NONE',  ( -2.800000000000001155, -20.76683849253809910, 17.10000000000000142 ) ) ;
#5736 = ORIENTED_EDGE ( 'NONE', *, *, #4352, .F. ) ;
#5737 = EDGE_LOOP ( 'NONE', ( #2888, #2667, #3202, #7106 ) ) ;
#5738 = ADVANCED_FACE ( 'NONE', ( #7699 ), #7228, .T. ) ;
#5739 = ORIENTED_EDGE ( 'NONE', *, *, #4200, .F. ) ;
#5740 = DIRECTION ( 'NONE',  ( 0.8660254037844385966, 0.5000000000000001110, 0.000000000000000000 ) ) ;
#5741 = CARTESIAN_POINT ( 'NONE',  ( -6.000000000000000000, -14.52582457413839379, 17.09999999999999787 ) ) ;
#5742 = LINE ( 'NONE', #830, #3402 ) ;
#5743 = EDGE_CURVE ( 'NONE', #2623, #2922, #518, .T. ) ;
#5744 = LINE ( 'NONE', #5304, #6041 ) ;
#5745 = DIRECTION ( 'NONE',  ( 0.000000000000000000, -1.000000000000000000, 0.000000000000000000 ) ) ;
#5746 = VERTEX_POINT ( 'NONE', #5986 ) ;
#5747 = ORIENTED_EDGE ( 'NONE', *, *, #5951, .F. ) ;
#5748 = EDGE_CURVE ( 'NONE', #5803, #7666, #2257, .T. ) ;
#5749 = ORIENTED_EDGE ( 'NONE', *, *, #3914, .T. ) ;
#5750 = CARTESIAN_POINT ( 'NONE',  ( 23.40000000000000568, -34.39999999999999858, -11.89999999999999680 ) ) ;
#5751 = FACE_OUTER_BOUND ( 'NONE', #2820, .T. ) ;
#5752 = EDGE_CURVE ( 'NONE', #2077, #1340, #2646, .T. ) ;
#5753 = CARTESIAN_POINT ( 'NONE',  ( 23.00000000000000000, -22.39999999999999503, -12.89999999999999858 ) ) ;
#5754 = DIRECTION ( 'NONE',  ( 0.8660254037844388186, -0.4999999999999997224, 0.000000000000000000 ) ) ;
#5755 = VERTEX_POINT ( 'NONE', #3208 ) ;
#5756 = EDGE_CURVE ( 'NONE', #1949, #4210, #3513, .T. ) ;
#5757 = EDGE_LOOP ( 'NONE', ( #1034, #3374, #5467, #2332 ) ) ;
#5758 = FACE_OUTER_BOUND ( 'NONE', #5059, .T. ) ;
#5759 = CARTESIAN_POINT ( 'NONE',  ( 5.899999999999998579, 22.09999999999999787, -8.749999999999998224 ) ) ;
#5760 = CARTESIAN_POINT ( 'NONE',  ( 2.799999999999999822, -3.498314677414611218, -15.36032574516783100 ) ) ;
#5761 = AXIS2_PLACEMENT_3D ( 'NONE', #3274, #777, #5690 ) ;
#5762 = DIRECTION ( 'NONE',  ( 0.8660254037844389297, 0.4999999999999995559, 0.000000000000000000 ) ) ;
#5763 = DIRECTION ( 'NONE',  ( 0.000000000000000000, 1.000000000000000000, 0.000000000000000000 ) ) ;
#5764 = DIRECTION ( 'NONE',  ( 0.000000000000000000, 0.000000000000000000, 1.000000000000000000 ) ) ;
#5765 = VECTOR ( 'NONE', #659, 1000.000000000000000 ) ;
#5766 = CARTESIAN_POINT ( 'NONE',  ( 28.60000000000000142, -3.766896785601943786E-15, 17.10000000000000497 ) ) ;
#5767 = TOROIDAL_SURFACE ( 'NONE', #1460, 10.49999999999999645, 0.5000000000000000000 ) ;
#5768 = EDGE_LOOP ( 'NONE', ( #7727, #5265, #2266, #1546 ) ) ;
#5769 = EDGE_CURVE ( 'NONE', #7695, #7394, #700, .T. ) ;
#5770 = DIRECTION ( 'NONE',  ( -1.000000000000000000, 0.000000000000000000, 0.000000000000000000 ) ) ;
#5771 = AXIS2_PLACEMENT_3D ( 'NONE', #5851, #420, #4665 ) ;
#5772 = CARTESIAN_POINT ( 'NONE',  ( 14.45095589971317196, 23.52332155002617142, -16.65664947239216787 ) ) ;
#5773 = FACE_OUTER_BOUND ( 'NONE', #7145, .T. ) ;
#5774 = PLANE ( 'NONE',  #6045 ) ;
#5775 = CARTESIAN_POINT ( 'NONE',  ( 28.60000000000000142, -24.00000000000000355, 17.09999999999999787 ) ) ;
#5776 = VECTOR ( 'NONE', #7390, 1000.000000000000000 ) ;
#5777 = CIRCLE ( 'NONE', #3115, 1.749999999999999778 ) ;
#5778 = VERTEX_POINT ( 'NONE', #3128 ) ;
#5779 = DIRECTION ( 'NONE',  ( 0.8660254037844384856, -0.5000000000000002220, 0.000000000000000000 ) ) ;
#5780 = VECTOR ( 'NONE', #5054, 1000.000000000000000 ) ;
#5781 = EDGE_LOOP ( 'NONE', ( #5578, #2946, #1338, #5298 ) ) ;
#5782 = AXIS2_PLACEMENT_3D ( 'NONE', #4441, #5156, #3929 ) ;
#5783 = ORIENTED_EDGE ( 'NONE', *, *, #6695, .T. ) ;
#5784 = VECTOR ( 'NONE', #2977, 1000.000000000000000 ) ;
#5785 = VECTOR ( 'NONE', #4285, 1000.000000000000000 ) ;
#5786 = CARTESIAN_POINT ( 'NONE',  ( 23.00000000000000000, 17.60000000000000497, -11.15269009426543967 ) ) ;
#5787 = PLANE ( 'NONE',  #3912 ) ;
#5788 = CARTESIAN_POINT ( 'NONE',  ( 14.40000000000000391, 26.39289321881345529, -9.600000000000001421 ) ) ;
#5789 = EDGE_CURVE ( 'NONE', #3646, #5790, #3681, .T. ) ;
#5790 = VERTEX_POINT ( 'NONE', #4391 ) ;
#5791 = CIRCLE ( 'NONE', #6558, 10.49999999999999645 ) ;
#5792 = ORIENTED_EDGE ( 'NONE', *, *, #6292, .T. ) ;
#5793 = VERTEX_POINT ( 'NONE', #5613 ) ;
#5794 = VERTEX_POINT ( 'NONE', #185 ) ;
#5795 = VECTOR ( 'NONE', #6762, 1000.000000000000000 ) ;
#5796 = DIRECTION ( 'NONE',  ( 1.000000000000000000, 0.000000000000000000, 0.000000000000000000 ) ) ;
#5797 = DIRECTION ( 'NONE',  ( 0.000000000000000000, 0.5867752483892763049, -0.8097498427772017449 ) ) ;
#5798 = AXIS2_PLACEMENT_3D ( 'NONE', #2209, #5821, #7051 ) ;
#5799 = CARTESIAN_POINT ( 'NONE',  ( 25.96210425691251800, -15.94096362915048104, 16.65989600999226639 ) ) ;
#5800 = DIRECTION ( 'NONE',  ( 1.000000000000000000, 0.000000000000000000, 0.000000000000000000 ) ) ;
#5801 = EDGE_CURVE ( 'NONE', #6625, #1591, #5663, .T. ) ;
#5802 = VECTOR ( 'NONE', #6351, 1000.000000000000000 ) ;
#5803 = VERTEX_POINT ( 'NONE', #2606 ) ;
#5804 = AXIS2_PLACEMENT_3D ( 'NONE', #6000, #2868, #1313 ) ;
#5805 = ADVANCED_FACE ( 'NONE', ( #6133 ), #5032, .T. ) ;
#5806 = VERTEX_POINT ( 'NONE', #116 ) ;
#5807 = CARTESIAN_POINT ( 'NONE',  ( 5.900658883101809415, 18.43223519482922512, -22.41780873489118520 ) ) ;
#5808 = CARTESIAN_POINT ( 'NONE',  ( 22.50000000000000000, -22.39999999999999503, -12.89999999999999858 ) ) ;
#5809 = CARTESIAN_POINT ( 'NONE',  ( -1.000000000000000000, -0.000000000000000000, 16.09999999999999787 ) ) ;
#5810 = CIRCLE ( 'NONE', #6824, 1.000000000000000888 ) ;
#5811 = CARTESIAN_POINT ( 'NONE',  ( 25.80000000000000071, 17.60000000000000497, -11.15269009426543967 ) ) ;
#5812 = DIRECTION ( 'NONE',  ( 1.000000000000000000, 0.000000000000000000, 0.000000000000000000 ) ) ;
#5813 = DIRECTION ( 'NONE',  ( 1.000000000000000000, -0.000000000000000000, -0.000000000000000000 ) ) ;
#5814 = VECTOR ( 'NONE', #3001, 1000.000000000000114 ) ;
#5815 = DIRECTION ( 'NONE',  ( 0.000000000000000000, 0.000000000000000000, 1.000000000000000000 ) ) ;
#5816 = ADVANCED_FACE ( 'NONE', ( #4914 ), #3802, .F. ) ;
#5817 = VECTOR ( 'NONE', #3840, 1000.000000000000000 ) ;
#5818 = ORIENTED_EDGE ( 'NONE', *, *, #7648, .T. ) ;
#5819 = DIRECTION ( 'NONE',  ( 0.000000000000000000, -1.000000000000000000, -1.535153518563546330E-16 ) ) ;
#5820 = VECTOR ( 'NONE', #6121, 1000.000000000000000 ) ;
#5821 = DIRECTION ( 'NONE',  ( -0.000000000000000000, -0.000000000000000000, -1.000000000000000000 ) ) ;
#5822 = DIRECTION ( 'NONE',  ( 0.000000000000000000, 0.000000000000000000, 1.000000000000000000 ) ) ;
#5823 = FACE_BOUND ( 'NONE', #6008, .T. ) ;
#5824 = CARTESIAN_POINT ( 'NONE',  ( 12.10710678118655004, 27.09999999999999787, -10.10000000000000142 ) ) ;
#5825 = EDGE_CURVE ( 'NONE', #1275, #3605, #5577, .T. ) ;
#5826 = ORIENTED_EDGE ( 'NONE', *, *, #5699, .T. ) ;
#5827 = ORIENTED_EDGE ( 'NONE', *, *, #3672, .F. ) ;
#5828 = LINE ( 'NONE', #5230, #4628 ) ;
#5829 = DIRECTION ( 'NONE',  ( -1.000000000000000000, 0.000000000000000000, 3.469446951953611033E-15 ) ) ;
#5830 = FACE_OUTER_BOUND ( 'NONE', #2265, .T. ) ;
#5831 = DIRECTION ( 'NONE',  ( -1.000000000000000000, 0.000000000000000000, 0.000000000000000000 ) ) ;
#5832 = VERTEX_POINT ( 'NONE', #4952 ) ;
#5833 = ORIENTED_EDGE ( 'NONE', *, *, #667, .T. ) ;
#5834 = ORIENTED_EDGE ( 'NONE', *, *, #3039, .F. ) ;
#5835 = VERTEX_POINT ( 'NONE', #5493 ) ;
#5836 = DIRECTION ( 'NONE',  ( 0.000000000000000000, 1.000000000000000000, 0.000000000000000000 ) ) ;
#5837 = CARTESIAN_POINT ( 'NONE',  ( 23.00000000000000355, 23.59999999999999432, 9.680000000000001492 ) ) ;
#5838 = EDGE_CURVE ( 'NONE', #575, #4179, #5037, .T. ) ;
#5839 = CARTESIAN_POINT ( 'NONE',  ( 11.75355339059327697, 27.45355339059327093, -10.10000000000000142 ) ) ;
#5840 = B_SPLINE_CURVE_WITH_KNOTS ( 'NONE', 3,
 ( #3023, #4089, #1079, #4126, #4766, #4208, #7194, #3543, #5439, #1235 ),
 .UNSPECIFIED., .F., .F.,
 ( 4, 2, 2, 2, 4 ),
 ( 0.000000000000000000, 0.0006271788835725815737, 0.001254357767145163147, 0.001881536650717735180, 0.002508715534290307213 ),
 .UNSPECIFIED. ) ;
#5841 = DIRECTION ( 'NONE',  ( 0.000000000000000000, 0.000000000000000000, -1.000000000000000000 ) ) ;
#5842 = VERTEX_POINT ( 'NONE', #2022 ) ;
#5843 = ORIENTED_EDGE ( 'NONE', *, *, #5471, .T. ) ;
#5844 = FACE_OUTER_BOUND ( 'NONE', #2191, .T. ) ;
#5845 = DIRECTION ( 'NONE',  ( -1.000000000000000000, -0.000000000000000000, -0.000000000000000000 ) ) ;
#5846 = EDGE_CURVE ( 'NONE', #1233, #7857, #1938, .T. ) ;
#5847 = CYLINDRICAL_SURFACE ( 'NONE', #2267, 1.000000000000000888 ) ;
#5848 = DIRECTION ( 'NONE',  ( 0.000000000000000000, 1.000000000000000000, 1.535153518563546084E-16 ) ) ;
#5849 = DIRECTION ( 'NONE',  ( -0.000000000000000000, 1.000000000000000000, 1.535153518563546084E-16 ) ) ;
#5850 = DIRECTION ( 'NONE',  ( 0.000000000000000000, 0.000000000000000000, 1.000000000000000000 ) ) ;
#5851 = CARTESIAN_POINT ( 'NONE',  ( 21.11583836257748814, -24.64999999999999503, -11.89999999999999680 ) ) ;
#5852 = EDGE_CURVE ( 'NONE', #6980, #7583, #3835, .T. ) ;
#5853 = EDGE_LOOP ( 'NONE', ( #5235, #6940, #6083, #3260 ) ) ;
#5854 = VERTEX_POINT ( 'NONE', #34 ) ;
#5855 = CARTESIAN_POINT ( 'NONE',  ( 2.299999999999999822, -22.39999999999999503, -19.49999999999999645 ) ) ;
#5856 = EDGE_CURVE ( 'NONE', #5860, #3646, #152, .T. ) ;
#5857 = DIRECTION ( 'NONE',  ( -0.8660254037844385966, 0.5000000000000001110, 0.000000000000000000 ) ) ;
#5858 = DIRECTION ( 'NONE',  ( -1.000000000000000000, 0.000000000000000000, 0.000000000000000000 ) ) ;
#5859 = DIRECTION ( 'NONE',  ( -1.000000000000000000, 0.000000000000000000, 0.000000000000000000 ) ) ;
#5860 = VERTEX_POINT ( 'NONE', #2568 ) ;
#5861 = ORIENTED_EDGE ( 'NONE', *, *, #3100, .T. ) ;
#5862 = ORIENTED_EDGE ( 'NONE', *, *, #3772, .T. ) ;
#5863 = EDGE_CURVE ( 'NONE', #7213, #3063, #7321, .T. ) ;
#5864 = CARTESIAN_POINT ( 'NONE',  ( 12.90000000000000746, -34.39999999999999858, -12.39999999999999858 ) ) ;
#5865 = CARTESIAN_POINT ( 'NONE',  ( 20.46206102944987748, -22.90000000000000568, -7.855858957350416283 ) ) ;
#5866 = DIRECTION ( 'NONE',  ( 0.000000000000000000, 0.000000000000000000, -1.000000000000000000 ) ) ;
#5867 = ORIENTED_EDGE ( 'NONE', *, *, #7765, .F. ) ;
#5868 = ORIENTED_EDGE ( 'NONE', *, *, #6658, .T. ) ;
#5869 = ORIENTED_EDGE ( 'NONE', *, *, #2126, .T. ) ;
#5870 = ORIENTED_EDGE ( 'NONE', *, *, #6203, .F. ) ;
#5871 = CARTESIAN_POINT ( 'NONE',  ( 2.799999999999999822, 3.913850194455999798, 14.60000000000000142 ) ) ;
#5872 = CARTESIAN_POINT ( 'NONE',  ( 28.60000000000000142, -24.00000000000000355, 22.59999999999999787 ) ) ;
#5873 = CARTESIAN_POINT ( 'NONE',  ( 25.72820323027551481, -14.81209267445754207, -16.60000000000000497 ) ) ;
#5874 = CARTESIAN_POINT ( 'NONE',  ( -2.800000000000001155, 3.233161507461900896, 17.10000000000000497 ) ) ;
#5875 = ORIENTED_EDGE ( 'NONE', *, *, #5229, .T. ) ;
#5876 = EDGE_LOOP ( 'NONE', ( #4148, #4000, #6971, #3472 ) ) ;
#5877 = CARTESIAN_POINT ( 'NONE',  ( 0.6005292914507038837, 22.99947070854995701, -18.59291695321547166 ) ) ;
#5878 = CARTESIAN_POINT ( 'NONE',  ( 3.299999999999999822, -20.90000000000000568, -12.39999999999999858 ) ) ;
#5879 = DIRECTION ( 'NONE',  ( -0.000000000000000000, -0.000000000000000000, -1.000000000000000000 ) ) ;
#5880 = CARTESIAN_POINT ( 'NONE',  ( 18.80000000000000071, 16.60000000000000497, -22.59999999999999787 ) ) ;
#5881 = DIRECTION ( 'NONE',  ( 0.000000000000000000, 0.000000000000000000, 1.000000000000000000 ) ) ;
#5882 = CARTESIAN_POINT ( 'NONE',  ( 11.75355339059327697, 26.74644660940672480, -10.10000000000000142 ) ) ;
#5883 = CARTESIAN_POINT ( 'NONE',  ( 25.80000000000000071, 1.616580753730949338, 17.10000000000000497 ) ) ;
#5885 = ORIENTED_EDGE ( 'NONE', *, *, #5769, .F. ) ;
#5884 = EDGE_CURVE ( 'NONE', #4331, #797, #2490, .T. ) ;
#5886 = ORIENTED_EDGE ( 'NONE', *, *, #6446, .T. ) ;
#5887 = ORIENTED_EDGE ( 'NONE', *, *, #2137, .T. ) ;
#5888 = CIRCLE ( 'NONE', #2727, 0.4999999999999995004 ) ;
#5889 = PLANE ( 'NONE',  #7827 ) ;
#5890 = DIRECTION ( 'NONE',  ( -0.000000000000000000, 1.000000000000000000, 1.535153518563546084E-16 ) ) ;
#5891 = DIRECTION ( 'NONE',  ( -1.000000000000000000, 0.000000000000000000, 0.000000000000000000 ) ) ;
#5892 = SPHERICAL_SURFACE ( 'NONE', #1967, 0.5000000000000000000 ) ;
#5893 = CARTESIAN_POINT ( 'NONE',  ( -5.599999999999998757, -25.61658075373095755, 19.59999999999999787 ) ) ;
#5894 = VECTOR ( 'NONE', #2199, 999.9999999999998863 ) ;
#5895 = EDGE_CURVE ( 'NONE', #2818, #6560, #1977, .T. ) ;
#5896 = CIRCLE ( 'NONE', #2355, 2.999999999999999112 ) ;
#5897 = ORIENTED_EDGE ( 'NONE', *, *, #2893, .T. ) ;
#5898 = EDGE_CURVE ( 'NONE', #2635, #2339, #3760, .T. ) ;
#5899 = ORIENTED_EDGE ( 'NONE', *, *, #4982, .T. ) ;
#5900 = CIRCLE ( 'NONE', #4250, 0.5000000000000004441 ) ;
#5901 = DIRECTION ( 'NONE',  ( 0.000000000000000000, 0.000000000000000000, 1.000000000000000000 ) ) ;
#5902 = CARTESIAN_POINT ( 'NONE',  ( 20.73818546252094563, -22.92058543847685925, -8.079210951596044410 ) ) ;
#5903 = AXIS2_PLACEMENT_3D ( 'NONE', #3461, #6997, #2114 ) ;
#5904 = CARTESIAN_POINT ( 'NONE',  ( 0.07179676972448884031, -14.81209972366123573, -16.59999999999999076 ) ) ;
#5905 = EDGE_CURVE ( 'NONE', #3325, #2305, #4316, .T. ) ;
#5906 = ORIENTED_EDGE ( 'NONE', *, *, #3805, .F. ) ;
#5907 = AXIS2_PLACEMENT_3D ( 'NONE', #6383, #4398, #4520 ) ;
#5908 = ORIENTED_EDGE ( 'NONE', *, *, #7070, .F. ) ;
#5909 = VECTOR ( 'NONE', #4569, 1000.000000000000000 ) ;
#5910 = ORIENTED_EDGE ( 'NONE', *, *, #3489, .T. ) ;
#5911 = ORIENTED_EDGE ( 'NONE', *, *, #2802, .T. ) ;
#5912 = DIRECTION ( 'NONE',  ( 0.000000000000000000, -0.7682212795973759611, 0.6401843996644797086 ) ) ;
#5913 = DIRECTION ( 'NONE',  ( 0.000000000000000000, 0.000000000000000000, -1.000000000000000000 ) ) ;
#5914 = FACE_OUTER_BOUND ( 'NONE', #3037, .T. ) ;
#5915 = AXIS2_PLACEMENT_3D ( 'NONE', #666, #3173, #2533 ) ;
#5916 = LINE ( 'NONE', #7149, #1232 ) ;
#5917 = EDGE_CURVE ( 'NONE', #6313, #954, #3243, .T. ) ;
#5918 = EDGE_LOOP ( 'NONE', ( #5827, #1555, #1630 ) ) ;
#5919 = B_SPLINE_CURVE_WITH_KNOTS ( 'NONE', 3,
 ( #4172, #4726, #2273, #6596, #1121, #3495, #4690, #4647, #2308, #6513 ),
 .UNSPECIFIED., .F., .F.,
 ( 4, 2, 2, 2, 4 ),
 ( 4.340932843936132317E-19, 0.0006271788835727185084, 0.001254357767145436583, 0.001881536650718154766, 0.002508715534290872733 ),
 .UNSPECIFIED. ) ;
#5920 = ORIENTED_EDGE ( 'NONE', *, *, #2705, .F. ) ;
#5921 = AXIS2_PLACEMENT_3D ( 'NONE', #6688, #1254, #6087 ) ;
#5922 = CARTESIAN_POINT ( 'NONE',  ( 3.224901565315459795, 22.89183072447423939, -18.70205844108783921 ) ) ;
#5923 = CARTESIAN_POINT ( 'NONE',  ( 10.70727336512978312, 23.70016658394323983, -14.48545326974057446 ) ) ;
#5924 = LINE ( 'NONE', #5404, #2399 ) ;
#5925 = CARTESIAN_POINT ( 'NONE',  ( -2.799999999999998046, -27.23316150746190800, 17.10000000000000142 ) ) ;
#5926 = DIRECTION ( 'NONE',  ( 0.000000000000000000, 0.000000000000000000, 1.000000000000000000 ) ) ;
#5927 = DIRECTION ( 'NONE',  ( 0.000000000000000000, -0.000000000000000000, -1.000000000000000000 ) ) ;
#5928 = VECTOR ( 'NONE', #3841, 1000.000000000000000 ) ;
#5929 = LINE ( 'NONE', #6408, #4004 ) ;
#5930 = CIRCLE ( 'NONE', #3648, 5.000000000000000000 ) ;
#5931 = ORIENTED_EDGE ( 'NONE', *, *, #7567, .T. ) ;
#5932 = ORIENTED_EDGE ( 'NONE', *, *, #1154, .F. ) ;
#5933 = EDGE_LOOP ( 'NONE', ( #440, #5911, #4871, #7818, #2767, #6342, #5571 ) ) ;
#5934 = AXIS2_PLACEMENT_3D ( 'NONE', #1944, #7203, #4355 ) ;
#5935 = LINE ( 'NONE', #6576, #4154 ) ;
#5936 = CIRCLE ( 'NONE', #616, 1.749999999999999778 ) ;
#5937 = FACE_OUTER_BOUND ( 'NONE', #4167, .T. ) ;
#5938 = LINE ( 'NONE', #3992, #1230 ) ;
#5939 = CARTESIAN_POINT ( 'NONE',  ( 0.000000000000000000, -12.82658702483003488, -13.59999999999999964 ) ) ;
#5940 = EDGE_CURVE ( 'NONE', #6302, #770, #6167, .T. ) ;
#5941 = CARTESIAN_POINT ( 'NONE',  ( 2.299999999999999822, -22.89999999999999503, -22.60000000000000497 ) ) ;
#5942 = AXIS2_PLACEMENT_3D ( 'NONE', #4913, #3013, #7339 ) ;
#5943 = TOROIDAL_SURFACE ( 'NONE', #4547, 10.49999999999999645, 0.5000000000000000000 ) ;
#5944 = ORIENTED_EDGE ( 'NONE', *, *, #1297, .T. ) ;
#5945 = ORIENTED_EDGE ( 'NONE', *, *, #2279, .F. ) ;
#5946 = LINE ( 'NONE', #1705, #6422 ) ;
#5947 = CARTESIAN_POINT ( 'NONE',  ( -5.599999999999998757, -25.61658075373095755, 17.10000000000000142 ) ) ;
#5948 = EDGE_CURVE ( 'NONE', #3056, #6955, #5109, .T. ) ;
#5949 = VECTOR ( 'NONE', #5970, 1000.000000000000000 ) ;
#5950 = DIRECTION ( 'NONE',  ( 0.000000000000000000, 1.000000000000000000, 0.000000000000000000 ) ) ;
#5951 = EDGE_CURVE ( 'NONE', #4833, #7780, #7580, .T. ) ;
#5952 = ORIENTED_EDGE ( 'NONE', *, *, #3854, .T. ) ;
#5953 = ORIENTED_EDGE ( 'NONE', *, *, #2061, .T. ) ;
#5954 = CC_DESIGN_APPROVAL ( #6214, ( #6199 ) ) ;
#5955 = ORIENTED_EDGE ( 'NONE', *, *, #833, .T. ) ;
#5956 = VERTEX_POINT ( 'NONE', #7536 ) ;
#5957 = DIRECTION ( 'NONE',  ( 0.000000000000000000, 0.000000000000000000, 1.000000000000000000 ) ) ;
#5958 = DIRECTION ( 'NONE',  ( 0.000000000000000000, 0.000000000000000000, 1.000000000000000000 ) ) ;
#5959 = EDGE_CURVE ( 'NONE', #2578, #6584, #3011, .T. ) ;
#5960 = CARTESIAN_POINT ( 'NONE',  ( 12.90000000000000746, -34.39999999999999858, -8.199999999999999289 ) ) ;
#5961 = CARTESIAN_POINT ( 'NONE',  ( 4.900000000000001243, 22.09999999999999787, 0.5000000000000036637 ) ) ;
#5962 = CIRCLE ( 'NONE', #6852, 1.749999999999998002 ) ;
#5963 = VERTEX_POINT ( 'NONE', #232 ) ;
#5964 = EDGE_LOOP ( 'NONE', ( #370, #4705, #4527, #2857 ) ) ;
#5965 = CARTESIAN_POINT ( 'NONE',  ( 2.846387924287503421E-11, 23.59999999997327080, -16.24211418199471879 ) ) ;
#5966 = CARTESIAN_POINT ( 'NONE',  ( 10.90000000000000213, 24.10000000000000497, -14.10000000000000142 ) ) ;
#5967 = EDGE_CURVE ( 'NONE', #6844, #541, #3358, .T. ) ;
#5968 = CARTESIAN_POINT ( 'NONE',  ( 25.80000000000000071, 20.79999999999999716, 22.60000000000000497 ) ) ;
#5969 = AXIS2_PLACEMENT_3D ( 'NONE', #3801, #3872, #231 ) ;
#5970 = DIRECTION ( 'NONE',  ( -0.000000000000000000, 1.000000000000000000, 1.535153518563546084E-16 ) ) ;
#5971 = DIRECTION ( 'NONE',  ( 0.000000000000000000, 1.000000000000000000, 1.535153518563546084E-16 ) ) ;
#5972 = CARTESIAN_POINT ( 'NONE',  ( 3.299999999999999822, -22.39999999999999503, -12.89999999999999858 ) ) ;
#5973 = DIRECTION ( 'NONE',  ( 0.000000000000000000, 0.000000000000000000, 1.000000000000000000 ) ) ;
#5974 = EDGE_LOOP ( 'NONE', ( #4270, #4132, #2455, #7595 ) ) ;
#5975 = ORIENTED_EDGE ( 'NONE', *, *, #6203, .T. ) ;
#5976 = ORIENTED_EDGE ( 'NONE', *, *, #2030, .F. ) ;
#5977 = CARTESIAN_POINT ( 'NONE',  ( 25.80000000000000071, -9.474175425861611544, 22.60000000000000142 ) ) ;
#5978 = LINE ( 'NONE', #1892, #5814 ) ;
#5979 = FACE_OUTER_BOUND ( 'NONE', #22, .T. ) ;
#5980 = FACE_OUTER_BOUND ( 'NONE', #1784, .T. ) ;
#5981 = DIRECTION ( 'NONE',  ( 1.000000000000000000, 0.000000000000000000, -0.000000000000000000 ) ) ;
#5982 = ORIENTED_EDGE ( 'NONE', *, *, #6252, .T. ) ;
#5983 = CARTESIAN_POINT ( 'NONE',  ( 25.80000000000000071, 17.60000000000000142, 3.678449780384555972E-15 ) ) ;
#5984 = DIRECTION ( 'NONE',  ( 0.000000000000000000, -1.000000000000000000, -1.535153518563546084E-16 ) ) ;
#5985 = CARTESIAN_POINT ( 'NONE',  ( 0.02044194427075675044, 11.23038331110928567, -16.14882173057005232 ) ) ;
#5986 = CARTESIAN_POINT ( 'NONE',  ( 0.000000000000000000, -10.59051904733024863, -15.60000000000000497 ) ) ;
#5987 = ORIENTED_EDGE ( 'NONE', *, *, #6936, .T. ) ;
#5988 = ORIENTED_EDGE ( 'NONE', *, *, #6171, .T. ) ;
#5989 = EDGE_CURVE ( 'NONE', #1138, #2304, #4656, .T. ) ;
#5990 = EDGE_LOOP ( 'NONE', ( #7108, #1995, #5479, #4169 ) ) ;
#5991 = ORIENTED_EDGE ( 'NONE', *, *, #4414, .T. ) ;
#5992 = CARTESIAN_POINT ( 'NONE',  ( 25.77955805572924319, -11.23038331110928567, -16.14882173057005232 ) ) ;
#5993 = CARTESIAN_POINT ( 'NONE',  ( 31.39999999999999858, -1.616580753730956888, 19.60000000000000142 ) ) ;
#5994 = DIRECTION ( 'NONE',  ( 1.000000000000000000, 0.000000000000000000, -0.000000000000000000 ) ) ;
#5995 = DIRECTION ( 'NONE',  ( 0.000000000000000000, 0.000000000000000000, 1.000000000000000000 ) ) ;
#5996 = VERTEX_POINT ( 'NONE', #5195 ) ;
#5997 = ADVANCED_FACE ( 'NONE', ( #3924 ), #3322, .F. ) ;
#5998 = ORIENTED_EDGE ( 'NONE', *, *, #1917, .F. ) ;
#5999 = EDGE_CURVE ( 'NONE', #4448, #6264, #3890, .T. ) ;
#6000 = CARTESIAN_POINT ( 'NONE',  ( 19.90000000000000213, 20.09999999999999787, -10.49999999999999645 ) ) ;
#6001 = CARTESIAN_POINT ( 'NONE',  ( 5.320175371854011459, -22.96889370104175043, -7.996162517645710288 ) ) ;
#6002 = CARTESIAN_POINT ( 'NONE',  ( 11.40000000000000391, 24.10000000000000497, -14.59999999999999964 ) ) ;
#6003 = CARTESIAN_POINT ( 'NONE',  ( 20.89999999999999858, 22.09999999999999787, 0.5000000000000036637 ) ) ;
#6004 = LINE ( 'NONE', #1174, #76 ) ;
#6005 = VERTEX_POINT ( 'NONE', #869 ) ;
#6006 = ADVANCED_FACE ( 'NONE', ( #6379 ), #1869, .T. ) ;
#6007 = EDGE_LOOP ( 'NONE', ( #3700, #5833, #4288, #539 ) ) ;
#6008 = EDGE_LOOP ( 'NONE', ( #6126, #367 ) ) ;
#6009 = CARTESIAN_POINT ( 'NONE',  ( 23.00000000000000000, 12.44299683239223420, -9.016664371298716674 ) ) ;
#6010 = AXIS2_PLACEMENT_3D ( 'NONE', #7219, #1781, #4795 ) ;
#6011 = LINE ( 'NONE', #624, #6828 ) ;
#6012 = CYLINDRICAL_SURFACE ( 'NONE', #2380, 2.800000000000000266 ) ;
#6013 = LINE ( 'NONE', #6691, #4360 ) ;
#6014 = DIRECTION ( 'NONE',  ( -0.000000000000000000, 0.000000000000000000, 1.000000000000000000 ) ) ;
#6015 = CIRCLE ( 'NONE', #2344, 0.5000000000000004441 ) ;
#6016 = ORIENTED_EDGE ( 'NONE', *, *, #2503, .F. ) ;
#6017 = B_SPLINE_CURVE_WITH_KNOTS ( 'NONE', 3,
 ( #2823, #2039, #1473, #3849, #5678, #4574, #6958, #2670, #5166, #5089 ),
 .UNSPECIFIED., .F., .F.,
 ( 4, 2, 2, 2, 4 ),
 ( -7.071067811952008455E-06, 0.0005360988057289328354, 0.001079268679269817675, 0.001622438552810702515, 0.002165608426351587137 ),
 .UNSPECIFIED. ) ;
#6018 = LINE ( 'NONE', #5983, #5387 ) ;
#6019 = CARTESIAN_POINT ( 'NONE',  ( 20.50000000000001066, -34.39999999999999858, -8.199999999999999289 ) ) ;
#6020 = CARTESIAN_POINT ( 'NONE',  ( 13.90000000000000213, 27.59999999999999787, -10.10000000000000142 ) ) ;
#6021 = CIRCLE ( 'NONE', #1845, 4.000000000000000000 ) ;
#6022 = AXIS2_PLACEMENT_3D ( 'NONE', #3297, #3967, #5709 ) ;
#6023 = DIRECTION ( 'NONE',  ( 0.000000000000000000, 0.000000000000000000, 1.000000000000000000 ) ) ;
#6024 = ORIENTED_EDGE ( 'NONE', *, *, #3345, .F. ) ;
#6025 = ORIENTED_EDGE ( 'NONE', *, *, #7360, .T. ) ;
#6026 = ORIENTED_EDGE ( 'NONE', *, *, #4286, .F. ) ;
#6027 = DIRECTION ( 'NONE',  ( -0.000000000000000000, 1.000000000000000000, 1.535153518563546084E-16 ) ) ;
#6028 = DIRECTION ( 'NONE',  ( 0.000000000000000000, -0.5867752483892765270, -0.8097498427772017449 ) ) ;
#6029 = EDGE_CURVE ( 'NONE', #6560, #449, #5075, .T. ) ;
#6030 = DIRECTION ( 'NONE',  ( -0.8660254037844389297, -0.4999999999999995004, 0.000000000000000000 ) ) ;
#6031 = AXIS2_PLACEMENT_3D ( 'NONE', #839, #2156, #2108 ) ;
#6032 = VECTOR ( 'NONE', #3578, 1000.000000000000000 ) ;
#6033 = AXIS2_PLACEMENT_3D ( 'NONE', #560, #7785, #6665 ) ;
#6034 = ORIENTED_EDGE ( 'NONE', *, *, #7773, .F. ) ;
#6035 = VERTEX_POINT ( 'NONE', #308 ) ;
#6036 = AXIS2_PLACEMENT_3D ( 'NONE', #3720, #709, #3135 ) ;
#6037 = DIRECTION ( 'NONE',  ( 0.000000000000000000, -2.090028284309406488E-16, -1.000000000000000000 ) ) ;
#6038 = CARTESIAN_POINT ( 'NONE',  ( 10.90000000000000213, 24.10000000000001208, -14.60000000000000320 ) ) ;
#6039 = AXIS2_PLACEMENT_3D ( 'NONE', #7544, #2736, #5159 ) ;
#6040 = DIRECTION ( 'NONE',  ( 0.000000000000000000, -1.000000000000000000, 0.000000000000000000 ) ) ;
#6041 = VECTOR ( 'NONE', #6536, 1000.000000000000000 ) ;
#6042 = FACE_OUTER_BOUND ( 'NONE', #3682, .T. ) ;
#6043 = EDGE_CURVE ( 'NONE', #3655, #3856, #1581, .T. ) ;
#6044 = DIRECTION ( 'NONE',  ( 0.000000000000000000, 0.000000000000000000, 1.000000000000000000 ) ) ;
#6045 = AXIS2_PLACEMENT_3D ( 'NONE', #942, #6375, #1577 ) ;
#6046 = ADVANCED_FACE ( 'NONE', ( #3995 ), #821, .T. ) ;
#6047 = ORIENTED_EDGE ( 'NONE', *, *, #6245, .F. ) ;
#6048 = VECTOR ( 'NONE', #1337, 1000.000000000000000 ) ;
#6049 = ORIENTED_EDGE ( 'NONE', *, *, #2375, .F. ) ;
#6050 = ORIENTED_EDGE ( 'NONE', *, *, #227, .F. ) ;
#6051 = DIRECTION ( 'NONE',  ( 1.000000000000000000, 0.000000000000000000, 0.000000000000000000 ) ) ;
#6052 = AXIS2_PLACEMENT_3D ( 'NONE', #5216, #455, #5926 ) ;
#6053 = CARTESIAN_POINT ( 'NONE',  ( -0.4142135623730951455, -22.14427293453094947, 17.09999999999999787 ) ) ;
#6054 = CARTESIAN_POINT ( 'NONE',  ( 11.04644660940672907, 26.74644660940672480, -9.600000000000001421 ) ) ;
#6055 = CARTESIAN_POINT ( 'NONE',  ( 28.59999999999999787, -3.233161507461907558, 17.10000000000000497 ) ) ;
#6056 = EDGE_CURVE ( 'NONE', #1505, #754, #6981, .T. ) ;
#6057 = CIRCLE ( 'NONE', #5295, 0.4999999999999994449 ) ;
#6058 = CARTESIAN_POINT ( 'NONE',  ( 0.000000000000000000, 5.834403393449441921, 13.90466383879213019 ) ) ;
#6059 = VECTOR ( 'NONE', #7494, 1000.000000000000000 ) ;
#6060 = ORIENTED_EDGE ( 'NONE', *, *, #3958, .T. ) ;
#6061 = AXIS2_PLACEMENT_3D ( 'NONE', #3270, #5685, #2712 ) ;
#6062 = LINE ( 'NONE', #631, #6273 ) ;
#6063 = CARTESIAN_POINT ( 'NONE',  ( 11.90000000000000391, 27.09999999999999787, -9.600000000000001421 ) ) ;
#6064 = DIRECTION ( 'NONE',  ( -0.000000000000000000, 0.000000000000000000, 1.000000000000000000 ) ) ;
#6065 = ADVANCED_FACE ( 'NONE', ( #3702 ), #6847, .T. ) ;
#6066 = AXIS2_PLACEMENT_3D ( 'NONE', #1574, #6892, #3989 ) ;
#6067 = VECTOR ( 'NONE', #5654, 1000.000000000000000 ) ;
#6068 = DIRECTION ( 'NONE',  ( 0.000000000000000000, 1.515042337097648137E-16, -1.000000000000000000 ) ) ;
#6069 = ORIENTED_EDGE ( 'NONE', *, *, #1152, .T. ) ;
#6070 = EDGE_LOOP ( 'NONE', ( #1660, #2385, #5998, #7254 ) ) ;
#6071 = VECTOR ( 'NONE', #3884, 1000.000000000000000 ) ;
#6072 = ORIENTED_EDGE ( 'NONE', *, *, #5318, .T. ) ;
#6073 = CARTESIAN_POINT ( 'NONE',  ( 25.80000000000000071, -3.498314677414608553, -15.36032574516783455 ) ) ;
#6074 = CYLINDRICAL_SURFACE ( 'NONE', #4629, 2.999999999999999112 ) ;
#6075 = DIRECTION ( 'NONE',  ( 0.000000000000000000, 0.000000000000000000, 1.000000000000000000 ) ) ;
#6076 = ORIENTED_EDGE ( 'NONE', *, *, #2450, .T. ) ;
#6077 = ADVANCED_FACE ( 'NONE', ( #4459 ), #1824, .F. ) ;
#6078 = ORIENTED_EDGE ( 'NONE', *, *, #6029, .F. ) ;
#6079 = DIRECTION ( 'NONE',  ( 0.000000000000000000, 0.000000000000000000, 1.000000000000000000 ) ) ;
#6080 = PLANE ( 'NONE',  #378 ) ;
#6081 = DIRECTION ( 'NONE',  ( -1.000000000000000000, -0.000000000000000000, 0.000000000000000000 ) ) ;
#6082 = CARTESIAN_POINT ( 'NONE',  ( 4.336808689942017736E-16, -25.61658075373095755, 17.10000000000000142 ) ) ;
#6083 = ORIENTED_EDGE ( 'NONE', *, *, #1057, .T. ) ;
#6084 = ORIENTED_EDGE ( 'NONE', *, *, #883, .T. ) ;
#6085 = EDGE_CURVE ( 'NONE', #405, #5342, #6803, .T. ) ;
#6086 = ORIENTED_EDGE ( 'NONE', *, *, #6056, .F. ) ;
#6087 = DIRECTION ( 'NONE',  ( 0.000000000000000000, 0.000000000000000000, -1.000000000000000000 ) ) ;
#6088 = FACE_BOUND ( 'NONE', #6983, .T. ) ;
#6089 = CARTESIAN_POINT ( 'NONE',  ( 11.39999999996729763, 24.03453835922335102, -9.599999999999999645 ) ) ;
#6090 = EDGE_CURVE ( 'NONE', #1593, #7426, #725, .T. ) ;
#6091 = DIRECTION ( 'NONE',  ( 1.000000000000000000, 0.000000000000000000, 0.000000000000000000 ) ) ;
#6092 = DIRECTION ( 'NONE',  ( -0.8660254037844387076, 0.4999999999999997224, 0.000000000000000000 ) ) ;
#6093 = ORIENTED_EDGE ( 'NONE', *, *, #565, .T. ) ;
#6094 = ADVANCED_FACE ( 'NONE', ( #1320, #4335 ), #6162, .T. ) ;
#6095 = FACE_OUTER_BOUND ( 'NONE', #6254, .T. ) ;
#6096 = DIRECTION ( 'NONE',  ( 0.000000000000000000, 0.000000000000000000, 1.000000000000000000 ) ) ;
#6097 = EDGE_CURVE ( 'NONE', #7150, #1275, #4249, .T. ) ;
#6098 = DIRECTION ( 'NONE',  ( -0.000000000000000000, -0.000000000000000000, -1.000000000000000000 ) ) ;
#6099 = CARTESIAN_POINT ( 'NONE',  ( 23.00000000000000000, -12.59999999999999609, 5.721150157109078371 ) ) ;
#6100 = DIRECTION ( 'NONE',  ( 1.000000000000000000, 0.000000000000000000, 0.000000000000000000 ) ) ;
#6101 = ORIENTED_EDGE ( 'NONE', *, *, #7358, .F. ) ;
#6102 = ORIENTED_EDGE ( 'NONE', *, *, #522, .F. ) ;
#6103 = EDGE_CURVE ( 'NONE', #814, #2578, #1959, .T. ) ;
#6104 = ORIENTED_EDGE ( 'NONE', *, *, #3399, .F. ) ;
#6105 = DIRECTION ( 'NONE',  ( 0.000000000000000000, 0.000000000000000000, 1.000000000000000000 ) ) ;
#6106 = DIRECTION ( 'NONE',  ( 1.000000000000000000, 0.000000000000000000, 0.000000000000000000 ) ) ;
#6107 = CARTESIAN_POINT ( 'NONE',  ( 12.90000000000000746, -34.39999999999999858, -7.699999999999998401 ) ) ;
#6108 = DIRECTION ( 'NONE',  ( 0.000000000000000000, 0.5867752483892765270, 0.8097498427772017449 ) ) ;
#6109 = VERTEX_POINT ( 'NONE', #4372 ) ;
#6110 = ORIENTED_EDGE ( 'NONE', *, *, #6756, .T. ) ;
#6111 = CARTESIAN_POINT ( 'NONE',  ( 1.900000000000009237, -34.39999999999999858, -12.39999999999999858 ) ) ;
#6112 = FACE_OUTER_BOUND ( 'NONE', #3455, .T. ) ;
#6113 = DIRECTION ( 'NONE',  ( 0.000000000000000000, -1.000000000000000000, -1.535153518563546330E-16 ) ) ;
#6114 = LINE ( 'NONE', #1838, #7300 ) ;
#6115 = ORIENTED_EDGE ( 'NONE', *, *, #1874, .F. ) ;
#6116 = B_SPLINE_CURVE_WITH_KNOTS ( 'NONE', 3,
 ( #3693, #3097, #2508, #5557, #4930, #4327, #1997, #680, #7355, #3657 ),
 .UNSPECIFIED., .F., .F.,
 ( 4, 2, 2, 2, 4 ),
 ( 0.000000000000000000, 0.0006271728830658828465, 0.001254345766131765693, 0.001881518649197648540, 0.002508691532263531386 ),
 .UNSPECIFIED. ) ;
#6117 = ORIENTED_EDGE ( 'NONE', *, *, #6672, .T. ) ;
#6118 = ORIENTED_EDGE ( 'NONE', *, *, #1679, .F. ) ;
#6119 = CYLINDRICAL_SURFACE ( 'NONE', #1365, 0.5000000000000004441 ) ;
#6120 = DIRECTION ( 'NONE',  ( 1.000000000000000000, 0.000000000000000000, 0.000000000000000000 ) ) ;
#6121 = DIRECTION ( 'NONE',  ( 0.000000000000000000, 1.000000000000000000, 0.000000000000000000 ) ) ;
#6122 = CARTESIAN_POINT ( 'NONE',  ( 10.53092328659084842, 23.60000000000000142, -9.165461643295182981 ) ) ;
#6123 = DIRECTION ( 'NONE',  ( -0.000000000000000000, 0.000000000000000000, 1.000000000000000000 ) ) ;
#6124 = CARTESIAN_POINT ( 'NONE',  ( 0.000000000000000000, -14.52582457413839556, 22.59999999999999787 ) ) ;
#6125 = ADVANCED_FACE ( 'NONE', ( #2637 ), #2588, .F. ) ;
#6126 = ORIENTED_EDGE ( 'NONE', *, *, #5748, .F. ) ;
#6127 = DIRECTION ( 'NONE',  ( -0.000000000000000000, 1.535153518563546330E-16, -1.000000000000000000 ) ) ;
#6128 = CARTESIAN_POINT ( 'NONE',  ( 19.60632217428285173, -22.89999999999999503, -7.234070302438480482 ) ) ;
#6129 = LINE ( 'NONE', #696, #6704 ) ;
#6130 = CARTESIAN_POINT ( 'NONE',  ( 19.88277567112099220, -28.89999999999999858, 17.09999999999999787 ) ) ;
#6131 = PLANE ( 'NONE',  #6583 ) ;
#6132 = EDGE_CURVE ( 'NONE', #913, #2197, #5791, .T. ) ;
#6133 = FACE_OUTER_BOUND ( 'NONE', #2180, .T. ) ;
#6134 = VECTOR ( 'NONE', #2477, 1000.000000000000000 ) ;
#6135 = ORIENTED_EDGE ( 'NONE', *, *, #2551, .T. ) ;
#6136 = ADVANCED_FACE ( 'NONE', ( #7686 ), #6809, .F. ) ;
#6137 = EDGE_LOOP ( 'NONE', ( #154, #5343, #4052, #6900 ) ) ;
#6138 = ORIENTED_EDGE ( 'NONE', *, *, #295, .T. ) ;
#6139 = AXIS2_PLACEMENT_3D ( 'NONE', #6003, #5446, #2989 ) ;
#6140 = LINE ( 'NONE', #6184, #3121 ) ;
#6141 = CARTESIAN_POINT ( 'NONE',  ( -2.799999999999998934, -24.00000000000000355, 19.59999999999999787 ) ) ;
#6142 = CARTESIAN_POINT ( 'NONE',  ( 4.781713994072089413, -23.00148363904241577, 16.55461151337333803 ) ) ;
#6143 = DIRECTION ( 'NONE',  ( 1.000000000000000000, 0.000000000000000000, -0.000000000000000000 ) ) ;
#6144 = ADVANCED_FACE ( 'NONE', ( #1496 ), #5889, .T. ) ;
#6145 = DIRECTION ( 'NONE',  ( 1.000000000000000000, -1.982541115402067674E-15, 0.000000000000000000 ) ) ;
#6146 = EDGE_LOOP ( 'NONE', ( #5315, #2742, #6024, #3071 ) ) ;
#6147 = CIRCLE ( 'NONE', #2734, 7.600000000000004086 ) ;
#6148 = ORIENTED_EDGE ( 'NONE', *, *, #448, .T. ) ;
#6149 = LINE ( 'NONE', #2463, #1341 ) ;
#6150 = CARTESIAN_POINT ( 'NONE',  ( 23.50000000000000000, -22.39999999999999503, -12.89999999999999858 ) ) ;
#6151 = VECTOR ( 'NONE', #5912, 1000.000000000000000 ) ;
#6152 = PERSON_AND_ORGANIZATION ( #2131, #755 ) ;
#6153 = DIRECTION ( 'NONE',  ( 1.000000000000000000, 0.000000000000000000, 0.000000000000000000 ) ) ;
#6154 = EDGE_CURVE ( 'NONE', #3604, #6362, #7618, .T. ) ;
#6155 = CARTESIAN_POINT ( 'NONE',  ( 14.91301366530697337, 23.96912604902990651, -14.12602733061405758 ) ) ;
#6156 = VECTOR ( 'NONE', #2706, 1000.000000000000000 ) ;
#6157 = VERTEX_POINT ( 'NONE', #1619 ) ;
#6158 = AXIS2_PLACEMENT_3D ( 'NONE', #1110, #6542, #5268 ) ;
#6159 = ORIENTED_EDGE ( 'NONE', *, *, #211, .F. ) ;
#6160 = VECTOR ( 'NONE', #2150, 1000.000000000000000 ) ;
#6161 = DIRECTION ( 'NONE',  ( 0.000000000000000000, 6.938893903907229364E-16, -1.000000000000000000 ) ) ;
#6162 = CYLINDRICAL_SURFACE ( 'NONE', #2376, 7.000000000000000888 ) ;
#6163 = CARTESIAN_POINT ( 'NONE',  ( 36.00000000000000711, -17.59999999999999787, 14.82720000870367372 ) ) ;
#6164 = LINE ( 'NONE', #141, #5795 ) ;
#6165 = DIRECTION ( 'NONE',  ( 1.000000000000000000, -0.000000000000000000, -0.000000000000000000 ) ) ;
#6166 = CARTESIAN_POINT ( 'NONE',  ( 21.11583836257748814, -24.64999999999999503, -8.199999999999999289 ) ) ;
#6167 = CIRCLE ( 'NONE', #6937, 1.600000000000000089 ) ;
#6168 = EDGE_LOOP ( 'NONE', ( #7557, #3174, #1387, #3937 ) ) ;
#6169 = FACE_OUTER_BOUND ( 'NONE', #436, .T. ) ;
#6170 = AXIS2_PLACEMENT_3D ( 'NONE', #78, #3552, #6106 ) ;
#6171 = EDGE_CURVE ( 'NONE', #6871, #7684, #4428, .T. ) ;
#6172 = CARTESIAN_POINT ( 'NONE',  ( 6.450122163961032662, 17.51646306006528420, -22.60000000000000142 ) ) ;
#6173 = AXIS2_PLACEMENT_3D ( 'NONE', #7248, #579, #6645 ) ;
#6174 = CARTESIAN_POINT ( 'NONE',  ( 25.80000000000000071, 20.80000000000047677, -16.05815412272487919 ) ) ;
#6175 = CARTESIAN_POINT ( 'NONE',  ( 23.00000000000000000, -4.999999999999996447, 14.60000000000000142 ) ) ;
#6176 = DIRECTION ( 'NONE',  ( 0.000000000000000000, 1.515042337097648137E-16, -1.000000000000000000 ) ) ;
#6177 = DIRECTION ( 'NONE',  ( 0.000000000000000000, 0.9998374676887846757, -0.01802881598104356942 ) ) ;
#6178 = EDGE_LOOP ( 'NONE', ( #3193, #4751, #4325, #3302 ) ) ;
#6179 = CIRCLE ( 'NONE', #3526, 5.999999999999998224 ) ;
#6180 = ORIENTED_EDGE ( 'NONE', *, *, #2955, .T. ) ;
#6181 = ADVANCED_FACE ( 'NONE', ( #3403 ), #5143, .T. ) ;
#6182 = ORIENTED_EDGE ( 'NONE', *, *, #6090, .F. ) ;
#6183 = AXIS2_PLACEMENT_3D ( 'NONE', #2087, #4504, #3315 ) ;
#6184 = CARTESIAN_POINT ( 'NONE',  ( 0.000000000000000000, 9.474175425861606215, 22.60000000000000142 ) ) ;
#6185 = DIRECTION ( 'NONE',  ( 0.000000000000000000, 1.000000000000000000, 1.535153518563546084E-16 ) ) ;
#6186 = AXIS2_PLACEMENT_3D ( 'NONE', #7073, #5353, #7784 ) ;
#6187 = FACE_OUTER_BOUND ( 'NONE', #4961, .T. ) ;
#6188 = EDGE_CURVE ( 'NONE', #4676, #2687, #6431, .T. ) ;
#6189 = LINE ( 'NONE', #2296, #1595 ) ;
#6190 = PLANE ( 'NONE',  #1742 ) ;
#6191 = CIRCLE ( 'NONE', #2780, 0.5000000000000004441 ) ;
#6192 = ORIENTED_EDGE ( 'NONE', *, *, #7360, .F. ) ;
#6193 = VECTOR ( 'NONE', #5724, 1000.000000000000000 ) ;
#6194 = ADVANCED_FACE ( 'NONE', ( #4036 ), #6463, .T. ) ;
#6195 = ORIENTED_EDGE ( 'NONE', *, *, #4755, .T. ) ;
#6196 = CARTESIAN_POINT ( 'NONE',  ( 28.60000000000000142, -3.766896785601943786E-15, 17.10000000000000497 ) ) ;
#6197 = DIRECTION ( 'NONE',  ( -0.000000000000000000, 1.000000000000000000, 1.535153518563546084E-16 ) ) ;
#6198 = CYLINDRICAL_SURFACE ( 'NONE', #339, 0.5000000000000004441 ) ;
#6199 = PRODUCT_DEFINITION_FORMATION_WITH_SPECIFIED_SOURCE ( '任何', '', #889, .NOT_KNOWN. ) ;
#6200 = LINE ( 'NONE', #1403, #6669 ) ;
#6201 =( BOUNDED_CURVE ( )  B_SPLINE_CURVE ( 3, ( #4745, #6053, #7166, #4901 ),
 .UNSPECIFIED., .F., .T. ) 
 B_SPLINE_CURVE_WITH_KNOTS ( ( 4, 4 ),
 ( 1.570796326794896336, 3.141592653589793116 ),
 .UNSPECIFIED. ) 
 CURVE ( )  GEOMETRIC_REPRESENTATION_ITEM ( )  RATIONAL_B_SPLINE_CURVE ( ( 1.000000000000000000, 0.8047378541243649375, 0.8047378541243649375, 1.000000000000000000 ) ) 
 REPRESENTATION_ITEM ( '' )  );
#6202 = VERTEX_POINT ( 'NONE', #7531 ) ;
#6203 = EDGE_CURVE ( 'NONE', #6789, #4839, #1060, .T. ) ;
#6204 = ORIENTED_EDGE ( 'NONE', *, *, #6798, .F. ) ;
#6205 = CARTESIAN_POINT ( 'NONE',  ( 25.80000000000000071, -17.59999999999999787, 9.736228481429796133 ) ) ;
#6206 = DIRECTION ( 'NONE',  ( 0.000000000000000000, 0.000000000000000000, 1.000000000000000000 ) ) ;
#6207 = LINE ( 'NONE', #3229, #749 ) ;
#6208 = CARTESIAN_POINT ( 'NONE',  ( 28.60000000000000142, -24.00000000000000355, 17.09999999999999787 ) ) ;
#6209 = DIRECTION ( 'NONE',  ( -0.000000000000000000, -0.000000000000000000, -1.000000000000000000 ) ) ;
#6210 = LINE ( 'NONE', #1324, #5263 ) ;
#6211 = ORIENTED_EDGE ( 'NONE', *, *, #4852, .T. ) ;
#6212 = CARTESIAN_POINT ( 'NONE',  ( -2.799999999999999822, -3.766896785601943786E-15, 17.10000000000000497 ) ) ;
#6213 = CARTESIAN_POINT ( 'NONE',  ( 3.041353077137680661, 20.55864692286361262, -21.45630311248146427 ) ) ;
#6214 = APPROVAL ( #48, '未指定' ) ;
#6215 = CARTESIAN_POINT ( 'NONE',  ( 24.87482119132729963, 20.24489271479630403, -19.10805472180695475 ) ) ;
#6216 = LINE ( 'NONE', #784, #1620 ) ;
#6217 = DIRECTION ( 'NONE',  ( 0.000000000000000000, 1.535153518563546330E-16, -1.000000000000000000 ) ) ;
#6218 = DIRECTION ( 'NONE',  ( -1.000000000000000000, -0.000000000000000000, -0.000000000000000000 ) ) ;
#6219 = ORIENTED_EDGE ( 'NONE', *, *, #5336, .T. ) ;
#6220 = ORIENTED_EDGE ( 'NONE', *, *, #4246, .F. ) ;
#6221 = ORIENTED_EDGE ( 'NONE', *, *, #3331, .T. ) ;
#6222 = LINE ( 'NONE', #790, #4017 ) ;
#6223 = CARTESIAN_POINT ( 'NONE',  ( 19.24500966919051592, -22.89999999999999858, -7.199999999999999289 ) ) ;
#6224 = DIRECTION ( 'NONE',  ( -0.000000000000000000, -0.000000000000000000, -1.000000000000000000 ) ) ;
#6225 = DIRECTION ( 'NONE',  ( 0.000000000000000000, 0.000000000000000000, -1.000000000000000000 ) ) ;
#6226 = DIRECTION ( 'NONE',  ( 0.000000000000000000, 0.000000000000000000, -1.000000000000000000 ) ) ;
#6227 = ADVANCED_FACE ( 'NONE', ( #6931 ), #6338, .F. ) ;
#6228 = ORIENTED_EDGE ( 'NONE', *, *, #3668, .F. ) ;
#6229 = ORIENTED_EDGE ( 'NONE', *, *, #7192, .F. ) ;
#6230 = CARTESIAN_POINT ( 'NONE',  ( 19.90000000000000213, 23.59999999999999787, -12.24999999999999645 ) ) ;
#6231 = FACE_OUTER_BOUND ( 'NONE', #3492, .T. ) ;
#6232 = PERSON_AND_ORGANIZATION ( #2131, #755 ) ;
#6233 = DIRECTION ( 'NONE',  ( -0.000000000000000000, 0.000000000000000000, 1.000000000000000000 ) ) ;
#6234 = CARTESIAN_POINT ( 'NONE',  ( 15.26912605238318932, 23.61301366391799661, -14.83825210476639000 ) ) ;
#6235 = ADVANCED_FACE ( 'NONE', ( #940 ), #3354, .F. ) ;
#6236 = VERTEX_POINT ( 'NONE', #1097 ) ;
#6237 = EDGE_CURVE ( 'NONE', #1269, #2239, #4105, .T. ) ;
#6238 = ORIENTED_EDGE ( 'NONE', *, *, #1393, .T. ) ;
#6239 = DIRECTION ( 'NONE',  ( 6.938893903907221278E-15, 1.000000000000000000, -0.000000000000000000 ) ) ;
#6240 = CARTESIAN_POINT ( 'NONE',  ( 5.061814537479355280, -22.92058543847693386, -8.079210951596019541 ) ) ;
#6241 = DIRECTION ( 'NONE',  ( 0.000000000000000000, -0.7682212795973759611, 0.6401843996644797086 ) ) ;
#6242 = DIRECTION ( 'NONE',  ( 0.000000000000000000, 0.5867752483892763049, -0.8097498427772017449 ) ) ;
#6243 = CARTESIAN_POINT ( 'NONE',  ( -2.799999999999998046, -3.233161507461907558, 17.10000000000000497 ) ) ;
#6244 = DIRECTION ( 'NONE',  ( 1.000000000000000000, 0.000000000000000000, 0.000000000000000000 ) ) ;
#6245 = EDGE_CURVE ( 'NONE', #355, #6391, #5414, .T. ) ;
#6246 = EDGE_LOOP ( 'NONE', ( #5238, #6985, #1968, #5739, #3234 ) ) ;
#6247 = LINE ( 'NONE', #4343, #100 ) ;
#6248 = CARTESIAN_POINT ( 'NONE',  ( 25.44248273068395605, 20.58548963841033341, -17.85550961202299192 ) ) ;
#6249 = CARTESIAN_POINT ( 'NONE',  ( 11.58449055682098638, 22.89665653434282078, -18.65937149212959056 ) ) ;
#6250 = AXIS2_PLACEMENT_3D ( 'NONE', #5146, #6415, #2136 ) ;
#6251 = DIRECTION ( 'NONE',  ( 0.000000000000000000, 1.000000000000000000, 2.011273595335428326E-16 ) ) ;
#6252 = EDGE_CURVE ( 'NONE', #3428, #6485, #3268, .T. ) ;
#6253 = CARTESIAN_POINT ( 'NONE',  ( 25.80000000000000071, 2.363466045872331508E-15, -15.60000000000000320 ) ) ;
#6254 = EDGE_LOOP ( 'NONE', ( #1833, #3875, #6086, #5023, #3690, #6371 ) ) ;
#6255 = VECTOR ( 'NONE', #3444, 1000.000000000000000 ) ;
#6256 = VERTEX_POINT ( 'NONE', #3592 ) ;
#6257 = ORIENTED_EDGE ( 'NONE', *, *, #1562, .T. ) ;
#6258 = DIRECTION ( 'NONE',  ( 0.000000000000000000, 1.000000000000000000, 1.535153518563546084E-16 ) ) ;
#6259 = DIRECTION ( 'NONE',  ( -0.000000000000000000, 1.000000000000000000, 1.535153518563546084E-16 ) ) ;
#6260 = FACE_OUTER_BOUND ( 'NONE', #2996, .T. ) ;
#6261 = AXIS2_PLACEMENT_3D ( 'NONE', #1739, #7806, #1216 ) ;
#6262 = CARTESIAN_POINT ( 'NONE',  ( 10.40000000000000213, 23.60000000000000142, -15.10000000000000142 ) ) ;
#6263 = FACE_OUTER_BOUND ( 'NONE', #7779, .T. ) ;
#6264 = VERTEX_POINT ( 'NONE', #1811 ) ;
#6265 = VECTOR ( 'NONE', #5813, 1000.000000000000000 ) ;
#6266 = EDGE_LOOP ( 'NONE', ( #1673, #4907, #5273, #1733 ) ) ;
#6267 = ORIENTED_EDGE ( 'NONE', *, *, #2846, .F. ) ;
#6268 = DIRECTION ( 'NONE',  ( 0.000000000000000000, 1.000000000000000000, 1.535153518563546084E-16 ) ) ;
#6269 = CARTESIAN_POINT ( 'NONE',  ( 2.299999999999999822, -22.39999999999999503, -12.89999999999999858 ) ) ;
#6270 = ADVANCED_FACE ( 'NONE', ( #1212 ), #4190, .F. ) ;
#6271 = CARTESIAN_POINT ( 'NONE',  ( 10.90000000000000391, 24.10000000000000497, -15.10000000000000142 ) ) ;
#6272 = CARTESIAN_POINT ( 'NONE',  ( 15.20167848647295195, 23.62776780442325375, -14.90167848647295479 ) ) ;
#6273 = VECTOR ( 'NONE', #1854, 999.9999999999998863 ) ;
#6274 = CIRCLE ( 'NONE', #3869, 0.5000000000000004441 ) ;
#6275 = ORIENTED_EDGE ( 'NONE', *, *, #7236, .T. ) ;
#6276 = VERTEX_POINT ( 'NONE', #2923 ) ;
#6277 = AXIS2_PLACEMENT_3D ( 'NONE', #4530, #7146, #4764 ) ;
#6278 = CARTESIAN_POINT ( 'NONE',  ( 1.387778780781445676E-14, -17.59999999999999787, 5.721150157109079259 ) ) ;
#6279 = EDGE_CURVE ( 'NONE', #566, #5086, #3000, .T. ) ;
#6280 = CARTESIAN_POINT ( 'NONE',  ( 6.554990330809499000, -22.89999999999999858, -7.699999999999999289 ) ) ;
#6281 = CIRCLE ( 'NONE', #2243, 1.600000000000000089 ) ;
#6282 = FACE_OUTER_BOUND ( 'NONE', #4528, .T. ) ;
#6283 = FACE_BOUND ( 'NONE', #2052, .T. ) ;
#6284 = CARTESIAN_POINT ( 'NONE',  ( 23.00000000000000000, -12.50985592009477898, 14.73541581987371707 ) ) ;
#6285 = DIRECTION ( 'NONE',  ( 1.000000000000000000, 0.000000000000000000, 0.000000000000000000 ) ) ;
#6286 = EDGE_CURVE ( 'NONE', #5279, #3474, #7280, .T. ) ;
#6287 = AXIS2_PLACEMENT_3D ( 'NONE', #7419, #2732, #6901 ) ;
#6288 = CIRCLE ( 'NONE', #3627, 2.999999999999999112 ) ;
#6289 = AXIS2_PLACEMENT_3D ( 'NONE', #5972, #6113, #5630 ) ;
#6290 = EDGE_LOOP ( 'NONE', ( #1075, #5076, #4491, #1082 ) ) ;
#6291 = CARTESIAN_POINT ( 'NONE',  ( 25.80000000000000071, -4.999999999999996447, 14.60000000000000142 ) ) ;
#6292 = EDGE_CURVE ( 'NONE', #1282, #1852, #5167, .T. ) ;
#6293 = AXIS2_PLACEMENT_3D ( 'NONE', #6130, #2486, #2418 ) ;
#6294 = CARTESIAN_POINT ( 'NONE',  ( 21.57547235366313032, 21.22578725610522099, -20.87370768050644898 ) ) ;
#6295 = CARTESIAN_POINT ( 'NONE',  ( 0.03003420635246291728, 2.484424476582195673, -16.25343301070637381 ) ) ;
#6296 = DIRECTION ( 'NONE',  ( 0.000000000000000000, 0.000000000000000000, 1.000000000000000000 ) ) ;
#6297 = AXIS2_PLACEMENT_3D ( 'NONE', #2187, #6312, #6473 ) ;
#6298 = EDGE_LOOP ( 'NONE', ( #6101, #1922, #4397, #4916, #2492 ) ) ;
#6299 = DIRECTION ( 'NONE',  ( 0.000000000000000000, -2.090028284309406488E-16, 1.000000000000000000 ) ) ;
#6300 = ORIENTED_EDGE ( 'NONE', *, *, #5541, .T. ) ;
#6301 = VECTOR ( 'NONE', #3670, 1000.000000000000000 ) ;
#6302 = VERTEX_POINT ( 'NONE', #4710 ) ;
#6303 = VECTOR ( 'NONE', #4593, 1000.000000000000000 ) ;
#6304 = VERTEX_POINT ( 'NONE', #5452 ) ;
#6305 = EDGE_CURVE ( 'NONE', #4539, #5227, #3667, .T. ) ;
#6306 = DIRECTION ( 'NONE',  ( 1.000000000000000000, -0.000000000000000000, 0.000000000000000000 ) ) ;
#6307 = CARTESIAN_POINT ( 'NONE',  ( 2.799999999999999822, 3.338714168256810878E-15, -16.60000000000000142 ) ) ;
#6308 = LINE ( 'NONE', #5708, #4278 ) ;
#6309 = AXIS2_PLACEMENT_3D ( 'NONE', #4400, #7348, #7155 ) ;
#6310 = CYLINDRICAL_SURFACE ( 'NONE', #6656, 5.000000000000000000 ) ;
#6311 = AXIS2_PLACEMENT_3D ( 'NONE', #621, #2293, #3042 ) ;
#6312 = DIRECTION ( 'NONE',  ( -0.000000000000000000, -0.000000000000000000, -1.000000000000000000 ) ) ;
#6313 = VERTEX_POINT ( 'NONE', #2439 ) ;
#6314 = VECTOR ( 'NONE', #895, 1000.000000000000000 ) ;
#6315 = VERTEX_POINT ( 'NONE', #4857 ) ;
#6316 = ORIENTED_EDGE ( 'NONE', *, *, #4872, .F. ) ;
#6317 = VECTOR ( 'NONE', #6197, 1000.000000000000000 ) ;
#6318 = DIRECTION ( 'NONE',  ( -0.000000000000000000, 1.000000000000000000, -0.000000000000000000 ) ) ;
#6319 = DIRECTION ( 'NONE',  ( 1.000000000000000000, 0.000000000000000000, -0.000000000000000000 ) ) ;
#6320 = CARTESIAN_POINT ( 'NONE',  ( 2.400000000000009681, -34.39999999999999858, -8.199999999999999289 ) ) ;
#6321 = VECTOR ( 'NONE', #828, 1000.000000000000000 ) ;
#6322 = DIRECTION ( 'NONE',  ( -1.000000000000000000, 0.000000000000000000, 0.000000000000000000 ) ) ;
#6323 = VECTOR ( 'NONE', #7750, 1000.000000000000000 ) ;
#6324 = ORIENTED_EDGE ( 'NONE', *, *, #7545, .F. ) ;
#6325 = VERTEX_POINT ( 'NONE', #2881 ) ;
#6326 = CARTESIAN_POINT ( 'NONE',  ( 2.799999999999999822, 10.39733749649842842, -11.83967425483217006 ) ) ;
#6327 = CARTESIAN_POINT ( 'NONE',  ( 25.80000000000000071, -22.89999999999999503, -22.60000000000000497 ) ) ;
#6328 = VECTOR ( 'NONE', #6040, 1000.000000000000000 ) ;
#6329 = FACE_OUTER_BOUND ( 'NONE', #2561, .T. ) ;
#6330 = CARTESIAN_POINT ( 'NONE',  ( 2.799999999999999822, -2.953718350987537992E-15, 14.60000000000000142 ) ) ;
#6331 = DIRECTION ( 'NONE',  ( -1.000000000000000000, 0.000000000000000000, 0.000000000000000000 ) ) ;
#6332 = CARTESIAN_POINT ( 'NONE',  ( 2.799999999999999822, 12.82658702483003488, -13.59999999999999787 ) ) ;
#6333 = EDGE_CURVE ( 'NONE', #1843, #4987, #4262, .T. ) ;
#6334 = LOCAL_TIME ( 15, 44, 4.000000000000000000, #91 ) ;
#6335 = VERTEX_POINT ( 'NONE', #7163 ) ;
#6336 = CARTESIAN_POINT ( 'NONE',  ( 12.90000000000000036, 22.10000000000000142, -19.25000000000000000 ) ) ;
#6337 = EDGE_CURVE ( 'NONE', #3474, #1067, #2889, .T. ) ;
#6338 = PLANE ( 'NONE',  #491 ) ;
#6339 = CARTESIAN_POINT ( 'NONE',  ( 14.90000000000000391, 24.10000000000000497, -10.10000000000000142 ) ) ;
#6340 = CARTESIAN_POINT ( 'NONE',  ( 12.10638290805263217, 23.59208764948354542, -15.93589504512950938 ) ) ;
#6341 = CARTESIAN_POINT ( 'NONE',  ( 0.000000000000000000, 10.39733749649842842, -11.83967425483217006 ) ) ;
#6342 = ORIENTED_EDGE ( 'NONE', *, *, #3716, .T. ) ;
#6343 = DIRECTION ( 'NONE',  ( 0.000000000000000000, 1.000000000000000000, 0.000000000000000000 ) ) ;
#6344 = EDGE_CURVE ( 'NONE', #7604, #2854, #5300, .T. ) ;
#6345 = ORIENTED_EDGE ( 'NONE', *, *, #7, .T. ) ;
#6346 = ORIENTED_EDGE ( 'NONE', *, *, #3126, .T. ) ;
#6347 = EDGE_CURVE ( 'NONE', #7780, #3501, #5420, .T. ) ;
#6348 = ORIENTED_EDGE ( 'NONE', *, *, #4332, .F. ) ;
#6349 = FACE_OUTER_BOUND ( 'NONE', #5737, .T. ) ;
#6350 = DIRECTION ( 'NONE',  ( 0.000000000000000000, 0.000000000000000000, 1.000000000000000000 ) ) ;
#6351 = DIRECTION ( 'NONE',  ( -1.000000000000000000, 0.000000000000000000, 0.000000000000000000 ) ) ;
#6352 = CARTESIAN_POINT ( 'NONE',  ( 4.336808689942017736E-16, -25.61658075373095755, 19.59999999999999787 ) ) ;
#6353 = LINE ( 'NONE', #4600, #6551 ) ;
#6354 = EDGE_CURVE ( 'NONE', #6618, #3048, #5935, .T. ) ;
#6355 = ORIENTED_EDGE ( 'NONE', *, *, #4749, .T. ) ;
#6356 = ORIENTED_EDGE ( 'NONE', *, *, #1871, .F. ) ;
#6357 = ORIENTED_EDGE ( 'NONE', *, *, #6305, .T. ) ;
#6358 = DIRECTION ( 'NONE',  ( 0.000000000000000000, 0.000000000000000000, -1.000000000000000000 ) ) ;
#6359 = DIRECTION ( 'NONE',  ( 1.000000000000000000, 0.000000000000000000, 0.000000000000000000 ) ) ;
#6360 = CARTESIAN_POINT ( 'NONE',  ( 25.74347271249968117, -15.43577712623768505, -16.48891958280302816 ) ) ;
#6361 = CARTESIAN_POINT ( 'NONE',  ( 18.80000000000000071, 16.60000000000000497, -22.59999999999999787 ) ) ;
#6362 = VERTEX_POINT ( 'NONE', #5977 ) ;
#6363 = VERTEX_POINT ( 'NONE', #4149 ) ;
#6364 = CARTESIAN_POINT ( 'NONE',  ( 31.39999999999999858, -25.61658075373095755, 19.59999999999999787 ) ) ;
#6365 = CARTESIAN_POINT ( 'NONE',  ( 4.684161637422525004, -24.64999999999999503, -12.39999999999999858 ) ) ;
#6366 = CARTESIAN_POINT ( 'NONE',  ( 11.40000000000000391, 24.10000000000000142, -9.600000000000001421 ) ) ;
#6367 = DIRECTION ( 'NONE',  ( -0.4999999999999995004, -0.8660254037844389297, 0.000000000000000000 ) ) ;
#6368 = DIRECTION ( 'NONE',  ( 0.000000000000000000, 0.000000000000000000, 1.000000000000000000 ) ) ;
#6369 = CARTESIAN_POINT ( 'NONE',  ( 2.799999999999997158, -12.59999999999999609, 9.736228481429796133 ) ) ;
#6370 = FACE_OUTER_BOUND ( 'NONE', #7665, .T. ) ;
#6371 = ORIENTED_EDGE ( 'NONE', *, *, #5336, .F. ) ;
#6372 = DIRECTION ( 'NONE',  ( -0.000000000000000000, 1.000000000000000000, 6.938893903907229364E-16 ) ) ;
#6373 = DIRECTION ( 'NONE',  ( 0.000000000000000000, 0.5867752483892765270, -0.8097498427772017449 ) ) ;
#6374 = CARTESIAN_POINT ( 'NONE',  ( 25.80000000000000071, -1.616580753730955111, 19.60000000000000142 ) ) ;
#6375 = DIRECTION ( 'NONE',  ( 0.000000000000000000, 0.000000000000000000, 1.000000000000000000 ) ) ;
#6376 = DIRECTION ( 'NONE',  ( -0.000000000000000000, 1.000000000000000000, 1.535153518563546330E-16 ) ) ;
#6377 = EDGE_CURVE ( 'NONE', #5498, #3245, #5372, .T. ) ;
#6378 = VERTEX_POINT ( 'NONE', #4790 ) ;
#6379 = FACE_OUTER_BOUND ( 'NONE', #7845, .T. ) ;
#6380 = EDGE_LOOP ( 'NONE', ( #4953, #4854, #4290, #836 ) ) ;
#6381 = ORIENTED_EDGE ( 'NONE', *, *, #2963, .F. ) ;
#6382 = VERTEX_POINT ( 'NONE', #7215 ) ;
#6383 = CARTESIAN_POINT ( 'NONE',  ( 5.899999999999998579, 22.09999999999999787, -10.49999999999999645 ) ) ;
#6384 = FACE_BOUND ( 'NONE', #529, .T. ) ;
#6385 = EDGE_CURVE ( 'NONE', #4955, #1843, #1753, .T. ) ;
#6386 = CARTESIAN_POINT ( 'NONE',  ( 14.90000000000000391, 24.10000000000000497, -14.59999999999999964 ) ) ;
#6387 = LINE ( 'NONE', #953, #5405 ) ;
#6388 = EDGE_CURVE ( 'NONE', #3785, #2077, #3226, .T. ) ;
#6389 = EDGE_LOOP ( 'NONE', ( #3385, #7182, #4050, #2454 ) ) ;
#6390 = ORIENTED_EDGE ( 'NONE', *, *, #3815, .T. ) ;
#6391 = VERTEX_POINT ( 'NONE', #3823 ) ;
#6392 = EDGE_LOOP ( 'NONE', ( #475, #3267, #7100, #4113 ) ) ;
#6393 = PLANE ( 'NONE',  #1218 ) ;
#6394 = DIRECTION ( 'NONE',  ( 0.8660254037844389297, 0.4999999999999995559, 0.000000000000000000 ) ) ;
#6395 = EDGE_CURVE ( 'NONE', #2866, #5835, #6725, .T. ) ;
#6396 = LINE ( 'NONE', #4575, #6156 ) ;
#6397 = DIRECTION ( 'NONE',  ( 0.5000000000000003331, -0.8660254037844385966, 0.000000000000000000 ) ) ;
#6398 = EDGE_LOOP ( 'NONE', ( #7539, #4166, #118, #7747, #992 ) ) ;
#6399 = ORIENTED_EDGE ( 'NONE', *, *, #6421, .T. ) ;
#6400 = DIRECTION ( 'NONE',  ( 0.000000000000000000, -1.515042337097648137E-16, 1.000000000000000000 ) ) ;
#6401 = FACE_OUTER_BOUND ( 'NONE', #485, .T. ) ;
#6402 = EDGE_CURVE ( 'NONE', #5253, #913, #95, .T. ) ;
#6403 = CARTESIAN_POINT ( 'NONE',  ( 11.90000000000000391, 27.60000000000000142, -14.09999999999999964 ) ) ;
#6404 = AXIS2_PLACEMENT_3D ( 'NONE', #2762, #2168, #5217 ) ;
#6405 = DIRECTION ( 'NONE',  ( 0.000000000000000000, 0.000000000000000000, -1.000000000000000000 ) ) ;
#6406 = LINE ( 'NONE', #3949, #1966 ) ;
#6407 = AXIS2_PLACEMENT_3D ( 'NONE', #1702, #4111, #469 ) ;
#6408 = CARTESIAN_POINT ( 'NONE',  ( 31.39999999999999858, -25.61658075373095755, 19.59999999999999787 ) ) ;
#6409 = ORIENTED_EDGE ( 'NONE', *, *, #7556, .T. ) ;
#6410 = CARTESIAN_POINT ( 'NONE',  ( 23.00000000000000000, 13.52568602459994906, 3.590136808213382213 ) ) ;
#6411 = AXIS2_PLACEMENT_3D ( 'NONE', #6332, #6851, #899 ) ;
#6412 = CARTESIAN_POINT ( 'NONE',  ( 13.36509141862438099, 22.60870717750514558, -19.19112624764736807 ) ) ;
#6413 = LINE ( 'NONE', #7097, #2649 ) ;
#6414 = DIRECTION ( 'NONE',  ( -0.000000000000000000, -0.000000000000000000, -1.000000000000000000 ) ) ;
#6415 = DIRECTION ( 'NONE',  ( -6.938893903907221278E-15, 1.000000000000000000, 0.000000000000000000 ) ) ;
#6416 = CIRCLE ( 'NONE', #7179, 0.5000000000000004441 ) ;
#6417 = EDGE_LOOP ( 'NONE', ( #3191, #5875, #5867, #2338, #761, #4300, #7069, #3375, #1059, #5672, #2323, #1709, #2803, #729, #4946, #6722 ) ) ;
#6418 = CARTESIAN_POINT ( 'NONE',  ( 23.00000000000000000, 17.60000000000000142, 3.678449780384555972E-15 ) ) ;
#6419 = AXIS2_PLACEMENT_3D ( 'NONE', #3733, #2510, #1999 ) ;
#6420 = ORIENTED_EDGE ( 'NONE', *, *, #5415, .T. ) ;
#6421 = EDGE_CURVE ( 'NONE', #6391, #4752, #1492, .T. ) ;
#6422 = VECTOR ( 'NONE', #2333, 1000.000000000000000 ) ;
#6423 = VERTEX_POINT ( 'NONE', #1923 ) ;
#6424 = CIRCLE ( 'NONE', #4651, 1.750000000000000000 ) ;
#6425 = AXIS2_PLACEMENT_3D ( 'NONE', #2962, #2479, #61 ) ;
#6426 = DIRECTION ( 'NONE',  ( -1.000000000000000000, 0.000000000000000000, 0.000000000000000000 ) ) ;
#6427 = DIRECTION ( 'NONE',  ( 0.000000000000000000, 1.000000000000000000, 1.515042337097648137E-16 ) ) ;
#6428 = DIRECTION ( 'NONE',  ( 0.000000000000000000, 0.000000000000000000, -1.000000000000000000 ) ) ;
#6429 = VECTOR ( 'NONE', #7621, 1000.000000000000000 ) ;
#6430 = VERTEX_POINT ( 'NONE', #1319 ) ;
#6431 = CIRCLE ( 'NONE', #5798, 4.000000000000000000 ) ;
#6432 = VERTEX_POINT ( 'NONE', #1407 ) ;
#6433 = EDGE_CURVE ( 'NONE', #4752, #1039, #359, .T. ) ;
#6434 = VERTEX_POINT ( 'NONE', #2554 ) ;
#6435 = ORIENTED_EDGE ( 'NONE', *, *, #4338, .T. ) ;
#6436 = CIRCLE ( 'NONE', #6682, 0.5000000000000004441 ) ;
#6437 = EDGE_CURVE ( 'NONE', #4255, #7485, #6943, .T. ) ;
#6438 = DIRECTION ( 'NONE',  ( -1.000000000000000000, -0.000000000000000000, -0.000000000000000000 ) ) ;
#6439 = DIRECTION ( 'NONE',  ( -0.000000000000000000, 0.000000000000000000, 1.000000000000000000 ) ) ;
#6440 = VECTOR ( 'NONE', #2587, 1000.000000000000000 ) ;
#6441 = CARTESIAN_POINT ( 'NONE',  ( 36.00000000000000711, -12.59999999999999609, 9.736228481429796133 ) ) ;
#6442 =( BOUNDED_CURVE ( )  B_SPLINE_CURVE ( 3, ( #5711, #919, #283, #6951 ),
 .UNSPECIFIED., .F., .T. ) 
 B_SPLINE_CURVE_WITH_KNOTS ( ( 4, 4 ),
 ( 4.712388980384689674, 6.283185307179586232 ),
 .UNSPECIFIED. ) 
 CURVE ( )  GEOMETRIC_REPRESENTATION_ITEM ( )  RATIONAL_B_SPLINE_CURVE ( ( 1.000000000000000000, 0.8047378541243649375, 0.8047378541243649375, 1.000000000000000000 ) ) 
 REPRESENTATION_ITEM ( '' )  );
#6443 = CARTESIAN_POINT ( 'NONE',  ( 4.900000000000001243, 20.09999999999999787, 1.600000000000003419 ) ) ;
#6444 = AXIS2_PLACEMENT_3D ( 'NONE', #6868, #1464, #2616 ) ;
#6445 = ORIENTED_EDGE ( 'NONE', *, *, #6347, .F. ) ;
#6446 = EDGE_CURVE ( 'NONE', #2608, #4873, #215, .T. ) ;
#6447 = AXIS2_PLACEMENT_3D ( 'NONE', #4292, #2546, #1835 ) ;
#6448 = ORIENTED_EDGE ( 'NONE', *, *, #4439, .F. ) ;
#6449 = CARTESIAN_POINT ( 'NONE',  ( 3.388930312624601981, 20.21106968737532839, -21.66728135642739517 ) ) ;
#6450 = DIRECTION ( 'NONE',  ( 0.000000000000000000, 0.000000000000000000, 1.000000000000000000 ) ) ;
#6451 = CARTESIAN_POINT ( 'NONE',  ( 25.72820323027551126, -14.60000000000000497, -16.59999999999999787 ) ) ;
#6452 = CIRCLE ( 'NONE', #6066, 1.600000000000000755 ) ;
#6453 = CARTESIAN_POINT ( 'NONE',  ( 22.50000000000000000, -22.89999999999999503, -11.89999999999999680 ) ) ;
#6454 = DIRECTION ( 'NONE',  ( 0.000000000000000000, 1.000000000000000000, 0.000000000000000000 ) ) ;
#6455 = DIRECTION ( 'NONE',  ( -1.000000000000000000, -0.000000000000000000, 0.000000000000000000 ) ) ;
#6456 = AXIS2_PLACEMENT_3D ( 'NONE', #2807, #5890, #5822 ) ;
#6457 = CARTESIAN_POINT ( 'NONE',  ( 0.000000000000000000, 17.60000000000000497, -13.59999999999999787 ) ) ;
#6458 = EDGE_CURVE ( 'NONE', #5636, #1766, #6057, .T. ) ;
#6459 = AXIS2_PLACEMENT_3D ( 'NONE', #7739, #5345, #4719 ) ;
#6460 = ORIENTED_EDGE ( 'NONE', *, *, #7786, .T. ) ;
#6461 = CARTESIAN_POINT ( 'NONE',  ( 12.10710678118655004, 27.59999999999999787, -10.10000000000000142 ) ) ;
#6462 = VECTOR ( 'NONE', #1321, 1000.000000000000000 ) ;
#6463 = CYLINDRICAL_SURFACE ( 'NONE', #7200, 0.5000000000000004441 ) ;
#6464 = DIRECTION ( 'NONE',  ( -0.000000000000000000, 0.000000000000000000, 1.000000000000000000 ) ) ;
#6465 = LINE ( 'NONE', #3519, #5527 ) ;
#6466 = CARTESIAN_POINT ( 'NONE',  ( 2.799999999999999822, 12.44299683239223420, -9.016664371298716674 ) ) ;
#6467 = ORIENTED_EDGE ( 'NONE', *, *, #1562, .F. ) ;
#6468 = ADVANCED_FACE ( 'NONE', ( #6759 ), #7324, .F. ) ;
#6469 = EDGE_LOOP ( 'NONE', ( #6938, #2060, #6316, #4061, #2142 ) ) ;
#6470 = ORIENTED_EDGE ( 'NONE', *, *, #7189, .T. ) ;
#6471 = CARTESIAN_POINT ( 'NONE',  ( 12.10710678118655004, 27.10000000000000142, -14.09999999999999964 ) ) ;
#6472 = CYLINDRICAL_SURFACE ( 'NONE', #4168, 6.000000000000000000 ) ;
#6473 = DIRECTION ( 'NONE',  ( -1.000000000000000000, 0.000000000000000000, 0.000000000000000000 ) ) ;
#6474 = EDGE_LOOP ( 'NONE', ( #2424, #5398, #1778, #3301 ) ) ;
#6475 = VECTOR ( 'NONE', #6217, 1000.000000000000000 ) ;
#6476 = ORIENTED_EDGE ( 'NONE', *, *, #3958, .F. ) ;
#6477 = ORIENTED_EDGE ( 'NONE', *, *, #2852, .T. ) ;
#6478 = ORIENTED_EDGE ( 'NONE', *, *, #1428, .T. ) ;
#6479 = CARTESIAN_POINT ( 'NONE',  ( 0.000000000000000000, 9.229508196721308622, 11.07540983606557639 ) ) ;
#6480 = LINE ( 'NONE', #490, #2271 ) ;
#6481 = PLANE ( 'NONE',  #4770 ) ;
#6482 = EDGE_CURVE ( 'NONE', #5636, #2856, #3902, .T. ) ;
#6483 = CARTESIAN_POINT ( 'NONE',  ( 19.90000000000000213, 23.59999999999999787, -10.49999999999999645 ) ) ;
#6484 = ORIENTED_EDGE ( 'NONE', *, *, #2600, .T. ) ;
#6485 = VERTEX_POINT ( 'NONE', #98 ) ;
#6486 = CARTESIAN_POINT ( 'NONE',  ( 0.000000000000000000, 20.80000000000000426, -15.59999999999999609 ) ) ;
#6487 = CARTESIAN_POINT ( 'NONE',  ( 10.91648227085566702, 24.09529774233046595, -14.58351772914408251 ) ) ;
#6488 = CARTESIAN_POINT ( 'NONE',  ( 25.80000000000000071, 13.52568602459994906, 3.590136808213382213 ) ) ;
#6489 = CARTESIAN_POINT ( 'NONE',  ( 23.00000000000000000, 23.60000000000000497, -19.70050506338833429 ) ) ;
#6490 = CYLINDRICAL_SURFACE ( 'NONE', #3138, 0.5000000000000004441 ) ;
#6491 = DIRECTION ( 'NONE',  ( 0.5000000000000003331, 0.8660254037844385966, -0.000000000000000000 ) ) ;
#6492 = ADVANCED_FACE ( 'NONE', ( #807 ), #5060, .T. ) ;
#6493 = DIRECTION ( 'NONE',  ( 0.000000000000000000, 0.000000000000000000, 1.000000000000000000 ) ) ;
#6494 = EDGE_CURVE ( 'NONE', #4370, #4771, #4371, .T. ) ;
#6495 = APPLICATION_CONTEXT ( 'configuration controlled 3d designs of mechanical parts and assemblies' ) ;
#6496 = VERTEX_POINT ( 'NONE', #1286 ) ;
#6497 = ORIENTED_EDGE ( 'NONE', *, *, #2885, .F. ) ;
#6498 = CARTESIAN_POINT ( 'NONE',  ( 12.90000000000000036, 22.57306454008325858, -19.25000000000000000 ) ) ;
#6499 = DIRECTION ( 'NONE',  ( 0.000000000000000000, 0.000000000000000000, -1.000000000000000000 ) ) ;
#6500 = DIRECTION ( 'NONE',  ( 0.000000000000000000, 0.000000000000000000, 1.000000000000000000 ) ) ;
#6501 = ADVANCED_FACE ( 'NONE', ( #3701 ), #6119, .T. ) ;
#6502 = ORIENTED_EDGE ( 'NONE', *, *, #2585, .F. ) ;
#6503 = EDGE_LOOP ( 'NONE', ( #3314, #3978, #607, #4816, #7504 ) ) ;
#6504 = LINE ( 'NONE', #400, #3753 ) ;
#6505 = CARTESIAN_POINT ( 'NONE',  ( 23.00000000000000000, 14.60000000000000497, -16.59999999999999787 ) ) ;
#6506 = EDGE_CURVE ( 'NONE', #3501, #4708, #732, .T. ) ;
#6507 = CARTESIAN_POINT ( 'NONE',  ( 4.900000000000001243, 22.09999999999999787, 0.5000000000000036637 ) ) ;
#6508 = ORIENTED_EDGE ( 'NONE', *, *, #5989, .F. ) ;
#6509 = ORIENTED_EDGE ( 'NONE', *, *, #2955, .F. ) ;
#6510 = ORIENTED_EDGE ( 'NONE', *, *, #3677, .T. ) ;
#6511 = EDGE_LOOP ( 'NONE', ( #361, #2666, #1191, #5563 ) ) ;
#6512 = CARTESIAN_POINT ( 'NONE',  ( 23.00000000000000000, -12.59999999999999609, 9.736228481429796133 ) ) ;
#6513 = CARTESIAN_POINT ( 'NONE',  ( 0.07179676972448971461, -1.069065149083005206, -16.60000000000000142 ) ) ;
#6514 = CYLINDRICAL_SURFACE ( 'NONE', #6033, 2.999999999999999112 ) ;
#6515 = DIRECTION ( 'NONE',  ( 1.000000000000000000, 0.000000000000000000, 0.000000000000000000 ) ) ;
#6516 = ORIENTED_EDGE ( 'NONE', *, *, #2775, .F. ) ;
#6517 = EDGE_CURVE ( 'NONE', #6789, #1340, #7584, .T. ) ;
#6518 = ORIENTED_EDGE ( 'NONE', *, *, #3564, .T. ) ;
#6519 = CARTESIAN_POINT ( 'NONE',  ( 2.800000000000714806, 23.60000000000000142, -16.05815412272556486 ) ) ;
#6520 = DIRECTION ( 'NONE',  ( 0.000000000000000000, 0.000000000000000000, 1.000000000000000000 ) ) ;
#6521 = CARTESIAN_POINT ( 'NONE',  ( 28.60000000000000142, -3.766896785601943786E-15, 22.60000000000000142 ) ) ;
#6522 = CARTESIAN_POINT ( 'NONE',  ( 2.799999999999999822, 3.338714168256810878E-15, -16.60000000000000142 ) ) ;
#6523 = CARTESIAN_POINT ( 'NONE',  ( 14.91301366530706041, 23.96912604902969690, -10.07397266938594349 ) ) ;
#6524 = DIRECTION ( 'NONE',  ( 0.000000000000000000, -1.000000000000000000, 0.000000000000000000 ) ) ;
#6525 = PLANE ( 'NONE',  #328 ) ;
#6526 = ORIENTED_EDGE ( 'NONE', *, *, #1349, .T. ) ;
#6527 = ORIENTED_EDGE ( 'NONE', *, *, #1971, .F. ) ;
#6528 = EDGE_CURVE ( 'NONE', #2784, #638, #773, .T. ) ;
#6529 = ORIENTED_EDGE ( 'NONE', *, *, #4005, .F. ) ;
#6530 = VECTOR ( 'NONE', #6888, 1000.000000000000114 ) ;
#6531 = CARTESIAN_POINT ( 'NONE',  ( 25.80000000000000071, 16.60000000000000497, -22.59999999999999787 ) ) ;
#6532 = DIRECTION ( 'NONE',  ( 1.000000000000000000, 0.000000000000000000, 0.000000000000000000 ) ) ;
#6533 = CARTESIAN_POINT ( 'NONE',  ( 23.00000000000000000, -16.64874921388600626, 2.787273915162699733 ) ) ;
#6534 = EDGE_CURVE ( 'NONE', #6697, #5034, #4666, .T. ) ;
#6535 = DIRECTION ( 'NONE',  ( 1.000000000000000000, 0.000000000000000000, 0.000000000000000000 ) ) ;
#6536 = DIRECTION ( 'NONE',  ( 0.000000000000000000, 1.000000000000000000, 0.000000000000000000 ) ) ;
#6537 = CIRCLE ( 'NONE', #1976, 7.600000000000004086 ) ;
#6538 = ORIENTED_EDGE ( 'NONE', *, *, #5193, .T. ) ;
#6539 = EDGE_CURVE ( 'NONE', #5036, #3708, #6692, .T. ) ;
#6540 = ORIENTED_EDGE ( 'NONE', *, *, #4965, .T. ) ;
#6541 = CIRCLE ( 'NONE', #4887, 0.5000000000000004441 ) ;
#6542 = DIRECTION ( 'NONE',  ( 0.000000000000000000, -0.000000000000000000, -1.000000000000000000 ) ) ;
#6543 = CARTESIAN_POINT ( 'NONE',  ( 20.29455903799822281, -22.90000000000000213, -7.784668962138408865 ) ) ;
#6544 = AXIS2_PLACEMENT_3D ( 'NONE', #3036, #4783, #1775 ) ;
#6545 = CIRCLE ( 'NONE', #3628, 2.999999999999999112 ) ;
#6546 = CARTESIAN_POINT ( 'NONE',  ( 0.000000000000000000, -16.83606797749978767, -15.60000000000000497 ) ) ;
#6547 = ORIENTED_EDGE ( 'NONE', *, *, #6768, .F. ) ;
#6548 = AXIS2_PLACEMENT_3D ( 'NONE', #5239, #7783, #4646 ) ;
#6549 = ORIENTED_EDGE ( 'NONE', *, *, #7483, .F. ) ;
#6550 = ADVANCED_FACE ( 'NONE', ( #6401 ), #4494, .F. ) ;
#6551 = VECTOR ( 'NONE', #881, 1000.000000000000000 ) ;
#6552 = CIRCLE ( 'NONE', #3127, 0.4999999999999994449 ) ;
#6553 = ORIENTED_EDGE ( 'NONE', *, *, #3757, .T. ) ;
#6554 = ORIENTED_EDGE ( 'NONE', *, *, #2936, .T. ) ;
#6555 = CARTESIAN_POINT ( 'NONE',  ( 26.80000000000000071, -24.00000000000000355, 16.09999999999999787 ) ) ;
#6556 = DIRECTION ( 'NONE',  ( -1.000000000000000000, -0.000000000000000000, 0.000000000000000000 ) ) ;
#6557 = DIRECTION ( 'NONE',  ( 0.000000000000000000, 0.000000000000000000, 1.000000000000000000 ) ) ;
#6558 = AXIS2_PLACEMENT_3D ( 'NONE', #3858, #7572, #3475 ) ;
#6559 = CARTESIAN_POINT ( 'NONE',  ( 2.799999999999999822, -10.39733749649842842, -11.83967425483217006 ) ) ;
#6560 = VERTEX_POINT ( 'NONE', #931 ) ;
#6561 = ORIENTED_EDGE ( 'NONE', *, *, #2452, .F. ) ;
#6562 = AXIS2_PLACEMENT_3D ( 'NONE', #1846, #6051, #4827 ) ;
#6563 = DIRECTION ( 'NONE',  ( 0.000000000000000000, -1.535153518563546084E-16, 1.000000000000000000 ) ) ;
#6564 = DIRECTION ( 'NONE',  ( -0.7647058823529444549, 0.6443794794178385743, 0.000000000000000000 ) ) ;
#6565 = CARTESIAN_POINT ( 'NONE',  ( 6.395576887986115011, -23.34372919944422975, -7.699999999999997513 ) ) ;
#6566 = DIRECTION ( 'NONE',  ( 0.000000000000000000, 0.000000000000000000, -1.000000000000000000 ) ) ;
#6567 = CARTESIAN_POINT ( 'NONE',  ( 20.89999999999999858, 23.59999999999999787, 0.5000000000000038858 ) ) ;
#6568 = DIRECTION ( 'NONE',  ( -1.000000000000000000, 0.000000000000000000, -3.469446951953610639E-15 ) ) ;
#6569 = VECTOR ( 'NONE', #4947, 1000.000000000000000 ) ;
#6570 = FACE_OUTER_BOUND ( 'NONE', #3536, .T. ) ;
#6571 = AXIS2_PLACEMENT_3D ( 'NONE', #7313, #3778, #130 ) ;
#6572 = EDGE_LOOP ( 'NONE', ( #5634, #6896, #5067, #1694, #7353 ) ) ;
#6573 = ORIENTED_EDGE ( 'NONE', *, *, #4439, .T. ) ;
#6574 = ORIENTED_EDGE ( 'NONE', *, *, #7719, .T. ) ;
#6575 = AXIS2_PLACEMENT_3D ( 'NONE', #3868, #1494, #3915 ) ;
#6576 = CARTESIAN_POINT ( 'NONE',  ( 0.000000000000000000, 10.39733749649842842, -11.83967425483216829 ) ) ;
#6577 = VECTOR ( 'NONE', #988, 1000.000000000000000 ) ;
#6578 = CARTESIAN_POINT ( 'NONE',  ( 23.00000000000000000, -9.592149841619608708, -6.950833218564932636 ) ) ;
#6579 = DIRECTION ( 'NONE',  ( 0.000000000000000000, 0.000000000000000000, 1.000000000000000000 ) ) ;
#6580 = CARTESIAN_POINT ( 'NONE',  ( 11.40000000000000036, 23.80710678118655110, -9.599999999999999645 ) ) ;
#6581 = CARTESIAN_POINT ( 'NONE',  ( 5.899999999999998579, 22.09999999999999787, -12.24999999999999645 ) ) ;
#6582 = EDGE_CURVE ( 'NONE', #4551, #3719, #6918, .T. ) ;
#6583 = AXIS2_PLACEMENT_3D ( 'NONE', #1750, #6064, #4162 ) ;
#6584 = VERTEX_POINT ( 'NONE', #3430 ) ;
#6585 = LINE ( 'NONE', #3010, #453 ) ;
#6586 = DIRECTION ( 'NONE',  ( 0.000000000000000000, -0.000000000000000000, -1.000000000000000000 ) ) ;
#6587 = CARTESIAN_POINT ( 'NONE',  ( -5.599999999999998757, -22.38341924626905310, 17.10000000000000142 ) ) ;
#6588 = EDGE_CURVE ( 'NONE', #3447, #6276, #1242, .T. ) ;
#6589 = CARTESIAN_POINT ( 'NONE',  ( 0.000000000000000000, 9.592149841619608708, -6.950833218564932636 ) ) ;
#6590 = ORIENTED_EDGE ( 'NONE', *, *, #1638, .T. ) ;
#6591 = EDGE_CURVE ( 'NONE', #577, #731, #416, .T. ) ;
#6592 = ORIENTED_EDGE ( 'NONE', *, *, #6598, .F. ) ;
#6593 = ORIENTED_EDGE ( 'NONE', *, *, #963, .F. ) ;
#6594 = ORIENTED_EDGE ( 'NONE', *, *, #227, .T. ) ;
#6595 = PLANE ( 'NONE',  #2738 ) ;
#6596 = CARTESIAN_POINT ( 'NONE',  ( 0.02017608956210902374, -2.670694674938332014, -16.14529212240797307 ) ) ;
#6597 = CARTESIAN_POINT ( 'NONE',  ( 23.00000000000000000, -17.59999999999999787, -19.99999999999999645 ) ) ;
#6598 = EDGE_CURVE ( 'NONE', #1058, #4220, #3309, .T. ) ;
#6599 = FACE_BOUND ( 'NONE', #6777, .T. ) ;
#6600 = AXIS2_PLACEMENT_3D ( 'NONE', #2566, #4985, #5656 ) ;
#6601 = ORIENTED_EDGE ( 'NONE', *, *, #5940, .T. ) ;
#6602 = ORIENTED_EDGE ( 'NONE', *, *, #3611, .F. ) ;
#6603 = CARTESIAN_POINT ( 'NONE',  ( 1.408701877652096313, 22.19129812234731602, -19.95088762013567418 ) ) ;
#6604 = CARTESIAN_POINT ( 'NONE',  ( 19.66598453388734669, -26.37058823529411455, -8.199999999999999289 ) ) ;
#6605 = DIRECTION ( 'NONE',  ( -0.8660254037844389297, 0.4999999999999995559, 0.000000000000000000 ) ) ;
#6606 = DIRECTION ( 'NONE',  ( -0.000000000000000000, -1.000000000000000000, -0.000000000000000000 ) ) ;
#6607 = CARTESIAN_POINT ( 'NONE',  ( 10.90000000000000391, 27.60000000000000142, -14.59999999999999964 ) ) ;
#6608 = ADVANCED_FACE ( 'NONE', ( #1653 ), #851, .F. ) ;
#6609 = DIRECTION ( 'NONE',  ( 1.000000000000000000, -0.000000000000000000, 0.000000000000000000 ) ) ;
#6610 = ORIENTED_EDGE ( 'NONE', *, *, #3580, .F. ) ;
#6611 = ORIENTED_EDGE ( 'NONE', *, *, #5185, .F. ) ;
#6612 = VERTEX_POINT ( 'NONE', #3905 ) ;
#6613 = DIRECTION ( 'NONE',  ( 1.000000000000000000, 0.000000000000000000, -0.000000000000000000 ) ) ;
#6614 = CARTESIAN_POINT ( 'NONE',  ( 14.81421356237309972, 23.60000000000000497, -14.80710678118654755 ) ) ;
#6615 = CARTESIAN_POINT ( 'NONE',  ( 11.27378639563663221, 23.84819051860521810, -9.536893197818340440 ) ) ;
#6616 = CARTESIAN_POINT ( 'NONE',  ( 25.80000000000000071, 3.913850194456000686, 11.60000000000000497 ) ) ;
#6617 = DIRECTION ( 'NONE',  ( -0.000000000000000000, 1.535153518563546084E-16, -1.000000000000000000 ) ) ;
#6618 = VERTEX_POINT ( 'NONE', #6326 ) ;
#6619 = ADVANCED_FACE ( 'NONE', ( #5722 ), #294, .F. ) ;
#6620 = CARTESIAN_POINT ( 'NONE',  ( -6.000000000000000000, 9.474175425861606215, 17.10000000000000497 ) ) ;
#6621 = LINE ( 'NONE', #5461, #3256 ) ;
#6622 = DIRECTION ( 'NONE',  ( -1.000000000000000000, -0.000000000000000000, -0.000000000000000000 ) ) ;
#6623 = CARTESIAN_POINT ( 'NONE',  ( -4.080000000000000071, 3.789670170344640265, 17.10000000000000497 ) ) ;
#6624 = ORIENTED_EDGE ( 'NONE', *, *, #6292, .F. ) ;
#6625 = VERTEX_POINT ( 'NONE', #5176 ) ;
#6626 = EDGE_CURVE ( 'NONE', #2289, #2711, #5676, .T. ) ;
#6627 = VERTEX_POINT ( 'NONE', #5759 ) ;
#6628 = DIRECTION ( 'NONE',  ( 0.000000000000000000, 0.000000000000000000, 1.000000000000000000 ) ) ;
#6629 = EDGE_CURVE ( 'NONE', #3719, #3901, #5930, .T. ) ;
#6630 = DIRECTION ( 'NONE',  ( 0.000000000000000000, -1.535153518563546084E-16, 1.000000000000000000 ) ) ;
#6631 = LINE ( 'NONE', #4209, #6032 ) ;
#6632 = ORIENTED_EDGE ( 'NONE', *, *, #7754, .T. ) ;
#6633 = EDGE_CURVE ( 'NONE', #2633, #5755, #2796, .T. ) ;
#6634 = ORIENTED_EDGE ( 'NONE', *, *, #2457, .F. ) ;
#6635 = DIRECTION ( 'NONE',  ( -0.000000000000000000, -0.000000000000000000, 1.000000000000000000 ) ) ;
#6636 = CARTESIAN_POINT ( 'NONE',  ( 10.83198665026397656, 23.79531649574540353, -14.66801334973603055 ) ) ;
#6637 = CARTESIAN_POINT ( 'NONE',  ( 19.88277567112099220, -22.90000000000000213, 22.59999999999999787 ) ) ;
#6638 = FACE_OUTER_BOUND ( 'NONE', #7079, .T. ) ;
#6639 = CARTESIAN_POINT ( 'NONE',  ( 25.80000000000000071, -1.069065149083006094, -13.60000000000000142 ) ) ;
#6640 = CARTESIAN_POINT ( 'NONE',  ( 31.39999999999999858, 1.616580753730949782, 19.60000000000000142 ) ) ;
#6641 = ORIENTED_EDGE ( 'NONE', *, *, #4549, .T. ) ;
#6642 = ORIENTED_EDGE ( 'NONE', *, *, #6857, .F. ) ;
#6643 = EDGE_CURVE ( 'NONE', #5162, #6916, #4540, .T. ) ;
#6644 = ORIENTED_EDGE ( 'NONE', *, *, #6132, .F. ) ;
#6645 = DIRECTION ( 'NONE',  ( 0.000000000000000000, 0.000000000000000000, 1.000000000000000000 ) ) ;
#6646 = LINE ( 'NONE', #656, #4803 ) ;
#6647 = CARTESIAN_POINT ( 'NONE',  ( 10.53087394761670836, 23.61301366391795042, -9.361747895233614614 ) ) ;
#6648 = DIRECTION ( 'NONE',  ( 0.000000000000000000, -1.156482317317871133E-15, 1.000000000000000000 ) ) ;
#6649 = DIRECTION ( 'NONE',  ( -1.000000000000000000, 0.000000000000000000, 0.000000000000000000 ) ) ;
#6650 = AXIS2_PLACEMENT_3D ( 'NONE', #1727, #7275, #536 ) ;
#6651 = VERTEX_POINT ( 'NONE', #6965 ) ;
#6652 = LINE ( 'NONE', #66, #1334 ) ;
#6653 = DIRECTION ( 'NONE',  ( 0.000000000000000000, 0.000000000000000000, -1.000000000000000000 ) ) ;
#6654 = DIRECTION ( 'NONE',  ( 0.000000000000000000, 0.000000000000000000, 1.000000000000000000 ) ) ;
#6655 = CIRCLE ( 'NONE', #6786, 1.600000000000000311 ) ;
#6656 = AXIS2_PLACEMENT_3D ( 'NONE', #2887, #7589, #7543 ) ;
#6657 = CARTESIAN_POINT ( 'NONE',  ( -2.800000000000001155, 3.233161507461900896, 19.60000000000000142 ) ) ;
#6658 = EDGE_CURVE ( 'NONE', #6264, #4448, #7335, .T. ) ;
#6659 = ORIENTED_EDGE ( 'NONE', *, *, #3232, .T. ) ;
#6660 = ORIENTED_EDGE ( 'NONE', *, *, #1701, .T. ) ;
#6661 = VECTOR ( 'NONE', #45, 1000.000000000000000 ) ;
#6662 = EDGE_LOOP ( 'NONE', ( #938, #3822, #2837, #3439 ) ) ;
#6663 = AXIS2_PLACEMENT_3D ( 'NONE', #2205, #7045, #4585 ) ;
#6664 = CARTESIAN_POINT ( 'NONE',  ( -0.4283791493383261595, -16.77256501790065357, 16.93260216892204895 ) ) ;
#6665 = DIRECTION ( 'NONE',  ( 0.000000000000000000, 0.000000000000000000, 1.000000000000000000 ) ) ;
#6666 = DIRECTION ( 'NONE',  ( -0.4999999999999995004, 0.8660254037844389297, 0.000000000000000000 ) ) ;
#6667 = AXIS2_PLACEMENT_3D ( 'NONE', #6711, #7347, #672 ) ;
#6668 = EDGE_CURVE ( 'NONE', #7649, #3604, #6179, .T. ) ;
#6669 = VECTOR ( 'NONE', #3819, 1000.000000000000000 ) ;
#6670 = AXIS2_PLACEMENT_3D ( 'NONE', #642, #1394, #2575 ) ;
#6671 = VERTEX_POINT ( 'NONE', #7001 ) ;
#6672 = EDGE_CURVE ( 'NONE', #4059, #161, #7642, .T. ) ;
#6673 = ORIENTED_EDGE ( 'NONE', *, *, #3083, .F. ) ;
#6674 = AXIS2_PLACEMENT_3D ( 'NONE', #1631, #7696, #4002 ) ;
#6675 = DIRECTION ( 'NONE',  ( -1.000000000000000000, -0.000000000000000000, -0.000000000000000000 ) ) ;
#6676 = DIRECTION ( 'NONE',  ( -0.000000000000000000, 0.000000000000000000, 1.000000000000000000 ) ) ;
#6677 = AXIS2_PLACEMENT_3D ( 'NONE', #5623, #125, #2542 ) ;
#6678 = CARTESIAN_POINT ( 'NONE',  ( 11.40000000000000391, 23.80710678118654400, -14.59999999999999964 ) ) ;
#6679 = CARTESIAN_POINT ( 'NONE',  ( 23.40000000000000568, -34.39999999999999858, -8.199999999999999289 ) ) ;
#6680 = FACE_OUTER_BOUND ( 'NONE', #4856, .T. ) ;
#6681 = EDGE_CURVE ( 'NONE', #638, #3998, #3275, .T. ) ;
#6682 = AXIS2_PLACEMENT_3D ( 'NONE', #4374, #3793, #776 ) ;
#6683 = ORIENTED_EDGE ( 'NONE', *, *, #2428, .F. ) ;
#6684 = AXIS2_PLACEMENT_3D ( 'NONE', #7500, #6939, #4472 ) ;
#6685 = EDGE_CURVE ( 'NONE', #53, #3591, #2133, .T. ) ;
#6686 = ORIENTED_EDGE ( 'NONE', *, *, #2939, .F. ) ;
#6687 = ORIENTED_EDGE ( 'NONE', *, *, #1991, .F. ) ;
#6688 = CARTESIAN_POINT ( 'NONE',  ( 23.00000000000000000, 12.82658702483003488, -13.59999999999999964 ) ) ;
#6689 = CARTESIAN_POINT ( 'NONE',  ( 4.336808689942017736E-16, -25.61658075373095755, 19.59999999999999787 ) ) ;
#6690 = DIRECTION ( 'NONE',  ( 1.000000000000000000, -0.000000000000000000, -0.000000000000000000 ) ) ;
#6691 = CARTESIAN_POINT ( 'NONE',  ( 36.00000000000000711, -17.59999999999999787, 5.721150157109078371 ) ) ;
#6692 = CIRCLE ( 'NONE', #7453, 10.49999999999999645 ) ;
#6693 = LINE ( 'NONE', #105, #3361 ) ;
#6694 = B_SPLINE_CURVE_WITH_KNOTS ( 'NONE', 3,
 ( #4426, #6850, #7368, #1411, #4339, #142, #6763, #2558 ),
 .UNSPECIFIED., .F., .F.,
 ( 4, 2, 2, 4 ),
 ( -8.506628725264155609E-06, 0.001003917692773522580, 0.001510129853522914050, 0.002016342014272305087 ),
 .UNSPECIFIED. ) ;
#6695 = EDGE_CURVE ( 'NONE', #3994, #6999, #5289, .T. ) ;
#6696 = VECTOR ( 'NONE', #7507, 1000.000000000000000 ) ;
#6697 = VERTEX_POINT ( 'NONE', #4181 ) ;
#6698 = CARTESIAN_POINT ( 'NONE',  ( 25.80000000000000071, -22.89999999999999503, -22.60000000000000497 ) ) ;
#6699 = AXIS2_PLACEMENT_3D ( 'NONE', #5808, #5213, #6450 ) ;
#6700 = FACE_OUTER_BOUND ( 'NONE', #2228, .T. ) ;
#6701 = LINE ( 'NONE', #1265, #1862 ) ;
#6702 = DIRECTION ( 'NONE',  ( 1.000000000000000000, 0.000000000000000000, 0.000000000000000000 ) ) ;
#6703 = AXIS2_PLACEMENT_3D ( 'NONE', #2648, #5695, #5103 ) ;
#6704 = VECTOR ( 'NONE', #5240, 1000.000000000000000 ) ;
#6705 = DIRECTION ( 'NONE',  ( -1.000000000000000000, 0.000000000000000000, 0.000000000000000000 ) ) ;
#6706 = EDGE_LOOP ( 'NONE', ( #7706, #4455, #678 ) ) ;
#6707 = EDGE_CURVE ( 'NONE', #3963, #6715, #4284, .T. ) ;
#6708 = ORIENTED_EDGE ( 'NONE', *, *, #4214, .T. ) ;
#6709 = ORIENTED_EDGE ( 'NONE', *, *, #7116, .T. ) ;
#6710 = AXIS2_PLACEMENT_3D ( 'NONE', #5015, #7443, #2008 ) ;
#6711 = CARTESIAN_POINT ( 'NONE',  ( 5.899999999999998579, 23.59999999999999787, -10.49999999999999645 ) ) ;
#6712 = CARTESIAN_POINT ( 'NONE',  ( 3.299999999999999822, -21.40000000000000568, -12.89999999999999858 ) ) ;
#6713 = CARTESIAN_POINT ( 'NONE',  ( 2.799999999999999822, -20.40000000000000568, 22.60000000000000142 ) ) ;
#6714 = CC_DESIGN_APPROVAL ( #3169, ( #7387 ) ) ;
#6715 = VERTEX_POINT ( 'NONE', #4213 ) ;
#6716 = ORIENTED_EDGE ( 'NONE', *, *, #6286, .T. ) ;
#6717 = DIRECTION ( 'NONE',  ( -0.000000000000000000, 0.000000000000000000, 1.000000000000000000 ) ) ;
#6718 = CARTESIAN_POINT ( 'NONE',  ( 0.000000000000000000, 14.60000000000000497, -13.59999999999999787 ) ) ;
#6719 = ADVANCED_FACE ( 'NONE', ( #568 ), #5073, .T. ) ;
#6720 = CARTESIAN_POINT ( 'NONE',  ( 0.000000000000000000, -16.64874921388600626, 2.787273915162699733 ) ) ;
#6721 = CYLINDRICAL_SURFACE ( 'NONE', #7810, 1.750000000000000000 ) ;
#6722 = ORIENTED_EDGE ( 'NONE', *, *, #2234, .F. ) ;
#6723 = ORIENTED_EDGE ( 'NONE', *, *, #6846, .F. ) ;
#6724 = ORIENTED_EDGE ( 'NONE', *, *, #2705, .T. ) ;
#6725 = LINE ( 'NONE', #5598, #2500 ) ;
#6726 = EDGE_CURVE ( 'NONE', #4121, #4773, #4733, .T. ) ;
#6727 = CARTESIAN_POINT ( 'NONE',  ( 4.846155746743606052, -22.90000000006409309, -8.109443004759663509 ) ) ;
#6728 = CARTESIAN_POINT ( 'NONE',  ( 2.799999999999999822, -14.60000000000000497, -16.59999999999999787 ) ) ;
#6729 = DIRECTION ( 'NONE',  ( 0.000000000000000000, -1.535153518563546084E-16, 1.000000000000000000 ) ) ;
#6730 = DIRECTION ( 'NONE',  ( 0.000000000000000000, 0.000000000000000000, -1.000000000000000000 ) ) ;
#6731 = ADVANCED_FACE ( 'NONE', ( #7240 ), #1802, .F. ) ;
#6732 = PLANE ( 'NONE',  #4139 ) ;
#6733 = EDGE_LOOP ( 'NONE', ( #6549, #5278 ) ) ;
#6734 = DIRECTION ( 'NONE',  ( -1.000000000000000000, 0.000000000000000000, 0.000000000000000000 ) ) ;
#6735 = LINE ( 'NONE', #1296, #5506 ) ;
#6736 = EDGE_CURVE ( 'NONE', #2731, #3134, #2263, .T. ) ;
#6737 = PLANE ( 'NONE',  #3027 ) ;
#6738 = DIRECTION ( 'NONE',  ( -1.000000000000000000, 0.000000000000000000, 0.000000000000000000 ) ) ;
#6739 = LINE ( 'NONE', #1186, #5549 ) ;
#6740 = CARTESIAN_POINT ( 'NONE',  ( 2.799999999999999822, -17.60000000000000142, 3.678449780384555972E-15 ) ) ;
#6741 = ORIENTED_EDGE ( 'NONE', *, *, #7092, .F. ) ;
#6742 = ORIENTED_EDGE ( 'NONE', *, *, #6598, .T. ) ;
#6743 = EDGE_LOOP ( 'NONE', ( #3175, #4236, #2994, #7594, #1025, #4189 ) ) ;
#6744 = EDGE_CURVE ( 'NONE', #37, #668, #3517, .T. ) ;
#6745 = FACE_OUTER_BOUND ( 'NONE', #4309, .T. ) ;
#6746 = FACE_OUTER_BOUND ( 'NONE', #2306, .T. ) ;
#6747 = LINE ( 'NONE', #1308, #3613 ) ;
#6748 = CARTESIAN_POINT ( 'NONE',  ( 23.00000000000000000, 3.913850194456000686, 11.60000000000000497 ) ) ;
#6749 = ORIENTED_EDGE ( 'NONE', *, *, #5917, .T. ) ;
#6750 = VERTEX_POINT ( 'NONE', #4776 ) ;
#6751 = CARTESIAN_POINT ( 'NONE',  ( -5.599999999999998757, -1.616580753730956888, 17.10000000000000497 ) ) ;
#6752 = CARTESIAN_POINT ( 'NONE',  ( 2.799999999999999822, 14.60000000000000497, -13.59999999999999787 ) ) ;
#6753 = CALENDAR_DATE ( 2026, 16, 3 ) ;
#6754 = CARTESIAN_POINT ( 'NONE',  ( 2.799999999999999822, -22.39999999999999503, -12.89999999999999858 ) ) ;
#6755 = CARTESIAN_POINT ( 'NONE',  ( 14.88351772914433901, 24.09529774233046950, -14.58351772914421041 ) ) ;
#6757 = ORIENTED_EDGE ( 'NONE', *, *, #7748, .T. ) ;
#6756 = EDGE_CURVE ( 'NONE', #7262, #5778, #15, .T. ) ;
#6758 = VERTEX_POINT ( 'NONE', #7202 ) ;
#6759 = FACE_OUTER_BOUND ( 'NONE', #2571, .T. ) ;
#6760 = CARTESIAN_POINT ( 'NONE',  ( 6.554990330809499888, -22.89999999999999858, -7.199999999999999289 ) ) ;
#6761 = LINE ( 'NONE', #4460, #5820 ) ;
#6762 = DIRECTION ( 'NONE',  ( -0.000000000000000000, -1.000000000000000000, -0.000000000000000000 ) ) ;
#6763 = CARTESIAN_POINT ( 'NONE',  ( 19.40442037508474726, -23.34373016554340552, -7.699999999999999289 ) ) ;
#6764 = CYLINDRICAL_SURFACE ( 'NONE', #3620, 7.600000000000004086 ) ;
#6765 = EDGE_CURVE ( 'NONE', #321, #4086, #7461, .T. ) ;
#6766 = EDGE_LOOP ( 'NONE', ( #3352, #1675, #4709, #7674 ) ) ;
#6767 = DIRECTION ( 'NONE',  ( -1.000000000000000000, 0.000000000000000000, 0.000000000000000000 ) ) ;
#6768 = EDGE_CURVE ( 'NONE', #439, #6382, #6116, .T. ) ;
#6769 = CARTESIAN_POINT ( 'NONE',  ( 2.799999999999999822, -16.64874921388600626, 2.787273915162699733 ) ) ;
#6770 = CARTESIAN_POINT ( 'NONE',  ( 18.80000000000000071, 16.60000000000000497, -22.60000000000000142 ) ) ;
#6771 = CYLINDRICAL_SURFACE ( 'NONE', #3762, 0.5000000000000004441 ) ;
#6772 = FACE_OUTER_BOUND ( 'NONE', #3026, .T. ) ;
#6773 = DIRECTION ( 'NONE',  ( 0.000000000000000000, 1.000000000000000000, 0.000000000000000000 ) ) ;
#6774 = ADVANCED_FACE ( 'NONE', ( #1244 ), #2627, .T. ) ;
#6775 = ORIENTED_EDGE ( 'NONE', *, *, #2416, .F. ) ;
#6776 = VERTEX_POINT ( 'NONE', #5053 ) ;
#6777 = EDGE_LOOP ( 'NONE', ( #2877, #1129, #4051, #2182, #7127, #5074 ) ) ;
#6778 = VECTOR ( 'NONE', #7613, 1000.000000000000000 ) ;
#6779 = FACE_OUTER_BOUND ( 'NONE', #1311, .T. ) ;
#6780 = CARTESIAN_POINT ( 'NONE',  ( 5.899999999999998579, 22.09999999999999787, -10.49999999999999645 ) ) ;
#6781 = VECTOR ( 'NONE', #3076, 1000.000000000000000 ) ;
#6782 = DIRECTION ( 'NONE',  ( 1.000000000000000000, 0.000000000000000000, 0.000000000000000000 ) ) ;
#6783 = DIRECTION ( 'NONE',  ( 0.000000000000000000, 0.000000000000000000, 1.000000000000000000 ) ) ;
#6784 = CARTESIAN_POINT ( 'NONE',  ( 25.80000000000000071, -14.60000000000000497, -13.59999999999999787 ) ) ;
#6785 = ADVANCED_FACE ( 'NONE', ( #4964 ), #1916, .F. ) ;
#6786 = AXIS2_PLACEMENT_3D ( 'NONE', #7038, #4383, #973 ) ;
#6787 = ORIENTED_EDGE ( 'NONE', *, *, #422, .F. ) ;
#6788 = VECTOR ( 'NONE', #7090, 1000.000000000000000 ) ;
#6789 = VERTEX_POINT ( 'NONE', #5475 ) ;
#6790 = FACE_OUTER_BOUND ( 'NONE', #7107, .T. ) ;
#6791 = CARTESIAN_POINT ( 'NONE',  ( 12.90000000000000036, 19.60000000000000142, -18.59999999999999787 ) ) ;
#6792 = APPROVAL_ROLE ( '' ) ;
#6793 = DIRECTION ( 'NONE',  ( 0.000000000000000000, -1.000000000000000000, -1.515042337097648137E-16 ) ) ;
#6794 = CIRCLE ( 'NONE', #1734, 6.000000000000000000 ) ;
#6795 = DIRECTION ( 'NONE',  ( 0.000000000000000000, -1.000000000000000000, 0.000000000000000000 ) ) ;
#6796 = AXIS2_PLACEMENT_3D ( 'NONE', #3898, #4487, #3380 ) ;
#6797 = ORIENTED_EDGE ( 'NONE', *, *, #5220, .F. ) ;
#6798 = EDGE_CURVE ( 'NONE', #2304, #7684, #3817, .T. ) ;
#6799 = CIRCLE ( 'NONE', #5645, 3.000000000000000000 ) ;
#6800 = ORIENTED_EDGE ( 'NONE', *, *, #5801, .F. ) ;
#6801 = VECTOR ( 'NONE', #1395, 1000.000000000000000 ) ;
#6802 = CARTESIAN_POINT ( 'NONE',  ( 0.000000000000000000, -14.60000000000000497, -13.59999999999999787 ) ) ;
#6803 = LINE ( 'NONE', #4940, #3897 ) ;
#6804 = PLANE ( 'NONE',  #7222 ) ;
#6805 = CARTESIAN_POINT ( 'NONE',  ( 20.89999999999999858, 23.59999999999999787, 2.250000000000003553 ) ) ;
#6806 = CARTESIAN_POINT ( 'NONE',  ( 0.000000000000000000, -12.44299683239223420, -9.016664371298716674 ) ) ;
#6807 = AXIS2_PLACEMENT_3D ( 'NONE', #5864, #6586, #1150 ) ;
#6808 = DIRECTION ( 'NONE',  ( -1.000000000000000000, -0.000000000000000000, 0.000000000000000000 ) ) ;
#6809 = TOROIDAL_SURFACE ( 'NONE', #3388, 1.000000000000000000, 0.5000000000000000000 ) ;
#6810 = VERTEX_POINT ( 'NONE', #4411 ) ;
#6811 = DIRECTION ( 'NONE',  ( 1.000000000000000000, 0.000000000000000000, 0.000000000000000000 ) ) ;
#6812 = AXIS2_PLACEMENT_3D ( 'NONE', #7490, #3273, #1410 ) ;
#6813 = AXIS2_PLACEMENT_3D ( 'NONE', #3917, #4622, #7651 ) ;
#6814 = CARTESIAN_POINT ( 'NONE',  ( 24.39129812234801520, 22.19129812234800880, -19.95088762013544326 ) ) ;
#6815 = CARTESIAN_POINT ( 'NONE',  ( 12.00830770548417981, 22.70680605903983462, -19.02308626370295030 ) ) ;
#6816 = CARTESIAN_POINT ( 'NONE',  ( 2.799999999999999822, 23.60000000000000142, -15.59999999999999964 ) ) ;
#6817 = EDGE_CURVE ( 'NONE', #7800, #3998, #1634, .T. ) ;
#6818 = CARTESIAN_POINT ( 'NONE',  ( 5.917224328879007622, -28.89999999999999858, 17.09999999999999787 ) ) ;
#6819 = CIRCLE ( 'NONE', #4407, 4.000000000000000000 ) ;
#6820 = ORIENTED_EDGE ( 'NONE', *, *, #7358, .T. ) ;
#6821 = AXIS2_PLACEMENT_3D ( 'NONE', #204, #89, #5797 ) ;
#6822 = ORIENTED_EDGE ( 'NONE', *, *, #7656, .F. ) ;
#6823 = ORIENTED_EDGE ( 'NONE', *, *, #2978, .F. ) ;
#6824 = AXIS2_PLACEMENT_3D ( 'NONE', #7085, #1654, #932 ) ;
#6825 = DIRECTION ( 'NONE',  ( 0.000000000000000000, 0.000000000000000000, 1.000000000000000000 ) ) ;
#6826 = LINE ( 'NONE', #2694, #5817 ) ;
#6827 = ADVANCED_FACE ( 'NONE', ( #6231 ), #6837, .T. ) ;
#6828 = VECTOR ( 'NONE', #4224, 1000.000000000000000 ) ;
#6829 = CARTESIAN_POINT ( 'NONE',  ( 12.10710678118654826, 27.10000000000000142, -14.59999999999999964 ) ) ;
#6830 = CARTESIAN_POINT ( 'NONE',  ( 2.799999999999999822, 1.069065149083006538, -13.60000000000000142 ) ) ;
#6831 = ADVANCED_FACE ( 'NONE', ( #647, #1358 ), #5002, .T. ) ;
#6832 = PLANE ( 'NONE',  #2620 ) ;
#6833 = AXIS2_PLACEMENT_3D ( 'NONE', #3252, #6185, #6350 ) ;
#6834 = ORIENTED_EDGE ( 'NONE', *, *, #1125, .T. ) ;
#6835 = ORIENTED_EDGE ( 'NONE', *, *, #6588, .T. ) ;
#6836 = DIRECTION ( 'NONE',  ( 0.000000000000000000, 0.000000000000000000, 1.000000000000000000 ) ) ;
#6837 = CYLINDRICAL_SURFACE ( 'NONE', #2894, 6.999999999999999112 ) ;
#6838 = EDGE_CURVE ( 'NONE', #566, #5854, #3147, .T. ) ;
#6839 = APPROVAL_DATE_TIME ( #7432, #7582 ) ;
#6840 = LINE ( 'NONE', #4294, #5022 ) ;
#6841 = AXIS2_PLACEMENT_3D ( 'NONE', #6878, #681, #2629 ) ;
#6842 = CARTESIAN_POINT ( 'NONE',  ( 0.000000000000000000, -22.89999999999999503, -15.60000000000000675 ) ) ;
#6843 = ORIENTED_EDGE ( 'NONE', *, *, #4706, .T. ) ;
#6844 = VERTEX_POINT ( 'NONE', #1951 ) ;
#6845 = CARTESIAN_POINT ( 'NONE',  ( 31.80000000000000071, 9.474175425861606215, 22.60000000000000142 ) ) ;
#6846 = EDGE_CURVE ( 'NONE', #4448, #4693, #4363, .T. ) ;
#6847 = CYLINDRICAL_SURFACE ( 'NONE', #4146, 10.99999999999999822 ) ;
#6848 = DIRECTION ( 'NONE',  ( 0.000000000000000000, 0.000000000000000000, 1.000000000000000000 ) ) ;
#6849 = DIRECTION ( 'NONE',  ( -1.000000000000000000, 0.000000000000000000, 0.000000000000000000 ) ) ;
#6850 = CARTESIAN_POINT ( 'NONE',  ( 20.79436656636714176, -22.90000000000000213, -8.097309512907585827 ) ) ;
#6851 = DIRECTION ( 'NONE',  ( -1.000000000000000000, -0.000000000000000000, -0.000000000000000000 ) ) ;
#6852 = AXIS2_PLACEMENT_3D ( 'NONE', #6860, #5107, #2652 ) ;
#6853 = VECTOR ( 'NONE', #3921, 1000.000000000000000 ) ;
#6854 = ORIENTED_EDGE ( 'NONE', *, *, #632, .T. ) ;
#6855 = DIRECTION ( 'NONE',  ( 1.000000000000000000, 0.000000000000000000, 0.000000000000000000 ) ) ;
#6856 = CARTESIAN_POINT ( 'NONE',  ( 6.999999999999999112, 16.60000000000000497, -22.60000000000000142 ) ) ;
#6857 = EDGE_CURVE ( 'NONE', #6325, #4833, #4799, .T. ) ;
#6858 = CARTESIAN_POINT ( 'NONE',  ( 25.79999999996896776, 23.59999999996755093, -16.24211418199371337 ) ) ;
#6859 = CARTESIAN_POINT ( 'NONE',  ( 6.134015466112674453, -26.37058823529410745, -12.39999999999999858 ) ) ;
#6860 = CARTESIAN_POINT ( 'NONE',  ( 4.684161637422525004, -24.64999999999999503, -8.199999999999999289 ) ) ;
#6861 = CARTESIAN_POINT ( 'NONE',  ( 23.00000000000000000, 15.95493555293155552, 1.829811063045552633 ) ) ;
#6862 = ORIENTED_EDGE ( 'NONE', *, *, #6984, .T. ) ;
#6863 = EDGE_LOOP ( 'NONE', ( #686, #1672, #6593, #7037 ) ) ;
#6864 = ADVANCED_FACE ( 'NONE', ( #6112 ), #2513, .T. ) ;
#6865 = ORIENTED_EDGE ( 'NONE', *, *, #574, .T. ) ;
#6866 = CARTESIAN_POINT ( 'NONE',  ( 13.69289321881345600, 27.09999999999999787, -10.10000000000000142 ) ) ;
#6867 = CARTESIAN_POINT ( 'NONE',  ( 29.87999999999999901, 3.789670170344640265, 17.10000000000000497 ) ) ;
#6868 = CARTESIAN_POINT ( 'NONE',  ( 6.134015466112671788, -26.37058823529411100, -8.199999999999999289 ) ) ;
#6869 = DIRECTION ( 'NONE',  ( -0.000000000000000000, -0.000000000000000000, 1.000000000000000000 ) ) ;
#6870 = CARTESIAN_POINT ( 'NONE',  ( 25.77982391043788368, 2.670694674938332014, -16.14529212240797307 ) ) ;
#6871 = VERTEX_POINT ( 'NONE', #2464 ) ;
#6872 = EDGE_CURVE ( 'NONE', #6256, #519, #5936, .T. ) ;
#6873 = ORIENTED_EDGE ( 'NONE', *, *, #5020, .F. ) ;
#6874 = EDGE_LOOP ( 'NONE', ( #4561, #4369, #4177, #4604 ) ) ;
#6875 = ADVANCED_FACE ( 'NONE', ( #5629 ), #1878, .T. ) ;
#6876 = CARTESIAN_POINT ( 'NONE',  ( 22.50000000000000000, -20.90000000000000568, 22.59999999999999787 ) ) ;
#6877 = CARTESIAN_POINT ( 'NONE',  ( 14.90000000000000391, 26.39289321881345174, -9.600000000000001421 ) ) ;
#6878 = CARTESIAN_POINT ( 'NONE',  ( 0.000000000000000000, 0.000000000000000000, 0.000000000000000000 ) ) ;
#6879 = DIRECTION ( 'NONE',  ( -0.000000000000000000, -1.535153518563546084E-16, 1.000000000000000000 ) ) ;
#6880 = CARTESIAN_POINT ( 'NONE',  ( 14.42602733061406184, 23.96912604902990651, -14.61301366530697088 ) ) ;
#6881 = ORIENTED_EDGE ( 'NONE', *, *, #5948, .T. ) ;
#6882 = EDGE_CURVE ( 'NONE', #3259, #5509, #2194, .T. ) ;
#6883 = VERTEX_POINT ( 'NONE', #2074 ) ;
#6884 = CARTESIAN_POINT ( 'NONE',  ( 22.50000000000000000, -22.90000000000000213, -12.39999999999999858 ) ) ;
#6885 = CARTESIAN_POINT ( 'NONE',  ( 4.954247154320732704, -22.89999999999999858, -7.958421896758977709 ) ) ;
#6886 = DIRECTION ( 'NONE',  ( 1.000000000000000000, 0.000000000000000000, 0.000000000000000000 ) ) ;
#6887 = DIRECTION ( 'NONE',  ( 0.000000000000000000, 0.000000000000000000, 1.000000000000000000 ) ) ;
#6888 = DIRECTION ( 'NONE',  ( 0.000000000000000000, 0.5867752483892763049, -0.8097498427772017449 ) ) ;
#6889 = FACE_OUTER_BOUND ( 'NONE', #1040, .T. ) ;
#6890 = EDGE_CURVE ( 'NONE', #3038, #2866, #1506, .T. ) ;
#6891 = ORIENTED_EDGE ( 'NONE', *, *, #3863, .F. ) ;
#6892 = DIRECTION ( 'NONE',  ( 0.000000000000000000, 0.000000000000000000, -1.000000000000000000 ) ) ;
#6893 = CARTESIAN_POINT ( 'NONE',  ( 22.41106968737572558, 20.21106968737573339, -21.66728135642908626 ) ) ;
#6894 = CARTESIAN_POINT ( 'NONE',  ( 0.000000000000000000, 3.305133126583374104, -15.60000000000000320 ) ) ;
#6895 = CARTESIAN_POINT ( 'NONE',  ( 10.90000000000000391, 24.10000000000000497, -14.09999999999999964 ) ) ;
#6896 = ORIENTED_EDGE ( 'NONE', *, *, #4022, .T. ) ;
#6897 = DIRECTION ( 'NONE',  ( -0.000000000000000000, 0.000000000000000000, 1.000000000000000000 ) ) ;
#6898 = VERTEX_POINT ( 'NONE', #408 ) ;
#6899 = EDGE_LOOP ( 'NONE', ( #1799, #1093, #5931, #7767 ) ) ;
#6900 = ORIENTED_EDGE ( 'NONE', *, *, #20, .F. ) ;
#6901 = DIRECTION ( 'NONE',  ( 0.000000000000000000, -6.938893903907222067E-15, 1.000000000000000000 ) ) ;
#6902 = CARTESIAN_POINT ( 'NONE',  ( 4.900000000000001243, 19.59999999999999787, -0.5999999999999967581 ) ) ;
#6903 = LINE ( 'NONE', #2695, #6948 ) ;
#6904 = DIRECTION ( 'NONE',  ( 0.000000000000000000, -1.535153518563546330E-16, 1.000000000000000000 ) ) ;
#6905 = DIRECTION ( 'NONE',  ( -0.000000000000000000, -1.515042337097648137E-16, 1.000000000000000000 ) ) ;
#6906 = ORIENTED_EDGE ( 'NONE', *, *, #4165, .F. ) ;
#6907 = ORIENTED_EDGE ( 'NONE', *, *, #6857, .T. ) ;
#6908 = VERTEX_POINT ( 'NONE', #7031 ) ;
#6909 = FACE_BOUND ( 'NONE', #257, .T. ) ;
#6910 = CARTESIAN_POINT ( 'NONE',  ( 6.434161637422523228, -24.64999999999999503, -8.199999999999999289 ) ) ;
#6911 = CARTESIAN_POINT ( 'NONE',  ( 26.62891432188257568, -17.58452800025786900, 17.09999999999999787 ) ) ;
#6912 = ADVANCED_FACE ( 'NONE', ( #254 ), #2789, .T. ) ;
#6913 = LINE ( 'NONE', #4366, #4129 ) ;
#6914 = AXIS2_PLACEMENT_3D ( 'NONE', #2563, #2163, #1330 ) ;
#6915 = ADVANCED_FACE ( 'NONE', ( #4015 ), #3974, .F. ) ;
#6916 = VERTEX_POINT ( 'NONE', #5837 ) ;
#6917 = ORIENTED_EDGE ( 'NONE', *, *, #6534, .F. ) ;
#6918 = LINE ( 'NONE', #6278, #608 ) ;
#6919 = DIRECTION ( 'NONE',  ( -1.000000000000000000, 0.000000000000000000, 0.000000000000000000 ) ) ;
#6920 = VECTOR ( 'NONE', #7113, 1000.000000000000000 ) ;
#6921 = CARTESIAN_POINT ( 'NONE',  ( 20.89999999999999858, 22.09999999999999787, -1.249999999999996447 ) ) ;
#6922 = CYLINDRICAL_SURFACE ( 'NONE', #7318, 1.600000000000000755 ) ;
#6923 = LINE ( 'NONE', #3198, #3996 ) ;
#6924 = EDGE_CURVE ( 'NONE', #6883, #6898, #962, .T. ) ;
#6925 = DIRECTION ( 'NONE',  ( 0.000000000000000000, 0.000000000000000000, 1.000000000000000000 ) ) ;
#6926 = EDGE_CURVE ( 'NONE', #2372, #3942, #1372, .T. ) ;
#6927 = TOROIDAL_SURFACE ( 'NONE', #3506, 10.49999999999999645, 0.5000000000000000000 ) ;
#6928 = AXIS2_PLACEMENT_3D ( 'NONE', #4889, #92, #1880 ) ;
#6929 = ORIENTED_EDGE ( 'NONE', *, *, #5699, .F. ) ;
#6930 = DIRECTION ( 'NONE',  ( -0.000000000000000000, -0.000000000000000000, 1.000000000000000000 ) ) ;
#6931 = FACE_OUTER_BOUND ( 'NONE', #4131, .T. ) ;
#6932 = AXIS2_PLACEMENT_3D ( 'NONE', #550, #7628, #2848 ) ;
#6933 = CARTESIAN_POINT ( 'NONE',  ( 28.59999999999999787, -3.233161507461907558, 19.60000000000000142 ) ) ;
#6934 = CARTESIAN_POINT ( 'NONE',  ( 12.43719864312935819, 22.60836679609667854, -19.19169330517707195 ) ) ;
#6935 = CARTESIAN_POINT ( 'NONE',  ( 23.00000000000000000, -12.17075047166840029, -9.392364349097608311 ) ) ;
#6936 = EDGE_CURVE ( 'NONE', #2172, #1949, #1433, .T. ) ;
#6937 = AXIS2_PLACEMENT_3D ( 'NONE', #2093, #3409, #2688 ) ;
#6938 = ORIENTED_EDGE ( 'NONE', *, *, #5421, .F. ) ;
#6939 = DIRECTION ( 'NONE',  ( 1.000000000000000000, -0.000000000000000000, 0.000000000000000000 ) ) ;
#6940 = ORIENTED_EDGE ( 'NONE', *, *, #3299, .T. ) ;
#6941 = AXIS2_PLACEMENT_3D ( 'NONE', #2539, #2319, #5331 ) ;
#6942 = EDGE_LOOP ( 'NONE', ( #6357, #6409, #1404, #6724 ) ) ;
#6943 = CIRCLE ( 'NONE', #2766, 0.5000000000000004441 ) ;
#6944 = ORIENTED_EDGE ( 'NONE', *, *, #2183, .F. ) ;
#6945 = CARTESIAN_POINT ( 'NONE',  ( 23.00000000000000000, -20.40000000000000568, -11.89999999999999680 ) ) ;
#6946 = FACE_OUTER_BOUND ( 'NONE', #7268, .T. ) ;
#6947 = CARTESIAN_POINT ( 'NONE',  ( 12.90000000000000746, -34.39999999999999858, -12.39999999999999858 ) ) ;
#6948 = VECTOR ( 'NONE', #4443, 1000.000000000000000 ) ;
#6949 = DIRECTION ( 'NONE',  ( 0.000000000000000000, 1.000000000000000000, 0.000000000000000000 ) ) ;
#6950 = VECTOR ( 'NONE', #2397, 1000.000000000000000 ) ;
#6951 = CARTESIAN_POINT ( 'NONE',  ( 14.40000000000000391, 24.10000000000000142, -9.600000000000001421 ) ) ;
#6952 = EDGE_LOOP ( 'NONE', ( #2140, #4926, #787, #1072 ) ) ;
#6953 = CIRCLE ( 'NONE', #240, 0.4999999999999995004 ) ;
#6954 = EDGE_LOOP ( 'NONE', ( #752, #6435, #2314, #4938 ) ) ;
#6955 = VERTEX_POINT ( 'NONE', #6910 ) ;
#6956 = AXIS2_PLACEMENT_3D ( 'NONE', #6578, #510, #5339 ) ;
#6957 = DIRECTION ( 'NONE',  ( -1.000000000000000000, 0.000000000000000000, 0.000000000000000000 ) ) ;
#6958 = CARTESIAN_POINT ( 'NONE',  ( 5.848833858584644219, -22.90000000000000213, -7.350521927052438009 ) ) ;
#6959 = B_SPLINE_CURVE_WITH_KNOTS ( 'NONE', 3,
 ( #2417, #3676, #6128, #589, #1149, #695, #4197, #1901 ),
 .UNSPECIFIED., .F., .F.,
 ( 4, 2, 2, 4 ),
 ( 0.000000000000000000, 0.0005417334521178159218, 0.001083466904235631844, 0.002166933808471262386 ),
 .UNSPECIFIED. ) ;
#6960 = FACE_OUTER_BOUND ( 'NONE', #4763, .T. ) ;
#6961 = CARTESIAN_POINT ( 'NONE',  ( 14.40000000000000391, 26.39289321881345174, -10.10000000000000142 ) ) ;
#6962 = ORIENTED_EDGE ( 'NONE', *, *, #6924, .F. ) ;
#6963 = EDGE_CURVE ( 'NONE', #507, #5410, #4409, .T. ) ;
#6964 = ORIENTED_EDGE ( 'NONE', *, *, #5356, .T. ) ;
#6965 = CARTESIAN_POINT ( 'NONE',  ( 19.90000000000000213, 22.09999999999999787, -9.399999999999996803 ) ) ;
#6966 = DIRECTION ( 'NONE',  ( -0.000000000000000000, 1.000000000000000000, 1.535153518563546084E-16 ) ) ;
#6967 = DIRECTION ( 'NONE',  ( -0.8660254037844385966, 0.5000000000000001110, 0.000000000000000000 ) ) ;
#6968 = CARTESIAN_POINT ( 'NONE',  ( 15.40000000000000391, 23.60000000000000142, -9.099999999999999645 ) ) ;
#6969 = CARTESIAN_POINT ( 'NONE',  ( 0.07179676972448884031, 14.60000000000000497, -16.59999999999999787 ) ) ;
#6970 = FACE_OUTER_BOUND ( 'NONE', #3209, .T. ) ;
#6971 = ORIENTED_EDGE ( 'NONE', *, *, #7395, .T. ) ;
#6972 = EDGE_CURVE ( 'NONE', #6315, #770, #4607, .T. ) ;
#6973 = DIRECTION ( 'NONE',  ( -0.000000000000000000, 0.000000000000000000, 1.000000000000000000 ) ) ;
#6974 = CARTESIAN_POINT ( 'NONE',  ( 2.799999999999999822, -9.592149841619608708, -6.950833218564932636 ) ) ;
#6975 = EDGE_CURVE ( 'NONE', #6758, #2856, #1559, .T. ) ;
#6976 = CARTESIAN_POINT ( 'NONE',  ( 25.80000000000000071, -22.39999999999999503, -11.89999999999999680 ) ) ;
#6977 = CARTESIAN_POINT ( 'NONE',  ( 11.47475880329756492, 23.54938078521903932, -16.45749954179085250 ) ) ;
#6978 = EDGE_CURVE ( 'NONE', #153, #5806, #6017, .T. ) ;
#6979 = CARTESIAN_POINT ( 'NONE',  ( 25.80000000000000071, 5.834403393449440145, 13.90466383879213197 ) ) ;
#6980 = VERTEX_POINT ( 'NONE', #3304 ) ;
#6981 = LINE ( 'NONE', #945, #354 ) ;
#6982 = VERTEX_POINT ( 'NONE', #7516 ) ;
#6983 = EDGE_LOOP ( 'NONE', ( #5826, #741 ) ) ;
#6984 = EDGE_CURVE ( 'NONE', #5854, #3998, #7598, .T. ) ;
#6985 = ORIENTED_EDGE ( 'NONE', *, *, #1014, .F. ) ;
#6986 = VECTOR ( 'NONE', #6296, 1000.000000000000000 ) ;
#6987 = FACE_OUTER_BOUND ( 'NONE', #1667, .T. ) ;
#6988 = CARTESIAN_POINT ( 'NONE',  ( -2.799999999999998046, -3.233161507461907558, 19.60000000000000142 ) ) ;
#6989 = CYLINDRICAL_SURFACE ( 'NONE', #6022, 1.000000000000000888 ) ;
#6990 = CARTESIAN_POINT ( 'NONE',  ( 3.299999999999999822, 0.000000000000000000, -12.89999999999999858 ) ) ;
#6991 = ORIENTED_EDGE ( 'NONE', *, *, #553, .F. ) ;
#6992 = ADVANCED_FACE ( 'NONE', ( #288 ), #2704, .F. ) ;
#6993 = EDGE_LOOP ( 'NONE', ( #2422, #6381, #285, #1941, #1047 ) ) ;
#6994 = VERTEX_POINT ( 'NONE', #3337 ) ;
#6995 = DIRECTION ( 'NONE',  ( 0.000000000000000000, 1.000000000000000000, 0.000000000000000000 ) ) ;
#6996 = DIRECTION ( 'NONE',  ( 0.000000000000000000, -0.9998374676887846757, 0.01802881598104356942 ) ) ;
#6997 = DIRECTION ( 'NONE',  ( 0.7071067811865474617, 0.7071067811865475727, 4.906538933386798228E-16 ) ) ;
#6998 = EDGE_LOOP ( 'NONE', ( #5047, #2504, #1470 ) ) ;
#6999 = VERTEX_POINT ( 'NONE', #2745 ) ;
#7000 = CYLINDRICAL_SURFACE ( 'NONE', #4880, 0.5000000000000004441 ) ;
#7001 = CARTESIAN_POINT ( 'NONE',  ( 23.00000000000000000, 15.44623922359338763, 5.894800647005511429 ) ) ;
#7002 = CARTESIAN_POINT ( 'NONE',  ( 2.299999999999999822, -22.89999999999999503, -19.49999999999999645 ) ) ;
#7003 = CARTESIAN_POINT ( 'NONE',  ( 29.87999999999999901, -3.789670170344647815, 17.10000000000000497 ) ) ;
#7004 = FACE_OUTER_BOUND ( 'NONE', #1695, .T. ) ;
#7005 = CARTESIAN_POINT ( 'NONE',  ( 25.80000000000000071, -12.59999999999999609, 9.736228481429796133 ) ) ;
#7006 = DIRECTION ( 'NONE',  ( 0.7071067811865475727, 0.7071067811865474617, 1.085517463138671797E-16 ) ) ;
#7007 = ADVANCED_FACE ( 'NONE', ( #5751 ), #325, .F. ) ;
#7008 = ORIENTED_EDGE ( 'NONE', *, *, #3083, .T. ) ;
#7009 = DIRECTION ( 'NONE',  ( 0.000000000000000000, 0.000000000000000000, 1.000000000000000000 ) ) ;
#7010 = CARTESIAN_POINT ( 'NONE',  ( 13.69317886381820593, 23.59209713002281461, -15.93568571864423866 ) ) ;
#7011 = LINE ( 'NONE', #2840, #2520 ) ;
#7012 = CARTESIAN_POINT ( 'NONE',  ( -1.199999999999999956, -3.766896785601943786E-15, 17.10000000000000497 ) ) ;
#7013 = CARTESIAN_POINT ( 'NONE',  ( 21.11583836257748814, -22.90000000000000213, -11.89999999999999680 ) ) ;
#7014 = ADVANCED_FACE ( 'NONE', ( #3459 ), #6737, .T. ) ;
#7015 = ORIENTED_EDGE ( 'NONE', *, *, #6591, .T. ) ;
#7016 = CARTESIAN_POINT ( 'NONE',  ( 25.80000000000000071, -25.61658075373095755, 19.59999999999999787 ) ) ;
#7017 =( BOUNDED_CURVE ( )  B_SPLINE_CURVE ( 3, ( #2760, #3908, #7041, #896 ),
 .UNSPECIFIED., .F., .T. ) 
 B_SPLINE_CURVE_WITH_KNOTS ( ( 4, 4 ),
 ( 1.570796326794896558, 3.141592653589793116 ),
 .UNSPECIFIED. ) 
 CURVE ( )  GEOMETRIC_REPRESENTATION_ITEM ( )  RATIONAL_B_SPLINE_CURVE ( ( 1.000000000000000000, 0.8047378541243649375, 0.8047378541243649375, 1.000000000000000000 ) ) 
 REPRESENTATION_ITEM ( '' )  );
#7018 = EDGE_CURVE ( 'NONE', #5342, #5465, #1644, .T. ) ;
#7019 = EDGE_LOOP ( 'NONE', ( #7307, #2700, #1210, #2674, #3411, #523 ) ) ;
#7020 = ORIENTED_EDGE ( 'NONE', *, *, #5512, .T. ) ;
#7021 = CYLINDRICAL_SURFACE ( 'NONE', #982, 3.000000000000000888 ) ;
#7022 = LINE ( 'NONE', #6988, #629 ) ;
#7023 = EDGE_CURVE ( 'NONE', #3480, #266, #7341, .T. ) ;
#7024 = DIRECTION ( 'NONE',  ( 0.000000000000000000, 0.000000000000000000, -1.000000000000000000 ) ) ;
#7025 = ORIENTED_EDGE ( 'NONE', *, *, #3918, .F. ) ;
#7026 = ORIENTED_EDGE ( 'NONE', *, *, #3668, .T. ) ;
#7027 = ORIENTED_EDGE ( 'NONE', *, *, #2765, .F. ) ;
#7028 = ORIENTED_EDGE ( 'NONE', *, *, #7521, .T. ) ;
#7029 = AXIS2_PLACEMENT_3D ( 'NONE', #2641, #3112, #3862 ) ;
#7030 = DIRECTION ( 'NONE',  ( 0.000000000000000000, 0.000000000000000000, -1.000000000000000000 ) ) ;
#7031 = CARTESIAN_POINT ( 'NONE',  ( -4.400000000000000355, -3.570953297738367706E-15, 22.60000000000000142 ) ) ;
#7032 = DIRECTION ( 'NONE',  ( 0.000000000000000000, 0.000000000000000000, 1.000000000000000000 ) ) ;
#7033 = ADVANCED_FACE ( 'NONE', ( #5280 ), #4911, .T. ) ;
#7034 = DIRECTION ( 'NONE',  ( 0.000000000000000000, -1.000000000000000000, -1.515042337097648137E-16 ) ) ;
#7035 = VECTOR ( 'NONE', #174, 1000.000000000000227 ) ;
#7036 = ORIENTED_EDGE ( 'NONE', *, *, #1825, .T. ) ;
#7037 = ORIENTED_EDGE ( 'NONE', *, *, #1806, .T. ) ;
#7038 = CARTESIAN_POINT ( 'NONE',  ( -2.799999999999998934, -24.00000000000000355, 19.59999999999999787 ) ) ;
#7039 = DIRECTION ( 'NONE',  ( 0.000000000000000000, 1.000000000000000000, 0.000000000000000000 ) ) ;
#7040 = CARTESIAN_POINT ( 'NONE',  ( 0.000000000000000000, -20.90000000000000568, 22.59999999999999787 ) ) ;
#7041 = CARTESIAN_POINT ( 'NONE',  ( 10.90000000000000391, 23.80710678118654400, -10.09999999999999964 ) ) ;
#7042 = CARTESIAN_POINT ( 'NONE',  ( 14.88558081216910800, 23.93957337466394719, -9.614419187830749891 ) ) ;
#7043 = DIRECTION ( 'NONE',  ( 0.000000000000000000, -1.000000000000000000, 0.000000000000000000 ) ) ;
#7044 = AXIS2_PLACEMENT_3D ( 'NONE', #2458, #4877, #1273 ) ;
#7045 = DIRECTION ( 'NONE',  ( -0.5000000000000001110, -0.8660254037844385966, 0.000000000000000000 ) ) ;
#7046 = CC_DESIGN_PERSON_AND_ORGANIZATION_ASSIGNMENT ( #6152, #4966, ( #5693 ) ) ;
#7047 = CIRCLE ( 'NONE', #5395, 1.749999999999999778 ) ;
#7048 = ORIENTED_EDGE ( 'NONE', *, *, #3611, .T. ) ;
#7049 = CYLINDRICAL_SURFACE ( 'NONE', #1763, 3.000000000000000000 ) ;
#7050 = AXIS2_PLACEMENT_3D ( 'NONE', #342, #5815, #2764 ) ;
#7051 = DIRECTION ( 'NONE',  ( -1.000000000000000000, 0.000000000000000000, 0.000000000000000000 ) ) ;
#7052 = DIRECTION ( 'NONE',  ( 0.000000000000000000, -6.938893903907229364E-16, 1.000000000000000000 ) ) ;
#7053 = DIRECTION ( 'NONE',  ( 0.000000000000000000, 0.000000000000000000, 1.000000000000000000 ) ) ;
#7054 = LINE ( 'NONE', #1623, #4747 ) ;
#7055 = VECTOR ( 'NONE', #532, 1000.000000000000000 ) ;
#7056 = AXIS2_PLACEMENT_3D ( 'NONE', #3068, #5478, #3554 ) ;
#7057 = ORIENTED_EDGE ( 'NONE', *, *, #2151, .T. ) ;
#7058 = CIRCLE ( 'NONE', #7306, 7.600000000000004086 ) ;
#7059 = ORIENTED_EDGE ( 'NONE', *, *, #3438, .F. ) ;
#7060 = EDGE_CURVE ( 'NONE', #2393, #3636, #1760, .T. ) ;
#7061 = ORIENTED_EDGE ( 'NONE', *, *, #7495, .F. ) ;
#7062 = AXIS2_PLACEMENT_3D ( 'NONE', #6784, #5671, #3181 ) ;
#7063 = DIRECTION ( 'NONE',  ( -1.000000000000000000, -0.000000000000000000, -0.000000000000000000 ) ) ;
#7064 = DIRECTION ( 'NONE',  ( 0.000000000000000000, 0.000000000000000000, 1.000000000000000000 ) ) ;
#7065 = FACE_OUTER_BOUND ( 'NONE', #3775, .T. ) ;
#7066 = CIRCLE ( 'NONE', #4649, 1.600000000000000311 ) ;
#7067 = VERTEX_POINT ( 'NONE', #1677 ) ;
#7068 = ORIENTED_EDGE ( 'NONE', *, *, #958, .F. ) ;
#7069 = ORIENTED_EDGE ( 'NONE', *, *, #5852, .F. ) ;
#7070 = EDGE_CURVE ( 'NONE', #6236, #2668, #5919, .T. ) ;
#7071 = VERTEX_POINT ( 'NONE', #559 ) ;
#7072 = LINE ( 'NONE', #2973, #1467 ) ;
#7073 = CARTESIAN_POINT ( 'NONE',  ( 20.89999999999999858, 22.09999999999999787, 0.5000000000000036637 ) ) ;
#7074 = VECTOR ( 'NONE', #4222, 1000.000000000000000 ) ;
#7075 = ADVANCED_FACE ( 'NONE', ( #3575 ), #525, .T. ) ;
#7076 = CARTESIAN_POINT ( 'NONE',  ( 26.12528000879094492, -16.49590027663100500, 16.84853573846024943 ) ) ;
#7077 = CYLINDRICAL_SURFACE ( 'NONE', #3499, 0.5000000000000000000 ) ;
#7078 = CIRCLE ( 'NONE', #4669, 1.749999999999999778 ) ;
#7079 = EDGE_LOOP ( 'NONE', ( #7743, #1270, #397, #4962 ) ) ;
#7080 = AXIS2_PLACEMENT_3D ( 'NONE', #260, #3344, #5095 ) ;
#7081 = EDGE_CURVE ( 'NONE', #3719, #2357, #6480, .T. ) ;
#7082 = ORIENTED_EDGE ( 'NONE', *, *, #3572, .F. ) ;
#7083 = CARTESIAN_POINT ( 'NONE',  ( 30.20000000000000284, -24.00000000000000355, 22.59999999999999787 ) ) ;
#7084 = CARTESIAN_POINT ( 'NONE',  ( 22.50000000000000000, -20.90000000000000568, 42.89876843554799990 ) ) ;
#7085 = CARTESIAN_POINT ( 'NONE',  ( 3.299999999999999822, -22.89999999999999503, -12.89999999999999858 ) ) ;
#7086 = LINE ( 'NONE', #338, #6193 ) ;
#7087 = CARTESIAN_POINT ( 'NONE',  ( 25.80000000000000071, -22.38341924626905310, 16.09999999999999787 ) ) ;
#7088 = CARTESIAN_POINT ( 'NONE',  ( 12.10710678118654826, 27.09999999999999787, -9.600000000000001421 ) ) ;
#7089 = AXIS2_PLACEMENT_3D ( 'NONE', #4074, #4623, #7732 ) ;
#7090 = DIRECTION ( 'NONE',  ( 1.000000000000000000, 0.000000000000000000, 0.000000000000000000 ) ) ;
#7091 = EDGE_LOOP ( 'NONE', ( #1800, #7048, #2270, #4471 ) ) ;
#7092 = EDGE_CURVE ( 'NONE', #3527, #4773, #1043, .T. ) ;
#7093 = ORIENTED_EDGE ( 'NONE', *, *, #3976, .T. ) ;
#7094 = AXIS2_PLACEMENT_3D ( 'NONE', #1611, #4497, #4544 ) ;
#7095 = DIRECTION ( 'NONE',  ( 0.000000000000000000, 0.000000000000000000, -1.000000000000000000 ) ) ;
#7096 = PRODUCT_RELATED_PRODUCT_CATEGORY ( 'detail', '', ( #889 ) ) ;
#7097 = CARTESIAN_POINT ( 'NONE',  ( 2.799999999999999822, -14.60000000000000497, -16.59999999999999787 ) ) ;
#7098 = FACE_OUTER_BOUND ( 'NONE', #6178, .T. ) ;
#7099 = LINE ( 'NONE', #4109, #3608 ) ;
#7100 = ORIENTED_EDGE ( 'NONE', *, *, #2672, .F. ) ;
#7101 = CARTESIAN_POINT ( 'NONE',  ( 25.80000000000000071, 9.474175425861606215, 17.10000000000000497 ) ) ;
#7102 = CARTESIAN_POINT ( 'NONE',  ( 23.00000000000000000, 17.60000000000000497, -11.15269009426543967 ) ) ;
#7103 = DIRECTION ( 'NONE',  ( -1.000000000000000000, 0.000000000000000000, 0.000000000000000000 ) ) ;
#7104 = CARTESIAN_POINT ( 'NONE',  ( 20.89999999999999858, 22.09999999999999787, -0.5999999999999963141 ) ) ;
#7105 = EDGE_CURVE ( 'NONE', #3487, #7675, #4163, .T. ) ;
#7106 = ORIENTED_EDGE ( 'NONE', *, *, #5056, .T. ) ;
#7107 = EDGE_LOOP ( 'NONE', ( #7295, #6709, #2057, #2607 ) ) ;
#7108 = ORIENTED_EDGE ( 'NONE', *, *, #4207, .F. ) ;
#7109 = ORIENTED_EDGE ( 'NONE', *, *, #3576, .T. ) ;
#7110 = DIRECTION ( 'NONE',  ( 1.000000000000000000, 0.000000000000000000, 0.000000000000000000 ) ) ;
#7111 = DIRECTION ( 'NONE',  ( -1.000000000000000000, 0.000000000000000000, 0.000000000000000000 ) ) ;
#7112 = CARTESIAN_POINT ( 'NONE',  ( 0.000000000000000000, -12.59999999999999609, 9.736228481429796133 ) ) ;
#7113 = DIRECTION ( 'NONE',  ( -0.000000000000000000, -1.000000000000000000, -2.344220913482172642E-16 ) ) ;
#7114 = ADVANCED_FACE ( 'NONE', ( #2941 ), #2974, .F. ) ;
#7115 = ORIENTED_EDGE ( 'NONE', *, *, #4596, .T. ) ;
#7116 = EDGE_CURVE ( 'NONE', #6378, #6908, #2859, .T. ) ;
#7117 = AXIS2_PLACEMENT_3D ( 'NONE', #2532, #785, #3207 ) ;
#7118 = ORIENTED_EDGE ( 'NONE', *, *, #2030, .T. ) ;
#7119 = CARTESIAN_POINT ( 'NONE',  ( 1.115649517675269653, 22.48435048232411404, -19.54104244564240034 ) ) ;
#7120 = CARTESIAN_POINT ( 'NONE',  ( 10.88698633469303267, 23.96912604902990651, -14.12602733061405758 ) ) ;
#7121 = PLANE ( 'NONE',  #3659 ) ;
#7122 = CARTESIAN_POINT ( 'NONE',  ( 0.000000000000000000, 17.60000000000000497, -11.15269009426543789 ) ) ;
#7123 = CARTESIAN_POINT ( 'NONE',  ( 14.96310680218166311, 23.84819051860521810, -9.973786395636629720 ) ) ;
#7124 = CARTESIAN_POINT ( 'NONE',  ( 20.45127185711833917, -22.90000000000000213, 16.33208677951473220 ) ) ;
#7125 = CARTESIAN_POINT ( 'NONE',  ( 23.00000000000000000, -17.60000000000000142, 3.678449780384555972E-15 ) ) ;
#7126 = ADVANCED_FACE ( 'NONE', ( #5391 ), #7824, .F. ) ;
#7127 = ORIENTED_EDGE ( 'NONE', *, *, #5905, .T. ) ;
#7128 = ORIENTED_EDGE ( 'NONE', *, *, #5313, .F. ) ;
#7129 = ORIENTED_EDGE ( 'NONE', *, *, #7395, .F. ) ;
#7130 = DIRECTION ( 'NONE',  ( 1.000000000000000000, 0.000000000000000000, -0.000000000000000000 ) ) ;
#7131 = CARTESIAN_POINT ( 'NONE',  ( 4.900000000000001243, 22.09999999999999787, -1.249999999999996447 ) ) ;
#7132 = LINE ( 'NONE', #5191, #6429 ) ;
#7133 = LINE ( 'NONE', #2842, #52 ) ;
#7134 = CARTESIAN_POINT ( 'NONE',  ( 12.90000000000000746, -34.39999999999999858, -12.39999999999999858 ) ) ;
#7135 = EDGE_CURVE ( 'NONE', #6264, #1526, #6129, .T. ) ;
#7136 = ORIENTED_EDGE ( 'NONE', *, *, #6482, .T. ) ;
#7137 = ORIENTED_EDGE ( 'NONE', *, *, #1707, .T. ) ;
#7138 = DIRECTION ( 'NONE',  ( 0.000000000000000000, 1.000000000000000000, 0.000000000000000000 ) ) ;
#7139 = AXIS2_PLACEMENT_3D ( 'NONE', #990, #7734, #943 ) ;
#7140 = CARTESIAN_POINT ( 'NONE',  ( 20.38165343810042529, -22.99159972857157896, -7.964574783222190923 ) ) ;
#7141 = CARTESIAN_POINT ( 'NONE',  ( 25.80000000000000071, 16.83606797749979123, -15.60000000000000142 ) ) ;
#7142 = ORIENTED_EDGE ( 'NONE', *, *, #6388, .F. ) ;
#7143 = EDGE_LOOP ( 'NONE', ( #1251, #4529, #5953, #7199 ) ) ;
#7144 = ORIENTED_EDGE ( 'NONE', *, *, #2206, .T. ) ;
#7145 = EDGE_LOOP ( 'NONE', ( #506, #796, #4011, #1117 ) ) ;
#7146 = DIRECTION ( 'NONE',  ( -0.000000000000000000, 1.000000000000000000, 1.535153518563546084E-16 ) ) ;
#7147 = CARTESIAN_POINT ( 'NONE',  ( 11.40000000000000391, 27.60000000000000142, -14.09999999999999964 ) ) ;
#7148 = DIRECTION ( 'NONE',  ( -0.7071067811865457964, -0.7071067811865492381, -4.906538933386804342E-15 ) ) ;
#7149 = CARTESIAN_POINT ( 'NONE',  ( -4.080000000000000071, -3.789670170344647815, 17.10000000000000497 ) ) ;
#7150 = VERTEX_POINT ( 'NONE', #6339 ) ;
#7151 = ORIENTED_EDGE ( 'NONE', *, *, #2947, .F. ) ;
#7152 = CARTESIAN_POINT ( 'NONE',  ( 28.60000000000000142, 3.233161507461900896, 17.10000000000000497 ) ) ;
#7153 = EDGE_CURVE ( 'NONE', #1282, #4752, #7374, .T. ) ;
#7154 = CARTESIAN_POINT ( 'NONE',  ( 4.684161637422525892, -22.89999999999999503, -8.199999999999999289 ) ) ;
#7155 = DIRECTION ( 'NONE',  ( 1.000000000000000000, 0.000000000000000000, 0.000000000000000000 ) ) ;
#7156 = CARTESIAN_POINT ( 'NONE',  ( 3.007106781186547728, 19.89289321881344108, -19.99999999999999645 ) ) ;
#7157 = DIRECTION ( 'NONE',  ( 0.000000000000000000, 0.000000000000000000, -1.000000000000000000 ) ) ;
#7158 = ADVANCED_FACE ( 'NONE', ( #5574 ), #1650, .T. ) ;
#7159 = ORIENTED_EDGE ( 'NONE', *, *, #3544, .F. ) ;
#7160 = ORIENTED_EDGE ( 'NONE', *, *, #3757, .F. ) ;
#7161 = ORIENTED_EDGE ( 'NONE', *, *, #3014, .T. ) ;
#7162 = AXIS2_PLACEMENT_3D ( 'NONE', #3985, #299, #6331 ) ;
#7163 = CARTESIAN_POINT ( 'NONE',  ( 28.60000000000000142, -20.76683849253809910, 17.10000000000000142 ) ) ;
#7164 = EDGE_CURVE ( 'NONE', #7664, #3488, #5696, .T. ) ;
#7165 = VECTOR ( 'NONE', #6649, 1000.000000000000000 ) ;
#7166 = CARTESIAN_POINT ( 'NONE',  ( -7.173814858237198427E-17, -22.38341924626905310, 16.68578643762690206 ) ) ;
#7167 = CARTESIAN_POINT ( 'NONE',  ( 31.39999999999999858, -25.61658075373095755, 17.10000000000000142 ) ) ;
#7168 = DIRECTION ( 'NONE',  ( 0.000000000000000000, 0.000000000000000000, -1.000000000000000000 ) ) ;
#7169 = ADVANCED_FACE ( 'NONE', ( #3919 ), #7532, .F. ) ;
#7170 = CARTESIAN_POINT ( 'NONE',  ( 10.90000000000000391, 23.80710678118654400, -14.09999999999999964 ) ) ;
#7171 = AXIS2_PLACEMENT_3D ( 'NONE', #3565, #3711, #549 ) ;
#7172 = CIRCLE ( 'NONE', #7050, 6.000000000000000000 ) ;
#7173 = EDGE_LOOP ( 'NONE', ( #6399, #5487, #3557 ) ) ;
#7174 = CARTESIAN_POINT ( 'NONE',  ( -2.799999999999999822, -3.766896785601943786E-15, 22.60000000000000142 ) ) ;
#7175 = EDGE_CURVE ( 'NONE', #1505, #3259, #5105, .T. ) ;
#7176 = VECTOR ( 'NONE', #6318, 1000.000000000000000 ) ;
#7177 = CARTESIAN_POINT ( 'NONE',  ( 2.800000000000002043, 19.59999999999999432, 9.680000000000003268 ) ) ;
#7178 = DIRECTION ( 'NONE',  ( 0.000000000000000000, 0.000000000000000000, -1.000000000000000000 ) ) ;
#7179 = AXIS2_PLACEMENT_3D ( 'NONE', #6961, #5284, #5208 ) ;
#7180 = VECTOR ( 'NONE', #842, 1000.000000000000000 ) ;
#7181 = CARTESIAN_POINT ( 'NONE',  ( 6.934161637422524116, -24.64999999999999503, -8.199999999999999289 ) ) ;
#7182 = ORIENTED_EDGE ( 'NONE', *, *, #812, .F. ) ;
#7183 = AXIS2_PLACEMENT_3D ( 'NONE', #641, #7382, #3177 ) ;
#7184 = ORIENTED_EDGE ( 'NONE', *, *, #5367, .F. ) ;
#7185 = AXIS2_PLACEMENT_3D ( 'NONE', #7424, #4323, #2618 ) ;
#7186 = VECTOR ( 'NONE', #5622, 1000.000000000000000 ) ;
#7187 = ORIENTED_EDGE ( 'NONE', *, *, #2990, .F. ) ;
#7188 = EDGE_LOOP ( 'NONE', ( #4611, #5151, #6944, #19 ) ) ;
#7189 = EDGE_CURVE ( 'NONE', #6304, #2395, #2254, .T. ) ;
#7190 = LINE ( 'NONE', #2272, #3874 ) ;
#7191 = CARTESIAN_POINT ( 'NONE',  ( 28.59999999999999787, -3.233161507461907558, 19.60000000000000142 ) ) ;
#7192 = EDGE_CURVE ( 'NONE', #495, #6109, #3916, .T. ) ;
#7193 = VECTOR ( 'NONE', #2841, 1000.000000000000000 ) ;
#7194 = CARTESIAN_POINT ( 'NONE',  ( 0.05652728750032250116, 15.43577712623768861, -16.48891958280302816 ) ) ;
#7195 = AXIS2_PLACEMENT_3D ( 'NONE', #4986, #1419, #5536 ) ;
#7196 = DIRECTION ( 'NONE',  ( 0.000000000000000000, 1.000000000000000000, 1.535153518563546084E-16 ) ) ;
#7197 = EDGE_LOOP ( 'NONE', ( #5868, #2656 ) ) ;
#7198 = CIRCLE ( 'NONE', #2498, 0.5000000000000000000 ) ;
#7199 = ORIENTED_EDGE ( 'NONE', *, *, #1453, .T. ) ;
#7200 = AXIS2_PLACEMENT_3D ( 'NONE', #1027, #3441, #7095 ) ;
#7201 = DIRECTION ( 'NONE',  ( 0.000000000000000000, 1.000000000000000000, 0.000000000000000000 ) ) ;
#7202 = CARTESIAN_POINT ( 'NONE',  ( 14.90000000000000391, 26.39289321881345529, -14.09999999999999964 ) ) ;
#7203 = DIRECTION ( 'NONE',  ( -1.000000000000000000, -0.000000000000000000, -0.000000000000000000 ) ) ;
#7204 = CYLINDRICAL_SURFACE ( 'NONE', #2277, 1.100000000000000089 ) ;
#7205 = CARTESIAN_POINT ( 'NONE',  ( -5.599999999999998757, 1.616580753730949782, 19.60000000000000142 ) ) ;
#7206 = LINE ( 'NONE', #3067, #4999 ) ;
#7207 = AXIS2_PLACEMENT_3D ( 'NONE', #2065, #3296, #4478 ) ;
#7208 = CARTESIAN_POINT ( 'NONE',  ( -5.599999999999998757, -25.61658075373095755, 19.59999999999999787 ) ) ;
#7209 = AXIS2_PLACEMENT_3D ( 'NONE', #7430, #6676, #1400 ) ;
#7211 = ORIENTED_EDGE ( 'NONE', *, *, #5551, .T. ) ;
#7210 = ADVANCED_FACE ( 'NONE', ( #2722 ), #3405, .F. ) ;
#7212 = ORIENTED_EDGE ( 'NONE', *, *, #4338, .F. ) ;
#7213 = VERTEX_POINT ( 'NONE', #2882 ) ;
#7214 = CIRCLE ( 'NONE', #6575, 0.4999999999999994449 ) ;
#7215 = CARTESIAN_POINT ( 'NONE',  ( 25.80000000000000071, -3.305133126583373659, -15.60000000000000320 ) ) ;
#7216 = TOROIDAL_SURFACE ( 'NONE', #1255, 10.49999999999999645, 0.5000000000000000000 ) ;
#7217 = DIRECTION ( 'NONE',  ( 0.000000000000000000, -1.535153518563546084E-16, 1.000000000000000000 ) ) ;
#7218 = CARTESIAN_POINT ( 'NONE',  ( 10.40000000000000213, 23.60000000000000142, -9.099999999999999645 ) ) ;
#7219 = CARTESIAN_POINT ( 'NONE',  ( 12.90000000000000036, 19.60000000000000142, -17.49999999999999645 ) ) ;
#7220 = FACE_OUTER_BOUND ( 'NONE', #875, .T. ) ;
#7221 = EDGE_CURVE ( 'NONE', #1221, #5713, #7011, .T. ) ;
#7222 = AXIS2_PLACEMENT_3D ( 'NONE', #6163, #5641, #3743 ) ;
#7223 = ORIENTED_EDGE ( 'NONE', *, *, #4033, .T. ) ;
#7224 = ADVANCED_FACE ( 'NONE', ( #5301 ), #5943, .T. ) ;
#7225 = CARTESIAN_POINT ( 'NONE',  ( 10.90000000000000391, 24.10000000000000142, -9.099999999999999645 ) ) ;
#7226 = LINE ( 'NONE', #1185, #4393 ) ;
#7227 = CARTESIAN_POINT ( 'NONE',  ( 4.336808689942017736E-16, 1.616580753730949338, 17.10000000000000497 ) ) ;
#7228 = PLANE ( 'NONE',  #2113 ) ;
#7229 = ADVANCED_FACE ( 'NONE', ( #5257 ), #393, .T. ) ;
#7230 = ORIENTED_EDGE ( 'NONE', *, *, #7858, .F. ) ;
#7231 = ORIENTED_EDGE ( 'NONE', *, *, #85, .F. ) ;
#7232 = ORIENTED_EDGE ( 'NONE', *, *, #640, .T. ) ;
#7233 = CARTESIAN_POINT ( 'NONE',  ( 25.75180612303669037, -11.79402449751036386, -16.42449347590331854 ) ) ;
#7234 = DIRECTION ( 'NONE',  ( 0.7071067811865492381, -0.7071067811865457964, 0.000000000000000000 ) ) ;
#7235 = FACE_OUTER_BOUND ( 'NONE', #5110, .T. ) ;
#7236 = EDGE_CURVE ( 'NONE', #2077, #7514, #6413, .T. ) ;
#7237 = ORIENTED_EDGE ( 'NONE', *, *, #3425, .F. ) ;
#7238 = VERTEX_POINT ( 'NONE', #7652 ) ;
#7239 = LINE ( 'NONE', #1049, #4241 ) ;
#7240 = FACE_OUTER_BOUND ( 'NONE', #3069, .T. ) ;
#7241 = DIRECTION ( 'NONE',  ( 0.000000000000000000, 1.000000000000000000, 1.535153518563546084E-16 ) ) ;
#7242 = CARTESIAN_POINT ( 'NONE',  ( 0.07179676972448884031, -12.82658702483003488, -16.59999999999999787 ) ) ;
#7243 = CARTESIAN_POINT ( 'NONE',  ( 2.799999999999999822, 20.09999999999999787, -19.49999999999999645 ) ) ;
#7244 = PLANE ( 'NONE',  #208 ) ;
#7245 = EDGE_LOOP ( 'NONE', ( #7625, #4351, #414 ) ) ;
#7246 = ORIENTED_EDGE ( 'NONE', *, *, #4738, .T. ) ;
#7247 = EDGE_LOOP ( 'NONE', ( #4071, #1241, #1396, #4537, #1956, #4361, #317, #1704, #486, #7231, #5982, #2095, #6835 ) ) ;
#7248 = CARTESIAN_POINT ( 'NONE',  ( 2.799999999999999822, 1.069065149083006538, -13.60000000000000142 ) ) ;
#7249 = CARTESIAN_POINT ( 'NONE',  ( 25.80000000000000071, 15.44623922359338941, 5.894800647005510541 ) ) ;
#7250 = CARTESIAN_POINT ( 'NONE',  ( 22.97134303658117815, -22.89999999999999503, -19.93301525612149305 ) ) ;
#7251 = DIRECTION ( 'NONE',  ( -0.000000000000000000, 0.000000000000000000, 1.000000000000000000 ) ) ;
#7252 = ADVANCED_FACE ( 'NONE', ( #2210 ), #4038, .F. ) ;
#7253 = DIRECTION ( 'NONE',  ( -0.5000000000000001110, 0.8660254037844385966, 0.000000000000000000 ) ) ;
#7254 = ORIENTED_EDGE ( 'NONE', *, *, #6936, .F. ) ;
#7255 = DIRECTION ( 'NONE',  ( 0.000000000000000000, 0.000000000000000000, 1.000000000000000000 ) ) ;
#7256 = DIRECTION ( 'NONE',  ( 1.000000000000000000, 0.000000000000000000, 0.000000000000000000 ) ) ;
#7257 = LINE ( 'NONE', #1266, #4045 ) ;
#7258 = ADVANCED_FACE ( 'NONE', ( #5773 ), #3654, .T. ) ;
#7259 = DIRECTION ( 'NONE',  ( 1.000000000000000000, 0.000000000000000000, -0.000000000000000000 ) ) ;
#7260 = EDGE_CURVE ( 'NONE', #5243, #1711, #1062, .T. ) ;
#7261 = ORIENTED_EDGE ( 'NONE', *, *, #6629, .T. ) ;
#7262 = VERTEX_POINT ( 'NONE', #904 ) ;
#7263 = ORIENTED_EDGE ( 'NONE', *, *, #4345, .T. ) ;
#7264 = LINE ( 'NONE', #2425, #4516 ) ;
#7265 = ADVANCED_FACE ( 'NONE', ( #5731 ), #4107, .T. ) ;
#7266 = LINE ( 'NONE', #2860, #3116 ) ;
#7267 = CARTESIAN_POINT ( 'NONE',  ( 2.799999999999999822, 20.09999999999999787, -19.99999999999999645 ) ) ;
#7268 = EDGE_LOOP ( 'NONE', ( #4465, #4020 ) ) ;
#7269 =( BOUNDED_CURVE ( )  B_SPLINE_CURVE ( 3, ( #4216, #4850, #6678, #6002 ),
 .UNSPECIFIED., .F., .T. ) 
 B_SPLINE_CURVE_WITH_KNOTS ( ( 4, 4 ),
 ( 1.570796326794896558, 3.141592653589793116 ),
 .UNSPECIFIED. ) 
 CURVE ( )  GEOMETRIC_REPRESENTATION_ITEM ( )  RATIONAL_B_SPLINE_CURVE ( ( 1.000000000000000000, 0.8047378541243649375, 0.8047378541243649375, 1.000000000000000000 ) ) 
 REPRESENTATION_ITEM ( '' )  );
#7270 = ORIENTED_EDGE ( 'NONE', *, *, #28, .T. ) ;
#7271 = LINE ( 'NONE', #4848, #6661 ) ;
#7272 = CARTESIAN_POINT ( 'NONE',  ( 11.37397266938594598, 23.96912604902990651, -14.61301366530697088 ) ) ;
#7273 = ADVANCED_FACE ( 'NONE', ( #5144 ), #7574, .T. ) ;
#7274 = CARTESIAN_POINT ( 'NONE',  ( 0.05652728750032305627, -11.99080989859235657, -16.48891958280302816 ) ) ;
#7275 = DIRECTION ( 'NONE',  ( 0.000000000000000000, 0.000000000000000000, -1.000000000000000000 ) ) ;
#7276 = DIRECTION ( 'NONE',  ( 1.000000000000000000, 0.000000000000000000, 0.000000000000000000 ) ) ;
#7277 = VERTEX_POINT ( 'NONE', #6374 ) ;
#7278 = VERTEX_POINT ( 'NONE', #5190 ) ;
#7279 = ORIENTED_EDGE ( 'NONE', *, *, #1509, .T. ) ;
#7280 = LINE ( 'NONE', #6009, #3398 ) ;
#7281 = EDGE_CURVE ( 'NONE', #5509, #2970, #941, .T. ) ;
#7282 = AXIS2_PLACEMENT_3D ( 'NONE', #2442, #5375, #5485 ) ;
#7283 = FACE_BOUND ( 'NONE', #1913, .T. ) ;
#7284 = CARTESIAN_POINT ( 'NONE',  ( 28.60000000000000142, -3.766896785601943786E-15, 17.10000000000000497 ) ) ;
#7285 = CARTESIAN_POINT ( 'NONE',  ( -2.799999999999999822, -3.766896785601943786E-15, 22.60000000000000142 ) ) ;
#7286 = DIRECTION ( 'NONE',  ( 1.000000000000000000, 0.000000000000000000, 0.000000000000000000 ) ) ;
#7287 = TOROIDAL_SURFACE ( 'NONE', #5255, 10.49999999999999645, 0.5000000000000000000 ) ;
#7288 = ORIENTED_EDGE ( 'NONE', *, *, #3478, .T. ) ;
#7289 = DIRECTION ( 'NONE',  ( 1.000000000000000000, -0.000000000000000000, 0.000000000000000000 ) ) ;
#7290 = CARTESIAN_POINT ( 'NONE',  ( -2.799999999999998046, -27.23316150746190800, 19.59999999999999787 ) ) ;
#7291 = FACE_OUTER_BOUND ( 'NONE', #7389, .T. ) ;
#7292 = AXIS2_PLACEMENT_3D ( 'NONE', #1528, #5175, #2795 ) ;
#7293 = CIRCLE ( 'NONE', #1220, 0.5000000000000004441 ) ;
#7294 = CARTESIAN_POINT ( 'NONE',  ( 25.80000000000000071, 9.592149841619608708, -6.950833218564932636 ) ) ;
#7295 = ORIENTED_EDGE ( 'NONE', *, *, #1437, .F. ) ;
#7296 = ORIENTED_EDGE ( 'NONE', *, *, #4659, .T. ) ;
#7297 = ADVANCED_FACE ( 'NONE', ( #2176 ), #7216, .T. ) ;
#7298 = AXIS2_PLACEMENT_3D ( 'NONE', #1759, #4171, #524 ) ;
#7299 = VERTEX_POINT ( 'NONE', #3991 ) ;
#7300 = VECTOR ( 'NONE', #5333, 1000.000000000000000 ) ;
#7301 = CARTESIAN_POINT ( 'NONE',  ( 0.000000000000000000, -15.09432076012067725, 16.33208677955160226 ) ) ;
#7302 = CARTESIAN_POINT ( 'NONE',  ( 0.6868897315516044877, -25.96000000000000085, 17.09999999999999787 ) ) ;
#7303 = CARTESIAN_POINT ( 'NONE',  ( 20.89999999999999858, 23.59999999999999787, -1.249999999999996225 ) ) ;
#7304 = TOROIDAL_SURFACE ( 'NONE', #4893, 1.000000000000000000, 0.5000000000000000000 ) ;
#7305 = AXIS2_PLACEMENT_3D ( 'NONE', #7181, #4232, #2420 ) ;
#7306 = AXIS2_PLACEMENT_3D ( 'NONE', #5960, #7826, #527 ) ;
#7307 = ORIENTED_EDGE ( 'NONE', *, *, #7221, .F. ) ;
#7308 = ADVANCED_FACE ( 'NONE', ( #3630 ), #3593, .F. ) ;
#7309 = ORIENTED_EDGE ( 'NONE', *, *, #4307, .F. ) ;
#7310 = EDGE_CURVE ( 'NONE', #3891, #1058, #6646, .T. ) ;
#7311 = VECTOR ( 'NONE', #4434, 1000.000000000000114 ) ;
#7312 = CARTESIAN_POINT ( 'NONE',  ( 25.72820323027551126, -1.069065149083005428, -16.60000000000000142 ) ) ;
#7313 = CARTESIAN_POINT ( 'NONE',  ( 0.000000000000000000, -24.00000000000000000, 19.59999999999999787 ) ) ;
#7314 = CIRCLE ( 'NONE', #7305, 0.5000000000000004441 ) ;
#7315 = APPROVAL_ROLE ( '' ) ;
#7316 = CYLINDRICAL_SURFACE ( 'NONE', #6928, 4.000000000000000000 ) ;
#7317 = LINE ( 'NONE', #6640, #1343 ) ;
#7318 = AXIS2_PLACEMENT_3D ( 'NONE', #1488, #6887, #1370 ) ;
#7319 = ORIENTED_EDGE ( 'NONE', *, *, #2790, .F. ) ;
#7320 = ADVANCED_FACE ( 'NONE', ( #2326 ), #1142, .F. ) ;
#7321 = CIRCLE ( 'NONE', #3764, 4.000000000000000000 ) ;
#7322 = VERTEX_POINT ( 'NONE', #3669 ) ;
#7323 = ORIENTED_EDGE ( 'NONE', *, *, #4755, .F. ) ;
#7324 = CYLINDRICAL_SURFACE ( 'NONE', #5532, 2.999999999999999112 ) ;
#7325 = CARTESIAN_POINT ( 'NONE',  ( 12.90000000000000746, -34.39999999999999858, -12.39999999999999858 ) ) ;
#7326 = CARTESIAN_POINT ( 'NONE',  ( 14.40000000000000036, 23.80710678118654400, -14.59999999999999964 ) ) ;
#7327 = CARTESIAN_POINT ( 'NONE',  ( 22.63397459621555896, -22.89999999999999503, -19.99999999999999645 ) ) ;
#7328 = DIRECTION ( 'NONE',  ( -1.000000000000000000, -0.000000000000000000, 0.000000000000000000 ) ) ;
#7329 = AXIS2_PLACEMENT_3D ( 'NONE', #1779, #6613, #1178 ) ;
#7330 = CARTESIAN_POINT ( 'NONE',  ( 23.00000000000000000, -12.50985592009477898, 14.73541581987372062 ) ) ;
#7331 = EDGE_CURVE ( 'NONE', #449, #599, #6201, .T. ) ;
#7332 = AXIS2_PLACEMENT_3D ( 'NONE', #348, #6372, #4552 ) ;
#7333 = ORIENTED_EDGE ( 'NONE', *, *, #5838, .F. ) ;
#7334 = DIRECTION ( 'NONE',  ( 0.000000000000000000, 0.000000000000000000, 1.000000000000000000 ) ) ;
#7335 = CIRCLE ( 'NONE', #5051, 1.100000000000000311 ) ;
#7336 = CARTESIAN_POINT ( 'NONE',  ( 20.50000000000001066, -34.39999999999999858, -11.89999999999999680 ) ) ;
#7337 = DIRECTION ( 'NONE',  ( 0.000000000000000000, 0.000000000000000000, 1.000000000000000000 ) ) ;
#7338 = DIRECTION ( 'NONE',  ( -0.000000000000000000, 1.000000000000000000, 1.535153518563546084E-16 ) ) ;
#7339 = DIRECTION ( 'NONE',  ( 0.000000000000000000, 1.000000000000000000, 2.011273595335428572E-16 ) ) ;
#7340 = AXIS2_PLACEMENT_3D ( 'NONE', #1586, #5311, #2849 ) ;
#7341 = CIRCLE ( 'NONE', #5682, 1.600000000000000755 ) ;
#7342 = CARTESIAN_POINT ( 'NONE',  ( 23.00000000000000000, -20.10000000000000497, 22.60000000000000142 ) ) ;
#7343 = ORIENTED_EDGE ( 'NONE', *, *, #1209, .F. ) ;
#7344 = ORIENTED_EDGE ( 'NONE', *, *, #5318, .F. ) ;
#7345 = ORIENTED_EDGE ( 'NONE', *, *, #238, .T. ) ;
#7346 = AXIS2_PLACEMENT_3D ( 'NONE', #1531, #6367, #4066 ) ;
#7347 = DIRECTION ( 'NONE',  ( 0.000000000000000000, 1.000000000000000000, 1.535153518563546084E-16 ) ) ;
#7348 = DIRECTION ( 'NONE',  ( -0.000000000000000000, 0.000000000000000000, 1.000000000000000000 ) ) ;
#7349 = DIRECTION ( 'NONE',  ( -1.000000000000000000, -0.000000000000000000, -0.000000000000000000 ) ) ;
#7350 = EDGE_CURVE ( 'NONE', #873, #3088, #1377, .T. ) ;
#7351 = PLANE ( 'NONE',  #4019 ) ;
#7352 = ORIENTED_EDGE ( 'NONE', *, *, #1104, .F. ) ;
#7353 = ORIENTED_EDGE ( 'NONE', *, *, #7816, .F. ) ;
#7354 = CARTESIAN_POINT ( 'NONE',  ( 19.90000000000000213, 20.09999999999999787, -11.59999999999999787 ) ) ;
#7355 = CARTESIAN_POINT ( 'NONE',  ( 25.80000000000001492, -3.163733487903969799, -15.75808960203992726 ) ) ;
#7356 = DATE_AND_TIME ( #4931, #6334 ) ;
#7357 = CARTESIAN_POINT ( 'NONE',  ( 31.39999999999999858, 1.616580753730949782, 19.60000000000000142 ) ) ;
#7358 = EDGE_CURVE ( 'NONE', #187, #3063, #3540, .T. ) ;
#7359 = CARTESIAN_POINT ( 'NONE',  ( 23.00000000000000000, 20.09999999999999787, -19.49999999999999645 ) ) ;
#7360 = EDGE_CURVE ( 'NONE', #276, #5413, #5978, .T. ) ;
#7361 = ORIENTED_EDGE ( 'NONE', *, *, #1437, .T. ) ;
#7362 = ORIENTED_EDGE ( 'NONE', *, *, #5308, .F. ) ;
#7363 = VECTOR ( 'NONE', #5071, 1000.000000000000000 ) ;
#7364 = DIRECTION ( 'NONE',  ( -0.000000000000000000, 0.000000000000000000, 1.000000000000000000 ) ) ;
#7365 = CARTESIAN_POINT ( 'NONE',  ( 6.038879114094592993, -23.20385115758576688, -7.775262169797675149 ) ) ;
#7366 = CARTESIAN_POINT ( 'NONE',  ( 18.80000000000000071, 22.90000000000000213, -22.59999999999999787 ) ) ;
#7367 = CARTESIAN_POINT ( 'NONE',  ( 10.90000000000000213, 24.03453835922333681, -10.09999999996729514 ) ) ;
#7368 = CARTESIAN_POINT ( 'NONE',  ( 20.47800452801068261, -22.96019481285239294, -7.993929708367335962 ) ) ;
#7369 = ADVANCED_FACE ( 'NONE', ( #5937, #6088 ), #4792, .T. ) ;
#7370 = CARTESIAN_POINT ( 'NONE',  ( 29.87999999999999901, -20.21032982965536107, 17.09999999999999787 ) ) ;
#7371 = ORIENTED_EDGE ( 'NONE', *, *, #5210, .F. ) ;
#7372 = DIRECTION ( 'NONE',  ( 0.000000000000000000, 0.000000000000000000, 1.000000000000000000 ) ) ;
#7373 = DIRECTION ( 'NONE',  ( 1.000000000000000000, 0.000000000000000000, 0.000000000000000000 ) ) ;
#7374 = LINE ( 'NONE', #2054, #7596 ) ;
#7375 = FACE_OUTER_BOUND ( 'NONE', #2956, .T. ) ;
#7376 = CARTESIAN_POINT ( 'NONE',  ( 25.80000000000000071, 12.82658702483003488, -16.59999999999999787 ) ) ;
#7377 = EDGE_CURVE ( 'NONE', #6432, #37, #1596, .T. ) ;
#7378 = CARTESIAN_POINT ( 'NONE',  ( 12.90000000000000746, -34.39999999999999858, -7.699999999999998401 ) ) ;
#7379 = ORIENTED_EDGE ( 'NONE', *, *, #3119, .T. ) ;
#7380 = EDGE_LOOP ( 'NONE', ( #487, #6659, #5, #7464 ) ) ;
#7381 = ORIENTED_EDGE ( 'NONE', *, *, #4738, .F. ) ;
#7382 = DIRECTION ( 'NONE',  ( 0.000000000000000000, 1.000000000000000000, 1.535153518563546084E-16 ) ) ;
#7383 = CARTESIAN_POINT ( 'NONE',  ( 25.80000000000000071, 20.79999999999999716, 22.60000000000000497 ) ) ;
#7384 = CARTESIAN_POINT ( 'NONE',  ( 21.11583836257748814, -22.90000000000000213, -12.39999999999999858 ) ) ;
#7385 = DIRECTION ( 'NONE',  ( -1.000000000000000000, 0.000000000000000000, 0.000000000000000000 ) ) ;
#7386 = CARTESIAN_POINT ( 'NONE',  ( -2.800000000000001155, -20.76683849253809910, 19.59999999999999787 ) ) ;
#7387 = PRODUCT_DEFINITION ( '未知', '', #6199, #343 ) ;
#7388 = ORIENTED_EDGE ( 'NONE', *, *, #2596, .F. ) ;
#7389 = EDGE_LOOP ( 'NONE', ( #7333, #6355, #1198, #2290 ) ) ;
#7390 = DIRECTION ( 'NONE',  ( 0.000000000000000000, 0.000000000000000000, 1.000000000000000000 ) ) ;
#7391 = DIRECTION ( 'NONE',  ( 1.000000000000000000, 0.000000000000000000, 0.000000000000000000 ) ) ;
#7392 = CARTESIAN_POINT ( 'NONE',  ( 12.90000000000000746, -34.39999999999999858, -7.699999999999998401 ) ) ;
#7393 = CARTESIAN_POINT ( 'NONE',  ( 27.00000000000000000, -3.570953297738367706E-15, 17.10000000000000497 ) ) ;
#7394 = VERTEX_POINT ( 'NONE', #1214 ) ;
#7395 = EDGE_CURVE ( 'NONE', #910, #2239, #6011, .T. ) ;
#7396 = ORIENTED_EDGE ( 'NONE', *, *, #7070, .T. ) ;
#7397 = DIRECTION ( 'NONE',  ( 1.000000000000000000, 0.000000000000000000, 0.000000000000000000 ) ) ;
#7398 = CARTESIAN_POINT ( 'NONE',  ( 2.799999999999999822, -21.40000000000000568, -11.89999999999999680 ) ) ;
#7399 = LINE ( 'NONE', #217, #7476 ) ;
#7400 = DIRECTION ( 'NONE',  ( 0.000000000000000000, 0.000000000000000000, 1.000000000000000000 ) ) ;
#7401 = LINE ( 'NONE', #1963, #4621 ) ;
#7402 = CARTESIAN_POINT ( 'NONE',  ( 12.90000000000000746, -34.39999999999999858, -11.89999999999999680 ) ) ;
#7403 = ORIENTED_EDGE ( 'NONE', *, *, #5347, .T. ) ;
#7404 = ADVANCED_FACE ( 'NONE', ( #3518 ), #1098, .T. ) ;
#7405 = DIRECTION ( 'NONE',  ( -0.000000000000000000, -0.000000000000000000, -1.000000000000000000 ) ) ;
#7406 = AXIS2_PLACEMENT_3D ( 'NONE', #1258, #6730, #4226 ) ;
#7407 = CARTESIAN_POINT ( 'NONE',  ( 11.75355339059327875, 27.45355339059327449, -14.09999999999999964 ) ) ;
#7408 = EDGE_CURVE ( 'NONE', #7583, #5413, #3532, .T. ) ;
#7409 = CARTESIAN_POINT ( 'NONE',  ( 24.36575338090833043, 19.93945202854508381, -19.86992854046748391 ) ) ;
#7410 = CARTESIAN_POINT ( 'NONE',  ( 14.40000000000000391, 26.39289321881345529, -10.10000000000000142 ) ) ;
#7411 = DIRECTION ( 'NONE',  ( 0.000000000000000000, 0.000000000000000000, 1.000000000000000000 ) ) ;
#7412 = DIRECTION ( 'NONE',  ( -1.000000000000000000, 0.000000000000000000, 0.000000000000000000 ) ) ;
#7413 = AXIS2_PLACEMENT_3D ( 'NONE', #2328, #4748, #658 ) ;
#7414 = EDGE_LOOP ( 'NONE', ( #2162, #7493, #3806, #2027 ) ) ;
#7415 = VERTEX_POINT ( 'NONE', #2410 ) ;
#7416 = EDGE_CURVE ( 'NONE', #6671, #7529, #4828, .T. ) ;
#7417 = ORIENTED_EDGE ( 'NONE', *, *, #3622, .F. ) ;
#7418 = VECTOR ( 'NONE', #3553, 1000.000000000000000 ) ;
#7419 = CARTESIAN_POINT ( 'NONE',  ( 11.40000000000000391, 24.10000000000000497, -10.09999999999999964 ) ) ;
#7420 = LINE ( 'NONE', #6307, #6321 ) ;
#7421 = AXIS2_PLACEMENT_3D ( 'NONE', #5669, #315, #5082 ) ;
#7422 = DIRECTION ( 'NONE',  ( 0.000000000000000000, -1.000000000000000000, 0.000000000000000000 ) ) ;
#7423 = CARTESIAN_POINT ( 'NONE',  ( 19.90000000000000213, 22.09999999999999787, -11.59999999999999787 ) ) ;
#7424 = CARTESIAN_POINT ( 'NONE',  ( 23.00000000000000000, -1.069065149083006094, -13.60000000000000142 ) ) ;
#7425 = VECTOR ( 'NONE', #5607, 1000.000000000000000 ) ;
#7426 = VERTEX_POINT ( 'NONE', #2440 ) ;
#7427 = AXIS2_PLACEMENT_3D ( 'NONE', #857, #4500, #3911 ) ;
#7428 = ORIENTED_EDGE ( 'NONE', *, *, #5080, .F. ) ;
#7429 = DIRECTION ( 'NONE',  ( -0.8660254037844384856, -0.5000000000000002220, 0.000000000000000000 ) ) ;
#7430 = CARTESIAN_POINT ( 'NONE',  ( 12.90000000000000746, -34.39999999999999858, -11.89999999999999680 ) ) ;
#7431 = CIRCLE ( 'NONE', #7298, 3.000000000000000888 ) ;
#7432 = DATE_AND_TIME ( #3780, #4565 ) ;
#7433 = CARTESIAN_POINT ( 'NONE',  ( -4.080000000000000071, -20.21032982965536107, 17.09999999999999787 ) ) ;
#7434 = VECTOR ( 'NONE', #7034, 1000.000000000000000 ) ;
#7435 = CARTESIAN_POINT ( 'NONE',  ( 14.40000000000000568, 24.10000000000000497, -14.60000000000000142 ) ) ;
#7436 = AXIS2_PLACEMENT_3D ( 'NONE', #2111, #4534, #6996 ) ;
#7437 = ORIENTED_EDGE ( 'NONE', *, *, #5898, .T. ) ;
#7438 = EDGE_LOOP ( 'NONE', ( #1979, #2690, #5705, #6632 ) ) ;
#7439 = AXIS2_PLACEMENT_3D ( 'NONE', #3015, #7259, #4082 ) ;
#7440 = CIRCLE ( 'NONE', #3736, 1.000000000000000888 ) ;
#7441 = DIRECTION ( 'NONE',  ( 1.000000000000000000, -0.000000000000000000, -0.000000000000000000 ) ) ;
#7442 = CARTESIAN_POINT ( 'NONE',  ( 5.234544386469167421, -22.89999999999999858, -7.729149572877519248 ) ) ;
#7443 = DIRECTION ( 'NONE',  ( 0.000000000000000000, 1.535153518563546084E-16, -1.000000000000000000 ) ) ;
#7444 = DIRECTION ( 'NONE',  ( 0.000000000000000000, -0.7682212795973759611, 0.6401843996644797086 ) ) ;
#7445 = DIRECTION ( 'NONE',  ( -1.000000000000000000, 0.000000000000000000, 0.000000000000000000 ) ) ;
#7446 = CIRCLE ( 'NONE', #6807, 10.49999999999999645 ) ;
#7447 = LINE ( 'NONE', #1964, #3109 ) ;
#7448 = ADVANCED_FACE ( 'NONE', ( #4858, #7283 ), #1847, .F. ) ;
#7449 = EDGE_LOOP ( 'NONE', ( #922, #5211, #7059, #4353 ) ) ;
#7450 = LINE ( 'NONE', #4271, #1758 ) ;
#7451 = AXIS2_PLACEMENT_3D ( 'NONE', #5136, #218, #1444 ) ;
#7452 = PLANE ( 'NONE',  #2226 ) ;
#7453 = AXIS2_PLACEMENT_3D ( 'NONE', #4613, #2080, #7523 ) ;
#7454 = CARTESIAN_POINT ( 'NONE',  ( 25.57611654161486214, 20.66566992496929345, -17.41497797547345527 ) ) ;
#7455 = DIRECTION ( 'NONE',  ( -1.000000000000000000, 0.000000000000000000, -0.000000000000000000 ) ) ;
#7456 = LINE ( 'NONE', #2019, #6986 ) ;
#7457 = EDGE_CURVE ( 'NONE', #6776, #2239, #2475, .T. ) ;
#7458 = CARTESIAN_POINT ( 'NONE',  ( 0.000000000000000000, 23.59999999999999787, -9.099999999999999645 ) ) ;
#7459 = AXIS2_PLACEMENT_3D ( 'NONE', #2528, #6767, #4588 ) ;
#7460 = ORIENTED_EDGE ( 'NONE', *, *, #65, .T. ) ;
#7461 = CIRCLE ( 'NONE', #5804, 1.100000000000000311 ) ;
#7462 = EDGE_CURVE ( 'NONE', #5835, #3877, #6761, .T. ) ;
#7463 = VERTEX_POINT ( 'NONE', #1926 ) ;
#7464 = ORIENTED_EDGE ( 'NONE', *, *, #6494, .T. ) ;
#7465 = AXIS2_PLACEMENT_3D ( 'NONE', #302, #267, #2174 ) ;
#7466 = FACE_OUTER_BOUND ( 'NONE', #1318, .T. ) ;
#7467 = LINE ( 'NONE', #6867, #876 ) ;
#7468 = AXIS2_PLACEMENT_3D ( 'NONE', #7147, #443, #5913 ) ;
#7469 = CARTESIAN_POINT ( 'NONE',  ( 23.00000000000000000, 9.592149841619608708, -6.950833218564932636 ) ) ;
#7470 = FACE_OUTER_BOUND ( 'NONE', #6952, .T. ) ;
#7471 = EDGE_CURVE ( 'NONE', #5368, #4627, #689, .T. ) ;
#7472 = CARTESIAN_POINT ( 'NONE',  ( 3.299999999999999822, -22.39999999999999503, -11.89999999999999680 ) ) ;
#7473 = CIRCLE ( 'NONE', #1510, 2.999999999999999112 ) ;
#7474 = B_SPLINE_CURVE_WITH_KNOTS ( 'NONE', 3,
 ( #197, #246, #4960, #6870, #1274, #3689, #675, #402, #1466, #2067 ),
 .UNSPECIFIED., .F., .F.,
 ( 4, 2, 2, 2, 4 ),
 ( 0.000000000000000000, 0.0006271788835727181832, 0.001254357767145436366, 0.001881536650718154549, 0.002508715534290872733 ),
 .UNSPECIFIED. ) ;
#7475 = ORIENTED_EDGE ( 'NONE', *, *, #3363, .T. ) ;
#7476 = VECTOR ( 'NONE', #7489, 1000.000000000000000 ) ;
#7477 = ORIENTED_EDGE ( 'NONE', *, *, #5662, .F. ) ;
#7478 = ORIENTED_EDGE ( 'NONE', *, *, #3789, .T. ) ;
#7479 = CARTESIAN_POINT ( 'NONE',  ( 4.800000000000000711, -34.39999999999999858, -7.699999999999998401 ) ) ;
#7480 = DIRECTION ( 'NONE',  ( 0.000000000000000000, 2.090028284309406488E-16, -1.000000000000000000 ) ) ;
#7481 =( NAMED_UNIT ( * ) PLANE_ANGLE_UNIT ( ) SI_UNIT ( $, .RADIAN. ) );
#7482 = LINE ( 'NONE', #801, #7180 ) ;
#7483 = EDGE_CURVE ( 'NONE', #4086, #321, #5552, .T. ) ;
#7484 = CARTESIAN_POINT ( 'NONE',  ( 14.88558081216910089, 23.93957337466365942, -14.58558081216910196 ) ) ;
#7485 = VERTEX_POINT ( 'NONE', #101 ) ;
#7486 = ORIENTED_EDGE ( 'NONE', *, *, #1825, .F. ) ;
#7487 = DIRECTION ( 'NONE',  ( -0.000000000000000000, -0.000000000000000000, -1.000000000000000000 ) ) ;
#7488 = CARTESIAN_POINT ( 'NONE',  ( 15.10710678118654826, 23.60000000000000497, -9.685786437626905609 ) ) ;
#7489 = DIRECTION ( 'NONE',  ( 1.000000000000000000, -0.000000000000000000, 0.000000000000000000 ) ) ;
#7490 = CARTESIAN_POINT ( 'NONE',  ( 25.80000000000000071, -24.00000000000000000, 19.59999999999999787 ) ) ;
#7491 = CARTESIAN_POINT ( 'NONE',  ( 0.000000000000000000, -17.59999999999999787, 14.82720000870367372 ) ) ;
#7492 = DIRECTION ( 'NONE',  ( 1.224646799147353207E-16, 1.000000000000000000, 0.000000000000000000 ) ) ;
#7493 = ORIENTED_EDGE ( 'NONE', *, *, #1414, .T. ) ;
#7494 = DIRECTION ( 'NONE',  ( 1.000000000000000000, 0.000000000000000000, -0.000000000000000000 ) ) ;
#7495 = EDGE_CURVE ( 'NONE', #5034, #13, #5688, .T. ) ;
#7496 = CARTESIAN_POINT ( 'NONE',  ( 21.34964625466623289, 19.14964625466689441, -22.15896131234899258 ) ) ;
#7497 = DIRECTION ( 'NONE',  ( 1.000000000000000000, 0.000000000000000000, 0.000000000000000000 ) ) ;
#7498 = DIRECTION ( 'NONE',  ( -0.000000000000000000, -0.000000000000000000, 1.000000000000000000 ) ) ;
#7499 = ORIENTED_EDGE ( 'NONE', *, *, #874, .T. ) ;
#7500 = CARTESIAN_POINT ( 'NONE',  ( 23.00000000000000000, -1.069065149083006094, -13.60000000000000142 ) ) ;
#7501 = ORIENTED_EDGE ( 'NONE', *, *, #7462, .T. ) ;
#7502 = ORIENTED_EDGE ( 'NONE', *, *, #2173, .F. ) ;
#7503 = ADVANCED_FACE ( 'NONE', ( #3110 ), #2521, .T. ) ;
#7504 = ORIENTED_EDGE ( 'NONE', *, *, #864, .T. ) ;
#7505 = CARTESIAN_POINT ( 'NONE',  ( 0.000000000000000000, -12.82658702483003488, -16.59999999999999787 ) ) ;
#7506 = CARTESIAN_POINT ( 'NONE',  ( 19.76112088590541660, -23.20385115758577044, -7.775262169797673373 ) ) ;
#7507 = DIRECTION ( 'NONE',  ( 1.000000000000000000, -0.000000000000000000, -0.000000000000000000 ) ) ;
#7508 = EDGE_CURVE ( 'NONE', #5659, #1865, #4296, .T. ) ;
#7509 = DIRECTION ( 'NONE',  ( 0.000000000000000000, -0.000000000000000000, -1.000000000000000000 ) ) ;
#7510 = DIRECTION ( 'NONE',  ( -0.000000000000000000, 1.000000000000000000, 1.535153518563546084E-16 ) ) ;
#7511 = ORIENTED_EDGE ( 'NONE', *, *, #6736, .T. ) ;
#7512 = ORIENTED_EDGE ( 'NONE', *, *, #6756, .F. ) ;
#7513 = EDGE_CURVE ( 'NONE', #7529, #3146, #4304, .T. ) ;
#7514 = VERTEX_POINT ( 'NONE', #6728 ) ;
#7515 = CARTESIAN_POINT ( 'NONE',  ( 4.336808689942017736E-16, -22.38341924626905310, 16.09999999999999787 ) ) ;
#7516 = CARTESIAN_POINT ( 'NONE',  ( 23.50000000000000000, -22.89999999999999503, -19.49999999999999645 ) ) ;
#7517 = EDGE_CURVE ( 'NONE', #2461, #5034, #1369, .T. ) ;
#7518 = DIRECTION ( 'NONE',  ( -0.8660254037844384856, -0.5000000000000002220, 0.000000000000000000 ) ) ;
#7519 = CARTESIAN_POINT ( 'NONE',  ( 15.33453835670443333, 23.60000000000000142, -14.96907671340934165 ) ) ;
#7520 = ORIENTED_EDGE ( 'NONE', *, *, #6539, .T. ) ;
#7521 = EDGE_CURVE ( 'NONE', #6883, #2429, #3662, .T. ) ;
#7522 = ORIENTED_EDGE ( 'NONE', *, *, #1917, .T. ) ;
#7523 = DIRECTION ( 'NONE',  ( 1.000000000000000000, 0.000000000000000000, 0.000000000000000000 ) ) ;
#7524 = LINE ( 'NONE', #4064, #1374 ) ;
#7525 = DIRECTION ( 'NONE',  ( 0.7071067811865492381, -0.7071067811865457964, 0.000000000000000000 ) ) ;
#7526 = CYLINDRICAL_SURFACE ( 'NONE', #7830, 5.999999999999998224 ) ;
#7527 = CARTESIAN_POINT ( 'NONE',  ( 23.00000000000000000, 10.39733749649842842, -11.83967425483217006 ) ) ;
#7528 = FACE_OUTER_BOUND ( 'NONE', #4731, .T. ) ;
#7529 = VERTEX_POINT ( 'NONE', #809 ) ;
#7530 = LINE ( 'NONE', #2208, #6059 ) ;
#7531 = CARTESIAN_POINT ( 'NONE',  ( -1.199999999999999956, -3.766896785601943786E-15, 22.60000000000000142 ) ) ;
#7532 = CYLINDRICAL_SURFACE ( 'NONE', #3154, 1.600000000000000755 ) ;
#7533 = DIRECTION ( 'NONE',  ( 0.000000000000000000, 0.000000000000000000, 1.000000000000000000 ) ) ;
#7534 = CARTESIAN_POINT ( 'NONE',  ( 23.50000000000000000, -22.89999999999999503, -22.60000000000000497 ) ) ;
#7535 = ORIENTED_EDGE ( 'NONE', *, *, #3463, .T. ) ;
#7536 = CARTESIAN_POINT ( 'NONE',  ( 0.000000000000000000, -12.17075047166839852, -9.392364349097610088 ) ) ;
#7537 = ORIENTED_EDGE ( 'NONE', *, *, #5139, .T. ) ;
#7538 = ORIENTED_EDGE ( 'NONE', *, *, #2976, .T. ) ;
#7539 = ORIENTED_EDGE ( 'NONE', *, *, #6252, .F. ) ;
#7540 = DIRECTION ( 'NONE',  ( 1.000000000000000000, 0.000000000000000000, 0.000000000000000000 ) ) ;
#7541 = LINE ( 'NONE', #757, #4808 ) ;
#7542 = LINE ( 'NONE', #195, #5802 ) ;
#7543 = DIRECTION ( 'NONE',  ( 0.000000000000000000, 0.000000000000000000, -1.000000000000000000 ) ) ;
#7544 = CARTESIAN_POINT ( 'NONE',  ( 18.80000000000000071, 2.363466045872331508E-15, -15.60000000000000320 ) ) ;
#7545 = EDGE_CURVE ( 'NONE', #2938, #3867, #6207, .T. ) ;
#7546 = ORIENTED_EDGE ( 'NONE', *, *, #651, .F. ) ;
#7547 = VECTOR ( 'NONE', #5017, 1000.000000000000000 ) ;
#7548 = ORIENTED_EDGE ( 'NONE', *, *, #1924, .F. ) ;
#7549 = ORIENTED_EDGE ( 'NONE', *, *, #3843, .F. ) ;
#7550 = FACE_OUTER_BOUND ( 'NONE', #2536, .T. ) ;
#7551 = DIRECTION ( 'NONE',  ( 0.000000000000000000, -6.938893903907229364E-16, 1.000000000000000000 ) ) ;
#7552 = CARTESIAN_POINT ( 'NONE',  ( 23.00000000000000000, 10.39733749649842842, -11.83967425483217006 ) ) ;
#7553 = CARTESIAN_POINT ( 'NONE',  ( 25.72820323027551126, 3.498314677414610774, -15.36032574516782923 ) ) ;
#7554 = ADVANCED_FACE ( 'NONE', ( #4941 ), #6804, .F. ) ;
#7555 = ORIENTED_EDGE ( 'NONE', *, *, #5593, .F. ) ;
#7556 = EDGE_CURVE ( 'NONE', #5227, #4641, #734, .T. ) ;
#7557 = ORIENTED_EDGE ( 'NONE', *, *, #5080, .T. ) ;
#7558 = VECTOR ( 'NONE', #2858, 1000.000000000000227 ) ;
#7559 = DIRECTION ( 'NONE',  ( 0.000000000000000000, 0.000000000000000000, 1.000000000000000000 ) ) ;
#7560 = DIRECTION ( 'NONE',  ( -0.000000000000000000, 0.000000000000000000, -1.000000000000000000 ) ) ;
#7561 = VECTOR ( 'NONE', #7752, 1000.000000000000000 ) ;
#7562 = CARTESIAN_POINT ( 'NONE',  ( -5.599999999999998757, -22.38341924626905310, 19.59999999999999787 ) ) ;
#7563 = AXIS2_PLACEMENT_3D ( 'NONE', #6441, #3424, #7670 ) ;
#7564 = CARTESIAN_POINT ( 'NONE',  ( 14.40000000003271019, 24.03453835922332260, -9.599999999999999645 ) ) ;
#7565 = CARTESIAN_POINT ( 'NONE',  ( 6.554990330809499888, -23.40000000000000213, -7.699999999999998401 ) ) ;
#7566 = DIRECTION ( 'NONE',  ( 0.000000000000000000, 1.000000000000000000, 1.515042337097648137E-16 ) ) ;
#7567 = EDGE_CURVE ( 'NONE', #35, #1183, #5566, .T. ) ;
#7568 = CIRCLE ( 'NONE', #1351, 1.750000000000001554 ) ;
#7569 = AXIS2_PLACEMENT_3D ( 'NONE', #7472, #5505, #1870 ) ;
#7570 = ORIENTED_EDGE ( 'NONE', *, *, #864, .F. ) ;
#7571 = DIRECTION ( 'NONE',  ( 0.000000000000000000, 0.000000000000000000, 1.000000000000000000 ) ) ;
#7572 = DIRECTION ( 'NONE',  ( 0.000000000000000000, -0.000000000000000000, -1.000000000000000000 ) ) ;
#7573 = AXIS2_PLACEMENT_3D ( 'NONE', #7410, #2135, #7497 ) ;
#7574 = CYLINDRICAL_SURFACE ( 'NONE', #3281, 0.5000000000000004441 ) ;
#7575 = CARTESIAN_POINT ( 'NONE',  ( 11.16727782083133036, 23.25639197852976281, -17.76923388231023537 ) ) ;
#7576 = DIRECTION ( 'NONE',  ( 0.000000000000000000, -1.000000000000000000, -1.515042337097648137E-16 ) ) ;
#7577 = VECTOR ( 'NONE', #4436, 1000.000000000000000 ) ;
#7578 = EDGE_CURVE ( 'NONE', #5778, #2784, #7399, .T. ) ;
#7579 = EDGE_LOOP ( 'NONE', ( #947, #2584, #2971, #2260 ) ) ;
#7580 = LINE ( 'NONE', #5701, #222 ) ;
#7581 = EDGE_LOOP ( 'NONE', ( #1661, #2408, #1165, #252 ) ) ;
#7582 = APPROVAL ( #206, '未指定' ) ;
#7583 = VERTEX_POINT ( 'NONE', #3860 ) ;
#7584 = CIRCLE ( 'NONE', #2003, 2.999999999999999112 ) ;
#7585 = ORIENTED_EDGE ( 'NONE', *, *, #6626, .T. ) ;
#7586 = DIRECTION ( 'NONE',  ( 1.000000000000000000, 0.000000000000000000, 0.000000000000000000 ) ) ;
#7587 = CARTESIAN_POINT ( 'NONE',  ( -2.800000000000001155, 3.233161507461900896, 19.60000000000000142 ) ) ;
#7588 = VECTOR ( 'NONE', #5583, 1000.000000000000000 ) ;
#7589 = DIRECTION ( 'NONE',  ( 1.000000000000000000, 0.000000000000000000, 0.000000000000000000 ) ) ;
#7590 = AXIS2_PLACEMENT_3D ( 'NONE', #6718, #3186, #162 ) ;
#7591 = CARTESIAN_POINT ( 'NONE',  ( 6.934161637422524116, -24.64999999999999503, -12.39999999999999858 ) ) ;
#7592 = ORIENTED_EDGE ( 'NONE', *, *, #5570, .F. ) ;
#7593 = AXIS2_PLACEMENT_3D ( 'NONE', #2831, #4027, #7560 ) ;
#7594 = ORIENTED_EDGE ( 'NONE', *, *, #4677, .T. ) ;
#7595 = ORIENTED_EDGE ( 'NONE', *, *, #2330, .F. ) ;
#7596 = VECTOR ( 'NONE', #4949, 1000.000000000000000 ) ;
#7597 = CARTESIAN_POINT ( 'NONE',  ( 3.299999999999999822, -22.89999999999999503, -11.89999999999999680 ) ) ;
#7598 = LINE ( 'NONE', #1523, #1891 ) ;
#7599 = ADVANCED_FACE ( 'NONE', ( #6282 ), #1961, .F. ) ;
#7600 = CARTESIAN_POINT ( 'NONE',  ( 25.80000000000000071, -14.80920248467614542, 16.21568814052901786 ) ) ;
#7601 = CIRCLE ( 'NONE', #3537, 5.000000000000000000 ) ;
#7602 = DIRECTION ( 'NONE',  ( 0.000000000000000000, 1.515042337097648137E-16, -1.000000000000000000 ) ) ;
#7603 = AXIS2_PLACEMENT_3D ( 'NONE', #4373, #1288, #7525 ) ;
#7604 = VERTEX_POINT ( 'NONE', #172 ) ;
#7605 = ORIENTED_EDGE ( 'NONE', *, *, #7851, .T. ) ;
#7606 = CARTESIAN_POINT ( 'NONE',  ( 6.999999999999999112, 16.60000000000000497, -22.60000000000000142 ) ) ;
#7607 = DIRECTION ( 'NONE',  ( 0.000000000000000000, 0.000000000000000000, 1.000000000000000000 ) ) ;
#7608 = ADVANCED_FACE ( 'NONE', ( #2590 ), #853, .F. ) ;
#7609 = DIRECTION ( 'NONE',  ( 0.000000000000000000, -1.000000000000000000, 0.000000000000000000 ) ) ;
#7610 = APPROVAL_PERSON_ORGANIZATION ( #1434, #6214, #1314 ) ;
#7611 = DIRECTION ( 'NONE',  ( 0.000000000000000000, -2.011273595335428572E-16, -1.000000000000000000 ) ) ;
#7612 = CARTESIAN_POINT ( 'NONE',  ( 15.13825210476639249, 23.61301366391794332, -9.230873947616681008 ) ) ;
#7613 = DIRECTION ( 'NONE',  ( -0.8660254037844389297, 0.4999999999999995559, 0.000000000000000000 ) ) ;
#7614 = DIRECTION ( 'NONE',  ( 0.000000000000000000, -2.344220913482172642E-16, 1.000000000000000000 ) ) ;
#7615 = ADVANCED_FACE ( 'NONE', ( #6329 ), #454, .F. ) ;
#7616 = VERTEX_POINT ( 'NONE', #297 ) ;
#7617 = CARTESIAN_POINT ( 'NONE',  ( 20.89999999999999858, 23.59999999999999787, 0.5000000000000038858 ) ) ;
#7618 = LINE ( 'NONE', #4553, #5411 ) ;
#7619 = EDGE_CURVE ( 'NONE', #2970, #4121, #4661, .T. ) ;
#7620 = DIRECTION ( 'NONE',  ( 0.000000000000000000, 1.000000000000000000, 0.000000000000000000 ) ) ;
#7621 = DIRECTION ( 'NONE',  ( -1.000000000000000000, 0.000000000000000000, 0.000000000000000000 ) ) ;
#7622 = DIRECTION ( 'NONE',  ( 3.469446951953611033E-15, 1.000000000000000000, 0.000000000000000000 ) ) ;
#7623 = EDGE_LOOP ( 'NONE', ( #1982, #6787, #2160, #301 ) ) ;
#7624 = DIRECTION ( 'NONE',  ( 0.000000000000000000, 0.000000000000000000, 1.000000000000000000 ) ) ;
#7625 = ORIENTED_EDGE ( 'NONE', *, *, #5595, .F. ) ;
#7626 = ORIENTED_EDGE ( 'NONE', *, *, #5436, .T. ) ;
#7627 = EDGE_CURVE ( 'NONE', #7766, #2668, #7086, .T. ) ;
#7628 = DIRECTION ( 'NONE',  ( 1.000000000000000000, -0.000000000000000000, 0.000000000000000000 ) ) ;
#7629 = CARTESIAN_POINT ( 'NONE',  ( 20.21307576683647866, -23.04159394999417287, -7.910047433640789549 ) ) ;
#7630 = DIRECTION ( 'NONE',  ( -0.000000000000000000, -0.000000000000000000, 1.000000000000000000 ) ) ;
#7631 = ORIENTED_EDGE ( 'NONE', *, *, #1259, .T. ) ;
#7632 = ORIENTED_EDGE ( 'NONE', *, *, #470, .T. ) ;
#7633 = ORIENTED_EDGE ( 'NONE', *, *, #5033, .T. ) ;
#7634 = ORIENTED_EDGE ( 'NONE', *, *, #3962, .F. ) ;
#7635 = LINE ( 'NONE', #2703, #460 ) ;
#7636 = CARTESIAN_POINT ( 'NONE',  ( 5.811825726403751169, -25.98823529411764000, -12.39999999999999858 ) ) ;
#7637 = CARTESIAN_POINT ( 'NONE',  ( 26.48151531823274496, -17.31948248977543159, 17.05840739262652406 ) ) ;
#7638 = FACE_OUTER_BOUND ( 'NONE', #7143, .T. ) ;
#7639 = ORIENTED_EDGE ( 'NONE', *, *, #1236, .F. ) ;
#7640 = EDGE_LOOP ( 'NONE', ( #2699, #6510, #7345, #2345 ) ) ;
#7641 = CARTESIAN_POINT ( 'NONE',  ( 5.138764934549026719, 19.70205844241884208, -21.89183072392291507 ) ) ;
#7642 = LINE ( 'NONE', #974, #5539 ) ;
#7643 = LINE ( 'NONE', #3946, #3652 ) ;
#7644 = DIRECTION ( 'NONE',  ( 1.000000000000000000, 0.000000000000000000, 0.000000000000000000 ) ) ;
#7645 = DIRECTION ( 'NONE',  ( 1.000000000000000000, 0.000000000000000000, 0.000000000000000000 ) ) ;
#7646 = CARTESIAN_POINT ( 'NONE',  ( 2.799999999999999822, 23.60000000000000142, -15.59999999999999964 ) ) ;
#7647 = DIRECTION ( 'NONE',  ( -0.000000000000000000, -1.000000000000000000, -1.535153518563546084E-16 ) ) ;
#7648 = EDGE_CURVE ( 'NONE', #599, #521, #4615, .T. ) ;
#7649 = VERTEX_POINT ( 'NONE', #7003 ) ;
#7650 = DIRECTION ( 'NONE',  ( 0.000000000000000000, 1.000000000000000000, 0.000000000000000000 ) ) ;
#7651 = DIRECTION ( 'NONE',  ( 1.000000000000000000, 0.000000000000000000, 0.000000000000000000 ) ) ;
#7652 = CARTESIAN_POINT ( 'NONE',  ( 32.60000000000000142, -3.766896785601943786E-15, 22.60000000000000142 ) ) ;
#7653 = PLANE ( 'NONE',  #2625 ) ;
#7654 = LINE ( 'NONE', #6466, #4996 ) ;
#7655 = ORIENTED_EDGE ( 'NONE', *, *, #1485, .F. ) ;
#7656 = EDGE_CURVE ( 'NONE', #2811, #1252, #1261, .T. ) ;
#7657 = ORIENTED_EDGE ( 'NONE', *, *, #2128, .T. ) ;
#7658 = EDGE_CURVE ( 'NONE', #3605, #5794, #7017, .T. ) ;
#7659 = LINE ( 'NONE', #2218, #191 ) ;
#7660 = LINE ( 'NONE', #5344, #2746 ) ;
#7661 = CARTESIAN_POINT ( 'NONE',  ( 20.41931817481358991, -22.89999999999999858, -7.620094852627175008 ) ) ;
#7662 = CARTESIAN_POINT ( 'NONE',  ( 23.90000000000000568, -34.39999999999999858, -12.39999999999999858 ) ) ;
#7663 = EDGE_CURVE ( 'NONE', #1015, #5243, #7856, .T. ) ;
#7664 = VERTEX_POINT ( 'NONE', #7562 ) ;
#7665 = EDGE_LOOP ( 'NONE', ( #1994, #5317, #1139, #6346 ) ) ;
#7666 = VERTEX_POINT ( 'NONE', #2202 ) ;
#7667 = ORIENTED_EDGE ( 'NONE', *, *, #3614, .T. ) ;
#7668 = FACE_OUTER_BOUND ( 'NONE', #929, .T. ) ;
#7669 = DIRECTION ( 'NONE',  ( -0.000000000000000000, -0.000000000000000000, -1.000000000000000000 ) ) ;
#7670 = DIRECTION ( 'NONE',  ( 0.000000000000000000, 0.000000000000000000, -1.000000000000000000 ) ) ;
#7671 = DIRECTION ( 'NONE',  ( -1.000000000000000000, 0.000000000000000000, 0.000000000000000000 ) ) ;
#7672 = EDGE_CURVE ( 'NONE', #4572, #5472, #2123, .T. ) ;
#7673 = AXIS2_PLACEMENT_3D ( 'NONE', #5882, #2874, #3394 ) ;
#7674 = ORIENTED_EDGE ( 'NONE', *, *, #1792, .F. ) ;
#7675 = VERTEX_POINT ( 'NONE', #5811 ) ;
#7676 = FACE_OUTER_BOUND ( 'NONE', #1413, .T. ) ;
#7677 = CARTESIAN_POINT ( 'NONE',  ( 31.80000000000000071, -9.474175425861613320, 17.10000000000000497 ) ) ;
#7678 = DIRECTION ( 'NONE',  ( -1.000000000000000000, 0.000000000000000000, 0.000000000000000000 ) ) ;
#7679 = VECTOR ( 'NONE', #381, 1000.000000000000000 ) ;
#7680 = CARTESIAN_POINT ( 'NONE',  ( 2.799999999999999822, 20.80000000000000071, 3.193119318612175381E-15 ) ) ;
#7681 = CARTESIAN_POINT ( 'NONE',  ( 4.900000000000001243, 22.09999999999999787, 1.600000000000003864 ) ) ;
#7682 = VECTOR ( 'NONE', #1260, 1000.000000000000000 ) ;
#7683 = DIRECTION ( 'NONE',  ( -1.000000000000000000, 0.000000000000000000, 0.000000000000000000 ) ) ;
#7684 = VERTEX_POINT ( 'NONE', #3947 ) ;
#7685 = ORIENTED_EDGE ( 'NONE', *, *, #2609, .F. ) ;
#7686 = FACE_OUTER_BOUND ( 'NONE', #3300, .T. ) ;
#7687 = CARTESIAN_POINT ( 'NONE',  ( 12.90000000000000746, -34.39999999999999858, -12.39999999999999858 ) ) ;
#7688 = CARTESIAN_POINT ( 'NONE',  ( -2.799999999999999822, -3.766896785601943786E-15, 19.60000000000000142 ) ) ;
#7689 = CARTESIAN_POINT ( 'NONE',  ( 19.90000000000000213, 22.09999999999999787, -8.749999999999998224 ) ) ;
#7690 = EDGE_CURVE ( 'NONE', #7299, #3210, #2654, .T. ) ;
#7691 = VECTOR ( 'NONE', #6027, 1000.000000000000000 ) ;
#7692 = AXIS2_PLACEMENT_3D ( 'NONE', #18, #1920, #3189 ) ;
#7693 = ORIENTED_EDGE ( 'NONE', *, *, #5884, .T. ) ;
#7694 = TOROIDAL_SURFACE ( 'NONE', #4021, 8.100000000000006750, 0.5000000000000000000 ) ;
#7695 = VERTEX_POINT ( 'NONE', #417 ) ;
#7696 = DIRECTION ( 'NONE',  ( 0.7071067811865475727, -0.7071067811865474617, -1.085517463138671797E-16 ) ) ;
#7697 = CARTESIAN_POINT ( 'NONE',  ( 25.80000000000000071, 22.89999999999999503, 22.60000000000000497 ) ) ;
#7698 = ADVANCED_FACE ( 'NONE', ( #1655 ), #1053, .T. ) ;
#7699 = FACE_OUTER_BOUND ( 'NONE', #2983, .T. ) ;
#7700 = VECTOR ( 'NONE', #3162, 1000.000000000000000 ) ;
#7701 = ADVANCED_FACE ( 'NONE', ( #5179 ), #5291, .F. ) ;
#7702 = ORIENTED_EDGE ( 'NONE', *, *, #4501, .F. ) ;
#7703 = AXIS2_PLACEMENT_3D ( 'NONE', #356, #6343, #909 ) ;
#7704 = ORIENTED_EDGE ( 'NONE', *, *, #3436, .F. ) ;
#7705 = ORIENTED_EDGE ( 'NONE', *, *, #7310, .F. ) ;
#7706 = ORIENTED_EDGE ( 'NONE', *, *, #6744, .F. ) ;
#7707 = VECTOR ( 'NONE', #3329, 999.9999999999998863 ) ;
#7708 = CARTESIAN_POINT ( 'NONE',  ( 25.76996579364752904, -11.41122769733106423, -16.25343301070648039 ) ) ;
#7709 = CARTESIAN_POINT ( 'NONE',  ( 25.72820323027551126, -14.60000000000000497, -16.59999999999999787 ) ) ;
#7710 = EDGE_CURVE ( 'NONE', #541, #214, #3347, .T. ) ;
#7711 = VECTOR ( 'NONE', #2362, 1000.000000000000000 ) ;
#7712 = DIRECTION ( 'NONE',  ( 1.000000000000000000, -0.000000000000000000, -0.000000000000000000 ) ) ;
#7713 = CARTESIAN_POINT ( 'NONE',  ( 4.900000000000001243, 22.09999999999999787, -1.249999999999996447 ) ) ;
#7714 = CIRCLE ( 'NONE', #1639, 10.99999999999999822 ) ;
#7715 = EDGE_LOOP ( 'NONE', ( #7685, #2224, #1001, #4667 ) ) ;
#7716 = EDGE_LOOP ( 'NONE', ( #7020, #4473, #6102, #5120 ) ) ;
#7717 = FACE_OUTER_BOUND ( 'NONE', #5386, .T. ) ;
#7718 = CARTESIAN_POINT ( 'NONE',  ( 10.40000000000000213, 23.60000000000000142, -15.10000000000000142 ) ) ;
#7719 = EDGE_CURVE ( 'NONE', #5473, #4894, #1568, .T. ) ;
#7720 = DIRECTION ( 'NONE',  ( -1.000000000000000000, 0.000000000000000000, 0.000000000000000000 ) ) ;
#7721 = AXIS2_PLACEMENT_3D ( 'NONE', #452, #1724, #2869 ) ;
#7722 = DIRECTION ( 'NONE',  ( 1.000000000000000000, 0.000000000000000000, 0.000000000000000000 ) ) ;
#7723 = CARTESIAN_POINT ( 'NONE',  ( 15.14819051525159921, 23.66310680357077700, -9.603618969496718449 ) ) ;
#7724 = FACE_OUTER_BOUND ( 'NONE', #5720, .T. ) ;
#7725 = AXIS2_PLACEMENT_3D ( 'NONE', #3559, #2364, #4151 ) ;
#7726 = CYLINDRICAL_SURFACE ( 'NONE', #5014, 1.600000000000000755 ) ;
#7727 = ORIENTED_EDGE ( 'NONE', *, *, #1339, .T. ) ;
#7728 = ORIENTED_EDGE ( 'NONE', *, *, #2465, .T. ) ;
#7729 = VERTEX_POINT ( 'NONE', #977 ) ;
#7730 = VECTOR ( 'NONE', #5406, 1000.000000000000000 ) ;
#7731 = CARTESIAN_POINT ( 'NONE',  ( 4.336808689942017736E-16, 1.616580753730949338, 19.60000000000000142 ) ) ;
#7732 = DIRECTION ( 'NONE',  ( 0.000000000000000000, 0.000000000000000000, -1.000000000000000000 ) ) ;
#7733 = LINE ( 'NONE', #427, #7193 ) ;
#7734 = DIRECTION ( 'NONE',  ( -0.000000000000000000, 0.000000000000000000, 1.000000000000000000 ) ) ;
#7735 = CARTESIAN_POINT ( 'NONE',  ( -2.800000000000001155, 3.233161507461900896, 19.60000000000000142 ) ) ;
#7736 = ORIENTED_EDGE ( 'NONE', *, *, #311, .T. ) ;
#7737 = ORIENTED_EDGE ( 'NONE', *, *, #6132, .T. ) ;
#7738 = CARTESIAN_POINT ( 'NONE',  ( 25.80000000000000071, -23.90000000000000568, 17.10000000000000142 ) ) ;
#7739 = CARTESIAN_POINT ( 'NONE',  ( 3.299999999999999822, -21.40000000000000568, -11.89999999999999680 ) ) ;
#7740 = VECTOR ( 'NONE', #5576, 1000.000000000000000 ) ;
#7741 = CARTESIAN_POINT ( 'NONE',  ( 25.73151630720618854, 15.02035011603433823, -16.57775990570245028 ) ) ;
#7742 = ORIENTED_EDGE ( 'NONE', *, *, #4033, .F. ) ;
#7743 = ORIENTED_EDGE ( 'NONE', *, *, #5748, .T. ) ;
#7744 = EDGE_CURVE ( 'NONE', #6612, #5349, #2244, .T. ) ;
#7745 = VECTOR ( 'NONE', #3641, 1000.000000000000000 ) ;
#7746 = EDGE_LOOP ( 'NONE', ( #2035, #5049, #4493, #6907, #639, #2079, #5433, #1617, #3952, #5174, #5457, #2779, #1127, #4234, #2920, #4418, #1564, #1276, #7261, #5976, #637, #4743, #661, #6104, #5085, #5870, #3563, #2910, #1229, #1719, #5197, #86, #3364, #249, #5818, #2312, #2036, #2198, #7501, #912, #6529, #2930, #1816, #3462 ) ) ;
#7747 = ORIENTED_EDGE ( 'NONE', *, *, #1362, .F. ) ;
#7748 = EDGE_CURVE ( 'NONE', #3085, #5227, #1329, .T. ) ;
#7749 = CARTESIAN_POINT ( 'NONE',  ( 25.72820323027551126, -12.82658702483003488, -16.59999999999999787 ) ) ;
#7750 = DIRECTION ( 'NONE',  ( 0.000000000000000000, 1.000000000000000000, 1.515042337097648137E-16 ) ) ;
#7751 = PLANE ( 'NONE',  #1103 ) ;
#7752 = DIRECTION ( 'NONE',  ( 0.7071067811865475727, -0.7071067811865474617, -1.085517463138672043E-16 ) ) ;
#7753 = VERTEX_POINT ( 'NONE', #6453 ) ;
#7754 = EDGE_CURVE ( 'NONE', #754, #5509, #2433, .T. ) ;
#7755 = ORIENTED_EDGE ( 'NONE', *, *, #5356, .F. ) ;
#7756 = EDGE_CURVE ( 'NONE', #5746, #3785, #2229, .T. ) ;
#7757 = CARTESIAN_POINT ( 'NONE',  ( 0.7081692755259105798, 20.37509843468448167, -18.70205844108818738 ) ) ;
#7758 = CARTESIAN_POINT ( 'NONE',  ( 11.01454673025942910, 23.70016658394323983, -14.79272663487022044 ) ) ;
#7759 = CARTESIAN_POINT ( 'NONE',  ( 25.80000000000000071, -14.60000000000000320, -11.15269009426543789 ) ) ;
#7760 = CYLINDRICAL_SURFACE ( 'NONE', #3286, 0.5000000000000004441 ) ;
#7761 = CARTESIAN_POINT ( 'NONE',  ( 20.89999999999999858, 22.09999999999999787, 1.600000000000003864 ) ) ;
#7762 = CARTESIAN_POINT ( 'NONE',  ( 23.19940046147640444, -23.90000000000000568, 17.09999999999999787 ) ) ;
#7763 = PLANE ( 'NONE',  #4642 ) ;
#7764 = ORIENTED_EDGE ( 'NONE', *, *, #4772, .F. ) ;
#7765 = EDGE_CURVE ( 'NONE', #4785, #4104, #1133, .T. ) ;
#7766 = VERTEX_POINT ( 'NONE', #4097 ) ;
#7767 = ORIENTED_EDGE ( 'NONE', *, *, #4101, .T. ) ;
#7768 = DIRECTION ( 'NONE',  ( 0.000000000000000000, -1.000000000000000000, -2.344220913482172642E-16 ) ) ;
#7769 = DIRECTION ( 'NONE',  ( -1.000000000000000000, -0.000000000000000000, 0.000000000000000000 ) ) ;
#7770 = DIRECTION ( 'NONE',  ( -0.000000000000000000, -0.000000000000000000, 1.000000000000000000 ) ) ;
#7771 = DIRECTION ( 'NONE',  ( 0.000000000000000000, 0.000000000000000000, -1.000000000000000000 ) ) ;
#7772 = CARTESIAN_POINT ( 'NONE',  ( 10.90000000000000391, 24.10000000000000497, -14.09999999999999964 ) ) ;
#7773 = EDGE_CURVE ( 'NONE', #4730, #5963, #5445, .T. ) ;
#7774 = ORIENTED_EDGE ( 'NONE', *, *, #6103, .F. ) ;
#7775 = ORIENTED_EDGE ( 'NONE', *, *, #4586, .T. ) ;
#7776 = DIRECTION ( 'NONE',  ( -0.000000000000000000, 1.000000000000000000, 1.535153518563546084E-16 ) ) ;
#7777 = DIRECTION ( 'NONE',  ( -0.000000000000000000, -0.000000000000000000, -1.000000000000000000 ) ) ;
#7778 = DIRECTION ( 'NONE',  ( -0.000000000000000000, -1.000000000000000000, -1.535153518563546084E-16 ) ) ;
#7779 = EDGE_LOOP ( 'NONE', ( #3589, #7774, #6228, #6547, #5327 ) ) ;
#7780 = VERTEX_POINT ( 'NONE', #7122 ) ;
#7781 = EDGE_LOOP ( 'NONE', ( #6634, #4610, #6195, #5296 ) ) ;
#7782 = ORIENTED_EDGE ( 'NONE', *, *, #136, .F. ) ;
#7783 = DIRECTION ( 'NONE',  ( 0.000000000000000000, 1.000000000000000000, 0.000000000000000000 ) ) ;
#7784 = DIRECTION ( 'NONE',  ( 0.000000000000000000, 0.000000000000000000, 1.000000000000000000 ) ) ;
#7785 = DIRECTION ( 'NONE',  ( -1.000000000000000000, 0.000000000000000000, 0.000000000000000000 ) ) ;
#7786 = EDGE_CURVE ( 'NONE', #3527, #7277, #2400, .T. ) ;
#7787 = FACE_OUTER_BOUND ( 'NONE', #554, .T. ) ;
#7788 = ORIENTED_EDGE ( 'NONE', *, *, #3057, .F. ) ;
#7789 = VERTEX_POINT ( 'NONE', #16 ) ;
#7790 = CARTESIAN_POINT ( 'NONE',  ( 2.934330075031197804, 23.37611654161468167, -17.41497797547438608 ) ) ;
#7791 = CARTESIAN_POINT ( 'NONE',  ( 14.90000000000000213, 23.80710678118654400, -14.09999999999999964 ) ) ;
#7792 = DIRECTION ( 'NONE',  ( -1.000000000000000000, 0.000000000000000000, 0.000000000000000000 ) ) ;
#7793 = CARTESIAN_POINT ( 'NONE',  ( 4.502085273866918591, -23.06210425691250876, 16.65989600999225573 ) ) ;
#7794 = CARTESIAN_POINT ( 'NONE',  ( 21.02047540712746709, -22.98052264867663652, 16.56558709055908807 ) ) ;
#7795 = EDGE_CURVE ( 'NONE', #2553, #4721, #7269, .T. ) ;
#7796 = DIRECTION ( 'NONE',  ( -0.000000000000000000, 1.000000000000000000, 1.535153518563546084E-16 ) ) ;
#7797 = EDGE_CURVE ( 'NONE', #4196, #6651, #2526, .T. ) ;
#7798 = ORIENTED_EDGE ( 'NONE', *, *, #470, .F. ) ;
#7799 = ORIENTED_EDGE ( 'NONE', *, *, #5210, .T. ) ;
#7800 = VERTEX_POINT ( 'NONE', #4138 ) ;
#7801 = VECTOR ( 'NONE', #2125, 1000.000000000000000 ) ;
#7802 = CARTESIAN_POINT ( 'NONE',  ( 25.72820323027551126, 12.82658702483003488, -16.59999999999999787 ) ) ;
#7803 = VECTOR ( 'NONE', #2444, 1000.000000000000000 ) ;
#7804 = DIRECTION ( 'NONE',  ( 0.5000000000000003331, -0.8660254037844385966, 0.000000000000000000 ) ) ;
#7805 = CARTESIAN_POINT ( 'NONE',  ( 12.10710678118654826, 27.10000000000000142, -14.09999999999999964 ) ) ;
#7806 = DIRECTION ( 'NONE',  ( -1.000000000000000000, -0.000000000000000000, -0.000000000000000000 ) ) ;
#7807 = ADVANCED_FACE ( 'NONE', ( #6638 ), #7204, .F. ) ;
#7808 = FACE_BOUND ( 'NONE', #3008, .T. ) ;
#7809 = CLOSED_SHELL ( 'NONE', ( #2896, #2414, #7297, #1000, #6006, #3473, #74, #432, #1599, #6181, #6619, #1190, #4694, #4815, #6065, #3077, #5504, #7210, #4876, #6125, #611, #7807, #5997, #1628, #918, #5009, #323, #4012, #4807, #7169, #4532, #2559, #7308, #820, #3156, #7126, #1649, #3282, #948, #2072, #5271, #907, #3338, #6235, #1545, #5264, #753, #2797, #170, #1416, #1388, #4106, #7114, #2622, #4564, #3968, #7369, #5326, #2525, #911, #4095, #1250, #2213, #2863, #7229, #6608, #1942, #4927, #7448, #4110, #762, #134, #5738, #6912, #234, #7844, #1196, #7252, #6785, #4844, #6227, #279, #7615, #4648, #3277, #6270, #6731, #3829, #4740, #515, #4510, #181, #701, #5260, #4481, #5718, #2147, #6831, #4256, #4990, #7701, #7320, #5393, #2691, #41, #2178, #2806, #5448, #2824, #4840, #5456, #6550, #794, #7007, #2311, #2844, #860, #6915, #7404, #6774, #6875, #4431, #5816, #585, #6468, #3049, #4864, #2020, #3535, #7014, #7033, #2040, #5495, #2069, #3851, #6144, #5283, #1693, #1587, #3028, #1219, #1590, #1817, #2945, #7258, #5130, #5611, #1842, #2737, #472, #1447, #1361, #7224, #1011, #4868, #2836, #7265, #1690, #4688, #6864, #6077, #738, #6992, #5703, #2710, #1896, #1247, #699, #4456, #2653, #2405, #2350, #4696, #4945, #3726, #2222, #5121, #389, #3685, #4049, #7554, #5464, #50, #7608, #540, #3903, #1755, #7831, #5072, #1325, #2274, #6501, #1068, #282, #289, #5805, #6492, #190, #6046, #3182, #1538, #1720, #1883, #3590, #6194, #1113, #1789, #7503, #7273, #2813, #7075, #6719, #5624, #6827, #6094, #2046, #7599, #1290, #1897, #6136, #1521, #7158, #7698, #247, #1783, #5458, #1061, #4269, #4070, #4202, #1828, #4058, #5322, #4377 ) ) ;
#7810 = AXIS2_PLACEMENT_3D ( 'NONE', #4218, #2435, #3696 ) ;
#7811 = ORIENTED_EDGE ( 'NONE', *, *, #4403, .F. ) ;
#7812 = DIRECTION ( 'NONE',  ( 0.000000000000000000, 2.090028284309406488E-16, 1.000000000000000000 ) ) ;
#7813 = AXIS2_PLACEMENT_3D ( 'NONE', #253, #6957, #5088 ) ;
#7814 = DIRECTION ( 'NONE',  ( -0.000000000000000000, 0.000000000000000000, 1.000000000000000000 ) ) ;
#7815 = CARTESIAN_POINT ( 'NONE',  ( 0.000000000000000000, 10.59051904733024685, -15.60000000000000142 ) ) ;
#7816 = EDGE_CURVE ( 'NONE', #4676, #3515, #3033, .T. ) ;
#7817 = CARTESIAN_POINT ( 'NONE',  ( 0.000000000000000000, 13.52568602459994906, 3.590136808213382213 ) ) ;
#7818 = ORIENTED_EDGE ( 'NONE', *, *, #4935, .T. ) ;
#7819 = AXIS2_PLACEMENT_3D ( 'NONE', #2614, #2660, #5039 ) ;
#7820 = ORIENTED_EDGE ( 'NONE', *, *, #2775, .T. ) ;
#7821 = CIRCLE ( 'NONE', #2870, 3.000000000000000888 ) ;
#7822 = ORIENTED_EDGE ( 'NONE', *, *, #5856, .T. ) ;
#7823 = CARTESIAN_POINT ( 'NONE',  ( 25.73151630720618854, -12.40623690879570695, -16.57775990570245028 ) ) ;
#7824 = PLANE ( 'NONE',  #5183 ) ;
#7825 = VECTOR ( 'NONE', #634, 1000.000000000000000 ) ;
#7826 = DIRECTION ( 'NONE',  ( -0.000000000000000000, 0.000000000000000000, 1.000000000000000000 ) ) ;
#7827 = AXIS2_PLACEMENT_3D ( 'NONE', #5189, #2770, #392 ) ;
#7828 = CARTESIAN_POINT ( 'NONE',  ( 0.000000000000000000, 20.79999999999999716, 22.60000000000000497 ) ) ;
#7829 = ORIENTED_EDGE ( 'NONE', *, *, #5551, .F. ) ;
#7830 = AXIS2_PLACEMENT_3D ( 'NONE', #173, #2082, #3909 ) ;
#7831 = ADVANCED_FACE ( 'NONE', ( #3618 ), #7760, .T. ) ;
#7832 = ORIENTED_EDGE ( 'NONE', *, *, #6963, .T. ) ;
#7833 = VECTOR ( 'NONE', #7768, 1000.000000000000000 ) ;
#7834 = PLANE ( 'NONE',  #1844 ) ;
#7835 = CARTESIAN_POINT ( 'NONE',  ( 11.27378639563663221, 23.84819051860501204, -14.66310680218174767 ) ) ;
#7836 = DIRECTION ( 'NONE',  ( -0.000000000000000000, -1.535153518563546330E-16, 1.000000000000000000 ) ) ;
#7837 = CARTESIAN_POINT ( 'NONE',  ( 0.005273515166079771783, -10.88732261520912026, -15.89847398855442151 ) ) ;
#7838 = CARTESIAN_POINT ( 'NONE',  ( 22.94148244162206751, -23.72891654029434250, 17.09999999999999787 ) ) ;
#7839 = CIRCLE ( 'NONE', #6444, 0.5000000000000004441 ) ;
#7840 = DIRECTION ( 'NONE',  ( -1.000000000000000000, 0.000000000000000000, 0.000000000000000000 ) ) ;
#7841 = AXIS2_PLACEMENT_3D ( 'NONE', #6269, #6439, #6359 ) ;
#7842 = ORIENTED_EDGE ( 'NONE', *, *, #5846, .T. ) ;
#7843 = ORIENTED_EDGE ( 'NONE', *, *, #4005, .T. ) ;
#7844 = ADVANCED_FACE ( 'NONE', ( #5363 ), #6080, .T. ) ;
#7845 = EDGE_LOOP ( 'NONE', ( #2543, #3512, #6516, #4429 ) ) ;
#7846 = VECTOR ( 'NONE', #6930, 1000.000000000000000 ) ;
#7847 = DIRECTION ( 'NONE',  ( 0.000000000000000000, 0.000000000000000000, 1.000000000000000000 ) ) ;
#7848 = VECTOR ( 'NONE', #24, 1000.000000000000000 ) ;
#7849 = CARTESIAN_POINT ( 'NONE',  ( 19.88277567112099220, -28.89999999999999858, 22.59999999999999787 ) ) ;
#7850 = CARTESIAN_POINT ( 'NONE',  ( 10.91441918783118048, 23.93957337466363455, -9.614419187831177993 ) ) ;
#7851 = EDGE_CURVE ( 'NONE', #7415, #566, #2908, .T. ) ;
#7852 = DIRECTION ( 'NONE',  ( 1.000000000000000000, -0.000000000000000000, 0.000000000000000000 ) ) ;
#7853 = FACE_OUTER_BOUND ( 'NONE', #6863, .T. ) ;
#7854 = CIRCLE ( 'NONE', #5305, 1.600000000000000311 ) ;
#7855 = B_SPLINE_CURVE_WITH_KNOTS ( 'NONE', 3,
 ( #636, #5272, #7741, #1790, #1153, #1112, #5314, #4682, #5346, #7141 ),
 .UNSPECIFIED., .F., .F.,
 ( 4, 2, 2, 2, 4 ),
 ( 0.000000000000000000, 0.0006271728830657771368, 0.001254345766131554274, 0.001881518649197331302, 0.002508691532263108547 ),
 .UNSPECIFIED. ) ;
#7856 = CIRCLE ( 'NONE', #5062, 1.750000000000000000 ) ;
#7857 = VERTEX_POINT ( 'NONE', #5925 ) ;
#7858 = EDGE_CURVE ( 'NONE', #6157, #5636, #502, .T. ) ;
ENDSEC;
END-ISO-10303-21;
