ISO-10303-21;
HEADER;
FILE_DESCRIPTION (( 'STEP AP203' ),
    '1' );
FILE_NAME ('star102_link2.STEP',
    '2026-05-06T08:49:59',
    ( '' ),
    ( '' ),
    'SwSTEP 2.0',
    'SolidWorks 2021',
    '' );
FILE_SCHEMA (( 'CONFIG_CONTROL_DESIGN' ));
ENDSEC;

DATA;
#1 = AXIS2_PLACEMENT_3D ( 'NONE', #9214, #3539, #7677 ) ;
#2 = CARTESIAN_POINT ( 'NONE',  ( -27.87898027296416714, 0.8350512156736017433, -8.006095102738431279 ) ) ;
#3 = VERTEX_POINT ( 'NONE', #6260 ) ;
#4 = AXIS2_PLACEMENT_3D ( 'NONE', #4721, #2482, #1154 ) ;
#5 = CARTESIAN_POINT ( 'NONE',  ( -22.99999999999999645, 2.499999999999997780, -21.78708781050335830 ) ) ;
#6 = DIRECTION ( 'NONE',  ( -0.000000000000000000, 0.000000000000000000, 1.000000000000000000 ) ) ;
#7 = DIRECTION ( 'NONE',  ( 0.000000000000000000, 0.000000000000000000, 1.000000000000000000 ) ) ;
#8 = ORIENTED_EDGE ( 'NONE', *, *, #5726, .F. ) ;
#9 = ORIENTED_EDGE ( 'NONE', *, *, #1484, .T. ) ;
#10 = ORIENTED_EDGE ( 'NONE', *, *, #1291, .T. ) ;
#11 = ORIENTED_EDGE ( 'NONE', *, *, #5255, .T. ) ;
#12 = TOROIDAL_SURFACE ( 'NONE', #5279, 9.000000000000001776, 3.000000000000000000 ) ;
#13 = CARTESIAN_POINT ( 'NONE',  ( 14.24999999999978861, 80.80934643409020168, -13.11449676604731174 ) ) ;
#14 = DIRECTION ( 'NONE',  ( 0.000000000000000000, 0.000000000000000000, -1.000000000000000000 ) ) ;
#15 = DIRECTION ( 'NONE',  ( 0.000000000000000000, 0.000000000000000000, -1.000000000000000000 ) ) ;
#16 = DIRECTION ( 'NONE',  ( -2.775557561562890858E-16, 1.000000000000000000, 0.000000000000000000 ) ) ;
#17 = VERTEX_POINT ( 'NONE', #1184 ) ;
#18 = DIRECTION ( 'NONE',  ( 0.4999999999999977796, -0.8660254037844398178, 0.000000000000000000 ) ) ;
#19 = CARTESIAN_POINT ( 'NONE',  ( 5.663118960624426101, 96.44000000000002615, -15.65739561406607372 ) ) ;
#20 = CARTESIAN_POINT ( 'NONE',  ( 25.00000000000000711, 35.00000000000000000, -7.500000000000007105 ) ) ;
#21 = ADVANCED_FACE ( 'NONE', ( #6213 ), #3344, .T. ) ;
#22 = ORIENTED_EDGE ( 'NONE', *, *, #7048, .T. ) ;
#23 = ORIENTED_EDGE ( 'NONE', *, *, #2574, .F. ) ;
#24 = EDGE_CURVE ( 'NONE', #1077, #617, #330, .T. ) ;
#25 = CARTESIAN_POINT ( 'NONE',  ( 24.89991644725548525, 4.717435502235639788, -7.500000000000007105 ) ) ;
#26 = EDGE_CURVE ( 'NONE', #6312, #1526, #3060, .T. ) ;
#27 = CYLINDRICAL_SURFACE ( 'NONE', #2686, 1.000000000000000888 ) ;
#28 = CARTESIAN_POINT ( 'NONE',  ( -29.76970879342331955, 3.553597524822134091, -25.05359752482229752 ) ) ;
#29 = CARTESIAN_POINT ( 'NONE',  ( -37.75000000000000711, 106.9403061905773740, -13.69999999999999929 ) ) ;
#30 = DIRECTION ( 'NONE',  ( 0.000000000000000000, -1.000000000000000000, 0.000000000000000000 ) ) ;
#31 = ORIENTED_EDGE ( 'NONE', *, *, #7906, .T. ) ;
#32 = DIRECTION ( 'NONE',  ( -0.000000000000000000, 0.000000000000000000, 1.000000000000000000 ) ) ;
#33 = DIRECTION ( 'NONE',  ( 0.000000000000000000, 0.000000000000000000, 1.000000000000000000 ) ) ;
#34 = ORIENTED_EDGE ( 'NONE', *, *, #6435, .T. ) ;
#35 = ORIENTED_EDGE ( 'NONE', *, *, #6790, .T. ) ;
#36 = EDGE_CURVE ( 'NONE', #6805, #3597, #8273, .T. ) ;
#37 = CARTESIAN_POINT ( 'NONE',  ( -25.60939295271163729, 104.8864882858403007, -13.95255823013641461 ) ) ;
#38 = EDGE_CURVE ( 'NONE', #8509, #4485, #4248, .T. ) ;
#39 = FACE_OUTER_BOUND ( 'NONE', #5517, .T. ) ;
#40 = ADVANCED_FACE ( 'NONE', ( #3257 ), #6913, .F. ) ;
#41 = CARTESIAN_POINT ( 'NONE',  ( 28.16400402663911606, 1.689189189189188811, -18.77505933142119687 ) ) ;
#42 = DIRECTION ( 'NONE',  ( 1.000000000000000000, -1.541976423090495387E-16, -0.000000000000000000 ) ) ;
#43 = CARTESIAN_POINT ( 'NONE',  ( 16.57654914134644741, 94.44000000000002615, -15.65739561406607372 ) ) ;
#44 = CARTESIAN_POINT ( 'NONE',  ( 17.00000000000000000, 44.61832049899870611, -25.00000000000000000 ) ) ;
#45 = ORIENTED_EDGE ( 'NONE', *, *, #3556, .F. ) ;
#46 = ORIENTED_EDGE ( 'NONE', *, *, #8139, .F. ) ;
#47 = AXIS2_PLACEMENT_3D ( 'NONE', #8896, #8323, #4670 ) ;
#48 = CIRCLE ( 'NONE', #5308, 6.000000000000000000 ) ;
#49 = CARTESIAN_POINT ( 'NONE',  ( -26.25000000000000355, 102.3196380149609155, -23.00000000000000000 ) ) ;
#50 = TOROIDAL_SURFACE ( 'NONE', #2461, 12.00000000000000000, 2.000000000000000000 ) ;
#51 = EDGE_CURVE ( 'NONE', #5546, #7338, #205, .T. ) ;
#52 = EDGE_CURVE ( 'NONE', #4860, #3671, #5003, .T. ) ;
#53 = VECTOR ( 'NONE', #5698, 1000.000000000000000 ) ;
#54 = DIRECTION ( 'NONE',  ( -0.8660254037844392627, -0.4999999999999989453, 0.000000000000000000 ) ) ;
#55 = PRODUCT_RELATED_PRODUCT_CATEGORY ( 'detail', '', ( #3331 ) ) ;
#56 = ORIENTED_EDGE ( 'NONE', *, *, #9044, .F. ) ;
#57 = CARTESIAN_POINT ( 'NONE',  ( -28.69370315004787031, 2.500000000000000888, -24.00000000000001776 ) ) ;
#58 = CARTESIAN_POINT ( 'NONE',  ( 20.25000000000000000, 96.44000000000002615, -128.1790850899541852 ) ) ;
#59 = ORIENTED_EDGE ( 'NONE', *, *, #9050, .F. ) ;
#60 = VERTEX_POINT ( 'NONE', #8978 ) ;
#61 = ORIENTED_EDGE ( 'NONE', *, *, #5458, .T. ) ;
#62 = AXIS2_PLACEMENT_3D ( 'NONE', #2379, #6462, #2192 ) ;
#63 = FACE_OUTER_BOUND ( 'NONE', #8112, .T. ) ;
#64 = DIRECTION ( 'NONE',  ( 1.000000000000000000, 0.000000000000000000, 0.000000000000000000 ) ) ;
#65 = DIRECTION ( 'NONE',  ( 1.000000000000000000, 0.000000000000000000, 0.000000000000000000 ) ) ;
#66 = ORIENTED_EDGE ( 'NONE', *, *, #6145, .F. ) ;
#67 = CARTESIAN_POINT ( 'NONE',  ( 23.45309762442411383, 114.6962845437070087, -23.61865978822660850 ) ) ;
#68 = ORIENTED_EDGE ( 'NONE', *, *, #6252, .F. ) ;
#69 = LINE ( 'NONE', #6604, #5489 ) ;
#70 = CARTESIAN_POINT ( 'NONE',  ( -18.25639375506120032, 93.35458668067252574, -128.1790850899541852 ) ) ;
#71 = CARTESIAN_POINT ( 'NONE',  ( 20.25000000000000000, 104.4400000000000261, -24.99999999999999289 ) ) ;
#72 = AXIS2_PLACEMENT_3D ( 'NONE', #3417, #637, #7786 ) ;
#73 = ORIENTED_EDGE ( 'NONE', *, *, #4727, .F. ) ;
#74 = ORIENTED_EDGE ( 'NONE', *, *, #4909, .F. ) ;
#75 = CARTESIAN_POINT ( 'NONE',  ( 6.423762078750519855, 80.80934643409020168, -15.65739561406607727 ) ) ;
#76 = CYLINDRICAL_SURFACE ( 'NONE', #6883, 0.9000000000000075717 ) ;
#77 = CARTESIAN_POINT ( 'NONE',  ( -25.99999999999999645, 18.15685424949229088, -18.15685424949224469 ) ) ;
#78 = LINE ( 'NONE', #6516, #1750 ) ;
#79 = FACE_OUTER_BOUND ( 'NONE', #2181, .T. ) ;
#80 = ORIENTED_EDGE ( 'NONE', *, *, #3647, .F. ) ;
#81 = DIRECTION ( 'NONE',  ( 1.000000000000000000, 0.000000000000000000, 0.000000000000000000 ) ) ;
#82 = LINE ( 'NONE', #7273, #3529 ) ;
#83 = FACE_BOUND ( 'NONE', #2479, .T. ) ;
#84 = AXIS2_PLACEMENT_3D ( 'NONE', #2525, #6782, #6042 ) ;
#85 = VERTEX_POINT ( 'NONE', #5417 ) ;
#86 = ORIENTED_EDGE ( 'NONE', *, *, #3606, .F. ) ;
#87 = DIRECTION ( 'NONE',  ( -1.000000000000000000, -9.912705577010326782E-17, 0.000000000000000000 ) ) ;
#88 = DIRECTION ( 'NONE',  ( 1.541976423090495387E-16, 1.000000000000000000, 0.000000000000000000 ) ) ;
#89 = VECTOR ( 'NONE', #6224, 1000.000000000000114 ) ;
#90 = CIRCLE ( 'NONE', #9232, 2.149999999999999023 ) ;
#91 = CIRCLE ( 'NONE', #241, 1.050000000000000488 ) ;
#92 = EDGE_CURVE ( 'NONE', #5424, #6523, #8275, .T. ) ;
#93 = DIRECTION ( 'NONE',  ( 1.000000000000000000, 0.000000000000000000, 0.000000000000000000 ) ) ;
#94 = CARTESIAN_POINT ( 'NONE',  ( -17.75000000000019540, 96.05957188241990252, -15.65739561406607372 ) ) ;
#95 = DIRECTION ( 'NONE',  ( 1.613696256722611948E-15, -1.000000000000000000, 0.000000000000000000 ) ) ;
#96 = FACE_OUTER_BOUND ( 'NONE', #2553, .T. ) ;
#97 = ORIENTED_EDGE ( 'NONE', *, *, #6012, .F. ) ;
#98 = VECTOR ( 'NONE', #1508, 1000.000000000000227 ) ;
#99 = ORIENTED_EDGE ( 'NONE', *, *, #9157, .T. ) ;
#100 = AXIS2_PLACEMENT_3D ( 'NONE', #4730, #4873, #6149 ) ;
#101 = ADVANCED_FACE ( 'NONE', ( #614 ), #4847, .T. ) ;
#102 = ADVANCED_FACE ( 'NONE', ( #1460, #704, #9252, #2176 ), #4894, .T. ) ;
#103 = DIRECTION ( 'NONE',  ( 0.000000000000000000, -1.000000000000000000, 0.000000000000000000 ) ) ;
#104 = DIRECTION ( 'NONE',  ( 1.000000000000000000, -1.541976423090495387E-16, 0.000000000000000000 ) ) ;
#105 = ORIENTED_EDGE ( 'NONE', *, *, #3073, .T. ) ;
#106 = DIRECTION ( 'NONE',  ( 0.8399223068573747897, 0.5427066596637507567, 0.000000000000000000 ) ) ;
#107 = EDGE_LOOP ( 'NONE', ( #5639, #7223, #7542, #7621, #5093, #3925 ) ) ;
#108 = ORIENTED_EDGE ( 'NONE', *, *, #664, .F. ) ;
#109 = VERTEX_POINT ( 'NONE', #4990 ) ;
#110 = AXIS2_PLACEMENT_3D ( 'NONE', #3217, #8285, #6132 ) ;
#111 = EDGE_CURVE ( 'NONE', #2505, #7260, #2157, .T. ) ;
#112 = CARTESIAN_POINT ( 'NONE',  ( -3.500000000000209166, 96.44000000000002615, -9.000000000000001776 ) ) ;
#113 = AXIS2_PLACEMENT_3D ( 'NONE', #485, #7107, #4054 ) ;
#114 = DIRECTION ( 'NONE',  ( -0.000000000000000000, -1.000000000000000000, -0.000000000000000000 ) ) ;
#115 = DIRECTION ( 'NONE',  ( -1.000000000000000000, -9.912705577010326782E-17, 0.000000000000000000 ) ) ;
#116 = ORIENTED_EDGE ( 'NONE', *, *, #3520, .T. ) ;
#117 = CARTESIAN_POINT ( 'NONE',  ( 23.53962286368309265, 112.5230163825967935, -23.22400412233717404 ) ) ;
#118 = ORIENTED_EDGE ( 'NONE', *, *, #2918, .F. ) ;
#119 = DIRECTION ( 'NONE',  ( 1.000000000000000000, 0.000000000000000000, 0.000000000000000000 ) ) ;
#120 = CARTESIAN_POINT ( 'NONE',  ( -25.99999999999999645, -2.577303450022684544E-15, 0.000000000000000000 ) ) ;
#121 = CYLINDRICAL_SURFACE ( 'NONE', #6939, 2.000000000000001776 ) ;
#122 = VERTEX_POINT ( 'NONE', #4329 ) ;
#123 = ORIENTED_EDGE ( 'NONE', *, *, #3601, .T. ) ;
#124 = AXIS2_PLACEMENT_3D ( 'NONE', #4419, #7284, #8740 ) ;
#125 = B_SPLINE_CURVE_WITH_KNOTS ( 'NONE', 3,
 ( #5769, #740, #8689, #8736, #837, #2258, #5915, #2160, #6624, #5868 ),
 .UNSPECIFIED., .F., .F.,
 ( 4, 2, 2, 2, 4 ),
 ( 0.000000000000000000, 0.0004042941302821371585, 0.0008085882605642743170, 0.001212882390846409687, 0.001617176521128544948 ),
 .UNSPECIFIED. ) ;
#126 = AXIS2_PLACEMENT_3D ( 'NONE', #370, #8963, #2406 ) ;
#127 = CARTESIAN_POINT ( 'NONE',  ( 26.00000000000000000, 12.49999999999999822, -12.50000000000000000 ) ) ;
#128 = CARTESIAN_POINT ( 'NONE',  ( 25.99999999999999645, 18.15685424949230153, -18.15685424949224469 ) ) ;
#129 = CARTESIAN_POINT ( 'NONE',  ( 20.25000000000000000, 104.4400000000000261, -15.65739561406608082 ) ) ;
#130 = CARTESIAN_POINT ( 'NONE',  ( 26.00000000000000000, 12.50000000000000355, -25.49999999999999645 ) ) ;
#131 = ORIENTED_EDGE ( 'NONE', *, *, #1398, .T. ) ;
#132 = DIRECTION ( 'NONE',  ( -1.000000000000000000, -9.912705577010326782E-17, 0.000000000000000000 ) ) ;
#133 = CARTESIAN_POINT ( 'NONE',  ( -26.99999999999998934, 55.01062534441197727, -2.000000000000001776 ) ) ;
#134 = CARTESIAN_POINT ( 'NONE',  ( 13.98768373480797855, 60.21388856614259311, -23.00000000000000000 ) ) ;
#135 = EDGE_LOOP ( 'NONE', ( #7196, #8221 ) ) ;
#136 = VERTEX_POINT ( 'NONE', #1414 ) ;
#137 = FACE_BOUND ( 'NONE', #8168, .T. ) ;
#138 = AXIS2_PLACEMENT_3D ( 'NONE', #1578, #967, #2945 ) ;
#139 = DIRECTION ( 'NONE',  ( 0.000000000000000000, -1.000000000000000000, 0.000000000000000000 ) ) ;
#140 = LINE ( 'NONE', #4552, #4450 ) ;
#141 = DIRECTION ( 'NONE',  ( -0.4999999999999987232, 0.8660254037844393737, 0.000000000000000000 ) ) ;
#142 = DIRECTION ( 'NONE',  ( 8.019547272036671442E-16, 0.000000000000000000, -1.000000000000000000 ) ) ;
#143 = CARTESIAN_POINT ( 'NONE',  ( 29.99999999999999645, 16.00685424949230296, -18.15685424949224469 ) ) ;
#144 = EDGE_LOOP ( 'NONE', ( #2846, #4165, #7246, #108 ) ) ;
#145 = VERTEX_POINT ( 'NONE', #1366 ) ;
#146 = EDGE_CURVE ( 'NONE', #8141, #375, #3629, .T. ) ;
#147 = AXIS2_PLACEMENT_3D ( 'NONE', #5900, #1628, #4499 ) ;
#148 = EDGE_CURVE ( 'NONE', #8434, #8423, #8461, .T. ) ;
#149 = EDGE_CURVE ( 'NONE', #5601, #9106, #2736, .T. ) ;
#150 = DIRECTION ( 'NONE',  ( 0.000000000000000000, 0.000000000000000000, -1.000000000000000000 ) ) ;
#151 = VECTOR ( 'NONE', #3184, 1000.000000000000000 ) ;
#152 = EDGE_CURVE ( 'NONE', #4485, #1077, #7003, .T. ) ;
#153 = CARTESIAN_POINT ( 'NONE',  ( 29.99999999999999645, 18.15685424949230153, -18.15685424949224469 ) ) ;
#154 = VERTEX_POINT ( 'NONE', #3527 ) ;
#155 = DIRECTION ( 'NONE',  ( -0.000000000000000000, 1.000000000000000000, -0.000000000000000000 ) ) ;
#156 = ORIENTED_EDGE ( 'NONE', *, *, #2918, .T. ) ;
#157 = AXIS2_PLACEMENT_3D ( 'NONE', #8338, #6932, #4869 ) ;
#158 = VERTEX_POINT ( 'NONE', #5038 ) ;
#159 = ORIENTED_EDGE ( 'NONE', *, *, #5183, .T. ) ;
#160 = ADVANCED_FACE ( 'NONE', ( #569 ), #4597, .T. ) ;
#161 = AXIS2_PLACEMENT_3D ( 'NONE', #6086, #1100, #4545 ) ;
#162 = CARTESIAN_POINT ( 'NONE',  ( 28.55000000000000071, 108.9309918853872290, -2.000000000000000000 ) ) ;
#163 = EDGE_CURVE ( 'NONE', #2388, #5258, #3482, .T. ) ;
#164 = CARTESIAN_POINT ( 'NONE',  ( 27.99999999999998934, 2.500000000000001776, -23.99999999999999289 ) ) ;
#165 = VERTEX_POINT ( 'NONE', #6400 ) ;
#166 = CARTESIAN_POINT ( 'NONE',  ( -27.00000000000000000, 12.50000000000000888, -17.50000000000000000 ) ) ;
#167 = ORIENTED_EDGE ( 'NONE', *, *, #8375, .T. ) ;
#168 = CARTESIAN_POINT ( 'NONE',  ( -21.49999999999998579, 52.41254913305866125, -3.000000000000000000 ) ) ;
#169 = DIRECTION ( 'NONE',  ( -9.912705577010326782E-17, 1.000000000000000000, -0.000000000000000000 ) ) ;
#170 = LINE ( 'NONE', #1476, #6208 ) ;
#171 = EDGE_CURVE ( 'NONE', #7625, #5907, #2041, .T. ) ;
#172 = ORIENTED_EDGE ( 'NONE', *, *, #6534, .T. ) ;
#173 = EDGE_CURVE ( 'NONE', #5138, #1050, #5690, .T. ) ;
#174 = EDGE_LOOP ( 'NONE', ( #2710, #3160, #7425, #9177 ) ) ;
#175 = AXIS2_PLACEMENT_3D ( 'NONE', #4292, #623, #7159 ) ;
#176 = CARTESIAN_POINT ( 'NONE',  ( 23.43096057193652015, 2.621267816512360849, -7.500000000000007994 ) ) ;
#177 = DIRECTION ( 'NONE',  ( 0.000000000000000000, 0.000000000000000000, -1.000000000000000000 ) ) ;
#178 = CARTESIAN_POINT ( 'NONE',  ( -24.16256616465658169, 4.129377124539849397, -7.051768666493781090 ) ) ;
#179 = B_SPLINE_CURVE_WITH_KNOTS ( 'NONE', 3,
 ( #5799, #8012, #4390, #6504 ),
 .UNSPECIFIED., .F., .F.,
 ( 4, 4 ),
 ( -0.001539126803204827988, 0.001039170881817432510 ),
 .UNSPECIFIED. ) ;
#180 = DIRECTION ( 'NONE',  ( 1.000000000000000000, -0.000000000000000000, -0.000000000000000000 ) ) ;
#181 = CARTESIAN_POINT ( 'NONE',  ( -37.75000000000000711, 113.9403061905773598, -21.59999999999999787 ) ) ;
#182 = VERTEX_POINT ( 'NONE', #2129 ) ;
#183 = EDGE_CURVE ( 'NONE', #1790, #5816, #2943, .T. ) ;
#184 = EDGE_CURVE ( 'NONE', #7870, #1486, #5790, .T. ) ;
#185 = CARTESIAN_POINT ( 'NONE',  ( 24.00000000000000355, 49.81447292170534524, -25.00000000000000000 ) ) ;
#186 = PLANE ( 'NONE',  #9200 ) ;
#187 = VERTEX_POINT ( 'NONE', #5739 ) ;
#188 = CARTESIAN_POINT ( 'NONE',  ( 23.14585914235984276, 11.77665385095292727, -23.48621570229754951 ) ) ;
#189 = PLANE ( 'NONE',  #2536 ) ;
#190 = DIRECTION ( 'NONE',  ( 0.000000000000000000, 1.000000000000000000, -0.000000000000000000 ) ) ;
#191 = DIRECTION ( 'NONE',  ( 0.000000000000000000, 1.000000000000000000, 0.000000000000000000 ) ) ;
#192 = CARTESIAN_POINT ( 'NONE',  ( 24.11371302469601829, 106.6098381976867273, -12.46281156015086822 ) ) ;
#193 = CARTESIAN_POINT ( 'NONE',  ( -20.25000000000000000, 118.9400000000000261, -24.99999999999999289 ) ) ;
#194 = EDGE_LOOP ( 'NONE', ( #3277, #9033 ) ) ;
#195 = ORIENTED_EDGE ( 'NONE', *, *, #2123, .F. ) ;
#196 = DIRECTION ( 'NONE',  ( -1.000000000000000000, -1.892425610156517122E-16, -0.000000000000000000 ) ) ;
#197 = CIRCLE ( 'NONE', #1384, 1.050000000000000488 ) ;
#198 = DIRECTION ( 'NONE',  ( 1.000000000000000000, 0.000000000000000000, 0.000000000000000000 ) ) ;
#199 = EDGE_CURVE ( 'NONE', #3838, #3463, #3240, .T. ) ;
#200 = ORIENTED_EDGE ( 'NONE', *, *, #8458, .T. ) ;
#201 = DIRECTION ( 'NONE',  ( -1.000000000000000000, 0.000000000000000000, 0.000000000000000000 ) ) ;
#202 = ORIENTED_EDGE ( 'NONE', *, *, #3723, .T. ) ;
#203 = EDGE_LOOP ( 'NONE', ( #908, #3223, #6240, #669 ) ) ;
#204 = ORIENTED_EDGE ( 'NONE', *, *, #6681, .F. ) ;
#205 = CIRCLE ( 'NONE', #9042, 2.149999999999999023 ) ;
#206 = CIRCLE ( 'NONE', #3193, 2.000000000000001776 ) ;
#207 = AXIS2_PLACEMENT_3D ( 'NONE', #1793, #3124, #5246 ) ;
#208 = CARTESIAN_POINT ( 'NONE',  ( 26.90714285714285836, 104.2085962636542007, -23.00000000000000000 ) ) ;
#209 = ORIENTED_EDGE ( 'NONE', *, *, #6078, .T. ) ;
#210 = CARTESIAN_POINT ( 'NONE',  ( -28.46506871813549466, 1.755361521514929191, -18.78200788648804931 ) ) ;
#211 = ORIENTED_EDGE ( 'NONE', *, *, #2889, .T. ) ;
#212 = CARTESIAN_POINT ( 'NONE',  ( -24.99999999999999645, 12.50000000000000888, -7.500000000000000000 ) ) ;
#213 = CARTESIAN_POINT ( 'NONE',  ( -11.98768373480796257, 67.14209179641811431, -22.99999999999999289 ) ) ;
#214 = DIRECTION ( 'NONE',  ( 1.000000000000000000, 9.912705577010326782E-17, 0.000000000000000000 ) ) ;
#215 = EDGE_CURVE ( 'NONE', #4493, #7825, #2224, .T. ) ;
#216 = ORIENTED_EDGE ( 'NONE', *, *, #5042, .F. ) ;
#217 = ORIENTED_EDGE ( 'NONE', *, *, #1106, .F. ) ;
#218 = VECTOR ( 'NONE', #8096, 1000.000000000000000 ) ;
#219 = EDGE_CURVE ( 'NONE', #8672, #318, #4381, .T. ) ;
#220 = AXIS2_PLACEMENT_3D ( 'NONE', #6046, #406, #1722 ) ;
#221 = DIRECTION ( 'NONE',  ( 0.000000000000000000, 0.000000000000000000, 1.000000000000000000 ) ) ;
#222 = CARTESIAN_POINT ( 'NONE',  ( -24.05766510564400562, 4.141647365350580756, -6.843399220473226130 ) ) ;
#223 = CARTESIAN_POINT ( 'NONE',  ( -23.99999999999999645, 12.50000000000001066, -12.50000000000000000 ) ) ;
#224 = CARTESIAN_POINT ( 'NONE',  ( 5.773401785888007787, 60.10000000000000853, -22.00000000000000355 ) ) ;
#225 = VERTEX_POINT ( 'NONE', #1850 ) ;
#226 = AXIS2_PLACEMENT_3D ( 'NONE', #8489, #8584, #7877 ) ;
#227 = DIRECTION ( 'NONE',  ( 1.000000000000000000, 0.000000000000000000, 0.000000000000000000 ) ) ;
#228 = LINE ( 'NONE', #1677, #3508 ) ;
#229 = VERTEX_POINT ( 'NONE', #7630 ) ;
#230 = CYLINDRICAL_SURFACE ( 'NONE', #4194, 2.149999999999999023 ) ;
#231 = ADVANCED_FACE ( 'NONE', ( #279 ), #3102, .T. ) ;
#232 = DIRECTION ( 'NONE',  ( -0.3090169943749468962, 0.000000000000000000, -0.9510565162951537532 ) ) ;
#233 = ADVANCED_FACE ( 'NONE', ( #5920 ), #4553, .F. ) ;
#234 = DIRECTION ( 'NONE',  ( -0.8660254037844397068, -0.4999999999999979461, 0.000000000000000000 ) ) ;
#235 = LINE ( 'NONE', #5429, #5708 ) ;
#236 = DIRECTION ( 'NONE',  ( 4.939004732627447424E-32, 2.602085213965210149E-16, 1.000000000000000000 ) ) ;
#237 = CYLINDRICAL_SURFACE ( 'NONE', #4315, 10.00000000000000000 ) ;
#238 = ORIENTED_EDGE ( 'NONE', *, *, #8261, .T. ) ;
#239 = B_SPLINE_CURVE_WITH_KNOTS ( 'NONE', 3,
 ( #4642, #2442, #188, #274, #3051, #6048 ),
 .UNSPECIFIED., .F., .F.,
 ( 4, 2, 4 ),
 ( 0.001326724583858544240, 0.002423488807820966921, 0.003520253031783389386 ),
 .UNSPECIFIED. ) ;
#240 = DIRECTION ( 'NONE',  ( -1.000000000000000000, -1.892425610156517122E-16, -0.000000000000000000 ) ) ;
#241 = AXIS2_PLACEMENT_3D ( 'NONE', #4358, #2950, #2299 ) ;
#242 =( BOUNDED_CURVE ( )  B_SPLINE_CURVE ( 3, ( #1642, #4467, #3101, #938 ),
 .UNSPECIFIED., .F., .F. ) 
 B_SPLINE_CURVE_WITH_KNOTS ( ( 4, 4 ),
 ( 1.570796326794893449, 3.141592653589794004 ),
 .UNSPECIFIED. ) 
 CURVE ( )  GEOMETRIC_REPRESENTATION_ITEM ( )  RATIONAL_B_SPLINE_CURVE ( ( 1.000000000000000000, 0.8047378541243640493, 0.8047378541243640493, 1.000000000000000000 ) ) 
 REPRESENTATION_ITEM ( '' )  );
#243 = CARTESIAN_POINT ( 'NONE',  ( -9.923762078750934634, 96.44000000000002615, -13.11449676604731174 ) ) ;
#244 = ORIENTED_EDGE ( 'NONE', *, *, #4452, .F. ) ;
#245 = FACE_BOUND ( 'NONE', #3874, .T. ) ;
#246 = AXIS2_PLACEMENT_3D ( 'NONE', #7991, #690, #791 ) ;
#247 = CIRCLE ( 'NONE', #8337, 12.50000000000000000 ) ;
#248 = ORIENTED_EDGE ( 'NONE', *, *, #862, .T. ) ;
#249 = ORIENTED_EDGE ( 'NONE', *, *, #3800, .F. ) ;
#250 = CIRCLE ( 'NONE', #2819, 2.149999999999997247 ) ;
#251 = EDGE_CURVE ( 'NONE', #674, #7933, #5353, .T. ) ;
#252 = CARTESIAN_POINT ( 'NONE',  ( 29.99999999999999289, 4.500000000000001776, -19.30073525436772641 ) ) ;
#253 = DIRECTION ( 'NONE',  ( 1.000000000000000000, 0.000000000000000000, 0.000000000000000000 ) ) ;
#254 = ORIENTED_EDGE ( 'NONE', *, *, #782, .F. ) ;
#255 = CARTESIAN_POINT ( 'NONE',  ( -29.90105210950081371, 3.514449455749053985, -19.05907698995607191 ) ) ;
#256 = ORIENTED_EDGE ( 'NONE', *, *, #9027, .F. ) ;
#257 = DIRECTION ( 'NONE',  ( 1.000000000000000000, -1.734723475976807094E-15, 0.000000000000000000 ) ) ;
#258 = CIRCLE ( 'NONE', #2961, 2.149999999999999023 ) ;
#259 = CARTESIAN_POINT ( 'NONE',  ( 11.26830527994896336, 71.48374507372810172, 0.000000000000000000 ) ) ;
#260 = FACE_BOUND ( 'NONE', #1220, .T. ) ;
#261 = VERTEX_POINT ( 'NONE', #8086 ) ;
#262 = ORIENTED_EDGE ( 'NONE', *, *, #831, .T. ) ;
#263 = EDGE_CURVE ( 'NONE', #760, #2858, #8939, .T. ) ;
#264 = AXIS2_PLACEMENT_3D ( 'NONE', #417, #3936, #1826 ) ;
#265 = FACE_OUTER_BOUND ( 'NONE', #360, .T. ) ;
#266 = EDGE_CURVE ( 'NONE', #7870, #1601, #7376, .T. ) ;
#267 = LINE ( 'NONE', #3131, #8658 ) ;
#268 = DIRECTION ( 'NONE',  ( -0.000000000000000000, -1.000000000000000000, -0.000000000000000000 ) ) ;
#269 = ORIENTED_EDGE ( 'NONE', *, *, #4651, .F. ) ;
#270 = CARTESIAN_POINT ( 'NONE',  ( 58.00000000000002132, 13.55000000000021743, -4.499999999999771738 ) ) ;
#271 = CARTESIAN_POINT ( 'NONE',  ( 25.99999999999999645, 10.34999999999987708, -20.49999999999977618 ) ) ;
#272 = LINE ( 'NONE', #5999, #3514 ) ;
#273 = ORIENTED_EDGE ( 'NONE', *, *, #3243, .T. ) ;
#274 = CARTESIAN_POINT ( 'NONE',  ( 23.04566692014305573, 11.05181884155083161, -23.51535444616661863 ) ) ;
#275 = EDGE_CURVE ( 'NONE', #2102, #1165, #2497, .T. ) ;
#276 = CARTESIAN_POINT ( 'NONE',  ( -37.75000000000000711, 106.9403061905773740, -14.59999999999999787 ) ) ;
#277 = EDGE_CURVE ( 'NONE', #109, #8440, #3762, .T. ) ;
#278 = DIRECTION ( 'NONE',  ( 1.000000000000000000, -2.312964634635742267E-15, 0.000000000000000000 ) ) ;
#279 = FACE_OUTER_BOUND ( 'NONE', #6874, .T. ) ;
#280 = CARTESIAN_POINT ( 'NONE',  ( -22.25000000000000000, 113.9403061905773598, -22.49999999999999645 ) ) ;
#281 = LINE ( 'NONE', #5131, #4160 ) ;
#282 = VERTEX_POINT ( 'NONE', #6670 ) ;
#283 = EDGE_CURVE ( 'NONE', #6728, #3838, #235, .T. ) ;
#284 = VECTOR ( 'NONE', #2397, 1000.000000000000000 ) ;
#285 = CARTESIAN_POINT ( 'NONE',  ( -16.57654914134644741, 94.44000000000002615, -2.000000000000001776 ) ) ;
#286 = LINE ( 'NONE', #3152, #7157 ) ;
#287 = CIRCLE ( 'NONE', #6589, 1.050000000000000488 ) ;
#288 = FACE_OUTER_BOUND ( 'NONE', #7575, .T. ) ;
#289 = ORIENTED_EDGE ( 'NONE', *, *, #9040, .F. ) ;
#290 = CARTESIAN_POINT ( 'NONE',  ( -23.03249467419667340, 17.43859559800263170, -2.526893598322788037 ) ) ;
#291 = ORIENTED_EDGE ( 'NONE', *, *, #8102, .F. ) ;
#292 = ORIENTED_EDGE ( 'NONE', *, *, #7807, .F. ) ;
#293 = CIRCLE ( 'NONE', #3442, 9.000000000000001776 ) ;
#294 = CARTESIAN_POINT ( 'NONE',  ( -17.75000000000019540, 80.80934643409020168, -15.65739561406607372 ) ) ;
#295 = VERTEX_POINT ( 'NONE', #5964 ) ;
#296 = AXIS2_PLACEMENT_3D ( 'NONE', #5756, #7922, #775 ) ;
#297 = CARTESIAN_POINT ( 'NONE',  ( -28.36831602830597987, 2.531031906285568844, -20.15356914837407487 ) ) ;
#298 = VERTEX_POINT ( 'NONE', #4009 ) ;
#299 = FACE_OUTER_BOUND ( 'NONE', #2020, .T. ) ;
#300 = DIRECTION ( 'NONE',  ( 0.000000000000000000, -0.000000000000000000, -1.000000000000000000 ) ) ;
#301 = DIRECTION ( 'NONE',  ( -1.000000000000000000, -9.912705577010326782E-17, 0.000000000000000000 ) ) ;
#302 = VERTEX_POINT ( 'NONE', #5176 ) ;
#303 = ORIENTED_EDGE ( 'NONE', *, *, #8102, .T. ) ;
#304 = EDGE_LOOP ( 'NONE', ( #7516, #6859, #1500, #8532, #6665 ) ) ;
#305 = CIRCLE ( 'NONE', #1501, 2.000000000000000000 ) ;
#306 = VECTOR ( 'NONE', #7496, 1000.000000000000000 ) ;
#307 = DIRECTION ( 'NONE',  ( -0.8090169943749473402, 0.000000000000000000, -0.5877852522924732481 ) ) ;
#308 = EDGE_CURVE ( 'NONE', #2763, #282, #6626, .T. ) ;
#309 = FACE_OUTER_BOUND ( 'NONE', #6996, .T. ) ;
#310 = CARTESIAN_POINT ( 'NONE',  ( -13.42376207875093463, 80.80934643409020168, -15.65739561406607727 ) ) ;
#311 = ORIENTED_EDGE ( 'NONE', *, *, #3846, .T. ) ;
#312 = CARTESIAN_POINT ( 'NONE',  ( -30.00000000000000000, 18.15685424949254667, -6.843145750507550140 ) ) ;
#313 = FACE_OUTER_BOUND ( 'NONE', #203, .T. ) ;
#314 = DIRECTION ( 'NONE',  ( 1.000000000000000000, 9.912705577010326782E-17, -0.000000000000000000 ) ) ;
#315 = EDGE_CURVE ( 'NONE', #609, #2891, #4809, .T. ) ;
#316 = AXIS2_PLACEMENT_3D ( 'NONE', #5986, #5247, #5419 ) ;
#317 = AXIS2_PLACEMENT_3D ( 'NONE', #8700, #3019, #5878 ) ;
#318 = VERTEX_POINT ( 'NONE', #3145 ) ;
#319 = EDGE_CURVE ( 'NONE', #5695, #3680, #456, .T. ) ;
#320 = DIRECTION ( 'NONE',  ( 0.000000000000000000, -1.000000000000000000, 0.000000000000000000 ) ) ;
#321 = ADVANCED_FACE ( 'NONE', ( #8833 ), #8875, .T. ) ;
#322 = DIRECTION ( 'NONE',  ( 0.000000000000000000, 0.000000000000000000, -1.000000000000000000 ) ) ;
#323 = DIRECTION ( 'NONE',  ( -1.000000000000000000, 0.000000000000000000, 0.000000000000000000 ) ) ;
#324 = DIRECTION ( 'NONE',  ( -1.734723475976807094E-15, 1.000000000000000000, 0.000000000000000000 ) ) ;
#325 = CYLINDRICAL_SURFACE ( 'NONE', #6220, 2.149999999999999023 ) ;
#326 = VERTEX_POINT ( 'NONE', #8738 ) ;
#327 = EDGE_CURVE ( 'NONE', #3680, #6277, #443, .T. ) ;
#328 = EDGE_CURVE ( 'NONE', #1822, #7056, #8037, .T. ) ;
#329 = DIRECTION ( 'NONE',  ( 1.000000000000000000, 0.000000000000000000, 0.000000000000000000 ) ) ;
#330 = B_SPLINE_CURVE_WITH_KNOTS ( 'NONE', 3,
 ( #3998, #4803, #6955, #5468, #1936, #343, #8320, #6120, #2690, #432 ),
 .UNSPECIFIED., .F., .F.,
 ( 4, 2, 2, 2, 4 ),
 ( 0.0006639736928595426279, 0.002172166065292620817, 0.003680358437725698897, 0.005188550810158776977, 0.006696743182591854623 ),
 .UNSPECIFIED. ) ;
#331 = CARTESIAN_POINT ( 'NONE',  ( 17.98768373480796612, 67.14209179641811431, -2.000000000000001776 ) ) ;
#332 = CARTESIAN_POINT ( 'NONE',  ( 30.00000000000000355, 53.27857453684310940, -128.1790850899541852 ) ) ;
#333 = ORIENTED_EDGE ( 'NONE', *, *, #5842, .T. ) ;
#334 = CARTESIAN_POINT ( 'NONE',  ( -22.25000000000000000, 113.9403061905773598, -21.59999999999999787 ) ) ;
#335 = ORIENTED_EDGE ( 'NONE', *, *, #2394, .F. ) ;
#336 = EDGE_CURVE ( 'NONE', #5410, #8396, #8120, .T. ) ;
#337 = EDGE_CURVE ( 'NONE', #3957, #511, #4468, .T. ) ;
#338 = EDGE_CURVE ( 'NONE', #5652, #5956, #7862, .T. ) ;
#339 = CARTESIAN_POINT ( 'NONE',  ( 29.99999999999999289, 4.282671997157692978, -19.24075549473648650 ) ) ;
#340 = CARTESIAN_POINT ( 'NONE',  ( 26.25000000000000355, 94.67022964293305165, 0.000000000000000000 ) ) ;
#341 = ORIENTED_EDGE ( 'NONE', *, *, #8032, .T. ) ;
#342 = CARTESIAN_POINT ( 'NONE',  ( -29.05816039570156661, 2.783403234776154811, -20.01808511585939954 ) ) ;
#343 = CARTESIAN_POINT ( 'NONE',  ( 23.14991546844104064, 15.99347151382306542, -2.057285541966305864 ) ) ;
#344 = CYLINDRICAL_SURFACE ( 'NONE', #1998, 2.000000000000000000 ) ;
#345 = DIRECTION ( 'NONE',  ( -0.9510565162951533091, 0.000000000000000000, -0.3090169943749482839 ) ) ;
#346 = CARTESIAN_POINT ( 'NONE',  ( -27.99999999999999289, 13.82287565553229136, -27.00000000000000355 ) ) ;
#347 = ORIENTED_EDGE ( 'NONE', *, *, #6335, .T. ) ;
#348 = ORIENTED_EDGE ( 'NONE', *, *, #8949, .T. ) ;
#349 = ORIENTED_EDGE ( 'NONE', *, *, #3642, .T. ) ;
#350 = AXIS2_PLACEMENT_3D ( 'NONE', #1891, #1498, #9068 ) ;
#351 = DIRECTION ( 'NONE',  ( -9.912705577010326782E-17, 1.000000000000000000, 0.000000000000000000 ) ) ;
#352 = AXIS2_PLACEMENT_3D ( 'NONE', #1763, #7412, #3134 ) ;
#353 = LINE ( 'NONE', #1852, #5869 ) ;
#354 = DIRECTION ( 'NONE',  ( -2.579370461232904926E-32, 2.602085213965210149E-16, 1.000000000000000000 ) ) ;
#355 = ORIENTED_EDGE ( 'NONE', *, *, #5282, .F. ) ;
#356 = CARTESIAN_POINT ( 'NONE',  ( 25.17916291648580795, 12.34218886930612769, -25.50000000000000000 ) ) ;
#357 = CIRCLE ( 'NONE', #5606, 2.000000000000000000 ) ;
#358 = DIRECTION ( 'NONE',  ( -1.000000000000000000, -1.892425610156517122E-16, -0.000000000000000000 ) ) ;
#359 = CYLINDRICAL_SURFACE ( 'NONE', #7560, 1.049999999999998934 ) ;
#360 = EDGE_LOOP ( 'NONE', ( #469, #7905 ) ) ;
#361 = EDGE_LOOP ( 'NONE', ( #5068, #9184, #7237, #8157 ) ) ;
#362 = EDGE_CURVE ( 'NONE', #7276, #7983, #6160, .T. ) ;
#363 = FACE_OUTER_BOUND ( 'NONE', #4628, .T. ) ;
#364 = CARTESIAN_POINT ( 'NONE',  ( -27.99999999999999289, 2.499999999999996891, -21.78708781050335830 ) ) ;
#365 = VECTOR ( 'NONE', #7400, 1000.000000000000000 ) ;
#366 = CARTESIAN_POINT ( 'NONE',  ( 29.67960346863939591, 3.414213562373116684, -24.91421356237309581 ) ) ;
#367 = DIRECTION ( 'NONE',  ( 0.000000000000000000, 0.000000000000000000, 1.000000000000000000 ) ) ;
#368 = CARTESIAN_POINT ( 'NONE',  ( 26.00000000000000000, 44.61832049899870611, -22.00000000000000711 ) ) ;
#369 = ORIENTED_EDGE ( 'NONE', *, *, #7037, .F. ) ;
#370 = CARTESIAN_POINT ( 'NONE',  ( 21.55000000000000071, 108.9309918853872148, -23.00000000000000000 ) ) ;
#371 = ADVANCED_FACE ( 'NONE', ( #1422 ), #6222, .T. ) ;
#372 = DIRECTION ( 'NONE',  ( 0.000000000000000000, 0.000000000000000000, -1.000000000000000000 ) ) ;
#373 = ADVANCED_FACE ( 'NONE', ( #9076 ), #2744, .F. ) ;
#374 = DIRECTION ( 'NONE',  ( -1.000000000000000000, 0.000000000000000000, 0.000000000000000000 ) ) ;
#375 = VERTEX_POINT ( 'NONE', #6269 ) ;
#376 = CARTESIAN_POINT ( 'NONE',  ( -10.75000000000019895, 104.4400000000000261, -15.65739561406607727 ) ) ;
#377 = CIRCLE ( 'NONE', #5630, 6.000000000000001776 ) ;
#378 = EDGE_LOOP ( 'NONE', ( #3591, #4744, #10, #2879 ) ) ;
#379 = CIRCLE ( 'NONE', #2782, 2.000000000000000000 ) ;
#380 = CARTESIAN_POINT ( 'NONE',  ( 10.07906768228851391, 77.01368055568988780, 0.000000000000000000 ) ) ;
#381 = EDGE_CURVE ( 'NONE', #9236, #6556, #6465, .T. ) ;
#382 = AXIS2_PLACEMENT_3D ( 'NONE', #5611, #4011, #9124 ) ;
#383 = AXIS2_PLACEMENT_3D ( 'NONE', #6854, #6339, #1875 ) ;
#384 = CARTESIAN_POINT ( 'NONE',  ( 29.93718902156224360, 3.697282358648508183, -19.09911290060059486 ) ) ;
#385 = VECTOR ( 'NONE', #2645, 1000.000000000000000 ) ;
#386 = CARTESIAN_POINT ( 'NONE',  ( -5.773401785888006899, 51.10000000000000853, -22.00000000000000711 ) ) ;
#387 = EDGE_LOOP ( 'NONE', ( #7680, #4733, #3920, #2193 ) ) ;
#388 = CARTESIAN_POINT ( 'NONE',  ( -27.99999999999998934, 1.689189189189157281, -18.77505933142124661 ) ) ;
#389 = CARTESIAN_POINT ( 'NONE',  ( 29.73879676657567828, 3.479968054332493566, -20.66745931376368972 ) ) ;
#390 = CARTESIAN_POINT ( 'NONE',  ( 26.25000000000000355, 102.3196380149609865, -2.000000000000000000 ) ) ;
#391 = CARTESIAN_POINT ( 'NONE',  ( 24.00000000000000711, 20.50000000000001066, -12.50000000000000000 ) ) ;
#392 = CARTESIAN_POINT ( 'NONE',  ( -26.00000000000000000, 18.15685424949254667, -6.843145750507550140 ) ) ;
#393 = ORIENTED_EDGE ( 'NONE', *, *, #2405, .T. ) ;
#394 = VECTOR ( 'NONE', #8561, 1000.000000000000000 ) ;
#395 = CIRCLE ( 'NONE', #9237, 2.000000000000000000 ) ;
#396 = AXIS2_PLACEMENT_3D ( 'NONE', #2212, #9241, #2766 ) ;
#397 = ORIENTED_EDGE ( 'NONE', *, *, #7771, .T. ) ;
#398 = ORIENTED_EDGE ( 'NONE', *, *, #9048, .T. ) ;
#399 = DIRECTION ( 'NONE',  ( -1.000000000000000000, -1.892425610156517122E-16, -0.000000000000000000 ) ) ;
#400 = VECTOR ( 'NONE', #3187, 1000.000000000000000 ) ;
#401 = DIRECTION ( 'NONE',  ( 0.000000000000000000, 1.000000000000000000, 0.000000000000000000 ) ) ;
#402 = CARTESIAN_POINT ( 'NONE',  ( 17.98768373480796612, 67.14209179641811431, -22.99999999999999289 ) ) ;
#403 = EDGE_LOOP ( 'NONE', ( #6211, #2431, #5982 ) ) ;
#404 = LINE ( 'NONE', #6182, #6049 ) ;
#405 = CARTESIAN_POINT ( 'NONE',  ( -21.55000000000000071, 103.9400000000000261, -23.00000000000000000 ) ) ;
#406 = DIRECTION ( 'NONE',  ( -1.000000000000000000, 1.541976423090495387E-16, -0.000000000000000000 ) ) ;
#407 = ORIENTED_EDGE ( 'NONE', *, *, #8781, .F. ) ;
#408 = VECTOR ( 'NONE', #9121, 1000.000000000000000 ) ;
#409 = FACE_OUTER_BOUND ( 'NONE', #3776, .T. ) ;
#410 = FACE_OUTER_BOUND ( 'NONE', #5382, .T. ) ;
#411 = LINE ( 'NONE', #3325, #5507 ) ;
#412 = DIRECTION ( 'NONE',  ( 0.000000000000000000, -1.000000000000000000, 0.000000000000000000 ) ) ;
#413 = CARTESIAN_POINT ( 'NONE',  ( -25.99999999999999645, 13.82287565553229314, -25.00000000000000000 ) ) ;
#414 = ORIENTED_EDGE ( 'NONE', *, *, #2277, .F. ) ;
#415 = CIRCLE ( 'NONE', #5096, 10.83606315166880840 ) ;
#416 = DIRECTION ( 'NONE',  ( 1.000000000000000000, -0.000000000000000000, -0.000000000000000000 ) ) ;
#417 = CARTESIAN_POINT ( 'NONE',  ( 22.24999999999998579, 106.9403061905773740, -14.59999999999999787 ) ) ;
#418 = CARTESIAN_POINT ( 'NONE',  ( -23.55000000000000782, 108.9309918853871579, -23.00000000000000000 ) ) ;
#419 = DIRECTION ( 'NONE',  ( -0.000000000000000000, 0.000000000000000000, 1.000000000000000000 ) ) ;
#420 = EDGE_CURVE ( 'NONE', #2030, #7532, #912, .T. ) ;
#421 = ORIENTED_EDGE ( 'NONE', *, *, #7294, .F. ) ;
#422 = DIRECTION ( 'NONE',  ( 0.000000000000000000, -1.000000000000000000, 0.000000000000000000 ) ) ;
#423 = TOROIDAL_SURFACE ( 'NONE', #5084, 7.000000000000000000, 2.000000000000000000 ) ;
#424 = EDGE_CURVE ( 'NONE', #4421, #7519, #7367, .T. ) ;
#425 = ORIENTED_EDGE ( 'NONE', *, *, #2209, .F. ) ;
#426 = EDGE_CURVE ( 'NONE', #3071, #122, #7703, .T. ) ;
#427 = CARTESIAN_POINT ( 'NONE',  ( 25.99999999999999645, 14.65000000000021174, -4.499999999999771738 ) ) ;
#428 = CIRCLE ( 'NONE', #2396, 2.150000000000000799 ) ;
#429 = LINE ( 'NONE', #6116, #8814 ) ;
#430 = EDGE_LOOP ( 'NONE', ( #8075, #8806, #5984, #818 ) ) ;
#431 = CARTESIAN_POINT ( 'NONE',  ( 24.00000000000000355, 4.313272937247758065, -18.50000000000000355 ) ) ;
#432 = CARTESIAN_POINT ( 'NONE',  ( 23.00000000000000000, 18.33716540796993044, -3.000000000000002665 ) ) ;
#433 = CARTESIAN_POINT ( 'NONE',  ( 29.99999999999999645, 12.49999999999987388, -20.49999999999977618 ) ) ;
#434 = LINE ( 'NONE', #9021, #3589 ) ;
#435 = FACE_OUTER_BOUND ( 'NONE', #361, .T. ) ;
#436 = EDGE_LOOP ( 'NONE', ( #6561, #3532, #7561, #2018 ) ) ;
#437 = VERTEX_POINT ( 'NONE', #4904 ) ;
#438 = ORIENTED_EDGE ( 'NONE', *, *, #7153, .T. ) ;
#439 = ADVANCED_FACE ( 'NONE', ( #7818 ), #9168, .T. ) ;
#440 = EDGE_CURVE ( 'NONE', #585, #6334, #531, .T. ) ;
#441 = AXIS2_PLACEMENT_3D ( 'NONE', #6004, #8125, #2485 ) ;
#442 = DIRECTION ( 'NONE',  ( 1.000000000000000000, 9.912705577010326782E-17, -0.000000000000000000 ) ) ;
#443 = LINE ( 'NONE', #8284, #8556 ) ;
#444 = CARTESIAN_POINT ( 'NONE',  ( -23.49038183646694833, 114.9779794794551151, -23.48925314190056923 ) ) ;
#445 = CARTESIAN_POINT ( 'NONE',  ( -23.55000000000002558, 117.9399999999999977, -23.00000000000000000 ) ) ;
#446 = ORIENTED_EDGE ( 'NONE', *, *, #1744, .F. ) ;
#447 = DIRECTION ( 'NONE',  ( 0.8660254037844399289, 0.4999999999999978351, 0.000000000000000000 ) ) ;
#448 = LINE ( 'NONE', #1017, #3456 ) ;
#449 = DIRECTION ( 'NONE',  ( -1.000000000000000000, 9.912705577010326782E-17, 0.000000000000000000 ) ) ;
#450 = ORIENTED_EDGE ( 'NONE', *, *, #3575, .F. ) ;
#451 = AXIS2_PLACEMENT_3D ( 'NONE', #1724, #1021, #3886 ) ;
#452 = DIRECTION ( 'NONE',  ( 0.8660254037844400399, -0.4999999999999977796, 0.000000000000000000 ) ) ;
#453 = CARTESIAN_POINT ( 'NONE',  ( 24.38027652740170126, 106.1594656245365229, -16.61661039931594885 ) ) ;
#454 = EDGE_CURVE ( 'NONE', #158, #6637, #7766, .T. ) ;
#455 = EDGE_CURVE ( 'NONE', #6661, #6341, #2655, .T. ) ;
#456 = CIRCLE ( 'NONE', #7657, 1.049999999999998934 ) ;
#457 = LINE ( 'NONE', #1255, #3400 ) ;
#458 = AXIS2_PLACEMENT_3D ( 'NONE', #8993, #3883, #5302 ) ;
#459 = CARTESIAN_POINT ( 'NONE',  ( 27.99999999999999289, 12.49999999999999822, -2.000000000000000000 ) ) ;
#460 = LINE ( 'NONE', #5357, #1457 ) ;
#461 = ORIENTED_EDGE ( 'NONE', *, *, #8830, .T. ) ;
#462 = VECTOR ( 'NONE', #3030, 1000.000000000000000 ) ;
#463 = DIRECTION ( 'NONE',  ( 1.000000000000000000, 0.000000000000000000, 0.000000000000000000 ) ) ;
#464 = DIRECTION ( 'NONE',  ( -1.000000000000000000, 0.000000000000000000, 0.000000000000000000 ) ) ;
#465 = CARTESIAN_POINT ( 'NONE',  ( -29.94853330175338968, 10.67931866065940838, -25.50000000000000355 ) ) ;
#466 = CARTESIAN_POINT ( 'NONE',  ( 23.54999999999997939, 117.9400000000000972, 3.250006781153460502E-31 ) ) ;
#467 = CARTESIAN_POINT ( 'NONE',  ( -29.99999999999999645, 14.65000000000022240, -4.499999999999771738 ) ) ;
#468 = ORGANIZATION ( '未指定', '未指定', '' ) ;
#469 = ORIENTED_EDGE ( 'NONE', *, *, #3422, .T. ) ;
#470 = PLANE ( 'NONE',  #5351 ) ;
#471 = ORIENTED_EDGE ( 'NONE', *, *, #2290, .T. ) ;
#472 = PERSON ( '未指定', '未指定', '未指定', ('未指定'), ('未指定'), ('未指定') ) ;
#473 = CARTESIAN_POINT ( 'NONE',  ( -23.31393684833120972, 12.49999999999999822, -12.50000000000000000 ) ) ;
#474 = EDGE_CURVE ( 'NONE', #5321, #2785, #1254, .T. ) ;
#475 = CARTESIAN_POINT ( 'NONE',  ( 28.65714892091304478, 2.609863541325537994, -21.66805290646854232 ) ) ;
#476 = ORIENTED_EDGE ( 'NONE', *, *, #9029, .T. ) ;
#477 = DIRECTION ( 'NONE',  ( 0.000000000000000000, 0.000000000000000000, -1.000000000000000000 ) ) ;
#478 = CARTESIAN_POINT ( 'NONE',  ( -37.75000000000000711, 106.9403061905773740, -14.59999999999999787 ) ) ;
#479 = CARTESIAN_POINT ( 'NONE',  ( -27.99999999999999289, 2.499999999999997780, -20.00000000000000000 ) ) ;
#480 = CARTESIAN_POINT ( 'NONE',  ( -27.99999999999999289, 12.49999999999999822, -12.50000000000000000 ) ) ;
#481 = VERTEX_POINT ( 'NONE', #1373 ) ;
#482 =( BOUNDED_CURVE ( )  B_SPLINE_CURVE ( 3, ( #5981, #5414, #8270, #340 ),
 .UNSPECIFIED., .F., .F. ) 
 B_SPLINE_CURVE_WITH_KNOTS ( ( 4, 4 ),
 ( 3.141592653589792228, 4.712388980384694115 ),
 .UNSPECIFIED. ) 
 CURVE ( )  GEOMETRIC_REPRESENTATION_ITEM ( )  RATIONAL_B_SPLINE_CURVE ( ( 1.000000000000000000, 0.8047378541243637162, 0.8047378541243637162, 1.000000000000000000 ) ) 
 REPRESENTATION_ITEM ( '' )  );
#483 = EDGE_LOOP ( 'NONE', ( #5280, #5104, #1462, #3915 ) ) ;
#484 = VERTEX_POINT ( 'NONE', #3447 ) ;
#485 = CARTESIAN_POINT ( 'NONE',  ( -24.00000000000000000, 49.81447292170534524, -2.000000000000001776 ) ) ;
#486 = CARTESIAN_POINT ( 'NONE',  ( 26.25000000000000355, 0.000000000000000000, -2.000000000000000000 ) ) ;
#487 = DIRECTION ( 'NONE',  ( 0.3090169943749485060, 0.000000000000000000, -0.9510565162951533091 ) ) ;
#488 = CARTESIAN_POINT ( 'NONE',  ( -25.99999999999999645, 10.35000000000021991, -4.499999999999771738 ) ) ;
#489 = VERTEX_POINT ( 'NONE', #4243 ) ;
#490 = LINE ( 'NONE', #4059, #6505 ) ;
#491 = AXIS2_PLACEMENT_3D ( 'NONE', #660, #7670, #7054 ) ;
#492 = EDGE_CURVE ( 'NONE', #6547, #5810, #8468, .T. ) ;
#493 = DIRECTION ( 'NONE',  ( 0.000000000000000000, 0.000000000000000000, -1.000000000000000000 ) ) ;
#494 = CARTESIAN_POINT ( 'NONE',  ( -13.98768373480796789, 60.21388856614260021, -25.00000000000000000 ) ) ;
#495 = EDGE_CURVE ( 'NONE', #2369, #5329, #8017, .T. ) ;
#496 = VERTEX_POINT ( 'NONE', #4196 ) ;
#497 = DIRECTION ( 'NONE',  ( 1.000000000000000000, 6.938893903907228378E-15, 0.000000000000000000 ) ) ;
#498 = VECTOR ( 'NONE', #7965, 1000.000000000000000 ) ;
#499 = CARTESIAN_POINT ( 'NONE',  ( 24.98916204744622860, 105.4148956978321934, -16.13137174116648254 ) ) ;
#500 = CARTESIAN_POINT ( 'NONE',  ( -26.25000000000000355, 0.000000000000000000, -23.00000000000000000 ) ) ;
#501 = DIRECTION ( 'NONE',  ( 0.000000000000000000, 1.000000000000000000, 0.000000000000000000 ) ) ;
#502 = DIRECTION ( 'NONE',  ( 1.000000000000000000, -0.000000000000000000, -0.000000000000000000 ) ) ;
#503 = EDGE_LOOP ( 'NONE', ( #5415, #1557, #7889, #7660, #2274 ) ) ;
#504 = DIRECTION ( 'NONE',  ( -0.8090169943749481174, 0.000000000000000000, -0.5877852522924723599 ) ) ;
#505 = EDGE_CURVE ( 'NONE', #4235, #1226, #8906, .T. ) ;
#506 = VECTOR ( 'NONE', #4506, 1000.000000000000000 ) ;
#507 = CARTESIAN_POINT ( 'NONE',  ( -27.00000000000000000, 16.50000000000001066, -12.50000000000000000 ) ) ;
#508 = DIRECTION ( 'NONE',  ( 0.000000000000000000, -1.000000000000000000, 0.000000000000000000 ) ) ;
#509 = DIRECTION ( 'NONE',  ( 0.000000000000000000, 0.000000000000000000, 1.000000000000000000 ) ) ;
#510 = DIRECTION ( 'NONE',  ( -1.000000000000000000, -1.360567432138672574E-16, 0.000000000000000000 ) ) ;
#511 = VERTEX_POINT ( 'NONE', #666 ) ;
#512 = DIRECTION ( 'NONE',  ( 0.000000000000000000, -1.000000000000000000, 0.000000000000000000 ) ) ;
#513 = CIRCLE ( 'NONE', #7116, 9.000000000000001776 ) ;
#514 = VERTEX_POINT ( 'NONE', #2838 ) ;
#515 = FACE_OUTER_BOUND ( 'NONE', #1980, .T. ) ;
#516 = CARTESIAN_POINT ( 'NONE',  ( 28.74128427233616989, 2.630240555887813247, -20.09774435786164304 ) ) ;
#517 = DATE_TIME_ROLE ( 'creation_date' ) ;
#518 = ORIENTED_EDGE ( 'NONE', *, *, #8952, .T. ) ;
#519 = CARTESIAN_POINT ( 'NONE',  ( 13.98768373480797855, 60.21388856614259311, -25.00000000000000000 ) ) ;
#520 = DIRECTION ( 'NONE',  ( 1.613696256722611948E-15, -1.000000000000000000, 0.000000000000000000 ) ) ;
#522 = DIRECTION ( 'NONE',  ( -1.000000000000000000, 1.541976423090495387E-16, 0.000000000000000000 ) ) ;
#521 = TOROIDAL_SURFACE ( 'NONE', #2345, 9.000000000000001776, 3.000000000000000000 ) ;
#523 = DIRECTION ( 'NONE',  ( 1.000000000000000000, -1.898094922533725623E-16, 0.000000000000000000 ) ) ;
#524 = ORIENTED_EDGE ( 'NONE', *, *, #7807, .T. ) ;
#525 = ORIENTED_EDGE ( 'NONE', *, *, #5574, .T. ) ;
#526 = VERTEX_POINT ( 'NONE', #8804 ) ;
#527 = ADVANCED_FACE ( 'NONE', ( #1617 ), #5315, .T. ) ;
#528 = AXIS2_PLACEMENT_3D ( 'NONE', #9170, #8427, #4718 ) ;
#529 = VECTOR ( 'NONE', #422, 1000.000000000000000 ) ;
#530 = CARTESIAN_POINT ( 'NONE',  ( 25.00000000000000355, 12.50000000000001599, -12.50000000000000000 ) ) ;
#531 = LINE ( 'NONE', #2702, #3664 ) ;
#532 = CARTESIAN_POINT ( 'NONE',  ( 20.25000000000000355, 113.9403061905773740, -7.599999999999997868 ) ) ;
#533 = AXIS2_PLACEMENT_3D ( 'NONE', #7146, #2078, #5599 ) ;
#534 = CARTESIAN_POINT ( 'NONE',  ( -23.14536514117947519, 11.77350324901001954, -23.48655078192842893 ) ) ;
#535 = VERTEX_POINT ( 'NONE', #3685 ) ;
#536 = CARTESIAN_POINT ( 'NONE',  ( 24.00000000000000711, 11.44999999999987139, -20.49999999999977618 ) ) ;
#537 = AXIS2_PLACEMENT_3D ( 'NONE', #9046, #8300, #1867 ) ;
#538 = CARTESIAN_POINT ( 'NONE',  ( -22.25000000000000000, 113.9403061905773740, -7.599999999999997868 ) ) ;
#539 = CARTESIAN_POINT ( 'NONE',  ( -23.99333286959873845, 106.8553365275378724, -16.76278825112798998 ) ) ;
#540 = EDGE_CURVE ( 'NONE', #3671, #4860, #4414, .T. ) ;
#541 = ORIENTED_EDGE ( 'NONE', *, *, #5316, .F. ) ;
#542 = ORIENTED_EDGE ( 'NONE', *, *, #5169, .F. ) ;
#543 = CARTESIAN_POINT ( 'NONE',  ( 6.423762078750519855, 80.80934643409020168, -15.65739561406607727 ) ) ;
#544 = VECTOR ( 'NONE', #6843, 1000.000000000000000 ) ;
#545 = CARTESIAN_POINT ( 'NONE',  ( 27.00000000000000000, 1.043560762610393988, -7.500000000000007105 ) ) ;
#546 = DIRECTION ( 'NONE',  ( 1.000000000000000000, 1.734723475976807292E-15, -0.000000000000000000 ) ) ;
#547 = CARTESIAN_POINT ( 'NONE',  ( 25.99999999999999645, 18.35000000000001208, -12.50000000000000000 ) ) ;
#548 = DIRECTION ( 'NONE',  ( -1.000000000000000000, 0.000000000000000000, 0.000000000000000000 ) ) ;
#549 = EDGE_LOOP ( 'NONE', ( #2740, #2734, #1381, #3785 ) ) ;
#550 = AXIS2_PLACEMENT_3D ( 'NONE', #8773, #3043, #3651 ) ;
#551 = DIRECTION ( 'NONE',  ( 0.3090169943749457304, 0.000000000000000000, 0.9510565162951540863 ) ) ;
#552 = EDGE_CURVE ( 'NONE', #6609, #481, #810, .T. ) ;
#553 = CYLINDRICAL_SURFACE ( 'NONE', #2073, 2.149999999999999023 ) ;
#554 = VECTOR ( 'NONE', #8568, 1000.000000000000000 ) ;
#555 = EDGE_CURVE ( 'NONE', #7119, #2441, #2006, .T. ) ;
#556 = CARTESIAN_POINT ( 'NONE',  ( -28.00000000000000000, 12.50000000000000888, -16.50000000000000000 ) ) ;
#557 = DIRECTION ( 'NONE',  ( -1.000000000000000000, -9.912705577010326782E-17, 0.000000000000000000 ) ) ;
#558 = CARTESIAN_POINT ( 'NONE',  ( 23.00000000000000000, -3.499999999999996891, -21.78708781050336896 ) ) ;
#559 = ORIENTED_EDGE ( 'NONE', *, *, #5170, .F. ) ;
#560 = DIRECTION ( 'NONE',  ( 0.3090169943749482284, 1.053076637743355143E-16, -0.9510565162951533091 ) ) ;
#561 = VECTOR ( 'NONE', #6717, 1000.000000000000000 ) ;
#562 = ORIENTED_EDGE ( 'NONE', *, *, #8135, .F. ) ;
#563 = CARTESIAN_POINT ( 'NONE',  ( -22.66812677701821954, 104.4400000000000261, -52.33761818966184620 ) ) ;
#564 = EDGE_CURVE ( 'NONE', #2652, #4852, #357, .T. ) ;
#565 = AXIS2_PLACEMENT_3D ( 'NONE', #8545, #2305, #5023 ) ;
#566 = DIRECTION ( 'NONE',  ( 0.000000000000000000, -1.000000000000000000, 0.000000000000000000 ) ) ;
#567 = ORIENTED_EDGE ( 'NONE', *, *, #5020, .F. ) ;
#568 = CARTESIAN_POINT ( 'NONE',  ( 23.54999999999997939, 117.9400000000000972, -2.000000000000001776 ) ) ;
#569 = FACE_OUTER_BOUND ( 'NONE', #5928, .T. ) ;
#570 = DIRECTION ( 'NONE',  ( -0.000000000000000000, 1.000000000000000000, -0.000000000000000000 ) ) ;
#571 = ORIENTED_EDGE ( 'NONE', *, *, #1923, .T. ) ;
#572 = ORIENTED_EDGE ( 'NONE', *, *, #6193, .T. ) ;
#573 = VERTEX_POINT ( 'NONE', #1564 ) ;
#574 = VERTEX_POINT ( 'NONE', #5049 ) ;
#575 = CIRCLE ( 'NONE', #1778, 1.049999999999998934 ) ;
#576 = CYLINDRICAL_SURFACE ( 'NONE', #8211, 1.050000000000000488 ) ;
#577 = CARTESIAN_POINT ( 'NONE',  ( 27.00000000000000000, 12.50000000000001776, -8.500000000000000000 ) ) ;
#578 = CARTESIAN_POINT ( 'NONE',  ( -25.85649327863728075, 1.043560762610399317, -7.500000000000000000 ) ) ;
#579 = CYLINDRICAL_SURFACE ( 'NONE', #6834, 2.149999999999999023 ) ;
#580 = ORIENTED_EDGE ( 'NONE', *, *, #5210, .F. ) ;
#581 = DIRECTION ( 'NONE',  ( -0.8090169943749473402, 6.508371548838542444E-17, -0.5877852522924732481 ) ) ;
#582 = AXIS2_PLACEMENT_3D ( 'NONE', #6163, #6811, #1576 ) ;
#583 = CARTESIAN_POINT ( 'NONE',  ( -26.25000000000000355, 102.3196380149609155, -23.00000000000000000 ) ) ;
#584 = DIRECTION ( 'NONE',  ( 1.000000000000000000, 1.734723475976807292E-15, -0.000000000000000000 ) ) ;
#585 = VERTEX_POINT ( 'NONE', #5746 ) ;
#586 = ORIENTED_EDGE ( 'NONE', *, *, #1719, .T. ) ;
#587 = DIRECTION ( 'NONE',  ( 0.000000000000000000, -1.000000000000000000, 0.000000000000000000 ) ) ;
#588 = CIRCLE ( 'NONE', #5991, 4.000000000000001776 ) ;
#589 = CARTESIAN_POINT ( 'NONE',  ( 23.55075862948097409, 108.8172838776377063, -15.65711011540629016 ) ) ;
#590 = ADVANCED_FACE ( 'NONE', ( #1661 ), #6552, .T. ) ;
#591 = EDGE_CURVE ( 'NONE', #911, #4199, #5794, .T. ) ;
#592 = CARTESIAN_POINT ( 'NONE',  ( -22.25000000000000000, 113.9403061905773455, -21.59999999999999787 ) ) ;
#593 = FACE_OUTER_BOUND ( 'NONE', #4271, .T. ) ;
#594 = CYLINDRICAL_SURFACE ( 'NONE', #2481, 2.000000000000000000 ) ;
#595 = ORIENTED_EDGE ( 'NONE', *, *, #8497, .F. ) ;
#596 = ORIENTED_EDGE ( 'NONE', *, *, #5344, .F. ) ;
#597 = EDGE_CURVE ( 'NONE', #3561, #4517, #4751, .T. ) ;
#598 = CARTESIAN_POINT ( 'NONE',  ( -27.00000000000000000, 12.50000000000000888, -7.500000000000000000 ) ) ;
#599 = DIRECTION ( 'NONE',  ( 0.000000000000000000, 1.000000000000000000, 0.000000000000000000 ) ) ;
#600 = VECTOR ( 'NONE', #5801, 1000.000000000000000 ) ;
#601 = CARTESIAN_POINT ( 'NONE',  ( -28.55851398328801238, 12.38944393412109690, -25.50000000000000355 ) ) ;
#602 = CARTESIAN_POINT ( 'NONE',  ( 24.44816949192296107, 4.178031629789412449, -7.500000000000007105 ) ) ;
#603 = CARTESIAN_POINT ( 'NONE',  ( -2.163118960624837328, 80.80934643409020168, -13.11449676604731174 ) ) ;
#604 = VERTEX_POINT ( 'NONE', #8103 ) ;
#605 = CARTESIAN_POINT ( 'NONE',  ( -22.25000000000000000, 109.0903061905773512, -14.59999999999999787 ) ) ;
#606 = EDGE_CURVE ( 'NONE', #3172, #496, #3074, .T. ) ;
#607 = VECTOR ( 'NONE', #4197, 1000.000000000000000 ) ;
#608 = ADVANCED_FACE ( 'NONE', ( #8056 ), #8661, .T. ) ;
#609 = VERTEX_POINT ( 'NONE', #6598 ) ;
#610 = FACE_OUTER_BOUND ( 'NONE', #6077, .T. ) ;
#611 = CARTESIAN_POINT ( 'NONE',  ( 27.99999999999998934, 1.689189189189157281, -18.77505933142124661 ) ) ;
#612 = ORIENTED_EDGE ( 'NONE', *, *, #7034, .T. ) ;
#613 = DIRECTION ( 'NONE',  ( -0.4999999999999974465, 0.8660254037844401509, 0.000000000000000000 ) ) ;
#614 = FACE_OUTER_BOUND ( 'NONE', #1267, .T. ) ;
#615 = CARTESIAN_POINT ( 'NONE',  ( 14.98768373480797678, 61.94593937371147518, -2.000000000000000000 ) ) ;
#616 = ORIENTED_EDGE ( 'NONE', *, *, #6607, .T. ) ;
#617 = VERTEX_POINT ( 'NONE', #8612 ) ;
#618 = ORIENTED_EDGE ( 'NONE', *, *, #9050, .T. ) ;
#619 = EDGE_CURVE ( 'NONE', #1418, #3128, #7303, .T. ) ;
#620 = EDGE_CURVE ( 'NONE', #2071, #4913, #1904, .T. ) ;
#621 = CARTESIAN_POINT ( 'NONE',  ( 11.26830527994897224, 71.48374507372811593, -25.00000000000000000 ) ) ;
#622 = CARTESIAN_POINT ( 'NONE',  ( -30.00000000000000000, 20.50000000000002132, -12.50000000000000000 ) ) ;
#623 = DIRECTION ( 'NONE',  ( -0.000000000000000000, 0.000000000000000000, 1.000000000000000000 ) ) ;
#624 = CARTESIAN_POINT ( 'NONE',  ( 23.54999999999999005, 111.7903061905773683, -7.599999999999997868 ) ) ;
#625 = EDGE_LOOP ( 'NONE', ( #2658, #4594, #8183, #7589, #8144 ) ) ;
#626 = DIRECTION ( 'NONE',  ( 8.019547272036674401E-16, 0.000000000000000000, -1.000000000000000000 ) ) ;
#627 = CARTESIAN_POINT ( 'NONE',  ( 22.24999999999998579, 113.9403061905773598, -21.59999999999999787 ) ) ;
#628 = LINE ( 'NONE', #6368, #3672 ) ;
#629 = VERTEX_POINT ( 'NONE', #7910 ) ;
#630 = EDGE_LOOP ( 'NONE', ( #4524, #1907, #2739, #471 ) ) ;
#631 = CARTESIAN_POINT ( 'NONE',  ( -16.57654914134644741, 94.44000000000002615, 0.000000000000000000 ) ) ;
#632 = CARTESIAN_POINT ( 'NONE',  ( -13.42376207875093463, 104.4400000000000261, -15.65739561406607727 ) ) ;
#633 = AXIS2_PLACEMENT_3D ( 'NONE', #3570, #7992, #3518 ) ;
#634 = CARTESIAN_POINT ( 'NONE',  ( 27.99999999999998934, 4.499999999999972466, -128.1790850899541852 ) ) ;
#635 = ORIENTED_EDGE ( 'NONE', *, *, #6965, .T. ) ;
#636 = CARTESIAN_POINT ( 'NONE',  ( 0.000000000000000000, 83.52616047165487601, -2.000000000000001776 ) ) ;
#637 = DIRECTION ( 'NONE',  ( 1.000000000000000000, 0.000000000000000000, 0.000000000000000000 ) ) ;
#638 = EDGE_LOOP ( 'NONE', ( #6140, #292, #5744, #803, #2985 ) ) ;
#639 = ORIENTED_EDGE ( 'NONE', *, *, #146, .F. ) ;
#640 = EDGE_CURVE ( 'NONE', #5421, #4332, #1469, .T. ) ;
#641 = AXIS2_PLACEMENT_3D ( 'NONE', #4805, #8371, #8513 ) ;
#642 = DIRECTION ( 'NONE',  ( 0.000000000000000000, 1.000000000000000000, 0.000000000000000000 ) ) ;
#643 = CIRCLE ( 'NONE', #7921, 0.8999999999999998002 ) ;
#644 = DIRECTION ( 'NONE',  ( 1.000000000000000000, -1.541976423090495387E-16, -0.000000000000000000 ) ) ;
#645 = DIRECTION ( 'NONE',  ( 1.000000000000000000, 0.000000000000000000, 0.000000000000000000 ) ) ;
#646 = DIRECTION ( 'NONE',  ( 1.541976423090495387E-16, 1.000000000000000000, 0.000000000000000000 ) ) ;
#647 = CYLINDRICAL_SURFACE ( 'NONE', #1859, 1.999999999999999334 ) ;
#648 = ORIENTED_EDGE ( 'NONE', *, *, #4540, .F. ) ;
#649 = CIRCLE ( 'NONE', #8164, 2.000000000000001776 ) ;
#650 = ORIENTED_EDGE ( 'NONE', *, *, #2699, .F. ) ;
#651 = EDGE_CURVE ( 'NONE', #2381, #7871, #7205, .T. ) ;
#652 = DIRECTION ( 'NONE',  ( 0.000000000000000000, 0.000000000000000000, -1.000000000000000000 ) ) ;
#653 = EDGE_CURVE ( 'NONE', #5597, #5694, #8067, .T. ) ;
#654 = VECTOR ( 'NONE', #3372, 1000.000000000000000 ) ;
#655 = CARTESIAN_POINT ( 'NONE',  ( 29.90105210950087411, 3.514449455749159235, -19.05907698995582678 ) ) ;
#656 = CALENDAR_DATE ( 2026, 6, 5 ) ;
#657 = ORIENTED_EDGE ( 'NONE', *, *, #3675, .F. ) ;
#658 = CARTESIAN_POINT ( 'NONE',  ( -27.99999999999999289, 12.49999999999999645, -25.50000000000000355 ) ) ;
#659 = CARTESIAN_POINT ( 'NONE',  ( 29.22258994559950906, 2.888395000116299460, -21.36047057231111879 ) ) ;
#660 = CARTESIAN_POINT ( 'NONE',  ( 22.24999999999998579, 106.9403061905773740, -14.59999999999999787 ) ) ;
#661 = ORIENTED_EDGE ( 'NONE', *, *, #2669, .T. ) ;
#662 = ORIENTED_EDGE ( 'NONE', *, *, #640, .T. ) ;
#663 = ORIENTED_EDGE ( 'NONE', *, *, #8704, .T. ) ;
#664 = EDGE_CURVE ( 'NONE', #2424, #3885, #7154, .T. ) ;
#665 = DIRECTION ( 'NONE',  ( 1.000000000000000000, 0.000000000000000000, 0.000000000000000000 ) ) ;
#666 = CARTESIAN_POINT ( 'NONE',  ( 18.57654914134644741, 94.44000000000002615, -2.000000000000000000 ) ) ;
#667 = CARTESIAN_POINT ( 'NONE',  ( -24.99999999999999645, 4.836939253796797900, -7.500000000000000000 ) ) ;
#668 = DIRECTION ( 'NONE',  ( 1.734723475976807292E-15, -1.000000000000000000, 0.000000000000000000 ) ) ;
#669 = ORIENTED_EDGE ( 'NONE', *, *, #8135, .T. ) ;
#670 = LINE ( 'NONE', #2842, #4557 ) ;
#671 = CARTESIAN_POINT ( 'NONE',  ( -28.00000000000000000, 12.50000000000000888, -12.50000000000000000 ) ) ;
#672 = CARTESIAN_POINT ( 'NONE',  ( -24.52823170310163192, 105.9506138798629422, -16.52144122694194550 ) ) ;
#673 = ORIENTED_EDGE ( 'NONE', *, *, #3536, .F. ) ;
#674 = VERTEX_POINT ( 'NONE', #208 ) ;
#675 = AXIS2_PLACEMENT_3D ( 'NONE', #3639, #1523, #815 ) ;
#676 = CIRCLE ( 'NONE', #835, 4.000000000000000000 ) ;
#677 = DIRECTION ( 'NONE',  ( 9.912705577010326782E-17, -1.000000000000000000, 0.000000000000000000 ) ) ;
#678 = FACE_OUTER_BOUND ( 'NONE', #4263, .T. ) ;
#679 = LINE ( 'NONE', #9276, #4303 ) ;
#680 = FACE_OUTER_BOUND ( 'NONE', #7558, .T. ) ;
#681 = ORIENTED_EDGE ( 'NONE', *, *, #8949, .F. ) ;
#682 = VECTOR ( 'NONE', #2016, 1000.000000000000000 ) ;
#683 = DIRECTION ( 'NONE',  ( 0.3090169943749471737, -1.053076637743355513E-16, 0.9510565162951536422 ) ) ;
#684 = FACE_OUTER_BOUND ( 'NONE', #8606, .T. ) ;
#685 = ORIENTED_EDGE ( 'NONE', *, *, #4452, .T. ) ;
#686 = ORIENTED_EDGE ( 'NONE', *, *, #1514, .T. ) ;
#687 = DIRECTION ( 'NONE',  ( 0.000000000000000000, 0.000000000000000000, -1.000000000000000000 ) ) ;
#688 = CARTESIAN_POINT ( 'NONE',  ( 20.25000000000000000, 104.4400000000000261, -66.28256290493601455 ) ) ;
#689 = FACE_OUTER_BOUND ( 'NONE', #503, .T. ) ;
#690 = DIRECTION ( 'NONE',  ( 1.000000000000000000, 0.000000000000000000, 0.000000000000000000 ) ) ;
#691 = VECTOR ( 'NONE', #323, 1000.000000000000000 ) ;
#692 = CARTESIAN_POINT ( 'NONE',  ( -23.99999999999999289, 12.49999999999986322, -20.49999999999977618 ) ) ;
#693 = DIRECTION ( 'NONE',  ( 1.000000000000000000, 0.000000000000000000, 0.000000000000000000 ) ) ;
#694 = ORIENTED_EDGE ( 'NONE', *, *, #8409, .F. ) ;
#695 = AXIS2_PLACEMENT_3D ( 'NONE', #1743, #5286, #8889 ) ;
#696 = AXIS2_PLACEMENT_3D ( 'NONE', #4560, #8920, #7908 ) ;
#697 = DIRECTION ( 'NONE',  ( 0.000000000000000000, 0.000000000000000000, 1.000000000000000000 ) ) ;
#698 = ADVANCED_FACE ( 'NONE', ( #2595 ), #3993, .F. ) ;
#699 = DIRECTION ( 'NONE',  ( 1.000000000000000000, 9.912705577010326782E-17, -0.000000000000000000 ) ) ;
#700 = TOROIDAL_SURFACE ( 'NONE', #7610, 12.00000000000000000, 2.000000000000000000 ) ;
#701 = ADVANCED_FACE ( 'NONE', ( #3994 ), #7521, .F. ) ;
#702 = ORIENTED_EDGE ( 'NONE', *, *, #2054, .F. ) ;
#703 = DIRECTION ( 'NONE',  ( -0.8660254037844397068, -0.4999999999999979461, -0.000000000000000000 ) ) ;
#704 = FACE_BOUND ( 'NONE', #1346, .T. ) ;
#705 = AXIS2_PLACEMENT_3D ( 'NONE', #2161, #5025, #7885 ) ;
#706 = DIRECTION ( 'NONE',  ( 0.000000000000000000, -1.000000000000000000, 0.000000000000000000 ) ) ;
#707 = ORIENTED_EDGE ( 'NONE', *, *, #1988, .T. ) ;
#708 = ORIENTED_EDGE ( 'NONE', *, *, #4935, .F. ) ;
#709 = ORIENTED_EDGE ( 'NONE', *, *, #2306, .T. ) ;
#710 = VERTEX_POINT ( 'NONE', #6865 ) ;
#711 = EDGE_CURVE ( 'NONE', #7875, #1008, #5220, .T. ) ;
#712 = AXIS2_PLACEMENT_3D ( 'NONE', #8444, #2111, #4075 ) ;
#713 = CARTESIAN_POINT ( 'NONE',  ( 21.49999999999998934, 52.41254913305866836, -25.00000000000000000 ) ) ;
#714 = DIRECTION ( 'NONE',  ( 0.000000000000000000, 0.000000000000000000, 1.000000000000000000 ) ) ;
#715 = EDGE_CURVE ( 'NONE', #298, #295, #9015, .T. ) ;
#716 = CARTESIAN_POINT ( 'NONE',  ( -23.43096057193652015, 2.621267816512359516, -7.500000000000001776 ) ) ;
#717 = LINE ( 'NONE', #5797, #4593 ) ;
#718 = ORIENTED_EDGE ( 'NONE', *, *, #1611, .F. ) ;
#719 = DIRECTION ( 'NONE',  ( 1.000000000000000000, -2.312964634635742267E-15, 0.000000000000000000 ) ) ;
#720 = DIRECTION ( 'NONE',  ( 0.000000000000000000, 0.000000000000000000, -1.000000000000000000 ) ) ;
#721 = DIRECTION ( 'NONE',  ( 0.5877852522924732481, 0.000000000000000000, 0.8090169943749473402 ) ) ;
#722 = VECTOR ( 'NONE', #4551, 1000.000000000000000 ) ;
#723 = EDGE_CURVE ( 'NONE', #4701, #5118, #3111, .T. ) ;
#724 = ORIENTED_EDGE ( 'NONE', *, *, #8781, .T. ) ;
#725 = ORIENTED_EDGE ( 'NONE', *, *, #2521, .F. ) ;
#726 = EDGE_CURVE ( 'NONE', #7729, #4362, #429, .T. ) ;
#727 = CARTESIAN_POINT ( 'NONE',  ( 3.499999999999790834, 96.44000000000002615, -9.000000000000000000 ) ) ;
#728 = DIRECTION ( 'NONE',  ( 0.000000000000000000, 0.000000000000000000, 1.000000000000000000 ) ) ;
#729 = AXIS2_PLACEMENT_3D ( 'NONE', #8483, #1252, #3458 ) ;
#730 = DIRECTION ( 'NONE',  ( -1.734723475976807094E-15, 1.000000000000000000, 0.000000000000000000 ) ) ;
#731 = DIRECTION ( 'NONE',  ( 0.000000000000000000, 0.000000000000000000, 1.000000000000000000 ) ) ;
#732 = ORIENTED_EDGE ( 'NONE', *, *, #715, .F. ) ;
#733 = LINE ( 'NONE', #5811, #8493 ) ;
#734 = CARTESIAN_POINT ( 'NONE',  ( -23.00000000000000000, 12.50000000000000888, -17.50000000000000000 ) ) ;
#735 = ORIENTED_EDGE ( 'NONE', *, *, #1931, .F. ) ;
#736 = VERTEX_POINT ( 'NONE', #5370 ) ;
#737 = CARTESIAN_POINT ( 'NONE',  ( -23.58881035191418363, 108.2995775500651519, -12.92884837399724596 ) ) ;
#738 = ADVANCED_FACE ( 'NONE', ( #5464 ), #6730, .F. ) ;
#739 = ADVANCED_FACE ( 'NONE', ( #7392 ), #8228, .T. ) ;
#740 = CARTESIAN_POINT ( 'NONE',  ( 27.13679374135487876, 1.043560762610393988, -7.500000000000007105 ) ) ;
#741 = PRODUCT_DEFINITION ( '未知', '', #6632, #7997 ) ;
#742 = FACE_OUTER_BOUND ( 'NONE', #9093, .T. ) ;
#743 = CARTESIAN_POINT ( 'NONE',  ( -26.00000000000000000, 20.30685424949231077, -18.15685424949224469 ) ) ;
#744 = TOROIDAL_SURFACE ( 'NONE', #3763, 8.000000000000000000, 2.000000000000000000 ) ;
#745 = LINE ( 'NONE', #9291, #8744 ) ;
#746 = LINE ( 'NONE', #3620, #561 ) ;
#747 = VERTEX_POINT ( 'NONE', #8316 ) ;
#748 = ORIENTED_EDGE ( 'NONE', *, *, #6146, .F. ) ;
#749 = VECTOR ( 'NONE', #4939, 1000.000000000000000 ) ;
#750 = CIRCLE ( 'NONE', #2564, 0.9000000000000075717 ) ;
#751 = CARTESIAN_POINT ( 'NONE',  ( 28.00000000000000000, 12.50000000000001421, -17.50000000000000000 ) ) ;
#752 = AXIS2_PLACEMENT_3D ( 'NONE', #1682, #6878, #6714 ) ;
#753 = CARTESIAN_POINT ( 'NONE',  ( -25.99999999999999645, 53.27857453684310940, -2.000000000000000000 ) ) ;
#754 = ORIENTED_EDGE ( 'NONE', *, *, #4104, .T. ) ;
#755 = CIRCLE ( 'NONE', #6015, 2.149999999999999023 ) ;
#756 = CARTESIAN_POINT ( 'NONE',  ( -27.99999999999999289, -2.775557561562890562E-15, -2.000000000000000000 ) ) ;
#757 = CARTESIAN_POINT ( 'NONE',  ( 16.57654914134644741, 98.44000000000002615, -23.00000000000000000 ) ) ;
#758 = VECTOR ( 'NONE', #1737, 1000.000000000000000 ) ;
#759 = ORIENTED_EDGE ( 'NONE', *, *, #6359, .T. ) ;
#760 = VERTEX_POINT ( 'NONE', #1836 ) ;
#761 = VERTEX_POINT ( 'NONE', #5980 ) ;
#762 = ORIENTED_EDGE ( 'NONE', *, *, #8527, .T. ) ;
#763 = CARTESIAN_POINT ( 'NONE',  ( 0.000000000000000000, 1.043560762610393988, -7.500000000000007105 ) ) ;
#764 = CARTESIAN_POINT ( 'NONE',  ( -37.75000000000000711, 113.9403061905773740, -8.500000000000005329 ) ) ;
#765 = FACE_OUTER_BOUND ( 'NONE', #2033, .T. ) ;
#766 = ORIENTED_EDGE ( 'NONE', *, *, #5592, .F. ) ;
#767 = DIRECTION ( 'NONE',  ( 1.000000000000000000, 0.000000000000000000, 0.000000000000000000 ) ) ;
#768 = EDGE_LOOP ( 'NONE', ( #8970, #6398, #6430, #1098, #2823 ) ) ;
#769 = DIRECTION ( 'NONE',  ( 1.000000000000000000, 1.734723475976807292E-15, -0.000000000000000000 ) ) ;
#770 = DIRECTION ( 'NONE',  ( -0.000000000000000000, -0.000000000000000000, -1.000000000000000000 ) ) ;
#771 = CARTESIAN_POINT ( 'NONE',  ( -23.55000000000000071, 103.9400000000000261, -2.000000000000001776 ) ) ;
#772 = ORIENTED_EDGE ( 'NONE', *, *, #7728, .F. ) ;
#773 = ORIENTED_EDGE ( 'NONE', *, *, #1929, .T. ) ;
#774 = EDGE_CURVE ( 'NONE', #935, #7486, #4662, .T. ) ;
#775 = DIRECTION ( 'NONE',  ( 0.000000000000000000, 0.000000000000000000, 1.000000000000000000 ) ) ;
#776 = CARTESIAN_POINT ( 'NONE',  ( 23.55000000000000071, 103.9400000000001114, -23.00000000000000000 ) ) ;
#777 = DIRECTION ( 'NONE',  ( -9.912705577010325549E-17, 1.000000000000000000, 0.000000000000000000 ) ) ;
#778 = EDGE_CURVE ( 'NONE', #574, #761, #6005, .T. ) ;
#779 = CARTESIAN_POINT ( 'NONE',  ( 22.54999999999997229, 118.9400000000000972, -24.73205080756887853 ) ) ;
#780 = DIRECTION ( 'NONE',  ( -1.000000000000000000, 0.000000000000000000, 0.000000000000000000 ) ) ;
#781 = ORIENTED_EDGE ( 'NONE', *, *, #3024, .F. ) ;
#782 = EDGE_CURVE ( 'NONE', #1093, #2913, #9142, .T. ) ;
#783 = CARTESIAN_POINT ( 'NONE',  ( -23.00000000000000000, 48.08242211413647027, -128.1790850899541852 ) ) ;
#784 = DIRECTION ( 'NONE',  ( -1.000000000000000000, 0.000000000000000000, 0.000000000000000000 ) ) ;
#785 = CARTESIAN_POINT ( 'NONE',  ( 24.57948633105718628, 4.392444270672590356, -17.58556429342189276 ) ) ;
#786 = ORIENTED_EDGE ( 'NONE', *, *, #3981, .T. ) ;
#787 = ORIENTED_EDGE ( 'NONE', *, *, #1279, .F. ) ;
#788 = DIRECTION ( 'NONE',  ( 0.000000000000000000, -1.000000000000000000, 0.000000000000000000 ) ) ;
#789 = CARTESIAN_POINT ( 'NONE',  ( 24.00000000000000355, 12.50000000000000355, -18.50000000000000355 ) ) ;
#790 = DIRECTION ( 'NONE',  ( -1.000000000000000000, 0.000000000000000000, 0.000000000000000000 ) ) ;
#791 = DIRECTION ( 'NONE',  ( 0.000000000000000000, 0.000000000000000000, -1.000000000000000000 ) ) ;
#792 = DIRECTION ( 'NONE',  ( -1.000000000000000000, 0.000000000000000000, 0.000000000000000000 ) ) ;
#793 = DIRECTION ( 'NONE',  ( -1.000000000000000000, 0.000000000000000000, 0.000000000000000000 ) ) ;
#794 = ORIENTED_EDGE ( 'NONE', *, *, #2230, .T. ) ;
#795 = ORIENTED_EDGE ( 'NONE', *, *, #8539, .T. ) ;
#796 = VECTOR ( 'NONE', #4634, 1000.000000000000000 ) ;
#797 = ADVANCED_FACE ( 'NONE', ( #1083 ), #3475, .F. ) ;
#798 = B_SPLINE_CURVE_WITH_KNOTS ( 'NONE', 3,
 ( #9014, #6113, #2592, #4750, #3794, #8723, #876, #5947, #3250, #5461, #2291, #6611, #176, #8268 ),
 .UNSPECIFIED., .F., .F.,
 ( 4, 2, 2, 2, 2, 2, 4 ),
 ( 0.0006643507593714529464, 0.001093793152134514210, 0.001523235544897575799, 0.002382120330423689002, 0.002811562723186749723, 0.003241005115949810011, 0.004099889901475932755 ),
 .UNSPECIFIED. ) ;
#799 = CARTESIAN_POINT ( 'NONE',  ( 17.98768373480796612, 67.14209179641811431, -25.00000000000000000 ) ) ;
#800 = VECTOR ( 'NONE', #7681, 1000.000000000000000 ) ;
#801 = AXIS2_PLACEMENT_3D ( 'NONE', #622, #3491, #6362 ) ;
#802 = CARTESIAN_POINT ( 'NONE',  ( 24.00000000000000355, 12.50000000000000533, -22.65000000000002345 ) ) ;
#803 = ORIENTED_EDGE ( 'NONE', *, *, #6335, .F. ) ;
#804 = CARTESIAN_POINT ( 'NONE',  ( -20.25000000000000000, 113.9403061905773740, -7.599999999999997868 ) ) ;
#805 = VERTEX_POINT ( 'NONE', #1978 ) ;
#806 = EDGE_LOOP ( 'NONE', ( #3873, #3688, #4441, #1723, #4410 ) ) ;
#807 = EDGE_LOOP ( 'NONE', ( #1176, #1941, #7835, #2311, #6023, #2174, #5651, #6919, #7193 ) ) ;
#808 = AXIS2_PLACEMENT_3D ( 'NONE', #6748, #314, #1059 ) ;
#809 = DIRECTION ( 'NONE',  ( 0.000000000000000000, -0.000000000000000000, -1.000000000000000000 ) ) ;
#810 = LINE ( 'NONE', #914, #3945 ) ;
#811 = DIRECTION ( 'NONE',  ( -1.000000000000000000, -1.892425610156517122E-16, -0.000000000000000000 ) ) ;
#812 = ORIENTED_EDGE ( 'NONE', *, *, #3660, .F. ) ;
#813 = DIRECTION ( 'NONE',  ( -1.541976423090495387E-16, 1.000000000000000000, -0.000000000000000000 ) ) ;
#814 = VERTEX_POINT ( 'NONE', #7093 ) ;
#815 = DIRECTION ( 'NONE',  ( 0.8090169943749471182, 0.000000000000000000, 0.5877852522924735812 ) ) ;
#816 = LINE ( 'NONE', #120, #4367 ) ;
#817 = CYLINDRICAL_SURFACE ( 'NONE', #8912, 1.049999999999998934 ) ;
#818 = ORIENTED_EDGE ( 'NONE', *, *, #824, .T. ) ;
#819 = ORIENTED_EDGE ( 'NONE', *, *, #5272, .F. ) ;
#820 = DIRECTION ( 'NONE',  ( -1.000000000000000000, -9.912705577010326782E-17, 0.000000000000000000 ) ) ;
#821 = CARTESIAN_POINT ( 'NONE',  ( -22.25000000000000000, 106.9403061905773598, -14.59999999999999787 ) ) ;
#822 = DIRECTION ( 'NONE',  ( 1.000000000000000000, 1.360567432138672574E-16, 0.000000000000000000 ) ) ;
#823 = ADVANCED_FACE ( 'NONE', ( #4843 ), #4183, .F. ) ;
#824 = EDGE_CURVE ( 'NONE', #1050, #5133, #8857, .T. ) ;
#825 = DIRECTION ( 'NONE',  ( 0.000000000000000000, 1.000000000000000000, 0.000000000000000000 ) ) ;
#826 = CARTESIAN_POINT ( 'NONE',  ( 17.00000000000000000, 44.61832049899870611, -3.000000000000002665 ) ) ;
#827 = ORIENTED_EDGE ( 'NONE', *, *, #8964, .T. ) ;
#828 = DIRECTION ( 'NONE',  ( -0.000000000000000000, -1.107270303814984526E-16, 1.000000000000000000 ) ) ;
#829 = LINE ( 'NONE', #2019, #3843 ) ;
#830 = CARTESIAN_POINT ( 'NONE',  ( -23.55000000000000782, 108.9309918853871579, 1.012844024461276027E-30 ) ) ;
#831 = EDGE_CURVE ( 'NONE', #8719, #3659, #2775, .T. ) ;
#832 = AXIS2_PLACEMENT_3D ( 'NONE', #4588, #8118, #5431 ) ;
#833 = VERTEX_POINT ( 'NONE', #7752 ) ;
#834 = ORIENTED_EDGE ( 'NONE', *, *, #5705, .T. ) ;
#835 = AXIS2_PLACEMENT_3D ( 'NONE', #5214, #3801, #3091 ) ;
#836 = CARTESIAN_POINT ( 'NONE',  ( -25.49420774389659172, 104.9727962281655493, -13.72464099993607611 ) ) ;
#837 = CARTESIAN_POINT ( 'NONE',  ( 27.62696998969517281, 0.9536430946264708997, -7.710250090976442650 ) ) ;
#838 = VECTOR ( 'NONE', #7632, 1000.000000000000000 ) ;
#839 = AXIS2_PLACEMENT_3D ( 'NONE', #1118, #7699, #6200 ) ;
#840 = CIRCLE ( 'NONE', #1131, 0.9000000000000075717 ) ;
#841 = LINE ( 'NONE', #5820, #8196 ) ;
#842 = DIRECTION ( 'NONE',  ( 0.000000000000000000, -1.000000000000000000, 0.000000000000000000 ) ) ;
#843 = CARTESIAN_POINT ( 'NONE',  ( -22.25000000000000000, 111.7903061905773541, -21.59999999999999787 ) ) ;
#844 = DIRECTION ( 'NONE',  ( 1.541976423090495387E-16, -1.000000000000000000, -0.000000000000000000 ) ) ;
#845 = ORIENTED_EDGE ( 'NONE', *, *, #3917, .T. ) ;
#846 = AXIS2_PLACEMENT_3D ( 'NONE', #9030, #7422, #980 ) ;
#847 = ORIENTED_EDGE ( 'NONE', *, *, #5144, .T. ) ;
#848 = AXIS2_PLACEMENT_3D ( 'NONE', #4688, #1208, #3416 ) ;
#849 = EDGE_CURVE ( 'NONE', #7498, #7855, #8508, .T. ) ;
#850 = CARTESIAN_POINT ( 'NONE',  ( -23.00000000000000000, 44.61832049899870611, -2.999999999999999112 ) ) ;
#851 = EDGE_CURVE ( 'NONE', #5402, #2858, #8651, .T. ) ;
#852 = ADVANCED_FACE ( 'NONE', ( #7998 ), #8601, .T. ) ;
#853 = AXIS2_PLACEMENT_3D ( 'NONE', #4631, #5340, #8988 ) ;
#854 = ADVANCED_FACE ( 'NONE', ( #1411 ), #2124, .F. ) ;
#855 = CARTESIAN_POINT ( 'NONE',  ( -27.62691490594732358, 0.9536996868627537483, -7.710102423381528958 ) ) ;
#856 = ORIENTED_EDGE ( 'NONE', *, *, #1298, .F. ) ;
#857 = CARTESIAN_POINT ( 'NONE',  ( 22.24999999999998579, 111.7903061905773683, -7.599999999999997868 ) ) ;
#858 = ORIENTED_EDGE ( 'NONE', *, *, #7115, .T. ) ;
#859 = ORIENTED_EDGE ( 'NONE', *, *, #2402, .F. ) ;
#860 = ORIENTED_EDGE ( 'NONE', *, *, #2099, .T. ) ;
#861 = AXIS2_PLACEMENT_3D ( 'NONE', #5427, #1146, #4008 ) ;
#862 = EDGE_CURVE ( 'NONE', #3488, #760, #3064, .T. ) ;
#863 = TOROIDAL_SURFACE ( 'NONE', #3545, 4.000000000000000888, 1.000000000000000000 ) ;
#864 = CARTESIAN_POINT ( 'NONE',  ( -11.58728778948666793, 12.49999999999999822, -25.50000000000000355 ) ) ;
#865 = CARTESIAN_POINT ( 'NONE',  ( 23.54999999999997939, 116.0903061905773654, -21.59999999999999787 ) ) ;
#866 = ORIENTED_EDGE ( 'NONE', *, *, #1110, .T. ) ;
#867 = CARTESIAN_POINT ( 'NONE',  ( 58.00000000000002132, 12.49999999999987921, -20.49999999999977618 ) ) ;
#868 = ORIENTED_EDGE ( 'NONE', *, *, #7654, .F. ) ;
#869 = CARTESIAN_POINT ( 'NONE',  ( -5.663118960624838216, 96.44000000000002615, -15.65739561406607727 ) ) ;
#870 = CYLINDRICAL_SURFACE ( 'NONE', #7659, 1.049999999999998934 ) ;
#871 = DIRECTION ( 'NONE',  ( 1.000000000000000000, 0.000000000000000000, 0.000000000000000000 ) ) ;
#872 = ORIENTED_EDGE ( 'NONE', *, *, #5914, .F. ) ;
#873 = ORIENTED_EDGE ( 'NONE', *, *, #1699, .F. ) ;
#874 = CIRCLE ( 'NONE', #3728, 2.149999999999999023 ) ;
#875 = AXIS2_PLACEMENT_3D ( 'NONE', #1362, #1221, #4273 ) ;
#876 = CARTESIAN_POINT ( 'NONE',  ( 24.61623764195452324, 1.397533019444620050, -7.500000000000007105 ) ) ;
#877 = DIRECTION ( 'NONE',  ( 0.5427066596637479812, 0.8399223068573765660, 0.000000000000000000 ) ) ;
#878 = DIRECTION ( 'NONE',  ( 1.000000000000000000, 0.000000000000000000, 0.000000000000000000 ) ) ;
#879 = LINE ( 'NONE', #930, #4605 ) ;
#880 = CARTESIAN_POINT ( 'NONE',  ( 58.00000000000002132, 12.50000000000021672, -4.499999999999771738 ) ) ;
#881 = EDGE_LOOP ( 'NONE', ( #6452, #4166 ) ) ;
#882 = AXIS2_PLACEMENT_3D ( 'NONE', #6154, #5404, #6851 ) ;
#883 = DIRECTION ( 'NONE',  ( 1.000000000000000000, 0.000000000000000000, 0.000000000000000000 ) ) ;
#884 = LINE ( 'NONE', #5434, #6466 ) ;
#885 = CARTESIAN_POINT ( 'NONE',  ( 25.99999999999999645, 12.49999999999987388, -20.49999999999977618 ) ) ;
#886 = EDGE_LOOP ( 'NONE', ( #8780, #303, #5776, #7042, #1278, #2546 ) ) ;
#887 = EDGE_CURVE ( 'NONE', #6728, #1139, #5552, .T. ) ;
#888 = DIRECTION ( 'NONE',  ( 1.000000000000000000, 8.673617379884043361E-16, 0.000000000000000000 ) ) ;
#889 = AXIS2_PLACEMENT_3D ( 'NONE', #8297, #4066, #5620 ) ;
#890 = CARTESIAN_POINT ( 'NONE',  ( -25.99999999999999645, 12.49999999999988276, -20.49999999999977618 ) ) ;
#891 = EDGE_CURVE ( 'NONE', #5603, #4941, #1774, .T. ) ;
#892 = LINE ( 'NONE', #2398, #1141 ) ;
#893 = DIRECTION ( 'NONE',  ( 0.000000000000000000, 0.000000000000000000, -1.000000000000000000 ) ) ;
#894 = CARTESIAN_POINT ( 'NONE',  ( -16.57654914134644741, 94.44000000000002615, -25.00000000000000000 ) ) ;
#895 = CYLINDRICAL_SURFACE ( 'NONE', #1160, 2.000000000000000000 ) ;
#896 = ORIENTED_EDGE ( 'NONE', *, *, #152, .F. ) ;
#897 = VERTEX_POINT ( 'NONE', #5137 ) ;
#898 = EDGE_CURVE ( 'NONE', #4960, #5597, #5736, .T. ) ;
#899 = CIRCLE ( 'NONE', #1033, 8.000000000000000000 ) ;
#900 = CARTESIAN_POINT ( 'NONE',  ( -22.55000000000001847, 118.9400000000000261, -0.2679491924311194206 ) ) ;
#901 = VECTOR ( 'NONE', #7791, 1000.000000000000000 ) ;
#902 =( BOUNDED_CURVE ( )  B_SPLINE_CURVE ( 3, ( #5505, #8450, #1121, #5455 ),
 .UNSPECIFIED., .F., .F. ) 
 B_SPLINE_CURVE_WITH_KNOTS ( ( 4, 4 ),
 ( 2.094395102393189489, 3.141592653589793116 ),
 .UNSPECIFIED. ) 
 CURVE ( )  GEOMETRIC_REPRESENTATION_ITEM ( )  RATIONAL_B_SPLINE_CURVE ( ( 1.000000000000000000, 0.9106836025229579912, 0.9106836025229579912, 1.000000000000000000 ) ) 
 REPRESENTATION_ITEM ( '' )  );
#903 = EDGE_CURVE ( 'NONE', #1762, #1499, #1456, .T. ) ;
#904 = LINE ( 'NONE', #1119, #2716 ) ;
#905 = EDGE_LOOP ( 'NONE', ( #8841, #4428, #6938, #3322 ) ) ;
#906 = DIRECTION ( 'NONE',  ( 1.000000000000000000, 9.912705577010326782E-17, -0.000000000000000000 ) ) ;
#907 = EDGE_CURVE ( 'NONE', #3336, #5082, #305, .T. ) ;
#908 = ORIENTED_EDGE ( 'NONE', *, *, #2402, .T. ) ;
#909 = TOROIDAL_SURFACE ( 'NONE', #4350, 9.000000000000001776, 3.000000000000000000 ) ;
#910 = VERTEX_POINT ( 'NONE', #5781 ) ;
#911 = VERTEX_POINT ( 'NONE', #7344 ) ;
#912 = CIRCLE ( 'NONE', #2110, 1.049999999999998934 ) ;
#913 = CIRCLE ( 'NONE', #6161, 6.999999999999999112 ) ;
#914 = CARTESIAN_POINT ( 'NONE',  ( -24.99999999999999645, 12.50000000000000888, -17.50000000000000000 ) ) ;
#915 = DIRECTION ( 'NONE',  ( 0.5427066596637512008, 0.8399223068573745676, -0.000000000000000000 ) ) ;
#916 = ORIENTED_EDGE ( 'NONE', *, *, #5172, .T. ) ;
#917 = CARTESIAN_POINT ( 'NONE',  ( -29.71613701354505110, 3.440305035218814922, -19.71880792815630556 ) ) ;
#918 = ORIENTED_EDGE ( 'NONE', *, *, #3317, .F. ) ;
#919 = CARTESIAN_POINT ( 'NONE',  ( 16.57654914134644741, 94.44000000000002615, -2.755455298081540045E-15 ) ) ;
#920 = CARTESIAN_POINT ( 'NONE',  ( -13.98768373480797678, 60.21388856614259311, -2.000000000000000000 ) ) ;
#921 = CARTESIAN_POINT ( 'NONE',  ( 27.99999999999998934, -5.314665783094429971E-15, -2.000000000000000000 ) ) ;
#922 = ADVANCED_FACE ( 'NONE', ( #5832 ), #2220, .T. ) ;
#923 = ORIENTED_EDGE ( 'NONE', *, *, #1821, .T. ) ;
#924 = ORIENTED_EDGE ( 'NONE', *, *, #7780, .T. ) ;
#925 = AXIS2_PLACEMENT_3D ( 'NONE', #4339, #5242, #1662 ) ;
#926 = EDGE_CURVE ( 'NONE', #8990, #1364, #2294, .T. ) ;
#927 = DIRECTION ( 'NONE',  ( 0.000000000000000000, 0.000000000000000000, -1.000000000000000000 ) ) ;
#928 = CARTESIAN_POINT ( 'NONE',  ( -29.99999999999999645, 4.500000000000000000, -25.47284962015125487 ) ) ;
#929 = LOCAL_TIME ( 16, 49, 59.00000000000000000, #2777 ) ;
#930 = CARTESIAN_POINT ( 'NONE',  ( 13.42376207875052252, 80.80934643409020168, -15.65739561406607727 ) ) ;
#931 = CYLINDRICAL_SURFACE ( 'NONE', #7131, 2.000000000000001776 ) ;
#932 = ORIENTED_EDGE ( 'NONE', *, *, #1800, .T. ) ;
#933 = CARTESIAN_POINT ( 'NONE',  ( -27.99999999999999289, 13.82287565553229136, -25.00000000000000000 ) ) ;
#934 = CARTESIAN_POINT ( 'NONE',  ( -37.75000000000000711, 106.9403061905773740, -14.59999999999999787 ) ) ;
#935 = VERTEX_POINT ( 'NONE', #802 ) ;
#936 = DIRECTION ( 'NONE',  ( 0.000000000000000000, 1.000000000000000000, 0.000000000000000000 ) ) ;
#937 = CARTESIAN_POINT ( 'NONE',  ( -17.98768373480796257, 67.14209179641811431, -22.99999999999999289 ) ) ;
#938 = CARTESIAN_POINT ( 'NONE',  ( -28.25000000000000000, 94.08030619057737454, -2.000000000000001776 ) ) ;
#939 = DIRECTION ( 'NONE',  ( 0.000000000000000000, 0.000000000000000000, 1.000000000000000000 ) ) ;
#940 = CARTESIAN_POINT ( 'NONE',  ( 23.56093453172318775, 108.5875672093886521, -13.21178285531320107 ) ) ;
#941 = CARTESIAN_POINT ( 'NONE',  ( 0.000000000000000000, 83.52616047165487601, -2.000000000000001776 ) ) ;
#942 = ORIENTED_EDGE ( 'NONE', *, *, #3251, .T. ) ;
#943 = LINE ( 'NONE', #985, #5680 ) ;
#944 = CIRCLE ( 'NONE', #6194, 2.149999999999999023 ) ;
#945 = AXIS2_PLACEMENT_3D ( 'NONE', #5057, #5248, #871 ) ;
#946 = CARTESIAN_POINT ( 'NONE',  ( 23.67760981612660487, 3.292039969259198617, -17.50000000000000000 ) ) ;
#947 = VERTEX_POINT ( 'NONE', #6539 ) ;
#948 = CARTESIAN_POINT ( 'NONE',  ( -26.00000000000000000, 20.50000000000002132, -12.50000000000000000 ) ) ;
#950 = EDGE_CURVE ( 'NONE', #7668, #2517, #3162, .T. ) ;
#949 = EDGE_LOOP ( 'NONE', ( #3015, #7199 ) ) ;
#951 = ORIENTED_EDGE ( 'NONE', *, *, #5642, .T. ) ;
#952 = CLOSED_SHELL ( 'NONE', ( #9097, #854, #1516, #5732, #8585, #8259, #4901, #698, #1686, #5885, #954, #3679, #3465, #3934, #3321, #9109, #9286, #7211, #5222, #5712, #6014, #5946, #5457, #6283, #5060, #2905, #7489, #6186, #7244, #1817, #4032, #3792, #2993, #4973, #4405, #8094, #5777, #4346, #7892, #1697, #6638, #3027, #8873, #1408, #4477, #3296, #4364, #1314, #2636, #9192, #8650, #231, #6314, #4669, #852, #7278, #608, #2095, #5879, #7393, #1943, #4521, #2850, #6537, #5724, #2183, #5722, #3233, #3933, #7564, #3968, #5533, #4650, #3534, #6810, #2562, #8783, #1687, #40, #995, #102, #2519, #3354, #6550, #9259, #6882, #7509, #2962, #3816, #1028, #3434, #2339, #5232, #1689, #1359, #2453, #8709, #8815, #2732, #823, #5371, #2361, #3781, #5422, #2385, #4878, #3485, #3715, #4060, #5325, #4225, #4841, #2620, #5877, #1594, #3613, #7413, #3352, #6588, #6242, #1971, #7414, #4868, #373, #4865, #5285, #5219, #6863, #1651, #8843, #6289, #8878, #7688, #3365, #8754, #3783, #5962, #2474, #8482, #4038, #321, #2800, #4035, #7858, #7080, #7725, #7484, #6197, #4177, #8888, #8227, #160, #3234, #6719, #1010, #6705, #590, #1180, #21, #8209, #1590, #3384, #4395, #9095, #8597, #2584, #1701, #3287, #1046, #2250, #1065, #3351, #3383, #6812, #8413, #4150, #7138, #8455, #1115, #7384, #6901, #439, #6593, #3726, #8081, #6610, #922, #6065, #2729, #8296, #4635, #2410, #3500, #9143, #6299, #8277, #4053, #9141, #7267, #4835, #8078, #2218, #6164, #1534, #7551, #4797, #1465, #8881, #4627, #9266, #7083, #8983, #1068, #1771, #5143, #4568, #1823, #7220, #3735, #9061, #8669, #3924, #2667, #3773, #1079, #233, #1284, #701, #2742, #738, #4562, #1246, #3946, #2955, #3176, #8518, #5621, #2582, #5553, #7099, #7918, #1974, #3253, #8019, #8238, #6133, #739, #5097, #2520, #7672, #2005, #101, #3373, #1655, #4920, #3420, #3927, #3663, #2450, #5318, #2168, #4487, #7504, #797, #2348, #9274, #5623, #4581, #7230, #3523, #4984, #6104, #3186, #8588, #5589, #1242, #371, #5145, #5181, #5655, #527, #1431, #8480, #7843, #6934, #4068 ) ) ;
#953 = AXIS2_PLACEMENT_3D ( 'NONE', #312, #3963, #4590 ) ;
#954 = ADVANCED_FACE ( 'NONE', ( #3727 ), #2273, .F. ) ;
#955 = DIRECTION ( 'NONE',  ( -0.7071067811865456854, 8.659560562354956277E-17, -0.7071067811865493491 ) ) ;
#956 = FACE_OUTER_BOUND ( 'NONE', #6371, .T. ) ;
#957 = ORIENTED_EDGE ( 'NONE', *, *, #2535, .T. ) ;
#958 = CARTESIAN_POINT ( 'NONE',  ( -29.36536325431394090, 3.012417103092136728, -19.90800261449741981 ) ) ;
#959 = ORIENTED_EDGE ( 'NONE', *, *, #7968, .T. ) ;
#960 = CARTESIAN_POINT ( 'NONE',  ( 29.99999999999999289, 1.999999999999997780, -12.50000000000000000 ) ) ;
#961 = DIRECTION ( 'NONE',  ( 0.000000000000000000, -1.000000000000000000, 0.000000000000000000 ) ) ;
#963 = EDGE_CURVE ( 'NONE', #1231, #6805, #1608, .T. ) ;
#962 = ORIENTED_EDGE ( 'NONE', *, *, #8032, .F. ) ;
#964 = ORIENTED_EDGE ( 'NONE', *, *, #4615, .F. ) ;
#965 = CIRCLE ( 'NONE', #7420, 2.000000000000000000 ) ;
#966 = EDGE_CURVE ( 'NONE', #4932, #5142, #904, .T. ) ;
#967 = DIRECTION ( 'NONE',  ( 0.5427066596637503126, -0.8399223068573749007, -9.414459830876622050E-16 ) ) ;
#968 = CARTESIAN_POINT ( 'NONE',  ( 23.00000000000000000, 4.828427124746202281, -25.49999999999999645 ) ) ;
#969 = EDGE_CURVE ( 'NONE', #1954, #6001, #8407, .T. ) ;
#970 = CARTESIAN_POINT ( 'NONE',  ( -15.58688103937556235, 80.80934643409020168, -9.000000000000000000 ) ) ;
#971 = ORIENTED_EDGE ( 'NONE', *, *, #9040, .T. ) ;
#972 = CARTESIAN_POINT ( 'NONE',  ( 23.59111074327616109, 11.02418076008520309, -25.49999999999999289 ) ) ;
#973 = VECTOR ( 'NONE', #2901, 1000.000000000000000 ) ;
#974 = CARTESIAN_POINT ( 'NONE',  ( 22.24999999999998579, 113.9403061905773740, -6.699999999999990408 ) ) ;
#975 = CARTESIAN_POINT ( 'NONE',  ( -23.99999999999999645, 12.50000000000001066, -12.50000000000000000 ) ) ;
#976 = ORIENTED_EDGE ( 'NONE', *, *, #903, .T. ) ;
#977 = CARTESIAN_POINT ( 'NONE',  ( 10.74999999999978506, 80.80934643409020168, -15.65739561406607727 ) ) ;
#978 = DIRECTION ( 'NONE',  ( -1.000000000000000000, -1.541976423090495387E-16, 0.000000000000000000 ) ) ;
#979 = LINE ( 'NONE', #7461, #5644 ) ;
#980 = DIRECTION ( 'NONE',  ( 0.000000000000000000, 1.000000000000000000, 0.000000000000000000 ) ) ;
#981 = CARTESIAN_POINT ( 'NONE',  ( -22.25000000000000000, 106.9403061905773598, -14.59999999999999787 ) ) ;
#982 = CARTESIAN_POINT ( 'NONE',  ( 6.423762078750519855, 96.44000000000002615, -15.65739561406607727 ) ) ;
#983 = ORIENTED_EDGE ( 'NONE', *, *, #5428, .F. ) ;
#984 = VECTOR ( 'NONE', #3961, 1000.000000000000114 ) ;
#985 = CARTESIAN_POINT ( 'NONE',  ( 12.08688103937515379, 96.44000000000002615, -11.54289884801876198 ) ) ;
#986 = CIRCLE ( 'NONE', #8926, 4.000000000000000000 ) ;
#987 = LINE ( 'NONE', #3855, #1908 ) ;
#988 = AXIS2_PLACEMENT_3D ( 'NONE', #1163, #9002, #6981 ) ;
#989 = DIRECTION ( 'NONE',  ( 1.000000000000000000, 0.000000000000000000, 0.000000000000000000 ) ) ;
#990 = ORIENTED_EDGE ( 'NONE', *, *, #7654, .T. ) ;
#991 = DIRECTION ( 'NONE',  ( 1.000000000000000000, -1.541976423090495387E-16, 0.000000000000000000 ) ) ;
#992 = ORIENTED_EDGE ( 'NONE', *, *, #824, .F. ) ;
#993 = ORIENTED_EDGE ( 'NONE', *, *, #5827, .F. ) ;
#994 = CIRCLE ( 'NONE', #5208, 3.000000000000002220 ) ;
#995 = ADVANCED_FACE ( 'NONE', ( #8966, #5278, #4607, #288 ), #3987, .T. ) ;
#996 = EDGE_CURVE ( 'NONE', #5742, #7769, #6676, .T. ) ;
#997 = CARTESIAN_POINT ( 'NONE',  ( 28.00000000000000000, 12.49999999999999822, -12.50000000000000000 ) ) ;
#998 = CARTESIAN_POINT ( 'NONE',  ( 11.58728778948667504, 4.828427124746202281, -23.49999999999999289 ) ) ;
#999 = ORIENTED_EDGE ( 'NONE', *, *, #1280, .F. ) ;
#1000 = CARTESIAN_POINT ( 'NONE',  ( -29.02147956846806309, 2.775465182609309078, -21.48597391130117984 ) ) ;
#1001 = ORIENTED_EDGE ( 'NONE', *, *, #3251, .F. ) ;
#1002 = CYLINDRICAL_SURFACE ( 'NONE', #1245, 6.000000000000001776 ) ;
#1003 = CIRCLE ( 'NONE', #3712, 1.999999999999998224 ) ;
#1004 = EDGE_CURVE ( 'NONE', #8065, #8572, #1082, .T. ) ;
#1005 = DIRECTION ( 'NONE',  ( -1.734723475976807292E-15, 1.000000000000000000, -0.000000000000000000 ) ) ;
#1006 = VERTEX_POINT ( 'NONE', #1034 ) ;
#1007 = EDGE_LOOP ( 'NONE', ( #2334, #7633 ) ) ;
#1008 = VERTEX_POINT ( 'NONE', #2365 ) ;
#1009 = AXIS2_PLACEMENT_3D ( 'NONE', #8943, #9028, #2522 ) ;
#1010 = ADVANCED_FACE ( 'NONE', ( #5363 ), #7971, .F. ) ;
#1011 = LINE ( 'NONE', #2607, #8817 ) ;
#1012 = DIRECTION ( 'NONE',  ( 1.000000000000000000, 0.000000000000000000, 0.000000000000000000 ) ) ;
#1013 = DIRECTION ( 'NONE',  ( 0.000000000000000000, 1.000000000000000000, 0.000000000000000000 ) ) ;
#1014 = ORIENTED_EDGE ( 'NONE', *, *, #640, .F. ) ;
#1015 = CARTESIAN_POINT ( 'NONE',  ( -22.99999999999999645, 10.31771159413551153, -23.43435491072198218 ) ) ;
#1016 = EDGE_CURVE ( 'NONE', #747, #1709, #9153, .T. ) ;
#1018 = TOROIDAL_SURFACE ( 'NONE', #7010, 10.50000000000000000, 2.000000000000000000 ) ;
#1017 = CARTESIAN_POINT ( 'NONE',  ( 1.336881039375164004, 96.44000000000002615, -15.65739561406607727 ) ) ;
#1019 = DIRECTION ( 'NONE',  ( 0.8660254037844397068, 0.4999999999999979461, 0.000000000000000000 ) ) ;
#1020 = ORIENTED_EDGE ( 'NONE', *, *, #1417, .F. ) ;
#1021 = DIRECTION ( 'NONE',  ( -1.000000000000000000, -1.541976423090495387E-16, -0.000000000000000000 ) ) ;
#1022 = CYLINDRICAL_SURFACE ( 'NONE', #9275, 0.8999999999999998002 ) ;
#1023 = VECTOR ( 'NONE', #88, 1000.000000000000000 ) ;
#1024 = CARTESIAN_POINT ( 'NONE',  ( -23.99999999999999289, 13.54999999999986393, -20.49999999999977618 ) ) ;
#1025 = FACE_OUTER_BOUND ( 'NONE', #2681, .T. ) ;
#1026 = CARTESIAN_POINT ( 'NONE',  ( 22.99999999999999645, 1.689189189189192808, -18.77505933142119687 ) ) ;
#1027 = ORIENTED_EDGE ( 'NONE', *, *, #2022, .F. ) ;
#1028 = ADVANCED_FACE ( 'NONE', ( #5320 ), #3244, .T. ) ;
#1029 = EDGE_CURVE ( 'NONE', #4141, #4573, #1060, .T. ) ;
#1030 = AXIS2_PLACEMENT_3D ( 'NONE', #2849, #877, #2244 ) ;
#1031 = CARTESIAN_POINT ( 'NONE',  ( 19.93623836877595323, 92.26917336134502534, -25.00000000000000000 ) ) ;
#1032 = CARTESIAN_POINT ( 'NONE',  ( 20.25000000000000000, 104.4400000000000261, -15.65739561406608082 ) ) ;
#1033 = AXIS2_PLACEMENT_3D ( 'NONE', #799, #5032, #8093 ) ;
#1034 = CARTESIAN_POINT ( 'NONE',  ( -14.25000000000020250, 96.44000000000002615, -13.11449676604731174 ) ) ;
#1035 = VERTEX_POINT ( 'NONE', #5233 ) ;
#1036 = CARTESIAN_POINT ( 'NONE',  ( -23.31393684833121327, 13.00576307427963663, -1.663936848331197593 ) ) ;
#1037 = ORIENTED_EDGE ( 'NONE', *, *, #9175, .T. ) ;
#1038 = AXIS2_PLACEMENT_3D ( 'NONE', #5628, #6243, #3329 ) ;
#1039 = CARTESIAN_POINT ( 'NONE',  ( 29.95214785710384220, 4.060524879500295725, -19.91934692885522651 ) ) ;
#1040 = ORIENTED_EDGE ( 'NONE', *, *, #2969, .T. ) ;
#1041 = CIRCLE ( 'NONE', #6302, 2.000000000000001776 ) ;
#1042 = CARTESIAN_POINT ( 'NONE',  ( -29.60820733269314431, 2.716005880352500679, -18.90940665221108219 ) ) ;
#1043 = ORIENTED_EDGE ( 'NONE', *, *, #8992, .T. ) ;
#1044 = CARTESIAN_POINT ( 'NONE',  ( 27.42157287525381193, 94.32466048530505986, -25.00000000000000355 ) ) ;
#1045 = CARTESIAN_POINT ( 'NONE',  ( -26.25000000000000355, 102.3196380149609155, -2.000000000000000000 ) ) ;
#1046 = ADVANCED_FACE ( 'NONE', ( #3194 ), #8869, .T. ) ;
#1047 = LINE ( 'NONE', #3912, #6657 ) ;
#1048 = ORIENTED_EDGE ( 'NONE', *, *, #3486, .F. ) ;
#1049 = ORIENTED_EDGE ( 'NONE', *, *, #2871, .F. ) ;
#1050 = VERTEX_POINT ( 'NONE', #6105 ) ;
#1051 = AXIS2_PLACEMENT_3D ( 'NONE', #6490, #699, #2173 ) ;
#1052 = CIRCLE ( 'NONE', #1802, 1.050000000000000488 ) ;
#1053 = DIRECTION ( 'NONE',  ( 1.000000000000000000, 9.912705577010326782E-17, -0.000000000000000000 ) ) ;
#1054 = LINE ( 'NONE', #6082, #3551 ) ;
#1055 = LINE ( 'NONE', #3919, #1433 ) ;
#1056 = ORIENTED_EDGE ( 'NONE', *, *, #8353, .T. ) ;
#1057 = DIRECTION ( 'NONE',  ( -0.4999999999999977796, 0.8660254037844398178, 0.000000000000000000 ) ) ;
#1058 = DIRECTION ( 'NONE',  ( -0.000000000000000000, 0.000000000000000000, 1.000000000000000000 ) ) ;
#1059 = DIRECTION ( 'NONE',  ( 0.000000000000000000, 1.000000000000000000, 0.000000000000000000 ) ) ;
#1060 = CIRCLE ( 'NONE', #7511, 1.049999999999998934 ) ;
#1061 = EDGE_LOOP ( 'NONE', ( #9025, #7076, #2056 ) ) ;
#1062 = EDGE_LOOP ( 'NONE', ( #5213, #4912, #8531, #4608 ) ) ;
#1063 = EDGE_CURVE ( 'NONE', #3263, #2139, #8922, .T. ) ;
#1064 = CARTESIAN_POINT ( 'NONE',  ( -23.55000000000001137, 108.9309918853871579, -13.78779899995159219 ) ) ;
#1065 = ADVANCED_FACE ( 'NONE', ( #5973 ), #7217, .T. ) ;
#1066 = CARTESIAN_POINT ( 'NONE',  ( -23.00000000000000000, 9.053179648447564176, -25.50000000000000355 ) ) ;
#1067 = CIRCLE ( 'NONE', #3459, 10.83606315166879241 ) ;
#1068 = ADVANCED_FACE ( 'NONE', ( #2500 ), #6019, .T. ) ;
#1069 = DIRECTION ( 'NONE',  ( 0.000000000000000000, 0.000000000000000000, -1.000000000000000000 ) ) ;
#1070 = CARTESIAN_POINT ( 'NONE',  ( 25.74737230856521464, 104.7903061905773541, -14.32853844558518297 ) ) ;
#1071 = LINE ( 'NONE', #1868, #3118 ) ;
#1072 = ORIENTED_EDGE ( 'NONE', *, *, #3846, .F. ) ;
#1073 = EDGE_CURVE ( 'NONE', #1601, #3116, #2454, .T. ) ;
#1074 = DIRECTION ( 'NONE',  ( 1.000000000000000000, 0.000000000000000000, 0.000000000000000000 ) ) ;
#1075 = CARTESIAN_POINT ( 'NONE',  ( 23.54999999999998650, 113.9403061905773740, -7.599999999999997868 ) ) ;
#1076 = DIRECTION ( 'NONE',  ( 0.4999999999999977796, 0.8660254037844398178, 0.000000000000000000 ) ) ;
#1077 = VERTEX_POINT ( 'NONE', #8264 ) ;
#1078 = CARTESIAN_POINT ( 'NONE',  ( -24.99999999999999645, 12.50000000000000888, -12.50000000000000000 ) ) ;
#1079 = ADVANCED_FACE ( 'NONE', ( #1828 ), #4696, .F. ) ;
#1080 = ORIENTED_EDGE ( 'NONE', *, *, #381, .T. ) ;
#1081 = CARTESIAN_POINT ( 'NONE',  ( -11.58728778948666793, 3.414213562373081601, -24.91421356237309581 ) ) ;
#1082 = B_SPLINE_CURVE_WITH_KNOTS ( 'NONE', 3,
 ( #7385, #7557, #946, #3112 ),
 .UNSPECIFIED., .F., .F.,
 ( 4, 4 ),
 ( -0.001539126803204813243, 0.001511212567133968969 ),
 .UNSPECIFIED. ) ;
#1083 = FACE_OUTER_BOUND ( 'NONE', #1061, .T. ) ;
#1084 = APPROVAL_DATE_TIME ( #4753, #2125 ) ;
#1085 = ORIENTED_EDGE ( 'NONE', *, *, #5443, .T. ) ;
#1086 = CARTESIAN_POINT ( 'NONE',  ( -28.52700508469407126, 2.565062929293440597, -20.13399552633093492 ) ) ;
#1087 = CARTESIAN_POINT ( 'NONE',  ( 4.670159431706659703, 104.4400000000000261, -71.34475996974298084 ) ) ;
#1088 = CARTESIAN_POINT ( 'NONE',  ( -26.25000000000000355, 94.67022964293305165, -25.00000000000000000 ) ) ;
#1089 = FACE_BOUND ( 'NONE', #949, .T. ) ;
#1090 = CARTESIAN_POINT ( 'NONE',  ( 22.24999999999998579, 104.7903061905773683, -14.59999999999999787 ) ) ;
#1091 = ORIENTED_EDGE ( 'NONE', *, *, #4453, .F. ) ;
#1092 = AXIS2_PLACEMENT_3D ( 'NONE', #2877, #1415, #706 ) ;
#1093 = VERTEX_POINT ( 'NONE', #7700 ) ;
#1094 = EDGE_LOOP ( 'NONE', ( #7445, #7198, #7150, #6960 ) ) ;
#1095 = CIRCLE ( 'NONE', #9043, 2.149999999999997247 ) ;
#1096 = CARTESIAN_POINT ( 'NONE',  ( -2.163118960624837328, 96.44000000000002615, -13.11449676604731174 ) ) ;
#1097 = FACE_OUTER_BOUND ( 'NONE', #8703, .T. ) ;
#1098 = ORIENTED_EDGE ( 'NONE', *, *, #2306, .F. ) ;
#1099 = CARTESIAN_POINT ( 'NONE',  ( 17.74999999999978684, 104.4400000000000261, -15.65739561406607372 ) ) ;
#1100 = DIRECTION ( 'NONE',  ( 1.000000000000000000, -1.541976423090495387E-16, 0.000000000000000000 ) ) ;
#1101 = CARTESIAN_POINT ( 'NONE',  ( -23.99999999999999289, 18.15685424949229443, -18.15685424949224469 ) ) ;
#1102 = AXIS2_PLACEMENT_3D ( 'NONE', #9150, #2724, #5587 ) ;
#1103 = ORIENTED_EDGE ( 'NONE', *, *, #4622, .T. ) ;
#1104 = VERTEX_POINT ( 'NONE', #3333 ) ;
#1105 = DIRECTION ( 'NONE',  ( 0.000000000000000000, 1.829999629156732544E-31, -1.000000000000000000 ) ) ;
#1106 = EDGE_CURVE ( 'NONE', #9011, #2652, #5174, .T. ) ;
#1107 = CARTESIAN_POINT ( 'NONE',  ( -23.00000000000000000, 12.50000000000000888, -7.500000000000000000 ) ) ;
#1108 = EDGE_CURVE ( 'NONE', #6911, #5133, #1924, .T. ) ;
#1109 = CIRCLE ( 'NONE', #1860, 12.50000000000000000 ) ;
#1110 = EDGE_CURVE ( 'NONE', #2071, #4800, #9010, .T. ) ;
#1111 = PLANE ( 'NONE',  #1742 ) ;
#1112 = DIRECTION ( 'NONE',  ( 1.000000000000000000, -0.000000000000000000, -0.000000000000000000 ) ) ;
#1113 = DIRECTION ( 'NONE',  ( 0.5877852522924724710, 0.000000000000000000, 0.8090169943749480064 ) ) ;
#1114 = VERTEX_POINT ( 'NONE', #7653 ) ;
#1115 = ADVANCED_FACE ( 'NONE', ( #2588 ), #647, .T. ) ;
#1116 = DIRECTION ( 'NONE',  ( -0.8090169943749471182, 6.508371548838544909E-17, -0.5877852522924735812 ) ) ;
#1117 = CARTESIAN_POINT ( 'NONE',  ( 24.00000000000000355, 12.50000000000000355, -6.500000000000006217 ) ) ;
#1118 = CARTESIAN_POINT ( 'NONE',  ( -25.99999999999999645, 12.50000000000022027, -4.499999999999771738 ) ) ;
#1119 = CARTESIAN_POINT ( 'NONE',  ( 23.00000000000000000, 2.499999999999974243, -128.1790850899541852 ) ) ;
#1120 = VERTEX_POINT ( 'NONE', #5503 ) ;
#1121 = CARTESIAN_POINT ( 'NONE',  ( -23.55000000000002203, 117.9399999999999977, -23.73205080756888563 ) ) ;
#1122 = EDGE_CURVE ( 'NONE', #8887, #5956, #4703, .T. ) ;
#1123 = AXIS2_PLACEMENT_3D ( 'NONE', #9277, #8626, #1437 ) ;
#1124 = VERTEX_POINT ( 'NONE', #6203 ) ;
#1125 = CIRCLE ( 'NONE', #7578, 6.000000000000000888 ) ;
#1126 = EDGE_CURVE ( 'NONE', #5421, #629, #5917, .T. ) ;
#1127 = CARTESIAN_POINT ( 'NONE',  ( 26.25000000000000355, 0.000000000000000000, -23.00000000000000000 ) ) ;
#1128 = AXIS2_PLACEMENT_3D ( 'NONE', #6180, #9032, #5479 ) ;
#1129 = CIRCLE ( 'NONE', #7735, 1.050000000000000488 ) ;
#1130 = DIRECTION ( 'NONE',  ( 1.000000000000000000, 0.000000000000000000, 0.000000000000000000 ) ) ;
#1131 = AXIS2_PLACEMENT_3D ( 'NONE', #804, #4989, #8510 ) ;
#1132 = PERSON_AND_ORGANIZATION ( #472, #468 ) ;
#1133 = ORIENTED_EDGE ( 'NONE', *, *, #8885, .T. ) ;
#1134 = CARTESIAN_POINT ( 'NONE',  ( -5.773401785888006899, 51.10000000000000853, -22.00000000000000711 ) ) ;
#1135 = CARTESIAN_POINT ( 'NONE',  ( 11.58728778948667149, 35.00000000000000000, -25.49999999999999645 ) ) ;
#1136 = DIRECTION ( 'NONE',  ( 0.000000000000000000, -1.000000000000000000, 0.000000000000000000 ) ) ;
#1137 = CARTESIAN_POINT ( 'NONE',  ( -1.336881039375571234, 96.44000000000002615, -15.65739561406607727 ) ) ;
#1138 = DIRECTION ( 'NONE',  ( 1.000000000000000000, 0.000000000000000000, 0.000000000000000000 ) ) ;
#1139 = VERTEX_POINT ( 'NONE', #1876 ) ;
#1140 = CIRCLE ( 'NONE', #8802, 3.000000000000000000 ) ;
#1141 = VECTOR ( 'NONE', #8036, 1000.000000000000000 ) ;
#1142 = ORIENTED_EDGE ( 'NONE', *, *, #5164, .T. ) ;
#1143 = ORIENTED_EDGE ( 'NONE', *, *, #5058, .F. ) ;
#1144 = EDGE_CURVE ( 'NONE', #4932, #2575, #6801, .T. ) ;
#1145 = EDGE_CURVE ( 'NONE', #3000, #8563, #4259, .T. ) ;
#1146 = DIRECTION ( 'NONE',  ( -1.000000000000000000, -9.912705577010326782E-17, 0.000000000000000000 ) ) ;
#1147 = AXIS2_PLACEMENT_3D ( 'NONE', #592, #4211, #2897 ) ;
#1148 = DIRECTION ( 'NONE',  ( 0.000000000000000000, 1.000000000000000000, -0.000000000000000000 ) ) ;
#1149 = FACE_OUTER_BOUND ( 'NONE', #430, .T. ) ;
#1150 = CARTESIAN_POINT ( 'NONE',  ( -23.20124832207798704, 12.13647821816390326, -23.44875167792202575 ) ) ;
#1151 = ORIENTED_EDGE ( 'NONE', *, *, #5345, .F. ) ;
#1152 = CARTESIAN_POINT ( 'NONE',  ( 9.923762078750520743, 96.44000000000002615, -13.11449676604731174 ) ) ;
#1153 = AXIS2_PLACEMENT_3D ( 'NONE', #997, #5328, #2507 ) ;
#1154 = DIRECTION ( 'NONE',  ( -0.8399223068573744566, 0.5427066596637510898, 0.000000000000000000 ) ) ;
#1155 = LINE ( 'NONE', #4722, #8610 ) ;
#1156 = EDGE_LOOP ( 'NONE', ( #2289, #5155, #248, #3003 ) ) ;
#1157 = CIRCLE ( 'NONE', #696, 2.150000000000012790 ) ;
#1158 = LINE ( 'NONE', #9087, #1350 ) ;
#1159 = CARTESIAN_POINT ( 'NONE',  ( 25.99999999999999645, 20.50000000000001066, -12.50000000000000000 ) ) ;
#1160 = AXIS2_PLACEMENT_3D ( 'NONE', #5922, #1684, #5311 ) ;
#1161 = DIRECTION ( 'NONE',  ( 1.000000000000000000, 0.000000000000000000, -0.000000000000000000 ) ) ;
#1162 = AXIS2_PLACEMENT_3D ( 'NONE', #8832, #3848, #278 ) ;
#1163 = CARTESIAN_POINT ( 'NONE',  ( -11.58728778948666793, 3.999999999999986233, -25.50000000000000355 ) ) ;
#1164 = FACE_OUTER_BOUND ( 'NONE', #3833, .T. ) ;
#1165 = VERTEX_POINT ( 'NONE', #467 ) ;
#1166 = EDGE_CURVE ( 'NONE', #4793, #4312, #8356, .T. ) ;
#1167 = DIRECTION ( 'NONE',  ( 0.000000000000000000, 1.000000000000000000, 0.000000000000000000 ) ) ;
#1168 = VECTOR ( 'NONE', #7383, 1000.000000000000000 ) ;
#1169 = CARTESIAN_POINT ( 'NONE',  ( -26.99999999999999645, 1.043560762610397319, -17.50000000000000000 ) ) ;
#1170 = CARTESIAN_POINT ( 'NONE',  ( -29.99999999999999645, 10.11477641198446165, -25.50000000000000355 ) ) ;
#1171 = CARTESIAN_POINT ( 'NONE',  ( -37.75000000000000711, 113.9403061905773740, -7.599999999999997868 ) ) ;
#1172 = DIRECTION ( 'NONE',  ( 1.000000000000000000, 1.360567432138672574E-16, -0.000000000000000000 ) ) ;
#1173 = ORIENTED_EDGE ( 'NONE', *, *, #3198, .F. ) ;
#1174 = CARTESIAN_POINT ( 'NONE',  ( -17.00000000000000000, 44.61832049899870611, -2.999999999999999112 ) ) ;
#1175 = VECTOR ( 'NONE', #1591, 1000.000000000000000 ) ;
#1176 = ORIENTED_EDGE ( 'NONE', *, *, #8752, .T. ) ;
#1177 = DIRECTION ( 'NONE',  ( 1.000000000000000000, 0.000000000000000000, 0.000000000000000000 ) ) ;
#1178 = EDGE_CURVE ( 'NONE', #154, #437, #9056, .T. ) ;
#1179 = AXIS2_PLACEMENT_3D ( 'NONE', #1159, #6234, #1958 ) ;
#1180 = ADVANCED_FACE ( 'NONE', ( #6296 ), #9102, .T. ) ;
#1181 = CARTESIAN_POINT ( 'NONE',  ( 29.16381513161574190, 2.851008457111521288, -19.98455304201132776 ) ) ;
#1182 = ORIENTED_EDGE ( 'NONE', *, *, #8169, .T. ) ;
#1183 = LINE ( 'NONE', #8368, #8488 ) ;
#1184 = CARTESIAN_POINT ( 'NONE',  ( 24.00000000000000355, 12.50000000000001776, -6.500000000000000000 ) ) ;
#1185 = DIRECTION ( 'NONE',  ( -0.000000000000000000, 0.000000000000000000, 1.000000000000000000 ) ) ;
#1186 = CARTESIAN_POINT ( 'NONE',  ( -25.99999999999999645, 12.49999999999988276, -20.49999999999977618 ) ) ;
#1187 = EDGE_LOOP ( 'NONE', ( #8891, #5249, #3307, #6441, #8040, #4618 ) ) ;
#1188 = AXIS2_PLACEMENT_3D ( 'NONE', #4167, #4074, #2764 ) ;
#1189 = ORIENTED_EDGE ( 'NONE', *, *, #5544, .T. ) ;
#1190 = VERTEX_POINT ( 'NONE', #8403 ) ;
#1191 = B_SPLINE_CURVE_WITH_KNOTS ( 'NONE', 3,
 ( #7745, #1310, #602, #6529 ),
 .UNSPECIFIED., .F., .F.,
 ( 4, 4 ),
 ( 0.0004720416853165573302, 0.003050339370338837723 ),
 .UNSPECIFIED. ) ;
#1192 = AXIS2_PLACEMENT_3D ( 'NONE', #7169, #2941, #7779 ) ;
#1193 = CARTESIAN_POINT ( 'NONE',  ( 28.00000000000000000, 0.6572807176729866807, -16.50000000000000000 ) ) ;
#1194 = CARTESIAN_POINT ( 'NONE',  ( -23.99999999999999289, 18.15685424949229443, -18.15685424949224469 ) ) ;
#1195 = DIRECTION ( 'NONE',  ( 1.000000000000000000, -1.541976423090495387E-16, 0.000000000000000000 ) ) ;
#1196 = DIRECTION ( 'NONE',  ( 0.000000000000000000, -1.040834085586084059E-15, 1.000000000000000000 ) ) ;
#1197 = VERTEX_POINT ( 'NONE', #1263 ) ;
#1198 = DIRECTION ( 'NONE',  ( 1.898094922533725623E-16, 1.000000000000000000, 0.000000000000000000 ) ) ;
#1199 = DIRECTION ( 'NONE',  ( -1.000000000000000000, -9.912705577010328015E-17, -0.000000000000000000 ) ) ;
#1200 = DIRECTION ( 'NONE',  ( 0.000000000000000000, 1.000000000000000000, 0.000000000000000000 ) ) ;
#1201 = EDGE_CURVE ( 'NONE', #3128, #7870, #4931, .T. ) ;
#1202 = VERTEX_POINT ( 'NONE', #4124 ) ;
#1203 = CARTESIAN_POINT ( 'NONE',  ( -26.99999999999998934, 55.01062534441197727, -22.99999999999999289 ) ) ;
#1204 = CARTESIAN_POINT ( 'NONE',  ( -16.57654914134644741, 96.44000000000002615, -23.00000000000000000 ) ) ;
#1205 = AXIS2_PLACEMENT_3D ( 'NONE', #8521, #5521, #7013 ) ;
#1206 = CYLINDRICAL_SURFACE ( 'NONE', #6990, 2.000000000000001776 ) ;
#1207 = AXIS2_PLACEMENT_3D ( 'NONE', #5892, #2935, #7867 ) ;
#1208 = DIRECTION ( 'NONE',  ( -1.000000000000000000, 1.541976423090495387E-16, -0.000000000000000000 ) ) ;
#1209 = FACE_OUTER_BOUND ( 'NONE', #4456, .T. ) ;
#1210 = ORIENTED_EDGE ( 'NONE', *, *, #1410, .T. ) ;
#1211 = VECTOR ( 'NONE', #4858, 1000.000000000000227 ) ;
#1212 = CARTESIAN_POINT ( 'NONE',  ( 58.00000000000002132, 12.49999999999987921, -20.49999999999977618 ) ) ;
#1213 = CARTESIAN_POINT ( 'NONE',  ( -28.25000000000000000, 94.08030619057737454, -128.1790850899541852 ) ) ;
#1214 = CARTESIAN_POINT ( 'NONE',  ( 25.00000000000000355, 4.836939253796780136, -17.50000000000000000 ) ) ;
#1215 = CARTESIAN_POINT ( 'NONE',  ( 15.58688103937514846, 80.80934643409020168, -9.000000000000000000 ) ) ;
#1216 = DIRECTION ( 'NONE',  ( 1.000000000000000000, 0.000000000000000000, 0.000000000000000000 ) ) ;
#1217 = EDGE_CURVE ( 'NONE', #2858, #760, #8018, .T. ) ;
#1218 = ORIENTED_EDGE ( 'NONE', *, *, #163, .F. ) ;
#1219 = CARTESIAN_POINT ( 'NONE',  ( 2.163118960624425657, 104.4400000000000261, -13.11449676604731351 ) ) ;
#1220 = EDGE_LOOP ( 'NONE', ( #8775, #812 ) ) ;
#1221 = DIRECTION ( 'NONE',  ( -0.000000000000000000, 0.000000000000000000, 1.000000000000000000 ) ) ;
#1222 = B_SPLINE_CURVE_WITH_KNOTS ( 'NONE', 3,
 ( #2968, #6443, #4476, #8698, #5926, #5830, #5231, #4376, #2267, #9295 ),
 .UNSPECIFIED., .F., .F.,
 ( 4, 2, 2, 2, 4 ),
 ( 0.000000000000000000, 0.0004659843886787400340, 0.0009319687773574800681, 0.001397953166036220102, 0.001863937554714960136 ),
 .UNSPECIFIED. ) ;
#1223 = EDGE_CURVE ( 'NONE', #2672, #8938, #8448, .T. ) ;
#1224 = CARTESIAN_POINT ( 'NONE',  ( 29.34181962462014326, 3.011072085858832903, -21.22012672357874763 ) ) ;
#1225 = DATE_AND_TIME ( #4844, #929 ) ;
#1226 = VERTEX_POINT ( 'NONE', #1311 ) ;
#1227 = LINE ( 'NONE', #9113, #7140 ) ;
#1228 = ORIENTED_EDGE ( 'NONE', *, *, #7447, .F. ) ;
#1229 = CARTESIAN_POINT ( 'NONE',  ( 29.57029951316431493, 51.21726115183010108, -2.000000000000000000 ) ) ;
#1230 = DIRECTION ( 'NONE',  ( 3.304235192336775512E-16, 1.000000000000000000, 0.000000000000000000 ) ) ;
#1231 = VERTEX_POINT ( 'NONE', #4174 ) ;
#1232 = EDGE_CURVE ( 'NONE', #187, #1511, #944, .T. ) ;
#1233 = ORIENTED_EDGE ( 'NONE', *, *, #6975, .T. ) ;
#1234 = ORIENTED_EDGE ( 'NONE', *, *, #6963, .F. ) ;
#1235 = DIRECTION ( 'NONE',  ( -0.000000000000000000, 0.000000000000000000, 1.000000000000000000 ) ) ;
#1236 = CARTESIAN_POINT ( 'NONE',  ( -27.99999999999999289, 1.999999999999998224, -12.50000000000000000 ) ) ;
#1237 = CARTESIAN_POINT ( 'NONE',  ( -25.28728749488985983, 1.133551116643078505, -7.500000000000000888 ) ) ;
#1238 = CYLINDRICAL_SURFACE ( 'NONE', #8179, 1.049999999999998934 ) ;
#1239 = EDGE_LOOP ( 'NONE', ( #6265, #5530, #6297, #6591 ) ) ;
#1240 = CARTESIAN_POINT ( 'NONE',  ( -25.99999999999999645, 13.54999999999986393, -20.49999999999977618 ) ) ;
#1241 = VECTOR ( 'NONE', #6559, 1000.000000000000000 ) ;
#1242 = ADVANCED_FACE ( 'NONE', ( #2822 ), #4979, .T. ) ;
#1243 = DIRECTION ( 'NONE',  ( -1.360567432138672574E-16, 1.000000000000000000, 0.000000000000000000 ) ) ;
#1244 = CARTESIAN_POINT ( 'NONE',  ( -23.56093453172319130, 108.5875672093885385, -15.98821714468685506 ) ) ;
#1245 = AXIS2_PLACEMENT_3D ( 'NONE', #8233, #4667, #8274 ) ;
#1246 = ADVANCED_FACE ( 'NONE', ( #6386 ), #5822, .F. ) ;
#1247 = ORIENTED_EDGE ( 'NONE', *, *, #7263, .T. ) ;
#1248 = ORIENTED_EDGE ( 'NONE', *, *, #1832, .T. ) ;
#1249 = B_SPLINE_CURVE_WITH_KNOTS ( 'NONE', 3,
 ( #6142, #1862, #4724, #1434, #6373, #7069, #2145, #1382, #25, #9271 ),
 .UNSPECIFIED., .F., .F.,
 ( 4, 2, 2, 2, 4 ),
 ( 0.000000000000000000, 0.0004659843886822798999, 0.0009319687773645597998, 0.001397953166046839646, 0.001863937554729119600 ),
 .UNSPECIFIED. ) ;
#1250 = DIRECTION ( 'NONE',  ( 1.000000000000000000, 0.000000000000000000, 0.000000000000000000 ) ) ;
#1251 = CIRCLE ( 'NONE', #3202, 2.149999999999999023 ) ;
#1252 = DIRECTION ( 'NONE',  ( -0.000000000000000000, 0.000000000000000000, 1.000000000000000000 ) ) ;
#1253 = EDGE_CURVE ( 'NONE', #3563, #535, #745, .T. ) ;
#1254 = CIRCLE ( 'NONE', #6511, 1.000000000000000000 ) ;
#1255 = CARTESIAN_POINT ( 'NONE',  ( 14.98768373480797678, 61.94593937371147518, 0.000000000000000000 ) ) ;
#1256 = LINE ( 'NONE', #3371, #6840 ) ;
#1257 = LINE ( 'NONE', #734, #3822 ) ;
#1258 = ORIENTED_EDGE ( 'NONE', *, *, #7801, .T. ) ;
#1259 = DIRECTION ( 'NONE',  ( 0.000000000000000000, -1.000000000000000000, 0.000000000000000000 ) ) ;
#1260 = CARTESIAN_POINT ( 'NONE',  ( 29.67960346863939591, 3.414213562373116684, -24.91421356237309581 ) ) ;
#1261 = DIRECTION ( 'NONE',  ( -1.000000000000000000, -1.892425610156517122E-16, -0.000000000000000000 ) ) ;
#1262 = LINE ( 'NONE', #418, #4444 ) ;
#1263 = CARTESIAN_POINT ( 'NONE',  ( 11.98768373480796434, 67.14209179641811431, -22.99999999999999289 ) ) ;
#1264 = ORIENTED_EDGE ( 'NONE', *, *, #6244, .T. ) ;
#1265 = FACE_OUTER_BOUND ( 'NONE', #5180, .T. ) ;
#1266 = AXIS2_PLACEMENT_3D ( 'NONE', #9234, #9138, #2856 ) ;
#1267 = EDGE_LOOP ( 'NONE', ( #1182, #3428, #73, #4498 ) ) ;
#1268 = DIRECTION ( 'NONE',  ( -0.8660254037844397068, -0.4999999999999979461, 0.000000000000000000 ) ) ;
#1269 = CARTESIAN_POINT ( 'NONE',  ( 5.773401785888007787, 51.10000000000000853, -128.1790850899541852 ) ) ;
#1270 = ORIENTED_EDGE ( 'NONE', *, *, #4909, .T. ) ;
#1271 = CARTESIAN_POINT ( 'NONE',  ( -25.99999999999999645, 17.10685424949252820, -6.843145750507550140 ) ) ;
#1272 = CARTESIAN_POINT ( 'NONE',  ( -24.63509222136525523, 15.91769679268174897, 0.000000000000000000 ) ) ;
#1273 = VECTOR ( 'NONE', #268, 1000.000000000000000 ) ;
#1274 = CARTESIAN_POINT ( 'NONE',  ( -27.99999999999999289, 12.49999999999999822, -12.50000000000000000 ) ) ;
#1275 = ORIENTED_EDGE ( 'NONE', *, *, #251, .F. ) ;
#1276 = ORIENTED_EDGE ( 'NONE', *, *, #5426, .T. ) ;
#1277 = EDGE_LOOP ( 'NONE', ( #673, #5379, #7050 ) ) ;
#1278 = ORIENTED_EDGE ( 'NONE', *, *, #6012, .T. ) ;
#1279 = EDGE_CURVE ( 'NONE', #4806, #6523, #9035, .T. ) ;
#1280 = EDGE_CURVE ( 'NONE', #6001, #7252, #2147, .T. ) ;
#1281 = CIRCLE ( 'NONE', #4127, 2.000000000000001776 ) ;
#1282 = VECTOR ( 'NONE', #3755, 1000.000000000000000 ) ;
#1283 = CARTESIAN_POINT ( 'NONE',  ( 27.97536617175445883, 0.7459319885308600684, -16.75536091869389566 ) ) ;
#1284 = ADVANCED_FACE ( 'NONE', ( #1402 ), #1450, .F. ) ;
#1285 = CARTESIAN_POINT ( 'NONE',  ( 27.99999999999999289, 13.82287565553228958, -27.00000000000000355 ) ) ;
#1286 = AXIS2_PLACEMENT_3D ( 'NONE', #4055, #5871, #3849 ) ;
#1287 = FACE_OUTER_BOUND ( 'NONE', #2912, .T. ) ;
#1288 = ORIENTED_EDGE ( 'NONE', *, *, #495, .F. ) ;
#1289 = PLANE ( 'NONE',  #2603 ) ;
#1290 = VECTOR ( 'NONE', #1112, 1000.000000000000000 ) ;
#1291 = EDGE_CURVE ( 'NONE', #2380, #9255, #5177, .T. ) ;
#1292 = CARTESIAN_POINT ( 'NONE',  ( -27.99478144879476460, 18.08852343133674623, -23.00000000000000000 ) ) ;
#1293 = DIRECTION ( 'NONE',  ( 0.000000000000000000, 1.000000000000000000, 0.000000000000000000 ) ) ;
#1294 = ORIENTED_EDGE ( 'NONE', *, *, #966, .F. ) ;
#1295 = ORIENTED_EDGE ( 'NONE', *, *, #7602, .T. ) ;
#1296 = CARTESIAN_POINT ( 'NONE',  ( 28.55000000000000071, 108.9309918853872290, -2.636397599255198695E-17 ) ) ;
#1297 = CARTESIAN_POINT ( 'NONE',  ( 25.74737230856521819, 104.7903061905773683, -14.60000000000000142 ) ) ;
#1298 = EDGE_CURVE ( 'NONE', #225, #8719, #7086, .T. ) ;
#1299 = DIRECTION ( 'NONE',  ( 0.000000000000000000, 0.000000000000000000, 1.000000000000000000 ) ) ;
#1300 = EDGE_CURVE ( 'NONE', #7338, #1471, #8289, .T. ) ;
#1301 = LINE ( 'NONE', #9181, #1290 ) ;
#1302 = DIRECTION ( 'NONE',  ( 0.000000000000000000, -1.000000000000000000, 0.000000000000000000 ) ) ;
#1303 = VERTEX_POINT ( 'NONE', #5872 ) ;
#1304 = TOROIDAL_SURFACE ( 'NONE', #1605, 8.000000000000000000, 2.000000000000000000 ) ;
#1305 = ORIENTED_EDGE ( 'NONE', *, *, #9196, .F. ) ;
#1306 = DIRECTION ( 'NONE',  ( -1.000000000000000000, -0.000000000000000000, -0.000000000000000000 ) ) ;
#1307 = LINE ( 'NONE', #2630, #3279 ) ;
#1308 = CIRCLE ( 'NONE', #7603, 6.000000000000001776 ) ;
#1309 = FACE_OUTER_BOUND ( 'NONE', #8244, .T. ) ;
#1310 = CARTESIAN_POINT ( 'NONE',  ( 23.88430092267402571, 3.529349163940761258, -7.500000000000007105 ) ) ;
#1311 = CARTESIAN_POINT ( 'NONE',  ( -30.00000000000000000, 22.65000000000001990, -12.50000000000000000 ) ) ;
#1312 = ORIENTED_EDGE ( 'NONE', *, *, #3768, .F. ) ;
#1313 = DIRECTION ( 'NONE',  ( -1.000000000000000000, 0.000000000000000000, 0.000000000000000000 ) ) ;
#1314 = ADVANCED_FACE ( 'NONE', ( #2963 ), #4318, .T. ) ;
#1315 = AXIS2_PLACEMENT_3D ( 'NONE', #5029, #5469, #693 ) ;
#1316 = EDGE_CURVE ( 'NONE', #8396, #7477, #3339, .T. ) ;
#1317 = ORIENTED_EDGE ( 'NONE', *, *, #3606, .T. ) ;
#1318 = CARTESIAN_POINT ( 'NONE',  ( -10.07906768228851213, 77.01368055568988780, 0.000000000000000000 ) ) ;
#1319 = AXIS2_PLACEMENT_3D ( 'NONE', #7182, #5126, #4466 ) ;
#1320 = CARTESIAN_POINT ( 'NONE',  ( 29.63734316203333208, 3.320903290230527993, -19.77006539985382361 ) ) ;
#1321 = COORDINATED_UNIVERSAL_TIME_OFFSET ( 8, 0, .AHEAD. ) ;
#1322 = ORIENTED_EDGE ( 'NONE', *, *, #4400, .T. ) ;
#1323 = CARTESIAN_POINT ( 'NONE',  ( -29.99999999999999645, 12.49999999999999822, -12.50000000000000000 ) ) ;
#1324 = DIRECTION ( 'NONE',  ( -0.000000000000000000, -0.000000000000000000, -1.000000000000000000 ) ) ;
#1325 = FACE_OUTER_BOUND ( 'NONE', #3733, .T. ) ;
#1326 = ORIENTED_EDGE ( 'NONE', *, *, #6344, .F. ) ;
#1327 = EDGE_LOOP ( 'NONE', ( #2226, #4538, #5635, #8609 ) ) ;
#1328 = ORIENTED_EDGE ( 'NONE', *, *, #1923, .F. ) ;
#1329 = AXIS2_PLACEMENT_3D ( 'NONE', #4207, #7070, #7593 ) ;
#1330 = CARTESIAN_POINT ( 'NONE',  ( 39.28405416861565413, 104.4400000000000261, -40.08443487398440652 ) ) ;
#1331 = DIRECTION ( 'NONE',  ( -0.000000000000000000, 1.000000000000000000, -0.000000000000000000 ) ) ;
#1332 = EDGE_CURVE ( 'NONE', #484, #8417, #197, .T. ) ;
#1333 = CARTESIAN_POINT ( 'NONE',  ( -8.600545337913098720, 104.4400000000000261, -26.57319390609855958 ) ) ;
#1334 = DIRECTION ( 'NONE',  ( -1.000000000000000000, -1.892425610156517122E-16, -0.000000000000000000 ) ) ;
#1335 = EDGE_LOOP ( 'NONE', ( #4528, #8124 ) ) ;
#1336 = FACE_OUTER_BOUND ( 'NONE', #7865, .T. ) ;
#1337 = VECTOR ( 'NONE', #3432, 999.9999999999998863 ) ;
#1338 = PLANE ( 'NONE',  #3017 ) ;
#1339 = DIRECTION ( 'NONE',  ( 1.000000000000000000, -1.541976423090495387E-16, -0.000000000000000000 ) ) ;
#1340 = ORIENTED_EDGE ( 'NONE', *, *, #7972, .T. ) ;
#1341 = ORIENTED_EDGE ( 'NONE', *, *, #6910, .F. ) ;
#1342 = CARTESIAN_POINT ( 'NONE',  ( -27.00000000000000000, 12.50000000000000888, -8.500000000000000000 ) ) ;
#1343 = CIRCLE ( 'NONE', #2694, 1.049999999999998934 ) ;
#1344 = CARTESIAN_POINT ( 'NONE',  ( 23.54999999999999361, 108.9309918853872148, -15.41220100004830229 ) ) ;
#1345 = CARTESIAN_POINT ( 'NONE',  ( -23.55000000000001847, 113.9403061905773455, -21.59999999999999787 ) ) ;
#1346 = EDGE_LOOP ( 'NONE', ( #7854, #6463 ) ) ;
#1347 = CARTESIAN_POINT ( 'NONE',  ( -25.99999999999999645, 10.35000000000021991, -4.499999999999771738 ) ) ;
#1348 = FACE_OUTER_BOUND ( 'NONE', #549, .T. ) ;
#1349 = EDGE_CURVE ( 'NONE', #3746, #5051, #6650, .T. ) ;
#1350 = VECTOR ( 'NONE', #3323, 1000.000000000000000 ) ;
#1351 = ORIENTED_EDGE ( 'NONE', *, *, #3214, .F. ) ;
#1352 = ORIENTED_EDGE ( 'NONE', *, *, #3107, .F. ) ;
#1353 = EDGE_CURVE ( 'NONE', #4776, #1390, #7842, .T. ) ;
#1354 = CARTESIAN_POINT ( 'NONE',  ( -23.19828405009533867, 15.38848987662599477, -23.09289345634052282 ) ) ;
#1355 = DIRECTION ( 'NONE',  ( 0.000000000000000000, -1.000000000000000000, 0.000000000000000000 ) ) ;
#1356 = CARTESIAN_POINT ( 'NONE',  ( 29.99999999999999289, 4.500000000000000888, -19.30073525436772286 ) ) ;
#1357 = CARTESIAN_POINT ( 'NONE',  ( -25.99999999999999645, 14.64999999999987956, -20.49999999999977618 ) ) ;
#1358 = ORIENTED_EDGE ( 'NONE', *, *, #5848, .T. ) ;
#1359 = ADVANCED_FACE ( 'NONE', ( #5130, #2866 ), #4418, .F. ) ;
#1360 = TOROIDAL_SURFACE ( 'NONE', #3623, 4.000000000000000000, 2.000000000000000000 ) ;
#1361 = ORIENTED_EDGE ( 'NONE', *, *, #4900, .T. ) ;
#1362 = CARTESIAN_POINT ( 'NONE',  ( 28.55000000000000071, 108.9309918853872290, -2.000000000000000000 ) ) ;
#1363 = CARTESIAN_POINT ( 'NONE',  ( 28.52700508469365204, 2.565062929295020666, -20.13399552633279654 ) ) ;
#1364 = VERTEX_POINT ( 'NONE', #5028 ) ;
#1365 = LINE ( 'NONE', #4328, #9074 ) ;
#1366 = CARTESIAN_POINT ( 'NONE',  ( 10.27340178588798913, 58.89422863405996367, 0.000000000000000000 ) ) ;
#1367 = DIRECTION ( 'NONE',  ( 9.912705577010328015E-17, -1.000000000000000000, 0.000000000000000000 ) ) ;
#1368 = VERTEX_POINT ( 'NONE', #5773 ) ;
#1369 = ORIENTED_EDGE ( 'NONE', *, *, #1280, .T. ) ;
#1370 = ORIENTED_EDGE ( 'NONE', *, *, #8092, .F. ) ;
#1371 = ORIENTED_EDGE ( 'NONE', *, *, #3203, .T. ) ;
#1372 = DIRECTION ( 'NONE',  ( -1.734723475976807292E-15, 1.000000000000000000, -0.000000000000000000 ) ) ;
#1373 = CARTESIAN_POINT ( 'NONE',  ( -24.99999999999999645, 12.50000000000000888, -17.50000000000000000 ) ) ;
#1374 = FACE_OUTER_BOUND ( 'NONE', #6787, .T. ) ;
#1375 = DIRECTION ( 'NONE',  ( -0.000000000000000000, 0.000000000000000000, 1.000000000000000000 ) ) ;
#1376 = ORIENTED_EDGE ( 'NONE', *, *, #7774, .T. ) ;
#1377 = CARTESIAN_POINT ( 'NONE',  ( 58.00000000000002132, 20.50000000000001776, -12.50000000000000000 ) ) ;
#1378 = CARTESIAN_POINT ( 'NONE',  ( -28.67112269237885158, 2.608496848390243095, -21.66963525091772169 ) ) ;
#1379 = CYLINDRICAL_SURFACE ( 'NONE', #1406, 2.000000000000001776 ) ;
#1380 = VERTEX_POINT ( 'NONE', #2214 ) ;
#1381 = ORIENTED_EDGE ( 'NONE', *, *, #907, .F. ) ;
#1382 = CARTESIAN_POINT ( 'NONE',  ( 24.79465332590348936, 4.602206381906527533, -7.485217647402259367 ) ) ;
#1383 = PLANE ( 'NONE',  #5086 ) ;
#1384 = AXIS2_PLACEMENT_3D ( 'NONE', #692, #5683, #3719 ) ;
#1385 = CIRCLE ( 'NONE', #1845, 2.149999999999999023 ) ;
#1386 = LINE ( 'NONE', #4257, #5360 ) ;
#1387 = ORIENTED_EDGE ( 'NONE', *, *, #148, .T. ) ;
#1388 = CARTESIAN_POINT ( 'NONE',  ( -0.8027535677998243191, 104.4400000000000261, -59.44210861082027009 ) ) ;
#1389 = CARTESIAN_POINT ( 'NONE',  ( -25.99999999999999645, 12.50000000000022027, -4.499999999999771738 ) ) ;
#1390 = VERTEX_POINT ( 'NONE', #7938 ) ;
#1391 = ORIENTED_EDGE ( 'NONE', *, *, #1073, .T. ) ;
#1392 = VECTOR ( 'NONE', #1324, 1000.000000000000000 ) ;
#1393 = AXIS2_PLACEMENT_3D ( 'NONE', #4624, #3871, #4759 ) ;
#1394 = EDGE_CURVE ( 'NONE', #1404, #9019, #1497, .T. ) ;
#1395 = CARTESIAN_POINT ( 'NONE',  ( -25.74737230856512937, 104.7903061905773399, -14.46425833139823069 ) ) ;
#1396 = AXIS2_PLACEMENT_3D ( 'NONE', #3828, #3869, #8852 ) ;
#1397 = DIRECTION ( 'NONE',  ( 1.734723475976807292E-15, -1.000000000000000000, 0.000000000000000000 ) ) ;
#1398 = EDGE_CURVE ( 'NONE', #6969, #6771, #4598, .T. ) ;
#1399 = LINE ( 'NONE', #4316, #4475 ) ;
#1400 = CYLINDRICAL_SURFACE ( 'NONE', #4404, 2.000000000000000000 ) ;
#1401 = EDGE_CURVE ( 'NONE', #710, #2088, #3229, .T. ) ;
#1402 = FACE_OUTER_BOUND ( 'NONE', #3670, .T. ) ;
#1403 = CYLINDRICAL_SURFACE ( 'NONE', #1315, 6.000000000000001776 ) ;
#1404 = VERTEX_POINT ( 'NONE', #1728 ) ;
#1405 = VECTOR ( 'NONE', #6900, 1000.000000000000000 ) ;
#1406 = AXIS2_PLACEMENT_3D ( 'NONE', #4251, #7114, #7258 ) ;
#1407 = CARTESIAN_POINT ( 'NONE',  ( 25.99999999999999645, 10.35000000000021281, -4.499999999999771738 ) ) ;
#1408 = ADVANCED_FACE ( 'NONE', ( #8834 ), #5921, .F. ) ;
#1409 = CIRCLE ( 'NONE', #2622, 2.000000000000000000 ) ;
#1410 = EDGE_CURVE ( 'NONE', #3396, #6689, #7443, .T. ) ;
#1411 = FACE_OUTER_BOUND ( 'NONE', #2107, .T. ) ;
#1412 = ORIENTED_EDGE ( 'NONE', *, *, #6766, .T. ) ;
#1413 = CARTESIAN_POINT ( 'NONE',  ( -23.00000000000000000, 3.414213562373081601, -24.91421356237309226 ) ) ;
#1414 = CARTESIAN_POINT ( 'NONE',  ( -22.99999999999999645, 2.499999999999997335, -24.00000000000001421 ) ) ;
#1415 = DIRECTION ( 'NONE',  ( -1.000000000000000000, -9.912705577010326782E-17, 0.000000000000000000 ) ) ;
#1417 = EDGE_CURVE ( 'NONE', #7477, #9235, #7576, .T. ) ;
#1416 = ORIENTED_EDGE ( 'NONE', *, *, #6855, .F. ) ;
#1418 = VERTEX_POINT ( 'NONE', #6716 ) ;
#1419 = VERTEX_POINT ( 'NONE', #280 ) ;
#1420 = EDGE_LOOP ( 'NONE', ( #1463, #5061, #7826, #5030 ) ) ;
#1421 = DIRECTION ( 'NONE',  ( -0.9510565162951533091, 0.000000000000000000, -0.3090169943749485060 ) ) ;
#1422 = FACE_OUTER_BOUND ( 'NONE', #2032, .T. ) ;
#1423 = DIRECTION ( 'NONE',  ( -1.000000000000000000, -1.541976423090495387E-16, 0.000000000000000000 ) ) ;
#1424 = CARTESIAN_POINT ( 'NONE',  ( 28.55000000000000071, 108.9309918853872290, 0.000000000000000000 ) ) ;
#1425 = ORIENTED_EDGE ( 'NONE', *, *, #4583, .T. ) ;
#1426 = CARTESIAN_POINT ( 'NONE',  ( 9.524690479923696884, 65.10000000000000853, -128.1790850899541852 ) ) ;
#1427 = LINE ( 'NONE', #8717, #8559 ) ;
#1428 = DIRECTION ( 'NONE',  ( -0.000000000000000000, 1.000000000000000000, -0.000000000000000000 ) ) ;
#1429 = EDGE_CURVE ( 'NONE', #489, #6523, #7377, .T. ) ;
#1431 = ADVANCED_FACE ( 'NONE', ( #3103 ), #8914, .T. ) ;
#1430 = EDGE_LOOP ( 'NONE', ( #3798, #4672, #6266, #3955 ) ) ;
#1432 = ORIENTED_EDGE ( 'NONE', *, *, #2958, .F. ) ;
#1433 = VECTOR ( 'NONE', #4543, 1000.000000000000000 ) ;
#1434 = CARTESIAN_POINT ( 'NONE',  ( 24.15323872293545193, 4.115660716807926001, -7.054406223364332540 ) ) ;
#1435 = FACE_OUTER_BOUND ( 'NONE', #3464, .T. ) ;
#1436 = DIRECTION ( 'NONE',  ( 0.000000000000000000, 1.000000000000000000, 0.000000000000000000 ) ) ;
#1437 = DIRECTION ( 'NONE',  ( -0.3090169943749482839, 0.000000000000000000, -0.9510565162951533091 ) ) ;
#1438 = ORIENTED_EDGE ( 'NONE', *, *, #1831, .F. ) ;
#1439 = CIRCLE ( 'NONE', #6543, 1.050000000000000488 ) ;
#1440 = DIRECTION ( 'NONE',  ( 9.912705577010326782E-17, -1.000000000000000000, 0.000000000000000000 ) ) ;
#1441 = DIRECTION ( 'NONE',  ( -1.000000000000000000, 0.000000000000000000, 0.000000000000000000 ) ) ;
#1442 = VERTEX_POINT ( 'NONE', #5399 ) ;
#1443 = ORIENTED_EDGE ( 'NONE', *, *, #3200, .T. ) ;
#1444 = CIRCLE ( 'NONE', #1162, 6.000000000000001776 ) ;
#1445 = CARTESIAN_POINT ( 'NONE',  ( -23.99398807921645371, 106.8539366882652786, -12.43730485147984410 ) ) ;
#1446 = CARTESIAN_POINT ( 'NONE',  ( -0.000000000000000000, 60.10000000000000853, -22.00000000000000355 ) ) ;
#1447 = CARTESIAN_POINT ( 'NONE',  ( 29.99373613174799758, 4.185486534539912817, -19.21620710354323691 ) ) ;
#1448 = LINE ( 'NONE', #4317, #3499 ) ;
#1449 = CIRCLE ( 'NONE', #6710, 2.150000000000012346 ) ;
#1450 = PLANE ( 'NONE',  #4996 ) ;
#1451 = CARTESIAN_POINT ( 'NONE',  ( 23.00000000000000000, 35.00000000000000000, -25.49999999999999645 ) ) ;
#1452 = EDGE_LOOP ( 'NONE', ( #4282, #1730 ) ) ;
#1453 = ORIENTED_EDGE ( 'NONE', *, *, #4953, .F. ) ;
#1454 = CIRCLE ( 'NONE', #1616, 2.000000000000000000 ) ;
#1455 = CARTESIAN_POINT ( 'NONE',  ( -24.00000000000000000, 49.81447292170534524, -25.00000000000000000 ) ) ;
#1456 = LINE ( 'NONE', #3626, #4353 ) ;
#1457 = VECTOR ( 'NONE', #4732, 1000.000000000000000 ) ;
#1458 = VERTEX_POINT ( 'NONE', #5310 ) ;
#1459 = FACE_OUTER_BOUND ( 'NONE', #3695, .T. ) ;
#1460 = FACE_BOUND ( 'NONE', #1452, .T. ) ;
#1461 = EDGE_LOOP ( 'NONE', ( #3903, #311, #663, #8090 ) ) ;
#1462 = ORIENTED_EDGE ( 'NONE', *, *, #362, .F. ) ;
#1463 = ORIENTED_EDGE ( 'NONE', *, *, #4006, .T. ) ;
#1464 = ORIENTED_EDGE ( 'NONE', *, *, #215, .F. ) ;
#1465 = ADVANCED_FACE ( 'NONE', ( #1025 ), #3892, .T. ) ;
#1466 = EDGE_CURVE ( 'NONE', #1077, #7625, #1140, .T. ) ;
#1467 = CIRCLE ( 'NONE', #6727, 1.050000000000000488 ) ;
#1468 = DIRECTION ( 'NONE',  ( -1.000000000000000000, -1.892425610156517122E-16, -0.000000000000000000 ) ) ;
#1469 = LINE ( 'NONE', #4337, #7599 ) ;
#1470 = DIRECTION ( 'NONE',  ( 0.000000000000000000, -1.000000000000000000, 0.000000000000000000 ) ) ;
#1471 = VERTEX_POINT ( 'NONE', #2538 ) ;
#1472 = DIRECTION ( 'NONE',  ( -0.8090169943749473402, 0.000000000000000000, -0.5877852522924732481 ) ) ;
#1473 = ORIENTED_EDGE ( 'NONE', *, *, #2836, .F. ) ;
#1474 = DIRECTION ( 'NONE',  ( 0.000000000000000000, 1.000000000000000000, 0.000000000000000000 ) ) ;
#1475 = CARTESIAN_POINT ( 'NONE',  ( 23.54999999999999361, 108.9309918853872148, -15.41220100004830229 ) ) ;
#1476 = CARTESIAN_POINT ( 'NONE',  ( -11.58728778948666793, 2.499999999999998668, -24.00000000000001421 ) ) ;
#1477 = EDGE_LOOP ( 'NONE', ( #7389, #6417, #5721, #3521, #2605 ) ) ;
#1478 = EDGE_LOOP ( 'NONE', ( #3643, #5837, #6600, #2802 ) ) ;
#1479 = DIRECTION ( 'NONE',  ( 0.000000000000000000, 1.000000000000000000, 0.000000000000000000 ) ) ;
#1480 = CARTESIAN_POINT ( 'NONE',  ( 25.99999999999999645, 12.49999999999987388, -20.49999999999977618 ) ) ;
#1481 = CARTESIAN_POINT ( 'NONE',  ( -30.00000000000000355, 53.27857453684310940, -2.000000000000001776 ) ) ;
#1482 = CIRCLE ( 'NONE', #3430, 1.049999999999998934 ) ;
#1483 = DIRECTION ( 'NONE',  ( 1.000000000000000000, -0.000000000000000000, -0.000000000000000000 ) ) ;
#1484 = EDGE_CURVE ( 'NONE', #5051, #3746, #6241, .T. ) ;
#1485 = LINE ( 'NONE', #7926, #4584 ) ;
#1486 = VERTEX_POINT ( 'NONE', #3326 ) ;
#1487 = CARTESIAN_POINT ( 'NONE',  ( 27.99999999999999289, 12.49999999999999822, -12.50000000000000000 ) ) ;
#1488 = CARTESIAN_POINT ( 'NONE',  ( -29.99999999999999645, 1.043560762610397319, -17.50000000000000000 ) ) ;
#1489 = CARTESIAN_POINT ( 'NONE',  ( 24.30734382914755187, 4.190483034696380393, -17.77542964602783115 ) ) ;
#1490 = ORIENTED_EDGE ( 'NONE', *, *, #5950, .T. ) ;
#1491 = ORIENTED_EDGE ( 'NONE', *, *, #8535, .F. ) ;
#1492 = CIRCLE ( 'NONE', #6741, 0.8999999999999980238 ) ;
#1493 = CARTESIAN_POINT ( 'NONE',  ( -23.55000000000001137, 108.8796683660667810, -13.66200625195907925 ) ) ;
#1494 = LINE ( 'NONE', #7329, #4020 ) ;
#1495 = FACE_OUTER_BOUND ( 'NONE', #5432, .T. ) ;
#1496 = CARTESIAN_POINT ( 'NONE',  ( -15.58688103937556235, 96.44000000000002615, -9.000000000000000000 ) ) ;
#1497 = LINE ( 'NONE', #4371, #3544 ) ;
#1498 = DIRECTION ( 'NONE',  ( -1.000000000000000000, -9.912705577010326782E-17, 0.000000000000000000 ) ) ;
#1499 = VERTEX_POINT ( 'NONE', #6285 ) ;
#1500 = ORIENTED_EDGE ( 'NONE', *, *, #3072, .T. ) ;
#1501 = AXIS2_PLACEMENT_3D ( 'NONE', #753, #54, #2920 ) ;
#1502 = AXIS2_PLACEMENT_3D ( 'NONE', #6832, #2390, #3839 ) ;
#1503 = DIRECTION ( 'NONE',  ( 0.000000000000000000, -1.000000000000000000, 0.000000000000000000 ) ) ;
#1504 = EDGE_CURVE ( 'NONE', #1419, #5672, #1301, .T. ) ;
#1505 = CARTESIAN_POINT ( 'NONE',  ( -23.99999999999999645, 12.50000000000000888, -12.50000000000000000 ) ) ;
#1506 = ORIENTED_EDGE ( 'NONE', *, *, #6910, .T. ) ;
#1507 = DIRECTION ( 'NONE',  ( 0.5427066596637490914, -0.8399223068573756779, 0.000000000000000000 ) ) ;
#1508 = DIRECTION ( 'NONE',  ( 0.8660254037844397068, -0.4999999999999979461, 0.000000000000000000 ) ) ;
#1509 = VECTOR ( 'NONE', #5185, 1000.000000000000000 ) ;
#1510 = EDGE_LOOP ( 'NONE', ( #6141, #3419, #5387, #4429 ) ) ;
#1511 = VERTEX_POINT ( 'NONE', #547 ) ;
#1512 = ORIENTED_EDGE ( 'NONE', *, *, #7294, .T. ) ;
#1513 = EDGE_CURVE ( 'NONE', #8695, #1458, #8438, .T. ) ;
#1514 = EDGE_CURVE ( 'NONE', #3297, #3501, #4163, .T. ) ;
#1515 = CIRCLE ( 'NONE', #3320, 2.000000000000000000 ) ;
#1516 = ADVANCED_FACE ( 'NONE', ( #1962 ), #2498, .T. ) ;
#1517 = DIRECTION ( 'NONE',  ( -0.000000000000000000, 0.000000000000000000, 1.000000000000000000 ) ) ;
#1518 = DIRECTION ( 'NONE',  ( 1.000000000000000000, -1.541976423090495387E-16, -0.000000000000000000 ) ) ;
#1519 = CARTESIAN_POINT ( 'NONE',  ( 11.26830527994896158, 71.48374507372810172, -2.000000000000000000 ) ) ;
#1520 = ORIENTED_EDGE ( 'NONE', *, *, #8496, .F. ) ;
#1521 = CYLINDRICAL_SURFACE ( 'NONE', #6388, 2.000000000000000000 ) ;
#1522 = EDGE_LOOP ( 'NONE', ( #1798, #3866, #8985, #476 ) ) ;
#1523 = DIRECTION ( 'NONE',  ( -0.5877852522924735812, 0.000000000000000000, 0.8090169943749471182 ) ) ;
#1524 = DIRECTION ( 'NONE',  ( 0.000000000000000000, -1.000000000000000000, 0.000000000000000000 ) ) ;
#1525 = FACE_OUTER_BOUND ( 'NONE', #8995, .T. ) ;
#1526 = VERTEX_POINT ( 'NONE', #3973 ) ;
#1527 = ORIENTED_EDGE ( 'NONE', *, *, #171, .T. ) ;
#1528 = CARTESIAN_POINT ( 'NONE',  ( -25.99999999999999645, 12.49999999999988276, -20.49999999999977618 ) ) ;
#1529 = FACE_BOUND ( 'NONE', #6745, .T. ) ;
#1530 = DIRECTION ( 'NONE',  ( -1.000000000000000000, -1.892425610156517122E-16, -0.000000000000000000 ) ) ;
#1531 = DIRECTION ( 'NONE',  ( -1.000000000000000000, 1.541976423090495387E-16, 0.000000000000000000 ) ) ;
#1532 = DIRECTION ( 'NONE',  ( 1.000000000000000000, -0.000000000000000000, -0.000000000000000000 ) ) ;
#1533 = ORIENTED_EDGE ( 'NONE', *, *, #3769, .T. ) ;
#1534 = ADVANCED_FACE ( 'NONE', ( #9137 ), #1915, .T. ) ;
#1535 = DIRECTION ( 'NONE',  ( 1.000000000000000000, -1.898094922533725623E-16, 0.000000000000000000 ) ) ;
#1536 = CARTESIAN_POINT ( 'NONE',  ( 17.98768373480796612, 67.14209179641811431, -128.1790850899541852 ) ) ;
#1537 = FACE_BOUND ( 'NONE', #3076, .T. ) ;
#1538 = ORIENTED_EDGE ( 'NONE', *, *, #5839, .F. ) ;
#1539 = VERTEX_POINT ( 'NONE', #4071 ) ;
#1540 = EDGE_CURVE ( 'NONE', #8595, #3121, #3388, .T. ) ;
#1541 = EDGE_CURVE ( 'NONE', #1600, #5250, #3702, .T. ) ;
#1542 = CARTESIAN_POINT ( 'NONE',  ( -24.11467814749093108, 106.6080903125309760, -12.46316540121185668 ) ) ;
#1543 = CARTESIAN_POINT ( 'NONE',  ( -5.773401785888006899, 57.10000000000000142, -24.99999999999999289 ) ) ;
#1544 = DIRECTION ( 'NONE',  ( 0.000000000000000000, 1.000000000000000000, 0.000000000000000000 ) ) ;
#1545 = CARTESIAN_POINT ( 'NONE',  ( 8.586881039375148461, 104.4400000000000261, -9.000000000000001776 ) ) ;
#1546 = CARTESIAN_POINT ( 'NONE',  ( -28.55000000000000782, 108.9309918853871437, -2.000000000000000000 ) ) ;
#1547 = DIRECTION ( 'NONE',  ( 0.000000000000000000, 0.000000000000000000, -1.000000000000000000 ) ) ;
#1548 = EDGE_LOOP ( 'NONE', ( #7809, #1328, #3644, #8941 ) ) ;
#1549 = ORIENTED_EDGE ( 'NONE', *, *, #1804, .T. ) ;
#1550 = CIRCLE ( 'NONE', #3496, 3.000000000000002220 ) ;
#1551 = VECTOR ( 'NONE', #8640, 1000.000000000000114 ) ;
#1552 = EDGE_CURVE ( 'NONE', #4836, #7119, #1256, .T. ) ;
#1553 = CC_DESIGN_PERSON_AND_ORGANIZATION_ASSIGNMENT ( #2643, #6210, ( #6632 ) ) ;
#1554 = DIRECTION ( 'NONE',  ( 0.000000000000000000, 0.000000000000000000, 1.000000000000000000 ) ) ;
#1555 = AXIS2_PLACEMENT_3D ( 'NONE', #162, #4386, #64 ) ;
#1556 = DIRECTION ( 'NONE',  ( 0.8399223068573765660, 0.5427066596637478701, 0.000000000000000000 ) ) ;
#1557 = ORIENTED_EDGE ( 'NONE', *, *, #5670, .F. ) ;
#1558 = CARTESIAN_POINT ( 'NONE',  ( 23.00000000000000000, 35.00000000000000000, -128.1790850899541852 ) ) ;
#1559 = AXIS2_PLACEMENT_3D ( 'NONE', #558, #6945, #4743 ) ;
#1560 = EDGE_LOOP ( 'NONE', ( #8558, #2254, #4539, #8925 ) ) ;
#1561 = ORIENTED_EDGE ( 'NONE', *, *, #6369, .F. ) ;
#1562 = VERTEX_POINT ( 'NONE', #2579 ) ;
#1563 = AXIS2_PLACEMENT_3D ( 'NONE', #6786, #3182, #6228 ) ;
#1564 = CARTESIAN_POINT ( 'NONE',  ( 12.08688103937515379, 96.44000000000002615, -11.54289884801876198 ) ) ;
#1565 = LINE ( 'NONE', #4433, #2870 ) ;
#1566 = ORIENTED_EDGE ( 'NONE', *, *, #7774, .F. ) ;
#1567 = CARTESIAN_POINT ( 'NONE',  ( 23.41106232120510811, 114.2492635949665782, -23.73327146981818814 ) ) ;
#1568 = ORIENTED_EDGE ( 'NONE', *, *, #2731, .T. ) ;
#1569 = DIRECTION ( 'NONE',  ( 0.5427066596637507567, 0.8399223068573746787, 0.000000000000000000 ) ) ;
#1570 = CARTESIAN_POINT ( 'NONE',  ( -8.399223068573766326, 78.09909387501738820, -25.00000000000002132 ) ) ;
#1571 = DIRECTION ( 'NONE',  ( 8.673617379884043361E-16, 3.017433397865787983E-16, -1.000000000000000000 ) ) ;
#1572 = EDGE_CURVE ( 'NONE', #7983, #5140, #6191, .T. ) ;
#1573 = ORIENTED_EDGE ( 'NONE', *, *, #8763, .T. ) ;
#1574 = EDGE_LOOP ( 'NONE', ( #3880, #254, #6973, #6021 ) ) ;
#1575 = EDGE_CURVE ( 'NONE', #3857, #4575, #9081, .T. ) ;
#1576 = DIRECTION ( 'NONE',  ( 2.775557561562890858E-16, 1.000000000000000000, 0.000000000000000000 ) ) ;
#1577 = CARTESIAN_POINT ( 'NONE',  ( -24.99999999999999645, 12.50000000000001066, -6.500000000000000000 ) ) ;
#1578 = CARTESIAN_POINT ( 'NONE',  ( -19.93623836877595679, 92.26917336134502534, -23.00000000000000000 ) ) ;
#1579 = EDGE_CURVE ( 'NONE', #7179, #511, #5791, .T. ) ;
#1580 = CARTESIAN_POINT ( 'NONE',  ( 23.18397459621554191, 118.3060254037845880, -24.36602540378443749 ) ) ;
#1581 = CARTESIAN_POINT ( 'NONE',  ( 16.57654914134644741, 94.44000000000002615, -25.00000000000000000 ) ) ;
#1582 = EDGE_LOOP ( 'NONE', ( #8621, #3677, #3349, #1248, #847, #7494, #3582, #6694, #1625, #2404 ) ) ;
#1583 = CARTESIAN_POINT ( 'NONE',  ( -2.003094741985453220E-13, 104.4400000000000261, -19.77189238011338546 ) ) ;
#1584 = CYLINDRICAL_SURFACE ( 'NONE', #7132, 6.000000000000000000 ) ;
#1585 = DIRECTION ( 'NONE',  ( -1.000000000000000000, 1.541976423090495387E-16, -0.000000000000000000 ) ) ;
#1586 = CIRCLE ( 'NONE', #5779, 4.000000000000000000 ) ;
#1587 = ORIENTED_EDGE ( 'NONE', *, *, #2806, .T. ) ;
#1588 = CIRCLE ( 'NONE', #3386, 6.000000000000000000 ) ;
#1589 = DIRECTION ( 'NONE',  ( -1.000000000000000000, 0.000000000000000000, 0.000000000000000000 ) ) ;
#1590 = ADVANCED_FACE ( 'NONE', ( #593 ), #5624, .F. ) ;
#1591 = DIRECTION ( 'NONE',  ( -0.000000000000000000, -1.107270303814984526E-16, 1.000000000000000000 ) ) ;
#1592 = AXIS2_PLACEMENT_3D ( 'NONE', #7679, #8381, #2042 ) ;
#1593 = AXIS2_PLACEMENT_3D ( 'NONE', #3472, #9055, #4077 ) ;
#1594 = ADVANCED_FACE ( 'NONE', ( #3461, #6331 ), #4115, .T. ) ;
#1595 = CIRCLE ( 'NONE', #3537, 8.000000000000000000 ) ;
#1596 = CARTESIAN_POINT ( 'NONE',  ( -24.00000000000000000, 49.81447292170534524, -22.99999999999999289 ) ) ;
#1597 = CARTESIAN_POINT ( 'NONE',  ( 16.57654914134644741, 96.44000000000002615, -2.755455298081540045E-15 ) ) ;
#1598 = DIRECTION ( 'NONE',  ( -1.000000000000000000, -1.360567432138672574E-16, 0.000000000000000000 ) ) ;
#1599 = LINE ( 'NONE', #4516, #5519 ) ;
#1600 = VERTEX_POINT ( 'NONE', #5441 ) ;
#1601 = VERTEX_POINT ( 'NONE', #6891 ) ;
#1602 = AXIS2_PLACEMENT_3D ( 'NONE', #7555, #1261, #3425 ) ;
#1603 = CARTESIAN_POINT ( 'NONE',  ( -23.55000000000002203, 117.9400000000000404, -1.267949192431121697 ) ) ;
#1604 = B_SPLINE_CURVE_WITH_KNOTS ( 'NONE', 3,
 ( #2749, #9219, #2798, #1378, #9037, #9082, #5482, #2660, #8385, #5703, #2987, #2285, #5005, #5152 ),
 .UNSPECIFIED., .F., .F.,
 ( 4, 2, 2, 2, 2, 2, 4 ),
 ( 0.000000000000000000, 0.0005255395310302797508, 0.001051079062060559502, 0.002102158124121124641, 0.003153237186181689564, 0.003678776717211968122, 0.004204316248242246680 ),
 .UNSPECIFIED. ) ;
#1605 = AXIS2_PLACEMENT_3D ( 'NONE', #5579, #7734, #4872 ) ;
#1606 = EDGE_CURVE ( 'NONE', #910, #3596, #8646, .T. ) ;
#1607 = AXIS2_PLACEMENT_3D ( 'NONE', #2185, #5099, #714 ) ;
#1608 = LINE ( 'NONE', #2316, #1509 ) ;
#1609 = EDGE_LOOP ( 'NONE', ( #4620, #425, #4003, #7787, #2516 ) ) ;
#1610 = CARTESIAN_POINT ( 'NONE',  ( -25.99999999999999645, 13.82287565553229136, -27.00000000000000355 ) ) ;
#1611 = EDGE_CURVE ( 'NONE', #8984, #604, #395, .T. ) ;
#1612 = ORIENTED_EDGE ( 'NONE', *, *, #4272, .F. ) ;
#1613 = ORIENTED_EDGE ( 'NONE', *, *, #540, .F. ) ;
#1614 = ORIENTED_EDGE ( 'NONE', *, *, #3887, .F. ) ;
#1615 = AXIS2_PLACEMENT_3D ( 'NONE', #6877, #442, #351 ) ;
#1616 = AXIS2_PLACEMENT_3D ( 'NONE', #7651, #508, #372 ) ;
#1617 = FACE_OUTER_BOUND ( 'NONE', #387, .T. ) ;
#1618 = DIRECTION ( 'NONE',  ( 0.8660254037844399289, -0.4999999999999980571, 0.000000000000000000 ) ) ;
#1619 = ORIENTED_EDGE ( 'NONE', *, *, #5605, .F. ) ;
#1620 = CARTESIAN_POINT ( 'NONE',  ( -29.46243074056294375, 3.107156508178068322, -19.86454600962748884 ) ) ;
#1621 = VERTEX_POINT ( 'NONE', #6428 ) ;
#1622 = CYLINDRICAL_SURFACE ( 'NONE', #1727, 1.999999999999998224 ) ;
#1623 = DIRECTION ( 'NONE',  ( 1.000000000000000000, 0.000000000000000000, 0.000000000000000000 ) ) ;
#1624 = CARTESIAN_POINT ( 'NONE',  ( -26.25000000000000355, 102.3196380149609155, -2.000000000000000000 ) ) ;
#1625 = ORIENTED_EDGE ( 'NONE', *, *, #3768, .T. ) ;
#1626 = ORIENTED_EDGE ( 'NONE', *, *, #5679, .F. ) ;
#1627 = CIRCLE ( 'NONE', #582, 12.50000000000000178 ) ;
#1628 = DIRECTION ( 'NONE',  ( -0.000000000000000000, -1.000000000000000000, 0.000000000000000000 ) ) ;
#1629 = PLANE ( 'NONE',  #7343 ) ;
#1630 = LINE ( 'NONE', #1481, #3888 ) ;
#1631 = CARTESIAN_POINT ( 'NONE',  ( 25.00000000000000711, 35.00000000000000000, -17.50000000000000000 ) ) ;
#1632 = CYLINDRICAL_SURFACE ( 'NONE', #8793, 1.050000000000000488 ) ;
#1633 = ORIENTED_EDGE ( 'NONE', *, *, #8777, .T. ) ;
#1634 = AXIS2_PLACEMENT_3D ( 'NONE', #507, #3376, #1967 ) ;
#1635 = CARTESIAN_POINT ( 'NONE',  ( 6.423762078750519855, 96.44000000000002615, -15.65739561406607727 ) ) ;
#1636 = DIRECTION ( 'NONE',  ( 0.9444791243466059694, -0.3285714285714275151, 0.000000000000000000 ) ) ;
#1637 = ORIENTED_EDGE ( 'NONE', *, *, #7798, .F. ) ;
#1638 = DIRECTION ( 'NONE',  ( -1.000000000000000000, 1.541976423090495387E-16, 0.000000000000000000 ) ) ;
#1639 = VECTOR ( 'NONE', #6742, 1000.000000000000000 ) ;
#1640 = DIRECTION ( 'NONE',  ( 0.9510565162951537532, 0.000000000000000000, -0.3090169943749468962 ) ) ;
#1641 = EDGE_CURVE ( 'NONE', #7292, #4215, #733, .T. ) ;
#1642 = CARTESIAN_POINT ( 'NONE',  ( -26.25000000000000000, 94.67022964293305165, 0.000000000000000000 ) ) ;
#1643 = CARTESIAN_POINT ( 'NONE',  ( 12.94814989366370739, 70.39833175440060131, -24.99999999999999289 ) ) ;
#1644 = CARTESIAN_POINT ( 'NONE',  ( 25.74737230856521819, 104.7903061905773683, -14.60000000000000142 ) ) ;
#1645 = LINE ( 'NONE', #982, #7167 ) ;
#1646 = ORIENTED_EDGE ( 'NONE', *, *, #8704, .F. ) ;
#1647 = ORIENTED_EDGE ( 'NONE', *, *, #1410, .F. ) ;
#1648 = EDGE_CURVE ( 'NONE', #4284, #2102, #9280, .T. ) ;
#1649 = CARTESIAN_POINT ( 'NONE',  ( -9.987683734807962566, 67.14209179641811431, -2.000000000000001776 ) ) ;
#1650 = CIRCLE ( 'NONE', #5543, 2.149999999999999023 ) ;
#1651 = ADVANCED_FACE ( 'NONE', ( #7832, #3001 ), #5762, .T. ) ;
#1652 = CARTESIAN_POINT ( 'NONE',  ( 17.98768373480796612, 67.14209179641811431, -2.000000000000001776 ) ) ;
#1653 = ORIENTED_EDGE ( 'NONE', *, *, #564, .F. ) ;
#1654 = CARTESIAN_POINT ( 'NONE',  ( 5.773401785888007787, 60.10000000000000853, -25.00000000000000000 ) ) ;
#1655 = ADVANCED_FACE ( 'NONE', ( #2855 ), #5207, .T. ) ;
#1656 = ORIENTED_EDGE ( 'NONE', *, *, #7331, .T. ) ;
#1657 = CIRCLE ( 'NONE', #3011, 2.149999999999999023 ) ;
#1658 = VERTEX_POINT ( 'NONE', #4968 ) ;
#1659 = VECTOR ( 'NONE', #6178, 1000.000000000000000 ) ;
#1660 = VECTOR ( 'NONE', #7356, 1000.000000000000000 ) ;
#1661 = FACE_OUTER_BOUND ( 'NONE', #6431, .T. ) ;
#1662 = DIRECTION ( 'NONE',  ( 0.000000000000000000, -1.000000000000000000, 0.000000000000000000 ) ) ;
#1663 = VERTEX_POINT ( 'NONE', #2204 ) ;
#1664 = CARTESIAN_POINT ( 'NONE',  ( -29.16381513161559980, 2.851008457111635863, -19.98455304201887728 ) ) ;
#1665 = ORIENTED_EDGE ( 'NONE', *, *, #7563, .F. ) ;
#1666 = CARTESIAN_POINT ( 'NONE',  ( -12.94814989366370739, 70.39833175440058710, -22.99999999999999289 ) ) ;
#1667 = CARTESIAN_POINT ( 'NONE',  ( -23.55000000000001137, 108.9309918853871579, -15.41220100004840354 ) ) ;
#1668 = LINE ( 'NONE', #7917, #1691 ) ;
#1669 = ORIENTED_EDGE ( 'NONE', *, *, #7391, .T. ) ;
#1670 = ORIENTED_EDGE ( 'NONE', *, *, #8101, .F. ) ;
#1671 = AXIS2_PLACEMENT_3D ( 'NONE', #5747, #6643, #7394 ) ;
#1672 = CARTESIAN_POINT ( 'NONE',  ( 22.24999999999998579, 106.9403061905773740, -14.59999999999999787 ) ) ;
#1673 = CYLINDRICAL_SURFACE ( 'NONE', #4462, 2.150000000000000799 ) ;
#1674 = LINE ( 'NONE', #310, #6079 ) ;
#1675 = ORIENTED_EDGE ( 'NONE', *, *, #1882, .F. ) ;
#1676 = DIRECTION ( 'NONE',  ( -1.000000000000000000, -9.912705577010326782E-17, 0.000000000000000000 ) ) ;
#1677 = CARTESIAN_POINT ( 'NONE',  ( -10.75000000000019895, 80.80934643409020168, -15.65739561406607727 ) ) ;
#1678 = ORIENTED_EDGE ( 'NONE', *, *, #898, .T. ) ;
#1679 = LINE ( 'NONE', #7458, #8115 ) ;
#1680 = CARTESIAN_POINT ( 'NONE',  ( -2.003094741985453220E-13, 80.80934643409020168, -19.77189238011338546 ) ) ;
#1681 = CARTESIAN_POINT ( 'NONE',  ( 16.57654914134644741, 94.44000000000002615, -23.00000000000000000 ) ) ;
#1682 = CARTESIAN_POINT ( 'NONE',  ( 29.99999999999999289, 4.828427124746204058, -23.49999999999999289 ) ) ;
#1683 = CARTESIAN_POINT ( 'NONE',  ( 23.55618765993622077, 108.6718701656489969, -13.31855348075418277 ) ) ;
#1684 = DIRECTION ( 'NONE',  ( -2.579370461232904926E-32, 2.602085213965210149E-16, 1.000000000000000000 ) ) ;
#1685 = EDGE_LOOP ( 'NONE', ( #1352, #827, #4283, #3533 ) ) ;
#1686 = ADVANCED_FACE ( 'NONE', ( #7073 ), #5046, .F. ) ;
#1687 = ADVANCED_FACE ( 'NONE', ( #8730 ), #8682, .F. ) ;
#1688 = DIRECTION ( 'NONE',  ( 0.000000000000000000, 0.000000000000000000, -1.000000000000000000 ) ) ;
#1689 = ADVANCED_FACE ( 'NONE', ( #4308 ), #7929, .T. ) ;
#1690 = CARTESIAN_POINT ( 'NONE',  ( 22.24999999999998579, 111.7903061905773683, -21.59999999999999787 ) ) ;
#1691 = VECTOR ( 'NONE', #7213, 1000.000000000000000 ) ;
#1692 = DIRECTION ( 'NONE',  ( -0.000000000000000000, 0.000000000000000000, 1.000000000000000000 ) ) ;
#1693 = ORIENTED_EDGE ( 'NONE', *, *, #7259, .F. ) ;
#1694 = CARTESIAN_POINT ( 'NONE',  ( -25.99999999999999645, 12.49999999999999645, -25.50000000000000355 ) ) ;
#1695 = ORIENTED_EDGE ( 'NONE', *, *, #219, .F. ) ;
#1696 = ORIENTED_EDGE ( 'NONE', *, *, #454, .F. ) ;
#1697 = ADVANCED_FACE ( 'NONE', ( #5718 ), #7125, .F. ) ;
#1698 = VECTOR ( 'NONE', #5525, 1000.000000000000000 ) ;
#1699 = EDGE_CURVE ( 'NONE', #437, #5493, #6696, .T. ) ;
#1700 = CARTESIAN_POINT ( 'NONE',  ( 29.95214785708277461, 3.790941104598316347, -19.12044721493656851 ) ) ;
#1701 = ADVANCED_FACE ( 'NONE', ( #6568 ), #4128, .T. ) ;
#1702 = ORIENTED_EDGE ( 'NONE', *, *, #1332, .T. ) ;
#1703 = CARTESIAN_POINT ( 'NONE',  ( -29.95214785708267513, 3.790941104598738676, -19.12044721493795052 ) ) ;
#1704 = ORIENTED_EDGE ( 'NONE', *, *, #36, .F. ) ;
#1705 = CARTESIAN_POINT ( 'NONE',  ( -29.99999999999999645, 10.35000000000021991, -4.499999999999771738 ) ) ;
#1706 = CARTESIAN_POINT ( 'NONE',  ( -23.00000000000000000, 44.61832049899870611, -22.00000000000000355 ) ) ;
#1707 = DIRECTION ( 'NONE',  ( 0.000000000000000000, -1.000000000000000000, 0.000000000000000000 ) ) ;
#1708 = ORIENTED_EDGE ( 'NONE', *, *, #7955, .T. ) ;
#1709 = VERTEX_POINT ( 'NONE', #8583 ) ;
#1710 = EDGE_LOOP ( 'NONE', ( #8463, #518, #567, #6554, #5787 ) ) ;
#1711 = CIRCLE ( 'NONE', #62, 1.050000000000000488 ) ;
#1712 = CARTESIAN_POINT ( 'NONE',  ( -29.99999999999999645, 12.49999999999999822, -2.000000000000000000 ) ) ;
#1713 = LINE ( 'NONE', #7450, #1211 ) ;
#1714 = FACE_OUTER_BOUND ( 'NONE', #2972, .T. ) ;
#1715 = ORIENTED_EDGE ( 'NONE', *, *, #4970, .F. ) ;
#1716 = CARTESIAN_POINT ( 'NONE',  ( -19.99999999999998934, 49.81447292170534524, -22.00000000000000355 ) ) ;
#1717 = EDGE_CURVE ( 'NONE', #8595, #8577, #5016, .T. ) ;
#1718 = AXIS2_PLACEMENT_3D ( 'NONE', #2010, #6429, #5675 ) ;
#1719 = EDGE_CURVE ( 'NONE', #3211, #7962, #90, .T. ) ;
#1720 = FACE_OUTER_BOUND ( 'NONE', #3779, .T. ) ;
#1721 = APPROVAL ( #7000, '未指定' ) ;
#1722 = DIRECTION ( 'NONE',  ( 0.000000000000000000, 1.000000000000000000, 0.000000000000000000 ) ) ;
#1723 = ORIENTED_EDGE ( 'NONE', *, *, #2816, .F. ) ;
#1724 = CARTESIAN_POINT ( 'NONE',  ( -27.00000000000000000, 12.50000000000000888, -12.50000000000000000 ) ) ;
#1725 = DIRECTION ( 'NONE',  ( 0.7071067811865480168, 0.7071067811865470176, -6.214048734462887340E-17 ) ) ;
#1726 = CARTESIAN_POINT ( 'NONE',  ( -1.336881039375573899, 104.4400000000000261, -15.65739561406608082 ) ) ;
#1727 = AXIS2_PLACEMENT_3D ( 'NONE', #919, #6557, #119 ) ;
#1728 = CARTESIAN_POINT ( 'NONE',  ( -26.25000000000000355, 94.67022964293305165, -25.00000000000000000 ) ) ;
#1729 = PLANE ( 'NONE',  #124 ) ;
#1730 = ORIENTED_EDGE ( 'NONE', *, *, #4982, .F. ) ;
#1731 = VECTOR ( 'NONE', #2746, 1000.000000000000000 ) ;
#1732 = CARTESIAN_POINT ( 'NONE',  ( -16.95237472713315441, 104.4400000000000261, -15.07788693191628582 ) ) ;
#1733 = VECTOR ( 'NONE', #2343, 1000.000000000000000 ) ;
#1734 = LINE ( 'NONE', #8611, #9247 ) ;
#1735 = VECTOR ( 'NONE', #6353, 1000.000000000000000 ) ;
#1736 = VECTOR ( 'NONE', #236, 1000.000000000000000 ) ;
#1737 = DIRECTION ( 'NONE',  ( -1.000000000000000000, 0.000000000000000000, 0.000000000000000000 ) ) ;
#1738 = VERTEX_POINT ( 'NONE', #8540 ) ;
#1739 = CARTESIAN_POINT ( 'NONE',  ( -23.22518106879879340, 15.00572896162241854, -1.854542761398400907 ) ) ;
#1740 = ORIENTED_EDGE ( 'NONE', *, *, #5842, .F. ) ;
#1741 = ORIENTED_EDGE ( 'NONE', *, *, #4871, .T. ) ;
#1742 = AXIS2_PLACEMENT_3D ( 'NONE', #6148, #2623, #1161 ) ;
#1743 = CARTESIAN_POINT ( 'NONE',  ( -15.58688103937556235, 80.80934643409020168, -9.000000000000000000 ) ) ;
#1744 = EDGE_CURVE ( 'NONE', #2139, #2388, #3655, .T. ) ;
#1745 = CARTESIAN_POINT ( 'NONE',  ( -9.524690479923696884, 65.10000000000000853, -128.1790850899541852 ) ) ;
#1746 = ORIENTED_EDGE ( 'NONE', *, *, #6347, .F. ) ;
#1747 = CARTESIAN_POINT ( 'NONE',  ( -29.63734316203053609, 3.320903290231669303, -19.77006539985383071 ) ) ;
#1748 = ORIENTED_EDGE ( 'NONE', *, *, #263, .F. ) ;
#1749 = CARTESIAN_POINT ( 'NONE',  ( -23.99999999999999645, 12.50000000000001066, -18.50000000000000355 ) ) ;
#1750 = VECTOR ( 'NONE', #1483, 1000.000000000000000 ) ;
#1751 = DIRECTION ( 'NONE',  ( -0.3090169943749482839, 0.000000000000000000, 0.9510565162951533091 ) ) ;
#1752 = DIRECTION ( 'NONE',  ( 9.912705577010325549E-17, -1.000000000000000000, 0.000000000000000000 ) ) ;
#1753 = ORIENTED_EDGE ( 'NONE', *, *, #7339, .T. ) ;
#1754 = EDGE_CURVE ( 'NONE', #6637, #5518, #5069, .T. ) ;
#1755 = ORIENTED_EDGE ( 'NONE', *, *, #8092, .T. ) ;
#1756 = ORIENTED_EDGE ( 'NONE', *, *, #381, .F. ) ;
#1757 = EDGE_CURVE ( 'NONE', #5118, #4005, #8628, .T. ) ;
#1758 = CONICAL_SURFACE ( 'NONE', #6572, 10.15000000000000213, 0.7853981633974526089 ) ;
#1759 = CARTESIAN_POINT ( 'NONE',  ( 58.00000000000002132, 19.20685424949230935, -18.15685424949224469 ) ) ;
#1760 = FACE_OUTER_BOUND ( 'NONE', #6673, .T. ) ;
#1761 = DIRECTION ( 'NONE',  ( 1.000000000000000000, 9.912705577010326782E-17, -0.000000000000000000 ) ) ;
#1762 = VERTEX_POINT ( 'NONE', #1583 ) ;
#1763 = CARTESIAN_POINT ( 'NONE',  ( 25.99999999999999645, 20.50000000000001066, -12.50000000000000000 ) ) ;
#1765 = VECTOR ( 'NONE', #2625, 1000.000000000000000 ) ;
#1764 = CARTESIAN_POINT ( 'NONE',  ( -25.99999999999999645, 14.65000000000022240, -4.499999999999771738 ) ) ;
#1766 = PLANE ( 'NONE',  #6370 ) ;
#1767 = AXIS2_PLACEMENT_3D ( 'NONE', #5135, #2219, #1554 ) ;
#1768 = EDGE_LOOP ( 'NONE', ( #4403, #1376, #5617, #3842 ) ) ;
#1769 = DIRECTION ( 'NONE',  ( 0.000000000000000000, 1.000000000000000000, 0.000000000000000000 ) ) ;
#1770 = CARTESIAN_POINT ( 'NONE',  ( -25.58347160113510910, 12.46618369823206152, -25.50000000000000355 ) ) ;
#1771 = ADVANCED_FACE ( 'NONE', ( #5165 ), #9084, .T. ) ;
#1772 = VECTOR ( 'NONE', #6675, 1000.000000000000114 ) ;
#1773 = FACE_OUTER_BOUND ( 'NONE', #5764, .T. ) ;
#1774 = B_SPLINE_CURVE_WITH_KNOTS ( 'NONE', 3,
 ( #4424, #4275, #6445, #2, #5035, #855, #2873, #7192, #4480, #2269 ),
 .UNSPECIFIED., .F., .F.,
 ( 4, 2, 2, 2, 4 ),
 ( 0.000000000000000000, 0.0004043202586623498990, 0.0008086405173246997979, 0.001212960775987049697, 0.001617281034649399596 ),
 .UNSPECIFIED. ) ;
#1775 = CARTESIAN_POINT ( 'NONE',  ( 23.55075865418072567, 108.8174501764675313, -13.54323633782687253 ) ) ;
#1776 = DIRECTION ( 'NONE',  ( 1.000000000000000000, 1.734723475976807292E-15, -8.787991997524760300E-17 ) ) ;
#1777 = ORIENTED_EDGE ( 'NONE', *, *, #426, .F. ) ;
#1778 = AXIS2_PLACEMENT_3D ( 'NONE', #77, #3042, #8116 ) ;
#1779 = FACE_OUTER_BOUND ( 'NONE', #8863, .T. ) ;
#1780 = CARTESIAN_POINT ( 'NONE',  ( -29.05388312864608125, 12.10363468009087562, -25.50000000000000355 ) ) ;
#1781 = AXIS2_PLACEMENT_3D ( 'NONE', #5594, #7047, #7845 ) ;
#1782 = CARTESIAN_POINT ( 'NONE',  ( 28.07029951316432559, 48.61918494047679928, -22.00000000000000355 ) ) ;
#1783 = ORIENTED_EDGE ( 'NONE', *, *, #6994, .F. ) ;
#1784 = CARTESIAN_POINT ( 'NONE',  ( -23.55000000000001492, 111.7903061905773541, -7.599999999999997868 ) ) ;
#1785 = ORIENTED_EDGE ( 'NONE', *, *, #8860, .F. ) ;
#1786 = VECTOR ( 'NONE', #8955, 1000.000000000000000 ) ;
#1787 = DIRECTION ( 'NONE',  ( -0.000000000000000000, -1.000000000000000000, 0.000000000000000000 ) ) ;
#1788 = CARTESIAN_POINT ( 'NONE',  ( 27.99478144879476460, 18.08852343133674623, -2.000000000000000000 ) ) ;
#1789 = APPROVAL_STATUS ( 'not_yet_approved' ) ;
#1790 = VERTEX_POINT ( 'NONE', #2298 ) ;
#1791 = CARTESIAN_POINT ( 'NONE',  ( -28.10596914612585095, 2.499999999863505629, -20.17194210438247381 ) ) ;
#1792 = CARTESIAN_POINT ( 'NONE',  ( 29.99999999999998934, 4.304646674275121931, -19.58782669924509179 ) ) ;
#1793 = CARTESIAN_POINT ( 'NONE',  ( -28.07029951316432559, 48.61918494047679928, -3.000000000000000000 ) ) ;
#1794 = DIRECTION ( 'NONE',  ( -0.8660254037844407060, -0.4999999999999966138, 0.000000000000000000 ) ) ;
#1795 = FACE_BOUND ( 'NONE', #4867, .T. ) ;
#1796 = VERTEX_POINT ( 'NONE', #3047 ) ;
#1797 = EDGE_CURVE ( 'NONE', #1658, #8990, #8028, .T. ) ;
#1798 = ORIENTED_EDGE ( 'NONE', *, *, #7806, .F. ) ;
#1799 = ORIENTED_EDGE ( 'NONE', *, *, #8421, .T. ) ;
#1800 = EDGE_CURVE ( 'NONE', #5988, #2380, #6835, .T. ) ;
#1801 = EDGE_CURVE ( 'NONE', #2913, #4776, #3983, .T. ) ;
#1802 = AXIS2_PLACEMENT_3D ( 'NONE', #2528, #3272, #7454 ) ;
#1803 = CARTESIAN_POINT ( 'NONE',  ( -25.99999999999999645, 20.50000000000000000, -12.50000000000000000 ) ) ;
#1804 = EDGE_CURVE ( 'NONE', #375, #165, #4788, .T. ) ;
#1805 = CARTESIAN_POINT ( 'NONE',  ( -23.55000000000002203, 115.5720230777854312, -22.99999999999999645 ) ) ;
#1806 = LINE ( 'NONE', #6702, #1273 ) ;
#1807 = EDGE_LOOP ( 'NONE', ( #2358, #2602, #7529, #3512 ) ) ;
#1808 = CARTESIAN_POINT ( 'NONE',  ( 17.74999999999978684, 96.05957188242018674, -15.65739561406607372 ) ) ;
#1809 = FACE_OUTER_BOUND ( 'NONE', #8733, .T. ) ;
#1810 = FACE_OUTER_BOUND ( 'NONE', #6278, .T. ) ;
#1811 = VECTOR ( 'NONE', #4244, 1000.000000000000000 ) ;
#1812 = EDGE_LOOP ( 'NONE', ( #4253, #5364, #2502, #7166 ) ) ;
#1813 = EDGE_LOOP ( 'NONE', ( #7009, #6024, #5689, #3827 ) ) ;
#1814 = CARTESIAN_POINT ( 'NONE',  ( 22.24999999999998579, 106.9403061905773740, -14.59999999999999787 ) ) ;
#1815 = CARTESIAN_POINT ( 'NONE',  ( -23.72956373249778395, 11.18905534820573067, -25.50000000000000711 ) ) ;
#1816 = SECURITY_CLASSIFICATION ( '', '', #4940 ) ;
#1817 = ADVANCED_FACE ( 'NONE', ( #2723 ), #1922, .F. ) ;
#1818 = CARTESIAN_POINT ( 'NONE',  ( 29.84899400307059736, 3.713451148670641189, -25.17340326033535547 ) ) ;
#1819 = CARTESIAN_POINT ( 'NONE',  ( 23.57723099860620408, 108.4015740791000155, -13.01718230270507881 ) ) ;
#1820 = FACE_OUTER_BOUND ( 'NONE', #4603, .T. ) ;
#1821 = EDGE_CURVE ( 'NONE', #5140, #4836, #3236, .T. ) ;
#1823 = ADVANCED_FACE ( 'NONE', ( #6989 ), #2767, .F. ) ;
#1822 = VERTEX_POINT ( 'NONE', #3289 ) ;
#1824 = EDGE_CURVE ( 'NONE', #1621, #617, #7139, .T. ) ;
#1825 = DIRECTION ( 'NONE',  ( 1.000000000000000000, 0.000000000000000000, 0.000000000000000000 ) ) ;
#1826 = DIRECTION ( 'NONE',  ( 0.000000000000000000, 1.000000000000000000, 0.000000000000000000 ) ) ;
#1827 = LINE ( 'NONE', #8402, #7296 ) ;
#1828 = FACE_OUTER_BOUND ( 'NONE', #5123, .T. ) ;
#1829 = VERTEX_POINT ( 'NONE', #5633 ) ;
#1830 = DIRECTION ( 'NONE',  ( 1.000000000000000000, -1.541976423090495387E-16, -0.000000000000000000 ) ) ;
#1831 = EDGE_CURVE ( 'NONE', #5466, #2785, #1827, .T. ) ;
#1832 = EDGE_CURVE ( 'NONE', #5518, #3659, #7652, .T. ) ;
#1833 = ORIENTED_EDGE ( 'NONE', *, *, #5778, .T. ) ;
#1834 = CARTESIAN_POINT ( 'NONE',  ( -27.00000000000000000, 12.50000000000000888, -8.500000000000000000 ) ) ;
#1835 = AXIS2_PLACEMENT_3D ( 'NONE', #5080, #2163, #6484 ) ;
#1836 = CARTESIAN_POINT ( 'NONE',  ( 22.24999999999998579, 113.9403061905773598, -22.49999999999999645 ) ) ;
#1837 = DIRECTION ( 'NONE',  ( 1.000000000000000000, 0.000000000000000000, 0.000000000000000000 ) ) ;
#1838 = ORIENTED_EDGE ( 'NONE', *, *, #2008, .T. ) ;
#1839 = PLANE ( 'NONE',  #8932 ) ;
#1840 = ORIENTED_EDGE ( 'NONE', *, *, #4871, .F. ) ;
#1841 = DIRECTION ( 'NONE',  ( 1.000000000000000000, -1.541976423090495387E-16, 0.000000000000000000 ) ) ;
#1842 = DIRECTION ( 'NONE',  ( 0.000000000000000000, -1.000000000000000000, 0.000000000000000000 ) ) ;
#1843 = ORIENTED_EDGE ( 'NONE', *, *, #903, .F. ) ;
#1844 = VECTOR ( 'NONE', #4943, 1000.000000000000000 ) ;
#1845 = AXIS2_PLACEMENT_3D ( 'NONE', #2515, #5378, #8235 ) ;
#1846 = ORIENTED_EDGE ( 'NONE', *, *, #2407, .F. ) ;
#1847 = ORIENTED_EDGE ( 'NONE', *, *, #7518, .T. ) ;
#1848 = AXIS2_PLACEMENT_3D ( 'NONE', #4417, #2260, #5129 ) ;
#1849 = PLANE ( 'NONE',  #861 ) ;
#1850 = CARTESIAN_POINT ( 'NONE',  ( 16.57654914134644741, 96.44000000000002615, -15.65739561406607372 ) ) ;
#1851 =( BOUNDED_CURVE ( )  B_SPLINE_CURVE ( 3, ( #5184, #1603, #8044, #900 ),
 .UNSPECIFIED., .F., .F. ) 
 B_SPLINE_CURVE_WITH_KNOTS ( ( 4, 4 ),
 ( 0.000000000000000000, 1.047197551196599186 ),
 .UNSPECIFIED. ) 
 CURVE ( )  GEOMETRIC_REPRESENTATION_ITEM ( )  RATIONAL_B_SPLINE_CURVE ( ( 1.000000000000000000, 0.9106836025229588794, 0.9106836025229588794, 1.000000000000000000 ) ) 
 REPRESENTATION_ITEM ( '' )  );
#1852 = CARTESIAN_POINT ( 'NONE',  ( 22.24999999999998579, 111.7903061905773683, -21.59999999999999787 ) ) ;
#1853 = CARTESIAN_POINT ( 'NONE',  ( -25.99999999999999645, 19.20685424949229159, -18.15685424949224469 ) ) ;
#1854 = EDGE_LOOP ( 'NONE', ( #6594, #4754, #8097, #5977 ) ) ;
#1855 = CARTESIAN_POINT ( 'NONE',  ( 24.00000000000000711, 19.20685424949230224, -18.15685424949224469 ) ) ;
#1856 = DIRECTION ( 'NONE',  ( -1.000000000000000000, 0.000000000000000000, 0.000000000000000000 ) ) ;
#1857 = CARTESIAN_POINT ( 'NONE',  ( -27.99999999999999645, -3.469446951953614189E-15, -12.50000000000000000 ) ) ;
#1858 = EDGE_CURVE ( 'NONE', #8417, #484, #1439, .T. ) ;
#1859 = AXIS2_PLACEMENT_3D ( 'NONE', #4834, #4031, #4222 ) ;
#1860 = AXIS2_PLACEMENT_3D ( 'NONE', #6885, #449, #9038 ) ;
#1861 = ORIENTED_EDGE ( 'NONE', *, *, #4935, .T. ) ;
#1862 = CARTESIAN_POINT ( 'NONE',  ( 24.00000000000000000, 4.220646418680727763, -6.626384671046870345 ) ) ;
#1863 = EDGE_CURVE ( 'NONE', #4362, #3578, #1262, .T. ) ;
#1864 = CARTESIAN_POINT ( 'NONE',  ( 24.52840785915810429, 105.9503721433493837, -16.52132309331714310 ) ) ;
#1865 = AXIS2_PLACEMENT_3D ( 'NONE', #2104, #5763, #4874 ) ;
#1866 = CARTESIAN_POINT ( 'NONE',  ( 23.28753429247973017, 13.82287565553229314, -23.28161218218567186 ) ) ;
#1867 = DIRECTION ( 'NONE',  ( 0.000000000000000000, 0.000000000000000000, -1.000000000000000000 ) ) ;
#1868 = CARTESIAN_POINT ( 'NONE',  ( 26.99999999999999289, 55.01062534441197727, -128.1790850899541852 ) ) ;
#1869 = ORIENTED_EDGE ( 'NONE', *, *, #4478, .T. ) ;
#1870 = EDGE_CURVE ( 'NONE', #3758, #1035, #1129, .T. ) ;
#1871 = CARTESIAN_POINT ( 'NONE',  ( 14.24999999999978861, 96.44000000000002615, -13.11449676604731174 ) ) ;
#1872 = EDGE_CURVE ( 'NONE', #2143, #4215, #6899, .T. ) ;
#1873 = LINE ( 'NONE', #4737, #3736 ) ;
#1874 = CARTESIAN_POINT ( 'NONE',  ( -10.27340178588798736, 58.89422863405996367, -22.00000000000000355 ) ) ;
#1875 = DIRECTION ( 'NONE',  ( -0.3090169943749482839, 0.000000000000000000, 0.9510565162951533091 ) ) ;
#1876 = CARTESIAN_POINT ( 'NONE',  ( 26.99999999999999289, 55.01062534441197727, -2.000000000000001776 ) ) ;
#1877 = ORIENTED_EDGE ( 'NONE', *, *, #1300, .F. ) ;
#1878 = FACE_OUTER_BOUND ( 'NONE', #6325, .T. ) ;
#1879 = VECTOR ( 'NONE', #4437, 1000.000000000000000 ) ;
#1880 = ORIENTED_EDGE ( 'NONE', *, *, #6397, .T. ) ;
#1881 = FACE_OUTER_BOUND ( 'NONE', #2255, .T. ) ;
#1882 = EDGE_CURVE ( 'NONE', #3949, #4284, #2493, .T. ) ;
#1883 = EDGE_CURVE ( 'NONE', #7871, #1526, #3535, .T. ) ;
#1884 = VECTOR ( 'NONE', #6520, 1000.000000000000000 ) ;
#1885 = DIRECTION ( 'NONE',  ( 0.000000000000000000, -0.000000000000000000, -1.000000000000000000 ) ) ;
#1886 = CIRCLE ( 'NONE', #4738, 2.000000000000000000 ) ;
#1887 = COORDINATED_UNIVERSAL_TIME_OFFSET ( 8, 0, .AHEAD. ) ;
#1888 = ORIENTED_EDGE ( 'NONE', *, *, #3072, .F. ) ;
#1889 = CARTESIAN_POINT ( 'NONE',  ( -22.55000000000001847, 118.9400000000000261, -24.73205080756887853 ) ) ;
#1890 = CARTESIAN_POINT ( 'NONE',  ( 24.00000000000000355, 12.50000000000000355, -12.50000000000000000 ) ) ;
#1891 = CARTESIAN_POINT ( 'NONE',  ( -22.99999999999999645, 12.50000000000001066, -12.50000000000000000 ) ) ;
#1892 = DIRECTION ( 'NONE',  ( 1.000000000000000000, 9.912705577010326782E-17, -0.000000000000000000 ) ) ;
#1893 = PLANE ( 'NONE',  #2895 ) ;
#1894 = EDGE_LOOP ( 'NONE', ( #7348, #4783, #595, #1985 ) ) ;
#1895 = AXIS2_PLACEMENT_3D ( 'NONE', #3471, #4171, #2864 ) ;
#1896 = ORIENTED_EDGE ( 'NONE', *, *, #8225, .T. ) ;
#1897 = ORIENTED_EDGE ( 'NONE', *, *, #4981, .F. ) ;
#1898 = DIRECTION ( 'NONE',  ( 0.000000000000000000, 1.000000000000000000, -0.000000000000000000 ) ) ;
#1899 = DIRECTION ( 'NONE',  ( 1.000000000000000000, 1.734723475976807292E-15, -8.787991997524760300E-17 ) ) ;
#1900 = DIRECTION ( 'NONE',  ( 1.541976423090495387E-16, -1.000000000000000000, 0.000000000000000000 ) ) ;
#1901 = CARTESIAN_POINT ( 'NONE',  ( 11.58728778948666793, 12.50000000000000178, -25.49999999999999645 ) ) ;
#1902 = VERTEX_POINT ( 'NONE', #6943 ) ;
#1903 = CARTESIAN_POINT ( 'NONE',  ( -21.49999999999998579, 52.41254913305866125, -22.00000000000000355 ) ) ;
#1904 = CIRCLE ( 'NONE', #1607, 2.150000000000012346 ) ;
#1905 = DIRECTION ( 'NONE',  ( 1.000000000000000000, 0.000000000000000000, 0.000000000000000000 ) ) ;
#1906 = DIRECTION ( 'NONE',  ( 0.000000000000000000, -1.000000000000000000, 0.000000000000000000 ) ) ;
#1907 = ORIENTED_EDGE ( 'NONE', *, *, #2549, .T. ) ;
#1908 = VECTOR ( 'NONE', #1468, 1000.000000000000000 ) ;
#1909 = CARTESIAN_POINT ( 'NONE',  ( -28.25000000000000000, 102.3196380149609155, -2.000000000000001776 ) ) ;
#1910 = CARTESIAN_POINT ( 'NONE',  ( 24.83153414260883451, 105.5798265565317280, -16.27944842496635047 ) ) ;
#1911 = EDGE_CURVE ( 'NONE', #8572, #6867, #3099, .T. ) ;
#1912 = VECTOR ( 'NONE', #844, 1000.000000000000000 ) ;
#1913 = CARTESIAN_POINT ( 'NONE',  ( 23.02031579254863303, 17.64185121228560504, -22.37850118798613863 ) ) ;
#1914 = CIRCLE ( 'NONE', #3242, 5.999999999999998224 ) ;
#1915 = CYLINDRICAL_SURFACE ( 'NONE', #8054, 2.999999999999999112 ) ;
#1916 = LINE ( 'NONE', #2671, #8673 ) ;
#1917 = ORIENTED_EDGE ( 'NONE', *, *, #3198, .T. ) ;
#1918 = DIRECTION ( 'NONE',  ( 0.000000000000000000, -0.000000000000000000, -1.000000000000000000 ) ) ;
#1919 = CIRCLE ( 'NONE', #4927, 6.999999999999999112 ) ;
#1920 = LINE ( 'NONE', #9188, #5976 ) ;
#1921 = DIRECTION ( 'NONE',  ( -1.000000000000000000, -1.360567432138672574E-16, -0.000000000000000000 ) ) ;
#1922 = CYLINDRICAL_SURFACE ( 'NONE', #8486, 0.9000000000000075717 ) ;
#1923 = EDGE_CURVE ( 'NONE', #4633, #2249, #8798, .T. ) ;
#1924 = LINE ( 'NONE', #1357, #8768 ) ;
#1925 = ORIENTED_EDGE ( 'NONE', *, *, #8249, .T. ) ;
#1926 = CARTESIAN_POINT ( 'NONE',  ( 24.00000000000000355, 12.50000000000001599, -12.50000000000000000 ) ) ;
#1927 = ORIENTED_EDGE ( 'NONE', *, *, #1004, .F. ) ;
#1928 = CARTESIAN_POINT ( 'NONE',  ( 27.99999999999998934, 2.500000000000002220, -21.78708781050336896 ) ) ;
#1929 = EDGE_CURVE ( 'NONE', #4887, #3511, #6294, .T. ) ;
#1930 = AXIS2_PLACEMENT_3D ( 'NONE', #2756, #2621, #9134 ) ;
#1931 = EDGE_CURVE ( 'NONE', #4507, #4947, #1191, .T. ) ;
#1932 = CARTESIAN_POINT ( 'NONE',  ( 28.26931186714958244, 1.706069463259151764, -18.77678475572240302 ) ) ;
#1933 = DATE_AND_TIME ( #3390, #3028 ) ;
#1934 = ORIENTED_EDGE ( 'NONE', *, *, #7987, .T. ) ;
#1935 = FACE_OUTER_BOUND ( 'NONE', #3474, .T. ) ;
#1936 = CARTESIAN_POINT ( 'NONE',  ( 23.22518106879879696, 15.00572896162241854, -1.854542761398394246 ) ) ;
#1937 = PLANE ( 'NONE',  #4917 ) ;
#1938 = CYLINDRICAL_SURFACE ( 'NONE', #1995, 2.149999999999997247 ) ;
#1939 = VERTEX_POINT ( 'NONE', #7039 ) ;
#1940 = AXIS2_PLACEMENT_3D ( 'NONE', #3209, #300, #5333 ) ;
#1941 = ORIENTED_EDGE ( 'NONE', *, *, #315, .T. ) ;
#1942 = ORIENTED_EDGE ( 'NONE', *, *, #5092, .F. ) ;
#1943 = ADVANCED_FACE ( 'NONE', ( #4370 ), #7082, .T. ) ;
#1944 = AXIS2_PLACEMENT_3D ( 'NONE', #3504, #2804, #5062 ) ;
#1945 = FACE_OUTER_BOUND ( 'NONE', #6546, .T. ) ;
#1946 = DIRECTION ( 'NONE',  ( -1.000000000000000000, 1.541976423090495387E-16, -0.000000000000000000 ) ) ;
#1947 = CARTESIAN_POINT ( 'NONE',  ( -24.61623764195451969, 1.397533019444620273, -7.500000000000000888 ) ) ;
#1948 = CARTESIAN_POINT ( 'NONE',  ( 58.00000000000002132, 18.15685424949254312, -6.843145750507550140 ) ) ;
#1949 = ORIENTED_EDGE ( 'NONE', *, *, #1931, .T. ) ;
#1950 = LINE ( 'NONE', #3405, #5602 ) ;
#1951 = AXIS2_PLACEMENT_3D ( 'NONE', #1269, #2023, #2827 ) ;
#1952 = CARTESIAN_POINT ( 'NONE',  ( -29.99999999999999645, 12.50000000000022027, -4.499999999999771738 ) ) ;
#1953 = CARTESIAN_POINT ( 'NONE',  ( 23.30497173495124130, 13.37890816157402263, -23.31851762471205802 ) ) ;
#1954 = VERTEX_POINT ( 'NONE', #4930 ) ;
#1955 = VERTEX_POINT ( 'NONE', #1545 ) ;
#1956 = VECTOR ( 'NONE', #8950, 1000.000000000000227 ) ;
#1957 = DIRECTION ( 'NONE',  ( 1.000000000000000000, 9.912705577010326782E-17, -0.000000000000000000 ) ) ;
#1958 = DIRECTION ( 'NONE',  ( 0.000000000000000000, 1.000000000000000000, 0.000000000000000000 ) ) ;
#1959 = DIRECTION ( 'NONE',  ( 0.000000000000000000, -0.000000000000000000, -1.000000000000000000 ) ) ;
#1960 = AXIS2_PLACEMENT_3D ( 'NONE', #1045, #5377, #5939 ) ;
#1961 = AXIS2_PLACEMENT_3D ( 'NONE', #332, #8220, #3856 ) ;
#1962 = FACE_OUTER_BOUND ( 'NONE', #436, .T. ) ;
#1963 = LINE ( 'NONE', #9092, #1765 ) ;
#1964 = ORIENTED_EDGE ( 'NONE', *, *, #440, .F. ) ;
#1965 = AXIS2_PLACEMENT_3D ( 'NONE', #3824, #8712, #7206 ) ;
#1966 = CARTESIAN_POINT ( 'NONE',  ( 3.499999999999790834, 104.4400000000000261, -9.000000000000000000 ) ) ;
#1967 = DIRECTION ( 'NONE',  ( -1.000000000000000000, 0.000000000000000000, 0.000000000000000000 ) ) ;
#1968 = FACE_OUTER_BOUND ( 'NONE', #2778, .T. ) ;
#1969 = CARTESIAN_POINT ( 'NONE',  ( -23.99999999999999289, 12.49999999999986322, -20.49999999999977618 ) ) ;
#1970 = DIRECTION ( 'NONE',  ( 0.000000000000000000, 0.000000000000000000, 1.000000000000000000 ) ) ;
#1971 = ADVANCED_FACE ( 'NONE', ( #8547, #2865 ), #3667, .T. ) ;
#1972 = ORIENTED_EDGE ( 'NONE', *, *, #5497, .F. ) ;
#1973 = DIRECTION ( 'NONE',  ( 0.000000000000000000, 2.029344161882401514E-31, -1.000000000000000000 ) ) ;
#1974 = ADVANCED_FACE ( 'NONE', ( #3517 ), #7937, .F. ) ;
#1975 = ORIENTED_EDGE ( 'NONE', *, *, #2277, .T. ) ;
#1976 = EDGE_CURVE ( 'NONE', #2561, #8595, #6358, .T. ) ;
#1977 = DIRECTION ( 'NONE',  ( -0.4999999999999980016, 0.8660254037844398178, 0.000000000000000000 ) ) ;
#1978 = CARTESIAN_POINT ( 'NONE',  ( 19.99999999999998934, 49.81447292170534524, -3.000000000000000000 ) ) ;
#1979 = APPROVAL_ROLE ( '' ) ;
#1980 = EDGE_LOOP ( 'NONE', ( #3269, #7007, #5524, #6135 ) ) ;
#1981 = DIRECTION ( 'NONE',  ( -8.019547272036678345E-16, 0.000000000000000000, -1.000000000000000000 ) ) ;
#1982 = EDGE_LOOP ( 'NONE', ( #3494, #1861, #7597, #5018 ) ) ;
#1983 = DIRECTION ( 'NONE',  ( 0.000000000000000000, 0.000000000000000000, -1.000000000000000000 ) ) ;
#1984 = FACE_BOUND ( 'NONE', #5612, .T. ) ;
#1985 = ORIENTED_EDGE ( 'NONE', *, *, #4217, .T. ) ;
#1986 = VERTEX_POINT ( 'NONE', #2821 ) ;
#1987 = ORIENTED_EDGE ( 'NONE', *, *, #7675, .T. ) ;
#1988 = EDGE_CURVE ( 'NONE', #1006, #3597, #2960, .T. ) ;
#1989 = CARTESIAN_POINT ( 'NONE',  ( -24.00000000000001066, 12.50000000000001066, -12.50000000000000000 ) ) ;
#1990 = DIRECTION ( 'NONE',  ( 0.000000000000000000, 0.000000000000000000, 1.000000000000000000 ) ) ;
#1991 = CARTESIAN_POINT ( 'NONE',  ( -24.26589613595097106, 1.644102003987157001, -7.500000000000000000 ) ) ;
#1992 = DIRECTION ( 'NONE',  ( 0.3090169943749482839, 1.053076637743355143E-16, -0.9510565162951533091 ) ) ;
#1993 = ORIENTED_EDGE ( 'NONE', *, *, #8411, .F. ) ;
#1994 = DIRECTION ( 'NONE',  ( -0.9510565162951533091, 0.000000000000000000, -0.3090169943749482284 ) ) ;
#1995 = AXIS2_PLACEMENT_3D ( 'NONE', #1186, #4944, #2783 ) ;
#1996 = DIRECTION ( 'NONE',  ( -0.3285714285714290694, 0.9444791243466054143, 0.000000000000000000 ) ) ;
#1997 = LINE ( 'NONE', #5664, #8456 ) ;
#1998 = AXIS2_PLACEMENT_3D ( 'NONE', #1229, #6214, #7622 ) ;
#1999 = ORIENTED_EDGE ( 'NONE', *, *, #8152, .F. ) ;
#2000 = ORIENTED_EDGE ( 'NONE', *, *, #1929, .F. ) ;
#2001 = FACE_OUTER_BOUND ( 'NONE', #6206, .T. ) ;
#2002 = CIRCLE ( 'NONE', #5751, 6.000000000000001776 ) ;
#2003 = CARTESIAN_POINT ( 'NONE',  ( 25.21531439838515354, 105.2039962093092100, -15.87283022992213866 ) ) ;
#2004 = EDGE_CURVE ( 'NONE', #1190, #8572, #5821, .T. ) ;
#2005 = ADVANCED_FACE ( 'NONE', ( #2162 ), #1400, .T. ) ;
#2006 = CIRCLE ( 'NONE', #7262, 9.000000000000001776 ) ;
#2007 = DIRECTION ( 'NONE',  ( -4.939004732627448519E-32, -2.602085213965210149E-16, -1.000000000000000000 ) ) ;
#2008 = EDGE_CURVE ( 'NONE', #136, #4678, #4221, .T. ) ;
#2009 = CARTESIAN_POINT ( 'NONE',  ( 25.99999999999999645, 18.15685424949230153, -18.15685424949224469 ) ) ;
#2010 = CARTESIAN_POINT ( 'NONE',  ( -14.25000000000020250, 80.80934643409020168, -13.11449676604731174 ) ) ;
#2011 = ORIENTED_EDGE ( 'NONE', *, *, #3274, .T. ) ;
#2012 = FACE_OUTER_BOUND ( 'NONE', #7914, .T. ) ;
#2013 = AXIS2_PLACEMENT_3D ( 'NONE', #8160, #3319, #2572 ) ;
#2014 = CARTESIAN_POINT ( 'NONE',  ( -27.87901160377237275, 0.8349464896183261819, -16.99360601642947444 ) ) ;
#2015 = CARTESIAN_POINT ( 'NONE',  ( 22.24999999999998579, 109.0903061905773654, -14.59999999999999787 ) ) ;
#2016 = DIRECTION ( 'NONE',  ( -0.000000000000000000, 1.000000000000000000, -0.000000000000000000 ) ) ;
#2017 = CARTESIAN_POINT ( 'NONE',  ( 9.524690479923696884, 65.10000000000000853, -2.000000000000001776 ) ) ;
#2018 = ORIENTED_EDGE ( 'NONE', *, *, #4727, .T. ) ;
#2019 = CARTESIAN_POINT ( 'NONE',  ( -0.000000000000000000, 12.49999999999999822, 0.000000000000000000 ) ) ;
#2020 = EDGE_LOOP ( 'NONE', ( #34, #3264, #1614, #8314 ) ) ;
#2021 = CARTESIAN_POINT ( 'NONE',  ( 3.499999999999790834, 96.44000000000002615, -9.000000000000000000 ) ) ;
#2022 = EDGE_CURVE ( 'NONE', #7941, #4960, #3062, .T. ) ;
#2023 = DIRECTION ( 'NONE',  ( 0.000000000000000000, 0.000000000000000000, -1.000000000000000000 ) ) ;
#2024 = EDGE_LOOP ( 'NONE', ( #7094, #3767 ) ) ;
#2025 = DIRECTION ( 'NONE',  ( 0.000000000000000000, -1.000000000000000000, 8.326672684688674053E-16 ) ) ;
#2026 = CARTESIAN_POINT ( 'NONE',  ( -25.99999999999999645, 10.34999999999988596, -20.49999999999977618 ) ) ;
#2027 = CIRCLE ( 'NONE', #2637, 12.00000000000000000 ) ;
#2028 = AXIS2_PLACEMENT_3D ( 'NONE', #6747, #1058, #2439 ) ;
#2029 = CARTESIAN_POINT ( 'NONE',  ( -29.99999999999998579, 4.186072168292747087, -19.21426587718588408 ) ) ;
#2030 = VERTEX_POINT ( 'NONE', #4978 ) ;
#2031 = ORIENTED_EDGE ( 'NONE', *, *, #7044, .T. ) ;
#2032 = EDGE_LOOP ( 'NONE', ( #3094, #2965, #6487 ) ) ;
#2033 = EDGE_LOOP ( 'NONE', ( #2589, #5686, #7841, #2794 ) ) ;
#2034 = CIRCLE ( 'NONE', #382, 2.000000000000000000 ) ;
#2035 = AXIS2_PLACEMENT_3D ( 'NONE', #5909, #4457, #883 ) ;
#2036 = AXIS2_PLACEMENT_3D ( 'NONE', #1323, #4089, #5416 ) ;
#2037 = EDGE_CURVE ( 'NONE', #7760, #302, #1448, .T. ) ;
#2038 = CARTESIAN_POINT ( 'NONE',  ( 28.55363764444284058, 12.39141745542222495, -25.49999999999998579 ) ) ;
#2039 = DIRECTION ( 'NONE',  ( 1.000000000000000000, 1.734723475976807292E-15, -8.787991997524760300E-17 ) ) ;
#2040 = CARTESIAN_POINT ( 'NONE',  ( -25.71086342336971242, 1.055023969689425023, -7.500000000000000888 ) ) ;
#2041 = CIRCLE ( 'NONE', #533, 12.50000000000000000 ) ;
#2042 = DIRECTION ( 'NONE',  ( 1.613696256722611948E-15, -1.000000000000000000, 3.227392513445223895E-15 ) ) ;
#2043 = VERTEX_POINT ( 'NONE', #743 ) ;
#2044 = CARTESIAN_POINT ( 'NONE',  ( -23.00000000000000000, 12.50000000000000888, -7.500000000000000000 ) ) ;
#2045 = VECTOR ( 'NONE', #412, 1000.000000000000000 ) ;
#2046 = EDGE_CURVE ( 'NONE', #8856, #4589, #7839, .T. ) ;
#2047 = CARTESIAN_POINT ( 'NONE',  ( -29.99999999999999645, 4.828427124746174748, -25.50000000000000355 ) ) ;
#2048 = CARTESIAN_POINT ( 'NONE',  ( -23.69510612946851680, 107.7289358119193707, -16.60446636762949879 ) ) ;
#2049 = ORIENTED_EDGE ( 'NONE', *, *, #723, .F. ) ;
#2050 = ORIENTED_EDGE ( 'NONE', *, *, #3489, .F. ) ;
#2051 = DIRECTION ( 'NONE',  ( -1.000000000000000000, 0.000000000000000000, 0.000000000000000000 ) ) ;
#2052 = AXIS2_PLACEMENT_3D ( 'NONE', #634, #2007, #1436 ) ;
#2053 = CARTESIAN_POINT ( 'NONE',  ( 19.99999999999998934, 49.81447292170534524, -22.00000000000000355 ) ) ;
#2054 = EDGE_CURVE ( 'NONE', #1709, #747, #6794, .T. ) ;
#2055 = LINE ( 'NONE', #29, #7598 ) ;
#2056 = ORIENTED_EDGE ( 'NONE', *, *, #8195, .F. ) ;
#2057 = CARTESIAN_POINT ( 'NONE',  ( 25.99999999999999645, 20.50000000000001066, -12.50000000000000000 ) ) ;
#2058 = CARTESIAN_POINT ( 'NONE',  ( 5.773401785888007787, 51.10000000000000853, 0.000000000000000000 ) ) ;
#2059 = EDGE_LOOP ( 'NONE', ( #6738, #6013 ) ) ;
#2060 = AXIS2_PLACEMENT_3D ( 'NONE', #9075, #1235, #665 ) ;
#2061 = ORIENTED_EDGE ( 'NONE', *, *, #7014, .F. ) ;
#2062 = EDGE_CURVE ( 'NONE', #674, #5555, #4842, .T. ) ;
#2063 = CARTESIAN_POINT ( 'NONE',  ( -27.27105660884731009, 1.031135050255351571, -17.47176013381296755 ) ) ;
#2064 = VECTOR ( 'NONE', #6437, 1000.000000000000000 ) ;
#2065 = CARTESIAN_POINT ( 'NONE',  ( -23.55000000000000782, 108.9309918853871579, 1.012844024461276027E-30 ) ) ;
#2066 = CYLINDRICAL_SURFACE ( 'NONE', #1396, 12.50000000000000000 ) ;
#2067 = DIRECTION ( 'NONE',  ( 0.000000000000000000, -2.602085213965210149E-16, -1.000000000000000000 ) ) ;
#2068 = ORIENTED_EDGE ( 'NONE', *, *, #4006, .F. ) ;
#2069 = CARTESIAN_POINT ( 'NONE',  ( 29.99999999999999645, 14.65000000000021174, -4.499999999999771738 ) ) ;
#2070 = CIRCLE ( 'NONE', #5237, 6.000000000000000000 ) ;
#2071 = VERTEX_POINT ( 'NONE', #7282 ) ;
#2072 = CARTESIAN_POINT ( 'NONE',  ( 6.423762078750519855, 104.4400000000000261, -15.65739561406607727 ) ) ;
#2073 = AXIS2_PLACEMENT_3D ( 'NONE', #4027, #7601, #1355 ) ;
#2074 = CARTESIAN_POINT ( 'NONE',  ( 29.60820733274361061, 3.303997789670205520, -20.87779196410549076 ) ) ;
#2075 = CALENDAR_DATE ( 2026, 6, 5 ) ;
#2076 = ORIENTED_EDGE ( 'NONE', *, *, #5538, .T. ) ;
#2077 = CARTESIAN_POINT ( 'NONE',  ( -27.99999999999999289, 2.499999999999996891, -24.00000000000001421 ) ) ;
#2078 = DIRECTION ( 'NONE',  ( 1.000000000000000000, -0.000000000000000000, -0.000000000000000000 ) ) ;
#2079 = DIRECTION ( 'NONE',  ( -1.000000000000000000, -9.912705577010326782E-17, 0.000000000000000000 ) ) ;
#2080 = ORIENTED_EDGE ( 'NONE', *, *, #5792, .F. ) ;
#2081 = ORIENTED_EDGE ( 'NONE', *, *, #5458, .F. ) ;
#2082 = ORIENTED_EDGE ( 'NONE', *, *, #277, .F. ) ;
#2083 = AXIS2_PLACEMENT_3D ( 'NONE', #8771, #8070, #5901 ) ;
#2084 = CARTESIAN_POINT ( 'NONE',  ( -10.27340178588798913, 58.89422863405996367, 0.000000000000000000 ) ) ;
#2085 = DIRECTION ( 'NONE',  ( -0.000000000000000000, -0.000000000000000000, -1.000000000000000000 ) ) ;
#2086 = DIRECTION ( 'NONE',  ( 0.000000000000000000, -1.000000000000000000, -1.156482317317873204E-16 ) ) ;
#2087 = CARTESIAN_POINT ( 'NONE',  ( 23.54999999999997584, 115.4701143507291334, -23.11877585063688656 ) ) ;
#2088 = VERTEX_POINT ( 'NONE', #3618 ) ;
#2089 = CYLINDRICAL_SURFACE ( 'NONE', #6056, 1.049999999999998934 ) ;
#2090 = DIRECTION ( 'NONE',  ( -1.000000000000000000, 1.541976423090495387E-16, 0.000000000000000000 ) ) ;
#2091 = DIRECTION ( 'NONE',  ( 0.8090169943749473402, 0.000000000000000000, -0.5877852522924732481 ) ) ;
#2092 = EDGE_CURVE ( 'NONE', #5323, #6090, #3654, .T. ) ;
#2093 = ORIENTED_EDGE ( 'NONE', *, *, #3553, .F. ) ;
#2094 = VERTEX_POINT ( 'NONE', #3010 ) ;
#2095 = ADVANCED_FACE ( 'NONE', ( #8500 ), #2066, .T. ) ;
#2096 = B_SPLINE_CURVE_WITH_KNOTS ( 'NONE', 3,
 ( #9090, #6096, #1913, #6935, #5440, #4687, #3280, #1866 ),
 .UNSPECIFIED., .F., .F.,
 ( 4, 2, 2, 4 ),
 ( 0.000000000000000000, 0.001180498940901559884, 0.002360997881803119768, 0.004721995763606238669 ),
 .UNSPECIFIED. ) ;
#2097 = CYLINDRICAL_SURFACE ( 'NONE', #3599, 1.000000000000000888 ) ;
#2098 = AXIS2_PLACEMENT_3D ( 'NONE', #5171, #2257, #687 ) ;
#2099 = EDGE_CURVE ( 'NONE', #5358, #5108, #4085, .T. ) ;
#2100 = CYLINDRICAL_SURFACE ( 'NONE', #1030, 1.999999999999999334 ) ;
#2101 = FACE_OUTER_BOUND ( 'NONE', #378, .T. ) ;
#2102 = VERTEX_POINT ( 'NONE', #1705 ) ;
#2103 = DIRECTION ( 'NONE',  ( 0.4999999999999980016, -0.8660254037844398178, 0.000000000000000000 ) ) ;
#2104 = CARTESIAN_POINT ( 'NONE',  ( 16.57654914134644741, 94.44000000000002615, 0.000000000000000000 ) ) ;
#2105 = VECTOR ( 'NONE', #8622, 1000.000000000000000 ) ;
#2106 = ORIENTED_EDGE ( 'NONE', *, *, #7280, .T. ) ;
#2107 = EDGE_LOOP ( 'NONE', ( #2241, #4148, #1322, #5851, #8631, #856, #355 ) ) ;
#2108 = CARTESIAN_POINT ( 'NONE',  ( -25.72823434151561273, 104.8031044571827266, -14.33134691172346464 ) ) ;
#2109 = EDGE_CURVE ( 'NONE', #8984, #2240, #5418, .T. ) ;
#2110 = AXIS2_PLACEMENT_3D ( 'NONE', #7720, #1946, #9122 ) ;
#2111 = DIRECTION ( 'NONE',  ( -0.000000000000000000, 0.000000000000000000, 1.000000000000000000 ) ) ;
#2112 = AXIS2_PLACEMENT_3D ( 'NONE', #4014, #8247, #3181 ) ;
#2113 = EDGE_CURVE ( 'NONE', #3630, #3116, #4684, .T. ) ;
#2114 = CARTESIAN_POINT ( 'NONE',  ( -27.00000000000000000, 12.50000000000000888, -12.50000000000000000 ) ) ;
#2115 = DIRECTION ( 'NONE',  ( -1.000000000000000000, -9.912705577010326782E-17, 0.000000000000000000 ) ) ;
#2116 = DIRECTION ( 'NONE',  ( -0.5877852522924723599, 0.000000000000000000, 0.8090169943749481174 ) ) ;
#2117 = EDGE_LOOP ( 'NONE', ( #1880, #7739 ) ) ;
#2118 = CC_DESIGN_DATE_AND_TIME_ASSIGNMENT ( #2126, #517, ( #741 ) ) ;
#2119 = EDGE_CURVE ( 'NONE', #5045, #8790, #5007, .T. ) ;
#2120 = VECTOR ( 'NONE', #487, 999.9999999999998863 ) ;
#2121 = CARTESIAN_POINT ( 'NONE',  ( 25.99999999999999645, 12.50000000000021316, -4.499999999999771738 ) ) ;
#2122 = EDGE_CURVE ( 'NONE', #1986, #7815, #5163, .T. ) ;
#2123 = EDGE_CURVE ( 'NONE', #282, #4656, #48, .T. ) ;
#2124 = CYLINDRICAL_SURFACE ( 'NONE', #8397, 1.999999999999998224 ) ;
#2125 = APPROVAL ( #1789, '未指定' ) ;
#2126 = DATE_AND_TIME ( #656, #2725 ) ;
#2127 = ORIENTED_EDGE ( 'NONE', *, *, #8342, .F. ) ;
#2128 = CARTESIAN_POINT ( 'NONE',  ( -11.26830527994894027, 71.48374507372808750, 0.000000000000000000 ) ) ;
#2129 = CARTESIAN_POINT ( 'NONE',  ( -23.99999999999999289, 17.10685424949253175, -6.843145750507550140 ) ) ;
#2130 = FACE_OUTER_BOUND ( 'NONE', #3300, .T. ) ;
#2131 = EDGE_LOOP ( 'NONE', ( #2366, #349, #7275, #1361, #4671, #6545, #794, #4420, #5874, #4102, #1258, #5626, #2591, #3149, #7879, #6187, #924, #4566, #5789, #923, #2568, #9013, #8047, #1276, #1533, #1799, #3638, #5684, #1040, #4649, #860, #4094, #8205 ) ) ;
#2132 = ORIENTED_EDGE ( 'NONE', *, *, #1821, .F. ) ;
#2133 = ORIENTED_EDGE ( 'NONE', *, *, #4334, .F. ) ;
#2134 = VERTEX_POINT ( 'NONE', #1666 ) ;
#2135 = CARTESIAN_POINT ( 'NONE',  ( 27.80831327735401715, 0.8779216665812790144, -17.10298435012850504 ) ) ;
#2136 = DIRECTION ( 'NONE',  ( 1.000000000000000000, -1.898094922533725623E-16, 0.000000000000000000 ) ) ;
#2137 = DIRECTION ( 'NONE',  ( -0.8090169943749472292, 6.508371548838544909E-17, -0.5877852522924734702 ) ) ;
#2138 = CARTESIAN_POINT ( 'NONE',  ( 29.99999999999999645, 20.50000000000001066, -12.50000000000000000 ) ) ;
#2139 = VERTEX_POINT ( 'NONE', #6121 ) ;
#2140 = DIRECTION ( 'NONE',  ( 0.000000000000000000, -1.000000000000000000, 0.000000000000000000 ) ) ;
#2141 = CARTESIAN_POINT ( 'NONE',  ( 22.24999999999998579, 113.9403061905773740, -7.599999999999997868 ) ) ;
#2142 = CARTESIAN_POINT ( 'NONE',  ( -23.00000000000000000, 9.053179648447564176, -25.50000000000000355 ) ) ;
#2143 = VERTEX_POINT ( 'NONE', #8979 ) ;
#2144 = ORIENTED_EDGE ( 'NONE', *, *, #4170, .F. ) ;
#2145 = CARTESIAN_POINT ( 'NONE',  ( 24.57956382589527067, 4.392584220994649513, -7.414360154873073760 ) ) ;
#2146 = DIRECTION ( 'NONE',  ( -1.000000000000000000, 1.541976423090495387E-16, -0.000000000000000000 ) ) ;
#2147 = CIRCLE ( 'NONE', #4240, 3.000000000000000000 ) ;
#2148 = AXIS2_PLACEMENT_3D ( 'NONE', #6074, #1138, #8981 ) ;
#2149 = EDGE_CURVE ( 'NONE', #8452, #1418, #8901, .T. ) ;
#2150 = DIRECTION ( 'NONE',  ( -0.8660254037844400399, 0.4999999999999979461, 0.000000000000000000 ) ) ;
#2151 = DIRECTION ( 'NONE',  ( 0.000000000000000000, 0.000000000000000000, -1.000000000000000000 ) ) ;
#2152 = EDGE_LOOP ( 'NONE', ( #397, #932 ) ) ;
#2153 = DIRECTION ( 'NONE',  ( 0.8660254037844397068, 0.4999999999999979461, 0.000000000000000000 ) ) ;
#2154 = CARTESIAN_POINT ( 'NONE',  ( -23.55000000000002203, 116.0903061905773797, -7.599999999999997868 ) ) ;
#2155 = ORIENTED_EDGE ( 'NONE', *, *, #24, .T. ) ;
#2156 = ORIENTED_EDGE ( 'NONE', *, *, #8648, .T. ) ;
#2157 = CIRCLE ( 'NONE', #5902, 2.000000000000001776 ) ;
#2158 = VECTOR ( 'NONE', #6226, 999.9999999999998863 ) ;
#2159 = CARTESIAN_POINT ( 'NONE',  ( -23.84742045213380734, 107.2269976587115821, -12.46555381862422784 ) ) ;
#2160 = CARTESIAN_POINT ( 'NONE',  ( 27.97484916477864303, 0.7464853916816913681, -8.243139327743151057 ) ) ;
#2161 = CARTESIAN_POINT ( 'NONE',  ( 26.00000000000000000, 0.000000000000000000, -3.000000000000000000 ) ) ;
#2162 = FACE_OUTER_BOUND ( 'NONE', #3315, .T. ) ;
#2163 = DIRECTION ( 'NONE',  ( 0.000000000000000000, 2.029344161882401514E-31, -1.000000000000000000 ) ) ;
#2164 = DIRECTION ( 'NONE',  ( -1.000000000000000000, -1.892425610156517122E-16, -0.000000000000000000 ) ) ;
#2165 = EDGE_LOOP ( 'NONE', ( #3793, #2938, #1715, #3078 ) ) ;
#2166 = EDGE_LOOP ( 'NONE', ( #4142, #8696, #6043, #4473 ) ) ;
#2167 = EDGE_CURVE ( 'NONE', #3627, #1796, #4576, .T. ) ;
#2168 = ADVANCED_FACE ( 'NONE', ( #3208 ), #1002, .F. ) ;
#2169 = CIRCLE ( 'NONE', #5015, 2.150000000000012790 ) ;
#2170 = DIRECTION ( 'NONE',  ( 0.000000000000000000, -1.000000000000000000, 0.000000000000000000 ) ) ;
#2171 = APPLICATION_CONTEXT ( 'configuration controlled 3d designs of mechanical parts and assemblies' ) ;
#2172 = AXIS2_PLACEMENT_3D ( 'NONE', #4072, #6937, #8629 ) ;
#2173 = DIRECTION ( 'NONE',  ( -9.912705577010326782E-17, 1.000000000000000000, 0.000000000000000000 ) ) ;
#2174 = ORIENTED_EDGE ( 'NONE', *, *, #2574, .T. ) ;
#2175 = DIRECTION ( 'NONE',  ( 0.8660254037844394848, -0.4999999999999987232, 0.000000000000000000 ) ) ;
#2176 = FACE_OUTER_BOUND ( 'NONE', #5858, .T. ) ;
#2177 = VECTOR ( 'NONE', #8935, 1000.000000000000000 ) ;
#2178 = CARTESIAN_POINT ( 'NONE',  ( -28.63339045610537781, 1.808059705224700497, -18.78765799764029509 ) ) ;
#2179 = ORIENTED_EDGE ( 'NONE', *, *, #1575, .T. ) ;
#2180 = EDGE_LOOP ( 'NONE', ( #7626, #7994, #2925, #4971 ) ) ;
#2181 = EDGE_LOOP ( 'NONE', ( #5283, #8800, #8449, #5824 ) ) ;
#2182 = EDGE_LOOP ( 'NONE', ( #4491, #1934, #3914, #2302 ) ) ;
#2183 = ADVANCED_FACE ( 'NONE', ( #7439 ), #7570, .F. ) ;
#2184 = CARTESIAN_POINT ( 'NONE',  ( 8.586881039375148461, 80.80934643409020168, -9.000000000000001776 ) ) ;
#2185 = CARTESIAN_POINT ( 'NONE',  ( -22.25000000000000000, 113.9403061905773598, -7.599999999999997868 ) ) ;
#2186 = DIRECTION ( 'NONE',  ( 1.000000000000000000, 9.912705577010326782E-17, -0.000000000000000000 ) ) ;
#2187 = VERTEX_POINT ( 'NONE', #3999 ) ;
#2188 = CARTESIAN_POINT ( 'NONE',  ( -27.00000000000000000, 12.50000000000000888, -7.500000000000000000 ) ) ;
#2189 = EDGE_LOOP ( 'NONE', ( #2376, #9203 ) ) ;
#2190 = LINE ( 'NONE', #5054, #1879 ) ;
#2191 = LINE ( 'NONE', #70, #600 ) ;
#2192 = DIRECTION ( 'NONE',  ( 0.000000000000000000, 1.000000000000000000, 0.000000000000000000 ) ) ;
#2193 = ORIENTED_EDGE ( 'NONE', *, *, #6470, .F. ) ;
#2194 = ORIENTED_EDGE ( 'NONE', *, *, #1201, .T. ) ;
#2195 = VECTOR ( 'NONE', #5257, 999.9999999999998863 ) ;
#2196 = CIRCLE ( 'NONE', #5631, 1.999999999999998224 ) ;
#2197 = DIRECTION ( 'NONE',  ( -1.541976423090495387E-16, 1.000000000000000000, 0.000000000000000000 ) ) ;
#2198 = CARTESIAN_POINT ( 'NONE',  ( -26.00000000000000000, 20.30685424949254880, -6.843145750507550140 ) ) ;
#2199 = AXIS2_PLACEMENT_3D ( 'NONE', #6936, #7642, #501 ) ;
#2200 = CARTESIAN_POINT ( 'NONE',  ( 25.99999999999999645, 19.45000000000001350, -12.50000000000000000 ) ) ;
#2201 = FACE_BOUND ( 'NONE', #5576, .T. ) ;
#2202 = LINE ( 'NONE', #4306, #6236 ) ;
#2203 = ORIENTED_EDGE ( 'NONE', *, *, #950, .F. ) ;
#2204 = CARTESIAN_POINT ( 'NONE',  ( 23.54999999999998295, 116.0903061905773939, -7.599999999999997868 ) ) ;
#2205 = FACE_OUTER_BOUND ( 'NONE', #5460, .T. ) ;
#2206 = ORIENTED_EDGE ( 'NONE', *, *, #7544, .T. ) ;
#2207 = ORIENTED_EDGE ( 'NONE', *, *, #5027, .T. ) ;
#2208 = AXIS2_PLACEMENT_3D ( 'NONE', #5128, #7990, #1544 ) ;
#2209 = EDGE_CURVE ( 'NONE', #229, #6873, #4621, .T. ) ;
#2210 = DIRECTION ( 'NONE',  ( 1.898094922533725623E-16, 1.000000000000000000, 0.000000000000000000 ) ) ;
#2211 = CARTESIAN_POINT ( 'NONE',  ( 2.163118960624425657, 96.44000000000002615, -13.11449676604731351 ) ) ;
#2212 = CARTESIAN_POINT ( 'NONE',  ( 25.99999999999999645, 12.50000000000021316, -4.499999999999771738 ) ) ;
#2213 = CARTESIAN_POINT ( 'NONE',  ( -17.40583894593591552, 96.30893166001948202, -15.40734797180521376 ) ) ;
#2214 = CARTESIAN_POINT ( 'NONE',  ( -26.99999999999999645, 1.043560762610397319, -17.50000000000000000 ) ) ;
#2215 = CARTESIAN_POINT ( 'NONE',  ( -20.25000000000000000, 104.4400000000000261, -4.500000000000001776 ) ) ;
#2216 = ORIENTED_EDGE ( 'NONE', *, *, #7224, .T. ) ;
#2217 = ORIENTED_EDGE ( 'NONE', *, *, #1316, .T. ) ;
#2218 = ADVANCED_FACE ( 'NONE', ( #299 ), #2377, .T. ) ;
#2219 = DIRECTION ( 'NONE',  ( 0.000000000000000000, 1.000000000000000000, 0.000000000000000000 ) ) ;
#2220 = CYLINDRICAL_SURFACE ( 'NONE', #3904, 1.999999999999999334 ) ;
#2221 = AXIS2_PLACEMENT_3D ( 'NONE', #3327, #502, #8394 ) ;
#2222 = ORIENTED_EDGE ( 'NONE', *, *, #6574, .T. ) ;
#2223 = CARTESIAN_POINT ( 'NONE',  ( -28.25000000000000000, 94.08030619057737454, -2.000000000000001776 ) ) ;
#2224 = LINE ( 'NONE', #7242, #98 ) ;
#2225 = CIRCLE ( 'NONE', #3415, 0.9000000000000075717 ) ;
#2226 = ORIENTED_EDGE ( 'NONE', *, *, #4821, .F. ) ;
#2227 = ORIENTED_EDGE ( 'NONE', *, *, #5792, .T. ) ;
#2228 = ORIENTED_EDGE ( 'NONE', *, *, #4209, .T. ) ;
#2229 = VECTOR ( 'NONE', #6058, 1000.000000000000000 ) ;
#2230 = EDGE_CURVE ( 'NONE', #7953, #4807, #5291, .T. ) ;
#2231 = CARTESIAN_POINT ( 'NONE',  ( 29.93619705396144681, 10.67966385174270627, -25.50000000000000000 ) ) ;
#2232 = CARTESIAN_POINT ( 'NONE',  ( -25.99999999999999645, 13.82287565553229136, -27.00000000000000355 ) ) ;
#2233 = LINE ( 'NONE', #7911, #462 ) ;
#2234 = ORIENTED_EDGE ( 'NONE', *, *, #4153, .T. ) ;
#2235 = ORIENTED_EDGE ( 'NONE', *, *, #1801, .T. ) ;
#2236 = DIRECTION ( 'NONE',  ( 1.000000000000000000, -1.541976423090495387E-16, 0.000000000000000000 ) ) ;
#2237 = FACE_OUTER_BOUND ( 'NONE', #5234, .T. ) ;
#2238 = CARTESIAN_POINT ( 'NONE',  ( 58.00000000000002132, 20.50000000000001776, -12.50000000000000000 ) ) ;
#2239 = EDGE_CURVE ( 'NONE', #3477, #1404, #6613, .T. ) ;
#2240 = VERTEX_POINT ( 'NONE', #3168 ) ;
#2241 = ORIENTED_EDGE ( 'NONE', *, *, #6106, .F. ) ;
#2242 = AXIS2_PLACEMENT_3D ( 'NONE', #7923, #6374, #9226 ) ;
#2243 = DIRECTION ( 'NONE',  ( -1.000000000000000000, 0.000000000000000000, 0.000000000000000000 ) ) ;
#2244 = DIRECTION ( 'NONE',  ( -0.8399223068573765660, 0.5427066596637478701, 0.000000000000000000 ) ) ;
#2245 = DIRECTION ( 'NONE',  ( 0.000000000000000000, -1.000000000000000000, 0.000000000000000000 ) ) ;
#2246 = AXIS2_PLACEMENT_3D ( 'NONE', #8068, #3337, #5411 ) ;
#2247 = CARTESIAN_POINT ( 'NONE',  ( -37.75000000000000711, 113.9403061905773598, -21.59999999999999787 ) ) ;
#2248 = DIRECTION ( 'NONE',  ( 0.000000000000000000, -0.000000000000000000, -1.000000000000000000 ) ) ;
#2249 = VERTEX_POINT ( 'NONE', #3910 ) ;
#2250 = ADVANCED_FACE ( 'NONE', ( #6774 ), #344, .T. ) ;
#2251 = CARTESIAN_POINT ( 'NONE',  ( -17.75000000000019540, 80.80934643409020168, -15.65739561406607372 ) ) ;
#2252 = FACE_OUTER_BOUND ( 'NONE', #7055, .T. ) ;
#2253 = DIRECTION ( 'NONE',  ( -0.000000000000000000, 0.000000000000000000, 1.000000000000000000 ) ) ;
#2254 = ORIENTED_EDGE ( 'NONE', *, *, #1063, .T. ) ;
#2255 = EDGE_LOOP ( 'NONE', ( #5974, #8686, #2068, #3821 ) ) ;
#2256 = CIRCLE ( 'NONE', #7490, 0.8999999999999980238 ) ;
#2257 = DIRECTION ( 'NONE',  ( 0.000000000000000000, -1.000000000000000000, 0.000000000000000000 ) ) ;
#2258 = CARTESIAN_POINT ( 'NONE',  ( 27.80757884505157662, 0.8782619262663116100, -7.896168321627413889 ) ) ;
#2259 = CARTESIAN_POINT ( 'NONE',  ( 18.25639375506120388, 93.35458668067252574, -23.00000000000000000 ) ) ;
#2260 = DIRECTION ( 'NONE',  ( 0.000000000000000000, 0.000000000000000000, -1.000000000000000000 ) ) ;
#2261 = DIRECTION ( 'NONE',  ( -1.000000000000000000, 0.000000000000000000, 0.000000000000000000 ) ) ;
#2262 = DIRECTION ( 'NONE',  ( -8.787991997524760300E-17, 3.055260266764806547E-32, -1.000000000000000000 ) ) ;
#2263 = ORIENTED_EDGE ( 'NONE', *, *, #774, .T. ) ;
#2264 = VERTEX_POINT ( 'NONE', #8321 ) ;
#2265 = VECTOR ( 'NONE', #2970, 1000.000000000000000 ) ;
#2266 = CIRCLE ( 'NONE', #161, 2.149999999999999023 ) ;
#2267 = CARTESIAN_POINT ( 'NONE',  ( -24.89991644724697650, 4.717435502226148714, -17.50000000000089528 ) ) ;
#2268 = EDGE_CURVE ( 'NONE', #5138, #6911, #1095, .T. ) ;
#2269 = CARTESIAN_POINT ( 'NONE',  ( -26.99999999999999645, 1.043560762610397319, -7.500000000000000000 ) ) ;
#2270 = EDGE_CURVE ( 'NONE', #1829, #7983, #7248, .T. ) ;
#2271 = ORIENTED_EDGE ( 'NONE', *, *, #8475, .T. ) ;
#2272 = CYLINDRICAL_SURFACE ( 'NONE', #6838, 1.049999999999998934 ) ;
#2273 = CONICAL_SURFACE ( 'NONE', #317, 10.15000000000000036, 0.7853981633974509435 ) ;
#2274 = ORIENTED_EDGE ( 'NONE', *, *, #24, .F. ) ;
#2275 = EDGE_LOOP ( 'NONE', ( #1675, #7395, #7608, #7857 ) ) ;
#2276 = ORIENTED_EDGE ( 'NONE', *, *, #8458, .F. ) ;
#2277 = EDGE_CURVE ( 'NONE', #3610, #4436, #8443, .T. ) ;
#2278 = CIRCLE ( 'NONE', #3467, 0.9000000000000075717 ) ;
#2279 = CARTESIAN_POINT ( 'NONE',  ( 0.000000000000000000, 12.49999999999999822, -12.50000000000000000 ) ) ;
#2280 = CARTESIAN_POINT ( 'NONE',  ( 23.31393684833123814, 12.49999999999999822, -12.50000000000000000 ) ) ;
#2281 = EDGE_LOOP ( 'NONE', ( #3155, #9250 ) ) ;
#2282 = DIRECTION ( 'NONE',  ( 1.000000000000000000, 1.360567432138672574E-16, 0.000000000000000000 ) ) ;
#2283 = ORIENTED_EDGE ( 'NONE', *, *, #6961, .T. ) ;
#2284 = CARTESIAN_POINT ( 'NONE',  ( -23.31393684833120616, 2.886454107512963496, -7.500000000000000000 ) ) ;
#2285 = CARTESIAN_POINT ( 'NONE',  ( -29.99286734478582162, 4.302582103438723493, -19.58646625479127934 ) ) ;
#2286 = DIRECTION ( 'NONE',  ( -1.000000000000000000, -1.892425610156517122E-16, -0.000000000000000000 ) ) ;
#2287 = EDGE_CURVE ( 'NONE', #4708, #8563, #7712, .T. ) ;
#2288 = ORIENTED_EDGE ( 'NONE', *, *, #6628, .T. ) ;
#2289 = ORIENTED_EDGE ( 'NONE', *, *, #851, .F. ) ;
#2290 = EDGE_CURVE ( 'NONE', #3605, #5245, #6170, .T. ) ;
#2291 = CARTESIAN_POINT ( 'NONE',  ( 23.84770110250489594, 2.039167218793128455, -7.500000000000006217 ) ) ;
#2292 = DIRECTION ( 'NONE',  ( -1.000000000000000000, -1.892425610156517122E-16, -0.000000000000000000 ) ) ;
#2293 = DIRECTION ( 'NONE',  ( -1.000000000000000000, -9.912705577010326782E-17, 0.000000000000000000 ) ) ;
#2294 = CIRCLE ( 'NONE', #5565, 6.000000000000000000 ) ;
#2295 = CARTESIAN_POINT ( 'NONE',  ( 23.54999999999997584, 117.9400000000000972, -23.00000000000000000 ) ) ;
#2296 = CARTESIAN_POINT ( 'NONE',  ( 0.000000000000000000, 83.52616047165487601, 0.000000000000000000 ) ) ;
#2297 = ORIENTED_EDGE ( 'NONE', *, *, #4288, .F. ) ;
#2298 = CARTESIAN_POINT ( 'NONE',  ( -25.99999999999999645, 11.45000000000020179, -4.499999999999771738 ) ) ;
#2299 = DIRECTION ( 'NONE',  ( 0.000000000000000000, -1.000000000000000000, 0.000000000000000000 ) ) ;
#2300 = CARTESIAN_POINT ( 'NONE',  ( 24.00601015047710618, 4.226148267525994484, -18.36937474953749572 ) ) ;
#2301 = ORIENTED_EDGE ( 'NONE', *, *, #6433, .T. ) ;
#2302 = ORIENTED_EDGE ( 'NONE', *, *, #6755, .F. ) ;
#2303 = CARTESIAN_POINT ( 'NONE',  ( -23.62135886097586379, 108.0821200989300337, -12.77335625134296571 ) ) ;
#2304 = EDGE_CURVE ( 'NONE', #2697, #4800, #4700, .T. ) ;
#2305 = DIRECTION ( 'NONE',  ( -0.000000000000000000, 0.000000000000000000, 1.000000000000000000 ) ) ;
#2306 = EDGE_CURVE ( 'NONE', #1442, #8001, #4091, .T. ) ;
#2307 = DIRECTION ( 'NONE',  ( 1.000000000000000000, 9.912705577010326782E-17, -0.000000000000000000 ) ) ;
#2308 = DIRECTION ( 'NONE',  ( -1.000000000000000000, -9.912705577010326782E-17, 0.000000000000000000 ) ) ;
#2309 = DIRECTION ( 'NONE',  ( -0.000000000000000000, 1.000000000000000000, 0.000000000000000000 ) ) ;
#2310 = CARTESIAN_POINT ( 'NONE',  ( 43.19558781116748492, 118.9399999999999835, -4.500000000000000000 ) ) ;
#2311 = ORIENTED_EDGE ( 'NONE', *, *, #7661, .T. ) ;
#2312 = EDGE_LOOP ( 'NONE', ( #5300, #5168, #6814, #9125 ) ) ;
#2313 = CIRCLE ( 'NONE', #2452, 2.149999999999999023 ) ;
#2314 = VECTOR ( 'NONE', #4319, 1000.000000000000227 ) ;
#2315 = CYLINDRICAL_SURFACE ( 'NONE', #4162, 1.000000000000000888 ) ;
#2316 = CARTESIAN_POINT ( 'NONE',  ( 35.10813947400562540, 104.4400000000000261, -45.83208836107561979 ) ) ;
#2317 = ORIENTED_EDGE ( 'NONE', *, *, #3890, .T. ) ;
#2318 = CARTESIAN_POINT ( 'NONE',  ( -24.34713887602920579, 4.057397047076324981, -17.50000000000000000 ) ) ;
#2319 = AXIS2_PLACEMENT_3D ( 'NONE', #5453, #5545, #1216 ) ;
#2320 = ORIENTED_EDGE ( 'NONE', *, *, #3157, .T. ) ;
#2321 = ORIENTED_EDGE ( 'NONE', *, *, #2394, .T. ) ;
#2322 = ORIENTED_EDGE ( 'NONE', *, *, #1232, .F. ) ;
#2323 = EDGE_CURVE ( 'NONE', #6661, #5647, #643, .T. ) ;
#2324 = CIRCLE ( 'NONE', #5616, 2.149999999999999023 ) ;
#2325 = CARTESIAN_POINT ( 'NONE',  ( 24.00000000000000711, 18.15685424949230153, -18.15685424949224469 ) ) ;
#2326 = CARTESIAN_POINT ( 'NONE',  ( 26.25000000000000355, 94.67022964293305165, 0.000000000000000000 ) ) ;
#2327 = ORIENTED_EDGE ( 'NONE', *, *, #5389, .T. ) ;
#2328 = CARTESIAN_POINT ( 'NONE',  ( -29.92357158235014936, 3.931257441865486424, -19.51803119953387267 ) ) ;
#2329 = EDGE_LOOP ( 'NONE', ( #1358, #7313, #1748, #7438 ) ) ;
#2330 = CYLINDRICAL_SURFACE ( 'NONE', #3377, 2.150000000000000799 ) ;
#2331 = DIRECTION ( 'NONE',  ( 1.000000000000000000, 9.912705577010326782E-17, -0.000000000000000000 ) ) ;
#2332 = LINE ( 'NONE', #3693, #1241 ) ;
#2333 = ORIENTED_EDGE ( 'NONE', *, *, #2989, .T. ) ;
#2334 = ORIENTED_EDGE ( 'NONE', *, *, #1870, .T. ) ;
#2335 = EDGE_CURVE ( 'NONE', #1600, #1035, #9115, .T. ) ;
#2336 = CARTESIAN_POINT ( 'NONE',  ( -27.99999999999999645, 0.6572807176729866807, -16.50000000000000000 ) ) ;
#2337 = FACE_OUTER_BOUND ( 'NONE', #4135, .T. ) ;
#2338 = CARTESIAN_POINT ( 'NONE',  ( -24.00601015047709907, 4.226148267526005142, -6.630625250462510500 ) ) ;
#2339 = ADVANCED_FACE ( 'NONE', ( #2867 ), #1937, .T. ) ;
#2340 = DIRECTION ( 'NONE',  ( 0.000000000000000000, -1.000000000000000000, 0.000000000000000000 ) ) ;
#2341 = DIRECTION ( 'NONE',  ( 0.000000000000000000, 1.000000000000000000, 0.000000000000000000 ) ) ;
#2342 = ORIENTED_EDGE ( 'NONE', *, *, #8034, .F. ) ;
#2343 = DIRECTION ( 'NONE',  ( -1.000000000000000000, -1.360567432138672574E-16, 0.000000000000000000 ) ) ;
#2344 = CARTESIAN_POINT ( 'NONE',  ( -14.98768373480797500, 61.94593937371147518, -24.99999999999999289 ) ) ;
#2345 = AXIS2_PLACEMENT_3D ( 'NONE', #826, #8679, #4455 ) ;
#2346 = VERTEX_POINT ( 'NONE', #5730 ) ;
#2347 = CARTESIAN_POINT ( 'NONE',  ( 27.99999999999999289, 13.82287565553229136, -23.00000000000000000 ) ) ;
#2348 = ADVANCED_FACE ( 'NONE', ( #6485 ), #2599, .T. ) ;
#2349 = CARTESIAN_POINT ( 'NONE',  ( -25.99999999999999645, 12.49999999999999645, -25.50000000000000355 ) ) ;
#2350 = VECTOR ( 'NONE', #813, 1000.000000000000000 ) ;
#2351 = VECTOR ( 'NONE', #828, 1000.000000000000000 ) ;
#2352 = VECTOR ( 'NONE', #7002, 1000.000000000000000 ) ;
#2353 = FACE_OUTER_BOUND ( 'NONE', #7979, .T. ) ;
#2354 = DIRECTION ( 'NONE',  ( -0.8660254037844397068, 0.4999999999999979461, -0.000000000000000000 ) ) ;
#2355 = CARTESIAN_POINT ( 'NONE',  ( 25.42668801671175416, 105.0254701606523327, -13.61560359451663516 ) ) ;
#2356 = FACE_OUTER_BOUND ( 'NONE', #5506, .T. ) ;
#2357 = ORIENTED_EDGE ( 'NONE', *, *, #5662, .F. ) ;
#2358 = ORIENTED_EDGE ( 'NONE', *, *, #891, .F. ) ;
#2359 = AXIS2_PLACEMENT_3D ( 'NONE', #5729, #2309, #8593 ) ;
#2360 = TOROIDAL_SURFACE ( 'NONE', #5502, 4.000000000000000000, 2.000000000000000000 ) ;
#2361 = ADVANCED_FACE ( 'NONE', ( #7939 ), #1403, .T. ) ;
#2362 = FACE_OUTER_BOUND ( 'NONE', #5485, .T. ) ;
#2363 = AXIS2_PLACEMENT_3D ( 'NONE', #3704, #3796, #8678 ) ;
#2364 = VECTOR ( 'NONE', #114, 1000.000000000000000 ) ;
#2365 = CARTESIAN_POINT ( 'NONE',  ( 28.00000000000000000, 0.6572807176729866807, -16.50000000000000000 ) ) ;
#2366 = ORIENTED_EDGE ( 'NONE', *, *, #5425, .T. ) ;
#2367 = CARTESIAN_POINT ( 'NONE',  ( -26.00000000000000000, 22.65000000000001990, -12.50000000000000000 ) ) ;
#2368 = EDGE_LOOP ( 'NONE', ( #8587, #9217, #80, #1612, #2976, #3213 ) ) ;
#2369 = VERTEX_POINT ( 'NONE', #2911 ) ;
#2370 = AXIS2_PLACEMENT_3D ( 'NONE', #7428, #809, #7204 ) ;
#2371 = AXIS2_PLACEMENT_3D ( 'NONE', #2908, #4369, #5771 ) ;
#2372 = CARTESIAN_POINT ( 'NONE',  ( -5.773401785888006899, 51.10000000000000853, -25.00000000000000000 ) ) ;
#2373 = CARTESIAN_POINT ( 'NONE',  ( 29.67960346863939591, 3.414213562373116684, -24.91421356237309581 ) ) ;
#2374 = ORIENTED_EDGE ( 'NONE', *, *, #2122, .T. ) ;
#2375 = CARTESIAN_POINT ( 'NONE',  ( -29.60820733274403338, 3.303997789670875207, -20.87779196410570393 ) ) ;
#2376 = ORIENTED_EDGE ( 'NONE', *, *, #183, .T. ) ;
#2377 = CYLINDRICAL_SURFACE ( 'NONE', #207, 3.000000000000002220 ) ;
#2378 = PLANE ( 'NONE',  #9284 ) ;
#2379 = CARTESIAN_POINT ( 'NONE',  ( 25.99999999999999645, 12.50000000000021316, -4.499999999999771738 ) ) ;
#2380 = VERTEX_POINT ( 'NONE', #3394 ) ;
#2381 = VERTEX_POINT ( 'NONE', #6261 ) ;
#2382 = VECTOR ( 'NONE', #4604, 1000.000000000000000 ) ;
#2383 = DIRECTION ( 'NONE',  ( 1.000000000000000000, 9.912705577010328015E-17, 4.357881996052622369E-33 ) ) ;
#2384 = DIRECTION ( 'NONE',  ( 0.000000000000000000, -1.000000000000000000, 0.000000000000000000 ) ) ;
#2385 = ADVANCED_FACE ( 'NONE', ( #2691 ), #5559, .F. ) ;
#2386 = CARTESIAN_POINT ( 'NONE',  ( -12.08688103937556590, 96.44000000000002615, -11.54289884801876198 ) ) ;
#2387 = CARTESIAN_POINT ( 'NONE',  ( -16.95237472713307980, 104.4400000000000261, -15.07788693191622365 ) ) ;
#2388 = VERTEX_POINT ( 'NONE', #2215 ) ;
#2389 = CIRCLE ( 'NONE', #6276, 6.000000000000000000 ) ;
#2390 = DIRECTION ( 'NONE',  ( 1.000000000000000000, -0.000000000000000000, -0.000000000000000000 ) ) ;
#2391 = CYLINDRICAL_SURFACE ( 'NONE', #8027, 0.8999999999999998002 ) ;
#2392 = EDGE_CURVE ( 'NONE', #481, #3627, #8823, .T. ) ;
#2393 = ORIENTED_EDGE ( 'NONE', *, *, #4933, .F. ) ;
#2394 = EDGE_CURVE ( 'NONE', #8729, #1303, #6440, .T. ) ;
#2395 = LINE ( 'NONE', #2533, #7797 ) ;
#2396 = AXIS2_PLACEMENT_3D ( 'NONE', #821, #7121, #728 ) ;
#2397 = DIRECTION ( 'NONE',  ( -1.496165103491749478E-16, 1.000000000000000000, -0.000000000000000000 ) ) ;
#2398 = CARTESIAN_POINT ( 'NONE',  ( -20.25000000000000000, 118.9400000000000261, -24.99999999999999289 ) ) ;
#2399 = CARTESIAN_POINT ( 'NONE',  ( -24.00000000000001066, 12.50000000000001243, -2.349999999999999645 ) ) ;
#2400 = CARTESIAN_POINT ( 'NONE',  ( 24.38007653009868392, 106.1596862681114999, -12.58321640764325089 ) ) ;
#2401 = DIRECTION ( 'NONE',  ( -1.000000000000000000, -1.892425610156517122E-16, -0.000000000000000000 ) ) ;
#2402 = EDGE_CURVE ( 'NONE', #2809, #6001, #746, .T. ) ;
#2403 = AXIS2_PLACEMENT_3D ( 'NONE', #1212, #4830, #9051 ) ;
#2404 = ORIENTED_EDGE ( 'NONE', *, *, #3902, .T. ) ;
#2405 = EDGE_CURVE ( 'NONE', #8466, #1093, #3566, .T. ) ;
#2406 = DIRECTION ( 'NONE',  ( 0.000000000000000000, 0.000000000000000000, 1.000000000000000000 ) ) ;
#2407 = EDGE_CURVE ( 'NONE', #2952, #5798, #5823, .T. ) ;
#2408 = CIRCLE ( 'NONE', #8251, 2.000000000000001776 ) ;
#2409 = DIRECTION ( 'NONE',  ( 0.000000000000000000, -1.000000000000000000, 0.000000000000000000 ) ) ;
#2410 = ADVANCED_FACE ( 'NONE', ( #8039 ), #895, .T. ) ;
#2411 = AXIS2_PLACEMENT_3D ( 'NONE', #3204, #1885, #3823 ) ;
#2412 = CARTESIAN_POINT ( 'NONE',  ( 24.00000000000000711, 20.50000000000001066, -12.50000000000000000 ) ) ;
#2413 = ORIENTED_EDGE ( 'NONE', *, *, #1606, .T. ) ;
#2414 = CARTESIAN_POINT ( 'NONE',  ( 21.54999999999997584, 118.9400000000000261, -24.99999999999999289 ) ) ;
#2415 = ORIENTED_EDGE ( 'NONE', *, *, #7381, .F. ) ;
#2416 = VECTOR ( 'NONE', #4591, 1000.000000000000000 ) ;
#2417 = ORIENTED_EDGE ( 'NONE', *, *, #9146, .T. ) ;
#2418 = EDGE_CURVE ( 'NONE', #4941, #6310, #6011, .T. ) ;
#2419 = EDGE_CURVE ( 'NONE', #3158, #5978, #281, .T. ) ;
#2420 = VECTOR ( 'NONE', #4998, 1000.000000000000000 ) ;
#2421 = CIRCLE ( 'NONE', #458, 2.000000000000001776 ) ;
#2422 = DIRECTION ( 'NONE',  ( -1.000000000000000000, -9.912705577010326782E-17, 0.000000000000000000 ) ) ;
#2423 = DIRECTION ( 'NONE',  ( 1.000000000000000000, 9.912705577010325549E-17, 0.000000000000000000 ) ) ;
#2424 = VERTEX_POINT ( 'NONE', #8694 ) ;
#2425 = CARTESIAN_POINT ( 'NONE',  ( -29.34181962461978443, 3.011072085858481628, -21.22012672358170349 ) ) ;
#2426 = ORIENTED_EDGE ( 'NONE', *, *, #887, .T. ) ;
#2427 = CARTESIAN_POINT ( 'NONE',  ( 28.25000000000001066, 94.08030619057741717, -24.17157287525380838 ) ) ;
#2428 = CARTESIAN_POINT ( 'NONE',  ( 27.00000000000000000, 12.50000000000001599, -12.50000000000000000 ) ) ;
#2429 = CARTESIAN_POINT ( 'NONE',  ( -22.55000000000001847, 118.9400000000000261, -0.2679491924311194206 ) ) ;
#2430 = VERTEX_POINT ( 'NONE', #193 ) ;
#2431 = ORIENTED_EDGE ( 'NONE', *, *, #6300, .F. ) ;
#2432 = VECTOR ( 'NONE', #6923, 1000.000000000000000 ) ;
#2433 = DIRECTION ( 'NONE',  ( 1.000000000000000000, 0.000000000000000000, 0.000000000000000000 ) ) ;
#2434 = APPROVAL_PERSON_ORGANIZATION ( #8229, #2125, #2552 ) ;
#2435 = FACE_OUTER_BOUND ( 'NONE', #3173, .T. ) ;
#2436 = CARTESIAN_POINT ( 'NONE',  ( -29.57029951316431493, 51.21726115183010108, -23.00000000000000000 ) ) ;
#2437 = ORIENTED_EDGE ( 'NONE', *, *, #8720, .T. ) ;
#2438 = CARTESIAN_POINT ( 'NONE',  ( -23.99999999999999645, 12.50000000000000888, -18.50000000000000355 ) ) ;
#2439 = DIRECTION ( 'NONE',  ( 1.000000000000000000, 0.000000000000000000, 0.000000000000000000 ) ) ;
#2440 = FACE_OUTER_BOUND ( 'NONE', #8916, .T. ) ;
#2441 = VERTEX_POINT ( 'NONE', #7993 ) ;
#2442 = CARTESIAN_POINT ( 'NONE',  ( 23.20136883927791871, 12.13762435023988395, -23.44863116072302489 ) ) ;
#2443 = CARTESIAN_POINT ( 'NONE',  ( -23.99661771610358230, 11.50595511789651759, -25.50000000000000355 ) ) ;
#2444 = FACE_OUTER_BOUND ( 'NONE', #4047, .T. ) ;
#2445 = CARTESIAN_POINT ( 'NONE',  ( 28.00000000000000000, 35.00000000000000000, -7.500000000000007105 ) ) ;
#2446 = CARTESIAN_POINT ( 'NONE',  ( -21.55000000000002558, 118.9400000000000261, -2.000000000000000000 ) ) ;
#2447 = DIRECTION ( 'NONE',  ( -0.000000000000000000, 1.000000000000000000, -0.000000000000000000 ) ) ;
#2448 = ORIENTED_EDGE ( 'NONE', *, *, #4540, .T. ) ;
#2449 = DIRECTION ( 'NONE',  ( 0.000000000000000000, 0.000000000000000000, -1.000000000000000000 ) ) ;
#2450 = ADVANCED_FACE ( 'NONE', ( #3765 ), #5368, .T. ) ;
#2451 = CARTESIAN_POINT ( 'NONE',  ( -27.99999999999999289, 2.499999999999996891, -24.00000000000001421 ) ) ;
#2452 = AXIS2_PLACEMENT_3D ( 'NONE', #7097, #9116, #3346 ) ;
#2453 = ADVANCED_FACE ( 'NONE', ( #8788 ), #237, .F. ) ;
#2454 = LINE ( 'NONE', #3938, #218 ) ;
#2455 = EDGE_LOOP ( 'NONE', ( #335, #5101, #971, #1294, #8848, #105, #2784, #8258, #8150 ) ) ;
#2456 = FACE_BOUND ( 'NONE', #4342, .T. ) ;
#2457 = AXIS2_PLACEMENT_3D ( 'NONE', #4534, #6817, #2512 ) ;
#2458 = EDGE_CURVE ( 'NONE', #9163, #947, #2668, .T. ) ;
#2459 = ORIENTED_EDGE ( 'NONE', *, *, #7718, .F. ) ;
#2460 = ORIENTED_EDGE ( 'NONE', *, *, #6000, .T. ) ;
#2461 = AXIS2_PLACEMENT_3D ( 'NONE', #6044, #5433, #3881 ) ;
#2462 = VECTOR ( 'NONE', #1331, 1000.000000000000000 ) ;
#2463 = CARTESIAN_POINT ( 'NONE',  ( -10.75000000000019895, 96.44000000000002615, -15.65739561406607727 ) ) ;
#2464 = CYLINDRICAL_SURFACE ( 'NONE', #6763, 2.000000000000000000 ) ;
#2465 = VERTEX_POINT ( 'NONE', #8167 ) ;
#2466 = CARTESIAN_POINT ( 'NONE',  ( -29.52568126009685301, 2.578448267154878515, -18.88799884799318463 ) ) ;
#2467 = ORIENTED_EDGE ( 'NONE', *, *, #8517, .F. ) ;
#2468 = DIRECTION ( 'NONE',  ( 0.000000000000000000, 1.000000000000000000, 0.000000000000000000 ) ) ;
#2469 = DIRECTION ( 'NONE',  ( -1.000000000000000000, -1.892425610156517122E-16, -0.000000000000000000 ) ) ;
#2470 = DIRECTION ( 'NONE',  ( 0.5427066596637479812, 0.8399223068573765660, 0.000000000000000000 ) ) ;
#2471 = EDGE_LOOP ( 'NONE', ( #7714, #1001, #256, #6494, #1647 ) ) ;
#2472 = EDGE_LOOP ( 'NONE', ( #8002, #131, #5436, #2473, #1506, #786, #8565 ) ) ;
#2473 = ORIENTED_EDGE ( 'NONE', *, *, #3470, .T. ) ;
#2474 = ADVANCED_FACE ( 'NONE', ( #2356 ), #1729, .T. ) ;
#2475 = AXIS2_PLACEMENT_3D ( 'NONE', #1101, #7637, #1200 ) ;
#2476 = CYLINDRICAL_SURFACE ( 'NONE', #7004, 2.000000000000000000 ) ;
#2477 = LINE ( 'NONE', #4056, #2120 ) ;
#2478 = CARTESIAN_POINT ( 'NONE',  ( 20.25000000000000000, 118.9399999999999835, -4.500000000000000000 ) ) ;
#2479 = EDGE_LOOP ( 'NONE', ( #2228, #5677 ) ) ;
#2480 = FACE_OUTER_BOUND ( 'NONE', #8961, .T. ) ;
#2481 = AXIS2_PLACEMENT_3D ( 'NONE', #4164, #6378, #3608 ) ;
#2482 = DIRECTION ( 'NONE',  ( -0.5427066596637512008, -0.8399223068573745676, -0.000000000000000000 ) ) ;
#2483 = DIRECTION ( 'NONE',  ( 0.8660254037844397068, -0.4999999999999979461, -0.000000000000000000 ) ) ;
#2484 = EDGE_LOOP ( 'NONE', ( #6695, #348, #7354, #1312 ) ) ;
#2485 = DIRECTION ( 'NONE',  ( 1.000000000000000000, 0.000000000000000000, -0.000000000000000000 ) ) ;
#2486 = DIRECTION ( 'NONE',  ( 1.000000000000000000, -1.541976423090495387E-16, -0.000000000000000000 ) ) ;
#2487 = CYLINDRICAL_SURFACE ( 'NONE', #8649, 2.000000000000001776 ) ;
#2488 = CARTESIAN_POINT ( 'NONE',  ( -26.00000000000000000, 35.00000000000000000, -22.00000000000000355 ) ) ;
#2489 = AXIS2_PLACEMENT_3D ( 'NONE', #3756, #5812, #8683 ) ;
#2490 = PLANE ( 'NONE',  #5077 ) ;
#2491 = ORIENTED_EDGE ( 'NONE', *, *, #9227, .F. ) ;
#2492 = AXIS2_PLACEMENT_3D ( 'NONE', #9216, #6319, #1196 ) ;
#2493 = CIRCLE ( 'NONE', #839, 2.150000000000000799 ) ;
#2494 = CARTESIAN_POINT ( 'NONE',  ( -21.55000000000001137, 108.9309918853871579, 0.000000000000000000 ) ) ;
#2495 = AXIS2_PLACEMENT_3D ( 'NONE', #3526, #5738, #7145 ) ;
#2496 = FACE_OUTER_BOUND ( 'NONE', #2484, .T. ) ;
#2497 = CIRCLE ( 'NONE', #3701, 2.150000000000000799 ) ;
#2498 = TOROIDAL_SURFACE ( 'NONE', #100, 4.000000000000000000, 2.000000000000000000 ) ;
#2499 = EDGE_CURVE ( 'NONE', #4421, #1380, #7464, .T. ) ;
#2500 = FACE_OUTER_BOUND ( 'NONE', #483, .T. ) ;
#2501 = EDGE_CURVE ( 'NONE', #5041, #2264, #1645, .T. ) ;
#2502 = ORIENTED_EDGE ( 'NONE', *, *, #424, .F. ) ;
#2503 = CARTESIAN_POINT ( 'NONE',  ( -24.99999999999999645, 4.836939253778027137, -17.50000000000000000 ) ) ;
#2504 = EDGE_CURVE ( 'NONE', #8577, #7261, #1599, .T. ) ;
#2505 = VERTEX_POINT ( 'NONE', #6672 ) ;
#2506 = AXIS2_PLACEMENT_3D ( 'NONE', #4070, #1959, #4645 ) ;
#2507 = DIRECTION ( 'NONE',  ( 0.000000000000000000, 0.000000000000000000, 1.000000000000000000 ) ) ;
#2508 = PERSON_AND_ORGANIZATION_ROLE ( 'design_owner' ) ;
#2509 = EDGE_LOOP ( 'NONE', ( #6301, #1043, #461, #216 ) ) ;
#2510 = CARTESIAN_POINT ( 'NONE',  ( -28.21074092151494384, 2.507624693107291858, -20.16731334127020858 ) ) ;
#2511 = CARTESIAN_POINT ( 'NONE',  ( 24.00000000000000711, 18.15685424949230153, -18.15685424949224469 ) ) ;
#2512 = DIRECTION ( 'NONE',  ( 1.000000000000000000, 0.000000000000000000, 0.000000000000000000 ) ) ;
#2513 = TOROIDAL_SURFACE ( 'NONE', #853, 9.000000000000001776, 3.000000000000000000 ) ;
#2514 = DIRECTION ( 'NONE',  ( 1.000000000000000000, -0.000000000000000000, -0.000000000000000000 ) ) ;
#2515 = CARTESIAN_POINT ( 'NONE',  ( -26.00000000000000000, 18.15685424949231219, -18.15685424949224469 ) ) ;
#2516 = ORIENTED_EDGE ( 'NONE', *, *, #315, .F. ) ;
#2517 = VERTEX_POINT ( 'NONE', #143 ) ;
#2518 = ORIENTED_EDGE ( 'NONE', *, *, #6128, .T. ) ;
#2519 = ADVANCED_FACE ( 'NONE', ( #4602 ), #3851, .F. ) ;
#2520 = ADVANCED_FACE ( 'NONE', ( #96 ), #700, .T. ) ;
#2521 = EDGE_CURVE ( 'NONE', #5410, #4682, #8131, .T. ) ;
#2522 = DIRECTION ( 'NONE',  ( 0.000000000000000000, 0.000000000000000000, -1.000000000000000000 ) ) ;
#2523 = DIRECTION ( 'NONE',  ( -1.000000000000000000, -9.912705577010326782E-17, 0.000000000000000000 ) ) ;
#2524 = EDGE_CURVE ( 'NONE', #3031, #1093, #1916, .T. ) ;
#2525 = CARTESIAN_POINT ( 'NONE',  ( 25.99999999999999645, 12.50000000000021316, -4.499999999999771738 ) ) ;
#2526 = ORIENTED_EDGE ( 'NONE', *, *, #774, .F. ) ;
#2527 = CARTESIAN_POINT ( 'NONE',  ( -14.25000000000020250, 104.4400000000000261, -13.11449676604731174 ) ) ;
#2529 = CIRCLE ( 'NONE', #7763, 2.999999999999999112 ) ;
#2528 = CARTESIAN_POINT ( 'NONE',  ( 24.00000000000000711, 12.50000000000021139, -4.499999999999771738 ) ) ;
#2530 = CARTESIAN_POINT ( 'NONE',  ( 22.24999999999998579, 113.9403061905773740, -7.599999999999997868 ) ) ;
#2531 = VECTOR ( 'NONE', #3624, 1000.000000000000000 ) ;
#2532 = ORIENTED_EDGE ( 'NONE', *, *, #778, .T. ) ;
#2533 = CARTESIAN_POINT ( 'NONE',  ( 28.25000000000000000, 102.3196380149609865, -2.000000000000001776 ) ) ;
#2534 = CARTESIAN_POINT ( 'NONE',  ( -24.63165627301542671, 12.04762755248848194, -25.50000000000000711 ) ) ;
#2535 = EDGE_CURVE ( 'NONE', #5473, #4994, #460, .T. ) ;
#2536 = AXIS2_PLACEMENT_3D ( 'NONE', #5173, #5076, #8784 ) ;
#2537 = CARTESIAN_POINT ( 'NONE',  ( 24.00000000000000355, 4.313272937247753624, -6.500000000000006217 ) ) ;
#2538 = CARTESIAN_POINT ( 'NONE',  ( -23.55000000000001137, 108.9309918853871579, -13.78779899995159219 ) ) ;
#2539 = DIRECTION ( 'NONE',  ( -1.000000000000000000, -1.360567432138672574E-16, 0.000000000000000000 ) ) ;
#2540 = ORIENTED_EDGE ( 'NONE', *, *, #4613, .T. ) ;
#2541 = AXIS2_PLACEMENT_3D ( 'NONE', #8724, #8676, #7219 ) ;
#2542 = CARTESIAN_POINT ( 'NONE',  ( 58.00000000000002132, 17.10685424949254596, -6.843145750507550140 ) ) ;
#2543 = DIRECTION ( 'NONE',  ( 0.000000000000000000, -0.000000000000000000, -1.000000000000000000 ) ) ;
#2544 = DIRECTION ( 'NONE',  ( -0.8090169943749473402, -0.000000000000000000, 0.5877852522924732481 ) ) ;
#2545 = EDGE_LOOP ( 'NONE', ( #9130, #3480, #9151, #2881 ) ) ;
#2546 = ORIENTED_EDGE ( 'NONE', *, *, #6995, .T. ) ;
#2547 = CIRCLE ( 'NONE', #2098, 2.000000000000001776 ) ;
#2548 = CARTESIAN_POINT ( 'NONE',  ( -26.00000000000000000, 16.00685424949254809, -6.843145750507550140 ) ) ;
#2549 = EDGE_CURVE ( 'NONE', #1539, #1124, #4689, .T. ) ;
#2550 = EDGE_CURVE ( 'NONE', #1139, #1202, #1071, .T. ) ;
#2551 = CARTESIAN_POINT ( 'NONE',  ( 29.99999999999999289, 4.500000000000000888, -19.30073525436772641 ) ) ;
#2552 = APPROVAL_ROLE ( '' ) ;
#2553 = EDGE_LOOP ( 'NONE', ( #8215, #4706, #9209, #873 ) ) ;
#2554 = AXIS2_PLACEMENT_3D ( 'NONE', #3969, #4685, #7732 ) ;
#2555 = CYLINDRICAL_SURFACE ( 'NONE', #2036, 12.50000000000000000 ) ;
#2556 = DIRECTION ( 'NONE',  ( 0.000000000000000000, 0.000000000000000000, 1.000000000000000000 ) ) ;
#2557 = DIRECTION ( 'NONE',  ( -8.673617379884044347E-16, 3.017433397865766290E-16, -1.000000000000000000 ) ) ;
#2558 = CARTESIAN_POINT ( 'NONE',  ( 20.25000000000000355, 106.9403061905773740, -13.69999999999999929 ) ) ;
#2559 = CYLINDRICAL_SURFACE ( 'NONE', #8295, 1.999999999999999334 ) ;
#2560 = ORIENTED_EDGE ( 'NONE', *, *, #6347, .T. ) ;
#2562 = ADVANCED_FACE ( 'NONE', ( #1820 ), #8214, .F. ) ;
#2561 = VERTEX_POINT ( 'NONE', #3189 ) ;
#2563 = EDGE_LOOP ( 'NONE', ( #8656, #5737, #8748, #1847 ) ) ;
#2564 = AXIS2_PLACEMENT_3D ( 'NONE', #538, #8430, #4201 ) ;
#2565 = DIRECTION ( 'NONE',  ( 0.000000000000000000, 0.000000000000000000, -1.000000000000000000 ) ) ;
#2566 = CARTESIAN_POINT ( 'NONE',  ( -27.00000000000000000, 12.50000000000000888, -16.50000000000000000 ) ) ;
#2567 = DIRECTION ( 'NONE',  ( 0.4999999999999987232, -0.8660254037844393737, 0.000000000000000000 ) ) ;
#2568 = ORIENTED_EDGE ( 'NONE', *, *, #1552, .T. ) ;
#2569 = CARTESIAN_POINT ( 'NONE',  ( -21.55000000000002558, 117.9399999999999977, -25.00000000000000000 ) ) ;
#2570 = EDGE_CURVE ( 'NONE', #6556, #5582, #874, .T. ) ;
#2571 = FACE_OUTER_BOUND ( 'NONE', #1430, .T. ) ;
#2572 = DIRECTION ( 'NONE',  ( 0.000000000000000000, 0.000000000000000000, 1.000000000000000000 ) ) ;
#2573 = CIRCLE ( 'NONE', #1671, 1.050000000000000488 ) ;
#2574 = EDGE_CURVE ( 'NONE', #5569, #4294, #1963, .T. ) ;
#2575 = VERTEX_POINT ( 'NONE', #1026 ) ;
#2576 = CARTESIAN_POINT ( 'NONE',  ( 27.00000000000000000, 1.043560762610397319, -17.50000000000000000 ) ) ;
#2577 = CARTESIAN_POINT ( 'NONE',  ( 23.62135886097586024, 108.0821200989301190, -16.42664374865698917 ) ) ;
#2578 = CARTESIAN_POINT ( 'NONE',  ( 29.99999999999999289, 4.499999999999999112, -25.47284962015124421 ) ) ;
#2579 = CARTESIAN_POINT ( 'NONE',  ( -23.99999999999999289, 19.20685424949252962, -6.843145750507550140 ) ) ;
#2580 = DIRECTION ( 'NONE',  ( 1.734723475976807292E-15, -1.000000000000000000, 0.000000000000000000 ) ) ;
#2581 = ORIENTED_EDGE ( 'NONE', *, *, #4048, .F. ) ;
#2582 = ADVANCED_FACE ( 'NONE', ( #8345 ), #2490, .F. ) ;
#2583 = CARTESIAN_POINT ( 'NONE',  ( 58.00000000000002132, 20.50000000000001776, -12.50000000000000000 ) ) ;
#2584 = ADVANCED_FACE ( 'NONE', ( #4782 ), #1018, .T. ) ;
#2585 = LINE ( 'NONE', #1732, #7472 ) ;
#2586 = CARTESIAN_POINT ( 'NONE',  ( -23.99999999999999645, 12.50000000000001066, -12.50000000000000000 ) ) ;
#2587 = DIRECTION ( 'NONE',  ( -0.000000000000000000, 0.000000000000000000, 1.000000000000000000 ) ) ;
#2588 = FACE_OUTER_BOUND ( 'NONE', #6372, .T. ) ;
#2589 = ORIENTED_EDGE ( 'NONE', *, *, #9212, .F. ) ;
#2590 = LINE ( 'NONE', #9104, #529 ) ;
#2591 = ORIENTED_EDGE ( 'NONE', *, *, #215, .T. ) ;
#2592 = CARTESIAN_POINT ( 'NONE',  ( 25.71086342336971597, 1.055023969689421026, -7.500000000000007105 ) ) ;
#2593 = AXIS2_PLACEMENT_3D ( 'NONE', #7840, #2261, #6582 ) ;
#2594 = AXIS2_PLACEMENT_3D ( 'NONE', #9206, #2648, #5649 ) ;
#2595 = FACE_OUTER_BOUND ( 'NONE', #8982, .T. ) ;
#2596 = ORIENTED_EDGE ( 'NONE', *, *, #1398, .F. ) ;
#2597 = CARTESIAN_POINT ( 'NONE',  ( 25.99999999999999645, 17.10685424949230438, -18.15685424949224469 ) ) ;
#2598 = ORIENTED_EDGE ( 'NONE', *, *, #778, .F. ) ;
#2599 = CYLINDRICAL_SURFACE ( 'NONE', #9105, 2.000000000000000000 ) ;
#2600 = DIRECTION ( 'NONE',  ( 0.000000000000000000, -1.000000000000000000, 0.000000000000000000 ) ) ;
#2601 = LINE ( 'NONE', #1090, #5452 ) ;
#2602 = ORIENTED_EDGE ( 'NONE', *, *, #8377, .F. ) ;
#2603 = AXIS2_PLACEMENT_3D ( 'NONE', #8429, #1994, #4772 ) ;
#2604 = ORIENTED_EDGE ( 'NONE', *, *, #7947, .T. ) ;
#2605 = ORIENTED_EDGE ( 'NONE', *, *, #1429, .F. ) ;
#2606 = VECTOR ( 'NONE', #6734, 1000.000000000000000 ) ;
#2607 = CARTESIAN_POINT ( 'NONE',  ( 26.00000000000000000, 44.61832049899870611, -25.00000000000000000 ) ) ;
#2608 = CARTESIAN_POINT ( 'NONE',  ( -29.99999999999999645, 12.50000000000022027, -4.499999999999771738 ) ) ;
#2609 = CYLINDRICAL_SURFACE ( 'NONE', #5573, 1.000000000000000888 ) ;
#2610 = FACE_OUTER_BOUND ( 'NONE', #2182, .T. ) ;
#2611 = ORIENTED_EDGE ( 'NONE', *, *, #6795, .F. ) ;
#2612 = CARTESIAN_POINT ( 'NONE',  ( -23.55000000000002203, 115.5720230777854312, -22.99999999999999645 ) ) ;
#2613 = DIRECTION ( 'NONE',  ( -1.000000000000000000, -9.912705577010326782E-17, 0.000000000000000000 ) ) ;
#2614 = CARTESIAN_POINT ( 'NONE',  ( -23.99999999999999289, 20.50000000000000355, -12.50000000000000000 ) ) ;
#2615 = CIRCLE ( 'NONE', #220, 1.049999999999998934 ) ;
#2616 = ORIENTED_EDGE ( 'NONE', *, *, #5914, .T. ) ;
#2617 = EDGE_CURVE ( 'NONE', #8452, #674, #6758, .T. ) ;
#2618 = B_SPLINE_CURVE_WITH_KNOTS ( 'NONE', 3,
 ( #3541, #6555, #117, #2932, #3032, #5700, #7306, #5845, #1567, #8714, #67, #8524, #5000, #4293, #2087, #4955 ),
 .UNSPECIFIED., .F., .F.,
 ( 4, 2, 2, 2, 2, 2, 2, 4 ),
 ( 0.000000000000000000, 0.0004622676944735778582, 0.0009245353889471557163, 0.001849070777894315553, 0.002311338472367895254, 0.002773606166841475172, 0.003235873861315055090, 0.003698141555788635008 ),
 .UNSPECIFIED. ) ;
#2619 = DIRECTION ( 'NONE',  ( 1.000000000000000000, 0.000000000000000000, 0.000000000000000000 ) ) ;
#2620 = ADVANCED_FACE ( 'NONE', ( #1164, #6845 ), #4023, .T. ) ;
#2621 = DIRECTION ( 'NONE',  ( -1.000000000000000000, 0.000000000000000000, 0.000000000000000000 ) ) ;
#2622 = AXIS2_PLACEMENT_3D ( 'NONE', #5260, #2253, #5813 ) ;
#2623 = DIRECTION ( 'NONE',  ( 0.000000000000000000, -0.000000000000000000, 1.000000000000000000 ) ) ;
#2624 = DIRECTION ( 'NONE',  ( 0.000000000000000000, 1.000000000000000000, 0.000000000000000000 ) ) ;
#2625 = DIRECTION ( 'NONE',  ( 0.000000000000000000, 0.000000000000000000, 1.000000000000000000 ) ) ;
#2626 = ORIENTED_EDGE ( 'NONE', *, *, #2803, .F. ) ;
#2627 = EDGE_CURVE ( 'NONE', #4332, #1829, #2529, .T. ) ;
#2628 = CARTESIAN_POINT ( 'NONE',  ( 24.00000000000000711, 11.45000000000021068, -4.499999999999771738 ) ) ;
#2629 = EDGE_CURVE ( 'NONE', #4356, #1368, #3282, .T. ) ;
#2630 = CARTESIAN_POINT ( 'NONE',  ( 58.00000000000002132, 19.20685424949230935, -18.15685424949224469 ) ) ;
#2631 = CARTESIAN_POINT ( 'NONE',  ( -30.00000000000000355, 10.40123792940916658, -25.50000000000001066 ) ) ;
#2632 = CARTESIAN_POINT ( 'NONE',  ( 23.00000000000000000, 12.50000000000000355, -12.50000000000000000 ) ) ;
#2633 = DIRECTION ( 'NONE',  ( 0.000000000000000000, -1.000000000000000000, 0.000000000000000000 ) ) ;
#2634 = ORIENTED_EDGE ( 'NONE', *, *, #9164, .T. ) ;
#2635 = DIRECTION ( 'NONE',  ( -1.000000000000000000, 0.000000000000000000, 0.000000000000000000 ) ) ;
#2636 = ADVANCED_FACE ( 'NONE', ( #1209 ), #325, .F. ) ;
#2637 = AXIS2_PLACEMENT_3D ( 'NONE', #2296, #2248, #7874 ) ;
#2638 = ORIENTED_EDGE ( 'NONE', *, *, #1824, .F. ) ;
#2639 = AXIS2_PLACEMENT_3D ( 'NONE', #3777, #201, #8747 ) ;
#2640 = LINE ( 'NONE', #8555, #3731 ) ;
#2641 = VECTOR ( 'NONE', #5772, 1000.000000000000000 ) ;
#2642 = CARTESIAN_POINT ( 'NONE',  ( 28.90549605040904169, 2.711697642095774796, -21.55645362461369174 ) ) ;
#2643 = PERSON_AND_ORGANIZATION ( #472, #468 ) ;
#2644 = EDGE_LOOP ( 'NONE', ( #5001, #7645 ) ) ;
#2645 = DIRECTION ( 'NONE',  ( -1.000000000000000000, -1.892425610156517122E-16, -0.000000000000000000 ) ) ;
#2646 = DIRECTION ( 'NONE',  ( -1.000000000000000000, 0.000000000000000000, 0.000000000000000000 ) ) ;
#2647 = DIRECTION ( 'NONE',  ( -0.4999999999999980016, -0.8660254037844398178, 0.000000000000000000 ) ) ;
#2648 = DIRECTION ( 'NONE',  ( -0.000000000000000000, 0.000000000000000000, 1.000000000000000000 ) ) ;
#2649 = VERTEX_POINT ( 'NONE', #6098 ) ;
#2650 = AXIS2_PLACEMENT_3D ( 'NONE', #5449, #1921, #8308 ) ;
#2651 = ORIENTED_EDGE ( 'NONE', *, *, #3642, .F. ) ;
#2652 = VERTEX_POINT ( 'NONE', #413 ) ;
#2653 = CARTESIAN_POINT ( 'NONE',  ( 20.25000000000000000, 104.4400000000000261, -4.500000000000002665 ) ) ;
#2654 = AXIS2_PLACEMENT_3D ( 'NONE', #7925, #2150, #6424 ) ;
#2655 = LINE ( 'NONE', #4856, #53 ) ;
#2656 = CARTESIAN_POINT ( 'NONE',  ( -23.40400016604824174, 113.7880332616469445, -23.75012225795637733 ) ) ;
#2657 = CARTESIAN_POINT ( 'NONE',  ( 21.54999999999997939, 118.9400000000000972, -2.000000000000001776 ) ) ;
#2658 = ORIENTED_EDGE ( 'NONE', *, *, #8708, .F. ) ;
#2659 = FACE_OUTER_BOUND ( 'NONE', #905, .T. ) ;
#2660 = CARTESIAN_POINT ( 'NONE',  ( -29.73877977517955173, 3.479939779255745602, -20.66749375284838663 ) ) ;
#2661 = CARTESIAN_POINT ( 'NONE',  ( -23.55075865418073278, 108.8174501764674602, -15.65676366217321203 ) ) ;
#2662 = EDGE_LOOP ( 'NONE', ( #1133, #1987, #976, #1037, #2540, #1085, #156, #8009, #7307, #3262 ) ) ;
#2663 = ORIENTED_EDGE ( 'NONE', *, *, #6698, .T. ) ;
#2664 = CIRCLE ( 'NONE', #5073, 2.000000000000000000 ) ;
#2665 = CARTESIAN_POINT ( 'NONE',  ( -16.57654914134644741, 98.44000000000002615, -23.00000000000000000 ) ) ;
#2666 = LINE ( 'NONE', #6280, #4636 ) ;
#2667 = ADVANCED_FACE ( 'NONE', ( #5400 ), #8257, .F. ) ;
#2668 = CIRCLE ( 'NONE', #8360, 2.149999999999997247 ) ;
#2669 = EDGE_CURVE ( 'NONE', #7815, #1986, #6962, .T. ) ;
#2670 = CARTESIAN_POINT ( 'NONE',  ( -24.00000000000001066, 12.50000000000001066, -22.65000000000000213 ) ) ;
#2671 = CARTESIAN_POINT ( 'NONE',  ( -23.55000000000000782, 108.9309918853871579, -23.00000000000000000 ) ) ;
#2672 = VERTEX_POINT ( 'NONE', #7692 ) ;
#2673 = EDGE_CURVE ( 'NONE', #8729, #229, #6526, .T. ) ;
#2674 = CARTESIAN_POINT ( 'NONE',  ( -23.07246634638398319, 16.90423747205115745, -22.67205850237899867 ) ) ;
#2675 = CIRCLE ( 'NONE', #565, 4.000000000000000000 ) ;
#2676 = PLANE ( 'NONE',  #3129 ) ;
#2677 = EDGE_CURVE ( 'NONE', #1954, #145, #5326, .T. ) ;
#2678 = DIRECTION ( 'NONE',  ( -0.8399223068573744566, 0.5427066596637510898, 0.000000000000000000 ) ) ;
#2679 = DIRECTION ( 'NONE',  ( 0.000000000000000000, 0.000000000000000000, 1.000000000000000000 ) ) ;
#2680 = DIRECTION ( 'NONE',  ( 9.912705577010326782E-17, -1.000000000000000000, 2.602085213965210149E-16 ) ) ;
#2681 = EDGE_LOOP ( 'NONE', ( #2801, #9140, #7954, #7932, #4919 ) ) ;
#2682 = CARTESIAN_POINT ( 'NONE',  ( -10.07906768228852101, 77.01368055568988780, -25.00000000000000000 ) ) ;
#2683 = EDGE_CURVE ( 'NONE', #4284, #3949, #2919, .T. ) ;
#2684 = EDGE_LOOP ( 'NONE', ( #992, #45 ) ) ;
#2685 = CARTESIAN_POINT ( 'NONE',  ( -22.99999999999999645, 12.49999999999999822, -12.50000000000000000 ) ) ;
#2686 = AXIS2_PLACEMENT_3D ( 'NONE', #1577, #2893, #5757 ) ;
#2687 = CARTESIAN_POINT ( 'NONE',  ( 29.80798166694020068, 3.635295486824965838, -20.47291271479684838 ) ) ;
#2688 = VERTEX_POINT ( 'NONE', #5581 ) ;
#2689 = DIRECTION ( 'NONE',  ( 0.000000000000000000, 0.000000000000000000, 1.000000000000000000 ) ) ;
#2690 = CARTESIAN_POINT ( 'NONE',  ( 23.00000000000000000, 17.90008671797830786, -2.731442041075798688 ) ) ;
#2691 = FACE_OUTER_BOUND ( 'NONE', #1894, .T. ) ;
#2692 = CARTESIAN_POINT ( 'NONE',  ( -8.586881039375565905, 104.4400000000000261, -8.999999999999994671 ) ) ;
#2693 = ORIENTED_EDGE ( 'NONE', *, *, #495, .T. ) ;
#2694 = AXIS2_PLACEMENT_3D ( 'NONE', #391, #6648, #3260 ) ;
#2695 = EDGE_LOOP ( 'NONE', ( #3246, #1295, #2321, #5825, #5593, #31 ) ) ;
#2696 = ORIENTED_EDGE ( 'NONE', *, *, #3140, .T. ) ;
#2697 = VERTEX_POINT ( 'NONE', #2154 ) ;
#2698 = EDGE_CURVE ( 'NONE', #4199, #7179, #5768, .T. ) ;
#2699 = EDGE_CURVE ( 'NONE', #7252, #145, #513, .T. ) ;
#2700 = VECTOR ( 'NONE', #7218, 1000.000000000000114 ) ;
#2701 = LINE ( 'NONE', #621, #408 ) ;
#2702 = CARTESIAN_POINT ( 'NONE',  ( -2.003094741985453220E-13, 96.44000000000002615, -19.77189238011338546 ) ) ;
#2703 = CARTESIAN_POINT ( 'NONE',  ( -23.94646554102024893, 1.931715076956257438, -7.500000000000000888 ) ) ;
#2704 = CARTESIAN_POINT ( 'NONE',  ( -22.99999999999999289, 10.68233953707531114, -23.50712768413465525 ) ) ;
#2705 = ORIENTED_EDGE ( 'NONE', *, *, #6435, .F. ) ;
#2706 = FACE_OUTER_BOUND ( 'NONE', #5200, .T. ) ;
#2707 = AXIS2_PLACEMENT_3D ( 'NONE', #5927, #7848, #3577 ) ;
#2708 = CARTESIAN_POINT ( 'NONE',  ( 16.57654914134644741, 94.44000000000002615, -2.000000000000000000 ) ) ;
#2709 = CARTESIAN_POINT ( 'NONE',  ( -23.72685034008369698, 107.6064771508411582, -16.64827952584851545 ) ) ;
#2710 = ORIENTED_EDGE ( 'NONE', *, *, #6488, .F. ) ;
#2711 = ORIENTED_EDGE ( 'NONE', *, *, #3369, .F. ) ;
#2712 = AXIS2_PLACEMENT_3D ( 'NONE', #4297, #720, #7212 ) ;
#2713 = CARTESIAN_POINT ( 'NONE',  ( -17.98768373480796257, 67.14209179641811431, -2.000000000000001776 ) ) ;
#2714 = DIRECTION ( 'NONE',  ( -0.000000000000000000, -1.000000000000000000, -0.000000000000000000 ) ) ;
#2715 = DIRECTION ( 'NONE',  ( 1.000000000000000000, -0.000000000000000000, -0.000000000000000000 ) ) ;
#2716 = VECTOR ( 'NONE', #6724, 1000.000000000000000 ) ;
#2717 = CARTESIAN_POINT ( 'NONE',  ( -16.57654914134644741, 94.44000000000002615, -15.65739561406608082 ) ) ;
#2718 = CARTESIAN_POINT ( 'NONE',  ( 13.42376207875052252, 96.44000000000002615, -15.65739561406607727 ) ) ;
#2719 = EDGE_LOOP ( 'NONE', ( #4073, #6124, #3711, #781, #5743 ) ) ;
#2720 = CARTESIAN_POINT ( 'NONE',  ( 17.00000000000000000, 44.61832049899870611, 0.000000000000000000 ) ) ;
#2721 = FACE_OUTER_BOUND ( 'NONE', #7470, .T. ) ;
#2722 = CARTESIAN_POINT ( 'NONE',  ( 29.41054032824735742, 2.388874424899950277, -18.85816397002136569 ) ) ;
#2723 = FACE_OUTER_BOUND ( 'NONE', #6063, .T. ) ;
#2724 = DIRECTION ( 'NONE',  ( -1.000000000000000000, -1.360567432138672574E-16, -0.000000000000000000 ) ) ;
#2725 = LOCAL_TIME ( 16, 49, 59.00000000000000000, #1887 ) ;
#2726 = VERTEX_POINT ( 'NONE', #2718 ) ;
#2727 = CARTESIAN_POINT ( 'NONE',  ( 29.99999999999999645, 13.82287565553229314, -23.00000000000000000 ) ) ;
#2728 = ORIENTED_EDGE ( 'NONE', *, *, #1108, .T. ) ;
#2729 = ADVANCED_FACE ( 'NONE', ( #1348 ), #594, .T. ) ;
#2730 = CARTESIAN_POINT ( 'NONE',  ( 8.773401785887994464, 56.29615242270664055, -22.00000000000000711 ) ) ;
#2731 = EDGE_CURVE ( 'NONE', #4723, #109, #4569, .T. ) ;
#2732 = ADVANCED_FACE ( 'NONE', ( #684 ), #4214, .F. ) ;
#2733 = CARTESIAN_POINT ( 'NONE',  ( 17.74999999999978684, 80.80934643409020168, -15.65739561406607372 ) ) ;
#2734 = ORIENTED_EDGE ( 'NONE', *, *, #7518, .F. ) ;
#2735 = LINE ( 'NONE', #8416, #2352 ) ;
#2736 = LINE ( 'NONE', #1272, #7846 ) ;
#2737 = CARTESIAN_POINT ( 'NONE',  ( -26.25000000000000000, 94.67022964293305165, 0.000000000000000000 ) ) ;
#2738 = ORIENTED_EDGE ( 'NONE', *, *, #6416, .F. ) ;
#2739 = ORIENTED_EDGE ( 'NONE', *, *, #6344, .T. ) ;
#2740 = ORIENTED_EDGE ( 'NONE', *, *, #5551, .T. ) ;
#2741 = B_SPLINE_CURVE_WITH_KNOTS ( 'NONE', 3,
 ( #2839, #716, #6967, #9123, #2703, #5567, #1991, #1947, #9262, #1237, #3402, #2040, #578, #6363 ),
 .UNSPECIFIED., .F., .F.,
 ( 4, 2, 2, 2, 2, 2, 4 ),
 ( 1.077240930865404111E-17, 0.0008582446054989452313, 0.001287366908248412751, 0.001716489210997879837, 0.002574733816496814660, 0.003003856119246286951, 0.003432978421995759675 ),
 .UNSPECIFIED. ) ;
#2742 = ADVANCED_FACE ( 'NONE', ( #2205 ), #8439, .F. ) ;
#2743 = DIRECTION ( 'NONE',  ( 9.912705577010326782E-17, -1.000000000000000000, 0.000000000000000000 ) ) ;
#2744 = CYLINDRICAL_SURFACE ( 'NONE', #1205, 2.149999999999999023 ) ;
#2745 = DIRECTION ( 'NONE',  ( 1.000000000000000000, 0.000000000000000000, 0.000000000000000000 ) ) ;
#2746 = DIRECTION ( 'NONE',  ( -2.579370461232904926E-32, 2.602085213965210149E-16, 1.000000000000000000 ) ) ;
#2747 = ORIENTED_EDGE ( 'NONE', *, *, #7191, .T. ) ;
#2748 = FACE_OUTER_BOUND ( 'NONE', #8174, .T. ) ;
#2749 = CARTESIAN_POINT ( 'NONE',  ( -27.99999999999999289, 2.499999999999997335, -21.78708781050335830 ) ) ;
#2750 = CARTESIAN_POINT ( 'NONE',  ( -23.99999999999999289, 18.15685424949253246, -6.843145750507550140 ) ) ;
#2751 = EDGE_CURVE ( 'NONE', #7215, #8192, #3368, .T. ) ;
#2752 = AXIS2_PLACEMENT_3D ( 'NONE', #390, #2557, #8186 ) ;
#2753 = EDGE_LOOP ( 'NONE', ( #7188, #7023, #3741, #3636 ) ) ;
#2754 = ORIENTED_EDGE ( 'NONE', *, *, #283, .F. ) ;
#2755 = DIRECTION ( 'NONE',  ( 0.4999999999999973355, 0.8660254037844400399, 0.000000000000000000 ) ) ;
#2756 = CARTESIAN_POINT ( 'NONE',  ( 23.00000000000000000, 35.00000000000000000, -128.1790850899541852 ) ) ;
#2757 = AXIS2_PLACEMENT_3D ( 'NONE', #1236, #2085, #4145 ) ;
#2758 = FACE_OUTER_BOUND ( 'NONE', #1477, .T. ) ;
#2759 = AXIS2_PLACEMENT_3D ( 'NONE', #3380, #7607, #2633 ) ;
#2760 = CARTESIAN_POINT ( 'NONE',  ( -26.25000000000000355, 0.000000000000000000, 0.000000000000000000 ) ) ;
#2761 = CARTESIAN_POINT ( 'NONE',  ( -27.99999999999999289, 1.689189189189187479, -18.77505933142118622 ) ) ;
#2762 = EDGE_LOOP ( 'NONE', ( #5755, #9222, #694, #2693 ) ) ;
#2763 = VERTEX_POINT ( 'NONE', #2761 ) ;
#2764 = DIRECTION ( 'NONE',  ( 1.000000000000000000, 0.000000000000000000, 0.000000000000000000 ) ) ;
#2765 = CIRCLE ( 'NONE', #808, 2.000000000000000000 ) ;
#2766 = DIRECTION ( 'NONE',  ( 0.000000000000000000, 1.000000000000000000, 0.000000000000000000 ) ) ;
#2767 = PLANE ( 'NONE',  #383 ) ;
#2768 = DIRECTION ( 'NONE',  ( -0.5877852522924732481, 0.000000000000000000, 0.8090169943749473402 ) ) ;
#2769 = ORIENTED_EDGE ( 'NONE', *, *, #4587, .T. ) ;
#2770 = DIRECTION ( 'NONE',  ( 0.000000000000000000, 0.000000000000000000, -1.000000000000000000 ) ) ;
#2771 = VERTEX_POINT ( 'NONE', #4969 ) ;
#2772 = DIRECTION ( 'NONE',  ( 0.000000000000000000, 1.000000000000000000, 0.000000000000000000 ) ) ;
#2773 = EDGE_CURVE ( 'NONE', #5618, #5392, #8313, .T. ) ;
#2774 = EDGE_CURVE ( 'NONE', #85, #5358, #4715, .T. ) ;
#2775 = LINE ( 'NONE', #2733, #749 ) ;
#2776 = EDGE_CURVE ( 'NONE', #7117, #8271, #4113, .T. ) ;
#2777 = COORDINATED_UNIVERSAL_TIME_OFFSET ( 8, 0, .AHEAD. ) ;
#2778 = EDGE_LOOP ( 'NONE', ( #5880, #4327, #2705, #4527 ) ) ;
#2779 = LINE ( 'NONE', #2223, #3686 ) ;
#2780 = DIRECTION ( 'NONE',  ( 1.000000000000000000, 9.912705577010326782E-17, -0.000000000000000000 ) ) ;
#2781 = AXIS2_PLACEMENT_3D ( 'NONE', #8200, #1761, #4632 ) ;
#2782 = AXIS2_PLACEMENT_3D ( 'NONE', #2973, #4231, #5834 ) ;
#2783 = DIRECTION ( 'NONE',  ( 0.000000000000000000, -1.000000000000000000, 0.000000000000000000 ) ) ;
#2784 = ORIENTED_EDGE ( 'NONE', *, *, #2004, .T. ) ;
#2785 = VERTEX_POINT ( 'NONE', #7177 ) ;
#2786 = ORIENTED_EDGE ( 'NONE', *, *, #8341, .T. ) ;
#2787 = EDGE_CURVE ( 'NONE', #481, #4421, #1257, .T. ) ;
#2788 = AXIS2_PLACEMENT_3D ( 'NONE', #783, #2103, #2153 ) ;
#2789 = AXIS2_PLACEMENT_3D ( 'NONE', #1558, #3579, #7811 ) ;
#2790 = DIRECTION ( 'NONE',  ( -1.000000000000000000, 1.541976423090495387E-16, 0.000000000000000000 ) ) ;
#2791 = DIRECTION ( 'NONE',  ( 0.000000000000000000, 1.000000000000000000, 0.000000000000000000 ) ) ;
#2792 = LINE ( 'NONE', #5658, #5134 ) ;
#2793 = LINE ( 'NONE', #4770, #4885 ) ;
#2794 = ORIENTED_EDGE ( 'NONE', *, *, #8756, .F. ) ;
#2795 = CARTESIAN_POINT ( 'NONE',  ( -26.00000000000000000, 18.15685424949231219, -18.15685424949224469 ) ) ;
#2796 = VECTOR ( 'NONE', #7423, 1000.000000000000000 ) ;
#2797 = AXIS2_PLACEMENT_3D ( 'NONE', #1681, #3054, #2959 ) ;
#2798 = CARTESIAN_POINT ( 'NONE',  ( -28.34637176787640200, 2.523079050848597848, -21.76231971947125388 ) ) ;
#2799 = PLANE ( 'NONE',  #5463 ) ;
#2800 = ADVANCED_FACE ( 'NONE', ( #4261 ), #4116, .T. ) ;
#2801 = ORIENTED_EDGE ( 'NONE', *, *, #1106, .T. ) ;
#2802 = ORIENTED_EDGE ( 'NONE', *, *, #7794, .F. ) ;
#2803 = EDGE_CURVE ( 'NONE', #2921, #2834, #6983, .T. ) ;
#2804 = DIRECTION ( 'NONE',  ( 1.000000000000000000, -0.000000000000000000, -0.000000000000000000 ) ) ;
#2805 = FACE_OUTER_BOUND ( 'NONE', #6916, .T. ) ;
#2806 = EDGE_CURVE ( 'NONE', #7300, #2465, #1409, .T. ) ;
#2807 = VECTOR ( 'NONE', #5841, 1000.000000000000227 ) ;
#2808 = CARTESIAN_POINT ( 'NONE',  ( -2.163118960624837328, 104.4400000000000261, -13.11449676604731174 ) ) ;
#2809 = VERTEX_POINT ( 'NONE', #5862 ) ;
#2810 = DIRECTION ( 'NONE',  ( 1.000000000000000000, 0.000000000000000000, 0.000000000000000000 ) ) ;
#2811 = DIRECTION ( 'NONE',  ( -1.000000000000000000, -9.912705577010326782E-17, 0.000000000000000000 ) ) ;
#2812 = ORIENTED_EDGE ( 'NONE', *, *, #8633, .T. ) ;
#2813 = VECTOR ( 'NONE', #2743, 1000.000000000000000 ) ;
#2814 = ORIENTED_EDGE ( 'NONE', *, *, #3834, .T. ) ;
#2815 = CARTESIAN_POINT ( 'NONE',  ( 29.99999999999999645, 20.50000000000001066, -12.50000000000000000 ) ) ;
#2816 = EDGE_CURVE ( 'NONE', #4493, #7351, #7869, .T. ) ;
#2817 = EDGE_CURVE ( 'NONE', #5250, #1600, #6519, .T. ) ;
#2818 = DIRECTION ( 'NONE',  ( 0.000000000000000000, 1.000000000000000000, 0.000000000000000000 ) ) ;
#2819 = AXIS2_PLACEMENT_3D ( 'NONE', #5266, #3144, #5919 ) ;
#2820 = CARTESIAN_POINT ( 'NONE',  ( 28.78369572216469763, 1.879162068284428111, -18.79543064681622155 ) ) ;
#2821 = CARTESIAN_POINT ( 'NONE',  ( 29.99999999999999645, 10.34999999999987708, -20.49999999999977618 ) ) ;
#2822 = FACE_OUTER_BOUND ( 'NONE', #1813, .T. ) ;
#2823 = ORIENTED_EDGE ( 'NONE', *, *, #5397, .T. ) ;
#2824 = CIRCLE ( 'NONE', #8240, 3.000000000000002220 ) ;
#2825 = ORIENTED_EDGE ( 'NONE', *, *, #8600, .T. ) ;
#2826 = DIRECTION ( 'NONE',  ( -1.000000000000000000, -9.912705577010326782E-17, 0.000000000000000000 ) ) ;
#2827 = DIRECTION ( 'NONE',  ( -1.000000000000000000, 0.000000000000000000, 0.000000000000000000 ) ) ;
#2828 = ORIENTED_EDGE ( 'NONE', *, *, #5993, .F. ) ;
#2829 = DIRECTION ( 'NONE',  ( 0.000000000000000000, -1.000000000000000000, 0.000000000000000000 ) ) ;
#2830 = DIRECTION ( 'NONE',  ( -1.541976423090495387E-16, -1.000000000000000000, 0.000000000000000000 ) ) ;
#2831 = CARTESIAN_POINT ( 'NONE',  ( -28.25000000000000000, 94.08030619057737454, -22.99999999999999289 ) ) ;
#2832 = ORIENTED_EDGE ( 'NONE', *, *, #9229, .T. ) ;
#2833 = ORIENTED_EDGE ( 'NONE', *, *, #3502, .T. ) ;
#2834 = VERTEX_POINT ( 'NONE', #6620 ) ;
#2835 = VECTOR ( 'NONE', #3703, 1000.000000000000000 ) ;
#2836 = EDGE_CURVE ( 'NONE', #8065, #4610, #5898, .T. ) ;
#2837 = DIRECTION ( 'NONE',  ( 1.000000000000000000, -0.000000000000000000, -0.000000000000000000 ) ) ;
#2838 = CARTESIAN_POINT ( 'NONE',  ( -30.00000000000000000, 20.30685424949254880, -6.843145750507550140 ) ) ;
#2839 = CARTESIAN_POINT ( 'NONE',  ( -23.31393684833120616, 2.886454107512963496, -7.500000000000000000 ) ) ;
#2840 = CARTESIAN_POINT ( 'NONE',  ( -28.00000000000000000, 12.49999999999999822, -12.50000000000000000 ) ) ;
#2841 = ORIENTED_EDGE ( 'NONE', *, *, #1611, .T. ) ;
#2842 = CARTESIAN_POINT ( 'NONE',  ( -14.25000000000020250, 96.44000000000002615, -13.11449676604731174 ) ) ;
#2843 = CARTESIAN_POINT ( 'NONE',  ( -23.99999999999999645, 12.50000000000001066, -12.50000000000000000 ) ) ;
#2844 = CARTESIAN_POINT ( 'NONE',  ( -24.83126836019009076, 105.5801250899406227, -16.27968289624860887 ) ) ;
#2845 = ORIENTED_EDGE ( 'NONE', *, *, #9059, .F. ) ;
#2846 = ORIENTED_EDGE ( 'NONE', *, *, #2989, .F. ) ;
#2847 = DIRECTION ( 'NONE',  ( 0.000000000000000000, -0.000000000000000000, -1.000000000000000000 ) ) ;
#2848 = VECTOR ( 'NONE', #3225, 1000.000000000000114 ) ;
#2849 = CARTESIAN_POINT ( 'NONE',  ( -24.63509222136525523, 15.91769679268174897, -23.00000000000000000 ) ) ;
#2850 = ADVANCED_FACE ( 'NONE', ( #6522, #83, #6707, #2951, #1537, #8030 ), #186, .T. ) ;
#2851 = DIRECTION ( 'NONE',  ( 0.3090169943749471737, 0.000000000000000000, 0.9510565162951536422 ) ) ;
#2852 = CARTESIAN_POINT ( 'NONE',  ( -16.57654914134644741, 96.44000000000002615, -2.000000000000000000 ) ) ;
#2853 = ORIENTED_EDGE ( 'NONE', *, *, #7880, .F. ) ;
#2854 = EDGE_CURVE ( 'NONE', #1093, #5546, #8684, .T. ) ;
#2855 = FACE_OUTER_BOUND ( 'NONE', #5942, .T. ) ;
#2856 = DIRECTION ( 'NONE',  ( -0.4999999999999977796, -0.8660254037844398178, 0.000000000000000000 ) ) ;
#2857 = TOROIDAL_SURFACE ( 'NONE', #4042, 9.500000000000001776, 3.000000000000000000 ) ;
#2858 = VERTEX_POINT ( 'NONE', #7369 ) ;
#2859 = ORIENTED_EDGE ( 'NONE', *, *, #5034, .T. ) ;
#2860 = CARTESIAN_POINT ( 'NONE',  ( -24.52840785915807231, 105.9503721433493126, -12.67867690668287217 ) ) ;
#2861 = VECTOR ( 'NONE', #8786, 1000.000000000000000 ) ;
#2862 = LINE ( 'NONE', #4366, #7615 ) ;
#2863 = VECTOR ( 'NONE', #8063, 1000.000000000000000 ) ;
#2864 = DIRECTION ( 'NONE',  ( 0.000000000000000000, -2.602085213965210149E-16, -1.000000000000000000 ) ) ;
#2865 = FACE_BOUND ( 'NONE', #4481, .T. ) ;
#2866 = FACE_BOUND ( 'NONE', #7001, .T. ) ;
#2867 = FACE_OUTER_BOUND ( 'NONE', #3374, .T. ) ;
#2868 = EDGE_LOOP ( 'NONE', ( #3292, #2206 ) ) ;
#2869 = EDGE_CURVE ( 'NONE', #8452, #1120, #3958, .T. ) ;
#2870 = VECTOR ( 'NONE', #6599, 1000.000000000000000 ) ;
#2871 = EDGE_CURVE ( 'NONE', #1364, #3627, #3362, .T. ) ;
#2872 = CARTESIAN_POINT ( 'NONE',  ( 12.08688103937515734, 104.4400000000000261, -19.77189238011338546 ) ) ;
#2873 = CARTESIAN_POINT ( 'NONE',  ( -27.51677145086356546, 0.9860485375652009443, -7.633565046037900537 ) ) ;
#2874 = VERTEX_POINT ( 'NONE', #4359 ) ;
#2875 = CARTESIAN_POINT ( 'NONE',  ( -10.07906768228852101, 77.01368055568988780, -23.00000000000000000 ) ) ;
#2876 = DIRECTION ( 'NONE',  ( 1.000000000000000000, 0.000000000000000000, 0.000000000000000000 ) ) ;
#2877 = CARTESIAN_POINT ( 'NONE',  ( -29.99999999999999645, 12.49999999999988276, -20.49999999999977618 ) ) ;
#2878 = ORIENTED_EDGE ( 'NONE', *, *, #6753, .F. ) ;
#2879 = ORIENTED_EDGE ( 'NONE', *, *, #6137, .F. ) ;
#2880 = ORIENTED_EDGE ( 'NONE', *, *, #620, .F. ) ;
#2881 = ORIENTED_EDGE ( 'NONE', *, *, #3601, .F. ) ;
#2882 = LINE ( 'NONE', #112, #7757 ) ;
#2883 = LINE ( 'NONE', #4530, #8726 ) ;
#2884 = DIRECTION ( 'NONE',  ( 0.000000000000000000, -1.000000000000000000, 0.000000000000000000 ) ) ;
#2885 = ORIENTED_EDGE ( 'NONE', *, *, #1223, .F. ) ;
#2886 = CARTESIAN_POINT ( 'NONE',  ( 10.07906768228851213, 77.01368055568988780, -23.00000000000000000 ) ) ;
#2887 = CARTESIAN_POINT ( 'NONE',  ( 8.399223068573766326, 78.09909387501738820, -2.000000000000011102 ) ) ;
#2888 = CARTESIAN_POINT ( 'NONE',  ( -12.94814989366372338, 70.39833175440061552, -23.00000000000000000 ) ) ;
#2889 = EDGE_CURVE ( 'NONE', #7388, #5931, #2324, .T. ) ;
#2890 = ORIENTED_EDGE ( 'NONE', *, *, #2817, .T. ) ;
#2891 = VERTEX_POINT ( 'NONE', #3840 ) ;
#2892 = LINE ( 'NONE', #8675, #2105 ) ;
#2893 = DIRECTION ( 'NONE',  ( -9.912705577010326782E-17, 1.000000000000000000, 0.000000000000000000 ) ) ;
#2894 = CARTESIAN_POINT ( 'NONE',  ( -24.12127701492601872, 4.124596381120155364, -6.983491461398440237 ) ) ;
#2895 = AXIS2_PLACEMENT_3D ( 'NONE', #6123, #5420, #7482 ) ;
#2896 = EDGE_CURVE ( 'NONE', #6603, #7912, #3049, .T. ) ;
#2897 = DIRECTION ( 'NONE',  ( 0.000000000000000000, -1.000000000000000000, 0.000000000000000000 ) ) ;
#2898 = DIRECTION ( 'NONE',  ( 0.000000000000000000, 0.000000000000000000, 1.000000000000000000 ) ) ;
#2899 = EDGE_LOOP ( 'NONE', ( #2448, #5132, #4838, #3069, #708, #5059, #4012, #681, #8052, #407, #9072, #5833, #4262, #8113, #3778, #6737, #7723, #4925, #7673, #6779, #6496, #1993, #732, #4373, #1888, #7087 ) ) ;
#2900 = DIRECTION ( 'NONE',  ( 0.000000000000000000, -1.000000000000000000, 0.000000000000000000 ) ) ;
#2901 = DIRECTION ( 'NONE',  ( -0.000000000000000000, 1.000000000000000000, -0.000000000000000000 ) ) ;
#2902 = ORIENTED_EDGE ( 'NONE', *, *, #7802, .T. ) ;
#2903 = EDGE_LOOP ( 'NONE', ( #167, #3942, #3358, #4129 ) ) ;
#2904 = AXIS2_PLACEMENT_3D ( 'NONE', #3359, #626, #3495 ) ;
#2905 = ADVANCED_FACE ( 'NONE', ( #3137 ), #2391, .F. ) ;
#2906 = CARTESIAN_POINT ( 'NONE',  ( -23.57734342758551449, 108.4005294580305474, -13.01623484220806226 ) ) ;
#2907 = DIRECTION ( 'NONE',  ( -0.000000000000000000, -0.000000000000000000, -1.000000000000000000 ) ) ;
#2908 = CARTESIAN_POINT ( 'NONE',  ( -22.25000000000000000, 106.9403061905773598, -14.59999999999999787 ) ) ;
#2909 = CARTESIAN_POINT ( 'NONE',  ( -25.99999999999999289, 53.27857453684310229, -23.00000000000000000 ) ) ;
#2910 = CARTESIAN_POINT ( 'NONE',  ( 28.25000000000000000, 94.08030619057737454, -128.1790850899541852 ) ) ;
#2911 = CARTESIAN_POINT ( 'NONE',  ( 27.99999999999999289, 13.82287565553229136, -25.00000000000000000 ) ) ;
#2912 = EDGE_LOOP ( 'NONE', ( #8471, #7057, #2859, #1080 ) ) ;
#2913 = VERTEX_POINT ( 'NONE', #5955 ) ;
#2914 = EDGE_CURVE ( 'NONE', #295, #4907, #228, .T. ) ;
#2915 = CIRCLE ( 'NONE', #6066, 2.150000000000012790 ) ;
#2916 = EDGE_CURVE ( 'NONE', #6585, #7276, #272, .T. ) ;
#2917 = DIRECTION ( 'NONE',  ( 0.000000000000000000, -0.000000000000000000, -1.000000000000000000 ) ) ;
#2918 = EDGE_CURVE ( 'NONE', #5810, #261, #4638, .T. ) ;
#2919 = CIRCLE ( 'NONE', #7717, 2.150000000000000799 ) ;
#2920 = DIRECTION ( 'NONE',  ( 0.4999999999999987232, -0.8660254037844393737, 0.000000000000000000 ) ) ;
#2921 = VERTEX_POINT ( 'NONE', #5391 ) ;
#2922 = CARTESIAN_POINT ( 'NONE',  ( 58.00000000000002132, 20.50000000000001776, -12.50000000000000000 ) ) ;
#2923 = DIRECTION ( 'NONE',  ( -0.5427066596637479812, -0.8399223068573764550, 0.000000000000000000 ) ) ;
#2924 = ORIENTED_EDGE ( 'NONE', *, *, #3875, .F. ) ;
#2925 = ORIENTED_EDGE ( 'NONE', *, *, #8042, .T. ) ;
#2926 = ORIENTED_EDGE ( 'NONE', *, *, #5670, .T. ) ;
#2927 = AXIS2_PLACEMENT_3D ( 'NONE', #4402, #5013, #3604 ) ;
#2928 = CARTESIAN_POINT ( 'NONE',  ( 29.25177415199270570, 11.90390915698976393, -25.50000000000000000 ) ) ;
#2929 = CARTESIAN_POINT ( 'NONE',  ( 28.25000000000000000, 94.08030619057737454, -2.000000000000001776 ) ) ;
#2930 = CARTESIAN_POINT ( 'NONE',  ( -19.93623836877595323, 92.26917336134502534, -2.000000000000000000 ) ) ;
#2931 = ORIENTED_EDGE ( 'NONE', *, *, #6470, .T. ) ;
#2932 = CARTESIAN_POINT ( 'NONE',  ( 23.50997052723306879, 112.7683130839471062, -23.40901408153306207 ) ) ;
#2933 = ORIENTED_EDGE ( 'NONE', *, *, #1757, .F. ) ;
#2934 = DIRECTION ( 'NONE',  ( 0.5427066596637477591, 0.8399223068573765660, 0.000000000000000000 ) ) ;
#2935 = DIRECTION ( 'NONE',  ( -0.000000000000000000, 0.000000000000000000, 1.000000000000000000 ) ) ;
#2936 = FACE_OUTER_BOUND ( 'NONE', #4948, .T. ) ;
#2937 = ORIENTED_EDGE ( 'NONE', *, *, #6994, .T. ) ;
#2938 = ORIENTED_EDGE ( 'NONE', *, *, #6078, .F. ) ;
#2939 = CIRCLE ( 'NONE', #2492, 5.000000000000000888 ) ;
#2940 = VECTOR ( 'NONE', #6022, 1000.000000000000000 ) ;
#2941 = DIRECTION ( 'NONE',  ( 1.000000000000000000, 1.360567432138672574E-16, -0.000000000000000000 ) ) ;
#2942 = CARTESIAN_POINT ( 'NONE',  ( 14.98768373480797678, 61.94593937371147518, -22.99999999999999289 ) ) ;
#2943 = CIRCLE ( 'NONE', #7301, 1.050000000000000488 ) ;
#2944 = AXIS2_PLACEMENT_3D ( 'NONE', #3281, #7736, #6237 ) ;
#2945 = DIRECTION ( 'NONE',  ( -0.8399223068573744566, -0.5427066596637510898, 1.734723475976807094E-15 ) ) ;
#2946 = DIRECTION ( 'NONE',  ( -0.000000000000000000, 1.000000000000000000, -0.000000000000000000 ) ) ;
#2947 = DIRECTION ( 'NONE',  ( -0.000000000000000000, 1.000000000000000000, -0.000000000000000000 ) ) ;
#2948 = ORIENTED_EDGE ( 'NONE', *, *, #3024, .T. ) ;
#2949 = DIRECTION ( 'NONE',  ( 1.000000000000000000, -0.000000000000000000, -0.000000000000000000 ) ) ;
#2950 = DIRECTION ( 'NONE',  ( 1.000000000000000000, -1.541976423090495387E-16, -0.000000000000000000 ) ) ;
#2951 = FACE_BOUND ( 'NONE', #8185, .T. ) ;
#2952 = VERTEX_POINT ( 'NONE', #4774 ) ;
#2953 = ORIENTED_EDGE ( 'NONE', *, *, #2458, .F. ) ;
#2954 = CIRCLE ( 'NONE', #7448, 1.050000000000000488 ) ;
#2955 = ADVANCED_FACE ( 'NONE', ( #2440 ), #1766, .F. ) ;
#2956 = CARTESIAN_POINT ( 'NONE',  ( -25.65828515749099381, 104.8518006271910963, -14.07279013403561940 ) ) ;
#2957 = DIRECTION ( 'NONE',  ( 0.000000000000000000, 0.000000000000000000, 1.000000000000000000 ) ) ;
#2958 = EDGE_CURVE ( 'NONE', #4678, #3558, #2765, .T. ) ;
#2959 = DIRECTION ( 'NONE',  ( 1.000000000000000000, 0.000000000000000000, 0.000000000000000000 ) ) ;
#2960 = LINE ( 'NONE', #3569, #2641 ) ;
#2961 = AXIS2_PLACEMENT_3D ( 'NONE', #1345, #546, #4161 ) ;
#2962 = ADVANCED_FACE ( 'NONE', ( #3923 ), #7455, .T. ) ;
#2963 = FACE_OUTER_BOUND ( 'NONE', #1420, .T. ) ;
#2964 = ORIENTED_EDGE ( 'NONE', *, *, #2966, .T. ) ;
#2965 = ORIENTED_EDGE ( 'NONE', *, *, #4692, .T. ) ;
#2966 = EDGE_CURVE ( 'NONE', #3680, #5695, #6669, .T. ) ;
#2967 = VECTOR ( 'NONE', #8520, 1000.000000000000114 ) ;
#2968 = CARTESIAN_POINT ( 'NONE',  ( -23.99999999999999645, 4.313272937247765171, -18.50000000000000355 ) ) ;
#2969 = EDGE_CURVE ( 'NONE', #5323, #85, #8335, .T. ) ;
#2970 = DIRECTION ( 'NONE',  ( 9.912705577010326782E-17, -1.000000000000000000, 0.000000000000000000 ) ) ;
#2971 = AXIS2_PLACEMENT_3D ( 'NONE', #5442, #6798, #6892 ) ;
#2972 = EDGE_LOOP ( 'NONE', ( #5271, #5243, #3205, #9269, #3167, #6573, #639 ) ) ;
#2973 = CARTESIAN_POINT ( 'NONE',  ( 19.93623836877595679, 92.26917336134502534, -2.000000000000000000 ) ) ;
#2974 = EDGE_CURVE ( 'NONE', #8542, #6387, #6139, .T. ) ;
#2975 = CIRCLE ( 'NONE', #6143, 4.000000000000000000 ) ;
#2976 = ORIENTED_EDGE ( 'NONE', *, *, #6003, .F. ) ;
#2977 = ORIENTED_EDGE ( 'NONE', *, *, #6288, .T. ) ;
#2978 = EDGE_LOOP ( 'NONE', ( #1520, #8099, #6992, #4664 ) ) ;
#2979 = CIRCLE ( 'NONE', #8969, 12.50000000000000178 ) ;
#2980 = LINE ( 'NONE', #763, #5965 ) ;
#2981 = CARTESIAN_POINT ( 'NONE',  ( -28.07029951316432914, 48.61918494047679928, 0.000000000000000000 ) ) ;
#2982 = DIRECTION ( 'NONE',  ( 0.4999999999999977796, 0.8660254037844398178, 0.000000000000000000 ) ) ;
#2983 = ORIENTED_EDGE ( 'NONE', *, *, #7792, .T. ) ;
#2984 = CARTESIAN_POINT ( 'NONE',  ( 16.57654914134644741, 94.44000000000002615, -2.000000000000000000 ) ) ;
#2985 = ORIENTED_EDGE ( 'NONE', *, *, #4558, .F. ) ;
#2986 = DIRECTION ( 'NONE',  ( -1.000000000000000000, -1.892425610156517122E-16, -0.000000000000000000 ) ) ;
#2987 = CARTESIAN_POINT ( 'NONE',  ( -29.96226735906543936, 4.099998885823179506, -19.86679498375015740 ) ) ;
#2988 = DIRECTION ( 'NONE',  ( 1.898094922533725623E-16, 1.000000000000000000, 0.000000000000000000 ) ) ;
#2989 = EDGE_CURVE ( 'NONE', #1364, #2424, #4108, .T. ) ;
#2990 = ORIENTED_EDGE ( 'NONE', *, *, #6515, .T. ) ;
#2991 = EDGE_LOOP ( 'NONE', ( #8382, #1416, #8741, #648 ) ) ;
#2992 = AXIS2_PLACEMENT_3D ( 'NONE', #5209, #4501, #777 ) ;
#2993 = ADVANCED_FACE ( 'NONE', ( #8994 ), #359, .F. ) ;
#2994 = DIRECTION ( 'NONE',  ( 0.3090169943749485060, 0.000000000000000000, 0.9510565162951533091 ) ) ;
#2995 = LINE ( 'NONE', #5854, #6442 ) ;
#2996 = DIRECTION ( 'NONE',  ( -0.5427066596637479812, 0.8399223068573764550, 0.000000000000000000 ) ) ;
#2997 = AXIS2_PLACEMENT_3D ( 'NONE', #1127, #4446, #5205 ) ;
#2998 = FACE_OUTER_BOUND ( 'NONE', #1156, .T. ) ;
#2999 = CYLINDRICAL_SURFACE ( 'NONE', #2927, 5.000000000000000888 ) ;
#3000 = VERTEX_POINT ( 'NONE', #8248 ) ;
#3001 = FACE_BOUND ( 'NONE', #2189, .T. ) ;
#3002 = CARTESIAN_POINT ( 'NONE',  ( 26.25000000000000355, 102.3196380149609865, -2.000000000000000000 ) ) ;
#3003 = ORIENTED_EDGE ( 'NONE', *, *, #1217, .F. ) ;
#3004 = ORIENTED_EDGE ( 'NONE', *, *, #6515, .F. ) ;
#3005 = B_SPLINE_CURVE_WITH_KNOTS ( 'NONE', 3,
 ( #366, #6235, #1818, #3227, #7547, #2578 ),
 .UNSPECIFIED., .F., .F.,
 ( 4, 2, 4 ),
 ( 8.673617379884035472E-19, 0.0006424577849354513046, 0.001284915569870902826 ),
 .UNSPECIFIED. ) ;
#3006 = VECTOR ( 'NONE', #5305, 1000.000000000000227 ) ;
#3007 = FACE_OUTER_BOUND ( 'NONE', #8707, .T. ) ;
#3008 = CARTESIAN_POINT ( 'NONE',  ( -20.25000000000000000, 118.9400000000000261, -128.1790850899541852 ) ) ;
#3009 = CARTESIAN_POINT ( 'NONE',  ( -28.25000000000000000, 94.08030619057737454, -2.000000000000001776 ) ) ;
#3010 = CARTESIAN_POINT ( 'NONE',  ( 22.24999999999998579, 113.9403061905773740, -8.500000000000005329 ) ) ;
#3011 = AXIS2_PLACEMENT_3D ( 'NONE', #6888, #5531, #8389 ) ;
#3012 = CARTESIAN_POINT ( 'NONE',  ( -23.55000000000000782, 106.9403061905773598, -14.59999999999999787 ) ) ;
#3013 = EDGE_CURVE ( 'NONE', #7933, #5555, #5182, .T. ) ;
#3014 = CARTESIAN_POINT ( 'NONE',  ( 25.99999999999999645, 12.49999999999987388, -20.49999999999977618 ) ) ;
#3015 = ORIENTED_EDGE ( 'NONE', *, *, #3143, .T. ) ;
#3016 = ORIENTED_EDGE ( 'NONE', *, *, #1291, .F. ) ;
#3017 = AXIS2_PLACEMENT_3D ( 'NONE', #627, #5571, #1243 ) ;
#3018 = DIRECTION ( 'NONE',  ( -0.000000000000000000, 1.000000000000000000, -0.000000000000000000 ) ) ;
#3019 = DIRECTION ( 'NONE',  ( -1.000000000000000000, 0.000000000000000000, 0.000000000000000000 ) ) ;
#3020 = CIRCLE ( 'NONE', #175, 6.000000000000000000 ) ;
#3021 = EDGE_LOOP ( 'NONE', ( #4383, #2747, #709, #1443 ) ) ;
#3022 = CARTESIAN_POINT ( 'NONE',  ( 0.000000000000000000, 60.10000000000000853, -3.000000000000000000 ) ) ;
#3024 = EDGE_CURVE ( 'NONE', #7875, #5654, #649, .T. ) ;
#3023 = EDGE_LOOP ( 'NONE', ( #1785, #1264, #773, #8325 ) ) ;
#3025 = ORIENTED_EDGE ( 'NONE', *, *, #1575, .F. ) ;
#3026 = ORIENTED_EDGE ( 'NONE', *, *, #6421, .T. ) ;
#3027 = ADVANCED_FACE ( 'NONE', ( #1810 ), #6833, .F. ) ;
#3028 = LOCAL_TIME ( 16, 49, 59.00000000000000000, #4229 ) ;
#3029 = DIRECTION ( 'NONE',  ( -9.912705577010326782E-17, 1.000000000000000000, -0.000000000000000000 ) ) ;
#3030 = DIRECTION ( 'NONE',  ( 1.000000000000000000, -8.879806544366678736E-32, 8.019547272036674401E-16 ) ) ;
#3031 = VERTEX_POINT ( 'NONE', #4681 ) ;
#3032 = CARTESIAN_POINT ( 'NONE',  ( 23.49038183646690925, 112.9026329016995760, -23.48925314190056923 ) ) ;
#3033 = ORIENTED_EDGE ( 'NONE', *, *, #1541, .T. ) ;
#3034 = LINE ( 'NONE', #7308, #7256 ) ;
#3035 = FACE_OUTER_BOUND ( 'NONE', #4374, .T. ) ;
#3036 = PLANE ( 'NONE',  #9036 ) ;
#3038 = EDGE_CURVE ( 'NONE', #7144, #4793, #2169, .T. ) ;
#3037 = ORIENTED_EDGE ( 'NONE', *, *, #6824, .F. ) ;
#3039 = VERTEX_POINT ( 'NONE', #5303 ) ;
#3040 = CARTESIAN_POINT ( 'NONE',  ( 25.00000000000000355, 12.50000000000001421, -17.50000000000000000 ) ) ;
#3041 = CARTESIAN_POINT ( 'NONE',  ( -28.00000000000000000, 49.81447292170534524, 0.000000000000000000 ) ) ;
#3042 = DIRECTION ( 'NONE',  ( 1.000000000000000000, 9.912705577010326782E-17, -0.000000000000000000 ) ) ;
#3043 = DIRECTION ( 'NONE',  ( 0.000000000000000000, 0.000000000000000000, -1.000000000000000000 ) ) ;
#3044 = EDGE_CURVE ( 'NONE', #7532, #2030, #2615, .T. ) ;
#3045 = CYLINDRICAL_SURFACE ( 'NONE', #3683, 2.150000000000012790 ) ;
#3046 = ORIENTED_EDGE ( 'NONE', *, *, #2419, .T. ) ;
#3047 = CARTESIAN_POINT ( 'NONE',  ( -23.99999999999999645, 4.313272937247765171, -18.50000000000000355 ) ) ;
#3048 = LINE ( 'NONE', #6663, #7737 ) ;
#3049 = LINE ( 'NONE', #2344, #506 ) ;
#3050 = ORIENTED_EDGE ( 'NONE', *, *, #7616, .F. ) ;
#3051 = CARTESIAN_POINT ( 'NONE',  ( 22.99999999999991829, 10.68809468042393540, -23.50827630083013986 ) ) ;
#3052 = VECTOR ( 'NONE', #1598, 1000.000000000000000 ) ;
#3053 = DIRECTION ( 'NONE',  ( 1.000000000000000000, -0.000000000000000000, -0.000000000000000000 ) ) ;
#3054 = DIRECTION ( 'NONE',  ( -0.000000000000000000, 0.000000000000000000, 1.000000000000000000 ) ) ;
#3055 = DIRECTION ( 'NONE',  ( 0.7071067811865444641, 8.659560562354969836E-17, 0.7071067811865505703 ) ) ;
#3056 = CARTESIAN_POINT ( 'NONE',  ( 25.28750544531312627, 105.1409645810044395, -13.41762819862476874 ) ) ;
#3057 = DIRECTION ( 'NONE',  ( -0.000000000000000000, 0.000000000000000000, 1.000000000000000000 ) ) ;
#3058 = EDGE_LOOP ( 'NONE', ( #4924, #5796, #8883, #1756, #2133, #8632, #1549, #347, #9231, #5775, #4611 ) ) ;
#3059 = ORIENTED_EDGE ( 'NONE', *, *, #4168, .F. ) ;
#3060 = CIRCLE ( 'NONE', #7089, 3.000000000000000000 ) ;
#3061 = VECTOR ( 'NONE', #3790, 1000.000000000000000 ) ;
#3062 = CIRCLE ( 'NONE', #7091, 11.15000000000002522 ) ;
#3063 = CYLINDRICAL_SURFACE ( 'NONE', #1767, 1.000000000000000000 ) ;
#3064 = LINE ( 'NONE', #3676, #3153 ) ;
#3065 = EDGE_LOOP ( 'NONE', ( #5043, #6326, #2235, #8923, #8663, #5201, #9112 ) ) ;
#3066 = CARTESIAN_POINT ( 'NONE',  ( -23.67760981612343940, 3.292039969255676102, -17.50000000000000000 ) ) ;
#3067 = AXIS2_PLACEMENT_3D ( 'NONE', #8501, #2680, #2067 ) ;
#3068 = AXIS2_PLACEMENT_3D ( 'NONE', #134, #4408, #5121 ) ;
#3069 = ORIENTED_EDGE ( 'NONE', *, *, #8693, .F. ) ;
#3070 = ORIENTED_EDGE ( 'NONE', *, *, #6793, .T. ) ;
#3071 = VERTEX_POINT ( 'NONE', #1857 ) ;
#3072 = EDGE_CURVE ( 'NONE', #3121, #7270, #1155, .T. ) ;
#3073 = EDGE_CURVE ( 'NONE', #2575, #1190, #1109, .T. ) ;
#3074 = LINE ( 'NONE', #764, #3252 ) ;
#3075 = DIRECTION ( 'NONE',  ( 0.000000000000000000, -1.000000000000000000, 0.000000000000000000 ) ) ;
#3076 = EDGE_LOOP ( 'NONE', ( #1702, #3283 ) ) ;
#3077 = CARTESIAN_POINT ( 'NONE',  ( -28.46506871813372186, 2.553683944160256125, -21.72911309691102133 ) ) ;
#3078 = ORIENTED_EDGE ( 'NONE', *, *, #2099, .F. ) ;
#3079 = DIRECTION ( 'NONE',  ( -1.000000000000000000, 1.541976423090495387E-16, 0.000000000000000000 ) ) ;
#3080 = EDGE_CURVE ( 'NONE', #5652, #9057, #3215, .T. ) ;
#3081 = CARTESIAN_POINT ( 'NONE',  ( 30.00000000000000355, 49.81447292170534524, -22.99999999999999289 ) ) ;
#3082 = CYLINDRICAL_SURFACE ( 'NONE', #945, 1.000000000000000888 ) ;
#3083 = VERTEX_POINT ( 'NONE', #4152 ) ;
#3084 = VERTEX_POINT ( 'NONE', #8431 ) ;
#3085 = CYLINDRICAL_SURFACE ( 'NONE', #2997, 2.000000000000001776 ) ;
#3086 = CARTESIAN_POINT ( 'NONE',  ( -23.99999999999999645, 4.266930168246926058, -6.563232600190316290 ) ) ;
#3087 = CARTESIAN_POINT ( 'NONE',  ( 29.99999999999999645, 10.35000000000021281, -4.499999999999771738 ) ) ;
#3088 = DIRECTION ( 'NONE',  ( 0.000000000000000000, 0.000000000000000000, -1.000000000000000000 ) ) ;
#3089 = ORIENTED_EDGE ( 'NONE', *, *, #5033, .F. ) ;
#3090 = EDGE_CURVE ( 'NONE', #6365, #5045, #628, .T. ) ;
#3091 = DIRECTION ( 'NONE',  ( 0.000000000000000000, 0.000000000000000000, 1.000000000000000000 ) ) ;
#3092 = DIRECTION ( 'NONE',  ( -1.000000000000000000, -9.912705577010326782E-17, 0.000000000000000000 ) ) ;
#3093 = VECTOR ( 'NONE', #7536, 1000.000000000000000 ) ;
#3094 = ORIENTED_EDGE ( 'NONE', *, *, #6653, .F. ) ;
#3095 = TOROIDAL_SURFACE ( 'NONE', #7731, 4.000000000000000000, 2.000000000000000000 ) ;
#3096 = EDGE_CURVE ( 'NONE', #6069, #7486, #8142, .T. ) ;
#3097 = CARTESIAN_POINT ( 'NONE',  ( -28.00000000000000000, 12.50000000000000888, -8.500000000000000000 ) ) ;
#3098 = LINE ( 'NONE', #5961, #722 ) ;
#3099 = CIRCLE ( 'NONE', #5944, 11.15000000000003055 ) ;
#3100 = CIRCLE ( 'NONE', #3238, 6.000000000000000000 ) ;
#3101 = CARTESIAN_POINT ( 'NONE',  ( -28.25000000000000355, 94.08030619057740296, -0.8284271247461885146 ) ) ;
#3102 = CYLINDRICAL_SURFACE ( 'NONE', #4448, 2.000000000000000000 ) ;
#3103 = FACE_OUTER_BOUND ( 'NONE', #403, .T. ) ;
#3104 = DIRECTION ( 'NONE',  ( -0.000000000000000000, 0.000000000000000000, 1.000000000000000000 ) ) ;
#3105 = VERTEX_POINT ( 'NONE', #2142 ) ;
#3106 = VECTOR ( 'NONE', #6338, 1000.000000000000000 ) ;
#3107 = EDGE_CURVE ( 'NONE', #7098, #4892, #1997, .T. ) ;
#3108 = EDGE_CURVE ( 'NONE', #1562, #182, #3819, .T. ) ;
#3109 = CYLINDRICAL_SURFACE ( 'NONE', #7775, 0.9000000000000075717 ) ;
#3110 = AXIS2_PLACEMENT_3D ( 'NONE', #4114, #8537, #3555 ) ;
#3111 = CIRCLE ( 'NONE', #6407, 2.000000000000000000 ) ;
#3112 = CARTESIAN_POINT ( 'NONE',  ( 23.00000000000000000, 2.533932570968594256, -17.50000000000000000 ) ) ;
#3113 = ORIENTED_EDGE ( 'NONE', *, *, #7829, .F. ) ;
#3114 = CARTESIAN_POINT ( 'NONE',  ( 25.99999999999999645, 18.15685424949230153, -18.15685424949224469 ) ) ;
#3115 = EDGE_LOOP ( 'NONE', ( #5888, #7619, #8161, #916 ) ) ;
#3116 = VERTEX_POINT ( 'NONE', #3595 ) ;
#3117 = VECTOR ( 'NONE', #3192, 1000.000000000000000 ) ;
#3118 = VECTOR ( 'NONE', #6239, 1000.000000000000000 ) ;
#3119 = CARTESIAN_POINT ( 'NONE',  ( 30.00000000044732573, 4.327813882097794718, -19.36393644346150467 ) ) ;
#3120 = DIRECTION ( 'NONE',  ( 1.000000000000000000, -1.541976423090495387E-16, -0.000000000000000000 ) ) ;
#3121 = VERTEX_POINT ( 'NONE', #4819 ) ;
#3122 = CARTESIAN_POINT ( 'NONE',  ( -29.74894598788914735, 3.521255884487533461, -20.61432291039307074 ) ) ;
#3123 = EDGE_LOOP ( 'NONE', ( #4348, #2880, #866, #8476 ) ) ;
#3124 = DIRECTION ( 'NONE',  ( 0.8660254037844399289, 0.4999999999999980571, 0.000000000000000000 ) ) ;
#3125 = FACE_OUTER_BOUND ( 'NONE', #1982, .T. ) ;
#3126 = FACE_OUTER_BOUND ( 'NONE', #4972, .T. ) ;
#3127 = ORIENTED_EDGE ( 'NONE', *, *, #2773, .T. ) ;
#3128 = VERTEX_POINT ( 'NONE', #5615 ) ;
#3129 = AXIS2_PLACEMENT_3D ( 'NONE', #1213, #464, #8351 ) ;
#3130 = DIRECTION ( 'NONE',  ( 0.000000000000000000, -1.000000000000000000, 0.000000000000000000 ) ) ;
#3131 = CARTESIAN_POINT ( 'NONE',  ( 27.00000000000000000, 1.043560762610390436, -7.500000000000007105 ) ) ;
#3132 = CARTESIAN_POINT ( 'NONE',  ( 20.25000000000000355, 113.9403061905773740, -8.500000000000005329 ) ) ;
#3133 = ORIENTED_EDGE ( 'NONE', *, *, #6586, .T. ) ;
#3134 = DIRECTION ( 'NONE',  ( 0.000000000000000000, 1.000000000000000000, 0.000000000000000000 ) ) ;
#3135 = AXIS2_PLACEMENT_3D ( 'NONE', #937, #3142, #4599 ) ;
#3136 = CARTESIAN_POINT ( 'NONE',  ( -20.25000000000000000, 118.9399999999999835, -4.500000000000000000 ) ) ;
#3137 = FACE_OUTER_BOUND ( 'NONE', #3219, .T. ) ;
#3138 = ORIENTED_EDGE ( 'NONE', *, *, #1641, .F. ) ;
#3139 = CARTESIAN_POINT ( 'NONE',  ( 26.00000000000000000, 1.043560762610393988, -7.500000000000007105 ) ) ;
#3140 = EDGE_CURVE ( 'NONE', #2726, #225, #9268, .T. ) ;
#3141 = AXIS2_PLACEMENT_3D ( 'NONE', #4964, #5064, #4256 ) ;
#3142 = DIRECTION ( 'NONE',  ( -0.000000000000000000, 0.000000000000000000, 1.000000000000000000 ) ) ;
#3143 = EDGE_CURVE ( 'NONE', #4800, #2697, #2915, .T. ) ;
#3144 = DIRECTION ( 'NONE',  ( 1.000000000000000000, -1.541976423090495387E-16, 0.000000000000000000 ) ) ;
#3145 = CARTESIAN_POINT ( 'NONE',  ( -23.31393684833121327, 12.50000000000001421, -1.663936848331197371 ) ) ;
#3146 = DIRECTION ( 'NONE',  ( 1.000000000000000000, 0.000000000000000000, 0.000000000000000000 ) ) ;
#3147 = DIRECTION ( 'NONE',  ( 1.000000000000000000, 0.000000000000000000, 0.000000000000000000 ) ) ;
#3148 = AXIS2_PLACEMENT_3D ( 'NONE', #4877, #5539, #1259 ) ;
#3149 = ORIENTED_EDGE ( 'NONE', *, *, #5033, .T. ) ;
#3150 = DIRECTION ( 'NONE',  ( -1.000000000000000000, -0.000000000000000000, -0.000000000000000000 ) ) ;
#3151 = AXIS2_PLACEMENT_3D ( 'NONE', #8162, #1638, #320 ) ;
#3152 = CARTESIAN_POINT ( 'NONE',  ( -29.57029951316431848, 51.21726115183010819, 0.000000000000000000 ) ) ;
#3153 = VECTOR ( 'NONE', #4986, 1000.000000000000000 ) ;
#3154 = CARTESIAN_POINT ( 'NONE',  ( 20.25000000000000000, 104.4400000000000261, -25.00000000000000000 ) ) ;
#3155 = ORIENTED_EDGE ( 'NONE', *, *, #6538, .T. ) ;
#3156 = CARTESIAN_POINT ( 'NONE',  ( -23.10653202112444760, 16.48680497205377193, -2.188975597653864291 ) ) ;
#3157 = EDGE_CURVE ( 'NONE', #5546, #8938, #4084, .T. ) ;
#3158 = VERTEX_POINT ( 'NONE', #5704 ) ;
#3159 = AXIS2_PLACEMENT_3D ( 'NONE', #3452, #7113, #8528 ) ;
#3160 = ORIENTED_EDGE ( 'NONE', *, *, #6538, .F. ) ;
#3161 = VECTOR ( 'NONE', #5198, 1000.000000000000000 ) ;
#3162 = CIRCLE ( 'NONE', #4811, 2.149999999999999023 ) ;
#3163 = CARTESIAN_POINT ( 'NONE',  ( -28.55000000000000782, 108.9309918853871437, -23.00000000000000000 ) ) ;
#3164 = DIRECTION ( 'NONE',  ( -0.000000000000000000, 0.000000000000000000, 1.000000000000000000 ) ) ;
#3165 = ORIENTED_EDGE ( 'NONE', *, *, #4726, .T. ) ;
#3166 = CARTESIAN_POINT ( 'NONE',  ( -29.99999999999999289, 4.500000000000002665, -19.30073525436772641 ) ) ;
#3167 = ORIENTED_EDGE ( 'NONE', *, *, #8648, .F. ) ;
#3168 = CARTESIAN_POINT ( 'NONE',  ( 28.00000000000000355, 49.81447292170534524, 0.000000000000000000 ) ) ;
#3169 = CARTESIAN_POINT ( 'NONE',  ( -22.25000000000000000, 106.9403061905773740, -15.49999999999999822 ) ) ;
#3170 = DIRECTION ( 'NONE',  ( 0.000000000000000000, 0.000000000000000000, -1.000000000000000000 ) ) ;
#3171 = ORIENTED_EDGE ( 'NONE', *, *, #6106, .T. ) ;
#3172 = VERTEX_POINT ( 'NONE', #5572 ) ;
#3173 = EDGE_LOOP ( 'NONE', ( #580, #8119, #7358, #5381 ) ) ;
#3174 = CIRCLE ( 'NONE', #8722, 2.000000000000000000 ) ;
#3175 = CARTESIAN_POINT ( 'NONE',  ( 58.00000000000002132, 11.45000000000021778, -4.499999999999771738 ) ) ;
#3176 = ADVANCED_FACE ( 'NONE', ( #8575 ), #2799, .F. ) ;
#3177 = CARTESIAN_POINT ( 'NONE',  ( -22.25000000000000000, 113.9403061905773598, -7.599999999999997868 ) ) ;
#3178 = CARTESIAN_POINT ( 'NONE',  ( 15.58688103937514846, 104.4400000000000261, -9.000000000000000000 ) ) ;
#3179 = ORIENTED_EDGE ( 'NONE', *, *, #9135, .F. ) ;
#3180 = DIRECTION ( 'NONE',  ( -1.734723475976807292E-15, 1.000000000000000000, -0.000000000000000000 ) ) ;
#3181 = DIRECTION ( 'NONE',  ( 0.000000000000000000, -0.000000000000000000, -1.000000000000000000 ) ) ;
#3182 = DIRECTION ( 'NONE',  ( -0.000000000000000000, 0.000000000000000000, -1.000000000000000000 ) ) ;
#3183 = EDGE_LOOP ( 'NONE', ( #4567, #2560, #7984, #4518 ) ) ;
#3184 = DIRECTION ( 'NONE',  ( -0.000000000000000000, 1.000000000000000000, -0.000000000000000000 ) ) ;
#3185 = CARTESIAN_POINT ( 'NONE',  ( 5.773401785888007787, 60.10000000000000853, 0.000000000000000000 ) ) ;
#3186 = ADVANCED_FACE ( 'NONE', ( #6415 ), #1379, .T. ) ;
#3187 = DIRECTION ( 'NONE',  ( 1.000000000000000000, 0.000000000000000000, -0.000000000000000000 ) ) ;
#3188 = DIRECTION ( 'NONE',  ( -1.000000000000000000, -1.360567432138672574E-16, 0.000000000000000000 ) ) ;
#3189 = CARTESIAN_POINT ( 'NONE',  ( -16.57654914134644386, 96.44000000000002615, -14.80483366072971307 ) ) ;
#3190 = ORIENTED_EDGE ( 'NONE', *, *, #9196, .T. ) ;
#3191 = DIRECTION ( 'NONE',  ( -0.000000000000000000, 0.000000000000000000, 1.000000000000000000 ) ) ;
#3192 = DIRECTION ( 'NONE',  ( 1.000000000000000000, 0.000000000000000000, 0.000000000000000000 ) ) ;
#3193 = AXIS2_PLACEMENT_3D ( 'NONE', #1624, #1571, #4439 ) ;
#3194 = FACE_OUTER_BOUND ( 'NONE', #1094, .T. ) ;
#3195 = ORIENTED_EDGE ( 'NONE', *, *, #5170, .T. ) ;
#3196 = PLANE ( 'NONE',  #4880 ) ;
#3197 = AXIS2_PLACEMENT_3D ( 'NONE', #44, #1185, #6914 ) ;
#3198 = EDGE_CURVE ( 'NONE', #3477, #2134, #5802, .T. ) ;
#3199 = ORIENTED_EDGE ( 'NONE', *, *, #5959, .T. ) ;
#3200 = EDGE_CURVE ( 'NONE', #8001, #136, #170, .T. ) ;
#3201 = EDGE_CURVE ( 'NONE', #437, #6479, #965, .T. ) ;
#3202 = AXIS2_PLACEMENT_3D ( 'NONE', #3691, #769, #5105 ) ;
#3203 = EDGE_CURVE ( 'NONE', #1939, #2952, #1711, .T. ) ;
#3204 = CARTESIAN_POINT ( 'NONE',  ( -17.98768373480796257, 67.14209179641811431, 0.000000000000000000 ) ) ;
#3205 = ORIENTED_EDGE ( 'NONE', *, *, #6720, .T. ) ;
#3206 = CARTESIAN_POINT ( 'NONE',  ( -29.02147956843974086, 2.031706702255184460, -18.81329046747393363 ) ) ;
#3207 = DIRECTION ( 'NONE',  ( 0.000000000000000000, 0.000000000000000000, -1.000000000000000000 ) ) ;
#3208 = FACE_OUTER_BOUND ( 'NONE', #6204, .T. ) ;
#3209 = CARTESIAN_POINT ( 'NONE',  ( -17.00000000000000000, 44.61832049899870611, -22.00000000000000355 ) ) ;
#3210 = FACE_OUTER_BOUND ( 'NONE', #2991, .T. ) ;
#3211 = VERTEX_POINT ( 'NONE', #5940 ) ;
#3212 = ORIENTED_EDGE ( 'NONE', *, *, #4107, .T. ) ;
#3213 = ORIENTED_EDGE ( 'NONE', *, *, #3096, .F. ) ;
#3214 = EDGE_CURVE ( 'NONE', #4947, #6454, #8618, .T. ) ;
#3215 = CIRCLE ( 'NONE', #7106, 1.049999999999998934 ) ;
#3216 = DIRECTION ( 'NONE',  ( -0.000000000000000000, 0.000000000000000000, 1.000000000000000000 ) ) ;
#3217 = CARTESIAN_POINT ( 'NONE',  ( -25.99999999999999645, 12.49999999999988276, -20.49999999999977618 ) ) ;
#3218 = CYLINDRICAL_SURFACE ( 'NONE', #3841, 2.000000000000000000 ) ;
#3219 = EDGE_LOOP ( 'NONE', ( #7236, #2902, #46, #7531 ) ) ;
#3220 = CARTESIAN_POINT ( 'NONE',  ( 25.78879980177886466, 12.50000000000000178, -25.50000000000000000 ) ) ;
#3221 = CARTESIAN_POINT ( 'NONE',  ( 30.00000000000000355, 53.27857453684310940, -2.000000000000001776 ) ) ;
#3222 = DIRECTION ( 'NONE',  ( 0.000000000000000000, 0.000000000000000000, 1.000000000000000000 ) ) ;
#3223 = ORIENTED_EDGE ( 'NONE', *, *, #5726, .T. ) ;
#3224 = ORIENTED_EDGE ( 'NONE', *, *, #4916, .F. ) ;
#3225 = DIRECTION ( 'NONE',  ( 0.3090169943749471737, 1.053076637743355513E-16, -0.9510565162951536422 ) ) ;
#3226 = LINE ( 'NONE', #3278, #284 ) ;
#3227 = CARTESIAN_POINT ( 'NONE',  ( 29.96548090238899675, 4.082480250451944848, -25.36735458862457548 ) ) ;
#3228 = CIRCLE ( 'NONE', #8043, 2.000000000000004441 ) ;
#3229 = LINE ( 'NONE', #5269, #2796 ) ;
#3230 = VECTOR ( 'NONE', #155, 1000.000000000000000 ) ;
#3231 = CARTESIAN_POINT ( 'NONE',  ( 25.99999999999999645, 20.30685424949253814, -6.843145750507550140 ) ) ;
#3232 = ORIENTED_EDGE ( 'NONE', *, *, #1754, .F. ) ;
#3233 = ADVANCED_FACE ( 'NONE', ( #2936 ), #817, .F. ) ;
#3234 = ADVANCED_FACE ( 'NONE', ( #4345 ), #3082, .T. ) ;
#3235 = AXIS2_PLACEMENT_3D ( 'NONE', #1424, #5149, #6502 ) ;
#3236 = CIRCLE ( 'NONE', #5638, 9.000000000000001776 ) ;
#3237 = DIRECTION ( 'NONE',  ( -0.000000000000000000, 0.000000000000000000, 1.000000000000000000 ) ) ;
#3238 = AXIS2_PLACEMENT_3D ( 'NONE', #1134, #8460, #3997 ) ;
#3239 = DIRECTION ( 'NONE',  ( -0.000000000000000000, 0.000000000000000000, 1.000000000000000000 ) ) ;
#3240 = CIRCLE ( 'NONE', #4132, 1.999999999999999112 ) ;
#3241 = AXIS2_PLACEMENT_3D ( 'NONE', #2009, #7691, #5580 ) ;
#3242 = AXIS2_PLACEMENT_3D ( 'NONE', #5963, #7281, #4512 ) ;
#3243 = EDGE_CURVE ( 'NONE', #5051, #1709, #1668, .T. ) ;
#3244 = PLANE ( 'NONE',  #1961 ) ;
#3245 = B_SPLINE_CURVE_WITH_KNOTS ( 'NONE', 3,
 ( #2349, #3806, #1770, #8872, #8829, #2534, #7503, #6754, #2443, #1815, #4644, #4510, #8253, #3970, #7545, #1066 ),
 .UNSPECIFIED., .F., .F.,
 ( 4, 2, 2, 2, 2, 2, 2, 4 ),
 ( 0.000000000000000000, 0.0006234333113949183745, 0.001246866622789836749, 0.001870299934184755123, 0.002493733245579673498, 0.003117166556974591655, 0.003740599868369510247, 0.004987466491159351333 ),
 .UNSPECIFIED. ) ;
#3246 = ORIENTED_EDGE ( 'NONE', *, *, #5829, .F. ) ;
#3247 = CARTESIAN_POINT ( 'NONE',  ( -11.26830527994895093, 71.48374507372808750, -23.00000000000000000 ) ) ;
#3248 = ORIENTED_EDGE ( 'NONE', *, *, #36, .T. ) ;
#3249 = AXIS2_PLACEMENT_3D ( 'NONE', #5256, #5994, #5809 ) ;
#3250 = CARTESIAN_POINT ( 'NONE',  ( 24.15534234869042152, 1.734559614311363962, -7.500000000000007105 ) ) ;
#3251 = EDGE_CURVE ( 'NONE', #1390, #7729, #3744, .T. ) ;
#3252 = VECTOR ( 'NONE', #3634, 1000.000000000000000 ) ;
#3253 = ADVANCED_FACE ( 'NONE', ( #1525 ), #3036, .F. ) ;
#3254 = DIRECTION ( 'NONE',  ( 0.000000000000000000, -1.000000000000000000, 0.000000000000000000 ) ) ;
#3255 = EDGE_LOOP ( 'NONE', ( #7371, #6767, #2832, #6357 ) ) ;
#3256 = CARTESIAN_POINT ( 'NONE',  ( 12.08688103937515379, 104.4400000000000261, -11.54289884801876198 ) ) ;
#3257 = FACE_OUTER_BOUND ( 'NONE', #1239, .T. ) ;
#3258 = DIRECTION ( 'NONE',  ( 1.898094922533725623E-16, 1.000000000000000000, 0.000000000000000000 ) ) ;
#3259 = VECTOR ( 'NONE', #7491, 1000.000000000000000 ) ;
#3260 = DIRECTION ( 'NONE',  ( 0.000000000000000000, -1.000000000000000000, 0.000000000000000000 ) ) ;
#3261 = DIRECTION ( 'NONE',  ( -0.000000000000000000, 0.000000000000000000, 1.000000000000000000 ) ) ;
#3262 = ORIENTED_EDGE ( 'NONE', *, *, #3675, .T. ) ;
#3263 = VERTEX_POINT ( 'NONE', #71 ) ;
#3264 = ORIENTED_EDGE ( 'NONE', *, *, #651, .F. ) ;
#3265 = VECTOR ( 'NONE', #4076, 1000.000000000000000 ) ;
#3266 = DIRECTION ( 'NONE',  ( 0.000000000000000000, -1.000000000000000000, 0.000000000000000000 ) ) ;
#3267 = DIRECTION ( 'NONE',  ( -2.775557561562890858E-16, 1.000000000000000000, 0.000000000000000000 ) ) ;
#3268 = CARTESIAN_POINT ( 'NONE',  ( 21.55000000000018190, 3.738329090730050843E-14, -23.00000000000000000 ) ) ;
#3269 = ORIENTED_EDGE ( 'NONE', *, *, #6917, .F. ) ;
#3270 = LINE ( 'NONE', #270, #796 ) ;
#3271 = EDGE_CURVE ( 'NONE', #4531, #1955, #4392, .T. ) ;
#3272 = DIRECTION ( 'NONE',  ( 1.000000000000000000, -1.541976423090495387E-16, -0.000000000000000000 ) ) ;
#3273 = CARTESIAN_POINT ( 'NONE',  ( -12.77646003252312212, 104.4400000000000261, -20.82554041900743513 ) ) ;
#3274 = EDGE_CURVE ( 'NONE', #6479, #2688, #2332, .T. ) ;
#3275 = CIRCLE ( 'NONE', #7011, 1.000000000000000888 ) ;
#3276 = ORIENTED_EDGE ( 'NONE', *, *, #3369, .T. ) ;
#3277 = ORIENTED_EDGE ( 'NONE', *, *, #5848, .F. ) ;
#3278 = CARTESIAN_POINT ( 'NONE',  ( -23.00000000000000000, 12.50000000000000888, -17.50000000000000000 ) ) ;
#3279 = VECTOR ( 'NONE', #7079, 1000.000000000000000 ) ;
#3280 = CARTESIAN_POINT ( 'NONE',  ( 23.25652011264163121, 14.61251483125450257, -23.21597227923605189 ) ) ;
#3281 = CARTESIAN_POINT ( 'NONE',  ( 20.57654914134644741, 94.44000000000002615, -2.000000000000000000 ) ) ;
#3282 = LINE ( 'NONE', #3231, #654 ) ;
#3283 = ORIENTED_EDGE ( 'NONE', *, *, #1858, .T. ) ;
#3284 = TOROIDAL_SURFACE ( 'NONE', #729, 9.000000000000001776, 3.000000000000000000 ) ;
#3285 = FACE_OUTER_BOUND ( 'NONE', #4175, .T. ) ;
#3286 = CARTESIAN_POINT ( 'NONE',  ( -19.93623836877596034, 92.26917336134502534, -25.00000000000000000 ) ) ;
#3287 = ADVANCED_FACE ( 'NONE', ( #4536 ), #121, .T. ) ;
#3288 = DIRECTION ( 'NONE',  ( 0.000000000000000000, -1.000000000000000000, 0.000000000000000000 ) ) ;
#3289 = CARTESIAN_POINT ( 'NONE',  ( 16.57654914134644741, 96.44000000000002615, -14.80483366073001505 ) ) ;
#3290 = DIRECTION ( 'NONE',  ( 1.000000000000000000, -1.541976423090495387E-16, -0.000000000000000000 ) ) ;
#3291 = ORIENTED_EDGE ( 'NONE', *, *, #1401, .T. ) ;
#3292 = ORIENTED_EDGE ( 'NONE', *, *, #4224, .T. ) ;
#3293 = VECTOR ( 'NONE', #5913, 1000.000000000000000 ) ;
#3294 = DIRECTION ( 'NONE',  ( -1.000000000000000000, -1.892425610156517122E-16, -0.000000000000000000 ) ) ;
#3295 = DIRECTION ( 'NONE',  ( -0.5877852522924735812, 0.000000000000000000, 0.8090169943749471182 ) ) ;
#3296 = ADVANCED_FACE ( 'NONE', ( #6606, #5199 ), #8064, .T. ) ;
#3297 = VERTEX_POINT ( 'NONE', #8014 ) ;
#3298 = AXIS2_PLACEMENT_3D ( 'NONE', #1296, #1105, #5577 ) ;
#3299 = CARTESIAN_POINT ( 'NONE',  ( -17.98768373480796257, 67.14209179641811431, 0.000000000000000000 ) ) ;
#3300 = EDGE_LOOP ( 'NONE', ( #7567, #4237, #8388, #9065 ) ) ;
#3301 = CARTESIAN_POINT ( 'NONE',  ( -22.99999999999999645, -3.500000000000003997, -21.78708781050335830 ) ) ;
#3302 = DIRECTION ( 'NONE',  ( 9.912705577010326782E-17, -1.000000000000000000, -0.000000000000000000 ) ) ;
#3303 = CARTESIAN_POINT ( 'NONE',  ( -16.57654914134644741, 94.44000000000002615, -22.99999999999999289 ) ) ;
#3304 = ORIENTED_EDGE ( 'NONE', *, *, #2627, .T. ) ;
#3305 = EDGE_CURVE ( 'NONE', #6099, #4776, #206, .T. ) ;
#3306 = ORIENTED_EDGE ( 'NONE', *, *, #6965, .F. ) ;
#3307 = ORIENTED_EDGE ( 'NONE', *, *, #2418, .F. ) ;
#3308 = AXIS2_PLACEMENT_3D ( 'NONE', #8425, #2791, #6317 ) ;
#3309 = VECTOR ( 'NONE', #8574, 1000.000000000000000 ) ;
#3310 =( BOUNDED_CURVE ( )  B_SPLINE_CURVE ( 3, ( #2373, #3687, #3784, #164 ),
 .UNSPECIFIED., .F., .F. ) 
 B_SPLINE_CURVE_WITH_KNOTS ( ( 4, 4 ),
 ( 2.144674736424839079, 3.141592653589793116 ),
 .UNSPECIFIED. ) 
 CURVE ( )  GEOMETRIC_REPRESENTATION_ITEM ( )  RATIONAL_B_SPLINE_CURVE ( ( 1.000000000000000000, 0.9188802227762883357, 0.9188802227762883357, 1.000000000000000000 ) ) 
 REPRESENTATION_ITEM ( '' )  );
#3311 = CARTESIAN_POINT ( 'NONE',  ( 28.07029951316432914, 48.61918494047679928, 0.000000000000000000 ) ) ;
#3312 = DIRECTION ( 'NONE',  ( -1.000000000000000000, -1.892425610156517122E-16, -0.000000000000000000 ) ) ;
#3313 = CARTESIAN_POINT ( 'NONE',  ( 8.399223068573764550, 78.09909387501738820, -23.00000000000000000 ) ) ;
#3314 = PLANE ( 'NONE',  #1128 ) ;
#3315 = EDGE_LOOP ( 'NONE', ( #1669, #5897, #3729, #7685 ) ) ;
#3316 = CARTESIAN_POINT ( 'NONE',  ( -22.25000000000000000, 116.0903061905773797, -7.599999999999997868 ) ) ;
#3317 = EDGE_CURVE ( 'NONE', #7532, #4141, #4496, .T. ) ;
#3318 = LINE ( 'NONE', #3221, #1956 ) ;
#3319 = DIRECTION ( 'NONE',  ( -0.000000000000000000, -1.000000000000000000, 0.000000000000000000 ) ) ;
#3320 = AXIS2_PLACEMENT_3D ( 'NONE', #2930, #6553, #8805 ) ;
#3321 = ADVANCED_FACE ( 'NONE', ( #6649 ), #6872, .F. ) ;
#3322 = ORIENTED_EDGE ( 'NONE', *, *, #9175, .F. ) ;
#3323 = DIRECTION ( 'NONE',  ( 1.000000000000000000, 0.000000000000000000, 0.000000000000000000 ) ) ;
#3324 = CARTESIAN_POINT ( 'NONE',  ( 23.84742045213380024, 107.2269976587116105, -16.73444618137576256 ) ) ;
#3325 = CARTESIAN_POINT ( 'NONE',  ( 17.74999999999978684, 96.44000000000002615, -15.65739561406607372 ) ) ;
#3326 = CARTESIAN_POINT ( 'NONE',  ( 11.98768373480796434, 67.14209179641811431, -2.000000000000001776 ) ) ;
#3327 = CARTESIAN_POINT ( 'NONE',  ( -37.75000000000000711, 106.9403061905773740, -14.59999999999999787 ) ) ;
#3328 = ORIENTED_EDGE ( 'NONE', *, *, #5494, .F. ) ;
#3329 = DIRECTION ( 'NONE',  ( 0.000000000000000000, 1.000000000000000000, 0.000000000000000000 ) ) ;
#3330 = CARTESIAN_POINT ( 'NONE',  ( -27.97484916477863237, 0.7464853916816945878, -16.75686067225685960 ) ) ;
#3331 = PRODUCT ( 'star102_link2', 'star102_link2', '', ( #8890 ) ) ;
#3332 = DIRECTION ( 'NONE',  ( -1.000000000000000000, 0.000000000000000000, 0.000000000000000000 ) ) ;
#3333 = CARTESIAN_POINT ( 'NONE',  ( -2.163118960624837328, 96.44000000000002615, -13.11449676604731174 ) ) ;
#3334 = ORIENTED_EDGE ( 'NONE', *, *, #6641, .T. ) ;
#3335 = DIRECTION ( 'NONE',  ( -0.5427066596637512008, 0.8399223068573745676, 0.000000000000000000 ) ) ;
#3336 = VERTEX_POINT ( 'NONE', #4578 ) ;
#3337 = DIRECTION ( 'NONE',  ( -1.000000000000000000, -9.912705577010326782E-17, 0.000000000000000000 ) ) ;
#3338 = B_SPLINE_CURVE_WITH_KNOTS ( 'NONE', 3,
 ( #5608, #3353, #8467, #2038, #7765, #7468, #7156, #2928, #4606, #5793, #5098, #6498, #6761, #3899, #2231, #7959, #5048, #8171 ),
 .UNSPECIFIED., .F., .F.,
 ( 4, 2, 2, 2, 2, 2, 2, 2, 4 ),
 ( 0.000000000000000000, 0.0004231254936228291881, 0.0008462509872456583761, 0.001269376480868487618, 0.001692501974491316752, 0.002115627468114146103, 0.002538752961736975237, 0.002961878455359804371, 0.003385003948982633504 ),
 .UNSPECIFIED. ) ;
#3339 = CIRCLE ( 'NONE', #633, 2.149999999999999023 ) ;
#3340 = CIRCLE ( 'NONE', #641, 0.9000000000000119016 ) ;
#3341 = CARTESIAN_POINT ( 'NONE',  ( 28.65714892091739330, 1.824926063500350804, -18.78955447656861466 ) ) ;
#3342 = ORIENTED_EDGE ( 'NONE', *, *, #4067, .F. ) ;
#3343 = DIRECTION ( 'NONE',  ( 1.000000000000000000, 9.912705577010326782E-17, -0.000000000000000000 ) ) ;
#3344 = PLANE ( 'NONE',  #6201 ) ;
#3345 = CARTESIAN_POINT ( 'NONE',  ( 58.00000000000002132, 13.54999999999987992, -20.49999999999977618 ) ) ;
#3346 = DIRECTION ( 'NONE',  ( 0.000000000000000000, -1.000000000000000000, 0.000000000000000000 ) ) ;
#3347 = ORIENTED_EDGE ( 'NONE', *, *, #5314, .T. ) ;
#3348 = AXIS2_PLACEMENT_3D ( 'NONE', #4908, #1198, #3543 ) ;
#3349 = ORIENTED_EDGE ( 'NONE', *, *, #1754, .T. ) ;
#3350 = ORIENTED_EDGE ( 'NONE', *, *, #1797, .F. ) ;
#3351 = ADVANCED_FACE ( 'NONE', ( #435 ), #2559, .T. ) ;
#3352 = ADVANCED_FACE ( 'NONE', ( #8148 ), #4711, .F. ) ;
#3353 = CARTESIAN_POINT ( 'NONE',  ( 28.14395739792789186, 12.50000000000000178, -25.49999999999999289 ) ) ;
#3354 = ADVANCED_FACE ( 'NONE', ( #7441, #7528, #8188, #260, #5471, #6736 ), #5293, .T. ) ;
#3355 = DIRECTION ( 'NONE',  ( 0.8660254037844399289, -0.4999999999999978351, -1.549392514930919952E-16 ) ) ;
#3356 = DIRECTION ( 'NONE',  ( 0.000000000000000000, 1.000000000000000000, 0.000000000000000000 ) ) ;
#3357 = LINE ( 'NONE', #6271, #89 ) ;
#3358 = ORIENTED_EDGE ( 'NONE', *, *, #3981, .F. ) ;
#3359 = CARTESIAN_POINT ( 'NONE',  ( 1.336881039375164004, 80.80934643409020168, -15.65739561406607727 ) ) ;
#3360 = DIRECTION ( 'NONE',  ( 0.000000000000000000, -1.000000000000000000, 0.000000000000000000 ) ) ;
#3361 = DIRECTION ( 'NONE',  ( -0.5427066596637479812, -0.8399223068573764550, 0.000000000000000000 ) ) ;
#3362 = CIRCLE ( 'NONE', #8776, 6.000000000000000000 ) ;
#3363 = ORIENTED_EDGE ( 'NONE', *, *, #8411, .T. ) ;
#3364 = ORIENTED_EDGE ( 'NONE', *, *, #4334, .T. ) ;
#3365 = ADVANCED_FACE ( 'NONE', ( #7572 ), #9022, .F. ) ;
#3366 = DIRECTION ( 'NONE',  ( -1.000000000000000000, 0.000000000000000000, 0.000000000000000000 ) ) ;
#3367 = CARTESIAN_POINT ( 'NONE',  ( 23.72728783229134919, 107.6048624595255063, -16.64881548614069473 ) ) ;
#3368 = CIRCLE ( 'NONE', #8619, 4.000000000000000000 ) ;
#3369 = EDGE_CURVE ( 'NONE', #326, #9235, #2601, .T. ) ;
#3370 = LINE ( 'NONE', #6796, #400 ) ;
#3371 = CARTESIAN_POINT ( 'NONE',  ( -5.773401785888006899, 60.10000000000000853, -25.00000000000000000 ) ) ;
#3372 = DIRECTION ( 'NONE',  ( 1.000000000000000000, -1.541976423090495387E-16, -0.000000000000000000 ) ) ;
#3373 = ADVANCED_FACE ( 'NONE', ( #6776 ), #6346, .T. ) ;
#3374 = EDGE_LOOP ( 'NONE', ( #9023, #2616, #2031, #6030 ) ) ;
#3375 = LINE ( 'NONE', #6895, #4946 ) ;
#3376 = DIRECTION ( 'NONE',  ( 0.000000000000000000, 0.000000000000000000, -1.000000000000000000 ) ) ;
#3377 = AXIS2_PLACEMENT_3D ( 'NONE', #6647, #3079, #5938 ) ;
#3378 = DIRECTION ( 'NONE',  ( 0.000000000000000000, 1.000000000000000000, 0.000000000000000000 ) ) ;
#3379 = DIRECTION ( 'NONE',  ( 1.000000000000000000, 0.000000000000000000, 0.000000000000000000 ) ) ;
#3380 = CARTESIAN_POINT ( 'NONE',  ( -30.00000000000000000, 18.15685424949231219, -18.15685424949224469 ) ) ;
#3381 = ORIENTED_EDGE ( 'NONE', *, *, #7339, .F. ) ;
#3382 = FACE_OUTER_BOUND ( 'NONE', #3065, .T. ) ;
#3383 = ADVANCED_FACE ( 'NONE', ( #3126 ), #7090, .T. ) ;
#3384 = ADVANCED_FACE ( 'NONE', ( #6819 ), #1893, .F. ) ;
#3385 = ORIENTED_EDGE ( 'NONE', *, *, #8127, .T. ) ;
#3386 = AXIS2_PLACEMENT_3D ( 'NONE', #1174, #8312, #6947 ) ;
#3387 = DIRECTION ( 'NONE',  ( -1.000000000000000000, -1.892425610156517122E-16, -0.000000000000000000 ) ) ;
#3388 = CIRCLE ( 'NONE', #3984, 1.999999999999998224 ) ;
#3389 = CARTESIAN_POINT ( 'NONE',  ( 29.80798166687671724, 3.168929088071270161, -18.98874397693456828 ) ) ;
#3390 = CALENDAR_DATE ( 2026, 6, 5 ) ;
#3391 = EDGE_LOOP ( 'NONE', ( #4690, #8893 ) ) ;
#3392 = CARTESIAN_POINT ( 'NONE',  ( 22.54999999999997584, 118.9400000000000972, -0.2679491924311230844 ) ) ;
#3393 = ORIENTED_EDGE ( 'NONE', *, *, #2062, .T. ) ;
#3394 = CARTESIAN_POINT ( 'NONE',  ( -22.25000000000000000, 111.7903061905773541, -21.59999999999999787 ) ) ;
#3395 = CYLINDRICAL_SURFACE ( 'NONE', #491, 2.149999999999999023 ) ;
#3396 = VERTEX_POINT ( 'NONE', #2429 ) ;
#3397 = ORIENTED_EDGE ( 'NONE', *, *, #1029, .T. ) ;
#3398 = ORIENTED_EDGE ( 'NONE', *, *, #5265, .F. ) ;
#3399 = DIRECTION ( 'NONE',  ( 0.000000000000000000, 0.000000000000000000, -1.000000000000000000 ) ) ;
#3400 = VECTOR ( 'NONE', #6052, 1000.000000000000000 ) ;
#3401 = CARTESIAN_POINT ( 'NONE',  ( 58.00000000000002132, 21.55000000000001847, -12.50000000000000000 ) ) ;
#3402 = CARTESIAN_POINT ( 'NONE',  ( -25.42638895772114438, 1.100145117756660573, -7.499999999999998224 ) ) ;
#3403 = LINE ( 'NONE', #7722, #5348 ) ;
#3404 = EDGE_LOOP ( 'NONE', ( #8224, #1653, #217, #4110, #8302, #6464 ) ) ;
#3405 = CARTESIAN_POINT ( 'NONE',  ( -12.08688103937556946, 80.80934643409020168, -19.77189238011338546 ) ) ;
#3406 = CARTESIAN_POINT ( 'NONE',  ( -11.58728778948666793, 4.828427124746176524, -25.50000000000000355 ) ) ;
#3407 = CARTESIAN_POINT ( 'NONE',  ( -24.11371302469601119, 106.6098381976866420, -16.73718843984912752 ) ) ;
#3408 = ORIENTED_EDGE ( 'NONE', *, *, #4511, .F. ) ;
#3409 = ORIENTED_EDGE ( 'NONE', *, *, #4683, .F. ) ;
#3410 = CIRCLE ( 'NONE', #113, 5.999999999999998224 ) ;
#3411 = LINE ( 'NONE', #4111, #5405 ) ;
#3412 = CARTESIAN_POINT ( 'NONE',  ( -13.42376207875093463, 96.44000000000002615, -15.65739561406607372 ) ) ;
#3413 = AXIS2_PLACEMENT_3D ( 'NONE', #7424, #3057, #3147 ) ;
#3414 = PLANE ( 'NONE',  #8347 ) ;
#3415 = AXIS2_PLACEMENT_3D ( 'NONE', #3725, #7341, #8743 ) ;
#3416 = DIRECTION ( 'NONE',  ( 0.000000000000000000, 1.000000000000000000, 0.000000000000000000 ) ) ;
#3417 = CARTESIAN_POINT ( 'NONE',  ( -20.25000000000000000, 106.9403061905773740, -14.59999999999999787 ) ) ;
#3418 = EDGE_CURVE ( 'NONE', #1486, #1197, #1047, .T. ) ;
#3419 = ORIENTED_EDGE ( 'NONE', *, *, #2167, .F. ) ;
#3420 = ADVANCED_FACE ( 'NONE', ( #3210 ), #5987, .T. ) ;
#3421 = DIRECTION ( 'NONE',  ( 1.000000000000000000, -7.709882115452474222E-16, 0.000000000000000000 ) ) ;
#3422 = EDGE_CURVE ( 'NONE', #4708, #2043, #1385, .T. ) ;
#3423 = VECTOR ( 'NONE', #4314, 1000.000000000000000 ) ;
#3424 = CARTESIAN_POINT ( 'NONE',  ( -17.00000000000000000, 44.61832049899870611, 0.000000000000000000 ) ) ;
#3425 = DIRECTION ( 'NONE',  ( 0.000000000000000000, -1.000000000000000000, 0.000000000000000000 ) ) ;
#3426 = DIRECTION ( 'NONE',  ( 0.000000000000000000, -1.000000000000000000, 0.000000000000000000 ) ) ;
#3427 = CARTESIAN_POINT ( 'NONE',  ( 22.24999999999998579, 111.7903061905773683, -7.599999999999997868 ) ) ;
#3428 = ORIENTED_EDGE ( 'NONE', *, *, #2974, .F. ) ;
#3429 = DIRECTION ( 'NONE',  ( 1.000000000000000000, 9.912705577010326782E-17, -0.000000000000000000 ) ) ;
#3430 = AXIS2_PLACEMENT_3D ( 'NONE', #128, #2146, #5157 ) ;
#3431 = ORIENTED_EDGE ( 'NONE', *, *, #6183, .T. ) ;
#3432 = DIRECTION ( 'NONE',  ( 0.3090169943749485060, -1.053076637743355143E-16, 0.9510565162951533091 ) ) ;
#3433 = CIRCLE ( 'NONE', #2246, 1.049999999999998934 ) ;
#3434 = ADVANCED_FACE ( 'NONE', ( #8278, #7623, #1795, #4002, #1984, #6957 ), #5560, .T. ) ;
#3435 = CARTESIAN_POINT ( 'NONE',  ( 29.74894598788970157, 3.521255884488399435, -20.61432291039304943 ) ) ;
#3436 = EDGE_LOOP ( 'NONE', ( #2964, #4117 ) ) ;
#3437 = CARTESIAN_POINT ( 'NONE',  ( 26.00000000000000000, 13.82287565553228958, -27.00000000000000355 ) ) ;
#3438 = CARTESIAN_POINT ( 'NONE',  ( 25.00000000000000355, 12.50000000000001599, -12.50000000000000000 ) ) ;
#3439 = B_SPLINE_CURVE_WITH_KNOTS ( 'NONE', 3,
 ( #4267, #41, #4881, #6384, #2820, #7038, #2722, #8639, #8445, #3617, #9288, #1447, #5078, #1356 ),
 .UNSPECIFIED., .F., .F.,
 ( 4, 2, 2, 2, 2, 2, 4 ),
 ( 0.000000000000000000, 0.0004918462937523778843, 0.0009836925875047557687, 0.001967385175009510670, 0.002951077762514266005, 0.003442924056266641070, 0.003934770350019015268 ),
 .UNSPECIFIED. ) ;
#3440 = DIRECTION ( 'NONE',  ( 0.7071067811865536790, -0.7071067811865414665, 0.000000000000000000 ) ) ;
#3441 = ORIENTED_EDGE ( 'NONE', *, *, #2816, .T. ) ;
#3442 = AXIS2_PLACEMENT_3D ( 'NONE', #2720, #1918, #3421 ) ;
#3443 = ORIENTED_EDGE ( 'NONE', *, *, #6281, .F. ) ;
#3444 = ORIENTED_EDGE ( 'NONE', *, *, #440, .T. ) ;
#3445 = VECTOR ( 'NONE', #2994, 999.9999999999998863 ) ;
#3446 = DIRECTION ( 'NONE',  ( 0.000000000000000000, -1.000000000000000000, 0.000000000000000000 ) ) ;
#3447 = CARTESIAN_POINT ( 'NONE',  ( -23.99999999999999289, 11.44999999999986251, -20.49999999999977618 ) ) ;
#3448 = CARTESIAN_POINT ( 'NONE',  ( -23.28753429247974438, 13.82287565553229314, -23.28161218218565054 ) ) ;
#3449 = CARTESIAN_POINT ( 'NONE',  ( -30.00000000000000000, 18.35000000000002274, -12.50000000000000000 ) ) ;
#3450 = EDGE_LOOP ( 'NONE', ( #8801, #1288, #2460, #8759 ) ) ;
#3451 = CARTESIAN_POINT ( 'NONE',  ( -25.99999999999999645, 13.82287565553229314, -25.00000000000000000 ) ) ;
#3452 = CARTESIAN_POINT ( 'NONE',  ( 17.00000000000000000, 44.61832049899870611, -128.1790850899541852 ) ) ;
#3453 = CARTESIAN_POINT ( 'NONE',  ( -23.55000000000001137, 108.8797142826806805, -15.53788120749198143 ) ) ;
#3454 = ORIENTED_EDGE ( 'NONE', *, *, #8362, .F. ) ;
#3455 = ORIENTED_EDGE ( 'NONE', *, *, #1800, .F. ) ;
#3456 = VECTOR ( 'NONE', #8203, 1000.000000000000000 ) ;
#3457 = DIRECTION ( 'NONE',  ( -1.000000000000000000, 0.000000000000000000, -0.000000000000000000 ) ) ;
#3458 = DIRECTION ( 'NONE',  ( 1.000000000000000000, 0.000000000000000000, 0.000000000000000000 ) ) ;
#3459 = AXIS2_PLACEMENT_3D ( 'NONE', #2280, #8758, #8008 ) ;
#3460 = FACE_OUTER_BOUND ( 'NONE', #6532, .T. ) ;
#3461 = FACE_OUTER_BOUND ( 'NONE', #6032, .T. ) ;
#3462 = DIRECTION ( 'NONE',  ( 0.5427066596637430962, -0.8399223068573796747, 0.000000000000000000 ) ) ;
#3463 = VERTEX_POINT ( 'NONE', #615 ) ;
#3464 = EDGE_LOOP ( 'NONE', ( #7446, #8851, #3754, #4866 ) ) ;
#3465 = ADVANCED_FACE ( 'NONE', ( #1325 ), #1938, .F. ) ;
#3466 = EDGE_CURVE ( 'NONE', #6320, #2763, #7402, .T. ) ;
#3467 = AXIS2_PLACEMENT_3D ( 'NONE', #532, #8426, #6270 ) ;
#3468 = FACE_OUTER_BOUND ( 'NONE', #6450, .T. ) ;
#3469 = CARTESIAN_POINT ( 'NONE',  ( -27.51627151935427307, 0.9861813465523547872, -17.36674861475033538 ) ) ;
#3470 = EDGE_CURVE ( 'NONE', #4949, #526, #3937, .T. ) ;
#3471 = CARTESIAN_POINT ( 'NONE',  ( 11.58728778948666438, 2.499999999999972911, -128.1790850899541852 ) ) ;
#3472 = CARTESIAN_POINT ( 'NONE',  ( -5.773401785888006899, 51.10000000000000853, 0.000000000000000000 ) ) ;
#3473 = CARTESIAN_POINT ( 'NONE',  ( 25.99999999999999645, 20.50000000000001066, -12.50000000000000000 ) ) ;
#3474 = EDGE_LOOP ( 'NONE', ( #6510, #8108, #3004, #4125, #3710 ) ) ;
#3475 =( BOUNDED_SURFACE ( )  B_SPLINE_SURFACE ( 3, 2, ( 
 ( #2551, #6813, #252 ),
 ( #6028, #3119, #339 ),
 ( #3864, #5413, #7475 ),
 ( #1039, #8143, #1700 ),
 ( #4704, #7434, #384 ),
 ( #3905, #8269, #655 ),
 ( #6209, #3524, #5688 ),
 ( #2687, #6304, #3389 ),
 ( #3435, #1320, #8365 ),
 ( #2074, #5554, #4134 ),
 ( #6909, #8414, #6396 ),
 ( #1224, #1181, #5645 ),
 ( #4798, #4752, #9249 ),
 ( #7707, #8457, #7808 ),
 ( #2642, #516, #4040 ),
 ( #6256, #9201, #9111 ),
 ( #475, #1363, #3341 ),
 ( #5596, #7617, #8557 ),
 ( #5510, #4228, #7664 ),
 ( #7049, #9064, #1932 ),
 ( #4086, #3479, #6951 ),
 ( #4891, #6349, #611 ) ),
 .UNSPECIFIED., .F., .F., .F. ) 
 B_SPLINE_SURFACE_WITH_KNOTS ( ( 4, 2, 2, 2, 2, 2, 2, 2, 2, 2, 4 ),
 ( 3, 3 ),
 ( -2.222757257750506495E-05, 0.001581738221975885006, 0.002383721119252580137, 0.003185704016529275050, 0.004789669811082665311, 0.006393635605636055139, 0.007997601400189444099, 0.009601567194742834793, 0.01040355009201953014, 0.01120553298929622549, 0.01280949878384961618 ),
 ( 0.000000000000000000, 1.000000000000000000 ),
 .UNSPECIFIED. ) 
 GEOMETRIC_REPRESENTATION_ITEM ( )  RATIONAL_B_SPLINE_SURFACE ( (
 ( 1.000000000000000000, 1.000000000000000000, 1.000000000000000000),
 ( 1.000000000000000000, 0.9999954732293339088, 1.000000000000000000),
 ( 1.000000000000000000, 0.9992946032396922140, 1.000000000000000000),
 ( 1.000000000000000000, 0.9975730854843788409, 1.000000000000000000),
 ( 1.000000000000000000, 0.9968862807437059992, 1.000000000000000000),
 ( 1.000000000000000000, 0.9953307840581337995, 1.000000000000000000),
 ( 1.000000000000000000, 0.9944607324385245084, 1.000000000000000000),
 ( 1.000000000000000000, 0.9916940993391643033, 1.000000000000000000),
 ( 1.000000000000000000, 0.9896289654897363341, 1.000000000000000000),
 ( 1.000000000000000000, 0.9853317000033074979, 1.000000000000000000),
 ( 1.000000000000000000, 0.9830804887625785859, 1.000000000000000000),
 ( 1.000000000000000000, 0.9787630796814612566, 1.000000000000000000),
 ( 1.000000000000000000, 0.9766720173038139219, 1.000000000000000000),
 ( 1.000000000000000000, 0.9729454111516957493, 1.000000000000000000),
 ( 1.000000000000000000, 0.9712912705131515612, 1.000000000000000000),
 ( 1.000000000000000000, 0.9692196463962831077, 1.000000000000000000),
 ( 1.000000000000000000, 0.9685999733953893909, 1.000000000000000000),
 ( 1.000000000000000000, 0.9675366647782046581, 1.000000000000000000),
 ( 1.000000000000000000, 0.9670887776517166357, 1.000000000000000000),
 ( 1.000000000000000000, 0.9660040063131819510, 1.000000000000000000),
 ( 1.000000000000000000, 0.9656251324127985702, 1.000000000000000000),
 ( 1.000000000000000000, 0.9656254099972886307, 1.000000000000000000) ) ) 
 REPRESENTATION_ITEM ( '' )  SURFACE ( )  );
#3476 = CARTESIAN_POINT ( 'NONE',  ( -25.99999999999999645, 10.34999999999988596, -20.49999999999977618 ) ) ;
#3477 = VERTEX_POINT ( 'NONE', #2831 ) ;
#3478 = EDGE_CURVE ( 'NONE', #2094, #5238, #3340, .T. ) ;
#3479 = CARTESIAN_POINT ( 'NONE',  ( 28.10596914612448671, 2.499999999865384570, -20.17194210436932167 ) ) ;
#3480 = ORIENTED_EDGE ( 'NONE', *, *, #338, .T. ) ;
#3481 = DIRECTION ( 'NONE',  ( 9.912705577010326782E-17, -1.000000000000000000, 0.000000000000000000 ) ) ;
#3482 = LINE ( 'NONE', #8511, #1735 ) ;
#3483 = FACE_OUTER_BOUND ( 'NONE', #6264, .T. ) ;
#3485 = ADVANCED_FACE ( 'NONE', ( #4188 ), #3395, .F. ) ;
#3484 = ORIENTED_EDGE ( 'NONE', *, *, #3674, .T. ) ;
#3486 = EDGE_CURVE ( 'NONE', #604, #5654, #9185, .T. ) ;
#3487 = ORIENTED_EDGE ( 'NONE', *, *, #1911, .F. ) ;
#3488 = VERTEX_POINT ( 'NONE', #4849 ) ;
#3489 = EDGE_CURVE ( 'NONE', #5563, #7477, #7713, .T. ) ;
#3490 = LINE ( 'NONE', #5520, #8958 ) ;
#3491 = DIRECTION ( 'NONE',  ( -1.000000000000000000, -9.912705577010326782E-17, 0.000000000000000000 ) ) ;
#3492 = DIRECTION ( 'NONE',  ( -0.000000000000000000, 0.000000000000000000, 1.000000000000000000 ) ) ;
#3493 = CARTESIAN_POINT ( 'NONE',  ( 22.24999999999998579, 113.9403061905773598, -21.59999999999999787 ) ) ;
#3494 = ORIENTED_EDGE ( 'NONE', *, *, #5959, .F. ) ;
#3495 = DIRECTION ( 'NONE',  ( -1.000000000000000000, 0.000000000000000000, -8.019547272036674401E-16 ) ) ;
#3496 = AXIS2_PLACEMENT_3D ( 'NONE', #1903, #447, #1057 ) ;
#3497 = CARTESIAN_POINT ( 'NONE',  ( 26.00000000000000000, 13.82287565553228958, -22.00000000000000355 ) ) ;
#3498 = CARTESIAN_POINT ( 'NONE',  ( -25.42668801671168310, 105.0254701606523327, -15.58439640548336058 ) ) ;
#3499 = VECTOR ( 'NONE', #7184, 1000.000000000000000 ) ;
#3500 = ADVANCED_FACE ( 'NONE', ( #3483 ), #6497, .T. ) ;
#3502 = EDGE_CURVE ( 'NONE', #6380, #7432, #2313, .T. ) ;
#3501 = VERTEX_POINT ( 'NONE', #2737 ) ;
#3503 = EDGE_LOOP ( 'NONE', ( #2526, #1670, #5288, #2155, #2638, #5782, #8909 ) ) ;
#3504 = CARTESIAN_POINT ( 'NONE',  ( -37.75000000000000711, 113.9403061905773598, -21.59999999999999787 ) ) ;
#3505 = CARTESIAN_POINT ( 'NONE',  ( 25.65828515749108263, 104.8518006271911531, -15.12720986596438344 ) ) ;
#3506 = ORIENTED_EDGE ( 'NONE', *, *, #9026, .F. ) ;
#3507 = AXIS2_PLACEMENT_3D ( 'NONE', #7799, #7084, #6157 ) ;
#3508 = VECTOR ( 'NONE', #4546, 1000.000000000000000 ) ;
#3509 = DIRECTION ( 'NONE',  ( -0.000000000000000000, 0.000000000000000000, 1.000000000000000000 ) ) ;
#3510 = DIRECTION ( 'NONE',  ( 1.000000000000000000, 0.000000000000000000, 0.000000000000000000 ) ) ;
#3511 = VERTEX_POINT ( 'NONE', #2692 ) ;
#3512 = ORIENTED_EDGE ( 'NONE', *, *, #4422, .F. ) ;
#3513 = FACE_OUTER_BOUND ( 'NONE', #2152, .T. ) ;
#3514 = VECTOR ( 'NONE', #2483, 1000.000000000000227 ) ;
#3515 = CARTESIAN_POINT ( 'NONE',  ( 23.54999999999998650, 113.9403061905773740, -7.599999999999997868 ) ) ;
#3516 = CARTESIAN_POINT ( 'NONE',  ( -27.99999999999999289, 12.49999999999999645, -25.50000000000000355 ) ) ;
#3517 = FACE_OUTER_BOUND ( 'NONE', #4191, .T. ) ;
#3518 = DIRECTION ( 'NONE',  ( 1.613696256722611948E-15, -1.000000000000000000, 0.000000000000000000 ) ) ;
#3519 = VERTEX_POINT ( 'NONE', #6354 ) ;
#3520 = EDGE_CURVE ( 'NONE', #736, #1955, #5515, .T. ) ;
#3521 = ORIENTED_EDGE ( 'NONE', *, *, #92, .T. ) ;
#3522 = CARTESIAN_POINT ( 'NONE',  ( 23.54999999999998650, 111.7903061905773683, -21.59999999999999787 ) ) ;
#3523 = ADVANCED_FACE ( 'NONE', ( #7813 ), #3530, .F. ) ;
#3524 = CARTESIAN_POINT ( 'NONE',  ( 29.81667312088844213, 3.640149406631653761, -19.63568832156416377 ) ) ;
#3525 = ORIENTED_EDGE ( 'NONE', *, *, #2209, .T. ) ;
#3526 = CARTESIAN_POINT ( 'NONE',  ( -26.25000000000000355, 102.3196380149609155, -23.00000000000000000 ) ) ;
#3527 = CARTESIAN_POINT ( 'NONE',  ( -18.25639375506120388, 93.35458668067252574, -2.000000000000000000 ) ) ;
#3528 = AXIS2_PLACEMENT_3D ( 'NONE', #181, #1532, #2151 ) ;
#3529 = VECTOR ( 'NONE', #5910, 1000.000000000000000 ) ;
#3530 = PLANE ( 'NONE',  #7694 ) ;
#3531 = ORIENTED_EDGE ( 'NONE', *, *, #831, .F. ) ;
#3532 = ORIENTED_EDGE ( 'NONE', *, *, #1579, .T. ) ;
#3533 = ORIENTED_EDGE ( 'NONE', *, *, #5443, .F. ) ;
#3534 = ADVANCED_FACE ( 'NONE', ( #2130 ), #6401, .F. ) ;
#3535 = CIRCLE ( 'NONE', #1593, 9.000000000000001776 ) ;
#3536 = EDGE_CURVE ( 'NONE', #4659, #2763, #7790, .T. ) ;
#3537 = AXIS2_PLACEMENT_3D ( 'NONE', #3299, #6307, #7755 ) ;
#3538 = CARTESIAN_POINT ( 'NONE',  ( -27.99999999999999289, 12.49999999999999822, 0.000000000000000000 ) ) ;
#3539 = DIRECTION ( 'NONE',  ( -0.000000000000000000, 0.000000000000000000, 1.000000000000000000 ) ) ;
#3540 = FACE_OUTER_BOUND ( 'NONE', #2903, .T. ) ;
#3541 = CARTESIAN_POINT ( 'NONE',  ( 23.54999999999998650, 112.3085893033692884, -22.99999999999999645 ) ) ;
#3542 = ORIENTED_EDGE ( 'NONE', *, *, #219, .T. ) ;
#3543 = DIRECTION ( 'NONE',  ( -1.000000000000000000, 1.898094922533725623E-16, 0.000000000000000000 ) ) ;
#3544 = VECTOR ( 'NONE', #7283, 1000.000000000000000 ) ;
#3545 = AXIS2_PLACEMENT_3D ( 'NONE', #2114, #4977, #7838 ) ;
#3546 = CARTESIAN_POINT ( 'NONE',  ( 29.99999999999999289, 4.500000000000000888, -19.30073525436772286 ) ) ;
#3547 = CARTESIAN_POINT ( 'NONE',  ( 13.42376207875052252, 96.44000000000002615, -15.65739561406607727 ) ) ;
#3548 = EDGE_LOOP ( 'NONE', ( #3454, #7821, #5676, #1210, #4762, #8967, #5189, #2156, #7337, #7299, #8680, #4714 ) ) ;
#3549 = EDGE_LOOP ( 'NONE', ( #3820, #4036, #6253, #3780 ) ) ;
#3550 = FACE_OUTER_BOUND ( 'NONE', #5019, .T. ) ;
#3551 = VECTOR ( 'NONE', #1012, 1000.000000000000000 ) ;
#3552 = DIRECTION ( 'NONE',  ( -9.912705577010326782E-17, 1.000000000000000000, 0.000000000000000000 ) ) ;
#3553 = EDGE_CURVE ( 'NONE', #2134, #109, #7853, .T. ) ;
#3554 = VECTOR ( 'NONE', #4616, 1000.000000000000114 ) ;
#3555 = DIRECTION ( 'NONE',  ( 0.000000000000000000, 0.000000000000000000, -1.000000000000000000 ) ) ;
#3556 = EDGE_CURVE ( 'NONE', #5133, #1050, #5159, .T. ) ;
#3557 = DIRECTION ( 'NONE',  ( 1.000000000000000000, 0.000000000000000000, 0.000000000000000000 ) ) ;
#3558 = VERTEX_POINT ( 'NONE', #8948 ) ;
#3559 = CARTESIAN_POINT ( 'NONE',  ( -25.99999999999999645, 12.50000000000022027, -4.499999999999771738 ) ) ;
#3560 = CARTESIAN_POINT ( 'NONE',  ( -11.26830527994894027, 71.48374507372808750, -2.000000000000000000 ) ) ;
#3561 = VERTEX_POINT ( 'NONE', #6085 ) ;
#3562 = CIRCLE ( 'NONE', #4000, 4.999999999999999112 ) ;
#3563 = VERTEX_POINT ( 'NONE', #1152 ) ;
#3564 = CARTESIAN_POINT ( 'NONE',  ( -24.38027652740167994, 106.1594656245364661, -12.58338960068406465 ) ) ;
#3565 = CARTESIAN_POINT ( 'NONE',  ( -26.00000000000000000, 20.30685424949231077, -18.15685424949224469 ) ) ;
#3566 = CIRCLE ( 'NONE', #8216, 2.000000000000001776 ) ;
#3567 = CIRCLE ( 'NONE', #7612, 4.999999999999997335 ) ;
#3568 = FACE_OUTER_BOUND ( 'NONE', #3706, .T. ) ;
#3569 = CARTESIAN_POINT ( 'NONE',  ( -14.25000000000020250, 80.80934643409020168, -13.11449676604731174 ) ) ;
#3570 = CARTESIAN_POINT ( 'NONE',  ( 23.54999999999999716, 106.9403061905773740, -14.59999999999999787 ) ) ;
#3571 = DIRECTION ( 'NONE',  ( 0.000000000000000000, 0.000000000000000000, 1.000000000000000000 ) ) ;
#3572 = ORIENTED_EDGE ( 'NONE', *, *, #2627, .F. ) ;
#3573 = VECTOR ( 'NONE', #2907, 1000.000000000000000 ) ;
#3574 = DIRECTION ( 'NONE',  ( 0.000000000000000000, 0.000000000000000000, -1.000000000000000000 ) ) ;
#3575 = EDGE_CURVE ( 'NONE', #1939, #3039, #3270, .T. ) ;
#3576 = VECTOR ( 'NONE', #6095, 1000.000000000000000 ) ;
#3577 = DIRECTION ( 'NONE',  ( -0.4999999999999987232, -0.8660254037844393737, 0.000000000000000000 ) ) ;
#3578 = VERTEX_POINT ( 'NONE', #2612 ) ;
#3579 = DIRECTION ( 'NONE',  ( -1.000000000000000000, 0.000000000000000000, 0.000000000000000000 ) ) ;
#3580 = DIRECTION ( 'NONE',  ( -0.7071067811865456854, 0.000000000000000000, 0.7071067811865493491 ) ) ;
#3581 = CARTESIAN_POINT ( 'NONE',  ( -28.78370773027918972, 1.879168183787893298, -18.79543132717606113 ) ) ;
#3582 = ORIENTED_EDGE ( 'NONE', *, *, #9044, .T. ) ;
#3583 = ORIENTED_EDGE ( 'NONE', *, *, #5605, .T. ) ;
#3584 = ORIENTED_EDGE ( 'NONE', *, *, #6709, .T. ) ;
#3585 = EDGE_LOOP ( 'NONE', ( #6402, #2076, #7762, #4238 ) ) ;
#3586 = CARTESIAN_POINT ( 'NONE',  ( -29.67960346863937460, 3.414213562373080713, -24.91421356237309581 ) ) ;
#3587 = CARTESIAN_POINT ( 'NONE',  ( -21.55000000000002913, 118.9400000000000261, -23.00000000000000000 ) ) ;
#3588 = LINE ( 'NONE', #6457, #7663 ) ;
#3589 = VECTOR ( 'NONE', #2600, 1000.000000000000000 ) ;
#3590 = CARTESIAN_POINT ( 'NONE',  ( 0.000000000000000000, 0.000000000000000000, -25.00000000000000000 ) ) ;
#3591 = ORIENTED_EDGE ( 'NONE', *, *, #8720, .F. ) ;
#3592 = CARTESIAN_POINT ( 'NONE',  ( 13.98768373480797855, 60.21388856614260021, 0.000000000000000000 ) ) ;
#3593 = EDGE_CURVE ( 'NONE', #2575, #4806, #404, .T. ) ;
#3594 = LINE ( 'NONE', #1570, #5710 ) ;
#3595 = CARTESIAN_POINT ( 'NONE',  ( 28.25000000000000000, 94.08030619057737454, -22.99999999999999289 ) ) ;
#3596 = VERTEX_POINT ( 'NONE', #6136 ) ;
#3597 = VERTEX_POINT ( 'NONE', #2527 ) ;
#3598 = CYLINDRICAL_SURFACE ( 'NONE', #1944, 0.8999999999999980238 ) ;
#3599 = AXIS2_PLACEMENT_3D ( 'NONE', #1342, #2197, #2243 ) ;
#3600 = DIRECTION ( 'NONE',  ( -1.000000000000000000, 1.734723475976807094E-15, -0.000000000000000000 ) ) ;
#3601 = EDGE_CURVE ( 'NONE', #9057, #8887, #8288, .T. ) ;
#3602 = AXIS2_PLACEMENT_3D ( 'NONE', #3163, #7565, #6684 ) ;
#3603 = DIRECTION ( 'NONE',  ( 0.9510565162951538642, 0.000000000000000000, -0.3090169943749466741 ) ) ;
#3604 = DIRECTION ( 'NONE',  ( 0.000000000000000000, -1.000000000000000000, 0.000000000000000000 ) ) ;
#3605 = VERTEX_POINT ( 'NONE', #1716 ) ;
#3606 = EDGE_CURVE ( 'NONE', #3605, #7072, #1550, .T. ) ;
#3607 = CARTESIAN_POINT ( 'NONE',  ( -24.00000000000001066, 12.50000000000001066, -12.50000000000000000 ) ) ;
#3608 = DIRECTION ( 'NONE',  ( 0.4999999999999987232, -0.8660254037844393737, 0.000000000000000000 ) ) ;
#3609 = VECTOR ( 'NONE', #358, 1000.000000000000000 ) ;
#3610 = VERTEX_POINT ( 'NONE', #1015 ) ;
#3611 = ORIENTED_EDGE ( 'NONE', *, *, #9211, .F. ) ;
#3612 = DIRECTION ( 'NONE',  ( 0.000000000000000000, 0.000000000000000000, 1.000000000000000000 ) ) ;
#3613 = ADVANCED_FACE ( 'NONE', ( #2480 ), #5388, .F. ) ;
#3614 = LINE ( 'NONE', #6527, #5828 ) ;
#3615 = CIRCLE ( 'NONE', #4810, 5.000000000000000888 ) ;
#3616 = VECTOR ( 'NONE', #2544, 1000.000000000000114 ) ;
#3617 = CARTESIAN_POINT ( 'NONE',  ( 29.94226090100972471, 3.713710761381789016, -19.10229356877286122 ) ) ;
#3618 = CARTESIAN_POINT ( 'NONE',  ( -20.25000000000000000, 113.9403061905773598, -20.69999999999999929 ) ) ;
#3619 = CARTESIAN_POINT ( 'NONE',  ( 5.773401785888007787, 60.10000000000000853, -3.000000000000002665 ) ) ;
#3620 = CARTESIAN_POINT ( 'NONE',  ( 5.773401785888007787, 57.10000000000000142, 0.000000000000000000 ) ) ;
#3621 = ORIENTED_EDGE ( 'NONE', *, *, #8598, .T. ) ;
#3622 = ORIENTED_EDGE ( 'NONE', *, *, #6061, .T. ) ;
#3623 = AXIS2_PLACEMENT_3D ( 'NONE', #6500, #3635, #65 ) ;
#3624 = DIRECTION ( 'NONE',  ( -1.000000000000000000, -1.541976423090495387E-16, 0.000000000000000000 ) ) ;
#3625 = LOCAL_TIME ( 16, 49, 59.00000000000000000, #4663 ) ;
#3626 = CARTESIAN_POINT ( 'NONE',  ( -11.73544017240899251, 104.4400000000000261, -55.88986340024111144 ) ) ;
#3627 = VERTEX_POINT ( 'NONE', #2438 ) ;
#3628 = LINE ( 'NONE', #4426, #6697 ) ;
#3629 = LINE ( 'NONE', #8604, #1844 ) ;
#3630 = VERTEX_POINT ( 'NONE', #5343 ) ;
#3631 = ORIENTED_EDGE ( 'NONE', *, *, #5709, .T. ) ;
#3632 = ORIENTED_EDGE ( 'NONE', *, *, #2290, .F. ) ;
#3633 = DIRECTION ( 'NONE',  ( -1.000000000000000000, -9.912705577010326782E-17, 0.000000000000000000 ) ) ;
#3634 = DIRECTION ( 'NONE',  ( 1.000000000000000000, -0.000000000000000000, -0.000000000000000000 ) ) ;
#3635 = DIRECTION ( 'NONE',  ( -0.000000000000000000, 0.000000000000000000, 1.000000000000000000 ) ) ;
#3636 = ORIENTED_EDGE ( 'NONE', *, *, #327, .F. ) ;
#3637 = DIRECTION ( 'NONE',  ( 0.000000000000000000, 1.000000000000000000, 0.000000000000000000 ) ) ;
#3638 = ORIENTED_EDGE ( 'NONE', *, *, #1757, .T. ) ;
#3639 = CARTESIAN_POINT ( 'NONE',  ( 3.499999999999790834, 80.80934643409020168, -9.000000000000000000 ) ) ;
#3640 = CARTESIAN_POINT ( 'NONE',  ( 28.00000000000000000, 0.6572807176729849044, -8.500000000000007105 ) ) ;
#3641 = CARTESIAN_POINT ( 'NONE',  ( 12.08688103937515379, 80.80934643409020168, -11.54289884801876198 ) ) ;
#3642 = EDGE_CURVE ( 'NONE', #8466, #3561, #8202, .T. ) ;
#3643 = ORIENTED_EDGE ( 'NONE', *, *, #6109, .F. ) ;
#3644 = ORIENTED_EDGE ( 'NONE', *, *, #7259, .T. ) ;
#3645 = EDGE_CURVE ( 'NONE', #8719, #1822, #8522, .T. ) ;
#3646 = LINE ( 'NONE', #75, #8554 ) ;
#3647 = EDGE_CURVE ( 'NONE', #1303, #4033, #7103, .T. ) ;
#3648 = DIRECTION ( 'NONE',  ( 0.000000000000000000, 1.000000000000000000, 0.000000000000000000 ) ) ;
#3649 = CARTESIAN_POINT ( 'NONE',  ( 22.24999999999998579, 106.9403061905773740, -13.69999999999999929 ) ) ;
#3650 = VECTOR ( 'NONE', #7, 1000.000000000000000 ) ;
#3651 = DIRECTION ( 'NONE',  ( -1.000000000000000000, 0.000000000000000000, 0.000000000000000000 ) ) ;
#3652 = LINE ( 'NONE', #8728, #4279 ) ;
#3653 = ORIENTED_EDGE ( 'NONE', *, *, #7077, .F. ) ;
#3654 = CIRCLE ( 'NONE', #8298, 2.000000000000000000 ) ;
#3655 = LINE ( 'NONE', #3707, #2351 ) ;
#3656 = CARTESIAN_POINT ( 'NONE',  ( 25.99999999999999645, 17.10685424949253886, -6.843145750507550140 ) ) ;
#3657 = DIRECTION ( 'NONE',  ( 0.000000000000000000, 1.000000000000000000, 0.000000000000000000 ) ) ;
#3658 = ORIENTED_EDGE ( 'NONE', *, *, #7907, .F. ) ;
#3659 = VERTEX_POINT ( 'NONE', #1099 ) ;
#3660 = EDGE_CURVE ( 'NONE', #514, #9166, #6944, .T. ) ;
#3661 = AXIS2_PLACEMENT_3D ( 'NONE', #6366, #6321, #9172 ) ;
#3662 = DIRECTION ( 'NONE',  ( -1.000000000000000000, 0.000000000000000000, 0.000000000000000000 ) ) ;
#3663 = ADVANCED_FACE ( 'NONE', ( #8158 ), #50, .T. ) ;
#3664 = VECTOR ( 'NONE', #7158, 1000.000000000000114 ) ;
#3665 = FACE_OUTER_BOUND ( 'NONE', #1510, .T. ) ;
#3666 = CARTESIAN_POINT ( 'NONE',  ( -28.68691143708806379, 12.32823046704880987, -25.50000000000000000 ) ) ;
#3667 = PLANE ( 'NONE',  #4287 ) ;
#3668 = DIRECTION ( 'NONE',  ( -1.000000000000000000, 0.000000000000000000, 0.000000000000000000 ) ) ;
#3669 = DIRECTION ( 'NONE',  ( 1.000000000000000000, 0.000000000000000000, 0.000000000000000000 ) ) ;
#3670 = EDGE_LOOP ( 'NONE', ( #2000, #8066, #7574, #2144 ) ) ;
#3671 = VERTEX_POINT ( 'NONE', #1855 ) ;
#3672 = VECTOR ( 'NONE', #1339, 1000.000000000000000 ) ;
#3673 = LINE ( 'NONE', #8599, #7789 ) ;
#3674 = EDGE_CURVE ( 'NONE', #4913, #2697, #4720, .T. ) ;
#3675 = EDGE_CURVE ( 'NONE', #8670, #5978, #6881, .T. ) ;
#3676 = CARTESIAN_POINT ( 'NONE',  ( -37.75000000000000711, 113.9403061905773598, -22.49999999999999645 ) ) ;
#3677 = ORIENTED_EDGE ( 'NONE', *, *, #4274, .T. ) ;
#3678 = DIRECTION ( 'NONE',  ( -0.000000000000000000, 1.000000000000000000, -0.000000000000000000 ) ) ;
#3679 = ADVANCED_FACE ( 'NONE', ( #1336 ), #7018, .F. ) ;
#3680 = VERTEX_POINT ( 'NONE', #6413 ) ;
#3681 = VERTEX_POINT ( 'NONE', #1240 ) ;
#3682 = ORIENTED_EDGE ( 'NONE', *, *, #5439, .T. ) ;
#3683 = AXIS2_PLACEMENT_3D ( 'NONE', #5906, #8774, #2341 ) ;
#3684 = DIRECTION ( 'NONE',  ( 0.000000000000000000, 0.000000000000000000, 1.000000000000000000 ) ) ;
#3685 = CARTESIAN_POINT ( 'NONE',  ( 9.923762078750520743, 104.4400000000000261, -13.11449676604731174 ) ) ;
#3686 = VECTOR ( 'NONE', #3678, 1000.000000000000000 ) ;
#3687 = CARTESIAN_POINT ( 'NONE',  ( 29.30299673260887161, 2.831640453859854745, -24.33164045385984053 ) ) ;
#3688 = ORIENTED_EDGE ( 'NONE', *, *, #8348, .F. ) ;
#3689 = DIRECTION ( 'NONE',  ( 1.000000000000000000, -1.541976423090495387E-16, 0.000000000000000000 ) ) ;
#3690 = ORIENTED_EDGE ( 'NONE', *, *, #7202, .T. ) ;
#3691 = CARTESIAN_POINT ( 'NONE',  ( -23.55000000000001847, 113.9403061905773455, -21.59999999999999787 ) ) ;
#3692 = LINE ( 'NONE', #8617, #2863 ) ;
#3693 = CARTESIAN_POINT ( 'NONE',  ( 27.99478144879477171, 18.08852343133674978, 0.000000000000000000 ) ) ;
#3694 = ORIENTED_EDGE ( 'NONE', *, *, #6850, .F. ) ;
#3695 = EDGE_LOOP ( 'NONE', ( #7919, #7326, #8373, #8422 ) ) ;
#3696 = CIRCLE ( 'NONE', #8485, 2.149999999999999023 ) ;
#3697 = CIRCLE ( 'NONE', #8050, 2.000000000000001332 ) ;
#3698 = FACE_OUTER_BOUND ( 'NONE', #1807, .T. ) ;
#3699 = CYLINDRICAL_SURFACE ( 'NONE', #5990, 2.149999999999997247 ) ;
#3700 = EDGE_CURVE ( 'NONE', #6771, #4949, #490, .T. ) ;
#3701 = AXIS2_PLACEMENT_3D ( 'NONE', #2608, #2308, #4513 ) ;
#3702 = CIRCLE ( 'NONE', #2199, 1.050000000000000488 ) ;
#3703 = DIRECTION ( 'NONE',  ( -1.000000000000000000, -9.912705577010325549E-17, -0.000000000000000000 ) ) ;
#3704 = CARTESIAN_POINT ( 'NONE',  ( -23.00000000000000000, 12.50000000000000888, -12.50000000000000000 ) ) ;
#3705 = DIRECTION ( 'NONE',  ( -1.000000000000000000, -1.892425610156517122E-16, -0.000000000000000000 ) ) ;
#3706 = EDGE_LOOP ( 'NONE', ( #1473, #7784, #4320, #6777 ) ) ;
#3707 = CARTESIAN_POINT ( 'NONE',  ( -20.25000000000000000, 104.4400000000000261, -66.28256290493601455 ) ) ;
#3708 = CARTESIAN_POINT ( 'NONE',  ( -23.28557197120795053, 12.93840557592052498, -23.36442802879207647 ) ) ;
#3709 = CARTESIAN_POINT ( 'NONE',  ( 24.25529098094718350, 4.162375735627419360, -17.82832108352003075 ) ) ;
#3710 = ORIENTED_EDGE ( 'NONE', *, *, #6886, .T. ) ;
#3711 = ORIENTED_EDGE ( 'NONE', *, *, #8641, .F. ) ;
#3712 = AXIS2_PLACEMENT_3D ( 'NONE', #6375, #730, #8625 ) ;
#3713 = CARTESIAN_POINT ( 'NONE',  ( -23.72728783229134564, 107.6048624595253784, -12.55118451385929568 ) ) ;
#3714 = CARTESIAN_POINT ( 'NONE',  ( -21.54999999999981952, -3.738329090729988365E-14, 0.000000000000000000 ) ) ;
#3715 = ADVANCED_FACE ( 'NONE', ( #4957, #7822 ), #4103, .T. ) ;
#3716 = CARTESIAN_POINT ( 'NONE',  ( -6.423762078750931970, 96.44000000000002615, -15.65739561406607727 ) ) ;
#3717 = CARTESIAN_POINT ( 'NONE',  ( 23.00000000000000000, 35.00000000000000000, -17.50000000000000000 ) ) ;
#3718 = CIRCLE ( 'NONE', #2370, 4.000000000000000000 ) ;
#3719 = DIRECTION ( 'NONE',  ( 0.000000000000000000, 1.000000000000000000, 0.000000000000000000 ) ) ;
#3720 = CARTESIAN_POINT ( 'NONE',  ( 0.000000000000000000, 1.043560762610397319, -7.500000000000000000 ) ) ;
#3721 = ORIENTED_EDGE ( 'NONE', *, *, #7444, .T. ) ;
#3722 = ORIENTED_EDGE ( 'NONE', *, *, #4453, .T. ) ;
#3723 = EDGE_CURVE ( 'NONE', #6099, #3817, #4200, .T. ) ;
#3724 = CIRCLE ( 'NONE', #7909, 5.999999999999999112 ) ;
#3725 = CARTESIAN_POINT ( 'NONE',  ( -22.25000000000000000, 113.9403061905773740, -7.599999999999997868 ) ) ;
#3726 = ADVANCED_FACE ( 'NONE', ( #2748 ), #6970, .T. ) ;
#3727 = FACE_OUTER_BOUND ( 'NONE', #3503, .T. ) ;
#3728 = AXIS2_PLACEMENT_3D ( 'NONE', #3931, #1776, #9003 ) ;
#3729 = ORIENTED_EDGE ( 'NONE', *, *, #4324, .F. ) ;
#3730 = LINE ( 'NONE', #8842, #3230 ) ;
#3731 = VECTOR ( 'NONE', #7662, 1000.000000000000114 ) ;
#3732 = ORIENTED_EDGE ( 'NONE', *, *, #4734, .F. ) ;
#3733 = EDGE_LOOP ( 'NONE', ( #6733, #2728, #5884, #7347 ) ) ;
#3734 = ORIENTED_EDGE ( 'NONE', *, *, #5380, .T. ) ;
#3735 = ADVANCED_FACE ( 'NONE', ( #2659 ), #6926, .F. ) ;
#3736 = VECTOR ( 'NONE', #3150, 1000.000000000000000 ) ;
#3737 = DIRECTION ( 'NONE',  ( -0.000000000000000000, 0.000000000000000000, 1.000000000000000000 ) ) ;
#3738 = DIRECTION ( 'NONE',  ( -1.000000000000000000, 1.541976423090495387E-16, 0.000000000000000000 ) ) ;
#3739 = ORIENTED_EDGE ( 'NONE', *, *, #8246, .T. ) ;
#3740 = DIRECTION ( 'NONE',  ( 0.000000000000000000, 1.000000000000000000, 0.000000000000000000 ) ) ;
#3741 = ORIENTED_EDGE ( 'NONE', *, *, #4224, .F. ) ;
#3742 = DIRECTION ( 'NONE',  ( -0.8399223068573744566, 0.5427066596637510898, 0.000000000000000000 ) ) ;
#3743 = CARTESIAN_POINT ( 'NONE',  ( -37.75000000000000711, 113.9403061905773740, -6.699999999999990408 ) ) ;
#3744 = LINE ( 'NONE', #771, #7247 ) ;
#3745 = ORIENTED_EDGE ( 'NONE', *, *, #6059, .F. ) ;
#3746 = VERTEX_POINT ( 'NONE', #5661 ) ;
#3747 = CIRCLE ( 'NONE', #8972, 2.149999999999999023 ) ;
#3748 = DIRECTION ( 'NONE',  ( 0.000000000000000000, -1.000000000000000000, 0.000000000000000000 ) ) ;
#3749 = FACE_OUTER_BOUND ( 'NONE', #8947, .T. ) ;
#3750 = CARTESIAN_POINT ( 'NONE',  ( 8.399223068573766326, 78.09909387501738820, -5.551115123125782702E-14 ) ) ;
#3751 = CIRCLE ( 'NONE', #8986, 2.000000000000001776 ) ;
#3752 = CYLINDRICAL_SURFACE ( 'NONE', #550, 5.999999999999998224 ) ;
#3753 = DIRECTION ( 'NONE',  ( -0.000000000000000000, 0.000000000000000000, 1.000000000000000000 ) ) ;
#3754 = ORIENTED_EDGE ( 'NONE', *, *, #4489, .F. ) ;
#3755 = DIRECTION ( 'NONE',  ( -9.912705577010326782E-17, 1.000000000000000000, 0.000000000000000000 ) ) ;
#3756 = CARTESIAN_POINT ( 'NONE',  ( 26.00000000000000000, 0.000000000000000000, -22.00000000000000355 ) ) ;
#3757 = CARTESIAN_POINT ( 'NONE',  ( 25.00000000000000355, 4.836939253796780136, -17.50000000000000000 ) ) ;
#3758 = VERTEX_POINT ( 'NONE', #536 ) ;
#3759 = TOROIDAL_SURFACE ( 'NONE', #1188, 8.000000000000000000, 2.000000000000000000 ) ;
#3760 = CARTESIAN_POINT ( 'NONE',  ( 21.55000000000000071, 108.9309918853872148, 0.000000000000000000 ) ) ;
#3761 = CARTESIAN_POINT ( 'NONE',  ( -21.49999999999998934, 52.41254913305866836, -25.00000000000000000 ) ) ;
#3762 = LINE ( 'NONE', #8129, #2861 ) ;
#3763 = AXIS2_PLACEMENT_3D ( 'NONE', #2713, #6279, #1250 ) ;
#3764 = DIRECTION ( 'NONE',  ( -1.000000000000000000, 0.000000000000000000, 0.000000000000000000 ) ) ;
#3765 = FACE_OUTER_BOUND ( 'NONE', #8346, .T. ) ;
#3766 = ORIENTED_EDGE ( 'NONE', *, *, #4651, .T. ) ;
#3767 = ORIENTED_EDGE ( 'NONE', *, *, #1217, .T. ) ;
#3768 = EDGE_CURVE ( 'NONE', #1955, #535, #7064, .T. ) ;
#3769 = EDGE_CURVE ( 'NONE', #5694, #2652, #8383, .T. ) ;
#3770 = EDGE_CURVE ( 'NONE', #298, #6152, #1950, .T. ) ;
#3771 = AXIS2_PLACEMENT_3D ( 'NONE', #5259, #7415, #3964 ) ;
#3772 = CARTESIAN_POINT ( 'NONE',  ( -26.25000000000000355, 0.000000000000000000, -2.000000000000000000 ) ) ;
#3773 = ADVANCED_FACE ( 'NONE', ( #2706 ), #1289, .F. ) ;
#3774 = CARTESIAN_POINT ( 'NONE',  ( 16.57654914134644741, 94.44000000000002615, -2.755455298081540045E-15 ) ) ;
#3775 = TOROIDAL_SURFACE ( 'NONE', #7058, 9.000000000000001776, 3.000000000000000000 ) ;
#3776 = EDGE_LOOP ( 'NONE', ( #4050, #6654, #7008, #3224 ) ) ;
#3777 = CARTESIAN_POINT ( 'NONE',  ( -22.25000000000000000, 106.9403061905773598, -14.59999999999999787 ) ) ;
#3778 = ORIENTED_EDGE ( 'NONE', *, *, #7037, .T. ) ;
#3779 = EDGE_LOOP ( 'NONE', ( #2833, #5304 ) ) ;
#3780 = ORIENTED_EDGE ( 'NONE', *, *, #266, .F. ) ;
#3781 = ADVANCED_FACE ( 'NONE', ( #4861 ), #4149, .T. ) ;
#3782 = DIRECTION ( 'NONE',  ( 1.000000000000000000, 9.912705577010326782E-17, -0.000000000000000000 ) ) ;
#3783 = ADVANCED_FACE ( 'NONE', ( #8472 ), #5613, .T. ) ;
#3784 = CARTESIAN_POINT ( 'NONE',  ( 28.69370315004787741, 2.500000000000000000, -23.99999999999998934 ) ) ;
#3785 = ORIENTED_EDGE ( 'NONE', *, *, #7989, .F. ) ;
#3786 = CARTESIAN_POINT ( 'NONE',  ( -29.23937039256212600, 2.924753392249059836, -21.31827437402852254 ) ) ;
#3787 = ORIENTED_EDGE ( 'NONE', *, *, #1232, .T. ) ;
#3788 = LINE ( 'NONE', #869, #498 ) ;
#3789 = DIRECTION ( 'NONE',  ( -1.000000000000000000, -1.734723475976807292E-15, 0.000000000000000000 ) ) ;
#3790 = DIRECTION ( 'NONE',  ( -1.000000000000000000, -1.892425610156517122E-16, -0.000000000000000000 ) ) ;
#3791 = ORIENTED_EDGE ( 'NONE', *, *, #1004, .T. ) ;
#3792 = ADVANCED_FACE ( 'NONE', ( #8526 ), #2089, .F. ) ;
#3793 = ORIENTED_EDGE ( 'NONE', *, *, #4537, .F. ) ;
#3794 = CARTESIAN_POINT ( 'NONE',  ( 25.28728749488986338, 1.133551116643077172, -7.500000000000007105 ) ) ;
#3795 = CARTESIAN_POINT ( 'NONE',  ( -29.99999999999998934, 4.392707066155373319, -25.45498819300128091 ) ) ;
#3796 = DIRECTION ( 'NONE',  ( -1.000000000000000000, -1.541976423090495387E-16, 0.000000000000000000 ) ) ;
#3797 = DIRECTION ( 'NONE',  ( -0.8660254037844399289, -0.4999999999999980571, 0.000000000000000000 ) ) ;
#3798 = ORIENTED_EDGE ( 'NONE', *, *, #4156, .F. ) ;
#3799 = EDGE_CURVE ( 'NONE', #4589, #1006, #670, .T. ) ;
#3800 = EDGE_CURVE ( 'NONE', #7276, #805, #3034, .T. ) ;
#3801 = DIRECTION ( 'NONE',  ( -1.000000000000000000, 0.000000000000000000, 0.000000000000000000 ) ) ;
#3802 = DIRECTION ( 'NONE',  ( 1.000000000000000000, -0.000000000000000000, -0.000000000000000000 ) ) ;
#3803 = ORIENTED_EDGE ( 'NONE', *, *, #4916, .T. ) ;
#3804 = PLANE ( 'NONE',  #441 ) ;
#3805 = AXIS2_PLACEMENT_3D ( 'NONE', #9243, #8692, #8739 ) ;
#3806 = CARTESIAN_POINT ( 'NONE',  ( -25.78856394357926973, 12.49999999999999645, -25.50000000000001066 ) ) ;
#3807 = DIRECTION ( 'NONE',  ( 0.000000000000000000, 1.000000000000000000, 0.000000000000000000 ) ) ;
#3808 = DIRECTION ( 'NONE',  ( -0.000000000000000000, -0.000000000000000000, -1.000000000000000000 ) ) ;
#3809 = CARTESIAN_POINT ( 'NONE',  ( 25.21439204797925626, 105.2048392368273539, -13.32608271159807067 ) ) ;
#3810 = CARTESIAN_POINT ( 'NONE',  ( -26.99999999999999645, 1.043560762610397319, -17.50000000000000000 ) ) ;
#3811 = EDGE_LOOP ( 'NONE', ( #6076, #8178, #7456, #2320, #2885 ) ) ;
#3812 = AXIS2_PLACEMENT_3D ( 'NONE', #1890, #4756, #4044 ) ;
#3813 = AXIS2_PLACEMENT_3D ( 'NONE', #7724, #9265, #5570 ) ;
#3814 = DIRECTION ( 'NONE',  ( 0.000000000000000000, 0.000000000000000000, -1.000000000000000000 ) ) ;
#3815 = DIRECTION ( 'NONE',  ( 0.000000000000000000, 0.000000000000000000, -1.000000000000000000 ) ) ;
#3816 = ADVANCED_FACE ( 'NONE', ( #4494 ), #7915, .T. ) ;
#3817 = VERTEX_POINT ( 'NONE', #4295 ) ;
#3818 = DIRECTION ( 'NONE',  ( 9.912705577010326782E-17, -1.000000000000000000, 0.000000000000000000 ) ) ;
#3819 = CIRCLE ( 'NONE', #7860, 1.049999999999998934 ) ;
#3820 = ORIENTED_EDGE ( 'NONE', *, *, #184, .T. ) ;
#3821 = ORIENTED_EDGE ( 'NONE', *, *, #2113, .F. ) ;
#3822 = VECTOR ( 'NONE', #7833, 1000.000000000000000 ) ;
#3823 = DIRECTION ( 'NONE',  ( 1.000000000000000000, 0.000000000000000000, 0.000000000000000000 ) ) ;
#3824 = CARTESIAN_POINT ( 'NONE',  ( -27.99999999999999289, 12.49999999999999822, -12.50000000000000000 ) ) ;
#3825 = ORIENTED_EDGE ( 'NONE', *, *, #564, .T. ) ;
#3826 = CARTESIAN_POINT ( 'NONE',  ( -29.95214785710387773, 4.060524879500474249, -19.91934692885654812 ) ) ;
#3827 = ORIENTED_EDGE ( 'NONE', *, *, #1801, .F. ) ;
#3828 = CARTESIAN_POINT ( 'NONE',  ( 29.99999999999999645, 12.49999999999999822, -12.50000000000000000 ) ) ;
#3829 = FACE_OUTER_BOUND ( 'NONE', #638, .T. ) ;
#3830 = DIRECTION ( 'NONE',  ( -0.8399223068573765660, 0.5427066596637478701, 0.000000000000000000 ) ) ;
#3831 = EDGE_CURVE ( 'NONE', #9024, #3868, #179, .T. ) ;
#3832 = ORIENTED_EDGE ( 'NONE', *, *, #308, .F. ) ;
#3833 = EDGE_LOOP ( 'NONE', ( #8516, #3621 ) ) ;
#3834 = EDGE_CURVE ( 'NONE', #1139, #4294, #2002, .T. ) ;
#3835 = LINE ( 'NONE', #8987, #6715 ) ;
#3836 = CARTESIAN_POINT ( 'NONE',  ( 15.58688103937514846, 96.44000000000002615, -9.000000000000000000 ) ) ;
#3837 = LINE ( 'NONE', #6134, #3093 ) ;
#3838 = VERTEX_POINT ( 'NONE', #3592 ) ;
#3839 = DIRECTION ( 'NONE',  ( 0.000000000000000000, 0.000000000000000000, 1.000000000000000000 ) ) ;
#3840 = CARTESIAN_POINT ( 'NONE',  ( 29.99999999999999289, 4.828427124746202281, -25.49999999999999645 ) ) ;
#3841 = AXIS2_PLACEMENT_3D ( 'NONE', #2436, #3797, #2567 ) ;
#3842 = ORIENTED_EDGE ( 'NONE', *, *, #7896, .T. ) ;
#3843 = VECTOR ( 'NONE', #9194, 1000.000000000000000 ) ;
#3844 = CARTESIAN_POINT ( 'NONE',  ( -22.25000000000000000, 116.0903061905773512, -21.59999999999999787 ) ) ;
#3845 = CARTESIAN_POINT ( 'NONE',  ( 23.54999999999997584, 117.9400000000000972, -31.68941159757722303 ) ) ;
#3846 = EDGE_CURVE ( 'NONE', #3158, #5660, #3788, .T. ) ;
#3847 = VECTOR ( 'NONE', #6377, 1000.000000000000000 ) ;
#3848 = DIRECTION ( 'NONE',  ( 0.000000000000000000, -0.000000000000000000, -1.000000000000000000 ) ) ;
#3849 = DIRECTION ( 'NONE',  ( -0.3285714285714274596, -0.9444791243466058583, 0.000000000000000000 ) ) ;
#3850 = CARTESIAN_POINT ( 'NONE',  ( 24.98966240773265568, 105.4144634681975390, -13.06926579460995086 ) ) ;
#3851 = PLANE ( 'NONE',  #6267 ) ;
#3852 = EDGE_LOOP ( 'NONE', ( #2581, #4203, #2234, #7430 ) ) ;
#3853 = AXIS2_PLACEMENT_3D ( 'NONE', #5175, #190, #7332 ) ;
#3854 = CARTESIAN_POINT ( 'NONE',  ( -26.00000000000000000, 20.30685424949254880, -6.843145750507550140 ) ) ;
#3855 = CARTESIAN_POINT ( 'NONE',  ( 58.00000000000002132, 19.20685424949254383, -6.843145750507550140 ) ) ;
#3856 = DIRECTION ( 'NONE',  ( -0.8660254037844397068, 0.4999999999999979461, 0.000000000000000000 ) ) ;
#3857 = VERTEX_POINT ( 'NONE', #7255 ) ;
#3858 = DIRECTION ( 'NONE',  ( 1.541976423090495387E-16, 1.000000000000000000, 0.000000000000000000 ) ) ;
#3859 = ORIENTED_EDGE ( 'NONE', *, *, #7987, .F. ) ;
#3860 = ORIENTED_EDGE ( 'NONE', *, *, #4639, .T. ) ;
#3861 = AXIS2_PLACEMENT_3D ( 'NONE', #1803, #1053, #3130 ) ;
#3862 = EDGE_CURVE ( 'NONE', #8790, #5045, #4093, .T. ) ;
#3863 = VECTOR ( 'NONE', #2164, 1000.000000000000000 ) ;
#3864 = CARTESIAN_POINT ( 'NONE',  ( 29.98802109968901064, 4.247313123956145908, -19.66467468037020083 ) ) ;
#3865 =( LENGTH_UNIT ( ) NAMED_UNIT ( * ) SI_UNIT ( .MILLI., .METRE. ) );
#3866 = ORIENTED_EDGE ( 'NONE', *, *, #163, .T. ) ;
#3867 = CARTESIAN_POINT ( 'NONE',  ( -28.65714892091703803, 1.824926063499838547, -18.78955447656796096 ) ) ;
#3868 = VERTEX_POINT ( 'NONE', #2284 ) ;
#3869 = DIRECTION ( 'NONE',  ( -1.000000000000000000, 0.000000000000000000, 0.000000000000000000 ) ) ;
#3870 = DIRECTION ( 'NONE',  ( -1.000000000000000000, 0.000000000000000000, 0.000000000000000000 ) ) ;
#3871 = DIRECTION ( 'NONE',  ( 1.000000000000000000, -1.541976423090495387E-16, -0.000000000000000000 ) ) ;
#3872 = ORIENTED_EDGE ( 'NONE', *, *, #6755, .T. ) ;
#3873 = ORIENTED_EDGE ( 'NONE', *, *, #4489, .T. ) ;
#3874 = EDGE_LOOP ( 'NONE', ( #6902, #2179 ) ) ;
#3875 = EDGE_CURVE ( 'NONE', #3578, #7684, #1251, .T. ) ;
#3876 = CIRCLE ( 'NONE', #1634, 1.000000000000000888 ) ;
#3877 = LINE ( 'NONE', #1096, #4903 ) ;
#3878 = CARTESIAN_POINT ( 'NONE',  ( -23.43500939178819920, 114.5597655007785960, -23.68157231859267142 ) ) ;
#3879 = CARTESIAN_POINT ( 'NONE',  ( -23.99999999999999289, 20.50000000000000355, -12.50000000000000000 ) ) ;
#3880 = ORIENTED_EDGE ( 'NONE', *, *, #5361, .T. ) ;
#3881 = DIRECTION ( 'NONE',  ( 1.000000000000000000, 0.000000000000000000, 0.000000000000000000 ) ) ;
#3882 = CIRCLE ( 'NONE', #1179, 2.149999999999999023 ) ;
#3883 = DIRECTION ( 'NONE',  ( 0.000000000000000000, 1.000000000000000000, 0.000000000000000000 ) ) ;
#3884 = CARTESIAN_POINT ( 'NONE',  ( -22.25000000000000000, 113.9403061905773455, -21.59999999999999787 ) ) ;
#3885 = VERTEX_POINT ( 'NONE', #212 ) ;
#3886 = DIRECTION ( 'NONE',  ( 0.000000000000000000, 1.000000000000000000, 0.000000000000000000 ) ) ;
#3887 = EDGE_CURVE ( 'NONE', #1124, #2381, #8447, .T. ) ;
#3888 = VECTOR ( 'NONE', #8624, 1000.000000000000227 ) ;
#3889 = CARTESIAN_POINT ( 'NONE',  ( 21.54999999999997939, 118.9400000000000261, 0.000000000000000000 ) ) ;
#3890 = EDGE_CURVE ( 'NONE', #526, #4713, #6202, .T. ) ;
#3891 = CARTESIAN_POINT ( 'NONE',  ( -22.25000000000000000, 109.0903061905773512, -14.59999999999999787 ) ) ;
#3892 = CYLINDRICAL_SURFACE ( 'NONE', #6549, 2.999999999999999112 ) ;
#3893 = DIRECTION ( 'NONE',  ( 1.000000000000000000, -1.898094922533725623E-16, 0.000000000000000000 ) ) ;
#3894 = AXIS2_PLACEMENT_3D ( 'NONE', #6775, #3789, #6073 ) ;
#3895 = EDGE_LOOP ( 'NONE', ( #3393, #8734, #1275 ) ) ;
#3896 = EDGE_CURVE ( 'NONE', #3121, #7300, #69, .T. ) ;
#3897 = CARTESIAN_POINT ( 'NONE',  ( -8.773401785887994464, 56.29615242270664055, 0.000000000000000000 ) ) ;
#3898 = AXIS2_PLACEMENT_3D ( 'NONE', #4824, #6839, #4158 ) ;
#3899 = CARTESIAN_POINT ( 'NONE',  ( 29.89830860468378404, 10.81828702088412975, -25.50000000000000000 ) ) ;
#3900 = ORIENTED_EDGE ( 'NONE', *, *, #5172, .F. ) ;
#3901 = CARTESIAN_POINT ( 'NONE',  ( -23.31393684833121327, 12.50000000000001421, -1.663936848331197371 ) ) ;
#3902 = EDGE_CURVE ( 'NONE', #535, #6560, #5750, .T. ) ;
#3903 = ORIENTED_EDGE ( 'NONE', *, *, #2419, .F. ) ;
#3904 = AXIS2_PLACEMENT_3D ( 'NONE', #5087, #7946, #1556 ) ;
#3905 = CARTESIAN_POINT ( 'NONE',  ( 29.90105210952445702, 3.875403594782343308, -20.16475857594794974 ) ) ;
#3906 = CARTESIAN_POINT ( 'NONE',  ( 0.000000000000000000, 0.000000000000000000, 0.000000000000000000 ) ) ;
#3907 = ORIENTED_EDGE ( 'NONE', *, *, #1831, .T. ) ;
#3908 = CARTESIAN_POINT ( 'NONE',  ( -29.97941344952035436, 4.163508753540920537, -19.42682971294156857 ) ) ;
#3909 = ORIENTED_EDGE ( 'NONE', *, *, #111, .T. ) ;
#3910 = CARTESIAN_POINT ( 'NONE',  ( 25.99999999999999645, 16.00685424949230296, -18.15685424949224469 ) ) ;
#3911 = DIRECTION ( 'NONE',  ( 0.000000000000000000, -1.000000000000000000, 0.000000000000000000 ) ) ;
#3912 = CARTESIAN_POINT ( 'NONE',  ( 11.98768373480796434, 67.14209179641811431, -128.1790850899541852 ) ) ;
#3913 = ORIENTED_EDGE ( 'NONE', *, *, #5895, .T. ) ;
#3914 = ORIENTED_EDGE ( 'NONE', *, *, #9157, .F. ) ;
#3915 = ORIENTED_EDGE ( 'NONE', *, *, #2916, .F. ) ;
#3916 = DIRECTION ( 'NONE',  ( 0.000000000000000000, 0.000000000000000000, 1.000000000000000000 ) ) ;
#3917 = EDGE_CURVE ( 'NONE', #585, #1762, #2190, .T. ) ;
#3918 = CARTESIAN_POINT ( 'NONE',  ( -23.40414936479016816, 114.2500016429945333, -23.74975342840288661 ) ) ;
#3919 = CARTESIAN_POINT ( 'NONE',  ( 23.00000000000000000, 35.00000000000000000, -3.000000000000002665 ) ) ;
#3920 = ORIENTED_EDGE ( 'NONE', *, *, #2869, .F. ) ;
#3921 = CARTESIAN_POINT ( 'NONE',  ( 24.45702920788156476, 11.92199582767752553, -25.50000000000000355 ) ) ;
#3922 = LINE ( 'NONE', #271, #5409 ) ;
#3923 = FACE_OUTER_BOUND ( 'NONE', #7207, .T. ) ;
#3924 = ADVANCED_FACE ( 'NONE', ( #4343 ), #8666, .F. ) ;
#3925 = ORIENTED_EDGE ( 'NONE', *, *, #8432, .T. ) ;
#3926 = CARTESIAN_POINT ( 'NONE',  ( 22.24999999999998579, 113.9403061905773598, -21.59999999999999787 ) ) ;
#3927 = ADVANCED_FACE ( 'NONE', ( #8716 ), #1622, .F. ) ;
#3928 = LINE ( 'NONE', #1107, #8376 ) ;
#3929 = DIRECTION ( 'NONE',  ( -0.3090169943749484505, 0.000000000000000000, -0.9510565162951531981 ) ) ;
#3930 = DIRECTION ( 'NONE',  ( -0.000000000000000000, 0.000000000000000000, 1.000000000000000000 ) ) ;
#3931 = CARTESIAN_POINT ( 'NONE',  ( 23.54999999999998295, 113.9403061905773598, -21.59999999999999787 ) ) ;
#3932 = ORIENTED_EDGE ( 'NONE', *, *, #6848, .T. ) ;
#3933 = ADVANCED_FACE ( 'NONE', ( #8061 ), #8762, .F. ) ;
#3934 = ADVANCED_FACE ( 'NONE', ( #5847 ), #2330, .F. ) ;
#3935 = LINE ( 'NONE', #8133, #1772 ) ;
#3936 = DIRECTION ( 'NONE',  ( -1.000000000000000000, -1.360567432138672574E-16, -0.000000000000000000 ) ) ;
#3937 = CIRCLE ( 'NONE', #2594, 12.00000000000000000 ) ;
#3938 = CARTESIAN_POINT ( 'NONE',  ( 28.25000000000001066, 94.08030619057740296, -23.00000000000000000 ) ) ;
#3939 = ORIENTED_EDGE ( 'NONE', *, *, #1429, .T. ) ;
#3940 = CYLINDRICAL_SURFACE ( 'NONE', #8182, 1.050000000000000488 ) ;
#3941 = VECTOR ( 'NONE', #5513, 1000.000000000000000 ) ;
#3942 = ORIENTED_EDGE ( 'NONE', *, *, #5839, .T. ) ;
#3943 = CARTESIAN_POINT ( 'NONE',  ( 1.336881039375164004, 96.44000000000002615, -15.65739561406607727 ) ) ;
#3944 = EDGE_CURVE ( 'NONE', #6387, #6479, #2027, .T. ) ;
#3945 = VECTOR ( 'NONE', #3029, 1000.000000000000000 ) ;
#3946 = ADVANCED_FACE ( 'NONE', ( #8025 ), #7978, .F. ) ;
#3947 = AXIS2_PLACEMENT_3D ( 'NONE', #603, #2768, #5634 ) ;
#3948 = PERSON_AND_ORGANIZATION_ROLE ( 'creator' ) ;
#3949 = VERTEX_POINT ( 'NONE', #7173 ) ;
#3950 = CARTESIAN_POINT ( 'NONE',  ( -28.52958853457301558, 2.570234076185295979, -21.71117709099334903 ) ) ;
#3951 = DIRECTION ( 'NONE',  ( 1.000000000000000000, -1.541976423090495387E-16, -0.000000000000000000 ) ) ;
#3952 = DIRECTION ( 'NONE',  ( 0.000000000000000000, 1.000000000000000000, 0.000000000000000000 ) ) ;
#3953 = FACE_OUTER_BOUND ( 'NONE', #5717, .T. ) ;
#3954 = DIRECTION ( 'NONE',  ( 1.000000000000000000, 0.000000000000000000, 0.000000000000000000 ) ) ;
#3955 = ORIENTED_EDGE ( 'NONE', *, *, #3090, .F. ) ;
#3956 = ORIENTED_EDGE ( 'NONE', *, *, #907, .T. ) ;
#3957 = VERTEX_POINT ( 'NONE', #6517 ) ;
#3958 = CIRCLE ( 'NONE', #8306, 2.000000000000003553 ) ;
#3959 = DIRECTION ( 'NONE',  ( -1.000000000000000000, 1.898094922533725623E-16, -0.000000000000000000 ) ) ;
#3960 = DIRECTION ( 'NONE',  ( 1.000000000000000000, 1.360567432138672574E-16, -0.000000000000000000 ) ) ;
#3961 = DIRECTION ( 'NONE',  ( -0.8090169943749478954, -0.000000000000000000, 0.5877852522924723599 ) ) ;
#3962 = ORIENTED_EDGE ( 'NONE', *, *, #2806, .F. ) ;
#3963 = DIRECTION ( 'NONE',  ( -1.000000000000000000, -9.912705577010326782E-17, 0.000000000000000000 ) ) ;
#3964 = DIRECTION ( 'NONE',  ( 0.000000000000000000, 1.000000000000000000, 0.000000000000000000 ) ) ;
#3965 = DIRECTION ( 'NONE',  ( -1.000000000000000000, -1.360567432138672574E-16, 0.000000000000000000 ) ) ;
#3966 = VERTEX_POINT ( 'NONE', #6473 ) ;
#3967 = ORIENTED_EDGE ( 'NONE', *, *, #5509, .F. ) ;
#3968 = ADVANCED_FACE ( 'NONE', ( #7123 ), #1632, .F. ) ;
#3969 = CARTESIAN_POINT ( 'NONE',  ( 16.57654914134644741, 94.44000000000002615, -23.00000000000000000 ) ) ;
#3970 = CARTESIAN_POINT ( 'NONE',  ( -23.08176686932741717, 9.891934043520796749, -25.50000000000000355 ) ) ;
#3971 = PLANE ( 'NONE',  #9094 ) ;
#3972 = CIRCLE ( 'NONE', #8478, 1.049999999999998934 ) ;
#3973 = CARTESIAN_POINT ( 'NONE',  ( -5.773401785888006899, 60.10000000000000853, 0.000000000000000000 ) ) ;
#3974 = VECTOR ( 'NONE', #3481, 1000.000000000000000 ) ;
#3975 = DIRECTION ( 'NONE',  ( 0.000000000000000000, 1.829999629156732544E-31, -1.000000000000000000 ) ) ;
#3976 = ORIENTED_EDGE ( 'NONE', *, *, #1145, .T. ) ;
#3977 = AXIS2_PLACEMENT_3D ( 'NONE', #867, #4388, #5748 ) ;
#3978 = AXIS2_PLACEMENT_3D ( 'NONE', #636, #3509, #9233 ) ;
#3979 = CARTESIAN_POINT ( 'NONE',  ( 27.99999999999999289, 12.49999999999999822, -12.50000000000000000 ) ) ;
#3980 = AXIS2_PLACEMENT_3D ( 'NONE', #756, #6352, #8702 ) ;
#3981 = EDGE_CURVE ( 'NONE', #6725, #3966, #1586, .T. ) ;
#3982 = LINE ( 'NONE', #4787, #7142 ) ;
#3983 = LINE ( 'NONE', #6156, #5349 ) ;
#3984 = AXIS2_PLACEMENT_3D ( 'NONE', #2717, #8344, #4781 ) ;
#3985 = AXIS2_PLACEMENT_3D ( 'NONE', #4739, #4832, #2678 ) ;
#3986 = EDGE_CURVE ( 'NONE', #5597, #6646, #2202, .T. ) ;
#3987 = PLANE ( 'NONE',  #7530 ) ;
#3988 = ORIENTED_EDGE ( 'NONE', *, *, #3593, .F. ) ;
#3989 = CARTESIAN_POINT ( 'NONE',  ( -22.25000000000000000, 116.0903061905773797, -7.599999999999997868 ) ) ;
#3990 = EDGE_LOOP ( 'NONE', ( #1838, #4995, #3732, #959, #1975, #5124, #2990, #4945, #7386 ) ) ;
#3991 = DIRECTION ( 'NONE',  ( -0.000000000000000000, -0.000000000000000000, -1.000000000000000000 ) ) ;
#3992 = EDGE_CURVE ( 'NONE', #6646, #7100, #5932, .T. ) ;
#3993 = CONICAL_SURFACE ( 'NONE', #9245, 10.15000000000000213, 0.7853981633974526089 ) ;
#3994 = FACE_OUTER_BOUND ( 'NONE', #3852, .T. ) ;
#3995 = FACE_OUTER_BOUND ( 'NONE', #6729, .T. ) ;
#3996 = EDGE_LOOP ( 'NONE', ( #4697, #1270, #9210, #3584 ) ) ;
#3997 = DIRECTION ( 'NONE',  ( 1.000000000000000000, 3.469446951953614189E-15, 0.000000000000000000 ) ) ;
#3998 = CARTESIAN_POINT ( 'NONE',  ( 23.31393684833122038, 12.49999999999999822, -1.663936848331191820 ) ) ;
#3999 = CARTESIAN_POINT ( 'NONE',  ( 20.25000000000000000, 104.4400000000000261, -4.500000000000001776 ) ) ;
#4000 = AXIS2_PLACEMENT_3D ( 'NONE', #6551, #4290, #6060 ) ;
#4001 = CARTESIAN_POINT ( 'NONE',  ( -24.99999999999999645, 12.50000000000000888, -12.50000000000000000 ) ) ;
#4002 = FACE_BOUND ( 'NONE', #7995, .T. ) ;
#4003 = ORIENTED_EDGE ( 'NONE', *, *, #2673, .F. ) ;
#4004 = VERTEX_POINT ( 'NONE', #2852 ) ;
#4005 = VERTEX_POINT ( 'NONE', #4355 ) ;
#4006 = EDGE_CURVE ( 'NONE', #3116, #5555, #5857, .T. ) ;
#4007 = AXIS2_PLACEMENT_3D ( 'NONE', #6942, #6199, #3288 ) ;
#4008 = DIRECTION ( 'NONE',  ( 9.912705577010326782E-17, -1.000000000000000000, 0.000000000000000000 ) ) ;
#4009 = CARTESIAN_POINT ( 'NONE',  ( -12.08688103937556946, 96.44000000000002615, -19.77189238011338546 ) ) ;
#4010 = CARTESIAN_POINT ( 'NONE',  ( -23.50965667159337258, 112.7705775271856083, -23.41047469326331765 ) ) ;
#4011 = DIRECTION ( 'NONE',  ( 1.000000000000000000, 0.000000000000000000, -0.000000000000000000 ) ) ;
#4012 = ORIENTED_EDGE ( 'NONE', *, *, #4478, .F. ) ;
#4013 = DIRECTION ( 'NONE',  ( -1.000000000000000000, -1.360567432138672574E-16, 0.000000000000000000 ) ) ;
#4014 = CARTESIAN_POINT ( 'NONE',  ( -7.381096940474732193, 57.10000000000000142, -128.1790850899541852 ) ) ;
#4015 = DIRECTION ( 'NONE',  ( 1.000000000000000000, 0.000000000000000000, -8.019547272036678345E-16 ) ) ;
#4016 = TOROIDAL_SURFACE ( 'NONE', #8519, 4.000000000000000000, 2.000000000000000000 ) ;
#4017 = ORIENTED_EDGE ( 'NONE', *, *, #1797, .T. ) ;
#4018 = CARTESIAN_POINT ( 'NONE',  ( 20.25000000000000355, 113.9403061905773598, -21.59999999999999787 ) ) ;
#4019 = LINE ( 'NONE', #9089, #9127 ) ;
#4020 = VECTOR ( 'NONE', #3053, 1000.000000000000000 ) ;
#4021 = DIRECTION ( 'NONE',  ( 0.000000000000000000, 1.000000000000000000, 1.835651978244082640E-31 ) ) ;
#4022 = DIRECTION ( 'NONE',  ( 1.000000000000000000, -1.541976423090495387E-16, 0.000000000000000000 ) ) ;
#4023 = PLANE ( 'NONE',  #2971 ) ;
#4024 = VERTEX_POINT ( 'NONE', #8581 ) ;
#4025 = AXIS2_PLACEMENT_3D ( 'NONE', #7629, #2433, #6039 ) ;
#4026 = LINE ( 'NONE', #7647, #4508 ) ;
#4027 = CARTESIAN_POINT ( 'NONE',  ( -26.00000000000000000, 18.15685424949254667, -6.843145750507550140 ) ) ;
#4028 = DIRECTION ( 'NONE',  ( -0.3090169943749484505, 0.000000000000000000, 0.9510565162951531981 ) ) ;
#4029 = DIRECTION ( 'NONE',  ( 1.734723475976807292E-15, -1.000000000000000000, 0.000000000000000000 ) ) ;
#4030 = VECTOR ( 'NONE', #2210, 1000.000000000000000 ) ;
#4031 = DIRECTION ( 'NONE',  ( 0.5427066596637479812, -0.8399223068573765660, 0.000000000000000000 ) ) ;
#4032 = ADVANCED_FACE ( 'NONE', ( #5161 ), #7222, .F. ) ;
#4033 = VERTEX_POINT ( 'NONE', #130 ) ;
#4034 = CARTESIAN_POINT ( 'NONE',  ( 23.00000000000000000, 2.500000000000001776, -21.78708781050336896 ) ) ;
#4035 = ADVANCED_FACE ( 'NONE', ( #5760 ), #9223, .F. ) ;
#4036 = ORIENTED_EDGE ( 'NONE', *, *, #3418, .T. ) ;
#4037 = AXIS2_PLACEMENT_3D ( 'NONE', #4001, #1892, #7571 ) ;
#4038 = ADVANCED_FACE ( 'NONE', ( #680 ), #2999, .F. ) ;
#4039 = CARTESIAN_POINT ( 'NONE',  ( 28.25000000000000000, 94.08030619057737454, -128.1790850899541852 ) ) ;
#4040 = CARTESIAN_POINT ( 'NONE',  ( 28.90549605042166448, 1.951780416809008711, -18.80388895420337647 ) ) ;
#4041 = ORIENTED_EDGE ( 'NONE', *, *, #4900, .F. ) ;
#4042 = AXIS2_PLACEMENT_3D ( 'NONE', #127, #2051, #4206 ) ;
#4043 = FACE_OUTER_BOUND ( 'NONE', #2368, .T. ) ;
#4044 = DIRECTION ( 'NONE',  ( 0.000000000000000000, -1.000000000000000000, 0.000000000000000000 ) ) ;
#4045 = CARTESIAN_POINT ( 'NONE',  ( -25.99999999999999645, 12.49999999999988276, -20.49999999999977618 ) ) ;
#4046 = CARTESIAN_POINT ( 'NONE',  ( -29.73844247698082555, 2.945907993687925774, -18.94645514992942026 ) ) ;
#4048 = EDGE_CURVE ( 'NONE', #8856, #1231, #1485, .T. ) ;
#4047 = EDGE_LOOP ( 'NONE', ( #6216, #1566, #5074, #204 ) ) ;
#4049 = ORIENTED_EDGE ( 'NONE', *, *, #2698, .F. ) ;
#4050 = ORIENTED_EDGE ( 'NONE', *, *, #3887, .T. ) ;
#4051 = EDGE_CURVE ( 'NONE', #7933, #3630, #3652, .T. ) ;
#4052 = AXIS2_PLACEMENT_3D ( 'NONE', #8569, #3355, #8379 ) ;
#4053 = ADVANCED_FACE ( 'NONE', ( #79 ), #521, .T. ) ;
#4054 = DIRECTION ( 'NONE',  ( 1.000000000000000000, -2.312964634635743450E-15, 0.000000000000000000 ) ) ;
#4055 = CARTESIAN_POINT ( 'NONE',  ( 26.25000000000000355, 102.3196380149609865, -23.00000000000000000 ) ) ;
#4056 = CARTESIAN_POINT ( 'NONE',  ( 8.586881039375148461, 96.44000000000002615, -9.000000000000001776 ) ) ;
#4057 = CARTESIAN_POINT ( 'NONE',  ( -23.99999999999999289, 11.45000000000020179, -4.499999999999771738 ) ) ;
#4058 = ORIENTED_EDGE ( 'NONE', *, *, #5183, .F. ) ;
#4059 = CARTESIAN_POINT ( 'NONE',  ( -10.07906768228852457, 77.01368055568988780, -25.00000000000000000 ) ) ;
#4060 = ADVANCED_FACE ( 'NONE', ( #7320 ), #3045, .F. ) ;
#4061 = CARTESIAN_POINT ( 'NONE',  ( 16.57654914134644741, 96.44000000000002615, -2.755455298081540045E-15 ) ) ;
#4062 = DIRECTION ( 'NONE',  ( -1.000000000000000000, 0.000000000000000000, 0.000000000000000000 ) ) ;
#4063 = VECTOR ( 'NONE', #2137, 1000.000000000000000 ) ;
#4064 = ORIENTED_EDGE ( 'NONE', *, *, #2037, .T. ) ;
#4065 = FACE_OUTER_BOUND ( 'NONE', #4442, .T. ) ;
#4066 = DIRECTION ( 'NONE',  ( 1.000000000000000000, -0.000000000000000000, -0.000000000000000000 ) ) ;
#4067 = EDGE_CURVE ( 'NONE', #5227, #3519, #5212, .T. ) ;
#4068 = ADVANCED_FACE ( 'NONE', ( #1714 ), #931, .T. ) ;
#4069 = CC_DESIGN_PERSON_AND_ORGANIZATION_ASSIGNMENT ( #9202, #8366, ( #1816 ) ) ;
#4070 = CARTESIAN_POINT ( 'NONE',  ( -17.98768373480796257, 67.14209179641811431, -22.99999999999999289 ) ) ;
#4071 = CARTESIAN_POINT ( 'NONE',  ( -8.773401785887994464, 56.29615242270664055, -3.000000000000002665 ) ) ;
#4072 = CARTESIAN_POINT ( 'NONE',  ( 29.99999999999999645, 12.49999999999987388, -20.49999999999977618 ) ) ;
#4073 = ORIENTED_EDGE ( 'NONE', *, *, #6848, .F. ) ;
#4074 = DIRECTION ( 'NONE',  ( -0.000000000000000000, 0.000000000000000000, 1.000000000000000000 ) ) ;
#4075 = DIRECTION ( 'NONE',  ( 1.000000000000000000, 0.000000000000000000, 0.000000000000000000 ) ) ;
#4076 = DIRECTION ( 'NONE',  ( -1.541976423090495387E-16, 1.000000000000000000, -0.000000000000000000 ) ) ;
#4077 = DIRECTION ( 'NONE',  ( 1.000000000000000000, 3.854941057726237111E-15, 0.000000000000000000 ) ) ;
#4078 = CARTESIAN_POINT ( 'NONE',  ( -22.25000000000000000, 111.7903061905773541, -7.599999999999997868 ) ) ;
#4079 = EDGE_LOOP ( 'NONE', ( #3745, #1587, #1665, #2596 ) ) ;
#4080 = CARTESIAN_POINT ( 'NONE',  ( -26.99999999999999645, 1.043560762610397319, -7.500000000000000000 ) ) ;
#4081 = VERTEX_POINT ( 'NONE', #3132 ) ;
#4082 = DIRECTION ( 'NONE',  ( 1.000000000000000000, 0.000000000000000000, 0.000000000000000000 ) ) ;
#4083 = AXIS2_PLACEMENT_3D ( 'NONE', #3303, #3261, #3954 ) ;
#4084 = B_SPLINE_CURVE_WITH_KNOTS ( 'NONE', 3,
 ( #5006, #3453, #2661, #7683, #1244, #6323, #8474, #4298, #9174, #2048, #2709, #6972, #7773, #539, #3407, #4911, #672, #2844, #6275, #4202, #7066, #3498, #7868, #7164, #9220, #9129 ),
 .UNSPECIFIED., .F., .F.,
 ( 4, 2, 2, 2, 2, 2, 2, 2, 2, 2, 2, 2, 4 ),
 ( 0.000000000000000000, 0.0004015707937416681150, 0.0008031415874833362301, 0.001204712381225004399, 0.001606283174966672460, 0.002007853968708340521, 0.002409424762450008799, 0.003212566349933347956, 0.004015707937416686246, 0.004818849524900026271, 0.005220420318641700620, 0.005621991112383374969, 0.006425132699866709790 ),
 .UNSPECIFIED. ) ;
#4085 = CIRCLE ( 'NONE', #2457, 8.000000000000000000 ) ;
#4086 = CARTESIAN_POINT ( 'NONE',  ( 28.13543178498525776, 2.499999999999976907, -21.78708781074400846 ) ) ;
#4087 = APPROVAL_DATE_TIME ( #1933, #7104 ) ;
#4088 = ORIENTED_EDGE ( 'NONE', *, *, #8293, .F. ) ;
#4089 = DIRECTION ( 'NONE',  ( -1.000000000000000000, 0.000000000000000000, 0.000000000000000000 ) ) ;
#4090 = DIRECTION ( 'NONE',  ( -1.000000000000000000, 0.000000000000000000, 0.000000000000000000 ) ) ;
#4091 = LINE ( 'NONE', #479, #3941 ) ;
#4092 = ORIENTED_EDGE ( 'NONE', *, *, #555, .F. ) ;
#4093 = CIRCLE ( 'NONE', #5313, 2.149999999999999023 ) ;
#4094 = ORIENTED_EDGE ( 'NONE', *, *, #5497, .T. ) ;
#4095 = ORIENTED_EDGE ( 'NONE', *, *, #2889, .F. ) ;
#4096 = AXIS2_PLACEMENT_3D ( 'NONE', #4813, #4099, #6966 ) ;
#4097 = EDGE_CURVE ( 'NONE', #3, #4659, #6660, .T. ) ;
#4098 = LINE ( 'NONE', #2653, #8660 ) ;
#4099 = DIRECTION ( 'NONE',  ( -0.8660254037844399289, 0.4999999999999980571, 0.000000000000000000 ) ) ;
#4100 = FACE_OUTER_BOUND ( 'NONE', #6731, .T. ) ;
#4101 = DIRECTION ( 'NONE',  ( 0.000000000000000000, -1.000000000000000000, 0.000000000000000000 ) ) ;
#4102 = ORIENTED_EDGE ( 'NONE', *, *, #4051, .T. ) ;
#4103 = PLANE ( 'NONE',  #3813 ) ;
#4104 = EDGE_CURVE ( 'NONE', #3501, #4723, #3837, .T. ) ;
#4105 = CARTESIAN_POINT ( 'NONE',  ( -28.00000000000000000, 16.50000000000001066, -12.50000000000000000 ) ) ;
#4106 = DIRECTION ( 'NONE',  ( -1.000000000000000000, -9.912705577010326782E-17, 0.000000000000000000 ) ) ;
#4107 = EDGE_CURVE ( 'NONE', #617, #5421, #1055, .T. ) ;
#4108 = CIRCLE ( 'NONE', #1563, 1.000000000000000888 ) ;
#4109 = EDGE_LOOP ( 'NONE', ( #4321, #7227, #859, #7777 ) ) ;
#4110 = ORIENTED_EDGE ( 'NONE', *, *, #5027, .F. ) ;
#4111 = CARTESIAN_POINT ( 'NONE',  ( 27.99999999999999289, 13.82287565553228958, -25.00000000000000000 ) ) ;
#4112 = CARTESIAN_POINT ( 'NONE',  ( 16.57654914134644741, 98.44000000000002615, -25.00000000000000000 ) ) ;
#4113 = CIRCLE ( 'NONE', #72, 0.8999999999999998002 ) ;
#4114 = CARTESIAN_POINT ( 'NONE',  ( -25.99999999999999645, 12.49999999999999822, -3.000000000000000000 ) ) ;
#4115 = PLANE ( 'NONE',  #6094 ) ;
#4116 = PLANE ( 'NONE',  #5475 ) ;
#4117 = ORIENTED_EDGE ( 'NONE', *, *, #319, .T. ) ;
#4118 = CYLINDRICAL_SURFACE ( 'NONE', #2403, 1.050000000000000488 ) ;
#4119 = EDGE_CURVE ( 'NONE', #2809, #4836, #4430, .T. ) ;
#4120 = CARTESIAN_POINT ( 'NONE',  ( -27.80757884505156952, 0.8782619262663136084, -17.10383167837259677 ) ) ;
#4121 = CIRCLE ( 'NONE', #84, 2.149999999999999023 ) ;
#4122 = CARTESIAN_POINT ( 'NONE',  ( -29.61436221931878165, 11.46426504480850106, -25.50000000000000355 ) ) ;
#4123 = DIRECTION ( 'NONE',  ( 1.000000000000000000, -1.541976423090495387E-16, 0.000000000000000000 ) ) ;
#4124 = CARTESIAN_POINT ( 'NONE',  ( 26.99999999999999289, 55.01062534441197727, -22.99999999999999289 ) ) ;
#4125 = ORIENTED_EDGE ( 'NONE', *, *, #5095, .T. ) ;
#4126 = CARTESIAN_POINT ( 'NONE',  ( 10.74999999999978506, 96.44000000000002615, -15.65739561406607727 ) ) ;
#4127 = AXIS2_PLACEMENT_3D ( 'NONE', #2657, #4859, #5659 ) ;
#4128 = TOROIDAL_SURFACE ( 'NONE', #6389, 10.50000000000000000, 2.000000000000000000 ) ;
#4129 = ORIENTED_EDGE ( 'NONE', *, *, #5202, .F. ) ;
#4130 = AXIS2_PLACEMENT_3D ( 'NONE', #334, #5929, #7293 ) ;
#4131 = DIRECTION ( 'NONE',  ( 1.000000000000000000, 1.360567432138672574E-16, -0.000000000000000000 ) ) ;
#4132 = AXIS2_PLACEMENT_3D ( 'NONE', #7525, #5090, #7950 ) ;
#4133 = VECTOR ( 'NONE', #5535, 1000.000000000000000 ) ;
#4134 = CARTESIAN_POINT ( 'NONE',  ( 29.60820733269349603, 2.716005880352819091, -18.90940665221061678 ) ) ;
#4135 = EDGE_LOOP ( 'NONE', ( #4993, #4484, #61, #1490 ) ) ;
#4136 = DIRECTION ( 'NONE',  ( 0.8399223068573744566, -0.5427066596637510898, 0.000000000000000000 ) ) ;
#4137 = DIRECTION ( 'NONE',  ( 0.5427066596637477591, 0.8399223068573764550, 0.000000000000000000 ) ) ;
#4138 = DIRECTION ( 'NONE',  ( 1.000000000000000000, 9.912705577010326782E-17, -0.000000000000000000 ) ) ;
#4139 = ORIENTED_EDGE ( 'NONE', *, *, #7191, .F. ) ;
#4140 = EDGE_LOOP ( 'NONE', ( #2812, #8465, #6887, #7704 ) ) ;
#4141 = VERTEX_POINT ( 'NONE', #7410 ) ;
#4142 = ORIENTED_EDGE ( 'NONE', *, *, #7224, .F. ) ;
#4143 = CARTESIAN_POINT ( 'NONE',  ( 27.51677145086357612, 0.9860485375652030537, -17.36643495396209858 ) ) ;
#4144 = AXIS2_PLACEMENT_3D ( 'NONE', #8580, #5012, #6472 ) ;
#4145 = DIRECTION ( 'NONE',  ( -1.000000000000000000, 0.000000000000000000, 0.000000000000000000 ) ) ;
#4146 = CARTESIAN_POINT ( 'NONE',  ( 5.773401785888007787, 51.10000000000000853, -22.00000000000000711 ) ) ;
#4147 = DIRECTION ( 'NONE',  ( 1.000000000000000000, 1.360567432138672574E-16, -0.000000000000000000 ) ) ;
#4148 = ORIENTED_EDGE ( 'NONE', *, *, #337, .T. ) ;
#4149 = CYLINDRICAL_SURFACE ( 'NONE', #3661, 5.999999999999998224 ) ;
#4150 = ADVANCED_FACE ( 'NONE', ( #5952 ), #3218, .T. ) ;
#4151 = FACE_BOUND ( 'NONE', #2024, .T. ) ;
#4152 = CARTESIAN_POINT ( 'NONE',  ( -22.25000000000000000, 113.9403061905773740, -6.699999999999990408 ) ) ;
#4153 = EDGE_CURVE ( 'NONE', #4589, #6805, #8946, .T. ) ;
#4154 = ORIENTED_EDGE ( 'NONE', *, *, #4734, .T. ) ;
#4155 = ORIENTED_EDGE ( 'NONE', *, *, #6300, .T. ) ;
#4156 = EDGE_CURVE ( 'NONE', #1902, #6365, #4121, .T. ) ;
#4157 = CIRCLE ( 'NONE', #8506, 2.150000000000002576 ) ;
#4158 = DIRECTION ( 'NONE',  ( 0.000000000000000000, 1.000000000000000000, 0.000000000000000000 ) ) ;
#4159 = CARTESIAN_POINT ( 'NONE',  ( 24.11467814749093819, 106.6080903125310471, -16.73683459878814972 ) ) ;
#4160 = VECTOR ( 'NONE', #2447, 1000.000000000000000 ) ;
#4161 = DIRECTION ( 'NONE',  ( 1.613696256722611948E-15, -1.000000000000000000, 0.000000000000000000 ) ) ;
#4162 = AXIS2_PLACEMENT_3D ( 'NONE', #4520, #5359, #1688 ) ;
#4163 = LINE ( 'NONE', #2760, #2045 ) ;
#4164 = CARTESIAN_POINT ( 'NONE',  ( -29.57029951316431493, 51.21726115183010108, -2.000000000000000000 ) ) ;
#4165 = ORIENTED_EDGE ( 'NONE', *, *, #926, .F. ) ;
#4166 = ORIENTED_EDGE ( 'NONE', *, *, #7404, .T. ) ;
#4167 = CARTESIAN_POINT ( 'NONE',  ( -17.98768373480796257, 67.14209179641811431, -2.000000000000001776 ) ) ;
#4168 = EDGE_CURVE ( 'NONE', #2249, #4633, #5338, .T. ) ;
#4169 = CARTESIAN_POINT ( 'NONE',  ( -23.99999999999999289, 12.50000000000020250, -4.499999999999771738 ) ) ;
#4170 = EDGE_CURVE ( 'NONE', #3511, #1231, #8243, .T. ) ;
#4171 = DIRECTION ( 'NONE',  ( 9.912705577010326782E-17, -1.000000000000000000, 2.602085213965210149E-16 ) ) ;
#4172 = DIRECTION ( 'NONE',  ( 0.000000000000000000, 1.000000000000000000, 0.000000000000000000 ) ) ;
#4173 = EDGE_CURVE ( 'NONE', #4332, #1621, #1806, .T. ) ;
#4174 = CARTESIAN_POINT ( 'NONE',  ( -12.08688103937556590, 104.4400000000000261, -11.54289884801876198 ) ) ;
#4175 = EDGE_LOOP ( 'NONE', ( #1746, #8900, #3721, #2415 ) ) ;
#4176 = CARTESIAN_POINT ( 'NONE',  ( -23.28753429247974438, 13.82287565553229314, -23.28161218218565054 ) ) ;
#4177 = ADVANCED_FACE ( 'NONE', ( #4677 ), #6535, .F. ) ;
#4178 = CIRCLE ( 'NONE', #138, 2.000000000000000000 ) ;
#4179 = EDGE_LOOP ( 'NONE', ( #559, #3907, #9086, #1656, #8796 ) ) ;
#4180 = CYLINDRICAL_SURFACE ( 'NONE', #5819, 1.049999999999998934 ) ;
#4181 = AXIS2_PLACEMENT_3D ( 'NONE', #6345, #5508, #652 ) ;
#4182 = EDGE_CURVE ( 'NONE', #7270, #7261, #1674, .T. ) ;
#4183 = CYLINDRICAL_SURFACE ( 'NONE', #1951, 6.000000000000000000 ) ;
#4184 = DATE_AND_TIME ( #2075, #4674 ) ;
#4185 = VERTEX_POINT ( 'NONE', #8862 ) ;
#4186 = CARTESIAN_POINT ( 'NONE',  ( -9.987683734807962566, 67.14209179641811431, -22.99999999999999289 ) ) ;
#4187 = CARTESIAN_POINT ( 'NONE',  ( 29.43037891027897146, 3.079473499484982391, -21.14391593775272327 ) ) ;
#4188 = FACE_OUTER_BOUND ( 'NONE', #7473, .T. ) ;
#4189 = EDGE_LOOP ( 'NONE', ( #586, #8514 ) ) ;
#4190 = CIRCLE ( 'NONE', #9290, 2.149999999999999023 ) ;
#4191 = EDGE_LOOP ( 'NONE', ( #7436, #724, #3334, #56 ) ) ;
#4192 = ORIENTED_EDGE ( 'NONE', *, *, #4583, .F. ) ;
#4193 = MANIFOLD_SOLID_BREP ( '圆角24', #952 ) ;
#4194 = AXIS2_PLACEMENT_3D ( 'NONE', #7501, #4596, #5352 ) ;
#4195 = CARTESIAN_POINT ( 'NONE',  ( 28.00000000000000000, -3.469446951953614189E-15, -12.50000000000000000 ) ) ;
#4196 = CARTESIAN_POINT ( 'NONE',  ( -20.25000000000000000, 113.9403061905773740, -8.500000000000005329 ) ) ;
#4197 = DIRECTION ( 'NONE',  ( 0.5427066596637479812, 0.8399223068573764550, -0.000000000000000000 ) ) ;
#4198 = CARTESIAN_POINT ( 'NONE',  ( 25.99999999999999645, 20.30685424949253814, -6.843145750507550140 ) ) ;
#4199 = VERTEX_POINT ( 'NONE', #8156 ) ;
#4200 = LINE ( 'NONE', #4817, #800 ) ;
#4201 = DIRECTION ( 'NONE',  ( 0.000000000000000000, 0.000000000000000000, 1.000000000000000000 ) ) ;
#4202 = CARTESIAN_POINT ( 'NONE',  ( -25.21439204797920652, 105.2048392368273255, -15.87391728840190730 ) ) ;
#4203 = ORIENTED_EDGE ( 'NONE', *, *, #2046, .T. ) ;
#4204 = VERTEX_POINT ( 'NONE', #2478 ) ;
#4205 = AXIS2_PLACEMENT_3D ( 'NONE', #3497, #7019, #493 ) ;
#4206 = DIRECTION ( 'NONE',  ( 0.000000000000000000, 0.000000000000000000, 1.000000000000000000 ) ) ;
#4207 = CARTESIAN_POINT ( 'NONE',  ( 20.25000000000000355, 113.9403061905773740, -7.599999999999997868 ) ) ;
#4208 = EDGE_CURVE ( 'NONE', #3297, #4776, #3228, .T. ) ;
#4209 = EDGE_CURVE ( 'NONE', #9057, #5652, #3972, .T. ) ;
#4210 = CIRCLE ( 'NONE', #4965, 2.000000000000000000 ) ;
#4211 = DIRECTION ( 'NONE',  ( -1.000000000000000000, -1.360567432138672574E-16, 0.000000000000000000 ) ) ;
#4212 = ORIENTED_EDGE ( 'NONE', *, *, #2109, .T. ) ;
#4213 = CARTESIAN_POINT ( 'NONE',  ( 16.57654914134644741, 94.44000000000002615, -2.000000000000000000 ) ) ;
#4214 = CYLINDRICAL_SURFACE ( 'NONE', #6674, 6.000000000000000000 ) ;
#4215 = VERTEX_POINT ( 'NONE', #3178 ) ;
#4216 = ORIENTED_EDGE ( 'NONE', *, *, #1417, .T. ) ;
#4217 = EDGE_CURVE ( 'NONE', #7351, #1197, #377, .T. ) ;
#4218 = CYLINDRICAL_SURFACE ( 'NONE', #1038, 2.149999999999999023 ) ;
#4219 = CARTESIAN_POINT ( 'NONE',  ( -27.62696998969517281, 0.9536430946264733421, -17.28974990902356978 ) ) ;
#4220 = CARTESIAN_POINT ( 'NONE',  ( 25.00000000000000355, 12.50000000000000355, -18.50000000000000355 ) ) ;
#4221 = LINE ( 'NONE', #5682, #1551 ) ;
#4222 = DIRECTION ( 'NONE',  ( 0.8399223068573765660, 0.5427066596637478701, 0.000000000000000000 ) ) ;
#4223 = ORIENTED_EDGE ( 'NONE', *, *, #4288, .T. ) ;
#4224 = EDGE_CURVE ( 'NONE', #6277, #4301, #7577, .T. ) ;
#4225 = ADVANCED_FACE ( 'NONE', ( #1287 ), #579, .F. ) ;
#4226 = ORIENTED_EDGE ( 'NONE', *, *, #275, .F. ) ;
#4227 = CARTESIAN_POINT ( 'NONE',  ( -14.98768373480797500, 61.94593937371147518, -2.000000000000001776 ) ) ;
#4228 = CARTESIAN_POINT ( 'NONE',  ( 28.36831602830509524, 2.531031906286212330, -20.15356914837684599 ) ) ;
#4229 = COORDINATED_UNIVERSAL_TIME_OFFSET ( 8, 0, .AHEAD. ) ;
#4230 = ORIENTED_EDGE ( 'NONE', *, *, #5859, .T. ) ;
#4231 = DIRECTION ( 'NONE',  ( 0.5427066596637503126, 0.8399223068573747897, -9.414459830876629938E-16 ) ) ;
#4232 = DIRECTION ( 'NONE',  ( 0.000000000000000000, 0.000000000000000000, -1.000000000000000000 ) ) ;
#4233 = PRODUCT_DEFINITION_SHAPE ( 'NONE', 'NONE',  #741 ) ;
#4234 = CARTESIAN_POINT ( 'NONE',  ( -22.55000000000001492, 118.9400000000000261, -128.1790850899541852 ) ) ;
#4235 = VERTEX_POINT ( 'NONE', #3449 ) ;
#4236 = ORIENTED_EDGE ( 'NONE', *, *, #1540, .F. ) ;
#4237 = ORIENTED_EDGE ( 'NONE', *, *, #4796, .F. ) ;
#4238 = ORIENTED_EDGE ( 'NONE', *, *, #8830, .F. ) ;
#4239 = EDGE_CURVE ( 'NONE', #3263, #7953, #2793, .T. ) ;
#4240 = AXIS2_PLACEMENT_3D ( 'NONE', #3619, #792, #7234 ) ;
#4241 = EDGE_CURVE ( 'NONE', #5660, #585, #6968, .T. ) ;
#4242 = CARTESIAN_POINT ( 'NONE',  ( 28.00000000000000000, 0.7010300192833449628, -16.62952767444233260 ) ) ;
#4243 = CARTESIAN_POINT ( 'NONE',  ( 27.99999999999998934, 2.500000000000001776, -23.99999999999999289 ) ) ;
#4244 = DIRECTION ( 'NONE',  ( -0.000000000000000000, -0.7071067811865513475, 0.7071067811865437980 ) ) ;
#4245 = LINE ( 'NONE', #2188, #2350 ) ;
#4246 = ORIENTED_EDGE ( 'NONE', *, *, #7382, .F. ) ;
#4247 = DIRECTION ( 'NONE',  ( -1.000000000000000000, -1.892425610156517122E-16, -0.000000000000000000 ) ) ;
#4248 = CIRCLE ( 'NONE', #3812, 10.15000000000000036 ) ;
#4249 = VECTOR ( 'NONE', #7967, 999.9999999999998863 ) ;
#4250 = CARTESIAN_POINT ( 'NONE',  ( -25.99999999999999289, 53.27857453684310229, -25.00000000000000000 ) ) ;
#4251 = CARTESIAN_POINT ( 'NONE',  ( -21.54999999999981952, -3.738329090729988365E-14, -2.000000000000000000 ) ) ;
#4252 = AXIS2_PLACEMENT_3D ( 'NONE', #433, #1841, #2468 ) ;
#4253 = ORIENTED_EDGE ( 'NONE', *, *, #6961, .F. ) ;
#4254 = ORIENTED_EDGE ( 'NONE', *, *, #7675, .F. ) ;
#4255 = FACE_OUTER_BOUND ( 'NONE', #9131, .T. ) ;
#4256 = DIRECTION ( 'NONE',  ( 1.000000000000000000, 0.000000000000000000, 0.000000000000000000 ) ) ;
#4257 = CARTESIAN_POINT ( 'NONE',  ( 12.08688103937515734, 96.44000000000002615, -19.77189238011338546 ) ) ;
#4258 = ORIENTED_EDGE ( 'NONE', *, *, #5034, .F. ) ;
#4259 = CIRCLE ( 'NONE', #2759, 2.149999999999999023 ) ;
#4260 = VECTOR ( 'NONE', #7020, 1000.000000000000000 ) ;
#4261 = FACE_OUTER_BOUND ( 'NONE', #4179, .T. ) ;
#4262 = ORIENTED_EDGE ( 'NONE', *, *, #328, .T. ) ;
#4263 = EDGE_LOOP ( 'NONE', ( #4058, #4088, #616, #661 ) ) ;
#4264 = CARTESIAN_POINT ( 'NONE',  ( -25.28864943230716733, 105.1399817386820530, -13.41912122401527263 ) ) ;
#4265 = AXIS2_PLACEMENT_3D ( 'NONE', #5625, #7074, #33 ) ;
#4266 = CARTESIAN_POINT ( 'NONE',  ( -23.99999999999999645, 12.50000000000001066, -22.65000000000001634 ) ) ;
#4267 = CARTESIAN_POINT ( 'NONE',  ( 27.99999999999998934, 1.689189189189192808, -18.77505933142119687 ) ) ;
#4268 = CARTESIAN_POINT ( 'NONE',  ( -22.99999999999999645, 12.50000000000001066, -12.50000000000000000 ) ) ;
#4269 = DIRECTION ( 'NONE',  ( 1.000000000000000000, 1.734723475976807292E-15, -0.000000000000000000 ) ) ;
#4270 = DIRECTION ( 'NONE',  ( -1.000000000000000000, 0.000000000000000000, 0.000000000000000000 ) ) ;
#4271 = EDGE_LOOP ( 'NONE', ( #1103, #4712, #5765, #4563 ) ) ;
#4272 = EDGE_CURVE ( 'NONE', #6867, #1303, #2939, .T. ) ;
#4273 = DIRECTION ( 'NONE',  ( 1.000000000000000000, 0.000000000000000000, 0.000000000000000000 ) ) ;
#4274 = EDGE_CURVE ( 'NONE', #7814, #6637, #3403, .T. ) ;
#4275 = CARTESIAN_POINT ( 'NONE',  ( -27.99999999999999645, 0.7010300192833449628, -8.370472325557665627 ) ) ;
#4276 = EDGE_LOOP ( 'NONE', ( #5896, #3212, #662, #4791 ) ) ;
#4277 = DIRECTION ( 'NONE',  ( -1.000000000000000000, -1.892425610156517122E-16, -0.000000000000000000 ) ) ;
#4278 = DIRECTION ( 'NONE',  ( 0.000000000000000000, -1.000000000000000000, 0.000000000000000000 ) ) ;
#4279 = VECTOR ( 'NONE', #5117, 1000.000000000000000 ) ;
#4280 = AXIS2_PLACEMENT_3D ( 'NONE', #9058, #2635, #5547 ) ;
#4281 = CARTESIAN_POINT ( 'NONE',  ( -27.99999999999999289, 1.689189189189187479, -18.77505933142118622 ) ) ;
#4282 = ORIENTED_EDGE ( 'NONE', *, *, #2323, .F. ) ;
#4283 = ORIENTED_EDGE ( 'NONE', *, *, #492, .T. ) ;
#4284 = VERTEX_POINT ( 'NONE', #488 ) ;
#4285 = ORIENTED_EDGE ( 'NONE', *, *, #9029, .F. ) ;
#4286 = EDGE_CURVE ( 'NONE', #136, #4656, #7016, .T. ) ;
#4287 = AXIS2_PLACEMENT_3D ( 'NONE', #9289, #5728, #646 ) ;
#4288 = EDGE_CURVE ( 'NONE', #6152, #4907, #3357, .T. ) ;
#4289 = CIRCLE ( 'NONE', #5640, 2.000000000000001776 ) ;
#4290 = DIRECTION ( 'NONE',  ( -1.000000000000000000, -9.912705577010326782E-17, 0.000000000000000000 ) ) ;
#4291 = CARTESIAN_POINT ( 'NONE',  ( 23.54999999999998295, 113.9403061905773598, -21.59999999999999787 ) ) ;
#4292 = CARTESIAN_POINT ( 'NONE',  ( -17.98768373480796257, 67.14209179641811431, -2.000000000000001776 ) ) ;
#4293 = CARTESIAN_POINT ( 'NONE',  ( 23.53940693477579060, 115.3554837172138718, -23.22584019171940639 ) ) ;
#4294 = VERTEX_POINT ( 'NONE', #9078 ) ;
#4295 = CARTESIAN_POINT ( 'NONE',  ( -28.25000000000000000, 102.3196380149609155, -23.00000000000000000 ) ) ;
#4296 = CIRCLE ( 'NONE', #7895, 10.00000000000000000 ) ;
#4297 = CARTESIAN_POINT ( 'NONE',  ( -17.98768373480796257, 67.14209179641811431, -128.1790850899541852 ) ) ;
#4298 = CARTESIAN_POINT ( 'NONE',  ( -23.62097632411955317, 108.0844155463808818, -16.42516541780151940 ) ) ;
#4299 = EDGE_CURVE ( 'NONE', #7127, #8695, #1281, .T. ) ;
#4300 = ORIENTED_EDGE ( 'NONE', *, *, #4474, .T. ) ;
#4301 = VERTEX_POINT ( 'NONE', #1853 ) ;
#4302 = DIRECTION ( 'NONE',  ( 1.000000000000000000, -3.469446951953614189E-15, 0.000000000000000000 ) ) ;
#4303 = VECTOR ( 'NONE', #5715, 1000.000000000000000 ) ;
#4304 = FACE_OUTER_BOUND ( 'NONE', #5720, .T. ) ;
#4305 = DIRECTION ( 'NONE',  ( 1.000000000000000000, -1.898094922533725623E-16, 0.000000000000000000 ) ) ;
#4306 = CARTESIAN_POINT ( 'NONE',  ( -23.00000000000000000, 44.61832049899870611, 0.000000000000000000 ) ) ;
#4307 = EDGE_LOOP ( 'NONE', ( #5875, #3408, #1568, #59 ) ) ;
#4308 = FACE_OUTER_BOUND ( 'NONE', #630, .T. ) ;
#4309 = CARTESIAN_POINT ( 'NONE',  ( 5.663118960624426101, 80.80934643409020168, -15.65739561406607372 ) ) ;
#4310 = ORIENTED_EDGE ( 'NONE', *, *, #6574, .F. ) ;
#4311 = CIRCLE ( 'NONE', #264, 0.8999999999999980238 ) ;
#4312 = VERTEX_POINT ( 'NONE', #624 ) ;
#4313 = CARTESIAN_POINT ( 'NONE',  ( -23.69553089649234323, 107.7272519066232519, -12.59489793040271088 ) ) ;
#4314 = DIRECTION ( 'NONE',  ( -1.000000000000000000, 1.541976423090495387E-16, 0.000000000000000000 ) ) ;
#4315 = AXIS2_PLACEMENT_3D ( 'NONE', #5873, #1547, #5967 ) ;
#4316 = CARTESIAN_POINT ( 'NONE',  ( -2.163118960624837328, 80.80934643409020168, -13.11449676604731174 ) ) ;
#4317 = CARTESIAN_POINT ( 'NONE',  ( -30.00000000000000000, 35.00000000000000000, -2.000000000000001776 ) ) ;
#4318 = PLANE ( 'NONE',  #4691 ) ;
#4319 = DIRECTION ( 'NONE',  ( 0.8660254037844397068, 0.4999999999999979461, -0.000000000000000000 ) ) ;
#4320 = ORIENTED_EDGE ( 'NONE', *, *, #8341, .F. ) ;
#4321 = ORIENTED_EDGE ( 'NONE', *, *, #7044, .F. ) ;
#4322 = CIRCLE ( 'NONE', #882, 1.000000000000000000 ) ;
#4323 = FACE_OUTER_BOUND ( 'NONE', #9270, .T. ) ;
#4324 = EDGE_CURVE ( 'NONE', #4199, #7056, #2034, .T. ) ;
#4325 = DIRECTION ( 'NONE',  ( 1.000000000000000000, -0.000000000000000000, -0.000000000000000000 ) ) ;
#4326 = EDGE_CURVE ( 'NONE', #4033, #2874, #5637, .T. ) ;
#4327 = ORIENTED_EDGE ( 'NONE', *, *, #1883, .F. ) ;
#4328 = CARTESIAN_POINT ( 'NONE',  ( -26.99999999999998934, 55.01062534441197727, -23.00000000000000000 ) ) ;
#4329 = CARTESIAN_POINT ( 'NONE',  ( -29.99999999999999645, 1.999999999999998224, -12.50000000000000000 ) ) ;
#4330 = ORIENTED_EDGE ( 'NONE', *, *, #3502, .F. ) ;
#4331 = EDGE_LOOP ( 'NONE', ( #7085, #4095, #8100, #5239 ) ) ;
#4332 = VERTEX_POINT ( 'NONE', #8470 ) ;
#4333 = ORIENTED_EDGE ( 'NONE', *, *, #8917, .F. ) ;
#4334 = EDGE_CURVE ( 'NONE', #8141, #9236, #6542, .T. ) ;
#4335 = CIRCLE ( 'NONE', #889, 0.8999999999999998002 ) ;
#4336 = CARTESIAN_POINT ( 'NONE',  ( -14.98768373480797500, 61.94593937371147518, -23.00000000000000000 ) ) ;
#4337 = CARTESIAN_POINT ( 'NONE',  ( 23.00000000000000000, 44.61832049899870611, -24.99999999999999289 ) ) ;
#4338 = EDGE_CURVE ( 'NONE', #3610, #9244, #9108, .T. ) ;
#4339 = CARTESIAN_POINT ( 'NONE',  ( -26.00000000000000000, 20.50000000000002132, -12.50000000000000000 ) ) ;
#4340 = ORIENTED_EDGE ( 'NONE', *, *, #5202, .T. ) ;
#4341 = FACE_OUTER_BOUND ( 'NONE', #1277, .T. ) ;
#4342 = EDGE_LOOP ( 'NONE', ( #3127, #1247 ) ) ;
#4343 = FACE_OUTER_BOUND ( 'NONE', #6846, .T. ) ;
#4344 = CARTESIAN_POINT ( 'NONE',  ( -28.55000000000000782, 108.9309918853871437, -25.00000000000000000 ) ) ;
#4345 = FACE_OUTER_BOUND ( 'NONE', #7940, .T. ) ;
#4346 = ADVANCED_FACE ( 'NONE', ( #2610 ), #1238, .F. ) ;
#4347 = ORIENTED_EDGE ( 'NONE', *, *, #8974, .F. ) ;
#4348 = ORIENTED_EDGE ( 'NONE', *, *, #3674, .F. ) ;
#4349 = CARTESIAN_POINT ( 'NONE',  ( -25.99999999999999645, 17.10685424949229372, -18.15685424949224469 ) ) ;
#4350 = AXIS2_PLACEMENT_3D ( 'NONE', #8997, #5437, #8294 ) ;
#4351 = DIRECTION ( 'NONE',  ( 1.000000000000000000, -1.541976423090495387E-16, 0.000000000000000000 ) ) ;
#4352 = CARTESIAN_POINT ( 'NONE',  ( -24.90000653653433460, 4.717543072425771200, -7.500000000000001776 ) ) ;
#4353 = VECTOR ( 'NONE', #4378, 1000.000000000000114 ) ;
#4354 = PLANE ( 'NONE',  #3249 ) ;
#4355 = CARTESIAN_POINT ( 'NONE',  ( -28.00000000000000000, 49.81447292170534524, -25.00000000000000000 ) ) ;
#4356 = VERTEX_POINT ( 'NONE', #4198 ) ;
#4357 = CARTESIAN_POINT ( 'NONE',  ( -27.99999999999999645, 49.81447292170534524, -25.00000000000000000 ) ) ;
#4358 = CARTESIAN_POINT ( 'NONE',  ( 24.00000000000000711, 12.49999999999987210, -20.49999999999977618 ) ) ;
#4359 = CARTESIAN_POINT ( 'NONE',  ( 26.00000000000000000, 13.82287565553228958, -25.00000000000000000 ) ) ;
#4360 = VECTOR ( 'NONE', #9128, 1000.000000000000000 ) ;
#4361 = ORIENTED_EDGE ( 'NONE', *, *, #2751, .T. ) ;
#4362 = VERTEX_POINT ( 'NONE', #445 ) ;
#4363 = CARTESIAN_POINT ( 'NONE',  ( -22.25000000000000000, 113.9403061905773598, -21.59999999999999787 ) ) ;
#4364 = ADVANCED_FACE ( 'NONE', ( #7062 ), #3314, .T. ) ;
#4365 = EDGE_CURVE ( 'NONE', #4033, #5329, #8331, .T. ) ;
#4366 = CARTESIAN_POINT ( 'NONE',  ( -16.57654914134644386, 96.44000000000002615, -2.755455298081540045E-15 ) ) ;
#4367 = VECTOR ( 'NONE', #169, 1000.000000000000000 ) ;
#4368 = AXIS2_PLACEMENT_3D ( 'NONE', #7429, #374, #6762 ) ;
#4369 = DIRECTION ( 'NONE',  ( -1.000000000000000000, 0.000000000000000000, 0.000000000000000000 ) ) ;
#4370 = FACE_OUTER_BOUND ( 'NONE', #1710, .T. ) ;
#4371 = CARTESIAN_POINT ( 'NONE',  ( -26.25000000000000355, 118.9400000000000119, -25.00000000000000000 ) ) ;
#4372 = DIRECTION ( 'NONE',  ( 1.613696256722601693E-15, -1.000000000000000000, 0.000000000000000000 ) ) ;
#4373 = ORIENTED_EDGE ( 'NONE', *, *, #6862, .F. ) ;
#4374 = EDGE_LOOP ( 'NONE', ( #2093, #209, #5912, #7321, #6857, #618 ) ) ;
#4375 = CIRCLE ( 'NONE', #8412, 2.149999999999999023 ) ;
#4376 = CARTESIAN_POINT ( 'NONE',  ( -24.79465332589544957, 4.602206381898135135, -17.51478235259947525 ) ) ;
#4377 = CC_DESIGN_APPROVAL ( #2125, ( #741 ) ) ;
#4378 = DIRECTION ( 'NONE',  ( 0.3090169943749468962, -1.053076637743355636E-16, 0.9510565162951537532 ) ) ;
#4379 = VERTEX_POINT ( 'NONE', #6924 ) ;
#4380 = DIRECTION ( 'NONE',  ( 0.4999999999999987232, 0.8660254037844393737, 0.000000000000000000 ) ) ;
#4381 = LINE ( 'NONE', #2399, #8492 ) ;
#4382 = ORIENTED_EDGE ( 'NONE', *, *, #8042, .F. ) ;
#4383 = ORIENTED_EDGE ( 'NONE', *, *, #4286, .T. ) ;
#4384 = ORIENTED_EDGE ( 'NONE', *, *, #4587, .F. ) ;
#4385 = DIRECTION ( 'NONE',  ( 1.000000000000000000, 0.000000000000000000, 0.000000000000000000 ) ) ;
#4386 = DIRECTION ( 'NONE',  ( -0.000000000000000000, 0.000000000000000000, 1.000000000000000000 ) ) ;
#4387 = EDGE_LOOP ( 'NONE', ( #8105, #9264, #8627, #1305 ) ) ;
#4388 = DIRECTION ( 'NONE',  ( -1.000000000000000000, -1.892425610156517122E-16, -0.000000000000000000 ) ) ;
#4389 = VERTEX_POINT ( 'NONE', #4057 ) ;
#4390 = CARTESIAN_POINT ( 'NONE',  ( -23.88430092267399019, 3.529349163940750600, -7.500000000000000000 ) ) ;
#4391 = LINE ( 'NONE', #3743, #3161 ) ;
#4392 = LINE ( 'NONE', #5107, #4249 ) ;
#4393 = ORIENTED_EDGE ( 'NONE', *, *, #7896, .F. ) ;
#4394 = ORIENTED_EDGE ( 'NONE', *, *, #2617, .F. ) ;
#4395 = ADVANCED_FACE ( 'NONE', ( #8664 ), #1521, .F. ) ;
#4396 = CARTESIAN_POINT ( 'NONE',  ( -8.586881039375560576, 96.44000000000002615, -9.000000000000001776 ) ) ;
#4397 = CARTESIAN_POINT ( 'NONE',  ( 29.99999999999999645, 18.35000000000001208, -12.50000000000000000 ) ) ;
#4398 = LINE ( 'NONE', #3750, #1639 ) ;
#4399 = VECTOR ( 'NONE', #8991, 1000.000000000000000 ) ;
#4400 = EDGE_CURVE ( 'NONE', #511, #7056, #7295, .T. ) ;
#4401 = LINE ( 'NONE', #6658, #7904 ) ;
#4402 = CARTESIAN_POINT ( 'NONE',  ( 28.00000000000000000, 12.50000000000001599, -12.50000000000000000 ) ) ;
#4403 = ORIENTED_EDGE ( 'NONE', *, *, #7956, .F. ) ;
#4404 = AXIS2_PLACEMENT_3D ( 'NONE', #6483, #5026, #7886 ) ;
#4405 = ADVANCED_FACE ( 'NONE', ( #7963 ), #7253, .F. ) ;
#4406 = DIRECTION ( 'NONE',  ( 0.000000000000000000, 1.000000000000000000, 0.000000000000000000 ) ) ;
#4407 = CARTESIAN_POINT ( 'NONE',  ( 10.27340178588798913, 58.89422863405996367, -25.00000000000000000 ) ) ;
#4408 = DIRECTION ( 'NONE',  ( 0.8660254037844405950, -0.4999999999999966138, 0.000000000000000000 ) ) ;
#4409 = ORIENTED_EDGE ( 'NONE', *, *, #8375, .F. ) ;
#4410 = ORIENTED_EDGE ( 'NONE', *, *, #6659, .F. ) ;
#4411 = AXIS2_PLACEMENT_3D ( 'NONE', #168, #5002, #18 ) ;
#4412 = CARTESIAN_POINT ( 'NONE',  ( -22.25000000000000000, 113.9403061905773455, -21.59999999999999787 ) ) ;
#4413 = EDGE_CURVE ( 'NONE', #7962, #3211, #3696, .T. ) ;
#4414 = CIRCLE ( 'NONE', #6057, 1.049999999999998934 ) ;
#4415 = LINE ( 'NONE', #3565, #3423 ) ;
#4416 = CARTESIAN_POINT ( 'NONE',  ( 18.25639375506120388, 93.35458668067252574, -2.000000000000000000 ) ) ;
#4417 = CARTESIAN_POINT ( 'NONE',  ( 26.25000000000000355, 102.3196380149609865, -23.00000000000000000 ) ) ;
#4418 = PLANE ( 'NONE',  #2359 ) ;
#4419 = CARTESIAN_POINT ( 'NONE',  ( -28.00000000000000000, 12.50000000000000888, -12.50000000000000000 ) ) ;
#4420 = ORIENTED_EDGE ( 'NONE', *, *, #4460, .T. ) ;
#4421 = VERTEX_POINT ( 'NONE', #166 ) ;
#4422 = EDGE_CURVE ( 'NONE', #4941, #5749, #4245, .T. ) ;
#4423 = DIRECTION ( 'NONE',  ( 1.000000000000000000, -1.734723475976807094E-15, 0.000000000000000000 ) ) ;
#4424 = CARTESIAN_POINT ( 'NONE',  ( -27.99999999999999645, 0.6572807176729866807, -8.500000000000000000 ) ) ;
#4425 = ORIENTED_EDGE ( 'NONE', *, *, #7614, .T. ) ;
#4426 = CARTESIAN_POINT ( 'NONE',  ( -37.75000000000000711, 113.9403061905773740, -6.699999999999990408 ) ) ;
#4427 = ORIENTED_EDGE ( 'NONE', *, *, #8791, .T. ) ;
#4428 = ORIENTED_EDGE ( 'NONE', *, *, #5265, .T. ) ;
#4429 = ORIENTED_EDGE ( 'NONE', *, *, #552, .F. ) ;
#4430 = CIRCLE ( 'NONE', #6683, 2.999999999999999112 ) ;
#4431 = DIRECTION ( 'NONE',  ( -1.000000000000000000, 0.000000000000000000, -0.000000000000000000 ) ) ;
#4432 = CIRCLE ( 'NONE', #5192, 2.000000000000000000 ) ;
#4433 = CARTESIAN_POINT ( 'NONE',  ( -3.500000000000209166, 80.80934643409020168, -9.000000000000001776 ) ) ;
#4434 = ORIENTED_EDGE ( 'NONE', *, *, #3038, .T. ) ;
#4435 = LINE ( 'NONE', #5052, #6980 ) ;
#4436 = VERTEX_POINT ( 'NONE', #7208 ) ;
#4437 = DIRECTION ( 'NONE',  ( -0.000000000000000000, 1.000000000000000000, -0.000000000000000000 ) ) ;
#4438 = DIRECTION ( 'NONE',  ( 0.000000000000000000, 0.000000000000000000, -1.000000000000000000 ) ) ;
#4439 = DIRECTION ( 'NONE',  ( -1.000000000000000000, 0.000000000000000000, -8.673617379884027583E-16 ) ) ;
#4440 =( BOUNDED_SURFACE ( )  B_SPLINE_SURFACE ( 3, 2, ( 
 ( #6772, #3166, #4619 ),
 ( #4532, #5889, #4492 ),
 ( #8145, #3908, #8760 ),
 ( #1703, #2328, #3826 ),
 ( #6031, #7478, #7524 ),
 ( #255, #5244, #4574 ),
 ( #8231, #8850, #5936 ),
 ( #6732, #917, #8807 ),
 ( #8892, #1747, #3122 ),
 ( #1042, #1620, #2375 ),
 ( #2466, #958, #8107 ),
 ( #5195, #1664, #2425 ),
 ( #8184, #342, #3786 ),
 ( #3206, #5289, #1000 ),
 ( #6070, #7396, #8059 ),
 ( #7353, #8934, #7437 ),
 ( #3867, #1086, #6688 ),
 ( #5983, #6645, #3950 ),
 ( #210, #297, #3077 ),
 ( #5330, #2510, #6815 ),
 ( #5374, #1791, #4665 ),
 ( #388, #8319, #7568 ) ),
 .UNSPECIFIED., .F., .F., .F. ) 
 B_SPLINE_SURFACE_WITH_KNOTS ( ( 4, 2, 2, 2, 2, 2, 2, 2, 2, 2, 4 ),
 ( 3, 3 ),
 ( -2.222757257753094011E-05, 0.001581738221975683995, 0.002383721119252291305, 0.003185704016528899049, 0.004789669811082114537, 0.006393635605635329157, 0.007997601400188543777, 0.009601567194741759265, 0.01040355009201836614, 0.01120553298929497302, 0.01280949878384818851 ),
 ( 0.000000000000000000, 1.000000000000000000 ),
 .UNSPECIFIED. ) 
 GEOMETRIC_REPRESENTATION_ITEM ( )  RATIONAL_B_SPLINE_SURFACE ( (
 ( 1.000000000000000000, 1.000000000000000000, 1.000000000000000000),
 ( 1.000000000000000000, 0.9999954732293350190, 1.000000000000000000),
 ( 1.000000000000000000, 0.9992946032396924361, 1.000000000000000000),
 ( 1.000000000000000000, 0.9975730854843792850, 1.000000000000000000),
 ( 1.000000000000000000, 0.9968862807437065543, 1.000000000000000000),
 ( 1.000000000000000000, 0.9953307840581345767, 1.000000000000000000),
 ( 1.000000000000000000, 0.9944607324385257296, 1.000000000000000000),
 ( 1.000000000000000000, 0.9916940993391646364, 1.000000000000000000),
 ( 1.000000000000000000, 0.9896289654897063581, 1.000000000000000000),
 ( 1.000000000000000000, 0.9853317000033336992, 1.000000000000000000),
 ( 1.000000000000000000, 0.9830804887626051203, 1.000000000000000000),
 ( 1.000000000000000000, 0.9787630796814282830, 1.000000000000000000),
 ( 1.000000000000000000, 0.9766720173038119235, 1.000000000000000000),
 ( 1.000000000000000000, 0.9729454111516941950, 1.000000000000000000),
 ( 1.000000000000000000, 0.9712912705131506730, 1.000000000000000000),
 ( 1.000000000000000000, 0.9692196463962824415, 1.000000000000000000),
 ( 1.000000000000000000, 0.9685999733953888358, 1.000000000000000000),
 ( 1.000000000000000000, 0.9675366647782043250, 1.000000000000000000),
 ( 1.000000000000000000, 0.9670887776517312906, 1.000000000000000000),
 ( 1.000000000000000000, 0.9660040063131523080, 1.000000000000000000),
 ( 1.000000000000000000, 0.9656251324128204416, 1.000000000000000000),
 ( 1.000000000000000000, 0.9656254099972886307, 1.000000000000000000) ) ) 
 REPRESENTATION_ITEM ( '' )  SURFACE ( )  );
#4441 = ORIENTED_EDGE ( 'NONE', *, *, #4217, .F. ) ;
#4442 = EDGE_LOOP ( 'NONE', ( #3443, #6703, #3199, #5335 ) ) ;
#4443 = AXIS2_PLACEMENT_3D ( 'NONE', #2138, #3689, #3637 ) ;
#4444 = VECTOR ( 'NONE', #4029, 1000.000000000000000 ) ;
#4445 = CIRCLE ( 'NONE', #5499, 2.000000000000000000 ) ;
#4446 = DIRECTION ( 'NONE',  ( 0.000000000000000000, 1.000000000000000000, -0.000000000000000000 ) ) ;
#4447 = CARTESIAN_POINT ( 'NONE',  ( 29.99999999999999645, 18.15685424949253957, -6.843145750507550140 ) ) ;
#4448 = AXIS2_PLACEMENT_3D ( 'NONE', #486, #1148, #939 ) ;
#4449 = VECTOR ( 'NONE', #7785, 1000.000000000000000 ) ;
#4451 = CARTESIAN_POINT ( 'NONE',  ( -29.67960346863937460, 3.414213562373080713, -24.91421356237309581 ) ) ;
#4450 = VECTOR ( 'NONE', #7421, 1000.000000000000000 ) ;
#4452 = EDGE_CURVE ( 'NONE', #1511, #7411, #7913, .T. ) ;
#4453 = EDGE_CURVE ( 'NONE', #4185, #7411, #9230, .T. ) ;
#4454 = LINE ( 'NONE', #6615, #5653 ) ;
#4455 = DIRECTION ( 'NONE',  ( 1.000000000000000000, 0.000000000000000000, 0.000000000000000000 ) ) ;
#4456 = EDGE_LOOP ( 'NONE', ( #7228, #6495, #8324, #3913, #1877 ) ) ;
#4457 = DIRECTION ( 'NONE',  ( -0.000000000000000000, 0.000000000000000000, 1.000000000000000000 ) ) ;
#4458 = CYLINDRICAL_SURFACE ( 'NONE', #2489, 2.999999999999999112 ) ;
#4459 = DIRECTION ( 'NONE',  ( 0.000000000000000000, -1.000000000000000000, 0.000000000000000000 ) ) ;
#4460 = EDGE_CURVE ( 'NONE', #4807, #897, #4435, .T. ) ;
#4461 = ORIENTED_EDGE ( 'NONE', *, *, #8917, .T. ) ;
#4462 = AXIS2_PLACEMENT_3D ( 'NONE', #7364, #5951, #2340 ) ;
#4463 = EDGE_CURVE ( 'NONE', #1120, #5935, #6088, .T. ) ;
#4464 = CARTESIAN_POINT ( 'NONE',  ( 24.00000000000002487, 12.50000000000000355, -12.50000000000000000 ) ) ;
#4465 = AXIS2_PLACEMENT_3D ( 'NONE', #8757, #8711, #6642 ) ;
#4466 = DIRECTION ( 'NONE',  ( 1.000000000000000000, 0.000000000000000000, 0.000000000000000000 ) ) ;
#4467 = CARTESIAN_POINT ( 'NONE',  ( -27.42157287525380127, 94.32466048530504565, 3.280037386760793574E-15 ) ) ;
#4468 = LINE ( 'NONE', #7333, #6904 ) ;
#4469 = VECTOR ( 'NONE', #399, 1000.000000000000000 ) ;
#4470 = CARTESIAN_POINT ( 'NONE',  ( -12.08688103937556590, 80.80934643409020168, -11.54289884801876198 ) ) ;
#4471 = DIRECTION ( 'NONE',  ( 0.000000000000000000, 1.000000000000000000, 0.000000000000000000 ) ) ;
#4472 = ORIENTED_EDGE ( 'NONE', *, *, #5969, .F. ) ;
#4473 = ORIENTED_EDGE ( 'NONE', *, *, #2239, .F. ) ;
#4474 = EDGE_CURVE ( 'NONE', #5582, #8141, #2618, .T. ) ;
#4475 = VECTOR ( 'NONE', #7133, 1000.000000000000000 ) ;
#4476 = CARTESIAN_POINT ( 'NONE',  ( -24.02454891429323069, 4.150895800250744117, -18.23006278464407615 ) ) ;
#4477 = ADVANCED_FACE ( 'NONE', ( #7820, #6411 ), #5103, .F. ) ;
#4478 = EDGE_CURVE ( 'NONE', #3563, #5041, #717, .T. ) ;
#4479 = EDGE_CURVE ( 'NONE', #6320, #3071, #8799, .T. ) ;
#4480 = CARTESIAN_POINT ( 'NONE',  ( -27.13699724128017010, 1.043560762610397541, -7.500000000000002665 ) ) ;
#4481 = EDGE_LOOP ( 'NONE', ( #2890, #3033 ) ) ;
#4482 = FACE_OUTER_BOUND ( 'NONE', #6571, .T. ) ;
#4483 = CIRCLE ( 'NONE', #5673, 2.000000000000000000 ) ;
#4484 = ORIENTED_EDGE ( 'NONE', *, *, #1178, .T. ) ;
#4485 = VERTEX_POINT ( 'NONE', #8614 ) ;
#4486 = ORIENTED_EDGE ( 'NONE', *, *, #2287, .T. ) ;
#4487 = ADVANCED_FACE ( 'NONE', ( #4341 ), #4440, .F. ) ;
#4488 = AXIS2_PLACEMENT_3D ( 'NONE', #3515, #4831, #7697 ) ;
#4489 = EDGE_CURVE ( 'NONE', #5044, #1601, #1886, .T. ) ;
#4490 = DIRECTION ( 'NONE',  ( 1.000000000000000000, 9.912705577010326782E-17, -0.000000000000000000 ) ) ;
#4491 = ORIENTED_EDGE ( 'NONE', *, *, #3108, .F. ) ;
#4492 = CARTESIAN_POINT ( 'NONE',  ( -29.99999999999999289, 4.373129173487709132, -19.48718474989275862 ) ) ;
#4493 = VERTEX_POINT ( 'NONE', #519 ) ;
#4494 = FACE_OUTER_BOUND ( 'NONE', #8491, .T. ) ;
#4495 = DIRECTION ( 'NONE',  ( -1.000000000000000000, -1.892425610156517122E-16, -0.000000000000000000 ) ) ;
#4496 = LINE ( 'NONE', #7357, #3061 ) ;
#4497 = ORIENTED_EDGE ( 'NONE', *, *, #4686, .F. ) ;
#4498 = ORIENTED_EDGE ( 'NONE', *, *, #9048, .F. ) ;
#4499 = DIRECTION ( 'NONE',  ( 0.000000000000000000, 0.000000000000000000, -1.000000000000000000 ) ) ;
#4500 = CYLINDRICAL_SURFACE ( 'NONE', #2083, 5.999999999999998224 ) ;
#4501 = DIRECTION ( 'NONE',  ( 1.000000000000000000, 9.912705577010326782E-17, -0.000000000000000000 ) ) ;
#4502 = CARTESIAN_POINT ( 'NONE',  ( -9.923762078750934634, 80.80934643409020168, -13.11449676604731174 ) ) ;
#4503 = DIRECTION ( 'NONE',  ( 0.000000000000000000, 1.000000000000000000, 0.000000000000000000 ) ) ;
#4504 = EDGE_LOOP ( 'NONE', ( #421, #685, #333, #4192 ) ) ;
#4505 = CARTESIAN_POINT ( 'NONE',  ( -11.26830527994895625, 71.48374507372808750, -25.00000000000000000 ) ) ;
#4506 = DIRECTION ( 'NONE',  ( -0.000000000000000000, 0.000000000000000000, -1.000000000000000000 ) ) ;
#4507 = VERTEX_POINT ( 'NONE', #4893 ) ;
#4508 = VECTOR ( 'NONE', #1306, 1000.000000000000000 ) ;
#4509 = CARTESIAN_POINT ( 'NONE',  ( -5.663118960624838216, 104.4400000000000261, -15.65739561406607727 ) ) ;
#4510 = CARTESIAN_POINT ( 'NONE',  ( -23.39412052663954711, 10.65835895549580670, -25.50000000000000355 ) ) ;
#4511 = EDGE_CURVE ( 'NONE', #4723, #574, #1595, .T. ) ;
#4512 = DIRECTION ( 'NONE',  ( 1.000000000000000000, -2.312964634635743450E-15, 0.000000000000000000 ) ) ;
#4513 = DIRECTION ( 'NONE',  ( 0.000000000000000000, -1.000000000000000000, 0.000000000000000000 ) ) ;
#4514 = CIRCLE ( 'NONE', #451, 4.999999999999999112 ) ;
#4515 = DIRECTION ( 'NONE',  ( 0.000000000000000000, -1.000000000000000000, 0.000000000000000000 ) ) ;
#4516 = CARTESIAN_POINT ( 'NONE',  ( 20.25000000000004263, 104.4400000000000261, -15.65739561406610747 ) ) ;
#4517 = VERTEX_POINT ( 'NONE', #1889 ) ;
#4518 = ORIENTED_EDGE ( 'NONE', *, *, #7444, .F. ) ;
#4519 = VECTOR ( 'NONE', #5224, 1000.000000000000000 ) ;
#4520 = CARTESIAN_POINT ( 'NONE',  ( 27.00000000000000000, 35.00000000000000000, -16.50000000000000000 ) ) ;
#4521 = ADVANCED_FACE ( 'NONE', ( #1935 ), #2555, .T. ) ;
#4522 = DIRECTION ( 'NONE',  ( 1.000000000000000000, -1.541976423090495387E-16, -0.000000000000000000 ) ) ;
#4523 = AXIS2_PLACEMENT_3D ( 'NONE', #5795, #2186, #3075 ) ;
#4524 = ORIENTED_EDGE ( 'NONE', *, *, #6750, .T. ) ;
#4525 = CARTESIAN_POINT ( 'NONE',  ( 24.00000000000000711, 17.10685424949230438, -18.15685424949224469 ) ) ;
#4526 = EDGE_CURVE ( 'NONE', #4575, #4860, #7710, .T. ) ;
#4527 = ORIENTED_EDGE ( 'NONE', *, *, #6534, .F. ) ;
#4528 = ORIENTED_EDGE ( 'NONE', *, *, #8454, .T. ) ;
#4529 = CARTESIAN_POINT ( 'NONE',  ( 20.25000000000000000, 98.44000000000002615, 0.000000000000000000 ) ) ;
#4530 = CARTESIAN_POINT ( 'NONE',  ( -26.00000000000000000, 16.00685424949254809, -6.843145750507550140 ) ) ;
#4531 = VERTEX_POINT ( 'NONE', #3256 ) ;
#4532 = CARTESIAN_POINT ( 'NONE',  ( -29.99999999999999289, 4.282671997161800803, -19.24075549472537361 ) ) ;
#4533 = ORIENTED_EDGE ( 'NONE', *, *, #3799, .T. ) ;
#4534 = CARTESIAN_POINT ( 'NONE',  ( -17.98768373480796257, 67.14209179641811431, -25.00000000000000000 ) ) ;
#4535 = FACE_OUTER_BOUND ( 'NONE', #4747, .T. ) ;
#4536 = FACE_OUTER_BOUND ( 'NONE', #4640, .T. ) ;
#4537 = EDGE_CURVE ( 'NONE', #5650, #5358, #4289, .T. ) ;
#4538 = ORIENTED_EDGE ( 'NONE', *, *, #996, .T. ) ;
#4539 = ORIENTED_EDGE ( 'NONE', *, *, #1744, .T. ) ;
#4540 = EDGE_CURVE ( 'NONE', #7300, #2505, #2735, .T. ) ;
#4541 = DIRECTION ( 'NONE',  ( -1.000000000000000000, -1.892425610156517122E-16, -0.000000000000000000 ) ) ;
#4542 = CYLINDRICAL_SURFACE ( 'NONE', #2363, 5.000000000000000888 ) ;
#4543 = DIRECTION ( 'NONE',  ( -0.000000000000000000, 1.000000000000000000, -0.000000000000000000 ) ) ;
#4544 = ORIENTED_EDGE ( 'NONE', *, *, #2149, .T. ) ;
#4545 = DIRECTION ( 'NONE',  ( 0.000000000000000000, 1.000000000000000000, 0.000000000000000000 ) ) ;
#4546 = DIRECTION ( 'NONE',  ( -0.000000000000000000, 1.000000000000000000, -0.000000000000000000 ) ) ;
#4547 = ORIENTED_EDGE ( 'NONE', *, *, #3271, .F. ) ;
#4548 = LINE ( 'NONE', #8207, #1786 ) ;
#4549 = AXIS2_PLACEMENT_3D ( 'NONE', #3012, #4269, #95 ) ;
#4550 = AXIS2_PLACEMENT_3D ( 'NONE', #346, #301, #1752 ) ;
#4551 = DIRECTION ( 'NONE',  ( -0.000000000000000000, -1.000000000000000000, -0.000000000000000000 ) ) ;
#4552 = CARTESIAN_POINT ( 'NONE',  ( -27.99999999999999645, 1.043560762610397097, -8.500000000000000000 ) ) ;
#4553 = PLANE ( 'NONE',  #4889 ) ;
#4554 = CARTESIAN_POINT ( 'NONE',  ( 23.62097632411954606, 108.0844155463809813, -12.77483458219852253 ) ) ;
#4555 = CARTESIAN_POINT ( 'NONE',  ( 23.54999999999999361, 108.9309918853872148, -31.68941159757722303 ) ) ;
#4556 = VERTEX_POINT ( 'NONE', #1271 ) ;
#4557 = VECTOR ( 'NONE', #5702, 1000.000000000000000 ) ;
#4558 = EDGE_CURVE ( 'NONE', #8695, #165, #5403, .T. ) ;
#4559 = CARTESIAN_POINT ( 'NONE',  ( -15.58688103937556235, 104.4400000000000261, -9.000000000000000000 ) ) ;
#4560 = CARTESIAN_POINT ( 'NONE',  ( 22.24999999999998579, 113.9403061905773740, -7.599999999999997868 ) ) ;
#4561 = DIRECTION ( 'NONE',  ( 1.000000000000000000, 0.000000000000000000, 0.000000000000000000 ) ) ;
#4562 = ADVANCED_FACE ( 'NONE', ( #6119 ), #7667, .F. ) ;
#4563 = ORIENTED_EDGE ( 'NONE', *, *, #3200, .F. ) ;
#4564 = FACE_OUTER_BOUND ( 'NONE', #881, .T. ) ;
#4565 = VECTOR ( 'NONE', #5215, 1000.000000000000000 ) ;
#4566 = ORIENTED_EDGE ( 'NONE', *, *, #2270, .T. ) ;
#4567 = ORIENTED_EDGE ( 'NONE', *, *, #1858, .F. ) ;
#4568 = ADVANCED_FACE ( 'NONE', ( #4043 ), #7297, .T. ) ;
#4569 = CIRCLE ( 'NONE', #5022, 2.000000000000001332 ) ;
#4570 = CARTESIAN_POINT ( 'NONE',  ( -24.00000000000001066, 12.50000000000001066, -12.50000000000000000 ) ) ;
#4571 =( BOUNDED_CURVE ( )  B_SPLINE_CURVE ( 3, ( #2295, #5160, #1580, #779 ),
 .UNSPECIFIED., .F., .F. ) 
 B_SPLINE_CURVE_WITH_KNOTS ( ( 4, 4 ),
 ( 0.000000000000000000, 1.047197551196595633 ),
 .UNSPECIFIED. ) 
 CURVE ( )  GEOMETRIC_REPRESENTATION_ITEM ( )  RATIONAL_B_SPLINE_CURVE ( ( 1.000000000000000000, 0.9106836025229594345, 0.9106836025229594345, 1.000000000000000000 ) ) 
 REPRESENTATION_ITEM ( '' )  );
#4572 = DIRECTION ( 'NONE',  ( 0.5427066596637477591, -0.8399223068573765660, 0.000000000000000000 ) ) ;
#4573 = VERTEX_POINT ( 'NONE', #7620 ) ;
#4574 = CARTESIAN_POINT ( 'NONE',  ( -29.90105210952443215, 3.875403594782242944, -20.16475857594785737 ) ) ;
#4575 = VERTEX_POINT ( 'NONE', #2597 ) ;
#4576 = LINE ( 'NONE', #1749, #2606 ) ;
#4577 = SPHERICAL_SURFACE ( 'NONE', #1960, 2.000000000000000000 ) ;
#4578 = CARTESIAN_POINT ( 'NONE',  ( -25.99999999999999645, 53.27857453684310940, 0.000000000000000000 ) ) ;
#4579 = ORIENTED_EDGE ( 'NONE', *, *, #5327, .T. ) ;
#4581 = ADVANCED_FACE ( 'NONE', ( #8272, #5467 ), #1839, .F. ) ;
#4580 = EDGE_LOOP ( 'NONE', ( #7285, #7465, #4425, #1942 ) ) ;
#4582 = ORIENTED_EDGE ( 'NONE', *, *, #8293, .T. ) ;
#4583 = EDGE_CURVE ( 'NONE', #187, #4185, #1227, .T. ) ;
#4584 = VECTOR ( 'NONE', #2947, 1000.000000000000000 ) ;
#4585 = CARTESIAN_POINT ( 'NONE',  ( -9.923762078750947069, 96.44000000000002615, -13.11449676604731174 ) ) ;
#4586 = CARTESIAN_POINT ( 'NONE',  ( -25.99999999999999645, 19.45000000000000284, -12.50000000000000000 ) ) ;
#4587 = EDGE_CURVE ( 'NONE', #5245, #833, #3100, .T. ) ;
#4588 = CARTESIAN_POINT ( 'NONE',  ( -27.00000000000000000, 12.50000000000000888, -12.50000000000000000 ) ) ;
#4589 = VERTEX_POINT ( 'NONE', #6868 ) ;
#4590 = DIRECTION ( 'NONE',  ( 0.000000000000000000, -1.000000000000000000, 0.000000000000000000 ) ) ;
#4591 = DIRECTION ( 'NONE',  ( 0.000000000000000000, 1.000000000000000000, -0.000000000000000000 ) ) ;
#4592 = DIRECTION ( 'NONE',  ( -0.5427066596637479812, -0.8399223068573764550, 0.000000000000000000 ) ) ;
#4593 = VECTOR ( 'NONE', #1472, 1000.000000000000114 ) ;
#4594 = ORIENTED_EDGE ( 'NONE', *, *, #3536, .T. ) ;
#4595 = AXIS2_PLACEMENT_3D ( 'NONE', #3114, #991, #3858 ) ;
#4596 = DIRECTION ( 'NONE',  ( 1.000000000000000000, -1.541976423090495387E-16, -0.000000000000000000 ) ) ;
#4597 = TOROIDAL_SURFACE ( 'NONE', #8190, 6.000000000000000888, 1.000000000000000000 ) ;
#4598 = CIRCLE ( 'NONE', #4890, 4.000000000000000000 ) ;
#4599 = DIRECTION ( 'NONE',  ( 1.000000000000000000, 0.000000000000000000, 0.000000000000000000 ) ) ;
#4600 = CARTESIAN_POINT ( 'NONE',  ( -21.49999999999998934, 52.41254913305866836, -25.00000000000000000 ) ) ;
#4601 = CARTESIAN_POINT ( 'NONE',  ( 23.69510612946850614, 107.7289358119194134, -12.59553363237052892 ) ) ;
#4602 = FACE_OUTER_BOUND ( 'NONE', #1522, .T. ) ;
#4603 = EDGE_LOOP ( 'NONE', ( #8151, #7240, #612, #8189 ) ) ;
#4604 = DIRECTION ( 'NONE',  ( 0.000000000000000000, 0.000000000000000000, 1.000000000000000000 ) ) ;
#4605 = VECTOR ( 'NONE', #5298, 1000.000000000000000 ) ;
#4606 = CARTESIAN_POINT ( 'NONE',  ( 29.34791091760311943, 11.80057198042904787, -25.49999999999999645 ) ) ;
#4607 = FACE_BOUND ( 'NONE', #7483, .T. ) ;
#4608 = ORIENTED_EDGE ( 'NONE', *, *, #4558, .T. ) ;
#4609 = CARTESIAN_POINT ( 'NONE',  ( -23.25759107883151700, 14.50863127347226467, -1.782642890053768303 ) ) ;
#4610 = VERTEX_POINT ( 'NONE', #431 ) ;
#4611 = ORIENTED_EDGE ( 'NONE', *, *, #336, .F. ) ;
#4612 = AXIS2_PLACEMENT_3D ( 'NONE', #6177, #3216, #7449 ) ;
#4613 = EDGE_CURVE ( 'NONE', #2834, #4892, #1183, .T. ) ;
#4614 = VECTOR ( 'NONE', #7186, 1000.000000000000000 ) ;
#4615 = EDGE_CURVE ( 'NONE', #7855, #5603, #247, .T. ) ;
#4616 = DIRECTION ( 'NONE',  ( 0.3090169943749482839, 0.000000000000000000, 0.9510565162951533091 ) ) ;
#4617 = CARTESIAN_POINT ( 'NONE',  ( -23.55000000000001492, 111.7903061905773541, -21.59999999999999787 ) ) ;
#4618 = ORIENTED_EDGE ( 'NONE', *, *, #5662, .T. ) ;
#4619 = CARTESIAN_POINT ( 'NONE',  ( -29.99999999999999289, 4.500000000000002665, -19.30073525436772641 ) ) ;
#4620 = ORIENTED_EDGE ( 'NONE', *, *, #8551, .F. ) ;
#4621 = LINE ( 'NONE', #6870, #7546 ) ;
#4622 = EDGE_CURVE ( 'NONE', #8001, #8011, #7327, .T. ) ;
#4623 = FACE_OUTER_BOUND ( 'NONE', #8701, .T. ) ;
#4624 = CARTESIAN_POINT ( 'NONE',  ( 25.99999999999999645, 18.15685424949253957, -6.843145750507550140 ) ) ;
#4625 = ORIENTED_EDGE ( 'NONE', *, *, #8539, .F. ) ;
#4627 = ADVANCED_FACE ( 'NONE', ( #9204 ), #4942, .T. ) ;
#4626 = ORIENTED_EDGE ( 'NONE', *, *, #1541, .F. ) ;
#4628 = EDGE_LOOP ( 'NONE', ( #6038, #6272, #8292, #7803, #7964, #6459 ) ) ;
#4629 = VECTOR ( 'NONE', #5498, 1000.000000000000114 ) ;
#4630 = DIRECTION ( 'NONE',  ( 0.3090169943749482839, 1.053076637743355143E-16, -0.9510565162951533091 ) ) ;
#4631 = CARTESIAN_POINT ( 'NONE',  ( -17.00000000000000000, 44.61832049899870611, -22.00000000000000355 ) ) ;
#4632 = DIRECTION ( 'NONE',  ( 0.000000000000000000, -1.000000000000000000, 0.000000000000000000 ) ) ;
#4633 = VERTEX_POINT ( 'NONE', #9251 ) ;
#4634 = DIRECTION ( 'NONE',  ( -1.000000000000000000, -1.892425610156517122E-16, -0.000000000000000000 ) ) ;
#4635 = ADVANCED_FACE ( 'NONE', ( #7899 ), #7095, .T. ) ;
#4636 = VECTOR ( 'NONE', #2714, 1000.000000000000000 ) ;
#4637 = DIRECTION ( 'NONE',  ( -1.734723475976807292E-15, 1.000000000000000000, -0.000000000000000000 ) ) ;
#4638 = LINE ( 'NONE', #3273, #7271 ) ;
#4639 = EDGE_CURVE ( 'NONE', #7825, #1202, #4445, .T. ) ;
#4640 = EDGE_LOOP ( 'NONE', ( #2841, #2845, #68, #6677 ) ) ;
#4641 = ORIENTED_EDGE ( 'NONE', *, *, #8828, .T. ) ;
#4642 = CARTESIAN_POINT ( 'NONE',  ( 23.23947308506739517, 12.50000000002745537, -23.41052691493263893 ) ) ;
#4643 = CIRCLE ( 'NONE', #5838, 12.50000000000000178 ) ;
#4644 = CARTESIAN_POINT ( 'NONE',  ( -23.60796373744318188, 11.01867872623525457, -25.50000000000000355 ) ) ;
#4645 = DIRECTION ( 'NONE',  ( 1.000000000000000000, 0.000000000000000000, 0.000000000000000000 ) ) ;
#4646 = DIRECTION ( 'NONE',  ( 1.000000000000000000, 0.000000000000000000, 0.000000000000000000 ) ) ;
#4647 = DIRECTION ( 'NONE',  ( 0.000000000000000000, 0.000000000000000000, -1.000000000000000000 ) ) ;
#4648 = AXIS2_PLACEMENT_3D ( 'NONE', #4412, #1589, #3612 ) ;
#4649 = ORIENTED_EDGE ( 'NONE', *, *, #2774, .T. ) ;
#4650 = ADVANCED_FACE ( 'NONE', ( #1459 ), #2272, .F. ) ;
#4651 = EDGE_CURVE ( 'NONE', #3083, #814, #3628, .T. ) ;
#4652 = CARTESIAN_POINT ( 'NONE',  ( -27.99999999999999645, 35.00000000000000000, -23.00000000000000000 ) ) ;
#4653 = CIRCLE ( 'NONE', #2554, 1.999999999999998224 ) ;
#4654 = DIRECTION ( 'NONE',  ( -1.000000000000000000, -9.912705577010326782E-17, 0.000000000000000000 ) ) ;
#4655 = DIRECTION ( 'NONE',  ( 1.000000000000000000, 0.000000000000000000, 0.000000000000000000 ) ) ;
#4656 = VERTEX_POINT ( 'NONE', #5 ) ;
#4657 = LINE ( 'NONE', #6903, #8045 ) ;
#4658 = AXIS2_PLACEMENT_3D ( 'NONE', #5663, #2090, #7065 ) ;
#4659 = VERTEX_POINT ( 'NONE', #5037 ) ;
#4660 = CARTESIAN_POINT ( 'NONE',  ( 58.00000000000002132, 13.54999999999987992, -20.49999999999977618 ) ) ;
#4661 = VECTOR ( 'NONE', #1423, 1000.000000000000000 ) ;
#4662 = LINE ( 'NONE', #6166, #7502 ) ;
#4663 = COORDINATED_UNIVERSAL_TIME_OFFSET ( 8, 0, .AHEAD. ) ;
#4664 = ORIENTED_EDGE ( 'NONE', *, *, #4746, .T. ) ;
#4665 = CARTESIAN_POINT ( 'NONE',  ( -28.13543178498592923, 2.499999999999976907, -21.78708781074870515 ) ) ;
#4666 = CARTESIAN_POINT ( 'NONE',  ( 29.97177438684034456, 4.100921173450909230, -19.86918919900770319 ) ) ;
#4667 = DIRECTION ( 'NONE',  ( -1.000000000000000000, 0.000000000000000000, 0.000000000000000000 ) ) ;
#4668 = CARTESIAN_POINT ( 'NONE',  ( -30.00000000000000000, 18.15685424949254667, -6.843145750507550140 ) ) ;
#4669 = ADVANCED_FACE ( 'NONE', ( #7949 ), #7241, .T. ) ;
#4670 = DIRECTION ( 'NONE',  ( 9.912705577010326782E-17, -1.000000000000000000, 0.000000000000000000 ) ) ;
#4671 = ORIENTED_EDGE ( 'NONE', *, *, #1063, .F. ) ;
#4672 = ORIENTED_EDGE ( 'NONE', *, *, #6488, .T. ) ;
#4673 = ORIENTED_EDGE ( 'NONE', *, *, #4526, .T. ) ;
#4674 = LOCAL_TIME ( 16, 49, 59.00000000000000000, #1321 ) ;
#4675 = FACE_OUTER_BOUND ( 'NONE', #9004, .T. ) ;
#4676 = CYLINDRICAL_SURFACE ( 'NONE', #6562, 2.150000000000012790 ) ;
#4677 = FACE_OUTER_BOUND ( 'NONE', #1812, .T. ) ;
#4678 = VERTEX_POINT ( 'NONE', #1413 ) ;
#4679 = CARTESIAN_POINT ( 'NONE',  ( 23.07803131747156300, 9.880011014234954203, -25.49999999999998934 ) ) ;
#4680 = DIRECTION ( 'NONE',  ( -1.000000000000000000, -9.912705577010326782E-17, 0.000000000000000000 ) ) ;
#4681 = CARTESIAN_POINT ( 'NONE',  ( -23.55000000000001492, 112.3085893033692741, -23.00000000000000000 ) ) ;
#4682 = VERTEX_POINT ( 'NONE', #6447 ) ;
#4683 = EDGE_CURVE ( 'NONE', #4949, #3084, #3697, .T. ) ;
#4684 =( BOUNDED_CURVE ( )  B_SPLINE_CURVE ( 3, ( #5376, #1044, #2427, #8936 ),
 .UNSPECIFIED., .F., .F. ) 
 B_SPLINE_CURVE_WITH_KNOTS ( ( 4, 4 ),
 ( 4.712388980384687898, 6.283185307179586232 ),
 .UNSPECIFIED. ) 
 CURVE ( )  GEOMETRIC_REPRESENTATION_ITEM ( )  RATIONAL_B_SPLINE_CURVE ( ( 1.000000000000000000, 0.8047378541243646044, 0.8047378541243646044, 1.000000000000000000 ) ) 
 REPRESENTATION_ITEM ( '' )  );
#4685 = DIRECTION ( 'NONE',  ( -0.000000000000000000, 0.000000000000000000, 1.000000000000000000 ) ) ;
#4686 = EDGE_CURVE ( 'NONE', #814, #496, #840, .T. ) ;
#4687 = CARTESIAN_POINT ( 'NONE',  ( 23.19813434813663733, 15.39056328323689549, -23.09287738967786652 ) ) ;
#4688 = CARTESIAN_POINT ( 'NONE',  ( 25.99999999999999645, 18.15685424949253957, -6.843145750507550140 ) ) ;
#4689 = LINE ( 'NONE', #6054, #5970 ) ;
#4690 = ORIENTED_EDGE ( 'NONE', *, *, #52, .T. ) ;
#4691 = AXIS2_PLACEMENT_3D ( 'NONE', #2910, #7334, #7135 ) ;
#4692 = EDGE_CURVE ( 'NONE', #3817, #2913, #6391, .T. ) ;
#4693 = LINE ( 'NONE', #3897, #2382 ) ;
#4694 = CYLINDRICAL_SURFACE ( 'NONE', #1602, 1.049999999999998934 ) ;
#4695 = CARTESIAN_POINT ( 'NONE',  ( 20.24999999999995737, 104.4400000000000261, -15.65739561406607372 ) ) ;
#4696 = PLANE ( 'NONE',  #3947 ) ;
#4697 = ORIENTED_EDGE ( 'NONE', *, *, #5024, .F. ) ;
#4698 = DIRECTION ( 'NONE',  ( 0.000000000000000000, -1.000000000000000000, 0.000000000000000000 ) ) ;
#4699 = EDGE_CURVE ( 'NONE', #7912, #6090, #1365, .T. ) ;
#4700 = CIRCLE ( 'NONE', #9187, 2.150000000000012790 ) ;
#4701 = VERTEX_POINT ( 'NONE', #658 ) ;
#4702 = CARTESIAN_POINT ( 'NONE',  ( 23.54999999999999361, 108.9309918853872148, -2.000000000000001776 ) ) ;
#4703 = CIRCLE ( 'NONE', #3507, 1.049999999999998934 ) ;
#4704 = CARTESIAN_POINT ( 'NONE',  ( 29.93718902153867489, 3.998583519050064261, -20.00232800805687106 ) ) ;
#4705 = DIRECTION ( 'NONE',  ( -0.8399223068573765660, -0.5427066596637477591, 0.000000000000000000 ) ) ;
#4706 = ORIENTED_EDGE ( 'NONE', *, *, #3944, .F. ) ;
#4707 = DIRECTION ( 'NONE',  ( -1.000000000000000000, -1.734723475976807292E-15, 8.787991997524760300E-17 ) ) ;
#4708 = VERTEX_POINT ( 'NONE', #6492 ) ;
#4709 = DIRECTION ( 'NONE',  ( 1.000000000000000000, -1.541976423090495387E-16, 0.000000000000000000 ) ) ;
#4710 = CARTESIAN_POINT ( 'NONE',  ( 11.58728778948666438, 2.500000000000000000, -23.99999999999999289 ) ) ;
#4711 = CYLINDRICAL_SURFACE ( 'NONE', #1393, 2.149999999999999023 ) ;
#4712 = ORIENTED_EDGE ( 'NONE', *, *, #6313, .T. ) ;
#4713 = VERTEX_POINT ( 'NONE', #8653 ) ;
#4714 = ORIENTED_EDGE ( 'NONE', *, *, #7048, .F. ) ;
#4715 = CIRCLE ( 'NONE', #226, 8.000000000000000000 ) ;
#4716 = CARTESIAN_POINT ( 'NONE',  ( -29.99999999999999645, 1.689189189189187479, -18.77505933142118622 ) ) ;
#4717 = CARTESIAN_POINT ( 'NONE',  ( -28.00000000000000000, 12.49999999999999822, -12.50000000000000000 ) ) ;
#4718 = DIRECTION ( 'NONE',  ( 0.000000000000000000, 0.000000000000000000, 1.000000000000000000 ) ) ;
#4719 = EDGE_LOOP ( 'NONE', ( #7611, #6218, #6509, #6250 ) ) ;
#4720 = LINE ( 'NONE', #3316, #4851 ) ;
#4721 = CARTESIAN_POINT ( 'NONE',  ( 19.93623836877595323, 92.26917336134502534, -23.00000000000000000 ) ) ;
#4722 = CARTESIAN_POINT ( 'NONE',  ( -13.42376207875093463, 96.44000000000002615, -15.65739561406607727 ) ) ;
#4723 = VERTEX_POINT ( 'NONE', #2128 ) ;
#4724 = CARTESIAN_POINT ( 'NONE',  ( 24.02454891429358952, 4.150895800249683631, -6.769937215358071469 ) ) ;
#4725 = CARTESIAN_POINT ( 'NONE',  ( 25.74737230856522174, 104.7903061905773967, -14.73574166860176859 ) ) ;
#4726 = EDGE_CURVE ( 'NONE', #8440, #6099, #2779, .T. ) ;
#4727 = EDGE_CURVE ( 'NONE', #8434, #8542, #379, .T. ) ;
#4728 = CARTESIAN_POINT ( 'NONE',  ( -30.00000000000000000, 16.00685424949231361, -18.15685424949224469 ) ) ;
#4729 = AXIS2_PLACEMENT_3D ( 'NONE', #5067, #780, #731 ) ;
#4730 = CARTESIAN_POINT ( 'NONE',  ( 16.57654914134644741, 94.44000000000002615, -2.000000000000000000 ) ) ;
#4731 = VECTOR ( 'NONE', #7431, 1000.000000000000000 ) ;
#4732 = DIRECTION ( 'NONE',  ( 1.000000000000000000, -1.541976423090495387E-16, -0.000000000000000000 ) ) ;
#4733 = ORIENTED_EDGE ( 'NONE', *, *, #4463, .F. ) ;
#4734 = EDGE_CURVE ( 'NONE', #3105, #3558, #5139, .T. ) ;
#4735 = DIRECTION ( 'NONE',  ( 0.000000000000000000, -0.000000000000000000, -1.000000000000000000 ) ) ;
#4736 = AXIS2_PLACEMENT_3D ( 'NONE', #6247, #4123, #9101 ) ;
#4737 = CARTESIAN_POINT ( 'NONE',  ( -0.000000000000000000, 98.44000000000002615, -25.00000000000000000 ) ) ;
#4738 = AXIS2_PLACEMENT_3D ( 'NONE', #9160, #8977, #4136 ) ;
#4739 = CARTESIAN_POINT ( 'NONE',  ( 10.07906768228851391, 77.01368055568988780, -1.999999999999999556 ) ) ;
#4740 = DIRECTION ( 'NONE',  ( 1.000000000000000000, -0.000000000000000000, -0.000000000000000000 ) ) ;
#4741 = AXIS2_PLACEMENT_3D ( 'NONE', #4213, #32, #81 ) ;
#4742 = AXIS2_PLACEMENT_3D ( 'NONE', #1596, #8165, #6625 ) ;
#4743 = DIRECTION ( 'NONE',  ( 0.000000000000000000, -3.541727096785982071E-15, 1.000000000000000000 ) ) ;
#4744 = ORIENTED_EDGE ( 'NONE', *, *, #7771, .F. ) ;
#4745 = CYLINDRICAL_SURFACE ( 'NONE', #8327, 1.999999999999999334 ) ;
#4746 = EDGE_CURVE ( 'NONE', #85, #7912, #2196, .T. ) ;
#4747 = EDGE_LOOP ( 'NONE', ( #4896, #2696, #8132, #262, #8332 ) ) ;
#4748 = EDGE_CURVE ( 'NONE', #4436, #6609, #4857, .T. ) ;
#4749 = AXIS2_PLACEMENT_3D ( 'NONE', #6190, #8343, #1069 ) ;
#4750 = CARTESIAN_POINT ( 'NONE',  ( 25.42638895772115504, 1.100145117756656798, -7.500000000000007994 ) ) ;
#4751 = CIRCLE ( 'NONE', #8349, 2.000000000000001776 ) ;
#4752 = CARTESIAN_POINT ( 'NONE',  ( 29.05816039569981868, 2.783403234778527580, -20.01808511585751305 ) ) ;
#4753 = DATE_AND_TIME ( #6167, #3625 ) ;
#4754 = ORIENTED_EDGE ( 'NONE', *, *, #6975, .F. ) ;
#4755 = DIRECTION ( 'NONE',  ( -1.000000000000000000, 0.000000000000000000, 8.019547272036678345E-16 ) ) ;
#4756 = DIRECTION ( 'NONE',  ( -1.000000000000000000, 1.541976423090495387E-16, 0.000000000000000000 ) ) ;
#4757 = CARTESIAN_POINT ( 'NONE',  ( -8.773401785887983806, 56.29615242270664766, -22.00000000000000355 ) ) ;
#4758 = AXIS2_PLACEMENT_3D ( 'NONE', #8659, #3633, #2409 ) ;
#4759 = DIRECTION ( 'NONE',  ( 0.000000000000000000, 1.000000000000000000, 0.000000000000000000 ) ) ;
#4760 = EDGE_LOOP ( 'NONE', ( #4226, #1151 ) ) ;
#4761 = ORIENTED_EDGE ( 'NONE', *, *, #6682, .T. ) ;
#4762 = ORIENTED_EDGE ( 'NONE', *, *, #7342, .F. ) ;
#4763 = EDGE_CURVE ( 'NONE', #5931, #1226, #5187, .T. ) ;
#4764 = EDGE_CURVE ( 'NONE', #5227, #261, #8048, .T. ) ;
#4765 = VECTOR ( 'NONE', #2262, 1000.000000000000000 ) ;
#4766 = CIRCLE ( 'NONE', #5971, 2.149999999999999023 ) ;
#4767 = DIRECTION ( 'NONE',  ( 0.000000000000000000, 1.000000000000000000, 0.000000000000000000 ) ) ;
#4768 = DIRECTION ( 'NONE',  ( 1.613696256722611948E-15, -1.000000000000000000, 0.000000000000000000 ) ) ;
#4769 = CARTESIAN_POINT ( 'NONE',  ( -23.49034943763530237, 112.9027818643353527, -23.48945332926211904 ) ) ;
#4770 = CARTESIAN_POINT ( 'NONE',  ( 20.25000000000000000, 96.44000000000002615, -24.99999999999999289 ) ) ;
#4771 = ORIENTED_EDGE ( 'NONE', *, *, #7077, .T. ) ;
#4772 = DIRECTION ( 'NONE',  ( -0.3090169943749482284, 0.000000000000000000, 0.9510565162951533091 ) ) ;
#4773 = DIRECTION ( 'NONE',  ( -0.000000000000000000, 0.000000000000000000, 1.000000000000000000 ) ) ;
#4774 = CARTESIAN_POINT ( 'NONE',  ( 25.99999999999999645, 11.45000000000021245, -4.499999999999771738 ) ) ;
#4775 = VECTOR ( 'NONE', #240, 1000.000000000000000 ) ;
#4776 = VERTEX_POINT ( 'NONE', #6636 ) ;
#4777 = CARTESIAN_POINT ( 'NONE',  ( -25.99999999999999645, 12.50000000000020250, -4.499999999999771738 ) ) ;
#4778 = CARTESIAN_POINT ( 'NONE',  ( 23.69553089649233968, 107.7272519066233656, -16.60510206959725821 ) ) ;
#4779 = AXIS2_PLACEMENT_3D ( 'NONE', #8126, #6144, #5221 ) ;
#4780 = CARTESIAN_POINT ( 'NONE',  ( -21.55000000000001137, 108.9309918853871579, -25.00000000000000000 ) ) ;
#4781 = DIRECTION ( 'NONE',  ( -1.000000000000000000, 0.000000000000000000, 0.000000000000000000 ) ) ;
#4782 = FACE_OUTER_BOUND ( 'NONE', #2719, .T. ) ;
#4783 = ORIENTED_EDGE ( 'NONE', *, *, #7945, .T. ) ;
#4784 = VECTOR ( 'NONE', #2486, 1000.000000000000000 ) ;
#4785 = CARTESIAN_POINT ( 'NONE',  ( -30.00000000000000000, 20.50000000000002132, -12.50000000000000000 ) ) ;
#4786 = CARTESIAN_POINT ( 'NONE',  ( 27.00000000000000000, 12.50000000000001421, -17.50000000000000000 ) ) ;
#4787 = CARTESIAN_POINT ( 'NONE',  ( 5.773401785888007787, 57.10000000000000142, -22.00000000000000355 ) ) ;
#4788 = LINE ( 'NONE', #466, #6089 ) ;
#4789 = CIRCLE ( 'NONE', #4037, 4.999999999999999112 ) ;
#4790 = DIRECTION ( 'NONE',  ( -1.000000000000000000, 1.541976423090495387E-16, 0.000000000000000000 ) ) ;
#4791 = ORIENTED_EDGE ( 'NONE', *, *, #4173, .T. ) ;
#4792 = DIRECTION ( 'NONE',  ( -0.8399223068573765660, -0.5427066596637478701, 0.000000000000000000 ) ) ;
#4793 = VERTEX_POINT ( 'NONE', #857 ) ;
#4794 = VECTOR ( 'NONE', #2383, 1000.000000000000000 ) ;
#4795 = DIRECTION ( 'NONE',  ( 1.000000000000000000, -1.541976423090495387E-16, -0.000000000000000000 ) ) ;
#4796 = EDGE_CURVE ( 'NONE', #1419, #710, #6238, .T. ) ;
#4797 = ADVANCED_FACE ( 'NONE', ( #8884 ), #5491, .T. ) ;
#4798 = CARTESIAN_POINT ( 'NONE',  ( 29.23937039256198034, 2.924753392248973238, -21.31827437402843017 ) ) ;
#4799 = PERSON_AND_ORGANIZATION ( #472, #468 ) ;
#4800 = VERTEX_POINT ( 'NONE', #1784 ) ;
#4801 = CIRCLE ( 'NONE', #8858, 2.150000000000000799 ) ;
#4802 = CARTESIAN_POINT ( 'NONE',  ( 58.00000000000002132, 17.10685424949231148, -18.15685424949224469 ) ) ;
#4803 = CARTESIAN_POINT ( 'NONE',  ( 23.31393684833121682, 13.00576307427962597, -1.663936848331192042 ) ) ;
#4804 = DIRECTION ( 'NONE',  ( 1.000000000000000000, 1.734723475976807292E-15, -0.000000000000000000 ) ) ;
#4805 = CARTESIAN_POINT ( 'NONE',  ( 22.24999999999998579, 113.9403061905773740, -7.599999999999997868 ) ) ;
#4806 = VERTEX_POINT ( 'NONE', #5235 ) ;
#4807 = VERTEX_POINT ( 'NONE', #2414 ) ;
#4808 = ORIENTED_EDGE ( 'NONE', *, *, #4338, .T. ) ;
#4809 = CIRCLE ( 'NONE', #752, 2.000000000000000000 ) ;
#4810 = AXIS2_PLACEMENT_3D ( 'NONE', #2428, #2514, #8234 ) ;
#4811 = AXIS2_PLACEMENT_3D ( 'NONE', #153, #104, #7291 ) ;
#4812 = DIRECTION ( 'NONE',  ( 1.000000000000000000, 0.000000000000000000, 0.000000000000000000 ) ) ;
#4813 = CARTESIAN_POINT ( 'NONE',  ( 29.57029951316431493, 51.21726115183010108, -23.00000000000000000 ) ) ;
#4814 = CARTESIAN_POINT ( 'NONE',  ( -11.58728778948666793, 13.82287565553229314, -27.00000000000000355 ) ) ;
#4815 = DIRECTION ( 'NONE',  ( 0.3090169943749482839, 0.000000000000000000, -0.9510565162951533091 ) ) ;
#4816 = ORIENTED_EDGE ( 'NONE', *, *, #5770, .F. ) ;
#4817 = CARTESIAN_POINT ( 'NONE',  ( -28.25000000000000000, 102.3196380149609155, -22.99999999999999289 ) ) ;
#4818 = FACE_OUTER_BOUND ( 'NONE', #8761, .T. ) ;
#4819 = CARTESIAN_POINT ( 'NONE',  ( -16.57654914134644741, 96.44000000000002615, -15.65739561406607372 ) ) ;
#4820 = AXIS2_PLACEMENT_3D ( 'NONE', #8198, #2523, #3356 ) ;
#4821 = EDGE_CURVE ( 'NONE', #5742, #2649, #3730, .T. ) ;
#4822 = ORIENTED_EDGE ( 'NONE', *, *, #362, .T. ) ;
#4823 = ORIENTED_EDGE ( 'NONE', *, *, #3553, .T. ) ;
#4824 = CARTESIAN_POINT ( 'NONE',  ( -23.99999999999999289, 12.50000000000020250, -4.499999999999771738 ) ) ;
#4825 = CARTESIAN_POINT ( 'NONE',  ( 23.55000000000000071, 108.8796683660668378, -15.53799374804082589 ) ) ;
#4826 = DIRECTION ( 'NONE',  ( 0.000000000000000000, -1.000000000000000000, 0.000000000000000000 ) ) ;
#4827 = DIRECTION ( 'NONE',  ( -0.8660254037844397068, 0.4999999999999979461, -0.000000000000000000 ) ) ;
#4828 = DIRECTION ( 'NONE',  ( -0.3090169943749471737, 0.000000000000000000, -0.9510565162951536422 ) ) ;
#4829 = EDGE_LOOP ( 'NONE', ( #5091, #1438, #3653, #7137 ) ) ;
#4830 = DIRECTION ( 'NONE',  ( -1.000000000000000000, -1.892425610156517122E-16, -0.000000000000000000 ) ) ;
#4831 = DIRECTION ( 'NONE',  ( 1.000000000000000000, 1.734723475976807292E-15, -8.787991997524760300E-17 ) ) ;
#4832 = DIRECTION ( 'NONE',  ( 0.5427066596637503126, 0.8399223068573749007, -0.000000000000000000 ) ) ;
#4833 = DIRECTION ( 'NONE',  ( -0.000000000000000000, 1.000000000000000000, -0.000000000000000000 ) ) ;
#4834 = CARTESIAN_POINT ( 'NONE',  ( 24.63509222136525523, 15.91769679268174897, -23.00000000000000000 ) ) ;
#4835 = ADVANCED_FACE ( 'NONE', ( #4482 ), #8797, .T. ) ;
#4836 = VERTEX_POINT ( 'NONE', #1654 ) ;
#4837 = DIRECTION ( 'NONE',  ( 0.000000000000000000, 1.000000000000000000, 2.029344161882400639E-31 ) ) ;
#4838 = ORIENTED_EDGE ( 'NONE', *, *, #3140, .F. ) ;
#4839 = CARTESIAN_POINT ( 'NONE',  ( 22.24999999999998579, 116.0903061905773939, -7.599999999999997868 ) ) ;
#4840 = AXIS2_PLACEMENT_3D ( 'NONE', #9162, #9254, #5600 ) ;
#4841 = ADVANCED_FACE ( 'NONE', ( #4564, #2456 ), #8138, .T. ) ;
#4842 = CIRCLE ( 'NONE', #1848, 2.000000000000001776 ) ;
#4843 = FACE_OUTER_BOUND ( 'NONE', #4109, .T. ) ;
#4844 = CALENDAR_DATE ( 2026, 6, 5 ) ;
#4845 = ORIENTED_EDGE ( 'NONE', *, *, #6112, .F. ) ;
#4846 = DIRECTION ( 'NONE',  ( -1.000000000000000000, 0.000000000000000000, 0.000000000000000000 ) ) ;
#4847 = CYLINDRICAL_SURFACE ( 'NONE', #7406, 1.999999999999999334 ) ;
#4848 = CARTESIAN_POINT ( 'NONE',  ( 20.25000000000000355, 106.9403061905773740, -14.59999999999999787 ) ) ;
#4849 = CARTESIAN_POINT ( 'NONE',  ( 20.25000000000000355, 113.9403061905773598, -22.49999999999999645 ) ) ;
#4850 = ORIENTED_EDGE ( 'NONE', *, *, #6930, .T. ) ;
#4851 = VECTOR ( 'NONE', #4013, 1000.000000000000000 ) ;
#4852 = VERTEX_POINT ( 'NONE', #1694 ) ;
#4853 = ORIENTED_EDGE ( 'NONE', *, *, #849, .F. ) ;
#4854 = AXIS2_PLACEMENT_3D ( 'NONE', #1285, #2136, #4952 ) ;
#4855 = DIRECTION ( 'NONE',  ( 0.9444791243466057473, -0.3285714285714280702, 0.000000000000000000 ) ) ;
#4856 = CARTESIAN_POINT ( 'NONE',  ( -37.75000000000000711, 106.9403061905773740, -15.49999999999999822 ) ) ;
#4857 = B_SPLINE_CURVE_WITH_KNOTS ( 'NONE', 3,
 ( #5975, #3066, #2318, #2503 ),
 .UNSPECIFIED., .F., .F.,
 ( 4, 4 ),
 ( 1.734723475976807094E-18, 0.003050339370324544903 ),
 .UNSPECIFIED. ) ;
#4858 = DIRECTION ( 'NONE',  ( -0.8660254037844397068, 0.4999999999999979461, -0.000000000000000000 ) ) ;
#4859 = DIRECTION ( 'NONE',  ( -1.734723475976807094E-15, 1.000000000000000000, 0.000000000000000000 ) ) ;
#4860 = VERTEX_POINT ( 'NONE', #4525 ) ;
#4861 = FACE_OUTER_BOUND ( 'NONE', #1768, .T. ) ;
#4862 = CYLINDRICAL_SURFACE ( 'NONE', #7649, 1.999999999999999334 ) ;
#4863 = DIRECTION ( 'NONE',  ( 1.613696256722601693E-15, -1.000000000000000000, 0.000000000000000000 ) ) ;
#4864 = AXIS2_PLACEMENT_3D ( 'NONE', #3884, #3965, #8951 ) ;
#4865 = ADVANCED_FACE ( 'NONE', ( #5365, #7387 ), #3196, .T. ) ;
#4866 = ORIENTED_EDGE ( 'NONE', *, *, #7801, .F. ) ;
#4867 = EDGE_LOOP ( 'NONE', ( #1091, #1740 ) ) ;
#4868 = ADVANCED_FACE ( 'NONE', ( #6678, #245 ), #5281, .T. ) ;
#4869 = DIRECTION ( 'NONE',  ( 1.000000000000000000, 0.000000000000000000, 0.000000000000000000 ) ) ;
#4870 = CARTESIAN_POINT ( 'NONE',  ( -27.99999999999999289, 12.49999999999999822, -2.000000000000000000 ) ) ;
#4871 = EDGE_CURVE ( 'NONE', #7941, #318, #7650, .T. ) ;
#4872 = DIRECTION ( 'NONE',  ( 1.000000000000000000, 0.000000000000000000, 0.000000000000000000 ) ) ;
#4873 = DIRECTION ( 'NONE',  ( -0.000000000000000000, 0.000000000000000000, 1.000000000000000000 ) ) ;
#4874 = DIRECTION ( 'NONE',  ( 1.000000000000000000, 0.000000000000000000, 0.000000000000000000 ) ) ;
#4875 = ORIENTED_EDGE ( 'NONE', *, *, #3214, .T. ) ;
#4876 = EDGE_LOOP ( 'NONE', ( #2598, #2663, #2611, #9256 ) ) ;
#4877 = CARTESIAN_POINT ( 'NONE',  ( 58.00000000000002132, 18.15685424949254312, -6.843145750507550140 ) ) ;
#4878 = ADVANCED_FACE ( 'NONE', ( #6765, #6064 ), #470, .T. ) ;
#4879 = DIRECTION ( 'NONE',  ( 1.000000000000000000, -1.541976423090494844E-15, 0.000000000000000000 ) ) ;
#4880 = AXIS2_PLACEMENT_3D ( 'NONE', #948, #8924, #3818 ) ;
#4881 = CARTESIAN_POINT ( 'NONE',  ( 28.32510748195042893, 1.714013692954793999, -18.77758562409580989 ) ) ;
#4882 = DIRECTION ( 'NONE',  ( 0.000000000000000000, 0.000000000000000000, -1.000000000000000000 ) ) ;
#4883 = CARTESIAN_POINT ( 'NONE',  ( -22.25000000000000000, 104.7903061905773541, -14.59999999999999787 ) ) ;
#4884 = ORIENTED_EDGE ( 'NONE', *, *, #7689, .F. ) ;
#4885 = VECTOR ( 'NONE', #5568, 1000.000000000000000 ) ;
#4886 = AXIS2_PLACEMENT_3D ( 'NONE', #5119, #2949, #4922 ) ;
#4887 = VERTEX_POINT ( 'NONE', #6159 ) ;
#4888 = PLANE ( 'NONE',  #1781 ) ;
#4889 = AXIS2_PLACEMENT_3D ( 'NONE', #5267, #893, #7580 ) ;
#4890 = AXIS2_PLACEMENT_3D ( 'NONE', #894, #3930, #3146 ) ;
#4891 = CARTESIAN_POINT ( 'NONE',  ( 27.99999999999998579, 2.499999999999976907, -21.78708781050343291 ) ) ;
#4892 = VERTEX_POINT ( 'NONE', #1219 ) ;
#4893 = CARTESIAN_POINT ( 'NONE',  ( 23.31393684833123459, 2.886454107512971934, -7.500000000000007105 ) ) ;
#4894 = PLANE ( 'NONE',  #5451 ) ;
#4895 = CARTESIAN_POINT ( 'NONE',  ( 29.99999999999999645, 12.49999999999999822, -12.50000000000000000 ) ) ;
#4896 = ORIENTED_EDGE ( 'NONE', *, *, #8777, .F. ) ;
#4897 = ORIENTED_EDGE ( 'NONE', *, *, #8763, .F. ) ;
#4898 = CIRCLE ( 'NONE', #4749, 0.9000000000000075717 ) ;
#4899 = EDGE_LOOP ( 'NONE', ( #6749, #7214 ) ) ;
#4900 = EDGE_CURVE ( 'NONE', #2430, #2139, #2590, .T. ) ;
#4901 = ADVANCED_FACE ( 'NONE', ( #1878 ), #7884, .T. ) ;
#4902 = CARTESIAN_POINT ( 'NONE',  ( 10.74999999999978506, 104.4400000000000261, -15.65739561406608082 ) ) ;
#4903 = VECTOR ( 'NONE', #307, 1000.000000000000000 ) ;
#4904 = CARTESIAN_POINT ( 'NONE',  ( -8.399223068573766326, 78.09909387501738820, -2.000000000000011990 ) ) ;
#4905 = LINE ( 'NONE', #1333, #4063 ) ;
#4906 = CARTESIAN_POINT ( 'NONE',  ( -22.99999999999999645, 10.31771159413551153, -23.43435491072198218 ) ) ;
#4907 = VERTEX_POINT ( 'NONE', #376 ) ;
#4908 = CARTESIAN_POINT ( 'NONE',  ( 27.99999999999998934, -5.314665783094429971E-15, -23.00000000000000000 ) ) ;
#4909 = EDGE_CURVE ( 'NONE', #4517, #4362, #902, .T. ) ;
#4910 = FACE_OUTER_BOUND ( 'NONE', #7969, .T. ) ;
#4911 = CARTESIAN_POINT ( 'NONE',  ( -24.38007653009867681, 106.1596862681114999, -16.61678359235673241 ) ) ;
#4912 = ORIENTED_EDGE ( 'NONE', *, *, #8792, .T. ) ;
#4913 = VERTEX_POINT ( 'NONE', #3989 ) ;
#4914 = CYLINDRICAL_SURFACE ( 'NONE', #6897, 2.149999999999999023 ) ;
#4915 = CARTESIAN_POINT ( 'NONE',  ( 25.28864943230722417, 105.1399817386820956, -15.78087877598473909 ) ) ;
#4916 = EDGE_CURVE ( 'NONE', #1124, #6646, #1588, .T. ) ;
#4917 = AXIS2_PLACEMENT_3D ( 'NONE', #8643, #2647, #9292 ) ;
#4918 = CYLINDRICAL_SURFACE ( 'NONE', #2052, 2.000000000000000000 ) ;
#4919 = ORIENTED_EDGE ( 'NONE', *, *, #5705, .F. ) ;
#4920 = ADVANCED_FACE ( 'NONE', ( #6806 ), #4745, .T. ) ;
#4921 = VECTOR ( 'NONE', #3991, 1000.000000000000000 ) ;
#4922 = DIRECTION ( 'NONE',  ( 0.000000000000000000, 0.000000000000000000, -1.000000000000000000 ) ) ;
#4923 = DIRECTION ( 'NONE',  ( 0.8399223068573791195, 0.5427066596637438733, 0.000000000000000000 ) ) ;
#4924 = ORIENTED_EDGE ( 'NONE', *, *, #2521, .T. ) ;
#4925 = ORIENTED_EDGE ( 'NONE', *, *, #2046, .F. ) ;
#4926 = CARTESIAN_POINT ( 'NONE',  ( -6.423762078750932858, 96.44000000000002615, -15.65739561406607727 ) ) ;
#4927 = AXIS2_PLACEMENT_3D ( 'NONE', #5275, #3237, #329 ) ;
#4928 = CARTESIAN_POINT ( 'NONE',  ( 25.99999999999999645, 16.00685424949230296, -18.15685424949224469 ) ) ;
#4929 = DIRECTION ( 'NONE',  ( 0.000000000000000000, -0.000000000000000000, -1.000000000000000000 ) ) ;
#4930 = CARTESIAN_POINT ( 'NONE',  ( 8.773401785887994464, 56.29615242270664055, -3.000000000000002665 ) ) ;
#4931 = LINE ( 'NONE', #2017, #8305 ) ;
#4932 = VERTEX_POINT ( 'NONE', #4034 ) ;
#4933 = EDGE_CURVE ( 'NONE', #1114, #8670, #4657, .T. ) ;
#4934 = VECTOR ( 'NONE', #1530, 1000.000000000000000 ) ;
#4935 = EDGE_CURVE ( 'NONE', #2264, #158, #9152, .T. ) ;
#4936 = ORIENTED_EDGE ( 'NONE', *, *, #9146, .F. ) ;
#4937 = DIRECTION ( 'NONE',  ( -0.000000000000000000, 0.000000000000000000, 1.000000000000000000 ) ) ;
#4938 = VECTOR ( 'NONE', #3294, 1000.000000000000000 ) ;
#4939 = DIRECTION ( 'NONE',  ( -0.000000000000000000, 1.000000000000000000, -0.000000000000000000 ) ) ;
#4940 = SECURITY_CLASSIFICATION_LEVEL ( 'unclassified' ) ;
#4941 = VERTEX_POINT ( 'NONE', #4080 ) ;
#4942 = CYLINDRICAL_SURFACE ( 'NONE', #6091, 3.000000000000002220 ) ;
#4943 = DIRECTION ( 'NONE',  ( -1.734723475976807292E-15, 1.000000000000000000, -0.000000000000000000 ) ) ;
#4944 = DIRECTION ( 'NONE',  ( -1.000000000000000000, 1.541976423090495387E-16, 0.000000000000000000 ) ) ;
#4945 = ORIENTED_EDGE ( 'NONE', *, *, #2123, .T. ) ;
#4946 = VECTOR ( 'NONE', #7036, 1000.000000000000000 ) ;
#4947 = VERTEX_POINT ( 'NONE', #6251 ) ;
#4948 = EDGE_LOOP ( 'NONE', ( #5072, #7750, #123, #4884 ) ) ;
#4949 = VERTEX_POINT ( 'NONE', #2682 ) ;
#4950 = AXIS2_PLACEMENT_3D ( 'NONE', #6327, #452, #2755 ) ;
#4951 = FACE_OUTER_BOUND ( 'NONE', #1478, .T. ) ;
#4952 = DIRECTION ( 'NONE',  ( 0.000000000000000000, 1.000000000000000000, 0.000000000000000000 ) ) ;
#4953 = EDGE_CURVE ( 'NONE', #3838, #5601, #9224, .T. ) ;
#4954 = CARTESIAN_POINT ( 'NONE',  ( 5.663118960624426101, 80.80934643409020168, -15.65739561406607372 ) ) ;
#4955 = CARTESIAN_POINT ( 'NONE',  ( 23.54999999999997939, 115.5720230777854454, -23.00000000000000000 ) ) ;
#4956 = ORIENTED_EDGE ( 'NONE', *, *, #6790, .F. ) ;
#4957 = FACE_OUTER_BOUND ( 'NONE', #8566, .T. ) ;
#4958 = DIRECTION ( 'NONE',  ( 0.000000000000000000, 0.000000000000000000, 1.000000000000000000 ) ) ;
#4959 = CARTESIAN_POINT ( 'NONE',  ( 23.28556671078363394, 12.93835554870493887, -23.36443328921529528 ) ) ;
#4960 = VERTEX_POINT ( 'NONE', #5591 ) ;
#4961 = ORIENTED_EDGE ( 'NONE', *, *, #5969, .T. ) ;
#4962 = AXIS2_PLACEMENT_3D ( 'NONE', #2445, #6922, #8329 ) ;
#4963 = CARTESIAN_POINT ( 'NONE',  ( 28.00000000000000000, 49.81447292170534524, -2.000000000000000000 ) ) ;
#4964 = CARTESIAN_POINT ( 'NONE',  ( 16.57654914134644741, 94.44000000000002615, -25.00000000000000000 ) ) ;
#4965 = AXIS2_PLACEMENT_3D ( 'NONE', #8570, #7061, #15 ) ;
#4966 = CARTESIAN_POINT ( 'NONE',  ( -23.99999999999999645, 12.50000000000001243, -2.349999999999985878 ) ) ;
#4967 = VERTEX_POINT ( 'NONE', #2727 ) ;
#4968 = CARTESIAN_POINT ( 'NONE',  ( -23.99999999999999645, 4.313272937247765171, -6.500000000000000000 ) ) ;
#4969 = CARTESIAN_POINT ( 'NONE',  ( -9.923762078750934634, 104.4400000000000261, -13.11449676604731174 ) ) ;
#4970 = EDGE_CURVE ( 'NONE', #5108, #2134, #4432, .T. ) ;
#4971 = ORIENTED_EDGE ( 'NONE', *, *, #6578, .F. ) ;
#4972 = EDGE_LOOP ( 'NONE', ( #7856, #5788, #7759, #2049 ) ) ;
#4973 = ADVANCED_FACE ( 'NONE', ( #1265 ), #3940, .F. ) ;
#4974 = CC_DESIGN_SECURITY_CLASSIFICATION ( #1816, ( #6632 ) ) ;
#4975 = FACE_OUTER_BOUND ( 'NONE', #886, .T. ) ;
#4976 = DIRECTION ( 'NONE',  ( 0.000000000000000000, 0.000000000000000000, -1.000000000000000000 ) ) ;
#4977 = DIRECTION ( 'NONE',  ( 1.000000000000000000, 1.541976423090495387E-16, 0.000000000000000000 ) ) ;
#4978 = CARTESIAN_POINT ( 'NONE',  ( 25.99999999999999645, 21.55000000000001137, -12.50000000000000000 ) ) ;
#4979 = CYLINDRICAL_SURFACE ( 'NONE', #1835, 2.000000000000001776 ) ;
#4980 = ORIENTED_EDGE ( 'NONE', *, *, #2499, .F. ) ;
#4981 = EDGE_CURVE ( 'NONE', #8644, #17, #1125, .T. ) ;
#4982 = EDGE_CURVE ( 'NONE', #5647, #6661, #6826, .T. ) ;
#4983 = FACE_OUTER_BOUND ( 'NONE', #2281, .T. ) ;
#4984 = ADVANCED_FACE ( 'NONE', ( #3382 ), #7559, .F. ) ;
#4985 = UNCERTAINTY_MEASURE_WITH_UNIT (LENGTH_MEASURE( 1.000000000000000082E-05 ), #3865, 'distance_accuracy_value', 'NONE');
#4986 = DIRECTION ( 'NONE',  ( 1.000000000000000000, -0.000000000000000000, -0.000000000000000000 ) ) ;
#4987 = APPROVAL_DATE_TIME ( #4184, #1721 ) ;
#4988 = ORIENTED_EDGE ( 'NONE', *, *, #1717, .T. ) ;
#4989 = DIRECTION ( 'NONE',  ( 1.000000000000000000, 0.000000000000000000, 0.000000000000000000 ) ) ;
#4990 = CARTESIAN_POINT ( 'NONE',  ( -12.94814989366370739, 70.39833175440058710, -2.000000000000000000 ) ) ;
#4991 = CARTESIAN_POINT ( 'NONE',  ( -29.84343779477822878, 3.246399776103696233, -19.00144045219514766 ) ) ;
#4992 = EDGE_LOOP ( 'NONE', ( #3397, #951 ) ) ;
#4993 = ORIENTED_EDGE ( 'NONE', *, *, #5509, .T. ) ;
#4994 = VERTEX_POINT ( 'NONE', #7702 ) ;
#4995 = ORIENTED_EDGE ( 'NONE', *, *, #2958, .T. ) ;
#4996 = AXIS2_PLACEMENT_3D ( 'NONE', #4470, #2116, #8038 ) ;
#4997 = CARTESIAN_POINT ( 'NONE',  ( 27.00000000000000000, 1.043560762610397319, -17.50000000000000000 ) ) ;
#4998 = DIRECTION ( 'NONE',  ( -1.000000000000000000, -1.892425610156517122E-16, -0.000000000000000000 ) ) ;
#4999 = LINE ( 'NONE', #5610, #4661 ) ;
#5000 = CARTESIAN_POINT ( 'NONE',  ( 23.50965667159333705, 115.1100348539691112, -23.41047469326331765 ) ) ;
#5001 = ORIENTED_EDGE ( 'NONE', *, *, #2669, .F. ) ;
#5002 = DIRECTION ( 'NONE',  ( -0.8660254037844400399, -0.4999999999999978351, 1.549392514930919706E-16 ) ) ;
#5003 = CIRCLE ( 'NONE', #7426, 1.049999999999998934 ) ;
#5004 = AXIS2_PLACEMENT_3D ( 'NONE', #2044, #7770, #9218 ) ;
#5005 = CARTESIAN_POINT ( 'NONE',  ( -29.99999999999998579, 4.401449357096725912, -19.44556537875074298 ) ) ;
#5006 = CARTESIAN_POINT ( 'NONE',  ( -23.55000000000001137, 108.9309918853871579, -15.41220100004840354 ) ) ;
#5007 = CIRCLE ( 'NONE', #8755, 2.149999999999999023 ) ;
#5008 = VERTEX_POINT ( 'NONE', #6619 ) ;
#5009 = ORIENTED_EDGE ( 'NONE', *, *, #3143, .F. ) ;
#5010 = CYLINDRICAL_SURFACE ( 'NONE', #1192, 2.149999999999999023 ) ;
#5011 = DIRECTION ( 'NONE',  ( -1.734723475976807292E-15, 1.000000000000000000, -0.000000000000000000 ) ) ;
#5012 = DIRECTION ( 'NONE',  ( -1.000000000000000000, -9.912705577010326782E-17, 0.000000000000000000 ) ) ;
#5013 = DIRECTION ( 'NONE',  ( -1.000000000000000000, -1.541976423090495387E-16, 0.000000000000000000 ) ) ;
#5014 = ORIENTED_EDGE ( 'NONE', *, *, #149, .T. ) ;
#5015 = AXIS2_PLACEMENT_3D ( 'NONE', #2530, #7540, #8291 ) ;
#5016 = LINE ( 'NONE', #2251, #3847 ) ;
#5017 = DIRECTION ( 'NONE',  ( 0.000000000000000000, 0.000000000000000000, -1.000000000000000000 ) ) ;
#5018 = ORIENTED_EDGE ( 'NONE', *, *, #4274, .F. ) ;
#5019 = EDGE_LOOP ( 'NONE', ( #8550, #8538, #6446, #2491 ) ) ;
#5020 = EDGE_CURVE ( 'NONE', #7855, #2346, #829, .T. ) ;
#5021 = CARTESIAN_POINT ( 'NONE',  ( -24.98916204744618597, 105.4148956978321223, -13.06862825883354162 ) ) ;
#5022 = AXIS2_PLACEMENT_3D ( 'NONE', #3560, #3462, #4923 ) ;
#5023 = DIRECTION ( 'NONE',  ( 1.000000000000000000, 0.000000000000000000, 0.000000000000000000 ) ) ;
#5024 = EDGE_CURVE ( 'NONE', #4517, #3396, #5070, .T. ) ;
#5025 = DIRECTION ( 'NONE',  ( 0.000000000000000000, -1.000000000000000000, 0.000000000000000000 ) ) ;
#5026 = DIRECTION ( 'NONE',  ( 1.000000000000000000, 0.000000000000000000, 0.000000000000000000 ) ) ;
#5027 = EDGE_CURVE ( 'NONE', #9244, #9011, #7335, .T. ) ;
#5028 = CARTESIAN_POINT ( 'NONE',  ( -23.99999999999999645, 18.50000000000001066, -12.50000000000000000 ) ) ;
#5029 = CARTESIAN_POINT ( 'NONE',  ( 24.00000000000000355, 49.81447292170534524, -128.1790850899541852 ) ) ;
#5030 = ORIENTED_EDGE ( 'NONE', *, *, #6421, .F. ) ;
#5031 = ORIENTED_EDGE ( 'NONE', *, *, #6183, .F. ) ;
#5032 = DIRECTION ( 'NONE',  ( -0.000000000000000000, 0.000000000000000000, 1.000000000000000000 ) ) ;
#5033 = EDGE_CURVE ( 'NONE', #7825, #1738, #986, .T. ) ;
#5034 = EDGE_CURVE ( 'NONE', #3211, #9236, #82, .T. ) ;
#5035 = CARTESIAN_POINT ( 'NONE',  ( -27.80831327735402070, 0.8779216665812795695, -7.897015649871496734 ) ) ;
#5036 = EDGE_LOOP ( 'NONE', ( #2413, #1143, #7031, #9246 ) ) ;
#5037 = CARTESIAN_POINT ( 'NONE',  ( -29.99999999999999645, 4.500000000000001776, -19.30073525436772641 ) ) ;
#5038 = CARTESIAN_POINT ( 'NONE',  ( 12.08688103937515734, 96.44000000000002615, -19.77189238011338546 ) ) ;
#5039 = AXIS2_PLACEMENT_3D ( 'NONE', #7355, #2986, #2140 ) ;
#5040 = VECTOR ( 'NONE', #6342, 1000.000000000000000 ) ;
#5042 = EDGE_CURVE ( 'NONE', #5238, #2094, #8638, .T. ) ;
#5041 = VERTEX_POINT ( 'NONE', #1635 ) ;
#5043 = ORIENTED_EDGE ( 'NONE', *, *, #2854, .F. ) ;
#5044 = VERTEX_POINT ( 'NONE', #6569 ) ;
#5045 = VERTEX_POINT ( 'NONE', #2069 ) ;
#5046 = CONICAL_SURFACE ( 'NONE', #6393, 10.15000000000000213, 0.7853981633974526089 ) ;
#5047 = AXIS2_PLACEMENT_3D ( 'NONE', #6618, #3332, #2679 ) ;
#5048 = CARTESIAN_POINT ( 'NONE',  ( 29.99999999999999645, 10.25794506176856302, -25.50000000000000355 ) ) ;
#5049 = CARTESIAN_POINT ( 'NONE',  ( -9.987683734807962566, 67.14209179641811431, -8.673617379884035472E-16 ) ) ;
#5050 = CARTESIAN_POINT ( 'NONE',  ( -30.00000000000000000, 16.00685424949254809, -6.843145750507550140 ) ) ;
#5051 = VERTEX_POINT ( 'NONE', #3656 ) ;
#5052 = CARTESIAN_POINT ( 'NONE',  ( 21.55000000000018190, 3.738329090730050843E-14, -25.00000000000000000 ) ) ;
#5053 = ORIENTED_EDGE ( 'NONE', *, *, #6137, .T. ) ;
#5054 = CARTESIAN_POINT ( 'NONE',  ( -2.003094741985453220E-13, 80.80934643409020168, -19.77189238011338546 ) ) ;
#5055 = TOROIDAL_SURFACE ( 'NONE', #9238, 4.000000000000000000, 2.000000000000000000 ) ;
#5056 = DIRECTION ( 'NONE',  ( 0.000000000000000000, 1.000000000000000000, 0.000000000000000000 ) ) ;
#5057 = CARTESIAN_POINT ( 'NONE',  ( 25.00000000000000355, 12.50000000000000355, -6.500000000000006217 ) ) ;
#5058 = EDGE_CURVE ( 'NONE', #2785, #3596, #676, .T. ) ;
#5060 = ADVANCED_FACE ( 'NONE', ( #7323 ), #1584, .F. ) ;
#5059 = ORIENTED_EDGE ( 'NONE', *, *, #2501, .F. ) ;
#5061 = ORIENTED_EDGE ( 'NONE', *, *, #5916, .T. ) ;
#5062 = DIRECTION ( 'NONE',  ( 0.000000000000000000, 0.000000000000000000, -1.000000000000000000 ) ) ;
#5063 = TOROIDAL_SURFACE ( 'NONE', #8062, 7.000000000000000000, 2.000000000000000000 ) ;
#5064 = DIRECTION ( 'NONE',  ( -0.000000000000000000, 0.000000000000000000, 1.000000000000000000 ) ) ;
#5065 = CYLINDRICAL_SURFACE ( 'NONE', #7782, 1.050000000000000488 ) ;
#5066 = FACE_BOUND ( 'NONE', #2662, .T. ) ;
#5067 = CARTESIAN_POINT ( 'NONE',  ( 24.00000000000002487, 12.50000000000000355, -12.50000000000000000 ) ) ;
#5068 = ORIENTED_EDGE ( 'NONE', *, *, #9211, .T. ) ;
#5069 = LINE ( 'NONE', #1388, #5203 ) ;
#5070 = LINE ( 'NONE', #5861, #5040 ) ;
#5071 = CARTESIAN_POINT ( 'NONE',  ( -26.00000000000000000, 20.50000000000002132, -12.50000000000000000 ) ) ;
#5072 = ORIENTED_EDGE ( 'NONE', *, *, #338, .F. ) ;
#5073 = AXIS2_PLACEMENT_3D ( 'NONE', #5992, #3266, #2565 ) ;
#5074 = ORIENTED_EDGE ( 'NONE', *, *, #2092, .F. ) ;
#5075 = FACE_BOUND ( 'NONE', #3391, .T. ) ;
#5076 = DIRECTION ( 'NONE',  ( 0.5877852522924731371, 0.000000000000000000, 0.8090169943749475623 ) ) ;
#5077 = AXIS2_PLACEMENT_3D ( 'NONE', #7596, #5536, #4828 ) ;
#5078 = CARTESIAN_POINT ( 'NONE',  ( 30.00000000000000000, 4.341937609750289084, -19.25719799817193945 ) ) ;
#5079 = DIRECTION ( 'NONE',  ( 0.000000000000000000, 1.000000000000000000, 0.000000000000000000 ) ) ;
#5080 = CARTESIAN_POINT ( 'NONE',  ( -26.25000000000000355, 102.3196380149609155, 2.380819224798175777E-29 ) ) ;
#5081 = DIRECTION ( 'NONE',  ( 0.000000000000000000, 1.000000000000000000, 0.000000000000000000 ) ) ;
#5082 = VERTEX_POINT ( 'NONE', #133 ) ;
#5083 = ORIENTED_EDGE ( 'NONE', *, *, #2914, .T. ) ;
#5084 = AXIS2_PLACEMENT_3D ( 'NONE', #9240, #7793, #6337 ) ;
#5085 = CARTESIAN_POINT ( 'NONE',  ( 20.25000000000000355, 106.9403061905773740, -15.49999999999999822 ) ) ;
#5086 = AXIS2_PLACEMENT_3D ( 'NONE', #7974, #6468, #3552 ) ;
#5087 = CARTESIAN_POINT ( 'NONE',  ( 24.63509222136525523, 15.91769679268174897, -2.000000000000000000 ) ) ;
#5088 = ORIENTED_EDGE ( 'NONE', *, *, #7844, .T. ) ;
#5089 = CARTESIAN_POINT ( 'NONE',  ( -29.30299673260884674, 2.831640453859840534, -24.33164045385985830 ) ) ;
#5090 = DIRECTION ( 'NONE',  ( -0.8660254037844398178, 0.4999999999999981126, 0.000000000000000000 ) ) ;
#5092 = EDGE_CURVE ( 'NONE', #1035, #3758, #91, .T. ) ;
#5091 = ORIENTED_EDGE ( 'NONE', *, *, #474, .T. ) ;
#5093 = ORIENTED_EDGE ( 'NONE', *, *, #6027, .T. ) ;
#5094 = EDGE_LOOP ( 'NONE', ( #896, #8897, #3431, #735, #6343 ) ) ;
#5095 = EDGE_CURVE ( 'NONE', #6055, #1380, #8029, .T. ) ;
#5096 = AXIS2_PLACEMENT_3D ( 'NONE', #473, #8971, #697 ) ;
#5097 = ADVANCED_FACE ( 'NONE', ( #2252 ), #3095, .T. ) ;
#5098 = CARTESIAN_POINT ( 'NONE',  ( 29.60384003105272299, 11.45953405745215292, -25.50000000000000000 ) ) ;
#5099 = DIRECTION ( 'NONE',  ( -1.000000000000000000, 0.000000000000000000, 0.000000000000000000 ) ) ;
#5100 = DIRECTION ( 'NONE',  ( -1.000000000000000000, -1.360567432138672574E-16, 0.000000000000000000 ) ) ;
#5101 = ORIENTED_EDGE ( 'NONE', *, *, #2673, .T. ) ;
#5102 = VECTOR ( 'NONE', #2469, 1000.000000000000000 ) ;
#5103 = PLANE ( 'NONE',  #7587 ) ;
#5104 = ORIENTED_EDGE ( 'NONE', *, *, #1572, .F. ) ;
#5105 = DIRECTION ( 'NONE',  ( 1.613696256722611948E-15, -1.000000000000000000, 0.000000000000000000 ) ) ;
#5106 = CARTESIAN_POINT ( 'NONE',  ( 1.336881039375164004, 80.80934643409020168, -15.65739561406607727 ) ) ;
#5107 = CARTESIAN_POINT ( 'NONE',  ( 43.45996886322566155, 104.4400000000000261, -34.33678138689327142 ) ) ;
#5108 = VERTEX_POINT ( 'NONE', #4505 ) ;
#5109 = ORIENTED_EDGE ( 'NONE', *, *, #1349, .T. ) ;
#5110 = PLANE ( 'NONE',  #9139 ) ;
#5111 = CIRCLE ( 'NONE', #7361, 6.000000000000000000 ) ;
#5112 = CARTESIAN_POINT ( 'NONE',  ( -26.00000000000000000, 18.35000000000002274, -12.50000000000000000 ) ) ;
#5113 = LINE ( 'NONE', #7407, #4934 ) ;
#5114 = AXIS2_PLACEMENT_3D ( 'NONE', #9158, #6999, #566 ) ;
#5115 = LINE ( 'NONE', #7268, #7746 ) ;
#5116 = EDGE_CURVE ( 'NONE', #8420, #7338, #7368, .T. ) ;
#5117 = DIRECTION ( 'NONE',  ( 0.000000000000000000, -1.000000000000000000, 0.000000000000000000 ) ) ;
#5118 = VERTEX_POINT ( 'NONE', #933 ) ;
#5119 = CARTESIAN_POINT ( 'NONE',  ( -37.75000000000000711, 113.9403061905773740, -7.599999999999997868 ) ) ;
#5120 = DIRECTION ( 'NONE',  ( -0.8090169943749475623, -6.508371548838539978E-17, 0.5877852522924731371 ) ) ;
#5121 = DIRECTION ( 'NONE',  ( 0.4999999999999974465, 0.8660254037844401509, 0.000000000000000000 ) ) ;
#5122 = CIRCLE ( 'NONE', #1207, 9.000000000000001776 ) ;
#5123 = EDGE_LOOP ( 'NONE', ( #5865, #2983, #3046, #657 ) ) ;
#5124 = ORIENTED_EDGE ( 'NONE', *, *, #7172, .F. ) ;
#5125 = LINE ( 'NONE', #5723, #4030 ) ;
#5126 = DIRECTION ( 'NONE',  ( 9.912705577010326782E-17, -1.000000000000000000, 0.000000000000000000 ) ) ;
#5127 = AXIS2_PLACEMENT_3D ( 'NONE', #6804, #4522, #6856 ) ;
#5128 = CARTESIAN_POINT ( 'NONE',  ( -27.00000000000000000, 12.50000000000000888, -12.50000000000000000 ) ) ;
#5129 = DIRECTION ( 'NONE',  ( -1.000000000000000000, 0.000000000000000000, 0.000000000000000000 ) ) ;
#5130 = FACE_OUTER_BOUND ( 'NONE', #2899, .T. ) ;
#5131 = CARTESIAN_POINT ( 'NONE',  ( -5.663118960624838216, 80.80934643409020168, -15.65739561406607727 ) ) ;
#5132 = ORIENTED_EDGE ( 'NONE', *, *, #5282, .T. ) ;
#5133 = VERTEX_POINT ( 'NONE', #7043 ) ;
#5134 = VECTOR ( 'NONE', #5522, 1000.000000000000000 ) ;
#5135 = CARTESIAN_POINT ( 'NONE',  ( 27.00000000000000000, 35.00000000000000000, -8.500000000000007105 ) ) ;
#5136 =( GEOMETRIC_REPRESENTATION_CONTEXT ( 3 ) GLOBAL_UNCERTAINTY_ASSIGNED_CONTEXT ( ( #4985 ) ) GLOBAL_UNIT_ASSIGNED_CONTEXT ( ( #3865, #6866, #6029 ) ) REPRESENTATION_CONTEXT ( 'NONE', 'WORKASPACE' ) );
#5137 = CARTESIAN_POINT ( 'NONE',  ( 21.55000000000000071, 108.9309918853872148, -25.00000000000000000 ) ) ;
#5138 = VERTEX_POINT ( 'NONE', #3476 ) ;
#5139 = LINE ( 'NONE', #6399, #3974 ) ;
#5140 = VERTEX_POINT ( 'NONE', #4407 ) ;
#5141 = ORIENTED_EDGE ( 'NONE', *, *, #7553, .T. ) ;
#5142 = VERTEX_POINT ( 'NONE', #6521 ) ;
#5143 = ADVANCED_FACE ( 'NONE', ( #5166 ), #4458, .T. ) ;
#5144 = EDGE_CURVE ( 'NONE', #3659, #7292, #3048, .T. ) ;
#5145 = ADVANCED_FACE ( 'NONE', ( #7981 ), #6080, .T. ) ;
#5146 = DIRECTION ( 'NONE',  ( 1.000000000000000000, -0.000000000000000000, -0.000000000000000000 ) ) ;
#5147 = DIRECTION ( 'NONE',  ( -0.8399223068573744566, 0.5427066596637510898, 0.000000000000000000 ) ) ;
#5148 = EDGE_LOOP ( 'NONE', ( #8586, #8505, #1708, #6084, #6118, #2011, #572 ) ) ;
#5149 = DIRECTION ( 'NONE',  ( 0.000000000000000000, -0.000000000000000000, -1.000000000000000000 ) ) ;
#5150 = ORIENTED_EDGE ( 'NONE', *, *, #6823, .T. ) ;
#5151 = DIRECTION ( 'NONE',  ( -0.8090169943749473402, 6.508371548838541211E-17, -0.5877852522924732481 ) ) ;
#5152 = CARTESIAN_POINT ( 'NONE',  ( -29.99999999999999645, 4.500000000000001776, -19.30073525436772641 ) ) ;
#5153 = DIRECTION ( 'NONE',  ( 1.000000000000000000, 0.000000000000000000, 0.000000000000000000 ) ) ;
#5154 = EDGE_LOOP ( 'NONE', ( #1317, #8602, #1999, #3632 ) ) ;
#5155 = ORIENTED_EDGE ( 'NONE', *, *, #6130, .T. ) ;
#5156 = CARTESIAN_POINT ( 'NONE',  ( 22.24999999999998579, 106.9403061905773740, -15.49999999999999822 ) ) ;
#5157 = DIRECTION ( 'NONE',  ( 0.000000000000000000, 1.000000000000000000, 0.000000000000000000 ) ) ;
#5158 = CARTESIAN_POINT ( 'NONE',  ( -29.99144024369463679, 4.289183276247666043, -25.42883055234370104 ) ) ;
#5159 = CIRCLE ( 'NONE', #1092, 2.149999999999997247 ) ;
#5160 = CARTESIAN_POINT ( 'NONE',  ( 23.54999999999997229, 117.9400000000001256, -23.73205080756887497 ) ) ;
#5161 = FACE_OUTER_BOUND ( 'NONE', #7068, .T. ) ;
#5162 = ORIENTED_EDGE ( 'NONE', *, *, #4746, .F. ) ;
#5163 = CIRCLE ( 'NONE', #4252, 2.149999999999997247 ) ;
#5164 = EDGE_CURVE ( 'NONE', #4852, #4701, #884, .T. ) ;
#5165 = FACE_OUTER_BOUND ( 'NONE', #7101, .T. ) ;
#5166 = FACE_OUTER_BOUND ( 'NONE', #5937, .T. ) ;
#5167 = DIRECTION ( 'NONE',  ( -1.000000000000000000, -9.912705577010326782E-17, 0.000000000000000000 ) ) ;
#5168 = ORIENTED_EDGE ( 'NONE', *, *, #8636, .T. ) ;
#5169 = EDGE_CURVE ( 'NONE', #3039, #5798, #1052, .T. ) ;
#5170 = EDGE_CURVE ( 'NONE', #5466, #7875, #5863, .T. ) ;
#5171 = CARTESIAN_POINT ( 'NONE',  ( 20.57654914134644741, 94.44000000000002615, -23.00000000000000000 ) ) ;
#5172 = EDGE_CURVE ( 'NONE', #1368, #4994, #2266, .T. ) ;
#5173 = CARTESIAN_POINT ( 'NONE',  ( 17.74999999999978684, 80.80934643409020168, -15.65739561406607372 ) ) ;
#5174 = CIRCLE ( 'NONE', #2319, 2.999999999999999112 ) ;
#5175 = CARTESIAN_POINT ( 'NONE',  ( 25.00000000000000355, 12.50000000000001421, -18.50000000000000355 ) ) ;
#5176 = CARTESIAN_POINT ( 'NONE',  ( -30.00000000000000000, 49.81447292170534524, -2.000000000000001776 ) ) ;
#5177 = LINE ( 'NONE', #843, #3052 ) ;
#5178 = DIRECTION ( 'NONE',  ( 0.000000000000000000, -1.156482317317873204E-16, 1.000000000000000000 ) ) ;
#5179 = ORIENTED_EDGE ( 'NONE', *, *, #4119, .F. ) ;
#5180 = EDGE_LOOP ( 'NONE', ( #5196, #8742, #3179, #1846 ) ) ;
#5181 = ADVANCED_FACE ( 'NONE', ( #1809 ), #8822, .T. ) ;
#5182 = CIRCLE ( 'NONE', #2013, 2.000000000000001776 ) ;
#5183 = EDGE_CURVE ( 'NONE', #9163, #1986, #3922, .T. ) ;
#5184 = CARTESIAN_POINT ( 'NONE',  ( -23.55000000000002558, 117.9399999999999977, -2.000000000000001776 ) ) ;
#5185 = DIRECTION ( 'NONE',  ( -0.8090169943749472292, -6.508371548838544909E-17, 0.5877852522924734702 ) ) ;
#5186 = ORIENTED_EDGE ( 'NONE', *, *, #4748, .F. ) ;
#5187 = LINE ( 'NONE', #2367, #2940 ) ;
#5188 = ORIENTED_EDGE ( 'NONE', *, *, #5314, .F. ) ;
#5189 = ORIENTED_EDGE ( 'NONE', *, *, #1513, .T. ) ;
#5190 = ORIENTED_EDGE ( 'NONE', *, *, #7534, .F. ) ;
#5191 = DIRECTION ( 'NONE',  ( 1.000000000000000000, 0.000000000000000000, 0.000000000000000000 ) ) ;
#5192 = AXIS2_PLACEMENT_3D ( 'NONE', #3247, #3335, #6205 ) ;
#5193 = CYLINDRICAL_SURFACE ( 'NONE', #6324, 2.150000000000012790 ) ;
#5194 = ORIENTED_EDGE ( 'NONE', *, *, #8004, .F. ) ;
#5195 = CARTESIAN_POINT ( 'NONE',  ( -29.34181962457716608, 2.331803519667599911, -18.85206809379781490 ) ) ;
#5196 = ORIENTED_EDGE ( 'NONE', *, *, #3203, .F. ) ;
#5197 = DIRECTION ( 'NONE',  ( 0.000000000000000000, -0.000000000000000000, -1.000000000000000000 ) ) ;
#5198 = DIRECTION ( 'NONE',  ( 1.000000000000000000, -0.000000000000000000, -0.000000000000000000 ) ) ;
#5199 = FACE_OUTER_BOUND ( 'NONE', #6453, .T. ) ;
#5200 = EDGE_LOOP ( 'NONE', ( #8855, #2604, #238, #2393 ) ) ;
#5201 = ORIENTED_EDGE ( 'NONE', *, *, #5895, .F. ) ;
#5202 = EDGE_CURVE ( 'NONE', #8423, #6725, #7051, .T. ) ;
#5203 = VECTOR ( 'NONE', #683, 1000.000000000000114 ) ;
#5204 = AXIS2_PLACEMENT_3D ( 'NONE', #6259, #1981, #4755 ) ;
#5205 = DIRECTION ( 'NONE',  ( 0.000000000000000000, 0.000000000000000000, 1.000000000000000000 ) ) ;
#5206 = CARTESIAN_POINT ( 'NONE',  ( -37.75000000000000711, 113.9403061905773740, -7.599999999999997868 ) ) ;
#5207 = TOROIDAL_SURFACE ( 'NONE', #4741, 4.000000000000000000, 2.000000000000000000 ) ;
#5209 = CARTESIAN_POINT ( 'NONE',  ( -25.99999999999999645, 12.49999999999999822, -12.50000000000000000 ) ) ;
#5208 = AXIS2_PLACEMENT_3D ( 'NONE', #1874, #9054, #5541 ) ;
#5210 = EDGE_CURVE ( 'NONE', #3949, #1165, #8866, .T. ) ;
#5211 = CYLINDRICAL_SURFACE ( 'NONE', #7457, 0.8999999999999980238 ) ;
#5212 = LINE ( 'NONE', #8074, #984 ) ;
#5213 = ORIENTED_EDGE ( 'NONE', *, *, #1804, .F. ) ;
#5214 = CARTESIAN_POINT ( 'NONE',  ( 28.00000000000000000, 12.50000000000001599, -12.50000000000000000 ) ) ;
#5215 = DIRECTION ( 'NONE',  ( 3.520350958453880090E-46, -2.029344161882401514E-31, 1.000000000000000000 ) ) ;
#5216 = EDGE_LOOP ( 'NONE', ( #4582, #6708 ) ) ;
#5217 = VECTOR ( 'NONE', #8073, 1000.000000000000000 ) ;
#5218 = LINE ( 'NONE', #5394, #3006 ) ;
#5219 = ADVANCED_FACE ( 'NONE', ( #1720, #5998 ), #5346, .T. ) ;
#5220 = CIRCLE ( 'NONE', #1153, 12.50000000000000000 ) ;
#5221 = DIRECTION ( 'NONE',  ( 0.000000000000000000, 1.000000000000000000, 0.000000000000000000 ) ) ;
#5222 = ADVANCED_FACE ( 'NONE', ( #2571 ), #7539, .F. ) ;
#5223 = DIRECTION ( 'NONE',  ( -0.000000000000000000, 0.000000000000000000, 1.000000000000000000 ) ) ;
#5224 = DIRECTION ( 'NONE',  ( 1.000000000000000000, -0.000000000000000000, -0.000000000000000000 ) ) ;
#5225 = CIRCLE ( 'NONE', #3861, 1.049999999999998934 ) ;
#5226 = CARTESIAN_POINT ( 'NONE',  ( 23.80270634949874164, 107.3560903265936162, -12.48662442605525769 ) ) ;
#5227 = VERTEX_POINT ( 'NONE', #8121 ) ;
#5228 = ORIENTED_EDGE ( 'NONE', *, *, #1166, .F. ) ;
#5229 = AXIS2_PLACEMENT_3D ( 'NONE', #7888, #5081, #3571 ) ;
#5230 = CIRCLE ( 'NONE', #4007, 10.15000000000000036 ) ;
#5231 = CARTESIAN_POINT ( 'NONE',  ( -24.57956382588858446, 4.392584220988753785, -17.58563984513006417 ) ) ;
#5232 = ADVANCED_FACE ( 'NONE', ( #313 ), #6138, .T. ) ;
#5233 = CARTESIAN_POINT ( 'NONE',  ( 24.00000000000000711, 13.54999999999987281, -20.49999999999977618 ) ) ;
#5234 = EDGE_LOOP ( 'NONE', ( #819, #6067, #273, #8655 ) ) ;
#5235 = CARTESIAN_POINT ( 'NONE',  ( 27.99999999999998934, 1.689189189189192808, -18.77505933142119687 ) ) ;
#5236 = EDGE_CURVE ( 'NONE', #5118, #7215, #2421, .T. ) ;
#5237 = AXIS2_PLACEMENT_3D ( 'NONE', #6998, #6255, #4082 ) ;
#5238 = VERTEX_POINT ( 'NONE', #974 ) ;
#5239 = ORIENTED_EDGE ( 'NONE', *, *, #505, .T. ) ;
#5240 = VECTOR ( 'NONE', #1397, 1000.000000000000000 ) ;
#5241 = DIRECTION ( 'NONE',  ( 0.000000000000000000, 0.000000000000000000, -1.000000000000000000 ) ) ;
#5242 = DIRECTION ( 'NONE',  ( -1.000000000000000000, 1.541976423090495387E-16, 0.000000000000000000 ) ) ;
#5243 = ORIENTED_EDGE ( 'NONE', *, *, #7460, .F. ) ;
#5244 = CARTESIAN_POINT ( 'NONE',  ( -29.84732257083447138, 3.710523538427521029, -19.60682239485648992 ) ) ;
#5245 = VERTEX_POINT ( 'NONE', #6045 ) ;
#5246 = DIRECTION ( 'NONE',  ( -0.4999999999999977796, 0.8660254037844398178, 0.000000000000000000 ) ) ;
#5247 = DIRECTION ( 'NONE',  ( 8.019547272036671442E-16, 0.000000000000000000, -1.000000000000000000 ) ) ;
#5248 = DIRECTION ( 'NONE',  ( -1.541976423090495387E-16, -1.000000000000000000, 0.000000000000000000 ) ) ;
#5249 = ORIENTED_EDGE ( 'NONE', *, *, #8999, .T. ) ;
#5250 = VERTEX_POINT ( 'NONE', #7585 ) ;
#5251 = CIRCLE ( 'NONE', #3141, 4.000000000000000000 ) ;
#5252 = DIRECTION ( 'NONE',  ( 0.000000000000000000, 0.000000000000000000, 1.000000000000000000 ) ) ;
#5253 = AXIS2_PLACEMENT_3D ( 'NONE', #2583, #8304, #8398 ) ;
#5254 = CARTESIAN_POINT ( 'NONE',  ( -29.93660964375249023, 3.991222830348011730, -25.31931081977041131 ) ) ;
#5255 = EDGE_CURVE ( 'NONE', #9106, #1120, #6884, .T. ) ;
#5256 = CARTESIAN_POINT ( 'NONE',  ( 20.25000000000000000, 104.4400000000000261, -66.28256290493601455 ) ) ;
#5257 = DIRECTION ( 'NONE',  ( -0.8090169943749481174, 6.508371548838532583E-17, -0.5877852522924723599 ) ) ;
#5258 = VERTEX_POINT ( 'NONE', #3136 ) ;
#5259 = CARTESIAN_POINT ( 'NONE',  ( 25.99999999999999645, 12.50000000000021316, -4.499999999999771738 ) ) ;
#5260 = CARTESIAN_POINT ( 'NONE',  ( -16.57654914134644741, 94.44000000000002615, -22.99999999999999289 ) ) ;
#5261 = ORIENTED_EDGE ( 'NONE', *, *, #2392, .T. ) ;
#5262 = CIRCLE ( 'NONE', #6155, 4.000000000000000000 ) ;
#5263 = CARTESIAN_POINT ( 'NONE',  ( -25.99999999999999645, 21.55000000000000071, -12.50000000000000000 ) ) ;
#5264 = LINE ( 'NONE', #364, #3576 ) ;
#5265 = EDGE_CURVE ( 'NONE', #6334, #2921, #448, .T. ) ;
#5266 = CARTESIAN_POINT ( 'NONE',  ( 25.99999999999999645, 12.49999999999987388, -20.49999999999977618 ) ) ;
#5267 = CARTESIAN_POINT ( 'NONE',  ( -5.663118960624838216, 80.80934643409020168, -15.65739561406607727 ) ) ;
#5268 = CIRCLE ( 'NONE', #3151, 10.15000000000000036 ) ;
#5269 = CARTESIAN_POINT ( 'NONE',  ( -37.75000000000000711, 113.9403061905773598, -20.69999999999999929 ) ) ;
#5270 = CARTESIAN_POINT ( 'NONE',  ( -21.55000000000001137, 108.9309918853871579, -23.00000000000000000 ) ) ;
#5271 = ORIENTED_EDGE ( 'NONE', *, *, #4474, .F. ) ;
#5272 = EDGE_CURVE ( 'NONE', #3746, #747, #8907, .T. ) ;
#5273 = AXIS2_PLACEMENT_3D ( 'NONE', #5477, #1899, #4768 ) ;
#5274 = CIRCLE ( 'NONE', #8400, 4.000000000000001776 ) ;
#5275 = CARTESIAN_POINT ( 'NONE',  ( 28.55000000000000071, 108.9309918853872290, -25.00000000000000000 ) ) ;
#5276 = DIRECTION ( 'NONE',  ( 0.9510565162951540863, 0.000000000000000000, -0.3090169943749457304 ) ) ;
#5277 = EDGE_CURVE ( 'NONE', #3463, #1139, #3318, .T. ) ;
#5278 = FACE_BOUND ( 'NONE', #7878, .T. ) ;
#5279 = AXIS2_PLACEMENT_3D ( 'NONE', #386, #3164, #253 ) ;
#5280 = ORIENTED_EDGE ( 'NONE', *, *, #6146, .T. ) ;
#5281 = PLANE ( 'NONE',  #4595 ) ;
#5282 = EDGE_CURVE ( 'NONE', #2505, #225, #6322, .T. ) ;
#5283 = ORIENTED_EDGE ( 'NONE', *, *, #1126, .T. ) ;
#5284 = ORIENTED_EDGE ( 'NONE', *, *, #5144, .F. ) ;
#5285 = ADVANCED_FACE ( 'NONE', ( #7726 ), #6971, .F. ) ;
#5286 = DIRECTION ( 'NONE',  ( 0.5877852522924734702, 0.000000000000000000, 0.8090169943749472292 ) ) ;
#5287 = DIRECTION ( 'NONE',  ( 0.000000000000000000, 1.000000000000000000, 0.000000000000000000 ) ) ;
#5288 = ORIENTED_EDGE ( 'NONE', *, *, #152, .T. ) ;
#5289 = CARTESIAN_POINT ( 'NONE',  ( -28.84720359260462175, 2.673319474141863328, -20.07454221106245740 ) ) ;
#5290 = ORIENTED_EDGE ( 'NONE', *, *, #1504, .F. ) ;
#5291 = LINE ( 'NONE', #8109, #6051 ) ;
#5292 = CARTESIAN_POINT ( 'NONE',  ( -26.00000000000000000, 18.15685424949254667, -6.843145750507550140 ) ) ;
#5293 = PLANE ( 'NONE',  #47 ) ;
#5294 = ORIENTED_EDGE ( 'NONE', *, *, #6807, .F. ) ;
#5295 = ORIENTED_EDGE ( 'NONE', *, *, #2617, .T. ) ;
#5296 = VERTEX_POINT ( 'NONE', #2047 ) ;
#5297 = CARTESIAN_POINT ( 'NONE',  ( -23.55000000000002203, 116.0903061905773512, -21.59999999999999787 ) ) ;
#5298 = DIRECTION ( 'NONE',  ( -0.000000000000000000, 1.000000000000000000, -0.000000000000000000 ) ) ;
#5299 = DIRECTION ( 'NONE',  ( -0.000000000000000000, 1.000000000000000000, -0.000000000000000000 ) ) ;
#5300 = ORIENTED_EDGE ( 'NONE', *, *, #7263, .F. ) ;
#5301 = CARTESIAN_POINT ( 'NONE',  ( 26.00000000000000000, 12.50000000000000355, -25.49999999999999645 ) ) ;
#5302 = DIRECTION ( 'NONE',  ( 0.000000000000000000, 0.000000000000000000, 1.000000000000000000 ) ) ;
#5303 = CARTESIAN_POINT ( 'NONE',  ( 24.00000000000000711, 13.55000000000021032, -4.499999999999771738 ) ) ;
#5304 = ORIENTED_EDGE ( 'NONE', *, *, #5595, .T. ) ;
#5305 = DIRECTION ( 'NONE',  ( -0.8660254037844397068, 0.4999999999999979461, -0.000000000000000000 ) ) ;
#5306 = VECTOR ( 'NONE', #6309, 1000.000000000000000 ) ;
#5307 = LINE ( 'NONE', #6842, #7181 ) ;
#5308 = AXIS2_PLACEMENT_3D ( 'NONE', #3301, #7480, #6690 ) ;
#5309 = DIRECTION ( 'NONE',  ( 1.000000000000000000, -1.541976423090495387E-16, 0.000000000000000000 ) ) ;
#5310 = CARTESIAN_POINT ( 'NONE',  ( 22.54999999999997229, 118.9400000000000972, -24.73205080756887853 ) ) ;
#5311 = DIRECTION ( 'NONE',  ( 0.000000000000000000, -1.000000000000000000, 0.000000000000000000 ) ) ;
#5312 = ORIENTED_EDGE ( 'NONE', *, *, #2731, .F. ) ;
#5313 = AXIS2_PLACEMENT_3D ( 'NONE', #6460, #2236, #1474 ) ;
#5314 = EDGE_CURVE ( 'NONE', #3083, #3172, #750, .T. ) ;
#5315 = TOROIDAL_SURFACE ( 'NONE', #1555, 7.000000000000000000, 2.000000000000000000 ) ;
#5316 = EDGE_CURVE ( 'NONE', #3558, #5296, #7682, .T. ) ;
#5317 = CARTESIAN_POINT ( 'NONE',  ( -37.75000000000000711, 113.9403061905773740, -7.599999999999997868 ) ) ;
#5318 = ADVANCED_FACE ( 'NONE', ( #4910 ), #4862, .T. ) ;
#5319 = LINE ( 'NONE', #1032, #3117 ) ;
#5320 = FACE_OUTER_BOUND ( 'NONE', #6037, .T. ) ;
#5321 = VERTEX_POINT ( 'NONE', #5614 ) ;
#5322 = CARTESIAN_POINT ( 'NONE',  ( -23.14991546844103709, 15.99347151382306542, -2.057285541966312081 ) ) ;
#5323 = VERTEX_POINT ( 'NONE', #4250 ) ;
#5324 = ORIENTED_EDGE ( 'NONE', *, *, #7614, .F. ) ;
#5325 = ADVANCED_FACE ( 'NONE', ( #8334, #4151 ), #1338, .T. ) ;
#5326 = CIRCLE ( 'NONE', #1266, 3.000000000000002220 ) ;
#5327 = EDGE_CURVE ( 'NONE', #8434, #511, #8255, .T. ) ;
#5328 = DIRECTION ( 'NONE',  ( 1.000000000000000000, -0.000000000000000000, -0.000000000000000000 ) ) ;
#5329 = VERTEX_POINT ( 'NONE', #7636 ) ;
#5330 = CARTESIAN_POINT ( 'NONE',  ( -28.26931186714935151, 1.706069463259336505, -18.77678475572281158 ) ) ;
#5331 = ORIENTED_EDGE ( 'NONE', *, *, #8199, .T. ) ;
#5332 = CARTESIAN_POINT ( 'NONE',  ( -27.42157287525381903, 94.32466048530504565, -25.00000000000000355 ) ) ;
#5333 = DIRECTION ( 'NONE',  ( 1.000000000000000000, -2.312964634635742661E-15, 0.000000000000000000 ) ) ;
#5334 = DIRECTION ( 'NONE',  ( 1.000000000000000000, 1.360567432138672574E-16, -0.000000000000000000 ) ) ;
#5335 = ORIENTED_EDGE ( 'NONE', *, *, #7541, .F. ) ;
#5336 = ORIENTED_EDGE ( 'NONE', *, *, #4153, .F. ) ;
#5337 = ORIENTED_EDGE ( 'NONE', *, *, #6691, .T. ) ;
#5338 = CIRCLE ( 'NONE', #8630, 2.149999999999999023 ) ;
#5339 = CARTESIAN_POINT ( 'NONE',  ( 29.99999999999999645, 13.82287565553228958, -27.00000000000000355 ) ) ;
#5340 = DIRECTION ( 'NONE',  ( -0.000000000000000000, 0.000000000000000000, 1.000000000000000000 ) ) ;
#5341 = DIRECTION ( 'NONE',  ( 1.000000000000000000, 2.312964634635742267E-15, 0.000000000000000000 ) ) ;
#5342 = VERTEX_POINT ( 'NONE', #4105 ) ;
#5343 = CARTESIAN_POINT ( 'NONE',  ( 26.25000000000000355, 94.67022964293305165, -25.00000000000000000 ) ) ;
#5344 = EDGE_CURVE ( 'NONE', #6069, #2874, #5556, .T. ) ;
#5345 = EDGE_CURVE ( 'NONE', #1165, #2102, #4801, .T. ) ;
#5346 = PLANE ( 'NONE',  #6621 ) ;
#5347 = DIRECTION ( 'NONE',  ( -0.8399223068573764550, 0.5427066596637479812, 0.000000000000000000 ) ) ;
#5348 = VECTOR ( 'NONE', #1992, 1000.000000000000114 ) ;
#5349 = VECTOR ( 'NONE', #9009, 1000.000000000000000 ) ;
#5350 = ORIENTED_EDGE ( 'NONE', *, *, #6061, .F. ) ;
#5351 = AXIS2_PLACEMENT_3D ( 'NONE', #6993, #7609, #6298 ) ;
#5352 = DIRECTION ( 'NONE',  ( 0.000000000000000000, 1.000000000000000000, 0.000000000000000000 ) ) ;
#5353 = CIRCLE ( 'NONE', #1286, 2.000000000000003553 ) ;
#5354 = CYLINDRICAL_SURFACE ( 'NONE', #4779, 2.149999999999997247 ) ;
#5355 = DIRECTION ( 'NONE',  ( 0.000000000000000000, 0.000000000000000000, -1.000000000000000000 ) ) ;
#5356 = CARTESIAN_POINT ( 'NONE',  ( 24.83126836019011208, 105.5801250899406654, -12.92031710375137088 ) ) ;
#5357 = CARTESIAN_POINT ( 'NONE',  ( 25.99999999999999645, 16.00685424949253743, -6.843145750507550140 ) ) ;
#5358 = VERTEX_POINT ( 'NONE', #6367 ) ;
#5359 = DIRECTION ( 'NONE',  ( 0.000000000000000000, -1.000000000000000000, 0.000000000000000000 ) ) ;
#5360 = VECTOR ( 'NONE', #2851, 1000.000000000000114 ) ;
#5361 = EDGE_CURVE ( 'NONE', #9019, #2913, #6009, .T. ) ;
#5362 = DIRECTION ( 'NONE',  ( 1.000000000000000000, 1.734723475976807292E-15, -8.787991997524760300E-17 ) ) ;
#5363 = FACE_OUTER_BOUND ( 'NONE', #5036, .T. ) ;
#5364 = ORIENTED_EDGE ( 'NONE', *, *, #5380, .F. ) ;
#5365 = FACE_OUTER_BOUND ( 'NONE', #7948, .T. ) ;
#5366 = EDGE_LOOP ( 'NONE', ( #5941, #6894, #3932, #8905, #8715 ) ) ;
#5367 = AXIS2_PLACEMENT_3D ( 'NONE', #13, #5276, #5745 ) ;
#5368 = TOROIDAL_SURFACE ( 'NONE', #3413, 4.000000000000000000, 2.000000000000000000 ) ;
#5369 = AXIS2_PLACEMENT_3D ( 'NONE', #2121, #7705, #9107 ) ;
#5370 = CARTESIAN_POINT ( 'NONE',  ( 8.586881039375148461, 96.44000000000002615, -9.000000000000001776 ) ) ;
#5371 = ADVANCED_FACE ( 'NONE', ( #4818 ), #5526, .F. ) ;
#5372 = APPLICATION_PROTOCOL_DEFINITION ( 'international standard', 'config_control_design', 1994, #2171 ) ;
#5373 = EDGE_LOOP ( 'NONE', ( #7523, #4409, #8789, #4579 ) ) ;
#5374 = CARTESIAN_POINT ( 'NONE',  ( -28.13543178498860087, 1.689189189075051667, -18.77505933122466431 ) ) ;
#5375 = DIRECTION ( 'NONE',  ( 0.000000000000000000, -1.000000000000000000, 0.000000000000000000 ) ) ;
#5376 = CARTESIAN_POINT ( 'NONE',  ( 26.25000000000000355, 94.67022964293305165, -25.00000000000000000 ) ) ;
#5377 = DIRECTION ( 'NONE',  ( -0.000000000000000000, 0.000000000000000000, 1.000000000000000000 ) ) ;
#5378 = DIRECTION ( 'NONE',  ( -1.000000000000000000, -9.912705577010326782E-17, 0.000000000000000000 ) ) ;
#5379 = ORIENTED_EDGE ( 'NONE', *, *, #5397, .F. ) ;
#5380 = EDGE_CURVE ( 'NONE', #7519, #5342, #5274, .T. ) ;
#5381 = ORIENTED_EDGE ( 'NONE', *, *, #275, .T. ) ;
#5382 = EDGE_LOOP ( 'NONE', ( #2953, #159, #2374, #5883 ) ) ;
#5383 = AXIS2_PLACEMENT_3D ( 'NONE', #8218, #6760, #3814 ) ;
#5384 = DIRECTION ( 'NONE',  ( 0.8660254037844397068, -0.4999999999999979461, 0.000000000000000000 ) ) ;
#5385 = LINE ( 'NONE', #3313, #2432 ) ;
#5386 = CARTESIAN_POINT ( 'NONE',  ( -29.99999999999999645, 4.500000000000000888, -24.99999999999999289 ) ) ;
#5387 = ORIENTED_EDGE ( 'NONE', *, *, #2392, .F. ) ;
#5388 = CYLINDRICAL_SURFACE ( 'NONE', #352, 2.149999999999999023 ) ;
#5389 = EDGE_CURVE ( 'NONE', #6646, #7941, #6184, .T. ) ;
#5390 = DIRECTION ( 'NONE',  ( 1.000000000000000000, -1.541976423090495387E-16, -0.000000000000000000 ) ) ;
#5391 = CARTESIAN_POINT ( 'NONE',  ( 5.663118960624426101, 96.44000000000002615, -15.65739561406607372 ) ) ;
#5392 = VERTEX_POINT ( 'NONE', #7823 ) ;
#5393 = ORIENTED_EDGE ( 'NONE', *, *, #2407, .T. ) ;
#5394 = CARTESIAN_POINT ( 'NONE',  ( 23.00000000000000000, 48.08242211413647027, -3.000000000000002665 ) ) ;
#5395 = CIRCLE ( 'NONE', #5369, 2.149999999999999023 ) ;
#5396 = CARTESIAN_POINT ( 'NONE',  ( 22.24999999999998579, 116.0903061905773939, -7.599999999999997868 ) ) ;
#5397 = EDGE_CURVE ( 'NONE', #1442, #4659, #1604, .T. ) ;
#5398 = FACE_OUTER_BOUND ( 'NONE', #3023, .T. ) ;
#5399 = CARTESIAN_POINT ( 'NONE',  ( -27.99999999999999289, 2.499999999999997335, -21.78708781050335830 ) ) ;
#5400 = FACE_OUTER_BOUND ( 'NONE', #3255, .T. ) ;
#5401 = AXIS2_PLACEMENT_3D ( 'NONE', #3926, #8871, #1769 ) ;
#5402 = VERTEX_POINT ( 'NONE', #8013 ) ;
#5403 =( BOUNDED_CURVE ( )  B_SPLINE_CURVE ( 3, ( #3392, #7052, #6954, #568 ),
 .UNSPECIFIED., .F., .T. ) 
 B_SPLINE_CURVE_WITH_KNOTS ( ( 4, 4 ),
 ( 2.094395102393194374, 3.141592653589793116 ),
 .UNSPECIFIED. ) 
 CURVE ( )  GEOMETRIC_REPRESENTATION_ITEM ( )  RATIONAL_B_SPLINE_CURVE ( ( 1.000000000000000000, 0.9106836025229588794, 0.9106836025229588794, 1.000000000000000000 ) ) 
 REPRESENTATION_ITEM ( '' )  );
#5404 = DIRECTION ( 'NONE',  ( -0.000000000000000000, -1.000000000000000000, -0.000000000000000000 ) ) ;
#5405 = VECTOR ( 'NONE', #6976, 1000.000000000000000 ) ;
#5406 = DIRECTION ( 'NONE',  ( 1.000000000000000000, -1.898094922533725623E-16, 0.000000000000000000 ) ) ;
#5407 = EDGE_LOOP ( 'NONE', ( #6351, #2814, #23, #8239 ) ) ;
#5408 = CARTESIAN_POINT ( 'NONE',  ( 27.99478144879476460, 18.08852343133674623, -23.00000000000000000 ) ) ;
#5409 = VECTOR ( 'NONE', #5390, 1000.000000000000000 ) ;
#5410 = VERTEX_POINT ( 'NONE', #1475 ) ;
#5411 = DIRECTION ( 'NONE',  ( 0.000000000000000000, 1.000000000000000000, 0.000000000000000000 ) ) ;
#5412 = AXIS2_PLACEMENT_3D ( 'NONE', #4814, #7678, #6410 ) ;
#5413 = CARTESIAN_POINT ( 'NONE',  ( 29.97941344953330045, 4.163508753541611540, -19.42682971295275607 ) ) ;
#5414 = CARTESIAN_POINT ( 'NONE',  ( 28.25000000000001421, 94.08030619057738875, -0.8284271247461876264 ) ) ;
#5415 = ORIENTED_EDGE ( 'NONE', *, *, #1466, .T. ) ;
#5416 = DIRECTION ( 'NONE',  ( 0.000000000000000000, 0.000000000000000000, 1.000000000000000000 ) ) ;
#5417 = CARTESIAN_POINT ( 'NONE',  ( -13.98768373480797678, 60.21388856614259311, -25.00000000000000000 ) ) ;
#5418 = LINE ( 'NONE', #7398, #5908 ) ;
#5419 = DIRECTION ( 'NONE',  ( -1.000000000000000000, 0.000000000000000000, -8.019547272036671442E-16 ) ) ;
#5420 = DIRECTION ( 'NONE',  ( -7.009341333409673896E-17, 0.7071067811865437980, 0.7071067811865513475 ) ) ;
#5421 = VERTEX_POINT ( 'NONE', #7916 ) ;
#5422 = ADVANCED_FACE ( 'NONE', ( #3035 ), #7966, .F. ) ;
#5423 = ORIENTED_EDGE ( 'NONE', *, *, #251, .T. ) ;
#5424 = VERTEX_POINT ( 'NONE', #3546 ) ;
#5425 = EDGE_CURVE ( 'NONE', #9019, #8466, #913, .T. ) ;
#5426 = EDGE_CURVE ( 'NONE', #7072, #5694, #5122, .T. ) ;
#5427 = CARTESIAN_POINT ( 'NONE',  ( -26.00000000000000000, 18.15685424949231219, -18.15685424949224469 ) ) ;
#5428 = EDGE_CURVE ( 'NONE', #8672, #1658, #7370, .T. ) ;
#5429 = CARTESIAN_POINT ( 'NONE',  ( 29.57029951316431848, 51.21726115183010819, 0.000000000000000000 ) ) ;
#5430 = CARTESIAN_POINT ( 'NONE',  ( -23.53962286368314238, 115.3575959985579260, -23.22400412233717049 ) ) ;
#5431 = DIRECTION ( 'NONE',  ( -1.541976423090495387E-16, 1.000000000000000000, 0.000000000000000000 ) ) ;
#5432 = EDGE_LOOP ( 'NONE', ( #8620, #1869, #8140, #6830 ) ) ;
#5433 = DIRECTION ( 'NONE',  ( -0.000000000000000000, 0.000000000000000000, 1.000000000000000000 ) ) ;
#5434 = CARTESIAN_POINT ( 'NONE',  ( -11.58728778948666793, 12.49999999999999822, -25.50000000000000355 ) ) ;
#5435 = CARTESIAN_POINT ( 'NONE',  ( 58.00000000000002132, 18.15685424949254312, -6.843145750507550140 ) ) ;
#5436 = ORIENTED_EDGE ( 'NONE', *, *, #3700, .T. ) ;
#5437 = DIRECTION ( 'NONE',  ( -0.000000000000000000, 0.000000000000000000, 1.000000000000000000 ) ) ;
#5438 = CARTESIAN_POINT ( 'NONE',  ( 23.55621953326553353, 108.6711834140157862, -15.88241610688538508 ) ) ;
#5439 = EDGE_CURVE ( 'NONE', #6334, #1499, #6414, .T. ) ;
#5440 = CARTESIAN_POINT ( 'NONE',  ( 23.10383893667269106, 16.53697725661882600, -22.78959427889077105 ) ) ;
#5441 = CARTESIAN_POINT ( 'NONE',  ( 25.99999999999999645, 13.54999999999987459, -20.49999999999977618 ) ) ;
#5442 = CARTESIAN_POINT ( 'NONE',  ( -22.25000000000000000, 113.9403061905773598, -7.599999999999997868 ) ) ;
#5443 = EDGE_CURVE ( 'NONE', #4892, #5810, #1427, .T. ) ;
#5444 = ORIENTED_EDGE ( 'NONE', *, *, #6682, .F. ) ;
#5445 = CC_DESIGN_DATE_AND_TIME_ASSIGNMENT ( #1225, #6257, ( #1816 ) ) ;
#5446 = AXIS2_PLACEMENT_3D ( 'NONE', #43, #142, #3668 ) ;
#5447 = CARTESIAN_POINT ( 'NONE',  ( -12.08688103937556590, 96.44000000000002615, -11.54289884801876198 ) ) ;
#5448 = DIRECTION ( 'NONE',  ( 1.000000000000000000, 0.000000000000000000, 0.000000000000000000 ) ) ;
#5449 = CARTESIAN_POINT ( 'NONE',  ( 22.24999999999998579, 106.9403061905773740, -14.59999999999999787 ) ) ;
#5450 = DIRECTION ( 'NONE',  ( -0.000000000000000000, 1.000000000000000000, -0.000000000000000000 ) ) ;
#5451 = AXIS2_PLACEMENT_3D ( 'NONE', #58, #7711, #7852 ) ;
#5452 = VECTOR ( 'NONE', #5334, 1000.000000000000000 ) ;
#5453 = CARTESIAN_POINT ( 'NONE',  ( -25.99999999999999645, 13.82287565553229314, -22.00000000000000355 ) ) ;
#5454 = ORIENTED_EDGE ( 'NONE', *, *, #4173, .F. ) ;
#5455 = CARTESIAN_POINT ( 'NONE',  ( -23.55000000000002558, 117.9399999999999977, -23.00000000000000000 ) ) ;
#5456 = VECTOR ( 'NONE', #7134, 1000.000000000000000 ) ;
#5457 = ADVANCED_FACE ( 'NONE', ( #6506 ), #6605, .F. ) ;
#5458 = EDGE_CURVE ( 'NONE', #437, #3084, #3594, .T. ) ;
#5459 = CC_DESIGN_PERSON_AND_ORGANIZATION_ASSIGNMENT ( #1132, #2508, ( #3331 ) ) ;
#5460 = EDGE_LOOP ( 'NONE', ( #5336, #4533, #707, #1704 ) ) ;
#5461 = CARTESIAN_POINT ( 'NONE',  ( 23.94646554102024893, 1.931715076956262989, -7.500000000000005329 ) ) ;
#5462 = AXIS2_PLACEMENT_3D ( 'NONE', #8310, #6991, #1970 ) ;
#5463 = AXIS2_PLACEMENT_3D ( 'NONE', #8529, #721, #2091 ) ;
#5464 = FACE_OUTER_BOUND ( 'NONE', #7638, .T. ) ;
#5465 = DIRECTION ( 'NONE',  ( 0.000000000000000000, 1.000000000000000000, 0.000000000000000000 ) ) ;
#5466 = VERTEX_POINT ( 'NONE', #3640 ) ;
#5467 = FACE_OUTER_BOUND ( 'NONE', #3058, .T. ) ;
#5468 = CARTESIAN_POINT ( 'NONE',  ( 23.25759107883152765, 14.50863127347225934, -1.782642890053762308 ) ) ;
#5469 = DIRECTION ( 'NONE',  ( 0.000000000000000000, 0.000000000000000000, 1.000000000000000000 ) ) ;
#5470 = CARTESIAN_POINT ( 'NONE',  ( -20.25000000000000000, 113.9403061905773598, -22.49999999999999645 ) ) ;
#5471 = FACE_BOUND ( 'NONE', #4760, .T. ) ;
#5472 = ORIENTED_EDGE ( 'NONE', *, *, #7488, .T. ) ;
#5473 = VERTEX_POINT ( 'NONE', #8667 ) ;
#5474 = ORIENTED_EDGE ( 'NONE', *, *, #2270, .F. ) ;
#5475 = AXIS2_PLACEMENT_3D ( 'NONE', #5719, #1441, #6477 ) ;
#5476 = DIRECTION ( 'NONE',  ( 0.000000000000000000, 0.000000000000000000, 1.000000000000000000 ) ) ;
#5477 = CARTESIAN_POINT ( 'NONE',  ( 23.54999999999999716, 106.9403061905773740, -14.59999999999999787 ) ) ;
#5478 = CARTESIAN_POINT ( 'NONE',  ( -23.45309762442414936, 113.1843278374477677, -23.61865978822660850 ) ) ;
#5479 = DIRECTION ( 'NONE',  ( -1.000000000000000000, -1.734723475976807094E-15, 0.000000000000000000 ) ) ;
#5480 = ORIENTED_EDGE ( 'NONE', *, *, #7202, .F. ) ;
#5481 = DIRECTION ( 'NONE',  ( 1.000000000000000000, -0.000000000000000000, -0.000000000000000000 ) ) ;
#5482 = CARTESIAN_POINT ( 'NONE',  ( -29.43035930572808923, 3.079454253804076114, -21.14393803262442617 ) ) ;
#5483 = DIRECTION ( 'NONE',  ( -0.000000000000000000, 0.000000000000000000, -1.000000000000000000 ) ) ;
#5484 = EDGE_CURVE ( 'NONE', #2921, #7098, #6461, .T. ) ;
#5485 = EDGE_LOOP ( 'NONE', ( #2853, #6333, #5923, #7573 ) ) ;
#5486 = FACE_OUTER_BOUND ( 'NONE', #4307, .T. ) ;
#5487 = CARTESIAN_POINT ( 'NONE',  ( 25.72823434151570154, 104.8031044571827408, -14.86865308827653820 ) ) ;
#5488 = DIRECTION ( 'NONE',  ( 0.000000000000000000, 1.829999629156732544E-31, -1.000000000000000000 ) ) ;
#5489 = VECTOR ( 'NONE', #7210, 1000.000000000000000 ) ;
#5490 = DIRECTION ( 'NONE',  ( 0.000000000000000000, 0.000000000000000000, 1.000000000000000000 ) ) ;
#5491 = TOROIDAL_SURFACE ( 'NONE', #6685, 5.000000000000000000, 3.000000000000000000 ) ;
#5492 = DIRECTION ( 'NONE',  ( 1.898094922533725623E-16, 1.000000000000000000, 0.000000000000000000 ) ) ;
#5493 = VERTEX_POINT ( 'NONE', #2887 ) ;
#5494 = EDGE_CURVE ( 'NONE', #5672, #2088, #6306, .T. ) ;
#5495 = CARTESIAN_POINT ( 'NONE',  ( -25.99999999999999645, 13.55000000000020322, -4.499999999999771738 ) ) ;
#5496 = AXIS2_PLACEMENT_3D ( 'NONE', #7233, #6385, #8592 ) ;
#5497 = EDGE_CURVE ( 'NONE', #5108, #1404, #3692, .T. ) ;
#5498 = DIRECTION ( 'NONE',  ( 0.3090169943749471737, 0.000000000000000000, -0.9510565162951536422 ) ) ;
#5499 = AXIS2_PLACEMENT_3D ( 'NONE', #6541, #2175, #4380 ) ;
#5500 = CARTESIAN_POINT ( 'NONE',  ( -29.99999999999999645, 4.828427124746174748, -23.50000000000000000 ) ) ;
#5501 = DIRECTION ( 'NONE',  ( 1.000000000000000000, -0.000000000000000000, -0.000000000000000000 ) ) ;
#5502 = AXIS2_PLACEMENT_3D ( 'NONE', #6103, #5406, #7513 ) ;
#5503 = CARTESIAN_POINT ( 'NONE',  ( 26.25000000000000355, 102.3196380149609865, 0.000000000000000000 ) ) ;
#5504 = ORIENTED_EDGE ( 'NONE', *, *, #5859, .F. ) ;
#5505 = CARTESIAN_POINT ( 'NONE',  ( -22.55000000000001847, 118.9400000000000261, -24.73205080756887853 ) ) ;
#5506 = EDGE_LOOP ( 'NONE', ( #6948, #6379, #3734, #3631, #6491, #6959 ) ) ;
#5507 = VECTOR ( 'NONE', #8392, 999.9999999999998863 ) ;
#5508 = DIRECTION ( 'NONE',  ( 1.000000000000000000, 0.000000000000000000, 0.000000000000000000 ) ) ;
#5509 = EDGE_CURVE ( 'NONE', #2465, #154, #2191, .T. ) ;
#5510 = CARTESIAN_POINT ( 'NONE',  ( 28.46506871813332040, 2.553683944160177521, -21.72911309691194148 ) ) ;
#5511 = ORIENTED_EDGE ( 'NONE', *, *, #5484, .F. ) ;
#5512 = DIRECTION ( 'NONE',  ( 1.000000000000000000, -0.000000000000000000, -0.000000000000000000 ) ) ;
#5513 = DIRECTION ( 'NONE',  ( 2.579370461232904926E-32, -2.602085213965210149E-16, -1.000000000000000000 ) ) ;
#5514 = AXIS2_PLACEMENT_3D ( 'NONE', #5339, #3959, #4767 ) ;
#5515 = LINE ( 'NONE', #7005, #6791 ) ;
#5516 = EDGE_LOOP ( 'NONE', ( #2948, #1048, #718, #1561, #3195 ) ) ;
#5517 = EDGE_LOOP ( 'NONE', ( #35, #5707, #5179, #562 ) ) ;
#5518 = VERTEX_POINT ( 'NONE', #8764 ) ;
#5519 = VECTOR ( 'NONE', #7378, 1000.000000000000000 ) ;
#5520 = CARTESIAN_POINT ( 'NONE',  ( 21.54999999999997939, 117.9400000000000972, 0.000000000000000000 ) ) ;
#5521 = DIRECTION ( 'NONE',  ( 1.000000000000000000, -1.541976423090495387E-16, -0.000000000000000000 ) ) ;
#5522 = DIRECTION ( 'NONE',  ( -1.898094922533725623E-16, -1.000000000000000000, -0.000000000000000000 ) ) ;
#5523 = DIRECTION ( 'NONE',  ( 0.000000000000000000, 1.000000000000000000, 0.000000000000000000 ) ) ;
#5524 = ORIENTED_EDGE ( 'NONE', *, *, #327, .T. ) ;
#5525 = DIRECTION ( 'NONE',  ( 9.912705577010326782E-17, -1.000000000000000000, 0.000000000000000000 ) ) ;
#5526 = CYLINDRICAL_SURFACE ( 'NONE', #3159, 6.000000000000000000 ) ;
#5527 = CARTESIAN_POINT ( 'NONE',  ( 23.28753429247973017, 13.82287565553229314, -23.28161218218567186 ) ) ;
#5528 = AXIS2_PLACEMENT_3D ( 'NONE', #4652, #7512, #7554 ) ;
#5529 = EDGE_LOOP ( 'NONE', ( #1695, #5754, #2271, #2207, #834, #1027, #1741 ) ) ;
#5530 = ORIENTED_EDGE ( 'NONE', *, *, #4982, .T. ) ;
#5531 = DIRECTION ( 'NONE',  ( 1.000000000000000000, 1.734723475976807292E-15, -0.000000000000000000 ) ) ;
#5532 = FACE_OUTER_BOUND ( 'NONE', #6958, .T. ) ;
#5533 = ADVANCED_FACE ( 'NONE', ( #2237 ), #870, .F. ) ;
#5534 = CARTESIAN_POINT ( 'NONE',  ( 26.25000000000000355, 102.3196380149609865, -2.636397599255319797E-17 ) ) ;
#5535 = DIRECTION ( 'NONE',  ( -8.787991997524760300E-17, -1.524473602480251670E-31, -1.000000000000000000 ) ) ;
#5536 = DIRECTION ( 'NONE',  ( 0.9510565162951536422, 0.000000000000000000, -0.3090169943749471737 ) ) ;
#5537 = ORIENTED_EDGE ( 'NONE', *, *, #619, .F. ) ;
#5538 = EDGE_CURVE ( 'NONE', #4379, #5238, #4391, .T. ) ;
#5539 = DIRECTION ( 'NONE',  ( -1.000000000000000000, -1.892425610156517122E-16, -0.000000000000000000 ) ) ;
#5540 = DIRECTION ( 'NONE',  ( -1.000000000000000000, -9.912705577010326782E-17, 2.579370461232904926E-32 ) ) ;
#5541 = DIRECTION ( 'NONE',  ( -0.4999999999999977796, 0.8660254037844398178, 0.000000000000000000 ) ) ;
#5542 = CARTESIAN_POINT ( 'NONE',  ( 5.773401785888007787, 51.10000000000000853, -25.00000000000000000 ) ) ;
#5543 = AXIS2_PLACEMENT_3D ( 'NONE', #2815, #5867, #642 ) ;
#5544 = EDGE_CURVE ( 'NONE', #2346, #7100, #816, .T. ) ;
#5545 = DIRECTION ( 'NONE',  ( -9.912705577010326782E-17, 1.000000000000000000, -0.000000000000000000 ) ) ;
#5546 = VERTEX_POINT ( 'NONE', #1667 ) ;
#5547 = DIRECTION ( 'NONE',  ( 0.000000000000000000, 0.000000000000000000, 1.000000000000000000 ) ) ;
#5548 = ORIENTED_EDGE ( 'NONE', *, *, #7829, .T. ) ;
#5549 = AXIS2_PLACEMENT_3D ( 'NONE', #4963, #7827, #8578 ) ;
#5550 = FACE_OUTER_BOUND ( 'NONE', #2563, .T. ) ;
#5551 = EDGE_CURVE ( 'NONE', #761, #6603, #8406, .T. ) ;
#5552 = CIRCLE ( 'NONE', #2707, 2.000000000000000000 ) ;
#5553 = ADVANCED_FACE ( 'NONE', ( #4535 ), #8895, .F. ) ;
#5554 = CARTESIAN_POINT ( 'NONE',  ( 29.46243074056030053, 3.107156508179405030, -19.86454600962741424 ) ) ;
#5555 = VERTEX_POINT ( 'NONE', #8147 ) ;
#5556 = CIRCLE ( 'NONE', #4205, 2.999999999999999112 ) ;
#5557 = CARTESIAN_POINT ( 'NONE',  ( -27.99999999999999289, 12.49999999999999822, -12.50000000000000000 ) ) ;
#5558 = ORIENTED_EDGE ( 'NONE', *, *, #6641, .F. ) ;
#5559 = CYLINDRICAL_SURFACE ( 'NONE', #6577, 6.000000000000000000 ) ;
#5560 = PLANE ( 'NONE',  #8005 ) ;
#5561 = ORIENTED_EDGE ( 'NONE', *, *, #3038, .F. ) ;
#5562 = ORIENTED_EDGE ( 'NONE', *, *, #7317, .F. ) ;
#5563 = VERTEX_POINT ( 'NONE', #6735 ) ;
#5564 = EDGE_CURVE ( 'NONE', #910, #5321, #3615, .T. ) ;
#5565 = AXIS2_PLACEMENT_3D ( 'NONE', #1505, #7239, #6590 ) ;
#5566 = DIRECTION ( 'NONE',  ( 0.000000000000000000, 1.000000000000000000, 0.000000000000000000 ) ) ;
#5567 = CARTESIAN_POINT ( 'NONE',  ( -24.15534234869041441, 1.734559614311359965, -7.500000000000000000 ) ) ;
#5568 = DIRECTION ( 'NONE',  ( 0.000000000000000000, 1.000000000000000000, -0.000000000000000000 ) ) ;
#5569 = VERTEX_POINT ( 'NONE', #3081 ) ;
#5570 = DIRECTION ( 'NONE',  ( -1.360567432138672574E-16, 1.000000000000000000, 0.000000000000000000 ) ) ;
#5571 = DIRECTION ( 'NONE',  ( 1.000000000000000000, 1.360567432138672574E-16, 0.000000000000000000 ) ) ;
#5572 = CARTESIAN_POINT ( 'NONE',  ( -22.25000000000000000, 113.9403061905773740, -8.500000000000005329 ) ) ;
#5573 = AXIS2_PLACEMENT_3D ( 'NONE', #2566, #1900, #6179 ) ;
#5574 = EDGE_CURVE ( 'NONE', #9166, #514, #755, .T. ) ;
#5575 = ORIENTED_EDGE ( 'NONE', *, *, #4208, .T. ) ;
#5576 = EDGE_LOOP ( 'NONE', ( #3133, #9079, #5692, #3248, #8808, #6125, #6174, #4223, #6107, #5150 ) ) ;
#5577 = DIRECTION ( 'NONE',  ( 0.000000000000000000, 1.000000000000000000, 1.829633447167872528E-31 ) ) ;
#5578 = CARTESIAN_POINT ( 'NONE',  ( 25.60939295271170835, 104.8864882858403433, -15.24744176986359534 ) ) ;
#5579 = CARTESIAN_POINT ( 'NONE',  ( -17.98768373480796257, 67.14209179641811431, -22.99999999999999289 ) ) ;
#5580 = DIRECTION ( 'NONE',  ( 0.000000000000000000, 1.000000000000000000, 0.000000000000000000 ) ) ;
#5581 = CARTESIAN_POINT ( 'NONE',  ( -19.93623836877595323, 92.26917336134502534, 0.000000000000000000 ) ) ;
#5582 = VERTEX_POINT ( 'NONE', #8276 ) ;
#5583 = CARTESIAN_POINT ( 'NONE',  ( -23.10464074086252850, 16.52735410178172870, -22.79240258280907483 ) ) ;
#5584 = DIRECTION ( 'NONE',  ( 0.000000000000000000, -0.000000000000000000, -1.000000000000000000 ) ) ;
#5585 = LINE ( 'NONE', #2065, #2064 ) ;
#5586 = DIRECTION ( 'NONE',  ( 8.787991997524760300E-17, 1.524473602480251670E-31, 1.000000000000000000 ) ) ;
#5587 = DIRECTION ( 'NONE',  ( 0.000000000000000000, 1.000000000000000000, 0.000000000000000000 ) ) ;
#5588 = B_SPLINE_CURVE_WITH_KNOTS ( 'NONE', 3,
 ( #5903, #4352, #6514, #5758, #6614, #6656, #8772, #178, #2894, #222, #8677, #2338, #3086, #5855 ),
 .UNSPECIFIED., .F., .F.,
 ( 4, 2, 2, 2, 2, 2, 4 ),
 ( 0.000000000000000000, 0.0004632741521417426821, 0.0009265483042834853642, 0.001158185380354360148, 0.001389822456425235039, 0.001621459532496109931, 0.001853096608566984823 ),
 .UNSPECIFIED. ) ;
#5589 = ADVANCED_FACE ( 'NONE', ( #4623 ), #4577, .T. ) ;
#5590 = ORIENTED_EDGE ( 'NONE', *, *, #5709, .F. ) ;
#5591 = CARTESIAN_POINT ( 'NONE',  ( -22.99999999999999645, 18.33716540796991978, -22.00000000000000355 ) ) ;
#5592 = EDGE_CURVE ( 'NONE', #5597, #3605, #7216, .T. ) ;
#5593 = ORIENTED_EDGE ( 'NONE', *, *, #4365, .T. ) ;
#5594 = CARTESIAN_POINT ( 'NONE',  ( 25.99999999999999645, 12.50000000000021316, -4.499999999999771738 ) ) ;
#5595 = EDGE_CURVE ( 'NONE', #7432, #6380, #6444, .T. ) ;
#5596 = CARTESIAN_POINT ( 'NONE',  ( 28.52958853457296584, 2.570234076185280436, -21.71117709099241111 ) ) ;
#5597 = VERTEX_POINT ( 'NONE', #1706 ) ;
#5598 = CARTESIAN_POINT ( 'NONE',  ( 23.55000000000000071, 103.9400000000001114, -31.68941159757722303 ) ) ;
#5599 = DIRECTION ( 'NONE',  ( 0.000000000000000000, 0.000000000000000000, 1.000000000000000000 ) ) ;
#5600 = DIRECTION ( 'NONE',  ( 0.000000000000000000, 0.000000000000000000, -1.000000000000000000 ) ) ;
#5601 = VERTEX_POINT ( 'NONE', #259 ) ;
#5602 = VECTOR ( 'NONE', #6273, 1000.000000000000000 ) ;
#5603 = VERTEX_POINT ( 'NONE', #8810 ) ;
#5604 = ORIENTED_EDGE ( 'NONE', *, *, #4182, .F. ) ;
#5605 = EDGE_CURVE ( 'NONE', #5142, #489, #8980, .T. ) ;
#5606 = AXIS2_PLACEMENT_3D ( 'NONE', #2232, #3782, #6456 ) ;
#5607 = EDGE_CURVE ( 'NONE', #6984, #5816, #6692, .T. ) ;
#5608 = CARTESIAN_POINT ( 'NONE',  ( 27.99999999999999289, 12.50000000000000355, -25.49999999999999645 ) ) ;
#5609 = DIRECTION ( 'NONE',  ( 1.613696256722611948E-15, -1.000000000000000000, 0.000000000000000000 ) ) ;
#5610 = CARTESIAN_POINT ( 'NONE',  ( 28.00000000000000000, 12.50000000000001776, -7.500000000000007105 ) ) ;
#5611 = CARTESIAN_POINT ( 'NONE',  ( 16.57654914134644741, 98.44000000000002615, -2.000000000000000000 ) ) ;
#5612 = EDGE_LOOP ( 'NONE', ( #7624, #9293 ) ) ;
#5613 = PLANE ( 'NONE',  #5004 ) ;
#5614 = CARTESIAN_POINT ( 'NONE',  ( 27.00000000000000000, 12.50000000000001776, -7.500000000000007105 ) ) ;
#5615 = CARTESIAN_POINT ( 'NONE',  ( 28.25000000000000000, 94.08030619057737454, -2.000000000000001776 ) ) ;
#5616 = AXIS2_PLACEMENT_3D ( 'NONE', #5071, #5167, #4459 ) ;
#5617 = ORIENTED_EDGE ( 'NONE', *, *, #6026, .F. ) ;
#5618 = VERTEX_POINT ( 'NONE', #3169 ) ;
#5619 = DIRECTION ( 'NONE',  ( 0.000000000000000000, -0.000000000000000000, -1.000000000000000000 ) ) ;
#5620 = DIRECTION ( 'NONE',  ( 0.000000000000000000, 0.000000000000000000, 1.000000000000000000 ) ) ;
#5621 = ADVANCED_FACE ( 'NONE', ( #3125 ), #2378, .F. ) ;
#5622 = CARTESIAN_POINT ( 'NONE',  ( 24.00000000000000355, 12.50000000000001421, -18.50000000000000355 ) ) ;
#5623 = ADVANCED_FACE ( 'NONE', ( #1089, #3953 ), #6818, .T. ) ;
#5624 = PLANE ( 'NONE',  #988 ) ;
#5625 = CARTESIAN_POINT ( 'NONE',  ( -22.25000000000000000, 106.9403061905773740, -14.59999999999999787 ) ) ;
#5626 = ORIENTED_EDGE ( 'NONE', *, *, #6659, .T. ) ;
#5627 = ORIENTED_EDGE ( 'NONE', *, *, #1988, .F. ) ;
#5628 = CARTESIAN_POINT ( 'NONE',  ( 25.99999999999999645, 18.15685424949253957, -6.843145750507550140 ) ) ;
#5629 = CARTESIAN_POINT ( 'NONE',  ( -25.99999999999999645, 14.64999999999987956, -20.49999999999977618 ) ) ;
#5630 = AXIS2_PLACEMENT_3D ( 'NONE', #402, #7365, #5341 ) ;
#5631 = AXIS2_PLACEMENT_3D ( 'NONE', #5648, #8000, #613 ) ;
#5632 = PLANE ( 'NONE',  #1895 ) ;
#5633 = CARTESIAN_POINT ( 'NONE',  ( 26.00000000000000355, 44.61832049899870611, -25.00000000000000000 ) ) ;
#5634 = DIRECTION ( 'NONE',  ( 0.8090169943749473402, 0.000000000000000000, 0.5877852522924732481 ) ) ;
#5635 = ORIENTED_EDGE ( 'NONE', *, *, #8860, .T. ) ;
#5636 = DIRECTION ( 'NONE',  ( -0.000000000000000000, 0.000000000000000000, 1.000000000000000000 ) ) ;
#5637 = CIRCLE ( 'NONE', #528, 2.000000000000001776 ) ;
#5638 = AXIS2_PLACEMENT_3D ( 'NONE', #5542, #2587, #3379 ) ;
#5639 = ORIENTED_EDGE ( 'NONE', *, *, #2787, .F. ) ;
#5640 = AXIS2_PLACEMENT_3D ( 'NONE', #4186, #6912, #477 ) ;
#5641 = CARTESIAN_POINT ( 'NONE',  ( 21.49999999999998934, 52.41254913305866836, 0.000000000000000000 ) ) ;
#5642 = EDGE_CURVE ( 'NONE', #4573, #4141, #1343, .T. ) ;
#5643 = AXIS2_PLACEMENT_3D ( 'NONE', #3559, #132, #1440 ) ;
#5644 = VECTOR ( 'NONE', #6713, 1000.000000000000000 ) ;
#5645 = CARTESIAN_POINT ( 'NONE',  ( 29.34181962457769544, 2.331803519666908908, -18.85206809379573301 ) ) ;
#5646 = APPROVAL_STATUS ( 'not_yet_approved' ) ;
#5647 = VERTEX_POINT ( 'NONE', #2558 ) ;
#5648 = CARTESIAN_POINT ( 'NONE',  ( -13.98768373480797678, 60.21388856614259311, -23.00000000000000000 ) ) ;
#5649 = DIRECTION ( 'NONE',  ( 1.000000000000000000, 0.000000000000000000, 0.000000000000000000 ) ) ;
#5650 = VERTEX_POINT ( 'NONE', #213 ) ;
#5651 = ORIENTED_EDGE ( 'NONE', *, *, #9059, .T. ) ;
#5652 = VERTEX_POINT ( 'NONE', #8110 ) ;
#5653 = VECTOR ( 'NONE', #5905, 1000.000000000000000 ) ;
#5654 = VERTEX_POINT ( 'NONE', #960 ) ;
#5655 = ADVANCED_FACE ( 'NONE', ( #3829 ), #8853, .T. ) ;
#5656 = CARTESIAN_POINT ( 'NONE',  ( 27.62691490594733423, 0.9536996868627529711, -17.28989757661847548 ) ) ;
#5657 = CIRCLE ( 'NONE', #2060, 6.000000000000001776 ) ;
#5658 = CARTESIAN_POINT ( 'NONE',  ( 30.00000000000000000, 35.00000000000000000, -2.000000000000001776 ) ) ;
#5659 = DIRECTION ( 'NONE',  ( -1.000000000000000000, 0.000000000000000000, 0.000000000000000000 ) ) ;
#5660 = VERTEX_POINT ( 'NONE', #1137 ) ;
#5661 = CARTESIAN_POINT ( 'NONE',  ( 25.99999999999999645, 19.20685424949253672, -6.843145750507550140 ) ) ;
#5662 = EDGE_CURVE ( 'NONE', #3885, #9024, #8322, .T. ) ;
#5663 = CARTESIAN_POINT ( 'NONE',  ( -26.00000000000000000, 20.50000000000002132, -12.50000000000000000 ) ) ;
#5664 = CARTESIAN_POINT ( 'NONE',  ( 2.163118960624425657, 80.80934643409020168, -13.11449676604731351 ) ) ;
#5665 = ORIENTED_EDGE ( 'NONE', *, *, #6219, .T. ) ;
#5666 = ORIENTED_EDGE ( 'NONE', *, *, #1863, .T. ) ;
#5667 = VECTOR ( 'NONE', #234, 1000.000000000000227 ) ;
#5668 = CARTESIAN_POINT ( 'NONE',  ( 25.99999999999999645, 12.50000000000021316, -4.499999999999771738 ) ) ;
#5669 = PLANE ( 'NONE',  #8536 ) ;
#5670 = EDGE_CURVE ( 'NONE', #629, #7625, #434, .T. ) ;
#5671 = CARTESIAN_POINT ( 'NONE',  ( 29.99999999999999645, 12.49999999999999822, -12.50000000000000000 ) ) ;
#5672 = VERTEX_POINT ( 'NONE', #5470 ) ;
#5673 = AXIS2_PLACEMENT_3D ( 'NONE', #1649, #5876, #7238 ) ;
#5674 = DIRECTION ( 'NONE',  ( 1.898094922533725623E-16, 1.000000000000000000, 0.000000000000000000 ) ) ;
#5675 = DIRECTION ( 'NONE',  ( -0.3090169943749457304, 0.000000000000000000, 0.9510565162951540863 ) ) ;
#5676 = ORIENTED_EDGE ( 'NONE', *, *, #5024, .T. ) ;
#5677 = ORIENTED_EDGE ( 'NONE', *, *, #3080, .T. ) ;
#5678 = CARTESIAN_POINT ( 'NONE',  ( -25.42776113235815316, 105.0246137788544871, -13.61726636399754042 ) ) ;
#5679 = EDGE_CURVE ( 'NONE', #481, #2424, #4789, .T. ) ;
#5680 = VECTOR ( 'NONE', #5972, 999.9999999999998863 ) ;
#5681 = DIRECTION ( 'NONE',  ( -1.000000000000000000, -9.912705577010326782E-17, 0.000000000000000000 ) ) ;
#5682 = CARTESIAN_POINT ( 'NONE',  ( -23.00000000000000000, 19.24999999999999645, -40.75000000000000711 ) ) ;
#5683 = DIRECTION ( 'NONE',  ( -1.000000000000000000, -9.912705577010326782E-17, 0.000000000000000000 ) ) ;
#5684 = ORIENTED_EDGE ( 'NONE', *, *, #6681, .T. ) ;
#5685 = CIRCLE ( 'NONE', #8226, 2.149999999999999023 ) ;
#5686 = ORIENTED_EDGE ( 'NONE', *, *, #4763, .T. ) ;
#5687 = CARTESIAN_POINT ( 'NONE',  ( -30.00000000000000355, 53.27857453684310940, -128.1790850899541852 ) ) ;
#5688 = CARTESIAN_POINT ( 'NONE',  ( 29.87982461802435807, 3.425277492330011775, -19.04038589002002269 ) ) ;
#5689 = ORIENTED_EDGE ( 'NONE', *, *, #3305, .T. ) ;
#5690 = LINE ( 'NONE', #2026, #394 ) ;
#5691 = CARTESIAN_POINT ( 'NONE',  ( -29.97521296484558917, 3.869546570700720167, -19.13592604076846015 ) ) ;
#5692 = ORIENTED_EDGE ( 'NONE', *, *, #963, .T. ) ;
#5693 = CIRCLE ( 'NONE', #6893, 2.149999999999999023 ) ;
#5694 = VERTEX_POINT ( 'NONE', #6871 ) ;
#5695 = VERTEX_POINT ( 'NONE', #6940 ) ;
#5696 = AXIS2_PLACEMENT_3D ( 'NONE', #7264, #7872, #7120 ) ;
#5697 = CARTESIAN_POINT ( 'NONE',  ( 29.99999999999999645, 14.64999999999987068, -20.49999999999977618 ) ) ;
#5698 = DIRECTION ( 'NONE',  ( 1.000000000000000000, -0.000000000000000000, -0.000000000000000000 ) ) ;
#5699 = LINE ( 'NONE', #6318, #1811 ) ;
#5700 = CARTESIAN_POINT ( 'NONE',  ( 23.43500939178816722, 113.3208468803761662, -23.68157231859266432 ) ) ;
#5701 = ORIENTED_EDGE ( 'NONE', *, *, #8927, .T. ) ;
#5702 = DIRECTION ( 'NONE',  ( 0.3090169943749457304, 0.000000000000000000, -0.9510565162951540863 ) ) ;
#5703 = CARTESIAN_POINT ( 'NONE',  ( -29.93886311683439416, 3.997407642694255081, -20.00467784089988044 ) ) ;
#5704 = CARTESIAN_POINT ( 'NONE',  ( -5.663118960624838216, 96.44000000000002615, -15.65739561406607727 ) ) ;
#5705 = EDGE_CURVE ( 'NONE', #9011, #4960, #5866, .T. ) ;
#5706 = EDGE_LOOP ( 'NONE', ( #9114, #1925, #2081, #5804 ) ) ;
#5707 = ORIENTED_EDGE ( 'NONE', *, *, #1552, .F. ) ;
#5708 = VECTOR ( 'NONE', #2354, 1000.000000000000227 ) ;
#5709 = EDGE_CURVE ( 'NONE', #5342, #5930, #588, .T. ) ;
#5710 = VECTOR ( 'NONE', #770, 1000.000000000000000 ) ;
#5711 = LINE ( 'NONE', #4396, #3445 ) ;
#5712 = ADVANCED_FACE ( 'NONE', ( #2012 ), #4218, .F. ) ;
#5713 = DIRECTION ( 'NONE',  ( 0.000000000000000000, 1.000000000000000000, 0.000000000000000000 ) ) ;
#5714 = CIRCLE ( 'NONE', #6908, 2.149999999999999023 ) ;
#5715 = DIRECTION ( 'NONE',  ( -0.000000000000000000, 1.000000000000000000, -0.000000000000000000 ) ) ;
#5716 = DIRECTION ( 'NONE',  ( -0.000000000000000000, 1.000000000000000000, -0.000000000000000000 ) ) ;
#5717 = EDGE_LOOP ( 'NONE', ( #7209, #5666, #6192, #5053, #2825, #9119, #8543, #6631, #7927, #3739, #942 ) ) ;
#5718 = FACE_OUTER_BOUND ( 'NONE', #3183, .T. ) ;
#5719 = CARTESIAN_POINT ( 'NONE',  ( 28.00000000000000000, 12.50000000000001599, -12.50000000000000000 ) ) ;
#5720 = EDGE_LOOP ( 'NONE', ( #5190, #2357, #6390, #3350 ) ) ;
#5721 = ORIENTED_EDGE ( 'NONE', *, *, #8752, .F. ) ;
#5722 = ADVANCED_FACE ( 'NONE', ( #3468 ), #7078, .F. ) ;
#5723 = CARTESIAN_POINT ( 'NONE',  ( 30.00000000000000000, 35.00000000000000000, -25.49999999999999645 ) ) ;
#5724 = ADVANCED_FACE ( 'NONE', ( #3285 ), #4118, .F. ) ;
#5725 = LINE ( 'NONE', #688, #1175 ) ;
#5726 = EDGE_CURVE ( 'NONE', #6001, #6312, #4026, .T. ) ;
#5727 = CARTESIAN_POINT ( 'NONE',  ( -20.25000000000000000, 106.9403061905773740, -15.49999999999999822 ) ) ;
#5728 = DIRECTION ( 'NONE',  ( 1.000000000000000000, -1.541976423090495387E-16, 0.000000000000000000 ) ) ;
#5729 = CARTESIAN_POINT ( 'NONE',  ( 43.19558781116748492, 96.44000000000002615, -2.755455298081540045E-15 ) ) ;
#5730 = CARTESIAN_POINT ( 'NONE',  ( -25.99999999999999645, 12.49999999999999822, 0.000000000000000000 ) ) ;
#5731 = ORIENTED_EDGE ( 'NONE', *, *, #7907, .T. ) ;
#5732 = ADVANCED_FACE ( 'NONE', ( #8495 ), #3759, .T. ) ;
#5733 = CYLINDRICAL_SURFACE ( 'NONE', #6579, 1.049999999999998934 ) ;
#5734 = EDGE_CURVE ( 'NONE', #4887, #8856, #9096, .T. ) ;
#5735 = EDGE_CURVE ( 'NONE', #4204, #5258, #3375, .T. ) ;
#5736 = LINE ( 'NONE', #8745, #7957 ) ;
#5737 = ORIENTED_EDGE ( 'NONE', *, *, #4699, .T. ) ;
#5738 = DIRECTION ( 'NONE',  ( 0.000000000000000000, 0.000000000000000000, -1.000000000000000000 ) ) ;
#5739 = CARTESIAN_POINT ( 'NONE',  ( 25.99999999999999645, 22.65000000000000924, -12.50000000000000000 ) ) ;
#5740 = CARTESIAN_POINT ( 'NONE',  ( -12.94814989366370739, 70.39833175440058710, 0.000000000000000000 ) ) ;
#5741 = ORIENTED_EDGE ( 'NONE', *, *, #4970, .T. ) ;
#5742 = VERTEX_POINT ( 'NONE', #4926 ) ;
#5743 = ORIENTED_EDGE ( 'NONE', *, *, #711, .T. ) ;
#5744 = ORIENTED_EDGE ( 'NONE', *, *, #7658, .F. ) ;
#5745 = DIRECTION ( 'NONE',  ( -0.3090169943749457304, 0.000000000000000000, -0.9510565162951540863 ) ) ;
#5746 = CARTESIAN_POINT ( 'NONE',  ( -2.007766404533313040E-13, 96.44000000000002615, -19.77189238011338546 ) ) ;
#5747 = CARTESIAN_POINT ( 'NONE',  ( 24.00000000000000711, 12.50000000000021139, -4.499999999999771738 ) ) ;
#5748 = DIRECTION ( 'NONE',  ( 0.000000000000000000, -1.000000000000000000, 0.000000000000000000 ) ) ;
#5749 = VERTEX_POINT ( 'NONE', #598 ) ;
#5750 = LINE ( 'NONE', #8616, #8637 ) ;
#5751 = AXIS2_PLACEMENT_3D ( 'NONE', #7162, #5197, #719 ) ;
#5752 = DIRECTION ( 'NONE',  ( 1.000000000000000000, 0.000000000000000000, 0.000000000000000000 ) ) ;
#5753 = DIRECTION ( 'NONE',  ( 0.5877852522924723599, 0.000000000000000000, 0.8090169943749481174 ) ) ;
#5754 = ORIENTED_EDGE ( 'NONE', *, *, #8127, .F. ) ;
#5755 = ORIENTED_EDGE ( 'NONE', *, *, #4365, .F. ) ;
#5756 = CARTESIAN_POINT ( 'NONE',  ( -27.99999999999999645, 49.81447292170534524, -23.00000000000000000 ) ) ;
#5757 = DIRECTION ( 'NONE',  ( -1.000000000000000000, 0.000000000000000000, 0.000000000000000000 ) ) ;
#5758 = CARTESIAN_POINT ( 'NONE',  ( -24.57948633105717917, 4.392444270672609008, -7.414435706578106355 ) ) ;
#5759 = FACE_BOUND ( 'NONE', #1582, .T. ) ;
#5760 = FACE_OUTER_BOUND ( 'NONE', #5094, .T. ) ;
#5761 = ORIENTED_EDGE ( 'NONE', *, *, #424, .T. ) ;
#5762 = PLANE ( 'NONE',  #5643 ) ;
#5763 = DIRECTION ( 'NONE',  ( 0.000000000000000000, -0.000000000000000000, -1.000000000000000000 ) ) ;
#5764 = EDGE_LOOP ( 'NONE', ( #4544, #6821, #9193, #4394 ) ) ;
#5765 = ORIENTED_EDGE ( 'NONE', *, *, #2008, .F. ) ;
#5766 = B_SPLINE_CURVE_WITH_KNOTS ( 'NONE', 3,
 ( #1805, #7492, #5430, #7631, #444, #3878, #3918, #2656, #9031, #7581, #5478, #4769, #4010, #8945, #6781, #6743 ),
 .UNSPECIFIED., .F., .F.,
 ( 4, 2, 2, 2, 2, 2, 2, 4 ),
 ( 0.000000000000000000, 0.0004622676944735673414, 0.0009245353889471346828, 0.001849070777894273486, 0.002311338472367864029, 0.002773606166841453922, 0.003235873861315044682, 0.003698141555788635008 ),
 .UNSPECIFIED. ) ;
#5767 = CARTESIAN_POINT ( 'NONE',  ( -23.56101599357381460, 108.5864017554680458, -13.21041968310763082 ) ) ;
#5768 = CIRCLE ( 'NONE', #1865, 4.000000000000000000 ) ;
#5769 = CARTESIAN_POINT ( 'NONE',  ( 27.00000000000000000, 1.043560762610393988, -7.500000000000007105 ) ) ;
#5770 = EDGE_CURVE ( 'NONE', #7953, #4204, #6336, .T. ) ;
#5771 = DIRECTION ( 'NONE',  ( 0.000000000000000000, 0.000000000000000000, 1.000000000000000000 ) ) ;
#5772 = DIRECTION ( 'NONE',  ( -0.000000000000000000, 1.000000000000000000, -0.000000000000000000 ) ) ;
#5773 = CARTESIAN_POINT ( 'NONE',  ( 29.99999999999999645, 20.30685424949253814, -6.843145750507550140 ) ) ;
#5774 = DIRECTION ( 'NONE',  ( 0.000000000000000000, -1.000000000000000000, 0.000000000000000000 ) ) ;
#5775 = ORIENTED_EDGE ( 'NONE', *, *, #1316, .F. ) ;
#5776 = ORIENTED_EDGE ( 'NONE', *, *, #38, .T. ) ;
#5777 = ADVANCED_FACE ( 'NONE', ( #6153 ), #9006, .F. ) ;
#5778 = EDGE_CURVE ( 'NONE', #6305, #2143, #6986, .T. ) ;
#5779 = AXIS2_PLACEMENT_3D ( 'NONE', #1581, #3753, #3557 ) ;
#5780 = CARTESIAN_POINT ( 'NONE',  ( -24.99999999999999645, 4.836939253778027137, -17.50000000000000000 ) ) ;
#5781 = CARTESIAN_POINT ( 'NONE',  ( 27.00000000000000000, 12.50000000000001421, -17.50000000000000000 ) ) ;
#5782 = ORIENTED_EDGE ( 'NONE', *, *, #8552, .T. ) ;
#5783 = DIRECTION ( 'NONE',  ( 1.000000000000000000, -0.000000000000000000, -0.000000000000000000 ) ) ;
#5784 = CARTESIAN_POINT ( 'NONE',  ( 28.82299077812974275, 2.670878519125596373, -21.60158718624215979 ) ) ;
#5785 = VECTOR ( 'NONE', #4815, 1000.000000000000114 ) ;
#5786 = VECTOR ( 'NONE', #784, 1000.000000000000000 ) ;
#5787 = ORIENTED_EDGE ( 'NONE', *, *, #891, .T. ) ;
#5788 = ORIENTED_EDGE ( 'NONE', *, *, #2751, .F. ) ;
#5789 = ORIENTED_EDGE ( 'NONE', *, *, #1572, .T. ) ;
#5790 = CIRCLE ( 'NONE', #6985, 6.000000000000001776 ) ;
#5791 = CIRCLE ( 'NONE', #2944, 2.000000000000000000 ) ;
#5792 = EDGE_CURVE ( 'NONE', #6808, #3297, #8390, .T. ) ;
#5793 = CARTESIAN_POINT ( 'NONE',  ( 29.52369429566540759, 11.57896203171031502, -25.50000000000000000 ) ) ;
#5794 = LINE ( 'NONE', #4529, #9195 ) ;
#5795 = CARTESIAN_POINT ( 'NONE',  ( -25.99999999999999645, 18.15685424949252891, -6.843145750507550140 ) ) ;
#5796 = ORIENTED_EDGE ( 'NONE', *, *, #7460, .T. ) ;
#5797 = CARTESIAN_POINT ( 'NONE',  ( 9.923762078750520743, 96.44000000000002615, -13.11449676604731174 ) ) ;
#5798 = VERTEX_POINT ( 'NONE', #2628 ) ;
#5799 = CARTESIAN_POINT ( 'NONE',  ( -24.99999999999999645, 4.836939253796797900, -7.500000000000000000 ) ) ;
#5800 = VECTOR ( 'NONE', #7505, 1000.000000000000000 ) ;
#5801 = DIRECTION ( 'NONE',  ( 0.000000000000000000, 0.000000000000000000, 1.000000000000000000 ) ) ;
#5802 = LINE ( 'NONE', #2888, #365 ) ;
#5803 = EDGE_LOOP ( 'NONE', ( #8746, #1228, #4673, #1613 ) ) ;
#5804 = ORIENTED_EDGE ( 'NONE', *, *, #1699, .T. ) ;
#5805 = FACE_BOUND ( 'NONE', #1335, .T. ) ;
#5806 = CIRCLE ( 'NONE', #7309, 10.14999999999999858 ) ;
#5807 = CARTESIAN_POINT ( 'NONE',  ( -25.99999999999999645, 12.49999999999986322, -20.49999999999977618 ) ) ;
#5808 = CARTESIAN_POINT ( 'NONE',  ( -26.00000000000000000, 18.15685424949231219, -18.15685424949224469 ) ) ;
#5809 = DIRECTION ( 'NONE',  ( 0.000000000000000000, 1.107270303814984526E-16, -1.000000000000000000 ) ) ;
#5810 = VERTEX_POINT ( 'NONE', #1966 ) ;
#5811 = CARTESIAN_POINT ( 'NONE',  ( -0.8027535677997583718, 104.4400000000000261, -59.44210861082032693 ) ) ;
#5812 = DIRECTION ( 'NONE',  ( 0.000000000000000000, -1.000000000000000000, 0.000000000000000000 ) ) ;
#5813 = DIRECTION ( 'NONE',  ( 1.000000000000000000, 0.000000000000000000, 0.000000000000000000 ) ) ;
#5814 = ORIENTED_EDGE ( 'NONE', *, *, #4239, .F. ) ;
#5815 = TOROIDAL_SURFACE ( 'NONE', #1615, 6.000000000000000888, 1.000000000000000000 ) ;
#5816 = VERTEX_POINT ( 'NONE', #5495 ) ;
#5817 = DIRECTION ( 'NONE',  ( 0.000000000000000000, 0.000000000000000000, 1.000000000000000000 ) ) ;
#5818 = CYLINDRICAL_SURFACE ( 'NONE', #1319, 1.000000000000000888 ) ;
#5819 = AXIS2_PLACEMENT_3D ( 'NONE', #9198, #3387, #9248 ) ;
#5820 = CARTESIAN_POINT ( 'NONE',  ( -1.370220966009152711E-15, 13.82287565553229491, -25.00000000000000000 ) ) ;
#5821 = LINE ( 'NONE', #3717, #6348 ) ;
#5822 = PLANE ( 'NONE',  #7401 ) ;
#5823 = LINE ( 'NONE', #6629, #8962 ) ;
#5824 = ORIENTED_EDGE ( 'NONE', *, *, #6406, .F. ) ;
#5825 = ORIENTED_EDGE ( 'NONE', *, *, #3647, .T. ) ;
#5826 = EDGE_CURVE ( 'NONE', #6595, #629, #293, .T. ) ;
#5827 = EDGE_CURVE ( 'NONE', #1226, #4235, #4190, .T. ) ;
#5828 = VECTOR ( 'NONE', #6436, 1000.000000000000000 ) ;
#5829 = EDGE_CURVE ( 'NONE', #2891, #4024, #5125, .T. ) ;
#5830 = CARTESIAN_POINT ( 'NONE',  ( -24.46713198007570611, 4.295467861410797283, -17.64247037139194063 ) ) ;
#5831 = VECTOR ( 'NONE', #2292, 1000.000000000000000 ) ;
#5832 = FACE_OUTER_BOUND ( 'NONE', #8193, .T. ) ;
#5833 = ORIENTED_EDGE ( 'NONE', *, *, #8527, .F. ) ;
#5834 = DIRECTION ( 'NONE',  ( -0.8399223068573744566, 0.5427066596637510898, 0.000000000000000000 ) ) ;
#5835 = EDGE_LOOP ( 'NONE', ( #8318, #6783 ) ) ;
#5836 = EDGE_LOOP ( 'NONE', ( #4310, #9197 ) ) ;
#5837 = ORIENTED_EDGE ( 'NONE', *, *, #5607, .T. ) ;
#5838 = AXIS2_PLACEMENT_3D ( 'NONE', #2685, #8363, #2772 ) ;
#5839 = EDGE_CURVE ( 'NONE', #3957, #3966, #2547, .T. ) ;
#5840 = DIRECTION ( 'NONE',  ( 1.000000000000000000, 0.000000000000000000, -0.000000000000000000 ) ) ;
#5841 = DIRECTION ( 'NONE',  ( 0.8660254037844397068, 0.4999999999999979461, 0.000000000000000000 ) ) ;
#5842 = EDGE_CURVE ( 'NONE', #7411, #4185, #1650, .T. ) ;
#5843 = DIRECTION ( 'NONE',  ( 0.000000000000000000, -1.000000000000000000, 0.000000000000000000 ) ) ;
#5844 = ORIENTED_EDGE ( 'NONE', *, *, #7553, .F. ) ;
#5845 = CARTESIAN_POINT ( 'NONE',  ( 23.40400016604820621, 114.0925791195077466, -23.75012225795637377 ) ) ;
#5846 = ORIENTED_EDGE ( 'NONE', *, *, #8930, .T. ) ;
#5847 = FACE_OUTER_BOUND ( 'NONE', #2275, .T. ) ;
#5848 = EDGE_CURVE ( 'NONE', #3488, #5402, #1492, .T. ) ;
#5849 = DIRECTION ( 'NONE',  ( 0.3090169943749466741, -1.053076637743355759E-16, 0.9510565162951538642 ) ) ;
#5850 = DIRECTION ( 'NONE',  ( -0.000000000000000000, 0.000000000000000000, 1.000000000000000000 ) ) ;
#5851 = ORIENTED_EDGE ( 'NONE', *, *, #328, .F. ) ;
#5852 = ORIENTED_EDGE ( 'NONE', *, *, #3831, .F. ) ;
#5853 = FACE_OUTER_BOUND ( 'NONE', #5835, .T. ) ;
#5854 = CARTESIAN_POINT ( 'NONE',  ( 20.25000000000000000, 118.9400000000000261, 0.000000000000000000 ) ) ;
#5855 = CARTESIAN_POINT ( 'NONE',  ( -23.99999999999999645, 4.313272937247765171, -6.500000000000000000 ) ) ;
#5856 = DIRECTION ( 'NONE',  ( 1.000000000000000000, 9.912705577010326782E-17, -0.000000000000000000 ) ) ;
#5857 = LINE ( 'NONE', #6566, #6825 ) ;
#5858 = EDGE_LOOP ( 'NONE', ( #5814, #6718, #4285, #4816 ) ) ;
#5859 = EDGE_CURVE ( 'NONE', #710, #1419, #2256, .T. ) ;
#5860 = DIRECTION ( 'NONE',  ( 0.000000000000000000, 0.000000000000000000, -1.000000000000000000 ) ) ;
#5861 = CARTESIAN_POINT ( 'NONE',  ( -22.55000000000001847, 118.9400000000000261, -128.1790850899541852 ) ) ;
#5862 = CARTESIAN_POINT ( 'NONE',  ( 5.773401785888007787, 57.10000000000000142, -22.00000000000000355 ) ) ;
#5863 = CIRCLE ( 'NONE', #1502, 12.50000000000000000 ) ;
#5864 = ORIENTED_EDGE ( 'NONE', *, *, #5428, .T. ) ;
#5865 = ORIENTED_EDGE ( 'NONE', *, *, #8261, .F. ) ;
#5866 = B_SPLINE_CURVE_WITH_KNOTS ( 'NONE', 3,
 ( #7741, #7600, #1354, #5583, #2674, #7695, #6291, #8442 ),
 .UNSPECIFIED., .F., .F.,
 ( 4, 2, 2, 4 ),
 ( 0.000000000000000000, 0.002359985873047045456, 0.003539978809570569051, 0.004719971746094092646 ),
 .UNSPECIFIED. ) ;
#5867 = DIRECTION ( 'NONE',  ( 1.000000000000000000, -1.541976423090495387E-16, 0.000000000000000000 ) ) ;
#5868 = CARTESIAN_POINT ( 'NONE',  ( 28.00000000000000000, 0.6572807176729849044, -8.500000000000007105 ) ) ;
#5869 = VECTOR ( 'NONE', #3960, 1000.000000000000000 ) ;
#5870 = CARTESIAN_POINT ( 'NONE',  ( 26.90714285714285836, 104.2085962636542007, -2.000000000000000000 ) ) ;
#5871 = DIRECTION ( 'NONE',  ( -0.9444791243466059694, 0.3285714285714275151, 0.000000000000000000 ) ) ;
#5872 = CARTESIAN_POINT ( 'NONE',  ( 23.00000000000000000, 9.053179648447564176, -25.49999999999999645 ) ) ;
#5873 = CARTESIAN_POINT ( 'NONE',  ( 0.000000000000000000, 83.52616047165487601, -128.1790850899541852 ) ) ;
#5874 = ORIENTED_EDGE ( 'NONE', *, *, #6753, .T. ) ;
#5875 = ORIENTED_EDGE ( 'NONE', *, *, #6698, .F. ) ;
#5876 = DIRECTION ( 'NONE',  ( 0.000000000000000000, -1.000000000000000000, 0.000000000000000000 ) ) ;
#5877 = ADVANCED_FACE ( 'NONE', ( #3513, #9285 ), #6381, .T. ) ;
#5878 = DIRECTION ( 'NONE',  ( 0.000000000000000000, 0.000000000000000000, 1.000000000000000000 ) ) ;
#5879 = ADVANCED_FACE ( 'NONE', ( #8589, #137, #6432, #7180, #5075, #4975 ), #7277, .T. ) ;
#5880 = ORIENTED_EDGE ( 'NONE', *, *, #26, .T. ) ;
#5881 = DIRECTION ( 'NONE',  ( 1.000000000000000000, 0.000000000000000000, 0.000000000000000000 ) ) ;
#5882 = ORIENTED_EDGE ( 'NONE', *, *, #9026, .T. ) ;
#5883 = ORIENTED_EDGE ( 'NONE', *, *, #6607, .F. ) ;
#5884 = ORIENTED_EDGE ( 'NONE', *, *, #3556, .T. ) ;
#5885 = ADVANCED_FACE ( 'NONE', ( #3007 ), #7040, .F. ) ;
#5886 = DIRECTION ( 'NONE',  ( -0.000000000000000000, 0.000000000000000000, -1.000000000000000000 ) ) ;
#5887 = CARTESIAN_POINT ( 'NONE',  ( -26.00000000000000000, 20.50000000000002132, -12.50000000000000000 ) ) ;
#5888 = ORIENTED_EDGE ( 'NONE', *, *, #2535, .F. ) ;
#5889 = CARTESIAN_POINT ( 'NONE',  ( -29.99999999972991560, 4.327813882088662467, -19.36393644344402531 ) ) ;
#5890 = ORIENTED_EDGE ( 'NONE', *, *, #6406, .T. ) ;
#5891 = DIRECTION ( 'NONE',  ( 0.8399223068573765660, -0.5427066596637477591, 0.000000000000000000 ) ) ;
#5892 = CARTESIAN_POINT ( 'NONE',  ( -17.00000000000000000, 44.61832049899870611, -25.00000000000000000 ) ) ;
#5893 = DIRECTION ( 'NONE',  ( 1.541976423090495387E-16, 1.000000000000000000, -0.000000000000000000 ) ) ;
#5894 = VECTOR ( 'NONE', #7747, 1000.000000000000000 ) ;
#5895 = EDGE_CURVE ( 'NONE', #8938, #1471, #7849, .T. ) ;
#5896 = ORIENTED_EDGE ( 'NONE', *, *, #1824, .T. ) ;
#5897 = ORIENTED_EDGE ( 'NONE', *, *, #5899, .F. ) ;
#5898 = B_SPLINE_CURVE_WITH_KNOTS ( 'NONE', 3,
 ( #3757, #8732, #8867, #785, #7274, #1489, #3709, #6570, #8779, #7982, #8077, #2300, #8122, #7226 ),
 .UNSPECIFIED., .F., .F.,
 ( 4, 2, 2, 2, 2, 2, 4 ),
 ( 0.000000000000000000, 0.0004632741521417471273, 0.0009265483042834942546, 0.001158185380354367086, 0.001389822456425240244, 0.001621459532496112967, 0.001853096608566986124 ),
 .UNSPECIFIED. ) ;
#5899 = EDGE_CURVE ( 'NONE', #7056, #4004, #4548, .T. ) ;
#5900 = CARTESIAN_POINT ( 'NONE',  ( -28.00000000000000000, 49.81447292170534524, -2.000000000000000000 ) ) ;
#5901 = DIRECTION ( 'NONE',  ( 0.000000000000000000, 0.000000000000000000, 1.000000000000000000 ) ) ;
#5902 = AXIS2_PLACEMENT_3D ( 'NONE', #757, #7053, #4232 ) ;
#5903 = CARTESIAN_POINT ( 'NONE',  ( -24.99999999999999645, 4.836939253796797900, -7.500000000000000000 ) ) ;
#5904 = VECTOR ( 'NONE', #3180, 1000.000000000000000 ) ;
#5905 = DIRECTION ( 'NONE',  ( -1.000000000000000000, -1.360567432138672574E-16, 0.000000000000000000 ) ) ;
#5906 = CARTESIAN_POINT ( 'NONE',  ( 22.24999999999998579, 113.9403061905773740, -7.599999999999997868 ) ) ;
#5907 = VERTEX_POINT ( 'NONE', #3139 ) ;
#5908 = VECTOR ( 'NONE', #3258, 1000.000000000000000 ) ;
#5909 = CARTESIAN_POINT ( 'NONE',  ( 17.00000000000000000, 44.61832049899870611, -22.00000000000000711 ) ) ;
#5910 = DIRECTION ( 'NONE',  ( 1.000000000000000000, 1.360567432138672574E-16, -0.000000000000000000 ) ) ;
#5911 = DIRECTION ( 'NONE',  ( -9.912705577010326782E-17, 1.000000000000000000, 0.000000000000000000 ) ) ;
#5912 = ORIENTED_EDGE ( 'NONE', *, *, #8496, .T. ) ;
#5913 = DIRECTION ( 'NONE',  ( -0.5427066596637479812, 0.8399223068573764550, -0.000000000000000000 ) ) ;
#5914 = EDGE_CURVE ( 'NONE', #805, #1954, #5218, .T. ) ;
#5915 = CARTESIAN_POINT ( 'NONE',  ( 27.87901160377237630, 0.8349464896183227403, -8.006393983570541550 ) ) ;
#5916 = EDGE_CURVE ( 'NONE', #5555, #1418, #2395, .T. ) ;
#5917 = CIRCLE ( 'NONE', #5462, 3.000000000000000000 ) ;
#5918 = AXIS2_PLACEMENT_3D ( 'NONE', #885, #1585, #3657 ) ;
#5919 = DIRECTION ( 'NONE',  ( 0.000000000000000000, 1.000000000000000000, 0.000000000000000000 ) ) ;
#5920 = FACE_OUTER_BOUND ( 'NONE', #1461, .T. ) ;
#5921 = CYLINDRICAL_SURFACE ( 'NONE', #7891, 2.149999999999999023 ) ;
#5922 = CARTESIAN_POINT ( 'NONE',  ( -27.99999999999999289, 4.500000000000000888, -24.99999999999999289 ) ) ;
#5923 = ORIENTED_EDGE ( 'NONE', *, *, #1606, .F. ) ;
#5924 = ORIENTED_EDGE ( 'NONE', *, *, #8552, .F. ) ;
#5925 = AXIS2_PLACEMENT_3D ( 'NONE', #7738, #548, #7126 ) ;
#5926 = CARTESIAN_POINT ( 'NONE',  ( -24.25353312143676732, 4.155141269179096319, -17.82022607448743301 ) ) ;
#5927 = CARTESIAN_POINT ( 'NONE',  ( 25.99999999999999645, 53.27857453684310229, -2.000000000000000000 ) ) ;
#5928 = EDGE_LOOP ( 'NONE', ( #2786, #6764, #8433, #1897 ) ) ;
#5929 = DIRECTION ( 'NONE',  ( 1.000000000000000000, -0.000000000000000000, -0.000000000000000000 ) ) ;
#5930 = VERTEX_POINT ( 'NONE', #3097 ) ;
#5931 = VERTEX_POINT ( 'NONE', #8252 ) ;
#5932 = CIRCLE ( 'NONE', #7287, 3.000000000000000000 ) ;
#5933 = DIRECTION ( 'NONE',  ( 1.000000000000000000, 0.000000000000000000, -0.000000000000000000 ) ) ;
#5934 = CARTESIAN_POINT ( 'NONE',  ( 25.99999999999999645, 10.34999999999987708, -20.49999999999977618 ) ) ;
#5935 = VERTEX_POINT ( 'NONE', #3760 ) ;
#5936 = CARTESIAN_POINT ( 'NONE',  ( -29.87982461799266432, 3.814152125932432469, -20.24420875246020657 ) ) ;
#5937 = EDGE_LOOP ( 'NONE', ( #3304, #8265, #596, #5924, #5454 ) ) ;
#5938 = DIRECTION ( 'NONE',  ( 0.000000000000000000, -1.000000000000000000, 0.000000000000000000 ) ) ;
#5939 = DIRECTION ( 'NONE',  ( 0.9444791243466057473, 0.3285714285714280702, 0.000000000000000000 ) ) ;
#5940 = CARTESIAN_POINT ( 'NONE',  ( 22.24999999999998579, 116.0903061905773654, -21.59999999999999787 ) ) ;
#5941 = ORIENTED_EDGE ( 'NONE', *, *, #3073, .F. ) ;
#5942 = EDGE_LOOP ( 'NONE', ( #7754, #4049, #7345, #7550 ) ) ;
#5943 = B_SPLINE_CURVE_WITH_KNOTS ( 'NONE', 3,
 ( #1169, #6198, #2063, #3469, #4219, #4120, #2014, #3330, #9098, #6292 ),
 .UNSPECIFIED., .F., .F.,
 ( 4, 2, 2, 2, 4 ),
 ( 0.000000000000000000, 0.0004042941302821366706, 0.0008085882605642733412, 0.001212882390846410120, 0.001617176521128546682 ),
 .UNSPECIFIED. ) ;
#5944 = AXIS2_PLACEMENT_3D ( 'NONE', #2632, #8355, #509 ) ;
#5945 = AXIS2_PLACEMENT_3D ( 'NONE', #3437, #4846, #2689 ) ;
#5946 = ADVANCED_FACE ( 'NONE', ( #8827 ), #6092, .F. ) ;
#5947 = CARTESIAN_POINT ( 'NONE',  ( 24.26589613595097461, 1.644102003987159666, -7.500000000000007105 ) ) ;
#5949 = FACE_OUTER_BOUND ( 'NONE', #4580, .T. ) ;
#5948 = TOROIDAL_SURFACE ( 'NONE', #6420, 9.000000000000001776, 3.000000000000000000 ) ;
#5950 = EDGE_CURVE ( 'NONE', #3084, #2465, #5958, .T. ) ;
#5951 = DIRECTION ( 'NONE',  ( -1.000000000000000000, 1.541976423090495387E-16, 0.000000000000000000 ) ) ;
#5952 = FACE_OUTER_BOUND ( 'NONE', #7124, .T. ) ;
#5953 = ORIENTED_EDGE ( 'NONE', *, *, #8598, .F. ) ;
#5954 = CARTESIAN_POINT ( 'NONE',  ( 22.24999999999998579, 113.9403061905773740, -7.599999999999997868 ) ) ;
#5955 = CARTESIAN_POINT ( 'NONE',  ( -26.90714285714286191, 104.2085962636541154, -23.00000000000000000 ) ) ;
#5956 = VERTEX_POINT ( 'NONE', #5263 ) ;
#5957 = CIRCLE ( 'NONE', #2506, 6.000000000000000000 ) ;
#5958 = LINE ( 'NONE', #6789, #3293 ) ;
#5959 = EDGE_CURVE ( 'NONE', #2264, #7814, #7372, .T. ) ;
#5960 = AXIS2_PLACEMENT_3D ( 'NONE', #294, #3295, #6068 ) ;
#5961 = CARTESIAN_POINT ( 'NONE',  ( -28.25000000000000000, 94.08030619057737454, -23.00000000000000000 ) ) ;
#5962 = ADVANCED_FACE ( 'NONE', ( #363 ), #3804, .T. ) ;
#5963 = CARTESIAN_POINT ( 'NONE',  ( 17.00000000000000000, 44.61832049899870611, -22.00000000000000711 ) ) ;
#5964 = CARTESIAN_POINT ( 'NONE',  ( -10.75000000000019895, 96.44000000000002615, -15.65739561406607727 ) ) ;
#5965 = VECTOR ( 'NONE', #5840, 1000.000000000000000 ) ;
#5966 = CARTESIAN_POINT ( 'NONE',  ( 23.99333286959872424, 106.8553365275379150, -12.43721174887200220 ) ) ;
#5967 = DIRECTION ( 'NONE',  ( -1.000000000000000000, 0.000000000000000000, 0.000000000000000000 ) ) ;
#5968 = ORIENTED_EDGE ( 'NONE', *, *, #7728, .T. ) ;
#5969 = EDGE_CURVE ( 'NONE', #326, #6635, #5693, .T. ) ;
#5970 = VECTOR ( 'NONE', #8915, 1000.000000000000227 ) ;
#5971 = AXIS2_PLACEMENT_3D ( 'NONE', #8785, #5309, #3807 ) ;
#5972 = DIRECTION ( 'NONE',  ( -0.8090169943749481174, -0.000000000000000000, 0.5877852522924723599 ) ) ;
#5973 = FACE_OUTER_BOUND ( 'NONE', #9278, .T. ) ;
#5974 = ORIENTED_EDGE ( 'NONE', *, *, #4051, .F. ) ;
#5975 = CARTESIAN_POINT ( 'NONE',  ( -23.00000000000000000, 2.533932570968610243, -17.50000000000000000 ) ) ;
#5976 = VECTOR ( 'NONE', #9053, 1000.000000000000000 ) ;
#5977 = ORIENTED_EDGE ( 'NONE', *, *, #6129, .F. ) ;
#5978 = VERTEX_POINT ( 'NONE', #4509 ) ;
#5979 = AXIS2_PLACEMENT_3D ( 'NONE', #3845, #1725, #7459 ) ;
#5980 = CARTESIAN_POINT ( 'NONE',  ( -13.98768373480797678, 60.21388856614259311, 0.000000000000000000 ) ) ;
#5981 = CARTESIAN_POINT ( 'NONE',  ( 28.25000000000000000, 94.08030619057737454, -2.000000000000001776 ) ) ;
#5982 = ORIENTED_EDGE ( 'NONE', *, *, #2149, .F. ) ;
#5983 = CARTESIAN_POINT ( 'NONE',  ( -28.52958853456885535, 1.775812335989982893, -18.78419425756956329 ) ) ;
#5984 = ORIENTED_EDGE ( 'NONE', *, *, #173, .T. ) ;
#5985 = CARTESIAN_POINT ( 'NONE',  ( 29.99999999999999645, 12.50000000000021316, -4.499999999999771738 ) ) ;
#5986 = CARTESIAN_POINT ( 'NONE',  ( 13.42376207875052252, 80.80934643409020168, -15.65739561406607727 ) ) ;
#5987 = CYLINDRICAL_SURFACE ( 'NONE', #2148, 2.000000000000001776 ) ;
#5988 = VERTEX_POINT ( 'NONE', #3844 ) ;
#5989 = ORIENTED_EDGE ( 'NONE', *, *, #3645, .T. ) ;
#5990 = AXIS2_PLACEMENT_3D ( 'NONE', #1480, #9272, #5713 ) ;
#5991 = AXIS2_PLACEMENT_3D ( 'NONE', #6196, #9144, #1167 ) ;
#5992 = CARTESIAN_POINT ( 'NONE',  ( 21.54999999999999361, 108.9309918853872148, -2.000000000000001776 ) ) ;
#5993 = EDGE_CURVE ( 'NONE', #7261, #6152, #8082, .T. ) ;
#5994 = DIRECTION ( 'NONE',  ( 0.000000000000000000, -1.000000000000000000, -1.107270303814984526E-16 ) ) ;
#5995 = DIRECTION ( 'NONE',  ( 1.734723475976807292E-15, -1.000000000000000000, 0.000000000000000000 ) ) ;
#5996 = ORIENTED_EDGE ( 'NONE', *, *, #3770, .F. ) ;
#5997 = CARTESIAN_POINT ( 'NONE',  ( 22.99999999999999289, 9.474063049833725714, -25.49999999999999645 ) ) ;
#5998 = FACE_BOUND ( 'NONE', #6906, .T. ) ;
#5999 = CARTESIAN_POINT ( 'NONE',  ( 19.99999999999998934, 49.81447292170534524, -22.00000000000000355 ) ) ;
#6000 = EDGE_CURVE ( 'NONE', #2369, #4967, #8106, .T. ) ;
#6001 = VERTEX_POINT ( 'NONE', #8782 ) ;
#6002 = AXIS2_PLACEMENT_3D ( 'NONE', #543, #9178, #3457 ) ;
#6003 = EDGE_CURVE ( 'NONE', #7486, #6867, #239, .T. ) ;
#6004 = CARTESIAN_POINT ( 'NONE',  ( -23.00000000000000000, 12.50000000000000888, -17.50000000000000000 ) ) ;
#6005 = CIRCLE ( 'NONE', #2411, 8.000000000000000000 ) ;
#6006 = FACE_OUTER_BOUND ( 'NONE', #2165, .T. ) ;
#6007 = LINE ( 'NONE', #4600, #5667 ) ;
#6008 = DIRECTION ( 'NONE',  ( -1.000000000000000000, -9.912705577010326782E-17, 0.000000000000000000 ) ) ;
#6009 = CIRCLE ( 'NONE', #7203, 2.000000000000004441 ) ;
#6010 = CARTESIAN_POINT ( 'NONE',  ( 27.99999999999998934, 2.499999999999974243, -128.1790850899541852 ) ) ;
#6011 = LINE ( 'NONE', #3720, #6419 ) ;
#6012 = EDGE_CURVE ( 'NONE', #935, #4610, #5268, .T. ) ;
#6013 = ORIENTED_EDGE ( 'NONE', *, *, #1882, .T. ) ;
#6014 = ADVANCED_FACE ( 'NONE', ( #6666 ), #230, .F. ) ;
#6015 = AXIS2_PLACEMENT_3D ( 'NONE', #4668, #7481, #8937 ) ;
#6016 = AXIS2_PLACEMENT_3D ( 'NONE', #8136, #6062, #989 ) ;
#6017 = LINE ( 'NONE', #8879, #4629 ) ;
#6018 = CARTESIAN_POINT ( 'NONE',  ( 20.25000000000000000, 118.9400000000000261, -24.99999999999999289 ) ) ;
#6019 = CYLINDRICAL_SURFACE ( 'NONE', #6360, 3.000000000000002220 ) ;
#6020 = VECTOR ( 'NONE', #8155, 999.9999999999998863 ) ;
#6021 = ORIENTED_EDGE ( 'NONE', *, *, #5425, .F. ) ;
#6022 = DIRECTION ( 'NONE',  ( -1.000000000000000000, 1.541976423090495387E-16, 0.000000000000000000 ) ) ;
#6023 = ORIENTED_EDGE ( 'NONE', *, *, #7317, .T. ) ;
#6024 = ORIENTED_EDGE ( 'NONE', *, *, #3723, .F. ) ;
#6025 = AXIS2_PLACEMENT_3D ( 'NONE', #3906, #8975, #1837 ) ;
#6026 = EDGE_CURVE ( 'NONE', #302, #60, #1679, .T. ) ;
#6027 = EDGE_CURVE ( 'NONE', #5749, #5008, #4514, .T. ) ;
#6028 = CARTESIAN_POINT ( 'NONE',  ( 29.99999999999999289, 4.373129173500234224, -19.48718474989946259 ) ) ;
#6029 =( NAMED_UNIT ( * ) SI_UNIT ( $, .STERADIAN. ) SOLID_ANGLE_UNIT ( ) );
#6030 = ORIENTED_EDGE ( 'NONE', *, *, #2916, .T. ) ;
#6031 = CARTESIAN_POINT ( 'NONE',  ( -29.93718902156234307, 3.697282358648771972, -19.09911290060037814 ) ) ;
#6032 = EDGE_LOOP ( 'NONE', ( #3787, #1512 ) ) ;
#6033 = CARTESIAN_POINT ( 'NONE',  ( -28.25000000000000000, 94.08030619057737454, -22.99999999999999289 ) ) ;
#6034 = DIRECTION ( 'NONE',  ( 0.4999999999999974465, -0.8660254037844401509, 0.000000000000000000 ) ) ;
#6035 = DIRECTION ( 'NONE',  ( -1.000000000000000000, 1.541976423090495387E-16, 0.000000000000000000 ) ) ;
#6036 = ORIENTED_EDGE ( 'NONE', *, *, #4241, .F. ) ;
#6037 = EDGE_LOOP ( 'NONE', ( #7075, #7499, #6608, #6759 ) ) ;
#6038 = ORIENTED_EDGE ( 'NONE', *, *, #4748, .T. ) ;
#6039 = DIRECTION ( 'NONE',  ( 0.000000000000000000, 0.000000000000000000, -1.000000000000000000 ) ) ;
#6040 = B_SPLINE_CURVE_WITH_KNOTS ( 'NONE', 3,
 ( #1193, #4242, #1283, #7059, #2135, #5656, #4143, #7012, #6316, #4997 ),
 .UNSPECIFIED., .F., .F.,
 ( 4, 2, 2, 2, 4 ),
 ( 0.000000000000000000, 0.0004043202586623498448, 0.0008086405173246996895, 0.001212960775987049480, 0.001617281034649399379 ),
 .UNSPECIFIED. ) ;
#6041 = CARTESIAN_POINT ( 'NONE',  ( 25.99999999999999645, 18.15685424949253957, -6.843145750507550140 ) ) ;
#6042 = DIRECTION ( 'NONE',  ( 0.000000000000000000, 1.000000000000000000, 0.000000000000000000 ) ) ;
#6043 = ORIENTED_EDGE ( 'NONE', *, *, #1394, .F. ) ;
#6044 = CARTESIAN_POINT ( 'NONE',  ( 0.000000000000000000, 83.52616047165487601, -22.99999999999999289 ) ) ;
#6045 = CARTESIAN_POINT ( 'NONE',  ( -8.773401785887994464, 56.29615242270664055, -22.00000000000000711 ) ) ;
#6046 = CARTESIAN_POINT ( 'NONE',  ( 25.99999999999999645, 20.50000000000001066, -12.50000000000000000 ) ) ;
#6047 = ORIENTED_EDGE ( 'NONE', *, *, #4208, .F. ) ;
#6048 = CARTESIAN_POINT ( 'NONE',  ( 23.00000000000000000, 10.31771159413550798, -23.43435491072199284 ) ) ;
#6049 = VECTOR ( 'NONE', #5481, 1000.000000000000000 ) ;
#6050 = LINE ( 'NONE', #8911, #4784 ) ;
#6051 = VECTOR ( 'NONE', #257, 1000.000000000000000 ) ;
#6052 = DIRECTION ( 'NONE',  ( 0.000000000000000000, 0.000000000000000000, 1.000000000000000000 ) ) ;
#6053 = CARTESIAN_POINT ( 'NONE',  ( 23.58866783693174796, 108.3007942474514778, -12.92988405567795240 ) ) ;
#6054 = CARTESIAN_POINT ( 'NONE',  ( -23.00000000000000000, 48.08242211413647027, -3.000000000000002665 ) ) ;
#6055 = VERTEX_POINT ( 'NONE', #6752 ) ;
#6056 = AXIS2_PLACEMENT_3D ( 'NONE', #1377, #4247, #7112 ) ;
#6057 = AXIS2_PLACEMENT_3D ( 'NONE', #2325, #1518, #7250 ) ;
#6058 = DIRECTION ( 'NONE',  ( -1.000000000000000000, 1.541976423090495387E-16, 0.000000000000000000 ) ) ;
#6059 = EDGE_CURVE ( 'NONE', #7300, #6969, #2408, .T. ) ;
#6060 = DIRECTION ( 'NONE',  ( 0.000000000000000000, 1.000000000000000000, 0.000000000000000000 ) ) ;
#6061 = EDGE_CURVE ( 'NONE', #1526, #7252, #1158, .T. ) ;
#6062 = DIRECTION ( 'NONE',  ( -0.000000000000000000, 0.000000000000000000, 1.000000000000000000 ) ) ;
#6063 = EDGE_LOOP ( 'NONE', ( #5188, #3766, #7017, #6225 ) ) ;
#6064 = FACE_BOUND ( 'NONE', #7716, .T. ) ;
#6065 = ADVANCED_FACE ( 'NONE', ( #5486 ), #744, .T. ) ;
#6066 = AXIS2_PLACEMENT_3D ( 'NONE', #8386, #584, #4863 ) ;
#6067 = ORIENTED_EDGE ( 'NONE', *, *, #1484, .F. ) ;
#6068 = DIRECTION ( 'NONE',  ( 0.8090169943749471182, 0.000000000000000000, 0.5877852522924735812 ) ) ;
#6069 = VERTEX_POINT ( 'NONE', #9041 ) ;
#6070 = CARTESIAN_POINT ( 'NONE',  ( -28.90549605042154724, 1.951780416808911678, -18.80388895420333739 ) ) ;
#6071 = DIRECTION ( 'NONE',  ( 1.000000000000000000, 1.734723475976807292E-15, -0.000000000000000000 ) ) ;
#6072 = CARTESIAN_POINT ( 'NONE',  ( 58.00000000000002132, 12.50000000000021672, -4.499999999999771738 ) ) ;
#6073 = DIRECTION ( 'NONE',  ( 1.734723475976807292E-15, -1.000000000000000000, 0.000000000000000000 ) ) ;
#6074 = CARTESIAN_POINT ( 'NONE',  ( 43.19558781116748492, 98.44000000000002615, -23.00000000000000000 ) ) ;
#6075 = EDGE_LOOP ( 'NONE', ( #5228, #5561, #8311, #635 ) ) ;
#6076 = ORIENTED_EDGE ( 'NONE', *, *, #7404, .F. ) ;
#6077 = EDGE_LOOP ( 'NONE', ( #3860, #1637, #4845, #3089 ) ) ;
#6078 = EDGE_CURVE ( 'NONE', #2134, #5650, #5111, .T. ) ;
#6079 = VECTOR ( 'NONE', #5299, 1000.000000000000000 ) ;
#6080 = TOROIDAL_SURFACE ( 'NONE', #2028, 7.000000000000000000, 2.000000000000000000 ) ;
#6081 = LINE ( 'NONE', #3311, #7315 ) ;
#6082 = CARTESIAN_POINT ( 'NONE',  ( 20.25000000000000000, 104.4400000000000261, -15.65739561406608082 ) ) ;
#6083 = DIRECTION ( 'NONE',  ( 1.000000000000000000, -1.541976423090495387E-16, 0.000000000000000000 ) ) ;
#6084 = ORIENTED_EDGE ( 'NONE', *, *, #2974, .T. ) ;
#6085 = CARTESIAN_POINT ( 'NONE',  ( -21.55000000000002913, 118.9400000000000261, -24.99999999999999289 ) ) ;
#6086 = CARTESIAN_POINT ( 'NONE',  ( 29.99999999999999645, 18.15685424949253957, -6.843145750507550140 ) ) ;
#6087 = DIRECTION ( 'NONE',  ( 1.000000000000000000, 0.000000000000000000, 0.000000000000000000 ) ) ;
#6088 = CIRCLE ( 'NONE', #3235, 6.999999999999999112 ) ;
#6089 = VECTOR ( 'NONE', #5586, 1000.000000000000000 ) ;
#6090 = VERTEX_POINT ( 'NONE', #1203 ) ;
#6091 = AXIS2_PLACEMENT_3D ( 'NONE', #7851, #8603, #8560 ) ;
#6092 = CYLINDRICAL_SURFACE ( 'NONE', #5401, 2.149999999999999023 ) ;
#6093 = VECTOR ( 'NONE', #3580, 1000.000000000000000 ) ;
#6094 = AXIS2_PLACEMENT_3D ( 'NONE', #2057, #4022, #7548 ) ;
#6095 = DIRECTION ( 'NONE',  ( -1.000000000000000000, -9.912705577010326782E-17, 2.579370461232904926E-32 ) ) ;
#6096 = CARTESIAN_POINT ( 'NONE',  ( 23.00000000000000355, 17.99702936279458498, -22.20899266914749504 ) ) ;
#6097 = DIRECTION ( 'NONE',  ( -0.000000000000000000, 1.000000000000000000, -0.000000000000000000 ) ) ;
#6098 = CARTESIAN_POINT ( 'NONE',  ( -6.423762078750931970, 104.4400000000000261, -15.65739561406607727 ) ) ;
#6099 = VERTEX_POINT ( 'NONE', #1909 ) ;
#6100 = AXIS2_PLACEMENT_3D ( 'NONE', #5671, #4305, #9136 ) ;
#6101 = DIRECTION ( 'NONE',  ( -0.000000000000000000, 0.000000000000000000, 1.000000000000000000 ) ) ;
#6102 = CIRCLE ( 'NONE', #1009, 1.000000000000000000 ) ;
#6103 = CARTESIAN_POINT ( 'NONE',  ( 27.99999999999999289, 13.82287565553228958, -27.00000000000000355 ) ) ;
#6104 = ADVANCED_FACE ( 'NONE', ( #2001 ), #8481, .F. ) ;
#6105 = CARTESIAN_POINT ( 'NONE',  ( -29.99999999999999645, 10.34999999999988596, -20.49999999999977618 ) ) ;
#6106 = EDGE_CURVE ( 'NONE', #3957, #2505, #4653, .T. ) ;
#6107 = ORIENTED_EDGE ( 'NONE', *, *, #8004, .T. ) ;
#6108 = DIRECTION ( 'NONE',  ( -1.000000000000000000, -1.892425610156517122E-16, -0.000000000000000000 ) ) ;
#6109 = EDGE_CURVE ( 'NONE', #6984, #4389, #7804, .T. ) ;
#6110 = VERTEX_POINT ( 'NONE', #2576 ) ;
#6111 = CIRCLE ( 'NONE', #396, 1.050000000000000488 ) ;
#6112 = EDGE_CURVE ( 'NONE', #1738, #5569, #1041, .T. ) ;
#6113 = CARTESIAN_POINT ( 'NONE',  ( 25.85649327863727720, 1.043560762610393544, -7.500000000000006217 ) ) ;
#6114 = VECTOR ( 'NONE', #3975, 1000.000000000000000 ) ;
#6115 = AXIS2_PLACEMENT_3D ( 'NONE', #5687, #1977, #1268 ) ;
#6116 = CARTESIAN_POINT ( 'NONE',  ( -23.55000000000002558, 117.9399999999999977, -33.26047906222267159 ) ) ;
#6117 = PLANE ( 'NONE',  #8128 ) ;
#6118 = ORIENTED_EDGE ( 'NONE', *, *, #3944, .T. ) ;
#6119 = FACE_OUTER_BOUND ( 'NONE', #304, .T. ) ;
#6120 = CARTESIAN_POINT ( 'NONE',  ( 23.03249467419668051, 17.43859559800263881, -2.526893598322784928 ) ) ;
#6121 = CARTESIAN_POINT ( 'NONE',  ( -20.25000000000000000, 104.4400000000000261, -24.99999999999999289 ) ) ;
#6122 = DIRECTION ( 'NONE',  ( 1.000000000000000000, 9.912705577010326782E-17, 0.000000000000000000 ) ) ;
#6123 = CARTESIAN_POINT ( 'NONE',  ( 11.58728778948666438, 2.500000000000000000, -23.99999999999999289 ) ) ;
#6124 = ORIENTED_EDGE ( 'NONE', *, *, #8195, .T. ) ;
#6125 = ORIENTED_EDGE ( 'NONE', *, *, #2504, .T. ) ;
#6126 = ORIENTED_EDGE ( 'NONE', *, *, #6963, .T. ) ;
#6127 = AXIS2_PLACEMENT_3D ( 'NONE', #285, #6101, #5448 ) ;
#6128 = EDGE_CURVE ( 'NONE', #2240, #6728, #8849, .T. ) ;
#6129 = EDGE_CURVE ( 'NONE', #5816, #1790, #8996, .T. ) ;
#6130 = EDGE_CURVE ( 'NONE', #5402, #3488, #7500, .T. ) ;
#6131 = CARTESIAN_POINT ( 'NONE',  ( 29.99999999999999645, 20.30685424949230011, -18.15685424949224469 ) ) ;
#6132 = DIRECTION ( 'NONE',  ( 0.000000000000000000, -1.000000000000000000, 0.000000000000000000 ) ) ;
#6133 = ADVANCED_FACE ( 'NONE', ( #4065 ), #7686, .F. ) ;
#6134 = CARTESIAN_POINT ( 'NONE',  ( 24.63509222136526233, 15.91769679268175253, 0.000000000000000000 ) ) ;
#6135 = ORIENTED_EDGE ( 'NONE', *, *, #7544, .F. ) ;
#6136 = CARTESIAN_POINT ( 'NONE',  ( 28.00000000000000000, 12.50000000000001421, -16.50000000000000000 ) ) ;
#6137 = EDGE_CURVE ( 'NONE', #7684, #9255, #1657, .T. ) ;
#6138 = PLANE ( 'NONE',  #2112 ) ;
#6139 = LINE ( 'NONE', #8204, #9052 ) ;
#6140 = ORIENTED_EDGE ( 'NONE', *, *, #4299, .F. ) ;
#6141 = ORIENTED_EDGE ( 'NONE', *, *, #6628, .F. ) ;
#6142 = CARTESIAN_POINT ( 'NONE',  ( 24.00000000000000355, 4.313272937247753624, -6.500000000000006217 ) ) ;
#6143 = AXIS2_PLACEMENT_3D ( 'NONE', #1455, #2917, #4423 ) ;
#6144 = DIRECTION ( 'NONE',  ( 1.000000000000000000, -1.541976423090495387E-16, -0.000000000000000000 ) ) ;
#6145 = EDGE_CURVE ( 'NONE', #1738, #2369, #3411, .T. ) ;
#6146 = EDGE_CURVE ( 'NONE', #6585, #5140, #8395, .T. ) ;
#6147 = CC_DESIGN_PERSON_AND_ORGANIZATION_ASSIGNMENT ( #9016, #3948, ( #741 ) ) ;
#6148 = CARTESIAN_POINT ( 'NONE',  ( 28.00000000000000000, 35.00000000000000000, -17.50000000000000000 ) ) ;
#6149 = DIRECTION ( 'NONE',  ( 1.000000000000000000, 0.000000000000000000, 0.000000000000000000 ) ) ;
#6150 = DIRECTION ( 'NONE',  ( 0.8090169943749478954, 0.000000000000000000, -0.5877852522924723599 ) ) ;
#6151 = AXIS2_PLACEMENT_3D ( 'NONE', #8350, #4735, #463 ) ;
#6152 = VERTEX_POINT ( 'NONE', #7543 ) ;
#6153 = FACE_OUTER_BOUND ( 'NONE', #2545, .T. ) ;
#6154 = CARTESIAN_POINT ( 'NONE',  ( 25.00000000000000355, 12.50000000000001776, -6.500000000000000000 ) ) ;
#6155 = AXIS2_PLACEMENT_3D ( 'NONE', #631, #2847, #4302 ) ;
#6156 = CARTESIAN_POINT ( 'NONE',  ( -26.90714285714286191, 104.2085962636541154, 2.419152688738427370E-29 ) ) ;
#6157 = DIRECTION ( 'NONE',  ( 0.000000000000000000, -1.000000000000000000, 0.000000000000000000 ) ) ;
#6158 = ORIENTED_EDGE ( 'NONE', *, *, #7092, .F. ) ;
#6159 = CARTESIAN_POINT ( 'NONE',  ( -8.586881039375560576, 96.44000000000002615, -9.000000000000001776 ) ) ;
#6160 = CIRCLE ( 'NONE', #4052, 3.000000000000002220 ) ;
#6161 = AXIS2_PLACEMENT_3D ( 'NONE', #4344, #9267, #1623 ) ;
#6162 = EDGE_LOOP ( 'NONE', ( #6680, #7417 ) ) ;
#6163 = CARTESIAN_POINT ( 'NONE',  ( 27.99999999999999289, 12.49999999999999822, -12.50000000000000000 ) ) ;
#6164 = ADVANCED_FACE ( 'NONE', ( #409 ), #909, .T. ) ;
#6165 = TOROIDAL_SURFACE ( 'NONE', #1965, 10.50000000000000000, 2.000000000000000000 ) ;
#6166 = CARTESIAN_POINT ( 'NONE',  ( 24.00000000000002487, 12.50000000000000533, -22.65000000000000213 ) ) ;
#6167 = CALENDAR_DATE ( 2026, 6, 5 ) ;
#6168 = ORIENTED_EDGE ( 'NONE', *, *, #7342, .T. ) ;
#6169 = ORIENTED_EDGE ( 'NONE', *, *, #8633, .F. ) ;
#6170 = LINE ( 'NONE', #4757, #2314 ) ;
#6171 = CARTESIAN_POINT ( 'NONE',  ( -24.99999999999999645, 12.50000000000000888, -7.500000000000000000 ) ) ;
#6172 = CARTESIAN_POINT ( 'NONE',  ( -24.63509222136525523, 15.91769679268174897, -2.000000000000000000 ) ) ;
#6173 = ORIENTED_EDGE ( 'NONE', *, *, #2570, .T. ) ;
#6174 = ORIENTED_EDGE ( 'NONE', *, *, #5993, .T. ) ;
#6175 = ORIENTED_EDGE ( 'NONE', *, *, #277, .T. ) ;
#6176 = CC_DESIGN_APPROVAL ( #1721, ( #1816 ) ) ;
#6177 = CARTESIAN_POINT ( 'NONE',  ( -24.00000000000000000, 49.81447292170534524, -22.99999999999999289 ) ) ;
#6178 = DIRECTION ( 'NONE',  ( 0.000000000000000000, 0.000000000000000000, 1.000000000000000000 ) ) ;
#6179 = DIRECTION ( 'NONE',  ( 1.000000000000000000, 0.000000000000000000, 0.000000000000000000 ) ) ;
#6180 = CARTESIAN_POINT ( 'NONE',  ( -20.25000000000000000, 118.9400000000000261, -128.1790850899541852 ) ) ;
#6181 = ORIENTED_EDGE ( 'NONE', *, *, #26, .F. ) ;
#6182 = CARTESIAN_POINT ( 'NONE',  ( 29.99999999999999645, 1.689189189189192808, -18.77505933142119687 ) ) ;
#6183 = EDGE_CURVE ( 'NONE', #8509, #4947, #1249, .T. ) ;
#6184 = LINE ( 'NONE', #6227, #4360 ) ;
#6185 = CARTESIAN_POINT ( 'NONE',  ( 27.99999999999998934, 1.999999999999998224, -12.50000000000000000 ) ) ;
#6186 = ADVANCED_FACE ( 'NONE', ( #9225 ), #3598, .F. ) ;
#6187 = ORIENTED_EDGE ( 'NONE', *, *, #8409, .T. ) ;
#6188 = CARTESIAN_POINT ( 'NONE',  ( -17.98768373480796257, 67.14209179641811431, -22.99999999999999289 ) ) ;
#6189 = CARTESIAN_POINT ( 'NONE',  ( 23.80337204531134532, 107.3540660892669223, -16.71378397124315995 ) ) ;
#6190 = CARTESIAN_POINT ( 'NONE',  ( -20.25000000000000000, 113.9403061905773740, -7.599999999999997868 ) ) ;
#6191 = LINE ( 'NONE', #8487, #8940 ) ;
#6192 = ORIENTED_EDGE ( 'NONE', *, *, #3875, .T. ) ;
#6193 = EDGE_CURVE ( 'NONE', #2688, #911, #5262, .T. ) ;
#6194 = AXIS2_PLACEMENT_3D ( 'NONE', #3473, #9191, #6340 ) ;
#6195 = AXIS2_PLACEMENT_3D ( 'NONE', #8718, #5850, #5153 ) ;
#6196 = CARTESIAN_POINT ( 'NONE',  ( -28.00000000000000000, 12.50000000000000888, -12.50000000000000000 ) ) ;
#6197 = ADVANCED_FACE ( 'NONE', ( #3698 ), #2097, .F. ) ;
#6198 = CARTESIAN_POINT ( 'NONE',  ( -27.13679374135486810, 1.043560762610397541, -17.50000000000000355 ) ) ;
#6199 = DIRECTION ( 'NONE',  ( -1.000000000000000000, 1.541976423090495387E-16, 0.000000000000000000 ) ) ;
#6200 = DIRECTION ( 'NONE',  ( 0.000000000000000000, -1.000000000000000000, 0.000000000000000000 ) ) ;
#6201 = AXIS2_PLACEMENT_3D ( 'NONE', #1135, #8369, #4090 ) ;
#6202 = CIRCLE ( 'NONE', #9073, 2.000000000000000000 ) ;
#6203 = CARTESIAN_POINT ( 'NONE',  ( -19.99999999999998934, 49.81447292170534524, -2.999999999999999112 ) ) ;
#6204 = EDGE_LOOP ( 'NONE', ( #195, #3832, #6503, #4139 ) ) ;
#6205 = DIRECTION ( 'NONE',  ( -0.8399223068573744566, -0.5427066596637510898, 0.000000000000000000 ) ) ;
#6206 = EDGE_LOOP ( 'NONE', ( #5295, #1755, #725, #7102, #1020, #2050, #2931 ) ) ;
#6207 = DIRECTION ( 'NONE',  ( 0.4999999999999977796, -0.8660254037844398178, 0.000000000000000000 ) ) ;
#6208 = VECTOR ( 'NONE', #214, 1000.000000000000000 ) ;
#6209 = CARTESIAN_POINT ( 'NONE',  ( 29.87982461799261458, 3.814152125932307680, -20.24420875246030960 ) ) ;
#6210 = PERSON_AND_ORGANIZATION_ROLE ( 'design_supplier' ) ;
#6211 = ORIENTED_EDGE ( 'NONE', *, *, #2869, .T. ) ;
#6212 = DIRECTION ( 'NONE',  ( 1.734723475976807292E-15, -1.000000000000000000, 0.000000000000000000 ) ) ;
#6213 = FACE_OUTER_BOUND ( 'NONE', #2695, .T. ) ;
#6214 = DIRECTION ( 'NONE',  ( -0.8660254037844399289, 0.4999999999999980571, 0.000000000000000000 ) ) ;
#6215 = DIRECTION ( 'NONE',  ( 0.000000000000000000, 0.000000000000000000, 1.000000000000000000 ) ) ;
#6216 = ORIENTED_EDGE ( 'NONE', *, *, #6229, .T. ) ;
#6217 = ORIENTED_EDGE ( 'NONE', *, *, #1872, .T. ) ;
#6218 = ORIENTED_EDGE ( 'NONE', *, *, #8249, .F. ) ;
#6219 = EDGE_CURVE ( 'NONE', #6547, #5227, #6467, .T. ) ;
#6220 = AXIS2_PLACEMENT_3D ( 'NONE', #8960, #2539, #9047 ) ;
#6221 = FACE_OUTER_BOUND ( 'NONE', #3895, .T. ) ;
#6222 = SPHERICAL_SURFACE ( 'NONE', #1, 2.000000000000000000 ) ;
#6223 = CARTESIAN_POINT ( 'NONE',  ( 2.163118960624425657, 96.44000000000002615, -13.11449676604731351 ) ) ;
#6224 = DIRECTION ( 'NONE',  ( 0.3090169943749482839, -1.053076637743355143E-16, 0.9510565162951533091 ) ) ;
#6225 = ORIENTED_EDGE ( 'NONE', *, *, #606, .F. ) ;
#6226 = DIRECTION ( 'NONE',  ( 0.3090169943749485060, 1.053076637743355143E-16, -0.9510565162951533091 ) ) ;
#6227 = CARTESIAN_POINT ( 'NONE',  ( -23.00000000000000000, 35.00000000000000000, -2.999999999999999112 ) ) ;
#6228 = DIRECTION ( 'NONE',  ( -1.000000000000000000, 0.000000000000000000, 0.000000000000000000 ) ) ;
#6229 = EDGE_CURVE ( 'NONE', #4005, #60, #7197, .T. ) ;
#6230 = EDGE_LOOP ( 'NONE', ( #3059, #8279, #2977, #1693 ) ) ;
#6231 = ORIENTED_EDGE ( 'NONE', *, *, #1178, .F. ) ;
#6232 = DIRECTION ( 'NONE',  ( 0.000000000000000000, 0.000000000000000000, 1.000000000000000000 ) ) ;
#6233 = EDGE_CURVE ( 'NONE', #3477, #8440, #2892, .T. ) ;
#6234 = DIRECTION ( 'NONE',  ( 1.000000000000000000, -1.541976423090495387E-16, 0.000000000000000000 ) ) ;
#6235 = CARTESIAN_POINT ( 'NONE',  ( 29.76960675538832390, 3.553439682145651979, -25.05343968214564043 ) ) ;
#6236 = VECTOR ( 'NONE', #2898, 1000.000000000000000 ) ;
#6237 = DIRECTION ( 'NONE',  ( 0.000000000000000000, 0.000000000000000000, -1.000000000000000000 ) ) ;
#6238 = CIRCLE ( 'NONE', #4130, 0.8999999999999980238 ) ;
#6239 = DIRECTION ( 'NONE',  ( -0.000000000000000000, -0.000000000000000000, -1.000000000000000000 ) ) ;
#6240 = ORIENTED_EDGE ( 'NONE', *, *, #7092, .T. ) ;
#6241 = CIRCLE ( 'NONE', #848, 1.049999999999998934 ) ;
#6242 = ADVANCED_FACE ( 'NONE', ( #7973 ), #4914, .F. ) ;
#6243 = DIRECTION ( 'NONE',  ( 1.000000000000000000, -1.541976423090495387E-16, -0.000000000000000000 ) ) ;
#6244 = EDGE_CURVE ( 'NONE', #7769, #4887, #5711, .T. ) ;
#6245 = CARTESIAN_POINT ( 'NONE',  ( 23.00000000000000000, 2.500000000000001332, -21.78708781050336896 ) ) ;
#6246 = CARTESIAN_POINT ( 'NONE',  ( 23.54999999999997939, 115.5720230777854454, -23.00000000000000000 ) ) ;
#6247 = CARTESIAN_POINT ( 'NONE',  ( 25.99999999999999645, 18.15685424949230153, -18.15685424949224469 ) ) ;
#6248 = CIRCLE ( 'NONE', #2208, 4.999999999999999112 ) ;
#6249 = CARTESIAN_POINT ( 'NONE',  ( 0.000000000000000000, 65.10000000000000853, -2.000000000000001776 ) ) ;
#6250 = ORIENTED_EDGE ( 'NONE', *, *, #3470, .F. ) ;
#6251 = CARTESIAN_POINT ( 'NONE',  ( 25.00000000000000355, 4.836939253796808558, -7.500000000000007105 ) ) ;
#6252 = EDGE_CURVE ( 'NONE', #2240, #4294, #7046, .T. ) ;
#6253 = ORIENTED_EDGE ( 'NONE', *, *, #8348, .T. ) ;
#6254 = VECTOR ( 'NONE', #6701, 1000.000000000000000 ) ;
#6255 = DIRECTION ( 'NONE',  ( -0.000000000000000000, 0.000000000000000000, 1.000000000000000000 ) ) ;
#6256 = CARTESIAN_POINT ( 'NONE',  ( 28.72054491040567825, 2.633103608328374978, -21.64268856007083386 ) ) ;
#6257 = DATE_TIME_ROLE ( 'classification_date' ) ;
#6258 = ORIENTED_EDGE ( 'NONE', *, *, #4526, .F. ) ;
#6259 = CARTESIAN_POINT ( 'NONE',  ( -13.42376207875093463, 80.80934643409020168, -15.65739561406607727 ) ) ;
#6260 = CARTESIAN_POINT ( 'NONE',  ( -29.99999999999999645, 4.500000000000000000, -25.47284962015125487 ) ) ;
#6261 = CARTESIAN_POINT ( 'NONE',  ( -21.49999999999998934, 52.41254913305866836, 0.000000000000000000 ) ) ;
#6262 = AXIS2_PLACEMENT_3D ( 'NONE', #9260, #6408, #4855 ) ;
#6263 = CARTESIAN_POINT ( 'NONE',  ( 23.54999999999999361, 108.9309918853872148, -31.68941159757722303 ) ) ;
#6264 = EDGE_LOOP ( 'NONE', ( #1753, #3658, #1777, #9118, #964 ) ) ;
#6265 = ORIENTED_EDGE ( 'NONE', *, *, #7802, .F. ) ;
#6266 = ORIENTED_EDGE ( 'NONE', *, *, #3862, .T. ) ;
#6267 = AXIS2_PLACEMENT_3D ( 'NONE', #2310, #5178, #6531 ) ;
#6268 = CARTESIAN_POINT ( 'NONE',  ( -29.99999999999999645, 13.82287565553229314, -23.00000000000000000 ) ) ;
#6269 = CARTESIAN_POINT ( 'NONE',  ( 23.54999999999997584, 117.9400000000000972, -23.00000000000000000 ) ) ;
#6270 = DIRECTION ( 'NONE',  ( 0.000000000000000000, 0.000000000000000000, 1.000000000000000000 ) ) ;
#6271 = CARTESIAN_POINT ( 'NONE',  ( -22.66812677701821244, 104.4400000000000261, -52.33761818966186041 ) ) ;
#6272 = ORIENTED_EDGE ( 'NONE', *, *, #552, .T. ) ;
#6273 = DIRECTION ( 'NONE',  ( -0.000000000000000000, 1.000000000000000000, -0.000000000000000000 ) ) ;
#6274 = DIRECTION ( 'NONE',  ( 0.8399223068573765660, -0.5427066596637478701, 0.000000000000000000 ) ) ;
#6275 = CARTESIAN_POINT ( 'NONE',  ( -24.98966240773260949, 105.4144634681975106, -16.13073420539002711 ) ) ;
#6276 = AXIS2_PLACEMENT_3D ( 'NONE', #9007, #3191, #1825 ) ;
#6277 = VERTEX_POINT ( 'NONE', #4349 ) ;
#6278 = EDGE_LOOP ( 'NONE', ( #3455, #2437, #2924, #4461, #7776, #3016 ) ) ;
#6279 = DIRECTION ( 'NONE',  ( -0.000000000000000000, 0.000000000000000000, 1.000000000000000000 ) ) ;
#6280 = CARTESIAN_POINT ( 'NONE',  ( 28.00000000000000000, 1.043560762610397319, -16.50000000000000000 ) ) ;
#6281 = EDGE_CURVE ( 'NONE', #5041, #6560, #3646, .T. ) ;
#6282 = CIRCLE ( 'NONE', #1329, 0.9000000000000075717 ) ;
#6283 = ADVANCED_FACE ( 'NONE', ( #4255 ), #5010, .F. ) ;
#6284 = DIRECTION ( 'NONE',  ( 1.000000000000000000, 0.000000000000000000, 0.000000000000000000 ) ) ;
#6285 = CARTESIAN_POINT ( 'NONE',  ( 1.336881039375164004, 104.4400000000000261, -15.65739561406607727 ) ) ;
#6286 = DIRECTION ( 'NONE',  ( -1.000000000000000000, 0.000000000000000000, 0.000000000000000000 ) ) ;
#6287 = ORIENTED_EDGE ( 'NONE', *, *, #969, .F. ) ;
#6288 = EDGE_CURVE ( 'NONE', #2517, #7668, #6451, .T. ) ;
#6289 = ADVANCED_FACE ( 'NONE', ( #5853, #5805 ), #5110, .T. ) ;
#6290 = AXIS2_PLACEMENT_3D ( 'NONE', #7613, #8770, #1177 ) ;
#6291 = CARTESIAN_POINT ( 'NONE',  ( -22.99999999999991829, 17.99754749918758279, -22.20867430621813909 ) ) ;
#6292 = CARTESIAN_POINT ( 'NONE',  ( -27.99999999999999645, 0.6572807176729866807, -16.50000000000000000 ) ) ;
#6293 = CARTESIAN_POINT ( 'NONE',  ( -29.26005491797182145, 11.91172087988722517, -25.50000000000000711 ) ) ;
#6294 = LINE ( 'NONE', #9149, #682 ) ;
#6295 = VECTOR ( 'NONE', #504, 999.9999999999998863 ) ;
#6296 = FACE_OUTER_BOUND ( 'NONE', #3021, .T. ) ;
#6297 = ORIENTED_EDGE ( 'NONE', *, *, #455, .T. ) ;
#6298 = DIRECTION ( 'NONE',  ( -1.360567432138672574E-16, 1.000000000000000000, 0.000000000000000000 ) ) ;
#6299 = ADVANCED_FACE ( 'NONE', ( #3550 ), #2857, .T. ) ;
#6300 = EDGE_CURVE ( 'NONE', #1418, #1120, #9294, .T. ) ;
#6301 = ORIENTED_EDGE ( 'NONE', *, *, #5538, .F. ) ;
#6302 = AXIS2_PLACEMENT_3D ( 'NONE', #7024, #587, #8435 ) ;
#6303 = FACE_BOUND ( 'NONE', #7380, .T. ) ;
#6304 = CARTESIAN_POINT ( 'NONE',  ( 29.71613701354505821, 3.440305035218678142, -19.71880792815353445 ) ) ;
#6305 = VERTEX_POINT ( 'NONE', #8020 ) ;
#6306 = CIRCLE ( 'NONE', #6905, 0.8999999999999980238 ) ;
#6307 = DIRECTION ( 'NONE',  ( 0.000000000000000000, -0.000000000000000000, -1.000000000000000000 ) ) ;
#6308 = DIRECTION ( 'NONE',  ( -1.000000000000000000, 1.541976423090495387E-16, 0.000000000000000000 ) ) ;
#6309 = DIRECTION ( 'NONE',  ( -8.787991997524760300E-17, 3.055260266764806547E-32, -1.000000000000000000 ) ) ;
#6310 = VERTEX_POINT ( 'NONE', #8315 ) ;
#6311 = EDGE_LOOP ( 'NONE', ( #6836, #3113, #9049, #2933 ) ) ;
#6312 = VERTEX_POINT ( 'NONE', #6907 ) ;
#6313 = EDGE_CURVE ( 'NONE', #8011, #4678, #7314, .T. ) ;
#6314 = ADVANCED_FACE ( 'NONE', ( #1881 ), #3085, .T. ) ;
#6315 = AXIS2_PLACEMENT_3D ( 'NONE', #8840, #419, #4655 ) ;
#6316 = CARTESIAN_POINT ( 'NONE',  ( 27.13699724128017721, 1.043560762610397985, -17.50000000000000000 ) ) ;
#6317 = DIRECTION ( 'NONE',  ( 0.000000000000000000, 0.000000000000000000, 1.000000000000000000 ) ) ;
#6318 = CARTESIAN_POINT ( 'NONE',  ( 23.00000000000000000, 70.83954254497726311, -92.33954254497653835 ) ) ;
#6319 = DIRECTION ( 'NONE',  ( 1.000000000000000000, -0.000000000000000000, -0.000000000000000000 ) ) ;
#6320 = VERTEX_POINT ( 'NONE', #2336 ) ;
#6321 = DIRECTION ( 'NONE',  ( 0.000000000000000000, 0.000000000000000000, 1.000000000000000000 ) ) ;
#6322 = LINE ( 'NONE', #4061, #9001 ) ;
#6323 = CARTESIAN_POINT ( 'NONE',  ( -23.57723099860622185, 108.4015740790999587, -16.18281769729497555 ) ) ;
#6324 = AXIS2_PLACEMENT_3D ( 'NONE', #7350, #5100, #1470 ) ;
#6325 = EDGE_LOOP ( 'NONE', ( #1049, #2333, #1626, #5261 ) ) ;
#6326 = ORIENTED_EDGE ( 'NONE', *, *, #782, .T. ) ;
#6327 = CARTESIAN_POINT ( 'NONE',  ( 10.27340178588798913, 58.89422863405996367, -22.00000000000000711 ) ) ;
#6328 = CARTESIAN_POINT ( 'NONE',  ( 14.24999999999978861, 104.4400000000000261, -13.11449676604731174 ) ) ;
#6329 = APPROVAL_PERSON_ORGANIZATION ( #4799, #1721, #7708 ) ;
#6330 = FACE_OUTER_BOUND ( 'NONE', #2978, .T. ) ;
#6331 = FACE_BOUND ( 'NONE', #135, .T. ) ;
#6332 = CARTESIAN_POINT ( 'NONE',  ( -5.773401785888006899, 51.10000000000000853, -128.1790850899541852 ) ) ;
#6333 = ORIENTED_EDGE ( 'NONE', *, *, #7331, .F. ) ;
#6334 = VERTEX_POINT ( 'NONE', #3943 ) ;
#6335 = EDGE_CURVE ( 'NONE', #165, #5563, #7360, .T. ) ;
#6336 = LINE ( 'NONE', #9186, #901 ) ;
#6337 = DIRECTION ( 'NONE',  ( 1.000000000000000000, 0.000000000000000000, 0.000000000000000000 ) ) ;
#6338 = DIRECTION ( 'NONE',  ( 1.000000000000000000, 1.360567432138672574E-16, -0.000000000000000000 ) ) ;
#6339 = DIRECTION ( 'NONE',  ( -0.9510565162951533091, 0.000000000000000000, -0.3090169943749482839 ) ) ;
#6340 = DIRECTION ( 'NONE',  ( 0.000000000000000000, 1.000000000000000000, 0.000000000000000000 ) ) ;
#6341 = VERTEX_POINT ( 'NONE', #5156 ) ;
#6342 = DIRECTION ( 'NONE',  ( 0.000000000000000000, 0.000000000000000000, 1.000000000000000000 ) ) ;
#6343 = ORIENTED_EDGE ( 'NONE', *, *, #9227, .T. ) ;
#6344 = EDGE_CURVE ( 'NONE', #1124, #3605, #7562, .T. ) ;
#6345 = CARTESIAN_POINT ( 'NONE',  ( -20.25000000000000000, 106.9403061905773740, -14.59999999999999787 ) ) ;
#6346 = TOROIDAL_SURFACE ( 'NONE', #4083, 4.000000000000000000, 2.000000000000000000 ) ;
#6347 = EDGE_CURVE ( 'NONE', #8417, #3681, #6655, .T. ) ;
#6348 = VECTOR ( 'NONE', #5079, 1000.000000000000000 ) ;
#6349 = CARTESIAN_POINT ( 'NONE',  ( 27.99999999999999645, 2.499999999999976463, -20.17194210432892376 ) ) ;
#6350 = PERSON_AND_ORGANIZATION_ROLE ( 'creator' ) ;
#6351 = ORIENTED_EDGE ( 'NONE', *, *, #2550, .F. ) ;
#6352 = DIRECTION ( 'NONE',  ( 9.912705577010326782E-17, -1.000000000000000000, 0.000000000000000000 ) ) ;
#6353 = DIRECTION ( 'NONE',  ( -0.000000000000000000, 1.000000000000000000, 1.156482317317873204E-16 ) ) ;
#6354 = CARTESIAN_POINT ( 'NONE',  ( -3.500000000000209166, 96.44000000000002615, -9.000000000000001776 ) ) ;
#6355 = ORIENTED_EDGE ( 'NONE', *, *, #5950, .F. ) ;
#6356 = EDGE_LOOP ( 'NONE', ( #2061, #7405, #4486, #2222 ) ) ;
#6357 = ORIENTED_EDGE ( 'NONE', *, *, #7859, .F. ) ;
#6358 =( BOUNDED_CURVE ( )  B_SPLINE_CURVE ( 3, ( #8691, #9242, #2213, #94 ),
 .UNSPECIFIED., .F., .F. ) 
 B_SPLINE_CURVE_WITH_KNOTS ( ( 4, 4 ),
 ( 1.570796326794896336, 2.197805466739095159 ),
 .UNSPECIFIED. ) 
 CURVE ( )  GEOMETRIC_REPRESENTATION_ITEM ( )  RATIONAL_B_SPLINE_CURVE ( ( 1.000000000000000000, 0.9675057496383960842, 0.9675057496383960842, 1.000000000000000000 ) ) 
 REPRESENTATION_ITEM ( '' )  );
#6359 = EDGE_CURVE ( 'NONE', #5749, #5930, #3275, .T. ) ;
#6360 = AXIS2_PLACEMENT_3D ( 'NONE', #1782, #8882, #1076 ) ;
#6361 = LINE ( 'NONE', #6921, #554 ) ;
#6362 = DIRECTION ( 'NONE',  ( 0.000000000000000000, -1.000000000000000000, 0.000000000000000000 ) ) ;
#6363 = CARTESIAN_POINT ( 'NONE',  ( -25.99999999999999645, 1.043560762610397319, -7.500000000000000000 ) ) ;
#6364 = CARTESIAN_POINT ( 'NONE',  ( -1.336881039375571234, 96.44000000000002615, -15.65739561406607727 ) ) ;
#6365 = VERTEX_POINT ( 'NONE', #427 ) ;
#6366 = CARTESIAN_POINT ( 'NONE',  ( -24.00000000000000000, 49.81447292170534524, -128.1790850899541852 ) ) ;
#6367 = CARTESIAN_POINT ( 'NONE',  ( -9.987683734807962566, 67.14209179641811431, -24.99999999999999645 ) ) ;
#6368 = CARTESIAN_POINT ( 'NONE',  ( 25.99999999999999645, 14.65000000000021174, -4.499999999999771738 ) ) ;
#6369 = EDGE_CURVE ( 'NONE', #5466, #8984, #1627, .T. ) ;
#6370 = AXIS2_PLACEMENT_3D ( 'NONE', #7497, #5483, #4062 ) ;
#6371 = EDGE_LOOP ( 'NONE', ( #8015, #772, #6478, #872 ) ) ;
#6372 = EDGE_LOOP ( 'NONE', ( #5741, #1173, #8031, #1972 ) ) ;
#6373 = CARTESIAN_POINT ( 'NONE',  ( 24.25353312144070372, 4.155141269180924191, -7.179773925516992783 ) ) ;
#6374 = DIRECTION ( 'NONE',  ( 1.000000000000000000, -0.000000000000000000, -0.000000000000000000 ) ) ;
#6375 = CARTESIAN_POINT ( 'NONE',  ( 21.54999999999997584, 118.9400000000000972, -23.00000000000000000 ) ) ;
#6376 = ORIENTED_EDGE ( 'NONE', *, *, #653, .T. ) ;
#6377 = DIRECTION ( 'NONE',  ( -0.000000000000000000, 1.000000000000000000, -0.000000000000000000 ) ) ;
#6378 = DIRECTION ( 'NONE',  ( -0.8660254037844399289, -0.4999999999999980571, 0.000000000000000000 ) ) ;
#6379 = ORIENTED_EDGE ( 'NONE', *, *, #8072, .T. ) ;
#6380 = VERTEX_POINT ( 'NONE', #2548 ) ;
#6381 = PLANE ( 'NONE',  #4648 ) ;
#6382 = CARTESIAN_POINT ( 'NONE',  ( -23.99999999999999289, 13.55000000000020322, -4.499999999999771738 ) ) ;
#6383 = AXIS2_PLACEMENT_3D ( 'NONE', #8405, #1973, #4837 ) ;
#6384 = CARTESIAN_POINT ( 'NONE',  ( 28.63338045669980758, 1.808055852126623897, -18.78765757931778069 ) ) ;
#6385 = DIRECTION ( 'NONE',  ( -0.5877852522924734702, 0.000000000000000000, 0.8090169943749472292 ) ) ;
#6386 = FACE_OUTER_BOUND ( 'NONE', #8870, .T. ) ;
#6387 = VERTEX_POINT ( 'NONE', #380 ) ;
#6388 = AXIS2_PLACEMENT_3D ( 'NONE', #8010, #6602, #2884 ) ;
#6389 = AXIS2_PLACEMENT_3D ( 'NONE', #1487, #1535, #5674 ) ;
#6390 = ORIENTED_EDGE ( 'NONE', *, *, #7778, .T. ) ;
#6391 = CIRCLE ( 'NONE', #2495, 2.000000000000001776 ) ;
#6392 = LINE ( 'NONE', #563, #1337 ) ;
#6393 = AXIS2_PLACEMENT_3D ( 'NONE', #3607, #2810, #5860 ) ;
#6394 = VECTOR ( 'NONE', #93, 1000.000000000000000 ) ;
#6395 = EDGE_CURVE ( 'NONE', #5907, #4507, #798, .T. ) ;
#6396 = CARTESIAN_POINT ( 'NONE',  ( 29.52568126009659721, 2.578448267155946549, -18.88799884799532336 ) ) ;
#6397 = EDGE_CURVE ( 'NONE', #182, #1562, #3433, .T. ) ;
#6398 = ORIENTED_EDGE ( 'NONE', *, *, #7616, .T. ) ;
#6399 = CARTESIAN_POINT ( 'NONE',  ( -23.00000000000000000, 12.49999999999999645, -25.50000000000000355 ) ) ;
#6400 = CARTESIAN_POINT ( 'NONE',  ( 23.54999999999997939, 117.9400000000000972, -2.000000000000001776 ) ) ;
#6401 = CYLINDRICAL_SURFACE ( 'NONE', #4840, 0.8999999999999980238 ) ;
#6402 = ORIENTED_EDGE ( 'NONE', *, *, #7290, .T. ) ;
#6403 = EDGE_LOOP ( 'NONE', ( #8821, #2327, #7200, #1678 ) ) ;
#6404 = CIRCLE ( 'NONE', #4144, 10.50000000000000000 ) ;
#6405 = ORIENTED_EDGE ( 'NONE', *, *, #1110, .F. ) ;
#6406 = EDGE_CURVE ( 'NONE', #5421, #805, #6864, .T. ) ;
#6407 = AXIS2_PLACEMENT_3D ( 'NONE', #8847, #2422, #3254 ) ;
#6408 = DIRECTION ( 'NONE',  ( 0.000000000000000000, 0.000000000000000000, 1.000000000000000000 ) ) ;
#6409 = DIRECTION ( 'NONE',  ( 0.000000000000000000, 0.000000000000000000, 1.000000000000000000 ) ) ;
#6410 = DIRECTION ( 'NONE',  ( 0.000000000000000000, -1.000000000000000000, 0.000000000000000000 ) ) ;
#6411 = FACE_OUTER_BOUND ( 'NONE', #2131, .T. ) ;
#6412 = VERTEX_POINT ( 'NONE', #3040 ) ;
#6413 = CARTESIAN_POINT ( 'NONE',  ( -23.99999999999999289, 17.10685424949229727, -18.15685424949224469 ) ) ;
#6414 = LINE ( 'NONE', #5106, #3309 ) ;
#6415 = FACE_OUTER_BOUND ( 'NONE', #2471, .T. ) ;
#6416 = EDGE_CURVE ( 'NONE', #7498, #302, #7466, .T. ) ;
#6417 = ORIENTED_EDGE ( 'NONE', *, *, #8551, .T. ) ;
#6418 = ORIENTED_EDGE ( 'NONE', *, *, #6112, .T. ) ;
#6419 = VECTOR ( 'NONE', #6583, 1000.000000000000000 ) ;
#6420 = AXIS2_PLACEMENT_3D ( 'NONE', #8219, #3239, #7698 ) ;
#6421 = EDGE_CURVE ( 'NONE', #3116, #3128, #8816, .T. ) ;
#6422 = CARTESIAN_POINT ( 'NONE',  ( 26.25000000000000355, 102.3196380149609865, -2.000000000000000000 ) ) ;
#6423 = DIRECTION ( 'NONE',  ( 1.541976423090495387E-16, 1.000000000000000000, 0.000000000000000000 ) ) ;
#6424 = DIRECTION ( 'NONE',  ( -0.4999999999999977796, -0.8660254037844398178, 0.000000000000000000 ) ) ;
#6425 = DIRECTION ( 'NONE',  ( 0.000000000000000000, -1.000000000000000000, 0.000000000000000000 ) ) ;
#6426 = VERTEX_POINT ( 'NONE', #8114 ) ;
#6427 = VECTOR ( 'NONE', #2818, 1000.000000000000000 ) ;
#6428 = CARTESIAN_POINT ( 'NONE',  ( 23.00000000000000000, 18.33716540796992334, -22.00000000000000711 ) ) ;
#6429 = DIRECTION ( 'NONE',  ( -0.9510565162951540863, 0.000000000000000000, -0.3090169943749457304 ) ) ;
#6430 = ORIENTED_EDGE ( 'NONE', *, *, #4622, .F. ) ;
#6431 = EDGE_LOOP ( 'NONE', ( #4154, #7254, #2276, #6820, #8657, #438 ) ) ;
#6432 = FACE_BOUND ( 'NONE', #4899, .T. ) ;
#6433 = EDGE_CURVE ( 'NONE', #318, #3868, #415, .T. ) ;
#6434 = CIRCLE ( 'NONE', #5383, 2.999999999999999112 ) ;
#6435 = EDGE_CURVE ( 'NONE', #1539, #7871, #2824, .T. ) ;
#6436 = DIRECTION ( 'NONE',  ( -0.000000000000000000, -0.000000000000000000, -1.000000000000000000 ) ) ;
#6437 = DIRECTION ( 'NONE',  ( 3.520350958453880090E-46, -2.029344161882401514E-31, 1.000000000000000000 ) ) ;
#6438 = CARTESIAN_POINT ( 'NONE',  ( 24.00000000000000711, 18.15685424949253957, -6.843145750507550140 ) ) ;
#6439 = DIRECTION ( 'NONE',  ( 1.000000000000000000, 0.000000000000000000, 0.000000000000000000 ) ) ;
#6440 = LINE ( 'NONE', #1451, #4614 ) ;
#6441 = ORIENTED_EDGE ( 'NONE', *, *, #4422, .T. ) ;
#6442 = VECTOR ( 'NONE', #3600, 1000.000000000000000 ) ;
#6443 = CARTESIAN_POINT ( 'NONE',  ( -23.99999999999998934, 4.220646418681444523, -18.37361532895409866 ) ) ;
#6444 = CIRCLE ( 'NONE', #7944, 2.149999999999999023 ) ;
#6445 = CARTESIAN_POINT ( 'NONE',  ( -27.97536617175445528, 0.7459319885308597353, -8.244639081306113226 ) ) ;
#6446 = ORIENTED_EDGE ( 'NONE', *, *, #1466, .F. ) ;
#6447 = CARTESIAN_POINT ( 'NONE',  ( 23.54999999999999361, 108.9309918853872148, -23.00000000000000000 ) ) ;
#6448 = CARTESIAN_POINT ( 'NONE',  ( 17.98768373480796612, 67.14209179641811431, -2.000000000000001776 ) ) ;
#6449 = CARTESIAN_POINT ( 'NONE',  ( -28.16400673619143546, 1.689189189189189477, -18.77505933142119687 ) ) ;
#6450 = EDGE_LOOP ( 'NONE', ( #3859, #8766, #3872, #4246 ) ) ;
#6451 = CIRCLE ( 'NONE', #5696, 2.149999999999999023 ) ;
#6452 = ORIENTED_EDGE ( 'NONE', *, *, #8194, .T. ) ;
#6453 = EDGE_LOOP ( 'NONE', ( #6168, #858, #2227, #686, #754, #6567, #2532, #8361, #2937, #6679, #8652, #1189, #6869, #8953, #8016, #3622, #7485, #5968, #9171, #2926, #795, #4212, #2518, #7379, #8387, #5014, #11, #9154, #524 ) ) ;
#6454 = VERTEX_POINT ( 'NONE', #6949 ) ;
#6455 = CARTESIAN_POINT ( 'NONE',  ( 26.25000000000000355, 102.3196380149609865, -25.00000000000000000 ) ) ;
#6456 = DIRECTION ( 'NONE',  ( 0.000000000000000000, 1.000000000000000000, 0.000000000000000000 ) ) ;
#6457 = CARTESIAN_POINT ( 'NONE',  ( 20.25000000000000000, 118.9399999999999835, -4.500000000000000000 ) ) ;
#6458 = DIRECTION ( 'NONE',  ( -1.000000000000000000, -1.541976423090495387E-16, -0.000000000000000000 ) ) ;
#6459 = ORIENTED_EDGE ( 'NONE', *, *, #7172, .T. ) ;
#6460 = CARTESIAN_POINT ( 'NONE',  ( 29.99999999999999645, 12.50000000000021316, -4.499999999999771738 ) ) ;
#6461 = LINE ( 'NONE', #19, #1660 ) ;
#6462 = DIRECTION ( 'NONE',  ( -1.000000000000000000, 1.541976423090495387E-16, -0.000000000000000000 ) ) ;
#6463 = ORIENTED_EDGE ( 'NONE', *, *, #8992, .F. ) ;
#6464 = ORIENTED_EDGE ( 'NONE', *, *, #7968, .F. ) ;
#6465 = CIRCLE ( 'NONE', #8865, 2.149999999999999023 ) ;
#6466 = VECTOR ( 'NONE', #1676, 1000.000000000000000 ) ;
#6467 = LINE ( 'NONE', #727, #2700 ) ;
#6468 = DIRECTION ( 'NONE',  ( 1.000000000000000000, 9.912705577010326782E-17, -0.000000000000000000 ) ) ;
#6469 = LINE ( 'NONE', #7363, #2835 ) ;
#6470 = EDGE_CURVE ( 'NONE', #5563, #8452, #7764, .T. ) ;
#6471 = AXIS2_PLACEMENT_3D ( 'NONE', #4717, #9077, #3267 ) ;
#6472 = DIRECTION ( 'NONE',  ( 0.000000000000000000, -1.000000000000000000, 0.000000000000000000 ) ) ;
#6473 = CARTESIAN_POINT ( 'NONE',  ( 20.57654914134644741, 94.44000000000002615, -25.00000000000000000 ) ) ;
#6474 = ORIENTED_EDGE ( 'NONE', *, *, #4613, .F. ) ;
#6475 = EDGE_CURVE ( 'NONE', #8271, #7117, #9258, .T. ) ;
#6476 = DIRECTION ( 'NONE',  ( -1.000000000000000000, -1.892425610156517122E-16, -0.000000000000000000 ) ) ;
#6477 = DIRECTION ( 'NONE',  ( 0.000000000000000000, 0.000000000000000000, 1.000000000000000000 ) ) ;
#6478 = ORIENTED_EDGE ( 'NONE', *, *, #2677, .F. ) ;
#6479 = VERTEX_POINT ( 'NONE', #1318 ) ;
#6480 = DIRECTION ( 'NONE',  ( 0.000000000000000000, 0.000000000000000000, 1.000000000000000000 ) ) ;
#6481 = LINE ( 'NONE', #1543, #3573 ) ;
#6482 = CARTESIAN_POINT ( 'NONE',  ( -29.99999999999999645, 10.11477641198446165, -25.50000000000000355 ) ) ;
#6483 = CARTESIAN_POINT ( 'NONE',  ( 43.19558781116748492, 98.44000000000002615, -2.000000000000000000 ) ) ;
#6484 = DIRECTION ( 'NONE',  ( 0.000000000000000000, 1.000000000000000000, 2.029344161882400639E-31 ) ) ;
#6485 = FACE_OUTER_BOUND ( 'NONE', #6822, .T. ) ;
#6486 = EDGE_LOOP ( 'NONE', ( #6799, #993 ) ) ;
#6487 = ORIENTED_EDGE ( 'NONE', *, *, #5361, .F. ) ;
#6488 = EDGE_CURVE ( 'NONE', #1902, #8790, #9063, .T. ) ;
#6489 = CARTESIAN_POINT ( 'NONE',  ( -21.55000000000002558, 118.9400000000000972, 0.000000000000000000 ) ) ;
#6490 = CARTESIAN_POINT ( 'NONE',  ( -23.00000000000000000, 35.00000000000000000, -25.00000000000000000 ) ) ;
#6491 = ORIENTED_EDGE ( 'NONE', *, *, #8377, .T. ) ;
#6492 = CARTESIAN_POINT ( 'NONE',  ( -26.00000000000000000, 16.00685424949231361, -18.15685424949224469 ) ) ;
#6493 = CARTESIAN_POINT ( 'NONE',  ( -27.99478144879476460, 18.08852343133674623, -2.000000000000000000 ) ) ;
#6494 = ORIENTED_EDGE ( 'NONE', *, *, #7115, .F. ) ;
#6495 = ORIENTED_EDGE ( 'NONE', *, *, #8194, .F. ) ;
#6496 = ORIENTED_EDGE ( 'NONE', *, *, #996, .F. ) ;
#6497 = TOROIDAL_SURFACE ( 'NONE', #8753, 10.50000000000000000, 2.000000000000000000 ) ;
#6498 = CARTESIAN_POINT ( 'NONE',  ( 29.74257451504526628, 11.21210890677293825, -25.50000000000000000 ) ) ;
#6499 = CARTESIAN_POINT ( 'NONE',  ( -24.99999999999999645, 12.50000000000000888, -12.50000000000000000 ) ) ;
#6500 = CARTESIAN_POINT ( 'NONE',  ( 16.57654914134644741, 94.44000000000002615, -23.00000000000000000 ) ) ;
#6501 = ORIENTED_EDGE ( 'NONE', *, *, #492, .F. ) ;
#6502 = DIRECTION ( 'NONE',  ( 1.000000000000000000, 1.982541115402065307E-15, 0.000000000000000000 ) ) ;
#6503 = ORIENTED_EDGE ( 'NONE', *, *, #6809, .F. ) ;
#6504 = CARTESIAN_POINT ( 'NONE',  ( -23.31393684833120616, 2.886454107512963496, -7.500000000000000000 ) ) ;
#6505 = VECTOR ( 'NONE', #8573, 1000.000000000000000 ) ;
#6506 = FACE_OUTER_BOUND ( 'NONE', #2180, .T. ) ;
#6507 = DIRECTION ( 'NONE',  ( 0.8090169943749480064, 0.000000000000000000, -0.5877852522924722489 ) ) ;
#6508 = EDGE_CURVE ( 'NONE', #1006, #2561, #2640, .T. ) ;
#6509 = ORIENTED_EDGE ( 'NONE', *, *, #3890, .F. ) ;
#6510 = ORIENTED_EDGE ( 'NONE', *, *, #3466, .T. ) ;
#6511 = AXIS2_PLACEMENT_3D ( 'NONE', #577, #5566, #1990 ) ;
#6512 = DIRECTION ( 'NONE',  ( -0.000000000000000000, 1.000000000000000000, -0.000000000000000000 ) ) ;
#6513 = FACE_OUTER_BOUND ( 'NONE', #3585, .T. ) ;
#6514 = CARTESIAN_POINT ( 'NONE',  ( -24.79633497013947263, 4.603910184322941745, -7.485669804166010799 ) ) ;
#6515 = EDGE_CURVE ( 'NONE', #6055, #282, #4643, .T. ) ;
#6516 = CARTESIAN_POINT ( 'NONE',  ( -37.75000000000000711, 113.9403061905773740, -8.500000000000005329 ) ) ;
#6517 = CARTESIAN_POINT ( 'NONE',  ( 18.57654914134644741, 94.44000000000002615, -23.00000000000000000 ) ) ;
#6518 = ORIENTED_EDGE ( 'NONE', *, *, #266, .T. ) ;
#6519 = CIRCLE ( 'NONE', #5918, 1.050000000000000488 ) ;
#6520 = DIRECTION ( 'NONE',  ( -9.912705577010326782E-17, 1.000000000000000000, -0.000000000000000000 ) ) ;
#6521 = CARTESIAN_POINT ( 'NONE',  ( 23.00000000000000000, 2.500000000000001332, -23.99999999999999289 ) ) ;
#6522 = FACE_OUTER_BOUND ( 'NONE', #7152, .T. ) ;
#6523 = VERTEX_POINT ( 'NONE', #1928 ) ;
#6524 = ORIENTED_EDGE ( 'NONE', *, *, #336, .T. ) ;
#6525 = DIRECTION ( 'NONE',  ( 1.000000000000000000, -0.000000000000000000, -0.000000000000000000 ) ) ;
#6526 = CIRCLE ( 'NONE', #5925, 2.000000000000001776 ) ;
#6527 = CARTESIAN_POINT ( 'NONE',  ( 8.773401785887994464, 56.29615242270664055, -24.99999999999999289 ) ) ;
#6528 = CARTESIAN_POINT ( 'NONE',  ( -28.28673546890512824, 12.47588221342916803, -25.50000000000000355 ) ) ;
#6529 = CARTESIAN_POINT ( 'NONE',  ( 25.00000000000000355, 4.836939253796808558, -7.500000000000007105 ) ) ;
#6530 = DIRECTION ( 'NONE',  ( -0.9510565162951536422, 0.000000000000000000, -0.3090169943749471737 ) ) ;
#6531 = DIRECTION ( 'NONE',  ( 0.000000000000000000, -1.000000000000000000, -1.156482317317873204E-16 ) ) ;
#6532 = EDGE_LOOP ( 'NONE', ( #6047, #2080, #7452, #6617 ) ) ;
#6533 = ORIENTED_EDGE ( 'NONE', *, *, #4699, .F. ) ;
#6534 = EDGE_CURVE ( 'NONE', #6312, #1539, #2070, .T. ) ;
#6535 = TOROIDAL_SURFACE ( 'NONE', #832, 4.000000000000000888, 1.000000000000000000 ) ;
#6536 = LINE ( 'NONE', #7894, #1168 ) ;
#6537 = ADVANCED_FACE ( 'NONE', ( #515 ), #4180, .F. ) ;
#6538 = EDGE_CURVE ( 'NONE', #6365, #1902, #5395, .T. ) ;
#6539 = CARTESIAN_POINT ( 'NONE',  ( 25.99999999999999645, 14.64999999999987068, -20.49999999999977618 ) ) ;
#6540 = EDGE_LOOP ( 'NONE', ( #3531, #5989, #762, #3690, #5284 ) ) ;
#6541 = CARTESIAN_POINT ( 'NONE',  ( 25.99999999999999645, 53.27857453684310229, -23.00000000000000000 ) ) ;
#6542 = CIRCLE ( 'NONE', #1592, 2.149999999999999023 ) ;
#6543 = AXIS2_PLACEMENT_3D ( 'NONE', #1969, #557, #4172 ) ;
#6544 = VECTOR ( 'NONE', #7656, 1000.000000000000114 ) ;
#6545 = ORIENTED_EDGE ( 'NONE', *, *, #4239, .T. ) ;
#6546 = EDGE_LOOP ( 'NONE', ( #7359, #4897, #2288, #5186, #414, #4808 ) ) ;
#6547 = VERTEX_POINT ( 'NONE', #2021 ) ;
#6548 = VECTOR ( 'NONE', #3808, 1000.000000000000000 ) ;
#6549 = AXIS2_PLACEMENT_3D ( 'NONE', #2488, #8212, #4646 ) ;
#6550 = ADVANCED_FACE ( 'NONE', ( #5550 ), #8410, .T. ) ;
#6551 = CARTESIAN_POINT ( 'NONE',  ( -22.99999999999999645, 13.82287565553229136, -27.00000000000000355 ) ) ;
#6552 = PLANE ( 'NONE',  #6800 ) ;
#6553 = DIRECTION ( 'NONE',  ( -0.5427066596637512008, 0.8399223068573745676, 0.000000000000000000 ) ) ;
#6554 = ORIENTED_EDGE ( 'NONE', *, *, #4615, .T. ) ;
#6555 = CARTESIAN_POINT ( 'NONE',  ( 23.54999999999998650, 112.4105578932698535, -23.11884562150395084 ) ) ;
#6556 = VERTEX_POINT ( 'NONE', #3522 ) ;
#6557 = DIRECTION ( 'NONE',  ( 0.000000000000000000, 0.000000000000000000, 1.000000000000000000 ) ) ;
#6558 = CARTESIAN_POINT ( 'NONE',  ( -20.25000000000000000, 113.9403061905773598, -21.59999999999999787 ) ) ;
#6559 = DIRECTION ( 'NONE',  ( -0.5427066596637479812, 0.8399223068573764550, -0.000000000000000000 ) ) ;
#6560 = VERTEX_POINT ( 'NONE', #2072 ) ;
#6561 = ORIENTED_EDGE ( 'NONE', *, *, #7955, .F. ) ;
#6562 = AXIS2_PLACEMENT_3D ( 'NONE', #3177, #7535, #8330 ) ;
#6563 = DIRECTION ( 'NONE',  ( 0.000000000000000000, -1.000000000000000000, 0.000000000000000000 ) ) ;
#6564 = DIRECTION ( 'NONE',  ( 0.8399223068573764550, 0.5427066596637479812, -0.000000000000000000 ) ) ;
#6565 = DIRECTION ( 'NONE',  ( 0.000000000000000000, 0.000000000000000000, -1.000000000000000000 ) ) ;
#6566 = CARTESIAN_POINT ( 'NONE',  ( 28.25000000000000000, 118.9400000000000119, -23.00000000000000000 ) ) ;
#6567 = ORIENTED_EDGE ( 'NONE', *, *, #4511, .T. ) ;
#6568 = FACE_OUTER_BOUND ( 'NONE', #5516, .T. ) ;
#6569 = CARTESIAN_POINT ( 'NONE',  ( 11.26830527994896336, 71.48374507372810172, -25.00000000000000000 ) ) ;
#6570 = CARTESIAN_POINT ( 'NONE',  ( 24.16256616465658880, 4.129377124539835187, -17.94823133350621802 ) ) ;
#6571 = EDGE_LOOP ( 'NONE', ( #1369, #5350, #6181, #8 ) ) ;
#6572 = AXIS2_PLACEMENT_3D ( 'NONE', #1989, #4812, #3399 ) ;
#6573 = ORIENTED_EDGE ( 'NONE', *, *, #8792, .F. ) ;
#6574 = EDGE_CURVE ( 'NONE', #8563, #3000, #7330, .T. ) ;
#6575 = CARTESIAN_POINT ( 'NONE',  ( -23.64263785928942241, 107.9652501842550976, -12.70547956481587093 ) ) ;
#6576 = CARTESIAN_POINT ( 'NONE',  ( -20.25000000000000000, 106.9403061905773740, -13.69999999999999929 ) ) ;
#6577 = AXIS2_PLACEMENT_3D ( 'NONE', #8418, #1983, #4270 ) ;
#6578 = EDGE_CURVE ( 'NONE', #7144, #1663, #7141, .T. ) ;
#6579 = AXIS2_PLACEMENT_3D ( 'NONE', #7943, #196, #1503 ) ;
#6580 = CARTESIAN_POINT ( 'NONE',  ( -24.00000000000000000, 49.81447292170534524, -2.000000000000001776 ) ) ;
#6581 = DIRECTION ( 'NONE',  ( 0.8660254037844394848, 0.4999999999999987232, 0.000000000000000000 ) ) ;
#6582 = DIRECTION ( 'NONE',  ( 0.000000000000000000, 0.000000000000000000, 1.000000000000000000 ) ) ;
#6583 = DIRECTION ( 'NONE',  ( 1.000000000000000000, 0.000000000000000000, 0.000000000000000000 ) ) ;
#6584 = ORIENTED_EDGE ( 'NONE', *, *, #6288, .F. ) ;
#6585 = VERTEX_POINT ( 'NONE', #2730 ) ;
#6586 = EDGE_CURVE ( 'NONE', #2771, #3511, #6392, .T. ) ;
#6587 = AXIS2_PLACEMENT_3D ( 'NONE', #1446, #7988, #4976 ) ;
#6588 = ADVANCED_FACE ( 'NONE', ( #4983, #6303 ), #4888, .T. ) ;
#6589 = AXIS2_PLACEMENT_3D ( 'NONE', #5807, #8534, #6563 ) ;
#6590 = DIRECTION ( 'NONE',  ( 0.000000000000000000, 1.000000000000000000, 0.000000000000000000 ) ) ;
#6591 = ORIENTED_EDGE ( 'NONE', *, *, #8023, .F. ) ;
#6592 = DIRECTION ( 'NONE',  ( -9.912705577010326782E-17, 1.000000000000000000, 0.000000000000000000 ) ) ;
#6593 = ADVANCED_FACE ( 'NONE', ( #610 ), #4016, .T. ) ;
#6594 = ORIENTED_EDGE ( 'NONE', *, *, #5607, .F. ) ;
#6595 = VERTEX_POINT ( 'NONE', #5641 ) ;
#6596 = ORIENTED_EDGE ( 'NONE', *, *, #8353, .F. ) ;
#6597 = VECTOR ( 'NONE', #7520, 1000.000000000000000 ) ;
#6598 = CARTESIAN_POINT ( 'NONE',  ( 29.99999999999999289, 4.499999999999999112, -25.47284962015124421 ) ) ;
#6599 = DIRECTION ( 'NONE',  ( -0.000000000000000000, 1.000000000000000000, -0.000000000000000000 ) ) ;
#6600 = ORIENTED_EDGE ( 'NONE', *, *, #183, .F. ) ;
#6601 = VECTOR ( 'NONE', #551, 1000.000000000000000 ) ;
#6602 = DIRECTION ( 'NONE',  ( -1.000000000000000000, -9.912705577010326782E-17, 0.000000000000000000 ) ) ;
#6603 = VERTEX_POINT ( 'NONE', #4227 ) ;
#6604 = CARTESIAN_POINT ( 'NONE',  ( -16.57654914134644386, 96.44000000000002615, -2.755455298081540045E-15 ) ) ;
#6605 = CYLINDRICAL_SURFACE ( 'NONE', #9147, 2.150000000000012790 ) ;
#6606 = FACE_BOUND ( 'NONE', #5148, .T. ) ;
#6607 = EDGE_CURVE ( 'NONE', #947, #7815, #6536, .T. ) ;
#6608 = ORIENTED_EDGE ( 'NONE', *, *, #2550, .T. ) ;
#6609 = VERTEX_POINT ( 'NONE', #5780 ) ;
#6610 = ADVANCED_FACE ( 'NONE', ( #4323 ), #6633, .T. ) ;
#6611 = CARTESIAN_POINT ( 'NONE',  ( 23.57824946156923929, 2.375789791770053672, -7.500000000000007994 ) ) ;
#6612 = DIRECTION ( 'NONE',  ( 1.000000000000000000, -0.000000000000000000, -0.000000000000000000 ) ) ;
#6613 =( BOUNDED_CURVE ( )  B_SPLINE_CURVE ( 3, ( #6033, #8894, #5332, #1088 ),
 .UNSPECIFIED., .F., .F. ) 
 B_SPLINE_CURVE_WITH_KNOTS ( ( 4, 4 ),
 ( -3.552713678800500929E-15, 1.570796326794901665 ),
 .UNSPECIFIED. ) 
 CURVE ( )  GEOMETRIC_REPRESENTATION_ITEM ( )  RATIONAL_B_SPLINE_CURVE ( ( 1.000000000000000000, 0.8047378541243628280, 0.8047378541243628280, 1.000000000000000000 ) ) 
 REPRESENTATION_ITEM ( '' )  );
#6614 = CARTESIAN_POINT ( 'NONE',  ( -24.46670751131398447, 4.295208817813726654, -7.357145376824981042 ) ) ;
#6615 = CARTESIAN_POINT ( 'NONE',  ( -22.25000000000000000, 116.0903061905773512, -21.59999999999999787 ) ) ;
#6616 = DIRECTION ( 'NONE',  ( 0.000000000000000000, 0.000000000000000000, -1.000000000000000000 ) ) ;
#6617 = ORIENTED_EDGE ( 'NONE', *, *, #1353, .F. ) ;
#6618 = CARTESIAN_POINT ( 'NONE',  ( -22.25000000000000000, 113.9403061905773455, -21.59999999999999787 ) ) ;
#6619 = CARTESIAN_POINT ( 'NONE',  ( -27.00000000000000000, 17.50000000000000711, -12.50000000000000000 ) ) ;
#6620 = CARTESIAN_POINT ( 'NONE',  ( 5.663118960624426101, 104.4400000000000261, -15.65739561406607372 ) ) ;
#6621 = AXIS2_PLACEMENT_3D ( 'NONE', #6706, #4680, #8290 ) ;
#6622 = ORIENTED_EDGE ( 'NONE', *, *, #7947, .F. ) ;
#6623 = CARTESIAN_POINT ( 'NONE',  ( 4.670159431706762732, 104.4400000000000261, -71.34475996974296663 ) ) ;
#6624 = CARTESIAN_POINT ( 'NONE',  ( 28.00000000000000355, 0.7009795153335924844, -8.370621851582562556 ) ) ;
#6625 = DIRECTION ( 'NONE',  ( 1.000000000000000000, 0.000000000000000000, 0.000000000000000000 ) ) ;
#6626 = LINE ( 'NONE', #4716, #4519 ) ;
#6627 = CARTESIAN_POINT ( 'NONE',  ( 23.54999999999999716, 108.8797142826807516, -13.66211879250811911 ) ) ;
#6628 = EDGE_CURVE ( 'NONE', #1796, #6609, #1222, .T. ) ;
#6629 = CARTESIAN_POINT ( 'NONE',  ( 58.00000000000002132, 11.45000000000021778, -4.499999999999771738 ) ) ;
#6630 = VERTEX_POINT ( 'NONE', #8794 ) ;
#6631 = ORIENTED_EDGE ( 'NONE', *, *, #51, .T. ) ;
#6632 = PRODUCT_DEFINITION_FORMATION_WITH_SPECIFIED_SOURCE ( '任何', '', #3331, .NOT_KNOWN. ) ;
#6633 = CYLINDRICAL_SURFACE ( 'NONE', #7035, 2.000000000000000000 ) ;
#6634 = DIRECTION ( 'NONE',  ( 0.000000000000000000, 0.000000000000000000, 1.000000000000000000 ) ) ;
#6635 = VERTEX_POINT ( 'NONE', #7288 ) ;
#6636 = CARTESIAN_POINT ( 'NONE',  ( -26.90714285714286191, 104.2085962636541154, -2.000000000000000000 ) ) ;
#6638 = ADVANCED_FACE ( 'NONE', ( #7996 ), #5733, .F. ) ;
#6637 = VERTEX_POINT ( 'NONE', #2872 ) ;
#6639 = EDGE_LOOP ( 'NONE', ( #5141, #4961 ) ) ;
#6640 = EDGE_LOOP ( 'NONE', ( #7970, #8826 ) ) ;
#6641 = EDGE_CURVE ( 'NONE', #573, #4531, #3673, .T. ) ;
#6642 = DIRECTION ( 'NONE',  ( 0.000000000000000000, 0.000000000000000000, 1.000000000000000000 ) ) ;
#6643 = DIRECTION ( 'NONE',  ( 1.000000000000000000, -1.541976423090495387E-16, -0.000000000000000000 ) ) ;
#6644 = ORIENTED_EDGE ( 'NONE', *, *, #1976, .T. ) ;
#6645 = CARTESIAN_POINT ( 'NONE',  ( -28.42093375970071634, 2.540851400657108794, -20.14784976292579444 ) ) ;
#6646 = VERTEX_POINT ( 'NONE', #850 ) ;
#6647 = CARTESIAN_POINT ( 'NONE',  ( -25.99999999999999645, 12.50000000000022027, -4.499999999999771738 ) ) ;
#6648 = DIRECTION ( 'NONE',  ( 1.000000000000000000, -1.541976423090495387E-16, -0.000000000000000000 ) ) ;
#6649 = FACE_OUTER_BOUND ( 'NONE', #4387, .T. ) ;
#6650 = CIRCLE ( 'NONE', #3805, 1.049999999999998934 ) ;
#6651 = AXIS2_PLACEMENT_3D ( 'NONE', #480, #4138, #8419 ) ;
#6653 = EDGE_CURVE ( 'NONE', #3817, #9019, #3751, .T. ) ;
#6652 = ORIENTED_EDGE ( 'NONE', *, *, #5592, .T. ) ;
#6654 = ORIENTED_EDGE ( 'NONE', *, *, #6978, .F. ) ;
#6655 = LINE ( 'NONE', #4660, #4938 ) ;
#6656 = CARTESIAN_POINT ( 'NONE',  ( -24.30734382914754477, 4.190483034696395492, -7.224570353972175951 ) ) ;
#6657 = VECTOR ( 'NONE', #3170, 1000.000000000000000 ) ;
#6658 = CARTESIAN_POINT ( 'NONE',  ( 29.99999999999999289, 4.499999999999972466, -128.1790850899541852 ) ) ;
#6659 = EDGE_CURVE ( 'NONE', #5044, #4493, #899, .T. ) ;
#6660 = LINE ( 'NONE', #5386, #7883 ) ;
#6661 = VERTEX_POINT ( 'NONE', #5085 ) ;
#6662 = AXIS2_PLACEMENT_3D ( 'NONE', #6438, #42, #842 ) ;
#6663 = CARTESIAN_POINT ( 'NONE',  ( 43.45996886322567576, 104.4400000000000261, -34.33678138689331405 ) ) ;
#6664 = DIRECTION ( 'NONE',  ( 0.000000000000000000, 0.000000000000000000, -1.000000000000000000 ) ) ;
#6665 = ORIENTED_EDGE ( 'NONE', *, *, #2504, .F. ) ;
#6666 = FACE_OUTER_BOUND ( 'NONE', #4504, .T. ) ;
#6667 = CARTESIAN_POINT ( 'NONE',  ( -29.99999999999999645, 13.82287565553229136, -23.00000000000000000 ) ) ;
#6668 = VECTOR ( 'NONE', #510, 1000.000000000000000 ) ;
#6669 = CIRCLE ( 'NONE', #2475, 1.049999999999998934 ) ;
#6670 = CARTESIAN_POINT ( 'NONE',  ( -22.99999999999999645, 1.689189189189187479, -18.77505933142118622 ) ) ;
#6671 = CARTESIAN_POINT ( 'NONE',  ( 23.54999999999999361, 108.9309918853872148, -13.78779899995169522 ) ) ;
#6672 = CARTESIAN_POINT ( 'NONE',  ( 16.57654914134644741, 96.44000000000002615, -23.00000000000000000 ) ) ;
#6673 = EDGE_LOOP ( 'NONE', ( #5953, #3484, #5009, #6405 ) ) ;
#6674 = AXIS2_PLACEMENT_3D ( 'NONE', #6332, #5017, #6286 ) ;
#6675 = DIRECTION ( 'NONE',  ( -0.8090169943749473402, -6.508371548838541211E-17, 0.5877852522924732481 ) ) ;
#6676 = LINE ( 'NONE', #243, #3616 ) ;
#6677 = ORIENTED_EDGE ( 'NONE', *, *, #2109, .F. ) ;
#6678 = FACE_OUTER_BOUND ( 'NONE', #8408, .T. ) ;
#6679 = ORIENTED_EDGE ( 'NONE', *, *, #849, .T. ) ;
#6680 = ORIENTED_EDGE ( 'NONE', *, *, #6475, .F. ) ;
#6681 = EDGE_CURVE ( 'NONE', #4005, #5323, #2975, .T. ) ;
#6682 = EDGE_CURVE ( 'NONE', #910, #6412, #7190, .T. ) ;
#6683 = AXIS2_PLACEMENT_3D ( 'NONE', #224, #8989, #3088 ) ;
#6684 = DIRECTION ( 'NONE',  ( 1.000000000000000000, 0.000000000000000000, 0.000000000000000000 ) ) ;
#6685 = AXIS2_PLACEMENT_3D ( 'NONE', #1610, #906, #6592 ) ;
#6686 = FACE_OUTER_BOUND ( 'NONE', #3123, .T. ) ;
#6687 = ORIENTED_EDGE ( 'NONE', *, *, #3986, .F. ) ;
#6688 = CARTESIAN_POINT ( 'NONE',  ( -28.65714892091288490, 2.609863541325483371, -21.66805290646762217 ) ) ;
#6689 = VERTEX_POINT ( 'NONE', #6489 ) ;
#6690 = DIRECTION ( 'NONE',  ( 0.000000000000000000, 1.000000000000000000, 2.891205793294678622E-15 ) ) ;
#6691 = EDGE_CURVE ( 'NONE', #3172, #3083, #2225, .T. ) ;
#6692 = LINE ( 'NONE', #7527, #5102 ) ;
#6693 = CARTESIAN_POINT ( 'NONE',  ( -26.00000000000000000, 18.15685424949231219, -18.15685424949224469 ) ) ;
#6694 = ORIENTED_EDGE ( 'NONE', *, *, #3271, .T. ) ;
#6695 = ORIENTED_EDGE ( 'NONE', *, *, #3520, .F. ) ;
#6696 = CIRCLE ( 'NONE', #3978, 10.00000000000000000 ) ;
#6697 = VECTOR ( 'NONE', #5783, 1000.000000000000000 ) ;
#6698 = EDGE_CURVE ( 'NONE', #574, #6630, #4483, .T. ) ;
#6700 = FACE_BOUND ( 'NONE', #2868, .T. ) ;
#6699 = CIRCLE ( 'NONE', #2650, 0.8999999999999980238 ) ;
#6701 = DIRECTION ( 'NONE',  ( -0.8090169943749472292, 0.000000000000000000, -0.5877852522924734702 ) ) ;
#6702 = CARTESIAN_POINT ( 'NONE',  ( 23.00000000000000000, 13.82287565553228958, -22.00000000000000355 ) ) ;
#6703 = ORIENTED_EDGE ( 'NONE', *, *, #2501, .T. ) ;
#6704 = CARTESIAN_POINT ( 'NONE',  ( 17.40583894593559222, 96.30893166001959571, -15.40734797180528126 ) ) ;
#6705 = ADVANCED_FACE ( 'NONE', ( #8647 ), #3063, .F. ) ;
#6706 = CARTESIAN_POINT ( 'NONE',  ( -26.00000000000000000, 18.15685424949254667, -6.843145750507550140 ) ) ;
#6707 = FACE_BOUND ( 'NONE', #2117, .T. ) ;
#6708 = ORIENTED_EDGE ( 'NONE', *, *, #2458, .T. ) ;
#6709 = EDGE_CURVE ( 'NONE', #7729, #3396, #1851, .T. ) ;
#6710 = AXIS2_PLACEMENT_3D ( 'NONE', #8437, #7830, #1299 ) ;
#6711 = DIRECTION ( 'NONE',  ( 0.000000000000000000, -1.829999629156732544E-31, 1.000000000000000000 ) ) ;
#6712 = FACE_OUTER_BOUND ( 'NONE', #2312, .T. ) ;
#6713 = DIRECTION ( 'NONE',  ( -1.000000000000000000, -9.912705577010326782E-17, 0.000000000000000000 ) ) ;
#6714 = DIRECTION ( 'NONE',  ( 0.000000000000000000, 1.000000000000000000, 0.000000000000000000 ) ) ;
#6715 = VECTOR ( 'NONE', #4630, 1000.000000000000114 ) ;
#6716 = CARTESIAN_POINT ( 'NONE',  ( 28.25000000000000000, 102.3196380149609865, -2.000000000000001776 ) ) ;
#6717 = DIRECTION ( 'NONE',  ( 0.000000000000000000, 0.000000000000000000, 1.000000000000000000 ) ) ;
#6718 = ORIENTED_EDGE ( 'NONE', *, *, #7118, .T. ) ;
#6719 = ADVANCED_FACE ( 'NONE', ( #2362 ), #2315, .F. ) ;
#6720 = EDGE_CURVE ( 'NONE', #4682, #897, #8217, .T. ) ;
#6721 = CC_DESIGN_PERSON_AND_ORGANIZATION_ASSIGNMENT ( #7753, #6350, ( #6632 ) ) ;
#6722 = CARTESIAN_POINT ( 'NONE',  ( -27.99999999999999289, -3.500000000000002665, -21.78708781050335830 ) ) ;
#6723 = CARTESIAN_POINT ( 'NONE',  ( -22.99999999999999645, 18.33716540796991978, -2.999999999999999112 ) ) ;
#6724 = DIRECTION ( 'NONE',  ( 0.000000000000000000, -2.602085213965210149E-16, -1.000000000000000000 ) ) ;
#6725 = VERTEX_POINT ( 'NONE', #1031 ) ;
#6726 = CARTESIAN_POINT ( 'NONE',  ( -22.99999999999999645, 18.33716540796991978, -2.999999999999999112 ) ) ;
#6727 = AXIS2_PLACEMENT_3D ( 'NONE', #4169, #5681, #599 ) ;
#6728 = VERTEX_POINT ( 'NONE', #8919 ) ;
#6729 = EDGE_LOOP ( 'NONE', ( #8281, #4092, #4956, #4384 ) ) ;
#6730 = PLANE ( 'NONE',  #5960 ) ;
#6731 = EDGE_LOOP ( 'NONE', ( #2626, #7693, #8287, #6474 ) ) ;
#6732 = CARTESIAN_POINT ( 'NONE',  ( -29.80798166687634776, 3.168929088070715494, -18.98874397693540672 ) ) ;
#6733 = ORIENTED_EDGE ( 'NONE', *, *, #7030, .F. ) ;
#6734 = DIRECTION ( 'NONE',  ( 9.912705577010326782E-17, -1.000000000000000000, 0.000000000000000000 ) ) ;
#6735 = CARTESIAN_POINT ( 'NONE',  ( 23.54999999999999716, 108.9309918853872148, -2.000000000000001776 ) ) ;
#6736 = FACE_OUTER_BOUND ( 'NONE', #8608, .T. ) ;
#6737 = ORIENTED_EDGE ( 'NONE', *, *, #6508, .F. ) ;
#6738 = ORIENTED_EDGE ( 'NONE', *, *, #2683, .T. ) ;
#6739 = EDGE_LOOP ( 'NONE', ( #6953, #8080, #3381, #4853 ) ) ;
#6740 = AXIS2_PLACEMENT_3D ( 'NONE', #4447, #4351, #3648 ) ;
#6741 = AXIS2_PLACEMENT_3D ( 'NONE', #7836, #3662, #8544 ) ;
#6742 = DIRECTION ( 'NONE',  ( 0.000000000000000000, -0.000000000000000000, 1.000000000000000000 ) ) ;
#6743 = CARTESIAN_POINT ( 'NONE',  ( -23.55000000000001492, 112.3085893033692741, -23.00000000000000000 ) ) ;
#6744 = DIRECTION ( 'NONE',  ( -1.000000000000000000, -9.912705577010326782E-17, 0.000000000000000000 ) ) ;
#6745 = EDGE_LOOP ( 'NONE', ( #9, #5109 ) ) ;
#6746 = CARTESIAN_POINT ( 'NONE',  ( 24.14200260948289412, 11.65275084795299065, -25.50000000000000000 ) ) ;
#6747 = CARTESIAN_POINT ( 'NONE',  ( -28.55000000000000782, 108.9309918853871437, -23.00000000000000000 ) ) ;
#6748 = CARTESIAN_POINT ( 'NONE',  ( -22.99999999999999645, 4.828427124746175636, -23.50000000000000000 ) ) ;
#6749 = ORIENTED_EDGE ( 'NONE', *, *, #9135, .T. ) ;
#6750 = EDGE_CURVE ( 'NONE', #5245, #1539, #4693, .T. ) ;
#6751 = AXIS2_PLACEMENT_3D ( 'NONE', #2347, #7328, #888 ) ;
#6752 = CARTESIAN_POINT ( 'NONE',  ( -23.00000000000000000, 1.043560762610397319, -17.50000000000000000 ) ) ;
#6753 = EDGE_CURVE ( 'NONE', #897, #7933, #1919, .T. ) ;
#6754 = CARTESIAN_POINT ( 'NONE',  ( -24.14257848452702859, 11.65346342084527365, -25.50000000000000711 ) ) ;
#6755 = EDGE_CURVE ( 'NONE', #182, #4556, #7427, .T. ) ;
#6756 = DIRECTION ( 'NONE',  ( 0.9510565162951533091, 0.000000000000000000, -0.3090169943749485060 ) ) ;
#6757 = CARTESIAN_POINT ( 'NONE',  ( 25.66642029208369635, 104.8437233625983822, -14.06497096110283174 ) ) ;
#6758 = LINE ( 'NONE', #7549, #6114 ) ;
#6759 = ORIENTED_EDGE ( 'NONE', *, *, #8974, .T. ) ;
#6760 = DIRECTION ( 'NONE',  ( 1.000000000000000000, 0.000000000000000000, 0.000000000000000000 ) ) ;
#6761 = CARTESIAN_POINT ( 'NONE',  ( 29.80157585537031650, 11.08390611978555462, -25.50000000000000000 ) ) ;
#6762 = DIRECTION ( 'NONE',  ( 0.000000000000000000, 0.000000000000000000, 1.000000000000000000 ) ) ;
#6763 = AXIS2_PLACEMENT_3D ( 'NONE', #998, #2423, #5465 ) ;
#6764 = ORIENTED_EDGE ( 'NONE', *, *, #7844, .F. ) ;
#6765 = FACE_OUTER_BOUND ( 'NONE', #6639, .T. ) ;
#6766 = EDGE_CURVE ( 'NONE', #573, #736, #943, .T. ) ;
#6767 = ORIENTED_EDGE ( 'NONE', *, *, #4067, .T. ) ;
#6768 = APPROVAL_PERSON_ORGANIZATION ( #7665, #7104, #1979 ) ;
#6769 = DIRECTION ( 'NONE',  ( -0.5427066596637479812, 0.8399223068573764550, 0.000000000000000000 ) ) ;
#6770 = CYLINDRICAL_SURFACE ( 'NONE', #7976, 2.149999999999999023 ) ;
#6771 = VERTEX_POINT ( 'NONE', #3286 ) ;
#6772 = CARTESIAN_POINT ( 'NONE',  ( -29.99999999999999289, 4.500000000000003553, -19.30073525436772641 ) ) ;
#6773 = CARTESIAN_POINT ( 'NONE',  ( -5.773401785888006899, 60.10000000000000853, -3.000000000000000000 ) ) ;
#6774 = FACE_OUTER_BOUND ( 'NONE', #7178, .T. ) ;
#6775 = CARTESIAN_POINT ( 'NONE',  ( -23.55000000000000071, 103.9400000000000261, -33.26047906222267159 ) ) ;
#6776 = FACE_OUTER_BOUND ( 'NONE', #4079, .T. ) ;
#6777 = ORIENTED_EDGE ( 'NONE', *, *, #6995, .F. ) ;
#6778 = ORIENTED_EDGE ( 'NONE', *, *, #8342, .T. ) ;
#6779 = ORIENTED_EDGE ( 'NONE', *, *, #6244, .F. ) ;
#6780 = DIRECTION ( 'NONE',  ( 0.000000000000000000, -0.000000000000000000, -1.000000000000000000 ) ) ;
#6781 = CARTESIAN_POINT ( 'NONE',  ( -23.55000000000001492, 112.4104980304255861, -23.11877585063688656 ) ) ;
#6782 = DIRECTION ( 'NONE',  ( 1.000000000000000000, -1.541976423090495387E-16, 0.000000000000000000 ) ) ;
#6783 = ORIENTED_EDGE ( 'NONE', *, *, #7030, .T. ) ;
#6784 = CARTESIAN_POINT ( 'NONE',  ( 24.98963462660621815, 12.25549715833708575, -25.50000000000000355 ) ) ;
#6785 = CARTESIAN_POINT ( 'NONE',  ( 58.00000000000002132, 19.20685424949254383, -6.843145750507550140 ) ) ;
#6786 = CARTESIAN_POINT ( 'NONE',  ( -24.99999999999999645, 18.50000000000001066, -12.50000000000000000 ) ) ;
#6787 = EDGE_LOOP ( 'NONE', ( #8089, #3825, #1142, #9221 ) ) ;
#6788 = ORIENTED_EDGE ( 'NONE', *, *, #7014, .T. ) ;
#6789 = CARTESIAN_POINT ( 'NONE',  ( -20.25000000000000355, 96.44000000000004036, -23.00000000000000000 ) ) ;
#6790 = EDGE_CURVE ( 'NONE', #833, #7119, #6434, .T. ) ;
#6791 = VECTOR ( 'NONE', #570, 1000.000000000000000 ) ;
#6792 = CARTESIAN_POINT ( 'NONE',  ( 20.57654914134644741, 94.44000000000002615, 0.000000000000000000 ) ) ;
#6793 = EDGE_CURVE ( 'NONE', #17, #6454, #4322, .T. ) ;
#6794 = CIRCLE ( 'NONE', #6662, 1.049999999999998934 ) ;
#6795 = EDGE_CURVE ( 'NONE', #6603, #6630, #2389, .T. ) ;
#6796 = CARTESIAN_POINT ( 'NONE',  ( 0.000000000000000000, 12.49999999999999822, 0.000000000000000000 ) ) ;
#6797 = CARTESIAN_POINT ( 'NONE',  ( 23.72685034008368277, 107.6064771508412292, -12.55172047415149983 ) ) ;
#6798 = DIRECTION ( 'NONE',  ( -1.000000000000000000, 0.000000000000000000, 0.000000000000000000 ) ) ;
#6799 = ORIENTED_EDGE ( 'NONE', *, *, #505, .F. ) ;
#6800 = AXIS2_PLACEMENT_3D ( 'NONE', #864, #5241, #4431 ) ;
#6801 = CIRCLE ( 'NONE', #1559, 5.999999999999998224 ) ;
#6802 = DIRECTION ( 'NONE',  ( 2.775557561562890858E-16, 1.000000000000000000, 0.000000000000000000 ) ) ;
#6803 = DIRECTION ( 'NONE',  ( 1.000000000000000000, 0.000000000000000000, 0.000000000000000000 ) ) ;
#6804 = CARTESIAN_POINT ( 'NONE',  ( 24.00000000000000711, 18.15685424949253957, -6.843145750507550140 ) ) ;
#6805 = VERTEX_POINT ( 'NONE', #4559 ) ;
#6806 = FACE_OUTER_BOUND ( 'NONE', #8357, .T. ) ;
#6807 = EDGE_CURVE ( 'NONE', #7432, #514, #8307, .T. ) ;
#6808 = VERTEX_POINT ( 'NONE', #2494 ) ;
#6809 = EDGE_CURVE ( 'NONE', #1442, #2763, #9110, .T. ) ;
#6810 = ADVANCED_FACE ( 'NONE', ( #1779 ), #3109, .F. ) ;
#6811 = DIRECTION ( 'NONE',  ( -1.000000000000000000, 1.898094922533725623E-16, -0.000000000000000000 ) ) ;
#6812 = ADVANCED_FACE ( 'NONE', ( #7467 ), #8262, .T. ) ;
#6813 = CARTESIAN_POINT ( 'NONE',  ( 29.99999999999999289, 4.500000000000000888, -19.30073525436772641 ) ) ;
#6814 = ORIENTED_EDGE ( 'NONE', *, *, #2776, .T. ) ;
#6815 = CARTESIAN_POINT ( 'NONE',  ( -28.26931186715289712, 2.513744345398828628, -21.77232133010614845 ) ) ;
#6816 = CARTESIAN_POINT ( 'NONE',  ( 29.84016967561415257, 3.687021705486853040, -20.41093792227272630 ) ) ;
#6817 = DIRECTION ( 'NONE',  ( -0.000000000000000000, 0.000000000000000000, 1.000000000000000000 ) ) ;
#6818 = PLANE ( 'NONE',  #3894 ) ;
#6819 = FACE_OUTER_BOUND ( 'NONE', #7243, .T. ) ;
#6820 = ORIENTED_EDGE ( 'NONE', *, *, #8173, .T. ) ;
#6821 = ORIENTED_EDGE ( 'NONE', *, *, #5916, .F. ) ;
#6822 = EDGE_LOOP ( 'NONE', ( #1432, #7245, #3050, #2342, #541 ) ) ;
#6823 = EDGE_CURVE ( 'NONE', #2649, #2771, #3935, .T. ) ;
#6824 = EDGE_CURVE ( 'NONE', #3597, #8577, #2585, .T. ) ;
#6825 = VECTOR ( 'NONE', #5716, 1000.000000000000000 ) ;
#6826 = CIRCLE ( 'NONE', #4280, 0.8999999999999998002 ) ;
#6827 = LINE ( 'NONE', #3175, #4469 ) ;
#6828 = CYLINDRICAL_SURFACE ( 'NONE', #110, 2.149999999999997247 ) ;
#6829 = DIRECTION ( 'NONE',  ( 0.3285714285714290694, -0.9444791243466054143, 0.000000000000000000 ) ) ;
#6830 = ORIENTED_EDGE ( 'NONE', *, *, #3902, .F. ) ;
#6831 = CARTESIAN_POINT ( 'NONE',  ( 25.57957343042398790, 12.46538760051546824, -25.50000000000000000 ) ) ;
#6832 = CARTESIAN_POINT ( 'NONE',  ( 28.00000000000000000, 12.49999999999999822, -12.50000000000000000 ) ) ;
#6833 = CYLINDRICAL_SURFACE ( 'NONE', #4864, 2.149999999999999023 ) ;
#6834 = AXIS2_PLACEMENT_3D ( 'NONE', #3493, #4147, #5523 ) ;
#6835 = CIRCLE ( 'NONE', #5047, 2.150000000000002576 ) ;
#6836 = ORIENTED_EDGE ( 'NONE', *, *, #5236, .T. ) ;
#6837 = ORIENTED_EDGE ( 'NONE', *, *, #8708, .T. ) ;
#6838 = AXIS2_PLACEMENT_3D ( 'NONE', #2922, #4277, #2829 ) ;
#6839 = DIRECTION ( 'NONE',  ( -1.000000000000000000, -9.912705577010326782E-17, 0.000000000000000000 ) ) ;
#6840 = VECTOR ( 'NONE', #7595, 1000.000000000000000 ) ;
#6841 = CIRCLE ( 'NONE', #3985, 2.000000000000000000 ) ;
#6842 = CARTESIAN_POINT ( 'NONE',  ( 14.24999999999978861, 80.80934643409020168, -13.11449676604731174 ) ) ;
#6843 = DIRECTION ( 'NONE',  ( 0.7071067811865444641, 0.000000000000000000, -0.7071067811865505703 ) ) ;
#6844 = DIRECTION ( 'NONE',  ( -9.912705577010326782E-17, 1.000000000000000000, 0.000000000000000000 ) ) ;
#6845 = FACE_BOUND ( 'NONE', #8645, .T. ) ;
#6846 = EDGE_LOOP ( 'NONE', ( #6501, #5665, #8137, #118 ) ) ;
#6847 = CIRCLE ( 'NONE', #2654, 3.000000000000002220 ) ;
#6848 = EDGE_CURVE ( 'NONE', #4806, #1008, #2979, .T. ) ;
#6849 = AXIS2_PLACEMENT_3D ( 'NONE', #2279, #5933, #14 ) ;
#6850 = EDGE_CURVE ( 'NONE', #4004, #154, #7175, .T. ) ;
#6851 = DIRECTION ( 'NONE',  ( 0.000000000000000000, 0.000000000000000000, -1.000000000000000000 ) ) ;
#6852 = CIRCLE ( 'NONE', #5514, 4.000000000000000000 ) ;
#6853 = DIRECTION ( 'NONE',  ( -1.541976423090495387E-16, -1.000000000000000000, 0.000000000000000000 ) ) ;
#6854 = CARTESIAN_POINT ( 'NONE',  ( -1.336881039375571234, 80.80934643409020168, -15.65739561406607727 ) ) ;
#6855 = EDGE_CURVE ( 'NONE', #7260, #6969, #1873, .T. ) ;
#6856 = DIRECTION ( 'NONE',  ( 0.000000000000000000, -1.000000000000000000, 0.000000000000000000 ) ) ;
#6857 = ORIENTED_EDGE ( 'NONE', *, *, #6795, .T. ) ;
#6858 = CARTESIAN_POINT ( 'NONE',  ( 17.98768373480796612, 67.14209179641811431, 0.000000000000000000 ) ) ;
#6859 = ORIENTED_EDGE ( 'NONE', *, *, #1540, .T. ) ;
#6860 = CIRCLE ( 'NONE', #3853, 1.000000000000000888 ) ;
#6861 = CARTESIAN_POINT ( 'NONE',  ( -19.99999999999998934, 49.81447292170534524, -24.99999999999999289 ) ) ;
#6862 = EDGE_CURVE ( 'NONE', #7270, #298, #6017, .T. ) ;
#6863 = ADVANCED_FACE ( 'NONE', ( #7743 ), #553, .F. ) ;
#6864 = CIRCLE ( 'NONE', #6290, 5.999999999999998224 ) ;
#6865 = CARTESIAN_POINT ( 'NONE',  ( -22.25000000000000000, 113.9403061905773598, -20.69999999999999929 ) ) ;
#6866 =( NAMED_UNIT ( * ) PLANE_ANGLE_UNIT ( ) SI_UNIT ( $, .RADIAN. ) );
#6867 = VERTEX_POINT ( 'NONE', #6896 ) ;
#6868 = CARTESIAN_POINT ( 'NONE',  ( -15.58688103937556235, 96.44000000000002615, -9.000000000000000000 ) ) ;
#6869 = ORIENTED_EDGE ( 'NONE', *, *, #6978, .T. ) ;
#6870 = CARTESIAN_POINT ( 'NONE',  ( 11.58728778948666438, 3.414213562373113575, -24.91421356237309581 ) ) ;
#6871 = CARTESIAN_POINT ( 'NONE',  ( -26.00000000000000355, 44.61832049899870611, -25.00000000000000000 ) ) ;
#6872 = CYLINDRICAL_SURFACE ( 'NONE', #8441, 2.149999999999999023 ) ;
#6873 = VERTEX_POINT ( 'NONE', #1260 ) ;
#6874 = EDGE_LOOP ( 'NONE', ( #5537, #4155, #7111, #8372 ) ) ;
#6875 = ORIENTED_EDGE ( 'NONE', *, *, #9199, .T. ) ;
#6876 = CIRCLE ( 'NONE', #8091, 9.000000000000001776 ) ;
#6877 = CARTESIAN_POINT ( 'NONE',  ( -24.99999999999999645, 12.50000000000000888, -12.50000000000000000 ) ) ;
#6878 = DIRECTION ( 'NONE',  ( 1.000000000000000000, -1.898094922533725623E-16, 0.000000000000000000 ) ) ;
#6879 = CARTESIAN_POINT ( 'NONE',  ( -23.04488067459375600, 11.04570216394357907, -23.51538924744270886 ) ) ;
#6880 = ORIENTED_EDGE ( 'NONE', *, *, #7563, .T. ) ;
#6881 = LINE ( 'NONE', #7453, #7847 ) ;
#6882 = ADVANCED_FACE ( 'NONE', ( #2721 ), #2676, .T. ) ;
#6883 = AXIS2_PLACEMENT_3D ( 'NONE', #5206, #6612, #177 ) ;
#6884 = LINE ( 'NONE', #8159, #2416 ) ;
#6885 = CARTESIAN_POINT ( 'NONE',  ( 22.99999999999999645, 12.49999999999999822, -12.50000000000000000 ) ) ;
#6886 = EDGE_CURVE ( 'NONE', #1380, #6320, #5943, .T. ) ;
#6887 = ORIENTED_EDGE ( 'NONE', *, *, #8999, .F. ) ;
#6888 = CARTESIAN_POINT ( 'NONE',  ( -23.55000000000001847, 113.9403061905773455, -21.59999999999999787 ) ) ;
#6889 = DIRECTION ( 'NONE',  ( 1.898094922533725623E-16, 1.000000000000000000, -0.000000000000000000 ) ) ;
#6890 = CARTESIAN_POINT ( 'NONE',  ( -29.99999999999999645, 12.49999999999999645, -25.50000000000000355 ) ) ;
#6891 = CARTESIAN_POINT ( 'NONE',  ( 12.94814989366370739, 70.39833175440060131, -23.00000000000000000 ) ) ;
#6892 = DIRECTION ( 'NONE',  ( 0.000000000000000000, 0.000000000000000000, 1.000000000000000000 ) ) ;
#6893 = AXIS2_PLACEMENT_3D ( 'NONE', #1814, #8910, #936 ) ;
#6894 = ORIENTED_EDGE ( 'NONE', *, *, #3593, .T. ) ;
#6895 = CARTESIAN_POINT ( 'NONE',  ( 43.19558781116748492, 118.9399999999999835, -4.500000000000000000 ) ) ;
#6896 = CARTESIAN_POINT ( 'NONE',  ( 23.00000000000000000, 10.31771159413550798, -23.43435491072199284 ) ) ;
#6897 = AXIS2_PLACEMENT_3D ( 'NONE', #5668, #8533, #1479 ) ;
#6898 = LINE ( 'NONE', #1117, #8339 ) ;
#6899 = LINE ( 'NONE', #1215, #7588 ) ;
#6900 = DIRECTION ( 'NONE',  ( 0.5427066596637479812, -0.8399223068573764550, -0.000000000000000000 ) ) ;
#6901 = ADVANCED_FACE ( 'NONE', ( #8399 ), #7340, .T. ) ;
#6902 = ORIENTED_EDGE ( 'NONE', *, *, #7447, .T. ) ;
#6903 = CARTESIAN_POINT ( 'NONE',  ( 15.60284603631600220, 104.4400000000000261, -67.79251475916376535 ) ) ;
#6904 = VECTOR ( 'NONE', #6409, 1000.000000000000000 ) ;
#6905 = AXIS2_PLACEMENT_3D ( 'NONE', #6558, #5752, #4438 ) ;
#6906 = EDGE_LOOP ( 'NONE', ( #99, #8041 ) ) ;
#6907 = CARTESIAN_POINT ( 'NONE',  ( -5.773401785888006899, 57.10000000000000142, -2.999999999999999112 ) ) ;
#6908 = AXIS2_PLACEMENT_3D ( 'NONE', #5887, #115, #5843 ) ;
#6909 = CARTESIAN_POINT ( 'NONE',  ( 29.52568126005407123, 3.200121955241826299, -21.00056543312589241 ) ) ;
#6910 = EDGE_CURVE ( 'NONE', #526, #6725, #1920, .T. ) ;
#6911 = VERTEX_POINT ( 'NONE', #5629 ) ;
#6912 = DIRECTION ( 'NONE',  ( 0.000000000000000000, -1.000000000000000000, 0.000000000000000000 ) ) ;
#6913 = CYLINDRICAL_SURFACE ( 'NONE', #8751, 0.8999999999999998002 ) ;
#6914 = DIRECTION ( 'NONE',  ( 1.000000000000000000, 0.000000000000000000, 0.000000000000000000 ) ) ;
#6915 = DIRECTION ( 'NONE',  ( 1.898094922533725623E-16, 1.000000000000000000, 0.000000000000000000 ) ) ;
#6916 = EDGE_LOOP ( 'NONE', ( #5846, #1056 ) ) ;
#6917 = EDGE_CURVE ( 'NONE', #5695, #4301, #1307, .T. ) ;
#6918 = ORIENTED_EDGE ( 'NONE', *, *, #6109, .T. ) ;
#6919 = ORIENTED_EDGE ( 'NONE', *, *, #3486, .T. ) ;
#6920 = CC_DESIGN_APPROVAL ( #7104, ( #6632 ) ) ;
#6921 = CARTESIAN_POINT ( 'NONE',  ( -37.75000000000000711, 106.9403061905773740, -13.69999999999999929 ) ) ;
#6922 = DIRECTION ( 'NONE',  ( 0.000000000000000000, 0.000000000000000000, -1.000000000000000000 ) ) ;
#6923 = DIRECTION ( 'NONE',  ( -0.5427066596637479812, -0.8399223068573764550, -0.000000000000000000 ) ) ;
#6924 = CARTESIAN_POINT ( 'NONE',  ( 20.25000000000000355, 113.9403061905773740, -6.699999999999990408 ) ) ;
#6925 = EDGE_LOOP ( 'NONE', ( #6931, #2132, #748, #2459 ) ) ;
#6926 = PLANE ( 'NONE',  #2904 ) ;
#6927 = EDGE_CURVE ( 'NONE', #2249, #2517, #8498, .T. ) ;
#6928 = DIRECTION ( 'NONE',  ( -0.5427066596637479812, -0.8399223068573764550, 0.000000000000000000 ) ) ;
#6929 = CARTESIAN_POINT ( 'NONE',  ( 0.000000000000000000, 65.10000000000000853, -128.1790850899541852 ) ) ;
#6930 = EDGE_CURVE ( 'NONE', #6110, #910, #6941, .T. ) ;
#6931 = ORIENTED_EDGE ( 'NONE', *, *, #4119, .T. ) ;
#6932 = DIRECTION ( 'NONE',  ( -0.000000000000000000, 0.000000000000000000, 1.000000000000000000 ) ) ;
#6933 = CARTESIAN_POINT ( 'NONE',  ( 25.49420774389666278, 104.9727962281655635, -15.47535900006393383 ) ) ;
#6934 = ADVANCED_FACE ( 'NONE', ( #7648 ), #423, .T. ) ;
#6935 = CARTESIAN_POINT ( 'NONE',  ( 23.07185403544521662, 16.91220466077733064, -22.66913551370669211 ) ) ;
#6936 = CARTESIAN_POINT ( 'NONE',  ( 25.99999999999999645, 12.49999999999987388, -20.49999999999977618 ) ) ;
#6937 = DIRECTION ( 'NONE',  ( 1.000000000000000000, -1.541976423090495387E-16, 0.000000000000000000 ) ) ;
#6938 = ORIENTED_EDGE ( 'NONE', *, *, #2803, .T. ) ;
#6939 = AXIS2_PLACEMENT_3D ( 'NONE', #921, #2988, #8765 ) ;
#6940 = CARTESIAN_POINT ( 'NONE',  ( -23.99999999999999289, 19.20685424949229514, -18.15685424949224469 ) ) ;
#6941 = LINE ( 'NONE', #4786, #6427 ) ;
#6942 = CARTESIAN_POINT ( 'NONE',  ( 24.00000000000000355, 12.50000000000000355, -12.50000000000000000 ) ) ;
#6943 = CARTESIAN_POINT ( 'NONE',  ( 25.99999999999999645, 10.35000000000021281, -4.499999999999771738 ) ) ;
#6944 = CIRCLE ( 'NONE', #953, 2.149999999999999023 ) ;
#6945 = DIRECTION ( 'NONE',  ( 1.000000000000000000, -0.000000000000000000, -0.000000000000000000 ) ) ;
#6946 = EDGE_LOOP ( 'NONE', ( #450, #7761, #5393, #542 ) ) ;
#6947 = DIRECTION ( 'NONE',  ( 1.000000000000000000, 0.000000000000000000, 0.000000000000000000 ) ) ;
#6948 = ORIENTED_EDGE ( 'NONE', *, *, #4479, .F. ) ;
#6949 = CARTESIAN_POINT ( 'NONE',  ( 25.00000000000000355, 12.50000000000001776, -7.500000000000007105 ) ) ;
#6950 = VECTOR ( 'NONE', #5893, 1000.000000000000000 ) ;
#6951 = CARTESIAN_POINT ( 'NONE',  ( 28.13543178498844810, 1.689189189073189157, -18.77505933122145620 ) ) ;
#6952 = SHAPE_DEFINITION_REPRESENTATION ( #4233, #8213 ) ;
#6953 = ORIENTED_EDGE ( 'NONE', *, *, #6416, .T. ) ;
#6954 = CARTESIAN_POINT ( 'NONE',  ( 23.54999999999997939, 117.9400000000000972, -1.267949192431123473 ) ) ;
#6955 = CARTESIAN_POINT ( 'NONE',  ( 23.30193778872829213, 13.50865287323933828, -1.687283226225583466 ) ) ;
#6956 = DIRECTION ( 'NONE',  ( 1.000000000000000000, 9.912705577010328015E-17, 0.000000000000000000 ) ) ;
#6957 = FACE_OUTER_BOUND ( 'NONE', #807, .T. ) ;
#6958 = EDGE_LOOP ( 'NONE', ( #9071, #650, #999, #6287 ) ) ;
#6959 = ORIENTED_EDGE ( 'NONE', *, *, #8921, .F. ) ;
#6960 = ORIENTED_EDGE ( 'NONE', *, *, #6128, .F. ) ;
#6961 = EDGE_CURVE ( 'NONE', #5342, #5008, #3876, .T. ) ;
#6962 = CIRCLE ( 'NONE', #2172, 2.149999999999997247 ) ;
#6963 = EDGE_CURVE ( 'NONE', #6523, #4932, #9145, .T. ) ;
#6964 = CARTESIAN_POINT ( 'NONE',  ( 25.99999999999999645, 53.27857453684310229, -25.00000000000000000 ) ) ;
#6965 = EDGE_CURVE ( 'NONE', #1663, #4312, #8223, .T. ) ;
#6966 = DIRECTION ( 'NONE',  ( -0.4999999999999987232, -0.8660254037844393737, 0.000000000000000000 ) ) ;
#6967 = CARTESIAN_POINT ( 'NONE',  ( -23.57824946156923929, 2.375789791770043902, -7.500000000000000000 ) ) ;
#6968 = LINE ( 'NONE', #6364, #5785 ) ;
#6969 = VERTEX_POINT ( 'NONE', #6987 ) ;
#6970 = CYLINDRICAL_SURFACE ( 'NONE', #3348, 2.000000000000001776 ) ;
#6971 = CYLINDRICAL_SURFACE ( 'NONE', #4658, 2.149999999999999023 ) ;
#6972 = CARTESIAN_POINT ( 'NONE',  ( -23.80270634949874520, 107.3560903265934741, -16.71337557394475226 ) ) ;
#6973 = ORIENTED_EDGE ( 'NONE', *, *, #2405, .F. ) ;
#6974 = ORIENTED_EDGE ( 'NONE', *, *, #6026, .T. ) ;
#6975 = EDGE_CURVE ( 'NONE', #4389, #6984, #1467, .T. ) ;
#6976 = DIRECTION ( 'NONE',  ( -1.898094922533725623E-16, -1.000000000000000000, 0.000000000000000000 ) ) ;
#6977 = CARTESIAN_POINT ( 'NONE',  ( 23.99398807921645727, 106.8539366882653781, -16.76269514852015874 ) ) ;
#6978 = EDGE_CURVE ( 'NONE', #7100, #2381, #6876, .T. ) ;
#6979 = CARTESIAN_POINT ( 'NONE',  ( 2.163118960624425657, 80.80934643409020168, -13.11449676604731351 ) ) ;
#6980 = VECTOR ( 'NONE', #668, 1000.000000000000000 ) ;
#6981 = DIRECTION ( 'NONE',  ( -1.000000000000000000, -9.912705577010326782E-17, 0.000000000000000000 ) ) ;
#6982 = AXIS2_PLACEMENT_3D ( 'NONE', #3022, #5881, #8098 ) ;
#6983 = LINE ( 'NONE', #4309, #973 ) ;
#6984 = VERTEX_POINT ( 'NONE', #6382 ) ;
#6985 = AXIS2_PLACEMENT_3D ( 'NONE', #6448, #6, #2876 ) ;
#6986 = LINE ( 'NONE', #1871, #6601 ) ;
#6987 = CARTESIAN_POINT ( 'NONE',  ( -16.57654914134644741, 98.44000000000002615, -25.00000000000000000 ) ) ;
#6988 = LINE ( 'NONE', #556, #3265 ) ;
#6989 = FACE_OUTER_BOUND ( 'NONE', #8464, .T. ) ;
#6990 = AXIS2_PLACEMENT_3D ( 'NONE', #5534, #5488, #4021 ) ;
#6991 = DIRECTION ( 'NONE',  ( 0.000000000000000000, 1.000000000000000000, -0.000000000000000000 ) ) ;
#6992 = ORIENTED_EDGE ( 'NONE', *, *, #2774, .F. ) ;
#6993 = CARTESIAN_POINT ( 'NONE',  ( 22.24999999999998579, 106.9403061905773740, -14.59999999999999787 ) ) ;
#6994 = EDGE_CURVE ( 'NONE', #3336, #7498, #2675, .T. ) ;
#6995 = EDGE_CURVE ( 'NONE', #4610, #8644, #7935, .T. ) ;
#6996 = EDGE_LOOP ( 'NONE', ( #8615, #4980, #5761, #7740 ) ) ;
#6997 = CIRCLE ( 'NONE', #6100, 10.50000000000000000 ) ;
#6998 = CARTESIAN_POINT ( 'NONE',  ( -5.773401785888006899, 51.10000000000000853, -3.000000000000002665 ) ) ;
#6999 = DIRECTION ( 'NONE',  ( -1.000000000000000000, -9.912705577010326782E-17, 0.000000000000000000 ) ) ;
#7000 = APPROVAL_STATUS ( 'not_yet_approved' ) ;
#7001 = EDGE_LOOP ( 'NONE', ( #1964, #6036, #1072, #9176, #6622, #3342, #8813, #7537, #5511, #3398 ) ) ;
#7002 = DIRECTION ( 'NONE',  ( 1.000000000000000000, 0.000000000000000000, 0.000000000000000000 ) ) ;
#7003 = LINE ( 'NONE', #9161, #6093 ) ;
#7004 = AXIS2_PLACEMENT_3D ( 'NONE', #8197, #5476, #7579 ) ;
#7005 = CARTESIAN_POINT ( 'NONE',  ( 8.586881039375148461, 80.80934643409020168, -9.000000000000001776 ) ) ;
#7006 = VERTEX_POINT ( 'NONE', #4266 ) ;
#7007 = ORIENTED_EDGE ( 'NONE', *, *, #2966, .F. ) ;
#7008 = ORIENTED_EDGE ( 'NONE', *, *, #3992, .F. ) ;
#7009 = ORIENTED_EDGE ( 'NONE', *, *, #4692, .F. ) ;
#7010 = AXIS2_PLACEMENT_3D ( 'NONE', #7508, #3893, #5492 ) ;
#7011 = AXIS2_PLACEMENT_3D ( 'NONE', #1834, #3748, #927 ) ;
#7012 = CARTESIAN_POINT ( 'NONE',  ( 27.27181588347655605, 1.031036805903019271, -17.47153403819156736 ) ) ;
#7013 = DIRECTION ( 'NONE',  ( 0.000000000000000000, 1.000000000000000000, 0.000000000000000000 ) ) ;
#7014 = EDGE_CURVE ( 'NONE', #2043, #3000, #4415, .T. ) ;
#7015 = CARTESIAN_POINT ( 'NONE',  ( -23.99999999999999645, 12.50000000000000888, -6.500000000000000000 ) ) ;
#7016 = LINE ( 'NONE', #7582, #1731 ) ;
#7017 = ORIENTED_EDGE ( 'NONE', *, *, #4686, .T. ) ;
#7018 = CYLINDRICAL_SURFACE ( 'NONE', #7408, 2.149999999999999023 ) ;
#7019 = DIRECTION ( 'NONE',  ( 0.000000000000000000, -1.000000000000000000, 0.000000000000000000 ) ) ;
#7020 = DIRECTION ( 'NONE',  ( 1.000000000000000000, 0.000000000000000000, 8.019547272036671442E-16 ) ) ;
#7021 = VECTOR ( 'NONE', #2957, 1000.000000000000000 ) ;
#7022 = ORIENTED_EDGE ( 'NONE', *, *, #8023, .T. ) ;
#7023 = ORIENTED_EDGE ( 'NONE', *, *, #6917, .T. ) ;
#7024 = CARTESIAN_POINT ( 'NONE',  ( 28.00000000000000355, 49.81447292170534524, -23.00000000000000000 ) ) ;
#7025 = DIRECTION ( 'NONE',  ( 0.000000000000000000, 0.000000000000000000, -1.000000000000000000 ) ) ;
#7026 = TOROIDAL_SURFACE ( 'NONE', #2992, 9.500000000000001776, 3.000000000000000000 ) ;
#7027 = DIRECTION ( 'NONE',  ( -0.000000000000000000, 0.000000000000000000, 1.000000000000000000 ) ) ;
#7028 = CARTESIAN_POINT ( 'NONE',  ( -25.99999999999999645, -2.577303450022684544E-15, -3.000000000000000000 ) ) ;
#7029 = DIRECTION ( 'NONE',  ( 0.000000000000000000, -0.000000000000000000, -1.000000000000000000 ) ) ;
#7030 = EDGE_CURVE ( 'NONE', #6911, #5138, #8831, .T. ) ;
#7031 = ORIENTED_EDGE ( 'NONE', *, *, #474, .F. ) ;
#7032 = ORIENTED_EDGE ( 'NONE', *, *, #5389, .F. ) ;
#7033 = B_SPLINE_CURVE_WITH_KNOTS ( 'NONE', 3,
 ( #1170, #2631, #465, #8401, #4122, #6293, #1780, #3666, #601, #6528, #8499, #3516 ),
 .UNSPECIFIED., .F., .F.,
 ( 4, 2, 2, 2, 2, 4 ),
 ( 0.000000000000000000, 0.0008465088406770114506, 0.001693017681354022901, 0.002539526522031034569, 0.002962780942369541703, 0.003386035362708048838 ),
 .UNSPECIFIED. ) ;
#7034 = EDGE_CURVE ( 'NONE', #5618, #8271, #1494, .T. ) ;
#7035 = AXIS2_PLACEMENT_3D ( 'NONE', #3772, #103, #3574 ) ;
#7036 = DIRECTION ( 'NONE',  ( -1.000000000000000000, -0.000000000000000000, -0.000000000000000000 ) ) ;
#7037 = EDGE_CURVE ( 'NONE', #4004, #2561, #2862, .T. ) ;
#7038 = CARTESIAN_POINT ( 'NONE',  ( 29.18867195070266973, 2.141792046816159090, -18.82641056258405854 ) ) ;
#7039 = CARTESIAN_POINT ( 'NONE',  ( 25.99999999999999645, 13.55000000000021210, -4.499999999999771738 ) ) ;
#7040 = CONICAL_SURFACE ( 'NONE', #7352, 10.15000000000000036, 0.7853981633974509435 ) ;
#7041 = DIRECTION ( 'NONE',  ( -0.5427066596637477591, -0.8399223068573764550, -0.000000000000000000 ) ) ;
#7042 = ORIENTED_EDGE ( 'NONE', *, *, #8101, .T. ) ;
#7043 = CARTESIAN_POINT ( 'NONE',  ( -29.99999999999999645, 14.64999999999987956, -20.49999999999977618 ) ) ;
#7044 = EDGE_CURVE ( 'NONE', #1954, #6585, #3614, .T. ) ;
#7045 = ORIENTED_EDGE ( 'NONE', *, *, #7627, .T. ) ;
#7046 = CIRCLE ( 'NONE', #5549, 2.000000000000000000 ) ;
#7047 = DIRECTION ( 'NONE',  ( 1.000000000000000000, -1.541976423090495387E-16, 0.000000000000000000 ) ) ;
#7048 = EDGE_CURVE ( 'NONE', #2430, #5258, #7231, .T. ) ;
#7049 = CARTESIAN_POINT ( 'NONE',  ( 28.26931186715380662, 2.513744345399013813, -21.77232133010429393 ) ) ;
#7050 = ORIENTED_EDGE ( 'NONE', *, *, #6809, .T. ) ;
#7051 = CIRCLE ( 'NONE', #4, 2.000000000000000000 ) ;
#7052 = CARTESIAN_POINT ( 'NONE',  ( 23.18397459621553836, 118.3060254037845453, -0.6339745962155619585 ) ) ;
#7053 = DIRECTION ( 'NONE',  ( 1.000000000000000000, 0.000000000000000000, 0.000000000000000000 ) ) ;
#7054 = DIRECTION ( 'NONE',  ( 0.000000000000000000, 1.000000000000000000, 0.000000000000000000 ) ) ;
#7055 = EDGE_LOOP ( 'NONE', ( #7346, #2417, #3694, #9062 ) ) ;
#7056 = VERTEX_POINT ( 'NONE', #9287 ) ;
#7057 = ORIENTED_EDGE ( 'NONE', *, *, #1719, .F. ) ;
#7058 = AXIS2_PLACEMENT_3D ( 'NONE', #4146, #3492, #2745 ) ;
#7059 = CARTESIAN_POINT ( 'NONE',  ( 27.87898027296416714, 0.8350512156736017433, -16.99390489726157227 ) ) ;
#7060 = CARTESIAN_POINT ( 'NONE',  ( 12.08688103937515734, 80.80934643409020168, -19.77189238011338546 ) ) ;
#7061 = DIRECTION ( 'NONE',  ( 0.000000000000000000, -1.000000000000000000, 0.000000000000000000 ) ) ;
#7062 = FACE_OUTER_BOUND ( 'NONE', #3548, .T. ) ;
#7063 = ORIENTED_EDGE ( 'NONE', *, *, #4241, .T. ) ;
#7064 = LINE ( 'NONE', #9126, #2158 ) ;
#7065 = DIRECTION ( 'NONE',  ( 0.000000000000000000, -1.000000000000000000, 0.000000000000000000 ) ) ;
#7066 = CARTESIAN_POINT ( 'NONE',  ( -25.28750544531307298, 105.1409645810044395, -15.78237180137521634 ) ) ;
#7067 = EDGE_LOOP ( 'NONE', ( #7890, #8713 ) ) ;
#7068 = EDGE_LOOP ( 'NONE', ( #5504, #3291, #990, #5290 ) ) ;
#7069 = CARTESIAN_POINT ( 'NONE',  ( 24.46713198008152901, 4.295467861415320776, -7.357529628611754191 ) ) ;
#7070 = DIRECTION ( 'NONE',  ( -1.000000000000000000, 0.000000000000000000, 0.000000000000000000 ) ) ;
#7071 = DIRECTION ( 'NONE',  ( -0.3090169943749466186, 0.000000000000000000, -0.9510565162951537532 ) ) ;
#7072 = VERTEX_POINT ( 'NONE', #3761 ) ;
#7073 = FACE_OUTER_BOUND ( 'NONE', #5529, .T. ) ;
#7074 = DIRECTION ( 'NONE',  ( 1.000000000000000000, -0.000000000000000000, -0.000000000000000000 ) ) ;
#7075 = ORIENTED_EDGE ( 'NONE', *, *, #8497, .T. ) ;
#7076 = ORIENTED_EDGE ( 'NONE', *, *, #92, .F. ) ;
#7077 = EDGE_CURVE ( 'NONE', #7305, #5466, #125, .T. ) ;
#7078 = CYLINDRICAL_SURFACE ( 'NONE', #3148, 1.049999999999998934 ) ;
#7079 = DIRECTION ( 'NONE',  ( -1.000000000000000000, -1.892425610156517122E-16, -0.000000000000000000 ) ) ;
#7080 = ADVANCED_FACE ( 'NONE', ( #3665 ), #5818, .T. ) ;
#7081 = CARTESIAN_POINT ( 'NONE',  ( 0.000000000000000000, 83.52616047165487601, -22.99999999999999289 ) ) ;
#7082 = CYLINDRICAL_SURFACE ( 'NONE', #246, 12.50000000000000000 ) ;
#7083 = ADVANCED_FACE ( 'NONE', ( #39 ), #8635, .T. ) ;
#7084 = DIRECTION ( 'NONE',  ( 1.000000000000000000, 9.912705577010326782E-17, -0.000000000000000000 ) ) ;
#7085 = ORIENTED_EDGE ( 'NONE', *, *, #4763, .F. ) ;
#7086 = CIRCLE ( 'NONE', #5446, 2.000000000000000000 ) ;
#7087 = ORIENTED_EDGE ( 'NONE', *, *, #3896, .T. ) ;
#7088 = DIRECTION ( 'NONE',  ( -0.8660254037844400399, -0.4999999999999979461, 0.000000000000000000 ) ) ;
#7089 = AXIS2_PLACEMENT_3D ( 'NONE', #6773, #2646, #2556 ) ;
#7090 = TOROIDAL_SURFACE ( 'NONE', #4550, 4.000000000000000000, 2.000000000000000000 ) ;
#7091 = AXIS2_PLACEMENT_3D ( 'NONE', #4268, #2115, #7796 ) ;
#7092 = EDGE_CURVE ( 'NONE', #6312, #833, #6481, .T. ) ;
#7093 = CARTESIAN_POINT ( 'NONE',  ( -20.25000000000000000, 113.9403061905773740, -6.699999999999990408 ) ) ;
#7094 = ORIENTED_EDGE ( 'NONE', *, *, #263, .T. ) ;
#7095 = CYLINDRICAL_SURFACE ( 'NONE', #3980, 1.999999999999998224 ) ;
#7096 = CARTESIAN_POINT ( 'NONE',  ( 27.99999999999998934, 2.500000000000002220, -21.78708781050336896 ) ) ;
#7097 = CARTESIAN_POINT ( 'NONE',  ( -26.00000000000000000, 18.15685424949254667, -6.843145750507550140 ) ) ;
#7099 = ADVANCED_FACE ( 'NONE', ( #8035 ), #189, .F. ) ;
#7098 = VERTEX_POINT ( 'NONE', #2211 ) ;
#7100 = VERTEX_POINT ( 'NONE', #7130 ) ;
#7101 = EDGE_LOOP ( 'NONE', ( #4822, #5474, #3572, #9070 ) ) ;
#7102 = ORIENTED_EDGE ( 'NONE', *, *, #7280, .F. ) ;
#7103 = B_SPLINE_CURVE_WITH_KNOTS ( 'NONE', 3,
 ( #8245, #5997, #4679, #7495, #972, #8864, #6746, #3921, #9034, #6784, #356, #6831, #3220, #5301 ),
 .UNSPECIFIED., .F., .F.,
 ( 4, 2, 2, 2, 2, 2, 4 ),
 ( 0.000000000000000000, 0.001240138206829299351, 0.002480276413658598703, 0.003100345517073245342, 0.003720414620487891549, 0.004340483723902537755, 0.004960552827317184395 ),
 .UNSPECIFIED. ) ;
#7104 = APPROVAL ( #5646, '未指定' ) ;
#7105 = VECTOR ( 'NONE', #1172, 1000.000000000000000 ) ;
#7106 = AXIS2_PLACEMENT_3D ( 'NONE', #2614, #7727, #9083 ) ;
#7107 = DIRECTION ( 'NONE',  ( 0.000000000000000000, -0.000000000000000000, -1.000000000000000000 ) ) ;
#7108 = CARTESIAN_POINT ( 'NONE',  ( 3.499999999999790834, 80.80934643409020168, -9.000000000000000000 ) ) ;
#7109 = CYLINDRICAL_SURFACE ( 'NONE', #5412, 2.000000000000000000 ) ;
#7110 = DIRECTION ( 'NONE',  ( 1.000000000000000000, -1.541976423090495387E-16, -0.000000000000000000 ) ) ;
#7111 = ORIENTED_EDGE ( 'NONE', *, *, #5255, .F. ) ;
#7112 = DIRECTION ( 'NONE',  ( 0.000000000000000000, -1.000000000000000000, 0.000000000000000000 ) ) ;
#7113 = DIRECTION ( 'NONE',  ( 0.000000000000000000, 0.000000000000000000, -1.000000000000000000 ) ) ;
#7114 = DIRECTION ( 'NONE',  ( 1.734723475976807292E-15, -1.000000000000000000, 0.000000000000000000 ) ) ;
#7115 = EDGE_CURVE ( 'NONE', #6689, #6808, #7837, .T. ) ;
#7116 = AXIS2_PLACEMENT_3D ( 'NONE', #2058, #7029, #3510 ) ;
#7118 = EDGE_CURVE ( 'NONE', #3263, #2187, #5725, .T. ) ;
#7117 = VERTEX_POINT ( 'NONE', #6576 ) ;
#7119 = VERTEX_POINT ( 'NONE', #8590 ) ;
#7120 = DIRECTION ( 'NONE',  ( 0.000000000000000000, 1.000000000000000000, 0.000000000000000000 ) ) ;
#7121 = DIRECTION ( 'NONE',  ( -1.000000000000000000, 0.000000000000000000, 0.000000000000000000 ) ) ;
#7122 = CARTESIAN_POINT ( 'NONE',  ( 22.54999999999997584, 118.9400000000000972, -0.2679491924311230844 ) ) ;
#7123 = FACE_OUTER_BOUND ( 'NONE', #6946, .T. ) ;
#7124 = EDGE_LOOP ( 'NONE', ( #8176, #6533, #5162, #8280 ) ) ;
#7125 = CYLINDRICAL_SURFACE ( 'NONE', #7893, 1.050000000000000488 ) ;
#7126 = DIRECTION ( 'NONE',  ( 0.000000000000000000, 0.000000000000000000, 1.000000000000000000 ) ) ;
#7127 = VERTEX_POINT ( 'NONE', #3889 ) ;
#7128 = ORIENTED_EDGE ( 'NONE', *, *, #4097, .T. ) ;
#7129 = CARTESIAN_POINT ( 'NONE',  ( -24.83153414260878833, 105.5798265565316996, -12.92055157503366480 ) ) ;
#7130 = CARTESIAN_POINT ( 'NONE',  ( -26.00000000000000355, 44.61832049899870611, 0.000000000000000000 ) ) ;
#7131 = AXIS2_PLACEMENT_3D ( 'NONE', #3268, #5995, #7493 ) ;
#7132 = AXIS2_PLACEMENT_3D ( 'NONE', #1536, #2770, #1313 ) ;
#7133 = DIRECTION ( 'NONE',  ( -0.000000000000000000, 1.000000000000000000, -0.000000000000000000 ) ) ;
#7134 = DIRECTION ( 'NONE',  ( -0.8090169943749472292, -0.000000000000000000, 0.5877852522924734702 ) ) ;
#7135 = DIRECTION ( 'NONE',  ( 0.000000000000000000, 0.000000000000000000, -1.000000000000000000 ) ) ;
#7136 = CARTESIAN_POINT ( 'NONE',  ( -23.55000000000001847, 113.9403061905773598, -7.599999999999997868 ) ) ;
#7137 = ORIENTED_EDGE ( 'NONE', *, *, #8791, .F. ) ;
#7138 = ADVANCED_FACE ( 'NONE', ( #6006 ), #7628, .T. ) ;
#7139 = CIRCLE ( 'NONE', #8180, 11.15000000000003055 ) ;
#7140 = VECTOR ( 'NONE', #9066, 1000.000000000000000 ) ;
#7141 = LINE ( 'NONE', #4839, #8084 ) ;
#7142 = VECTOR ( 'NONE', #9148, 1000.000000000000000 ) ;
#7143 = CARTESIAN_POINT ( 'NONE',  ( -37.75000000000000711, 113.9403061905773598, -20.69999999999999929 ) ) ;
#7144 = VERTEX_POINT ( 'NONE', #5396 ) ;
#7145 = DIRECTION ( 'NONE',  ( -1.000000000000000000, 0.000000000000000000, 0.000000000000000000 ) ) ;
#7146 = CARTESIAN_POINT ( 'NONE',  ( 26.00000000000000000, 12.49999999999999822, -12.50000000000000000 ) ) ;
#7147 = CARTESIAN_POINT ( 'NONE',  ( -29.18868807863893622, 2.141805849835897835, -18.82641227285255425 ) ) ;
#7148 = ORIENTED_EDGE ( 'NONE', *, *, #2914, .F. ) ;
#7149 = ORIENTED_EDGE ( 'NONE', *, *, #2629, .F. ) ;
#7150 = ORIENTED_EDGE ( 'NONE', *, *, #887, .F. ) ;
#7151 = CIRCLE ( 'NONE', #3110, 3.000000000000000000 ) ;
#7152 = EDGE_LOOP ( 'NONE', ( #1573, #3385, #5864, #4017, #7174, #9039, #7831 ) ) ;
#7153 = EDGE_CURVE ( 'NONE', #4852, #3105, #3245, .T. ) ;
#7154 = CIRCLE ( 'NONE', #8504, 4.999999999999999112 ) ;
#7155 = EDGE_CURVE ( 'NONE', #3885, #5749, #3928, .T. ) ;
#7156 = CARTESIAN_POINT ( 'NONE',  ( 29.04158333285211668, 12.09435531841419476, -25.49999999999999645 ) ) ;
#7157 = VECTOR ( 'NONE', #8880, 1000.000000000000227 ) ;
#7158 = DIRECTION ( 'NONE',  ( 0.3090169943749468962, 0.000000000000000000, 0.9510565162951537532 ) ) ;
#7159 = DIRECTION ( 'NONE',  ( 1.000000000000000000, 0.000000000000000000, 0.000000000000000000 ) ) ;
#7160 = DIRECTION ( 'NONE',  ( -0.000000000000000000, 0.000000000000000000, 1.000000000000000000 ) ) ;
#7161 = ORIENTED_EDGE ( 'NONE', *, *, #1863, .F. ) ;
#7162 = CARTESIAN_POINT ( 'NONE',  ( 24.00000000000000355, 49.81447292170534524, -2.000000000000001776 ) ) ;
#7163 = DIRECTION ( 'NONE',  ( 0.000000000000000000, 1.000000000000000000, 0.000000000000000000 ) ) ;
#7164 = CARTESIAN_POINT ( 'NONE',  ( -25.66642029208361819, 104.8437233625983396, -15.13502903889714979 ) ) ;
#7165 = ORIENTED_EDGE ( 'NONE', *, *, #7488, .F. ) ;
#7166 = ORIENTED_EDGE ( 'NONE', *, *, #8432, .F. ) ;
#7167 = VECTOR ( 'NONE', #3669, 1000.000000000000000 ) ;
#7168 = CIRCLE ( 'NONE', #9253, 2.150000000000012790 ) ;
#7169 = CARTESIAN_POINT ( 'NONE',  ( 22.24999999999998579, 106.9403061905773740, -14.59999999999999787 ) ) ;
#7170 = DIRECTION ( 'NONE',  ( 1.000000000000000000, -1.541976423090495387E-16, 0.000000000000000000 ) ) ;
#7171 = CARTESIAN_POINT ( 'NONE',  ( -17.75000000000019540, 104.4400000000000261, -15.65739561406607372 ) ) ;
#7172 = EDGE_CURVE ( 'NONE', #6055, #4436, #3226, .T. ) ;
#7173 = CARTESIAN_POINT ( 'NONE',  ( -25.99999999999999645, 14.65000000000022240, -4.499999999999771738 ) ) ;
#7174 = ORIENTED_EDGE ( 'NONE', *, *, #926, .T. ) ;
#7175 = CIRCLE ( 'NONE', #6127, 2.000000000000000000 ) ;
#7176 = DIRECTION ( 'NONE',  ( 1.000000000000000000, 1.360567432138672574E-16, 0.000000000000000000 ) ) ;
#7177 = CARTESIAN_POINT ( 'NONE',  ( 28.00000000000000000, 12.50000000000001776, -8.500000000000000000 ) ) ;
#7178 = EDGE_LOOP ( 'NONE', ( #2426, #7834, #7816, #2754 ) ) ;
#7179 = VERTEX_POINT ( 'NONE', #6792 ) ;
#7180 = FACE_BOUND ( 'NONE', #1007, .T. ) ;
#7181 = VECTOR ( 'NONE', #8163, 1000.000000000000000 ) ;
#7182 = CARTESIAN_POINT ( 'NONE',  ( -24.99999999999999645, 12.50000000000001066, -18.50000000000000355 ) ) ;
#7183 = CYLINDRICAL_SURFACE ( 'NONE', #705, 3.000000000000000000 ) ;
#7184 = DIRECTION ( 'NONE',  ( -9.912705577010326782E-17, 1.000000000000000000, -0.000000000000000000 ) ) ;
#7185 = CARTESIAN_POINT ( 'NONE',  ( -12.08688103937556946, 80.80934643409020168, -19.77189238011338546 ) ) ;
#7186 = DIRECTION ( 'NONE',  ( 0.000000000000000000, 1.000000000000000000, 0.000000000000000000 ) ) ;
#7187 = ORIENTED_EDGE ( 'NONE', *, *, #966, .T. ) ;
#7188 = ORIENTED_EDGE ( 'NONE', *, *, #319, .F. ) ;
#7189 = VECTOR ( 'NONE', #5011, 1000.000000000000000 ) ;
#7190 = LINE ( 'NONE', #751, #2531 ) ;
#7191 = EDGE_CURVE ( 'NONE', #4656, #1442, #5264, .T. ) ;
#7192 = CARTESIAN_POINT ( 'NONE',  ( -27.27181588347655961, 1.031036805903016829, -7.528465961808443296 ) ) ;
#7193 = ORIENTED_EDGE ( 'NONE', *, *, #8641, .T. ) ;
#7194 = CARTESIAN_POINT ( 'NONE',  ( -29.67960346863937460, 3.414213562373080713, -24.91421356237309581 ) ) ;
#7195 = CARTESIAN_POINT ( 'NONE',  ( 28.67113525429952503, 2.608501017216919848, -21.66963071361372428 ) ) ;
#7196 = ORIENTED_EDGE ( 'NONE', *, *, #3044, .T. ) ;
#7197 = CIRCLE ( 'NONE', #296, 2.000000000000001776 ) ;
#7198 = ORIENTED_EDGE ( 'NONE', *, *, #3834, .F. ) ;
#7199 = ORIENTED_EDGE ( 'NONE', *, *, #2304, .T. ) ;
#7200 = ORIENTED_EDGE ( 'NONE', *, *, #2022, .T. ) ;
#7201 = VECTOR ( 'NONE', #4325, 1000.000000000000000 ) ;
#7202 = EDGE_CURVE ( 'NONE', #6305, #7292, #5307, .T. ) ;
#7203 = AXIS2_PLACEMENT_3D ( 'NONE', #583, #8473, #1996 ) ;
#7204 = DIRECTION ( 'NONE',  ( 1.000000000000000000, 0.000000000000000000, 0.000000000000000000 ) ) ;
#7205 = LINE ( 'NONE', #2981, #2807 ) ;
#7206 = DIRECTION ( 'NONE',  ( 9.912705577010328015E-17, -1.000000000000000000, 0.000000000000000000 ) ) ;
#7207 = EDGE_LOOP ( 'NONE', ( #1387, #5701, #7045, #398 ) ) ;
#7208 = CARTESIAN_POINT ( 'NONE',  ( -23.00000000000000000, 2.533932570968610243, -17.50000000000000000 ) ) ;
#7209 = ORIENTED_EDGE ( 'NONE', *, *, #726, .T. ) ;
#7210 = DIRECTION ( 'NONE',  ( -0.000000000000000000, -0.000000000000000000, -1.000000000000000000 ) ) ;
#7211 = ADVANCED_FACE ( 'NONE', ( #410 ), #5354, .F. ) ;
#7212 = DIRECTION ( 'NONE',  ( -1.000000000000000000, 0.000000000000000000, 0.000000000000000000 ) ) ;
#7213 = DIRECTION ( 'NONE',  ( -1.000000000000000000, -1.892425610156517122E-16, -0.000000000000000000 ) ) ;
#7214 = ORIENTED_EDGE ( 'NONE', *, *, #5169, .T. ) ;
#7215 = VERTEX_POINT ( 'NONE', #6667 ) ;
#7216 = CIRCLE ( 'NONE', #1940, 6.000000000000000000 ) ;
#7217 = TOROIDAL_SURFACE ( 'NONE', #7552, 8.000000000000000000, 2.000000000000000000 ) ;
#7218 = DIRECTION ( 'NONE',  ( -0.8090169943749471182, 0.000000000000000000, -0.5877852522924735812 ) ) ;
#7219 = DIRECTION ( 'NONE',  ( 0.000000000000000000, -1.000000000000000000, 0.000000000000000000 ) ) ;
#7220 = ADVANCED_FACE ( 'NONE', ( #8083 ), #7373, .F. ) ;
#7221 = LINE ( 'NONE', #3836, #6254 ) ;
#7222 = CYLINDRICAL_SURFACE ( 'NONE', #3528, 0.8999999999999980238 ) ;
#7223 = ORIENTED_EDGE ( 'NONE', *, *, #5679, .T. ) ;
#7224 = EDGE_CURVE ( 'NONE', #3817, #3477, #3098, .T. ) ;
#7225 = DIRECTION ( 'NONE',  ( 0.000000000000000000, 1.000000000000000000, 0.000000000000000000 ) ) ;
#7226 = CARTESIAN_POINT ( 'NONE',  ( 24.00000000000000355, 4.313272937247758065, -18.50000000000000355 ) ) ;
#7227 = ORIENTED_EDGE ( 'NONE', *, *, #969, .T. ) ;
#7228 = ORIENTED_EDGE ( 'NONE', *, *, #5116, .F. ) ;
#7229 = DIRECTION ( 'NONE',  ( -1.000000000000000000, 1.541976423090495387E-16, 0.000000000000000000 ) ) ;
#7230 = ADVANCED_FACE ( 'NONE', ( #8956 ), #7419, .T. ) ;
#7231 = LINE ( 'NONE', #3008, #7021 ) ;
#7232 = DIRECTION ( 'NONE',  ( -0.5877852522924732481, 0.000000000000000000, 0.8090169943749473402 ) ) ;
#7233 = CARTESIAN_POINT ( 'NONE',  ( 15.58688103937514846, 80.80934643409020168, -9.000000000000000000 ) ) ;
#7234 = DIRECTION ( 'NONE',  ( 0.000000000000000000, 0.000000000000000000, 1.000000000000000000 ) ) ;
#7235 = DIRECTION ( 'NONE',  ( 0.000000000000000000, 1.000000000000000000, 0.000000000000000000 ) ) ;
#7236 = ORIENTED_EDGE ( 'NONE', *, *, #2323, .T. ) ;
#7237 = ORIENTED_EDGE ( 'NONE', *, *, #9279, .T. ) ;
#7238 = DIRECTION ( 'NONE',  ( 0.000000000000000000, 0.000000000000000000, -1.000000000000000000 ) ) ;
#7239 = DIRECTION ( 'NONE',  ( -1.000000000000000000, -9.912705577010326782E-17, 0.000000000000000000 ) ) ;
#7240 = ORIENTED_EDGE ( 'NONE', *, *, #2773, .F. ) ;
#7241 = PLANE ( 'NONE',  #2789 ) ;
#7242 = CARTESIAN_POINT ( 'NONE',  ( 25.99999999999999645, 53.27857453684310229, -25.00000000000000000 ) ) ;
#7243 = EDGE_LOOP ( 'NONE', ( #289, #3525, #6875, #1619 ) ) ;
#7244 = ADVANCED_FACE ( 'NONE', ( #6712 ), #1022, .F. ) ;
#7245 = ORIENTED_EDGE ( 'NONE', *, *, #6313, .F. ) ;
#7246 = ORIENTED_EDGE ( 'NONE', *, *, #7778, .F. ) ;
#7247 = VECTOR ( 'NONE', #8811, 1000.000000000000000 ) ;
#7248 = CIRCLE ( 'NONE', #3197, 9.000000000000001776 ) ;
#7249 = DIRECTION ( 'NONE',  ( 0.3090169943749482284, 0.000000000000000000, -0.9510565162951533091 ) ) ;
#7250 = DIRECTION ( 'NONE',  ( 0.000000000000000000, -1.000000000000000000, 0.000000000000000000 ) ) ;
#7251 = FACE_OUTER_BOUND ( 'NONE', #625, .T. ) ;
#7252 = VERTEX_POINT ( 'NONE', #3185 ) ;
#7253 = CYLINDRICAL_SURFACE ( 'NONE', #3977, 1.050000000000000488 ) ;
#7254 = ORIENTED_EDGE ( 'NONE', *, *, #5316, .T. ) ;
#7255 = CARTESIAN_POINT ( 'NONE',  ( 25.99999999999999645, 19.20685424949230224, -18.15685424949224469 ) ) ;
#7256 = VECTOR ( 'NONE', #7866, 1000.000000000000000 ) ;
#7257 = CARTESIAN_POINT ( 'NONE',  ( 58.00000000000002132, 18.15685424949254312, -6.843145750507550140 ) ) ;
#7258 = DIRECTION ( 'NONE',  ( 1.000000000000000000, 1.734723475976805517E-15, 0.000000000000000000 ) ) ;
#7259 = EDGE_CURVE ( 'NONE', #4633, #7668, #6050, .T. ) ;
#7260 = VERTEX_POINT ( 'NONE', #4112 ) ;
#7261 = VERTEX_POINT ( 'NONE', #632 ) ;
#7262 = AXIS2_PLACEMENT_3D ( 'NONE', #2372, #3737, #5191 ) ;
#7263 = EDGE_CURVE ( 'NONE', #5392, #5618, #4335, .T. ) ;
#7264 = CARTESIAN_POINT ( 'NONE',  ( 29.99999999999999645, 18.15685424949230153, -18.15685424949224469 ) ) ;
#7265 = CARTESIAN_POINT ( 'NONE',  ( 25.99999999999999645, 18.15685424949253957, -6.843145750507550140 ) ) ;
#7266 = LINE ( 'NONE', #129, #8688 ) ;
#7267 = ADVANCED_FACE ( 'NONE', ( #5532 ), #3284, .T. ) ;
#7268 = CARTESIAN_POINT ( 'NONE',  ( -26.00000000000000000, 18.35000000000002274, -12.50000000000000000 ) ) ;
#7269 = CARTESIAN_POINT ( 'NONE',  ( -26.00000000000000000, 44.61832049899870611, -2.999999999999999112 ) ) ;
#7270 = VERTEX_POINT ( 'NONE', #3412 ) ;
#7271 = VECTOR ( 'NONE', #8908, 1000.000000000000114 ) ;
#7272 = DIRECTION ( 'NONE',  ( 0.3090169943749457304, -1.053076637743356006E-16, 0.9510565162951540863 ) ) ;
#7273 = CARTESIAN_POINT ( 'NONE',  ( 22.24999999999998579, 116.0903061905773654, -21.59999999999999787 ) ) ;
#7274 = CARTESIAN_POINT ( 'NONE',  ( 24.46670751131398447, 4.295208817813706226, -17.64285462317502962 ) ) ;
#7275 = ORIENTED_EDGE ( 'NONE', *, *, #8362, .T. ) ;
#7276 = VERTEX_POINT ( 'NONE', #2053 ) ;
#7277 = PLANE ( 'NONE',  #8548 ) ;
#7278 = ADVANCED_FACE ( 'NONE', ( #7640 ), #8998, .T. ) ;
#7279 = DIRECTION ( 'NONE',  ( -1.000000000000000000, -9.912705577010326782E-17, 0.000000000000000000 ) ) ;
#7280 = EDGE_CURVE ( 'NONE', #9235, #5410, #8944, .T. ) ;
#7281 = DIRECTION ( 'NONE',  ( 0.000000000000000000, -0.000000000000000000, -1.000000000000000000 ) ) ;
#7282 = CARTESIAN_POINT ( 'NONE',  ( -22.25000000000000000, 111.7903061905773541, -7.599999999999997868 ) ) ;
#7283 = DIRECTION ( 'NONE',  ( 0.000000000000000000, 1.000000000000000000, -0.000000000000000000 ) ) ;
#7284 = DIRECTION ( 'NONE',  ( 1.000000000000000000, 1.541976423090495387E-16, 0.000000000000000000 ) ) ;
#7285 = ORIENTED_EDGE ( 'NONE', *, *, #2335, .F. ) ;
#7286 = ORIENTED_EDGE ( 'NONE', *, *, #184, .F. ) ;
#7287 = AXIS2_PLACEMENT_3D ( 'NONE', #7269, #6425, #6616 ) ;
#7288 = CARTESIAN_POINT ( 'NONE',  ( 22.24999999999998579, 109.0903061905773654, -14.59999999999999787 ) ) ;
#7289 = AXIS2_PLACEMENT_3D ( 'NONE', #6858, #7517, #8266 ) ;
#7290 = EDGE_CURVE ( 'NONE', #4081, #4379, #6282, .T. ) ;
#7291 = DIRECTION ( 'NONE',  ( 0.000000000000000000, 1.000000000000000000, 0.000000000000000000 ) ) ;
#7292 = VERTEX_POINT ( 'NONE', #6328 ) ;
#7293 = DIRECTION ( 'NONE',  ( 0.000000000000000000, 0.000000000000000000, 1.000000000000000000 ) ) ;
#7294 = EDGE_CURVE ( 'NONE', #1511, #187, #3882, .T. ) ;
#7295 = CIRCLE ( 'NONE', #8049, 1.999999999999998224 ) ;
#7296 = VECTOR ( 'NONE', #5450, 1000.000000000000000 ) ;
#7297 = TOROIDAL_SURFACE ( 'NONE', #5945, 5.000000000000000000, 3.000000000000000000 ) ;
#7298 = EDGE_LOOP ( 'NONE', ( #3306, #4382 ) ) ;
#7299 = ORIENTED_EDGE ( 'NONE', *, *, #5770, .T. ) ;
#7300 = VERTEX_POINT ( 'NONE', #1204 ) ;
#7301 = AXIS2_PLACEMENT_3D ( 'NONE', #9205, #2780, #4278 ) ;
#7302 = AXIS2_PLACEMENT_3D ( 'NONE', #2446, #324, #3764 ) ;
#7303 = LINE ( 'NONE', #2929, #2364 ) ;
#7304 = CARTESIAN_POINT ( 'NONE',  ( 25.74737230856521819, 104.7903061905773683, -14.60000000000000142 ) ) ;
#7305 = VERTEX_POINT ( 'NONE', #545 ) ;
#7306 = CARTESIAN_POINT ( 'NONE',  ( 23.40414936479012908, 113.6306107381602430, -23.74975342840289017 ) ) ;
#7307 = ORIENTED_EDGE ( 'NONE', *, *, #4933, .T. ) ;
#7308 = CARTESIAN_POINT ( 'NONE',  ( 19.99999999999998934, 49.81447292170534524, 0.000000000000000000 ) ) ;
#7309 = AXIS2_PLACEMENT_3D ( 'NONE', #223, #5856, #825 ) ;
#7310 = DIRECTION ( 'NONE',  ( 1.000000000000000000, 1.360567432138672574E-16, -0.000000000000000000 ) ) ;
#7311 = DIRECTION ( 'NONE',  ( 0.8399223068573744566, 0.5427066596637510898, 0.000000000000000000 ) ) ;
#7312 = EDGE_LOOP ( 'NONE', ( #5423, #2878, #8459, #1370 ) ) ;
#7313 = ORIENTED_EDGE ( 'NONE', *, *, #851, .T. ) ;
#7314 = LINE ( 'NONE', #1081, #4794 ) ;
#7315 = VECTOR ( 'NONE', #5384, 1000.000000000000227 ) ;
#7316 = LINE ( 'NONE', #776, #7189 ) ;
#7317 = EDGE_CURVE ( 'NONE', #4967, #5569, #4019, .T. ) ;
#7318 = CARTESIAN_POINT ( 'NONE',  ( -28.00000000000000000, 12.50000000000000888, -16.50000000000000000 ) ) ;
#7319 = DIRECTION ( 'NONE',  ( -4.939004732627448519E-32, -2.602085213965210149E-16, -1.000000000000000000 ) ) ;
#7320 = FACE_OUTER_BOUND ( 'NONE', #6075, .T. ) ;
#7321 = ORIENTED_EDGE ( 'NONE', *, *, #2896, .F. ) ;
#7322 = CARTESIAN_POINT ( 'NONE',  ( -23.99999999999999645, 12.50000000000001066, -6.500000000000000000 ) ) ;
#7323 = FACE_OUTER_BOUND ( 'NONE', #3549, .T. ) ;
#7324 = CARTESIAN_POINT ( 'NONE',  ( -23.99999999999999645, 12.50000000000000888, -12.50000000000000000 ) ) ;
#7325 = CIRCLE ( 'NONE', #2371, 2.150000000000000799 ) ;
#7326 = ORIENTED_EDGE ( 'NONE', *, *, #3044, .F. ) ;
#7327 =( BOUNDED_CURVE ( )  B_SPLINE_CURVE ( 3, ( #2077, #57, #5089, #7194 ),
 .UNSPECIFIED., .F., .F. ) 
 B_SPLINE_CURVE_WITH_KNOTS ( ( 4, 4 ),
 ( 9.912705577010331712E-17, 0.9969179171649323878 ),
 .UNSPECIFIED. ) 
 CURVE ( )  GEOMETRIC_REPRESENTATION_ITEM ( )  RATIONAL_B_SPLINE_CURVE ( ( 1.000000000000000000, 0.9188802227762918884, 0.9188802227762918884, 1.000000000000000000 ) ) 
 REPRESENTATION_ITEM ( '' )  );
#7328 = DIRECTION ( 'NONE',  ( 8.673617379884026597E-16, -1.000000000000000000, 0.000000000000000000 ) ) ;
#7329 = CARTESIAN_POINT ( 'NONE',  ( -37.75000000000000711, 106.9403061905773740, -15.49999999999999822 ) ) ;
#7330 = CIRCLE ( 'NONE', #8674, 2.149999999999999023 ) ;
#7331 = EDGE_CURVE ( 'NONE', #3596, #1008, #2666, .T. ) ;
#7332 = DIRECTION ( 'NONE',  ( 0.000000000000000000, 0.000000000000000000, 1.000000000000000000 ) ) ;
#7333 = CARTESIAN_POINT ( 'NONE',  ( 18.57654914134644741, 94.44000000000002615, -2.755455298081540045E-15 ) ) ;
#7334 = DIRECTION ( 'NONE',  ( 1.000000000000000000, 0.000000000000000000, 0.000000000000000000 ) ) ;
#7335 = B_SPLINE_CURVE_WITH_KNOTS ( 'NONE', 3,
 ( #8076, #3708, #8778, #4176 ),
 .UNSPECIFIED., .F., .F.,
 ( 4, 4 ),
 ( 0.002195797840343922253, 0.003519858824998056690 ),
 .UNSPECIFIED. ) ;
#7336 = DIRECTION ( 'NONE',  ( 0.000000000000000000, 0.000000000000000000, 1.000000000000000000 ) ) ;
#7337 = ORIENTED_EDGE ( 'NONE', *, *, #2230, .F. ) ;
#7338 = VERTEX_POINT ( 'NONE', #8436 ) ;
#7339 = EDGE_CURVE ( 'NONE', #7855, #7760, #9120, .T. ) ;
#7340 = TOROIDAL_SURFACE ( 'NONE', #712, 8.000000000000000000, 2.000000000000000000 ) ;
#7341 = DIRECTION ( 'NONE',  ( 1.000000000000000000, -0.000000000000000000, -0.000000000000000000 ) ) ;
#7342 = EDGE_CURVE ( 'NONE', #7127, #6689, #2995, .T. ) ;
#7343 = AXIS2_PLACEMENT_3D ( 'NONE', #7362, #6564, #2996 ) ;
#7344 = CARTESIAN_POINT ( 'NONE',  ( -16.57654914134644741, 98.44000000000002615, 0.000000000000000000 ) ) ;
#7345 = ORIENTED_EDGE ( 'NONE', *, *, #4324, .T. ) ;
#7346 = ORIENTED_EDGE ( 'NONE', *, *, #6193, .F. ) ;
#7347 = ORIENTED_EDGE ( 'NONE', *, *, #173, .F. ) ;
#7348 = ORIENTED_EDGE ( 'NONE', *, *, #3418, .F. ) ;
#7349 = DIRECTION ( 'NONE',  ( 0.000000000000000000, 1.000000000000000000, 0.000000000000000000 ) ) ;
#7350 = CARTESIAN_POINT ( 'NONE',  ( -22.25000000000000000, 113.9403061905773598, -7.599999999999997868 ) ) ;
#7351 = VERTEX_POINT ( 'NONE', #2942 ) ;
#7352 = AXIS2_PLACEMENT_3D ( 'NONE', #4464, #8735, #6480 ) ;
#7353 = CARTESIAN_POINT ( 'NONE',  ( -28.72054491039931534, 1.853789078472263041, -18.79275088872115163 ) ) ;
#7354 = ORIENTED_EDGE ( 'NONE', *, *, #1253, .T. ) ;
#7355 = CARTESIAN_POINT ( 'NONE',  ( 58.00000000000002132, 18.15685424949230864, -18.15685424949224469 ) ) ;
#7356 = DIRECTION ( 'NONE',  ( -0.8090169943749478954, -0.000000000000000000, 0.5877852522924724710 ) ) ;
#7357 = CARTESIAN_POINT ( 'NONE',  ( 58.00000000000002132, 19.45000000000002061, -12.50000000000000000 ) ) ;
#7358 = ORIENTED_EDGE ( 'NONE', *, *, #1648, .T. ) ;
#7359 = ORIENTED_EDGE ( 'NONE', *, *, #8475, .F. ) ;
#7360 = LINE ( 'NONE', #4702, #6597 ) ;
#7361 = AXIS2_PLACEMENT_3D ( 'NONE', #6188, #5619, #497 ) ;
#7362 = CARTESIAN_POINT ( 'NONE',  ( 0.000000000000000000, 65.10000000000000853, -128.1790850899541852 ) ) ;
#7363 = CARTESIAN_POINT ( 'NONE',  ( 11.58728778948667504, 4.828427124746202281, -25.49999999999999645 ) ) ;
#7364 = CARTESIAN_POINT ( 'NONE',  ( -25.99999999999999645, 12.50000000000022027, -4.499999999999771738 ) ) ;
#7365 = DIRECTION ( 'NONE',  ( 0.000000000000000000, -0.000000000000000000, -1.000000000000000000 ) ) ;
#7366 = ORIENTED_EDGE ( 'NONE', *, *, #5272, .T. ) ;
#7367 = CIRCLE ( 'NONE', #3308, 1.000000000000000888 ) ;
#7368 = LINE ( 'NONE', #605, #1733 ) ;
#7369 = CARTESIAN_POINT ( 'NONE',  ( 22.24999999999998579, 113.9403061905773598, -20.69999999999999929 ) ) ;
#7370 = CIRCLE ( 'NONE', #7958, 10.14999999999999858 ) ;
#7371 = ORIENTED_EDGE ( 'NONE', *, *, #4764, .F. ) ;
#7372 = LINE ( 'NONE', #977, #151 ) ;
#7373 = PLANE ( 'NONE',  #8837 ) ;
#7374 = AXIS2_PLACEMENT_3D ( 'NONE', #4954, #8523, #7819 ) ;
#7375 = CARTESIAN_POINT ( 'NONE',  ( 23.54999999999999361, 109.0903061905773654, -14.59999999999999787 ) ) ;
#7376 = LINE ( 'NONE', #1643, #6548 ) ;
#7377 = LINE ( 'NONE', #6010, #1736 ) ;
#7378 = DIRECTION ( 'NONE',  ( 1.000000000000000000, 8.879806544366683115E-32, -8.019547272036678345E-16 ) ) ;
#7379 = ORIENTED_EDGE ( 'NONE', *, *, #283, .T. ) ;
#7380 = EDGE_LOOP ( 'NONE', ( #5331, #1371 ) ) ;
#7381 = EDGE_CURVE ( 'NONE', #3681, #6426, #287, .T. ) ;
#7382 = EDGE_CURVE ( 'NONE', #7951, #4556, #8839, .T. ) ;
#7383 = DIRECTION ( 'NONE',  ( 1.000000000000000000, -1.541976423090495387E-16, -0.000000000000000000 ) ) ;
#7384 = ADVANCED_FACE ( 'NONE', ( #1435 ), #2100, .T. ) ;
#7385 = CARTESIAN_POINT ( 'NONE',  ( 25.00000000000000355, 4.836939253796780136, -17.50000000000000000 ) ) ;
#7386 = ORIENTED_EDGE ( 'NONE', *, *, #4286, .F. ) ;
#7387 = FACE_BOUND ( 'NONE', #6640, .T. ) ;
#7388 = VERTEX_POINT ( 'NONE', #5112 ) ;
#7389 = ORIENTED_EDGE ( 'NONE', *, *, #9199, .F. ) ;
#7390 = EDGE_CURVE ( 'NONE', #3966, #7260, #5251, .T. ) ;
#7391 = EDGE_CURVE ( 'NONE', #911, #4004, #8384, .T. ) ;
#7392 = FACE_OUTER_BOUND ( 'NONE', #8812, .T. ) ;
#7393 = ADVANCED_FACE ( 'NONE', ( #7828 ), #1383, .T. ) ;
#7394 = DIRECTION ( 'NONE',  ( 0.000000000000000000, -1.000000000000000000, 0.000000000000000000 ) ) ;
#7395 = ORIENTED_EDGE ( 'NONE', *, *, #5210, .T. ) ;
#7396 = CARTESIAN_POINT ( 'NONE',  ( -28.74128427233609528, 2.630240555887323417, -20.09774435785980273 ) ) ;
#7397 = ORIENTED_EDGE ( 'NONE', *, *, #4821, .T. ) ;
#7398 = CARTESIAN_POINT ( 'NONE',  ( 27.99999999999998934, -5.314665783094429971E-15, 0.000000000000000000 ) ) ;
#7399 = DIRECTION ( 'NONE',  ( -1.000000000000000000, -9.912705577010326782E-17, 0.000000000000000000 ) ) ;
#7400 = DIRECTION ( 'NONE',  ( 0.5427066596637477591, -0.8399223068573764550, -0.000000000000000000 ) ) ;
#7401 = AXIS2_PLACEMENT_3D ( 'NONE', #7185, #6530, #8549 ) ;
#7402 = CIRCLE ( 'NONE', #6651, 12.50000000000000000 ) ;
#7403 = ORIENTED_EDGE ( 'NONE', *, *, #3243, .F. ) ;
#7404 = EDGE_CURVE ( 'NONE', #8420, #2672, #428, .T. ) ;
#7405 = ORIENTED_EDGE ( 'NONE', *, *, #3422, .F. ) ;
#7406 = AXIS2_PLACEMENT_3D ( 'NONE', #6493, #2923, #8654 ) ;
#7407 = CARTESIAN_POINT ( 'NONE',  ( 58.00000000000002132, 11.44999999999987850, -20.49999999999977618 ) ) ;
#7408 = AXIS2_PLACEMENT_3D ( 'NONE', #2795, #7634, #9080 ) ;
#7409 = FACE_OUTER_BOUND ( 'NONE', #1560, .T. ) ;
#7410 = CARTESIAN_POINT ( 'NONE',  ( 24.00000000000000711, 19.45000000000001350, -12.50000000000000000 ) ) ;
#7411 = VERTEX_POINT ( 'NONE', #4397 ) ;
#7412 = DIRECTION ( 'NONE',  ( 1.000000000000000000, -1.541976423090495387E-16, -0.000000000000000000 ) ) ;
#7413 = ADVANCED_FACE ( 'NONE', ( #2805, #1529 ), #5669, .T. ) ;
#7414 = ADVANCED_FACE ( 'NONE', ( #678 ), #3699, .F. ) ;
#7415 = DIRECTION ( 'NONE',  ( 1.000000000000000000, -1.541976423090495387E-16, -0.000000000000000000 ) ) ;
#7416 = DIRECTION ( 'NONE',  ( 1.000000000000000000, 9.912705577010326782E-17, -0.000000000000000000 ) ) ;
#7417 = ORIENTED_EDGE ( 'NONE', *, *, #2776, .F. ) ;
#7418 = DIRECTION ( 'NONE',  ( -0.000000000000000000, -0.000000000000000000, -1.000000000000000000 ) ) ;
#7419 = PLANE ( 'NONE',  #5979 ) ;
#7420 = AXIS2_PLACEMENT_3D ( 'NONE', #8668, #8111, #7311 ) ;
#7421 = DIRECTION ( 'NONE',  ( 1.541976423090495387E-16, -1.000000000000000000, 0.000000000000000000 ) ) ;
#7422 = DIRECTION ( 'NONE',  ( -1.000000000000000000, -1.360567432138672574E-16, -0.000000000000000000 ) ) ;
#7423 = DIRECTION ( 'NONE',  ( 1.000000000000000000, -0.000000000000000000, -0.000000000000000000 ) ) ;
#7424 = CARTESIAN_POINT ( 'NONE',  ( 16.57654914134644741, 94.44000000000002615, -23.00000000000000000 ) ) ;
#7425 = ORIENTED_EDGE ( 'NONE', *, *, #3090, .T. ) ;
#7426 = AXIS2_PLACEMENT_3D ( 'NONE', #2511, #3951, #5375 ) ;
#7427 = LINE ( 'NONE', #2542, #4775 ) ;
#7428 = CARTESIAN_POINT ( 'NONE',  ( 16.57654914134644741, 94.44000000000002615, 0.000000000000000000 ) ) ;
#7429 = CARTESIAN_POINT ( 'NONE',  ( 27.00000000000000000, 12.50000000000001599, -12.50000000000000000 ) ) ;
#7430 = ORIENTED_EDGE ( 'NONE', *, *, #963, .F. ) ;
#7431 = DIRECTION ( 'NONE',  ( -0.000000000000000000, 1.000000000000000000, -0.000000000000000000 ) ) ;
#7432 = VERTEX_POINT ( 'NONE', #2198 ) ;
#7433 = ORIENTED_EDGE ( 'NONE', *, *, #1870, .F. ) ;
#7434 = CARTESIAN_POINT ( 'NONE',  ( 29.90073266445655165, 3.856075336319141567, -19.54799834449041640 ) ) ;
#7435 = FACE_OUTER_BOUND ( 'NONE', #6230, .T. ) ;
#7436 = ORIENTED_EDGE ( 'NONE', *, *, #1872, .F. ) ;
#7437 = CARTESIAN_POINT ( 'NONE',  ( -28.72054491040562851, 2.633103608328357215, -21.64268856007086939 ) ) ;
#7438 = ORIENTED_EDGE ( 'NONE', *, *, #862, .F. ) ;
#7439 = FACE_OUTER_BOUND ( 'NONE', #1854, .T. ) ;
#7440 = CARTESIAN_POINT ( 'NONE',  ( 21.55000000000000426, 103.9400000000001114, -2.000000000000001776 ) ) ;
#7441 = FACE_BOUND ( 'NONE', #2684, .T. ) ;
#7442 = EDGE_LOOP ( 'NONE', ( #1696, #7709, #1633, #3232 ) ) ;
#7443 = CIRCLE ( 'NONE', #7302, 1.999999999999998224 ) ;
#7444 = EDGE_CURVE ( 'NONE', #484, #6426, #8579, .T. ) ;
#7445 = ORIENTED_EDGE ( 'NONE', *, *, #6252, .T. ) ;
#7446 = ORIENTED_EDGE ( 'NONE', *, *, #2113, .T. ) ;
#7447 = EDGE_CURVE ( 'NONE', #4575, #3857, #1482, .T. ) ;
#7449 = DIRECTION ( 'NONE',  ( 1.000000000000000000, 0.000000000000000000, 0.000000000000000000 ) ) ;
#7448 = AXIS2_PLACEMENT_3D ( 'NONE', #8737, #2307, #4826 ) ;
#7450 = CARTESIAN_POINT ( 'NONE',  ( 14.98768373480796612, 61.94593937371147518, -23.00000000000000000 ) ) ;
#7451 = DIRECTION ( 'NONE',  ( -0.9444791243466051922, -0.3285714285714296801, 0.000000000000000000 ) ) ;
#7452 = ORIENTED_EDGE ( 'NONE', *, *, #9027, .T. ) ;
#7453 = CARTESIAN_POINT ( 'NONE',  ( -12.77646003252311679, 104.4400000000000261, -20.82554041900741026 ) ) ;
#7454 = DIRECTION ( 'NONE',  ( 0.000000000000000000, -1.000000000000000000, 0.000000000000000000 ) ) ;
#7455 = PLANE ( 'NONE',  #8769 ) ;
#7456 = ORIENTED_EDGE ( 'NONE', *, *, #51, .F. ) ;
#7457 = AXIS2_PLACEMENT_3D ( 'NONE', #2247, #180, #6565 ) ;
#7458 = CARTESIAN_POINT ( 'NONE',  ( -30.00000000000000000, 49.81447292170534524, -25.00000000000000000 ) ) ;
#7459 = DIRECTION ( 'NONE',  ( -8.787991997524760300E-17, -1.524473602480251670E-31, -1.000000000000000000 ) ) ;
#7460 = EDGE_CURVE ( 'NONE', #4682, #5582, #7316, .T. ) ;
#7461 = CARTESIAN_POINT ( 'NONE',  ( -1.370220966009151922E-15, 13.82287565553228781, -25.00000000000000000 ) ) ;
#7462 = AXIS2_PLACEMENT_3D ( 'NONE', #530, #2790, #3446 ) ;
#7463 = CARTESIAN_POINT ( 'NONE',  ( 23.64218030817207250, 107.9675401894569120, -12.70669273223763795 ) ) ;
#7464 = LINE ( 'NONE', #3810, #1912 ) ;
#7465 = ORIENTED_EDGE ( 'NONE', *, *, #2817, .F. ) ;
#7466 = CIRCLE ( 'NONE', #147, 2.000000000000000000 ) ;
#7467 = FACE_OUTER_BOUND ( 'NONE', #6311, .T. ) ;
#7468 = CARTESIAN_POINT ( 'NONE',  ( 28.92689260639846438, 12.18169675548221598, -25.50000000000000000 ) ) ;
#7469 = CARTESIAN_POINT ( 'NONE',  ( -20.25000000000000000, 96.44000000000002615, -128.1790850899541852 ) ) ;
#7470 = EDGE_LOOP ( 'NONE', ( #3165, #202, #2216, #8515 ) ) ;
#7471 = CARTESIAN_POINT ( 'NONE',  ( -23.30193778872828858, 13.50865287323934361, -1.687283226225589239 ) ) ;
#7472 = VECTOR ( 'NONE', #1116, 1000.000000000000114 ) ;
#7473 = EDGE_LOOP ( 'NONE', ( #2711, #5844, #1896, #2217, #4216 ) ) ;
#7474 = EDGE_LOOP ( 'NONE', ( #2203, #6584 ) ) ;
#7475 = CARTESIAN_POINT ( 'NONE',  ( 29.98802109973115293, 4.079728675134227878, -19.18901748276880426 ) ) ;
#7476 = CARTESIAN_POINT ( 'NONE',  ( 25.99999999999999645, 18.15685424949230153, -18.15685424949224469 ) ) ;
#7477 = VERTEX_POINT ( 'NONE', #8021 ) ;
#7478 = CARTESIAN_POINT ( 'NONE',  ( -29.90073266446730926, 3.856075336316801661, -19.54799834449177709 ) ) ;
#7479 = ORIENTED_EDGE ( 'NONE', *, *, #6369, .T. ) ;
#7480 = DIRECTION ( 'NONE',  ( -1.000000000000000000, -9.912705577010326782E-17, 0.000000000000000000 ) ) ;
#7481 = DIRECTION ( 'NONE',  ( -1.000000000000000000, -9.912705577010326782E-17, 0.000000000000000000 ) ) ;
#7482 = DIRECTION ( 'NONE',  ( 1.000000000000000000, 9.912705577010326782E-17, 0.000000000000000000 ) ) ;
#7483 = EDGE_LOOP ( 'NONE', ( #3328, #868 ) ) ;
#7484 = ADVANCED_FACE ( 'NONE', ( #4304 ), #27, .T. ) ;
#7485 = ORIENTED_EDGE ( 'NONE', *, *, #2699, .T. ) ;
#7486 = VERTEX_POINT ( 'NONE', #8623 ) ;
#7487 = VECTOR ( 'NONE', #5252, 1000.000000000000000 ) ;
#7488 = EDGE_CURVE ( 'NONE', #4994, #1368, #7635, .T. ) ;
#7489 = ADVANCED_FACE ( 'NONE', ( #6513 ), #76, .F. ) ;
#7490 = AXIS2_PLACEMENT_3D ( 'NONE', #4363, #6525, #5817 ) ;
#7491 = DIRECTION ( 'NONE',  ( -1.000000000000000000, -1.892425610156517122E-16, -0.000000000000000000 ) ) ;
#7492 = CARTESIAN_POINT ( 'NONE',  ( -23.55000000000001847, 115.4700544878848518, -23.11884562150395084 ) ) ;
#7493 = DIRECTION ( 'NONE',  ( 1.000000000000000000, 1.734723475976805517E-15, 0.000000000000000000 ) ) ;
#7494 = ORIENTED_EDGE ( 'NONE', *, *, #1641, .T. ) ;
#7495 = CARTESIAN_POINT ( 'NONE',  ( 23.37665582919485274, 10.66462015619212345, -25.49999999999999289 ) ) ;
#7496 = DIRECTION ( 'NONE',  ( -1.000000000000000000, 1.541976423090495387E-16, 0.000000000000000000 ) ) ;
#7497 = CARTESIAN_POINT ( 'NONE',  ( -6.423762078750931970, 80.80934643409020168, -15.65739561406607727 ) ) ;
#7498 = VERTEX_POINT ( 'NONE', #3041 ) ;
#7499 = ORIENTED_EDGE ( 'NONE', *, *, #5277, .T. ) ;
#7500 = CIRCLE ( 'NONE', #8705, 0.8999999999999980238 ) ;
#7501 = CARTESIAN_POINT ( 'NONE',  ( 25.99999999999999645, 20.50000000000001066, -12.50000000000000000 ) ) ;
#7502 = VECTOR ( 'NONE', #955, 1000.000000000000000 ) ;
#7503 = CARTESIAN_POINT ( 'NONE',  ( -24.46099673897651172, 11.92516321685554104, -25.50000000000000355 ) ) ;
#7504 = ADVANCED_FACE ( 'NONE', ( #3749 ), #4500, .F. ) ;
#7505 = DIRECTION ( 'NONE',  ( 0.000000000000000000, -1.000000000000000000, 0.000000000000000000 ) ) ;
#7506 = AXIS2_PLACEMENT_3D ( 'NONE', #405, #4637, #1856 ) ;
#7507 = CARTESIAN_POINT ( 'NONE',  ( 26.00000000000000000, 12.49999999999999822, -3.000000000000000000 ) ) ;
#7508 = CARTESIAN_POINT ( 'NONE',  ( 27.99999999999999289, 12.49999999999999822, -12.50000000000000000 ) ) ;
#7509 = ADVANCED_FACE ( 'NONE', ( #2337 ), #1629, .T. ) ;
#7510 = ORIENTED_EDGE ( 'NONE', *, *, #2524, .F. ) ;
#7511 = AXIS2_PLACEMENT_3D ( 'NONE', #2412, #3290, #7514 ) ;
#7512 = DIRECTION ( 'NONE',  ( -9.912705577010326782E-17, 1.000000000000000000, -0.000000000000000000 ) ) ;
#7513 = DIRECTION ( 'NONE',  ( 1.898094922533725623E-16, 1.000000000000000000, 0.000000000000000000 ) ) ;
#7514 = DIRECTION ( 'NONE',  ( 0.000000000000000000, -1.000000000000000000, 0.000000000000000000 ) ) ;
#7515 = CIRCLE ( 'NONE', #6471, 12.50000000000000178 ) ;
#7516 = ORIENTED_EDGE ( 'NONE', *, *, #1717, .F. ) ;
#7517 = DIRECTION ( 'NONE',  ( 0.000000000000000000, -0.000000000000000000, -1.000000000000000000 ) ) ;
#7518 = EDGE_CURVE ( 'NONE', #5082, #6603, #1630, .T. ) ;
#7519 = VERTEX_POINT ( 'NONE', #7318 ) ;
#7520 = DIRECTION ( 'NONE',  ( 1.734723475976807292E-15, -1.000000000000000000, 0.000000000000000000 ) ) ;
#7521 = PLANE ( 'NONE',  #695 ) ;
#7522 = FACE_OUTER_BOUND ( 'NONE', #1609, .T. ) ;
#7523 = ORIENTED_EDGE ( 'NONE', *, *, #337, .F. ) ;
#7524 = CARTESIAN_POINT ( 'NONE',  ( -29.93718902153874240, 3.998583519050277424, -20.00232800805679645 ) ) ;
#7525 = CARTESIAN_POINT ( 'NONE',  ( 13.98768373480797855, 60.21388856614260021, -2.000000000000000000 ) ) ;
#7526 = DIRECTION ( 'NONE',  ( -1.000000000000000000, -1.892425610156517122E-16, -0.000000000000000000 ) ) ;
#7527 = CARTESIAN_POINT ( 'NONE',  ( 58.00000000000002132, 13.55000000000021743, -4.499999999999771738 ) ) ;
#7528 = FACE_BOUND ( 'NONE', #5836, .T. ) ;
#7529 = ORIENTED_EDGE ( 'NONE', *, *, #6359, .F. ) ;
#7530 = AXIS2_PLACEMENT_3D ( 'NONE', #7469, #8172, #3815 ) ;
#7531 = ORIENTED_EDGE ( 'NONE', *, *, #455, .F. ) ;
#7532 = VERTEX_POINT ( 'NONE', #2200 ) ;
#7533 = DIRECTION ( 'NONE',  ( -1.000000000000000000, 0.000000000000000000, 0.000000000000000000 ) ) ;
#7534 = EDGE_CURVE ( 'NONE', #9024, #1658, #5588, .T. ) ;
#7535 = DIRECTION ( 'NONE',  ( -1.000000000000000000, -1.360567432138672574E-16, 0.000000000000000000 ) ) ;
#7536 = DIRECTION ( 'NONE',  ( 0.5427066596637477591, -0.8399223068573764550, 0.000000000000000000 ) ) ;
#7537 = ORIENTED_EDGE ( 'NONE', *, *, #8964, .F. ) ;
#7538 = CARTESIAN_POINT ( 'NONE',  ( 17.00155164700847976, 96.44000000000002615, -15.11361605560231958 ) ) ;
#7539 = CYLINDRICAL_SURFACE ( 'NONE', #3771, 2.149999999999999023 ) ;
#7540 = DIRECTION ( 'NONE',  ( 1.000000000000000000, 1.360567432138672574E-16, 0.000000000000000000 ) ) ;
#7541 = EDGE_CURVE ( 'NONE', #6560, #7814, #7266, .T. ) ;
#7542 = ORIENTED_EDGE ( 'NONE', *, *, #664, .T. ) ;
#7543 = CARTESIAN_POINT ( 'NONE',  ( -12.08688103937556946, 104.4400000000000261, -19.77189238011338546 ) ) ;
#7544 = EDGE_CURVE ( 'NONE', #4301, #6277, #575, .T. ) ;
#7545 = CARTESIAN_POINT ( 'NONE',  ( -22.99999999999999645, 9.473901458340574067, -25.50000000000000000 ) ) ;
#7546 = VECTOR ( 'NONE', #8809, 1000.000000000000000 ) ;
#7547 = CARTESIAN_POINT ( 'NONE',  ( 29.99999999999998579, 4.285636193760955059, -25.43716373319178103 ) ) ;
#7548 = DIRECTION ( 'NONE',  ( 1.541976423090495387E-16, 1.000000000000000000, 0.000000000000000000 ) ) ;
#7549 = CARTESIAN_POINT ( 'NONE',  ( 26.90714285714285836, 104.2085962636542007, -2.636397599255284977E-17 ) ) ;
#7550 = ORIENTED_EDGE ( 'NONE', *, *, #4400, .F. ) ;
#7551 = ADVANCED_FACE ( 'NONE', ( #8071 ), #7026, .T. ) ;
#7552 = AXIS2_PLACEMENT_3D ( 'NONE', #1652, #1692, #4561 ) ;
#7553 = EDGE_CURVE ( 'NONE', #6635, #326, #5685, .T. ) ;
#7554 = DIRECTION ( 'NONE',  ( -1.000000000000000000, 0.000000000000000000, 0.000000000000000000 ) ) ;
#7555 = CARTESIAN_POINT ( 'NONE',  ( 58.00000000000002132, 18.15685424949230864, -18.15685424949224469 ) ) ;
#7556 = DIRECTION ( 'NONE',  ( 1.000000000000000000, -8.879806544366675452E-32, 8.019547272036671442E-16 ) ) ;
#7557 = CARTESIAN_POINT ( 'NONE',  ( 24.34713887604216254, 4.057397047091202857, -17.50000000000000000 ) ) ;
#7558 = EDGE_LOOP ( 'NONE', ( #5882, #5088, #5444, #8250 ) ) ;
#7559 = CYLINDRICAL_SURFACE ( 'NONE', #6383, 5.000000000000004441 ) ;
#7560 = AXIS2_PLACEMENT_3D ( 'NONE', #5435, #7586, #1906 ) ;
#7561 = ORIENTED_EDGE ( 'NONE', *, *, #5327, .F. ) ;
#7562 = LINE ( 'NONE', #6861, #4921 ) ;
#7563 = EDGE_CURVE ( 'NONE', #6771, #2465, #4178, .T. ) ;
#7564 = ADVANCED_FACE ( 'NONE', ( #5949 ), #5065, .F. ) ;
#7565 = DIRECTION ( 'NONE',  ( 0.000000000000000000, -0.000000000000000000, -1.000000000000000000 ) ) ;
#7566 = APPLICATION_PROTOCOL_DEFINITION ( 'international standard', 'config_control_design', 1994, #8282 ) ;
#7567 = ORIENTED_EDGE ( 'NONE', *, *, #1401, .F. ) ;
#7568 = CARTESIAN_POINT ( 'NONE',  ( -27.99999999999998934, 2.499999999999976907, -21.78708781050343291 ) ) ;
#7569 = EDGE_LOOP ( 'NONE', ( #1326, #3803, #6687, #6652 ) ) ;
#7570 = CYLINDRICAL_SURFACE ( 'NONE', #7696, 1.050000000000000488 ) ;
#7571 = DIRECTION ( 'NONE',  ( 0.000000000000000000, 1.000000000000000000, 0.000000000000000000 ) ) ;
#7572 = FACE_OUTER_BOUND ( 'NONE', #6356, .T. ) ;
#7573 = ORIENTED_EDGE ( 'NONE', *, *, #6930, .F. ) ;
#7574 = ORIENTED_EDGE ( 'NONE', *, *, #4048, .T. ) ;
#7575 = EDGE_LOOP ( 'NONE', ( #1218, #446, #4041, #22 ) ) ;
#7576 = B_SPLINE_CURVE_WITH_KNOTS ( 'NONE', 3,
 ( #6671, #6627, #1775, #1683, #940, #1819, #6053, #4554, #7463, #4601, #6797, #5226, #8087, #5966, #192, #2400, #8130, #5356, #3850, #3809, #3056, #2355, #8787, #6757, #1070, #1644 ),
 .UNSPECIFIED., .F., .F.,
 ( 4, 2, 2, 2, 2, 2, 2, 2, 2, 2, 2, 2, 4 ),
 ( 0.000000000000000000, 0.0004015707937416746745, 0.0008031415874833493489, 0.001204712381225024132, 0.001606283174966698698, 0.002007853968708373481, 0.002409424762450048264, 0.003212566349933396962, 0.004015707937416746094, 0.004818849524900094793, 0.005220420318641781285, 0.005621991112383468644, 0.006425132699866856374 ),
 .UNSPECIFIED. ) ;
#7577 = CIRCLE ( 'NONE', #2781, 1.049999999999998934 ) ;
#7578 = AXIS2_PLACEMENT_3D ( 'NONE', #1926, #1830, #4698 ) ;
#7579 = DIRECTION ( 'NONE',  ( 1.000000000000000000, 0.000000000000000000, 0.000000000000000000 ) ) ;
#7580 = DIRECTION ( 'NONE',  ( -1.000000000000000000, 0.000000000000000000, -0.000000000000000000 ) ) ;
#7581 = CARTESIAN_POINT ( 'NONE',  ( -23.43572208335977791, 113.3299264527366859, -23.66730220754023861 ) ) ;
#7582 = CARTESIAN_POINT ( 'NONE',  ( -22.99999999999999645, 2.499999999999998224, -20.00000000000000000 ) ) ;
#7583 = VERTEX_POINT ( 'NONE', #3649 ) ;
#7584 = CARTESIAN_POINT ( 'NONE',  ( 16.57654914134644741, 96.44000000000002615, -14.80483366073001505 ) ) ;
#7585 = CARTESIAN_POINT ( 'NONE',  ( 25.99999999999999645, 11.44999999999987317, -20.49999999999977618 ) ) ;
#7586 = DIRECTION ( 'NONE',  ( -1.000000000000000000, -1.892425610156517122E-16, -0.000000000000000000 ) ) ;
#7587 = AXIS2_PLACEMENT_3D ( 'NONE', #3590, #7160, #9263 ) ;
#7588 = VECTOR ( 'NONE', #4833, 1000.000000000000000 ) ;
#7589 = ORIENTED_EDGE ( 'NONE', *, *, #4479, .T. ) ;
#7590 = AXIS2_PLACEMENT_3D ( 'NONE', #2840, #6458, #16 ) ;
#7591 = AXIS2_PLACEMENT_3D ( 'NONE', #8166, #367, #8256 ) ;
#7592 = TOROIDAL_SURFACE ( 'NONE', #4742, 4.000000000000000000, 2.000000000000000000 ) ;
#7593 = DIRECTION ( 'NONE',  ( 0.000000000000000000, 0.000000000000000000, 1.000000000000000000 ) ) ;
#7594 = CARTESIAN_POINT ( 'NONE',  ( 23.00000000000000000, 2.533932570968594256, -17.50000000000000000 ) ) ;
#7595 = DIRECTION ( 'NONE',  ( -1.000000000000000000, 0.000000000000000000, 0.000000000000000000 ) ) ;
#7596 = CARTESIAN_POINT ( 'NONE',  ( 12.08688103937515734, 80.80934643409020168, -19.77189238011338546 ) ) ;
#7597 = ORIENTED_EDGE ( 'NONE', *, *, #454, .T. ) ;
#7598 = VECTOR ( 'NONE', #2715, 1000.000000000000000 ) ;
#7599 = VECTOR ( 'NONE', #5886, 1000.000000000000000 ) ;
#7600 = CARTESIAN_POINT ( 'NONE',  ( -23.25651368069558345, 14.61267859236675548, -23.21595866635580663 ) ) ;
#7601 = DIRECTION ( 'NONE',  ( -1.000000000000000000, 1.541976423090495387E-16, 0.000000000000000000 ) ) ;
#7602 = EDGE_CURVE ( 'NONE', #2891, #8729, #6469, .T. ) ;
#7603 = AXIS2_PLACEMENT_3D ( 'NONE', #331, #1517, #4385 ) ;
#7604 = DIRECTION ( 'NONE',  ( 1.000000000000000000, 9.912705577010326782E-17, -0.000000000000000000 ) ) ;
#7605 = DIRECTION ( 'NONE',  ( 1.000000000000000000, -1.541976423090495387E-16, -0.000000000000000000 ) ) ;
#7606 = EDGE_CURVE ( 'NONE', #2043, #4708, #3747, .T. ) ;
#7607 = DIRECTION ( 'NONE',  ( -1.000000000000000000, -9.912705577010326782E-17, 0.000000000000000000 ) ) ;
#7608 = ORIENTED_EDGE ( 'NONE', *, *, #5345, .T. ) ;
#7609 = DIRECTION ( 'NONE',  ( 1.000000000000000000, 1.360567432138672574E-16, 0.000000000000000000 ) ) ;
#7610 = AXIS2_PLACEMENT_3D ( 'NONE', #941, #3104, #8835 ) ;
#7611 = ORIENTED_EDGE ( 'NONE', *, *, #4683, .T. ) ;
#7612 = AXIS2_PLACEMENT_3D ( 'NONE', #8263, #2543, #6803 ) ;
#7613 = CARTESIAN_POINT ( 'NONE',  ( 17.00000000000000000, 44.61832049899870611, -3.000000000000002665 ) ) ;
#7614 = EDGE_CURVE ( 'NONE', #5250, #3758, #5113, .T. ) ;
#7615 = VECTOR ( 'NONE', #7882, 1000.000000000000000 ) ;
#7616 = EDGE_CURVE ( 'NONE', #3, #8011, #9273, .T. ) ;
#7617 = CARTESIAN_POINT ( 'NONE',  ( 28.42093375970122082, 2.540851400655549153, -20.14784976292394347 ) ) ;
#7618 = CARTESIAN_POINT ( 'NONE',  ( -23.23947308506447129, 12.49999999999974776, -23.41052691493554505 ) ) ;
#7619 = ORIENTED_EDGE ( 'NONE', *, *, #8930, .F. ) ;
#7620 = CARTESIAN_POINT ( 'NONE',  ( 24.00000000000000711, 21.55000000000001137, -12.50000000000000000 ) ) ;
#7621 = ORIENTED_EDGE ( 'NONE', *, *, #7155, .T. ) ;
#7622 = DIRECTION ( 'NONE',  ( -0.4999999999999987232, -0.8660254037844393737, 0.000000000000000000 ) ) ;
#7623 = FACE_BOUND ( 'NONE', #7474, .T. ) ;
#7624 = ORIENTED_EDGE ( 'NONE', *, *, #2119, .F. ) ;
#7625 = VERTEX_POINT ( 'NONE', #7975 ) ;
#7626 = ORIENTED_EDGE ( 'NONE', *, *, #7972, .F. ) ;
#7627 = EDGE_CURVE ( 'NONE', #4713, #5493, #4398, .T. ) ;
#7628 = TOROIDAL_SURFACE ( 'NONE', #3135, 8.000000000000000000, 2.000000000000000000 ) ;
#7629 = CARTESIAN_POINT ( 'NONE',  ( -20.25000000000000000, 113.9403061905773598, -21.59999999999999787 ) ) ;
#7630 = CARTESIAN_POINT ( 'NONE',  ( 23.00000000000000000, 3.414213562373105582, -24.91421356237309581 ) ) ;
#7631 = CARTESIAN_POINT ( 'NONE',  ( -23.50997052723309722, 115.1122992972075849, -23.40901408153305852 ) ) ;
#7632 = DIRECTION ( 'NONE',  ( 1.000000000000000000, 9.912705577010326782E-17, -0.000000000000000000 ) ) ;
#7633 = ORIENTED_EDGE ( 'NONE', *, *, #5092, .T. ) ;
#7634 = DIRECTION ( 'NONE',  ( -1.000000000000000000, 1.541976423090495387E-16, 0.000000000000000000 ) ) ;
#7635 = CIRCLE ( 'NONE', #6740, 2.149999999999999023 ) ;
#7636 = CARTESIAN_POINT ( 'NONE',  ( 27.99999999999999289, 12.50000000000000355, -25.49999999999999645 ) ) ;
#7637 = DIRECTION ( 'NONE',  ( -1.000000000000000000, -9.912705577010326782E-17, 0.000000000000000000 ) ) ;
#7638 = EDGE_LOOP ( 'NONE', ( #5627, #8236, #6644, #4988, #3037 ) ) ;
#7639 = DIRECTION ( 'NONE',  ( 0.000000000000000000, 0.000000000000000000, 1.000000000000000000 ) ) ;
#7640 = FACE_OUTER_BOUND ( 'NONE', #4276, .T. ) ;
#7641 = CARTESIAN_POINT ( 'NONE',  ( 29.99999999999999645, 1.043560762610397319, -17.50000000000000000 ) ) ;
#7642 = DIRECTION ( 'NONE',  ( -1.000000000000000000, 1.541976423090495387E-16, -0.000000000000000000 ) ) ;
#7643 = DIRECTION ( 'NONE',  ( -0.000000000000000000, -1.000000000000000000, -0.000000000000000000 ) ) ;
#7644 = AXIS2_PLACEMENT_3D ( 'NONE', #6422, #1787, #221 ) ;
#7645 = ORIENTED_EDGE ( 'NONE', *, *, #2122, .F. ) ;
#7646 = AXIS2_PLACEMENT_3D ( 'NONE', #1788, #6769, #8181 ) ;
#7647 = CARTESIAN_POINT ( 'NONE',  ( -7.381096940474732193, 57.10000000000000142, -3.000000000000002665 ) ) ;
#7648 = FACE_OUTER_BOUND ( 'NONE', #7312, .T. ) ;
#7649 = AXIS2_PLACEMENT_3D ( 'NONE', #1292, #6928, #6274 ) ;
#7650 = B_SPLINE_CURVE_WITH_KNOTS ( 'NONE', 3,
 ( #6726, #8175, #290, #3156, #5322, #1739, #4609, #7471, #1036, #3901 ),
 .UNSPECIFIED., .F., .F.,
 ( 4, 2, 2, 2, 4 ),
 ( 0.000000000000000000, 0.001516954577277375687, 0.003033909154554751374, 0.004550863731832126627, 0.006067818309109502747 ),
 .UNSPECIFIED. ) ;
#7651 = CARTESIAN_POINT ( 'NONE',  ( -26.25000000000000355, 102.3196380149609155, -2.000000000000000000 ) ) ;
#7652 = LINE ( 'NONE', #4695, #8929 ) ;
#7653 = CARTESIAN_POINT ( 'NONE',  ( -3.500000000000209166, 104.4400000000000261, -9.000000000000001776 ) ) ;
#7654 = EDGE_CURVE ( 'NONE', #2088, #5672, #8095, .T. ) ;
#7655 = ORIENTED_EDGE ( 'NONE', *, *, #3305, .F. ) ;
#7656 = DIRECTION ( 'NONE',  ( 0.3090169943749482839, 0.000000000000000000, -0.9510565162951533091 ) ) ;
#7657 = AXIS2_PLACEMENT_3D ( 'NONE', #1194, #6008, #191 ) ;
#7658 = EDGE_CURVE ( 'NONE', #5563, #5935, #2664, .T. ) ;
#7659 = AXIS2_PLACEMENT_3D ( 'NONE', #7257, #4495, #1524 ) ;
#7660 = ORIENTED_EDGE ( 'NONE', *, *, #4107, .F. ) ;
#7661 = EDGE_CURVE ( 'NONE', #4024, #4967, #6852, .T. ) ;
#7662 = DIRECTION ( 'NONE',  ( -0.8090169943749471182, 0.000000000000000000, -0.5877852522924735812 ) ) ;
#7663 = VECTOR ( 'NONE', #2086, 1000.000000000000000 ) ;
#7664 = CARTESIAN_POINT ( 'NONE',  ( 28.46506871813543782, 1.755361521515037770, -18.78200788648825181 ) ) ;
#7665 = PERSON_AND_ORGANIZATION ( #472, #468 ) ;
#7666 = ORIENTED_EDGE ( 'NONE', *, *, #715, .T. ) ;
#7667 = PLANE ( 'NONE',  #5204 ) ;
#7668 = VERTEX_POINT ( 'NONE', #6131 ) ;
#7669 = CARTESIAN_POINT ( 'NONE',  ( -11.58728778948666793, 4.828427124746176524, -23.50000000000000000 ) ) ;
#7670 = DIRECTION ( 'NONE',  ( 1.000000000000000000, 1.360567432138672574E-16, -0.000000000000000000 ) ) ;
#7672 = ADVANCED_FACE ( 'NONE', ( #4675 ), #2476, .F. ) ;
#7671 = ORIENTED_EDGE ( 'NONE', *, *, #8225, .F. ) ;
#7673 = ORIENTED_EDGE ( 'NONE', *, *, #5734, .F. ) ;
#7674 = ORIENTED_EDGE ( 'NONE', *, *, #420, .F. ) ;
#7675 = EDGE_CURVE ( 'NONE', #8415, #1762, #3835, .T. ) ;
#7676 = CARTESIAN_POINT ( 'NONE',  ( 58.00000000000002132, 12.50000000000021672, -4.499999999999771738 ) ) ;
#7677 = DIRECTION ( 'NONE',  ( 0.9444791243466057473, 0.3285714285714280702, 0.000000000000000000 ) ) ;
#7678 = DIRECTION ( 'NONE',  ( -1.000000000000000000, -9.912705577010326782E-17, 0.000000000000000000 ) ) ;
#7679 = CARTESIAN_POINT ( 'NONE',  ( 23.54999999999998295, 113.9403061905773598, -21.59999999999999787 ) ) ;
#7680 = ORIENTED_EDGE ( 'NONE', *, *, #7658, .T. ) ;
#7681 = DIRECTION ( 'NONE',  ( -0.000000000000000000, 2.029344161882401514E-31, -1.000000000000000000 ) ) ;
#7682 = LINE ( 'NONE', #3406, #7810 ) ;
#7683 = CARTESIAN_POINT ( 'NONE',  ( -23.55618765993623143, 108.6718701656489117, -15.88144651924589645 ) ) ;
#7684 = VERTEX_POINT ( 'NONE', #5297 ) ;
#7685 = ORIENTED_EDGE ( 'NONE', *, *, #591, .F. ) ;
#7686 = PLANE ( 'NONE',  #6002 ) ;
#7687 = CARTESIAN_POINT ( 'NONE',  ( 23.64263785928940109, 107.9652501842551686, -16.49452043518407862 ) ) ;
#7688 = ADVANCED_FACE ( 'NONE', ( #265, #6700 ), #1849, .T. ) ;
#7689 = EDGE_CURVE ( 'NONE', #5956, #8887, #5225, .T. ) ;
#7690 = FACE_OUTER_BOUND ( 'NONE', #8750, .T. ) ;
#7691 = DIRECTION ( 'NONE',  ( -1.000000000000000000, 1.541976423090495387E-16, -0.000000000000000000 ) ) ;
#7692 = CARTESIAN_POINT ( 'NONE',  ( -22.25000000000000000, 104.7903061905773541, -14.59999999999999787 ) ) ;
#7693 = ORIENTED_EDGE ( 'NONE', *, *, #5484, .T. ) ;
#7694 = AXIS2_PLACEMENT_3D ( 'NONE', #4234, #3440, #6215 ) ;
#7695 = CARTESIAN_POINT ( 'NONE',  ( -23.02035243226375627, 17.64063965942633061, -22.37923119038093844 ) ) ;
#7696 = AXIS2_PLACEMENT_3D ( 'NONE', #6072, #7526, #1136 ) ;
#7697 = DIRECTION ( 'NONE',  ( 1.613696256722601693E-15, -1.000000000000000000, 0.000000000000000000 ) ) ;
#7698 = DIRECTION ( 'NONE',  ( 1.000000000000000000, 0.000000000000000000, 0.000000000000000000 ) ) ;
#7699 = DIRECTION ( 'NONE',  ( -1.000000000000000000, -9.912705577010326782E-17, 0.000000000000000000 ) ) ;
#7700 = CARTESIAN_POINT ( 'NONE',  ( -23.55000000000000782, 108.9309918853871579, -23.00000000000000000 ) ) ;
#7701 = ORIENTED_EDGE ( 'NONE', *, *, #606, .T. ) ;
#7702 = CARTESIAN_POINT ( 'NONE',  ( 29.99999999999999645, 16.00685424949253743, -6.843145750507550140 ) ) ;
#7703 = CIRCLE ( 'NONE', #2757, 1.999999999999998224 ) ;
#7704 = ORIENTED_EDGE ( 'NONE', *, *, #6433, .F. ) ;
#7705 = DIRECTION ( 'NONE',  ( 1.000000000000000000, -1.541976423090495387E-16, 0.000000000000000000 ) ) ;
#7706 = VECTOR ( 'NONE', #1019, 1000.000000000000227 ) ;
#7707 = CARTESIAN_POINT ( 'NONE',  ( 29.02147956846841126, 2.775465182609539561, -21.48597391130110879 ) ) ;
#7708 = APPROVAL_ROLE ( '' ) ;
#7709 = ORIENTED_EDGE ( 'NONE', *, *, #8693, .T. ) ;
#7710 = LINE ( 'NONE', #4802, #385 ) ;
#7711 = DIRECTION ( 'NONE',  ( -1.000000000000000000, 0.000000000000000000, 0.000000000000000000 ) ) ;
#7712 = LINE ( 'NONE', #8370, #8006 ) ;
#7713 = LINE ( 'NONE', #6263, #5306 ) ;
#7714 = ORIENTED_EDGE ( 'NONE', *, *, #6709, .F. ) ;
#7715 = ORIENTED_EDGE ( 'NONE', *, *, #3201, .F. ) ;
#7716 = EDGE_LOOP ( 'NONE', ( #8477, #7022 ) ) ;
#7717 = AXIS2_PLACEMENT_3D ( 'NONE', #1389, #2811, #1302 ) ;
#7718 = EDGE_CURVE ( 'NONE', #2809, #6585, #3724, .T. ) ;
#7719 = LINE ( 'NONE', #1330, #2967 ) ;
#7720 = CARTESIAN_POINT ( 'NONE',  ( 25.99999999999999645, 20.50000000000001066, -12.50000000000000000 ) ) ;
#7721 = FACE_OUTER_BOUND ( 'NONE', #6925, .T. ) ;
#7722 = CARTESIAN_POINT ( 'NONE',  ( 26.53553264092517239, 104.4400000000000261, -64.24026954858457827 ) ) ;
#7723 = ORIENTED_EDGE ( 'NONE', *, *, #3799, .F. ) ;
#7724 = CARTESIAN_POINT ( 'NONE',  ( 22.24999999999998579, 113.9403061905773740, -7.599999999999997868 ) ) ;
#7725 = ADVANCED_FACE ( 'NONE', ( #8283 ), #5815, .T. ) ;
#7726 = FACE_OUTER_BOUND ( 'NONE', #4331, .T. ) ;
#7727 = DIRECTION ( 'NONE',  ( -1.000000000000000000, -9.912705577010326782E-17, 0.000000000000000000 ) ) ;
#7728 = EDGE_CURVE ( 'NONE', #145, #6595, #6081, .T. ) ;
#7729 = VERTEX_POINT ( 'NONE', #8153 ) ;
#7730 = EDGE_LOOP ( 'NONE', ( #4625, #1527, #9103, #4771, #7479 ) ) ;
#7731 = AXIS2_PLACEMENT_3D ( 'NONE', #7749, #5636, #8503 ) ;
#7732 = DIRECTION ( 'NONE',  ( 1.000000000000000000, 0.000000000000000000, 0.000000000000000000 ) ) ;
#7733 = DIRECTION ( 'NONE',  ( 0.000000000000000000, -1.000000000000000000, 0.000000000000000000 ) ) ;
#7734 = DIRECTION ( 'NONE',  ( -0.000000000000000000, 0.000000000000000000, 1.000000000000000000 ) ) ;
#7735 = AXIS2_PLACEMENT_3D ( 'NONE', #8309, #7605, #3426 ) ;
#7736 = DIRECTION ( 'NONE',  ( 0.000000000000000000, -1.000000000000000000, 0.000000000000000000 ) ) ;
#7737 = VECTOR ( 'NONE', #5120, 999.9999999999998863 ) ;
#7738 = CARTESIAN_POINT ( 'NONE',  ( 23.00000000000000000, 4.828427124746203170, -23.49999999999999289 ) ) ;
#7739 = ORIENTED_EDGE ( 'NONE', *, *, #3108, .T. ) ;
#7740 = ORIENTED_EDGE ( 'NONE', *, *, #8072, .F. ) ;
#7741 = CARTESIAN_POINT ( 'NONE',  ( -23.28753429247974438, 13.82287565553229314, -23.28161218218565054 ) ) ;
#7742 = EDGE_CURVE ( 'NONE', #3857, #3671, #8328, .T. ) ;
#7743 = FACE_OUTER_BOUND ( 'NONE', #8051, .T. ) ;
#7744 = DIRECTION ( 'NONE',  ( 1.541976423090495387E-16, 1.000000000000000000, 0.000000000000000000 ) ) ;
#7745 = CARTESIAN_POINT ( 'NONE',  ( 23.31393684833123459, 2.886454107512971934, -7.500000000000007105 ) ) ;
#7746 = VECTOR ( 'NONE', #1531, 1000.000000000000000 ) ;
#7747 = DIRECTION ( 'NONE',  ( -1.000000000000000000, -1.360567432138672574E-16, 0.000000000000000000 ) ) ;
#7748 = ORIENTED_EDGE ( 'NONE', *, *, #6027, .F. ) ;
#7749 = CARTESIAN_POINT ( 'NONE',  ( -16.57654914134644741, 94.44000000000002615, -2.000000000000001776 ) ) ;
#7750 = ORIENTED_EDGE ( 'NONE', *, *, #4209, .F. ) ;
#7751 = DIRECTION ( 'NONE',  ( 0.000000000000000000, -1.000000000000000000, 0.000000000000000000 ) ) ;
#7752 = CARTESIAN_POINT ( 'NONE',  ( -5.773401785888006899, 57.10000000000000142, -22.00000000000000355 ) ) ;
#7753 = PERSON_AND_ORGANIZATION ( #472, #468 ) ;
#7754 = ORIENTED_EDGE ( 'NONE', *, *, #1579, .F. ) ;
#7755 = DIRECTION ( 'NONE',  ( 1.000000000000000000, 0.000000000000000000, 0.000000000000000000 ) ) ;
#7756 = CARTESIAN_POINT ( 'NONE',  ( 28.17526667646962224, 2.499999999999999556, -21.78708781050335119 ) ) ;
#7757 = VECTOR ( 'NONE', #7249, 1000.000000000000114 ) ;
#7758 = CARTESIAN_POINT ( 'NONE',  ( -29.41055790643313017, 2.388895982315882627, -18.85816691471197970 ) ) ;
#7759 = ORIENTED_EDGE ( 'NONE', *, *, #5236, .F. ) ;
#7760 = VERTEX_POINT ( 'NONE', #1712 ) ;
#7761 = ORIENTED_EDGE ( 'NONE', *, *, #8199, .F. ) ;
#7762 = ORIENTED_EDGE ( 'NONE', *, *, #3478, .F. ) ;
#7763 = AXIS2_PLACEMENT_3D ( 'NONE', #368, #7643, #4647 ) ;
#7764 = CIRCLE ( 'NONE', #875, 4.999999999999997335 ) ;
#7765 = CARTESIAN_POINT ( 'NONE',  ( 28.68435672869728847, 12.32944298901823110, -25.49999999999999645 ) ) ;
#7766 = LINE ( 'NONE', #7060, #2462 ) ;
#7767 = CARTESIAN_POINT ( 'NONE',  ( 0.000000000000000000, 65.10000000000000853, -2.000000000000001776 ) ) ;
#7768 = CARTESIAN_POINT ( 'NONE',  ( -23.23947308506447129, 12.49999999999974776, -23.41052691493554505 ) ) ;
#7769 = VERTEX_POINT ( 'NONE', #4585 ) ;
#7770 = DIRECTION ( 'NONE',  ( 0.000000000000000000, 0.000000000000000000, -1.000000000000000000 ) ) ;
#7771 = EDGE_CURVE ( 'NONE', #2380, #5988, #4157, .T. ) ;
#7772 = DIRECTION ( 'NONE',  ( 1.000000000000000000, 1.541976423090495387E-16, 0.000000000000000000 ) ) ;
#7773 = CARTESIAN_POINT ( 'NONE',  ( -23.84674082959302766, 107.2288628358011096, -16.73420436655226951 ) ) ;
#7774 = EDGE_CURVE ( 'NONE', #6090, #60, #9099, .T. ) ;
#7775 = AXIS2_PLACEMENT_3D ( 'NONE', #5317, #416, #8170 ) ;
#7776 = ORIENTED_EDGE ( 'NONE', *, *, #8600, .F. ) ;
#7777 = ORIENTED_EDGE ( 'NONE', *, *, #7718, .T. ) ;
#7778 = EDGE_CURVE ( 'NONE', #3885, #8990, #6102, .T. ) ;
#7779 = DIRECTION ( 'NONE',  ( 0.000000000000000000, 1.000000000000000000, 0.000000000000000000 ) ) ;
#7780 = EDGE_CURVE ( 'NONE', #2874, #1829, #1011, .T. ) ;
#7781 = CARTESIAN_POINT ( 'NONE',  ( 23.58881035191416942, 108.2995775500652087, -16.27115162600269471 ) ) ;
#7782 = AXIS2_PLACEMENT_3D ( 'NONE', #8818, #4541, #2384 ) ;
#7783 = CYLINDRICAL_SURFACE ( 'NONE', #1147, 2.149999999999999023 ) ;
#7784 = ORIENTED_EDGE ( 'NONE', *, *, #8828, .F. ) ;
#7785 = DIRECTION ( 'NONE',  ( -1.000000000000000000, 1.541976423090495387E-16, 0.000000000000000000 ) ) ;
#7786 = DIRECTION ( 'NONE',  ( 0.000000000000000000, 0.000000000000000000, -1.000000000000000000 ) ) ;
#7787 = ORIENTED_EDGE ( 'NONE', *, *, #7602, .F. ) ;
#7788 = EDGE_LOOP ( 'NONE', ( #4626, #8767, #7433, #5324 ) ) ;
#7789 = VECTOR ( 'NONE', #3018, 1000.000000000000000 ) ;
#7790 = B_SPLINE_CURVE_WITH_KNOTS ( 'NONE', 3,
 ( #8462, #2029, #5691, #4991, #4046, #7758, #7147, #3581, #2178, #8605, #6449, #4281 ),
 .UNSPECIFIED., .F., .F.,
 ( 4, 2, 2, 2, 2, 4 ),
 ( -9.267041173049898417E-06, 0.0009675892514008708600, 0.001944445543974791584, 0.002921301836548712092, 0.003409729982835676357, 0.003898158129122641490 ),
 .UNSPECIFIED. ) ;
#7791 = DIRECTION ( 'NONE',  ( 0.000000000000000000, 0.000000000000000000, 1.000000000000000000 ) ) ;
#7792 = EDGE_CURVE ( 'NONE', #1104, #3158, #3877, .T. ) ;
#7793 = DIRECTION ( 'NONE',  ( -0.000000000000000000, 0.000000000000000000, 1.000000000000000000 ) ) ;
#7794 = EDGE_CURVE ( 'NONE', #4389, #1790, #6827, .T. ) ;
#7795 = CYLINDRICAL_SURFACE ( 'NONE', #8803, 1.000000000000000888 ) ;
#7796 = DIRECTION ( 'NONE',  ( 0.000000000000000000, 1.000000000000000000, 0.000000000000000000 ) ) ;
#7797 = VECTOR ( 'NONE', #6711, 1000.000000000000000 ) ;
#7798 = EDGE_CURVE ( 'NONE', #5569, #1202, #5657, .T. ) ;
#7799 = CARTESIAN_POINT ( 'NONE',  ( -25.99999999999999645, 20.50000000000000000, -12.50000000000000000 ) ) ;
#7800 = ORIENTED_EDGE ( 'NONE', *, *, #8517, .T. ) ;
#7801 = EDGE_CURVE ( 'NONE', #3630, #5044, #2701, .T. ) ;
#7802 = EDGE_CURVE ( 'NONE', #5647, #7583, #6361, .T. ) ;
#7803 = ORIENTED_EDGE ( 'NONE', *, *, #2499, .T. ) ;
#7804 = CIRCLE ( 'NONE', #3898, 1.050000000000000488 ) ;
#7805 = DIRECTION ( 'NONE',  ( 1.000000000000000000, 0.000000000000000000, 0.000000000000000000 ) ) ;
#7806 = EDGE_CURVE ( 'NONE', #2388, #2187, #4098, .T. ) ;
#7807 = EDGE_CURVE ( 'NONE', #5935, #7127, #3490, .T. ) ;
#7808 = CARTESIAN_POINT ( 'NONE',  ( 29.02147956843991849, 2.031706702255501984, -18.81329046747423206 ) ) ;
#7809 = ORIENTED_EDGE ( 'NONE', *, *, #6927, .F. ) ;
#7810 = VECTOR ( 'NONE', #1199, 1000.000000000000000 ) ;
#7811 = DIRECTION ( 'NONE',  ( 0.000000000000000000, 0.000000000000000000, 1.000000000000000000 ) ) ;
#7812 = CARTESIAN_POINT ( 'NONE',  ( 28.34637847303800839, 2.523079949808546996, -21.76231875786057302 ) ) ;
#7813 = FACE_OUTER_BOUND ( 'NONE', #3996, .T. ) ;
#7814 = VERTEX_POINT ( 'NONE', #4902 ) ;
#7815 = VERTEX_POINT ( 'NONE', #5697 ) ;
#7816 = ORIENTED_EDGE ( 'NONE', *, *, #199, .F. ) ;
#7817 = DIRECTION ( 'NONE',  ( 0.000000000000000000, -1.000000000000000000, 0.000000000000000000 ) ) ;
#7818 = FACE_OUTER_BOUND ( 'NONE', #8553, .T. ) ;
#7819 = DIRECTION ( 'NONE',  ( 0.8090169943749478954, 0.000000000000000000, -0.5877852522924724710 ) ) ;
#7820 = FACE_BOUND ( 'NONE', #2472, .T. ) ;
#7821 = ORIENTED_EDGE ( 'NONE', *, *, #597, .T. ) ;
#7822 = FACE_BOUND ( 'NONE', #7067, .T. ) ;
#7823 = CARTESIAN_POINT ( 'NONE',  ( -22.25000000000000000, 106.9403061905773740, -13.69999999999999929 ) ) ;
#7824 = CARTESIAN_POINT ( 'NONE',  ( 23.23947308506739517, 12.50000000002745537, -23.41052691493263893 ) ) ;
#7825 = VERTEX_POINT ( 'NONE', #6964 ) ;
#7826 = ORIENTED_EDGE ( 'NONE', *, *, #619, .T. ) ;
#7827 = DIRECTION ( 'NONE',  ( 0.000000000000000000, 1.000000000000000000, 0.000000000000000000 ) ) ;
#7828 = FACE_OUTER_BOUND ( 'NONE', #6403, .T. ) ;
#7829 = EDGE_CURVE ( 'NONE', #60, #7215, #8378, .T. ) ;
#7830 = DIRECTION ( 'NONE',  ( -1.000000000000000000, 0.000000000000000000, 0.000000000000000000 ) ) ;
#7831 = ORIENTED_EDGE ( 'NONE', *, *, #2167, .T. ) ;
#7832 = FACE_OUTER_BOUND ( 'NONE', #2059, .T. ) ;
#7833 = DIRECTION ( 'NONE',  ( -1.000000000000000000, -1.541976423090495387E-16, 0.000000000000000000 ) ) ;
#7834 = ORIENTED_EDGE ( 'NONE', *, *, #5277, .F. ) ;
#7835 = ORIENTED_EDGE ( 'NONE', *, *, #5829, .T. ) ;
#7836 = CARTESIAN_POINT ( 'NONE',  ( 20.25000000000000355, 113.9403061905773598, -21.59999999999999787 ) ) ;
#7837 = LINE ( 'NONE', #3714, #5240 ) ;
#7838 = DIRECTION ( 'NONE',  ( -1.541976423090495387E-16, 1.000000000000000000, 0.000000000000000000 ) ) ;
#7839 = LINE ( 'NONE', #1496, #5456 ) ;
#7840 = CARTESIAN_POINT ( 'NONE',  ( 27.99999999999998934, -3.499999999999994227, -21.78708781050336896 ) ) ;
#7841 = ORIENTED_EDGE ( 'NONE', *, *, #5827, .T. ) ;
#7842 = CIRCLE ( 'NONE', #8191, 5.000000000000000888 ) ;
#7843 = ADVANCED_FACE ( 'NONE', ( #6221 ), #8424, .T. ) ;
#7844 = EDGE_CURVE ( 'NONE', #6454, #6412, #8069, .T. ) ;
#7845 = DIRECTION ( 'NONE',  ( 1.541976423090495387E-16, 1.000000000000000000, 0.000000000000000000 ) ) ;
#7846 = VECTOR ( 'NONE', #4137, 1000.000000000000000 ) ;
#7847 = VECTOR ( 'NONE', #581, 1000.000000000000000 ) ;
#7848 = DIRECTION ( 'NONE',  ( -0.8660254037844393737, 0.4999999999999987232, 0.000000000000000000 ) ) ;
#7849 = B_SPLINE_CURVE_WITH_KNOTS ( 'NONE', 3,
 ( #9239, #1395, #2108, #2956, #37, #836, #5678, #4264, #7985, #5021, #7129, #2860, #3564, #1542, #1445, #2159, #7881, #3713, #4313, #6575, #2303, #737, #2906, #5767, #8634, #7934, #1493, #1064 ),
 .UNSPECIFIED., .F., .F.,
 ( 4, 2, 2, 2, 2, 2, 2, 2, 2, 2, 2, 2, 2, 4 ),
 ( 0.006425132699866709790, 0.006826735716704472254, 0.007228338733542234718, 0.007629941750379997181, 0.008031544767217759645, 0.008834750800893265490, 0.009637956834568771336, 0.01044116286824427718, 0.01084276588508203097, 0.01124436890191978303, 0.01164597191875753682, 0.01204757493559529061, 0.01244917795243304440, 0.01285078096927079645 ),
 .UNSPECIFIED. ) ;
#7850 = ORIENTED_EDGE ( 'NONE', *, *, #9212, .T. ) ;
#7851 = CARTESIAN_POINT ( 'NONE',  ( -28.07029951316432559, 48.61918494047679928, -22.00000000000000355 ) ) ;
#7852 = DIRECTION ( 'NONE',  ( 0.000000000000000000, 0.000000000000000000, 1.000000000000000000 ) ) ;
#7853 = LINE ( 'NONE', #5740, #3650 ) ;
#7854 = ORIENTED_EDGE ( 'NONE', *, *, #7290, .F. ) ;
#7855 = VERTEX_POINT ( 'NONE', #3538 ) ;
#7856 = ORIENTED_EDGE ( 'NONE', *, *, #8173, .F. ) ;
#7857 = ORIENTED_EDGE ( 'NONE', *, *, #1648, .F. ) ;
#7858 = ADVANCED_FACE ( 'NONE', ( #1945 ), #1758, .F. ) ;
#7859 = EDGE_CURVE ( 'NONE', #261, #1114, #7719, .T. ) ;
#7860 = AXIS2_PLACEMENT_3D ( 'NONE', #2750, #4106, #1293 ) ;
#7861 = PLANE ( 'NONE',  #8352 ) ;
#7862 = LINE ( 'NONE', #3401, #2420 ) ;
#7863 = CARTESIAN_POINT ( 'NONE',  ( -26.25000000000000355, 102.3196380149609155, -25.00000000000000000 ) ) ;
#7864 = CARTESIAN_POINT ( 'NONE',  ( 25.99999999999999645, 18.35000000000001208, -12.50000000000000000 ) ) ;
#7865 = EDGE_LOOP ( 'NONE', ( #8374, #6788, #3976, #9017 ) ) ;
#7866 = DIRECTION ( 'NONE',  ( 0.000000000000000000, 0.000000000000000000, 1.000000000000000000 ) ) ;
#7867 = DIRECTION ( 'NONE',  ( 1.000000000000000000, 0.000000000000000000, 0.000000000000000000 ) ) ;
#7868 = CARTESIAN_POINT ( 'NONE',  ( -25.49333738417901429, 104.9734658108850596, -15.47686534175530504 ) ) ;
#7869 = CIRCLE ( 'NONE', #3068, 1.999999999999998224 ) ;
#7870 = VERTEX_POINT ( 'NONE', #9213 ) ;
#7871 = VERTEX_POINT ( 'NONE', #2084 ) ;
#7872 = DIRECTION ( 'NONE',  ( 1.000000000000000000, -1.541976423090495387E-16, 0.000000000000000000 ) ) ;
#7873 = CARTESIAN_POINT ( 'NONE',  ( 58.00000000000002132, 11.44999999999987850, -20.49999999999977618 ) ) ;
#7874 = DIRECTION ( 'NONE',  ( 1.000000000000000000, 0.000000000000000000, 0.000000000000000000 ) ) ;
#7875 = VERTEX_POINT ( 'NONE', #4195 ) ;
#7876 = CARTESIAN_POINT ( 'NONE',  ( 22.24999999999998579, 113.9403061905773598, -21.59999999999999787 ) ) ;
#7877 = DIRECTION ( 'NONE',  ( 1.000000000000000000, 0.000000000000000000, 0.000000000000000000 ) ) ;
#7878 = EDGE_LOOP ( 'NONE', ( #2467, #4497 ) ) ;
#7879 = ORIENTED_EDGE ( 'NONE', *, *, #6145, .T. ) ;
#7880 = EDGE_CURVE ( 'NONE', #1008, #6110, #6040, .T. ) ;
#7881 = CARTESIAN_POINT ( 'NONE',  ( -23.80337204531135242, 107.3540660892668654, -12.48621602875682335 ) ) ;
#7882 = DIRECTION ( 'NONE',  ( -0.000000000000000000, -0.000000000000000000, -1.000000000000000000 ) ) ;
#7883 = VECTOR ( 'NONE', #354, 1000.000000000000000 ) ;
#7884 = TOROIDAL_SURFACE ( 'NONE', #8479, 6.000000000000000888, 1.000000000000000000 ) ;
#7885 = DIRECTION ( 'NONE',  ( 0.000000000000000000, 0.000000000000000000, -1.000000000000000000 ) ) ;
#7886 = DIRECTION ( 'NONE',  ( 0.000000000000000000, 0.000000000000000000, -1.000000000000000000 ) ) ;
#7887 = DIRECTION ( 'NONE',  ( -0.000000000000000000, 0.000000000000000000, 1.000000000000000000 ) ) ;
#7888 = CARTESIAN_POINT ( 'NONE',  ( -24.99999999999999645, 12.50000000000000888, -18.50000000000000355 ) ) ;
#7889 = ORIENTED_EDGE ( 'NONE', *, *, #1126, .F. ) ;
#7890 = ORIENTED_EDGE ( 'NONE', *, *, #3478, .T. ) ;
#7891 = AXIS2_PLACEMENT_3D ( 'NONE', #981, #3188, #4515 ) ;
#7892 = ADVANCED_FACE ( 'NONE', ( #4951 ), #576, .F. ) ;
#7893 = AXIS2_PLACEMENT_3D ( 'NONE', #7980, #6476, #2900 ) ;
#7894 = CARTESIAN_POINT ( 'NONE',  ( 25.99999999999999645, 14.64999999999987068, -20.49999999999977618 ) ) ;
#7895 = AXIS2_PLACEMENT_3D ( 'NONE', #7081, #4929, #645 ) ;
#7896 = EDGE_CURVE ( 'NONE', #302, #5082, #3410, .T. ) ;
#7897 = DIRECTION ( 'NONE',  ( -9.912705577010326782E-17, 1.000000000000000000, 0.000000000000000000 ) ) ;
#7898 = ORIENTED_EDGE ( 'NONE', *, *, #3274, .F. ) ;
#7899 = FACE_OUTER_BOUND ( 'NONE', #6739, .T. ) ;
#7900 = CARTESIAN_POINT ( 'NONE',  ( 18.25639375506120032, 93.35458668067252574, -128.1790850899541852 ) ) ;
#7901 = ORIENTED_EDGE ( 'NONE', *, *, #52, .F. ) ;
#7902 = ORIENTED_EDGE ( 'NONE', *, *, #6862, .T. ) ;
#7903 = ORIENTED_EDGE ( 'NONE', *, *, #3917, .F. ) ;
#7904 = VECTOR ( 'NONE', #7319, 1000.000000000000000 ) ;
#7905 = ORIENTED_EDGE ( 'NONE', *, *, #7606, .T. ) ;
#7906 = EDGE_CURVE ( 'NONE', #5329, #4024, #3338, .T. ) ;
#7907 = EDGE_CURVE ( 'NONE', #122, #7760, #8954, .T. ) ;
#7908 = DIRECTION ( 'NONE',  ( 0.000000000000000000, 1.000000000000000000, 0.000000000000000000 ) ) ;
#7909 = AXIS2_PLACEMENT_3D ( 'NONE', #8241, #6780, #8859 ) ;
#7910 = CARTESIAN_POINT ( 'NONE',  ( 26.00000000000000355, 44.61832049899870611, 0.000000000000000000 ) ) ;
#7911 = CARTESIAN_POINT ( 'NONE',  ( 20.24999999999995737, 104.4400000000000261, -15.65739561406606661 ) ) ;
#7912 = VERTEX_POINT ( 'NONE', #4336 ) ;
#7913 = LINE ( 'NONE', #7864, #8928 ) ;
#7914 = EDGE_LOOP ( 'NONE', ( #6596, #957, #5472, #7149 ) ) ;
#7915 = PLANE ( 'NONE',  #8154 ) ;
#7916 = CARTESIAN_POINT ( 'NONE',  ( 23.00000000000000000, 44.61832049899870611, -3.000000000000002665 ) ) ;
#7917 = CARTESIAN_POINT ( 'NONE',  ( 58.00000000000002132, 17.10685424949254596, -6.843145750507550140 ) ) ;
#7918 = ADVANCED_FACE ( 'NONE', ( #63 ), #8710, .F. ) ;
#7919 = ORIENTED_EDGE ( 'NONE', *, *, #9164, .F. ) ;
#7920 = ORIENTED_EDGE ( 'NONE', *, *, #199, .T. ) ;
#7921 = AXIS2_PLACEMENT_3D ( 'NONE', #4848, #793, #9020 ) ;
#7922 = DIRECTION ( 'NONE',  ( 0.000000000000000000, 1.000000000000000000, 0.000000000000000000 ) ) ;
#7923 = CARTESIAN_POINT ( 'NONE',  ( -16.57654914134644741, 98.44000000000002615, -2.000000000000000000 ) ) ;
#7924 = CARTESIAN_POINT ( 'NONE',  ( -29.84964703966252131, 3.715111274635285898, -25.17443703251613485 ) ) ;
#7925 = CARTESIAN_POINT ( 'NONE',  ( 21.49999999999998579, 52.41254913305866125, -3.000000000000002665 ) ) ;
#7926 = CARTESIAN_POINT ( 'NONE',  ( -12.08688103937556590, 80.80934643409020168, -11.54289884801876198 ) ) ;
#7927 = ORIENTED_EDGE ( 'NONE', *, *, #1300, .T. ) ;
#7928 = VECTOR ( 'NONE', #644, 1000.000000000000000 ) ;
#7929 = PLANE ( 'NONE',  #2788 ) ;
#7930 = DIRECTION ( 'NONE',  ( -1.000000000000000000, -1.360567432138672574E-16, -0.000000000000000000 ) ) ;
#7931 = DIRECTION ( 'NONE',  ( 0.000000000000000000, 1.000000000000000000, 0.000000000000000000 ) ) ;
#7932 = ORIENTED_EDGE ( 'NONE', *, *, #898, .F. ) ;
#7933 = VERTEX_POINT ( 'NONE', #6455 ) ;
#7934 = CARTESIAN_POINT ( 'NONE',  ( -23.55075862948099896, 108.8172838776376636, -13.54288988459361853 ) ) ;
#7935 = LINE ( 'NONE', #789, #1023 ) ;
#7936 = LINE ( 'NONE', #2015, #3106 ) ;
#7937 = PLANE ( 'NONE',  #5496 ) ;
#7938 = CARTESIAN_POINT ( 'NONE',  ( -23.55000000000000782, 108.9309918853871579, -2.000000000000000000 ) ) ;
#7939 = FACE_OUTER_BOUND ( 'NONE', #5407, .T. ) ;
#7940 = EDGE_LOOP ( 'NONE', ( #3070, #1351, #5031, #291 ) ) ;
#7941 = VERTEX_POINT ( 'NONE', #6723 ) ;
#7942 = AXIS2_PLACEMENT_3D ( 'NONE', #4870, #7733, #7025 ) ;
#7943 = CARTESIAN_POINT ( 'NONE',  ( 58.00000000000002132, 18.15685424949230864, -18.15685424949224469 ) ) ;
#7944 = AXIS2_PLACEMENT_3D ( 'NONE', #5292, #7399, #3911 ) ;
#7945 = EDGE_CURVE ( 'NONE', #1486, #3463, #1308, .T. ) ;
#7946 = DIRECTION ( 'NONE',  ( 0.5427066596637479812, -0.8399223068573765660, 0.000000000000000000 ) ) ;
#7947 = EDGE_CURVE ( 'NONE', #3519, #1104, #2882, .T. ) ;
#7948 = EDGE_LOOP ( 'NONE', ( #211, #7850 ) ) ;
#7949 = FACE_OUTER_BOUND ( 'NONE', #2455, .T. ) ;
#7950 = DIRECTION ( 'NONE',  ( -0.4999999999999980571, -0.8660254037844397068, 0.000000000000000000 ) ) ;
#7951 = VERTEX_POINT ( 'NONE', #8134 ) ;
#7952 = AXIS2_PLACEMENT_3D ( 'NONE', #4777, #1957, #9132 ) ;
#7953 = VERTEX_POINT ( 'NONE', #6018 ) ;
#7954 = ORIENTED_EDGE ( 'NONE', *, *, #653, .F. ) ;
#7955 = EDGE_CURVE ( 'NONE', #7179, #8542, #3718, .T. ) ;
#7956 = EDGE_CURVE ( 'NONE', #6090, #5082, #1734, .T. ) ;
#7957 = VECTOR ( 'NONE', #7897, 1000.000000000000000 ) ;
#7958 = AXIS2_PLACEMENT_3D ( 'NONE', #2843, #2331, #5056 ) ;
#7959 = CARTESIAN_POINT ( 'NONE',  ( 29.98689853099027403, 10.39951467524476314, -25.50000000000000000 ) ) ;
#7960 = DIRECTION ( 'NONE',  ( -1.000000000000000000, 0.000000000000000000, 0.000000000000000000 ) ) ;
#7961 = LINE ( 'NONE', #8662, #9156 ) ;
#7962 = VERTEX_POINT ( 'NONE', #1690 ) ;
#7963 = FACE_OUTER_BOUND ( 'NONE', #7788, .T. ) ;
#7964 = ORIENTED_EDGE ( 'NONE', *, *, #5095, .F. ) ;
#7965 = DIRECTION ( 'NONE',  ( 1.000000000000000000, 0.000000000000000000, 0.000000000000000000 ) ) ;
#7966 = CYLINDRICAL_SURFACE ( 'NONE', #2712, 5.999999999999998224 ) ;
#7967 = DIRECTION ( 'NONE',  ( -0.8090169943749481174, -6.508371548838532583E-17, 0.5877852522924723599 ) ) ;
#7968 = EDGE_CURVE ( 'NONE', #3105, #3610, #3562, .T. ) ;
#7969 = EDGE_LOOP ( 'NONE', ( #2317, #9165, #4340, #1341 ) ) ;
#7970 = ORIENTED_EDGE ( 'NONE', *, *, #1122, .T. ) ;
#7971 = TOROIDAL_SURFACE ( 'NONE', #4368, 4.000000000000000888, 1.000000000000000000 ) ;
#7972 = EDGE_CURVE ( 'NONE', #4793, #7144, #1157, .T. ) ;
#7973 = FACE_OUTER_BOUND ( 'NONE', #174, .T. ) ;
#7974 = CARTESIAN_POINT ( 'NONE',  ( -23.00000000000000000, 35.00000000000000000, -25.00000000000000000 ) ) ;
#7975 = CARTESIAN_POINT ( 'NONE',  ( 26.00000000000000000, 12.49999999999999822, 0.000000000000000000 ) ) ;
#7976 = AXIS2_PLACEMENT_3D ( 'NONE', #7476, #3120, #5287 ) ;
#7977 = CARTESIAN_POINT ( 'NONE',  ( 17.74999999999978684, 96.05957188242018674, -15.65739561406607372 ) ) ;
#7978 = PLANE ( 'NONE',  #1123 ) ;
#7979 = EDGE_LOOP ( 'NONE', ( #3956, #4393, #2738, #1783 ) ) ;
#7980 = CARTESIAN_POINT ( 'NONE',  ( 58.00000000000002132, 12.49999999999987921, -20.49999999999977618 ) ) ;
#7981 = FACE_OUTER_BOUND ( 'NONE', #1574, .T. ) ;
#7982 = CARTESIAN_POINT ( 'NONE',  ( 24.05766510564401273, 4.141647365350563881, -18.15660077952677653 ) ) ;
#7983 = VERTEX_POINT ( 'NONE', #713 ) ;
#7984 = ORIENTED_EDGE ( 'NONE', *, *, #8454, .F. ) ;
#7985 = CARTESIAN_POINT ( 'NONE',  ( -25.21531439838509669, 105.2039962093091958, -13.32716977007787662 ) ) ;
#7986 = EDGE_CURVE ( 'NONE', #5907, #7305, #2980, .T. ) ;
#7987 = EDGE_CURVE ( 'NONE', #1562, #7951, #987, .T. ) ;
#7988 = DIRECTION ( 'NONE',  ( 1.000000000000000000, 0.000000000000000000, 0.000000000000000000 ) ) ;
#7989 = EDGE_CURVE ( 'NONE', #761, #3336, #286, .T. ) ;
#7990 = DIRECTION ( 'NONE',  ( -1.000000000000000000, -1.541976423090495387E-16, -0.000000000000000000 ) ) ;
#7991 = CARTESIAN_POINT ( 'NONE',  ( 0.000000000000000000, 12.49999999999999822, -12.50000000000000000 ) ) ;
#7992 = DIRECTION ( 'NONE',  ( 1.000000000000000000, 1.734723475976807292E-15, -8.787991997524760300E-17 ) ) ;
#7993 = CARTESIAN_POINT ( 'NONE',  ( -10.27340178588798913, 58.89422863405996367, -25.00000000000000000 ) ) ;
#7994 = ORIENTED_EDGE ( 'NONE', *, *, #1166, .T. ) ;
#7995 = EDGE_LOOP ( 'NONE', ( #3900, #7165 ) ) ;
#7996 = FACE_OUTER_BOUND ( 'NONE', #2753, .T. ) ;
#7997 = DESIGN_CONTEXT ( 'detailed design', #2171, 'design' ) ;
#7998 = FACE_OUTER_BOUND ( 'NONE', #3990, .T. ) ;
#7999 = ORIENTED_EDGE ( 'NONE', *, *, #6691, .F. ) ;
#8000 = DIRECTION ( 'NONE',  ( 0.8660254037844405950, 0.4999999999999966138, 0.000000000000000000 ) ) ;
#8001 = VERTEX_POINT ( 'NONE', #2451 ) ;
#8002 = ORIENTED_EDGE ( 'NONE', *, *, #6855, .T. ) ;
#8003 = ORIENTED_EDGE ( 'NONE', *, *, #4796, .T. ) ;
#8004 = EDGE_CURVE ( 'NONE', #4907, #2649, #5319, .T. ) ;
#8005 = AXIS2_PLACEMENT_3D ( 'NONE', #9069, #523, #6915 ) ;
#8006 = VECTOR ( 'NONE', #522, 1000.000000000000000 ) ;
#8007 = DIRECTION ( 'NONE',  ( -1.734723475976807094E-15, 1.000000000000000000, 0.000000000000000000 ) ) ;
#8008 = DIRECTION ( 'NONE',  ( 0.000000000000000000, 0.000000000000000000, -1.000000000000000000 ) ) ;
#8009 = ORIENTED_EDGE ( 'NONE', *, *, #7859, .T. ) ;
#8010 = CARTESIAN_POINT ( 'NONE',  ( 11.58728778948666793, 13.82287565553228781, -27.00000000000000355 ) ) ;
#8011 = VERTEX_POINT ( 'NONE', #3586 ) ;
#8012 = CARTESIAN_POINT ( 'NONE',  ( -24.44816949192292910, 4.178031629789405343, -7.500000000000000000 ) ) ;
#8013 = CARTESIAN_POINT ( 'NONE',  ( 20.25000000000000355, 113.9403061905773598, -20.69999999999999929 ) ) ;
#8014 = CARTESIAN_POINT ( 'NONE',  ( -26.25000000000000355, 102.3196380149609155, 0.000000000000000000 ) ) ;
#8015 = ORIENTED_EDGE ( 'NONE', *, *, #8671, .T. ) ;
#8016 = ORIENTED_EDGE ( 'NONE', *, *, #1883, .T. ) ;
#8017 = CIRCLE ( 'NONE', #4854, 1.999999999999998224 ) ;
#8018 = CIRCLE ( 'NONE', #1102, 0.8999999999999980238 ) ;
#8019 = ADVANCED_FACE ( 'NONE', ( #2496 ), #7861, .F. ) ;
#8020 = CARTESIAN_POINT ( 'NONE',  ( 14.24999999999978861, 96.44000000000002615, -13.11449676604731174 ) ) ;
#8021 = CARTESIAN_POINT ( 'NONE',  ( 23.54999999999999361, 108.9309918853872148, -13.78779899995169522 ) ) ;
#8022 = CARTESIAN_POINT ( 'NONE',  ( -29.95991466973758222, 4.088888795375656748, -25.36125073195146484 ) ) ;
#8023 = EDGE_CURVE ( 'NONE', #7583, #6341, #4311, .T. ) ;
#8024 = DIRECTION ( 'NONE',  ( 0.000000000000000000, -1.000000000000000000, 0.000000000000000000 ) ) ;
#8025 = FACE_OUTER_BOUND ( 'NONE', #8336, .T. ) ;
#8026 = EDGE_LOOP ( 'NONE', ( #8003, #4230 ) ) ;
#8027 = AXIS2_PLACEMENT_3D ( 'NONE', #934, #3802, #6664 ) ;
#8028 = LINE ( 'NONE', #7322, #1282 ) ;
#8029 = LINE ( 'NONE', #1488, #5786 ) ;
#8030 = FACE_BOUND ( 'NONE', #3436, .T. ) ;
#8031 = ORIENTED_EDGE ( 'NONE', *, *, #2239, .T. ) ;
#8032 = EDGE_CURVE ( 'NONE', #3297, #6099, #1454, .T. ) ;
#8033 = DIRECTION ( 'NONE',  ( -1.541976423090495387E-16, -1.000000000000000000, 0.000000000000000000 ) ) ;
#8034 = EDGE_CURVE ( 'NONE', #5296, #3, #9088, .T. ) ;
#8035 = FACE_OUTER_BOUND ( 'NONE', #6540, .T. ) ;
#8036 = DIRECTION ( 'NONE',  ( 1.000000000000000000, 1.734723475976807094E-15, -0.000000000000000000 ) ) ;
#8037 = LINE ( 'NONE', #1597, #1659 ) ;
#8038 = DIRECTION ( 'NONE',  ( 0.8090169943749480064, 0.000000000000000000, 0.5877852522924722489 ) ) ;
#8039 = FACE_OUTER_BOUND ( 'NONE', #768, .T. ) ;
#8040 = ORIENTED_EDGE ( 'NONE', *, *, #7155, .F. ) ;
#8041 = ORIENTED_EDGE ( 'NONE', *, *, #7382, .T. ) ;
#8042 = EDGE_CURVE ( 'NONE', #4312, #1663, #7168, .T. ) ;
#8043 = AXIS2_PLACEMENT_3D ( 'NONE', #8286, #7451, #6829 ) ;
#8044 = CARTESIAN_POINT ( 'NONE',  ( -23.18397459621559165, 118.3060254037844743, -0.6339745962155596271 ) ) ;
#8045 = VECTOR ( 'NONE', #560, 1000.000000000000114 ) ;
#8046 = CARTESIAN_POINT ( 'NONE',  ( -27.99999999999999289, -2.775557561562890562E-15, 0.000000000000000000 ) ) ;
#8047 = ORIENTED_EDGE ( 'NONE', *, *, #8303, .T. ) ;
#8048 = LINE ( 'NONE', #8222, #4731 ) ;
#8049 = AXIS2_PLACEMENT_3D ( 'NONE', #2984, #1375, #767 ) ;
#8050 = AXIS2_PLACEMENT_3D ( 'NONE', #2875, #1507, #106 ) ;
#8051 = EDGE_LOOP ( 'NONE', ( #5294, #4330, #3190, #525 ) ) ;
#8052 = ORIENTED_EDGE ( 'NONE', *, *, #6766, .F. ) ;
#8053 = ORIENTED_EDGE ( 'NONE', *, *, #4413, .F. ) ;
#8054 = AXIS2_PLACEMENT_3D ( 'NONE', #7028, #6844, #8393 ) ;
#8055 = AXIS2_PLACEMENT_3D ( 'NONE', #2586, #7604, #3378 ) ;
#8056 = FACE_OUTER_BOUND ( 'NONE', #7730, .T. ) ;
#8057 = CARTESIAN_POINT ( 'NONE',  ( 28.07029951316432559, 48.61918494047679928, -3.000000000000000000 ) ) ;
#8058 = ORIENTED_EDGE ( 'NONE', *, *, #7742, .T. ) ;
#8059 = CARTESIAN_POINT ( 'NONE',  ( -28.90549605040891024, 2.711697642095713512, -21.55645362461373438 ) ) ;
#8060 = ORIENTED_EDGE ( 'NONE', *, *, #1514, .F. ) ;
#8061 = FACE_OUTER_BOUND ( 'NONE', #5803, .T. ) ;
#8062 = AXIS2_PLACEMENT_3D ( 'NONE', #8484, #7027, #6284 ) ;
#8063 = DIRECTION ( 'NONE',  ( -0.5427066596637477591, 0.8399223068573764550, -0.000000000000000000 ) ) ;
#8064 = PLANE ( 'NONE',  #6195 ) ;
#8065 = VERTEX_POINT ( 'NONE', #1214 ) ;
#8066 = ORIENTED_EDGE ( 'NONE', *, *, #5734, .T. ) ;
#8067 = CIRCLE ( 'NONE', #4465, 2.999999999999999112 ) ;
#8068 = CARTESIAN_POINT ( 'NONE',  ( -23.99999999999999289, 18.15685424949253246, -6.843145750507550140 ) ) ;
#8069 = CIRCLE ( 'NONE', #7462, 5.000000000000000888 ) ;
#8070 = DIRECTION ( 'NONE',  ( -1.000000000000000000, 0.000000000000000000, 0.000000000000000000 ) ) ;
#8071 = FACE_OUTER_BOUND ( 'NONE', #4140, .T. ) ;
#8072 = EDGE_CURVE ( 'NONE', #6320, #7519, #6988, .T. ) ;
#8073 = DIRECTION ( 'NONE',  ( -1.541976423090495387E-16, -1.000000000000000000, -0.000000000000000000 ) ) ;
#8074 = CARTESIAN_POINT ( 'NONE',  ( -2.053768692359101854E-13, 96.44000000000002615, -11.54289884801876198 ) ) ;
#8075 = ORIENTED_EDGE ( 'NONE', *, *, #1108, .F. ) ;
#8076 = CARTESIAN_POINT ( 'NONE',  ( -23.23947308506447129, 12.49999999999974776, -23.41052691493554505 ) ) ;
#8077 = CARTESIAN_POINT ( 'NONE',  ( 24.03457971532077764, 4.163483851716585527, -18.22973633070123256 ) ) ;
#8078 = ADVANCED_FACE ( 'NONE', ( #1968 ), #5948, .T. ) ;
#8079 = AXIS2_PLACEMENT_3D ( 'NONE', #5500, #4654, #9100 ) ;
#8080 = ORIENTED_EDGE ( 'NONE', *, *, #2037, .F. ) ;
#8081 = ADVANCED_FACE ( 'NONE', ( #8354 ), #2360, .T. ) ;
#8082 = LINE ( 'NONE', #6623, #2848 ) ;
#8083 = FACE_OUTER_BOUND ( 'NONE', #8230, .T. ) ;
#8084 = VECTOR ( 'NONE', #4131, 1000.000000000000000 ) ;
#8085 = DIRECTION ( 'NONE',  ( 1.000000000000000000, 0.000000000000000000, 0.000000000000000000 ) ) ;
#8086 = CARTESIAN_POINT ( 'NONE',  ( -2.053768692359101854E-13, 104.4400000000000261, -11.54289884801876198 ) ) ;
#8087 = CARTESIAN_POINT ( 'NONE',  ( 23.84674082959303476, 107.2288628358012232, -12.46579563344773867 ) ) ;
#8088 = DIRECTION ( 'NONE',  ( 0.000000000000000000, 1.000000000000000000, 0.000000000000000000 ) ) ;
#8089 = ORIENTED_EDGE ( 'NONE', *, *, #8421, .F. ) ;
#8090 = ORIENTED_EDGE ( 'NONE', *, *, #8885, .F. ) ;
#8091 = AXIS2_PLACEMENT_3D ( 'NONE', #3424, #5584, #4879 ) ;
#8092 = EDGE_CURVE ( 'NONE', #674, #4682, #3567, .T. ) ;
#8093 = DIRECTION ( 'NONE',  ( 1.000000000000000000, 0.000000000000000000, 0.000000000000000000 ) ) ;
#8094 = ADVANCED_FACE ( 'NONE', ( #9008 ), #4694, .F. ) ;
#8095 = CIRCLE ( 'NONE', #4025, 0.8999999999999980238 ) ;
#8096 = DIRECTION ( 'NONE',  ( 0.5427066596637477591, 0.8399223068573764550, -0.000000000000000000 ) ) ;
#8097 = ORIENTED_EDGE ( 'NONE', *, *, #7794, .T. ) ;
#8098 = DIRECTION ( 'NONE',  ( 0.000000000000000000, 0.000000000000000000, -1.000000000000000000 ) ) ;
#8099 = ORIENTED_EDGE ( 'NONE', *, *, #4537, .T. ) ;
#8100 = ORIENTED_EDGE ( 'NONE', *, *, #8756, .T. ) ;
#8101 = EDGE_CURVE ( 'NONE', #4485, #935, #5230, .T. ) ;
#8102 = EDGE_CURVE ( 'NONE', #17, #8509, #6898, .T. ) ;
#8103 = CARTESIAN_POINT ( 'NONE',  ( 29.99999999999999645, 12.49999999999999822, -2.000000000000000000 ) ) ;
#8104 = CYLINDRICAL_SURFACE ( 'NONE', #925, 2.149999999999999023 ) ;
#8105 = ORIENTED_EDGE ( 'NONE', *, *, #5595, .F. ) ;
#8106 = CIRCLE ( 'NONE', #6751, 1.999999999999998224 ) ;
#8107 = CARTESIAN_POINT ( 'NONE',  ( -29.52568126005414939, 3.200121955241891136, -21.00056543312326340 ) ) ;
#8108 = ORIENTED_EDGE ( 'NONE', *, *, #308, .T. ) ;
#8109 = CARTESIAN_POINT ( 'NONE',  ( 20.25000000000000000, 118.9400000000000261, -24.99999999999999289 ) ) ;
#8110 = CARTESIAN_POINT ( 'NONE',  ( -23.99999999999999289, 21.55000000000000426, -12.50000000000000000 ) ) ;
#8111 = DIRECTION ( 'NONE',  ( 0.5427066596637503126, -0.8399223068573747897, 0.000000000000000000 ) ) ;
#8112 = EDGE_LOOP ( 'NONE', ( #5480, #1833, #6217, #3138 ) ) ;
#8113 = ORIENTED_EDGE ( 'NONE', *, *, #5899, .T. ) ;
#8114 = CARTESIAN_POINT ( 'NONE',  ( -25.99999999999999645, 11.44999999999986251, -20.49999999999977618 ) ) ;
#8115 = VECTOR ( 'NONE', #7418, 1000.000000000000000 ) ;
#8116 = DIRECTION ( 'NONE',  ( 0.000000000000000000, -1.000000000000000000, 0.000000000000000000 ) ) ;
#8117 = FACE_OUTER_BOUND ( 'NONE', #107, .T. ) ;
#8118 = DIRECTION ( 'NONE',  ( 1.000000000000000000, 1.541976423090495387E-16, 0.000000000000000000 ) ) ;
#8119 = ORIENTED_EDGE ( 'NONE', *, *, #2683, .F. ) ;
#8120 = CIRCLE ( 'NONE', #5273, 2.149999999999999023 ) ;
#8121 = CARTESIAN_POINT ( 'NONE',  ( -2.053768692359101854E-13, 96.44000000000002615, -11.54289884801876198 ) ) ;
#8122 = CARTESIAN_POINT ( 'NONE',  ( 24.00000000000000711, 4.266930168246915400, -18.43676739980969614 ) ) ;
#8123 = AXIS2_PLACEMENT_3D ( 'NONE', #2708, #4773, #1905 ) ;
#8124 = ORIENTED_EDGE ( 'NONE', *, *, #7381, .T. ) ;
#8125 = DIRECTION ( 'NONE',  ( 0.000000000000000000, 0.000000000000000000, 1.000000000000000000 ) ) ;
#8126 = CARTESIAN_POINT ( 'NONE',  ( 25.99999999999999645, 12.49999999999987388, -20.49999999999977618 ) ) ;
#8127 = EDGE_CURVE ( 'NONE', #7006, #8672, #8512, .T. ) ;
#8128 = AXIS2_PLACEMENT_3D ( 'NONE', #1745, #4705, #4572 ) ;
#8129 = CARTESIAN_POINT ( 'NONE',  ( -9.524690479923696884, 65.10000000000000853, -2.000000000000001776 ) ) ;
#8130 = CARTESIAN_POINT ( 'NONE',  ( 24.52823170310164613, 105.9506138798629991, -12.67855877305803958 ) ) ;
#8131 = LINE ( 'NONE', #4555, #4765 ) ;
#8132 = ORIENTED_EDGE ( 'NONE', *, *, #1298, .T. ) ;
#8133 = CARTESIAN_POINT ( 'NONE',  ( 35.10813947400562540, 104.4400000000000261, -45.83208836107560558 ) ) ;
#8134 = CARTESIAN_POINT ( 'NONE',  ( -25.99999999999999645, 19.20685424949252607, -6.843145750507550140 ) ) ;
#8135 = EDGE_CURVE ( 'NONE', #833, #2809, #3982, .T. ) ;
#8136 = CARTESIAN_POINT ( 'NONE',  ( 24.00000000000000355, 49.81447292170534524, -2.000000000000001776 ) ) ;
#8137 = ORIENTED_EDGE ( 'NONE', *, *, #4764, .T. ) ;
#8138 = PLANE ( 'NONE',  #2639 ) ;
#8139 = EDGE_CURVE ( 'NONE', #6341, #7583, #6699, .T. ) ;
#8140 = ORIENTED_EDGE ( 'NONE', *, *, #6281, .T. ) ;
#8141 = VERTEX_POINT ( 'NONE', #6246 ) ;
#8142 = B_SPLINE_CURVE_WITH_KNOTS ( 'NONE', 3,
 ( #5527, #1953, #4959, #7824 ),
 .UNSPECIFIED., .F., .F.,
 ( 4, 4 ),
 ( 1.734723475976807094E-18, 0.001326724583858544240 ),
 .UNSPECIFIED. ) ;
#8143 = CARTESIAN_POINT ( 'NONE',  ( 29.92357158234361592, 3.931257441865108948, -19.51803119952838372 ) ) ;
#8144 = ORIENTED_EDGE ( 'NONE', *, *, #426, .T. ) ;
#8145 = CARTESIAN_POINT ( 'NONE',  ( -29.98802109973136609, 4.079728675133527105, -19.18901748276604025 ) ) ;
#8146 = ORIENTED_EDGE ( 'NONE', *, *, #4104, .F. ) ;
#8147 = CARTESIAN_POINT ( 'NONE',  ( 28.25000000000000000, 102.3196380149609865, -23.00000000000000000 ) ) ;
#8148 = FACE_OUTER_BOUND ( 'NONE', #3115, .T. ) ;
#8149 = EDGE_LOOP ( 'NONE', ( #8525, #8564, #6169, #1840, #7032 ) ) ;
#8150 = ORIENTED_EDGE ( 'NONE', *, *, #4272, .T. ) ;
#8151 = ORIENTED_EDGE ( 'NONE', *, *, #8636, .F. ) ;
#8152 = EDGE_CURVE ( 'NONE', #5245, #2441, #994, .T. ) ;
#8153 = CARTESIAN_POINT ( 'NONE',  ( -23.55000000000002558, 117.9399999999999977, -2.000000000000001776 ) ) ;
#8154 = AXIS2_PLACEMENT_3D ( 'NONE', #1426, #5891, #2934 ) ;
#8155 = DIRECTION ( 'NONE',  ( 0.3090169943749466741, 0.000000000000000000, 0.9510565162951538642 ) ) ;
#8156 = CARTESIAN_POINT ( 'NONE',  ( 16.57654914134644741, 98.44000000000002615, 0.000000000000000000 ) ) ;
#8157 = ORIENTED_EDGE ( 'NONE', *, *, #149, .F. ) ;
#8158 = FACE_OUTER_BOUND ( 'NONE', #4719, .T. ) ;
#8159 = CARTESIAN_POINT ( 'NONE',  ( 26.25000000000000355, 0.000000000000000000, 0.000000000000000000 ) ) ;
#8160 = CARTESIAN_POINT ( 'NONE',  ( 26.25000000000000355, 102.3196380149609865, -23.00000000000000000 ) ) ;
#8161 = ORIENTED_EDGE ( 'NONE', *, *, #2629, .T. ) ;
#8162 = CARTESIAN_POINT ( 'NONE',  ( 24.00000000000000355, 12.50000000000000355, -12.50000000000000000 ) ) ;
#8163 = DIRECTION ( 'NONE',  ( -0.000000000000000000, 1.000000000000000000, -0.000000000000000000 ) ) ;
#8164 = AXIS2_PLACEMENT_3D ( 'NONE', #6185, #3222, #6087 ) ;
#8165 = DIRECTION ( 'NONE',  ( -0.000000000000000000, 0.000000000000000000, 1.000000000000000000 ) ) ;
#8166 = CARTESIAN_POINT ( 'NONE',  ( 26.25000000000000355, 102.3196380149609865, -2.000000000000000000 ) ) ;
#8167 = CARTESIAN_POINT ( 'NONE',  ( -18.25639375506120388, 93.35458668067252574, -23.00000000000000000 ) ) ;
#8168 = EDGE_LOOP ( 'NONE', ( #9159, #8721 ) ) ;
#8169 = EDGE_CURVE ( 'NONE', #5493, #6387, #6841, .T. ) ;
#8170 = DIRECTION ( 'NONE',  ( 0.000000000000000000, 0.000000000000000000, -1.000000000000000000 ) ) ;
#8171 = CARTESIAN_POINT ( 'NONE',  ( 29.99999999999999645, 10.11477641198445987, -25.49999999999999645 ) ) ;
#8172 = DIRECTION ( 'NONE',  ( 1.000000000000000000, 0.000000000000000000, 0.000000000000000000 ) ) ;
#8173 = EDGE_CURVE ( 'NONE', #8192, #4701, #7033, .T. ) ;
#8174 = EDGE_LOOP ( 'NONE', ( #6418, #5562, #8877, #66 ) ) ;
#8175 = CARTESIAN_POINT ( 'NONE',  ( -22.99999999999999289, 17.90008671797830075, -2.731442041075800020 ) ) ;
#8176 = ORIENTED_EDGE ( 'NONE', *, *, #2092, .T. ) ;
#8177 = VECTOR ( 'NONE', #8820, 1000.000000000000000 ) ;
#8178 = ORIENTED_EDGE ( 'NONE', *, *, #5116, .T. ) ;
#8179 = AXIS2_PLACEMENT_3D ( 'NONE', #1948, #1334, #4101 ) ;
#8180 = AXIS2_PLACEMENT_3D ( 'NONE', #9190, #4740, #8446 ) ;
#8181 = DIRECTION ( 'NONE',  ( -0.8399223068573765660, -0.5427066596637478701, 0.000000000000000000 ) ) ;
#8182 = AXIS2_PLACEMENT_3D ( 'NONE', #8968, #6108, #512 ) ;
#8183 = ORIENTED_EDGE ( 'NONE', *, *, #3466, .F. ) ;
#8184 = CARTESIAN_POINT ( 'NONE',  ( -29.23937039259044823, 2.221202318245056873, -18.83730608755137581 ) ) ;
#8185 = EDGE_LOOP ( 'NONE', ( #1233, #6918 ) ) ;
#8186 = DIRECTION ( 'NONE',  ( -1.000000000000000000, 0.000000000000000000, 8.673617379884027583E-16 ) ) ;
#8187 = CARTESIAN_POINT ( 'NONE',  ( 10.74999999999978506, 80.80934643409020168, -15.65739561406607727 ) ) ;
#8188 = FACE_BOUND ( 'NONE', #6486, .T. ) ;
#8189 = ORIENTED_EDGE ( 'NONE', *, *, #6475, .T. ) ;
#8190 = AXIS2_PLACEMENT_3D ( 'NONE', #3438, #6308, #2830 ) ;
#8191 = AXIS2_PLACEMENT_3D ( 'NONE', #1546, #7887, #6439 ) ;
#8192 = VERTEX_POINT ( 'NONE', #6482 ) ;
#8193 = EDGE_LOOP ( 'NONE', ( #6778, #2082, #5312, #8146 ) ) ;
#8194 = EDGE_CURVE ( 'NONE', #2672, #8420, #7325, .T. ) ;
#8195 = EDGE_CURVE ( 'NONE', #4806, #5424, #3439, .T. ) ;
#8197 = CARTESIAN_POINT ( 'NONE',  ( -16.57654914134644741, 94.44000000000002615, -128.1790850899541852 ) ) ;
#8196 = VECTOR ( 'NONE', #8690, 1000.000000000000000 ) ;
#8198 = CARTESIAN_POINT ( 'NONE',  ( -25.99999999999999645, 12.49999999999999822, -12.50000000000000000 ) ) ;
#8199 = EDGE_CURVE ( 'NONE', #2952, #1939, #6111, .T. ) ;
#8200 = CARTESIAN_POINT ( 'NONE',  ( -25.99999999999999645, 18.15685424949229088, -18.15685424949224469 ) ) ;
#8201 = ORIENTED_EDGE ( 'NONE', *, *, #3770, .T. ) ;
#8202 = LINE ( 'NONE', #2569, #5904 ) ;
#8203 = DIRECTION ( 'NONE',  ( 1.000000000000000000, 0.000000000000000000, 8.019547272036674401E-16 ) ) ;
#8204 = CARTESIAN_POINT ( 'NONE',  ( -27.99478144879476105, 18.08852343133674268, 0.000000000000000000 ) ) ;
#8205 = ORIENTED_EDGE ( 'NONE', *, *, #1394, .T. ) ;
#8206 = VECTOR ( 'NONE', #2946, 1000.000000000000000 ) ;
#8207 = CARTESIAN_POINT ( 'NONE',  ( -20.25000000000000355, 96.44000000000002615, -2.000000000000000000 ) ) ;
#8208 = DIRECTION ( 'NONE',  ( 1.000000000000000000, -0.000000000000000000, -0.000000000000000000 ) ) ;
#8209 = ADVANCED_FACE ( 'NONE', ( #1309 ), #5632, .T. ) ;
#8210 = LINE ( 'NONE', #6890, #5800 ) ;
#8211 = AXIS2_PLACEMENT_3D ( 'NONE', #7676, #9167, #7817 ) ;
#8212 = DIRECTION ( 'NONE',  ( 9.912705577010326782E-17, -1.000000000000000000, 0.000000000000000000 ) ) ;
#8213 = ADVANCED_BREP_SHAPE_REPRESENTATION ( 'star102_link2', ( #4193, #6025 ), #5136 ) ;
#8214 = CYLINDRICAL_SURFACE ( 'NONE', #2221, 0.8999999999999998002 ) ;
#8215 = ORIENTED_EDGE ( 'NONE', *, *, #3201, .T. ) ;
#8216 = AXIS2_PLACEMENT_3D ( 'NONE', #5270, #4471, #7336 ) ;
#8217 = CIRCLE ( 'NONE', #126, 2.000000000000001776 ) ;
#8218 = CARTESIAN_POINT ( 'NONE',  ( -5.773401785888006899, 60.10000000000000853, -22.00000000000000711 ) ) ;
#8219 = CARTESIAN_POINT ( 'NONE',  ( -5.773401785888006899, 51.10000000000000853, -3.000000000000002665 ) ) ;
#8220 = DIRECTION ( 'NONE',  ( 0.4999999999999980016, 0.8660254037844398178, -0.000000000000000000 ) ) ;
#8221 = ORIENTED_EDGE ( 'NONE', *, *, #420, .T. ) ;
#8222 = CARTESIAN_POINT ( 'NONE',  ( -2.053768692359101854E-13, 80.80934643409020168, -11.54289884801876198 ) ) ;
#8223 = CIRCLE ( 'NONE', #4488, 2.150000000000012790 ) ;
#8224 = ORIENTED_EDGE ( 'NONE', *, *, #7153, .F. ) ;
#8225 = EDGE_CURVE ( 'NONE', #6635, #8396, #7936, .T. ) ;
#8226 = AXIS2_PLACEMENT_3D ( 'NONE', #1672, #822, #8725 ) ;
#8227 = ADVANCED_FACE ( 'NONE', ( #3568 ), #7795, .T. ) ;
#8228 = CYLINDRICAL_SURFACE ( 'NONE', #7646, 1.999999999999999334 ) ;
#8229 = PERSON_AND_ORGANIZATION ( #472, #468 ) ;
#8230 = EDGE_LOOP ( 'NONE', ( #7903, #3444, #3682, #1843 ) ) ;
#8231 = CARTESIAN_POINT ( 'NONE',  ( -29.87982461802457834, 3.425277492330400797, -19.04038589001961412 ) ) ;
#8232 = CARTESIAN_POINT ( 'NONE',  ( 29.99999999999999289, 4.500000000000000888, -19.30073525436772286 ) ) ;
#8233 = CARTESIAN_POINT ( 'NONE',  ( -29.99999999999999645, -3.500000000000003997, -21.78708781050335830 ) ) ;
#8234 = DIRECTION ( 'NONE',  ( 0.000000000000000000, 0.000000000000000000, 1.000000000000000000 ) ) ;
#8235 = DIRECTION ( 'NONE',  ( 0.000000000000000000, -1.000000000000000000, 0.000000000000000000 ) ) ;
#8236 = ORIENTED_EDGE ( 'NONE', *, *, #6508, .T. ) ;
#8238 = ADVANCED_FACE ( 'NONE', ( #1495 ), #9189, .F. ) ;
#8237 = ORIENTED_EDGE ( 'NONE', *, *, #2836, .T. ) ;
#8239 = ORIENTED_EDGE ( 'NONE', *, *, #7798, .T. ) ;
#8240 = AXIS2_PLACEMENT_3D ( 'NONE', #9155, #7088, #6207 ) ;
#8241 = CARTESIAN_POINT ( 'NONE',  ( 5.773401785888007787, 51.10000000000000853, -22.00000000000000711 ) ) ;
#8242 = LINE ( 'NONE', #6223, #6020 ) ;
#8243 = LINE ( 'NONE', #2387, #2195 ) ;
#8244 = EDGE_LOOP ( 'NONE', ( #3939, #6126, #7187, #3583 ) ) ;
#8245 = CARTESIAN_POINT ( 'NONE',  ( 23.00000000000000000, 9.053179648447564176, -25.49999999999999645 ) ) ;
#8246 = EDGE_CURVE ( 'NONE', #1471, #1390, #5585, .T. ) ;
#8247 = DIRECTION ( 'NONE',  ( 0.000000000000000000, -1.000000000000000000, 0.000000000000000000 ) ) ;
#8248 = CARTESIAN_POINT ( 'NONE',  ( -30.00000000000000000, 20.30685424949231077, -18.15685424949224469 ) ) ;
#8249 = EDGE_CURVE ( 'NONE', #4713, #3084, #4296, .T. ) ;
#8250 = ORIENTED_EDGE ( 'NONE', *, *, #5564, .T. ) ;
#8251 = AXIS2_PLACEMENT_3D ( 'NONE', #2665, #2619, #6232 ) ;
#8252 = CARTESIAN_POINT ( 'NONE',  ( -26.00000000000000000, 22.65000000000001990, -12.50000000000000000 ) ) ;
#8253 = CARTESIAN_POINT ( 'NONE',  ( -23.30363137078298053, 10.47167563513182031, -25.50000000000000355 ) ) ;
#8254 = CARTESIAN_POINT ( 'NONE',  ( -8.586881039375560576, 80.80934643409020168, -9.000000000000001776 ) ) ;
#8255 = CIRCLE ( 'NONE', #8123, 1.999999999999998224 ) ;
#8256 = DIRECTION ( 'NONE',  ( 0.9444791243466057473, -0.3285714285714280702, 0.000000000000000000 ) ) ;
#8257 = PLANE ( 'NONE',  #9060 ) ;
#8258 = ORIENTED_EDGE ( 'NONE', *, *, #1911, .T. ) ;
#8259 = ADVANCED_FACE ( 'NONE', ( #742 ), #863, .F. ) ;
#8260 = CIRCLE ( 'NONE', #4820, 12.50000000000000178 ) ;
#8261 = EDGE_CURVE ( 'NONE', #1104, #8670, #1399, .T. ) ;
#8262 = CYLINDRICAL_SURFACE ( 'NONE', #5528, 2.000000000000001776 ) ;
#8263 = CARTESIAN_POINT ( 'NONE',  ( 28.55000000000000071, 108.9309918853872290, -23.00000000000000000 ) ) ;
#8264 = CARTESIAN_POINT ( 'NONE',  ( 23.31393684833122038, 12.49999999999999822, -1.663936848331191820 ) ) ;
#8265 = ORIENTED_EDGE ( 'NONE', *, *, #7780, .F. ) ;
#8266 = DIRECTION ( 'NONE',  ( 1.000000000000000000, 1.734723475976807094E-15, 0.000000000000000000 ) ) ;
#8267 = ORIENTED_EDGE ( 'NONE', *, *, #4639, .F. ) ;
#8268 = CARTESIAN_POINT ( 'NONE',  ( 23.31393684833123459, 2.886454107512971934, -7.500000000000007105 ) ) ;
#8269 = CARTESIAN_POINT ( 'NONE',  ( 29.84732257084518992, 3.710523538425058110, -19.60682239485794298 ) ) ;
#8270 = CARTESIAN_POINT ( 'NONE',  ( 27.42157287525381903, 94.32466048530504565, 4.553933409791006689E-15 ) ) ;
#8271 = VERTEX_POINT ( 'NONE', #5727 ) ;
#8272 = FACE_BOUND ( 'NONE', #7298, .T. ) ;
#8273 = LINE ( 'NONE', #1087, #2177 ) ;
#8274 = DIRECTION ( 'NONE',  ( 0.000000000000000000, 0.000000000000000000, 1.000000000000000000 ) ) ;
#8275 = B_SPLINE_CURVE_WITH_KNOTS ( 'NONE', 3,
 ( #8232, #1792, #4666, #6816, #389, #4187, #659, #5784, #7195, #7812, #7756, #7096 ),
 .UNSPECIFIED., .F., .F.,
 ( 4, 2, 2, 2, 2, 4 ),
 ( -9.271755268891173366E-06, 0.001032485986389881320, 0.002074243728048653836, 0.003116001469707425919, 0.003636880340536814346, 0.004157759211366203640 ),
 .UNSPECIFIED. ) ;
#8276 = CARTESIAN_POINT ( 'NONE',  ( 23.54999999999998650, 112.3085893033692884, -22.99999999999999645 ) ) ;
#8277 = ADVANCED_FACE ( 'NONE', ( #689 ), #7183, .T. ) ;
#8278 = FACE_BOUND ( 'NONE', #2644, .T. ) ;
#8279 = ORIENTED_EDGE ( 'NONE', *, *, #6927, .T. ) ;
#8280 = ORIENTED_EDGE ( 'NONE', *, *, #2969, .F. ) ;
#8281 = ORIENTED_EDGE ( 'NONE', *, *, #8152, .T. ) ;
#8282 = APPLICATION_CONTEXT ( 'configuration controlled 3d designs of mechanical parts and assemblies' ) ;
#8283 = FACE_OUTER_BOUND ( 'NONE', #144, .T. ) ;
#8284 = CARTESIAN_POINT ( 'NONE',  ( 58.00000000000002132, 17.10685424949231148, -18.15685424949224469 ) ) ;
#8285 = DIRECTION ( 'NONE',  ( -1.000000000000000000, 1.541976423090495387E-16, 0.000000000000000000 ) ) ;
#8286 = CARTESIAN_POINT ( 'NONE',  ( -26.25000000000000711, 102.3196380149609155, -2.000000000000000000 ) ) ;
#8287 = ORIENTED_EDGE ( 'NONE', *, *, #3107, .T. ) ;
#8288 = LINE ( 'NONE', #8333, #4399 ) ;
#8289 = CIRCLE ( 'NONE', #4549, 2.149999999999999023 ) ;
#8290 = DIRECTION ( 'NONE',  ( 9.912705577010326782E-17, -1.000000000000000000, 0.000000000000000000 ) ) ;
#8291 = DIRECTION ( 'NONE',  ( 0.000000000000000000, 1.000000000000000000, 0.000000000000000000 ) ) ;
#8292 = ORIENTED_EDGE ( 'NONE', *, *, #2787, .T. ) ;
#8293 = EDGE_CURVE ( 'NONE', #947, #9163, #250, .T. ) ;
#8294 = DIRECTION ( 'NONE',  ( 1.000000000000000000, 0.000000000000000000, 0.000000000000000000 ) ) ;
#8295 = AXIS2_PLACEMENT_3D ( 'NONE', #6172, #2470, #3830 ) ;
#8296 = ADVANCED_FACE ( 'NONE', ( #2353 ), #5055, .T. ) ;
#8297 = CARTESIAN_POINT ( 'NONE',  ( -22.25000000000000000, 106.9403061905773740, -14.59999999999999787 ) ) ;
#8298 = AXIS2_PLACEMENT_3D ( 'NONE', #2909, #6581, #141 ) ;
#8299 = FACE_OUTER_BOUND ( 'NONE', #2166, .T. ) ;
#8300 = DIRECTION ( 'NONE',  ( 0.000000000000000000, -1.000000000000000000, 0.000000000000000000 ) ) ;
#8301 = CARTESIAN_POINT ( 'NONE',  ( -2.053768692359101854E-13, 80.80934643409020168, -11.54289884801876198 ) ) ;
#8302 = ORIENTED_EDGE ( 'NONE', *, *, #4338, .F. ) ;
#8303 = EDGE_CURVE ( 'NONE', #2441, #7072, #6007, .T. ) ;
#8304 = DIRECTION ( 'NONE',  ( -1.000000000000000000, -1.892425610156517122E-16, -0.000000000000000000 ) ) ;
#8305 = VECTOR ( 'NONE', #7041, 1000.000000000000000 ) ;
#8306 = AXIS2_PLACEMENT_3D ( 'NONE', #3002, #1636, #8824 ) ;
#8307 = LINE ( 'NONE', #3854, #2229 ) ;
#8308 = DIRECTION ( 'NONE',  ( 0.000000000000000000, 1.000000000000000000, 0.000000000000000000 ) ) ;
#8309 = CARTESIAN_POINT ( 'NONE',  ( 24.00000000000000711, 12.49999999999987210, -20.49999999999977618 ) ) ;
#8310 = CARTESIAN_POINT ( 'NONE',  ( 26.00000000000000000, 44.61832049899870611, -3.000000000000000000 ) ) ;
#8311 = ORIENTED_EDGE ( 'NONE', *, *, #6578, .T. ) ;
#8312 = DIRECTION ( 'NONE',  ( -0.000000000000000000, 0.000000000000000000, 1.000000000000000000 ) ) ;
#8313 = CIRCLE ( 'NONE', #4265, 0.8999999999999998002 ) ;
#8314 = ORIENTED_EDGE ( 'NONE', *, *, #2549, .F. ) ;
#8315 = CARTESIAN_POINT ( 'NONE',  ( -25.99999999999999645, 1.043560762610397319, -7.500000000000000000 ) ) ;
#8316 = CARTESIAN_POINT ( 'NONE',  ( 24.00000000000000711, 19.20685424949253672, -6.843145750507550140 ) ) ;
#8317 = FACE_OUTER_BOUND ( 'NONE', #8607, .T. ) ;
#8318 = ORIENTED_EDGE ( 'NONE', *, *, #2268, .T. ) ;
#8319 = CARTESIAN_POINT ( 'NONE',  ( -28.00000000000000000, 2.499999999999976463, -20.17194210432892376 ) ) ;
#8320 = CARTESIAN_POINT ( 'NONE',  ( 23.10653202112445470, 16.48680497205378259, -2.188975597653858962 ) ) ;
#8321 = CARTESIAN_POINT ( 'NONE',  ( 10.74999999999978506, 96.44000000000002615, -15.65739561406607727 ) ) ;
#8322 = LINE ( 'NONE', #6171, #9133 ) ;
#8323 = DIRECTION ( 'NONE',  ( -1.000000000000000000, -9.912705577010326782E-17, 0.000000000000000000 ) ) ;
#8324 = ORIENTED_EDGE ( 'NONE', *, *, #1223, .T. ) ;
#8325 = ORIENTED_EDGE ( 'NONE', *, *, #6586, .F. ) ;
#8326 = EDGE_LOOP ( 'NONE', ( #8576, #7366, #702, #7403 ) ) ;
#8327 = AXIS2_PLACEMENT_3D ( 'NONE', #5408, #8358, #4792 ) ;
#8328 = LINE ( 'NONE', #1759, #3259 ) ;
#8329 = DIRECTION ( 'NONE',  ( -1.000000000000000000, 0.000000000000000000, -0.000000000000000000 ) ) ;
#8330 = DIRECTION ( 'NONE',  ( 0.000000000000000000, -1.000000000000000000, 0.000000000000000000 ) ) ;
#8331 = LINE ( 'NONE', #1901, #838 ) ;
#8332 = ORIENTED_EDGE ( 'NONE', *, *, #1832, .F. ) ;
#8333 = CARTESIAN_POINT ( 'NONE',  ( 58.00000000000002132, 19.45000000000002061, -12.50000000000000000 ) ) ;
#8334 = FACE_OUTER_BOUND ( 'NONE', #4189, .T. ) ;
#8335 = LINE ( 'NONE', #494, #7706 ) ;
#8336 = EDGE_LOOP ( 'NONE', ( #5996, #7666, #5083, #2297 ) ) ;
#8337 = AXIS2_PLACEMENT_3D ( 'NONE', #5557, #3343, #2025 ) ;
#8338 = CARTESIAN_POINT ( 'NONE',  ( 24.00000000000000355, 49.81447292170534524, 0.000000000000000000 ) ) ;
#8339 = VECTOR ( 'NONE', #6853, 1000.000000000000000 ) ;
#8340 = CARTESIAN_POINT ( 'NONE',  ( 25.42776113235822066, 105.0246137788544729, -15.58273363600247663 ) ) ;
#8341 = EDGE_CURVE ( 'NONE', #8644, #6412, #6860, .T. ) ;
#8342 = EDGE_CURVE ( 'NONE', #3501, #8440, #242, .T. ) ;
#8343 = DIRECTION ( 'NONE',  ( 1.000000000000000000, 0.000000000000000000, 0.000000000000000000 ) ) ;
#8344 = DIRECTION ( 'NONE',  ( -8.019547272036678345E-16, -0.000000000000000000, -1.000000000000000000 ) ) ;
#8345 = FACE_OUTER_BOUND ( 'NONE', #7442, .T. ) ;
#8346 = EDGE_LOOP ( 'NONE', ( #1538, #3171, #3909, #8942 ) ) ;
#8347 = AXIS2_PLACEMENT_3D ( 'NONE', #6979, #3603, #7071 ) ;
#8348 = EDGE_CURVE ( 'NONE', #1197, #1601, #1444, .T. ) ;
#8349 = AXIS2_PLACEMENT_3D ( 'NONE', #3587, #8007, #7960 ) ;
#8350 = CARTESIAN_POINT ( 'NONE',  ( -28.55000000000000782, 108.9309918853871437, 0.000000000000000000 ) ) ;
#8351 = DIRECTION ( 'NONE',  ( 0.000000000000000000, 0.000000000000000000, 1.000000000000000000 ) ) ;
#8352 = AXIS2_PLACEMENT_3D ( 'NONE', #2184, #1421, #4028 ) ;
#8353 = EDGE_CURVE ( 'NONE', #5473, #4356, #4766, .T. ) ;
#8354 = FACE_OUTER_BOUND ( 'NONE', #3450, .T. ) ;
#8355 = DIRECTION ( 'NONE',  ( 1.000000000000000000, -0.000000000000000000, -0.000000000000000000 ) ) ;
#8356 = LINE ( 'NONE', #3427, #7105 ) ;
#8357 = EDGE_LOOP ( 'NONE', ( #6880, #6355, #3409, #8886 ) ) ;
#8358 = DIRECTION ( 'NONE',  ( -0.5427066596637479812, 0.8399223068573764550, 0.000000000000000000 ) ) ;
#8359 = EDGE_CURVE ( 'NONE', #7276, #4332, #1914, .T. ) ;
#8360 = AXIS2_PLACEMENT_3D ( 'NONE', #3014, #8876, #8088 ) ;
#8361 = ORIENTED_EDGE ( 'NONE', *, *, #7989, .T. ) ;
#8362 = EDGE_CURVE ( 'NONE', #3561, #2430, #892, .T. ) ;
#8363 = DIRECTION ( 'NONE',  ( 1.000000000000000000, 9.912705577010326782E-17, -0.000000000000000000 ) ) ;
#8364 = VECTOR ( 'NONE', #5540, 1000.000000000000000 ) ;
#8365 = CARTESIAN_POINT ( 'NONE',  ( 29.74894598793981970, 3.010853537086042309, -18.95973937042562341 ) ) ;
#8366 = PERSON_AND_ORGANIZATION_ROLE ( 'classification_officer' ) ;
#8367 = EDGE_LOOP ( 'NONE', ( #7674, #2634, #9257, #918 ) ) ;
#8368 = CARTESIAN_POINT ( 'NONE',  ( 39.28405416861564703, 104.4400000000000261, -40.08443487398441363 ) ) ;
#8369 = DIRECTION ( 'NONE',  ( 0.000000000000000000, 0.000000000000000000, -1.000000000000000000 ) ) ;
#8370 = CARTESIAN_POINT ( 'NONE',  ( -26.00000000000000000, 16.00685424949231361, -18.15685424949224469 ) ) ;
#8371 = DIRECTION ( 'NONE',  ( -1.000000000000000000, -1.360567432138672574E-16, -0.000000000000000000 ) ) ;
#8372 = ORIENTED_EDGE ( 'NONE', *, *, #9279, .F. ) ;
#8373 = ORIENTED_EDGE ( 'NONE', *, *, #3317, .T. ) ;
#8374 = ORIENTED_EDGE ( 'NONE', *, *, #7606, .F. ) ;
#8375 = EDGE_CURVE ( 'NONE', #8423, #3957, #8494, .T. ) ;
#8376 = VECTOR ( 'NONE', #978, 1000.000000000000000 ) ;
#8377 = EDGE_CURVE ( 'NONE', #5930, #5603, #140, .T. ) ;
#8378 = LINE ( 'NONE', #6268, #2813 ) ;
#8379 = DIRECTION ( 'NONE',  ( 0.4999999999999977796, 0.8660254037844398178, 0.000000000000000000 ) ) ;
#8380 = PLANE ( 'NONE',  #7374 ) ;
#8381 = DIRECTION ( 'NONE',  ( 1.000000000000000000, 1.734723475976807292E-15, -8.787991997524760300E-17 ) ) ;
#8382 = ORIENTED_EDGE ( 'NONE', *, *, #6059, .T. ) ;
#8383 = LINE ( 'NONE', #3451, #1698 ) ;
#8384 = CIRCLE ( 'NONE', #2242, 2.000000000000000000 ) ;
#8385 = CARTESIAN_POINT ( 'NONE',  ( -29.84015472369254951, 3.686988532280179420, -20.41097963293500683 ) ) ;
#8386 = CARTESIAN_POINT ( 'NONE',  ( -23.55000000000001847, 113.9403061905773598, -7.599999999999997868 ) ) ;
#8387 = ORIENTED_EDGE ( 'NONE', *, *, #4953, .T. ) ;
#8388 = ORIENTED_EDGE ( 'NONE', *, *, #1504, .T. ) ;
#8389 = DIRECTION ( 'NONE',  ( 1.613696256722611948E-15, -1.000000000000000000, 0.000000000000000000 ) ) ;
#8390 = CIRCLE ( 'NONE', #6151, 6.999999999999999112 ) ;
#8391 = CARTESIAN_POINT ( 'NONE',  ( 23.56101599357381104, 108.5864017554681311, -15.98958031689229031 ) ) ;
#8392 = DIRECTION ( 'NONE',  ( -0.8090169943749475623, -0.000000000000000000, 0.5877852522924731371 ) ) ;
#8393 = DIRECTION ( 'NONE',  ( -1.000000000000000000, -9.912705577010331712E-17, 0.000000000000000000 ) ) ;
#8394 = DIRECTION ( 'NONE',  ( 0.000000000000000000, 0.000000000000000000, -1.000000000000000000 ) ) ;
#8395 = CIRCLE ( 'NONE', #4950, 3.000000000000001332 ) ;
#8396 = VERTEX_POINT ( 'NONE', #7375 ) ;
#8397 = AXIS2_PLACEMENT_3D ( 'NONE', #3774, #6634, #198 ) ;
#8398 = DIRECTION ( 'NONE',  ( 0.000000000000000000, -1.000000000000000000, 0.000000000000000000 ) ) ;
#8399 = FACE_OUTER_BOUND ( 'NONE', #806, .T. ) ;
#8400 = AXIS2_PLACEMENT_3D ( 'NONE', #671, #7772, #9173 ) ;
#8401 = CARTESIAN_POINT ( 'NONE',  ( -29.75355695817967216, 11.21680570071324290, -25.50000000000000711 ) ) ;
#8402 = CARTESIAN_POINT ( 'NONE',  ( 28.00000000000000000, 12.50000000000001776, -8.500000000000007105 ) ) ;
#8403 = CARTESIAN_POINT ( 'NONE',  ( 23.00000000000000000, 1.043560762610397319, -17.50000000000000000 ) ) ;
#8404 = ORIENTED_EDGE ( 'NONE', *, *, #7986, .F. ) ;
#8405 = CARTESIAN_POINT ( 'NONE',  ( -28.55000000000000782, 108.9309918853871437, 2.514986348589056633E-29 ) ) ;
#8406 = CIRCLE ( 'NONE', #8868, 1.999999999999998224 ) ;
#8407 = CIRCLE ( 'NONE', #6315, 5.999999999999999112 ) ;
#8408 = EDGE_LOOP ( 'NONE', ( #571, #8502 ) ) ;
#8409 = EDGE_CURVE ( 'NONE', #2369, #2874, #979, .T. ) ;
#8410 = PLANE ( 'NONE',  #6115 ) ;
#8411 = EDGE_CURVE ( 'NONE', #295, #5742, #8874, .T. ) ;
#8412 = AXIS2_PLACEMENT_3D ( 'NONE', #6041, #1195, #401 ) ;
#8413 = ADVANCED_FACE ( 'NONE', ( #2444 ), #7592, .T. ) ;
#8414 = CARTESIAN_POINT ( 'NONE',  ( 29.36536325431411143, 3.012417103092507098, -19.90800261450481301 ) ) ;
#8415 = VERTEX_POINT ( 'NONE', #1726 ) ;
#8416 = CARTESIAN_POINT ( 'NONE',  ( 43.19558781116748492, 96.44000000000002615, -23.00000000000000000 ) ) ;
#8417 = VERTEX_POINT ( 'NONE', #1024 ) ;
#8418 = CARTESIAN_POINT ( 'NONE',  ( 17.98768373480796612, 67.14209179641811431, -128.1790850899541852 ) ) ;
#8419 = DIRECTION ( 'NONE',  ( 0.000000000000000000, -1.000000000000000000, 0.000000000000000000 ) ) ;
#8420 = VERTEX_POINT ( 'NONE', #3891 ) ;
#8421 = EDGE_CURVE ( 'NONE', #2652, #5118, #841, .T. ) ;
#8422 = ORIENTED_EDGE ( 'NONE', *, *, #5642, .F. ) ;
#8423 = VERTEX_POINT ( 'NONE', #2259 ) ;
#8424 = SPHERICAL_SURFACE ( 'NONE', #6262, 2.000000000000000000 ) ;
#8425 = CARTESIAN_POINT ( 'NONE',  ( -27.00000000000000000, 12.50000000000000888, -16.50000000000000000 ) ) ;
#8426 = DIRECTION ( 'NONE',  ( -1.000000000000000000, 0.000000000000000000, 0.000000000000000000 ) ) ;
#8427 = DIRECTION ( 'NONE',  ( -1.000000000000000000, 0.000000000000000000, 0.000000000000000000 ) ) ;
#8428 = ORIENTED_EDGE ( 'NONE', *, *, #8034, .T. ) ;
#8429 = CARTESIAN_POINT ( 'NONE',  ( -3.500000000000209166, 80.80934643409020168, -9.000000000000001776 ) ) ;
#8430 = DIRECTION ( 'NONE',  ( 1.000000000000000000, -0.000000000000000000, -0.000000000000000000 ) ) ;
#8431 = CARTESIAN_POINT ( 'NONE',  ( -8.399223068573766326, 78.09909387501738820, -23.00000000000000000 ) ) ;
#8432 = EDGE_CURVE ( 'NONE', #5008, #4421, #6248, .T. ) ;
#8433 = ORIENTED_EDGE ( 'NONE', *, *, #6793, .F. ) ;
#8434 = VERTEX_POINT ( 'NONE', #4416 ) ;
#8435 = DIRECTION ( 'NONE',  ( 0.000000000000000000, 0.000000000000000000, -1.000000000000000000 ) ) ;
#8436 = CARTESIAN_POINT ( 'NONE',  ( -23.55000000000001137, 109.0903061905773512, -14.59999999999999787 ) ) ;
#8437 = CARTESIAN_POINT ( 'NONE',  ( -22.25000000000000000, 113.9403061905773598, -7.599999999999997868 ) ) ;
#8438 = LINE ( 'NONE', #9091, #4133 ) ;
#8439 = PLANE ( 'NONE',  #1718 ) ;
#8440 = VERTEX_POINT ( 'NONE', #3009 ) ;
#8441 = AXIS2_PLACEMENT_3D ( 'NONE', #392, #6035, #1707 ) ;
#8442 = CARTESIAN_POINT ( 'NONE',  ( -22.99999999999999645, 18.33716540796991978, -22.00000000000000355 ) ) ;
#8443 = CIRCLE ( 'NONE', #350, 11.15000000000002522 ) ;
#8444 = CARTESIAN_POINT ( 'NONE',  ( 17.98768373480796612, 67.14209179641811431, -22.99999999999999289 ) ) ;
#8445 = CARTESIAN_POINT ( 'NONE',  ( 29.84342494624761954, 3.246359015077592503, -19.00143260737338124 ) ) ;
#8446 = DIRECTION ( 'NONE',  ( 0.000000000000000000, 0.000000000000000000, 1.000000000000000000 ) ) ;
#8447 = CIRCLE ( 'NONE', #4411, 3.000000000000002220 ) ;
#8448 = LINE ( 'NONE', #4883, #5894 ) ;
#8449 = ORIENTED_EDGE ( 'NONE', *, *, #8671, .F. ) ;
#8450 = CARTESIAN_POINT ( 'NONE',  ( -23.18397459621558454, 118.3060254037844743, -24.36602540378444104 ) ) ;
#8451 = VECTOR ( 'NONE', #9261, 1000.000000000000000 ) ;
#8452 = VERTEX_POINT ( 'NONE', #5870 ) ;
#8453 = CARTESIAN_POINT ( 'NONE',  ( -30.00000000000000000, 18.15685424949231219, -18.15685424949224469 ) ) ;
#8454 = EDGE_CURVE ( 'NONE', #6426, #3681, #2954, .T. ) ;
#8455 = ADVANCED_FACE ( 'NONE', ( #8299 ), #2487, .T. ) ;
#8456 = VECTOR ( 'NONE', #1428, 1000.000000000000000 ) ;
#8457 = CARTESIAN_POINT ( 'NONE',  ( 28.84720359260657219, 2.673319474139585594, -20.07454221106428349 ) ) ;
#8458 = EDGE_CURVE ( 'NONE', #8192, #5296, #8210, .T. ) ;
#8459 = ORIENTED_EDGE ( 'NONE', *, *, #6720, .F. ) ;
#8460 = DIRECTION ( 'NONE',  ( 0.000000000000000000, -0.000000000000000000, -1.000000000000000000 ) ) ;
#8461 = LINE ( 'NONE', #7900, #1392 ) ;
#8462 = CARTESIAN_POINT ( 'NONE',  ( -29.99999999999999645, 4.500000000000001776, -19.30073525436772641 ) ) ;
#8463 = ORIENTED_EDGE ( 'NONE', *, *, #2418, .T. ) ;
#8464 = EDGE_LOOP ( 'NONE', ( #1646, #7063, #845, #4254 ) ) ;
#8465 = ORIENTED_EDGE ( 'NONE', *, *, #8952, .F. ) ;
#8466 = VERTEX_POINT ( 'NONE', #4780 ) ;
#8467 = CARTESIAN_POINT ( 'NONE',  ( 28.28313082072986973, 12.47659258171090180, -25.50000000000000000 ) ) ;
#8468 = LINE ( 'NONE', #7108, #8451 ) ;
#8469 = CARTESIAN_POINT ( 'NONE',  ( 27.99999999999999289, 12.49999999999999822, 0.000000000000000000 ) ) ;
#8470 = CARTESIAN_POINT ( 'NONE',  ( 23.00000000000000000, 44.61832049899870611, -22.00000000000000711 ) ) ;
#8471 = ORIENTED_EDGE ( 'NONE', *, *, #8918, .F. ) ;
#8472 = FACE_OUTER_BOUND ( 'NONE', #1187, .T. ) ;
#8473 = DIRECTION ( 'NONE',  ( 0.9444791243466051922, 0.3285714285714296801, 0.000000000000000000 ) ) ;
#8474 = CARTESIAN_POINT ( 'NONE',  ( -23.58866783693175151, 108.3007942474513783, -16.27011594432210018 ) ) ;
#8475 = EDGE_CURVE ( 'NONE', #7006, #9244, #8913, .T. ) ;
#8476 = ORIENTED_EDGE ( 'NONE', *, *, #2304, .F. ) ;
#8477 = ORIENTED_EDGE ( 'NONE', *, *, #8139, .T. ) ;
#8478 = AXIS2_PLACEMENT_3D ( 'NONE', #3879, #6744, #4503 ) ;
#8479 = AXIS2_PLACEMENT_3D ( 'NONE', #1078, #3429, #9012 ) ;
#8480 = ADVANCED_FACE ( 'NONE', ( #1773 ), #1206, .T. ) ;
#8481 = CYLINDRICAL_SURFACE ( 'NONE', #3298, 5.000000000000004441 ) ;
#8482 = ADVANCED_FACE ( 'NONE', ( #7690 ), #1111, .T. ) ;
#8483 = CARTESIAN_POINT ( 'NONE',  ( 5.773401785888007787, 51.10000000000000853, -3.000000000000002665 ) ) ;
#8484 = CARTESIAN_POINT ( 'NONE',  ( -28.55000000000000782, 108.9309918853871437, -2.000000000000000000 ) ) ;
#8485 = AXIS2_PLACEMENT_3D ( 'NONE', #8571, #2282, #3740 ) ;
#8486 = AXIS2_PLACEMENT_3D ( 'NONE', #1171, #5501, #4882 ) ;
#8487 = CARTESIAN_POINT ( 'NONE',  ( 10.27340178588798025, 58.89422863405997788, -25.00000000000000000 ) ) ;
#8488 = VECTOR ( 'NONE', #9018, 1000.000000000000000 ) ;
#8489 = CARTESIAN_POINT ( 'NONE',  ( -17.98768373480796257, 67.14209179641811431, -25.00000000000000000 ) ) ;
#8490 = ORIENTED_EDGE ( 'NONE', *, *, #6003, .T. ) ;
#8491 = EDGE_LOOP ( 'NONE', ( #3026, #2194, #6518, #1391 ) ) ;
#8492 = VECTOR ( 'NONE', #3055, 1000.000000000000000 ) ;
#8493 = VECTOR ( 'NONE', #7272, 1000.000000000000000 ) ;
#8494 = CIRCLE ( 'NONE', #2797, 1.999999999999998224 ) ;
#8495 = FACE_OUTER_BOUND ( 'NONE', #4876, .T. ) ;
#8496 = EDGE_CURVE ( 'NONE', #5650, #7912, #5957, .T. ) ;
#8497 = EDGE_CURVE ( 'NONE', #7351, #3463, #457, .T. ) ;
#8498 = LINE ( 'NONE', #4928, #7928 ) ;
#8499 = CARTESIAN_POINT ( 'NONE',  ( -28.14394930323042132, 12.49999999999999467, -25.49999999999999645 ) ) ;
#8500 = FACE_OUTER_BOUND ( 'NONE', #5366, .T. ) ;
#8501 = CARTESIAN_POINT ( 'NONE',  ( -11.58728778948666793, 2.499999999999999556, -20.00000000000000000 ) ) ;
#8502 = ORIENTED_EDGE ( 'NONE', *, *, #4168, .T. ) ;
#8503 = DIRECTION ( 'NONE',  ( 1.000000000000000000, 0.000000000000000000, 0.000000000000000000 ) ) ;
#8504 = AXIS2_PLACEMENT_3D ( 'NONE', #6499, #4490, #7349 ) ;
#8505 = ORIENTED_EDGE ( 'NONE', *, *, #2698, .T. ) ;
#8506 = AXIS2_PLACEMENT_3D ( 'NONE', #8902, #7533, #3916 ) ;
#8507 = CARTESIAN_POINT ( 'NONE',  ( 24.00000000000000355, 49.81447292170534524, -22.99999999999999289 ) ) ;
#8508 = LINE ( 'NONE', #8046, #2265 ) ;
#8509 = VERTEX_POINT ( 'NONE', #2537 ) ;
#8510 = DIRECTION ( 'NONE',  ( 0.000000000000000000, 0.000000000000000000, -1.000000000000000000 ) ) ;
#8511 = CARTESIAN_POINT ( 'NONE',  ( -20.25000000000000000, 118.9399999999999835, -4.500000000000000000 ) ) ;
#8512 = CIRCLE ( 'NONE', #8055, 10.14999999999999858 ) ;
#8513 = DIRECTION ( 'NONE',  ( 0.000000000000000000, 1.000000000000000000, 0.000000000000000000 ) ) ;
#8514 = ORIENTED_EDGE ( 'NONE', *, *, #4413, .T. ) ;
#8515 = ORIENTED_EDGE ( 'NONE', *, *, #6233, .T. ) ;
#8516 = ORIENTED_EDGE ( 'NONE', *, *, #620, .T. ) ;
#8517 = EDGE_CURVE ( 'NONE', #496, #814, #4898, .T. ) ;
#8518 = ADVANCED_FACE ( 'NONE', ( #5398 ), #3971, .F. ) ;
#8519 = AXIS2_PLACEMENT_3D ( 'NONE', #8507, #4937, #7805 ) ;
#8520 = DIRECTION ( 'NONE',  ( -0.8090169943749478954, -6.508371548838533815E-17, 0.5877852522924723599 ) ) ;
#8521 = CARTESIAN_POINT ( 'NONE',  ( 25.99999999999999645, 18.15685424949230153, -18.15685424949224469 ) ) ;
#8522 =( BOUNDED_CURVE ( )  B_SPLINE_CURVE ( 3, ( #1808, #6704, #7538, #7584 ),
 .UNSPECIFIED., .F., .F. ) 
 B_SPLINE_CURVE_WITH_KNOTS ( ( 4, 4 ),
 ( 4.085379840440743315, 4.712388980384689674 ),
 .UNSPECIFIED. ) 
 CURVE ( )  GEOMETRIC_REPRESENTATION_ITEM ( )  RATIONAL_B_SPLINE_CURVE ( ( 1.000000000000000000, 0.9675057496384220634, 0.9675057496384220634, 1.000000000000000000 ) ) 
 REPRESENTATION_ITEM ( '' )  );
#8523 = DIRECTION ( 'NONE',  ( 0.5877852522924724710, 0.000000000000000000, 0.8090169943749478954 ) ) ;
#8524 = CARTESIAN_POINT ( 'NONE',  ( 23.49034943763528105, 114.9778305168193810, -23.48945332926212259 ) ) ;
#8525 = ORIENTED_EDGE ( 'NONE', *, *, #3992, .T. ) ;
#8526 = FACE_OUTER_BOUND ( 'NONE', #8367, .T. ) ;
#8527 = EDGE_CURVE ( 'NONE', #1822, #6305, #411, .T. ) ;
#8528 = DIRECTION ( 'NONE',  ( -1.000000000000000000, 0.000000000000000000, 0.000000000000000000 ) ) ;
#8529 = CARTESIAN_POINT ( 'NONE',  ( -9.923762078750934634, 80.80934643409020168, -13.11449676604731174 ) ) ;
#8530 = AXIS2_PLACEMENT_3D ( 'NONE', #6722, #1074, #2449 ) ;
#8531 = ORIENTED_EDGE ( 'NONE', *, *, #1513, .F. ) ;
#8532 = ORIENTED_EDGE ( 'NONE', *, *, #4182, .T. ) ;
#8533 = DIRECTION ( 'NONE',  ( 1.000000000000000000, -1.541976423090495387E-16, -0.000000000000000000 ) ) ;
#8534 = DIRECTION ( 'NONE',  ( 1.000000000000000000, 9.912705577010326782E-17, -0.000000000000000000 ) ) ;
#8535 = EDGE_CURVE ( 'NONE', #6110, #1190, #9000, .T. ) ;
#8536 = AXIS2_PLACEMENT_3D ( 'NONE', #7265, #7170, #6423 ) ;
#8537 = DIRECTION ( 'NONE',  ( -0.000000000000000000, -1.000000000000000000, -0.000000000000000000 ) ) ;
#8538 = ORIENTED_EDGE ( 'NONE', *, *, #171, .F. ) ;
#8539 = EDGE_CURVE ( 'NONE', #7625, #8984, #3370, .T. ) ;
#8540 = CARTESIAN_POINT ( 'NONE',  ( 28.00000000000000355, 49.81447292170534524, -25.00000000000000000 ) ) ;
#8541 = DIRECTION ( 'NONE',  ( 1.000000000000000000, 9.912705577010326782E-17, -0.000000000000000000 ) ) ;
#8542 = VERTEX_POINT ( 'NONE', #9045 ) ;
#8543 = ORIENTED_EDGE ( 'NONE', *, *, #2854, .T. ) ;
#8544 = DIRECTION ( 'NONE',  ( 0.000000000000000000, 0.000000000000000000, 1.000000000000000000 ) ) ;
#8545 = CARTESIAN_POINT ( 'NONE',  ( -24.00000000000000000, 49.81447292170534524, 0.000000000000000000 ) ) ;
#8546 = CARTESIAN_POINT ( 'NONE',  ( 9.923762078750520743, 80.80934643409020168, -13.11449676604731174 ) ) ;
#8547 = FACE_OUTER_BOUND ( 'NONE', #5216, .T. ) ;
#8548 = AXIS2_PLACEMENT_3D ( 'NONE', #8687, #7229, #8033 ) ;
#8549 = DIRECTION ( 'NONE',  ( -0.3090169943749471737, 0.000000000000000000, 0.9510565162951536422 ) ) ;
#8550 = ORIENTED_EDGE ( 'NONE', *, *, #6395, .F. ) ;
#8551 = EDGE_CURVE ( 'NONE', #6873, #609, #3005, .T. ) ;
#8552 = EDGE_CURVE ( 'NONE', #1621, #6069, #2096, .T. ) ;
#8553 = EDGE_LOOP ( 'NONE', ( #3441, #4347, #8267, #1464 ) ) ;
#8554 = VECTOR ( 'NONE', #6512, 1000.000000000000000 ) ;
#8555 = CARTESIAN_POINT ( 'NONE',  ( -17.75000000000019540, 96.44000000000002615, -15.65739561406607372 ) ) ;
#8556 = VECTOR ( 'NONE', #3312, 1000.000000000000000 ) ;
#8557 = CARTESIAN_POINT ( 'NONE',  ( 28.52958853456862442, 1.775812335989518376, -18.78419425756893091 ) ) ;
#8558 = ORIENTED_EDGE ( 'NONE', *, *, #7118, .F. ) ;
#8559 = VECTOR ( 'NONE', #5849, 999.9999999999998863 ) ;
#8560 = DIRECTION ( 'NONE',  ( -0.4999999999999977796, 0.8660254037844398178, 0.000000000000000000 ) ) ;
#8561 = DIRECTION ( 'NONE',  ( -1.000000000000000000, 1.541976423090495387E-16, 0.000000000000000000 ) ) ;
#8562 = DIRECTION ( 'NONE',  ( 1.000000000000000000, -1.898094922533725623E-16, 0.000000000000000000 ) ) ;
#8563 = VERTEX_POINT ( 'NONE', #4728 ) ;
#8564 = ORIENTED_EDGE ( 'NONE', *, *, #5544, .F. ) ;
#8565 = ORIENTED_EDGE ( 'NONE', *, *, #7390, .T. ) ;
#8566 = EDGE_LOOP ( 'NONE', ( #4434, #1340 ) ) ;
#8567 = CIRCLE ( 'NONE', #4523, 1.049999999999998934 ) ;
#8568 = DIRECTION ( 'NONE',  ( 1.000000000000000000, -0.000000000000000000, -0.000000000000000000 ) ) ;
#8569 = CARTESIAN_POINT ( 'NONE',  ( 21.49999999999998579, 52.41254913305866125, -22.00000000000000355 ) ) ;
#8570 = CARTESIAN_POINT ( 'NONE',  ( -21.55000000000000782, 108.9309918853871579, -2.000000000000000000 ) ) ;
#8571 = CARTESIAN_POINT ( 'NONE',  ( 22.24999999999998579, 113.9403061905773598, -21.59999999999999787 ) ) ;
#8572 = VERTEX_POINT ( 'NONE', #7594 ) ;
#8573 = DIRECTION ( 'NONE',  ( 0.5427066596637479812, -0.8399223068573764550, 0.000000000000000000 ) ) ;
#8574 = DIRECTION ( 'NONE',  ( -0.000000000000000000, 1.000000000000000000, -0.000000000000000000 ) ) ;
#8575 = FACE_OUTER_BOUND ( 'NONE', #1327, .T. ) ;
#8576 = ORIENTED_EDGE ( 'NONE', *, *, #1349, .F. ) ;
#8577 = VERTEX_POINT ( 'NONE', #7171 ) ;
#8578 = DIRECTION ( 'NONE',  ( 0.000000000000000000, 0.000000000000000000, 1.000000000000000000 ) ) ;
#8579 = LINE ( 'NONE', #7873, #5831 ) ;
#8580 = CARTESIAN_POINT ( 'NONE',  ( -29.99999999999999645, 12.49999999999999822, -12.50000000000000000 ) ) ;
#8581 = CARTESIAN_POINT ( 'NONE',  ( 29.99999999999999645, 10.11477641198445987, -25.49999999999999645 ) ) ;
#8582 = EDGE_LOOP ( 'NONE', ( #8404, #8844, #1949, #4875, #3506, #4427 ) ) ;
#8583 = CARTESIAN_POINT ( 'NONE',  ( 24.00000000000000711, 17.10685424949253886, -6.843145750507550140 ) ) ;
#8584 = DIRECTION ( 'NONE',  ( -0.000000000000000000, 0.000000000000000000, 1.000000000000000000 ) ) ;
#8585 = ADVANCED_FACE ( 'NONE', ( #6330 ), #1304, .T. ) ;
#8586 = ORIENTED_EDGE ( 'NONE', *, *, #591, .T. ) ;
#8587 = ORIENTED_EDGE ( 'NONE', *, *, #5344, .T. ) ;
#8588 = ADVANCED_FACE ( 'NONE', ( #3460 ), #5063, .T. ) ;
#8589 = FACE_BOUND ( 'NONE', #4992, .T. ) ;
#8590 = CARTESIAN_POINT ( 'NONE',  ( -5.773401785888006899, 60.10000000000000853, -25.00000000000000000 ) ) ;
#8591 = DIRECTION ( 'NONE',  ( 0.8090169943749473402, 0.000000000000000000, 0.5877852522924732481 ) ) ;
#8592 = DIRECTION ( 'NONE',  ( 0.8090169943749472292, 0.000000000000000000, 0.5877852522924734702 ) ) ;
#8593 = DIRECTION ( 'NONE',  ( 0.000000000000000000, -0.000000000000000000, 1.000000000000000000 ) ) ;
#8594 = DIRECTION ( 'NONE',  ( -1.000000000000000000, -9.912705577010326782E-17, 0.000000000000000000 ) ) ;
#8595 = VERTEX_POINT ( 'NONE', #9180 ) ;
#8596 = AXIS2_PLACEMENT_3D ( 'NONE', #4895, #8562, #1230 ) ;
#8597 = ADVANCED_FACE ( 'NONE', ( #2758 ), #4918, .T. ) ;
#8598 = EDGE_CURVE ( 'NONE', #4913, #2071, #1449, .T. ) ;
#8599 = CARTESIAN_POINT ( 'NONE',  ( 12.08688103937515379, 80.80934643409020168, -11.54289884801876198 ) ) ;
#8600 = EDGE_CURVE ( 'NONE', #9255, #3031, #258, .T. ) ;
#8601 = PLANE ( 'NONE',  #1051 ) ;
#8602 = ORIENTED_EDGE ( 'NONE', *, *, #8303, .F. ) ;
#8603 = DIRECTION ( 'NONE',  ( 0.8660254037844399289, 0.4999999999999980571, 0.000000000000000000 ) ) ;
#8604 = CARTESIAN_POINT ( 'NONE',  ( 23.55000000000000071, 103.9400000000001114, -23.00000000000000000 ) ) ;
#8605 = CARTESIAN_POINT ( 'NONE',  ( -28.32511276170469472, 1.714014500977089295, -18.77758570498155422 ) ) ;
#8606 = EDGE_LOOP ( 'NONE', ( #6158, #172, #8685, #2769 ) ) ;
#8607 = EDGE_LOOP ( 'NONE', ( #9283, #1917, #4823, #6175 ) ) ;
#8608 = EDGE_LOOP ( 'NONE', ( #200, #8428, #7128, #6837, #5731, #4064, #6974, #5548, #4361 ) ) ;
#8609 = ORIENTED_EDGE ( 'NONE', *, *, #6823, .F. ) ;
#8610 = VECTOR ( 'NONE', #4015, 1000.000000000000000 ) ;
#8611 = CARTESIAN_POINT ( 'NONE',  ( -26.99999999999998934, 55.01062534441197727, -128.1790850899541852 ) ) ;
#8612 = CARTESIAN_POINT ( 'NONE',  ( 23.00000000000000000, 18.33716540796993044, -3.000000000000002665 ) ) ;
#8613 = CYLINDRICAL_SURFACE ( 'NONE', #9005, 3.000000000000002220 ) ;
#8614 = CARTESIAN_POINT ( 'NONE',  ( 24.00000000000000355, 12.50000000000000355, -2.349999999999978773 ) ) ;
#8615 = ORIENTED_EDGE ( 'NONE', *, *, #6886, .F. ) ;
#8616 = CARTESIAN_POINT ( 'NONE',  ( -8.600545337913084509, 104.4400000000000261, -26.57319390609855247 ) ) ;
#8617 = CARTESIAN_POINT ( 'NONE',  ( -26.57015538628525775, 95.16571950990488915, -25.00000000000000000 ) ) ;
#8618 = LINE ( 'NONE', #20, #6950 ) ;
#8619 = AXIS2_PLACEMENT_3D ( 'NONE', #9182, #8541, #9281 ) ;
#8620 = ORIENTED_EDGE ( 'NONE', *, *, #1253, .F. ) ;
#8621 = ORIENTED_EDGE ( 'NONE', *, *, #7541, .T. ) ;
#8622 = DIRECTION ( 'NONE',  ( 0.000000000000000000, 0.000000000000000000, 1.000000000000000000 ) ) ;
#8623 = CARTESIAN_POINT ( 'NONE',  ( 23.23947308506739517, 12.50000000002745537, -23.41052691493263893 ) ) ;
#8624 = DIRECTION ( 'NONE',  ( 0.8660254037844397068, 0.4999999999999979461, -0.000000000000000000 ) ) ;
#8625 = DIRECTION ( 'NONE',  ( -1.000000000000000000, 0.000000000000000000, 0.000000000000000000 ) ) ;
#8626 = DIRECTION ( 'NONE',  ( 0.9510565162951533091, 0.000000000000000000, -0.3090169943749482839 ) ) ;
#8627 = ORIENTED_EDGE ( 'NONE', *, *, #3660, .T. ) ;
#8628 = LINE ( 'NONE', #4357, #1884 ) ;
#8629 = DIRECTION ( 'NONE',  ( 0.000000000000000000, 1.000000000000000000, 0.000000000000000000 ) ) ;
#8630 = AXIS2_PLACEMENT_3D ( 'NONE', #8904, #6083, #1013 ) ;
#8631 = ORIENTED_EDGE ( 'NONE', *, *, #3645, .F. ) ;
#8632 = ORIENTED_EDGE ( 'NONE', *, *, #146, .T. ) ;
#8633 = EDGE_CURVE ( 'NONE', #318, #2346, #7151, .T. ) ;
#8634 = CARTESIAN_POINT ( 'NONE',  ( -23.55621953326553708, 108.6711834140156725, -13.31758389311453961 ) ) ;
#8635 = CYLINDRICAL_SURFACE ( 'NONE', #6587, 2.999999999999999112 ) ;
#8636 = EDGE_CURVE ( 'NONE', #5392, #7117, #2055, .T. ) ;
#8637 = VECTOR ( 'NONE', #5151, 1000.000000000000114 ) ;
#8638 = CIRCLE ( 'NONE', #8795, 0.9000000000000119016 ) ;
#8639 = CARTESIAN_POINT ( 'NONE',  ( 29.73842755291652651, 2.945874336935793814, -18.94644934303967077 ) ) ;
#8640 = DIRECTION ( 'NONE',  ( -7.009341333409710874E-17, 0.7071067811865474617, -0.7071067811865474617 ) ) ;
#8641 = EDGE_CURVE ( 'NONE', #5654, #5424, #6997, .T. ) ;
#8642 = DIRECTION ( 'NONE',  ( -0.000000000000000000, 1.000000000000000000, -0.000000000000000000 ) ) ;
#8643 = CARTESIAN_POINT ( 'NONE',  ( 23.00000000000000000, 48.08242211413647027, -128.1790850899541852 ) ) ;
#8644 = VERTEX_POINT ( 'NONE', #5622 ) ;
#8645 = EDGE_LOOP ( 'NONE', ( #5337, #3347 ) ) ;
#8646 = CIRCLE ( 'NONE', #537, 1.000000000000000888 ) ;
#8647 = FACE_OUTER_BOUND ( 'NONE', #4829, .T. ) ;
#8648 = EDGE_CURVE ( 'NONE', #1458, #4807, #1003, .T. ) ;
#8649 = AXIS2_PLACEMENT_3D ( 'NONE', #500, #8957, #5355 ) ;
#8650 = ADVANCED_FACE ( 'NONE', ( #2101 ), #7783, .F. ) ;
#8651 = LINE ( 'NONE', #7143, #7201 ) ;
#8652 = ORIENTED_EDGE ( 'NONE', *, *, #5020, .T. ) ;
#8653 = CARTESIAN_POINT ( 'NONE',  ( 8.399223068573766326, 78.09909387501738820, -22.99999999999999645 ) ) ;
#8654 = DIRECTION ( 'NONE',  ( 0.8399223068573765660, -0.5427066596637478701, 0.000000000000000000 ) ) ;
#8655 = ORIENTED_EDGE ( 'NONE', *, *, #1016, .F. ) ;
#8656 = ORIENTED_EDGE ( 'NONE', *, *, #2896, .T. ) ;
#8657 = ORIENTED_EDGE ( 'NONE', *, *, #5164, .F. ) ;
#8658 = VECTOR ( 'NONE', #8024, 1000.000000000000000 ) ;
#8659 = CARTESIAN_POINT ( 'NONE',  ( -29.99999999999999645, 12.49999999999999822, -12.50000000000000000 ) ) ;
#8660 = VECTOR ( 'NONE', #2837, 1000.000000000000000 ) ;
#8661 = CYLINDRICAL_SURFACE ( 'NONE', #6849, 12.50000000000000000 ) ;
#8662 = CARTESIAN_POINT ( 'NONE',  ( 58.00000000000002132, 21.55000000000001847, -12.50000000000000000 ) ) ;
#8663 = ORIENTED_EDGE ( 'NONE', *, *, #8246, .F. ) ;
#8664 = FACE_OUTER_BOUND ( 'NONE', #2762, .T. ) ;
#8665 = EDGE_LOOP ( 'NONE', ( #8053, #8899, #6173, #4300, #3364, #4258 ) ) ;
#8666 = PLANE ( 'NONE',  #675 ) ;
#8667 = CARTESIAN_POINT ( 'NONE',  ( 25.99999999999999645, 16.00685424949253743, -6.843145750507550140 ) ) ;
#8668 = CARTESIAN_POINT ( 'NONE',  ( -10.07906768228851746, 77.01368055568988780, -2.000000000000000000 ) ) ;
#8669 = ADVANCED_FACE ( 'NONE', ( #9228 ), #3414, .F. ) ;
#8671 = EDGE_CURVE ( 'NONE', #805, #6595, #6847, .T. ) ;
#8670 = VERTEX_POINT ( 'NONE', #2808 ) ;
#8672 = VERTEX_POINT ( 'NONE', #4966 ) ;
#8673 = VECTOR ( 'NONE', #2580, 1000.000000000000000 ) ;
#8674 = AXIS2_PLACEMENT_3D ( 'NONE', #8453, #2826, #7751 ) ;
#8675 = CARTESIAN_POINT ( 'NONE',  ( -28.25000000000000000, 94.08030619057737454, -128.1790850899541852 ) ) ;
#8676 = DIRECTION ( 'NONE',  ( 1.000000000000000000, 9.912705577010326782E-17, -0.000000000000000000 ) ) ;
#8677 = CARTESIAN_POINT ( 'NONE',  ( -24.03457971532078830, 4.163483851716602402, -6.770263669298773657 ) ) ;
#8678 = DIRECTION ( 'NONE',  ( 0.000000000000000000, -1.000000000000000000, 0.000000000000000000 ) ) ;
#8679 = DIRECTION ( 'NONE',  ( -0.000000000000000000, 0.000000000000000000, 1.000000000000000000 ) ) ;
#8680 = ORIENTED_EDGE ( 'NONE', *, *, #5735, .T. ) ;
#8681 = AXIS2_PLACEMENT_3D ( 'NONE', #890, #7279, #139 ) ;
#8682 = CYLINDRICAL_SURFACE ( 'NONE', #4886, 0.9000000000000075717 ) ;
#8683 = DIRECTION ( 'NONE',  ( 0.000000000000000000, 0.000000000000000000, -1.000000000000000000 ) ) ;
#8684 = LINE ( 'NONE', #830, #4565 ) ;
#8685 = ORIENTED_EDGE ( 'NONE', *, *, #6750, .F. ) ;
#8686 = ORIENTED_EDGE ( 'NONE', *, *, #3013, .T. ) ;
#8687 = CARTESIAN_POINT ( 'NONE',  ( 24.00000000000000355, 12.50000000000000355, -12.50000000000000000 ) ) ;
#8688 = VECTOR ( 'NONE', #878, 1000.000000000000000 ) ;
#8689 = CARTESIAN_POINT ( 'NONE',  ( 27.27105660884731364, 1.031135050255347796, -7.528239866187043994 ) ) ;
#8690 = DIRECTION ( 'NONE',  ( -1.000000000000000000, -9.912705577010326782E-17, 0.000000000000000000 ) ) ;
#8691 = CARTESIAN_POINT ( 'NONE',  ( -16.57654914134644386, 96.44000000000002615, -14.80483366072971307 ) ) ;
#8692 = DIRECTION ( 'NONE',  ( -1.000000000000000000, 1.541976423090495387E-16, -0.000000000000000000 ) ) ;
#8693 = EDGE_CURVE ( 'NONE', #158, #2726, #1386, .T. ) ;
#8694 = CARTESIAN_POINT ( 'NONE',  ( -24.99999999999999645, 17.50000000000001066, -12.50000000000000000 ) ) ;
#8695 = VERTEX_POINT ( 'NONE', #7122 ) ;
#8696 = ORIENTED_EDGE ( 'NONE', *, *, #6653, .T. ) ;
#8697 = VECTOR ( 'NONE', #4795, 1000.000000000000000 ) ;
#8698 = CARTESIAN_POINT ( 'NONE',  ( -24.15323872293286911, 4.115660716807703956, -17.94559377664000976 ) ) ;
#8699 = VECTOR ( 'NONE', #6122, 1000.000000000000000 ) ;
#8700 = CARTESIAN_POINT ( 'NONE',  ( 24.00000000000002487, 12.50000000000000355, -12.50000000000000000 ) ) ;
#8701 = EDGE_LOOP ( 'NONE', ( #962, #5575, #7655 ) ) ;
#8702 = DIRECTION ( 'NONE',  ( 1.000000000000000000, 9.912705577010337875E-17, 0.000000000000000000 ) ) ;
#8704 = EDGE_CURVE ( 'NONE', #5660, #8415, #679, .T. ) ;
#8703 = EDGE_LOOP ( 'NONE', ( #6376, #9183, #86, #766 ) ) ;
#8705 = AXIS2_PLACEMENT_3D ( 'NONE', #4018, #3366, #7639 ) ;
#8706 = ORIENTED_EDGE ( 'NONE', *, *, #1144, .F. ) ;
#8707 = EDGE_LOOP ( 'NONE', ( #97, #2263, #8490, #3487, #1927, #8237 ) ) ;
#8708 = EDGE_CURVE ( 'NONE', #4659, #122, #6404, .T. ) ;
#8709 = ADVANCED_FACE ( 'NONE', ( #5759, #2201, #5066, #7409 ), #4354, .F. ) ;
#8710 = PLANE ( 'NONE',  #5367 ) ;
#8711 = DIRECTION ( 'NONE',  ( -0.000000000000000000, 1.000000000000000000, 0.000000000000000000 ) ) ;
#8712 = DIRECTION ( 'NONE',  ( -1.000000000000000000, -9.912705577010326782E-17, 0.000000000000000000 ) ) ;
#8713 = ORIENTED_EDGE ( 'NONE', *, *, #5042, .T. ) ;
#8714 = CARTESIAN_POINT ( 'NONE',  ( 23.43572208335974594, 114.5506859284179910, -23.66730220754023151 ) ) ;
#8715 = ORIENTED_EDGE ( 'NONE', *, *, #8535, .T. ) ;
#8716 = FACE_OUTER_BOUND ( 'NONE', #5373, .T. ) ;
#8717 = CARTESIAN_POINT ( 'NONE',  ( -11.73544017240898008, 104.4400000000000261, -55.88986340024111854 ) ) ;
#8718 = CARTESIAN_POINT ( 'NONE',  ( 0.000000000000000000, 0.000000000000000000, 0.000000000000000000 ) ) ;
#8720 = EDGE_CURVE ( 'NONE', #5988, #7684, #4454, .T. ) ;
#8719 = VERTEX_POINT ( 'NONE', #7977 ) ;
#8721 = ORIENTED_EDGE ( 'NONE', *, *, #1016, .T. ) ;
#8722 = AXIS2_PLACEMENT_3D ( 'NONE', #1519, #915, #5147 ) ;
#8723 = CARTESIAN_POINT ( 'NONE',  ( 24.87906706703270032, 1.265187046592039843, -7.500000000000005329 ) ) ;
#8724 = CARTESIAN_POINT ( 'NONE',  ( -25.99999999999999645, 18.15685424949252891, -6.843145750507550140 ) ) ;
#8725 = DIRECTION ( 'NONE',  ( 0.000000000000000000, 1.000000000000000000, 0.000000000000000000 ) ) ;
#8726 = VECTOR ( 'NONE', #3738, 1000.000000000000000 ) ;
#8727 = FACE_OUTER_BOUND ( 'NONE', #7569, .T. ) ;
#8728 = CARTESIAN_POINT ( 'NONE',  ( 26.25000000000000355, 94.08030619057737454, -25.00000000000000000 ) ) ;
#8729 = VERTEX_POINT ( 'NONE', #968 ) ;
#8730 = FACE_OUTER_BOUND ( 'NONE', #2509, .T. ) ;
#8731 = DIRECTION ( 'NONE',  ( 0.000000000000000000, -0.000000000000000000, -1.000000000000000000 ) ) ;
#8732 = CARTESIAN_POINT ( 'NONE',  ( 24.90000653653432749, 4.717543072425752548, -17.49999999999999645 ) ) ;
#8733 = EDGE_LOOP ( 'NONE', ( #8845, #2651, #393, #7510, #4333, #7161, #74 ) ) ;
#8734 = ORIENTED_EDGE ( 'NONE', *, *, #3013, .F. ) ;
#8735 = DIRECTION ( 'NONE',  ( -1.000000000000000000, 0.000000000000000000, 0.000000000000000000 ) ) ;
#8736 = CARTESIAN_POINT ( 'NONE',  ( 27.51627151935428373, 0.9861813465523513456, -7.633251385249676169 ) ) ;
#8737 = CARTESIAN_POINT ( 'NONE',  ( -25.99999999999999645, 12.49999999999986322, -20.49999999999977618 ) ) ;
#8738 = CARTESIAN_POINT ( 'NONE',  ( 22.24999999999998579, 104.7903061905773683, -14.59999999999999787 ) ) ;
#8739 = DIRECTION ( 'NONE',  ( 0.000000000000000000, 1.000000000000000000, 0.000000000000000000 ) ) ;
#8740 = DIRECTION ( 'NONE',  ( -1.541976423090495387E-16, 1.000000000000000000, 0.000000000000000000 ) ) ;
#8741 = ORIENTED_EDGE ( 'NONE', *, *, #111, .F. ) ;
#8742 = ORIENTED_EDGE ( 'NONE', *, *, #3575, .T. ) ;
#8743 = DIRECTION ( 'NONE',  ( 0.000000000000000000, 0.000000000000000000, 1.000000000000000000 ) ) ;
#8744 = VECTOR ( 'NONE', #8642, 1000.000000000000000 ) ;
#8745 = CARTESIAN_POINT ( 'NONE',  ( -23.00000000000000000, 44.61832049899870611, -22.00000000000000355 ) ) ;
#8746 = ORIENTED_EDGE ( 'NONE', *, *, #7742, .F. ) ;
#8747 = DIRECTION ( 'NONE',  ( 0.000000000000000000, 0.000000000000000000, 1.000000000000000000 ) ) ;
#8748 = ORIENTED_EDGE ( 'NONE', *, *, #7956, .T. ) ;
#8749 = ORIENTED_EDGE ( 'NONE', *, *, #7945, .F. ) ;
#8750 = EDGE_LOOP ( 'NONE', ( #4761, #4641, #3791, #9282, #1491, #4850 ) ) ;
#8751 = AXIS2_PLACEMENT_3D ( 'NONE', #478, #5512, #3207 ) ;
#8752 = EDGE_CURVE ( 'NONE', #5424, #609, #4401, .T. ) ;
#8753 = AXIS2_PLACEMENT_3D ( 'NONE', #1274, #2079, #1367 ) ;
#8754 = ADVANCED_FACE ( 'NONE', ( #8117 ), #4542, .F. ) ;
#8755 = AXIS2_PLACEMENT_3D ( 'NONE', #5985, #4709, #3952 ) ;
#8756 = EDGE_CURVE ( 'NONE', #7388, #4235, #5115, .T. ) ;
#8757 = CARTESIAN_POINT ( 'NONE',  ( -26.00000000000000000, 44.61832049899870611, -22.00000000000000355 ) ) ;
#8758 = DIRECTION ( 'NONE',  ( -1.000000000000000000, 0.000000000000000000, 0.000000000000000000 ) ) ;
#8759 = ORIENTED_EDGE ( 'NONE', *, *, #7661, .F. ) ;
#8760 = CARTESIAN_POINT ( 'NONE',  ( -29.98802109968896090, 4.247313123955891889, -19.66467468036737287 ) ) ;
#8761 = EDGE_LOOP ( 'NONE', ( #1014, #5890, #249, #9085 ) ) ;
#8762 = CYLINDRICAL_SURFACE ( 'NONE', #5039, 1.049999999999998934 ) ;
#8763 = EDGE_CURVE ( 'NONE', #1796, #7006, #5806, .T. ) ;
#8764 = CARTESIAN_POINT ( 'NONE',  ( 13.42376207875052252, 104.4400000000000261, -15.65739561406607727 ) ) ;
#8765 = DIRECTION ( 'NONE',  ( -1.000000000000000000, 1.898094922533725623E-16, 0.000000000000000000 ) ) ;
#8766 = ORIENTED_EDGE ( 'NONE', *, *, #6397, .F. ) ;
#8767 = ORIENTED_EDGE ( 'NONE', *, *, #2335, .T. ) ;
#8768 = VECTOR ( 'NONE', #4790, 1000.000000000000000 ) ;
#8769 = AXIS2_PLACEMENT_3D ( 'NONE', #6929, #5347, #4592 ) ;
#8770 = DIRECTION ( 'NONE',  ( -0.000000000000000000, 0.000000000000000000, 1.000000000000000000 ) ) ;
#8771 = CARTESIAN_POINT ( 'NONE',  ( 29.99999999999999645, -3.499999999999996891, -21.78708781050336896 ) ) ;
#8772 = CARTESIAN_POINT ( 'NONE',  ( -24.25529098094718705, 4.162375735627435347, -7.171678916479967469 ) ) ;
#8773 = CARTESIAN_POINT ( 'NONE',  ( -17.00000000000000000, 44.61832049899870611, -25.00000000000000000 ) ) ;
#8774 = DIRECTION ( 'NONE',  ( 1.000000000000000000, 1.360567432138672574E-16, -0.000000000000000000 ) ) ;
#8775 = ORIENTED_EDGE ( 'NONE', *, *, #5574, .F. ) ;
#8776 = AXIS2_PLACEMENT_3D ( 'NONE', #7324, #3092, #7931 ) ;
#8777 = EDGE_CURVE ( 'NONE', #2726, #5518, #879, .T. ) ;
#8778 = CARTESIAN_POINT ( 'NONE',  ( -23.30497463552145376, 13.37883431135816359, -23.31852376361846524 ) ) ;
#8779 = CARTESIAN_POINT ( 'NONE',  ( 24.12127701492602228, 4.124596381120140265, -18.01650853860156687 ) ) ;
#8780 = ORIENTED_EDGE ( 'NONE', *, *, #4981, .T. ) ;
#8781 = EDGE_CURVE ( 'NONE', #2143, #573, #7221, .T. ) ;
#8782 = CARTESIAN_POINT ( 'NONE',  ( 5.773401785888007787, 57.10000000000000142, -3.000000000000000000 ) ) ;
#8783 = ADVANCED_FACE ( 'NONE', ( #2998 ), #5211, .F. ) ;
#8784 = DIRECTION ( 'NONE',  ( 0.8090169943749474513, 0.000000000000000000, -0.5877852522924730261 ) ) ;
#8785 = CARTESIAN_POINT ( 'NONE',  ( 25.99999999999999645, 18.15685424949253957, -6.843145750507550140 ) ) ;
#8786 = DIRECTION ( 'NONE',  ( -0.5427066596637477591, 0.8399223068573764550, -0.000000000000000000 ) ) ;
#8787 = CARTESIAN_POINT ( 'NONE',  ( 25.49333738417907469, 104.9734658108850454, -13.72313465824468004 ) ) ;
#8788 = FACE_OUTER_BOUND ( 'NONE', #5706, .T. ) ;
#8789 = ORIENTED_EDGE ( 'NONE', *, *, #148, .F. ) ;
#8790 = VERTEX_POINT ( 'NONE', #3087 ) ;
#8791 = EDGE_CURVE ( 'NONE', #5321, #7305, #267, .T. ) ;
#8792 = EDGE_CURVE ( 'NONE', #375, #1458, #4571, .T. ) ;
#8793 = AXIS2_PLACEMENT_3D ( 'NONE', #880, #3705, #30 ) ;
#8794 = CARTESIAN_POINT ( 'NONE',  ( -11.98768373480796257, 67.14209179641811431, -2.000000000000001776 ) ) ;
#8795 = AXIS2_PLACEMENT_3D ( 'NONE', #5954, #7930, #7225 ) ;
#8796 = ORIENTED_EDGE ( 'NONE', *, *, #711, .F. ) ;
#8797 = CYLINDRICAL_SURFACE ( 'NONE', #6982, 3.000000000000000000 ) ;
#8798 = CIRCLE ( 'NONE', #4736, 2.149999999999999023 ) ;
#8799 = CIRCLE ( 'NONE', #7590, 12.50000000000000178 ) ;
#8800 = ORIENTED_EDGE ( 'NONE', *, *, #5826, .F. ) ;
#8801 = ORIENTED_EDGE ( 'NONE', *, *, #7906, .F. ) ;
#8802 = AXIS2_PLACEMENT_3D ( 'NONE', #7507, #6097, #8959 ) ;
#8803 = AXIS2_PLACEMENT_3D ( 'NONE', #4220, #7744, #790 ) ;
#8804 = CARTESIAN_POINT ( 'NONE',  ( 10.07906768228851213, 77.01368055568988780, -25.00000000000000000 ) ) ;
#8805 = DIRECTION ( 'NONE',  ( -0.8399223068573744566, -0.5427066596637510898, 0.000000000000000000 ) ) ;
#8806 = ORIENTED_EDGE ( 'NONE', *, *, #2268, .F. ) ;
#8807 = CARTESIAN_POINT ( 'NONE',  ( -29.80798166694017226, 3.635295486824879685, -20.47291271479681996 ) ) ;
#8808 = ORIENTED_EDGE ( 'NONE', *, *, #6824, .T. ) ;
#8809 = DIRECTION ( 'NONE',  ( 1.000000000000000000, 9.912705577010325549E-17, -1.025650794761498552E-32 ) ) ;
#8810 = CARTESIAN_POINT ( 'NONE',  ( -27.99999999999999645, 0.6572807176729866807, -8.500000000000000000 ) ) ;
#8811 = DIRECTION ( 'NONE',  ( -1.734723475976807292E-15, 1.000000000000000000, -0.000000000000000000 ) ) ;
#8812 = EDGE_LOOP ( 'NONE', ( #4936, #7898, #7715, #6231 ) ) ;
#8813 = ORIENTED_EDGE ( 'NONE', *, *, #6219, .F. ) ;
#8814 = VECTOR ( 'NONE', #8973, 1000.000000000000000 ) ;
#8815 = ADVANCED_FACE ( 'NONE', ( #8727 ), #3752, .F. ) ;
#8816 = LINE ( 'NONE', #4039, #7487 ) ;
#8817 = VECTOR ( 'NONE', #1898, 1000.000000000000000 ) ;
#8818 = CARTESIAN_POINT ( 'NONE',  ( 58.00000000000002132, 12.49999999999987921, -20.49999999999977618 ) ) ;
#8819 = LINE ( 'NONE', #4502, #8206 ) ;
#8820 = DIRECTION ( 'NONE',  ( -0.000000000000000000, 1.000000000000000000, -0.000000000000000000 ) ) ;
#8821 = ORIENTED_EDGE ( 'NONE', *, *, #3986, .T. ) ;
#8823 = CIRCLE ( 'NONE', #5229, 1.000000000000000888 ) ;
#8822 = CYLINDRICAL_SURFACE ( 'NONE', #7506, 2.000000000000001776 ) ;
#8824 = DIRECTION ( 'NONE',  ( 0.3285714285714274596, 0.9444791243466058583, 0.000000000000000000 ) ) ;
#8825 = AXIS2_PLACEMENT_3D ( 'NONE', #8546, #7232, #8591 ) ;
#8826 = ORIENTED_EDGE ( 'NONE', *, *, #7689, .T. ) ;
#8827 = FACE_OUTER_BOUND ( 'NONE', #8665, .T. ) ;
#8828 = EDGE_CURVE ( 'NONE', #6412, #8065, #8861, .T. ) ;
#8829 = CARTESIAN_POINT ( 'NONE',  ( -24.99109024162341441, 12.25605562278048311, -25.50000000000000355 ) ) ;
#8830 = EDGE_CURVE ( 'NONE', #4081, #2094, #78, .T. ) ;
#8831 = CIRCLE ( 'NONE', #8681, 2.149999999999997247 ) ;
#8832 = CARTESIAN_POINT ( 'NONE',  ( 17.98768373480796612, 67.14209179641811431, -22.99999999999999289 ) ) ;
#8833 = FACE_OUTER_BOUND ( 'NONE', #8582, .T. ) ;
#8834 = FACE_OUTER_BOUND ( 'NONE', #3811, .T. ) ;
#8835 = DIRECTION ( 'NONE',  ( 1.000000000000000000, 0.000000000000000000, 0.000000000000000000 ) ) ;
#8836 = ORIENTED_EDGE ( 'NONE', *, *, #3896, .F. ) ;
#8837 = AXIS2_PLACEMENT_3D ( 'NONE', #1680, #1640, #232 ) ;
#8838 = DIRECTION ( 'NONE',  ( -1.000000000000000000, 1.898094922533725623E-16, -0.000000000000000000 ) ) ;
#8839 = CIRCLE ( 'NONE', #2541, 1.049999999999998934 ) ;
#8840 = CARTESIAN_POINT ( 'NONE',  ( 5.773401785888007787, 51.10000000000000853, -3.000000000000002665 ) ) ;
#8841 = ORIENTED_EDGE ( 'NONE', *, *, #5439, .F. ) ;
#8842 = CARTESIAN_POINT ( 'NONE',  ( -6.423762078750931970, 80.80934643409020168, -15.65739561406607727 ) ) ;
#8843 = ADVANCED_FACE ( 'NONE', ( #2435 ), #1673, .F. ) ;
#8844 = ORIENTED_EDGE ( 'NONE', *, *, #6395, .T. ) ;
#8845 = ORIENTED_EDGE ( 'NONE', *, *, #597, .F. ) ;
#8846 = AXIS2_PLACEMENT_3D ( 'NONE', #7440, #1005, #3870 ) ;
#8847 = CARTESIAN_POINT ( 'NONE',  ( -27.99999999999999289, 13.82287565553229136, -27.00000000000000355 ) ) ;
#8848 = ORIENTED_EDGE ( 'NONE', *, *, #1144, .T. ) ;
#8849 = CIRCLE ( 'NONE', #157, 4.000000000000000000 ) ;
#8850 = CARTESIAN_POINT ( 'NONE',  ( -29.81667312088847055, 3.640149406631682183, -19.63568832156272492 ) ) ;
#8851 = ORIENTED_EDGE ( 'NONE', *, *, #1073, .F. ) ;
#8852 = DIRECTION ( 'NONE',  ( 0.000000000000000000, 0.000000000000000000, 1.000000000000000000 ) ) ;
#8853 = CYLINDRICAL_SURFACE ( 'NONE', #8846, 1.999999999999998224 ) ;
#8854 = DIRECTION ( 'NONE',  ( -1.000000000000000000, 1.541976423090495387E-16, 0.000000000000000000 ) ) ;
#8855 = ORIENTED_EDGE ( 'NONE', *, *, #9229, .F. ) ;
#8856 = VERTEX_POINT ( 'NONE', #2386 ) ;
#8857 = CIRCLE ( 'NONE', #5114, 2.149999999999997247 ) ;
#8858 = AXIS2_PLACEMENT_3D ( 'NONE', #1952, #2613, #3360 ) ;
#8859 = DIRECTION ( 'NONE',  ( 1.000000000000000000, 0.000000000000000000, 0.000000000000000000 ) ) ;
#8860 = EDGE_CURVE ( 'NONE', #7769, #2771, #8819, .T. ) ;
#8861 = LINE ( 'NONE', #1631, #5217 ) ;
#8862 = CARTESIAN_POINT ( 'NONE',  ( 29.99999999999999645, 22.65000000000000924, -12.50000000000000000 ) ) ;
#8863 = EDGE_LOOP ( 'NONE', ( #269, #7999, #7701, #7800 ) ) ;
#8864 = CARTESIAN_POINT ( 'NONE',  ( 23.99579426944837124, 11.50526409512626813, -25.50000000000000711 ) ) ;
#8865 = AXIS2_PLACEMENT_3D ( 'NONE', #4291, #2039, #5609 ) ;
#8866 = LINE ( 'NONE', #1764, #306 ) ;
#8867 = CARTESIAN_POINT ( 'NONE',  ( 24.79633497013947618, 4.603910184322922206, -17.51433019583398831 ) ) ;
#8868 = AXIS2_PLACEMENT_3D ( 'NONE', #920, #1794, #6034 ) ;
#8869 = TOROIDAL_SURFACE ( 'NONE', #6016, 4.000000000000000000, 2.000000000000000000 ) ;
#8870 = EDGE_LOOP ( 'NONE', ( #5604, #7902, #8201, #2828 ) ) ;
#8871 = DIRECTION ( 'NONE',  ( 1.000000000000000000, 1.360567432138672574E-16, -0.000000000000000000 ) ) ;
#8872 = CARTESIAN_POINT ( 'NONE',  ( -25.18353371097789406, 12.34392872299711286, -25.50000000000000711 ) ) ;
#8873 = ADVANCED_FACE ( 'NONE', ( #1760 ), #4676, .F. ) ;
#8874 = LINE ( 'NONE', #3716, #6394 ) ;
#8875 = PLANE ( 'NONE',  #4962 ) ;
#8876 = DIRECTION ( 'NONE',  ( 1.000000000000000000, -1.541976423090495387E-16, 0.000000000000000000 ) ) ;
#8877 = ORIENTED_EDGE ( 'NONE', *, *, #6000, .F. ) ;
#8878 = ADVANCED_FACE ( 'NONE', ( #1149 ), #6828, .F. ) ;
#8879 = CARTESIAN_POINT ( 'NONE',  ( -12.08688103937556946, 96.44000000000002615, -19.77189238011338546 ) ) ;
#8880 = DIRECTION ( 'NONE',  ( -0.8660254037844397068, -0.4999999999999979461, 0.000000000000000000 ) ) ;
#8881 = ADVANCED_FACE ( 'NONE', ( #1097 ), #2513, .T. ) ;
#8882 = DIRECTION ( 'NONE',  ( 0.8660254037844399289, -0.4999999999999980571, 0.000000000000000000 ) ) ;
#8883 = ORIENTED_EDGE ( 'NONE', *, *, #2570, .F. ) ;
#8884 = FACE_OUTER_BOUND ( 'NONE', #3404, .T. ) ;
#8885 = EDGE_CURVE ( 'NONE', #5978, #8415, #1054, .T. ) ;
#8886 = ORIENTED_EDGE ( 'NONE', *, *, #3700, .F. ) ;
#8887 = VERTEX_POINT ( 'NONE', #4586 ) ;
#8888 = ADVANCED_FACE ( 'NONE', ( #309 ), #2609, .F. ) ;
#8889 = DIRECTION ( 'NONE',  ( 0.8090169943749472292, 0.000000000000000000, -0.5877852522924734702 ) ) ;
#8890 = MECHANICAL_CONTEXT ( 'NONE', #8282, 'mechanical' ) ;
#8891 = ORIENTED_EDGE ( 'NONE', *, *, #3831, .T. ) ;
#8892 = CARTESIAN_POINT ( 'NONE',  ( -29.74894598794003642, 3.010853537086088938, -18.95973937042511182 ) ) ;
#8893 = ORIENTED_EDGE ( 'NONE', *, *, #540, .T. ) ;
#8894 = CARTESIAN_POINT ( 'NONE',  ( -28.25000000000001776, 94.08030619057737454, -24.17157287525380838 ) ) ;
#8895 = PLANE ( 'NONE',  #316 ) ;
#8896 = CARTESIAN_POINT ( 'NONE',  ( -30.00000000000000000, 35.00000000000000000, -25.00000000000000000 ) ) ;
#8897 = ORIENTED_EDGE ( 'NONE', *, *, #38, .F. ) ;
#8898 = AXIS2_PLACEMENT_3D ( 'NONE', #6693, #8854, #1842 ) ;
#8899 = ORIENTED_EDGE ( 'NONE', *, *, #8918, .T. ) ;
#8900 = ORIENTED_EDGE ( 'NONE', *, *, #1332, .F. ) ;
#8901 = CIRCLE ( 'NONE', #2752, 2.000000000000001776 ) ;
#8902 = CARTESIAN_POINT ( 'NONE',  ( -22.25000000000000000, 113.9403061905773455, -21.59999999999999787 ) ) ;
#8903 = CARTESIAN_POINT ( 'NONE',  ( -25.74737230856512937, 104.7903061905773541, -14.59999999999999432 ) ) ;
#8904 = CARTESIAN_POINT ( 'NONE',  ( 25.99999999999999645, 18.15685424949230153, -18.15685424949224469 ) ) ;
#8905 = ORIENTED_EDGE ( 'NONE', *, *, #7880, .T. ) ;
#8906 = CIRCLE ( 'NONE', #801, 2.149999999999999023 ) ;
#8907 = LINE ( 'NONE', #6785, #3609 ) ;
#8908 = DIRECTION ( 'NONE',  ( -0.8090169943749471182, 6.508371548838544909E-17, -0.5877852522924735812 ) ) ;
#8909 = ORIENTED_EDGE ( 'NONE', *, *, #3096, .T. ) ;
#8910 = DIRECTION ( 'NONE',  ( 1.000000000000000000, 1.360567432138672574E-16, 0.000000000000000000 ) ) ;
#8911 = CARTESIAN_POINT ( 'NONE',  ( 25.99999999999999645, 20.30685424949230011, -18.15685424949224469 ) ) ;
#8912 = AXIS2_PLACEMENT_3D ( 'NONE', #2238, #2286, #961 ) ;
#8913 = LINE ( 'NONE', #2670, #544 ) ;
#8914 = SPHERICAL_SURFACE ( 'NONE', #7591, 2.000000000000000000 ) ;
#8915 = DIRECTION ( 'NONE',  ( -0.8660254037844397068, -0.4999999999999979461, -0.000000000000000000 ) ) ;
#8916 = EDGE_LOOP ( 'NONE', ( #7148, #3363, #7397, #5194 ) ) ;
#8917 = EDGE_CURVE ( 'NONE', #3578, #3031, #5766, .T. ) ;
#8918 = EDGE_CURVE ( 'NONE', #7962, #6556, #353, .T. ) ;
#8919 = CARTESIAN_POINT ( 'NONE',  ( 25.99999999999999645, 53.27857453684310229, 0.000000000000000000 ) ) ;
#8920 = DIRECTION ( 'NONE',  ( 1.000000000000000000, 1.360567432138672574E-16, 0.000000000000000000 ) ) ;
#8921 = EDGE_CURVE ( 'NONE', #3071, #5603, #7515, .T. ) ;
#8922 = LINE ( 'NONE', #3154, #758 ) ;
#8923 = ORIENTED_EDGE ( 'NONE', *, *, #1353, .T. ) ;
#8924 = DIRECTION ( 'NONE',  ( -1.000000000000000000, -9.912705577010326782E-17, 0.000000000000000000 ) ) ;
#8925 = ORIENTED_EDGE ( 'NONE', *, *, #7806, .T. ) ;
#8926 = AXIS2_PLACEMENT_3D ( 'NONE', #185, #8731, #227 ) ;
#8927 = EDGE_CURVE ( 'NONE', #8423, #4713, #5385, .T. ) ;
#8928 = VECTOR ( 'NONE', #7110, 1000.000000000000000 ) ;
#8929 = VECTOR ( 'NONE', #7556, 1000.000000000000000 ) ;
#8930 = EDGE_CURVE ( 'NONE', #4356, #5473, #4375, .T. ) ;
#8931 = DIRECTION ( 'NONE',  ( 0.000000000000000000, 0.000000000000000000, -1.000000000000000000 ) ) ;
#8932 = AXIS2_PLACEMENT_3D ( 'NONE', #5598, #4707, #6212 ) ;
#8933 = ORIENTED_EDGE ( 'NONE', *, *, #1976, .F. ) ;
#8934 = CARTESIAN_POINT ( 'NONE',  ( -28.58075232248103248, 2.579550015612019465, -20.12580813820688164 ) ) ;
#8935 = DIRECTION ( 'NONE',  ( 0.3090169943749457304, 1.053076637743356006E-16, -0.9510565162951540863 ) ) ;
#8936 = CARTESIAN_POINT ( 'NONE',  ( 28.25000000000000000, 94.08030619057737454, -22.99999999999999289 ) ) ;
#8937 = DIRECTION ( 'NONE',  ( 0.000000000000000000, -1.000000000000000000, 0.000000000000000000 ) ) ;
#8938 = VERTEX_POINT ( 'NONE', #8903 ) ;
#8939 = CIRCLE ( 'NONE', #846, 0.8999999999999980238 ) ;
#8940 = VECTOR ( 'NONE', #4827, 1000.000000000000227 ) ;
#8941 = ORIENTED_EDGE ( 'NONE', *, *, #950, .T. ) ;
#8942 = ORIENTED_EDGE ( 'NONE', *, *, #7390, .F. ) ;
#8943 = CARTESIAN_POINT ( 'NONE',  ( -24.99999999999999645, 12.50000000000000888, -6.500000000000000000 ) ) ;
#8944 = B_SPLINE_CURVE_WITH_KNOTS ( 'NONE', 3,
 ( #1297, #4725, #5487, #3505, #5578, #6933, #8340, #4915, #2003, #499, #1910, #1864, #453, #4159, #6977, #3324, #6189, #3367, #4778, #7687, #2577, #7781, #9179, #8391, #5438, #589, #4825, #1344 ),
 .UNSPECIFIED., .F., .F.,
 ( 4, 2, 2, 2, 2, 2, 2, 2, 2, 2, 2, 2, 2, 4 ),
 ( 0.006425132699866856374, 0.006826735716704636185, 0.007228338733542415996, 0.007629941750380196674, 0.008031544767217979955, 0.008834750800893518760, 0.009637956834569057565, 0.01044116286824459637, 0.01084276588508234496, 0.01124436890192009354, 0.01164597191875784213, 0.01204757493559559071, 0.01244917795243333930, 0.01285078096927108789 ),
 .UNSPECIFIED. ) ;
#8945 = CARTESIAN_POINT ( 'NONE',  ( -23.53940693477582613, 112.5251286639408903, -23.22584019171940284 ) ) ;
#8946 = LINE ( 'NONE', #970, #8177 ) ;
#8947 = EDGE_LOOP ( 'NONE', ( #8706, #1234, #787, #3988 ) ) ;
#8948 = CARTESIAN_POINT ( 'NONE',  ( -23.00000000000000000, 4.828427124746175636, -25.50000000000000355 ) ) ;
#8949 = EDGE_CURVE ( 'NONE', #736, #3563, #2477, .T. ) ;
#8950 = DIRECTION ( 'NONE',  ( 0.8660254037844397068, -0.4999999999999979461, -0.000000000000000000 ) ) ;
#8951 = DIRECTION ( 'NONE',  ( 0.000000000000000000, -1.000000000000000000, 0.000000000000000000 ) ) ;
#8952 = EDGE_CURVE ( 'NONE', #6310, #2346, #8260, .T. ) ;
#8953 = ORIENTED_EDGE ( 'NONE', *, *, #651, .T. ) ;
#8954 = CIRCLE ( 'NONE', #4758, 10.50000000000000000 ) ;
#8955 = DIRECTION ( 'NONE',  ( -1.000000000000000000, 0.000000000000000000, 0.000000000000000000 ) ) ;
#8956 = FACE_OUTER_BOUND ( 'NONE', #1062, .T. ) ;
#8957 = DIRECTION ( 'NONE',  ( 0.000000000000000000, -1.000000000000000000, 0.000000000000000000 ) ) ;
#8958 = VECTOR ( 'NONE', #1372, 1000.000000000000000 ) ;
#8959 = DIRECTION ( 'NONE',  ( 0.000000000000000000, 0.000000000000000000, 1.000000000000000000 ) ) ;
#8960 = CARTESIAN_POINT ( 'NONE',  ( -22.25000000000000000, 106.9403061905773598, -14.59999999999999787 ) ) ;
#8961 = EDGE_LOOP ( 'NONE', ( #244, #2322, #1425, #3722 ) ) ;
#8962 = VECTOR ( 'NONE', #2401, 1000.000000000000000 ) ;
#8963 = DIRECTION ( 'NONE',  ( -0.000000000000000000, 1.000000000000000000, 0.000000000000000000 ) ) ;
#8964 = EDGE_CURVE ( 'NONE', #7098, #6547, #8242, .T. ) ;
#8965 = DIRECTION ( 'NONE',  ( 1.613696256722601693E-15, -1.000000000000000000, 0.000000000000000000 ) ) ;
#8966 = FACE_BOUND ( 'NONE', #6162, .T. ) ;
#8967 = ORIENTED_EDGE ( 'NONE', *, *, #4299, .T. ) ;
#8968 = CARTESIAN_POINT ( 'NONE',  ( 58.00000000000002132, 12.50000000000021672, -4.499999999999771738 ) ) ;
#8969 = AXIS2_PLACEMENT_3D ( 'NONE', #3979, #8838, #6802 ) ;
#8970 = ORIENTED_EDGE ( 'NONE', *, *, #4097, .F. ) ;
#8971 = DIRECTION ( 'NONE',  ( 1.000000000000000000, 0.000000000000000000, 0.000000000000000000 ) ) ;
#8972 = AXIS2_PLACEMENT_3D ( 'NONE', #5808, #2293, #2245 ) ;
#8973 = DIRECTION ( 'NONE',  ( 0.000000000000000000, 0.000000000000000000, -1.000000000000000000 ) ) ;
#8974 = EDGE_CURVE ( 'NONE', #1202, #7351, #1713, .T. ) ;
#8975 = DIRECTION ( 'NONE',  ( 0.000000000000000000, 0.000000000000000000, 1.000000000000000000 ) ) ;
#8976 = ORIENTED_EDGE ( 'NONE', *, *, #7534, .T. ) ;
#8977 = DIRECTION ( 'NONE',  ( -0.5427066596637512008, -0.8399223068573745676, -0.000000000000000000 ) ) ;
#8978 = CARTESIAN_POINT ( 'NONE',  ( -30.00000000000000000, 49.81447292170534524, -23.00000000000000000 ) ) ;
#8979 = CARTESIAN_POINT ( 'NONE',  ( 15.58688103937514846, 96.44000000000002615, -9.000000000000000000 ) ) ;
#8980 = LINE ( 'NONE', #4710, #8699 ) ;
#8981 = DIRECTION ( 'NONE',  ( 0.000000000000000000, 0.000000000000000000, -1.000000000000000000 ) ) ;
#8982 = EDGE_LOOP ( 'NONE', ( #983, #3542, #2301, #5852, #8976 ) ) ;
#8983 = ADVANCED_FACE ( 'NONE', ( #7721 ), #3775, .T. ) ;
#8984 = VERTEX_POINT ( 'NONE', #8469 ) ;
#8985 = ORIENTED_EDGE ( 'NONE', *, *, #5735, .F. ) ;
#8986 = AXIS2_PLACEMENT_3D ( 'NONE', #49, #2170, #150 ) ;
#8987 = CARTESIAN_POINT ( 'NONE',  ( 15.60284603631600397, 104.4400000000000261, -67.79251475916376535 ) ) ;
#8988 = DIRECTION ( 'NONE',  ( 1.000000000000000000, 0.000000000000000000, 0.000000000000000000 ) ) ;
#8989 = DIRECTION ( 'NONE',  ( 1.000000000000000000, 0.000000000000000000, 0.000000000000000000 ) ) ;
#8990 = VERTEX_POINT ( 'NONE', #7015 ) ;
#8991 = DIRECTION ( 'NONE',  ( -1.000000000000000000, -1.892425610156517122E-16, -0.000000000000000000 ) ) ;
#8992 = EDGE_CURVE ( 'NONE', #4379, #4081, #2278, .T. ) ;
#8993 = CARTESIAN_POINT ( 'NONE',  ( -27.99999999999999289, 13.82287565553229136, -23.00000000000000000 ) ) ;
#8994 = FACE_OUTER_BOUND ( 'NONE', #8326, .T. ) ;
#8995 = EDGE_LOOP ( 'NONE', ( #5558, #1412, #116, #4547 ) ) ;
#8996 = CIRCLE ( 'NONE', #7952, 1.050000000000000488 ) ;
#8997 = CARTESIAN_POINT ( 'NONE',  ( -17.00000000000000000, 44.61832049899870611, -2.999999999999999112 ) ) ;
#8998 = PLANE ( 'NONE',  #1930 ) ;
#8999 = EDGE_CURVE ( 'NONE', #3868, #6310, #2741, .T. ) ;
#9000 = LINE ( 'NONE', #7641, #691 ) ;
#9001 = VECTOR ( 'NONE', #4958, 1000.000000000000000 ) ;
#9002 = DIRECTION ( 'NONE',  ( -7.009341333409710874E-17, 0.7071067811865475727, 0.7071067811865475727 ) ) ;
#9003 = DIRECTION ( 'NONE',  ( 1.613696256722611948E-15, -1.000000000000000000, 0.000000000000000000 ) ) ;
#9004 = EDGE_LOOP ( 'NONE', ( #9208, #3967, #3962, #8836, #4236, #8933, #369 ) ) ;
#9005 = AXIS2_PLACEMENT_3D ( 'NONE', #8057, #1618, #2982 ) ;
#9006 = CYLINDRICAL_SURFACE ( 'NONE', #5253, 1.049999999999998934 ) ;
#9007 = CARTESIAN_POINT ( 'NONE',  ( -17.98768373480796257, 67.14209179641811431, -2.000000000000001776 ) ) ;
#9008 = FACE_OUTER_BOUND ( 'NONE', #9117, .T. ) ;
#9009 = DIRECTION ( 'NONE',  ( -0.000000000000000000, -2.029344161882401514E-31, 1.000000000000000000 ) ) ;
#9010 = LINE ( 'NONE', #4078, #6668 ) ;
#9011 = VERTEX_POINT ( 'NONE', #3448 ) ;
#9012 = DIRECTION ( 'NONE',  ( -9.912705577010326782E-17, 1.000000000000000000, 0.000000000000000000 ) ) ;
#9013 = ORIENTED_EDGE ( 'NONE', *, *, #555, .T. ) ;
#9014 = CARTESIAN_POINT ( 'NONE',  ( 26.00000000000000000, 1.043560762610393988, -7.500000000000007105 ) ) ;
#9015 = LINE ( 'NONE', #2463, #3554 ) ;
#9016 = PERSON_AND_ORGANIZATION ( #472, #468 ) ;
#9017 = ORIENTED_EDGE ( 'NONE', *, *, #2287, .F. ) ;
#9018 = DIRECTION ( 'NONE',  ( -0.8090169943749478954, -6.508371548838533815E-17, 0.5877852522924724710 ) ) ;
#9019 = VERTEX_POINT ( 'NONE', #7863 ) ;
#9020 = DIRECTION ( 'NONE',  ( 0.000000000000000000, 0.000000000000000000, 1.000000000000000000 ) ) ;
#9021 = CARTESIAN_POINT ( 'NONE',  ( 26.00000000000000000, 0.000000000000000000, 0.000000000000000000 ) ) ;
#9022 = CYLINDRICAL_SURFACE ( 'NONE', #8898, 2.149999999999999023 ) ;
#9023 = ORIENTED_EDGE ( 'NONE', *, *, #3800, .T. ) ;
#9024 = VERTEX_POINT ( 'NONE', #667 ) ;
#9025 = ORIENTED_EDGE ( 'NONE', *, *, #1279, .T. ) ;
#9026 = EDGE_CURVE ( 'NONE', #5321, #6454, #4999, .T. ) ;
#9027 = EDGE_CURVE ( 'NONE', #6808, #1390, #4210, .T. ) ;
#9028 = DIRECTION ( 'NONE',  ( 0.000000000000000000, -1.000000000000000000, 0.000000000000000000 ) ) ;
#9029 = EDGE_CURVE ( 'NONE', #4204, #2187, #3588, .T. ) ;
#9030 = CARTESIAN_POINT ( 'NONE',  ( 22.24999999999998579, 113.9403061905773598, -21.59999999999999787 ) ) ;
#9031 = CARTESIAN_POINT ( 'NONE',  ( -23.41106232120515074, 113.6313487861881555, -23.73327146981819169 ) ) ;
#9032 = DIRECTION ( 'NONE',  ( -1.734723475976807094E-15, 1.000000000000000000, 0.000000000000000000 ) ) ;
#9033 = ORIENTED_EDGE ( 'NONE', *, *, #6130, .F. ) ;
#9034 = CARTESIAN_POINT ( 'NONE',  ( 24.62661883210230940, 12.04441567849858785, -25.50000000000000000 ) ) ;
#9035 = CIRCLE ( 'NONE', #2593, 5.999999999999998224 ) ;
#9036 = AXIS2_PLACEMENT_3D ( 'NONE', #3641, #5753, #6507 ) ;
#9037 = CARTESIAN_POINT ( 'NONE',  ( -28.82297637398707124, 2.670872232037834415, -21.60159407050173641 ) ) ;
#9038 = DIRECTION ( 'NONE',  ( 0.000000000000000000, -1.000000000000000000, 0.000000000000000000 ) ) ;
#9039 = ORIENTED_EDGE ( 'NONE', *, *, #2871, .T. ) ;
#9040 = EDGE_CURVE ( 'NONE', #229, #5142, #5699, .T. ) ;
#9041 = CARTESIAN_POINT ( 'NONE',  ( 23.28753429247973017, 13.82287565553229314, -23.28161218218567186 ) ) ;
#9042 = AXIS2_PLACEMENT_3D ( 'NONE', #9067, #6071, #520 ) ;
#9043 = AXIS2_PLACEMENT_3D ( 'NONE', #4045, #8594, #5774 ) ;
#9044 = EDGE_CURVE ( 'NONE', #4215, #4531, #4905, .T. ) ;
#9045 = CARTESIAN_POINT ( 'NONE',  ( 19.93623836877596034, 92.26917336134502534, 0.000000000000000000 ) ) ;
#9046 = CARTESIAN_POINT ( 'NONE',  ( 27.00000000000000000, 12.50000000000001421, -16.50000000000000000 ) ) ;
#9047 = DIRECTION ( 'NONE',  ( 0.000000000000000000, -1.000000000000000000, 0.000000000000000000 ) ) ;
#9048 = EDGE_CURVE ( 'NONE', #5493, #8434, #9169, .T. ) ;
#9049 = ORIENTED_EDGE ( 'NONE', *, *, #6229, .F. ) ;
#9050 = EDGE_CURVE ( 'NONE', #6630, #109, #3020, .T. ) ;
#9051 = DIRECTION ( 'NONE',  ( 0.000000000000000000, -1.000000000000000000, 0.000000000000000000 ) ) ;
#9052 = VECTOR ( 'NONE', #3361, 1000.000000000000000 ) ;
#9053 = DIRECTION ( 'NONE',  ( 0.5427066596637479812, 0.8399223068573764550, 0.000000000000000000 ) ) ;
#9054 = DIRECTION ( 'NONE',  ( 0.8660254037844399289, 0.4999999999999978351, 1.549392514930919952E-16 ) ) ;
#9055 = DIRECTION ( 'NONE',  ( 0.000000000000000000, -0.000000000000000000, -1.000000000000000000 ) ) ;
#9056 = LINE ( 'NONE', #6249, #1405 ) ;
#9057 = VERTEX_POINT ( 'NONE', #9215 ) ;
#9058 = CARTESIAN_POINT ( 'NONE',  ( 20.25000000000000355, 106.9403061905773740, -14.59999999999999787 ) ) ;
#9059 = EDGE_CURVE ( 'NONE', #4294, #604, #2792, .T. ) ;
#9060 = AXIS2_PLACEMENT_3D ( 'NONE', #8301, #1113, #6150 ) ;
#9061 = ADVANCED_FACE ( 'NONE', ( #4100 ), #8380, .F. ) ;
#9062 = ORIENTED_EDGE ( 'NONE', *, *, #7391, .F. ) ;
#9063 = LINE ( 'NONE', #1407, #8697 ) ;
#9064 = CARTESIAN_POINT ( 'NONE',  ( 28.21074092151681612, 2.507624693106023539, -20.16731334126464148 ) ) ;
#9065 = ORIENTED_EDGE ( 'NONE', *, *, #5494, .T. ) ;
#9066 = DIRECTION ( 'NONE',  ( 1.000000000000000000, -1.541976423090495387E-16, -0.000000000000000000 ) ) ;
#9067 = CARTESIAN_POINT ( 'NONE',  ( -23.55000000000000782, 106.9403061905773598, -14.59999999999999787 ) ) ;
#9068 = DIRECTION ( 'NONE',  ( 0.000000000000000000, 1.000000000000000000, 0.000000000000000000 ) ) ;
#9069 = CARTESIAN_POINT ( 'NONE',  ( 30.00000000000000000, 35.00000000000000000, -128.1790850899541852 ) ) ;
#9070 = ORIENTED_EDGE ( 'NONE', *, *, #8359, .F. ) ;
#9071 = ORIENTED_EDGE ( 'NONE', *, *, #2677, .T. ) ;
#9072 = ORIENTED_EDGE ( 'NONE', *, *, #5778, .F. ) ;
#9073 = AXIS2_PLACEMENT_3D ( 'NONE', #2886, #1569, #3742 ) ;
#9074 = VECTOR ( 'NONE', #703, 1000.000000000000227 ) ;
#9075 = CARTESIAN_POINT ( 'NONE',  ( 24.00000000000000355, 49.81447292170534524, -22.99999999999999289 ) ) ;
#9076 = FACE_OUTER_BOUND ( 'NONE', #1548, .T. ) ;
#9077 = DIRECTION ( 'NONE',  ( -1.000000000000000000, -1.541976423090495387E-16, -0.000000000000000000 ) ) ;
#9078 = CARTESIAN_POINT ( 'NONE',  ( 30.00000000000000355, 49.81447292170534524, -2.000000000000001776 ) ) ;
#9079 = ORIENTED_EDGE ( 'NONE', *, *, #4170, .T. ) ;
#9080 = DIRECTION ( 'NONE',  ( 0.000000000000000000, -1.000000000000000000, 0.000000000000000000 ) ) ;
#9081 = CIRCLE ( 'NONE', #3241, 1.049999999999998934 ) ;
#9082 = CARTESIAN_POINT ( 'NONE',  ( -29.22257133908451365, 2.888381764953697584, -21.36048541338008988 ) ) ;
#9083 = DIRECTION ( 'NONE',  ( 0.000000000000000000, 1.000000000000000000, 0.000000000000000000 ) ) ;
#9084 = TOROIDAL_SURFACE ( 'NONE', #2035, 9.000000000000001776, 3.000000000000000000 ) ;
#9085 = ORIENTED_EDGE ( 'NONE', *, *, #8359, .T. ) ;
#9086 = ORIENTED_EDGE ( 'NONE', *, *, #5058, .T. ) ;
#9087 = CARTESIAN_POINT ( 'NONE',  ( -0.000000000000000000, 60.10000000000000853, 0.000000000000000000 ) ) ;
#9088 = CIRCLE ( 'NONE', #8079, 2.000000000000000000 ) ;
#9089 = CARTESIAN_POINT ( 'NONE',  ( 30.00000000000000355, 49.81447292170534524, -23.00000000000000000 ) ) ;
#9090 = CARTESIAN_POINT ( 'NONE',  ( 23.00000000000000000, 18.33716540796992334, -22.00000000000000711 ) ) ;
#9091 = CARTESIAN_POINT ( 'NONE',  ( 22.54999999999997229, 118.9400000000000972, -24.99999999999999289 ) ) ;
#9092 = CARTESIAN_POINT ( 'NONE',  ( 30.00000000000000355, 49.81447292170534524, -128.1790850899541852 ) ) ;
#9093 = EDGE_LOOP ( 'NONE', ( #5590, #2283, #7748, #759 ) ) ;
#9094 = AXIS2_PLACEMENT_3D ( 'NONE', #8254, #6756, #3929 ) ;
#9095 = ADVANCED_FACE ( 'NONE', ( #1374 ), #7109, .F. ) ;
#9096 = LINE ( 'NONE', #5447, #6295 ) ;
#9097 = ADVANCED_FACE ( 'NONE', ( #3540 ), #1360, .T. ) ;
#9098 = CARTESIAN_POINT ( 'NONE',  ( -28.00000000000000000, 0.7009795153335967033, -16.62937814841744455 ) ) ;
#9099 = CIRCLE ( 'NONE', #4612, 5.999999999999998224 ) ;
#9100 = DIRECTION ( 'NONE',  ( 0.000000000000000000, -1.000000000000000000, 0.000000000000000000 ) ) ;
#9101 = DIRECTION ( 'NONE',  ( 0.000000000000000000, 1.000000000000000000, 0.000000000000000000 ) ) ;
#9102 = PLANE ( 'NONE',  #3067 ) ;
#9103 = ORIENTED_EDGE ( 'NONE', *, *, #7986, .T. ) ;
#9104 = CARTESIAN_POINT ( 'NONE',  ( -20.25000000000000000, 96.44000000000002615, -24.99999999999999289 ) ) ;
#9105 = AXIS2_PLACEMENT_3D ( 'NONE', #7669, #6956, #7235 ) ;
#9106 = VERTEX_POINT ( 'NONE', #2326 ) ;
#9107 = DIRECTION ( 'NONE',  ( 0.000000000000000000, 1.000000000000000000, 0.000000000000000000 ) ) ;
#9108 = B_SPLINE_CURVE_WITH_KNOTS ( 'NONE', 3,
 ( #4906, #2704, #6879, #534, #1150, #7768 ),
 .UNSPECIFIED., .F., .F.,
 ( 4, 2, 4 ),
 ( 0.000000000000000000, 0.001097898920171961126, 0.002195797840343922253 ),
 .UNSPECIFIED. ) ;
#9109 = ADVANCED_FACE ( 'NONE', ( #765 ), #8104, .F. ) ;
#9110 = CIRCLE ( 'NONE', #8530, 6.000000000000001776 ) ;
#9111 = CARTESIAN_POINT ( 'NONE',  ( 28.72054491039936508, 1.853789078472276808, -18.79275088872113031 ) ) ;
#9112 = ORIENTED_EDGE ( 'NONE', *, *, #3157, .F. ) ;
#9113 = CARTESIAN_POINT ( 'NONE',  ( 25.99999999999999645, 22.65000000000000924, -12.50000000000000000 ) ) ;
#9114 = ORIENTED_EDGE ( 'NONE', *, *, #7627, .F. ) ;
#9115 = LINE ( 'NONE', #3345, #3863 ) ;
#9116 = DIRECTION ( 'NONE',  ( -1.000000000000000000, -9.912705577010326782E-17, 0.000000000000000000 ) ) ;
#9117 = EDGE_LOOP ( 'NONE', ( #3025, #8058, #7901, #6258 ) ) ;
#9118 = ORIENTED_EDGE ( 'NONE', *, *, #8921, .T. ) ;
#9119 = ORIENTED_EDGE ( 'NONE', *, *, #2524, .T. ) ;
#9120 = CIRCLE ( 'NONE', #7942, 2.000000000000000000 ) ;
#9121 = DIRECTION ( 'NONE',  ( -0.5427066596637477591, -0.8399223068573764550, 0.000000000000000000 ) ) ;
#9122 = DIRECTION ( 'NONE',  ( 0.000000000000000000, 1.000000000000000000, 0.000000000000000000 ) ) ;
#9123 = CARTESIAN_POINT ( 'NONE',  ( -23.84770110250489950, 2.039167218793121794, -7.499999999999998224 ) ) ;
#9124 = DIRECTION ( 'NONE',  ( 0.000000000000000000, 0.000000000000000000, -1.000000000000000000 ) ) ;
#9125 = ORIENTED_EDGE ( 'NONE', *, *, #7034, .F. ) ;
#9126 = CARTESIAN_POINT ( 'NONE',  ( 26.53553264092518305, 104.4400000000000261, -64.24026954858457827 ) ) ;
#9127 = VECTOR ( 'NONE', #6889, 1000.000000000000000 ) ;
#9128 = DIRECTION ( 'NONE',  ( 9.912705577010326782E-17, -1.000000000000000000, -0.000000000000000000 ) ) ;
#9129 = CARTESIAN_POINT ( 'NONE',  ( -25.74737230856512937, 104.7903061905773541, -14.59999999999999432 ) ) ;
#9130 = ORIENTED_EDGE ( 'NONE', *, *, #3080, .F. ) ;
#9131 = EDGE_LOOP ( 'NONE', ( #4472, #3276, #2106, #6524, #7671 ) ) ;
#9132 = DIRECTION ( 'NONE',  ( 0.000000000000000000, -1.000000000000000000, 0.000000000000000000 ) ) ;
#9133 = VECTOR ( 'NONE', #3302, 1000.000000000000000 ) ;
#9134 = DIRECTION ( 'NONE',  ( 0.000000000000000000, 0.000000000000000000, 1.000000000000000000 ) ) ;
#9135 = EDGE_CURVE ( 'NONE', #5798, #3039, #2573, .T. ) ;
#9136 = DIRECTION ( 'NONE',  ( 3.304235192336775512E-16, 1.000000000000000000, 0.000000000000000000 ) ) ;
#9137 = FACE_OUTER_BOUND ( 'NONE', #8149, .T. ) ;
#9138 = DIRECTION ( 'NONE',  ( -0.8660254037844400399, 0.4999999999999978351, -1.549392514930919706E-16 ) ) ;
#9139 = AXIS2_PLACEMENT_3D ( 'NONE', #1528, #820, #677 ) ;
#9140 = ORIENTED_EDGE ( 'NONE', *, *, #3769, .F. ) ;
#9141 = ADVANCED_FACE ( 'NONE', ( #956 ), #8613, .T. ) ;
#9142 = CIRCLE ( 'NONE', #3602, 5.000000000000000888 ) ;
#9143 = ADVANCED_FACE ( 'NONE', ( #7251 ), #6165, .T. ) ;
#9144 = DIRECTION ( 'NONE',  ( 1.000000000000000000, 1.541976423090495387E-16, 0.000000000000000000 ) ) ;
#9145 = LINE ( 'NONE', #6245, #8364 ) ;
#9146 = EDGE_CURVE ( 'NONE', #2688, #154, #1515, .T. ) ;
#9147 = AXIS2_PLACEMENT_3D ( 'NONE', #2141, #7310, #7163 ) ;
#9148 = DIRECTION ( 'NONE',  ( 1.000000000000000000, -0.000000000000000000, -0.000000000000000000 ) ) ;
#9149 = CARTESIAN_POINT ( 'NONE',  ( -8.586881039375560576, 80.80934643409020168, -9.000000000000001776 ) ) ;
#9150 = CARTESIAN_POINT ( 'NONE',  ( 22.24999999999998579, 113.9403061905773598, -21.59999999999999787 ) ) ;
#9151 = ORIENTED_EDGE ( 'NONE', *, *, #1122, .F. ) ;
#9152 = LINE ( 'NONE', #4126, #6544 ) ;
#9153 = CIRCLE ( 'NONE', #5127, 1.049999999999998934 ) ;
#9154 = ORIENTED_EDGE ( 'NONE', *, *, #4463, .T. ) ;
#9155 = CARTESIAN_POINT ( 'NONE',  ( -10.27340178588798913, 58.89422863405996367, -3.000000000000002665 ) ) ;
#9156 = VECTOR ( 'NONE', #811, 1000.000000000000000 ) ;
#9157 = EDGE_CURVE ( 'NONE', #4556, #7951, #8567, .T. ) ;
#9158 = CARTESIAN_POINT ( 'NONE',  ( -29.99999999999999645, 12.49999999999988276, -20.49999999999977618 ) ) ;
#9159 = ORIENTED_EDGE ( 'NONE', *, *, #2054, .T. ) ;
#9160 = CARTESIAN_POINT ( 'NONE',  ( 11.26830527994896336, 71.48374507372810172, -23.00000000000000000 ) ) ;
#9161 = CARTESIAN_POINT ( 'NONE',  ( 24.00000000000002487, 12.50000000000000355, -2.349999999999999645 ) ) ;
#9162 = CARTESIAN_POINT ( 'NONE',  ( -37.75000000000000711, 113.9403061905773598, -21.59999999999999787 ) ) ;
#9164 = EDGE_CURVE ( 'NONE', #2030, #4573, #7961, .T. ) ;
#9163 = VERTEX_POINT ( 'NONE', #5934 ) ;
#9165 = ORIENTED_EDGE ( 'NONE', *, *, #8927, .F. ) ;
#9166 = VERTEX_POINT ( 'NONE', #5050 ) ;
#9167 = DIRECTION ( 'NONE',  ( -1.000000000000000000, -1.892425610156517122E-16, -0.000000000000000000 ) ) ;
#9168 = CYLINDRICAL_SURFACE ( 'NONE', #4096, 2.000000000000000000 ) ;
#9169 = LINE ( 'NONE', #7767, #607 ) ;
#9170 = CARTESIAN_POINT ( 'NONE',  ( 26.00000000000000000, 13.82287565553228958, -27.00000000000000355 ) ) ;
#9171 = ORIENTED_EDGE ( 'NONE', *, *, #5826, .T. ) ;
#9172 = DIRECTION ( 'NONE',  ( 1.000000000000000000, 0.000000000000000000, 0.000000000000000000 ) ) ;
#9173 = DIRECTION ( 'NONE',  ( 0.000000000000000000, 1.000000000000000000, 0.000000000000000000 ) ) ;
#9174 = CARTESIAN_POINT ( 'NONE',  ( -23.64218030817207961, 107.9675401894567983, -16.49330726776240041 ) ) ;
#9175 = EDGE_CURVE ( 'NONE', #1499, #2834, #2233, .T. ) ;
#9176 = ORIENTED_EDGE ( 'NONE', *, *, #7792, .F. ) ;
#9177 = ORIENTED_EDGE ( 'NONE', *, *, #2119, .T. ) ;
#9178 = DIRECTION ( 'NONE',  ( 0.000000000000000000, 0.000000000000000000, -1.000000000000000000 ) ) ;
#9179 = CARTESIAN_POINT ( 'NONE',  ( 23.57734342758550738, 108.4005294580306327, -16.18376515779186064 ) ) ;
#9180 = CARTESIAN_POINT ( 'NONE',  ( -17.75000000000019540, 96.05957188241990252, -15.65739561406607372 ) ) ;
#9181 = CARTESIAN_POINT ( 'NONE',  ( -37.75000000000000711, 113.9403061905773598, -22.49999999999999645 ) ) ;
#9182 = CARTESIAN_POINT ( 'NONE',  ( -29.99999999999999645, 13.82287565553229136, -27.00000000000000355 ) ) ;
#9183 = ORIENTED_EDGE ( 'NONE', *, *, #5426, .F. ) ;
#9184 = ORIENTED_EDGE ( 'NONE', *, *, #1201, .F. ) ;
#9185 = CIRCLE ( 'NONE', #8596, 10.50000000000000000 ) ;
#9186 = CARTESIAN_POINT ( 'NONE',  ( 20.25000000000000000, 118.9400000000000261, -128.1790850899541852 ) ) ;
#9187 = AXIS2_PLACEMENT_3D ( 'NONE', #7136, #4804, #4372 ) ;
#9188 = CARTESIAN_POINT ( 'NONE',  ( 21.92984461371476002, 95.35458668067253996, -25.00000000000000000 ) ) ;
#9189 = PLANE ( 'NONE',  #8825 ) ;
#9190 = CARTESIAN_POINT ( 'NONE',  ( 23.00000000000000000, 12.50000000000000355, -12.50000000000000000 ) ) ;
#9191 = DIRECTION ( 'NONE',  ( 1.000000000000000000, -1.541976423090495387E-16, 0.000000000000000000 ) ) ;
#9192 = ADVANCED_FACE ( 'NONE', ( #6686 ), #5193, .F. ) ;
#9193 = ORIENTED_EDGE ( 'NONE', *, *, #2062, .F. ) ;
#9194 = DIRECTION ( 'NONE',  ( 1.000000000000000000, 0.000000000000000000, 0.000000000000000000 ) ) ;
#9195 = VECTOR ( 'NONE', #5146, 1000.000000000000000 ) ;
#9196 = EDGE_CURVE ( 'NONE', #6380, #9166, #2883, .T. ) ;
#9197 = ORIENTED_EDGE ( 'NONE', *, *, #1145, .F. ) ;
#9198 = CARTESIAN_POINT ( 'NONE',  ( 58.00000000000002132, 18.15685424949230864, -18.15685424949224469 ) ) ;
#9199 = EDGE_CURVE ( 'NONE', #6873, #489, #3310, .T. ) ;
#9200 = AXIS2_PLACEMENT_3D ( 'NONE', #975, #7416, #5911 ) ;
#9201 = CARTESIAN_POINT ( 'NONE',  ( 28.58075232248108932, 2.579550015611803193, -20.12580813820592596 ) ) ;
#9202 = PERSON_AND_ORGANIZATION ( #472, #468 ) ;
#9203 = ORIENTED_EDGE ( 'NONE', *, *, #6129, .T. ) ;
#9204 = FACE_OUTER_BOUND ( 'NONE', #5154, .T. ) ;
#9205 = CARTESIAN_POINT ( 'NONE',  ( -25.99999999999999645, 12.50000000000020250, -4.499999999999771738 ) ) ;
#9206 = CARTESIAN_POINT ( 'NONE',  ( 0.000000000000000000, 83.52616047165487601, -25.00000000000000000 ) ) ;
#9207 = ORIENTED_EDGE ( 'NONE', *, *, #4726, .F. ) ;
#9208 = ORIENTED_EDGE ( 'NONE', *, *, #6850, .T. ) ;
#9209 = ORIENTED_EDGE ( 'NONE', *, *, #8169, .F. ) ;
#9210 = ORIENTED_EDGE ( 'NONE', *, *, #726, .F. ) ;
#9211 = EDGE_CURVE ( 'NONE', #5601, #7870, #3174, .T. ) ;
#9212 = EDGE_CURVE ( 'NONE', #5931, #7388, #5714, .T. ) ;
#9213 = CARTESIAN_POINT ( 'NONE',  ( 12.94814989366370739, 70.39833175440060131, -2.000000000000001776 ) ) ;
#9214 = CARTESIAN_POINT ( 'NONE',  ( -26.25000000000000355, 102.3196380149609155, -23.00000000000000000 ) ) ;
#9215 = CARTESIAN_POINT ( 'NONE',  ( -23.99999999999999289, 19.45000000000000639, -12.50000000000000000 ) ) ;
#9216 = CARTESIAN_POINT ( 'NONE',  ( 23.00000000000000000, 13.82287565553228958, -27.00000000000000355 ) ) ;
#9217 = ORIENTED_EDGE ( 'NONE', *, *, #4326, .F. ) ;
#9218 = DIRECTION ( 'NONE',  ( -1.000000000000000000, 0.000000000000000000, -0.000000000000000000 ) ) ;
#9219 = CARTESIAN_POINT ( 'NONE',  ( -28.17526321041469828, 2.500000000000001332, -21.78708781050336540 ) ) ;
#9220 = CARTESIAN_POINT ( 'NONE',  ( -25.74737230856511871, 104.7903061905773257, -14.87146155441480566 ) ) ;
#9221 = ORIENTED_EDGE ( 'NONE', *, *, #723, .T. ) ;
#9222 = ORIENTED_EDGE ( 'NONE', *, *, #4326, .T. ) ;
#9223 = CONICAL_SURFACE ( 'NONE', #4729, 10.15000000000000036, 0.7853981633974509435 ) ;
#9224 = CIRCLE ( 'NONE', #7289, 8.000000000000000000 ) ;
#9225 = FACE_OUTER_BOUND ( 'NONE', #2329, .T. ) ;
#9226 = DIRECTION ( 'NONE',  ( 0.000000000000000000, 0.000000000000000000, 1.000000000000000000 ) ) ;
#9227 = EDGE_CURVE ( 'NONE', #4507, #1077, #1067, .T. ) ;
#9228 = FACE_OUTER_BOUND ( 'NONE', #1685, .T. ) ;
#9229 = EDGE_CURVE ( 'NONE', #3519, #1114, #1565, .T. ) ;
#9230 = CIRCLE ( 'NONE', #4443, 2.149999999999999023 ) ;
#9231 = ORIENTED_EDGE ( 'NONE', *, *, #3489, .T. ) ;
#9232 = AXIS2_PLACEMENT_3D ( 'NONE', #7876, #7176, #4406 ) ;
#9233 = DIRECTION ( 'NONE',  ( 1.000000000000000000, 0.000000000000000000, 0.000000000000000000 ) ) ;
#9234 = CARTESIAN_POINT ( 'NONE',  ( 10.27340178588798736, 58.89422863405996367, -3.000000000000000000 ) ) ;
#9235 = VERTEX_POINT ( 'NONE', #7304 ) ;
#9236 = VERTEX_POINT ( 'NONE', #865 ) ;
#9237 = AXIS2_PLACEMENT_3D ( 'NONE', #459, #2624, #5490 ) ;
#9238 = AXIS2_PLACEMENT_3D ( 'NONE', #6580, #5223, #8085 ) ;
#9239 = CARTESIAN_POINT ( 'NONE',  ( -25.74737230856512937, 104.7903061905773541, -14.59999999999999432 ) ) ;
#9240 = CARTESIAN_POINT ( 'NONE',  ( 28.55000000000000071, 108.9309918853872290, -23.00000000000000000 ) ) ;
#9241 = DIRECTION ( 'NONE',  ( -1.000000000000000000, 1.541976423090495387E-16, -0.000000000000000000 ) ) ;
#9242 = CARTESIAN_POINT ( 'NONE',  ( -17.00155164700865384, 96.44000000000002615, -15.11361605560214372 ) ) ;
#9243 = CARTESIAN_POINT ( 'NONE',  ( 25.99999999999999645, 18.15685424949253957, -6.843145750507550140 ) ) ;
#9244 = VERTEX_POINT ( 'NONE', #7618 ) ;
#9245 = AXIS2_PLACEMENT_3D ( 'NONE', #4570, #1130, #8931 ) ;
#9246 = ORIENTED_EDGE ( 'NONE', *, *, #5564, .F. ) ;
#9247 = VECTOR ( 'NONE', #3684, 1000.000000000000000 ) ;
#9248 = DIRECTION ( 'NONE',  ( 0.000000000000000000, -1.000000000000000000, 0.000000000000000000 ) ) ;
#9249 = CARTESIAN_POINT ( 'NONE',  ( 29.23937039259046955, 2.221202318244924978, -18.83730608755109870 ) ) ;
#9250 = ORIENTED_EDGE ( 'NONE', *, *, #4156, .T. ) ;
#9251 = CARTESIAN_POINT ( 'NONE',  ( 25.99999999999999645, 20.30685424949230011, -18.15685424949224469 ) ) ;
#9252 = FACE_BOUND ( 'NONE', #194, .T. ) ;
#9253 = AXIS2_PLACEMENT_3D ( 'NONE', #1075, #5362, #8965 ) ;
#9254 = DIRECTION ( 'NONE',  ( 1.000000000000000000, -0.000000000000000000, -0.000000000000000000 ) ) ;
#9255 = VERTEX_POINT ( 'NONE', #4617 ) ;
#9256 = ORIENTED_EDGE ( 'NONE', *, *, #5551, .F. ) ;
#9257 = ORIENTED_EDGE ( 'NONE', *, *, #1029, .F. ) ;
#9258 = CIRCLE ( 'NONE', #4181, 0.8999999999999998002 ) ;
#9259 = ADVANCED_FACE ( 'NONE', ( #8317 ), #6117, .T. ) ;
#9260 = CARTESIAN_POINT ( 'NONE',  ( 26.25000000000000355, 102.3196380149609865, -23.00000000000000000 ) ) ;
#9261 = DIRECTION ( 'NONE',  ( -0.000000000000000000, 1.000000000000000000, -0.000000000000000000 ) ) ;
#9262 = CARTESIAN_POINT ( 'NONE',  ( -24.87906706703271098, 1.265187046592040954, -7.500000000000001776 ) ) ;
#9263 = DIRECTION ( 'NONE',  ( 1.000000000000000000, 0.000000000000000000, 0.000000000000000000 ) ) ;
#9264 = ORIENTED_EDGE ( 'NONE', *, *, #6807, .T. ) ;
#9265 = DIRECTION ( 'NONE',  ( 1.000000000000000000, 1.360567432138672574E-16, 0.000000000000000000 ) ) ;
#9266 = ADVANCED_FACE ( 'NONE', ( #3995 ), #12, .T. ) ;
#9267 = DIRECTION ( 'NONE',  ( -0.000000000000000000, 0.000000000000000000, 1.000000000000000000 ) ) ;
#9268 = LINE ( 'NONE', #3547, #4260 ) ;
#9269 = ORIENTED_EDGE ( 'NONE', *, *, #4460, .F. ) ;
#9270 = EDGE_LOOP ( 'NONE', ( #8060, #341, #9207, #2127 ) ) ;
#9271 = CARTESIAN_POINT ( 'NONE',  ( 25.00000000000000355, 4.836939253796808558, -7.500000000000007105 ) ) ;
#9272 = DIRECTION ( 'NONE',  ( 1.000000000000000000, -1.541976423090495387E-16, -0.000000000000000000 ) ) ;
#9273 = B_SPLINE_CURVE_WITH_KNOTS ( 'NONE', 3,
 ( #928, #3795, #5158, #8022, #5254, #7924, #28, #4451 ),
 .UNSPECIFIED., .F., .F.,
 ( 4, 2, 2, 4 ),
 ( 0.000000000000000000, 0.0003204606551340505836, 0.0006409213102681011673, 0.001281842620536205804 ),
 .UNSPECIFIED. ) ;
#9274 = ADVANCED_FACE ( 'NONE', ( #7522 ), #2464, .T. ) ;
#9275 = AXIS2_PLACEMENT_3D ( 'NONE', #276, #8208, #322 ) ;
#9276 = CARTESIAN_POINT ( 'NONE',  ( -1.336881039375571234, 80.80934643409020168, -15.65739561406607727 ) ) ;
#9277 = CARTESIAN_POINT ( 'NONE',  ( -10.75000000000019895, 80.80934643409020168, -15.65739561406607727 ) ) ;
#9278 = EDGE_LOOP ( 'NONE', ( #7920, #8749, #7286, #3611, #1453 ) ) ;
#9279 = EDGE_CURVE ( 'NONE', #3128, #9106, #482, .T. ) ;
#9280 = LINE ( 'NONE', #1347, #4449 ) ;
#9281 = DIRECTION ( 'NONE',  ( 0.000000000000000000, -1.000000000000000000, -1.734723475976807094E-15 ) ) ;
#9282 = ORIENTED_EDGE ( 'NONE', *, *, #2004, .F. ) ;
#9283 = ORIENTED_EDGE ( 'NONE', *, *, #6233, .F. ) ;
#9284 = AXIS2_PLACEMENT_3D ( 'NONE', #8187, #345, #1751 ) ;
#9285 = FACE_BOUND ( 'NONE', #8026, .T. ) ;
#9286 = ADVANCED_FACE ( 'NONE', ( #7435 ), #6770, .F. ) ;
#9287 = CARTESIAN_POINT ( 'NONE',  ( 16.57654914134644741, 96.44000000000002615, -2.000000000000000000 ) ) ;
#9288 = CARTESIAN_POINT ( 'NONE',  ( 29.96483770051921525, 3.870623137551726600, -19.13857553536561085 ) ) ;
#9289 = CARTESIAN_POINT ( 'NONE',  ( 25.99999999999999645, 12.49999999999987388, -20.49999999999977618 ) ) ;
#9290 = AXIS2_PLACEMENT_3D ( 'NONE', #4785, #87, #788 ) ;
#9291 = CARTESIAN_POINT ( 'NONE',  ( 9.923762078750520743, 80.80934643409020168, -13.11449676604731174 ) ) ;
#9292 = DIRECTION ( 'NONE',  ( 0.8660254037844397068, -0.4999999999999979461, 0.000000000000000000 ) ) ;
#9293 = ORIENTED_EDGE ( 'NONE', *, *, #3862, .F. ) ;
#9294 = CIRCLE ( 'NONE', #7644, 2.000000000000000000 ) ;
#9295 = CARTESIAN_POINT ( 'NONE',  ( -24.99999999999999645, 4.836939253778027137, -17.50000000000000000 ) ) ;
ENDSEC;
END-ISO-10303-21;
