ISO-10303-21;
HEADER;
FILE_DESCRIPTION (( 'STEP AP203' ),
    '1' );
FILE_NAME ('star102_link2.STEP',
    '2026-04-29T07:29:41',
    ( '' ),
    ( '' ),
    'SwSTEP 2.0',
    'SolidWorks 2021',
    '' );
FILE_SCHEMA (( 'CONFIG_CONTROL_DESIGN' ));
ENDSEC;

DATA;
#1 = ORIENTED_EDGE ( 'NONE', *, *, #5695, .F. ) ;
#2 = AXIS2_PLACEMENT_3D ( 'NONE', #7251, #3619, #8556 ) ;
#3 = CARTESIAN_POINT ( 'NONE',  ( 23.62135886097586024, 108.0821200989301190, -16.42664374865698917 ) ) ;
#4 = CARTESIAN_POINT ( 'NONE',  ( 21.54999999999997939, 118.9400000000000261, 0.000000000000000000 ) ) ;
#5 = ORIENTED_EDGE ( 'NONE', *, *, #7697, .F. ) ;
#6 = CARTESIAN_POINT ( 'NONE',  ( -28.00000000000000000, 12.50000000000000888, -8.500000000000000000 ) ) ;
#7 = CARTESIAN_POINT ( 'NONE',  ( 23.88430092267402571, 3.529349163940761258, -7.500000000000007105 ) ) ;
#8 = EDGE_LOOP ( 'NONE', ( #5337, #4551, #6808, #6899 ) ) ;
#9 = VECTOR ( 'NONE', #7730, 1000.000000000000000 ) ;
#10 = AXIS2_PLACEMENT_3D ( 'NONE', #4752, #2622, #3195 ) ;
#11 = DIRECTION ( 'NONE',  ( 0.000000000000000000, -1.000000000000000000, 0.000000000000000000 ) ) ;
#12 = ADVANCED_FACE ( 'NONE', ( #7179 ), #2648, .T. ) ;
#13 = EDGE_CURVE ( 'NONE', #7064, #375, #2214, .T. ) ;
#14 = AXIS2_PLACEMENT_3D ( 'NONE', #6811, #366, #5395 ) ;
#15 = VERTEX_POINT ( 'NONE', #1975 ) ;
#16 = CARTESIAN_POINT ( 'NONE',  ( 58.00000000000002132, 11.45000000000021778, -4.499999999999771738 ) ) ;
#17 = CC_DESIGN_APPROVAL ( #6334, ( #4833 ) ) ;
#18 = CARTESIAN_POINT ( 'NONE',  ( 23.00000000000000000, 18.33716540796992334, -22.00000000000000711 ) ) ;
#19 = CARTESIAN_POINT ( 'NONE',  ( 16.57654914134644741, 94.44000000000002615, -23.00000000000000000 ) ) ;
#20 = VECTOR ( 'NONE', #6051, 1000.000000000000000 ) ;
#21 = FACE_OUTER_BOUND ( 'NONE', #1013, .T. ) ;
#22 = ORIENTED_EDGE ( 'NONE', *, *, #3763, .F. ) ;
#23 = CARTESIAN_POINT ( 'NONE',  ( -18.25639375506120032, 93.35458668067252574, -128.1790850899541852 ) ) ;
#24 = EDGE_CURVE ( 'NONE', #5934, #3168, #5697, .T. ) ;
#25 = EDGE_CURVE ( 'NONE', #5160, #464, #2521, .T. ) ;
#26 = DIRECTION ( 'NONE',  ( -0.000000000000000000, 2.029344161882401514E-31, -1.000000000000000000 ) ) ;
#27 = DIRECTION ( 'NONE',  ( -0.000000000000000000, 0.000000000000000000, 1.000000000000000000 ) ) ;
#28 = DIRECTION ( 'NONE',  ( 1.000000000000000000, -1.541976423090494844E-15, 0.000000000000000000 ) ) ;
#29 = CARTESIAN_POINT ( 'NONE',  ( -27.27181588347655961, 1.031036805903016829, -7.528465961808443296 ) ) ;
#31 = ORIENTED_EDGE ( 'NONE', *, *, #4584, .F. ) ;
#30 = AXIS2_PLACEMENT_3D ( 'NONE', #3174, #8165, #2368 ) ;
#32 = DIRECTION ( 'NONE',  ( 0.5427066596637512008, 0.8399223068573745676, -0.000000000000000000 ) ) ;
#33 = ORIENTED_EDGE ( 'NONE', *, *, #4798, .T. ) ;
#34 = CARTESIAN_POINT ( 'NONE',  ( -23.99999999999999645, 12.50000000000000888, -12.50000000000000000 ) ) ;
#35 = EDGE_LOOP ( 'NONE', ( #4448, #8029, #5881, #6031 ) ) ;
#36 = DIRECTION ( 'NONE',  ( 1.000000000000000000, -0.000000000000000000, -0.000000000000000000 ) ) ;
#37 = AXIS2_PLACEMENT_3D ( 'NONE', #8990, #7496, #6797 ) ;
#38 = DIRECTION ( 'NONE',  ( 0.3090169943749457304, -1.053076637743356006E-16, 0.9510565162951540863 ) ) ;
#39 = CARTESIAN_POINT ( 'NONE',  ( -29.16381513161559980, 2.851008457111635863, -19.98455304201887728 ) ) ;
#40 = FACE_OUTER_BOUND ( 'NONE', #8437, .T. ) ;
#41 = CARTESIAN_POINT ( 'NONE',  ( -26.25000000000000355, 102.3196380149609155, -25.00000000000000000 ) ) ;
#42 = ORIENTED_EDGE ( 'NONE', *, *, #8093, .F. ) ;
#43 = CARTESIAN_POINT ( 'NONE',  ( 27.00000000000000000, 1.043560762610397319, -17.50000000000000000 ) ) ;
#44 = CARTESIAN_POINT ( 'NONE',  ( 29.22258994559950906, 2.888395000116299460, -21.36047057231111879 ) ) ;
#45 = ORIENTED_EDGE ( 'NONE', *, *, #217, .T. ) ;
#46 = AXIS2_PLACEMENT_3D ( 'NONE', #6032, #248, #5983 ) ;
#47 = ADVANCED_FACE ( 'NONE', ( #8183 ), #5987, .T. ) ;
#48 = VERTEX_POINT ( 'NONE', #2394 ) ;
#49 = DIRECTION ( 'NONE',  ( 0.000000000000000000, -1.000000000000000000, 0.000000000000000000 ) ) ;
#50 = ORIENTED_EDGE ( 'NONE', *, *, #7254, .T. ) ;
#51 = CARTESIAN_POINT ( 'NONE',  ( 25.28864943230722417, 105.1399817386820956, -15.78087877598473909 ) ) ;
#52 = CARTESIAN_POINT ( 'NONE',  ( 25.99999999999999645, 13.54999999999987459, -20.49999999999977618 ) ) ;
#53 = ORIENTED_EDGE ( 'NONE', *, *, #6778, .T. ) ;
#54 = FACE_OUTER_BOUND ( 'NONE', #1756, .T. ) ;
#55 = CARTESIAN_POINT ( 'NONE',  ( -25.99999999999999645, 11.45000000000020179, -4.499999999999771738 ) ) ;
#56 = ORIENTED_EDGE ( 'NONE', *, *, #1369, .T. ) ;
#57 = FACE_OUTER_BOUND ( 'NONE', #2759, .T. ) ;
#58 = ORIENTED_EDGE ( 'NONE', *, *, #771, .F. ) ;
#59 = CARTESIAN_POINT ( 'NONE',  ( -23.99999999999999645, 12.50000000000001066, -12.50000000000000000 ) ) ;
#60 = LINE ( 'NONE', #4231, #7501 ) ;
#61 = CARTESIAN_POINT ( 'NONE',  ( -23.99999999999999289, 20.50000000000000355, -12.50000000000000000 ) ) ;
#62 = EDGE_CURVE ( 'NONE', #5053, #8550, #1723, .T. ) ;
#63 = CARTESIAN_POINT ( 'NONE',  ( 21.55000000000018190, 3.738329090730050843E-14, -23.00000000000000000 ) ) ;
#64 = ORIENTED_EDGE ( 'NONE', *, *, #1325, .T. ) ;
#65 = LINE ( 'NONE', #2820, #5593 ) ;
#66 = CARTESIAN_POINT ( 'NONE',  ( -29.67960346863937460, 3.414213562373080713, -24.91421356237309581 ) ) ;
#67 = LINE ( 'NONE', #6364, #3126 ) ;
#68 = ADVANCED_FACE ( 'NONE', ( #3907 ), #6647, .F. ) ;
#69 = EDGE_CURVE ( 'NONE', #6317, #1242, #7795, .T. ) ;
#70 = CARTESIAN_POINT ( 'NONE',  ( 25.00000000000000355, 12.50000000000001421, -18.50000000000000355 ) ) ;
#71 = VERTEX_POINT ( 'NONE', #8144 ) ;
#72 = DIRECTION ( 'NONE',  ( 0.000000000000000000, 1.000000000000000000, 2.891205793294678622E-15 ) ) ;
#73 = VERTEX_POINT ( 'NONE', #5369 ) ;
#74 = DIRECTION ( 'NONE',  ( 1.000000000000000000, 1.734723475976807292E-15, -8.787991997524760300E-17 ) ) ;
#75 = ORIENTED_EDGE ( 'NONE', *, *, #2579, .F. ) ;
#76 = CARTESIAN_POINT ( 'NONE',  ( 25.99999999999999645, 18.15685424949230153, -18.15685424949224469 ) ) ;
#77 = CARTESIAN_POINT ( 'NONE',  ( -28.46506871813549466, 1.755361521514929191, -18.78200788648804931 ) ) ;
#78 = VECTOR ( 'NONE', #7940, 1000.000000000000000 ) ;
#79 = DIRECTION ( 'NONE',  ( 0.000000000000000000, -1.000000000000000000, 0.000000000000000000 ) ) ;
#80 = LINE ( 'NONE', #7269, #8709 ) ;
#81 = ORIENTED_EDGE ( 'NONE', *, *, #3433, .F. ) ;
#82 = LINE ( 'NONE', #2928, #6713 ) ;
#83 = CARTESIAN_POINT ( 'NONE',  ( 29.99999999999999289, 4.500000000000000888, -19.30073525436772286 ) ) ;
#84 = VERTEX_POINT ( 'NONE', #1636 ) ;
#85 = AXIS2_PLACEMENT_3D ( 'NONE', #1024, #3889, #2461 ) ;
#86 = ORIENTED_EDGE ( 'NONE', *, *, #2085, .T. ) ;
#87 = LINE ( 'NONE', #793, #4775 ) ;
#88 = EDGE_CURVE ( 'NONE', #2867, #2190, #4333, .T. ) ;
#89 = ORIENTED_EDGE ( 'NONE', *, *, #120, .T. ) ;
#90 = DIRECTION ( 'NONE',  ( 1.000000000000000000, -1.541976423090495387E-16, 0.000000000000000000 ) ) ;
#91 = CYLINDRICAL_SURFACE ( 'NONE', #3227, 2.149999999999999023 ) ;
#92 = EDGE_LOOP ( 'NONE', ( #2127, #5021 ) ) ;
#93 = FACE_OUTER_BOUND ( 'NONE', #7151, .T. ) ;
#94 = CARTESIAN_POINT ( 'NONE',  ( 17.98768373480796612, 67.14209179641811431, -22.99999999999999289 ) ) ;
#95 = ORIENTED_EDGE ( 'NONE', *, *, #6028, .F. ) ;
#96 = CARTESIAN_POINT ( 'NONE',  ( -37.75000000000000711, 113.9403061905773598, -21.59999999999999787 ) ) ;
#97 = ORIENTED_EDGE ( 'NONE', *, *, #5592, .T. ) ;
#98 = VECTOR ( 'NONE', #2561, 1000.000000000000000 ) ;
#99 = DIRECTION ( 'NONE',  ( 1.734723475976807292E-15, -1.000000000000000000, 0.000000000000000000 ) ) ;
#100 = AXIS2_PLACEMENT_3D ( 'NONE', #3078, #3750, #6629 ) ;
#101 = EDGE_CURVE ( 'NONE', #9238, #5509, #1681, .T. ) ;
#102 = CARTESIAN_POINT ( 'NONE',  ( -23.55000000000000782, 108.9309918853871579, 1.012844024461276027E-30 ) ) ;
#103 = DATE_AND_TIME ( #3757, #6767 ) ;
#104 = DIRECTION ( 'NONE',  ( 0.000000000000000000, 0.000000000000000000, -1.000000000000000000 ) ) ;
#105 = ORIENTED_EDGE ( 'NONE', *, *, #499, .T. ) ;
#106 = CIRCLE ( 'NONE', #8953, 5.999999999999998224 ) ;
#107 = AXIS2_PLACEMENT_3D ( 'NONE', #2128, #7272, #5866 ) ;
#108 = CARTESIAN_POINT ( 'NONE',  ( 27.80831327735401715, 0.8779216665812790144, -17.10298435012850504 ) ) ;
#109 = CIRCLE ( 'NONE', #1450, 2.150000000000012790 ) ;
#110 = CARTESIAN_POINT ( 'NONE',  ( 19.99999999999998934, 49.81447292170534524, -3.000000000000000000 ) ) ;
#111 = TOROIDAL_SURFACE ( 'NONE', #1299, 9.500000000000001776, 3.000000000000000000 ) ;
#112 = DIRECTION ( 'NONE',  ( -0.5877852522924734702, 0.000000000000000000, 0.8090169943749472292 ) ) ;
#113 = VERTEX_POINT ( 'NONE', #6743 ) ;
#114 = DIRECTION ( 'NONE',  ( 1.000000000000000000, -1.541976423090495387E-16, -0.000000000000000000 ) ) ;
#115 = ORIENTED_EDGE ( 'NONE', *, *, #5808, .F. ) ;
#116 = DIRECTION ( 'NONE',  ( 0.000000000000000000, 1.000000000000000000, 0.000000000000000000 ) ) ;
#117 = ORIENTED_EDGE ( 'NONE', *, *, #6463, .T. ) ;
#118 = CIRCLE ( 'NONE', #8823, 0.8999999999999980238 ) ;
#119 = ADVANCED_FACE ( 'NONE', ( #2295, #302 ), #5186, .T. ) ;
#120 = EDGE_CURVE ( 'NONE', #2298, #7265, #3048, .T. ) ;
#121 = DIRECTION ( 'NONE',  ( 0.000000000000000000, 1.000000000000000000, 0.000000000000000000 ) ) ;
#122 = CARTESIAN_POINT ( 'NONE',  ( -29.90105210952443215, 3.875403594782242944, -20.16475857594785737 ) ) ;
#123 = AXIS2_PLACEMENT_3D ( 'NONE', #3981, #1028, #6169 ) ;
#124 = DIRECTION ( 'NONE',  ( 1.000000000000000000, 0.000000000000000000, 0.000000000000000000 ) ) ;
#125 = LINE ( 'NONE', #4572, #6618 ) ;
#126 = ORIENTED_EDGE ( 'NONE', *, *, #2046, .F. ) ;
#127 = CARTESIAN_POINT ( 'NONE',  ( 23.59111074327616109, 11.02418076008520309, -25.49999999999999289 ) ) ;
#128 = FACE_OUTER_BOUND ( 'NONE', #2428, .T. ) ;
#129 = ORIENTED_EDGE ( 'NONE', *, *, #4413, .T. ) ;
#130 = ORIENTED_EDGE ( 'NONE', *, *, #3645, .F. ) ;
#131 = EDGE_CURVE ( 'NONE', #1752, #8639, #7012, .T. ) ;
#132 = ORIENTED_EDGE ( 'NONE', *, *, #6272, .T. ) ;
#133 = CYLINDRICAL_SURFACE ( 'NONE', #6445, 1.999999999999998224 ) ;
#134 = CIRCLE ( 'NONE', #3421, 3.000000000000002220 ) ;
#135 = CARTESIAN_POINT ( 'NONE',  ( 25.72823434151570154, 104.8031044571827408, -14.86865308827653820 ) ) ;
#136 = CARTESIAN_POINT ( 'NONE',  ( -9.923762078750934634, 80.80934643409020168, -13.11449676604731174 ) ) ;
#137 = ORIENTED_EDGE ( 'NONE', *, *, #1760, .T. ) ;
#138 = CARTESIAN_POINT ( 'NONE',  ( -25.99999999999999645, 53.27857453684310940, 0.000000000000000000 ) ) ;
#139 = DIRECTION ( 'NONE',  ( 0.000000000000000000, 0.000000000000000000, -1.000000000000000000 ) ) ;
#140 = VERTEX_POINT ( 'NONE', #1587 ) ;
#141 = DIRECTION ( 'NONE',  ( -0.000000000000000000, 0.000000000000000000, 1.000000000000000000 ) ) ;
#142 = CIRCLE ( 'NONE', #7348, 4.999999999999997335 ) ;
#143 = EDGE_CURVE ( 'NONE', #1220, #9063, #1762, .T. ) ;
#144 = CIRCLE ( 'NONE', #5398, 1.049999999999998934 ) ;
#145 = ORIENTED_EDGE ( 'NONE', *, *, #5751, .F. ) ;
#146 = CONICAL_SURFACE ( 'NONE', #5405, 10.15000000000000213, 0.7853981633974526089 ) ;
#147 = CARTESIAN_POINT ( 'NONE',  ( -26.99999999999999645, 1.043560762610397319, -17.50000000000000000 ) ) ;
#148 = ORIENTED_EDGE ( 'NONE', *, *, #3589, .F. ) ;
#149 = APPROVAL_STATUS ( 'not_yet_approved' ) ;
#150 = AXIS2_PLACEMENT_3D ( 'NONE', #6147, #1098, #9003 ) ;
#151 = AXIS2_PLACEMENT_3D ( 'NONE', #1822, #6131, #1909 ) ;
#152 = PLANE ( 'NONE',  #1336 ) ;
#153 = ORIENTED_EDGE ( 'NONE', *, *, #7909, .T. ) ;
#154 = AXIS2_PLACEMENT_3D ( 'NONE', #7051, #610, #2567 ) ;
#155 = CARTESIAN_POINT ( 'NONE',  ( -26.00000000000000000, 18.35000000000002274, -12.50000000000000000 ) ) ;
#156 = EDGE_CURVE ( 'NONE', #3825, #383, #3469, .T. ) ;
#157 = ADVANCED_FACE ( 'NONE', ( #3808 ), #891, .T. ) ;
#158 = CARTESIAN_POINT ( 'NONE',  ( -23.55000000000000782, 108.9309918853871579, -23.00000000000000000 ) ) ;
#159 = CARTESIAN_POINT ( 'NONE',  ( -24.89991644724697650, 4.717435502226148714, -17.50000000000089528 ) ) ;
#160 = AXIS2_PLACEMENT_3D ( 'NONE', #9087, #2492, #1054 ) ;
#161 = DIRECTION ( 'NONE',  ( 1.000000000000000000, 1.734723475976807292E-15, -0.000000000000000000 ) ) ;
#162 = CARTESIAN_POINT ( 'NONE',  ( -26.57015538628525775, 95.16571950990488915, -25.00000000000000000 ) ) ;
#163 = VERTEX_POINT ( 'NONE', #7537 ) ;
#164 = DIRECTION ( 'NONE',  ( 1.541976423090495387E-16, 1.000000000000000000, -0.000000000000000000 ) ) ;
#165 = ORIENTED_EDGE ( 'NONE', *, *, #7386, .T. ) ;
#166 = PLANE ( 'NONE',  #5886 ) ;
#167 = EDGE_CURVE ( 'NONE', #4577, #6117, #2680, .T. ) ;
#168 = ORIENTED_EDGE ( 'NONE', *, *, #8763, .T. ) ;
#169 = CARTESIAN_POINT ( 'NONE',  ( -28.25000000000000000, 102.3196380149609155, -2.000000000000001776 ) ) ;
#170 = DIRECTION ( 'NONE',  ( 0.5427066596637430962, -0.8399223068573796747, 0.000000000000000000 ) ) ;
#171 = VECTOR ( 'NONE', #8166, 1000.000000000000114 ) ;
#172 = CARTESIAN_POINT ( 'NONE',  ( 24.00000000000000711, 19.20685424949230224, -18.15685424949224469 ) ) ;
#173 = DIRECTION ( 'NONE',  ( 1.541976423090495387E-16, -1.000000000000000000, 0.000000000000000000 ) ) ;
#174 = EDGE_CURVE ( 'NONE', #7333, #7731, #6930, .T. ) ;
#175 = EDGE_LOOP ( 'NONE', ( #8874, #269, #1520, #3350, #2851, #3273, #282, #2178, #7276, #2250 ) ) ;
#176 = EDGE_CURVE ( 'NONE', #3828, #2169, #2529, .T. ) ;
#177 = CARTESIAN_POINT ( 'NONE',  ( 23.99579426944837124, 11.50526409512626813, -25.50000000000000711 ) ) ;
#178 = CARTESIAN_POINT ( 'NONE',  ( -26.25000000000000355, 102.3196380149609155, -23.00000000000000000 ) ) ;
#179 = ORIENTED_EDGE ( 'NONE', *, *, #5034, .T. ) ;
#180 = ORIENTED_EDGE ( 'NONE', *, *, #2609, .T. ) ;
#181 = AXIS2_PLACEMENT_3D ( 'NONE', #7127, #1238, #6986 ) ;
#182 = ORIENTED_EDGE ( 'NONE', *, *, #2639, .F. ) ;
#183 = DIRECTION ( 'NONE',  ( 1.000000000000000000, 9.912705577010337875E-17, 0.000000000000000000 ) ) ;
#184 = CARTESIAN_POINT ( 'NONE',  ( -15.58688103937556235, 80.80934643409020168, -9.000000000000000000 ) ) ;
#185 = DIRECTION ( 'NONE',  ( -1.000000000000000000, -1.360567432138672574E-16, 0.000000000000000000 ) ) ;
#186 = CARTESIAN_POINT ( 'NONE',  ( 23.56101599357381104, 108.5864017554681311, -15.98958031689229031 ) ) ;
#187 = CARTESIAN_POINT ( 'NONE',  ( 30.00000000000000355, 49.81447292170534524, -22.99999999999999289 ) ) ;
#188 = ADVANCED_FACE ( 'NONE', ( #9122 ), #4799, .T. ) ;
#189 = VERTEX_POINT ( 'NONE', #6181 ) ;
#190 = EDGE_CURVE ( 'NONE', #1038, #3963, #5563, .T. ) ;
#191 = CARTESIAN_POINT ( 'NONE',  ( -22.25000000000000000, 106.9403061905773740, -15.49999999999999822 ) ) ;
#192 = CARTESIAN_POINT ( 'NONE',  ( -23.57723099860622185, 108.4015740790999587, -16.18281769729497555 ) ) ;
#193 = ORIENTED_EDGE ( 'NONE', *, *, #5769, .T. ) ;
#194 = EDGE_CURVE ( 'NONE', #7238, #3332, #3587, .T. ) ;
#195 = DIRECTION ( 'NONE',  ( 0.000000000000000000, 0.000000000000000000, 1.000000000000000000 ) ) ;
#196 = VERTEX_POINT ( 'NONE', #3995 ) ;
#197 = APPROVAL_ROLE ( '' ) ;
#198 = EDGE_CURVE ( 'NONE', #1946, #6897, #5850, .T. ) ;
#199 = DIRECTION ( 'NONE',  ( -9.912705577010326782E-17, 1.000000000000000000, 0.000000000000000000 ) ) ;
#200 = CARTESIAN_POINT ( 'NONE',  ( -23.55000000000000782, 108.9309918853871579, 1.012844024461276027E-30 ) ) ;
#201 = VERTEX_POINT ( 'NONE', #8981 ) ;
#202 = CARTESIAN_POINT ( 'NONE',  ( -25.99999999999999645, 11.44999999999986251, -20.49999999999977618 ) ) ;
#203 = ORIENTED_EDGE ( 'NONE', *, *, #5659, .F. ) ;
#204 = ORIENTED_EDGE ( 'NONE', *, *, #5744, .F. ) ;
#205 = DIRECTION ( 'NONE',  ( 1.000000000000000000, 1.360567432138672574E-16, -0.000000000000000000 ) ) ;
#206 = DIRECTION ( 'NONE',  ( 1.541976423090495387E-16, 1.000000000000000000, 0.000000000000000000 ) ) ;
#207 = CARTESIAN_POINT ( 'NONE',  ( 20.25000000000000355, 113.9403061905773598, -20.69999999999999929 ) ) ;
#208 = ADVANCED_FACE ( 'NONE', ( #3424 ), #7352, .T. ) ;
#209 = DIRECTION ( 'NONE',  ( -0.8090169943749478954, -6.508371548838533815E-17, 0.5877852522924724710 ) ) ;
#210 = ORIENTED_EDGE ( 'NONE', *, *, #8049, .F. ) ;
#211 = CARTESIAN_POINT ( 'NONE',  ( -9.923762078750934634, 80.80934643409020168, -13.11449676604731174 ) ) ;
#212 = ORIENTED_EDGE ( 'NONE', *, *, #1369, .F. ) ;
#213 = FACE_OUTER_BOUND ( 'NONE', #2208, .T. ) ;
#214 = VERTEX_POINT ( 'NONE', #4703 ) ;
#215 = CARTESIAN_POINT ( 'NONE',  ( -22.25000000000000000, 113.9403061905773598, -21.59999999999999787 ) ) ;
#216 = DIRECTION ( 'NONE',  ( -1.000000000000000000, -1.360567432138672574E-16, 0.000000000000000000 ) ) ;
#217 = EDGE_CURVE ( 'NONE', #7937, #2819, #6915, .T. ) ;
#218 = DIRECTION ( 'NONE',  ( -0.000000000000000000, 0.000000000000000000, 1.000000000000000000 ) ) ;
#219 = CARTESIAN_POINT ( 'NONE',  ( -25.99999999999999645, 17.10685424949229372, -18.15685424949224469 ) ) ;
#220 = FACE_OUTER_BOUND ( 'NONE', #4781, .T. ) ;
#221 = DIRECTION ( 'NONE',  ( -1.000000000000000000, -1.892425610156517122E-16, -0.000000000000000000 ) ) ;
#222 = VERTEX_POINT ( 'NONE', #529 ) ;
#223 = EDGE_LOOP ( 'NONE', ( #6340, #1278, #6872, #5492, #1654 ) ) ;
#224 = ORIENTED_EDGE ( 'NONE', *, *, #6960, .T. ) ;
#225 = LINE ( 'NONE', #3929, #3690 ) ;
#226 = DIRECTION ( 'NONE',  ( 1.000000000000000000, 0.000000000000000000, 0.000000000000000000 ) ) ;
#227 = VECTOR ( 'NONE', #2875, 1000.000000000000000 ) ;
#228 = DIRECTION ( 'NONE',  ( 0.000000000000000000, 0.000000000000000000, 1.000000000000000000 ) ) ;
#229 = CARTESIAN_POINT ( 'NONE',  ( 24.00000000000000711, 12.50000000000021139, -4.499999999999771738 ) ) ;
#230 = FACE_OUTER_BOUND ( 'NONE', #6196, .T. ) ;
#231 = EDGE_LOOP ( 'NONE', ( #1060, #7719, #5252, #4822, #5877 ) ) ;
#232 = DIRECTION ( 'NONE',  ( -0.4999999999999987232, -0.8660254037844393737, 0.000000000000000000 ) ) ;
#233 = DIRECTION ( 'NONE',  ( -0.000000000000000000, 0.000000000000000000, 1.000000000000000000 ) ) ;
#234 = VERTEX_POINT ( 'NONE', #6221 ) ;
#235 = CARTESIAN_POINT ( 'NONE',  ( -17.00000000000000000, 44.61832049899870611, -2.999999999999999112 ) ) ;
#236 = AXIS2_PLACEMENT_3D ( 'NONE', #2844, #5729, #8676 ) ;
#237 = VERTEX_POINT ( 'NONE', #1908 ) ;
#238 = EDGE_CURVE ( 'NONE', #6459, #1417, #9173, .T. ) ;
#239 = DIRECTION ( 'NONE',  ( 0.000000000000000000, 0.000000000000000000, 1.000000000000000000 ) ) ;
#240 = ADVANCED_FACE ( 'NONE', ( #7578 ), #3139, .T. ) ;
#241 = CARTESIAN_POINT ( 'NONE',  ( -28.25000000000000000, 94.08030619057737454, -22.99999999999999289 ) ) ;
#242 = EDGE_LOOP ( 'NONE', ( #5507, #1818, #9015, #9114 ) ) ;
#243 = EDGE_CURVE ( 'NONE', #4936, #5098, #7213, .T. ) ;
#244 = AXIS2_PLACEMENT_3D ( 'NONE', #5828, #1392, #655 ) ;
#245 = CARTESIAN_POINT ( 'NONE',  ( 29.81667312088844213, 3.640149406631653761, -19.63568832156416377 ) ) ;
#246 = FACE_BOUND ( 'NONE', #5480, .T. ) ;
#247 = ORIENTED_EDGE ( 'NONE', *, *, #7395, .F. ) ;
#248 = DIRECTION ( 'NONE',  ( 9.912705577010326782E-17, -1.000000000000000000, 0.000000000000000000 ) ) ;
#249 = AXIS2_PLACEMENT_3D ( 'NONE', #6204, #9101, #8440 ) ;
#250 = ORIENTED_EDGE ( 'NONE', *, *, #2623, .F. ) ;
#251 = AXIS2_PLACEMENT_3D ( 'NONE', #4421, #996, #4472 ) ;
#252 = DIRECTION ( 'NONE',  ( 0.000000000000000000, 0.000000000000000000, 1.000000000000000000 ) ) ;
#253 = CARTESIAN_POINT ( 'NONE',  ( -24.02454891429323069, 4.150895800250744117, -18.23006278464407615 ) ) ;
#254 = CYLINDRICAL_SURFACE ( 'NONE', #3143, 0.8999999999999998002 ) ;
#255 = CARTESIAN_POINT ( 'NONE',  ( -30.00000000000000000, 20.30685424949231077, -18.15685424949224469 ) ) ;
#256 = CIRCLE ( 'NONE', #399, 2.149999999999999023 ) ;
#257 = APPLICATION_CONTEXT ( 'configuration controlled 3d designs of mechanical parts and assemblies' ) ;
#258 = DIRECTION ( 'NONE',  ( 1.000000000000000000, 9.912705577010326782E-17, -0.000000000000000000 ) ) ;
#259 = VERTEX_POINT ( 'NONE', #2581 ) ;
#260 = CARTESIAN_POINT ( 'NONE',  ( -37.75000000000000711, 106.9403061905773740, -13.69999999999999929 ) ) ;
#261 = EDGE_CURVE ( 'NONE', #6486, #5782, #6312, .T. ) ;
#262 = CIRCLE ( 'NONE', #8364, 2.149999999999999023 ) ;
#263 = CARTESIAN_POINT ( 'NONE',  ( -12.77646003252312212, 104.4400000000000261, -20.82554041900743513 ) ) ;
#264 = FACE_OUTER_BOUND ( 'NONE', #1359, .T. ) ;
#265 = DIRECTION ( 'NONE',  ( 0.000000000000000000, 0.000000000000000000, 1.000000000000000000 ) ) ;
#266 = FACE_OUTER_BOUND ( 'NONE', #9067, .T. ) ;
#267 = CARTESIAN_POINT ( 'NONE',  ( -25.99999999999999645, 18.15685424949229088, -18.15685424949224469 ) ) ;
#268 = CARTESIAN_POINT ( 'NONE',  ( 13.42376207875052252, 96.44000000000002615, -15.65739561406607727 ) ) ;
#269 = ORIENTED_EDGE ( 'NONE', *, *, #7542, .T. ) ;
#270 = AXIS2_PLACEMENT_3D ( 'NONE', #1963, #4900, #7771 ) ;
#271 = EDGE_LOOP ( 'NONE', ( #1834, #4676, #5734, #5418 ) ) ;
#272 = EDGE_CURVE ( 'NONE', #2792, #7322, #304, .T. ) ;
#273 = ORIENTED_EDGE ( 'NONE', *, *, #9103, .F. ) ;
#274 = PLANE ( 'NONE',  #8944 ) ;
#275 = AXIS2_PLACEMENT_3D ( 'NONE', #6499, #4270, #3474 ) ;
#276 = LINE ( 'NONE', #3831, #8721 ) ;
#277 = CARTESIAN_POINT ( 'NONE',  ( 26.00000000000000000, 0.000000000000000000, 0.000000000000000000 ) ) ;
#278 = DIRECTION ( 'NONE',  ( 0.000000000000000000, 0.000000000000000000, -1.000000000000000000 ) ) ;
#279 = EDGE_LOOP ( 'NONE', ( #4607, #6967, #476, #7775 ) ) ;
#280 = DIRECTION ( 'NONE',  ( -1.000000000000000000, 1.541976423090495387E-16, -0.000000000000000000 ) ) ;
#281 = CARTESIAN_POINT ( 'NONE',  ( 22.24999999999998579, 113.9403061905773740, -7.599999999999997868 ) ) ;
#282 = ORIENTED_EDGE ( 'NONE', *, *, #1494, .T. ) ;
#283 = CARTESIAN_POINT ( 'NONE',  ( 28.00000000000000000, -3.469446951953614189E-15, -12.50000000000000000 ) ) ;
#284 = CIRCLE ( 'NONE', #6741, 2.149999999999999023 ) ;
#285 = EDGE_LOOP ( 'NONE', ( #9136, #973, #4008, #6634 ) ) ;
#286 = CARTESIAN_POINT ( 'NONE',  ( -29.99999999999999645, 4.500000000000001776, -19.30073525436772641 ) ) ;
#287 = CONICAL_SURFACE ( 'NONE', #1759, 10.15000000000000213, 0.7853981633974526089 ) ;
#288 = ORIENTED_EDGE ( 'NONE', *, *, #857, .F. ) ;
#289 = DATE_AND_TIME ( #8700, #3297 ) ;
#290 = DIRECTION ( 'NONE',  ( 1.000000000000000000, 0.000000000000000000, -0.000000000000000000 ) ) ;
#291 = EDGE_CURVE ( 'NONE', #6525, #4052, #4892, .T. ) ;
#292 = CIRCLE ( 'NONE', #8543, 1.000000000000000000 ) ;
#293 = EDGE_CURVE ( 'NONE', #3874, #7818, #439, .T. ) ;
#294 = AXIS2_PLACEMENT_3D ( 'NONE', #9084, #2632, #501 ) ;
#295 = CARTESIAN_POINT ( 'NONE',  ( 29.99999999999999645, 12.49999999999987388, -20.49999999999977618 ) ) ;
#296 = EDGE_LOOP ( 'NONE', ( #7154, #1228, #53, #5018 ) ) ;
#297 = CARTESIAN_POINT ( 'NONE',  ( 28.25000000000000000, 94.08030619057737454, -2.000000000000001776 ) ) ;
#298 = AXIS2_PLACEMENT_3D ( 'NONE', #4521, #2346, #993 ) ;
#299 = EDGE_LOOP ( 'NONE', ( #7854, #4502, #667, #9207 ) ) ;
#300 = DIRECTION ( 'NONE',  ( -0.000000000000000000, 1.000000000000000000, -0.000000000000000000 ) ) ;
#301 = CIRCLE ( 'NONE', #8856, 2.149999999999999023 ) ;
#302 = FACE_BOUND ( 'NONE', #1953, .T. ) ;
#303 = CARTESIAN_POINT ( 'NONE',  ( -27.99999999999999289, 2.499999999999997780, -20.00000000000000000 ) ) ;
#304 = CIRCLE ( 'NONE', #8697, 1.049999999999998934 ) ;
#305 = DIRECTION ( 'NONE',  ( 1.000000000000000000, 9.912705577010326782E-17, -0.000000000000000000 ) ) ;
#306 = EDGE_CURVE ( 'NONE', #5993, #336, #60, .T. ) ;
#307 = CARTESIAN_POINT ( 'NONE',  ( -24.99999999999999645, 12.50000000000000888, -12.50000000000000000 ) ) ;
#308 = ORIENTED_EDGE ( 'NONE', *, *, #923, .F. ) ;
#309 = DIRECTION ( 'NONE',  ( 1.000000000000000000, 1.734723475976807292E-15, -8.787991997524760300E-17 ) ) ;
#310 = EDGE_CURVE ( 'NONE', #6495, #1014, #2247, .T. ) ;
#311 = TOROIDAL_SURFACE ( 'NONE', #9005, 9.000000000000001776, 3.000000000000000000 ) ;
#312 = CYLINDRICAL_SURFACE ( 'NONE', #8356, 1.000000000000000888 ) ;
#313 = CARTESIAN_POINT ( 'NONE',  ( 25.99999999999999645, 20.30685424949230011, -18.15685424949224469 ) ) ;
#314 = DIRECTION ( 'NONE',  ( -0.8090169943749472292, -0.000000000000000000, 0.5877852522924734702 ) ) ;
#315 = CARTESIAN_POINT ( 'NONE',  ( -1.370220966009152711E-15, 13.82287565553229491, -25.00000000000000000 ) ) ;
#316 = CARTESIAN_POINT ( 'NONE',  ( 17.98768373480796612, 67.14209179641811431, -2.000000000000001776 ) ) ;
#317 = LINE ( 'NONE', #6805, #4739 ) ;
#318 = VERTEX_POINT ( 'NONE', #5136 ) ;
#319 = PLANE ( 'NONE',  #601 ) ;
#320 = ORIENTED_EDGE ( 'NONE', *, *, #4181, .T. ) ;
#321 = VERTEX_POINT ( 'NONE', #3517 ) ;
#322 = CARTESIAN_POINT ( 'NONE',  ( -23.55000000000002203, 116.0903061905773512, -21.59999999999999787 ) ) ;
#323 = CARTESIAN_POINT ( 'NONE',  ( -22.99999999999999645, 18.33716540796991978, -22.00000000000000355 ) ) ;
#324 = DIRECTION ( 'NONE',  ( 1.541976423090495387E-16, -1.000000000000000000, 0.000000000000000000 ) ) ;
#325 = DIRECTION ( 'NONE',  ( 1.000000000000000000, 0.000000000000000000, 0.000000000000000000 ) ) ;
#326 = CARTESIAN_POINT ( 'NONE',  ( -23.49034943763530237, 112.9027818643353527, -23.48945332926211904 ) ) ;
#327 = ORIENTED_EDGE ( 'NONE', *, *, #4434, .T. ) ;
#328 = EDGE_CURVE ( 'NONE', #5451, #6747, #1495, .T. ) ;
#329 = CYLINDRICAL_SURFACE ( 'NONE', #3530, 1.050000000000000488 ) ;
#330 = FACE_OUTER_BOUND ( 'NONE', #2210, .T. ) ;
#331 = ORIENTED_EDGE ( 'NONE', *, *, #6969, .F. ) ;
#332 = VECTOR ( 'NONE', #680, 1000.000000000000114 ) ;
#333 = ORIENTED_EDGE ( 'NONE', *, *, #1542, .T. ) ;
#334 = CARTESIAN_POINT ( 'NONE',  ( -23.23947308506447129, 12.49999999999974776, -23.41052691493554505 ) ) ;
#335 = TOROIDAL_SURFACE ( 'NONE', #1504, 4.000000000000000000, 2.000000000000000000 ) ;
#336 = VERTEX_POINT ( 'NONE', #18 ) ;
#337 = ADVANCED_FACE ( 'NONE', ( #1361 ), #2835, .F. ) ;
#338 = DIRECTION ( 'NONE',  ( -1.000000000000000000, 1.898094922533725623E-16, 0.000000000000000000 ) ) ;
#339 = CARTESIAN_POINT ( 'NONE',  ( -11.58728778948666793, 4.828427124746176524, -23.50000000000000000 ) ) ;
#340 = ORIENTED_EDGE ( 'NONE', *, *, #7453, .F. ) ;
#341 = AXIS2_PLACEMENT_3D ( 'NONE', #7889, #3030, #2135 ) ;
#342 = ORIENTED_EDGE ( 'NONE', *, *, #5673, .F. ) ;
#343 = EDGE_CURVE ( 'NONE', #6530, #5030, #1331, .T. ) ;
#344 = CARTESIAN_POINT ( 'NONE',  ( -23.55000000000002203, 115.5720230777854312, -22.99999999999999645 ) ) ;
#345 = CARTESIAN_POINT ( 'NONE',  ( -27.42157287525381903, 94.32466048530504565, -25.00000000000000355 ) ) ;
#346 = PLANE ( 'NONE',  #10 ) ;
#347 = DIRECTION ( 'NONE',  ( -1.000000000000000000, -9.912705577010326782E-17, 0.000000000000000000 ) ) ;
#348 = FACE_OUTER_BOUND ( 'NONE', #3495, .T. ) ;
#349 = VERTEX_POINT ( 'NONE', #1448 ) ;
#350 = PLANE ( 'NONE',  #8729 ) ;
#351 = EDGE_CURVE ( 'NONE', #8880, #4790, #713, .T. ) ;
#352 = DIRECTION ( 'NONE',  ( -0.000000000000000000, 1.000000000000000000, -0.000000000000000000 ) ) ;
#353 = EDGE_CURVE ( 'NONE', #6714, #3580, #1919, .T. ) ;
#354 = CARTESIAN_POINT ( 'NONE',  ( 15.60284603631600220, 104.4400000000000261, -67.79251475916376535 ) ) ;
#355 = APPROVAL ( #2334, '未指定' ) ;
#356 = CYLINDRICAL_SURFACE ( 'NONE', #5820, 12.50000000000000000 ) ;
#357 = DIRECTION ( 'NONE',  ( -1.000000000000000000, 1.898094922533725623E-16, -0.000000000000000000 ) ) ;
#358 = DIRECTION ( 'NONE',  ( 1.000000000000000000, 1.734723475976807292E-15, -8.787991997524760300E-17 ) ) ;
#359 = SPHERICAL_SURFACE ( 'NONE', #5647, 2.000000000000000000 ) ;
#360 = ORIENTED_EDGE ( 'NONE', *, *, #8467, .T. ) ;
#361 = CARTESIAN_POINT ( 'NONE',  ( 25.00000000000000355, 4.836939253796780136, -17.50000000000000000 ) ) ;
#362 = ORIENTED_EDGE ( 'NONE', *, *, #7307, .T. ) ;
#363 = ORIENTED_EDGE ( 'NONE', *, *, #7361, .F. ) ;
#364 = LINE ( 'NONE', #3212, #6866 ) ;
#365 = ADVANCED_FACE ( 'NONE', ( #7113 ), #2049, .F. ) ;
#366 = DIRECTION ( 'NONE',  ( -0.000000000000000000, 0.000000000000000000, 1.000000000000000000 ) ) ;
#367 = CARTESIAN_POINT ( 'NONE',  ( 5.773401785888007787, 51.10000000000000853, -25.00000000000000000 ) ) ;
#368 = CARTESIAN_POINT ( 'NONE',  ( -19.93623836877595323, 92.26917336134502534, -2.000000000000000000 ) ) ;
#369 = PLANE ( 'NONE',  #1272 ) ;
#370 = ORIENTED_EDGE ( 'NONE', *, *, #6133, .T. ) ;
#371 = DIRECTION ( 'NONE',  ( 1.898094922533725623E-16, 1.000000000000000000, 0.000000000000000000 ) ) ;
#372 = DIRECTION ( 'NONE',  ( 0.000000000000000000, -1.000000000000000000, 0.000000000000000000 ) ) ;
#373 = ORIENTED_EDGE ( 'NONE', *, *, #1532, .F. ) ;
#374 = CYLINDRICAL_SURFACE ( 'NONE', #2389, 1.050000000000000488 ) ;
#375 = VERTEX_POINT ( 'NONE', #7207 ) ;
#376 = CARTESIAN_POINT ( 'NONE',  ( -17.40583894593591552, 96.30893166001948202, -15.40734797180521376 ) ) ;
#377 = EDGE_CURVE ( 'NONE', #3140, #5157, #6460, .T. ) ;
#378 = ORIENTED_EDGE ( 'NONE', *, *, #408, .F. ) ;
#379 = CARTESIAN_POINT ( 'NONE',  ( 29.90105210952445702, 3.875403594782343308, -20.16475857594794974 ) ) ;
#380 = VERTEX_POINT ( 'NONE', #804 ) ;
#381 = AXIS2_PLACEMENT_3D ( 'NONE', #6580, #2238, #2094 ) ;
#382 = CARTESIAN_POINT ( 'NONE',  ( 27.97484916477864303, 0.7464853916816913681, -8.243139327743151057 ) ) ;
#383 = VERTEX_POINT ( 'NONE', #9260 ) ;
#384 = ORIENTED_EDGE ( 'NONE', *, *, #1870, .T. ) ;
#385 = EDGE_CURVE ( 'NONE', #4579, #6096, #6308, .T. ) ;
#386 = CIRCLE ( 'NONE', #1269, 0.9000000000000119016 ) ;
#387 = FACE_OUTER_BOUND ( 'NONE', #4556, .T. ) ;
#388 = CARTESIAN_POINT ( 'NONE',  ( 0.000000000000000000, 1.043560762610397319, -7.500000000000000000 ) ) ;
#389 = CARTESIAN_POINT ( 'NONE',  ( 22.24999999999998579, 106.9403061905773740, -14.59999999999999787 ) ) ;
#390 = CARTESIAN_POINT ( 'NONE',  ( -22.99999999999999645, 10.31771159413551153, -23.43435491072198218 ) ) ;
#391 = CARTESIAN_POINT ( 'NONE',  ( 24.00000000000000711, 18.15685424949253957, -6.843145750507550140 ) ) ;
#392 = ORIENTED_EDGE ( 'NONE', *, *, #7442, .F. ) ;
#393 = VECTOR ( 'NONE', #8688, 1000.000000000000000 ) ;
#394 = AXIS2_PLACEMENT_3D ( 'NONE', #8690, #8739, #232 ) ;
#395 = CYLINDRICAL_SURFACE ( 'NONE', #6491, 1.000000000000000888 ) ;
#396 = CARTESIAN_POINT ( 'NONE',  ( -23.00000000000000000, 35.00000000000000000, -2.999999999999999112 ) ) ;
#397 = AXIS2_PLACEMENT_3D ( 'NONE', #1795, #6011, #8869 ) ;
#398 = LINE ( 'NONE', #9041, #6158 ) ;
#399 = AXIS2_PLACEMENT_3D ( 'NONE', #7048, #6341, #6381 ) ;
#400 = CARTESIAN_POINT ( 'NONE',  ( -29.84964703966252131, 3.715111274635285898, -25.17443703251613485 ) ) ;
#401 = DIRECTION ( 'NONE',  ( 0.000000000000000000, 0.000000000000000000, 1.000000000000000000 ) ) ;
#402 = ORIENTED_EDGE ( 'NONE', *, *, #2693, .F. ) ;
#403 = DIRECTION ( 'NONE',  ( 1.000000000000000000, -1.541976423090495387E-16, 0.000000000000000000 ) ) ;
#404 = DIRECTION ( 'NONE',  ( 9.912705577010326782E-17, -1.000000000000000000, 0.000000000000000000 ) ) ;
#405 = ORIENTED_EDGE ( 'NONE', *, *, #468, .F. ) ;
#406 = EDGE_CURVE ( 'NONE', #7673, #3571, #3475, .T. ) ;
#407 = DIRECTION ( 'NONE',  ( -7.009341333409673896E-17, 0.7071067811865437980, 0.7071067811865513475 ) ) ;
#408 = EDGE_CURVE ( 'NONE', #6816, #7317, #2102, .T. ) ;
#409 = ORIENTED_EDGE ( 'NONE', *, *, #2484, .F. ) ;
#410 = AXIS2_PLACEMENT_3D ( 'NONE', #76, #7833, #6558 ) ;
#411 = VECTOR ( 'NONE', #6468, 1000.000000000000000 ) ;
#412 = VERTEX_POINT ( 'NONE', #2814 ) ;
#413 = DIRECTION ( 'NONE',  ( -0.000000000000000000, 1.000000000000000000, -0.000000000000000000 ) ) ;
#414 = DIRECTION ( 'NONE',  ( -1.000000000000000000, 0.000000000000000000, 8.019547272036678345E-16 ) ) ;
#415 = CARTESIAN_POINT ( 'NONE',  ( 0.000000000000000000, 0.000000000000000000, -25.00000000000000000 ) ) ;
#416 = LINE ( 'NONE', #8394, #6034 ) ;
#417 = AXIS2_PLACEMENT_3D ( 'NONE', #5185, #7298, #7439 ) ;
#418 = LINE ( 'NONE', #277, #6632 ) ;
#419 = CARTESIAN_POINT ( 'NONE',  ( 24.00000000000000355, 49.81447292170534524, -22.99999999999999289 ) ) ;
#421 = ORIENTED_EDGE ( 'NONE', *, *, #3956, .T. ) ;
#420 = VECTOR ( 'NONE', #5663, 1000.000000000000000 ) ;
#422 = DIRECTION ( 'NONE',  ( 0.000000000000000000, 0.000000000000000000, -1.000000000000000000 ) ) ;
#423 = DIRECTION ( 'NONE',  ( 1.000000000000000000, 9.912705577010326782E-17, -0.000000000000000000 ) ) ;
#424 = ORIENTED_EDGE ( 'NONE', *, *, #2811, .T. ) ;
#425 = CARTESIAN_POINT ( 'NONE',  ( 58.00000000000002132, 12.49999999999987921, -20.49999999999977618 ) ) ;
#426 = EDGE_CURVE ( 'NONE', #5300, #1481, #750, .T. ) ;
#427 = VECTOR ( 'NONE', #3564, 1000.000000000000000 ) ;
#428 = ORIENTED_EDGE ( 'NONE', *, *, #1037, .F. ) ;
#429 = LINE ( 'NONE', #6780, #3410 ) ;
#430 = ORIENTED_EDGE ( 'NONE', *, *, #5034, .F. ) ;
#431 = FACE_OUTER_BOUND ( 'NONE', #1676, .T. ) ;
#432 = ORIENTED_EDGE ( 'NONE', *, *, #8733, .F. ) ;
#433 = TOROIDAL_SURFACE ( 'NONE', #729, 9.000000000000001776, 3.000000000000000000 ) ;
#434 = EDGE_CURVE ( 'NONE', #817, #3756, #5087, .T. ) ;
#435 = CARTESIAN_POINT ( 'NONE',  ( -29.73877977517955173, 3.479939779255745602, -20.66749375284838663 ) ) ;
#436 = ORIENTED_EDGE ( 'NONE', *, *, #5271, .F. ) ;
#437 = ORIENTED_EDGE ( 'NONE', *, *, #8942, .T. ) ;
#438 = CARTESIAN_POINT ( 'NONE',  ( -20.25000000000000000, 113.9403061905773598, -22.49999999999999645 ) ) ;
#439 = LINE ( 'NONE', #5466, #8849 ) ;
#440 = DIRECTION ( 'NONE',  ( 0.000000000000000000, 0.000000000000000000, 1.000000000000000000 ) ) ;
#441 = AXIS2_PLACEMENT_3D ( 'NONE', #3347, #4104, #9135 ) ;
#442 = EDGE_CURVE ( 'NONE', #1267, #84, #8699, .T. ) ;
#443 = AXIS2_PLACEMENT_3D ( 'NONE', #4296, #4252, #4971 ) ;
#444 = CARTESIAN_POINT ( 'NONE',  ( -23.00000000000000000, 3.414213562373081601, -24.91421356237309226 ) ) ;
#445 = EDGE_CURVE ( 'NONE', #2432, #6886, #6453, .T. ) ;
#446 = ORIENTED_EDGE ( 'NONE', *, *, #837, .F. ) ;
#447 = CARTESIAN_POINT ( 'NONE',  ( -12.08688103937556946, 80.80934643409020168, -19.77189238011338546 ) ) ;
#448 = CIRCLE ( 'NONE', #1471, 1.999999999999998224 ) ;
#449 = VECTOR ( 'NONE', #452, 1000.000000000000000 ) ;
#450 = FACE_OUTER_BOUND ( 'NONE', #4422, .T. ) ;
#451 = AXIS2_PLACEMENT_3D ( 'NONE', #7716, #3238, #7628 ) ;
#452 = DIRECTION ( 'NONE',  ( 0.000000000000000000, -1.000000000000000000, 0.000000000000000000 ) ) ;
#453 = CARTESIAN_POINT ( 'NONE',  ( 27.00000000000000000, 12.50000000000001776, -7.500000000000007105 ) ) ;
#454 = LINE ( 'NONE', #8428, #2542 ) ;
#456 = ORIENTED_EDGE ( 'NONE', *, *, #1870, .F. ) ;
#455 = AXIS2_PLACEMENT_3D ( 'NONE', #96, #4987, #2857 ) ;
#457 = AXIS2_PLACEMENT_3D ( 'NONE', #6931, #4662, #3996 ) ;
#458 = ADVANCED_FACE ( 'NONE', ( #7857 ), #7158, .F. ) ;
#459 = CARTESIAN_POINT ( 'NONE',  ( -9.923762078750947069, 96.44000000000002615, -13.11449676604731174 ) ) ;
#460 = ORIENTED_EDGE ( 'NONE', *, *, #7602, .T. ) ;
#461 = DIRECTION ( 'NONE',  ( 1.000000000000000000, 0.000000000000000000, 0.000000000000000000 ) ) ;
#462 = ORIENTED_EDGE ( 'NONE', *, *, #5372, .F. ) ;
#463 = CIRCLE ( 'NONE', #6314, 3.000000000000002220 ) ;
#464 = VERTEX_POINT ( 'NONE', #6624 ) ;
#465 = DIRECTION ( 'NONE',  ( -0.000000000000000000, 1.000000000000000000, -0.000000000000000000 ) ) ;
#466 = DIRECTION ( 'NONE',  ( -0.4999999999999980571, -0.8660254037844397068, 0.000000000000000000 ) ) ;
#467 = DIRECTION ( 'NONE',  ( 0.000000000000000000, 1.000000000000000000, 0.000000000000000000 ) ) ;
#468 = EDGE_CURVE ( 'NONE', #5309, #4052, #5320, .T. ) ;
#469 = CYLINDRICAL_SURFACE ( 'NONE', #5130, 6.000000000000000000 ) ;
#470 = AXIS2_PLACEMENT_3D ( 'NONE', #5862, #5156, #8012 ) ;
#471 = DIRECTION ( 'NONE',  ( 0.7071067811865444641, 0.000000000000000000, -0.7071067811865505703 ) ) ;
#472 = DIRECTION ( 'NONE',  ( -0.000000000000000000, 1.000000000000000000, -0.000000000000000000 ) ) ;
#473 = ORIENTED_EDGE ( 'NONE', *, *, #6988, .T. ) ;
#474 = DIRECTION ( 'NONE',  ( -0.5427066596637479812, -0.8399223068573764550, -0.000000000000000000 ) ) ;
#475 = CARTESIAN_POINT ( 'NONE',  ( -2.163118960624837328, 80.80934643409020168, -13.11449676604731174 ) ) ;
#476 = ORIENTED_EDGE ( 'NONE', *, *, #4388, .F. ) ;
#477 = CARTESIAN_POINT ( 'NONE',  ( 23.54999999999999361, 108.9309918853872148, -2.000000000000001776 ) ) ;
#478 = ORIENTED_EDGE ( 'NONE', *, *, #1906, .F. ) ;
#479 = CARTESIAN_POINT ( 'NONE',  ( 28.92689260639846438, 12.18169675548221598, -25.50000000000000000 ) ) ;
#480 = EDGE_CURVE ( 'NONE', #8731, #5451, #4581, .T. ) ;
#481 = ADVANCED_FACE ( 'NONE', ( #5962 ), #146, .F. ) ;
#482 = ORIENTED_EDGE ( 'NONE', *, *, #837, .T. ) ;
#483 = VECTOR ( 'NONE', #3202, 1000.000000000000000 ) ;
#484 = FACE_OUTER_BOUND ( 'NONE', #1432, .T. ) ;
#485 = EDGE_CURVE ( 'NONE', #6673, #4305, #6717, .T. ) ;
#486 = ORIENTED_EDGE ( 'NONE', *, *, #2847, .F. ) ;
#487 = CARTESIAN_POINT ( 'NONE',  ( 21.54999999999997584, 118.9400000000000261, -24.99999999999999289 ) ) ;
#488 = ORIENTED_EDGE ( 'NONE', *, *, #310, .T. ) ;
#489 = VERTEX_POINT ( 'NONE', #5256 ) ;
#490 = AXIS2_PLACEMENT_3D ( 'NONE', #4757, #4097, #1316 ) ;
#491 = PLANE ( 'NONE',  #719 ) ;
#492 = EDGE_CURVE ( 'NONE', #2380, #8575, #6599, .T. ) ;
#493 = DIRECTION ( 'NONE',  ( -1.000000000000000000, -9.912705577010326782E-17, 0.000000000000000000 ) ) ;
#494 = VECTOR ( 'NONE', #5796, 1000.000000000000000 ) ;
#495 = CYLINDRICAL_SURFACE ( 'NONE', #1621, 3.000000000000002220 ) ;
#496 = VERTEX_POINT ( 'NONE', #323 ) ;
#497 = LINE ( 'NONE', #6268, #8587 ) ;
#498 = PLANE ( 'NONE',  #5067 ) ;
#499 = EDGE_CURVE ( 'NONE', #8515, #1014, #1932, .T. ) ;
#500 = B_SPLINE_CURVE_WITH_KNOTS ( 'NONE', 3,
 ( #4121, #4788, #9206, #6386, #9064, #8355, #4979, #2797 ),
 .UNSPECIFIED., .F., .F.,
 ( 4, 2, 2, 4 ),
 ( 0.000000000000000000, 0.001180498940901559884, 0.002360997881803119768, 0.004721995763606238669 ),
 .UNSPECIFIED. ) ;
#501 = DIRECTION ( 'NONE',  ( 1.000000000000000000, 0.000000000000000000, 0.000000000000000000 ) ) ;
#502 = CARTESIAN_POINT ( 'NONE',  ( -29.99999999999999645, 4.500000000000000000, -25.47284962015125487 ) ) ;
#503 = CARTESIAN_POINT ( 'NONE',  ( -13.98768373480796789, 60.21388856614260021, -25.00000000000000000 ) ) ;
#504 = VERTEX_POINT ( 'NONE', #5341 ) ;
#505 = CARTESIAN_POINT ( 'NONE',  ( -24.99999999999999645, 4.836939253796797900, -7.500000000000000000 ) ) ;
#506 = PRODUCT ( 'star102_link2', 'star102_link2', '', ( #805 ) ) ;
#507 = ORIENTED_EDGE ( 'NONE', *, *, #7118, .T. ) ;
#508 = CYLINDRICAL_SURFACE ( 'NONE', #4982, 1.999999999999999334 ) ;
#509 = EDGE_LOOP ( 'NONE', ( #6796, #6289, #1599, #6965 ) ) ;
#510 = LINE ( 'NONE', #4205, #2173 ) ;
#511 = EDGE_CURVE ( 'NONE', #5033, #4537, #8207, .T. ) ;
#512 = CARTESIAN_POINT ( 'NONE',  ( -23.28753429247974438, 13.82287565553229314, -23.28161218218565054 ) ) ;
#513 = DIRECTION ( 'NONE',  ( 0.000000000000000000, -1.000000000000000000, 0.000000000000000000 ) ) ;
#514 = DIRECTION ( 'NONE',  ( 1.000000000000000000, 9.912705577010326782E-17, -0.000000000000000000 ) ) ;
#515 = VERTEX_POINT ( 'NONE', #3026 ) ;
#516 = DIRECTION ( 'NONE',  ( 0.000000000000000000, -1.000000000000000000, 0.000000000000000000 ) ) ;
#517 = VERTEX_POINT ( 'NONE', #4633 ) ;
#518 = ORIENTED_EDGE ( 'NONE', *, *, #5068, .T. ) ;
#519 = CARTESIAN_POINT ( 'NONE',  ( 29.89830860468378404, 10.81828702088412975, -25.50000000000000000 ) ) ;
#520 = VERTEX_POINT ( 'NONE', #7517 ) ;
#521 = CARTESIAN_POINT ( 'NONE',  ( 29.23937039259046955, 2.221202318244924978, -18.83730608755109870 ) ) ;
#522 = EDGE_LOOP ( 'NONE', ( #5779, #2886, #1594, #7964 ) ) ;
#523 = CARTESIAN_POINT ( 'NONE',  ( -20.25000000000000000, 96.44000000000002615, -24.99999999999999289 ) ) ;
#524 = ORIENTED_EDGE ( 'NONE', *, *, #7925, .F. ) ;
#525 = EDGE_CURVE ( 'NONE', #2552, #6429, #5711, .T. ) ;
#526 = ADVANCED_FACE ( 'NONE', ( #2321 ), #3263, .T. ) ;
#527 = ORIENTED_EDGE ( 'NONE', *, *, #7660, .F. ) ;
#528 = DIRECTION ( 'NONE',  ( 0.000000000000000000, 1.000000000000000000, 0.000000000000000000 ) ) ;
#529 = CARTESIAN_POINT ( 'NONE',  ( -26.99999999999998934, 55.01062534441197727, -22.99999999999999289 ) ) ;
#530 = AXIS2_PLACEMENT_3D ( 'NONE', #6029, #4601, #290 ) ;
#531 = CARTESIAN_POINT ( 'NONE',  ( -22.99999999999999645, 2.499999999999997335, -24.00000000000001421 ) ) ;
#532 = DIRECTION ( 'NONE',  ( 1.000000000000000000, 0.000000000000000000, 0.000000000000000000 ) ) ;
#533 = ORIENTED_EDGE ( 'NONE', *, *, #867, .T. ) ;
#534 = CARTESIAN_POINT ( 'NONE',  ( 23.10653202112445470, 16.48680497205378259, -2.188975597653858962 ) ) ;
#535 = ADVANCED_FACE ( 'NONE', ( #6951 ), #7650, .T. ) ;
#536 = AXIS2_PLACEMENT_3D ( 'NONE', #1668, #8077, #372 ) ;
#537 = FACE_BOUND ( 'NONE', #7975, .T. ) ;
#538 = DIRECTION ( 'NONE',  ( 0.000000000000000000, 1.000000000000000000, 0.000000000000000000 ) ) ;
#539 = CARTESIAN_POINT ( 'NONE',  ( 23.00000000000000000, 12.50000000000000355, -12.50000000000000000 ) ) ;
#540 = CARTESIAN_POINT ( 'NONE',  ( 23.45309762442411383, 114.6962845437070087, -23.61865978822660850 ) ) ;
#541 = VERTEX_POINT ( 'NONE', #5447 ) ;
#542 = DIRECTION ( 'NONE',  ( -1.000000000000000000, -1.892425610156517122E-16, -0.000000000000000000 ) ) ;
#543 = ORIENTED_EDGE ( 'NONE', *, *, #1539, .F. ) ;
#544 = LINE ( 'NONE', #8336, #4369 ) ;
#545 = EDGE_CURVE ( 'NONE', #2169, #3828, #1196, .T. ) ;
#546 = ORIENTED_EDGE ( 'NONE', *, *, #8375, .T. ) ;
#547 = VECTOR ( 'NONE', #472, 1000.000000000000000 ) ;
#548 = DIRECTION ( 'NONE',  ( 0.000000000000000000, -1.000000000000000000, 0.000000000000000000 ) ) ;
#549 = CIRCLE ( 'NONE', #5803, 1.049999999999998934 ) ;
#550 = CARTESIAN_POINT ( 'NONE',  ( -25.49420774389659172, 104.9727962281655493, -13.72464099993607611 ) ) ;
#551 = DIRECTION ( 'NONE',  ( 0.000000000000000000, 0.000000000000000000, -1.000000000000000000 ) ) ;
#552 = CARTESIAN_POINT ( 'NONE',  ( 5.773401785888007787, 51.10000000000000853, -128.1790850899541852 ) ) ;
#553 = CARTESIAN_POINT ( 'NONE',  ( 28.25000000000000000, 94.08030619057737454, -2.000000000000001776 ) ) ;
#554 = DIRECTION ( 'NONE',  ( -1.000000000000000000, 0.000000000000000000, 0.000000000000000000 ) ) ;
#555 = ORIENTED_EDGE ( 'NONE', *, *, #807, .F. ) ;
#556 = DIRECTION ( 'NONE',  ( -1.000000000000000000, -1.892425610156517122E-16, -0.000000000000000000 ) ) ;
#557 = DIRECTION ( 'NONE',  ( 8.787991997524760300E-17, 1.524473602480251670E-31, 1.000000000000000000 ) ) ;
#558 = ORIENTED_EDGE ( 'NONE', *, *, #5561, .F. ) ;
#559 = VECTOR ( 'NONE', #9128, 1000.000000000000000 ) ;
#560 = ADVANCED_FACE ( 'NONE', ( #8257 ), #4724, .F. ) ;
#561 = ADVANCED_FACE ( 'NONE', ( #1885, #2503 ), #7604, .F. ) ;
#562 = DIRECTION ( 'NONE',  ( 0.000000000000000000, 0.000000000000000000, 1.000000000000000000 ) ) ;
#563 = AXIS2_PLACEMENT_3D ( 'NONE', #9171, #1174, #1820 ) ;
#564 = ORIENTED_EDGE ( 'NONE', *, *, #4770, .T. ) ;
#565 = CARTESIAN_POINT ( 'NONE',  ( 23.23947308506739517, 12.50000000002745537, -23.41052691493263893 ) ) ;
#566 = CARTESIAN_POINT ( 'NONE',  ( 28.46506871813543782, 1.755361521515037770, -18.78200788648825181 ) ) ;
#567 = VERTEX_POINT ( 'NONE', #1200 ) ;
#568 = AXIS2_PLACEMENT_3D ( 'NONE', #7923, #2884, #2077 ) ;
#569 = CARTESIAN_POINT ( 'NONE',  ( -29.99286734478582162, 4.302582103438723493, -19.58646625479127934 ) ) ;
#570 = ORIENTED_EDGE ( 'NONE', *, *, #8909, .F. ) ;
#571 = CIRCLE ( 'NONE', #4318, 4.000000000000000000 ) ;
#572 = ORIENTED_EDGE ( 'NONE', *, *, #1016, .T. ) ;
#573 = CARTESIAN_POINT ( 'NONE',  ( -26.25000000000000355, 102.3196380149609155, -2.000000000000000000 ) ) ;
#574 = DIRECTION ( 'NONE',  ( 1.000000000000000000, 1.360567432138672574E-16, 0.000000000000000000 ) ) ;
#575 = AXIS2_PLACEMENT_3D ( 'NONE', #7429, #3843, #1165 ) ;
#576 = EDGE_CURVE ( 'NONE', #3295, #7777, #9010, .T. ) ;
#577 = ADVANCED_FACE ( 'NONE', ( #9054 ), #6102, .F. ) ;
#578 = DIRECTION ( 'NONE',  ( -0.000000000000000000, 1.000000000000000000, -0.000000000000000000 ) ) ;
#579 = ORIENTED_EDGE ( 'NONE', *, *, #7990, .T. ) ;
#580 = DIRECTION ( 'NONE',  ( 0.3285714285714274596, 0.9444791243466058583, 0.000000000000000000 ) ) ;
#581 = CARTESIAN_POINT ( 'NONE',  ( -26.00000000000000000, 16.00685424949254809, -6.843145750507550140 ) ) ;
#582 = TOROIDAL_SURFACE ( 'NONE', #4937, 8.000000000000000000, 2.000000000000000000 ) ;
#583 = CARTESIAN_POINT ( 'NONE',  ( 25.99999999999999645, 18.15685424949230153, -18.15685424949224469 ) ) ;
#584 = EDGE_CURVE ( 'NONE', #259, #6459, #4020, .T. ) ;
#585 = ADVANCED_FACE ( 'NONE', ( #3930, #8392 ), #1935, .T. ) ;
#586 = CARTESIAN_POINT ( 'NONE',  ( 28.55000000000000071, 108.9309918853872290, 0.000000000000000000 ) ) ;
#587 = CYLINDRICAL_SURFACE ( 'NONE', #9228, 6.000000000000000000 ) ;
#588 = EDGE_LOOP ( 'NONE', ( #6511, #2281, #2930, #4797 ) ) ;
#589 = DIRECTION ( 'NONE',  ( -1.000000000000000000, 0.000000000000000000, 0.000000000000000000 ) ) ;
#590 = ADVANCED_FACE ( 'NONE', ( #1798 ), #311, .T. ) ;
#591 = VERTEX_POINT ( 'NONE', #283 ) ;
#592 = VECTOR ( 'NONE', #4324, 1000.000000000000000 ) ;
#593 = CARTESIAN_POINT ( 'NONE',  ( 22.24999999999998579, 113.9403061905773740, -8.500000000000005329 ) ) ;
#594 = AXIS2_PLACEMENT_3D ( 'NONE', #8754, #8846, #5233 ) ;
#595 = ORIENTED_EDGE ( 'NONE', *, *, #7395, .T. ) ;
#596 = AXIS2_PLACEMENT_3D ( 'NONE', #1863, #1262, #4751 ) ;
#597 = DIRECTION ( 'NONE',  ( -0.8090169943749473402, 6.508371548838541211E-17, -0.5877852522924732481 ) ) ;
#598 = DIRECTION ( 'NONE',  ( 0.000000000000000000, -1.000000000000000000, 0.000000000000000000 ) ) ;
#599 = ORIENTED_EDGE ( 'NONE', *, *, #6640, .T. ) ;
#600 = DIRECTION ( 'NONE',  ( -1.000000000000000000, 0.000000000000000000, 0.000000000000000000 ) ) ;
#601 = AXIS2_PLACEMENT_3D ( 'NONE', #3169, #8907, #3257 ) ;
#602 = AXIS2_PLACEMENT_3D ( 'NONE', #5939, #1589, #9075 ) ;
#603 = DIRECTION ( 'NONE',  ( 0.8660254037844399289, 0.4999999999999978351, 1.549392514930919952E-16 ) ) ;
#604 = CARTESIAN_POINT ( 'NONE',  ( 25.99999999999999645, 21.55000000000001137, -12.50000000000000000 ) ) ;
#605 = VERTEX_POINT ( 'NONE', #1710 ) ;
#606 = CARTESIAN_POINT ( 'NONE',  ( -23.00000000000000000, 12.50000000000000888, -17.50000000000000000 ) ) ;
#607 = DIRECTION ( 'NONE',  ( 1.000000000000000000, 0.000000000000000000, 0.000000000000000000 ) ) ;
#608 = VERTEX_POINT ( 'NONE', #8079 ) ;
#609 = VECTOR ( 'NONE', #4068, 999.9999999999998863 ) ;
#610 = DIRECTION ( 'NONE',  ( -1.000000000000000000, 0.000000000000000000, 0.000000000000000000 ) ) ;
#611 = ORIENTED_EDGE ( 'NONE', *, *, #143, .F. ) ;
#612 = CARTESIAN_POINT ( 'NONE',  ( -24.00000000000001066, 12.50000000000001243, -2.349999999999999645 ) ) ;
#613 = CIRCLE ( 'NONE', #1350, 8.000000000000000000 ) ;
#614 = ADVANCED_FACE ( 'NONE', ( #8879 ), #4594, .F. ) ;
#615 = ORIENTED_EDGE ( 'NONE', *, *, #3645, .T. ) ;
#616 = CARTESIAN_POINT ( 'NONE',  ( 58.00000000000002132, 20.50000000000001776, -12.50000000000000000 ) ) ;
#617 = CARTESIAN_POINT ( 'NONE',  ( 28.84720359260657219, 2.673319474139585594, -20.07454221106428349 ) ) ;
#618 = ORIENTED_EDGE ( 'NONE', *, *, #5258, .F. ) ;
#619 = PLANE ( 'NONE',  #7357 ) ;
#620 = ORIENTED_EDGE ( 'NONE', *, *, #7513, .F. ) ;
#621 = ORIENTED_EDGE ( 'NONE', *, *, #1399, .F. ) ;
#622 = CARTESIAN_POINT ( 'NONE',  ( 23.55000000000000071, 103.9400000000001114, -31.68941159757722303 ) ) ;
#623 = ADVANCED_FACE ( 'NONE', ( #4691 ), #5354, .T. ) ;
#624 = CARTESIAN_POINT ( 'NONE',  ( 23.54999999999999361, 108.9309918853872148, -23.00000000000000000 ) ) ;
#625 = CARTESIAN_POINT ( 'NONE',  ( 22.24999999999998579, 113.9403061905773598, -21.59999999999999787 ) ) ;
#626 = ORIENTED_EDGE ( 'NONE', *, *, #1760, .F. ) ;
#627 = AXIS2_PLACEMENT_3D ( 'NONE', #8191, #309, #3159 ) ;
#628 = CARTESIAN_POINT ( 'NONE',  ( 23.30193778872829213, 13.50865287323933828, -1.687283226225583466 ) ) ;
#629 = FACE_OUTER_BOUND ( 'NONE', #8868, .T. ) ;
#630 = FACE_OUTER_BOUND ( 'NONE', #6307, .T. ) ;
#631 = CIRCLE ( 'NONE', #1511, 2.000000000000001776 ) ;
#632 = FACE_OUTER_BOUND ( 'NONE', #4124, .T. ) ;
#633 = PLANE ( 'NONE',  #6838 ) ;
#634 = ORIENTED_EDGE ( 'NONE', *, *, #9076, .T. ) ;
#635 = PLANE ( 'NONE',  #2211 ) ;
#636 = VERTEX_POINT ( 'NONE', #8129 ) ;
#637 = DIRECTION ( 'NONE',  ( -0.8399223068573765660, -0.5427066596637478701, 0.000000000000000000 ) ) ;
#638 = ORIENTED_EDGE ( 'NONE', *, *, #2523, .T. ) ;
#639 = EDGE_CURVE ( 'NONE', #7038, #4978, #8553, .T. ) ;
#640 = EDGE_CURVE ( 'NONE', #2997, #1778, #3436, .T. ) ;
#641 = DIRECTION ( 'NONE',  ( -1.000000000000000000, 0.000000000000000000, 0.000000000000000000 ) ) ;
#642 = ADVANCED_FACE ( 'NONE', ( #1026 ), #374, .F. ) ;
#643 = CYLINDRICAL_SURFACE ( 'NONE', #2358, 2.149999999999997247 ) ;
#644 = ORIENTED_EDGE ( 'NONE', *, *, #4152, .F. ) ;
#645 = CARTESIAN_POINT ( 'NONE',  ( -29.95214785708267513, 3.790941104598738676, -19.12044721493795052 ) ) ;
#646 = CARTESIAN_POINT ( 'NONE',  ( -2.053768692359101854E-13, 104.4400000000000261, -11.54289884801876198 ) ) ;
#647 = DIRECTION ( 'NONE',  ( -1.000000000000000000, -9.912705577010326782E-17, 0.000000000000000000 ) ) ;
#648 = VERTEX_POINT ( 'NONE', #5972 ) ;
#649 = DIRECTION ( 'NONE',  ( -1.000000000000000000, -1.541976423090495387E-16, -0.000000000000000000 ) ) ;
#650 = FACE_OUTER_BOUND ( 'NONE', #7632, .T. ) ;
#651 = EDGE_LOOP ( 'NONE', ( #2979, #2976, #6584, #4385, #7647, #145, #910 ) ) ;
#652 = EDGE_LOOP ( 'NONE', ( #3550, #1695, #5858, #3512 ) ) ;
#653 = CARTESIAN_POINT ( 'NONE',  ( 28.68435672869728847, 12.32944298901823110, -25.49999999999999645 ) ) ;
#654 = ORIENTED_EDGE ( 'NONE', *, *, #8111, .T. ) ;
#655 = DIRECTION ( 'NONE',  ( 0.000000000000000000, -1.000000000000000000, 0.000000000000000000 ) ) ;
#656 = FACE_OUTER_BOUND ( 'NONE', #2687, .T. ) ;
#657 = CARTESIAN_POINT ( 'NONE',  ( -23.99999999999999645, 12.50000000000001066, -12.50000000000000000 ) ) ;
#658 = VERTEX_POINT ( 'NONE', #6777 ) ;
#659 = LINE ( 'NONE', #3467, #4338 ) ;
#660 = ORIENTED_EDGE ( 'NONE', *, *, #2236, .F. ) ;
#661 = ADVANCED_FACE ( 'NONE', ( #6165 ), #9019, .F. ) ;
#662 = ORIENTED_EDGE ( 'NONE', *, *, #7779, .F. ) ;
#663 = DIRECTION ( 'NONE',  ( 0.000000000000000000, 1.000000000000000000, 0.000000000000000000 ) ) ;
#664 = DIRECTION ( 'NONE',  ( 0.000000000000000000, 0.000000000000000000, 1.000000000000000000 ) ) ;
#665 = DIRECTION ( 'NONE',  ( 0.000000000000000000, 0.000000000000000000, -1.000000000000000000 ) ) ;
#666 = CYLINDRICAL_SURFACE ( 'NONE', #2830, 6.000000000000000000 ) ;
#667 = ORIENTED_EDGE ( 'NONE', *, *, #5693, .F. ) ;
#668 = DIRECTION ( 'NONE',  ( 0.000000000000000000, -1.000000000000000000, 0.000000000000000000 ) ) ;
#669 = EDGE_CURVE ( 'NONE', #4111, #4579, #6727, .T. ) ;
#670 = EDGE_CURVE ( 'NONE', #7038, #8756, #463, .T. ) ;
#671 = CIRCLE ( 'NONE', #3223, 2.000000000000000000 ) ;
#672 = CARTESIAN_POINT ( 'NONE',  ( 25.42668801671175416, 105.0254701606523327, -13.61560359451663516 ) ) ;
#673 = DIRECTION ( 'NONE',  ( 1.000000000000000000, 0.000000000000000000, 0.000000000000000000 ) ) ;
#674 = CARTESIAN_POINT ( 'NONE',  ( 20.25000000000000355, 113.9403061905773598, -21.59999999999999787 ) ) ;
#675 = LINE ( 'NONE', #5715, #7584 ) ;
#676 = ORIENTED_EDGE ( 'NONE', *, *, #2045, .T. ) ;
#677 = CARTESIAN_POINT ( 'NONE',  ( -29.99999999999999645, 12.49999999999999822, -12.50000000000000000 ) ) ;
#678 = ORIENTED_EDGE ( 'NONE', *, *, #872, .T. ) ;
#679 = VECTOR ( 'NONE', #693, 1000.000000000000114 ) ;
#680 = DIRECTION ( 'NONE',  ( 0.3090169943749482839, 0.000000000000000000, 0.9510565162951533091 ) ) ;
#681 = ORIENTED_EDGE ( 'NONE', *, *, #4828, .T. ) ;
#682 = DIRECTION ( 'NONE',  ( 0.4999999999999974465, 0.8660254037844401509, 0.000000000000000000 ) ) ;
#683 = CARTESIAN_POINT ( 'NONE',  ( 17.00000000000000000, 44.61832049899870611, -22.00000000000000711 ) ) ;
#684 = AXIS2_PLACEMENT_3D ( 'NONE', #6847, #4675, #404 ) ;
#685 = EDGE_LOOP ( 'NONE', ( #778, #81, #7102, #2500 ) ) ;
#686 = CARTESIAN_POINT ( 'NONE',  ( -29.74894598788914735, 3.521255884487533461, -20.61432291039307074 ) ) ;
#687 = DIRECTION ( 'NONE',  ( 0.000000000000000000, 0.000000000000000000, -1.000000000000000000 ) ) ;
#688 = CARTESIAN_POINT ( 'NONE',  ( -24.12127701492601872, 4.124596381120155364, -6.983491461398440237 ) ) ;
#689 = EDGE_CURVE ( 'NONE', #6429, #318, #6293, .T. ) ;
#690 = ORIENTED_EDGE ( 'NONE', *, *, #5844, .T. ) ;
#691 = EDGE_CURVE ( 'NONE', #9210, #4227, #6209, .T. ) ;
#692 = CARTESIAN_POINT ( 'NONE',  ( 24.14200260948289412, 11.65275084795299065, -25.50000000000000000 ) ) ;
#693 = DIRECTION ( 'NONE',  ( -0.8090169943749471182, 0.000000000000000000, -0.5877852522924735812 ) ) ;
#694 = EDGE_LOOP ( 'NONE', ( #4881, #1992, #6324, #527 ) ) ;
#695 = CIRCLE ( 'NONE', #8640, 6.000000000000000888 ) ;
#696 = VECTOR ( 'NONE', #5990, 1000.000000000000000 ) ;
#697 = ORIENTED_EDGE ( 'NONE', *, *, #1134, .F. ) ;
#698 = CARTESIAN_POINT ( 'NONE',  ( 2.163118960624425657, 80.80934643409020168, -13.11449676604731351 ) ) ;
#699 = ORIENTED_EDGE ( 'NONE', *, *, #4632, .F. ) ;
#700 = AXIS2_PLACEMENT_3D ( 'NONE', #3352, #3397, #1240 ) ;
#701 = CARTESIAN_POINT ( 'NONE',  ( 25.49420774389666278, 104.9727962281655635, -15.47535900006393383 ) ) ;
#702 = CARTESIAN_POINT ( 'NONE',  ( -25.99999999999999289, 53.27857453684310229, -25.00000000000000000 ) ) ;
#703 = CIRCLE ( 'NONE', #6559, 0.9000000000000075717 ) ;
#704 = ADVANCED_FACE ( 'NONE', ( #4872 ), #2608, .T. ) ;
#705 = CARTESIAN_POINT ( 'NONE',  ( 23.00000000000000000, 2.500000000000001776, -21.78708781050336896 ) ) ;
#706 = LINE ( 'NONE', #6391, #78 ) ;
#707 = ORIENTED_EDGE ( 'NONE', *, *, #2834, .T. ) ;
#708 = DIRECTION ( 'NONE',  ( -1.000000000000000000, 0.000000000000000000, 0.000000000000000000 ) ) ;
#709 = VECTOR ( 'NONE', #2401, 1000.000000000000000 ) ;
#710 = ORIENTED_EDGE ( 'NONE', *, *, #6852, .F. ) ;
#711 = CIRCLE ( 'NONE', #6871, 2.000000000000000000 ) ;
#712 = CARTESIAN_POINT ( 'NONE',  ( -22.25000000000000000, 111.7903061905773541, -7.599999999999997868 ) ) ;
#713 = LINE ( 'NONE', #6400, #8402 ) ;
#714 = CARTESIAN_POINT ( 'NONE',  ( -11.58728778948666793, 13.82287565553229314, -27.00000000000000355 ) ) ;
#715 = AXIS2_PLACEMENT_3D ( 'NONE', #8143, #8933, #3858 ) ;
#716 = CARTESIAN_POINT ( 'NONE',  ( -29.99999999999999645, 13.82287565553229136, -27.00000000000000355 ) ) ;
#717 = ORIENTED_EDGE ( 'NONE', *, *, #1253, .T. ) ;
#718 = LINE ( 'NONE', #8654, #494 ) ;
#719 = AXIS2_PLACEMENT_3D ( 'NONE', #1956, #4132, #6880 ) ;
#720 = CARTESIAN_POINT ( 'NONE',  ( 23.54999999999999361, 108.9309918853872148, -13.78779899995169522 ) ) ;
#721 = CARTESIAN_POINT ( 'NONE',  ( 24.00000000000000355, 49.81447292170534524, -2.000000000000001776 ) ) ;
#722 = EDGE_CURVE ( 'NONE', #1246, #3841, #901, .T. ) ;
#723 = ADVANCED_FACE ( 'NONE', ( #5497, #8353 ), #1893, .T. ) ;
#724 = DIRECTION ( 'NONE',  ( 0.000000000000000000, -0.000000000000000000, -1.000000000000000000 ) ) ;
#725 = DIRECTION ( 'NONE',  ( 1.000000000000000000, -8.879806544366678736E-32, 8.019547272036674401E-16 ) ) ;
#726 = ORIENTED_EDGE ( 'NONE', *, *, #2887, .T. ) ;
#727 = CYLINDRICAL_SURFACE ( 'NONE', #2823, 12.50000000000000000 ) ;
#728 = EDGE_LOOP ( 'NONE', ( #1618, #8727, #2752, #4524, #4743, #4337 ) ) ;
#729 = AXIS2_PLACEMENT_3D ( 'NONE', #683, #9282, #2836 ) ;
#730 = CARTESIAN_POINT ( 'NONE',  ( 23.54999999999998650, 113.9403061905773740, -7.599999999999997868 ) ) ;
#731 = ORIENTED_EDGE ( 'NONE', *, *, #7992, .T. ) ;
#732 = AXIS2_PLACEMENT_3D ( 'NONE', #3105, #4664, #8937 ) ;
#733 = PLANE ( 'NONE',  #8351 ) ;
#734 = ORIENTED_EDGE ( 'NONE', *, *, #353, .T. ) ;
#735 = CARTESIAN_POINT ( 'NONE',  ( -29.60820733269314431, 2.716005880352500679, -18.90940665221108219 ) ) ;
#736 = EDGE_CURVE ( 'NONE', #3632, #3390, #5907, .T. ) ;
#737 = CARTESIAN_POINT ( 'NONE',  ( -23.99999999999999289, 12.49999999999986322, -20.49999999999977618 ) ) ;
#738 = CARTESIAN_POINT ( 'NONE',  ( -23.00000000000000000, 44.61832049899870611, -22.00000000000000355 ) ) ;
#740 = ORIENTED_EDGE ( 'NONE', *, *, #7660, .T. ) ;
#739 = AXIS2_PLACEMENT_3D ( 'NONE', #339, #7434, #3803 ) ;
#741 = DIRECTION ( 'NONE',  ( 0.8660254037844399289, -0.4999999999999980571, 0.000000000000000000 ) ) ;
#742 = DIRECTION ( 'NONE',  ( 1.000000000000000000, 0.000000000000000000, 0.000000000000000000 ) ) ;
#743 = ORIENTED_EDGE ( 'NONE', *, *, #1460, .F. ) ;
#744 = ORIENTED_EDGE ( 'NONE', *, *, #6217, .F. ) ;
#745 = EDGE_CURVE ( 'NONE', #5804, #5746, #4488, .T. ) ;
#746 = DIRECTION ( 'NONE',  ( 0.000000000000000000, 0.000000000000000000, 1.000000000000000000 ) ) ;
#747 = CIRCLE ( 'NONE', #5855, 4.000000000000000000 ) ;
#748 = AXIS2_PLACEMENT_3D ( 'NONE', #6657, #216, #2264 ) ;
#749 = ORIENTED_EDGE ( 'NONE', *, *, #670, .F. ) ;
#750 = CIRCLE ( 'NONE', #7954, 2.149999999999999023 ) ;
#751 = CARTESIAN_POINT ( 'NONE',  ( 23.69553089649233968, 107.7272519066233656, -16.60510206959725821 ) ) ;
#752 = PLANE ( 'NONE',  #4131 ) ;
#753 = ORIENTED_EDGE ( 'NONE', *, *, #5878, .T. ) ;
#754 = FACE_BOUND ( 'NONE', #4834, .T. ) ;
#755 = DIRECTION ( 'NONE',  ( -0.8660254037844397068, 0.4999999999999979461, -0.000000000000000000 ) ) ;
#756 = ORIENTED_EDGE ( 'NONE', *, *, #6389, .T. ) ;
#757 = AXIS2_PLACEMENT_3D ( 'NONE', #2445, #5333, #8904 ) ;
#758 = B_SPLINE_CURVE_WITH_KNOTS ( 'NONE', 3,
 ( #3656, #6446, #7107, #5745, #760, #1396, #7246, #6536 ),
 .UNSPECIFIED., .F., .F.,
 ( 4, 2, 2, 4 ),
 ( 0.000000000000000000, 0.002359985873047045456, 0.003539978809570569051, 0.004719971746094092646 ),
 .UNSPECIFIED. ) ;
#759 = AXIS2_PLACEMENT_3D ( 'NONE', #389, #5467, #8320 ) ;
#760 = CARTESIAN_POINT ( 'NONE',  ( -23.07246634638398319, 16.90423747205115745, -22.67205850237899867 ) ) ;
#761 = AXIS2_PLACEMENT_3D ( 'NONE', #7183, #3640, #1339 ) ;
#762 = VERTEX_POINT ( 'NONE', #4993 ) ;
#763 = ADVANCED_FACE ( 'NONE', ( #5653 ), #4135, .F. ) ;
#764 = ADVANCED_FACE ( 'NONE', ( #5040 ), #7666, .T. ) ;
#765 = FACE_BOUND ( 'NONE', #2961, .T. ) ;
#766 = DIRECTION ( 'NONE',  ( -1.000000000000000000, -9.912705577010326782E-17, 0.000000000000000000 ) ) ;
#767 = DIRECTION ( 'NONE',  ( -1.000000000000000000, -9.912705577010326782E-17, 0.000000000000000000 ) ) ;
#768 = LINE ( 'NONE', #6359, #5397 ) ;
#769 = VERTEX_POINT ( 'NONE', #8772 ) ;
#770 = LINE ( 'NONE', #23, #8434 ) ;
#771 = EDGE_CURVE ( 'NONE', #2219, #2734, #6571, .T. ) ;
#772 = CARTESIAN_POINT ( 'NONE',  ( 23.64218030817207250, 107.9675401894569120, -12.70669273223763795 ) ) ;
#773 = DIRECTION ( 'NONE',  ( -1.000000000000000000, 0.000000000000000000, -0.000000000000000000 ) ) ;
#774 = CARTESIAN_POINT ( 'NONE',  ( 28.63338045669980758, 1.808055852126623897, -18.78765757931778069 ) ) ;
#776 = ORIENTED_EDGE ( 'NONE', *, *, #5883, .T. ) ;
#775 = CIRCLE ( 'NONE', #7235, 9.000000000000001776 ) ;
#777 = LINE ( 'NONE', #2915, #2667 ) ;
#778 = ORIENTED_EDGE ( 'NONE', *, *, #7514, .T. ) ;
#779 = FACE_OUTER_BOUND ( 'NONE', #8835, .T. ) ;
#780 = ORIENTED_EDGE ( 'NONE', *, *, #3186, .F. ) ;
#781 = EDGE_CURVE ( 'NONE', #8955, #7611, #4084, .T. ) ;
#782 = DIRECTION ( 'NONE',  ( -0.000000000000000000, 0.000000000000000000, 1.000000000000000000 ) ) ;
#783 = CARTESIAN_POINT ( 'NONE',  ( -29.87982461799266432, 3.814152125932432469, -20.24420875246020657 ) ) ;
#784 = CARTESIAN_POINT ( 'NONE',  ( 22.24999999999998579, 106.9403061905773740, -14.59999999999999787 ) ) ;
#785 = FACE_OUTER_BOUND ( 'NONE', #296, .T. ) ;
#786 = ORIENTED_EDGE ( 'NONE', *, *, #1573, .T. ) ;
#787 = CARTESIAN_POINT ( 'NONE',  ( 23.18397459621554191, 118.3060254037845880, -24.36602540378443749 ) ) ;
#788 = DIRECTION ( 'NONE',  ( -0.000000000000000000, 0.000000000000000000, 1.000000000000000000 ) ) ;
#789 = ORIENTED_EDGE ( 'NONE', *, *, #6218, .F. ) ;
#790 = EDGE_CURVE ( 'NONE', #4690, #7184, #4035, .T. ) ;
#791 = EDGE_CURVE ( 'NONE', #1038, #1324, #2536, .T. ) ;
#792 = VERTEX_POINT ( 'NONE', #8231 ) ;
#793 = CARTESIAN_POINT ( 'NONE',  ( 28.00000000000000000, 12.50000000000001421, -17.50000000000000000 ) ) ;
#794 = VERTEX_POINT ( 'NONE', #1769 ) ;
#795 = DIRECTION ( 'NONE',  ( 0.000000000000000000, 0.000000000000000000, 1.000000000000000000 ) ) ;
#796 = DIRECTION ( 'NONE',  ( 0.000000000000000000, 1.000000000000000000, 0.000000000000000000 ) ) ;
#797 = ORIENTED_EDGE ( 'NONE', *, *, #2815, .T. ) ;
#798 = DIRECTION ( 'NONE',  ( -0.7071067811865456854, 8.659560562354956277E-17, -0.7071067811865493491 ) ) ;
#799 = DIRECTION ( 'NONE',  ( 0.000000000000000000, 0.000000000000000000, 1.000000000000000000 ) ) ;
#800 = ORIENTED_EDGE ( 'NONE', *, *, #1725, .F. ) ;
#801 = DIRECTION ( 'NONE',  ( 1.000000000000000000, 0.000000000000000000, 0.000000000000000000 ) ) ;
#802 = ORIENTED_EDGE ( 'NONE', *, *, #8733, .T. ) ;
#803 = FACE_OUTER_BOUND ( 'NONE', #1375, .T. ) ;
#804 = CARTESIAN_POINT ( 'NONE',  ( 30.00000000000000355, 49.81447292170534524, -2.000000000000001776 ) ) ;
#805 = MECHANICAL_CONTEXT ( 'NONE', #3609, 'mechanical' ) ;
#806 = ADVANCED_FACE ( 'NONE', ( #4658 ), #1079, .T. ) ;
#807 = EDGE_CURVE ( 'NONE', #8731, #4437, #7753, .T. ) ;
#808 = DIRECTION ( 'NONE',  ( 1.000000000000000000, 9.912705577010326782E-17, -0.000000000000000000 ) ) ;
#809 = ORIENTED_EDGE ( 'NONE', *, *, #3134, .F. ) ;
#810 = LINE ( 'NONE', #4376, #7541 ) ;
#811 = CARTESIAN_POINT ( 'NONE',  ( 23.54999999999999716, 108.8797142826807516, -13.66211879250811911 ) ) ;
#812 = DIRECTION ( 'NONE',  ( -0.000000000000000000, 0.000000000000000000, 1.000000000000000000 ) ) ;
#813 = DIRECTION ( 'NONE',  ( 0.000000000000000000, 1.000000000000000000, -0.000000000000000000 ) ) ;
#814 = VERTEX_POINT ( 'NONE', #5679 ) ;
#815 = EDGE_CURVE ( 'NONE', #5404, #1685, #8484, .T. ) ;
#816 = PLANE ( 'NONE',  #7492 ) ;
#817 = VERTEX_POINT ( 'NONE', #4392 ) ;
#818 = CARTESIAN_POINT ( 'NONE',  ( -25.99999999999999645, 12.49999999999988276, -20.49999999999977618 ) ) ;
#819 = ORIENTED_EDGE ( 'NONE', *, *, #2624, .T. ) ;
#820 = CARTESIAN_POINT ( 'NONE',  ( 27.00000000000000000, 12.50000000000001599, -12.50000000000000000 ) ) ;
#821 = CARTESIAN_POINT ( 'NONE',  ( -28.13543178498860087, 1.689189189075051667, -18.77505933122466431 ) ) ;
#822 = VECTOR ( 'NONE', #755, 1000.000000000000227 ) ;
#823 = FACE_OUTER_BOUND ( 'NONE', #1358, .T. ) ;
#824 = LINE ( 'NONE', #1650, #2059 ) ;
#825 = ORIENTED_EDGE ( 'NONE', *, *, #2556, .F. ) ;
#826 = ADVANCED_FACE ( 'NONE', ( #785 ), #7880, .F. ) ;
#827 = CARTESIAN_POINT ( 'NONE',  ( 24.02454891429358952, 4.150895800249683631, -6.769937215358071469 ) ) ;
#828 = CARTESIAN_POINT ( 'NONE',  ( 16.57654914134644741, 94.44000000000002615, 0.000000000000000000 ) ) ;
#829 = ORIENTED_EDGE ( 'NONE', *, *, #4854, .T. ) ;
#830 = ORIENTED_EDGE ( 'NONE', *, *, #1592, .F. ) ;
#831 = CIRCLE ( 'NONE', #6087, 2.000000000000003553 ) ;
#832 = ORIENTED_EDGE ( 'NONE', *, *, #8287, .T. ) ;
#833 = DIRECTION ( 'NONE',  ( 1.613696256722611948E-15, -1.000000000000000000, 3.227392513445223895E-15 ) ) ;
#834 = CARTESIAN_POINT ( 'NONE',  ( 25.00000000000000355, 12.50000000000000355, -6.500000000000006217 ) ) ;
#835 = CARTESIAN_POINT ( 'NONE',  ( -28.00000000000000000, 12.50000000000000888, -16.50000000000000000 ) ) ;
#836 = ORIENTED_EDGE ( 'NONE', *, *, #5844, .F. ) ;
#837 = EDGE_CURVE ( 'NONE', #3797, #3197, #7065, .T. ) ;
#838 = DIRECTION ( 'NONE',  ( 1.000000000000000000, 0.000000000000000000, 0.000000000000000000 ) ) ;
#839 = EDGE_CURVE ( 'NONE', #5785, #4214, #8857, .T. ) ;
#840 = CARTESIAN_POINT ( 'NONE',  ( 29.99999999999999645, 10.35000000000021281, -4.499999999999771738 ) ) ;
#841 = ORIENTED_EDGE ( 'NONE', *, *, #7616, .F. ) ;
#842 = CONICAL_SURFACE ( 'NONE', #7744, 10.15000000000000213, 0.7853981633974526089 ) ;
#843 = VECTOR ( 'NONE', #3033, 1000.000000000000000 ) ;
#844 = DIRECTION ( 'NONE',  ( -0.000000000000000000, 0.000000000000000000, 1.000000000000000000 ) ) ;
#845 = ORIENTED_EDGE ( 'NONE', *, *, #9077, .T. ) ;
#846 = VECTOR ( 'NONE', #413, 1000.000000000000000 ) ;
#847 = DIRECTION ( 'NONE',  ( -0.000000000000000000, 0.000000000000000000, 1.000000000000000000 ) ) ;
#848 = AXIS2_PLACEMENT_3D ( 'NONE', #5262, #4544, #7424 ) ;
#849 = APPROVAL_STATUS ( 'not_yet_approved' ) ;
#850 = DIRECTION ( 'NONE',  ( -4.939004732627448519E-32, -2.602085213965210149E-16, -1.000000000000000000 ) ) ;
#851 = ORIENTED_EDGE ( 'NONE', *, *, #6640, .F. ) ;
#852 = AXIS2_PLACEMENT_3D ( 'NONE', #5902, #3014, #4481 ) ;
#853 = VECTOR ( 'NONE', #9199, 1000.000000000000000 ) ;
#854 = CARTESIAN_POINT ( 'NONE',  ( 27.97536617175445883, 0.7459319885308600684, -16.75536091869389566 ) ) ;
#855 = EDGE_CURVE ( 'NONE', #8741, #2568, #8407, .T. ) ;
#856 = LINE ( 'NONE', #4468, #4759 ) ;
#857 = EDGE_CURVE ( 'NONE', #5277, #1755, #1424, .T. ) ;
#858 = CIRCLE ( 'NONE', #3247, 5.000000000000000888 ) ;
#859 = DIRECTION ( 'NONE',  ( -1.000000000000000000, -9.912705577010326782E-17, 0.000000000000000000 ) ) ;
#860 = LINE ( 'NONE', #4562, #5353 ) ;
#861 = ORIENTED_EDGE ( 'NONE', *, *, #7314, .F. ) ;
#862 = DIRECTION ( 'NONE',  ( 0.5427066596637477591, -0.8399223068573765660, 0.000000000000000000 ) ) ;
#863 = VERTEX_POINT ( 'NONE', #9197 ) ;
#864 = CARTESIAN_POINT ( 'NONE',  ( 43.19558781116748492, 118.9399999999999835, -4.500000000000000000 ) ) ;
#865 = ORIENTED_EDGE ( 'NONE', *, *, #7532, .F. ) ;
#866 = AXIS2_PLACEMENT_3D ( 'NONE', #4368, #7250, #4890 ) ;
#867 = EDGE_CURVE ( 'NONE', #1014, #8515, #2243, .T. ) ;
#868 = CARTESIAN_POINT ( 'NONE',  ( -22.25000000000000000, 113.9403061905773598, -21.59999999999999787 ) ) ;
#869 = EDGE_CURVE ( 'NONE', #6192, #6603, #2126, .T. ) ;
#870 = CARTESIAN_POINT ( 'NONE',  ( -27.99999999999998934, 1.689189189189157281, -18.77505933142124661 ) ) ;
#871 = B_SPLINE_CURVE_WITH_KNOTS ( 'NONE', 3,
 ( #877, #1518, #827, #5728, #4435, #4491, #2222, #5113, #7185, #8768 ),
 .UNSPECIFIED., .F., .F.,
 ( 4, 2, 2, 2, 4 ),
 ( 0.000000000000000000, 0.0004659843886822798999, 0.0009319687773645597998, 0.001397953166046839646, 0.001863937554729119600 ),
 .UNSPECIFIED. ) ;
#872 = EDGE_CURVE ( 'NONE', #5941, #7064, #3445, .T. ) ;
#873 = VECTOR ( 'NONE', #3604, 1000.000000000000000 ) ;
#874 = DIRECTION ( 'NONE',  ( -1.000000000000000000, -9.912705577010326782E-17, 0.000000000000000000 ) ) ;
#875 = CARTESIAN_POINT ( 'NONE',  ( 58.00000000000002132, 12.50000000000021672, -4.499999999999771738 ) ) ;
#876 = ORIENTED_EDGE ( 'NONE', *, *, #6217, .T. ) ;
#877 = CARTESIAN_POINT ( 'NONE',  ( 24.00000000000000355, 4.313272937247753624, -6.500000000000006217 ) ) ;
#878 = CARTESIAN_POINT ( 'NONE',  ( 16.57654914134644741, 94.44000000000002615, -15.65739561406607372 ) ) ;
#879 = VERTEX_POINT ( 'NONE', #6520 ) ;
#880 = ORIENTED_EDGE ( 'NONE', *, *, #6362, .T. ) ;
#881 = ORIENTED_EDGE ( 'NONE', *, *, #8762, .T. ) ;
#882 = CYLINDRICAL_SURFACE ( 'NONE', #5536, 1.049999999999998934 ) ;
#883 = VECTOR ( 'NONE', #2493, 1000.000000000000000 ) ;
#884 = FACE_OUTER_BOUND ( 'NONE', #7176, .T. ) ;
#885 = LINE ( 'NONE', #3748, #6853 ) ;
#886 = ORIENTED_EDGE ( 'NONE', *, *, #2727, .F. ) ;
#887 = AXIS2_PLACEMENT_3D ( 'NONE', #7786, #6480, #3543 ) ;
#888 = CARTESIAN_POINT ( 'NONE',  ( -6.423762078750931970, 96.44000000000002615, -15.65739561406607727 ) ) ;
#889 = CARTESIAN_POINT ( 'NONE',  ( 25.00000000000000355, 4.836939253796808558, -7.500000000000007105 ) ) ;
#890 = ORIENTED_EDGE ( 'NONE', *, *, #7909, .F. ) ;
#891 = TOROIDAL_SURFACE ( 'NONE', #5705, 4.000000000000000000, 2.000000000000000000 ) ;
#892 = CIRCLE ( 'NONE', #7054, 1.049999999999998934 ) ;
#893 = CIRCLE ( 'NONE', #4490, 2.149999999999999023 ) ;
#894 = ADVANCED_FACE ( 'NONE', ( #2788 ), #4921, .T. ) ;
#895 = AXIS2_PLACEMENT_3D ( 'NONE', #1661, #6014, #7465 ) ;
#896 = SPHERICAL_SURFACE ( 'NONE', #3108, 2.000000000000000000 ) ;
#897 = ORIENTED_EDGE ( 'NONE', *, *, #6749, .T. ) ;
#898 = CARTESIAN_POINT ( 'NONE',  ( -27.80831327735402070, 0.8779216665812795695, -7.897015649871496734 ) ) ;
#899 = DIRECTION ( 'NONE',  ( -1.000000000000000000, 0.000000000000000000, -0.000000000000000000 ) ) ;
#900 = ORIENTED_EDGE ( 'NONE', *, *, #7733, .T. ) ;
#901 = CIRCLE ( 'NONE', #154, 2.150000000000002576 ) ;
#902 = CARTESIAN_POINT ( 'NONE',  ( 24.00000000000000355, 4.313272937247758065, -18.50000000000000355 ) ) ;
#903 = EDGE_LOOP ( 'NONE', ( #3978, #1142 ) ) ;
#904 = EDGE_CURVE ( 'NONE', #48, #9194, #80, .T. ) ;
#905 = CARTESIAN_POINT ( 'NONE',  ( -24.63509222136525523, 15.91769679268174897, -2.000000000000000000 ) ) ;
#906 = DIRECTION ( 'NONE',  ( 1.000000000000000000, 9.912705577010326782E-17, -0.000000000000000000 ) ) ;
#907 = CIRCLE ( 'NONE', #3754, 10.50000000000000000 ) ;
#908 = DIRECTION ( 'NONE',  ( -1.000000000000000000, 1.541976423090495387E-16, 0.000000000000000000 ) ) ;
#909 = DIRECTION ( 'NONE',  ( 0.000000000000000000, -1.000000000000000000, 0.000000000000000000 ) ) ;
#910 = ORIENTED_EDGE ( 'NONE', *, *, #3503, .F. ) ;
#911 = FACE_OUTER_BOUND ( 'NONE', #7987, .T. ) ;
#912 = EDGE_LOOP ( 'NONE', ( #3224, #4302, #3208, #1610 ) ) ;
#913 = CARTESIAN_POINT ( 'NONE',  ( -13.98768373480797678, 60.21388856614259311, -25.00000000000000000 ) ) ;
#914 = VERTEX_POINT ( 'NONE', #2927 ) ;
#915 = DIRECTION ( 'NONE',  ( 1.000000000000000000, 0.000000000000000000, 0.000000000000000000 ) ) ;
#916 = CARTESIAN_POINT ( 'NONE',  ( 17.74999999999978684, 104.4400000000000261, -15.65739561406607372 ) ) ;
#917 = AXIS2_PLACEMENT_3D ( 'NONE', #5290, #5328, #8010 ) ;
#918 = DIRECTION ( 'NONE',  ( 0.000000000000000000, -1.000000000000000000, 0.000000000000000000 ) ) ;
#919 = CARTESIAN_POINT ( 'NONE',  ( -23.99999999999999645, 4.313272937247765171, -6.500000000000000000 ) ) ;
#920 = LINE ( 'NONE', #5438, #3142 ) ;
#921 = DIRECTION ( 'NONE',  ( 0.000000000000000000, 1.000000000000000000, 0.000000000000000000 ) ) ;
#922 = EDGE_LOOP ( 'NONE', ( #7888, #3966, #7288, #2902 ) ) ;
#923 = EDGE_CURVE ( 'NONE', #1752, #4076, #6927, .T. ) ;
#924 = EDGE_CURVE ( 'NONE', #6914, #2707, #4210, .T. ) ;
#925 = ORIENTED_EDGE ( 'NONE', *, *, #4449, .F. ) ;
#926 = AXIS2_PLACEMENT_3D ( 'NONE', #4710, #7583, #580 ) ;
#927 = ORIENTED_EDGE ( 'NONE', *, *, #7707, .F. ) ;
#928 = CARTESIAN_POINT ( 'NONE',  ( 5.663118960624426101, 96.44000000000002615, -15.65739561406607372 ) ) ;
#929 = CARTESIAN_POINT ( 'NONE',  ( -23.31393684833120616, 2.886454107512963496, -7.500000000000000000 ) ) ;
#930 = CARTESIAN_POINT ( 'NONE',  ( -22.25000000000000000, 106.9403061905773598, -14.59999999999999787 ) ) ;
#931 = DIRECTION ( 'NONE',  ( 0.000000000000000000, 1.000000000000000000, 0.000000000000000000 ) ) ;
#932 = DIRECTION ( 'NONE',  ( -1.000000000000000000, 0.000000000000000000, 0.000000000000000000 ) ) ;
#933 = VECTOR ( 'NONE', #6936, 1000.000000000000000 ) ;
#934 = VERTEX_POINT ( 'NONE', #738 ) ;
#935 = CARTESIAN_POINT ( 'NONE',  ( 58.00000000000002132, 20.50000000000001776, -12.50000000000000000 ) ) ;
#936 = DIRECTION ( 'NONE',  ( 0.5427066596637477591, 0.8399223068573765660, 0.000000000000000000 ) ) ;
#937 = VERTEX_POINT ( 'NONE', #41 ) ;
#938 = DIRECTION ( 'NONE',  ( 1.000000000000000000, 0.000000000000000000, 0.000000000000000000 ) ) ;
#939 = EDGE_CURVE ( 'NONE', #5314, #5872, #2090, .T. ) ;
#940 = CARTESIAN_POINT ( 'NONE',  ( 23.54999999999999361, 108.9309918853872148, -15.41220100004830229 ) ) ;
#941 = VERTEX_POINT ( 'NONE', #2885 ) ;
#942 = CARTESIAN_POINT ( 'NONE',  ( -8.586881039375565905, 104.4400000000000261, -8.999999999999994671 ) ) ;
#943 = EDGE_CURVE ( 'NONE', #1303, #648, #4408, .T. ) ;
#944 = CARTESIAN_POINT ( 'NONE',  ( -26.25000000000000711, 102.3196380149609155, -2.000000000000000000 ) ) ;
#945 = ORIENTED_EDGE ( 'NONE', *, *, #3047, .F. ) ;
#946 = CARTESIAN_POINT ( 'NONE',  ( 29.67960346863939591, 3.414213562373116684, -24.91421356237309581 ) ) ;
#947 = VERTEX_POINT ( 'NONE', #8862 ) ;
#948 = DIRECTION ( 'NONE',  ( 0.4999999999999977796, 0.8660254037844398178, 0.000000000000000000 ) ) ;
#949 = DIRECTION ( 'NONE',  ( 0.000000000000000000, 0.000000000000000000, 1.000000000000000000 ) ) ;
#950 = DIRECTION ( 'NONE',  ( -8.787991997524760300E-17, -1.524473602480251670E-31, -1.000000000000000000 ) ) ;
#951 = DIRECTION ( 'NONE',  ( 0.000000000000000000, 1.000000000000000000, 0.000000000000000000 ) ) ;
#952 = EDGE_LOOP ( 'NONE', ( #1249, #2002, #8530, #5818 ) ) ;
#953 = ADVANCED_FACE ( 'NONE', ( #1691, #3684, #4432, #3780 ), #2444, .F. ) ;
#954 = CARTESIAN_POINT ( 'NONE',  ( 23.28753429247973017, 13.82287565553229314, -23.28161218218567186 ) ) ;
#955 = ORIENTED_EDGE ( 'NONE', *, *, #3589, .T. ) ;
#956 = CARTESIAN_POINT ( 'NONE',  ( -28.25000000000000000, 94.08030619057737454, -23.00000000000000000 ) ) ;
#957 = CARTESIAN_POINT ( 'NONE',  ( 5.663118960624426101, 104.4400000000000261, -15.65739561406607372 ) ) ;
#958 = CARTESIAN_POINT ( 'NONE',  ( 20.25000000000000000, 96.44000000000002615, -24.99999999999999289 ) ) ;
#959 = CARTESIAN_POINT ( 'NONE',  ( -22.25000000000000000, 104.7903061905773541, -14.59999999999999787 ) ) ;
#960 = DIRECTION ( 'NONE',  ( -0.000000000000000000, -0.000000000000000000, -1.000000000000000000 ) ) ;
#961 = DIRECTION ( 'NONE',  ( 1.000000000000000000, -1.898094922533725623E-16, 0.000000000000000000 ) ) ;
#962 = EDGE_LOOP ( 'NONE', ( #8073, #8005 ) ) ;
#963 = ORIENTED_EDGE ( 'NONE', *, *, #4536, .F. ) ;
#964 = VERTEX_POINT ( 'NONE', #8058 ) ;
#965 = DIRECTION ( 'NONE',  ( 2.775557561562890858E-16, 1.000000000000000000, 0.000000000000000000 ) ) ;
#966 = CARTESIAN_POINT ( 'NONE',  ( -25.42638895772114438, 1.100145117756660573, -7.499999999999998224 ) ) ;
#967 = AXIS2_PLACEMENT_3D ( 'NONE', #94, #1529, #9251 ) ;
#968 = EDGE_CURVE ( 'NONE', #5277, #7876, #3165, .T. ) ;
#969 = CARTESIAN_POINT ( 'NONE',  ( 24.00000000000000711, 18.15685424949253957, -6.843145750507550140 ) ) ;
#970 = EDGE_CURVE ( 'NONE', #934, #4978, #125, .T. ) ;
#971 = FACE_OUTER_BOUND ( 'NONE', #685, .T. ) ;
#972 = CARTESIAN_POINT ( 'NONE',  ( -23.49038183646694833, 114.9779794794551151, -23.48925314190056923 ) ) ;
#973 = ORIENTED_EDGE ( 'NONE', *, *, #2517, .F. ) ;
#974 = LINE ( 'NONE', #3835, #2633 ) ;
#975 = CARTESIAN_POINT ( 'NONE',  ( -25.42668801671168310, 105.0254701606523327, -15.58439640548336058 ) ) ;
#976 = VERTEX_POINT ( 'NONE', #3871 ) ;
#977 = DIRECTION ( 'NONE',  ( -1.000000000000000000, -1.892425610156517122E-16, -0.000000000000000000 ) ) ;
#978 = AXIS2_PLACEMENT_3D ( 'NONE', #4264, #3559, #7893 ) ;
#979 = ORIENTED_EDGE ( 'NONE', *, *, #3097, .T. ) ;
#980 = CARTESIAN_POINT ( 'NONE',  ( -25.99999999999999645, 1.043560762610397319, -7.500000000000000000 ) ) ;
#981 = EDGE_CURVE ( 'NONE', #794, #3068, #7070, .T. ) ;
#982 = ORIENTED_EDGE ( 'NONE', *, *, #445, .F. ) ;
#983 = CARTESIAN_POINT ( 'NONE',  ( 29.34181962462014326, 3.011072085858832903, -21.22012672357874763 ) ) ;
#984 = EDGE_CURVE ( 'NONE', #8215, #2088, #6564, .T. ) ;
#985 = CARTESIAN_POINT ( 'NONE',  ( 12.94814989366370739, 70.39833175440060131, -2.000000000000001776 ) ) ;
#986 = VERTEX_POINT ( 'NONE', #7316 ) ;
#987 = PLANE ( 'NONE',  #1226 ) ;
#988 = AXIS2_PLACEMENT_3D ( 'NONE', #1152, #1973, #1883 ) ;
#989 = VERTEX_POINT ( 'NONE', #8903 ) ;
#990 = TOROIDAL_SURFACE ( 'NONE', #9096, 4.000000000000000000, 2.000000000000000000 ) ;
#991 = DIRECTION ( 'NONE',  ( 1.734723475976807292E-15, -1.000000000000000000, 0.000000000000000000 ) ) ;
#992 = ADVANCED_FACE ( 'NONE', ( #5331 ), #2267, .F. ) ;
#993 = DIRECTION ( 'NONE',  ( 1.000000000000000000, 0.000000000000000000, 0.000000000000000000 ) ) ;
#994 = LINE ( 'NONE', #5988, #4955 ) ;
#995 = CIRCLE ( 'NONE', #3094, 1.050000000000000488 ) ;
#996 = DIRECTION ( 'NONE',  ( 1.000000000000000000, 0.000000000000000000, 0.000000000000000000 ) ) ;
#997 = VECTOR ( 'NONE', #7657, 1000.000000000000000 ) ;
#998 = CARTESIAN_POINT ( 'NONE',  ( 18.25639375506120388, 93.35458668067252574, -23.00000000000000000 ) ) ;
#999 = ORIENTED_EDGE ( 'NONE', *, *, #2743, .T. ) ;
#1000 = CARTESIAN_POINT ( 'NONE',  ( 24.00000000000000355, 49.81447292170534524, -22.99999999999999289 ) ) ;
#1001 = VECTOR ( 'NONE', #7028, 999.9999999999998863 ) ;
#1002 = CARTESIAN_POINT ( 'NONE',  ( 29.99999999999999289, 1.999999999999997780, -12.50000000000000000 ) ) ;
#1003 = CIRCLE ( 'NONE', #5365, 1.050000000000000488 ) ;
#1004 = EDGE_CURVE ( 'NONE', #6356, #2271, #8117, .T. ) ;
#1005 = FACE_OUTER_BOUND ( 'NONE', #3837, .T. ) ;
#1006 = DIRECTION ( 'NONE',  ( 0.3090169943749468962, -1.053076637743355636E-16, 0.9510565162951537532 ) ) ;
#1007 = DIRECTION ( 'NONE',  ( 0.000000000000000000, -1.000000000000000000, -1.107270303814984526E-16 ) ) ;
#1008 = CYLINDRICAL_SURFACE ( 'NONE', #4478, 1.049999999999998934 ) ;
#1009 = DIRECTION ( 'NONE',  ( -1.000000000000000000, 0.000000000000000000, 0.000000000000000000 ) ) ;
#1010 = VERTEX_POINT ( 'NONE', #8154 ) ;
#1011 = VECTOR ( 'NONE', #3237, 1000.000000000000000 ) ;
#1012 = CARTESIAN_POINT ( 'NONE',  ( 0.000000000000000000, 83.52616047165487601, 0.000000000000000000 ) ) ;
#1013 = EDGE_LOOP ( 'NONE', ( #6992, #75, #3146, #1388 ) ) ;
#1014 = VERTEX_POINT ( 'NONE', #3113 ) ;
#1015 = CARTESIAN_POINT ( 'NONE',  ( 19.99999999999998934, 49.81447292170534524, 0.000000000000000000 ) ) ;
#1016 = EDGE_CURVE ( 'NONE', #1948, #3975, #824, .T. ) ;
#1017 = AXIS2_PLACEMENT_3D ( 'NONE', #4735, #3895, #4876 ) ;
#1018 = CARTESIAN_POINT ( 'NONE',  ( -23.57824946156923929, 2.375789791770043902, -7.500000000000000000 ) ) ;
#1019 = LINE ( 'NONE', #6015, #1062 ) ;
#1020 = CARTESIAN_POINT ( 'NONE',  ( -23.55000000000000782, 108.9309918853871579, -23.00000000000000000 ) ) ;
#1021 = FACE_OUTER_BOUND ( 'NONE', #5484, .T. ) ;
#1022 = ORIENTED_EDGE ( 'NONE', *, *, #5790, .T. ) ;
#1023 = CARTESIAN_POINT ( 'NONE',  ( -27.99999999999999289, 13.82287565553229136, -23.00000000000000000 ) ) ;
#1024 = CARTESIAN_POINT ( 'NONE',  ( 20.25000000000000355, 113.9403061905773740, -7.599999999999997868 ) ) ;
#1025 = EDGE_LOOP ( 'NONE', ( #5188, #3277, #6275, #7002 ) ) ;
#1026 = FACE_OUTER_BOUND ( 'NONE', #8161, .T. ) ;
#1027 = EDGE_CURVE ( 'NONE', #464, #6530, #5869, .T. ) ;
#1028 = DIRECTION ( 'NONE',  ( 1.000000000000000000, -1.541976423090495387E-16, -0.000000000000000000 ) ) ;
#1029 = CIRCLE ( 'NONE', #6587, 12.50000000000000178 ) ;
#1030 = VERTEX_POINT ( 'NONE', #219 ) ;
#1031 = CARTESIAN_POINT ( 'NONE',  ( 30.00000000044732573, 4.327813882097794718, -19.36393644346150467 ) ) ;
#1032 = VECTOR ( 'NONE', #1179, 1000.000000000000000 ) ;
#1033 = CIRCLE ( 'NONE', #6003, 4.000000000000000000 ) ;
#1034 = CARTESIAN_POINT ( 'NONE',  ( 18.25639375506120032, 93.35458668067252574, -128.1790850899541852 ) ) ;
#1035 = ORIENTED_EDGE ( 'NONE', *, *, #1687, .T. ) ;
#1036 = EDGE_CURVE ( 'NONE', #5193, #4214, #1555, .T. ) ;
#1037 = EDGE_CURVE ( 'NONE', #4679, #4083, #1781, .T. ) ;
#1038 = VERTEX_POINT ( 'NONE', #959 ) ;
#1039 = FACE_BOUND ( 'NONE', #6958, .T. ) ;
#1040 = CONICAL_SURFACE ( 'NONE', #3288, 10.15000000000000036, 0.7853981633974509435 ) ;
#1041 = CIRCLE ( 'NONE', #3893, 2.150000000000012790 ) ;
#1042 = CARTESIAN_POINT ( 'NONE',  ( -28.25000000000001776, 94.08030619057737454, -24.17157287525380838 ) ) ;
#1043 = DIRECTION ( 'NONE',  ( 1.000000000000000000, 0.000000000000000000, 0.000000000000000000 ) ) ;
#1044 = VECTOR ( 'NONE', #1175, 1000.000000000000000 ) ;
#1045 = DIRECTION ( 'NONE',  ( 0.000000000000000000, -1.000000000000000000, 0.000000000000000000 ) ) ;
#1046 = DIRECTION ( 'NONE',  ( 0.000000000000000000, 1.000000000000000000, 0.000000000000000000 ) ) ;
#1047 = ORIENTED_EDGE ( 'NONE', *, *, #1692, .T. ) ;
#1048 = DIRECTION ( 'NONE',  ( 1.000000000000000000, -1.541976423090495387E-16, 0.000000000000000000 ) ) ;
#1049 = EDGE_CURVE ( 'NONE', #7204, #5401, #3276, .T. ) ;
#1050 = AXIS2_PLACEMENT_3D ( 'NONE', #2216, #2025, #5062 ) ;
#1051 = CARTESIAN_POINT ( 'NONE',  ( -17.00000000000000000, 44.61832049899870611, -25.00000000000000000 ) ) ;
#1052 = LINE ( 'NONE', #4484, #1622 ) ;
#1053 = CARTESIAN_POINT ( 'NONE',  ( -27.99999999999999289, 4.500000000000000888, -24.99999999999999289 ) ) ;
#1054 = DIRECTION ( 'NONE',  ( 1.000000000000000000, 2.312964634635742267E-15, 0.000000000000000000 ) ) ;
#1055 = DIRECTION ( 'NONE',  ( 0.000000000000000000, -1.000000000000000000, 0.000000000000000000 ) ) ;
#1056 = EDGE_LOOP ( 'NONE', ( #6710, #6352, #8758, #6434 ) ) ;
#1057 = FACE_OUTER_BOUND ( 'NONE', #2758, .T. ) ;
#1058 = EDGE_CURVE ( 'NONE', #6109, #4397, #8558, .T. ) ;
#1059 = ORIENTED_EDGE ( 'NONE', *, *, #8622, .T. ) ;
#1060 = ORIENTED_EDGE ( 'NONE', *, *, #1353, .T. ) ;
#1061 = CARTESIAN_POINT ( 'NONE',  ( 24.00000000000000711, 11.44999999999987139, -20.49999999999977618 ) ) ;
#1062 = VECTOR ( 'NONE', #2322, 1000.000000000000000 ) ;
#1063 = CARTESIAN_POINT ( 'NONE',  ( 58.00000000000002132, 19.45000000000002061, -12.50000000000000000 ) ) ;
#1064 = FACE_OUTER_BOUND ( 'NONE', #9071, .T. ) ;
#1065 = CARTESIAN_POINT ( 'NONE',  ( -22.99999999999999645, 1.689189189189187479, -18.77505933142118622 ) ) ;
#1066 = CARTESIAN_POINT ( 'NONE',  ( -23.50965667159337258, 112.7705775271856083, -23.41047469326331765 ) ) ;
#1067 = ORIENTED_EDGE ( 'NONE', *, *, #3119, .T. ) ;
#1068 = FACE_OUTER_BOUND ( 'NONE', #7796, .T. ) ;
#1069 = FACE_OUTER_BOUND ( 'NONE', #3309, .T. ) ;
#1070 = EDGE_LOOP ( 'NONE', ( #2748, #9167, #6945, #2325 ) ) ;
#1071 = VECTOR ( 'NONE', #3865, 1000.000000000000000 ) ;
#1072 = EDGE_CURVE ( 'NONE', #140, #3488, #2308, .T. ) ;
#1073 = DIRECTION ( 'NONE',  ( 0.000000000000000000, 1.000000000000000000, 0.000000000000000000 ) ) ;
#1074 = ORIENTED_EDGE ( 'NONE', *, *, #5883, .F. ) ;
#1075 = CARTESIAN_POINT ( 'NONE',  ( 29.95214785708277461, 3.790941104598316347, -19.12044721493656851 ) ) ;
#1076 = CYLINDRICAL_SURFACE ( 'NONE', #1628, 2.000000000000001776 ) ;
#1077 = ORIENTED_EDGE ( 'NONE', *, *, #7126, .T. ) ;
#1078 = AXIS2_PLACEMENT_3D ( 'NONE', #6771, #1702, #3265 ) ;
#1079 = PLANE ( 'NONE',  #3903 ) ;
#1080 = ORIENTED_EDGE ( 'NONE', *, *, #3968, .F. ) ;
#1081 = DIRECTION ( 'NONE',  ( 1.000000000000000000, 9.912705577010326782E-17, -0.000000000000000000 ) ) ;
#1082 = DIRECTION ( 'NONE',  ( 0.000000000000000000, -0.000000000000000000, -1.000000000000000000 ) ) ;
#1083 = DIRECTION ( 'NONE',  ( 0.000000000000000000, 0.000000000000000000, -1.000000000000000000 ) ) ;
#1084 = ADVANCED_FACE ( 'NONE', ( #266, #9133 ), #8291, .T. ) ;
#1085 = EDGE_CURVE ( 'NONE', #8908, #7470, #5436, .T. ) ;
#1086 = CARTESIAN_POINT ( 'NONE',  ( -23.00000000000000000, 12.50000000000000888, -17.50000000000000000 ) ) ;
#1087 = DIRECTION ( 'NONE',  ( 0.000000000000000000, -1.000000000000000000, 0.000000000000000000 ) ) ;
#1088 = ORIENTED_EDGE ( 'NONE', *, *, #3163, .F. ) ;
#1089 = DIRECTION ( 'NONE',  ( 0.8399223068573744566, -0.5427066596637510898, 0.000000000000000000 ) ) ;
#1090 = DIRECTION ( 'NONE',  ( 0.000000000000000000, 0.000000000000000000, -1.000000000000000000 ) ) ;
#1091 = FACE_OUTER_BOUND ( 'NONE', #9234, .T. ) ;
#1092 = EDGE_CURVE ( 'NONE', #4227, #201, #7592, .T. ) ;
#1093 = CARTESIAN_POINT ( 'NONE',  ( 22.24999999999998579, 111.7903061905773683, -7.599999999999997868 ) ) ;
#1094 = CYLINDRICAL_SURFACE ( 'NONE', #2850, 5.000000000000004441 ) ;
#1095 = DIRECTION ( 'NONE',  ( 1.613696256722611948E-15, -1.000000000000000000, 0.000000000000000000 ) ) ;
#1096 = PLANE ( 'NONE',  #684 ) ;
#1097 = ORIENTED_EDGE ( 'NONE', *, *, #4247, .T. ) ;
#1098 = DIRECTION ( 'NONE',  ( -1.000000000000000000, -1.892425610156517122E-16, -0.000000000000000000 ) ) ;
#1099 = ORIENTED_EDGE ( 'NONE', *, *, #6154, .F. ) ;
#1100 = ORIENTED_EDGE ( 'NONE', *, *, #8930, .T. ) ;
#1101 = LINE ( 'NONE', #1659, #2017 ) ;
#1102 = CARTESIAN_POINT ( 'NONE',  ( -25.99999999999999645, 12.50000000000022027, -4.499999999999771738 ) ) ;
#1103 = DIRECTION ( 'NONE',  ( 1.000000000000000000, -0.000000000000000000, -0.000000000000000000 ) ) ;
#1104 = EDGE_CURVE ( 'NONE', #5509, #879, #9141, .T. ) ;
#1105 = CARTESIAN_POINT ( 'NONE',  ( -24.00000000000000000, 49.81447292170534524, -2.000000000000001776 ) ) ;
#1106 = CARTESIAN_POINT ( 'NONE',  ( 23.00000000000000000, 2.533932570968594256, -17.50000000000000000 ) ) ;
#1107 = ORIENTED_EDGE ( 'NONE', *, *, #6560, .F. ) ;
#1108 = CARTESIAN_POINT ( 'NONE',  ( 24.00000000000000711, 20.50000000000001066, -12.50000000000000000 ) ) ;
#1109 = CARTESIAN_POINT ( 'NONE',  ( -23.99661771610358230, 11.50595511789651759, -25.50000000000000355 ) ) ;
#1110 = ORIENTED_EDGE ( 'NONE', *, *, #194, .F. ) ;
#1111 = ORIENTED_EDGE ( 'NONE', *, *, #4692, .T. ) ;
#1112 = CARTESIAN_POINT ( 'NONE',  ( 26.00000000000000000, 44.61832049899870611, -3.000000000000000000 ) ) ;
#1113 = B_SPLINE_CURVE_WITH_KNOTS ( 'NONE', 3,
 ( #361, #7459, #6807, #3207, #3925, #2241, #5389, #5336, #2411, #6849, #4407, #3702, #6582, #5297 ),
 .UNSPECIFIED., .F., .F.,
 ( 4, 2, 2, 2, 2, 2, 4 ),
 ( 0.000000000000000000, 0.0004632741521417471273, 0.0009265483042834942546, 0.001158185380354367086, 0.001389822456425240244, 0.001621459532496112967, 0.001853096608566986124 ),
 .UNSPECIFIED. ) ;
#1114 = EDGE_CURVE ( 'NONE', #7050, #1522, #8259, .T. ) ;
#1115 = VERTEX_POINT ( 'NONE', #7551 ) ;
#1116 = EDGE_CURVE ( 'NONE', #3698, #4646, #1637, .T. ) ;
#1117 = CARTESIAN_POINT ( 'NONE',  ( 29.90105210950087411, 3.514449455749159235, -19.05907698995582678 ) ) ;
#1118 = ORIENTED_EDGE ( 'NONE', *, *, #1325, .F. ) ;
#1119 = VECTOR ( 'NONE', #5742, 1000.000000000000000 ) ;
#1120 = CARTESIAN_POINT ( 'NONE',  ( 20.24999999999995737, 104.4400000000000261, -15.65739561406607372 ) ) ;
#1121 = ORIENTED_EDGE ( 'NONE', *, *, #1406, .T. ) ;
#1122 = EDGE_LOOP ( 'NONE', ( #7477, #710, #9079, #2981 ) ) ;
#1123 = VECTOR ( 'NONE', #5784, 1000.000000000000000 ) ;
#1124 = CARTESIAN_POINT ( 'NONE',  ( -14.25000000000020250, 96.44000000000002615, -13.11449676604731174 ) ) ;
#1125 = ADVANCED_FACE ( 'NONE', ( #7504 ), #5419, .T. ) ;
#1126 = DIRECTION ( 'NONE',  ( -0.000000000000000000, 0.000000000000000000, 1.000000000000000000 ) ) ;
#1127 = FACE_OUTER_BOUND ( 'NONE', #1453, .T. ) ;
#1128 = LINE ( 'NONE', #5127, #1282 ) ;
#1129 = CARTESIAN_POINT ( 'NONE',  ( -23.99999999999999645, 12.50000000000000888, -6.500000000000000000 ) ) ;
#1130 = EDGE_LOOP ( 'NONE', ( #7189, #6650, #288, #7810 ) ) ;
#1131 = VECTOR ( 'NONE', #7890, 1000.000000000000227 ) ;
#1132 = AXIS2_PLACEMENT_3D ( 'NONE', #616, #3998, #8498 ) ;
#1133 = FACE_OUTER_BOUND ( 'NONE', #1056, .T. ) ;
#1134 = EDGE_CURVE ( 'NONE', #5390, #4120, #454, .T. ) ;
#1135 = ADVANCED_FACE ( 'NONE', ( #6942 ), #1094, .F. ) ;
#1136 = DIRECTION ( 'NONE',  ( 0.000000000000000000, 0.000000000000000000, -1.000000000000000000 ) ) ;
#1137 = AXIS2_PLACEMENT_3D ( 'NONE', #419, #1939, #1287 ) ;
#1138 = LINE ( 'NONE', #4280, #2526 ) ;
#1139 = CIRCLE ( 'NONE', #7015, 6.000000000000000000 ) ;
#1140 = CARTESIAN_POINT ( 'NONE',  ( -26.00000000000000000, 18.15685424949254667, -6.843145750507550140 ) ) ;
#1141 = DIRECTION ( 'NONE',  ( 1.000000000000000000, 6.938893903907228378E-15, 0.000000000000000000 ) ) ;
#1142 = ORIENTED_EDGE ( 'NONE', *, *, #1678, .F. ) ;
#1143 = FACE_OUTER_BOUND ( 'NONE', #3814, .T. ) ;
#1144 = ORIENTED_EDGE ( 'NONE', *, *, #4414, .F. ) ;
#1145 = CARTESIAN_POINT ( 'NONE',  ( -17.00000000000000000, 44.61832049899870611, -22.00000000000000355 ) ) ;
#1146 = ORIENTED_EDGE ( 'NONE', *, *, #2482, .F. ) ;
#1147 = AXIS2_PLACEMENT_3D ( 'NONE', #4772, #7694, #2212 ) ;
#1148 = EDGE_CURVE ( 'NONE', #8442, #6544, #907, .T. ) ;
#1149 = CIRCLE ( 'NONE', #6410, 0.8999999999999980238 ) ;
#1150 = EDGE_CURVE ( 'NONE', #941, #5261, #9012, .T. ) ;
#1151 = ORIENTED_EDGE ( 'NONE', *, *, #3982, .F. ) ;
#1152 = CARTESIAN_POINT ( 'NONE',  ( -5.773401785888006899, 51.10000000000000853, 0.000000000000000000 ) ) ;
#1153 = ADVANCED_FACE ( 'NONE', ( #1875 ), #6141, .F. ) ;
#1154 = CARTESIAN_POINT ( 'NONE',  ( -26.99999999999998934, 55.01062534441197727, -128.1790850899541852 ) ) ;
#1155 = DIRECTION ( 'NONE',  ( 0.000000000000000000, 0.000000000000000000, 1.000000000000000000 ) ) ;
#1156 = DIRECTION ( 'NONE',  ( 0.000000000000000000, 0.000000000000000000, -1.000000000000000000 ) ) ;
#1157 = DIRECTION ( 'NONE',  ( 1.000000000000000000, 9.912705577010325549E-17, -1.025650794761498552E-32 ) ) ;
#1158 = CARTESIAN_POINT ( 'NONE',  ( 27.99999999999999289, 12.49999999999999822, -12.50000000000000000 ) ) ;
#1159 = EDGE_LOOP ( 'NONE', ( #8354, #8205, #3671, #7139 ) ) ;
#1160 = DIRECTION ( 'NONE',  ( 0.000000000000000000, -1.000000000000000000, 0.000000000000000000 ) ) ;
#1161 = FACE_OUTER_BOUND ( 'NONE', #4087, .T. ) ;
#1162 = ORIENTED_EDGE ( 'NONE', *, *, #8018, .F. ) ;
#1163 = VECTOR ( 'NONE', #5222, 1000.000000000000000 ) ;
#1164 = VERTEX_POINT ( 'NONE', #3345 ) ;
#1165 = DIRECTION ( 'NONE',  ( 0.000000000000000000, 0.000000000000000000, 1.000000000000000000 ) ) ;
#1166 = ORIENTED_EDGE ( 'NONE', *, *, #3575, .T. ) ;
#1167 = CARTESIAN_POINT ( 'NONE',  ( 5.773401785888007787, 51.10000000000000853, -3.000000000000002665 ) ) ;
#1168 = ORIENTED_EDGE ( 'NONE', *, *, #7546, .F. ) ;
#1169 = CARTESIAN_POINT ( 'NONE',  ( 24.00000000000000711, 21.55000000000001137, -12.50000000000000000 ) ) ;
#1170 = ORIENTED_EDGE ( 'NONE', *, *, #3724, .T. ) ;
#1171 = TOROIDAL_SURFACE ( 'NONE', #4032, 6.000000000000000888, 1.000000000000000000 ) ;
#1172 = EDGE_CURVE ( 'NONE', #5823, #1459, #3921, .T. ) ;
#1173 = ORIENTED_EDGE ( 'NONE', *, *, #6593, .F. ) ;
#1174 = DIRECTION ( 'NONE',  ( -1.000000000000000000, 1.541976423090495387E-16, 0.000000000000000000 ) ) ;
#1175 = DIRECTION ( 'NONE',  ( -0.000000000000000000, -0.000000000000000000, -1.000000000000000000 ) ) ;
#1176 = DIRECTION ( 'NONE',  ( 9.912705577010326782E-17, -1.000000000000000000, 2.602085213965210149E-16 ) ) ;
#1177 = CIRCLE ( 'NONE', #4038, 10.50000000000000000 ) ;
#1178 = B_SPLINE_CURVE_WITH_KNOTS ( 'NONE', 3,
 ( #8522, #7727, #6983, #9090, #2638, #6276, #4149, #6416, #3010, #7306 ),
 .UNSPECIFIED., .F., .F.,
 ( 4, 2, 2, 2, 4 ),
 ( 0.000000000000000000, 0.001516954577277375687, 0.003033909154554751374, 0.004550863731832126627, 0.006067818309109502747 ),
 .UNSPECIFIED. ) ;
#1179 = DIRECTION ( 'NONE',  ( 1.000000000000000000, 0.000000000000000000, 0.000000000000000000 ) ) ;
#1180 = ORIENTED_EDGE ( 'NONE', *, *, #1451, .F. ) ;
#1181 = DIRECTION ( 'NONE',  ( 0.000000000000000000, 0.000000000000000000, -1.000000000000000000 ) ) ;
#1182 = EDGE_CURVE ( 'NONE', #2190, #7374, #4763, .T. ) ;
#1183 = AXIS2_PLACEMENT_3D ( 'NONE', #6227, #4812, #6891 ) ;
#1184 = DIRECTION ( 'NONE',  ( -0.000000000000000000, 0.000000000000000000, 1.000000000000000000 ) ) ;
#1185 = AXIS2_PLACEMENT_3D ( 'NONE', #1309, #8368, #6881 ) ;
#1186 = DIRECTION ( 'NONE',  ( 1.000000000000000000, 1.541976423090495387E-16, 0.000000000000000000 ) ) ;
#1187 = CYLINDRICAL_SURFACE ( 'NONE', #6124, 2.999999999999999112 ) ;
#1188 = DIRECTION ( 'NONE',  ( 0.000000000000000000, 1.000000000000000000, 1.829633447167872528E-31 ) ) ;
#1190 = ORIENTED_EDGE ( 'NONE', *, *, #1793, .F. ) ;
#1189 = VECTOR ( 'NONE', #7010, 1000.000000000000000 ) ;
#1191 = VECTOR ( 'NONE', #5039, 1000.000000000000000 ) ;
#1192 = CARTESIAN_POINT ( 'NONE',  ( -27.87901160377237275, 0.8349464896183261819, -16.99360601642947444 ) ) ;
#1193 = ORIENTED_EDGE ( 'NONE', *, *, #1590, .F. ) ;
#1194 = DIRECTION ( 'NONE',  ( 0.000000000000000000, 1.000000000000000000, 0.000000000000000000 ) ) ;
#1195 = ORIENTED_EDGE ( 'NONE', *, *, #5135, .F. ) ;
#1196 = CIRCLE ( 'NONE', #1345, 1.050000000000000488 ) ;
#1197 = DIRECTION ( 'NONE',  ( 8.019547272036671442E-16, 0.000000000000000000, -1.000000000000000000 ) ) ;
#1198 = LOCAL_TIME ( 15, 29, 41.00000000000000000, #3848 ) ;
#1199 = CARTESIAN_POINT ( 'NONE',  ( -23.55075862948099896, 108.8172838776376636, -13.54288988459361853 ) ) ;
#1200 = CARTESIAN_POINT ( 'NONE',  ( -22.25000000000000000, 113.9403061905773740, -6.699999999999990408 ) ) ;
#1201 = CARTESIAN_POINT ( 'NONE',  ( -26.25000000000000355, 0.000000000000000000, -23.00000000000000000 ) ) ;
#1202 = DIRECTION ( 'NONE',  ( -1.000000000000000000, -9.912705577010326782E-17, 0.000000000000000000 ) ) ;
#1203 = DIRECTION ( 'NONE',  ( 0.000000000000000000, 1.000000000000000000, 0.000000000000000000 ) ) ;
#1204 = EDGE_CURVE ( 'NONE', #7642, #2219, #7825, .T. ) ;
#1205 = ORIENTED_EDGE ( 'NONE', *, *, #2786, .T. ) ;
#1206 = EDGE_CURVE ( 'NONE', #9224, #1895, #5760, .T. ) ;
#1207 = DIRECTION ( 'NONE',  ( -1.000000000000000000, -9.912705577010326782E-17, 0.000000000000000000 ) ) ;
#1208 = FACE_OUTER_BOUND ( 'NONE', #2749, .T. ) ;
#1209 = ORIENTED_EDGE ( 'NONE', *, *, #5461, .F. ) ;
#1210 = EDGE_CURVE ( 'NONE', #8575, #7050, #6233, .T. ) ;
#1211 = ORIENTED_EDGE ( 'NONE', *, *, #2506, .T. ) ;
#1212 = CARTESIAN_POINT ( 'NONE',  ( -20.25000000000000000, 106.9403061905773740, -15.49999999999999822 ) ) ;
#1213 = ORIENTED_EDGE ( 'NONE', *, *, #2392, .F. ) ;
#1214 = TOROIDAL_SURFACE ( 'NONE', #6485, 4.000000000000000888, 1.000000000000000000 ) ;
#1215 = EDGE_CURVE ( 'NONE', #1417, #234, #5930, .T. ) ;
#1216 = DIRECTION ( 'NONE',  ( 1.000000000000000000, 1.734723475976807292E-15, -0.000000000000000000 ) ) ;
#1217 = ORIENTED_EDGE ( 'NONE', *, *, #771, .T. ) ;
#1218 = CARTESIAN_POINT ( 'NONE',  ( -27.99999999999999289, 2.499999999999997335, -21.78708781050335830 ) ) ;
#1219 = VERTEX_POINT ( 'NONE', #4905 ) ;
#1220 = VERTEX_POINT ( 'NONE', #6366 ) ;
#1221 = AXIS2_PLACEMENT_3D ( 'NONE', #3198, #1779, #1089 ) ;
#1222 = FACE_OUTER_BOUND ( 'NONE', #694, .T. ) ;
#1223 = DIRECTION ( 'NONE',  ( 0.000000000000000000, 1.000000000000000000, 0.000000000000000000 ) ) ;
#1224 = CARTESIAN_POINT ( 'NONE',  ( -29.99999999999999645, 12.50000000000022027, -4.499999999999771738 ) ) ;
#1225 = EDGE_CURVE ( 'NONE', #4214, #6525, #6125, .T. ) ;
#1226 = AXIS2_PLACEMENT_3D ( 'NONE', #4557, #7394, #8039 ) ;
#1227 = CARTESIAN_POINT ( 'NONE',  ( -22.66812677701821244, 104.4400000000000261, -52.33761818966186041 ) ) ;
#1228 = ORIENTED_EDGE ( 'NONE', *, *, #9089, .T. ) ;
#1229 = LINE ( 'NONE', #8422, #5890 ) ;
#1230 = DIRECTION ( 'NONE',  ( 0.000000000000000000, 1.000000000000000000, 0.000000000000000000 ) ) ;
#1231 = EDGE_CURVE ( 'NONE', #7705, #3608, #675, .T. ) ;
#1232 = EDGE_CURVE ( 'NONE', #1988, #7984, #8927, .T. ) ;
#1233 = DIRECTION ( 'NONE',  ( 1.000000000000000000, -0.000000000000000000, -0.000000000000000000 ) ) ;
#1234 = DIRECTION ( 'NONE',  ( 0.000000000000000000, 0.000000000000000000, 1.000000000000000000 ) ) ;
#1235 = ORIENTED_EDGE ( 'NONE', *, *, #4875, .F. ) ;
#1236 = CARTESIAN_POINT ( 'NONE',  ( 58.00000000000002132, 19.20685424949254383, -6.843145750507550140 ) ) ;
#1237 = ORIENTED_EDGE ( 'NONE', *, *, #3565, .F. ) ;
#1238 = DIRECTION ( 'NONE',  ( 1.000000000000000000, 0.000000000000000000, 0.000000000000000000 ) ) ;
#1239 = EDGE_LOOP ( 'NONE', ( #3067, #9070 ) ) ;
#1240 = DIRECTION ( 'NONE',  ( -1.000000000000000000, 0.000000000000000000, 8.673617379884027583E-16 ) ) ;
#1241 = DIRECTION ( 'NONE',  ( 1.000000000000000000, 0.000000000000000000, 0.000000000000000000 ) ) ;
#1242 = VERTEX_POINT ( 'NONE', #7122 ) ;
#1243 = FACE_OUTER_BOUND ( 'NONE', #4534, .T. ) ;
#1244 = CARTESIAN_POINT ( 'NONE',  ( 27.00000000000000000, 12.50000000000001421, -17.50000000000000000 ) ) ;
#1245 = DIRECTION ( 'NONE',  ( 0.000000000000000000, 0.000000000000000000, -1.000000000000000000 ) ) ;
#1246 = VERTEX_POINT ( 'NONE', #6639 ) ;
#1247 = CARTESIAN_POINT ( 'NONE',  ( -26.25000000000000000, 94.67022964293305165, 0.000000000000000000 ) ) ;
#1248 = CARTESIAN_POINT ( 'NONE',  ( -23.60796373744318188, 11.01867872623525457, -25.50000000000000355 ) ) ;
#1249 = ORIENTED_EDGE ( 'NONE', *, *, #1501, .T. ) ;
#1250 = ORIENTED_EDGE ( 'NONE', *, *, #3900, .F. ) ;
#1251 = ADVANCED_FACE ( 'NONE', ( #7725 ), #4856, .T. ) ;
#1252 = FACE_OUTER_BOUND ( 'NONE', #299, .T. ) ;
#1253 = EDGE_CURVE ( 'NONE', #1895, #8495, #3040, .T. ) ;
#1254 = ORIENTED_EDGE ( 'NONE', *, *, #5234, .F. ) ;
#1255 = CARTESIAN_POINT ( 'NONE',  ( 28.90549605042166448, 1.951780416809008711, -18.80388895420337647 ) ) ;
#1256 = ORIENTED_EDGE ( 'NONE', *, *, #4128, .F. ) ;
#1257 = DIRECTION ( 'NONE',  ( -9.912705577010326782E-17, 1.000000000000000000, -0.000000000000000000 ) ) ;
#1258 = EDGE_LOOP ( 'NONE', ( #634, #5634 ) ) ;
#1259 = EDGE_LOOP ( 'NONE', ( #2697, #340, #6423, #7224 ) ) ;
#1260 = ADVANCED_FACE ( 'NONE', ( #5664 ), #3057, .T. ) ;
#1261 = CARTESIAN_POINT ( 'NONE',  ( -10.07906768228852101, 77.01368055568988780, -25.00000000000000000 ) ) ;
#1262 = DIRECTION ( 'NONE',  ( -1.000000000000000000, -1.360567432138672574E-16, -0.000000000000000000 ) ) ;
#1263 = ADVANCED_FACE ( 'NONE', ( #3579 ), #587, .F. ) ;
#1264 = CIRCLE ( 'NONE', #8028, 2.000000000000000000 ) ;
#1265 = CARTESIAN_POINT ( 'NONE',  ( -9.923762078750934634, 96.44000000000002615, -13.11449676604731174 ) ) ;
#1266 = CARTESIAN_POINT ( 'NONE',  ( -22.66812677701821954, 104.4400000000000261, -52.33761818966184620 ) ) ;
#1267 = VERTEX_POINT ( 'NONE', #7774 ) ;
#1268 = CARTESIAN_POINT ( 'NONE',  ( 23.00000000000000000, 18.33716540796993044, -3.000000000000002665 ) ) ;
#1269 = AXIS2_PLACEMENT_3D ( 'NONE', #281, #4640, #2423 ) ;
#1270 = LINE ( 'NONE', #4056, #1001 ) ;
#1271 = DIRECTION ( 'NONE',  ( -1.000000000000000000, 1.541976423090495387E-16, -0.000000000000000000 ) ) ;
#1272 = AXIS2_PLACEMENT_3D ( 'NONE', #1664, #2324, #5966 ) ;
#1273 = DIRECTION ( 'NONE',  ( -9.912705577010326782E-17, 1.000000000000000000, 0.000000000000000000 ) ) ;
#1274 = VERTEX_POINT ( 'NONE', #8520 ) ;
#1275 = DIRECTION ( 'NONE',  ( -0.8660254037844400399, 0.4999999999999978351, -1.549392514930919706E-16 ) ) ;
#1276 = EDGE_LOOP ( 'NONE', ( #3902, #1943 ) ) ;
#1277 = DIRECTION ( 'NONE',  ( 1.000000000000000000, -0.000000000000000000, -0.000000000000000000 ) ) ;
#1278 = ORIENTED_EDGE ( 'NONE', *, *, #8074, .F. ) ;
#1279 = ADVANCED_FACE ( 'NONE', ( #9183, #5616, #2010, #4196, #7079, #7866 ), #633, .T. ) ;
#1280 = VECTOR ( 'NONE', #3122, 1000.000000000000000 ) ;
#1281 = DIRECTION ( 'NONE',  ( 0.5427066596637479812, 0.8399223068573765660, 0.000000000000000000 ) ) ;
#1282 = VECTOR ( 'NONE', #6674, 1000.000000000000000 ) ;
#1283 = CARTESIAN_POINT ( 'NONE',  ( -17.98768373480796257, 67.14209179641811431, -128.1790850899541852 ) ) ;
#1284 = VERTEX_POINT ( 'NONE', #6469 ) ;
#1285 = CARTESIAN_POINT ( 'NONE',  ( -29.99999999999999645, 10.11477641198446165, -25.50000000000000355 ) ) ;
#1286 = CYLINDRICAL_SURFACE ( 'NONE', #5870, 2.000000000000001776 ) ;
#1287 = DIRECTION ( 'NONE',  ( 1.000000000000000000, 0.000000000000000000, 0.000000000000000000 ) ) ;
#1288 = ORIENTED_EDGE ( 'NONE', *, *, #7256, .T. ) ;
#1289 = FACE_OUTER_BOUND ( 'NONE', #7515, .T. ) ;
#1290 = CARTESIAN_POINT ( 'NONE',  ( -25.18353371097789406, 12.34392872299711286, -25.50000000000000711 ) ) ;
#1291 = EDGE_LOOP ( 'NONE', ( #7711, #507, #6010, #430 ) ) ;
#1292 = AXIS2_PLACEMENT_3D ( 'NONE', #7967, #5767, #5151 ) ;
#1293 = AXIS2_PLACEMENT_3D ( 'NONE', #1023, #8536, #3407 ) ;
#1294 = DIRECTION ( 'NONE',  ( 0.000000000000000000, 0.000000000000000000, 1.000000000000000000 ) ) ;
#1295 = B_SPLINE_CURVE_WITH_KNOTS ( 'NONE', 3,
 ( #8638, #7, #3611, #889 ),
 .UNSPECIFIED., .F., .F.,
 ( 4, 4 ),
 ( 0.0004720416853165573302, 0.003050339370338837723 ),
 .UNSPECIFIED. ) ;
#1296 = EDGE_CURVE ( 'NONE', #318, #7642, #1851, .T. ) ;
#1297 = VERTEX_POINT ( 'NONE', #942 ) ;
#1298 = CARTESIAN_POINT ( 'NONE',  ( 29.04158333285211668, 12.09435531841419476, -25.49999999999999645 ) ) ;
#1299 = AXIS2_PLACEMENT_3D ( 'NONE', #8245, #2359, #7365 ) ;
#1300 = ORIENTED_EDGE ( 'NONE', *, *, #5673, .T. ) ;
#1301 = CARTESIAN_POINT ( 'NONE',  ( -23.04488067459375600, 11.04570216394357907, -23.51538924744270886 ) ) ;
#1302 = CARTESIAN_POINT ( 'NONE',  ( 28.52958853457296584, 2.570234076185280436, -21.71117709099241111 ) ) ;
#1303 = VERTEX_POINT ( 'NONE', #8926 ) ;
#1304 = CARTESIAN_POINT ( 'NONE',  ( -19.99999999999998934, 49.81447292170534524, -2.999999999999999112 ) ) ;
#1305 = ORIENTED_EDGE ( 'NONE', *, *, #2255, .F. ) ;
#1306 = AXIS2_PLACEMENT_3D ( 'NONE', #5562, #6830, #7577 ) ;
#1307 = ORIENTED_EDGE ( 'NONE', *, *, #1987, .F. ) ;
#1308 = LINE ( 'NONE', #3036, #4011 ) ;
#1309 = CARTESIAN_POINT ( 'NONE',  ( 21.54999999999997584, 118.9400000000000972, -23.00000000000000000 ) ) ;
#1310 = VECTOR ( 'NONE', #3412, 1000.000000000000000 ) ;
#1311 = DIRECTION ( 'NONE',  ( -0.8090169943749473402, -0.000000000000000000, 0.5877852522924732481 ) ) ;
#1312 = ADVANCED_FACE ( 'NONE', ( #4553 ), #8270, .T. ) ;
#1313 = ADVANCED_FACE ( 'NONE', ( #3279 ), #7390, .T. ) ;
#1314 = DIRECTION ( 'NONE',  ( -1.000000000000000000, 0.000000000000000000, 0.000000000000000000 ) ) ;
#1315 = ORIENTED_EDGE ( 'NONE', *, *, #9021, .F. ) ;
#1316 = DIRECTION ( 'NONE',  ( 1.000000000000000000, 0.000000000000000000, 0.000000000000000000 ) ) ;
#1317 = PLANE ( 'NONE',  #270 ) ;
#1318 = CIRCLE ( 'NONE', #7341, 2.149999999999999023 ) ;
#1319 = CARTESIAN_POINT ( 'NONE',  ( -27.99999999999999645, 49.81447292170534524, -23.00000000000000000 ) ) ;
#1320 = AXIS2_PLACEMENT_3D ( 'NONE', #6803, #8998, #4715 ) ;
#1321 = AXIS2_PLACEMENT_3D ( 'NONE', #6336, #3540, #551 ) ;
#1322 = DIRECTION ( 'NONE',  ( 0.000000000000000000, 0.000000000000000000, 1.000000000000000000 ) ) ;
#1323 = CARTESIAN_POINT ( 'NONE',  ( 22.24999999999998579, 113.9403061905773598, -21.59999999999999787 ) ) ;
#1324 = VERTEX_POINT ( 'NONE', #4651 ) ;
#1325 = EDGE_CURVE ( 'NONE', #8101, #1219, #6118, .T. ) ;
#1326 = FACE_OUTER_BOUND ( 'NONE', #8677, .T. ) ;
#1327 = EDGE_LOOP ( 'NONE', ( #9004, #4239, #945, #7623, #5557, #3786 ) ) ;
#1328 = DIRECTION ( 'NONE',  ( 0.4999999999999987232, -0.8660254037844393737, 0.000000000000000000 ) ) ;
#1329 = CIRCLE ( 'NONE', #3282, 2.000000000000001776 ) ;
#1330 = VERTEX_POINT ( 'NONE', #8975 ) ;
#1331 = CIRCLE ( 'NONE', #3739, 6.000000000000000000 ) ;
#1332 = DIRECTION ( 'NONE',  ( 1.000000000000000000, 9.912705577010326782E-17, -0.000000000000000000 ) ) ;
#1333 = FACE_OUTER_BOUND ( 'NONE', #8705, .T. ) ;
#1334 = EDGE_LOOP ( 'NONE', ( #2716, #6346, #2053, #3230, #5366 ) ) ;
#1335 = CARTESIAN_POINT ( 'NONE',  ( -29.52568126009685301, 2.578448267154878515, -18.88799884799318463 ) ) ;
#1336 = AXIS2_PLACEMENT_3D ( 'NONE', #2290, #8791, #8037 ) ;
#1337 = AXIS2_PLACEMENT_3D ( 'NONE', #8418, #1043, #1958 ) ;
#1338 = DIRECTION ( 'NONE',  ( 1.000000000000000000, 3.469446951953614189E-15, 0.000000000000000000 ) ) ;
#1339 = DIRECTION ( 'NONE',  ( 0.000000000000000000, -1.000000000000000000, 8.326672684688674053E-16 ) ) ;
#1340 = ORIENTED_EDGE ( 'NONE', *, *, #1596, .F. ) ;
#1341 = EDGE_CURVE ( 'NONE', #6597, #5943, #8623, .T. ) ;
#1342 = DIRECTION ( 'NONE',  ( -0.8660254037844400399, -0.4999999999999979461, 0.000000000000000000 ) ) ;
#1343 = DIRECTION ( 'NONE',  ( 1.000000000000000000, 0.000000000000000000, 0.000000000000000000 ) ) ;
#1344 = VERTEX_POINT ( 'NONE', #7482 ) ;
#1345 = AXIS2_PLACEMENT_3D ( 'NONE', #8343, #6153, #467 ) ;
#1346 =( GEOMETRIC_REPRESENTATION_CONTEXT ( 3 ) GLOBAL_UNCERTAINTY_ASSIGNED_CONTEXT ( ( #2096 ) ) GLOBAL_UNIT_ASSIGNED_CONTEXT ( ( #3476, #4180, #2763 ) ) REPRESENTATION_CONTEXT ( 'NONE', 'WORKASPACE' ) );
#1347 = ORIENTED_EDGE ( 'NONE', *, *, #1253, .F. ) ;
#1348 = CARTESIAN_POINT ( 'NONE',  ( -23.28753429247974438, 13.82287565553229314, -23.28161218218565054 ) ) ;
#1349 = AXIS2_PLACEMENT_3D ( 'NONE', #2683, #5573, #1234 ) ;
#1350 = AXIS2_PLACEMENT_3D ( 'NONE', #1978, #9150, #2787 ) ;
#1351 = ORIENTED_EDGE ( 'NONE', *, *, #736, .T. ) ;
#1352 = DIRECTION ( 'NONE',  ( -0.000000000000000000, 0.000000000000000000, 1.000000000000000000 ) ) ;
#1353 = EDGE_CURVE ( 'NONE', #5785, #6544, #2455, .T. ) ;
#1354 = CARTESIAN_POINT ( 'NONE',  ( -29.61436221931878165, 11.46426504480850106, -25.50000000000000355 ) ) ;
#1355 = CARTESIAN_POINT ( 'NONE',  ( 26.00000000000000355, 44.61832049899870611, -25.00000000000000000 ) ) ;
#1356 = ORIENTED_EDGE ( 'NONE', *, *, #4535, .F. ) ;
#1357 = FACE_OUTER_BOUND ( 'NONE', #8629, .T. ) ;
#1358 = EDGE_LOOP ( 'NONE', ( #8779, #8545, #4202, #3182, #58, #5665, #1100, #1745, #836, #740, #5202, #3641 ) ) ;
#1359 = EDGE_LOOP ( 'NONE', ( #3905, #8157, #3192, #7310 ) ) ;
#1360 = DIRECTION ( 'NONE',  ( 0.000000000000000000, 0.000000000000000000, 1.000000000000000000 ) ) ;
#1361 = FACE_OUTER_BOUND ( 'NONE', #7193, .T. ) ;
#1362 = DIRECTION ( 'NONE',  ( -1.000000000000000000, -1.541976423090495387E-16, -0.000000000000000000 ) ) ;
#1363 = DIRECTION ( 'NONE',  ( -1.000000000000000000, 0.000000000000000000, 0.000000000000000000 ) ) ;
#1364 = ORIENTED_EDGE ( 'NONE', *, *, #2925, .T. ) ;
#1365 = CIRCLE ( 'NONE', #3463, 12.50000000000000000 ) ;
#1366 = DIRECTION ( 'NONE',  ( -1.000000000000000000, -9.912705577010326782E-17, 0.000000000000000000 ) ) ;
#1367 = ADVANCED_FACE ( 'NONE', ( #431 ), #5412, .F. ) ;
#1368 = CARTESIAN_POINT ( 'NONE',  ( 23.80270634949874164, 107.3560903265936162, -12.48662442605525769 ) ) ;
#1369 = EDGE_CURVE ( 'NONE', #9119, #520, #1700, .T. ) ;
#1370 = FACE_BOUND ( 'NONE', #2940, .T. ) ;
#1371 = DIRECTION ( 'NONE',  ( -1.000000000000000000, -1.892425610156517122E-16, -0.000000000000000000 ) ) ;
#1372 = DIRECTION ( 'NONE',  ( 1.000000000000000000, 0.000000000000000000, 0.000000000000000000 ) ) ;
#1373 = ORIENTED_EDGE ( 'NONE', *, *, #5744, .T. ) ;
#1374 = FACE_OUTER_BOUND ( 'NONE', #4137, .T. ) ;
#1375 = EDGE_LOOP ( 'NONE', ( #5360, #5216, #8335, #2043, #4793, #2366, #8636 ) ) ;
#1376 = DIRECTION ( 'NONE',  ( -0.5427066596637479812, 0.8399223068573764550, 0.000000000000000000 ) ) ;
#1377 = ORIENTED_EDGE ( 'NONE', *, *, #3370, .T. ) ;
#1378 = DIRECTION ( 'NONE',  ( 1.000000000000000000, -0.000000000000000000, -0.000000000000000000 ) ) ;
#1379 = EDGE_CURVE ( 'NONE', #605, #2344, #9074, .T. ) ;
#1380 = CARTESIAN_POINT ( 'NONE',  ( 30.00000000000000000, 35.00000000000000000, -2.000000000000001776 ) ) ;
#1381 = ORIENTED_EDGE ( 'NONE', *, *, #1533, .T. ) ;
#1382 = CARTESIAN_POINT ( 'NONE',  ( -28.52958853456885535, 1.775812335989982893, -18.78419425756956329 ) ) ;
#1383 = CARTESIAN_POINT ( 'NONE',  ( -30.00000000000000000, 18.15685424949254667, -6.843145750507550140 ) ) ;
#1384 = DIRECTION ( 'NONE',  ( -0.8660254037844392627, -0.4999999999999989453, 0.000000000000000000 ) ) ;
#1385 = EDGE_LOOP ( 'NONE', ( #4716, #7726, #3887, #8454 ) ) ;
#1386 = FACE_OUTER_BOUND ( 'NONE', #5832, .T. ) ;
#1387 = CARTESIAN_POINT ( 'NONE',  ( 1.336881039375164004, 104.4400000000000261, -15.65739561406607727 ) ) ;
#1388 = ORIENTED_EDGE ( 'NONE', *, *, #6668, .F. ) ;
#1389 = ORIENTED_EDGE ( 'NONE', *, *, #2118, .T. ) ;
#1390 = DIRECTION ( 'NONE',  ( -0.000000000000000000, 0.000000000000000000, 1.000000000000000000 ) ) ;
#1391 = ORIENTED_EDGE ( 'NONE', *, *, #984, .T. ) ;
#1392 = DIRECTION ( 'NONE',  ( 1.000000000000000000, 9.912705577010326782E-17, -0.000000000000000000 ) ) ;
#1393 = CARTESIAN_POINT ( 'NONE',  ( 23.00000000000000000, 13.82287565553228958, -27.00000000000000355 ) ) ;
#1394 = DIRECTION ( 'NONE',  ( 0.8660254037844397068, 0.4999999999999979461, -0.000000000000000000 ) ) ;
#1395 = VERTEX_POINT ( 'NONE', #7007 ) ;
#1396 = CARTESIAN_POINT ( 'NONE',  ( -23.02035243226375627, 17.64063965942633061, -22.37923119038093844 ) ) ;
#1397 = ORIENTED_EDGE ( 'NONE', *, *, #7564, .T. ) ;
#1398 = EDGE_CURVE ( 'NONE', #4363, #2707, #8647, .T. ) ;
#1399 = EDGE_CURVE ( 'NONE', #2186, #5390, #8474, .T. ) ;
#1400 = CARTESIAN_POINT ( 'NONE',  ( 26.00000000000000000, 0.000000000000000000, -22.00000000000000355 ) ) ;
#1401 = DIRECTION ( 'NONE',  ( -0.8660254037844397068, -0.4999999999999979461, 0.000000000000000000 ) ) ;
#1402 = FACE_OUTER_BOUND ( 'NONE', #2858, .T. ) ;
#1403 = CARTESIAN_POINT ( 'NONE',  ( -27.42157287525380127, 94.32466048530504565, 3.280037386760793574E-15 ) ) ;
#1404 = ORIENTED_EDGE ( 'NONE', *, *, #6683, .F. ) ;
#1405 = DIRECTION ( 'NONE',  ( 1.000000000000000000, -1.541976423090495387E-16, -0.000000000000000000 ) ) ;
#1406 = EDGE_CURVE ( 'NONE', #2298, #517, #3416, .T. ) ;
#1407 = AXIS2_PLACEMENT_3D ( 'NONE', #1323, #4238, #3758 ) ;
#1408 = FACE_OUTER_BOUND ( 'NONE', #231, .T. ) ;
#1409 = DIRECTION ( 'NONE',  ( 1.000000000000000000, -2.312964634635742267E-15, 0.000000000000000000 ) ) ;
#1410 = DIRECTION ( 'NONE',  ( -1.000000000000000000, -1.892425610156517122E-16, -0.000000000000000000 ) ) ;
#1411 = DIRECTION ( 'NONE',  ( -1.000000000000000000, -9.912705577010326782E-17, 0.000000000000000000 ) ) ;
#1412 = VERTEX_POINT ( 'NONE', #7804 ) ;
#1413 = CARTESIAN_POINT ( 'NONE',  ( -22.99999999999999645, -3.500000000000003997, -21.78708781050335830 ) ) ;
#1414 = ORIENTED_EDGE ( 'NONE', *, *, #4997, .F. ) ;
#1415 = EDGE_CURVE ( 'NONE', #2819, #7937, #6985, .T. ) ;
#1416 = DIRECTION ( 'NONE',  ( 0.8090169943749471182, 0.000000000000000000, 0.5877852522924735812 ) ) ;
#1417 = VERTEX_POINT ( 'NONE', #1355 ) ;
#1418 = CARTESIAN_POINT ( 'NONE',  ( 27.99999999999999289, 13.82287565553228958, -25.00000000000000000 ) ) ;
#1419 = DIRECTION ( 'NONE',  ( 0.000000000000000000, 0.000000000000000000, -1.000000000000000000 ) ) ;
#1420 = AXIS2_PLACEMENT_3D ( 'NONE', #3509, #8635, #796 ) ;
#1421 = ORIENTED_EDGE ( 'NONE', *, *, #3246, .T. ) ;
#1422 = CARTESIAN_POINT ( 'NONE',  ( -29.36536325431394090, 3.012417103092136728, -19.90800261449741981 ) ) ;
#1423 = CARTESIAN_POINT ( 'NONE',  ( -22.25000000000000000, 113.9403061905773740, -8.500000000000005329 ) ) ;
#1424 = LINE ( 'NONE', #3498, #5116 ) ;
#1425 = CARTESIAN_POINT ( 'NONE',  ( 25.78879980177886466, 12.50000000000000178, -25.50000000000000000 ) ) ;
#1426 = ORIENTED_EDGE ( 'NONE', *, *, #4509, .F. ) ;
#1427 = EDGE_CURVE ( 'NONE', #1658, #7972, #1856, .T. ) ;
#1428 = ADVANCED_FACE ( 'NONE', ( #484 ), #4418, .T. ) ;
#1429 = AXIS2_PLACEMENT_3D ( 'NONE', #6949, #1332, #5533 ) ;
#1430 = AXIS2_PLACEMENT_3D ( 'NONE', #5236, #8936, #2480 ) ;
#1431 = EDGE_CURVE ( 'NONE', #3429, #8773, #8453, .T. ) ;
#1432 = EDGE_LOOP ( 'NONE', ( #2130, #5622, #5115, #4352 ) ) ;
#1433 = CARTESIAN_POINT ( 'NONE',  ( -28.25000000000000000, 94.08030619057737454, -2.000000000000001776 ) ) ;
#1434 = EDGE_LOOP ( 'NONE', ( #1097, #4265, #5239, #6943, #8128, #1876 ) ) ;
#1435 = VECTOR ( 'NONE', #8151, 1000.000000000000114 ) ;
#1436 = DIRECTION ( 'NONE',  ( -1.541976423090495387E-16, -1.000000000000000000, 0.000000000000000000 ) ) ;
#1437 = DIRECTION ( 'NONE',  ( -0.000000000000000000, 0.000000000000000000, 1.000000000000000000 ) ) ;
#1439 = ORIENTED_EDGE ( 'NONE', *, *, #3878, .T. ) ;
#1438 = CIRCLE ( 'NONE', #107, 2.149999999999999023 ) ;
#1440 = CARTESIAN_POINT ( 'NONE',  ( -20.25000000000000000, 113.9403061905773740, -7.599999999999997868 ) ) ;
#1441 = CARTESIAN_POINT ( 'NONE',  ( 28.00000000000000000, 49.81447292170534524, -2.000000000000000000 ) ) ;
#1442 = EDGE_LOOP ( 'NONE', ( #6589, #1559 ) ) ;
#1443 = CARTESIAN_POINT ( 'NONE',  ( 25.00000000000000355, 12.50000000000001599, -12.50000000000000000 ) ) ;
#1444 = AXIS2_PLACEMENT_3D ( 'NONE', #2543, #6270, #6187 ) ;
#1445 = ORIENTED_EDGE ( 'NONE', *, *, #9269, .T. ) ;
#1446 = CIRCLE ( 'NONE', #6722, 2.150000000000002576 ) ;
#1447 = LINE ( 'NONE', #6398, #4462 ) ;
#1448 = CARTESIAN_POINT ( 'NONE',  ( -24.99999999999999645, 12.50000000000000888, -17.50000000000000000 ) ) ;
#1449 = CARTESIAN_POINT ( 'NONE',  ( 20.25000000000000000, 104.4400000000000261, -15.65739561406608082 ) ) ;
#1450 = AXIS2_PLACEMENT_3D ( 'NONE', #8234, #2531, #8415 ) ;
#1451 = EDGE_CURVE ( 'NONE', #964, #648, #7878, .T. ) ;
#1452 = DIRECTION ( 'NONE',  ( -1.000000000000000000, 0.000000000000000000, 0.000000000000000000 ) ) ;
#1453 = EDGE_LOOP ( 'NONE', ( #9161, #6876, #6255, #5974 ) ) ;
#1454 = CARTESIAN_POINT ( 'NONE',  ( -25.99999999999999645, 10.35000000000021991, -4.499999999999771738 ) ) ;
#1455 = AXIS2_PLACEMENT_3D ( 'NONE', #6101, #7603, #4018 ) ;
#1456 = CYLINDRICAL_SURFACE ( 'NONE', #4003, 2.000000000000000000 ) ;
#1457 = DIRECTION ( 'NONE',  ( -1.360567432138672574E-16, 1.000000000000000000, 0.000000000000000000 ) ) ;
#1458 = CARTESIAN_POINT ( 'NONE',  ( 28.32510748195042893, 1.714013692954793999, -18.77758562409580989 ) ) ;
#1459 = VERTEX_POINT ( 'NONE', #4362 ) ;
#1460 = EDGE_CURVE ( 'NONE', #5872, #7946, #8740, .T. ) ;
#1461 = DIRECTION ( 'NONE',  ( 1.000000000000000000, 0.000000000000000000, 0.000000000000000000 ) ) ;
#1462 = ORIENTED_EDGE ( 'NONE', *, *, #6546, .F. ) ;
#1463 = CIRCLE ( 'NONE', #4466, 1.999999999999999112 ) ;
#1464 = CARTESIAN_POINT ( 'NONE',  ( 25.00000000000000711, 35.00000000000000000, -17.50000000000000000 ) ) ;
#1465 = ORIENTED_EDGE ( 'NONE', *, *, #5000, .F. ) ;
#1466 = AXIS2_PLACEMENT_3D ( 'NONE', #8333, #589, #7776 ) ;
#1467 = CARTESIAN_POINT ( 'NONE',  ( -23.99999999999999289, 12.49999999999986322, -20.49999999999977618 ) ) ;
#1468 = CARTESIAN_POINT ( 'NONE',  ( -28.65714892091703803, 1.824926063499838547, -18.78955447656796096 ) ) ;
#1469 = DIRECTION ( 'NONE',  ( 1.000000000000000000, -1.541976423090495387E-16, -0.000000000000000000 ) ) ;
#1470 = DIRECTION ( 'NONE',  ( 1.613696256722601693E-15, -1.000000000000000000, 0.000000000000000000 ) ) ;
#1472 = EDGE_LOOP ( 'NONE', ( #4922, #2709 ) ) ;
#1471 = AXIS2_PLACEMENT_3D ( 'NONE', #2052, #3520, #2765 ) ;
#1473 = TOROIDAL_SURFACE ( 'NONE', #6751, 4.000000000000000000, 2.000000000000000000 ) ;
#1474 = CARTESIAN_POINT ( 'NONE',  ( 23.37665582919485274, 10.66462015619212345, -25.49999999999999289 ) ) ;
#1475 = CARTESIAN_POINT ( 'NONE',  ( 28.82299077812974275, 2.670878519125596373, -21.60158718624215979 ) ) ;
#1476 = ORIENTED_EDGE ( 'NONE', *, *, #7792, .T. ) ;
#1477 = VERTEX_POINT ( 'NONE', #2139 ) ;
#1478 = CIRCLE ( 'NONE', #6757, 4.999999999999999112 ) ;
#1479 = EDGE_CURVE ( 'NONE', #2972, #6926, #5690, .T. ) ;
#1480 = EDGE_CURVE ( 'NONE', #1330, #1477, #1295, .T. ) ;
#1481 = VERTEX_POINT ( 'NONE', #840 ) ;
#1482 = CARTESIAN_POINT ( 'NONE',  ( 23.57734342758550738, 108.4005294580306327, -16.18376515779186064 ) ) ;
#1483 = CARTESIAN_POINT ( 'NONE',  ( -28.55000000000000782, 108.9309918853871437, -2.000000000000000000 ) ) ;
#1484 = ORIENTED_EDGE ( 'NONE', *, *, #442, .T. ) ;
#1485 = DIRECTION ( 'NONE',  ( 9.912705577010326782E-17, -1.000000000000000000, 0.000000000000000000 ) ) ;
#1486 = DIRECTION ( 'NONE',  ( -0.000000000000000000, -1.000000000000000000, 0.000000000000000000 ) ) ;
#1487 = CC_DESIGN_PERSON_AND_ORGANIZATION_ASSIGNMENT ( #3709, #5839, ( #4833 ) ) ;
#1488 = ORIENTED_EDGE ( 'NONE', *, *, #7822, .F. ) ;
#1489 = CARTESIAN_POINT ( 'NONE',  ( 26.25000000000000355, 102.3196380149609865, -2.636397599255319797E-17 ) ) ;
#1490 = AXIS2_PLACEMENT_3D ( 'NONE', #8958, #2600, #1155 ) ;
#1491 = ORIENTED_EDGE ( 'NONE', *, *, #2161, .T. ) ;
#1492 = AXIS2_PLACEMENT_3D ( 'NONE', #7699, #4071, #9196 ) ;
#1493 = LINE ( 'NONE', #6357, #7325 ) ;
#1494 = EDGE_CURVE ( 'NONE', #7184, #7265, #6443, .T. ) ;
#1495 = LINE ( 'NONE', #8648, #4342 ) ;
#1496 = LINE ( 'NONE', #4373, #8694 ) ;
#1497 = ORIENTED_EDGE ( 'NONE', *, *, #6857, .F. ) ;
#1498 = DIRECTION ( 'NONE',  ( 1.000000000000000000, -0.000000000000000000, -0.000000000000000000 ) ) ;
#1499 = VECTOR ( 'NONE', #1103, 1000.000000000000000 ) ;
#1500 = CARTESIAN_POINT ( 'NONE',  ( -14.98768373480797500, 61.94593937371147518, -23.00000000000000000 ) ) ;
#1501 = EDGE_CURVE ( 'NONE', #4219, #3068, #706, .T. ) ;
#1502 = FACE_BOUND ( 'NONE', #5392, .T. ) ;
#1503 = CARTESIAN_POINT ( 'NONE',  ( -23.00000000000000000, 44.61832049899870611, -2.999999999999999112 ) ) ;
#1505 = ORIENTED_EDGE ( 'NONE', *, *, #3810, .T. ) ;
#1504 = AXIS2_PLACEMENT_3D ( 'NONE', #1000, #6699, #6083 ) ;
#1506 = CARTESIAN_POINT ( 'NONE',  ( 20.25000000000000355, 106.9403061905773740, -15.49999999999999822 ) ) ;
#1507 = ORIENTED_EDGE ( 'NONE', *, *, #857, .T. ) ;
#1508 = FACE_BOUND ( 'NONE', #8922, .T. ) ;
#1509 = ORIENTED_EDGE ( 'NONE', *, *, #4602, .T. ) ;
#1510 = LINE ( 'NONE', #7266, #9256 ) ;
#1511 = AXIS2_PLACEMENT_3D ( 'NONE', #4516, #3854, #8091 ) ;
#1512 = EDGE_CURVE ( 'NONE', #9002, #380, #1264, .T. ) ;
#1513 = EDGE_CURVE ( 'NONE', #5264, #7004, #6534, .T. ) ;
#1514 = CARTESIAN_POINT ( 'NONE',  ( -28.46506871813372186, 2.553683944160256125, -21.72911309691102133 ) ) ;
#1515 = DIRECTION ( 'NONE',  ( 0.000000000000000000, 1.000000000000000000, 0.000000000000000000 ) ) ;
#1516 = CARTESIAN_POINT ( 'NONE',  ( -24.63509222136525523, 15.91769679268174897, 0.000000000000000000 ) ) ;
#1517 = EDGE_LOOP ( 'NONE', ( #9065, #8598 ) ) ;
#1518 = CARTESIAN_POINT ( 'NONE',  ( 24.00000000000000000, 4.220646418680727763, -6.626384671046870345 ) ) ;
#1519 = DIRECTION ( 'NONE',  ( 0.5877852522924724710, 0.000000000000000000, 0.8090169943749480064 ) ) ;
#1520 = ORIENTED_EDGE ( 'NONE', *, *, #8121, .T. ) ;
#1521 = AXIS2_PLACEMENT_3D ( 'NONE', #7955, #1498, #9266 ) ;
#1522 = VERTEX_POINT ( 'NONE', #5080 ) ;
#1523 = ORIENTED_EDGE ( 'NONE', *, *, #3059, .F. ) ;
#1524 = CARTESIAN_POINT ( 'NONE',  ( -23.00000000000000000, 2.533932570968610243, -17.50000000000000000 ) ) ;
#1525 = CARTESIAN_POINT ( 'NONE',  ( 23.72728783229134919, 107.6048624595255063, -16.64881548614069473 ) ) ;
#1526 = LINE ( 'NONE', #3650, #1131 ) ;
#1527 = VERTEX_POINT ( 'NONE', #55 ) ;
#1528 = CARTESIAN_POINT ( 'NONE',  ( 23.00000000000000000, 35.00000000000000000, -3.000000000000002665 ) ) ;
#1529 = DIRECTION ( 'NONE',  ( 0.000000000000000000, -0.000000000000000000, -1.000000000000000000 ) ) ;
#1530 = ORIENTED_EDGE ( 'NONE', *, *, #8898, .F. ) ;
#1531 = CARTESIAN_POINT ( 'NONE',  ( 27.99999999999998934, 2.500000000000001776, -23.99999999999999289 ) ) ;
#1532 = EDGE_CURVE ( 'NONE', #5588, #1755, #6537, .T. ) ;
#1533 = EDGE_CURVE ( 'NONE', #4646, #792, #7729, .T. ) ;
#1534 = ORIENTED_EDGE ( 'NONE', *, *, #5315, .F. ) ;
#1535 = CARTESIAN_POINT ( 'NONE',  ( -26.25000000000000355, 102.3196380149609155, -2.000000000000000000 ) ) ;
#1536 = ORIENTED_EDGE ( 'NONE', *, *, #3472, .T. ) ;
#1537 = FACE_OUTER_BOUND ( 'NONE', #3324, .T. ) ;
#1538 = ORIENTED_EDGE ( 'NONE', *, *, #5089, .T. ) ;
#1539 = EDGE_CURVE ( 'NONE', #163, #3692, #4873, .T. ) ;
#1540 = DIRECTION ( 'NONE',  ( -1.000000000000000000, 1.541976423090495387E-16, 0.000000000000000000 ) ) ;
#1541 = EDGE_CURVE ( 'NONE', #2313, #9030, #4405, .T. ) ;
#1542 = EDGE_CURVE ( 'NONE', #234, #8473, #2855, .T. ) ;
#1543 = DIRECTION ( 'NONE',  ( 0.5427066596637479812, 0.8399223068573765660, 0.000000000000000000 ) ) ;
#1544 = LINE ( 'NONE', #2436, #6305 ) ;
#1545 = CARTESIAN_POINT ( 'NONE',  ( 24.00000000000000355, 12.50000000000000355, -12.50000000000000000 ) ) ;
#1546 = ORIENTED_EDGE ( 'NONE', *, *, #4129, .T. ) ;
#1547 = DIRECTION ( 'NONE',  ( -1.000000000000000000, 1.541976423090495387E-16, 0.000000000000000000 ) ) ;
#1548 = EDGE_LOOP ( 'NONE', ( #1954, #7430 ) ) ;
#1549 = CARTESIAN_POINT ( 'NONE',  ( -26.90714285714286191, 104.2085962636541154, -23.00000000000000000 ) ) ;
#1550 = ORIENTED_EDGE ( 'NONE', *, *, #5121, .F. ) ;
#1551 = DIRECTION ( 'NONE',  ( 0.000000000000000000, -2.602085213965210149E-16, -1.000000000000000000 ) ) ;
#1552 = DIRECTION ( 'NONE',  ( -1.000000000000000000, 9.912705577010326782E-17, 0.000000000000000000 ) ) ;
#1553 = VECTOR ( 'NONE', #2280, 1000.000000000000000 ) ;
#1554 = DIRECTION ( 'NONE',  ( -0.000000000000000000, -0.000000000000000000, -1.000000000000000000 ) ) ;
#1555 = LINE ( 'NONE', #6613, #7371 ) ;
#1556 = EDGE_LOOP ( 'NONE', ( #4815, #2459, #8294, #2795, #4729, #86 ) ) ;
#1557 = CARTESIAN_POINT ( 'NONE',  ( 23.07803131747156300, 9.880011014234954203, -25.49999999999998934 ) ) ;
#1558 = FACE_BOUND ( 'NONE', #7414, .T. ) ;
#1559 = ORIENTED_EDGE ( 'NONE', *, *, #9244, .T. ) ;
#1560 = EDGE_CURVE ( 'NONE', #1284, #8473, #6084, .T. ) ;
#1561 = ORIENTED_EDGE ( 'NONE', *, *, #6450, .T. ) ;
#1562 = CIRCLE ( 'NONE', #2318, 1.049999999999998934 ) ;
#1563 = ORIENTED_EDGE ( 'NONE', *, *, #7301, .F. ) ;
#1564 = DIRECTION ( 'NONE',  ( -1.000000000000000000, 0.000000000000000000, 0.000000000000000000 ) ) ;
#1565 = CARTESIAN_POINT ( 'NONE',  ( 24.38027652740170126, 106.1594656245365229, -16.61661039931594885 ) ) ;
#1566 = DIRECTION ( 'NONE',  ( 1.000000000000000000, -1.541976423090495387E-16, 0.000000000000000000 ) ) ;
#1567 = ORIENTED_EDGE ( 'NONE', *, *, #5763, .F. ) ;
#1568 = DIRECTION ( 'NONE',  ( -0.000000000000000000, 1.000000000000000000, -0.000000000000000000 ) ) ;
#1569 = DIRECTION ( 'NONE',  ( 1.000000000000000000, 1.360567432138672574E-16, 0.000000000000000000 ) ) ;
#1570 = ORIENTED_EDGE ( 'NONE', *, *, #1968, .F. ) ;
#1571 = CIRCLE ( 'NONE', #8040, 3.000000000000000000 ) ;
#1572 = VECTOR ( 'NONE', #4639, 1000.000000000000000 ) ;
#1573 = EDGE_CURVE ( 'NONE', #7946, #3244, #7150, .T. ) ;
#1574 = ORIENTED_EDGE ( 'NONE', *, *, #194, .T. ) ;
#1575 = VECTOR ( 'NONE', #5253, 1000.000000000000000 ) ;
#1576 = DIRECTION ( 'NONE',  ( 0.9444791243466057473, 0.3285714285714280702, 0.000000000000000000 ) ) ;
#1577 = AXIS2_PLACEMENT_3D ( 'NONE', #6290, #3455, #4254 ) ;
#1578 = ORIENTED_EDGE ( 'NONE', *, *, #3325, .T. ) ;
#1579 = PERSON_AND_ORGANIZATION_ROLE ( 'design_supplier' ) ;
#1580 = CARTESIAN_POINT ( 'NONE',  ( -27.13699724128017010, 1.043560762610397541, -7.500000000000002665 ) ) ;
#1581 = LINE ( 'NONE', #1859, #4954 ) ;
#1582 = ORIENTED_EDGE ( 'NONE', *, *, #2188, .F. ) ;
#1583 = CIRCLE ( 'NONE', #3548, 2.149999999999999023 ) ;
#1584 = CIRCLE ( 'NONE', #5967, 8.000000000000000000 ) ;
#1585 = CARTESIAN_POINT ( 'NONE',  ( 29.96548090238899675, 4.082480250451944848, -25.36735458862457548 ) ) ;
#1586 = DIRECTION ( 'NONE',  ( 0.000000000000000000, 1.000000000000000000, 0.000000000000000000 ) ) ;
#1587 = CARTESIAN_POINT ( 'NONE',  ( -22.25000000000000000, 113.9403061905773598, -22.49999999999999645 ) ) ;
#1588 = CIRCLE ( 'NONE', #563, 10.15000000000000036 ) ;
#1589 = DIRECTION ( 'NONE',  ( -0.000000000000000000, 0.000000000000000000, 1.000000000000000000 ) ) ;
#1590 = EDGE_CURVE ( 'NONE', #6299, #1658, #671, .T. ) ;
#1591 = AXIS2_PLACEMENT_3D ( 'NONE', #3578, #7260, #5759 ) ;
#1592 = EDGE_CURVE ( 'NONE', #2596, #2963, #6991, .T. ) ;
#1593 = LINE ( 'NONE', #5373, #7321 ) ;
#1594 = ORIENTED_EDGE ( 'NONE', *, *, #3878, .F. ) ;
#1595 = PLANE ( 'NONE',  #2965 ) ;
#1596 = EDGE_CURVE ( 'NONE', #318, #5401, #4314, .T. ) ;
#1597 = ORIENTED_EDGE ( 'NONE', *, *, #7546, .T. ) ;
#1598 = DIRECTION ( 'NONE',  ( 1.000000000000000000, -0.000000000000000000, -0.000000000000000000 ) ) ;
#1599 = ORIENTED_EDGE ( 'NONE', *, *, #1427, .F. ) ;
#1600 = CARTESIAN_POINT ( 'NONE',  ( 25.00000000000000355, 4.836939253796780136, -17.50000000000000000 ) ) ;
#1601 = CARTESIAN_POINT ( 'NONE',  ( -29.99999999999999645, 12.49999999999988276, -20.49999999999977618 ) ) ;
#1602 = EDGE_CURVE ( 'NONE', #4096, #7481, #4272, .T. ) ;
#1603 = CONICAL_SURFACE ( 'NONE', #7483, 10.15000000000000036, 0.7853981633974509435 ) ;
#1604 = DIRECTION ( 'NONE',  ( -0.000000000000000000, 1.000000000000000000, 0.000000000000000000 ) ) ;
#1605 = CARTESIAN_POINT ( 'NONE',  ( 19.93623836877595323, 92.26917336134502534, -23.00000000000000000 ) ) ;
#1606 = CARTESIAN_POINT ( 'NONE',  ( 30.00000000000000355, 53.27857453684310940, -2.000000000000001776 ) ) ;
#1607 = DIRECTION ( 'NONE',  ( 0.000000000000000000, 0.000000000000000000, -1.000000000000000000 ) ) ;
#1608 = ORIENTED_EDGE ( 'NONE', *, *, #2372, .T. ) ;
#1609 = ORIENTED_EDGE ( 'NONE', *, *, #3095, .F. ) ;
#1610 = ORIENTED_EDGE ( 'NONE', *, *, #6135, .F. ) ;
#1611 = CARTESIAN_POINT ( 'NONE',  ( -29.99999999999999645, 10.35000000000021991, -4.499999999999771738 ) ) ;
#1612 = CARTESIAN_POINT ( 'NONE',  ( -25.85649327863728075, 1.043560762610399317, -7.500000000000000000 ) ) ;
#1613 = CARTESIAN_POINT ( 'NONE',  ( -23.18397459621558454, 118.3060254037844743, -24.36602540378444104 ) ) ;
#1614 = AXIS2_PLACEMENT_3D ( 'NONE', #1413, #6513, #72 ) ;
#1615 = EDGE_CURVE ( 'NONE', #8674, #8955, #4125, .T. ) ;
#1616 = CARTESIAN_POINT ( 'NONE',  ( 25.99999999999999645, 53.27857453684310229, 0.000000000000000000 ) ) ;
#1617 = DIRECTION ( 'NONE',  ( -1.000000000000000000, 0.000000000000000000, 0.000000000000000000 ) ) ;
#1618 = ORIENTED_EDGE ( 'NONE', *, *, #6069, .T. ) ;
#1619 = DIRECTION ( 'NONE',  ( -1.000000000000000000, 1.541976423090495387E-16, -0.000000000000000000 ) ) ;
#1620 = ORIENTED_EDGE ( 'NONE', *, *, #1415, .T. ) ;
#1621 = AXIS2_PLACEMENT_3D ( 'NONE', #4848, #7022, #2724 ) ;
#1622 = VECTOR ( 'NONE', #6086, 1000.000000000000000 ) ;
#1623 = VECTOR ( 'NONE', #8279, 1000.000000000000000 ) ;
#1624 = CYLINDRICAL_SURFACE ( 'NONE', #6729, 0.9000000000000075717 ) ;
#1625 = ADVANCED_FACE ( 'NONE', ( #5350 ), #8829, .T. ) ;
#1626 = ORIENTED_EDGE ( 'NONE', *, *, #5287, .T. ) ;
#1627 = SHAPE_DEFINITION_REPRESENTATION ( #8369, #4999 ) ;
#1628 = AXIS2_PLACEMENT_3D ( 'NONE', #9118, #1257, #7574 ) ;
#1629 = VECTOR ( 'NONE', #950, 1000.000000000000000 ) ;
#1630 = DIRECTION ( 'NONE',  ( 1.000000000000000000, -0.000000000000000000, -0.000000000000000000 ) ) ;
#1631 = CARTESIAN_POINT ( 'NONE',  ( 29.99999999999999645, 18.15685424949230153, -18.15685424949224469 ) ) ;
#1632 = VERTEX_POINT ( 'NONE', #2327 ) ;
#1633 = CARTESIAN_POINT ( 'NONE',  ( -27.00000000000000000, 12.50000000000000888, -17.50000000000000000 ) ) ;
#1634 = ORIENTED_EDGE ( 'NONE', *, *, #9225, .F. ) ;
#1635 = DIRECTION ( 'NONE',  ( 9.912705577010326782E-17, -1.000000000000000000, 0.000000000000000000 ) ) ;
#1636 = CARTESIAN_POINT ( 'NONE',  ( 29.99999999999999289, 4.499999999999999112, -25.47284962015124421 ) ) ;
#1637 = CIRCLE ( 'NONE', #160, 6.000000000000001776 ) ;
#1638 = DIRECTION ( 'NONE',  ( -0.000000000000000000, 0.000000000000000000, 1.000000000000000000 ) ) ;
#1639 = DIRECTION ( 'NONE',  ( 1.000000000000000000, 0.000000000000000000, -8.019547272036678345E-16 ) ) ;
#1640 = ORIENTED_EDGE ( 'NONE', *, *, #3554, .F. ) ;
#1641 = DIRECTION ( 'NONE',  ( 1.000000000000000000, -1.541976423090495387E-16, -0.000000000000000000 ) ) ;
#1642 = EDGE_LOOP ( 'NONE', ( #4260, #3280, #405, #402 ) ) ;
#1643 = PLANE ( 'NONE',  #7087 ) ;
#1644 = EDGE_CURVE ( 'NONE', #5314, #6299, #1711, .T. ) ;
#1645 = EDGE_CURVE ( 'NONE', #3332, #7238, #386, .T. ) ;
#1646 = DIRECTION ( 'NONE',  ( 0.5427066596637479812, 0.8399223068573764550, 0.000000000000000000 ) ) ;
#1647 = DIRECTION ( 'NONE',  ( -1.000000000000000000, -9.912705577010326782E-17, 0.000000000000000000 ) ) ;
#1648 = AXIS2_PLACEMENT_3D ( 'NONE', #930, #185, #3789 ) ;
#1649 = DIRECTION ( 'NONE',  ( -1.000000000000000000, -1.541976423090495387E-16, 0.000000000000000000 ) ) ;
#1650 = CARTESIAN_POINT ( 'NONE',  ( 26.90714285714285836, 104.2085962636542007, -2.636397599255284977E-17 ) ) ;
#1651 = ORIENTED_EDGE ( 'NONE', *, *, #8482, .T. ) ;
#1652 = DIRECTION ( 'NONE',  ( -1.000000000000000000, -9.912705577010326782E-17, 0.000000000000000000 ) ) ;
#1653 = DIRECTION ( 'NONE',  ( -1.000000000000000000, 0.000000000000000000, 0.000000000000000000 ) ) ;
#1654 = ORIENTED_EDGE ( 'NONE', *, *, #7602, .F. ) ;
#1655 = ORIENTED_EDGE ( 'NONE', *, *, #1512, .F. ) ;
#1656 = VECTOR ( 'NONE', #6280, 1000.000000000000000 ) ;
#1657 = EDGE_CURVE ( 'NONE', #9119, #3963, #7142, .T. ) ;
#1658 = VERTEX_POINT ( 'NONE', #5218 ) ;
#1659 = CARTESIAN_POINT ( 'NONE',  ( 58.00000000000002132, 17.10685424949254596, -6.843145750507550140 ) ) ;
#1660 = ADVANCED_FACE ( 'NONE', ( #1069 ), #3181, .F. ) ;
#1661 = CARTESIAN_POINT ( 'NONE',  ( -17.98768373480796257, 67.14209179641811431, -25.00000000000000000 ) ) ;
#1662 = DIRECTION ( 'NONE',  ( -1.000000000000000000, -9.912705577010326782E-17, 0.000000000000000000 ) ) ;
#1663 = CARTESIAN_POINT ( 'NONE',  ( 25.42638895772115504, 1.100145117756656798, -7.500000000000007994 ) ) ;
#1664 = CARTESIAN_POINT ( 'NONE',  ( 11.58728778948667149, 35.00000000000000000, -25.49999999999999645 ) ) ;
#1665 = CIRCLE ( 'NONE', #6197, 1.050000000000000488 ) ;
#1666 = ORIENTED_EDGE ( 'NONE', *, *, #2133, .F. ) ;
#1667 = CARTESIAN_POINT ( 'NONE',  ( -27.00000000000000000, 16.50000000000001066, -12.50000000000000000 ) ) ;
#1668 = CARTESIAN_POINT ( 'NONE',  ( -26.00000000000000000, 18.15685424949254667, -6.843145750507550140 ) ) ;
#1669 = ORIENTED_EDGE ( 'NONE', *, *, #2293, .F. ) ;
#1670 = EDGE_CURVE ( 'NONE', #2472, #7731, #8181, .T. ) ;
#1671 = CARTESIAN_POINT ( 'NONE',  ( 25.99999999999999645, 12.50000000000021316, -4.499999999999771738 ) ) ;
#1672 = ORIENTED_EDGE ( 'NONE', *, *, #6909, .F. ) ;
#1673 = PERSON_AND_ORGANIZATION ( #8923, #2240 ) ;
#1674 = CARTESIAN_POINT ( 'NONE',  ( 29.36536325431411143, 3.012417103092507098, -19.90800261450481301 ) ) ;
#1675 = PLANE ( 'NONE',  #3883 ) ;
#1676 = EDGE_LOOP ( 'NONE', ( #897, #5146, #1465 ) ) ;
#1677 = CARTESIAN_POINT ( 'NONE',  ( -13.98768373480797678, 60.21388856614259311, -23.00000000000000000 ) ) ;
#1678 = EDGE_CURVE ( 'NONE', #5072, #7458, #2464, .T. ) ;
#1679 = ORIENTED_EDGE ( 'NONE', *, *, #6562, .F. ) ;
#1680 = CYLINDRICAL_SURFACE ( 'NONE', #3102, 3.000000000000002220 ) ;
#1681 = LINE ( 'NONE', #3859, #8989 ) ;
#1682 = DIRECTION ( 'NONE',  ( 1.000000000000000000, -1.898094922533725623E-16, 0.000000000000000000 ) ) ;
#1683 = CARTESIAN_POINT ( 'NONE',  ( -25.99999999999999645, 13.82287565553229136, -27.00000000000000355 ) ) ;
#1684 = CARTESIAN_POINT ( 'NONE',  ( 25.99999999999999645, 19.45000000000001350, -12.50000000000000000 ) ) ;
#1685 = VERTEX_POINT ( 'NONE', #4689 ) ;
#1686 = CARTESIAN_POINT ( 'NONE',  ( -26.25000000000000355, 102.3196380149609155, -23.00000000000000000 ) ) ;
#1687 = EDGE_CURVE ( 'NONE', #3226, #3488, #6843, .T. ) ;
#1688 = DIRECTION ( 'NONE',  ( 1.000000000000000000, -0.000000000000000000, -0.000000000000000000 ) ) ;
#1689 = DIRECTION ( 'NONE',  ( 0.000000000000000000, -1.000000000000000000, 0.000000000000000000 ) ) ;
#1690 = CARTESIAN_POINT ( 'NONE',  ( 2.163118960624425657, 96.44000000000002615, -13.11449676604731351 ) ) ;
#1691 = FACE_BOUND ( 'NONE', #175, .T. ) ;
#1692 = EDGE_CURVE ( 'NONE', #6642, #7066, #3369, .T. ) ;
#1693 = CARTESIAN_POINT ( 'NONE',  ( 29.99999999999999645, 1.689189189189192808, -18.77505933142119687 ) ) ;
#1694 = FACE_BOUND ( 'NONE', #6765, .T. ) ;
#1695 = ORIENTED_EDGE ( 'NONE', *, *, #7160, .T. ) ;
#1696 = CARTESIAN_POINT ( 'NONE',  ( 58.00000000000002132, 19.20685424949230935, -18.15685424949224469 ) ) ;
#1697 = ORIENTED_EDGE ( 'NONE', *, *, #3029, .T. ) ;
#1698 = VERTEX_POINT ( 'NONE', #3221 ) ;
#1699 = FACE_OUTER_BOUND ( 'NONE', #5075, .T. ) ;
#1700 = CIRCLE ( 'NONE', #3382, 2.149999999999999023 ) ;
#1701 = DIRECTION ( 'NONE',  ( -1.000000000000000000, -1.892425610156517122E-16, -0.000000000000000000 ) ) ;
#1702 = DIRECTION ( 'NONE',  ( -1.000000000000000000, -9.912705577010326782E-17, 0.000000000000000000 ) ) ;
#1703 = DIRECTION ( 'NONE',  ( 0.5427066596637490914, -0.8399223068573756779, 0.000000000000000000 ) ) ;
#1704 = ADVANCED_FACE ( 'NONE', ( #6775 ), #6541, .T. ) ;
#1705 = ORIENTED_EDGE ( 'NONE', *, *, #7386, .F. ) ;
#1706 = ADVANCED_FACE ( 'NONE', ( #330 ), #6342, .F. ) ;
#1707 = DIRECTION ( 'NONE',  ( -1.734723475976807292E-15, 1.000000000000000000, -0.000000000000000000 ) ) ;
#1708 = CARTESIAN_POINT ( 'NONE',  ( -23.58866783693175151, 108.3007942474513783, -16.27011594432210018 ) ) ;
#1709 = ORIENTED_EDGE ( 'NONE', *, *, #7256, .F. ) ;
#1710 = CARTESIAN_POINT ( 'NONE',  ( 28.00000000000000355, 49.81447292170534524, -25.00000000000000000 ) ) ;
#1711 = CIRCLE ( 'NONE', #2917, 4.000000000000000000 ) ;
#1712 = CARTESIAN_POINT ( 'NONE',  ( 22.24999999999998579, 106.9403061905773740, -15.49999999999999822 ) ) ;
#1713 = VERTEX_POINT ( 'NONE', #9017 ) ;
#1714 = AXIS2_PLACEMENT_3D ( 'NONE', #5955, #6616, #8905 ) ;
#1715 = ADVANCED_FACE ( 'NONE', ( #1161 ), #7735, .T. ) ;
#1716 = DIRECTION ( 'NONE',  ( 1.898094922533725623E-16, 1.000000000000000000, 0.000000000000000000 ) ) ;
#1717 = PLANE ( 'NONE',  #6304 ) ;
#1718 = EDGE_LOOP ( 'NONE', ( #4197, #421, #1381, #5704 ) ) ;
#1719 = AXIS2_PLACEMENT_3D ( 'NONE', #1158, #6766, #965 ) ;
#1720 = EDGE_LOOP ( 'NONE', ( #1397, #611, #2235 ) ) ;
#1721 = AXIS2_PLACEMENT_3D ( 'NONE', #9163, #2803, #9208 ) ;
#1722 = DIRECTION ( 'NONE',  ( -0.8399223068573765660, 0.5427066596637478701, 0.000000000000000000 ) ) ;
#1723 = LINE ( 'NONE', #5280, #3577 ) ;
#1724 = CYLINDRICAL_SURFACE ( 'NONE', #5848, 2.150000000000012790 ) ;
#1725 = EDGE_CURVE ( 'NONE', #71, #7131, #7271, .T. ) ;
#1726 = AXIS2_PLACEMENT_3D ( 'NONE', #1051, #5378, #7500 ) ;
#1727 = LINE ( 'NONE', #4613, #7451 ) ;
#1728 = VECTOR ( 'NONE', #8014, 1000.000000000000000 ) ;
#1729 = CARTESIAN_POINT ( 'NONE',  ( 23.23947308506739517, 12.50000000002745537, -23.41052691493263893 ) ) ;
#1730 = ORIENTED_EDGE ( 'NONE', *, *, #25, .F. ) ;
#1731 = LINE ( 'NONE', #260, #6787 ) ;
#1732 = VECTOR ( 'NONE', #4044, 1000.000000000000000 ) ;
#1733 = DIRECTION ( 'NONE',  ( -1.000000000000000000, 0.000000000000000000, 0.000000000000000000 ) ) ;
#1734 = AXIS2_PLACEMENT_3D ( 'NONE', #3870, #1604, #265 ) ;
#1735 = CARTESIAN_POINT ( 'NONE',  ( -1.336881039375573899, 104.4400000000000261, -15.65739561406608082 ) ) ;
#1736 = EDGE_CURVE ( 'NONE', #3841, #2512, #5495, .T. ) ;
#1737 = CARTESIAN_POINT ( 'NONE',  ( 0.000000000000000000, 12.49999999999999822, -12.50000000000000000 ) ) ;
#1738 = DIRECTION ( 'NONE',  ( -0.8399223068573744566, 0.5427066596637510898, 0.000000000000000000 ) ) ;
#1739 = LINE ( 'NONE', #8155, #883 ) ;
#1740 = LINE ( 'NONE', #8061, #2923 ) ;
#1741 = ORIENTED_EDGE ( 'NONE', *, *, #2595, .T. ) ;
#1742 = TOROIDAL_SURFACE ( 'NONE', #7027, 4.000000000000000000, 2.000000000000000000 ) ;
#1743 = DIRECTION ( 'NONE',  ( 1.541976423090495387E-16, 1.000000000000000000, 0.000000000000000000 ) ) ;
#1744 = VERTEX_POINT ( 'NONE', #3977 ) ;
#1745 = ORIENTED_EDGE ( 'NONE', *, *, #198, .T. ) ;
#1746 = DIRECTION ( 'NONE',  ( 0.5427066596637507567, 0.8399223068573746787, 0.000000000000000000 ) ) ;
#1747 = CIRCLE ( 'NONE', #6734, 6.000000000000001776 ) ;
#1748 = DIRECTION ( 'NONE',  ( -0.000000000000000000, 1.000000000000000000, -0.000000000000000000 ) ) ;
#1749 = CARTESIAN_POINT ( 'NONE',  ( 17.00155164700847976, 96.44000000000002615, -15.11361605560231958 ) ) ;
#1750 = CYLINDRICAL_SURFACE ( 'NONE', #5278, 2.000000000000000000 ) ;
#1751 = DIRECTION ( 'NONE',  ( 1.000000000000000000, 0.000000000000000000, 0.000000000000000000 ) ) ;
#1752 = VERTEX_POINT ( 'NONE', #4164 ) ;
#1753 = LINE ( 'NONE', #6817, #1572 ) ;
#1754 = CARTESIAN_POINT ( 'NONE',  ( -24.83126836019009076, 105.5801250899406227, -16.27968289624860887 ) ) ;
#1755 = VERTEX_POINT ( 'NONE', #2747 ) ;
#1756 = EDGE_LOOP ( 'NONE', ( #5306, #2848, #2495, #6444, #7392, #342, #3952, #370, #2036 ) ) ;
#1757 = EDGE_CURVE ( 'NONE', #5804, #3373, #4648, .T. ) ;
#1758 = CARTESIAN_POINT ( 'NONE',  ( 26.90714285714285836, 104.2085962636542007, -23.00000000000000000 ) ) ;
#1759 = AXIS2_PLACEMENT_3D ( 'NONE', #3813, #8851, #4564 ) ;
#1760 = EDGE_CURVE ( 'NONE', #3806, #6429, #4027, .T. ) ;
#1761 = ORIENTED_EDGE ( 'NONE', *, *, #5751, .T. ) ;
#1762 = CIRCLE ( 'NONE', #4940, 2.000000000000000000 ) ;
#1763 = CARTESIAN_POINT ( 'NONE',  ( 29.97941344953330045, 4.163508753541611540, -19.42682971295275607 ) ) ;
#1764 = AXIS2_PLACEMENT_3D ( 'NONE', #8757, #8148, #3863 ) ;
#1765 = TOROIDAL_SURFACE ( 'NONE', #594, 7.000000000000000000, 2.000000000000000000 ) ;
#1766 = CYLINDRICAL_SURFACE ( 'NONE', #6756, 2.000000000000000000 ) ;
#1767 = EDGE_LOOP ( 'NONE', ( #6023, #1080, #7544, #5766 ) ) ;
#1768 = AXIS2_PLACEMENT_3D ( 'NONE', #2862, #2454, #3073 ) ;
#1769 = CARTESIAN_POINT ( 'NONE',  ( -26.25000000000000355, 102.3196380149609155, 0.000000000000000000 ) ) ;
#1770 = ORIENTED_EDGE ( 'NONE', *, *, #639, .F. ) ;
#1771 = ADVANCED_FACE ( 'NONE', ( #1208 ), #3456, .F. ) ;
#1772 = CARTESIAN_POINT ( 'NONE',  ( 16.57654914134644741, 96.44000000000002615, -2.000000000000000000 ) ) ;
#1773 = CIRCLE ( 'NONE', #2076, 1.000000000000000888 ) ;
#1774 = CARTESIAN_POINT ( 'NONE',  ( -24.99999999999999645, 4.836939253778027137, -17.50000000000000000 ) ) ;
#1775 = CARTESIAN_POINT ( 'NONE',  ( 27.99999999999998934, 1.999999999999998224, -12.50000000000000000 ) ) ;
#1776 = AXIS2_PLACEMENT_3D ( 'NONE', #8730, #8019, #4441 ) ;
#1777 = LINE ( 'NONE', #1086, #5051 ) ;
#1778 = VERTEX_POINT ( 'NONE', #3408 ) ;
#1779 = DIRECTION ( 'NONE',  ( -0.5427066596637512008, -0.8399223068573745676, -0.000000000000000000 ) ) ;
#1780 = EDGE_CURVE ( 'NONE', #8215, #5804, #5488, .T. ) ;
#1781 = CIRCLE ( 'NONE', #4507, 2.150000000000012790 ) ;
#1782 = DIRECTION ( 'NONE',  ( 0.000000000000000000, -1.000000000000000000, 0.000000000000000000 ) ) ;
#1783 = CIRCLE ( 'NONE', #4204, 2.000000000000000000 ) ;
#1784 = CARTESIAN_POINT ( 'NONE',  ( -23.55000000000002558, 117.9399999999999977, -2.000000000000001776 ) ) ;
#1785 = CYLINDRICAL_SURFACE ( 'NONE', #3549, 1.999999999999999334 ) ;
#1786 = CARTESIAN_POINT ( 'NONE',  ( 23.00000000000000000, 48.08242211413647027, -3.000000000000002665 ) ) ;
#1787 = CARTESIAN_POINT ( 'NONE',  ( 24.00000000000000711, 19.20685424949253672, -6.843145750507550140 ) ) ;
#1788 = CARTESIAN_POINT ( 'NONE',  ( -27.99999999999999289, 13.82287565553229136, -25.00000000000000000 ) ) ;
#1789 = ORIENTED_EDGE ( 'NONE', *, *, #9115, .F. ) ;
#1790 = CARTESIAN_POINT ( 'NONE',  ( 3.499999999999790834, 96.44000000000002615, -9.000000000000000000 ) ) ;
#1791 = EDGE_LOOP ( 'NONE', ( #9273, #132, #5913, #9057 ) ) ;
#1792 = EDGE_CURVE ( 'NONE', #8103, #4700, #6291, .T. ) ;
#1793 = EDGE_CURVE ( 'NONE', #814, #3580, #5792, .T. ) ;
#1794 = ORIENTED_EDGE ( 'NONE', *, *, #9245, .F. ) ;
#1795 = CARTESIAN_POINT ( 'NONE',  ( -21.49999999999998579, 52.41254913305866125, -22.00000000000000355 ) ) ;
#1796 = CIRCLE ( 'NONE', #7080, 1.050000000000000488 ) ;
#1797 = DIRECTION ( 'NONE',  ( -8.019547272036678345E-16, 0.000000000000000000, -1.000000000000000000 ) ) ;
#1798 = FACE_OUTER_BOUND ( 'NONE', #3011, .T. ) ;
#1799 = PLANE ( 'NONE',  #30 ) ;
#1800 = CARTESIAN_POINT ( 'NONE',  ( 23.57824946156923929, 2.375789791770053672, -7.500000000000007994 ) ) ;
#1801 = DIRECTION ( 'NONE',  ( -1.000000000000000000, 1.541976423090495387E-16, 0.000000000000000000 ) ) ;
#1802 = ORIENTED_EDGE ( 'NONE', *, *, #2609, .F. ) ;
#1803 = LINE ( 'NONE', #6021, #3985 ) ;
#1804 = CARTESIAN_POINT ( 'NONE',  ( -25.74737230856511871, 104.7903061905773257, -14.87146155441480566 ) ) ;
#1805 = ORIENTED_EDGE ( 'NONE', *, *, #9170, .F. ) ;
#1806 = AXIS2_PLACEMENT_3D ( 'NONE', #1686, #5945, #5376 ) ;
#1807 = DIRECTION ( 'NONE',  ( -1.000000000000000000, 0.000000000000000000, 0.000000000000000000 ) ) ;
#1808 = ADVANCED_FACE ( 'NONE', ( #8349 ), #8326, .T. ) ;
#1809 = ORIENTED_EDGE ( 'NONE', *, *, #9050, .T. ) ;
#1810 = FACE_OUTER_BOUND ( 'NONE', #5463, .T. ) ;
#1811 = VECTOR ( 'NONE', #5827, 1000.000000000000000 ) ;
#1812 = ORIENTED_EDGE ( 'NONE', *, *, #4029, .T. ) ;
#1813 = CARTESIAN_POINT ( 'NONE',  ( 29.99999999999999289, 4.500000000000001776, -19.30073525436772641 ) ) ;
#1814 = ORIENTED_EDGE ( 'NONE', *, *, #8594, .F. ) ;
#1815 = EDGE_CURVE ( 'NONE', #3975, #5588, #831, .T. ) ;
#1816 = EDGE_CURVE ( 'NONE', #5680, #3616, #8630, .T. ) ;
#1817 = CARTESIAN_POINT ( 'NONE',  ( 28.00000000000000000, 0.6572807176729849044, -8.500000000000007105 ) ) ;
#1818 = ORIENTED_EDGE ( 'NONE', *, *, #6048, .T. ) ;
#1819 = ORIENTED_EDGE ( 'NONE', *, *, #4367, .F. ) ;
#1820 = DIRECTION ( 'NONE',  ( 0.000000000000000000, -1.000000000000000000, 0.000000000000000000 ) ) ;
#1821 = CARTESIAN_POINT ( 'NONE',  ( 26.99999999999999289, 55.01062534441197727, -128.1790850899541852 ) ) ;
#1822 = CARTESIAN_POINT ( 'NONE',  ( 28.55000000000000071, 108.9309918853872290, -23.00000000000000000 ) ) ;
#1823 = CARTESIAN_POINT ( 'NONE',  ( 29.99999999999999645, 18.15685424949230153, -18.15685424949224469 ) ) ;
#1824 = EDGE_CURVE ( 'NONE', #1030, #113, #1562, .T. ) ;
#1825 = EDGE_CURVE ( 'NONE', #1330, #4096, #2768, .T. ) ;
#1826 = CARTESIAN_POINT ( 'NONE',  ( -27.99999999999999289, 2.499999999999997335, -21.78708781050335830 ) ) ;
#1827 = ORIENTED_EDGE ( 'NONE', *, *, #9130, .F. ) ;
#1828 = DIRECTION ( 'NONE',  ( 0.000000000000000000, 1.000000000000000000, 0.000000000000000000 ) ) ;
#1829 = EDGE_CURVE ( 'NONE', #1164, #7937, #6483, .T. ) ;
#1830 = DIRECTION ( 'NONE',  ( 0.000000000000000000, 0.000000000000000000, 1.000000000000000000 ) ) ;
#1831 = LINE ( 'NONE', #3300, #8844 ) ;
#1832 = CARTESIAN_POINT ( 'NONE',  ( -6.423762078750931970, 104.4400000000000261, -15.65739561406607727 ) ) ;
#1833 = CARTESIAN_POINT ( 'NONE',  ( 23.43572208335974594, 114.5506859284179910, -23.66730220754023151 ) ) ;
#1834 = ORIENTED_EDGE ( 'NONE', *, *, #970, .T. ) ;
#1835 = LINE ( 'NONE', #8198, #6012 ) ;
#1836 = EDGE_LOOP ( 'NONE', ( #4473, #5173, #7953, #5102 ) ) ;
#1837 = CYLINDRICAL_SURFACE ( 'NONE', #150, 1.049999999999998934 ) ;
#1838 = ORIENTED_EDGE ( 'NONE', *, *, #1049, .T. ) ;
#1839 = ORIENTED_EDGE ( 'NONE', *, *, #8172, .F. ) ;
#1840 = CARTESIAN_POINT ( 'NONE',  ( 23.00000000000000000, 70.83954254497726311, -92.33954254497653835 ) ) ;
#1841 = PLANE ( 'NONE',  #7476 ) ;
#1842 = DIRECTION ( 'NONE',  ( -1.000000000000000000, -1.892425610156517122E-16, -0.000000000000000000 ) ) ;
#1843 = DIRECTION ( 'NONE',  ( 0.000000000000000000, 1.000000000000000000, 0.000000000000000000 ) ) ;
#1844 = FACE_OUTER_BOUND ( 'NONE', #7563, .T. ) ;
#1845 = CARTESIAN_POINT ( 'NONE',  ( 27.42157287525381193, 94.32466048530505986, -25.00000000000000355 ) ) ;
#1846 = ORIENTED_EDGE ( 'NONE', *, *, #1027, .F. ) ;
#1847 = ADVANCED_FACE ( 'NONE', ( #7929 ), #7883, .F. ) ;
#1848 = DIRECTION ( 'NONE',  ( 1.000000000000000000, 1.734723475976807292E-15, -8.787991997524760300E-17 ) ) ;
#1849 = CARTESIAN_POINT ( 'NONE',  ( 23.54999999999997939, 117.9400000000000972, 3.250006781153460502E-31 ) ) ;
#1850 = ORIENTED_EDGE ( 'NONE', *, *, #5299, .F. ) ;
#1851 = CIRCLE ( 'NONE', #4567, 2.000000000000000000 ) ;
#1852 = ORIENTED_EDGE ( 'NONE', *, *, #2400, .T. ) ;
#1853 = CARTESIAN_POINT ( 'NONE',  ( -16.57654914134644741, 94.44000000000002615, -25.00000000000000000 ) ) ;
#1854 = EDGE_LOOP ( 'NONE', ( #2701, #4925 ) ) ;
#1855 = ADVANCED_FACE ( 'NONE', ( #128 ), #3687, .F. ) ;
#1856 = LINE ( 'NONE', #7620, #2610 ) ;
#1857 = EDGE_LOOP ( 'NONE', ( #7073, #1213 ) ) ;
#1858 = AXIS2_PLACEMENT_3D ( 'NONE', #8537, #7233, #5065 ) ;
#1859 = CARTESIAN_POINT ( 'NONE',  ( 58.00000000000002132, 11.45000000000021778, -4.499999999999771738 ) ) ;
#1860 = ORIENTED_EDGE ( 'NONE', *, *, #8898, .T. ) ;
#1861 = EDGE_LOOP ( 'NONE', ( #626, #1761, #6057, #4628 ) ) ;
#1862 = DIRECTION ( 'NONE',  ( -0.000000000000000000, 0.000000000000000000, 1.000000000000000000 ) ) ;
#1863 = CARTESIAN_POINT ( 'NONE',  ( 22.24999999999998579, 113.9403061905773740, -7.599999999999997868 ) ) ;
#1864 = CARTESIAN_POINT ( 'NONE',  ( -24.99999999999999645, 12.50000000000000888, -18.50000000000000355 ) ) ;
#1865 = DIRECTION ( 'NONE',  ( -1.000000000000000000, -9.912705577010326782E-17, 0.000000000000000000 ) ) ;
#1866 = ORIENTED_EDGE ( 'NONE', *, *, #6171, .F. ) ;
#1867 = CIRCLE ( 'NONE', #8341, 0.8999999999999998002 ) ;
#1868 = LINE ( 'NONE', #1454, #5598 ) ;
#1869 = EDGE_CURVE ( 'NONE', #4641, #15, #8726, .T. ) ;
#1870 = EDGE_CURVE ( 'NONE', #6714, #6982, #7885, .T. ) ;
#1871 = AXIS2_PLACEMENT_3D ( 'NONE', #2415, #6810, #8956 ) ;
#1872 = CARTESIAN_POINT ( 'NONE',  ( -21.54999999999981952, -3.738329090729988365E-14, 0.000000000000000000 ) ) ;
#1873 = AXIS2_PLACEMENT_3D ( 'NONE', #2654, #1941, #4829 ) ;
#1874 = CARTESIAN_POINT ( 'NONE',  ( 15.58688103937514846, 80.80934643409020168, -9.000000000000000000 ) ) ;
#1875 = FACE_OUTER_BOUND ( 'NONE', #8410, .T. ) ;
#1876 = ORIENTED_EDGE ( 'NONE', *, *, #4317, .T. ) ;
#1877 = CARTESIAN_POINT ( 'NONE',  ( -14.25000000000020250, 96.44000000000002615, -13.11449676604731174 ) ) ;
#1878 = ORIENTED_EDGE ( 'NONE', *, *, #156, .T. ) ;
#1879 = DIRECTION ( 'NONE',  ( 1.000000000000000000, -1.541976423090495387E-16, -0.000000000000000000 ) ) ;
#1880 = ORIENTED_EDGE ( 'NONE', *, *, #408, .T. ) ;
#1881 = VECTOR ( 'NONE', #1646, 1000.000000000000000 ) ;
#1882 = CIRCLE ( 'NONE', #4456, 9.000000000000001776 ) ;
#1883 = DIRECTION ( 'NONE',  ( 1.000000000000000000, 3.854941057726237111E-15, 0.000000000000000000 ) ) ;
#1884 = CARTESIAN_POINT ( 'NONE',  ( -23.58881035191418363, 108.2995775500651519, -12.92884837399724596 ) ) ;
#1885 = FACE_BOUND ( 'NONE', #6653, .T. ) ;
#1886 = DIRECTION ( 'NONE',  ( 0.000000000000000000, 0.000000000000000000, 1.000000000000000000 ) ) ;
#1887 = AXIS2_PLACEMENT_3D ( 'NONE', #7635, #1184, #2253 ) ;
#1888 = FACE_OUTER_BOUND ( 'NONE', #1720, .T. ) ;
#1889 = DIRECTION ( 'NONE',  ( -1.000000000000000000, -9.912705577010326782E-17, 0.000000000000000000 ) ) ;
#1890 = ORIENTED_EDGE ( 'NONE', *, *, #4245, .F. ) ;
#1891 = DIRECTION ( 'NONE',  ( -2.775557561562890858E-16, 1.000000000000000000, 0.000000000000000000 ) ) ;
#1892 = ORIENTED_EDGE ( 'NONE', *, *, #6311, .F. ) ;
#1893 = PLANE ( 'NONE',  #5413 ) ;
#1894 = VECTOR ( 'NONE', #3261, 1000.000000000000000 ) ;
#1895 = VERTEX_POINT ( 'NONE', #1387 ) ;
#1896 = CARTESIAN_POINT ( 'NONE',  ( 27.99999999999999289, 12.50000000000000355, -25.49999999999999645 ) ) ;
#1897 = ADVANCED_FACE ( 'NONE', ( #5114 ), #4733, .T. ) ;
#1898 = ORIENTED_EDGE ( 'NONE', *, *, #8583, .T. ) ;
#1899 = CARTESIAN_POINT ( 'NONE',  ( 28.72054491039936508, 1.853789078472276808, -18.79275088872113031 ) ) ;
#1900 = ORIENTED_EDGE ( 'NONE', *, *, #6048, .F. ) ;
#1901 = AXIS2_PLACEMENT_3D ( 'NONE', #1853, #6869, #8833 ) ;
#1902 = CARTESIAN_POINT ( 'NONE',  ( 27.80757884505157662, 0.8782619262663116100, -7.896168321627413889 ) ) ;
#1903 = ORIENTED_EDGE ( 'NONE', *, *, #3433, .T. ) ;
#1904 = CIRCLE ( 'NONE', #3117, 2.149999999999999023 ) ;
#1905 = VERTEX_POINT ( 'NONE', #9240 ) ;
#1906 = EDGE_CURVE ( 'NONE', #6982, #2447, #9082, .T. ) ;
#1907 = CARTESIAN_POINT ( 'NONE',  ( 22.24999999999998579, 106.9403061905773740, -14.59999999999999787 ) ) ;
#1908 = CARTESIAN_POINT ( 'NONE',  ( 25.99999999999999645, 20.30685424949253814, -6.843145750507550140 ) ) ;
#1909 = DIRECTION ( 'NONE',  ( 1.000000000000000000, 0.000000000000000000, 0.000000000000000000 ) ) ;
#1910 = AXIS2_PLACEMENT_3D ( 'NONE', #5888, #7342, #4603 ) ;
#1911 = TOROIDAL_SURFACE ( 'NONE', #6297, 4.000000000000000000, 2.000000000000000000 ) ;
#1912 = DIRECTION ( 'NONE',  ( 0.3090169943749485060, -1.053076637743355143E-16, 0.9510565162951533091 ) ) ;
#1913 = ORIENTED_EDGE ( 'NONE', *, *, #8852, .F. ) ;
#1914 = AXIS2_PLACEMENT_3D ( 'NONE', #6691, #906, #7440 ) ;
#1915 = DIRECTION ( 'NONE',  ( -1.000000000000000000, 0.000000000000000000, 0.000000000000000000 ) ) ;
#1916 = VECTOR ( 'NONE', #8432, 1000.000000000000000 ) ;
#1917 = VECTOR ( 'NONE', #8289, 1000.000000000000000 ) ;
#1918 = CARTESIAN_POINT ( 'NONE',  ( 25.99999999999999645, 20.50000000000001066, -12.50000000000000000 ) ) ;
#1919 = CIRCLE ( 'NONE', #2, 2.000000000000000000 ) ;
#1920 = DIRECTION ( 'NONE',  ( 1.734723475976807292E-15, -1.000000000000000000, 0.000000000000000000 ) ) ;
#1921 = CARTESIAN_POINT ( 'NONE',  ( -30.00000000000000000, 18.35000000000002274, -12.50000000000000000 ) ) ;
#1922 = CARTESIAN_POINT ( 'NONE',  ( 23.41106232120510811, 114.2492635949665782, -23.73327146981818814 ) ) ;
#1924 = EDGE_LOOP ( 'NONE', ( #5454, #6868, #1067, #1972, #3603 ) ) ;
#1923 = VECTOR ( 'NONE', #960, 1000.000000000000000 ) ;
#1925 = VECTOR ( 'NONE', #9035, 1000.000000000000000 ) ;
#1926 = DIRECTION ( 'NONE',  ( -0.8399223068573764550, 0.5427066596637479812, 0.000000000000000000 ) ) ;
#1927 = ORIENTED_EDGE ( 'NONE', *, *, #8142, .F. ) ;
#1928 = EDGE_CURVE ( 'NONE', #1267, #3654, #3406, .T. ) ;
#1929 = CARTESIAN_POINT ( 'NONE',  ( -23.00000000000000000, 12.49999999999999645, -25.50000000000000355 ) ) ;
#1930 = ADVANCED_FACE ( 'NONE', ( #650 ), #5682, .F. ) ;
#1931 = VERTEX_POINT ( 'NONE', #2975 ) ;
#1932 = CIRCLE ( 'NONE', #5565, 2.149999999999999023 ) ;
#1933 = CARTESIAN_POINT ( 'NONE',  ( -13.42376207875093463, 80.80934643409020168, -15.65739561406607727 ) ) ;
#1934 = FACE_OUTER_BOUND ( 'NONE', #7509, .T. ) ;
#1935 = PLANE ( 'NONE',  #14 ) ;
#1936 = EDGE_LOOP ( 'NONE', ( #6707, #3179, #1608, #2689 ) ) ;
#1937 = DIRECTION ( 'NONE',  ( 0.8090169943749478954, 0.000000000000000000, -0.5877852522924724710 ) ) ;
#1938 = CARTESIAN_POINT ( 'NONE',  ( -5.773401785888006899, 57.10000000000000142, -22.00000000000000355 ) ) ;
#1939 = DIRECTION ( 'NONE',  ( -0.000000000000000000, 0.000000000000000000, 1.000000000000000000 ) ) ;
#1940 = ORIENTED_EDGE ( 'NONE', *, *, #4893, .F. ) ;
#1941 = DIRECTION ( 'NONE',  ( 0.000000000000000000, 0.000000000000000000, 1.000000000000000000 ) ) ;
#1942 = CARTESIAN_POINT ( 'NONE',  ( -24.99109024162341441, 12.25605562278048311, -25.50000000000000355 ) ) ;
#1943 = ORIENTED_EDGE ( 'NONE', *, *, #4563, .F. ) ;
#1944 = EDGE_CURVE ( 'NONE', #3533, #7284, #7138, .T. ) ;
#1945 = ADVANCED_FACE ( 'NONE', ( #5817 ), #9289, .T. ) ;
#1946 = VERTEX_POINT ( 'NONE', #4533 ) ;
#1947 = LINE ( 'NONE', #3365, #7036 ) ;
#1948 = VERTEX_POINT ( 'NONE', #2361 ) ;
#1949 = VECTOR ( 'NONE', #4021, 1000.000000000000000 ) ;
#1950 = CARTESIAN_POINT ( 'NONE',  ( 27.99999999999999645, 2.499999999999976463, -20.17194210432892376 ) ) ;
#1951 = ORIENTED_EDGE ( 'NONE', *, *, #7816, .T. ) ;
#1952 = CARTESIAN_POINT ( 'NONE',  ( -29.99999999999999645, 4.828427124746174748, -25.50000000000000355 ) ) ;
#1953 = EDGE_LOOP ( 'NONE', ( #8066, #3651 ) ) ;
#1954 = ORIENTED_EDGE ( 'NONE', *, *, #4509, .T. ) ;
#1955 = VECTOR ( 'NONE', #7965, 1000.000000000000227 ) ;
#1956 = CARTESIAN_POINT ( 'NONE',  ( 20.25000000000000000, 96.44000000000002615, -128.1790850899541852 ) ) ;
#1957 = CARTESIAN_POINT ( 'NONE',  ( -22.25000000000000000, 104.7903061905773541, -14.59999999999999787 ) ) ;
#1958 = DIRECTION ( 'NONE',  ( 0.000000000000000000, 0.000000000000000000, -1.000000000000000000 ) ) ;
#1959 = ADVANCED_FACE ( 'NONE', ( #3205 ), #5334, .F. ) ;
#1960 = DIRECTION ( 'NONE',  ( 0.000000000000000000, 0.000000000000000000, 1.000000000000000000 ) ) ;
#1961 = ORIENTED_EDGE ( 'NONE', *, *, #5845, .F. ) ;
#1962 = CARTESIAN_POINT ( 'NONE',  ( 23.14991546844104064, 15.99347151382306542, -2.057285541966305864 ) ) ;
#1963 = CARTESIAN_POINT ( 'NONE',  ( -26.00000000000000000, 20.50000000000002132, -12.50000000000000000 ) ) ;
#1964 = DIRECTION ( 'NONE',  ( 1.000000000000000000, 9.912705577010326782E-17, 0.000000000000000000 ) ) ;
#1965 = CARTESIAN_POINT ( 'NONE',  ( -5.773401785888006899, 51.10000000000000853, -22.00000000000000711 ) ) ;
#1966 = CARTESIAN_POINT ( 'NONE',  ( 23.40400016604820621, 114.0925791195077466, -23.75012225795637377 ) ) ;
#1967 = EDGE_LOOP ( 'NONE', ( #1, #2069, #42, #3032 ) ) ;
#1968 = EDGE_CURVE ( 'NONE', #259, #5629, #6689, .T. ) ;
#1969 = CARTESIAN_POINT ( 'NONE',  ( 25.00000000000000355, 4.836939253796780136, -17.50000000000000000 ) ) ;
#1970 = ORIENTED_EDGE ( 'NONE', *, *, #8594, .T. ) ;
#1971 = FACE_OUTER_BOUND ( 'NONE', #7595, .T. ) ;
#1972 = ORIENTED_EDGE ( 'NONE', *, *, #5152, .T. ) ;
#1973 = DIRECTION ( 'NONE',  ( 0.000000000000000000, -0.000000000000000000, -1.000000000000000000 ) ) ;
#1974 = CYLINDRICAL_SURFACE ( 'NONE', #3866, 5.999999999999998224 ) ;
#1975 = CARTESIAN_POINT ( 'NONE',  ( 3.499999999999790834, 96.44000000000002615, -9.000000000000000000 ) ) ;
#1976 = ADVANCED_FACE ( 'NONE', ( #5201, #7412, #1558, #1694, #5159, #2446 ), #2409, .T. ) ;
#1977 = DIRECTION ( 'NONE',  ( 1.000000000000000000, -1.541976423090495387E-16, 0.000000000000000000 ) ) ;
#1978 = CARTESIAN_POINT ( 'NONE',  ( 17.98768373480796612, 67.14209179641811431, -25.00000000000000000 ) ) ;
#1979 = CARTESIAN_POINT ( 'NONE',  ( 29.99999999999999645, 12.50000000000021316, -4.499999999999771738 ) ) ;
#1980 = VERTEX_POINT ( 'NONE', #8199 ) ;
#1981 = CARTESIAN_POINT ( 'NONE',  ( 58.00000000000002132, 12.49999999999987921, -20.49999999999977618 ) ) ;
#1982 = CARTESIAN_POINT ( 'NONE',  ( -23.08176686932741717, 9.891934043520796749, -25.50000000000000355 ) ) ;
#1983 = VERTEX_POINT ( 'NONE', #8949 ) ;
#1984 = ORIENTED_EDGE ( 'NONE', *, *, #6779, .T. ) ;
#1985 = DIRECTION ( 'NONE',  ( -1.360567432138672574E-16, 1.000000000000000000, 0.000000000000000000 ) ) ;
#1986 = EDGE_CURVE ( 'NONE', #1778, #7064, #8015, .T. ) ;
#1987 = EDGE_CURVE ( 'NONE', #3989, #7984, #3066, .T. ) ;
#1988 = VERTEX_POINT ( 'NONE', #6709 ) ;
#1989 = DIRECTION ( 'NONE',  ( -0.8090169943749481174, 6.508371548838532583E-17, -0.5877852522924723599 ) ) ;
#1990 = DIRECTION ( 'NONE',  ( -0.000000000000000000, 1.000000000000000000, -0.000000000000000000 ) ) ;
#1991 = CC_DESIGN_DATE_AND_TIME_ASSIGNMENT ( #8789, #4372, ( #8707 ) ) ;
#1992 = ORIENTED_EDGE ( 'NONE', *, *, #8186, .T. ) ;
#1993 = CARTESIAN_POINT ( 'NONE',  ( 5.773401785888007787, 60.10000000000000853, -25.00000000000000000 ) ) ;
#1994 = ORIENTED_EDGE ( 'NONE', *, *, #855, .F. ) ;
#1995 = ORIENTED_EDGE ( 'NONE', *, *, #4582, .T. ) ;
#1996 = CARTESIAN_POINT ( 'NONE',  ( 27.99999999999999289, 12.49999999999999822, -2.000000000000000000 ) ) ;
#1997 = EDGE_CURVE ( 'NONE', #4590, #6554, #7296, .T. ) ;
#1998 = DIRECTION ( 'NONE',  ( 0.000000000000000000, 1.000000000000000000, 0.000000000000000000 ) ) ;
#1999 = AXIS2_PLACEMENT_3D ( 'NONE', #4174, #7059, #2039 ) ;
#2000 = CARTESIAN_POINT ( 'NONE',  ( -20.25000000000000000, 104.4400000000000261, -24.99999999999999289 ) ) ;
#2001 = CARTESIAN_POINT ( 'NONE',  ( 23.54999999999997939, 117.9400000000000972, -2.000000000000001776 ) ) ;
#2002 = ORIENTED_EDGE ( 'NONE', *, *, #3233, .T. ) ;
#2003 = DIRECTION ( 'NONE',  ( 0.000000000000000000, 0.000000000000000000, 1.000000000000000000 ) ) ;
#2004 = VECTOR ( 'NONE', #557, 1000.000000000000000 ) ;
#2005 = DIRECTION ( 'NONE',  ( 0.000000000000000000, 0.000000000000000000, 1.000000000000000000 ) ) ;
#2006 = EDGE_CURVE ( 'NONE', #541, #6819, #1740, .T. ) ;
#2007 = FACE_OUTER_BOUND ( 'NONE', #3368, .T. ) ;
#2008 = AXIS2_PLACEMENT_3D ( 'NONE', #8023, #1566, #4446 ) ;
#2009 = CARTESIAN_POINT ( 'NONE',  ( 4.670159431706659703, 104.4400000000000261, -71.34475996974298084 ) ) ;
#2010 = FACE_BOUND ( 'NONE', #9091, .T. ) ;
#2011 = ORIENTED_EDGE ( 'NONE', *, *, #9281, .T. ) ;
#2012 = AXIS2_PLACEMENT_3D ( 'NONE', #1108, #6162, #5402 ) ;
#2013 = PLANE ( 'NONE',  #441 ) ;
#2014 = EDGE_LOOP ( 'NONE', ( #5603, #2509, #2148, #1462 ) ) ;
#2015 = FACE_OUTER_BOUND ( 'NONE', #8337, .T. ) ;
#2016 = ORIENTED_EDGE ( 'NONE', *, *, #3504, .F. ) ;
#2017 = VECTOR ( 'NONE', #6855, 1000.000000000000000 ) ;
#2018 = CARTESIAN_POINT ( 'NONE',  ( -26.99999999999999645, 1.043560762610397319, -17.50000000000000000 ) ) ;
#2019 = AXIS2_PLACEMENT_3D ( 'NONE', #5452, #8875, #2460 ) ;
#2020 = ADVANCED_FACE ( 'NONE', ( #4436 ), #5295, .F. ) ;
#2021 = CARTESIAN_POINT ( 'NONE',  ( -25.72823434151561273, 104.8031044571827266, -14.33134691172346464 ) ) ;
#2022 = VERTEX_POINT ( 'NONE', #4624 ) ;
#2023 = CARTESIAN_POINT ( 'NONE',  ( 22.24999999999998579, 113.9403061905773598, -21.59999999999999787 ) ) ;
#2024 = LINE ( 'NONE', #4920, #2245 ) ;
#2025 = DIRECTION ( 'NONE',  ( 1.000000000000000000, -1.541976423090495387E-16, 0.000000000000000000 ) ) ;
#2026 = ORIENTED_EDGE ( 'NONE', *, *, #6791, .T. ) ;
#2027 = DIRECTION ( 'NONE',  ( 1.000000000000000000, 0.000000000000000000, 0.000000000000000000 ) ) ;
#2028 = DIRECTION ( 'NONE',  ( -0.3090169943749466186, 0.000000000000000000, -0.9510565162951537532 ) ) ;
#2029 = ORIENTED_EDGE ( 'NONE', *, *, #722, .T. ) ;
#2030 = CIRCLE ( 'NONE', #1292, 3.000000000000000000 ) ;
#2031 = TOROIDAL_SURFACE ( 'NONE', #3999, 9.000000000000001776, 3.000000000000000000 ) ;
#2032 = ORIENTED_EDGE ( 'NONE', *, *, #62, .T. ) ;
#2033 = DIRECTION ( 'NONE',  ( -0.000000000000000000, 0.000000000000000000, 1.000000000000000000 ) ) ;
#2034 = TOROIDAL_SURFACE ( 'NONE', #7624, 10.50000000000000000, 2.000000000000000000 ) ;
#2035 = VECTOR ( 'NONE', #3017, 1000.000000000000000 ) ;
#2036 = ORIENTED_EDGE ( 'NONE', *, *, #3740, .F. ) ;
#2037 = CARTESIAN_POINT ( 'NONE',  ( -23.99999999999999289, 11.45000000000020179, -4.499999999999771738 ) ) ;
#2038 = DIRECTION ( 'NONE',  ( 0.000000000000000000, 1.000000000000000000, 0.000000000000000000 ) ) ;
#2039 = DIRECTION ( 'NONE',  ( 0.000000000000000000, 0.000000000000000000, 1.000000000000000000 ) ) ;
#2040 = VERTEX_POINT ( 'NONE', #268 ) ;
#2041 = AXIS2_PLACEMENT_3D ( 'NONE', #6519, #4251, #5770 ) ;
#2042 = CYLINDRICAL_SURFACE ( 'NONE', #455, 0.8999999999999980238 ) ;
#2043 = ORIENTED_EDGE ( 'NONE', *, *, #2463, .T. ) ;
#2044 = AXIS2_PLACEMENT_3D ( 'NONE', #1400, #8508, #2813 ) ;
#2045 = EDGE_CURVE ( 'NONE', #237, #1980, #6091, .T. ) ;
#2046 = EDGE_CURVE ( 'NONE', #1931, #1344, #4889, .T. ) ;
#2047 = ORIENTED_EDGE ( 'NONE', *, *, #5520, .F. ) ;
#2048 = CARTESIAN_POINT ( 'NONE',  ( 14.98768373480797678, 61.94593937371147518, -22.99999999999999289 ) ) ;
#2049 = CYLINDRICAL_SURFACE ( 'NONE', #6764, 2.149999999999997247 ) ;
#2050 = AXIS2_PLACEMENT_3D ( 'NONE', #1671, #7615, #2569 ) ;
#2051 = DIRECTION ( 'NONE',  ( -1.000000000000000000, -9.912705577010326782E-17, 0.000000000000000000 ) ) ;
#2052 = CARTESIAN_POINT ( 'NONE',  ( -16.57654914134644741, 94.44000000000002615, -15.65739561406608082 ) ) ;
#2053 = ORIENTED_EDGE ( 'NONE', *, *, #1296, .F. ) ;
#2054 = DIRECTION ( 'NONE',  ( -1.000000000000000000, -1.360567432138672574E-16, 0.000000000000000000 ) ) ;
#2055 = EDGE_CURVE ( 'NONE', #1010, #5300, #317, .T. ) ;
#2056 = CARTESIAN_POINT ( 'NONE',  ( 24.11371302469601829, 106.6098381976867273, -12.46281156015086822 ) ) ;
#2057 = VECTOR ( 'NONE', #3912, 1000.000000000000000 ) ;
#2058 = FACE_BOUND ( 'NONE', #8285, .T. ) ;
#2059 = VECTOR ( 'NONE', #5292, 1000.000000000000000 ) ;
#2060 = DIRECTION ( 'NONE',  ( 0.000000000000000000, -1.000000000000000000, 0.000000000000000000 ) ) ;
#2061 = CARTESIAN_POINT ( 'NONE',  ( 1.336881039375164004, 80.80934643409020168, -15.65739561406607727 ) ) ;
#2062 = ORIENTED_EDGE ( 'NONE', *, *, #8443, .F. ) ;
#2063 = CARTESIAN_POINT ( 'NONE',  ( 26.25000000000000355, 0.000000000000000000, -23.00000000000000000 ) ) ;
#2064 = VERTEX_POINT ( 'NONE', #7369 ) ;
#2065 = CIRCLE ( 'NONE', #2971, 0.8999999999999980238 ) ;
#2066 = DIRECTION ( 'NONE',  ( -0.3090169943749482839, 0.000000000000000000, -0.9510565162951533091 ) ) ;
#2067 = ADVANCED_FACE ( 'NONE', ( #8864 ), #3167, .T. ) ;
#2068 = AXIS2_PLACEMENT_3D ( 'NONE', #5756, #7168, #1457 ) ;
#2069 = ORIENTED_EDGE ( 'NONE', *, *, #8527, .T. ) ;
#2070 = AXIS2_PLACEMENT_3D ( 'NONE', #6260, #4845, #7017 ) ;
#2071 = CARTESIAN_POINT ( 'NONE',  ( 21.54999999999997939, 118.9400000000000972, -2.000000000000001776 ) ) ;
#2072 = CARTESIAN_POINT ( 'NONE',  ( -23.69553089649234323, 107.7272519066232519, -12.59489793040271088 ) ) ;
#2073 = ORIENTED_EDGE ( 'NONE', *, *, #7872, .T. ) ;
#2074 = CARTESIAN_POINT ( 'NONE',  ( -29.90073266446730926, 3.856075336316801661, -19.54799834449177709 ) ) ;
#2075 = AXIS2_PLACEMENT_3D ( 'NONE', #2944, #8552, #5644 ) ;
#2076 = AXIS2_PLACEMENT_3D ( 'NONE', #1864, #5513, #440 ) ;
#2077 = DIRECTION ( 'NONE',  ( -1.000000000000000000, -1.734723475976807094E-15, 0.000000000000000000 ) ) ;
#2078 = DIRECTION ( 'NONE',  ( 0.5427066596637477591, 0.8399223068573764550, 0.000000000000000000 ) ) ;
#2079 = ORIENTED_EDGE ( 'NONE', *, *, #4193, .T. ) ;
#2080 = DIRECTION ( 'NONE',  ( 0.000000000000000000, -0.000000000000000000, -1.000000000000000000 ) ) ;
#2081 = DIRECTION ( 'NONE',  ( 0.000000000000000000, -0.000000000000000000, -1.000000000000000000 ) ) ;
#2082 = EDGE_LOOP ( 'NONE', ( #7736, #7704, #1110, #5577 ) ) ;
#2083 = VECTOR ( 'NONE', #1748, 1000.000000000000000 ) ;
#2084 = ADVANCED_FACE ( 'NONE', ( #7508 ), #359, .T. ) ;
#2085 = EDGE_CURVE ( 'NONE', #4764, #863, #3923, .T. ) ;
#2086 = CC_DESIGN_SECURITY_CLASSIFICATION ( #8707, ( #3602 ) ) ;
#2087 = B_SPLINE_CURVE_WITH_KNOTS ( 'NONE', 3,
 ( #390, #7750, #1301, #4173, #6132, #8985 ),
 .UNSPECIFIED., .F., .F.,
 ( 4, 2, 4 ),
 ( 0.000000000000000000, 0.001097898920171961126, 0.002195797840343922253 ),
 .UNSPECIFIED. ) ;
#2088 = VERTEX_POINT ( 'NONE', #1788 ) ;
#2089 = CARTESIAN_POINT ( 'NONE',  ( 24.00000000000002487, 12.50000000000000355, -12.50000000000000000 ) ) ;
#2090 = CIRCLE ( 'NONE', #2519, 2.000000000000000000 ) ;
#2091 = EDGE_LOOP ( 'NONE', ( #6959, #2893, #5918, #3644 ) ) ;
#2092 = CARTESIAN_POINT ( 'NONE',  ( -37.75000000000000711, 113.9403061905773598, -20.69999999999999929 ) ) ;
#2093 = CARTESIAN_POINT ( 'NONE',  ( -27.99999999999999289, 1.689189189189187479, -18.77505933142118622 ) ) ;
#2094 = DIRECTION ( 'NONE',  ( 0.4999999999999973355, 0.8660254037844400399, 0.000000000000000000 ) ) ;
#2095 = EDGE_LOOP ( 'NONE', ( #2331, #2640, #4433, #6212, #4249, #9125 ) ) ;
#2096 = UNCERTAINTY_MEASURE_WITH_UNIT (LENGTH_MEASURE( 1.000000000000000082E-05 ), #3476, 'distance_accuracy_value', 'NONE');
#2097 = ADVANCED_FACE ( 'NONE', ( #3962, #2494 ), #1096, .T. ) ;
#2098 = DIRECTION ( 'NONE',  ( -1.000000000000000000, -1.892425610156517122E-16, -0.000000000000000000 ) ) ;
#2099 = VERTEX_POINT ( 'NONE', #6144 ) ;
#2100 = DIRECTION ( 'NONE',  ( 0.3090169943749485060, 1.053076637743355143E-16, -0.9510565162951533091 ) ) ;
#2101 = AXIS2_PLACEMENT_3D ( 'NONE', #2505, #324, #5257 ) ;
#2102 = LINE ( 'NONE', #102, #7801 ) ;
#2103 = DIRECTION ( 'NONE',  ( 0.8660254037844397068, -0.4999999999999979461, 0.000000000000000000 ) ) ;
#2104 = ADVANCED_FACE ( 'NONE', ( #7553 ), #3254, .F. ) ;
#2105 = DIRECTION ( 'NONE',  ( -1.000000000000000000, -9.912705577010326782E-17, 0.000000000000000000 ) ) ;
#2106 = ORIENTED_EDGE ( 'NONE', *, *, #13, .T. ) ;
#2107 = AXIS2_PLACEMENT_3D ( 'NONE', #818, #8759, #5192 ) ;
#2108 = CYLINDRICAL_SURFACE ( 'NONE', #3015, 0.9000000000000075717 ) ;
#2109 = LINE ( 'NONE', #4998, #5670 ) ;
#2110 = CARTESIAN_POINT ( 'NONE',  ( 27.99999999999999289, 13.82287565553228958, -27.00000000000000355 ) ) ;
#2111 = EDGE_CURVE ( 'NONE', #3366, #8433, #8939, .T. ) ;
#2112 = AXIS2_PLACEMENT_3D ( 'NONE', #1677, #8840, #5181 ) ;
#2113 = EDGE_CURVE ( 'NONE', #3935, #4096, #7103, .T. ) ;
#2114 = DIRECTION ( 'NONE',  ( 0.000000000000000000, 0.000000000000000000, 1.000000000000000000 ) ) ;
#2115 = DIRECTION ( 'NONE',  ( -1.734723475976807292E-15, 1.000000000000000000, -0.000000000000000000 ) ) ;
#2116 = EDGE_LOOP ( 'NONE', ( #4963, #4508, #3663, #5 ) ) ;
#2117 = CARTESIAN_POINT ( 'NONE',  ( 6.423762078750519855, 96.44000000000002615, -15.65739561406607727 ) ) ;
#2118 = EDGE_CURVE ( 'NONE', #6033, #2230, #4402, .T. ) ;
#2119 = ORIENTED_EDGE ( 'NONE', *, *, #2695, .T. ) ;
#2120 = CARTESIAN_POINT ( 'NONE',  ( -7.381096940474732193, 57.10000000000000142, -3.000000000000002665 ) ) ;
#2121 = EDGE_LOOP ( 'NONE', ( #8314, #7108, #5884, #1770 ) ) ;
#2122 = FACE_OUTER_BOUND ( 'NONE', #5854, .T. ) ;
#2123 = ORIENTED_EDGE ( 'NONE', *, *, #2865, .T. ) ;
#2124 = CARTESIAN_POINT ( 'NONE',  ( -29.80798166694017226, 3.635295486824879685, -20.47291271479681996 ) ) ;
#2125 = LINE ( 'NONE', #5016, #7959 ) ;
#2126 = LINE ( 'NONE', #1516, #8986 ) ;
#2127 = ORIENTED_EDGE ( 'NONE', *, *, #8609, .T. ) ;
#2128 = CARTESIAN_POINT ( 'NONE',  ( 25.99999999999999645, 20.50000000000001066, -12.50000000000000000 ) ) ;
#2129 = CARTESIAN_POINT ( 'NONE',  ( -25.99999999999999645, 18.15685424949229088, -18.15685424949224469 ) ) ;
#2130 = ORIENTED_EDGE ( 'NONE', *, *, #5995, .T. ) ;
#2131 = ORIENTED_EDGE ( 'NONE', *, *, #6402, .F. ) ;
#2132 = LINE ( 'NONE', #8732, #7188 ) ;
#2133 = EDGE_CURVE ( 'NONE', #8979, #1988, #7240, .T. ) ;
#2134 = ORIENTED_EDGE ( 'NONE', *, *, #8255, .F. ) ;
#2135 = DIRECTION ( 'NONE',  ( 1.000000000000000000, 0.000000000000000000, 0.000000000000000000 ) ) ;
#2136 = DIRECTION ( 'NONE',  ( 0.000000000000000000, 0.000000000000000000, -1.000000000000000000 ) ) ;
#2137 = ORIENTED_EDGE ( 'NONE', *, *, #1085, .T. ) ;
#2138 = CARTESIAN_POINT ( 'NONE',  ( -11.58728778948666793, 3.414213562373081601, -24.91421356237309581 ) ) ;
#2139 = CARTESIAN_POINT ( 'NONE',  ( 25.00000000000000355, 4.836939253796808558, -7.500000000000007105 ) ) ;
#2140 = VERTEX_POINT ( 'NONE', #52 ) ;
#2141 = CARTESIAN_POINT ( 'NONE',  ( 23.00000000000000000, 4.828427124746202281, -25.49999999999999645 ) ) ;
#2142 = ORIENTED_EDGE ( 'NONE', *, *, #4983, .F. ) ;
#2143 = DIRECTION ( 'NONE',  ( -1.000000000000000000, -1.360567432138672574E-16, 0.000000000000000000 ) ) ;
#2144 = ADVANCED_FACE ( 'NONE', ( #7148 ), #752, .T. ) ;
#2145 = CARTESIAN_POINT ( 'NONE',  ( -23.99999999999999645, 12.50000000000000888, -12.50000000000000000 ) ) ;
#2146 = LINE ( 'NONE', #4894, #5555 ) ;
#2147 = CARTESIAN_POINT ( 'NONE',  ( -28.25000000000000000, 94.08030619057737454, -2.000000000000001776 ) ) ;
#2148 = ORIENTED_EDGE ( 'NONE', *, *, #7564, .F. ) ;
#2149 = CARTESIAN_POINT ( 'NONE',  ( 28.00000000000000000, 0.7010300192833449628, -16.62952767444233260 ) ) ;
#2150 = AXIS2_PLACEMENT_3D ( 'NONE', #8470, #199, #4147 ) ;
#2151 = LINE ( 'NONE', #9220, #2347 ) ;
#2152 = CARTESIAN_POINT ( 'NONE',  ( -5.663118960624838216, 80.80934643409020168, -15.65739561406607727 ) ) ;
#2153 = CARTESIAN_POINT ( 'NONE',  ( -17.00000000000000000, 44.61832049899870611, 0.000000000000000000 ) ) ;
#2154 = CARTESIAN_POINT ( 'NONE',  ( 17.00000000000000000, 44.61832049899870611, -25.00000000000000000 ) ) ;
#2155 = EDGE_LOOP ( 'NONE', ( #644, #8817 ) ) ;
#2156 = DIRECTION ( 'NONE',  ( 1.000000000000000000, -1.541976423090495387E-16, 0.000000000000000000 ) ) ;
#2157 = ORIENTED_EDGE ( 'NONE', *, *, #8208, .F. ) ;
#2158 = AXIS2_PLACEMENT_3D ( 'NONE', #4574, #221, #3736 ) ;
#2159 = CARTESIAN_POINT ( 'NONE',  ( 22.24999999999998579, 113.9403061905773598, -21.59999999999999787 ) ) ;
#2160 = VERTEX_POINT ( 'NONE', #5738 ) ;
#2161 = EDGE_CURVE ( 'NONE', #9212, #4305, #4278, .T. ) ;
#2162 = EDGE_CURVE ( 'NONE', #2997, #7290, #5498, .T. ) ;
#2163 = DIRECTION ( 'NONE',  ( 1.000000000000000000, -2.312964634635743450E-15, 0.000000000000000000 ) ) ;
#2164 = DIRECTION ( 'NONE',  ( -1.000000000000000000, 0.000000000000000000, 0.000000000000000000 ) ) ;
#2165 = VECTOR ( 'NONE', #2853, 1000.000000000000000 ) ;
#2166 = CARTESIAN_POINT ( 'NONE',  ( -29.84732257083447138, 3.710523538427521029, -19.60682239485648992 ) ) ;
#2167 = LINE ( 'NONE', #7229, #2195 ) ;
#2168 = CARTESIAN_POINT ( 'NONE',  ( -24.46670751131398447, 4.295208817813726654, -7.357145376824981042 ) ) ;
#2169 = VERTEX_POINT ( 'NONE', #2037 ) ;
#2170 = DIRECTION ( 'NONE',  ( 0.000000000000000000, -1.000000000000000000, 0.000000000000000000 ) ) ;
#2171 = CARTESIAN_POINT ( 'NONE',  ( 27.99999999999998934, 2.500000000000002220, -21.78708781050336896 ) ) ;
#2172 = ORIENTED_EDGE ( 'NONE', *, *, #4460, .F. ) ;
#2173 = VECTOR ( 'NONE', #4108, 1000.000000000000000 ) ;
#2174 = VECTOR ( 'NONE', #3862, 1000.000000000000000 ) ;
#2175 = EDGE_CURVE ( 'NONE', #3654, #5264, #4220, .T. ) ;
#2176 = ORIENTED_EDGE ( 'NONE', *, *, #1541, .T. ) ;
#2177 = DIRECTION ( 'NONE',  ( 0.8660254037844397068, -0.4999999999999979461, 0.000000000000000000 ) ) ;
#2178 = ORIENTED_EDGE ( 'NONE', *, *, #8158, .T. ) ;
#2179 = AXIS2_PLACEMENT_3D ( 'NONE', #2071, #4966, #4246 ) ;
#2180 = DIRECTION ( 'NONE',  ( 0.000000000000000000, 0.000000000000000000, 1.000000000000000000 ) ) ;
#2181 = CARTESIAN_POINT ( 'NONE',  ( 21.49999999999998934, 52.41254913305866836, 0.000000000000000000 ) ) ;
#2183 = ORIENTED_EDGE ( 'NONE', *, *, #6762, .F. ) ;
#2182 = VECTOR ( 'NONE', #5019, 1000.000000000000227 ) ;
#2184 = DIRECTION ( 'NONE',  ( -1.000000000000000000, -9.912705577010326782E-17, 0.000000000000000000 ) ) ;
#2185 = CARTESIAN_POINT ( 'NONE',  ( 23.00000000000000000, 2.499999999999974243, -128.1790850899541852 ) ) ;
#2186 = VERTEX_POINT ( 'NONE', #7280 ) ;
#2187 = CARTESIAN_POINT ( 'NONE',  ( -12.08688103937556590, 104.4400000000000261, -11.54289884801876198 ) ) ;
#2188 = EDGE_CURVE ( 'NONE', #1685, #4077, #4578, .T. ) ;
#2189 = CIRCLE ( 'NONE', #8657, 1.050000000000000488 ) ;
#2190 = VERTEX_POINT ( 'NONE', #702 ) ;
#2191 = VECTOR ( 'NONE', #4486, 1000.000000000000000 ) ;
#2192 = DIRECTION ( 'NONE',  ( 1.000000000000000000, 9.912705577010326782E-17, -0.000000000000000000 ) ) ;
#2193 = DIRECTION ( 'NONE',  ( 1.000000000000000000, -1.541976423090495387E-16, 0.000000000000000000 ) ) ;
#2194 = CARTESIAN_POINT ( 'NONE',  ( -37.75000000000000711, 113.9403061905773740, -8.500000000000005329 ) ) ;
#2195 = VECTOR ( 'NONE', #5110, 1000.000000000000000 ) ;
#2196 = AXIS2_PLACEMENT_3D ( 'NONE', #2859, #5748, #3658 ) ;
#2197 = FACE_OUTER_BOUND ( 'NONE', #1718, .T. ) ;
#2198 = VERTEX_POINT ( 'NONE', #4931 ) ;
#2199 = CARTESIAN_POINT ( 'NONE',  ( 27.51677145086357612, 0.9860485375652030537, -17.36643495396209858 ) ) ;
#2200 = EDGE_CURVE ( 'NONE', #4978, #8420, #1571, .T. ) ;
#2201 = EDGE_CURVE ( 'NONE', #1284, #3306, #1526, .T. ) ;
#2202 = AXIS2_PLACEMENT_3D ( 'NONE', #2646, #598, #6335 ) ;
#2203 = DIRECTION ( 'NONE',  ( -1.000000000000000000, -9.912705577010326782E-17, 0.000000000000000000 ) ) ;
#2204 = CARTESIAN_POINT ( 'NONE',  ( -21.49999999999998934, 52.41254913305866836, 0.000000000000000000 ) ) ;
#2205 = DIRECTION ( 'NONE',  ( -0.000000000000000000, -1.000000000000000000, -0.000000000000000000 ) ) ;
#2206 = ORIENTED_EDGE ( 'NONE', *, *, #3867, .F. ) ;
#2207 = LINE ( 'NONE', #7828, #9279 ) ;
#2208 = EDGE_LOOP ( 'NONE', ( #8491, #5691, #1805, #3521 ) ) ;
#2209 = CARTESIAN_POINT ( 'NONE',  ( -23.55000000000000782, 108.9309918853871579, -2.000000000000000000 ) ) ;
#2210 = EDGE_LOOP ( 'NONE', ( #3106, #819, #2391, #1709 ) ) ;
#2211 = AXIS2_PLACEMENT_3D ( 'NONE', #4062, #3305, #4858 ) ;
#2212 = DIRECTION ( 'NONE',  ( 1.000000000000000000, 0.000000000000000000, 0.000000000000000000 ) ) ;
#2213 = CARTESIAN_POINT ( 'NONE',  ( -0.8027535677997583718, 104.4400000000000261, -59.44210861082032693 ) ) ;
#2214 = CIRCLE ( 'NONE', #9291, 9.000000000000001776 ) ;
#2215 = FACE_OUTER_BOUND ( 'NONE', #8065, .T. ) ;
#2216 = CARTESIAN_POINT ( 'NONE',  ( 29.99999999999999645, 20.50000000000001066, -12.50000000000000000 ) ) ;
#2217 = EDGE_CURVE ( 'NONE', #8667, #7032, #7802, .T. ) ;
#2219 = VERTEX_POINT ( 'NONE', #4 ) ;
#2218 = VECTOR ( 'NONE', #7718, 1000.000000000000114 ) ;
#2220 = ADVANCED_FACE ( 'NONE', ( #4359 ), #3984, .T. ) ;
#2221 = CIRCLE ( 'NONE', #294, 5.999999999999998224 ) ;
#2222 = CARTESIAN_POINT ( 'NONE',  ( 24.57956382589527067, 4.392584220994649513, -7.414360154873073760 ) ) ;
#2223 = DIRECTION ( 'NONE',  ( 0.000000000000000000, -1.000000000000000000, 0.000000000000000000 ) ) ;
#2224 = VERTEX_POINT ( 'NONE', #2181 ) ;
#2225 = ORIENTED_EDGE ( 'NONE', *, *, #5152, .F. ) ;
#2226 = AXIS2_PLACEMENT_3D ( 'NONE', #3659, #766, #4271 ) ;
#2227 = EDGE_LOOP ( 'NONE', ( #7245, #8218, #89, #4693 ) ) ;
#2228 = CARTESIAN_POINT ( 'NONE',  ( -24.34713887602920579, 4.057397047076324981, -17.50000000000000000 ) ) ;
#2229 = VECTOR ( 'NONE', #8178, 1000.000000000000000 ) ;
#2230 = VERTEX_POINT ( 'NONE', #5077 ) ;
#2231 = VECTOR ( 'NONE', #6660, 1000.000000000000000 ) ;
#2232 = CARTESIAN_POINT ( 'NONE',  ( 25.99999999999999645, 12.49999999999987388, -20.49999999999977618 ) ) ;
#2233 = DIRECTION ( 'NONE',  ( -1.000000000000000000, -1.360567432138672574E-16, 0.000000000000000000 ) ) ;
#2234 = ADVANCED_FACE ( 'NONE', ( #7936 ), #91, .F. ) ;
#2235 = ORIENTED_EDGE ( 'NONE', *, *, #2670, .F. ) ;
#2236 = EDGE_CURVE ( 'NONE', #6601, #2528, #7982, .T. ) ;
#2237 = CARTESIAN_POINT ( 'NONE',  ( -23.99999999999999645, 12.50000000000001066, -18.50000000000000355 ) ) ;
#2238 = DIRECTION ( 'NONE',  ( 0.8660254037844400399, -0.4999999999999977796, 0.000000000000000000 ) ) ;
#2239 = ORIENTED_EDGE ( 'NONE', *, *, #5468, .F. ) ;
#2240 = ORGANIZATION ( '未指定', '未指定', '' ) ;
#2241 = CARTESIAN_POINT ( 'NONE',  ( 24.30734382914755187, 4.190483034696380393, -17.77542964602783115 ) ) ;
#2242 = ADVANCED_FACE ( 'NONE', ( #6577 ), #6062, .F. ) ;
#2243 = CIRCLE ( 'NONE', #1050, 2.149999999999999023 ) ;
#2244 = ORIENTED_EDGE ( 'NONE', *, *, #5845, .T. ) ;
#2245 = VECTOR ( 'NONE', #4727, 1000.000000000000000 ) ;
#2246 = CARTESIAN_POINT ( 'NONE',  ( -37.75000000000000711, 106.9403061905773740, -15.49999999999999822 ) ) ;
#2247 = LINE ( 'NONE', #7068, #8994 ) ;
#2248 = APPROVAL_ROLE ( '' ) ;
#2249 = CARTESIAN_POINT ( 'NONE',  ( 17.98768373480796612, 67.14209179641811431, -128.1790850899541852 ) ) ;
#2250 = ORIENTED_EDGE ( 'NONE', *, *, #2745, .T. ) ;
#2251 = CARTESIAN_POINT ( 'NONE',  ( -9.987683734807962566, 67.14209179641811431, -8.673617379884035472E-16 ) ) ;
#2252 = CIRCLE ( 'NONE', #2705, 0.8999999999999998002 ) ;
#2253 = DIRECTION ( 'NONE',  ( 1.000000000000000000, 0.000000000000000000, 0.000000000000000000 ) ) ;
#2254 = LINE ( 'NONE', #303, #9000 ) ;
#2255 = EDGE_CURVE ( 'NONE', #4831, #6914, #9085, .T. ) ;
#2256 = CARTESIAN_POINT ( 'NONE',  ( 29.84342494624761954, 3.246359015077592503, -19.00143260737338124 ) ) ;
#2258 = VERTEX_POINT ( 'NONE', #3791 ) ;
#2257 = AXIS2_PLACEMENT_3D ( 'NONE', #8616, #4426, #5055 ) ;
#2259 = DIRECTION ( 'NONE',  ( 0.000000000000000000, 1.000000000000000000, 0.000000000000000000 ) ) ;
#2260 = ORIENTED_EDGE ( 'NONE', *, *, #3519, .F. ) ;
#2261 = CYLINDRICAL_SURFACE ( 'NONE', #2257, 2.150000000000000799 ) ;
#2262 = VERTEX_POINT ( 'NONE', #2370 ) ;
#2263 = FACE_OUTER_BOUND ( 'NONE', #8504, .T. ) ;
#2264 = DIRECTION ( 'NONE',  ( 0.000000000000000000, -1.000000000000000000, 0.000000000000000000 ) ) ;
#2265 = ADVANCED_FACE ( 'NONE', ( #230 ), #6672, .F. ) ;
#2266 = CARTESIAN_POINT ( 'NONE',  ( -21.55000000000001137, 108.9309918853871579, -25.00000000000000000 ) ) ;
#2267 = CYLINDRICAL_SURFACE ( 'NONE', #7793, 1.050000000000000488 ) ;
#2268 = ORIENTED_EDGE ( 'NONE', *, *, #3327, .F. ) ;
#2269 = DIRECTION ( 'NONE',  ( 0.000000000000000000, 0.000000000000000000, -1.000000000000000000 ) ) ;
#2270 = CARTESIAN_POINT ( 'NONE',  ( 28.67113525429952503, 2.608501017216919848, -21.66963071361372428 ) ) ;
#2271 = VERTEX_POINT ( 'NONE', #3076 ) ;
#2272 = AXIS2_PLACEMENT_3D ( 'NONE', #368, #8260, #5344 ) ;
#2273 = ORIENTED_EDGE ( 'NONE', *, *, #69, .T. ) ;
#2274 = ORIENTED_EDGE ( 'NONE', *, *, #1968, .T. ) ;
#2275 = CARTESIAN_POINT ( 'NONE',  ( -20.25000000000000355, 96.44000000000004036, -23.00000000000000000 ) ) ;
#2276 = CARTESIAN_POINT ( 'NONE',  ( 24.98916204744622860, 105.4148956978321934, -16.13137174116648254 ) ) ;
#2277 = CARTESIAN_POINT ( 'NONE',  ( -23.55000000000002203, 115.5720230777854312, -22.99999999999999645 ) ) ;
#2278 = EDGE_LOOP ( 'NONE', ( #7380, #9186 ) ) ;
#2279 = DIRECTION ( 'NONE',  ( 0.9510565162951540863, 0.000000000000000000, -0.3090169943749457304 ) ) ;
#2280 = DIRECTION ( 'NONE',  ( -0.000000000000000000, 0.000000000000000000, -1.000000000000000000 ) ) ;
#2281 = ORIENTED_EDGE ( 'NONE', *, *, #3097, .F. ) ;
#2282 = DESIGN_CONTEXT ( 'detailed design', #257, 'design' ) ;
#2283 = ORIENTED_EDGE ( 'NONE', *, *, #7792, .F. ) ;
#2284 = ADVANCED_FACE ( 'NONE', ( #1021 ), #369, .T. ) ;
#2285 = ADVANCED_FACE ( 'NONE', ( #3128 ), #8778, .F. ) ;
#2286 = CARTESIAN_POINT ( 'NONE',  ( 23.54999999999998295, 116.0903061905773939, -7.599999999999997868 ) ) ;
#2287 = ORIENTED_EDGE ( 'NONE', *, *, #3009, .F. ) ;
#2288 = EDGE_CURVE ( 'NONE', #5753, #6109, #695, .T. ) ;
#2289 = PERSON_AND_ORGANIZATION ( #8923, #2240 ) ;
#2290 = CARTESIAN_POINT ( 'NONE',  ( -30.00000000000000355, 53.27857453684310940, -128.1790850899541852 ) ) ;
#2291 = ORIENTED_EDGE ( 'NONE', *, *, #2201, .F. ) ;
#2292 = DIRECTION ( 'NONE',  ( 0.000000000000000000, 0.000000000000000000, -1.000000000000000000 ) ) ;
#2293 = EDGE_CURVE ( 'NONE', #3459, #3168, #3628, .T. ) ;
#2294 = LINE ( 'NONE', #7347, #9112 ) ;
#2295 = FACE_OUTER_BOUND ( 'NONE', #1517, .T. ) ;
#2296 = FACE_OUTER_BOUND ( 'NONE', #5720, .T. ) ;
#2297 = CARTESIAN_POINT ( 'NONE',  ( -5.663118960624838216, 104.4400000000000261, -15.65739561406607727 ) ) ;
#2298 = VERTEX_POINT ( 'NONE', #7329 ) ;
#2299 = FACE_OUTER_BOUND ( 'NONE', #7174, .T. ) ;
#2300 = ORIENTED_EDGE ( 'NONE', *, *, #6779, .F. ) ;
#2301 = CARTESIAN_POINT ( 'NONE',  ( -2.003094741985453220E-13, 104.4400000000000261, -19.77189238011338546 ) ) ;
#2302 = ORIENTED_EDGE ( 'NONE', *, *, #1573, .F. ) ;
#2303 = EDGE_CURVE ( 'NONE', #3605, #4284, #6397, .T. ) ;
#2304 = DIRECTION ( 'NONE',  ( 1.613696256722611948E-15, -1.000000000000000000, 0.000000000000000000 ) ) ;
#2305 = CARTESIAN_POINT ( 'NONE',  ( 10.27340178588798913, 58.89422863405996367, -25.00000000000000000 ) ) ;
#2306 = VECTOR ( 'NONE', #3700, 1000.000000000000000 ) ;
#2307 = LINE ( 'NONE', #8902, #2191 ) ;
#2308 = LINE ( 'NONE', #3822, #7346 ) ;
#2309 = DIRECTION ( 'NONE',  ( 0.3090169943749457304, 0.000000000000000000, 0.9510565162951540863 ) ) ;
#2310 = ORIENTED_EDGE ( 'NONE', *, *, #7118, .F. ) ;
#2311 = CARTESIAN_POINT ( 'NONE',  ( 22.54999999999997229, 118.9400000000000972, -24.73205080756887853 ) ) ;
#2312 = CARTESIAN_POINT ( 'NONE',  ( 27.99999999999999289, 13.82287565553228958, -27.00000000000000355 ) ) ;
#2313 = VERTEX_POINT ( 'NONE', #4586 ) ;
#2314 = ORIENTED_EDGE ( 'NONE', *, *, #6737, .T. ) ;
#2315 = ADVANCED_FACE ( 'NONE', ( #8213 ), #842, .F. ) ;
#2316 = CARTESIAN_POINT ( 'NONE',  ( 20.25000000000000000, 118.9400000000000261, 0.000000000000000000 ) ) ;
#2317 = EDGE_CURVE ( 'NONE', #2022, #2854, #3218, .T. ) ;
#2318 = AXIS2_PLACEMENT_3D ( 'NONE', #2129, #7273, #2223 ) ;
#2319 = ORIENTED_EDGE ( 'NONE', *, *, #8763, .F. ) ;
#2320 = CARTESIAN_POINT ( 'NONE',  ( -24.99999999999999645, 4.836939253778027137, -17.50000000000000000 ) ) ;
#2321 = FACE_OUTER_BOUND ( 'NONE', #2896, .T. ) ;
#2322 = DIRECTION ( 'NONE',  ( -0.000000000000000000, -1.107270303814984526E-16, 1.000000000000000000 ) ) ;
#2323 = FACE_OUTER_BOUND ( 'NONE', #5646, .T. ) ;
#2324 = DIRECTION ( 'NONE',  ( 0.000000000000000000, 0.000000000000000000, -1.000000000000000000 ) ) ;
#2325 = ORIENTED_EDGE ( 'NONE', *, *, #4317, .F. ) ;
#2326 = CARTESIAN_POINT ( 'NONE',  ( 23.54999999999999361, 108.9309918853872148, -13.78779899995169522 ) ) ;
#2327 = CARTESIAN_POINT ( 'NONE',  ( -23.99999999999999645, 12.50000000000000888, -18.50000000000000355 ) ) ;
#2328 = ORIENTED_EDGE ( 'NONE', *, *, #6069, .F. ) ;
#2329 = AXIS2_PLACEMENT_3D ( 'NONE', #4637, #8072, #1617 ) ;
#2330 = CIRCLE ( 'NONE', #8653, 1.000000000000000888 ) ;
#2331 = ORIENTED_EDGE ( 'NONE', *, *, #4953, .F. ) ;
#2332 = DIRECTION ( 'NONE',  ( 1.000000000000000000, 0.000000000000000000, 0.000000000000000000 ) ) ;
#2333 = EDGE_LOOP ( 'NONE', ( #5414, #8767, #7659, #6073 ) ) ;
#2334 = APPROVAL_STATUS ( 'not_yet_approved' ) ;
#2335 = CARTESIAN_POINT ( 'NONE',  ( 29.98802109973115293, 4.079728675134227878, -19.18901748276880426 ) ) ;
#2336 = EDGE_CURVE ( 'NONE', #769, #5005, #7598, .T. ) ;
#2337 = EDGE_CURVE ( 'NONE', #383, #937, #885, .T. ) ;
#2338 = DIRECTION ( 'NONE',  ( -0.000000000000000000, -0.000000000000000000, -1.000000000000000000 ) ) ;
#2339 = ORIENTED_EDGE ( 'NONE', *, *, #5641, .F. ) ;
#2340 = AXIS2_PLACEMENT_3D ( 'NONE', #868, #3727, #8528 ) ;
#2341 = VECTOR ( 'NONE', #6705, 1000.000000000000000 ) ;
#2342 = CARTESIAN_POINT ( 'NONE',  ( 29.76960675538832390, 3.553439682145651979, -25.05343968214564043 ) ) ;
#2343 = ORIENTED_EDGE ( 'NONE', *, *, #5180, .F. ) ;
#2344 = VERTEX_POINT ( 'NONE', #187 ) ;
#2345 = LINE ( 'NONE', #5317, #9262 ) ;
#2346 = DIRECTION ( 'NONE',  ( 0.000000000000000000, 0.000000000000000000, 1.000000000000000000 ) ) ;
#2347 = VECTOR ( 'NONE', #8608, 1000.000000000000000 ) ;
#2348 = CARTESIAN_POINT ( 'NONE',  ( 22.24999999999998579, 113.9403061905773740, -7.599999999999997868 ) ) ;
#2349 = DIRECTION ( 'NONE',  ( -9.912705577010326782E-17, 1.000000000000000000, 0.000000000000000000 ) ) ;
#2350 = ORIENTED_EDGE ( 'NONE', *, *, #8909, .T. ) ;
#2351 = ADVANCED_FACE ( 'NONE', ( #3031 ), #9056, .F. ) ;
#2352 = DIRECTION ( 'NONE',  ( 0.000000000000000000, 1.000000000000000000, 0.000000000000000000 ) ) ;
#2353 = ORIENTED_EDGE ( 'NONE', *, *, #1479, .F. ) ;
#2354 = CARTESIAN_POINT ( 'NONE',  ( -9.524690479923696884, 65.10000000000000853, -2.000000000000001776 ) ) ;
#2355 = CIRCLE ( 'NONE', #7629, 2.999999999999999112 ) ;
#2356 = CARTESIAN_POINT ( 'NONE',  ( -5.773401785888006899, 57.10000000000000142, -2.999999999999999112 ) ) ;
#2357 = DIRECTION ( 'NONE',  ( -0.000000000000000000, -2.029344161882401514E-31, 1.000000000000000000 ) ) ;
#2358 = AXIS2_PLACEMENT_3D ( 'NONE', #8478, #6373, #7040 ) ;
#2359 = DIRECTION ( 'NONE',  ( 1.000000000000000000, 9.912705577010326782E-17, -0.000000000000000000 ) ) ;
#2360 = CARTESIAN_POINT ( 'NONE',  ( 23.54999999999999716, 106.9403061905773740, -14.59999999999999787 ) ) ;
#2361 = CARTESIAN_POINT ( 'NONE',  ( 26.90714285714285836, 104.2085962636542007, -2.000000000000000000 ) ) ;
#2362 = ORIENTED_EDGE ( 'NONE', *, *, #545, .F. ) ;
#2363 = CIRCLE ( 'NONE', #5388, 6.000000000000001776 ) ;
#2364 = ORIENTED_EDGE ( 'NONE', *, *, #8847, .F. ) ;
#2365 = CIRCLE ( 'NONE', #6892, 6.000000000000000000 ) ;
#2366 = ORIENTED_EDGE ( 'NONE', *, *, #7405, .T. ) ;
#2367 = DIRECTION ( 'NONE',  ( 0.000000000000000000, 0.000000000000000000, 1.000000000000000000 ) ) ;
#2368 = DIRECTION ( 'NONE',  ( -0.3090169943749482839, 0.000000000000000000, 0.9510565162951533091 ) ) ;
#2369 = CARTESIAN_POINT ( 'NONE',  ( 24.87906706703270032, 1.265187046592039843, -7.500000000000005329 ) ) ;
#2370 = CARTESIAN_POINT ( 'NONE',  ( 20.25000000000000000, 118.9399999999999835, -4.500000000000000000 ) ) ;
#2371 = ORIENTED_EDGE ( 'NONE', *, *, #8388, .F. ) ;
#2372 = EDGE_CURVE ( 'NONE', #1481, #5300, #8796, .T. ) ;
#2373 = DIRECTION ( 'NONE',  ( 0.000000000000000000, 0.000000000000000000, -1.000000000000000000 ) ) ;
#2374 = ADVANCED_FACE ( 'NONE', ( #6287 ), #6954, .T. ) ;
#2375 = CARTESIAN_POINT ( 'NONE',  ( -23.64218030817207961, 107.9675401894567983, -16.49330726776240041 ) ) ;
#2376 = ORIENTED_EDGE ( 'NONE', *, *, #385, .F. ) ;
#2377 = DIRECTION ( 'NONE',  ( 0.8090169943749480064, 0.000000000000000000, 0.5877852522924722489 ) ) ;
#2378 = B_SPLINE_CURVE_WITH_KNOTS ( 'NONE', 3,
 ( #4777, #7651, #6952, #512 ),
 .UNSPECIFIED., .F., .F.,
 ( 4, 4 ),
 ( 0.002195797840343922253, 0.003519858824998056690 ),
 .UNSPECIFIED. ) ;
#2379 = VECTOR ( 'NONE', #1920, 1000.000000000000000 ) ;
#2380 = VERTEX_POINT ( 'NONE', #4072 ) ;
#2381 = DIRECTION ( 'NONE',  ( -1.000000000000000000, -9.912705577010326782E-17, 0.000000000000000000 ) ) ;
#2382 = AXIS2_PLACEMENT_3D ( 'NONE', #6540, #5651, #664 ) ;
#2383 = VERTEX_POINT ( 'NONE', #1106 ) ;
#2384 = AXIS2_PLACEMENT_3D ( 'NONE', #714, #767, #3425 ) ;
#2385 = ADVANCED_FACE ( 'NONE', ( #7562 ), #4779, .T. ) ;
#2386 = CARTESIAN_POINT ( 'NONE',  ( 29.60820733269349603, 2.716005880352819091, -18.90940665221061678 ) ) ;
#2387 = CYLINDRICAL_SURFACE ( 'NONE', #739, 2.000000000000000000 ) ;
#2388 = ORIENTED_EDGE ( 'NONE', *, *, #1501, .F. ) ;
#2389 = AXIS2_PLACEMENT_3D ( 'NONE', #425, #977, #2513 ) ;
#2390 = CARTESIAN_POINT ( 'NONE',  ( -23.99999999999999289, 18.15685424949253246, -6.843145750507550140 ) ) ;
#2391 = ORIENTED_EDGE ( 'NONE', *, *, #8847, .T. ) ;
#2392 = EDGE_CURVE ( 'NONE', #9027, #1980, #3536, .T. ) ;
#2393 = CARTESIAN_POINT ( 'NONE',  ( 25.74737230856521819, 104.7903061905773683, -14.60000000000000142 ) ) ;
#2394 = CARTESIAN_POINT ( 'NONE',  ( -25.99999999999999645, 14.65000000000022240, -4.499999999999771738 ) ) ;
#2395 = DIRECTION ( 'NONE',  ( -0.8660254037844397068, 0.4999999999999979461, -0.000000000000000000 ) ) ;
#2396 = DIRECTION ( 'NONE',  ( 0.5877852522924734702, 0.000000000000000000, 0.8090169943749472292 ) ) ;
#2397 = DIRECTION ( 'NONE',  ( -0.4999999999999987232, -0.8660254037844393737, 0.000000000000000000 ) ) ;
#2398 = ORIENTED_EDGE ( 'NONE', *, *, #306, .T. ) ;
#2399 = CARTESIAN_POINT ( 'NONE',  ( -27.00000000000000000, 12.50000000000000888, -8.500000000000000000 ) ) ;
#2400 = EDGE_CURVE ( 'NONE', #349, #5160, #8193, .T. ) ;
#2401 = DIRECTION ( 'NONE',  ( 0.5427066596637477591, -0.8399223068573764550, -0.000000000000000000 ) ) ;
#2402 = EDGE_CURVE ( 'NONE', #6432, #5237, #7302, .T. ) ;
#2403 = CARTESIAN_POINT ( 'NONE',  ( 26.00000000000000000, 12.50000000000000355, -25.49999999999999645 ) ) ;
#2404 = AXIS2_PLACEMENT_3D ( 'NONE', #5211, #1701, #6103 ) ;
#2405 = ADVANCED_FACE ( 'NONE', ( #8962 ), #4867, .F. ) ;
#2406 = FACE_OUTER_BOUND ( 'NONE', #7980, .T. ) ;
#2407 = DIRECTION ( 'NONE',  ( 0.000000000000000000, 0.000000000000000000, 1.000000000000000000 ) ) ;
#2408 = DIRECTION ( 'NONE',  ( 1.000000000000000000, -1.734723475976807094E-15, 0.000000000000000000 ) ) ;
#2409 = PLANE ( 'NONE',  #9242 ) ;
#2410 = EDGE_LOOP ( 'NONE', ( #5081, #7426, #4298, #5764, #4170 ) ) ;
#2411 = CARTESIAN_POINT ( 'NONE',  ( 24.12127701492602228, 4.124596381120140265, -18.01650853860156687 ) ) ;
#2412 = ORIENTED_EDGE ( 'NONE', *, *, #426, .T. ) ;
#2413 = AXIS2_PLACEMENT_3D ( 'NONE', #34, #2880, #116 ) ;
#2414 = ORIENTED_EDGE ( 'NONE', *, *, #2470, .T. ) ;
#2415 = CARTESIAN_POINT ( 'NONE',  ( 16.57654914134644741, 94.44000000000002615, -23.00000000000000000 ) ) ;
#2416 = EDGE_CURVE ( 'NONE', #817, #5277, #4379, .T. ) ;
#2417 = FACE_OUTER_BOUND ( 'NONE', #5897, .T. ) ;
#2418 = LINE ( 'NONE', #5399, #2860 ) ;
#2419 = CARTESIAN_POINT ( 'NONE',  ( 5.773401785888007787, 60.10000000000000853, -22.00000000000000355 ) ) ;
#2420 = CIRCLE ( 'NONE', #4836, 1.049999999999998934 ) ;
#2421 = EDGE_LOOP ( 'NONE', ( #6257, #8232, #876, #8605 ) ) ;
#2422 = LINE ( 'NONE', #5307, #3387 ) ;
#2423 = DIRECTION ( 'NONE',  ( 0.000000000000000000, 1.000000000000000000, 0.000000000000000000 ) ) ;
#2424 = ORIENTED_EDGE ( 'NONE', *, *, #5348, .T. ) ;
#2425 = ORIENTED_EDGE ( 'NONE', *, *, #4758, .T. ) ;
#2426 = CARTESIAN_POINT ( 'NONE',  ( -16.57654914134644386, 96.44000000000002615, -14.80483366072971307 ) ) ;
#2427 = EDGE_CURVE ( 'NONE', #5782, #7360, #3974, .T. ) ;
#2428 = EDGE_LOOP ( 'NONE', ( #5599, #4103, #7640, #3409 ) ) ;
#2429 = DIRECTION ( 'NONE',  ( -0.000000000000000000, 1.000000000000000000, -0.000000000000000000 ) ) ;
#2430 = LINE ( 'NONE', #3190, #4789 ) ;
#2431 = ORIENTED_EDGE ( 'NONE', *, *, #7300, .F. ) ;
#2432 = VERTEX_POINT ( 'NONE', #604 ) ;
#2433 = EDGE_CURVE ( 'NONE', #2344, #7731, #3234, .T. ) ;
#2434 = LINE ( 'NONE', #8842, #4303 ) ;
#2435 = CARTESIAN_POINT ( 'NONE',  ( -28.25000000000000000, 94.08030619057737454, -22.99999999999999289 ) ) ;
#2436 = CARTESIAN_POINT ( 'NONE',  ( 14.98768373480796612, 61.94593937371147518, -23.00000000000000000 ) ) ;
#2437 = DIRECTION ( 'NONE',  ( -0.8090169943749472292, -6.508371548838544909E-17, 0.5877852522924734702 ) ) ;
#2438 = CARTESIAN_POINT ( 'NONE',  ( 23.00000000000000000, 44.61832049899870611, -3.000000000000002665 ) ) ;
#2439 = EDGE_LOOP ( 'NONE', ( #2268, #117, #9006, #6781 ) ) ;
#2440 = CARTESIAN_POINT ( 'NONE',  ( -28.00000000000000000, 12.50000000000000888, -12.50000000000000000 ) ) ;
#2441 = LINE ( 'NONE', #6656, #709 ) ;
#2442 = DIRECTION ( 'NONE',  ( -1.000000000000000000, -9.912705577010326782E-17, 0.000000000000000000 ) ) ;
#2443 = CARTESIAN_POINT ( 'NONE',  ( -13.98768373480797678, 60.21388856614259311, 0.000000000000000000 ) ) ;
#2444 = PLANE ( 'NONE',  #3298 ) ;
#2445 = CARTESIAN_POINT ( 'NONE',  ( 28.55000000000000071, 108.9309918853872290, -23.00000000000000000 ) ) ;
#2446 = FACE_OUTER_BOUND ( 'NONE', #4495, .T. ) ;
#2447 = VERTEX_POINT ( 'NONE', #6105 ) ;
#2448 = ADVANCED_FACE ( 'NONE', ( #4825 ), #7700, .F. ) ;
#2449 = PLANE ( 'NONE',  #7061 ) ;
#2450 = ADVANCED_FACE ( 'NONE', ( #3403 ), #7044, .F. ) ;
#2451 = ORIENTED_EDGE ( 'NONE', *, *, #1596, .T. ) ;
#2452 = EDGE_LOOP ( 'NONE', ( #6607, #5311, #5150, #4157 ) ) ;
#2453 = CARTESIAN_POINT ( 'NONE',  ( 0.000000000000000000, 83.52616047165487601, -22.99999999999999289 ) ) ;
#2454 = DIRECTION ( 'NONE',  ( 1.000000000000000000, -1.541976423090495387E-16, -0.000000000000000000 ) ) ;
#2455 = CIRCLE ( 'NONE', #5326, 2.000000000000000000 ) ;
#2456 = FACE_OUTER_BOUND ( 'NONE', #3760, .T. ) ;
#2457 = DIRECTION ( 'NONE',  ( 1.000000000000000000, 0.000000000000000000, 0.000000000000000000 ) ) ;
#2458 = CARTESIAN_POINT ( 'NONE',  ( -23.53940693477582613, 112.5251286639408903, -23.22584019171940284 ) ) ;
#2459 = ORIENTED_EDGE ( 'NONE', *, *, #8035, .T. ) ;
#2460 = DIRECTION ( 'NONE',  ( 1.000000000000000000, -7.709882115452474222E-16, 0.000000000000000000 ) ) ;
#2461 = DIRECTION ( 'NONE',  ( 0.000000000000000000, 0.000000000000000000, 1.000000000000000000 ) ) ;
#2462 = ORIENTED_EDGE ( 'NONE', *, *, #6120, .F. ) ;
#2463 = EDGE_CURVE ( 'NONE', #648, #6530, #3266, .T. ) ;
#2464 = CIRCLE ( 'NONE', #7438, 2.149999999999999023 ) ;
#2465 = ORIENTED_EDGE ( 'NONE', *, *, #7431, .F. ) ;
#2466 = DIRECTION ( 'NONE',  ( 0.3090169943749482839, 1.053076637743355143E-16, -0.9510565162951533091 ) ) ;
#2467 = ORIENTED_EDGE ( 'NONE', *, *, #1757, .T. ) ;
#2468 = VECTOR ( 'NONE', #6005, 1000.000000000000000 ) ;
#2469 = CARTESIAN_POINT ( 'NONE',  ( 29.99999999999999289, 4.500000000000000888, -19.30073525436772641 ) ) ;
#2470 = EDGE_CURVE ( 'NONE', #8332, #6926, #5450, .T. ) ;
#2471 = DIRECTION ( 'NONE',  ( -1.000000000000000000, 0.000000000000000000, 0.000000000000000000 ) ) ;
#2472 = VERTEX_POINT ( 'NONE', #7607 ) ;
#2473 = CIRCLE ( 'NONE', #1871, 1.999999999999998224 ) ;
#2474 = ORIENTED_EDGE ( 'NONE', *, *, #1816, .T. ) ;
#2475 = VECTOR ( 'NONE', #7892, 1000.000000000000000 ) ;
#2476 = CARTESIAN_POINT ( 'NONE',  ( 28.07029951316432559, 48.61918494047679928, -22.00000000000000355 ) ) ;
#2477 = CARTESIAN_POINT ( 'NONE',  ( -26.25000000000000355, 94.67022964293305165, -25.00000000000000000 ) ) ;
#2478 = FACE_BOUND ( 'NONE', #4988, .T. ) ;
#2479 = CIRCLE ( 'NONE', #5212, 0.9000000000000075717 ) ;
#2480 = DIRECTION ( 'NONE',  ( 0.000000000000000000, -1.000000000000000000, 0.000000000000000000 ) ) ;
#2481 = CIRCLE ( 'NONE', #5510, 2.000000000000001776 ) ;
#2482 = EDGE_CURVE ( 'NONE', #5464, #3826, #5352, .T. ) ;
#2483 = CARTESIAN_POINT ( 'NONE',  ( -28.00000000000000000, 49.81447292170534524, 0.000000000000000000 ) ) ;
#2484 = EDGE_CURVE ( 'NONE', #6109, #4819, #8163, .T. ) ;
#2485 = ORIENTED_EDGE ( 'NONE', *, *, #2518, .T. ) ;
#2486 = CARTESIAN_POINT ( 'NONE',  ( 8.773401785887994464, 56.29615242270664055, -3.000000000000002665 ) ) ;
#2487 = CIRCLE ( 'NONE', #5973, 2.000000000000001776 ) ;
#2488 = CARTESIAN_POINT ( 'NONE',  ( 39.28405416861565413, 104.4400000000000261, -40.08443487398440652 ) ) ;
#2489 = VECTOR ( 'NONE', #2682, 1000.000000000000114 ) ;
#2490 = CARTESIAN_POINT ( 'NONE',  ( -26.90714285714286191, 104.2085962636541154, -2.000000000000000000 ) ) ;
#2491 = CARTESIAN_POINT ( 'NONE',  ( -27.00000000000000000, 12.50000000000000888, -12.50000000000000000 ) ) ;
#2492 = DIRECTION ( 'NONE',  ( 0.000000000000000000, -0.000000000000000000, -1.000000000000000000 ) ) ;
#2493 = DIRECTION ( 'NONE',  ( 1.000000000000000000, 0.000000000000000000, 8.019547272036671442E-16 ) ) ;
#2494 = FACE_BOUND ( 'NONE', #3987, .T. ) ;
#2495 = ORIENTED_EDGE ( 'NONE', *, *, #7191, .F. ) ;
#2496 = AXIS2_PLACEMENT_3D ( 'NONE', #9033, #4844, #528 ) ;
#2497 = FACE_BOUND ( 'NONE', #1472, .T. ) ;
#2498 = ORIENTED_EDGE ( 'NONE', *, *, #3414, .T. ) ;
#2499 = B_SPLINE_CURVE_WITH_KNOTS ( 'NONE', 3,
 ( #8342, #6200, #2021, #2783, #6238, #550, #9193, #9053, #4863, #2696, #7734, #4915, #5674, #8529, #2599, #4067, #5486, #7782, #2072, #4967, #5535, #1884, #4774, #7695, #7649, #1199, #6950, #8391 ),
 .UNSPECIFIED., .F., .F.,
 ( 4, 2, 2, 2, 2, 2, 2, 2, 2, 2, 2, 2, 2, 4 ),
 ( 0.006425132699866709790, 0.006826735716704472254, 0.007228338733542234718, 0.007629941750379997181, 0.008031544767217759645, 0.008834750800893265490, 0.009637956834568771336, 0.01044116286824427718, 0.01084276588508203097, 0.01124436890191978303, 0.01164597191875753682, 0.01204757493559529061, 0.01244917795243304440, 0.01285078096927079645 ),
 .UNSPECIFIED. ) ;
#2500 = ORIENTED_EDGE ( 'NONE', *, *, #2786, .F. ) ;
#2501 = DIRECTION ( 'NONE',  ( 0.8399223068573744566, 0.5427066596637510898, 0.000000000000000000 ) ) ;
#2502 = DIRECTION ( 'NONE',  ( 1.000000000000000000, -0.000000000000000000, -0.000000000000000000 ) ) ;
#2503 = FACE_OUTER_BOUND ( 'NONE', #3941, .T. ) ;
#2504 = EDGE_CURVE ( 'NONE', #4831, #5941, #8254, .T. ) ;
#2505 = CARTESIAN_POINT ( 'NONE',  ( -27.00000000000000000, 12.50000000000000888, -16.50000000000000000 ) ) ;
#2506 = EDGE_CURVE ( 'NONE', #3306, #8908, #3967, .T. ) ;
#2507 = CARTESIAN_POINT ( 'NONE',  ( 9.923762078750520743, 96.44000000000002615, -13.11449676604731174 ) ) ;
#2508 = CARTESIAN_POINT ( 'NONE',  ( 28.25000000000000000, 94.08030619057737454, -22.99999999999999289 ) ) ;
#2509 = ORIENTED_EDGE ( 'NONE', *, *, #4854, .F. ) ;
#2510 = CARTESIAN_POINT ( 'NONE',  ( 27.99999999999998934, 1.689189189189192808, -18.77505933142119687 ) ) ;
#2511 = CARTESIAN_POINT ( 'NONE',  ( -23.55618765993623143, 108.6718701656489117, -15.88144651924589645 ) ) ;
#2512 = VERTEX_POINT ( 'NONE', #322 ) ;
#2513 = DIRECTION ( 'NONE',  ( 0.000000000000000000, -1.000000000000000000, 0.000000000000000000 ) ) ;
#2514 = ORIENTED_EDGE ( 'NONE', *, *, #584, .F. ) ;
#2515 = CARTESIAN_POINT ( 'NONE',  ( -28.16400673619143546, 1.689189189189189477, -18.77505933142119687 ) ) ;
#2516 = VECTOR ( 'NONE', #6758, 1000.000000000000000 ) ;
#2517 = EDGE_CURVE ( 'NONE', #6356, #3093, #2473, .T. ) ;
#2518 = EDGE_CURVE ( 'NONE', #15, #7777, #225, .T. ) ;
#2519 = AXIS2_PLACEMENT_3D ( 'NONE', #7971, #1384, #7135 ) ;
#2520 = ORIENTED_EDGE ( 'NONE', *, *, #3233, .F. ) ;
#2521 = CIRCLE ( 'NONE', #1914, 4.999999999999999112 ) ;
#2522 = DIRECTION ( 'NONE',  ( 0.000000000000000000, -1.000000000000000000, 0.000000000000000000 ) ) ;
#2523 = EDGE_CURVE ( 'NONE', #1324, #1038, #7155, .T. ) ;
#2524 = ORIENTED_EDGE ( 'NONE', *, *, #3781, .T. ) ;
#2525 = VECTOR ( 'NONE', #2673, 1000.000000000000000 ) ;
#2526 = VECTOR ( 'NONE', #9180, 1000.000000000000000 ) ;
#2527 = CARTESIAN_POINT ( 'NONE',  ( -13.42376207875093463, 104.4400000000000261, -15.65739561406607727 ) ) ;
#2528 = VERTEX_POINT ( 'NONE', #9007 ) ;
#2529 = CIRCLE ( 'NONE', #4642, 1.050000000000000488 ) ;
#2530 = VERTEX_POINT ( 'NONE', #3071 ) ;
#2531 = DIRECTION ( 'NONE',  ( 1.000000000000000000, 1.734723475976807292E-15, -0.000000000000000000 ) ) ;
#2532 = VECTOR ( 'NONE', #8525, 1000.000000000000114 ) ;
#2533 = AXIS2_PLACEMENT_3D ( 'NONE', #8557, #2863, #2103 ) ;
#2534 = CARTESIAN_POINT ( 'NONE',  ( -23.99999999999999289, 18.15685424949229443, -18.15685424949224469 ) ) ;
#2535 = CARTESIAN_POINT ( 'NONE',  ( 43.19558781116748492, 96.44000000000002615, -2.755455298081540045E-15 ) ) ;
#2536 = CIRCLE ( 'NONE', #8106, 2.150000000000000799 ) ;
#2537 = LINE ( 'NONE', #4707, #4592 ) ;
#2538 = DIRECTION ( 'NONE',  ( 1.000000000000000000, 8.673617379884043361E-16, 0.000000000000000000 ) ) ;
#2539 = ORIENTED_EDGE ( 'NONE', *, *, #1114, .T. ) ;
#2540 = DIRECTION ( 'NONE',  ( 0.3090169943749482839, 1.053076637743355143E-16, -0.9510565162951533091 ) ) ;
#2541 = APPROVAL_PERSON_ORGANIZATION ( #1673, #355, #5224 ) ;
#2542 = VECTOR ( 'NONE', #9043, 1000.000000000000000 ) ;
#2543 = CARTESIAN_POINT ( 'NONE',  ( 21.49999999999998579, 52.41254913305866125, -22.00000000000000355 ) ) ;
#2544 = EDGE_CURVE ( 'NONE', #8978, #9210, #364, .T. ) ;
#2545 = LINE ( 'NONE', #5433, #4635 ) ;
#2546 = CARTESIAN_POINT ( 'NONE',  ( 25.99999999999999645, 12.50000000000021316, -4.499999999999771738 ) ) ;
#2547 = DIRECTION ( 'NONE',  ( -1.000000000000000000, 0.000000000000000000, 0.000000000000000000 ) ) ;
#2548 = ORIENTED_EDGE ( 'NONE', *, *, #4014, .F. ) ;
#2549 = CARTESIAN_POINT ( 'NONE',  ( 23.00000000000000000, 44.61832049899870611, -22.00000000000000711 ) ) ;
#2550 = VERTEX_POINT ( 'NONE', #1611 ) ;
#2551 = PLANE ( 'NONE',  #6462 ) ;
#2552 = VERTEX_POINT ( 'NONE', #6715 ) ;
#2553 = ORIENTED_EDGE ( 'NONE', *, *, #261, .F. ) ;
#2554 = CARTESIAN_POINT ( 'NONE',  ( -2.163118960624837328, 96.44000000000002615, -13.11449676604731174 ) ) ;
#2555 = AXIS2_PLACEMENT_3D ( 'NONE', #1201, #6859, #1156 ) ;
#2556 = EDGE_CURVE ( 'NONE', #7705, #7818, #4439, .T. ) ;
#2557 = CARTESIAN_POINT ( 'NONE',  ( -23.99999999999999289, 13.55000000000020322, -4.499999999999771738 ) ) ;
#2558 = CARTESIAN_POINT ( 'NONE',  ( 23.54999999999997939, 117.9400000000000972, -2.000000000000001776 ) ) ;
#2559 = DIRECTION ( 'NONE',  ( 1.000000000000000000, -1.898094922533725623E-16, 0.000000000000000000 ) ) ;
#2560 = CARTESIAN_POINT ( 'NONE',  ( 25.71086342336971597, 1.055023969689421026, -7.500000000000007105 ) ) ;
#2561 = DIRECTION ( 'NONE',  ( -9.912705577010326782E-17, 1.000000000000000000, 0.000000000000000000 ) ) ;
#2562 = ORIENTED_EDGE ( 'NONE', *, *, #6412, .F. ) ;
#2563 = CARTESIAN_POINT ( 'NONE',  ( 23.54999999999998650, 112.3085893033692884, -22.99999999999999645 ) ) ;
#2564 = CARTESIAN_POINT ( 'NONE',  ( 29.30299673260887161, 2.831640453859854745, -24.33164045385984053 ) ) ;
#2565 = EDGE_LOOP ( 'NONE', ( #7389, #1488, #486, #8250, #1609 ) ) ;
#2566 = VECTOR ( 'NONE', #2540, 1000.000000000000114 ) ;
#2567 = DIRECTION ( 'NONE',  ( 0.000000000000000000, 0.000000000000000000, 1.000000000000000000 ) ) ;
#2568 = VERTEX_POINT ( 'NONE', #5301 ) ;
#2569 = DIRECTION ( 'NONE',  ( 0.000000000000000000, 1.000000000000000000, 0.000000000000000000 ) ) ;
#2570 = VECTOR ( 'NONE', #2675, 1000.000000000000000 ) ;
#2571 = ORIENTED_EDGE ( 'NONE', *, *, #2201, .T. ) ;
#2572 = CARTESIAN_POINT ( 'NONE',  ( 28.00000000000000355, 49.81447292170534524, -23.00000000000000000 ) ) ;
#2573 = ORIENTED_EDGE ( 'NONE', *, *, #3325, .F. ) ;
#2574 = CARTESIAN_POINT ( 'NONE',  ( -2.163118960624837328, 80.80934643409020168, -13.11449676604731174 ) ) ;
#2575 = VERTEX_POINT ( 'NONE', #928 ) ;
#2576 = ADVANCED_FACE ( 'NONE', ( #1699 ), #274, .F. ) ;
#2577 = EDGE_CURVE ( 'NONE', #914, #2530, #4897, .T. ) ;
#2578 = ORIENTED_EDGE ( 'NONE', *, *, #9049, .F. ) ;
#2579 = EDGE_CURVE ( 'NONE', #658, #4284, #5502, .T. ) ;
#2580 = CARTESIAN_POINT ( 'NONE',  ( -17.75000000000019540, 104.4400000000000261, -15.65739561406607372 ) ) ;
#2581 = CARTESIAN_POINT ( 'NONE',  ( 27.99999999999999289, 13.82287565553229136, -25.00000000000000000 ) ) ;
#2582 = CARTESIAN_POINT ( 'NONE',  ( -23.55000000000001137, 108.9309918853871579, -15.41220100004840354 ) ) ;
#2583 = FACE_OUTER_BOUND ( 'NONE', #5868, .T. ) ;
#2584 = ORIENTED_EDGE ( 'NONE', *, *, #9021, .T. ) ;
#2585 = DIRECTION ( 'NONE',  ( -0.9510565162951536422, 0.000000000000000000, -0.3090169943749471737 ) ) ;
#2586 = EDGE_CURVE ( 'NONE', #5437, #658, #7612, .T. ) ;
#2587 = DIRECTION ( 'NONE',  ( -1.000000000000000000, 0.000000000000000000, 0.000000000000000000 ) ) ;
#2588 = DIRECTION ( 'NONE',  ( -1.000000000000000000, -1.360567432138672574E-16, 0.000000000000000000 ) ) ;
#2589 = FACE_OUTER_BOUND ( 'NONE', #2227, .T. ) ;
#2590 = DIRECTION ( 'NONE',  ( -1.000000000000000000, -9.912705577010326782E-17, 0.000000000000000000 ) ) ;
#2591 = ORIENTED_EDGE ( 'NONE', *, *, #576, .T. ) ;
#2592 = CARTESIAN_POINT ( 'NONE',  ( 25.00000000000000355, 12.50000000000001421, -17.50000000000000000 ) ) ;
#2593 = ORIENTED_EDGE ( 'NONE', *, *, #7442, .T. ) ;
#2594 = CARTESIAN_POINT ( 'NONE',  ( -12.77646003252311679, 104.4400000000000261, -20.82554041900741026 ) ) ;
#2595 = EDGE_CURVE ( 'NONE', #517, #4308, #7516, .T. ) ;
#2596 = VERTEX_POINT ( 'NONE', #1061 ) ;
#2597 = VERTEX_POINT ( 'NONE', #5961 ) ;
#2598 = DIRECTION ( 'NONE',  ( 0.000000000000000000, 0.000000000000000000, 1.000000000000000000 ) ) ;
#2599 = CARTESIAN_POINT ( 'NONE',  ( -23.99398807921645371, 106.8539366882652786, -12.43730485147984410 ) ) ;
#2600 = DIRECTION ( 'NONE',  ( 0.000000000000000000, 1.000000000000000000, 0.000000000000000000 ) ) ;
#2601 = DIRECTION ( 'NONE',  ( 0.000000000000000000, 0.000000000000000000, -1.000000000000000000 ) ) ;
#2602 = CARTESIAN_POINT ( 'NONE',  ( -24.00000000000000000, 49.81447292170534524, -22.99999999999999289 ) ) ;
#2603 = DIRECTION ( 'NONE',  ( -7.009341333409710874E-17, 0.7071067811865475727, 0.7071067811865475727 ) ) ;
#2604 = ORIENTED_EDGE ( 'NONE', *, *, #9127, .F. ) ;
#2605 = LINE ( 'NONE', #606, #997 ) ;
#2606 = DIRECTION ( 'NONE',  ( 1.000000000000000000, 0.000000000000000000, 0.000000000000000000 ) ) ;
#2607 = ORIENTED_EDGE ( 'NONE', *, *, #1825, .T. ) ;
#2608 = PLANE ( 'NONE',  #4499 ) ;
#2609 = EDGE_CURVE ( 'NONE', #4575, #6486, #6099, .T. ) ;
#2610 = VECTOR ( 'NONE', #4223, 1000.000000000000000 ) ;
#2611 = ORIENTED_EDGE ( 'NONE', *, *, #3668, .T. ) ;
#2612 = FACE_OUTER_BOUND ( 'NONE', #6145, .T. ) ;
#2613 = ORIENTED_EDGE ( 'NONE', *, *, #3351, .F. ) ;
#2614 = CARTESIAN_POINT ( 'NONE',  ( -5.773401785888006899, 60.10000000000000853, -22.00000000000000711 ) ) ;
#2615 = ORIENTED_EDGE ( 'NONE', *, *, #7589, .F. ) ;
#2616 = AXIS2_PLACEMENT_3D ( 'NONE', #5169, #1569, #5263 ) ;
#2617 = DIRECTION ( 'NONE',  ( 0.000000000000000000, -1.000000000000000000, 0.000000000000000000 ) ) ;
#2618 = VERTEX_POINT ( 'NONE', #7558 ) ;
#2619 = ORIENTED_EDGE ( 'NONE', *, *, #1232, .T. ) ;
#2620 = DIRECTION ( 'NONE',  ( -1.000000000000000000, -1.892425610156517122E-16, -0.000000000000000000 ) ) ;
#2621 = DIRECTION ( 'NONE',  ( -1.000000000000000000, -9.912705577010326782E-17, 0.000000000000000000 ) ) ;
#2622 = DIRECTION ( 'NONE',  ( 0.000000000000000000, -1.156482317317873204E-16, 1.000000000000000000 ) ) ;
#2623 = EDGE_CURVE ( 'NONE', #762, #489, #1101, .T. ) ;
#2624 = EDGE_CURVE ( 'NONE', #6747, #4575, #3260, .T. ) ;
#2625 = LINE ( 'NONE', #4755, #3281 ) ;
#2626 = ORIENTED_EDGE ( 'NONE', *, *, #2877, .F. ) ;
#2627 = AXIS2_PLACEMENT_3D ( 'NONE', #5582, #6282, #9231 ) ;
#2628 = VECTOR ( 'NONE', #6350, 1000.000000000000000 ) ;
#2629 = DIRECTION ( 'NONE',  ( 1.000000000000000000, -1.541976423090495387E-16, -0.000000000000000000 ) ) ;
#2630 = CARTESIAN_POINT ( 'NONE',  ( -23.55000000000001492, 112.3085893033692741, -23.00000000000000000 ) ) ;
#2631 = VECTOR ( 'NONE', #4811, 1000.000000000000000 ) ;
#2632 = DIRECTION ( 'NONE',  ( -0.000000000000000000, 0.000000000000000000, 1.000000000000000000 ) ) ;
#2633 = VECTOR ( 'NONE', #3180, 1000.000000000000000 ) ;
#2634 = ADVANCED_FACE ( 'NONE', ( #4539 ), #7416, .F. ) ;
#2635 = DIRECTION ( 'NONE',  ( 0.3090169943749457304, 1.053076637743356006E-16, -0.9510565162951540863 ) ) ;
#2636 = DIRECTION ( 'NONE',  ( 1.000000000000000000, -0.000000000000000000, -0.000000000000000000 ) ) ;
#2637 = EDGE_LOOP ( 'NONE', ( #4938, #8689, #2388, #1173 ) ) ;
#2638 = CARTESIAN_POINT ( 'NONE',  ( -23.14991546844103709, 15.99347151382306542, -2.057285541966312081 ) ) ;
#2639 = EDGE_CURVE ( 'NONE', #3093, #2198, #8045, .T. ) ;
#2640 = ORIENTED_EDGE ( 'NONE', *, *, #5431, .T. ) ;
#2641 = DIRECTION ( 'NONE',  ( -0.8090169943749473402, 6.508371548838542444E-17, -0.5877852522924732481 ) ) ;
#2642 = EDGE_LOOP ( 'NONE', ( #247, #7871, #3055, #5957, #2134 ) ) ;
#2643 = CIRCLE ( 'NONE', #7764, 2.000000000000001776 ) ;
#2644 = AXIS2_PLACEMENT_3D ( 'NONE', #1874, #112, #2774 ) ;
#2645 = CARTESIAN_POINT ( 'NONE',  ( 29.99999999999999645, -3.499999999999996891, -21.78708781050336896 ) ) ;
#2646 = CARTESIAN_POINT ( 'NONE',  ( 20.57654914134644741, 94.44000000000002615, -2.000000000000000000 ) ) ;
#2647 = CARTESIAN_POINT ( 'NONE',  ( -11.73544017240898008, 104.4400000000000261, -55.88986340024111854 ) ) ;
#2648 = CYLINDRICAL_SURFACE ( 'NONE', #1321, 3.000000000000000000 ) ;
#2649 = DIRECTION ( 'NONE',  ( 0.5877852522924724710, 0.000000000000000000, 0.8090169943749478954 ) ) ;
#2650 = VECTOR ( 'NONE', #5511, 999.9999999999998863 ) ;
#2651 = CARTESIAN_POINT ( 'NONE',  ( 15.58688103937514846, 80.80934643409020168, -9.000000000000000000 ) ) ;
#2652 = DIRECTION ( 'NONE',  ( 0.000000000000000000, 0.000000000000000000, -1.000000000000000000 ) ) ;
#2653 = EDGE_LOOP ( 'NONE', ( #6874, #4374, #8771, #6126, #3346 ) ) ;
#2654 = CARTESIAN_POINT ( 'NONE',  ( -16.57654914134644741, 94.44000000000002615, -128.1790850899541852 ) ) ;
#2655 = CARTESIAN_POINT ( 'NONE',  ( 27.99999999999998934, 2.500000000000001776, -23.99999999999999289 ) ) ;
#2656 = ORIENTED_EDGE ( 'NONE', *, *, #3209, .F. ) ;
#2657 = CONICAL_SURFACE ( 'NONE', #575, 10.15000000000000036, 0.7853981633974509435 ) ;
#2658 = ORIENTED_EDGE ( 'NONE', *, *, #7571, .T. ) ;
#2659 = LINE ( 'NONE', #612, #5230 ) ;
#2660 = EDGE_CURVE ( 'NONE', #2262, #201, #4155, .T. ) ;
#2661 = EDGE_LOOP ( 'NONE', ( #1211, #2137, #7930, #2571 ) ) ;
#2662 = CARTESIAN_POINT ( 'NONE',  ( 28.42093375970122082, 2.540851400655549153, -20.14784976292394347 ) ) ;
#2663 = ORIENTED_EDGE ( 'NONE', *, *, #2865, .F. ) ;
#2664 = CIRCLE ( 'NONE', #123, 1.049999999999998934 ) ;
#2665 = DIRECTION ( 'NONE',  ( -1.000000000000000000, 0.000000000000000000, 0.000000000000000000 ) ) ;
#2666 = ORIENTED_EDGE ( 'NONE', *, *, #4657, .F. ) ;
#2667 = VECTOR ( 'NONE', #1547, 1000.000000000000000 ) ;
#2668 = VERTEX_POINT ( 'NONE', #9052 ) ;
#2669 = CARTESIAN_POINT ( 'NONE',  ( -25.99999999999999645, 12.50000000000020250, -4.499999999999771738 ) ) ;
#2670 = EDGE_CURVE ( 'NONE', #1948, #1220, #4746, .T. ) ;
#2671 = CARTESIAN_POINT ( 'NONE',  ( -23.99999999999999289, 12.50000000000020250, -4.499999999999771738 ) ) ;
#2672 = CYLINDRICAL_SURFACE ( 'NONE', #1337, 2.000000000000001776 ) ;
#2673 = DIRECTION ( 'NONE',  ( 1.000000000000000000, -0.000000000000000000, -0.000000000000000000 ) ) ;
#2674 = ORIENTED_EDGE ( 'NONE', *, *, #3819, .T. ) ;
#2675 = DIRECTION ( 'NONE',  ( 0.000000000000000000, 0.000000000000000000, 1.000000000000000000 ) ) ;
#2676 = EDGE_CURVE ( 'NONE', #5842, #8442, #5958, .T. ) ;
#2677 = VECTOR ( 'NONE', #4884, 1000.000000000000000 ) ;
#2678 = VECTOR ( 'NONE', #1311, 1000.000000000000114 ) ;
#2679 = DIRECTION ( 'NONE',  ( 0.000000000000000000, 0.000000000000000000, 1.000000000000000000 ) ) ;
#2680 = CIRCLE ( 'NONE', #451, 2.000000000000001776 ) ;
#2681 = CARTESIAN_POINT ( 'NONE',  ( 0.000000000000000000, 12.49999999999999822, -12.50000000000000000 ) ) ;
#2682 = DIRECTION ( 'NONE',  ( -7.009341333409710874E-17, 0.7071067811865474617, -0.7071067811865474617 ) ) ;
#2683 = CARTESIAN_POINT ( 'NONE',  ( 26.00000000000000000, 12.49999999999999822, -12.50000000000000000 ) ) ;
#2684 = ORIENTED_EDGE ( 'NONE', *, *, #943, .F. ) ;
#2685 = LOCAL_TIME ( 15, 29, 41.00000000000000000, #5928 ) ;
#2686 = CARTESIAN_POINT ( 'NONE',  ( -10.07906768228852457, 77.01368055568988780, -25.00000000000000000 ) ) ;
#2687 = EDGE_LOOP ( 'NONE', ( #4968, #5591, #3514, #7304 ) ) ;
#2688 = CARTESIAN_POINT ( 'NONE',  ( -23.99999999999999289, 19.20685424949252962, -6.843145750507550140 ) ) ;
#2689 = ORIENTED_EDGE ( 'NONE', *, *, #2055, .F. ) ;
#2690 = AXIS2_PLACEMENT_3D ( 'NONE', #6820, #1807, #4547 ) ;
#2691 = EDGE_CURVE ( 'NONE', #6601, #5237, #4281, .T. ) ;
#2692 = AXIS2_PLACEMENT_3D ( 'NONE', #7654, #1202, #513 ) ;
#2693 = EDGE_CURVE ( 'NONE', #6481, #5309, #6702, .T. ) ;
#2694 = CARTESIAN_POINT ( 'NONE',  ( -27.99999999999999289, 1.999999999999998224, -12.50000000000000000 ) ) ;
#2695 = EDGE_CURVE ( 'NONE', #321, #1778, #9094, .T. ) ;
#2696 = CARTESIAN_POINT ( 'NONE',  ( -24.98916204744618597, 105.4148956978321223, -13.06862825883354162 ) ) ;
#2697 = ORIENTED_EDGE ( 'NONE', *, *, #7480, .F. ) ;
#2698 = PLANE ( 'NONE',  #6935 ) ;
#2699 = DIRECTION ( 'NONE',  ( -0.4999999999999977796, 0.8660254037844398178, 0.000000000000000000 ) ) ;
#2700 = CARTESIAN_POINT ( 'NONE',  ( -24.99999999999999645, 12.50000000000000888, -12.50000000000000000 ) ) ;
#2701 = ORIENTED_EDGE ( 'NONE', *, *, #5835, .F. ) ;
#2702 = CARTESIAN_POINT ( 'NONE',  ( 25.99999999999999645, 18.35000000000001208, -12.50000000000000000 ) ) ;
#2703 = DIRECTION ( 'NONE',  ( -0.000000000000000000, 0.000000000000000000, 1.000000000000000000 ) ) ;
#2704 = EDGE_LOOP ( 'NONE', ( #5596, #5499, #825, #5829 ) ) ;
#2705 = AXIS2_PLACEMENT_3D ( 'NONE', #4865, #600, #1886 ) ;
#2706 = ADVANCED_FACE ( 'NONE', ( #8435 ), #9192, .T. ) ;
#2707 = VERTEX_POINT ( 'NONE', #5446 ) ;
#2708 = FACE_OUTER_BOUND ( 'NONE', #1258, .T. ) ;
#2709 = ORIENTED_EDGE ( 'NONE', *, *, #5524, .T. ) ;
#2710 = VECTOR ( 'NONE', #1598, 1000.000000000000000 ) ;
#2711 = CARTESIAN_POINT ( 'NONE',  ( -27.99999999999999289, 13.82287565553229136, -27.00000000000000355 ) ) ;
#2712 = DIRECTION ( 'NONE',  ( 1.000000000000000000, 9.912705577010326782E-17, -0.000000000000000000 ) ) ;
#2713 = VERTEX_POINT ( 'NONE', #2018 ) ;
#2714 = DIRECTION ( 'NONE',  ( 0.000000000000000000, 0.000000000000000000, -1.000000000000000000 ) ) ;
#2715 = LINE ( 'NONE', #7671, #8843 ) ;
#2716 = ORIENTED_EDGE ( 'NONE', *, *, #2897, .F. ) ;
#2717 = EDGE_CURVE ( 'NONE', #4363, #4831, #510, .T. ) ;
#2718 = ORIENTED_EDGE ( 'NONE', *, *, #7663, .F. ) ;
#2719 = TOROIDAL_SURFACE ( 'NONE', #341, 4.000000000000000000, 2.000000000000000000 ) ;
#2720 = FACE_BOUND ( 'NONE', #1854, .T. ) ;
#2721 = DIRECTION ( 'NONE',  ( 1.000000000000000000, 9.912705577010326782E-17, -0.000000000000000000 ) ) ;
#2722 = CARTESIAN_POINT ( 'NONE',  ( -25.99999999999999645, 21.55000000000000071, -12.50000000000000000 ) ) ;
#2723 = CIRCLE ( 'NONE', #6348, 5.999999999999998224 ) ;
#2724 = DIRECTION ( 'NONE',  ( -0.4999999999999977796, 0.8660254037844398178, 0.000000000000000000 ) ) ;
#2725 = ORIENTED_EDGE ( 'NONE', *, *, #7452, .F. ) ;
#2726 = CARTESIAN_POINT ( 'NONE',  ( 22.24999999999998579, 113.9403061905773740, -7.599999999999997868 ) ) ;
#2727 = EDGE_CURVE ( 'NONE', #4383, #7004, #8299, .T. ) ;
#2728 = DIRECTION ( 'NONE',  ( 1.541976423090495387E-16, 1.000000000000000000, 0.000000000000000000 ) ) ;
#2729 = CARTESIAN_POINT ( 'NONE',  ( -26.00000000000000000, 20.30685424949231077, -18.15685424949224469 ) ) ;
#2730 = DIRECTION ( 'NONE',  ( 1.000000000000000000, 0.000000000000000000, 0.000000000000000000 ) ) ;
#2731 = DIRECTION ( 'NONE',  ( -0.8399223068573744566, -0.5427066596637510898, 0.000000000000000000 ) ) ;
#2732 = VERTEX_POINT ( 'NONE', #2737 ) ;
#2733 = CARTESIAN_POINT ( 'NONE',  ( 10.27340178588798736, 58.89422863405996367, -3.000000000000000000 ) ) ;
#2734 = VERTEX_POINT ( 'NONE', #9143 ) ;
#2735 = FACE_OUTER_BOUND ( 'NONE', #5223, .T. ) ;
#2736 = ORIENTED_EDGE ( 'NONE', *, *, #5560, .T. ) ;
#2737 = CARTESIAN_POINT ( 'NONE',  ( -23.55000000000002203, 116.0903061905773797, -7.599999999999997868 ) ) ;
#2738 = DIRECTION ( 'NONE',  ( -0.000000000000000000, 1.000000000000000000, -0.000000000000000000 ) ) ;
#2739 = EDGE_LOOP ( 'NONE', ( #3206, #4587, #8189, #4906 ) ) ;
#2740 = LINE ( 'NONE', #5448, #3618 ) ;
#2741 = CARTESIAN_POINT ( 'NONE',  ( 11.58728778948666438, 3.414213562373113575, -24.91421356237309581 ) ) ;
#2742 = CARTESIAN_POINT ( 'NONE',  ( -24.79633497013947263, 4.603910184322941745, -7.485669804166010799 ) ) ;
#2743 = EDGE_CURVE ( 'NONE', #1459, #2383, #7086, .T. ) ;
#2744 = ORIENTED_EDGE ( 'NONE', *, *, #6801, .T. ) ;
#2745 = EDGE_CURVE ( 'NONE', #1219, #6258, #9095, .T. ) ;
#2746 = DIRECTION ( 'NONE',  ( 1.000000000000000000, -0.000000000000000000, -0.000000000000000000 ) ) ;
#2747 = CARTESIAN_POINT ( 'NONE',  ( 28.25000000000000000, 102.3196380149609865, -23.00000000000000000 ) ) ;
#2748 = ORIENTED_EDGE ( 'NONE', *, *, #7722, .F. ) ;
#2749 = EDGE_LOOP ( 'NONE', ( #4784, #8896, #2485, #8380 ) ) ;
#2750 = CARTESIAN_POINT ( 'NONE',  ( -21.55000000000002913, 118.9400000000000261, -24.99999999999999289 ) ) ;
#2751 =( BOUNDED_CURVE ( )  B_SPLINE_CURVE ( 3, ( #2426, #6821, #376, #3940 ),
 .UNSPECIFIED., .F., .T. ) 
 B_SPLINE_CURVE_WITH_KNOTS ( ( 4, 4 ),
 ( 1.570796326794896336, 2.197805466739095159 ),
 .UNSPECIFIED. ) 
 CURVE ( )  GEOMETRIC_REPRESENTATION_ITEM ( )  RATIONAL_B_SPLINE_CURVE ( ( 1.000000000000000000, 0.9675057496383960842, 0.9675057496383960842, 1.000000000000000000 ) ) 
 REPRESENTATION_ITEM ( '' )  );
#2752 = ORIENTED_EDGE ( 'NONE', *, *, #291, .F. ) ;
#2753 = ADVANCED_FACE ( 'NONE', ( #6332 ), #3447, .T. ) ;
#2754 = CARTESIAN_POINT ( 'NONE',  ( -28.14394930323042132, 12.49999999999999467, -25.49999999999999645 ) ) ;
#2755 = CARTESIAN_POINT ( 'NONE',  ( 28.65714892091739330, 1.824926063500350804, -18.78955447656861466 ) ) ;
#2756 = EDGE_LOOP ( 'NONE', ( #6194, #8500, #8007, #5776 ) ) ;
#2757 = DIRECTION ( 'NONE',  ( 0.8090169943749473402, 0.000000000000000000, 0.5877852522924732481 ) ) ;
#2758 = EDGE_LOOP ( 'NONE', ( #886, #7261, #6327, #2876 ) ) ;
#2759 = EDGE_LOOP ( 'NONE', ( #8017, #8925, #9253, #250 ) ) ;
#2760 = DIRECTION ( 'NONE',  ( 0.000000000000000000, -0.000000000000000000, -1.000000000000000000 ) ) ;
#2761 = DIRECTION ( 'NONE',  ( 0.3090169943749482284, 0.000000000000000000, -0.9510565162951533091 ) ) ;
#2762 = AXIS2_PLACEMENT_3D ( 'NONE', #657, #7283, #2804 ) ;
#2763 =( NAMED_UNIT ( * ) SI_UNIT ( $, .STERADIAN. ) SOLID_ANGLE_UNIT ( ) );
#2764 = EDGE_CURVE ( 'NONE', #2575, #8495, #4017, .T. ) ;
#2765 = DIRECTION ( 'NONE',  ( -1.000000000000000000, 0.000000000000000000, 0.000000000000000000 ) ) ;
#2766 = ORIENTED_EDGE ( 'NONE', *, *, #3661, .F. ) ;
#2767 = CARTESIAN_POINT ( 'NONE',  ( 23.28753429247973017, 13.82287565553229314, -23.28161218218567186 ) ) ;
#2768 = CIRCLE ( 'NONE', #9233, 10.83606315166879241 ) ;
#2769 = DIRECTION ( 'NONE',  ( 0.000000000000000000, 0.000000000000000000, 1.000000000000000000 ) ) ;
#2770 = DIRECTION ( 'NONE',  ( 1.898094922533725623E-16, 1.000000000000000000, 0.000000000000000000 ) ) ;
#2771 = ADVANCED_FACE ( 'NONE', ( #4862 ), #3310, .F. ) ;
#2772 = EDGE_CURVE ( 'NONE', #2022, #6854, #5485, .T. ) ;
#2773 = AXIS2_PLACEMENT_3D ( 'NONE', #8156, #6053, #6662 ) ;
#2774 = DIRECTION ( 'NONE',  ( 0.8090169943749472292, 0.000000000000000000, 0.5877852522924734702 ) ) ;
#2775 = CARTESIAN_POINT ( 'NONE',  ( -27.87898027296416714, 0.8350512156736017433, -8.006095102738431279 ) ) ;
#2776 = ORIENTED_EDGE ( 'NONE', *, *, #8714, .T. ) ;
#2777 = CARTESIAN_POINT ( 'NONE',  ( -27.99999999999999645, 0.6572807176729866807, -16.50000000000000000 ) ) ;
#2778 = EDGE_LOOP ( 'NONE', ( #7869, #384, #6535, #8456, #3685, #327, #5687 ) ) ;
#2779 = CARTESIAN_POINT ( 'NONE',  ( 25.99999999999999645, 19.20685424949230224, -18.15685424949224469 ) ) ;
#2780 = ORIENTED_EDGE ( 'NONE', *, *, #1427, .T. ) ;
#2781 = AXIS2_PLACEMENT_3D ( 'NONE', #6237, #1197, #5623 ) ;
#2782 = CARTESIAN_POINT ( 'NONE',  ( 0.000000000000000000, 65.10000000000000853, -2.000000000000001776 ) ) ;
#2783 = CARTESIAN_POINT ( 'NONE',  ( -25.65828515749099381, 104.8518006271910963, -14.07279013403561940 ) ) ;
#2784 = ORIENTED_EDGE ( 'NONE', *, *, #1560, .F. ) ;
#2785 = CARTESIAN_POINT ( 'NONE',  ( -29.87982461802457834, 3.425277492330400797, -19.04038589001961412 ) ) ;
#2786 = EDGE_CURVE ( 'NONE', #937, #4577, #3997, .T. ) ;
#2787 = DIRECTION ( 'NONE',  ( 1.000000000000000000, 0.000000000000000000, 0.000000000000000000 ) ) ;
#2788 = FACE_OUTER_BOUND ( 'NONE', #6236, .T. ) ;
#2789 = EDGE_LOOP ( 'NONE', ( #1439, #373, #5730 ) ) ;
#2790 = CARTESIAN_POINT ( 'NONE',  ( -37.75000000000000711, 113.9403061905773740, -7.599999999999997868 ) ) ;
#2791 = CARTESIAN_POINT ( 'NONE',  ( 29.99999999999998934, 4.304646674275121931, -19.58782669924509179 ) ) ;
#2792 = VERTEX_POINT ( 'NONE', #9280 ) ;
#2793 = VECTOR ( 'NONE', #465, 1000.000000000000000 ) ;
#2794 = TOROIDAL_SURFACE ( 'NONE', #2947, 4.000000000000000888, 1.000000000000000000 ) ;
#2795 = ORIENTED_EDGE ( 'NONE', *, *, #6174, .T. ) ;
#2796 = ADVANCED_FACE ( 'NONE', ( #2921, #7921 ), #3637, .T. ) ;
#2797 = CARTESIAN_POINT ( 'NONE',  ( 23.28753429247973017, 13.82287565553229314, -23.28161218218567186 ) ) ;
#2798 = ADVANCED_FACE ( 'NONE', ( #3678 ), #3385, .T. ) ;
#2799 = AXIS2_PLACEMENT_3D ( 'NONE', #5231, #8891, #1586 ) ;
#2800 = AXIS2_PLACEMENT_3D ( 'NONE', #7865, #2825, #4959 ) ;
#2801 = ORIENTED_EDGE ( 'NONE', *, *, #8752, .F. ) ;
#2802 = DIRECTION ( 'NONE',  ( 0.000000000000000000, 0.000000000000000000, -1.000000000000000000 ) ) ;
#2803 = DIRECTION ( 'NONE',  ( 0.000000000000000000, 0.000000000000000000, -1.000000000000000000 ) ) ;
#2804 = DIRECTION ( 'NONE',  ( 0.000000000000000000, 1.000000000000000000, 0.000000000000000000 ) ) ;
#2805 = ORIENTED_EDGE ( 'NONE', *, *, #351, .T. ) ;
#2806 = CARTESIAN_POINT ( 'NONE',  ( -29.67960346863937460, 3.414213562373080713, -24.91421356237309581 ) ) ;
#2807 = ORIENTED_EDGE ( 'NONE', *, *, #3753, .T. ) ;
#2808 = AXIS2_PLACEMENT_3D ( 'NONE', #7156, #4229, #5035 ) ;
#2809 =( BOUNDED_SURFACE ( )  B_SPLINE_SURFACE ( 3, 2, ( 
 ( #4969, #2883, #4250 ),
 ( #5768, #6478, #4390 ),
 ( #5014, #5676, #7228 ),
 ( #645, #9235, #5860 ),
 ( #3496, #2074, #8670 ),
 ( #2924, #2166, #122 ),
 ( #2785, #7968, #783 ),
 ( #2838, #8531, #2124 ),
 ( #6375, #8580, #686 ),
 ( #735, #8621, #7922 ),
 ( #1335, #1422, #5812 ),
 ( #4294, #39, #7877 ),
 ( #5060, #3680, #6518 ),
 ( #3638, #7180, #4917 ),
 ( #7267, #3541, #7091 ),
 ( #3592, #5725, #5109 ),
 ( #1468, #8720, #7837 ),
 ( #1382, #4344, #2968 ),
 ( #77, #6424, #1514 ),
 ( #7784, #4208, #6561 ),
 ( #821, #7132, #9284 ),
 ( #870, #6049, #5196 ) ),
 .UNSPECIFIED., .F., .F., .F. ) 
 B_SPLINE_SURFACE_WITH_KNOTS ( ( 4, 2, 2, 2, 2, 2, 2, 2, 2, 2, 4 ),
 ( 3, 3 ),
 ( -2.222757257753094011E-05, 0.001581738221975683995, 0.002383721119252291305, 0.003185704016528899049, 0.004789669811082114537, 0.006393635605635329157, 0.007997601400188543777, 0.009601567194741759265, 0.01040355009201836614, 0.01120553298929497302, 0.01280949878384818851 ),
 ( 0.000000000000000000, 1.000000000000000000 ),
 .UNSPECIFIED. ) 
 GEOMETRIC_REPRESENTATION_ITEM ( )  RATIONAL_B_SPLINE_SURFACE ( (
 ( 1.000000000000000000, 1.000000000000000000, 1.000000000000000000),
 ( 1.000000000000000000, 0.9999954732293350190, 1.000000000000000000),
 ( 1.000000000000000000, 0.9992946032396924361, 1.000000000000000000),
 ( 1.000000000000000000, 0.9975730854843792850, 1.000000000000000000),
 ( 1.000000000000000000, 0.9968862807437065543, 1.000000000000000000),
 ( 1.000000000000000000, 0.9953307840581345767, 1.000000000000000000),
 ( 1.000000000000000000, 0.9944607324385257296, 1.000000000000000000),
 ( 1.000000000000000000, 0.9916940993391646364, 1.000000000000000000),
 ( 1.000000000000000000, 0.9896289654897063581, 1.000000000000000000),
 ( 1.000000000000000000, 0.9853317000033336992, 1.000000000000000000),
 ( 1.000000000000000000, 0.9830804887626051203, 1.000000000000000000),
 ( 1.000000000000000000, 0.9787630796814282830, 1.000000000000000000),
 ( 1.000000000000000000, 0.9766720173038119235, 1.000000000000000000),
 ( 1.000000000000000000, 0.9729454111516941950, 1.000000000000000000),
 ( 1.000000000000000000, 0.9712912705131506730, 1.000000000000000000),
 ( 1.000000000000000000, 0.9692196463962824415, 1.000000000000000000),
 ( 1.000000000000000000, 0.9685999733953888358, 1.000000000000000000),
 ( 1.000000000000000000, 0.9675366647782043250, 1.000000000000000000),
 ( 1.000000000000000000, 0.9670887776517312906, 1.000000000000000000),
 ( 1.000000000000000000, 0.9660040063131523080, 1.000000000000000000),
 ( 1.000000000000000000, 0.9656251324128204416, 1.000000000000000000),
 ( 1.000000000000000000, 0.9656254099972886307, 1.000000000000000000) ) ) 
 REPRESENTATION_ITEM ( '' )  SURFACE ( )  );
#2810 = ORIENTED_EDGE ( 'NONE', *, *, #781, .F. ) ;
#2811 = EDGE_CURVE ( 'NONE', #3571, #6854, #1510, .T. ) ;
#2812 = EDGE_CURVE ( 'NONE', #1164, #2099, #995, .T. ) ;
#2813 = DIRECTION ( 'NONE',  ( 0.000000000000000000, 0.000000000000000000, -1.000000000000000000 ) ) ;
#2814 = CARTESIAN_POINT ( 'NONE',  ( 21.55000000000000071, 108.9309918853872148, -25.00000000000000000 ) ) ;
#2815 = EDGE_CURVE ( 'NONE', #3366, #3855, #8576, .T. ) ;
#2816 = AXIS2_PLACEMENT_3D ( 'NONE', #5268, #2381, #7527 ) ;
#2817 = CARTESIAN_POINT ( 'NONE',  ( -27.00000000000000000, 12.50000000000000888, -8.500000000000000000 ) ) ;
#2818 = DIRECTION ( 'NONE',  ( 1.734723475976807292E-15, -1.000000000000000000, 0.000000000000000000 ) ) ;
#2819 = VERTEX_POINT ( 'NONE', #5810 ) ;
#2820 = CARTESIAN_POINT ( 'NONE',  ( 58.00000000000002132, 19.20685424949230935, -18.15685424949224469 ) ) ;
#2821 = VECTOR ( 'NONE', #6286, 1000.000000000000000 ) ;
#2822 = CARTESIAN_POINT ( 'NONE',  ( 25.66642029208369635, 104.8437233625983822, -14.06497096110283174 ) ) ;
#2823 = AXIS2_PLACEMENT_3D ( 'NONE', #677, #9274, #3532 ) ;
#2824 = DIRECTION ( 'NONE',  ( 0.000000000000000000, 0.000000000000000000, 1.000000000000000000 ) ) ;
#2825 = DIRECTION ( 'NONE',  ( 0.000000000000000000, -0.000000000000000000, -1.000000000000000000 ) ) ;
#2826 = CARTESIAN_POINT ( 'NONE',  ( -27.51677145086356546, 0.9860485375652009443, -7.633565046037900537 ) ) ;
#2827 = EDGE_LOOP ( 'NONE', ( #1574, #6955 ) ) ;
#2828 = CARTESIAN_POINT ( 'NONE',  ( 6.423762078750519855, 104.4400000000000261, -15.65739561406607727 ) ) ;
#2829 = ORIENTED_EDGE ( 'NONE', *, *, #7990, .F. ) ;
#2830 = AXIS2_PLACEMENT_3D ( 'NONE', #2249, #3570, #1452 ) ;
#2831 = DIRECTION ( 'NONE',  ( 0.000000000000000000, 0.000000000000000000, 1.000000000000000000 ) ) ;
#2832 = AXIS2_PLACEMENT_3D ( 'NONE', #6800, #8995, #9131 ) ;
#2833 = ORIENTED_EDGE ( 'NONE', *, *, #3327, .T. ) ;
#2834 = EDGE_CURVE ( 'NONE', #3306, #5993, #106, .T. ) ;
#2835 = TOROIDAL_SURFACE ( 'NONE', #4042, 4.000000000000000888, 1.000000000000000000 ) ;
#2836 = DIRECTION ( 'NONE',  ( 1.000000000000000000, 0.000000000000000000, 0.000000000000000000 ) ) ;
#2837 = EDGE_LOOP ( 'NONE', ( #572, #7597, #5050, #8521, #2573, #1340, #9227 ) ) ;
#2838 = CARTESIAN_POINT ( 'NONE',  ( -29.80798166687634776, 3.168929088070715494, -18.98874397693540672 ) ) ;
#2839 = CIRCLE ( 'NONE', #3289, 2.150000000000000799 ) ;
#2840 = FACE_OUTER_BOUND ( 'NONE', #4458, .T. ) ;
#2841 = DIRECTION ( 'NONE',  ( 1.000000000000000000, -1.541976423090495387E-16, -0.000000000000000000 ) ) ;
#2842 = VERTEX_POINT ( 'NONE', #6421 ) ;
#2843 = CARTESIAN_POINT ( 'NONE',  ( 24.98963462660621815, 12.25549715833708575, -25.50000000000000355 ) ) ;
#2844 = CARTESIAN_POINT ( 'NONE',  ( -21.55000000000000071, 103.9400000000000261, -23.00000000000000000 ) ) ;
#2845 = ORIENTED_EDGE ( 'NONE', *, *, #6502, .F. ) ;
#2846 = VECTOR ( 'NONE', #9162, 1000.000000000000000 ) ;
#2847 = EDGE_CURVE ( 'NONE', #6481, #1395, #2030, .T. ) ;
#2848 = ORIENTED_EDGE ( 'NONE', *, *, #4926, .T. ) ;
#2849 = DIRECTION ( 'NONE',  ( 0.000000000000000000, -1.000000000000000000, 0.000000000000000000 ) ) ;
#2850 = AXIS2_PLACEMENT_3D ( 'NONE', #3252, #7639, #1188 ) ;
#2851 = ORIENTED_EDGE ( 'NONE', *, *, #7769, .T. ) ;
#2852 = DIRECTION ( 'NONE',  ( 0.000000000000000000, 0.000000000000000000, -1.000000000000000000 ) ) ;
#2853 = DIRECTION ( 'NONE',  ( -1.000000000000000000, -9.912705577010326782E-17, 2.579370461232904926E-32 ) ) ;
#2854 = VERTEX_POINT ( 'NONE', #5058 ) ;
#2855 = LINE ( 'NONE', #5128, #822 ) ;
#2856 = ORIENTED_EDGE ( 'NONE', *, *, #5980, .T. ) ;
#2857 = DIRECTION ( 'NONE',  ( 0.000000000000000000, 0.000000000000000000, -1.000000000000000000 ) ) ;
#2858 = EDGE_LOOP ( 'NONE', ( #8372, #6232, #8579, #564 ) ) ;
#2859 = CARTESIAN_POINT ( 'NONE',  ( 22.24999999999998579, 106.9403061905773740, -14.59999999999999787 ) ) ;
#2860 = VECTOR ( 'NONE', #8961, 1000.000000000000000 ) ;
#2861 = CARTESIAN_POINT ( 'NONE',  ( 29.99999999999999645, 20.50000000000001066, -12.50000000000000000 ) ) ;
#2862 = CARTESIAN_POINT ( 'NONE',  ( 25.99999999999999645, 12.50000000000021316, -4.499999999999771738 ) ) ;
#2863 = DIRECTION ( 'NONE',  ( -0.4999999999999980016, -0.8660254037844398178, 0.000000000000000000 ) ) ;
#2864 = ADVANCED_FACE ( 'NONE', ( #2263 ), #8669, .F. ) ;
#2865 = EDGE_CURVE ( 'NONE', #4538, #567, #2479, .T. ) ;
#2866 = CARTESIAN_POINT ( 'NONE',  ( 26.25000000000000355, 94.67022964293305165, 0.000000000000000000 ) ) ;
#2867 = VERTEX_POINT ( 'NONE', #8009 ) ;
#2868 = AXIS2_PLACEMENT_3D ( 'NONE', #5286, #3054, #8150 ) ;
#2869 = DIRECTION ( 'NONE',  ( 0.3090169943749471737, 1.053076637743355513E-16, -0.9510565162951536422 ) ) ;
#2870 = ADVANCED_FACE ( 'NONE', ( #2122 ), #4389, .T. ) ;
#2871 = CARTESIAN_POINT ( 'NONE',  ( 23.69510612946850614, 107.7289358119194134, -12.59553363237052892 ) ) ;
#2872 = CARTESIAN_POINT ( 'NONE',  ( -16.57654914134644386, 96.44000000000002615, -2.755455298081540045E-15 ) ) ;
#2873 = CIRCLE ( 'NONE', #2112, 1.999999999999998224 ) ;
#2874 = CARTESIAN_POINT ( 'NONE',  ( 16.57654914134644741, 94.44000000000002615, -2.000000000000000000 ) ) ;
#2875 = DIRECTION ( 'NONE',  ( -0.000000000000000000, 1.000000000000000000, -0.000000000000000000 ) ) ;
#2876 = ORIENTED_EDGE ( 'NONE', *, *, #3210, .F. ) ;
#2877 = EDGE_CURVE ( 'NONE', #2160, #4764, #7758, .T. ) ;
#2878 = CARTESIAN_POINT ( 'NONE',  ( 27.42157287525381903, 94.32466048530504565, 4.553933409791006689E-15 ) ) ;
#2879 = ORIENTED_EDGE ( 'NONE', *, *, #6557, .F. ) ;
#2880 = DIRECTION ( 'NONE',  ( -1.000000000000000000, -9.912705577010326782E-17, 0.000000000000000000 ) ) ;
#2881 = ORIENTED_EDGE ( 'NONE', *, *, #1398, .F. ) ;
#2882 = DIRECTION ( 'NONE',  ( 9.912705577010326782E-17, -1.000000000000000000, 2.602085213965210149E-16 ) ) ;
#2883 = CARTESIAN_POINT ( 'NONE',  ( -29.99999999999999289, 4.500000000000002665, -19.30073525436772641 ) ) ;
#2884 = DIRECTION ( 'NONE',  ( -1.734723475976807094E-15, 1.000000000000000000, 0.000000000000000000 ) ) ;
#2885 = CARTESIAN_POINT ( 'NONE',  ( 29.99999999999999645, 10.11477641198445987, -25.49999999999999645 ) ) ;
#2886 = ORIENTED_EDGE ( 'NONE', *, *, #5068, .F. ) ;
#2887 = EDGE_CURVE ( 'NONE', #8890, #140, #6408, .T. ) ;
#2888 = CARTESIAN_POINT ( 'NONE',  ( 20.25000000000000355, 106.9403061905773740, -14.59999999999999787 ) ) ;
#2889 = CARTESIAN_POINT ( 'NONE',  ( 28.34637847303800839, 2.523079949808546996, -21.76231875786057302 ) ) ;
#2890 = ORIENTED_EDGE ( 'NONE', *, *, #7336, .T. ) ;
#2891 = ORIENTED_EDGE ( 'NONE', *, *, #5346, .F. ) ;
#2892 = CARTESIAN_POINT ( 'NONE',  ( -8.399223068573766326, 78.09909387501738820, -23.00000000000000000 ) ) ;
#2893 = ORIENTED_EDGE ( 'NONE', *, *, #8571, .F. ) ;
#2894 = CARTESIAN_POINT ( 'NONE',  ( 16.57654914134644741, 94.44000000000002615, -2.755455298081540045E-15 ) ) ;
#2895 = DIRECTION ( 'NONE',  ( 1.000000000000000000, -0.000000000000000000, -0.000000000000000000 ) ) ;
#2896 = EDGE_LOOP ( 'NONE', ( #4177, #5901, #1927, #5620 ) ) ;
#2897 = EDGE_CURVE ( 'NONE', #2219, #2552, #3240, .T. ) ;
#2898 = CARTESIAN_POINT ( 'NONE',  ( -26.00000000000000000, 18.15685424949254667, -6.843145750507550140 ) ) ;
#2899 = CARTESIAN_POINT ( 'NONE',  ( -14.98768373480797500, 61.94593937371147518, -24.99999999999999289 ) ) ;
#2900 = ORIENTED_EDGE ( 'NONE', *, *, #545, .T. ) ;
#2901 = CARTESIAN_POINT ( 'NONE',  ( -28.69370315004787031, 2.500000000000000888, -24.00000000000001776 ) ) ;
#2902 = ORIENTED_EDGE ( 'NONE', *, *, #492, .F. ) ;
#2903 = CARTESIAN_POINT ( 'NONE',  ( 14.24999999999978861, 96.44000000000002615, -13.11449676604731174 ) ) ;
#2904 = DIRECTION ( 'NONE',  ( 3.520350958453880090E-46, -2.029344161882401514E-31, 1.000000000000000000 ) ) ;
#2905 = CARTESIAN_POINT ( 'NONE',  ( 27.99999999999999289, 12.49999999999999822, 0.000000000000000000 ) ) ;
#2906 = DIRECTION ( 'NONE',  ( 1.000000000000000000, 0.000000000000000000, 0.000000000000000000 ) ) ;
#2907 = ORIENTED_EDGE ( 'NONE', *, *, #6463, .F. ) ;
#2908 = DIRECTION ( 'NONE',  ( -1.000000000000000000, 1.541976423090495387E-16, 0.000000000000000000 ) ) ;
#2909 = AXIS2_PLACEMENT_3D ( 'NONE', #5504, #2712, #6964 ) ;
#2910 = EDGE_CURVE ( 'NONE', #2258, #3698, #7617, .T. ) ;
#2911 = DIRECTION ( 'NONE',  ( 1.000000000000000000, -0.000000000000000000, -0.000000000000000000 ) ) ;
#2912 = EDGE_CURVE ( 'NONE', #605, #259, #3537, .T. ) ;
#2913 = DIRECTION ( 'NONE',  ( 1.000000000000000000, -1.541976423090495387E-16, 0.000000000000000000 ) ) ;
#2914 = ORIENTED_EDGE ( 'NONE', *, *, #2288, .F. ) ;
#2915 = CARTESIAN_POINT ( 'NONE',  ( -26.00000000000000000, 22.65000000000001990, -12.50000000000000000 ) ) ;
#2916 = EDGE_LOOP ( 'NONE', ( #2465, #2300 ) ) ;
#2917 = AXIS2_PLACEMENT_3D ( 'NONE', #6108, #8968, #6630 ) ;
#2918 = CARTESIAN_POINT ( 'NONE',  ( 28.07029951316432914, 48.61918494047679928, 0.000000000000000000 ) ) ;
#2919 = EDGE_LOOP ( 'NONE', ( #8171, #2157, #2881, #4930 ) ) ;
#2920 = CARTESIAN_POINT ( 'NONE',  ( -2.053768692359101854E-13, 80.80934643409020168, -11.54289884801876198 ) ) ;
#2921 = FACE_OUTER_BOUND ( 'NONE', #3333, .T. ) ;
#2922 = ADVANCED_FACE ( 'NONE', ( #7178 ), #733, .F. ) ;
#2923 = VECTOR ( 'NONE', #8816, 1000.000000000000000 ) ;
#2924 = CARTESIAN_POINT ( 'NONE',  ( -29.90105210950081371, 3.514449455749053985, -19.05907698995607191 ) ) ;
#2925 = EDGE_CURVE ( 'NONE', #7818, #214, #3086, .T. ) ;
#2926 = DIRECTION ( 'NONE',  ( 0.000000000000000000, 1.000000000000000000, 0.000000000000000000 ) ) ;
#2927 = CARTESIAN_POINT ( 'NONE',  ( -8.399223068573766326, 78.09909387501738820, -2.000000000000011990 ) ) ;
#2928 = CARTESIAN_POINT ( 'NONE',  ( 58.00000000000002132, 19.45000000000002061, -12.50000000000000000 ) ) ;
#2929 = CARTESIAN_POINT ( 'NONE',  ( -17.75000000000019540, 96.44000000000002615, -15.65739561406607372 ) ) ;
#2930 = ORIENTED_EDGE ( 'NONE', *, *, #1353, .F. ) ;
#2931 = AXIS2_PLACEMENT_3D ( 'NONE', #1979, #4114, #8346 ) ;
#2932 = CIRCLE ( 'NONE', #7901, 2.149999999999999023 ) ;
#2933 = VERTEX_POINT ( 'NONE', #1002 ) ;
#2934 = DIRECTION ( 'NONE',  ( -1.000000000000000000, -1.892425610156517122E-16, -0.000000000000000000 ) ) ;
#2935 = ORIENTED_EDGE ( 'NONE', *, *, #2303, .F. ) ;
#2936 = AXIS2_PLACEMENT_3D ( 'NONE', #7406, #6046, #3917 ) ;
#2937 = DIRECTION ( 'NONE',  ( 1.000000000000000000, 0.000000000000000000, 0.000000000000000000 ) ) ;
#2938 = CARTESIAN_POINT ( 'NONE',  ( -22.25000000000000000, 106.9403061905773598, -14.59999999999999787 ) ) ;
#2940 = EDGE_LOOP ( 'NONE', ( #5221, #6281 ) ) ;
#2939 = VECTOR ( 'NONE', #9016, 1000.000000000000114 ) ;
#2941 = LINE ( 'NONE', #5830, #843 ) ;
#2942 = CARTESIAN_POINT ( 'NONE',  ( -22.25000000000000000, 113.9403061905773598, -7.599999999999997868 ) ) ;
#2943 = ORIENTED_EDGE ( 'NONE', *, *, #9187, .T. ) ;
#2944 = CARTESIAN_POINT ( 'NONE',  ( -26.25000000000000355, 0.000000000000000000, -2.000000000000000000 ) ) ;
#2945 = AXIS2_PLACEMENT_3D ( 'NONE', #905, #1543, #1722 ) ;
#2946 = ORIENTED_EDGE ( 'NONE', *, *, #3134, .T. ) ;
#2947 = AXIS2_PLACEMENT_3D ( 'NONE', #2491, #8057, #5383 ) ;
#2948 = EDGE_CURVE ( 'NONE', #7848, #2528, #4143, .T. ) ;
#2949 = CARTESIAN_POINT ( 'NONE',  ( 29.99999999999999645, 12.49999999999999822, -2.000000000000000000 ) ) ;
#2950 = DIRECTION ( 'NONE',  ( 0.000000000000000000, 1.000000000000000000, 0.000000000000000000 ) ) ;
#2951 = COORDINATED_UNIVERSAL_TIME_OFFSET ( 8, 0, .AHEAD. ) ;
#2952 = VECTOR ( 'NONE', #1554, 1000.000000000000000 ) ;
#2953 = FACE_OUTER_BOUND ( 'NONE', #651, .T. ) ;
#2954 = VERTEX_POINT ( 'NONE', #8900 ) ;
#2955 = CYLINDRICAL_SURFACE ( 'NONE', #6498, 1.049999999999998934 ) ;
#2956 = ADVANCED_FACE ( 'NONE', ( #7448 ), #5327, .F. ) ;
#2957 = CIRCLE ( 'NONE', #6583, 3.000000000000000000 ) ;
#2958 = CARTESIAN_POINT ( 'NONE',  ( 2.163118960624425657, 104.4400000000000261, -13.11449676604731351 ) ) ;
#2959 = CARTESIAN_POINT ( 'NONE',  ( 22.54999999999997229, 118.9400000000000972, -24.99999999999999289 ) ) ;
#2960 = CARTESIAN_POINT ( 'NONE',  ( 22.24999999999998579, 116.0903061905773939, -7.599999999999997868 ) ) ;
#2961 = EDGE_LOOP ( 'NONE', ( #2900, #3877 ) ) ;
#2962 = DIRECTION ( 'NONE',  ( 0.000000000000000000, 1.000000000000000000, -0.000000000000000000 ) ) ;
#2963 = VERTEX_POINT ( 'NONE', #3776 ) ;
#2964 = CARTESIAN_POINT ( 'NONE',  ( -23.55000000000000782, 106.9403061905773598, -14.59999999999999787 ) ) ;
#2965 = AXIS2_PLACEMENT_3D ( 'NONE', #3243, #5238, #4474 ) ;
#2966 = DIRECTION ( 'NONE',  ( 0.5427066596637479812, 0.8399223068573764550, -0.000000000000000000 ) ) ;
#2967 = B_SPLINE_CURVE_WITH_KNOTS ( 'NONE', 3,
 ( #4009, #8430, #5528, #6231, #4907, #7641, #1192, #9226, #6944, #2777 ),
 .UNSPECIFIED., .F., .F.,
 ( 4, 2, 2, 2, 4 ),
 ( 0.000000000000000000, 0.0004042941302821366706, 0.0008085882605642733412, 0.001212882390846410120, 0.001617176521128546682 ),
 .UNSPECIFIED. ) ;
#2968 = CARTESIAN_POINT ( 'NONE',  ( -28.52958853457301558, 2.570234076185295979, -21.71117709099334903 ) ) ;
#2969 = CARTESIAN_POINT ( 'NONE',  ( 8.773401785887994464, 56.29615242270664055, -24.99999999999999289 ) ) ;
#2970 = DIRECTION ( 'NONE',  ( -1.000000000000000000, -1.892425610156517122E-16, -0.000000000000000000 ) ) ;
#2972 = VERTEX_POINT ( 'NONE', #8761 ) ;
#2971 = AXIS2_PLACEMENT_3D ( 'NONE', #625, #9078, #4807 ) ;
#2973 = AXIS2_PLACEMENT_3D ( 'NONE', #721, #5661, #1409 ) ;
#2974 = CARTESIAN_POINT ( 'NONE',  ( 22.99999999999999289, 9.474063049833725714, -25.49999999999999645 ) ) ;
#2975 = CARTESIAN_POINT ( 'NONE',  ( 16.57654914134644741, 96.44000000000002615, -15.65739561406607372 ) ) ;
#2976 = ORIENTED_EDGE ( 'NONE', *, *, #101, .F. ) ;
#2977 = EDGE_CURVE ( 'NONE', #3855, #814, #6556, .T. ) ;
#2978 = EDGE_CURVE ( 'NONE', #1344, #8502, #6798, .T. ) ;
#2979 = ORIENTED_EDGE ( 'NONE', *, *, #1104, .F. ) ;
#2980 = VECTOR ( 'NONE', #5791, 1000.000000000000114 ) ;
#2981 = ORIENTED_EDGE ( 'NONE', *, *, #2912, .F. ) ;
#2982 = CARTESIAN_POINT ( 'NONE',  ( -27.99999999999999289, -2.775557561562890562E-15, -2.000000000000000000 ) ) ;
#2983 = CIRCLE ( 'NONE', #8395, 2.000000000000000000 ) ;
#2984 = VECTOR ( 'NONE', #6973, 1000.000000000000000 ) ;
#2985 = AXIS2_PLACEMENT_3D ( 'NONE', #5727, #647, #8533 ) ;
#2986 = CARTESIAN_POINT ( 'NONE',  ( 24.11467814749093819, 106.6080903125310471, -16.73683459878814972 ) ) ;
#2987 = CARTESIAN_POINT ( 'NONE',  ( 10.07906768228851391, 77.01368055568988780, -1.999999999999999556 ) ) ;
#2988 = ORIENTED_EDGE ( 'NONE', *, *, #8093, .T. ) ;
#2989 = LINE ( 'NONE', #1528, #8195 ) ;
#2990 = DIRECTION ( 'NONE',  ( -0.000000000000000000, 1.000000000000000000, -0.000000000000000000 ) ) ;
#2991 = ORIENTED_EDGE ( 'NONE', *, *, #6801, .F. ) ;
#2992 = ADVANCED_FACE ( 'NONE', ( #8055 ), #312, .F. ) ;
#2993 = AXIS2_PLACEMENT_3D ( 'NONE', #7366, #8814, #5245 ) ;
#2994 = ORIENTED_EDGE ( 'NONE', *, *, #4771, .T. ) ;
#2995 = VECTOR ( 'NONE', #6338, 1000.000000000000000 ) ;
#2996 = DIRECTION ( 'NONE',  ( 0.000000000000000000, 0.000000000000000000, 1.000000000000000000 ) ) ;
#2997 = VERTEX_POINT ( 'NONE', #2356 ) ;
#2998 = CARTESIAN_POINT ( 'NONE',  ( 0.000000000000000000, 0.000000000000000000, 0.000000000000000000 ) ) ;
#2999 = EDGE_CURVE ( 'NONE', #3825, #7050, #2441, .T. ) ;
#3000 = FACE_OUTER_BOUND ( 'NONE', #1556, .T. ) ;
#3001 = EDGE_LOOP ( 'NONE', ( #4543, #4558, #2935, #8749 ) ) ;
#3002 = CARTESIAN_POINT ( 'NONE',  ( 3.499999999999790834, 104.4400000000000261, -9.000000000000000000 ) ) ;
#3003 = CIRCLE ( 'NONE', #3162, 9.000000000000001776 ) ;
#3004 = CYLINDRICAL_SURFACE ( 'NONE', #2945, 1.999999999999999334 ) ;
#3005 = CARTESIAN_POINT ( 'NONE',  ( 1.336881039375164004, 80.80934643409020168, -15.65739561406607727 ) ) ;
#3006 = DIRECTION ( 'NONE',  ( -0.5427066596637477591, 0.8399223068573764550, -0.000000000000000000 ) ) ;
#3008 = VERTEX_POINT ( 'NONE', #1600 ) ;
#3007 = CIRCLE ( 'NONE', #37, 1.000000000000000888 ) ;
#3009 = EDGE_CURVE ( 'NONE', #4437, #2668, #8192, .T. ) ;
#3010 = CARTESIAN_POINT ( 'NONE',  ( -23.31393684833121327, 13.00576307427963663, -1.663936848331197593 ) ) ;
#3011 = EDGE_LOOP ( 'NONE', ( #6565, #1839, #2784, #9213 ) ) ;
#3012 = CARTESIAN_POINT ( 'NONE',  ( 26.99999999999999289, 55.01062534441197727, -2.000000000000001776 ) ) ;
#3013 = ORIENTED_EDGE ( 'NONE', *, *, #3099, .F. ) ;
#3014 = DIRECTION ( 'NONE',  ( 0.000000000000000000, 1.000000000000000000, 0.000000000000000000 ) ) ;
#3015 = AXIS2_PLACEMENT_3D ( 'NONE', #8750, #8564, #2292 ) ;
#3016 = LINE ( 'NONE', #313, #483 ) ;
#3017 = DIRECTION ( 'NONE',  ( 9.912705577010326782E-17, -1.000000000000000000, 0.000000000000000000 ) ) ;
#3018 = DIRECTION ( 'NONE',  ( 0.000000000000000000, 1.000000000000000000, 0.000000000000000000 ) ) ;
#3019 = EDGE_LOOP ( 'NONE', ( #8298, #8974 ) ) ;
#3020 = CARTESIAN_POINT ( 'NONE',  ( -26.25000000000000355, 102.3196380149609155, -23.00000000000000000 ) ) ;
#3021 = DIRECTION ( 'NONE',  ( -0.000000000000000000, 0.000000000000000000, 1.000000000000000000 ) ) ;
#3022 = EDGE_LOOP ( 'NONE', ( #2032, #3800, #8787, #717, #6552, #2591, #6786, #4928, #360, #1288 ) ) ;
#3023 = EDGE_LOOP ( 'NONE', ( #800, #2073, #3393, #6247, #6343 ) ) ;
#3024 = EDGE_LOOP ( 'NONE', ( #2656, #4226, #7836, #6148 ) ) ;
#3025 = CARTESIAN_POINT ( 'NONE',  ( -25.99999999999999645, 19.45000000000000284, -12.50000000000000000 ) ) ;
#3026 = CARTESIAN_POINT ( 'NONE',  ( -23.99999999999999289, 17.10685424949253175, -6.843145750507550140 ) ) ;
#3027 = EDGE_CURVE ( 'NONE', #140, #8890, #3694, .T. ) ;
#3028 = CARTESIAN_POINT ( 'NONE',  ( -22.55000000000001847, 118.9400000000000261, -24.73205080756887853 ) ) ;
#3029 = EDGE_CURVE ( 'NONE', #8526, #6459, #4901, .T. ) ;
#3030 = DIRECTION ( 'NONE',  ( -0.000000000000000000, 0.000000000000000000, 1.000000000000000000 ) ) ;
#3031 = FACE_OUTER_BOUND ( 'NONE', #4546, .T. ) ;
#3032 = ORIENTED_EDGE ( 'NONE', *, *, #7829, .T. ) ;
#3033 = DIRECTION ( 'NONE',  ( 4.939004732627447424E-32, 2.602085213965210149E-16, 1.000000000000000000 ) ) ;
#3034 = CARTESIAN_POINT ( 'NONE',  ( -23.72685034008369698, 107.6064771508411582, -16.64827952584851545 ) ) ;
#3035 = ORIENTED_EDGE ( 'NONE', *, *, #584, .T. ) ;
#3036 = CARTESIAN_POINT ( 'NONE',  ( -22.99999999999999645, 2.499999999999998224, -20.00000000000000000 ) ) ;
#3037 = EDGE_CURVE ( 'NONE', #636, #3825, #7363, .T. ) ;
#3038 = VERTEX_POINT ( 'NONE', #4618 ) ;
#3039 = APPLICATION_PROTOCOL_DEFINITION ( 'international standard', 'config_control_design', 1994, #3609 ) ;
#3040 = LINE ( 'NONE', #5929, #8176 ) ;
#3041 = CARTESIAN_POINT ( 'NONE',  ( 16.57654914134644741, 98.44000000000002615, 0.000000000000000000 ) ) ;
#3042 = EDGE_LOOP ( 'NONE', ( #8573, #3320, #5161, #6175 ) ) ;
#3043 = CARTESIAN_POINT ( 'NONE',  ( 29.99999999999998579, 4.285636193760955059, -25.43716373319178103 ) ) ;
#3044 = ORIENTED_EDGE ( 'NONE', *, *, #9089, .F. ) ;
#3045 = ORIENTED_EDGE ( 'NONE', *, *, #5302, .F. ) ;
#3046 = CARTESIAN_POINT ( 'NONE',  ( -23.99999999999999289, 20.50000000000000355, -12.50000000000000000 ) ) ;
#3047 = EDGE_CURVE ( 'NONE', #3459, #2512, #5660, .T. ) ;
#3048 = LINE ( 'NONE', #3948, #4629 ) ;
#3049 = CARTESIAN_POINT ( 'NONE',  ( -23.55000000000001847, 113.9403061905773598, -7.599999999999997868 ) ) ;
#3050 = CARTESIAN_POINT ( 'NONE',  ( 25.99999999999999645, 17.10685424949230438, -18.15685424949224469 ) ) ;
#3051 = ORIENTED_EDGE ( 'NONE', *, *, #3668, .F. ) ;
#3052 = CARTESIAN_POINT ( 'NONE',  ( -25.99999999999999645, 19.20685424949252607, -6.843145750507550140 ) ) ;
#3053 = ORIENTED_EDGE ( 'NONE', *, *, #8793, .F. ) ;
#3054 = DIRECTION ( 'NONE',  ( 1.000000000000000000, 0.000000000000000000, 0.000000000000000000 ) ) ;
#3055 = ORIENTED_EDGE ( 'NONE', *, *, #385, .T. ) ;
#3056 = B_SPLINE_CURVE_WITH_KNOTS ( 'NONE', 3,
 ( #3217, #4585, #2560, #1663, #8212, #2369, #6061, #9013, #6814, #8917, #3127, #1800, #8123, #6860 ),
 .UNSPECIFIED., .F., .F.,
 ( 4, 2, 2, 2, 2, 2, 4 ),
 ( 0.0006643507593714529464, 0.001093793152134514210, 0.001523235544897575799, 0.002382120330423689002, 0.002811562723186749723, 0.003241005115949810011, 0.004099889901475932755 ),
 .UNSPECIFIED. ) ;
#3057 = TOROIDAL_SURFACE ( 'NONE', #3816, 10.50000000000000000, 2.000000000000000000 ) ;
#3058 = LINE ( 'NONE', #8810, #1881 ) ;
#3059 = EDGE_CURVE ( 'NONE', #4864, #8252, #1583, .T. ) ;
#3060 = EDGE_CURVE ( 'NONE', #6258, #4849, #4669, .T. ) ;
#3061 = DIRECTION ( 'NONE',  ( 0.3090169943749482284, 1.053076637743355143E-16, -0.9510565162951533091 ) ) ;
#3062 = AXIS2_PLACEMENT_3D ( 'NONE', #7566, #6818, #936 ) ;
#3063 = FACE_OUTER_BOUND ( 'NONE', #1159, .T. ) ;
#3064 = CARTESIAN_POINT ( 'NONE',  ( 22.24999999999998579, 113.9403061905773740, -7.599999999999997868 ) ) ;
#3065 = CARTESIAN_POINT ( 'NONE',  ( -8.399223068573766326, 78.09909387501738820, -25.00000000000002132 ) ) ;
#3066 = LINE ( 'NONE', #3824, #2468 ) ;
#3067 = ORIENTED_EDGE ( 'NONE', *, *, #4548, .T. ) ;
#3068 = VERTEX_POINT ( 'NONE', #169 ) ;
#3069 = VECTOR ( 'NONE', #2895, 1000.000000000000000 ) ;
#3070 = ORIENTED_EDGE ( 'NONE', *, *, #7057, .T. ) ;
#3071 = CARTESIAN_POINT ( 'NONE',  ( -10.07906768228851213, 77.01368055568988780, 0.000000000000000000 ) ) ;
#3072 = EDGE_CURVE ( 'NONE', #5437, #2271, #3058, .T. ) ;
#3073 = DIRECTION ( 'NONE',  ( 0.000000000000000000, 1.000000000000000000, 0.000000000000000000 ) ) ;
#3074 = CARTESIAN_POINT ( 'NONE',  ( -25.99999999999999645, 13.82287565553229314, -25.00000000000000000 ) ) ;
#3075 = DIRECTION ( 'NONE',  ( -0.000000000000000000, 0.000000000000000000, 1.000000000000000000 ) ) ;
#3076 = CARTESIAN_POINT ( 'NONE',  ( 19.93623836877595323, 92.26917336134502534, -25.00000000000000000 ) ) ;
#3077 = ORIENTED_EDGE ( 'NONE', *, *, #6450, .F. ) ;
#3078 = CARTESIAN_POINT ( 'NONE',  ( -23.00000000000000000, 35.00000000000000000, -25.00000000000000000 ) ) ;
#3079 = DIRECTION ( 'NONE',  ( 1.000000000000000000, 0.000000000000000000, 0.000000000000000000 ) ) ;
#3080 = EDGE_LOOP ( 'NONE', ( #7097, #1426, #6879, #482 ) ) ;
#3081 = AXIS2_PLACEMENT_3D ( 'NONE', #2694, #6372, #7732 ) ;
#3082 = VECTOR ( 'NONE', #8185, 1000.000000000000000 ) ;
#3083 = DIRECTION ( 'NONE',  ( 1.000000000000000000, 0.000000000000000000, 0.000000000000000000 ) ) ;
#3084 = EDGE_CURVE ( 'NONE', #7777, #4437, #4528, .T. ) ;
#3085 = VERTEX_POINT ( 'NONE', #3817 ) ;
#3086 = CIRCLE ( 'NONE', #1726, 9.000000000000001776 ) ;
#3087 = FACE_OUTER_BOUND ( 'NONE', #5554, .T. ) ;
#3088 = AXIS2_PLACEMENT_3D ( 'NONE', #6724, #280, #3130 ) ;
#3089 = B_SPLINE_CURVE_WITH_KNOTS ( 'NONE', 3,
 ( #1969, #4816, #5479, #7034 ),
 .UNSPECIFIED., .F., .F.,
 ( 4, 4 ),
 ( -0.001539126803204813243, 0.001511212567133968969 ),
 .UNSPECIFIED. ) ;
#3090 = ORIENTED_EDGE ( 'NONE', *, *, #8679, .F. ) ;
#3091 = CARTESIAN_POINT ( 'NONE',  ( 29.74894598793981970, 3.010853537086042309, -18.95973937042562341 ) ) ;
#3092 = CARTESIAN_POINT ( 'NONE',  ( -23.55000000000000071, 103.9400000000000261, -33.26047906222267159 ) ) ;
#3093 = VERTEX_POINT ( 'NONE', #6700 ) ;
#3094 = AXIS2_PLACEMENT_3D ( 'NONE', #1467, #7874, #121 ) ;
#3095 = EDGE_CURVE ( 'NONE', #4978, #7242, #8858, .T. ) ;
#3096 = FACE_OUTER_BOUND ( 'NONE', #1861, .T. ) ;
#3097 = EDGE_CURVE ( 'NONE', #6544, #1658, #9179, .T. ) ;
#3098 = EDGE_LOOP ( 'NONE', ( #8683, #4972, #168, #6968 ) ) ;
#3099 = EDGE_CURVE ( 'NONE', #567, #4538, #7906, .T. ) ;
#3100 = CARTESIAN_POINT ( 'NONE',  ( -23.00000000000000000, 9.053179648447564176, -25.50000000000000355 ) ) ;
#3101 = DIRECTION ( 'NONE',  ( 1.000000000000000000, 1.734723475976807292E-15, -0.000000000000000000 ) ) ;
#3102 = AXIS2_PLACEMENT_3D ( 'NONE', #2476, #6690, #948 ) ;
#3103 = DIRECTION ( 'NONE',  ( 0.000000000000000000, 0.000000000000000000, -1.000000000000000000 ) ) ;
#3104 = DIRECTION ( 'NONE',  ( -1.000000000000000000, -9.912705577010326782E-17, 0.000000000000000000 ) ) ;
#3105 = CARTESIAN_POINT ( 'NONE',  ( 27.99999999999999289, 12.49999999999999822, -12.50000000000000000 ) ) ;
#3106 = ORIENTED_EDGE ( 'NONE', *, *, #6840, .F. ) ;
#3107 = DIRECTION ( 'NONE',  ( 1.000000000000000000, 1.541976423090495387E-16, 0.000000000000000000 ) ) ;
#3108 = AXIS2_PLACEMENT_3D ( 'NONE', #1535, #4723, #1576 ) ;
#3109 = DIRECTION ( 'NONE',  ( -0.8090169943749471182, 6.508371548838544909E-17, -0.5877852522924735812 ) ) ;
#3110 = PLANE ( 'NONE',  #917 ) ;
#3111 = AXIS2_PLACEMENT_3D ( 'NONE', #7887, #746, #6487 ) ;
#3112 = CARTESIAN_POINT ( 'NONE',  ( 13.98768373480797855, 60.21388856614260021, 0.000000000000000000 ) ) ;
#3113 = CARTESIAN_POINT ( 'NONE',  ( 29.99999999999999645, 22.65000000000000924, -12.50000000000000000 ) ) ;
#3114 = DIRECTION ( 'NONE',  ( 0.000000000000000000, 1.000000000000000000, -0.000000000000000000 ) ) ;
#3115 = DIRECTION ( 'NONE',  ( 1.000000000000000000, -1.541976423090495387E-16, -0.000000000000000000 ) ) ;
#3116 = ORIENTED_EDGE ( 'NONE', *, *, #1670, .F. ) ;
#3117 = AXIS2_PLACEMENT_3D ( 'NONE', #4717, #3441, #5576 ) ;
#3118 = DIRECTION ( 'NONE',  ( -1.000000000000000000, -1.892425610156517122E-16, -0.000000000000000000 ) ) ;
#3119 = EDGE_CURVE ( 'NONE', #3508, #3632, #4851, .T. ) ;
#3120 = ORIENTED_EDGE ( 'NONE', *, *, #7823, .T. ) ;
#3121 = EDGE_LOOP ( 'NONE', ( #8480, #8600, #5175, #5428, #4354, #8262, #999, #7554, #4701 ) ) ;
#3122 = DIRECTION ( 'NONE',  ( 0.000000000000000000, 0.000000000000000000, 1.000000000000000000 ) ) ;
#3123 = DIRECTION ( 'NONE',  ( -1.000000000000000000, -1.892425610156517122E-16, -0.000000000000000000 ) ) ;
#3124 = LINE ( 'NONE', #4634, #4364 ) ;
#3125 = VECTOR ( 'NONE', #4555, 999.9999999999998863 ) ;
#3126 = VECTOR ( 'NONE', #4192, 1000.000000000000000 ) ;
#3127 = CARTESIAN_POINT ( 'NONE',  ( 23.84770110250489594, 2.039167218793128455, -7.500000000000006217 ) ) ;
#3128 = FACE_OUTER_BOUND ( 'NONE', #6114, .T. ) ;
#3129 = ORIENTED_EDGE ( 'NONE', *, *, #1415, .F. ) ;
#3130 = DIRECTION ( 'NONE',  ( 0.000000000000000000, 1.000000000000000000, 0.000000000000000000 ) ) ;
#3131 = CARTESIAN_POINT ( 'NONE',  ( -24.11371302469601119, 106.6098381976866420, -16.73718843984912752 ) ) ;
#3132 = EDGE_LOOP ( 'NONE', ( #4961, #4842, #4185, #4001 ) ) ;
#3133 = EDGE_CURVE ( 'NONE', #8741, #5072, #6977, .T. ) ;
#3134 = EDGE_CURVE ( 'NONE', #517, #8101, #1270, .T. ) ;
#3135 = TOROIDAL_SURFACE ( 'NONE', #7950, 9.000000000000001776, 3.000000000000000000 ) ;
#3136 = AXIS2_PLACEMENT_3D ( 'NONE', #4846, #3908, #6790 ) ;
#3137 = EDGE_LOOP ( 'NONE', ( #153, #7886 ) ) ;
#3138 = CARTESIAN_POINT ( 'NONE',  ( -29.18868807863893622, 2.141805849835897835, -18.82641227285255425 ) ) ;
#3139 = TOROIDAL_SURFACE ( 'NONE', #2070, 8.000000000000000000, 2.000000000000000000 ) ;
#3140 = VERTEX_POINT ( 'NONE', #581 ) ;
#3141 = COORDINATED_UNIVERSAL_TIME_OFFSET ( 8, 0, .AHEAD. ) ;
#3142 = VECTOR ( 'NONE', #3114, 1000.000000000000000 ) ;
#3143 = AXIS2_PLACEMENT_3D ( 'NONE', #4420, #6598, #3103 ) ;
#3144 = CARTESIAN_POINT ( 'NONE',  ( 21.54999999999999361, 108.9309918853872148, -2.000000000000001776 ) ) ;
#3145 = CARTESIAN_POINT ( 'NONE',  ( -23.55000000000001137, 108.9309918853871579, -13.78779899995159219 ) ) ;
#3146 = ORIENTED_EDGE ( 'NONE', *, *, #2586, .F. ) ;
#3147 = AXIS2_PLACEMENT_3D ( 'NONE', #5608, #4945, #7859 ) ;
#3148 = CARTESIAN_POINT ( 'NONE',  ( 8.399223068573766326, 78.09909387501738820, -5.551115123125782702E-14 ) ) ;
#3149 = EDGE_LOOP ( 'NONE', ( #2319, #4118, #3258, #5802 ) ) ;
#3150 = LINE ( 'NONE', #3807, #5220 ) ;
#3151 = DIRECTION ( 'NONE',  ( -0.000000000000000000, 1.000000000000000000, -0.000000000000000000 ) ) ;
#3152 = CARTESIAN_POINT ( 'NONE',  ( -17.98768373480796257, 67.14209179641811431, -2.000000000000001776 ) ) ;
#3153 = ADVANCED_FACE ( 'NONE', ( #5432 ), #7682, .T. ) ;
#3154 = ADVANCED_FACE ( 'NONE', ( #450, #8376 ), #498, .T. ) ;
#3155 = DIRECTION ( 'NONE',  ( 1.000000000000000000, 0.000000000000000000, 0.000000000000000000 ) ) ;
#3156 = CARTESIAN_POINT ( 'NONE',  ( 24.00000000000000711, 19.45000000000001350, -12.50000000000000000 ) ) ;
#3157 = ADVANCED_FACE ( 'NONE', ( #5570 ), #8512, .T. ) ;
#3158 = VERTEX_POINT ( 'NONE', #6319 ) ;
#3159 = DIRECTION ( 'NONE',  ( 1.613696256722611948E-15, -1.000000000000000000, 0.000000000000000000 ) ) ;
#3160 = CARTESIAN_POINT ( 'NONE',  ( 27.00000000000000000, 35.00000000000000000, -16.50000000000000000 ) ) ;
#3161 = CARTESIAN_POINT ( 'NONE',  ( 25.99999999999999645, 10.35000000000021281, -4.499999999999771738 ) ) ;
#3162 = AXIS2_PLACEMENT_3D ( 'NONE', #4540, #8916, #7518 ) ;
#3163 = EDGE_CURVE ( 'NONE', #3698, #1274, #5613, .T. ) ;
#3164 = DIRECTION ( 'NONE',  ( 0.000000000000000000, 0.000000000000000000, -1.000000000000000000 ) ) ;
#3165 = LINE ( 'NONE', #7409, #4654 ) ;
#3166 = CARTESIAN_POINT ( 'NONE',  ( 58.00000000000002132, 18.15685424949254312, -6.843145750507550140 ) ) ;
#3167 = CYLINDRICAL_SURFACE ( 'NONE', #2773, 3.000000000000002220 ) ;
#3168 = VERTEX_POINT ( 'NONE', #2630 ) ;
#3169 = CARTESIAN_POINT ( 'NONE',  ( -3.500000000000209166, 80.80934643409020168, -9.000000000000001776 ) ) ;
#3170 = ORIENTED_EDGE ( 'NONE', *, *, #5473, .F. ) ;
#3171 = AXIS2_PLACEMENT_3D ( 'NONE', #3815, #3915, #4527 ) ;
#3172 = ORIENTED_EDGE ( 'NONE', *, *, #2912, .T. ) ;
#3173 = DIRECTION ( 'NONE',  ( 0.9510565162951533091, 0.000000000000000000, -0.3090169943749485060 ) ) ;
#3174 = CARTESIAN_POINT ( 'NONE',  ( -1.336881039375571234, 80.80934643409020168, -15.65739561406607727 ) ) ;
#3175 = ADVANCED_FACE ( 'NONE', ( #8465, #537 ), #3299, .T. ) ;
#3176 = DIRECTION ( 'NONE',  ( -0.8660254037844397068, -0.4999999999999979461, -0.000000000000000000 ) ) ;
#3177 = CARTESIAN_POINT ( 'NONE',  ( -29.99999999999999645, -3.500000000000003997, -21.78708781050335830 ) ) ;
#3178 = AXIS2_PLACEMENT_3D ( 'NONE', #5843, #1366, #4234 ) ;
#3179 = ORIENTED_EDGE ( 'NONE', *, *, #7301, .T. ) ;
#3180 = DIRECTION ( 'NONE',  ( -1.000000000000000000, -1.360567432138672574E-16, 0.000000000000000000 ) ) ;
#3181 = CYLINDRICAL_SURFACE ( 'NONE', #536, 2.149999999999999023 ) ;
#3182 = ORIENTED_EDGE ( 'NONE', *, *, #7616, .T. ) ;
#3183 = DIRECTION ( 'NONE',  ( -0.000000000000000000, 0.000000000000000000, 1.000000000000000000 ) ) ;
#3184 = ORIENTED_EDGE ( 'NONE', *, *, #1058, .T. ) ;
#3185 = DIRECTION ( 'NONE',  ( 0.000000000000000000, 0.000000000000000000, 1.000000000000000000 ) ) ;
#3186 = EDGE_CURVE ( 'NONE', #3306, #234, #6569, .T. ) ;
#3187 = ORIENTED_EDGE ( 'NONE', *, *, #5534, .F. ) ;
#3188 = ADVANCED_FACE ( 'NONE', ( #9083, #8424 ), #1317, .T. ) ;
#3189 = CARTESIAN_POINT ( 'NONE',  ( 9.923762078750520743, 80.80934643409020168, -13.11449676604731174 ) ) ;
#3190 = CARTESIAN_POINT ( 'NONE',  ( -16.57654914134644386, 96.44000000000002615, -2.755455298081540045E-15 ) ) ;
#3191 = VERTEX_POINT ( 'NONE', #6841 ) ;
#3192 = ORIENTED_EDGE ( 'NONE', *, *, #4947, .F. ) ;
#3193 = FACE_OUTER_BOUND ( 'NONE', #1025, .T. ) ;
#3194 = DIRECTION ( 'NONE',  ( 1.000000000000000000, -1.541976423090495387E-16, 0.000000000000000000 ) ) ;
#3195 = DIRECTION ( 'NONE',  ( 0.000000000000000000, -1.000000000000000000, -1.156482317317873204E-16 ) ) ;
#3196 = DIRECTION ( 'NONE',  ( 0.000000000000000000, 1.000000000000000000, 0.000000000000000000 ) ) ;
#3197 = VERTEX_POINT ( 'NONE', #8993 ) ;
#3198 = CARTESIAN_POINT ( 'NONE',  ( 11.26830527994896336, 71.48374507372810172, -23.00000000000000000 ) ) ;
#3199 = EDGE_CURVE ( 'NONE', #636, #7401, #2487, .T. ) ;
#3200 = ADVANCED_FACE ( 'NONE', ( #8327 ), #5364, .T. ) ;
#3201 = CARTESIAN_POINT ( 'NONE',  ( -23.55000000000001847, 113.9403061905773455, -21.59999999999999787 ) ) ;
#3202 = DIRECTION ( 'NONE',  ( 1.000000000000000000, -1.541976423090495387E-16, -0.000000000000000000 ) ) ;
#3203 = CARTESIAN_POINT ( 'NONE',  ( 29.99999999999999645, 1.043560762610397319, -17.50000000000000000 ) ) ;
#3204 = CARTESIAN_POINT ( 'NONE',  ( -29.99999999999999645, 4.828427124746174748, -23.50000000000000000 ) ) ;
#3205 = FACE_OUTER_BOUND ( 'NONE', #3358, .T. ) ;
#3206 = ORIENTED_EDGE ( 'NONE', *, *, #2764, .F. ) ;
#3207 = CARTESIAN_POINT ( 'NONE',  ( 24.57948633105718628, 4.392444270672590356, -17.58556429342189276 ) ) ;
#3208 = ORIENTED_EDGE ( 'NONE', *, *, #5763, .T. ) ;
#3209 = EDGE_CURVE ( 'NONE', #5264, #9106, #6719, .T. ) ;
#3210 = EDGE_CURVE ( 'NONE', #7004, #7131, #2151, .T. ) ;
#3211 = ORIENTED_EDGE ( 'NONE', *, *, #4548, .F. ) ;
#3212 = CARTESIAN_POINT ( 'NONE',  ( 20.25000000000000000, 104.4400000000000261, -25.00000000000000000 ) ) ;
#3213 = EDGE_CURVE ( 'NONE', #6773, #792, #5046, .T. ) ;
#3214 = CARTESIAN_POINT ( 'NONE',  ( 23.54999999999997939, 117.9400000000000972, -1.267949192431123473 ) ) ;
#3215 = AXIS2_PLACEMENT_3D ( 'NONE', #2154, #8790, #1372 ) ;
#3216 = CARTESIAN_POINT ( 'NONE',  ( -2.163118960624837328, 104.4400000000000261, -13.11449676604731174 ) ) ;
#3217 = CARTESIAN_POINT ( 'NONE',  ( 26.00000000000000000, 1.043560762610393988, -7.500000000000007105 ) ) ;
#3218 = LINE ( 'NONE', #6815, #6097 ) ;
#3219 = ORIENTED_EDGE ( 'NONE', *, *, #2188, .T. ) ;
#3220 = CARTESIAN_POINT ( 'NONE',  ( 23.54999999999998295, 113.9403061905773598, -21.59999999999999787 ) ) ;
#3221 = CARTESIAN_POINT ( 'NONE',  ( -19.93623836877596034, 92.26917336134502534, -25.00000000000000000 ) ) ;
#3222 = ORIENTED_EDGE ( 'NONE', *, *, #5693, .T. ) ;
#3223 = AXIS2_PLACEMENT_3D ( 'NONE', #8026, #7851, #139 ) ;
#3224 = ORIENTED_EDGE ( 'NONE', *, *, #6701, .F. ) ;
#3225 = CARTESIAN_POINT ( 'NONE',  ( -29.84343779477822878, 3.246399776103696233, -19.00144045219514766 ) ) ;
#3226 = VERTEX_POINT ( 'NONE', #8000 ) ;
#3227 = AXIS2_PLACEMENT_3D ( 'NONE', #2938, #2233, #5125 ) ;
#3228 = CIRCLE ( 'NONE', #3839, 2.149999999999999023 ) ;
#3229 = CARTESIAN_POINT ( 'NONE',  ( 29.84732257084518992, 3.710523538425058110, -19.60682239485794298 ) ) ;
#3230 = ORIENTED_EDGE ( 'NONE', *, *, #689, .F. ) ;
#3231 = DIRECTION ( 'NONE',  ( -1.000000000000000000, -1.892425610156517122E-16, -0.000000000000000000 ) ) ;
#3232 = EDGE_LOOP ( 'NONE', ( #2310, #31, #179, #6252 ) ) ;
#3233 = EDGE_CURVE ( 'NONE', #3068, #636, #2109, .T. ) ;
#3234 = CIRCLE ( 'NONE', #1137, 6.000000000000001776 ) ;
#3235 = ORIENTED_EDGE ( 'NONE', *, *, #5182, .T. ) ;
#3236 = CIRCLE ( 'NONE', #6111, 2.149999999999999023 ) ;
#3237 = DIRECTION ( 'NONE',  ( -0.5427066596637477591, -0.8399223068573764550, -0.000000000000000000 ) ) ;
#3238 = DIRECTION ( 'NONE',  ( 0.000000000000000000, 1.000000000000000000, 0.000000000000000000 ) ) ;
#3239 = CARTESIAN_POINT ( 'NONE',  ( 22.99999999999999645, 1.689189189189192808, -18.77505933142119687 ) ) ;
#3240 = CIRCLE ( 'NONE', #2179, 2.000000000000001776 ) ;
#3241 = DIRECTION ( 'NONE',  ( -1.000000000000000000, -9.912705577010326782E-17, 0.000000000000000000 ) ) ;
#3242 = AXIS2_PLACEMENT_3D ( 'NONE', #1140, #6893, #9042 ) ;
#3243 = CARTESIAN_POINT ( 'NONE',  ( -23.00000000000000000, 48.08242211413647027, -128.1790850899541852 ) ) ;
#3244 = VERTEX_POINT ( 'NONE', #1500 ) ;
#3245 = CARTESIAN_POINT ( 'NONE',  ( 1.336881039375164004, 96.44000000000002615, -15.65739561406607727 ) ) ;
#3246 = EDGE_CURVE ( 'NONE', #2512, #5934, #262, .T. ) ;
#3247 = AXIS2_PLACEMENT_3D ( 'NONE', #8042, #6788, #4608 ) ;
#3248 = CARTESIAN_POINT ( 'NONE',  ( -26.00000000000000000, 20.30685424949231077, -18.15685424949224469 ) ) ;
#3249 = CIRCLE ( 'NONE', #8513, 12.50000000000000178 ) ;
#3250 = LINE ( 'NONE', #6139, #1917 ) ;
#3251 = DIRECTION ( 'NONE',  ( -1.000000000000000000, -9.912705577010326782E-17, 0.000000000000000000 ) ) ;
#3252 = CARTESIAN_POINT ( 'NONE',  ( 28.55000000000000071, 108.9309918853872290, -2.636397599255198695E-17 ) ) ;
#3253 = LINE ( 'NONE', #6143, #2516 ) ;
#3254 = CYLINDRICAL_SURFACE ( 'NONE', #7152, 0.8999999999999998002 ) ;
#3255 = ORIENTED_EDGE ( 'NONE', *, *, #5979, .F. ) ;
#3256 = AXIS2_PLACEMENT_3D ( 'NONE', #573, #9121, #7715 ) ;
#3257 = DIRECTION ( 'NONE',  ( -0.3090169943749482284, 0.000000000000000000, 0.9510565162951533091 ) ) ;
#3258 = ORIENTED_EDGE ( 'NONE', *, *, #511, .T. ) ;
#3259 = ORIENTED_EDGE ( 'NONE', *, *, #1829, .T. ) ;
#3260 = LINE ( 'NONE', #2554, #1575 ) ;
#3261 = DIRECTION ( 'NONE',  ( 1.000000000000000000, -0.000000000000000000, -0.000000000000000000 ) ) ;
#3262 = AXIS2_PLACEMENT_3D ( 'NONE', #7237, #1564, #5120 ) ;
#3263 = CYLINDRICAL_SURFACE ( 'NONE', #5712, 6.000000000000001776 ) ;
#3264 = CARTESIAN_POINT ( 'NONE',  ( -24.99999999999999645, 12.50000000000000888, -7.500000000000000000 ) ) ;
#3265 = DIRECTION ( 'NONE',  ( 0.000000000000000000, 1.000000000000000000, 0.000000000000000000 ) ) ;
#3266 = LINE ( 'NONE', #9014, #98 ) ;
#3267 = ADVANCED_FACE ( 'NONE', ( #1408 ), #2034, .T. ) ;
#3268 = EDGE_LOOP ( 'NONE', ( #3013, #2498, #7008, #8429 ) ) ;
#3269 = EDGE_CURVE ( 'NONE', #7023, #4383, #2643, .T. ) ;
#3270 = DIRECTION ( 'NONE',  ( 1.613696256722611948E-15, -1.000000000000000000, 0.000000000000000000 ) ) ;
#3271 = DIRECTION ( 'NONE',  ( -0.8660254037844397068, 0.4999999999999979461, -0.000000000000000000 ) ) ;
#3272 = VERTEX_POINT ( 'NONE', #66 ) ;
#3273 = ORIENTED_EDGE ( 'NONE', *, *, #790, .T. ) ;
#3274 = CARTESIAN_POINT ( 'NONE',  ( 22.24999999999998579, 116.0903061905773939, -7.599999999999997868 ) ) ;
#3275 = AXIS2_PLACEMENT_3D ( 'NONE', #4573, #3823, #6004 ) ;
#3276 = CIRCLE ( 'NONE', #5721, 2.149999999999999023 ) ;
#3277 = ORIENTED_EDGE ( 'NONE', *, *, #6171, .T. ) ;
#3278 = DIRECTION ( 'NONE',  ( -1.000000000000000000, 1.734723475976807094E-15, -0.000000000000000000 ) ) ;
#3279 = FACE_OUTER_BOUND ( 'NONE', #1434, .T. ) ;
#3280 = ORIENTED_EDGE ( 'NONE', *, *, #5054, .F. ) ;
#3281 = VECTOR ( 'NONE', #4184, 1000.000000000000000 ) ;
#3282 = AXIS2_PLACEMENT_3D ( 'NONE', #1319, #4331, #2824 ) ;
#3283 = DIRECTION ( 'NONE',  ( 1.000000000000000000, 0.000000000000000000, -0.000000000000000000 ) ) ;
#3284 = ORIENTED_EDGE ( 'NONE', *, *, #781, .T. ) ;
#3285 = AXIS2_PLACEMENT_3D ( 'NONE', #6129, #574, #3290 ) ;
#3286 = ORIENTED_EDGE ( 'NONE', *, *, #6133, .F. ) ;
#3287 = CARTESIAN_POINT ( 'NONE',  ( -8.586881039375560576, 96.44000000000002615, -9.000000000000001776 ) ) ;
#3288 = AXIS2_PLACEMENT_3D ( 'NONE', #4841, #2665, #6215 ) ;
#3289 = AXIS2_PLACEMENT_3D ( 'NONE', #1224, #493, #5425 ) ;
#3290 = DIRECTION ( 'NONE',  ( 0.000000000000000000, 1.000000000000000000, 0.000000000000000000 ) ) ;
#3291 = CARTESIAN_POINT ( 'NONE',  ( -11.58728778948666793, 2.499999999999999556, -20.00000000000000000 ) ) ;
#3292 = ADVANCED_FACE ( 'NONE', ( #629 ), #8565, .F. ) ;
#3293 = AXIS2_PLACEMENT_3D ( 'NONE', #6239, #4776, #8301 ) ;
#3294 = DIRECTION ( 'NONE',  ( -0.000000000000000000, 0.000000000000000000, 1.000000000000000000 ) ) ;
#3295 = VERTEX_POINT ( 'NONE', #2958 ) ;
#3296 = DIRECTION ( 'NONE',  ( 1.000000000000000000, 1.360567432138672574E-16, -0.000000000000000000 ) ) ;
#3297 = LOCAL_TIME ( 15, 29, 41.00000000000000000, #5176 ) ;
#3298 = AXIS2_PLACEMENT_3D ( 'NONE', #8197, #1007, #8723 ) ;
#3299 = PLANE ( 'NONE',  #4307 ) ;
#3300 = CARTESIAN_POINT ( 'NONE',  ( -27.99478144879476105, 18.08852343133674268, 0.000000000000000000 ) ) ;
#3301 = ADVANCED_FACE ( 'NONE', ( #7956 ), #1456, .T. ) ;
#3302 = CARTESIAN_POINT ( 'NONE',  ( 24.00000000000000355, 4.313272937247753624, -6.500000000000006217 ) ) ;
#3303 = DIRECTION ( 'NONE',  ( 0.000000000000000000, 1.000000000000000000, 0.000000000000000000 ) ) ;
#3304 = VERTEX_POINT ( 'NONE', #7166 ) ;
#3305 = DIRECTION ( 'NONE',  ( 0.5877852522924723599, 0.000000000000000000, 0.8090169943749481174 ) ) ;
#3306 = VERTEX_POINT ( 'NONE', #5658 ) ;
#3307 = FACE_OUTER_BOUND ( 'NONE', #8463, .T. ) ;
#3308 = ORIENTED_EDGE ( 'NONE', *, *, #6839, .F. ) ;
#3309 = EDGE_LOOP ( 'NONE', ( #1850, #4885, #2350, #6688 ) ) ;
#3310 = CYLINDRICAL_SURFACE ( 'NONE', #4753, 5.999999999999998224 ) ;
#3311 = TOROIDAL_SURFACE ( 'NONE', #7826, 7.000000000000000000, 2.000000000000000000 ) ;
#3312 = LINE ( 'NONE', #1380, #8221 ) ;
#3313 = DIRECTION ( 'NONE',  ( 0.000000000000000000, -1.000000000000000000, 0.000000000000000000 ) ) ;
#3314 = LINE ( 'NONE', #7560, #1499 ) ;
#3315 = DIRECTION ( 'NONE',  ( 0.000000000000000000, 0.000000000000000000, 1.000000000000000000 ) ) ;
#3316 = DIRECTION ( 'NONE',  ( -1.000000000000000000, 0.000000000000000000, 0.000000000000000000 ) ) ;
#3317 = ORIENTED_EDGE ( 'NONE', *, *, #4668, .T. ) ;
#3318 = CARTESIAN_POINT ( 'NONE',  ( 28.25000000000000000, 94.08030619057737454, -128.1790850899541852 ) ) ;
#3319 = DIRECTION ( 'NONE',  ( -0.5877852522924732481, 0.000000000000000000, 0.8090169943749473402 ) ) ;
#3320 = ORIENTED_EDGE ( 'NONE', *, *, #7143, .F. ) ;
#3321 = CIRCLE ( 'NONE', #490, 10.00000000000000000 ) ;
#3322 = DIRECTION ( 'NONE',  ( 1.734723475976807292E-15, -1.000000000000000000, 0.000000000000000000 ) ) ;
#3323 = B_SPLINE_CURVE_WITH_KNOTS ( 'NONE', 3,
 ( #8362, #6121, #4744, #5462, #6826, #1902, #6256, #382, #5602, #1817 ),
 .UNSPECIFIED., .F., .F.,
 ( 4, 2, 2, 2, 4 ),
 ( 0.000000000000000000, 0.0004042941302821371585, 0.0008085882605642743170, 0.001212882390846409687, 0.001617176521128544948 ),
 .UNSPECIFIED. ) ;
#3324 = EDGE_LOOP ( 'NONE', ( #3772, #1697, #2514, #2274 ) ) ;
#3325 = EDGE_CURVE ( 'NONE', #5401, #986, #8680, .T. ) ;
#3326 = CARTESIAN_POINT ( 'NONE',  ( 29.25177415199270570, 11.90390915698976393, -25.50000000000000000 ) ) ;
#3327 = EDGE_CURVE ( 'NONE', #6136, #6258, #2345, .T. ) ;
#3328 = ORIENTED_EDGE ( 'NONE', *, *, #5959, .T. ) ;
#3329 = CARTESIAN_POINT ( 'NONE',  ( 28.90549605040904169, 2.711697642095774796, -21.55645362461369174 ) ) ;
#3330 = ORIENTED_EDGE ( 'NONE', *, *, #7487, .T. ) ;
#3331 = FACE_OUTER_BOUND ( 'NONE', #4207, .T. ) ;
#3332 = VERTEX_POINT ( 'NONE', #6036 ) ;
#3333 = EDGE_LOOP ( 'NONE', ( #362, #3328 ) ) ;
#3334 = EDGE_CURVE ( 'NONE', #7242, #496, #8960, .T. ) ;
#3335 = LINE ( 'NONE', #5423, #1732 ) ;
#3336 = DIRECTION ( 'NONE',  ( -0.000000000000000000, 0.000000000000000000, 1.000000000000000000 ) ) ;
#3337 = EDGE_CURVE ( 'NONE', #4111, #9246, #8063, .T. ) ;
#3338 = CARTESIAN_POINT ( 'NONE',  ( 25.99999999999999645, 16.00685424949230296, -18.15685424949224469 ) ) ;
#3339 = CARTESIAN_POINT ( 'NONE',  ( -29.99999999999999645, 12.49999999999999822, -12.50000000000000000 ) ) ;
#3340 = EDGE_LOOP ( 'NONE', ( #3646, #4477, #1672, #4600 ) ) ;
#3341 = CARTESIAN_POINT ( 'NONE',  ( 23.00000000000000000, 17.90008671797830786, -2.731442041075798688 ) ) ;
#3342 = CARTESIAN_POINT ( 'NONE',  ( -11.58728778948666793, 12.49999999999999822, -25.50000000000000355 ) ) ;
#3343 = CARTESIAN_POINT ( 'NONE',  ( -14.25000000000020250, 80.80934643409020168, -13.11449676604731174 ) ) ;
#3344 = DIRECTION ( 'NONE',  ( -0.000000000000000000, 0.000000000000000000, 1.000000000000000000 ) ) ;
#3345 = CARTESIAN_POINT ( 'NONE',  ( -23.99999999999999289, 11.44999999999986251, -20.49999999999977618 ) ) ;
#3346 = ORIENTED_EDGE ( 'NONE', *, *, #1172, .T. ) ;
#3347 = CARTESIAN_POINT ( 'NONE',  ( -22.55000000000001492, 118.9400000000000261, -128.1790850899541852 ) ) ;
#3348 = EDGE_LOOP ( 'NONE', ( #1970, #4455 ) ) ;
#3349 = CYLINDRICAL_SURFACE ( 'NONE', #4221, 0.8999999999999980238 ) ;
#3350 = ORIENTED_EDGE ( 'NONE', *, *, #6857, .T. ) ;
#3351 = EDGE_CURVE ( 'NONE', #84, #6475, #4911, .T. ) ;
#3352 = CARTESIAN_POINT ( 'NONE',  ( 26.25000000000000355, 102.3196380149609865, -2.000000000000000000 ) ) ;
#3353 = CARTESIAN_POINT ( 'NONE',  ( -14.25000000000020250, 80.80934643409020168, -13.11449676604731174 ) ) ;
#3354 = CARTESIAN_POINT ( 'NONE',  ( -1.370220966009151922E-15, 13.82287565553228781, -25.00000000000000000 ) ) ;
#3355 = DIRECTION ( 'NONE',  ( 1.000000000000000000, 0.000000000000000000, 0.000000000000000000 ) ) ;
#3356 = FACE_OUTER_BOUND ( 'NONE', #6309, .T. ) ;
#3357 = DIRECTION ( 'NONE',  ( -9.912705577010326782E-17, 1.000000000000000000, 0.000000000000000000 ) ) ;
#3358 = EDGE_LOOP ( 'NONE', ( #8633, #4028, #830, #8884 ) ) ;
#3359 = PLANE ( 'NONE',  #9249 ) ;
#3360 = CARTESIAN_POINT ( 'NONE',  ( -17.98768373480796257, 67.14209179641811431, -2.000000000000001776 ) ) ;
#3361 = ORIENTED_EDGE ( 'NONE', *, *, #6449, .T. ) ;
#3362 = EDGE_CURVE ( 'NONE', #4936, #986, #2434, .T. ) ;
#3363 = AXIS2_PLACEMENT_3D ( 'NONE', #2614, #3465, #8313 ) ;
#3364 = ORIENTED_EDGE ( 'NONE', *, *, #6120, .T. ) ;
#3365 = CARTESIAN_POINT ( 'NONE',  ( -37.75000000000000711, 113.9403061905773740, -6.699999999999990408 ) ) ;
#3366 = VERTEX_POINT ( 'NONE', #8094 ) ;
#3367 = CARTESIAN_POINT ( 'NONE',  ( 28.52958853456862442, 1.775812335989518376, -18.78419425756893091 ) ) ;
#3368 = EDGE_LOOP ( 'NONE', ( #2364, #180, #8031, #4934 ) ) ;
#3369 = CIRCLE ( 'NONE', #85, 0.9000000000000075717 ) ;
#3370 = EDGE_CURVE ( 'NONE', #6299, #5785, #856, .T. ) ;
#3371 = CARTESIAN_POINT ( 'NONE',  ( -29.93886311683439416, 3.997407642694255081, -20.00467784089988044 ) ) ;
#3372 = EDGE_LOOP ( 'NONE', ( #5227, #4595 ) ) ;
#3373 = VERTEX_POINT ( 'NONE', #3100 ) ;
#3374 = AXIS2_PLACEMENT_3D ( 'NONE', #8736, #7468, #6018 ) ;
#3375 = LINE ( 'NONE', #9072, #4605 ) ;
#3376 = DIRECTION ( 'NONE',  ( 1.000000000000000000, 0.000000000000000000, 0.000000000000000000 ) ) ;
#3377 = EDGE_CURVE ( 'NONE', #2383, #7767, #7177, .T. ) ;
#3378 = ADVANCED_FACE ( 'NONE', ( #7398 ), #1680, .T. ) ;
#3379 = DIRECTION ( 'NONE',  ( 0.4999999999999980016, 0.8660254037844398178, -0.000000000000000000 ) ) ;
#3380 = ORIENTED_EDGE ( 'NONE', *, *, #5769, .F. ) ;
#3381 = VECTOR ( 'NONE', #4722, 1000.000000000000000 ) ;
#3382 = AXIS2_PLACEMENT_3D ( 'NONE', #6213, #1216, #9164 ) ;
#3383 = DIRECTION ( 'NONE',  ( -1.734723475976807094E-15, 1.000000000000000000, 0.000000000000000000 ) ) ;
#3384 = CARTESIAN_POINT ( 'NONE',  ( -22.25000000000000000, 113.9403061905773455, -21.59999999999999787 ) ) ;
#3385 = TOROIDAL_SURFACE ( 'NONE', #5809, 9.000000000000001776, 3.000000000000000000 ) ;
#3386 = DIRECTION ( 'NONE',  ( -0.5427066596637479812, -0.8399223068573764550, 0.000000000000000000 ) ) ;
#3387 = VECTOR ( 'NONE', #1707, 1000.000000000000000 ) ;
#3388 = CYLINDRICAL_SURFACE ( 'NONE', #3242, 2.149999999999999023 ) ;
#3389 = CARTESIAN_POINT ( 'NONE',  ( 23.54999999999998650, 112.3085893033692884, -22.99999999999999645 ) ) ;
#3390 = VERTEX_POINT ( 'NONE', #7489 ) ;
#3391 = CARTESIAN_POINT ( 'NONE',  ( 28.00000000000000000, 12.50000000000001421, -16.50000000000000000 ) ) ;
#3393 = ORIENTED_EDGE ( 'NONE', *, *, #442, .F. ) ;
#3392 = B_SPLINE_CURVE_WITH_KNOTS ( 'NONE', 3,
 ( #946, #2342, #6738, #1585, #3043, #8889 ),
 .UNSPECIFIED., .F., .F.,
 ( 4, 2, 4 ),
 ( 8.673617379884035472E-19, 0.0006424577849354513046, 0.001284915569870902826 ),
 .UNSPECIFIED. ) ;
#3394 = CARTESIAN_POINT ( 'NONE',  ( -37.75000000000000711, 106.9403061905773740, -14.59999999999999787 ) ) ;
#3395 = ORIENTED_EDGE ( 'NONE', *, *, #6548, .T. ) ;
#3396 = VECTOR ( 'NONE', #991, 1000.000000000000000 ) ;
#3397 = DIRECTION ( 'NONE',  ( -8.673617379884044347E-16, 3.017433397865766290E-16, -1.000000000000000000 ) ) ;
#3398 = DIRECTION ( 'NONE',  ( -1.000000000000000000, 0.000000000000000000, 0.000000000000000000 ) ) ;
#3399 = ORIENTED_EDGE ( 'NONE', *, *, #8076, .F. ) ;
#3400 = FACE_OUTER_BOUND ( 'NONE', #5323, .T. ) ;
#3401 = AXIS2_PLACEMENT_3D ( 'NONE', #622, #7067, #99 ) ;
#3402 = DIRECTION ( 'NONE',  ( -1.000000000000000000, 1.898094922533725623E-16, 0.000000000000000000 ) ) ;
#3403 = FACE_OUTER_BOUND ( 'NONE', #4030, .T. ) ;
#3404 = ORIENTED_EDGE ( 'NONE', *, *, #3504, .T. ) ;
#3405 = ADVANCED_FACE ( 'NONE', ( #3765 ), #3004, .T. ) ;
#3406 = B_SPLINE_CURVE_WITH_KNOTS ( 'NONE', 3,
 ( #83, #2791, #4213, #6524, #6567, #4255, #44, #1475, #2270, #2889, #8585, #2171 ),
 .UNSPECIFIED., .F., .F.,
 ( 4, 2, 2, 2, 2, 4 ),
 ( -9.271755268891173366E-06, 0.001032485986389881320, 0.002074243728048653836, 0.003116001469707425919, 0.003636880340536814346, 0.004157759211366203640 ),
 .UNSPECIFIED. ) ;
#3407 = DIRECTION ( 'NONE',  ( 0.000000000000000000, 0.000000000000000000, 1.000000000000000000 ) ) ;
#3408 = CARTESIAN_POINT ( 'NONE',  ( -5.773401785888006899, 60.10000000000000853, 0.000000000000000000 ) ) ;
#3409 = ORIENTED_EDGE ( 'NONE', *, *, #4655, .F. ) ;
#3410 = VECTOR ( 'NONE', #2466, 1000.000000000000114 ) ;
#3411 = ORIENTED_EDGE ( 'NONE', *, *, #7431, .T. ) ;
#3412 = DIRECTION ( 'NONE',  ( 0.000000000000000000, 0.000000000000000000, 1.000000000000000000 ) ) ;
#3413 = EDGE_LOOP ( 'NONE', ( #1866, #2172, #5408, #3486 ) ) ;
#3414 = EDGE_CURVE ( 'NONE', #567, #5416, #3150, .T. ) ;
#3415 = DIRECTION ( 'NONE',  ( -1.000000000000000000, 1.541976423090495387E-16, 0.000000000000000000 ) ) ;
#3416 = LINE ( 'NONE', #6302, #6684 ) ;
#3417 = ORIENTED_EDGE ( 'NONE', *, *, #3072, .F. ) ;
#3418 = VECTOR ( 'NONE', #1157, 1000.000000000000000 ) ;
#3419 = CARTESIAN_POINT ( 'NONE',  ( -29.22257133908451365, 2.888381764953697584, -21.36048541338008988 ) ) ;
#3420 = ORIENTED_EDGE ( 'NONE', *, *, #8775, .F. ) ;
#3421 = AXIS2_PLACEMENT_3D ( 'NONE', #2733, #1275, #7594 ) ;
#3422 = ORIENTED_EDGE ( 'NONE', *, *, #7969, .T. ) ;
#3423 = FACE_OUTER_BOUND ( 'NONE', #8782, .T. ) ;
#3424 = FACE_OUTER_BOUND ( 'NONE', #1967, .T. ) ;
#3425 = DIRECTION ( 'NONE',  ( 0.000000000000000000, -1.000000000000000000, 0.000000000000000000 ) ) ;
#3426 = AXIS2_PLACEMENT_3D ( 'NONE', #8562, #2105, #8650 ) ;
#3427 = AXIS2_PLACEMENT_3D ( 'NONE', #7259, #6320, #7821 ) ;
#3428 = LINE ( 'NONE', #1266, #7497 ) ;
#3429 = VERTEX_POINT ( 'NONE', #5937 ) ;
#3430 = DIRECTION ( 'NONE',  ( 0.000000000000000000, -1.000000000000000000, 0.000000000000000000 ) ) ;
#3431 = TOROIDAL_SURFACE ( 'NONE', #8999, 6.000000000000000888, 1.000000000000000000 ) ;
#3432 = CIRCLE ( 'NONE', #4803, 6.000000000000000000 ) ;
#3433 = EDGE_CURVE ( 'NONE', #6117, #7401, #858, .T. ) ;
#3434 = DIRECTION ( 'NONE',  ( -0.8090169943749475623, -0.000000000000000000, 0.5877852522924731371 ) ) ;
#3435 = ADVANCED_FACE ( 'NONE', ( #1039, #5279, #3906, #4559 ), #4419, .T. ) ;
#3436 = CIRCLE ( 'NONE', #2690, 3.000000000000000000 ) ;
#3437 = DIRECTION ( 'NONE',  ( 0.8399223068573765660, -0.5427066596637478701, 0.000000000000000000 ) ) ;
#3438 = CARTESIAN_POINT ( 'NONE',  ( -29.99999999999998934, 4.392707066155373319, -25.45498819300128091 ) ) ;
#3439 = CARTESIAN_POINT ( 'NONE',  ( 27.99999999999999289, 12.49999999999999822, -12.50000000000000000 ) ) ;
#3440 = ORIENTED_EDGE ( 'NONE', *, *, #4218, .F. ) ;
#3441 = DIRECTION ( 'NONE',  ( 1.000000000000000000, -1.541976423090495387E-16, 0.000000000000000000 ) ) ;
#3442 = EDGE_LOOP ( 'NONE', ( #2029, #33 ) ) ;
#3443 = LINE ( 'NONE', #6328, #1916 ) ;
#3444 = ORIENTED_EDGE ( 'NONE', *, *, #3982, .T. ) ;
#3445 = CIRCLE ( 'NONE', #443, 3.000000000000000000 ) ;
#3446 = VECTOR ( 'NONE', #4866, 1000.000000000000000 ) ;
#3447 = CYLINDRICAL_SURFACE ( 'NONE', #5358, 12.50000000000000000 ) ;
#3448 = EDGE_CURVE ( 'NONE', #7032, #3459, #6646, .T. ) ;
#3449 = DIRECTION ( 'NONE',  ( 0.000000000000000000, 0.000000000000000000, -1.000000000000000000 ) ) ;
#3450 = ORIENTED_EDGE ( 'NONE', *, *, #5637, .F. ) ;
#3451 = DIRECTION ( 'NONE',  ( 0.3090169943749468962, 0.000000000000000000, 0.9510565162951537532 ) ) ;
#3452 = LINE ( 'NONE', #2741, #3418 ) ;
#3453 = DIRECTION ( 'NONE',  ( -0.000000000000000000, 1.000000000000000000, -0.000000000000000000 ) ) ;
#3454 = EDGE_LOOP ( 'NONE', ( #558, #3440, #5009, #2260 ) ) ;
#3455 = DIRECTION ( 'NONE',  ( -0.8660254037844407060, -0.4999999999999966138, 0.000000000000000000 ) ) ;
#3456 = PLANE ( 'NONE',  #3523 ) ;
#3457 = ORIENTED_EDGE ( 'NONE', *, *, #8899, .T. ) ;
#3458 = VECTOR ( 'NONE', #2357, 1000.000000000000000 ) ;
#3459 = VERTEX_POINT ( 'NONE', #344 ) ;
#3460 = DIRECTION ( 'NONE',  ( 0.7071067811865444641, 8.659560562354969836E-17, 0.7071067811865505703 ) ) ;
#3461 = ADVANCED_FACE ( 'NONE', ( #3193 ), #6077, .F. ) ;
#3462 = ORIENTED_EDGE ( 'NONE', *, *, #3481, .F. ) ;
#3463 = AXIS2_PLACEMENT_3D ( 'NONE', #7175, #8717, #2831 ) ;
#3464 = CARTESIAN_POINT ( 'NONE',  ( 23.14585914235984276, 11.77665385095292727, -23.48621570229754951 ) ) ;
#3465 = DIRECTION ( 'NONE',  ( 1.000000000000000000, 0.000000000000000000, 0.000000000000000000 ) ) ;
#3466 = EDGE_LOOP ( 'NONE', ( #2131, #8053, #6066, #5826 ) ) ;
#3467 = CARTESIAN_POINT ( 'NONE',  ( -20.25000000000000355, 96.44000000000002615, -2.000000000000000000 ) ) ;
#3468 = ORIENTED_EDGE ( 'NONE', *, *, #8321, .T. ) ;
#3469 =( BOUNDED_CURVE ( )  B_SPLINE_CURVE ( 3, ( #2435, #1042, #345, #2477 ),
 .UNSPECIFIED., .F., .T. ) 
 B_SPLINE_CURVE_WITH_KNOTS ( ( 4, 4 ),
 ( -3.552713678800500929E-15, 1.570796326794901665 ),
 .UNSPECIFIED. ) 
 CURVE ( )  GEOMETRIC_REPRESENTATION_ITEM ( )  RATIONAL_B_SPLINE_CURVE ( ( 1.000000000000000000, 0.8047378541243628280, 0.8047378541243628280, 1.000000000000000000 ) ) 
 REPRESENTATION_ITEM ( '' )  );
#3470 = ORIENTED_EDGE ( 'NONE', *, *, #5807, .T. ) ;
#3471 = VECTOR ( 'NONE', #2003, 1000.000000000000000 ) ;
#3472 = EDGE_CURVE ( 'NONE', #5098, #7204, #2294, .T. ) ;
#3473 = EDGE_CURVE ( 'NONE', #6673, #4737, #6264, .T. ) ;
#3474 = DIRECTION ( 'NONE',  ( 0.000000000000000000, -1.000000000000000000, 0.000000000000000000 ) ) ;
#3475 = LINE ( 'NONE', #4179, #2980 ) ;
#3476 =( LENGTH_UNIT ( ) NAMED_UNIT ( * ) SI_UNIT ( .MILLI., .METRE. ) );
#3477 = CIRCLE ( 'NONE', #2272, 2.000000000000000000 ) ;
#3478 = CYLINDRICAL_SURFACE ( 'NONE', #8991, 2.000000000000001776 ) ;
#3479 = ORIENTED_EDGE ( 'NONE', *, *, #3910, .F. ) ;
#3480 = FACE_OUTER_BOUND ( 'NONE', #3080, .T. ) ;
#3481 = EDGE_CURVE ( 'NONE', #8988, #1527, #2189, .T. ) ;
#3482 = CARTESIAN_POINT ( 'NONE',  ( 24.52823170310164613, 105.9506138798629991, -12.67855877305803958 ) ) ;
#3483 = CARTESIAN_POINT ( 'NONE',  ( -16.57654914134644741, 94.44000000000002615, -2.000000000000001776 ) ) ;
#3484 = CARTESIAN_POINT ( 'NONE',  ( 29.18867195070266973, 2.141792046816159090, -18.82641056258405854 ) ) ;
#3485 = CARTESIAN_POINT ( 'NONE',  ( -30.00000000000000000, 35.00000000000000000, -25.00000000000000000 ) ) ;
#3486 = ORIENTED_EDGE ( 'NONE', *, *, #3059, .T. ) ;
#3487 = FACE_OUTER_BOUND ( 'NONE', #6900, .T. ) ;
#3488 = VERTEX_POINT ( 'NONE', #438 ) ;
#3489 = EDGE_CURVE ( 'NONE', #3093, #814, #3375, .T. ) ;
#3490 = FACE_OUTER_BOUND ( 'NONE', #4526, .T. ) ;
#3491 = EDGE_CURVE ( 'NONE', #4819, #3935, #1588, .T. ) ;
#3492 = ORIENTED_EDGE ( 'NONE', *, *, #5636, .F. ) ;
#3493 = DIRECTION ( 'NONE',  ( 0.000000000000000000, 0.000000000000000000, -1.000000000000000000 ) ) ;
#3494 = DIRECTION ( 'NONE',  ( -1.000000000000000000, 0.000000000000000000, 0.000000000000000000 ) ) ;
#3495 = EDGE_LOOP ( 'NONE', ( #9117, #5501, #6184, #3502, #473, #7667, #9198 ) ) ;
#3496 = CARTESIAN_POINT ( 'NONE',  ( -29.93718902156234307, 3.697282358648771972, -19.09911290060037814 ) ) ;
#3497 = CARTESIAN_POINT ( 'NONE',  ( -27.00000000000000000, 17.50000000000000711, -12.50000000000000000 ) ) ;
#3498 = CARTESIAN_POINT ( 'NONE',  ( 28.25000000000000000, 118.9400000000000119, -23.00000000000000000 ) ) ;
#3499 = ORIENTED_EDGE ( 'NONE', *, *, #6174, .F. ) ;
#3500 = DIRECTION ( 'NONE',  ( 0.000000000000000000, 0.000000000000000000, -1.000000000000000000 ) ) ;
#3501 = DIRECTION ( 'NONE',  ( 0.3090169943749466741, 0.000000000000000000, 0.9510565162951538642 ) ) ;
#3502 = ORIENTED_EDGE ( 'NONE', *, *, #8404, .T. ) ;
#3503 = EDGE_CURVE ( 'NONE', #879, #3806, #3335, .T. ) ;
#3504 = EDGE_CURVE ( 'NONE', #412, #5588, #7019, .T. ) ;
#3505 = ADVANCED_FACE ( 'NONE', ( #4749 ), #6310, .F. ) ;
#3506 = ORIENTED_EDGE ( 'NONE', *, *, #8914, .F. ) ;
#3507 = CARTESIAN_POINT ( 'NONE',  ( 29.52369429566540759, 11.57896203171031502, -25.50000000000000000 ) ) ;
#3508 = VERTEX_POINT ( 'NONE', #6929 ) ;
#3509 = CARTESIAN_POINT ( 'NONE',  ( 22.24999999999998579, 106.9403061905773740, -14.59999999999999787 ) ) ;
#3510 = DIRECTION ( 'NONE',  ( 0.000000000000000000, -1.000000000000000000, 0.000000000000000000 ) ) ;
#3511 = CARTESIAN_POINT ( 'NONE',  ( 28.74128427233616989, 2.630240555887813247, -20.09774435786164304 ) ) ;
#3512 = ORIENTED_EDGE ( 'NONE', *, *, #3084, .F. ) ;
#3513 = CARTESIAN_POINT ( 'NONE',  ( 20.25000000000000355, 113.9403061905773740, -8.500000000000005329 ) ) ;
#3514 = ORIENTED_EDGE ( 'NONE', *, *, #7643, .F. ) ;
#3515 = ORIENTED_EDGE ( 'NONE', *, *, #6716, .T. ) ;
#3516 = FACE_OUTER_BOUND ( 'NONE', #7445, .T. ) ;
#3517 = CARTESIAN_POINT ( 'NONE',  ( -10.27340178588798913, 58.89422863405996367, 0.000000000000000000 ) ) ;
#3518 = LINE ( 'NONE', #5793, #5709 ) ;
#3519 = EDGE_CURVE ( 'NONE', #2732, #8718, #109, .T. ) ;
#3520 = DIRECTION ( 'NONE',  ( -8.019547272036678345E-16, -0.000000000000000000, -1.000000000000000000 ) ) ;
#3521 = ORIENTED_EDGE ( 'NONE', *, *, #5288, .F. ) ;
#3522 = CARTESIAN_POINT ( 'NONE',  ( -21.49999999999998934, 52.41254913305866836, -25.00000000000000000 ) ) ;
#3523 = AXIS2_PLACEMENT_3D ( 'NONE', #8307, #6913, #2028 ) ;
#3524 = CARTESIAN_POINT ( 'NONE',  ( 25.49333738417907469, 104.9734658108850454, -13.72313465824468004 ) ) ;
#3525 = CARTESIAN_POINT ( 'NONE',  ( 30.00000000000000000, 35.00000000000000000, -25.49999999999999645 ) ) ;
#3526 = AXIS2_PLACEMENT_3D ( 'NONE', #5491, #2603, #1889 ) ;
#3527 = CYLINDRICAL_SURFACE ( 'NONE', #5671, 1.050000000000000488 ) ;
#3528 = DIRECTION ( 'NONE',  ( 0.8660254037844397068, 0.4999999999999979461, -0.000000000000000000 ) ) ;
#3529 = ORIENTED_EDGE ( 'NONE', *, *, #1072, .T. ) ;
#3530 = AXIS2_PLACEMENT_3D ( 'NONE', #7523, #8920, #1160 ) ;
#3531 = ADVANCED_FACE ( 'NONE', ( #387 ), #6180, .F. ) ;
#3532 = DIRECTION ( 'NONE',  ( 0.000000000000000000, 0.000000000000000000, 1.000000000000000000 ) ) ;
#3533 = VERTEX_POINT ( 'NONE', #1124 ) ;
#3534 = DIRECTION ( 'NONE',  ( 9.912705577010326782E-17, -1.000000000000000000, 0.000000000000000000 ) ) ;
#3535 = ORIENTED_EDGE ( 'NONE', *, *, #1204, .T. ) ;
#3536 = CIRCLE ( 'NONE', #7005, 2.149999999999999023 ) ;
#3537 = LINE ( 'NONE', #1418, #7013 ) ;
#3538 = AXIS2_PLACEMENT_3D ( 'NONE', #8216, #8306, #6107 ) ;
#3539 = LINE ( 'NONE', #6422, #6889 ) ;
#3540 = DIRECTION ( 'NONE',  ( 0.000000000000000000, -1.000000000000000000, 0.000000000000000000 ) ) ;
#3541 = CARTESIAN_POINT ( 'NONE',  ( -28.74128427233609528, 2.630240555887323417, -20.09774435785980273 ) ) ;
#3542 = DIRECTION ( 'NONE',  ( 0.000000000000000000, 1.000000000000000000, 2.029344161882400639E-31 ) ) ;
#3543 = DIRECTION ( 'NONE',  ( 0.000000000000000000, -0.000000000000000000, -1.000000000000000000 ) ) ;
#3544 = ORIENTED_EDGE ( 'NONE', *, *, #4997, .T. ) ;
#3545 = DIRECTION ( 'NONE',  ( 0.000000000000000000, -1.000000000000000000, 0.000000000000000000 ) ) ;
#3546 = CARTESIAN_POINT ( 'NONE',  ( -17.98768373480796257, 67.14209179641811431, -2.000000000000001776 ) ) ;
#3547 = ORIENTED_EDGE ( 'NONE', *, *, #2118, .F. ) ;
#3548 = AXIS2_PLACEMENT_3D ( 'NONE', #8108, #8943, #1782 ) ;
#3549 = AXIS2_PLACEMENT_3D ( 'NONE', #8196, #8112, #4621 ) ;
#3550 = ORIENTED_EDGE ( 'NONE', *, *, #2518, .F. ) ;
#3551 = CYLINDRICAL_SURFACE ( 'NONE', #7634, 2.149999999999997247 ) ;
#3552 = AXIS2_PLACEMENT_3D ( 'NONE', #6937, #7586, #2679 ) ;
#3553 = ADVANCED_FACE ( 'NONE', ( #2720, #3994, #5465, #1222 ), #491, .T. ) ;
#3554 = EDGE_CURVE ( 'NONE', #6033, #2954, #4091, .T. ) ;
#3555 = ORIENTED_EDGE ( 'NONE', *, *, #9130, .T. ) ;
#3556 = CARTESIAN_POINT ( 'NONE',  ( 23.84742045213380024, 107.2269976587116105, -16.73444618137576256 ) ) ;
#3557 = DIRECTION ( 'NONE',  ( 1.000000000000000000, 1.541976423090495387E-16, 0.000000000000000000 ) ) ;
#3558 = CARTESIAN_POINT ( 'NONE',  ( 24.00000000000000355, 12.50000000000000355, -12.50000000000000000 ) ) ;
#3559 = DIRECTION ( 'NONE',  ( 1.000000000000000000, -1.541976423090495387E-16, -0.000000000000000000 ) ) ;
#3560 = ORIENTED_EDGE ( 'NONE', *, *, #4332, .F. ) ;
#3561 = CARTESIAN_POINT ( 'NONE',  ( 20.57654914134644741, 94.44000000000002615, 0.000000000000000000 ) ) ;
#3562 = VECTOR ( 'NONE', #4510, 1000.000000000000000 ) ;
#3563 = ORIENTED_EDGE ( 'NONE', *, *, #5520, .T. ) ;
#3564 = DIRECTION ( 'NONE',  ( -1.000000000000000000, -1.892425610156517122E-16, -0.000000000000000000 ) ) ;
#3565 = EDGE_CURVE ( 'NONE', #762, #7403, #7770, .T. ) ;
#3566 = DIRECTION ( 'NONE',  ( -4.939004732627448519E-32, -2.602085213965210149E-16, -1.000000000000000000 ) ) ;
#3567 = AXIS2_PLACEMENT_3D ( 'NONE', #5012, #7130, #7875 ) ;
#3568 = DIRECTION ( 'NONE',  ( 0.000000000000000000, 1.000000000000000000, 0.000000000000000000 ) ) ;
#3569 = VECTOR ( 'NONE', #164, 1000.000000000000000 ) ;
#3570 = DIRECTION ( 'NONE',  ( 0.000000000000000000, 0.000000000000000000, -1.000000000000000000 ) ) ;
#3571 = VERTEX_POINT ( 'NONE', #2580 ) ;
#3572 = FACE_OUTER_BOUND ( 'NONE', #2082, .T. ) ;
#3573 = CARTESIAN_POINT ( 'NONE',  ( 23.55618765993622077, 108.6718701656489969, -13.31855348075418277 ) ) ;
#3574 = TOROIDAL_SURFACE ( 'NONE', #5701, 12.00000000000000000, 2.000000000000000000 ) ;
#3575 = EDGE_CURVE ( 'NONE', #7876, #6773, #7627, .T. ) ;
#3576 = PLANE ( 'NONE',  #4795 ) ;
#3577 = VECTOR ( 'NONE', #3766, 1000.000000000000000 ) ;
#3578 = CARTESIAN_POINT ( 'NONE',  ( -25.99999999999999645, 13.82287565553229314, -22.00000000000000355 ) ) ;
#3579 = FACE_OUTER_BOUND ( 'NONE', #4442, .T. ) ;
#3580 = VERTEX_POINT ( 'NONE', #1772 ) ;
#3581 = CARTESIAN_POINT ( 'NONE',  ( 11.26830527994896158, 71.48374507372810172, -2.000000000000000000 ) ) ;
#3582 = ORIENTED_EDGE ( 'NONE', *, *, #8121, .F. ) ;
#3583 = AXIS2_PLACEMENT_3D ( 'NONE', #3394, #1277, #9138 ) ;
#3584 = CARTESIAN_POINT ( 'NONE',  ( 20.25000000000000000, 98.44000000000002615, 0.000000000000000000 ) ) ;
#3585 = AXIS2_PLACEMENT_3D ( 'NONE', #7588, #1186, #538 ) ;
#3586 = EDGE_LOOP ( 'NONE', ( #7535, #5899, #3713, #6119, #1679, #2548, #3053 ) ) ;
#3587 = CIRCLE ( 'NONE', #596, 0.9000000000000119016 ) ;
#3588 = CARTESIAN_POINT ( 'NONE',  ( 8.586881039375148461, 80.80934643409020168, -9.000000000000001776 ) ) ;
#3589 = EDGE_CURVE ( 'NONE', #4077, #1685, #118, .T. ) ;
#3590 = EDGE_CURVE ( 'NONE', #3068, #8586, #3711, .T. ) ;
#3591 = ORIENTED_EDGE ( 'NONE', *, *, #4051, .F. ) ;
#3592 = CARTESIAN_POINT ( 'NONE',  ( -28.72054491039931534, 1.853789078472263041, -18.79275088872115163 ) ) ;
#3593 = CIRCLE ( 'NONE', #7661, 1.049999999999998934 ) ;
#3594 = CIRCLE ( 'NONE', #6013, 1.049999999999998934 ) ;
#3595 = DIRECTION ( 'NONE',  ( -1.000000000000000000, -9.912705577010326782E-17, 0.000000000000000000 ) ) ;
#3596 = CARTESIAN_POINT ( 'NONE',  ( -5.773401785888006899, 60.10000000000000853, -25.00000000000000000 ) ) ;
#3597 = ORIENTED_EDGE ( 'NONE', *, *, #6562, .T. ) ;
#3598 = CARTESIAN_POINT ( 'NONE',  ( 24.45702920788156476, 11.92199582767752553, -25.50000000000000355 ) ) ;
#3599 = DIRECTION ( 'NONE',  ( -1.000000000000000000, 0.000000000000000000, 0.000000000000000000 ) ) ;
#3600 = ORIENTED_EDGE ( 'NONE', *, *, #3857, .T. ) ;
#3601 = AXIS2_PLACEMENT_3D ( 'NONE', #6428, #2841, #9286 ) ;
#3602 = PRODUCT_DEFINITION_FORMATION_WITH_SPECIFIED_SOURCE ( '任何', '', #506, .NOT_KNOWN. ) ;
#3603 = ORIENTED_EDGE ( 'NONE', *, *, #7769, .F. ) ;
#3604 = DIRECTION ( 'NONE',  ( -0.000000000000000000, 1.000000000000000000, -0.000000000000000000 ) ) ;
#3605 = VERTEX_POINT ( 'NONE', #1261 ) ;
#3606 = FACE_OUTER_BOUND ( 'NONE', #5441, .T. ) ;
#3607 = DIRECTION ( 'NONE',  ( 1.000000000000000000, 0.000000000000000000, 0.000000000000000000 ) ) ;
#3608 = VERTEX_POINT ( 'NONE', #7016 ) ;
#3609 = APPLICATION_CONTEXT ( 'configuration controlled 3d designs of mechanical parts and assemblies' ) ;
#3610 = PLANE ( 'NONE',  #4891 ) ;
#3611 = CARTESIAN_POINT ( 'NONE',  ( 24.44816949192296107, 4.178031629789412449, -7.500000000000007105 ) ) ;
#3612 = EDGE_LOOP ( 'NONE', ( #2123, #7962 ) ) ;
#3613 = FACE_OUTER_BOUND ( 'NONE', #4843, .T. ) ;
#3614 = ADVANCED_FACE ( 'NONE', ( #3423 ), #4661, .F. ) ;
#3615 = EDGE_CURVE ( 'NONE', #4308, #1219, #1493, .T. ) ;
#3616 = VERTEX_POINT ( 'NONE', #6451 ) ;
#3617 = FACE_BOUND ( 'NONE', #5267, .T. ) ;
#3618 = VECTOR ( 'NONE', #4070, 1000.000000000000000 ) ;
#3619 = DIRECTION ( 'NONE',  ( 1.000000000000000000, 0.000000000000000000, -0.000000000000000000 ) ) ;
#3620 = CARTESIAN_POINT ( 'NONE',  ( 25.99999999999999645, 16.00685424949253743, -6.843145750507550140 ) ) ;
#3621 = CARTESIAN_POINT ( 'NONE',  ( 26.00000000000000000, 44.61832049899870611, -22.00000000000000711 ) ) ;
#3622 = EDGE_LOOP ( 'NONE', ( #97, #7011, #3420, #6063 ) ) ;
#3623 = VECTOR ( 'NONE', #2641, 1000.000000000000000 ) ;
#3624 = CARTESIAN_POINT ( 'NONE',  ( 26.99999999999999289, 55.01062534441197727, -22.99999999999999289 ) ) ;
#3625 = ADVANCED_FACE ( 'NONE', ( #4178, #3516 ), #8458, .F. ) ;
#3626 = EDGE_CURVE ( 'NONE', #8412, #7460, #7813, .T. ) ;
#3627 = DIRECTION ( 'NONE',  ( 0.000000000000000000, 1.000000000000000000, 0.000000000000000000 ) ) ;
#3628 = B_SPLINE_CURVE_WITH_KNOTS ( 'NONE', 3,
 ( #2277, #7420, #3886, #6721, #972, #4501, #8918, #6772, #3833, #8873, #5166, #326, #1066, #2458, #5305, #5345 ),
 .UNSPECIFIED., .F., .F.,
 ( 4, 2, 2, 2, 2, 2, 2, 4 ),
 ( 0.000000000000000000, 0.0004622676944735673414, 0.0009245353889471346828, 0.001849070777894273486, 0.002311338472367864029, 0.002773606166841453922, 0.003235873861315044682, 0.003698141555788635008 ),
 .UNSPECIFIED. ) ;
#3629 = LINE ( 'NONE', #5096, #7349 ) ;
#3630 = AXIS2_PLACEMENT_3D ( 'NONE', #5228, #7344, #3761 ) ;
#3631 = DIRECTION ( 'NONE',  ( -0.000000000000000000, 0.000000000000000000, 1.000000000000000000 ) ) ;
#3632 = VERTEX_POINT ( 'NONE', #2903 ) ;
#3633 = VERTEX_POINT ( 'NONE', #4990 ) ;
#3634 = DIRECTION ( 'NONE',  ( 1.000000000000000000, -1.541976423090495387E-16, 0.000000000000000000 ) ) ;
#3635 = EDGE_CURVE ( 'NONE', #5836, #9283, #9267, .T. ) ;
#3636 = ORIENTED_EDGE ( 'NONE', *, *, #3942, .T. ) ;
#3637 = PLANE ( 'NONE',  #410 ) ;
#3638 = CARTESIAN_POINT ( 'NONE',  ( -29.02147956843974086, 2.031706702255184460, -18.81329046747393363 ) ) ;
#3639 = CARTESIAN_POINT ( 'NONE',  ( -28.55000000000000782, 108.9309918853871437, 2.514986348589056633E-29 ) ) ;
#3640 = DIRECTION ( 'NONE',  ( 1.000000000000000000, 9.912705577010326782E-17, -0.000000000000000000 ) ) ;
#3641 = ORIENTED_EDGE ( 'NONE', *, *, #6911, .F. ) ;
#3642 = CARTESIAN_POINT ( 'NONE',  ( 24.00000000000000355, 12.50000000000001421, -18.50000000000000355 ) ) ;
#3643 = DIRECTION ( 'NONE',  ( 1.000000000000000000, 0.000000000000000000, 0.000000000000000000 ) ) ;
#3644 = ORIENTED_EDGE ( 'NONE', *, *, #434, .F. ) ;
#3645 = EDGE_CURVE ( 'NONE', #9246, #3847, #6882, .T. ) ;
#3646 = ORIENTED_EDGE ( 'NONE', *, *, #5444, .F. ) ;
#3647 = LINE ( 'NONE', #2275, #3715 ) ;
#3648 = ORIENTED_EDGE ( 'NONE', *, *, #8795, .T. ) ;
#3649 = CARTESIAN_POINT ( 'NONE',  ( 25.65828515749108263, 104.8518006271911531, -15.12720986596438344 ) ) ;
#3650 = CARTESIAN_POINT ( 'NONE',  ( 19.99999999999998934, 49.81447292170534524, -22.00000000000000355 ) ) ;
#3651 = ORIENTED_EDGE ( 'NONE', *, *, #4423, .T. ) ;
#3652 = LINE ( 'NONE', #2237, #7006 ) ;
#3653 = DIRECTION ( 'NONE',  ( 0.000000000000000000, 0.000000000000000000, 1.000000000000000000 ) ) ;
#3654 = VERTEX_POINT ( 'NONE', #8555 ) ;
#3655 = EDGE_CURVE ( 'NONE', #4076, #964, #8972, .T. ) ;
#3656 = CARTESIAN_POINT ( 'NONE',  ( -23.28753429247974438, 13.82287565553229314, -23.28161218218565054 ) ) ;
#3657 = ORIENTED_EDGE ( 'NONE', *, *, #4183, .T. ) ;
#3658 = DIRECTION ( 'NONE',  ( 0.000000000000000000, 1.000000000000000000, 0.000000000000000000 ) ) ;
#3659 = CARTESIAN_POINT ( 'NONE',  ( -26.00000000000000000, 18.15685424949254667, -6.843145750507550140 ) ) ;
#3660 = PERSON_AND_ORGANIZATION_ROLE ( 'creator' ) ;
#3661 = EDGE_CURVE ( 'NONE', #3692, #8718, #1447, .T. ) ;
#3662 = CARTESIAN_POINT ( 'NONE',  ( -26.25000000000000000, 94.67022964293305165, 0.000000000000000000 ) ) ;
#3663 = ORIENTED_EDGE ( 'NONE', *, *, #7815, .T. ) ;
#3664 = DIRECTION ( 'NONE',  ( -0.8399223068573744566, -0.5427066596637510898, 1.734723475976807094E-15 ) ) ;
#3665 = VECTOR ( 'NONE', #4985, 1000.000000000000000 ) ;
#3666 = DIRECTION ( 'NONE',  ( 0.4999999999999987232, -0.8660254037844393737, 0.000000000000000000 ) ) ;
#3667 = CARTESIAN_POINT ( 'NONE',  ( -28.07029951316432914, 48.61918494047679928, 0.000000000000000000 ) ) ;
#3668 = EDGE_CURVE ( 'NONE', #8908, #2224, #4919, .T. ) ;
#3669 = EDGE_CURVE ( 'NONE', #48, #947, #6130, .T. ) ;
#3670 = DIRECTION ( 'NONE',  ( 0.000000000000000000, -1.000000000000000000, 0.000000000000000000 ) ) ;
#3671 = ORIENTED_EDGE ( 'NONE', *, *, #6716, .F. ) ;
#3672 = LINE ( 'NONE', #6553, #8685 ) ;
#3673 = CC_DESIGN_PERSON_AND_ORGANIZATION_ASSIGNMENT ( #4459, #6542, ( #8707 ) ) ;
#3674 = ORIENTED_EDGE ( 'NONE', *, *, #4519, .T. ) ;
#3675 = VECTOR ( 'NONE', #5544, 1000.000000000000000 ) ;
#3676 = DIRECTION ( 'NONE',  ( -1.000000000000000000, -0.000000000000000000, -0.000000000000000000 ) ) ;
#3677 = ORIENTED_EDGE ( 'NONE', *, *, #3993, .T. ) ;
#3678 = FACE_OUTER_BOUND ( 'NONE', #2121, .T. ) ;
#3679 = AXIS2_PLACEMENT_3D ( 'NONE', #2312, #961, #921 ) ;
#3680 = CARTESIAN_POINT ( 'NONE',  ( -29.05816039570156661, 2.783403234776154811, -20.01808511585939954 ) ) ;
#3681 = AXIS2_PLACEMENT_3D ( 'NONE', #1393, #7539, #8282 ) ;
#3682 = ADVANCED_FACE ( 'NONE', ( #7855 ), #6539, .T. ) ;
#3683 = CYLINDRICAL_SURFACE ( 'NONE', #8971, 5.000000000000004441 ) ;
#3684 = FACE_BOUND ( 'NONE', #6224, .T. ) ;
#3685 = ORIENTED_EDGE ( 'NONE', *, *, #7143, .T. ) ;
#3686 = CARTESIAN_POINT ( 'NONE',  ( -25.99999999999999645, 12.49999999999999645, -25.50000000000000355 ) ) ;
#3687 = PLANE ( 'NONE',  #4570 ) ;
#3688 = EDGE_LOOP ( 'NONE', ( #7041, #5119, #6292, #4916 ) ) ;
#3689 = ORIENTED_EDGE ( 'NONE', *, *, #9068, .F. ) ;
#3690 = VECTOR ( 'NONE', #7375, 1000.000000000000000 ) ;
#3691 = AXIS2_PLACEMENT_3D ( 'NONE', #935, #5028, #3795 ) ;
#3692 = VERTEX_POINT ( 'NONE', #712 ) ;
#3693 = EDGE_CURVE ( 'NONE', #1527, #8988, #4159, .T. ) ;
#3694 = CIRCLE ( 'NONE', #4444, 0.8999999999999980238 ) ;
#3695 = CARTESIAN_POINT ( 'NONE',  ( -37.75000000000000711, 113.9403061905773740, -7.599999999999997868 ) ) ;
#3696 = DIRECTION ( 'NONE',  ( -1.541976423090495387E-16, 1.000000000000000000, -0.000000000000000000 ) ) ;
#3698 = VERTEX_POINT ( 'NONE', #2048 ) ;
#3697 = AXIS2_PLACEMENT_3D ( 'NONE', #2888, #5773, #8627 ) ;
#3699 = LINE ( 'NONE', #888, #8490 ) ;
#3700 = DIRECTION ( 'NONE',  ( -1.000000000000000000, -1.892425610156517122E-16, -0.000000000000000000 ) ) ;
#3701 = ORIENTED_EDGE ( 'NONE', *, *, #7815, .F. ) ;
#3702 = CARTESIAN_POINT ( 'NONE',  ( 24.00601015047710618, 4.226148267525994484, -18.36937474953749572 ) ) ;
#3703 = AXIS2_PLACEMENT_3D ( 'NONE', #4279, #6407, #3627 ) ;
#3704 = EDGE_LOOP ( 'NONE', ( #224, #1074, #5335, #4493 ) ) ;
#3705 = VECTOR ( 'NONE', #2635, 1000.000000000000000 ) ;
#3706 = DIRECTION ( 'NONE',  ( 1.000000000000000000, 0.000000000000000000, 0.000000000000000000 ) ) ;
#3707 = ADVANCED_FACE ( 'NONE', ( #5789 ), #4941, .F. ) ;
#3708 = ORIENTED_EDGE ( 'NONE', *, *, #2877, .T. ) ;
#3709 = PERSON_AND_ORGANIZATION ( #8923, #2240 ) ;
#3710 = AXIS2_PLACEMENT_3D ( 'NONE', #784, #3730, #7970 ) ;
#3711 = CIRCLE ( 'NONE', #3256, 2.000000000000001776 ) ;
#3712 = DIRECTION ( 'NONE',  ( 0.000000000000000000, 1.000000000000000000, 0.000000000000000000 ) ) ;
#3713 = ORIENTED_EDGE ( 'NONE', *, *, #6522, .F. ) ;
#3714 = CARTESIAN_POINT ( 'NONE',  ( -19.93623836877595679, 92.26917336134502534, -23.00000000000000000 ) ) ;
#3715 = VECTOR ( 'NONE', #6436, 1000.000000000000000 ) ;
#3716 = DIRECTION ( 'NONE',  ( 1.000000000000000000, -0.000000000000000000, -0.000000000000000000 ) ) ;
#3717 = CARTESIAN_POINT ( 'NONE',  ( -25.99999999999999645, 13.55000000000020322, -4.499999999999771738 ) ) ;
#3718 = CARTESIAN_POINT ( 'NONE',  ( -12.08688103937556946, 80.80934643409020168, -19.77189238011338546 ) ) ;
#3719 = ORIENTED_EDGE ( 'NONE', *, *, #2999, .T. ) ;
#3720 = DIRECTION ( 'NONE',  ( 0.000000000000000000, -1.000000000000000000, 0.000000000000000000 ) ) ;
#3721 = ORIENTED_EDGE ( 'NONE', *, *, #1210, .T. ) ;
#3722 = CARTESIAN_POINT ( 'NONE',  ( -23.99999999999999289, 17.10685424949229727, -18.15685424949224469 ) ) ;
#3723 = ORIENTED_EDGE ( 'NONE', *, *, #9225, .T. ) ;
#3724 = EDGE_CURVE ( 'NONE', #7709, #4697, #8068, .T. ) ;
#3725 = CIRCLE ( 'NONE', #8237, 2.000000000000000000 ) ;
#3726 = ADVANCED_FACE ( 'NONE', ( #803, #8601, #7205, #765, #7761, #3617 ), #7112, .T. ) ;
#3727 = DIRECTION ( 'NONE',  ( 1.000000000000000000, -0.000000000000000000, -0.000000000000000000 ) ) ;
#3728 = AXIS2_PLACEMENT_3D ( 'NONE', #6755, #4622, #6659 ) ;
#3729 = DIRECTION ( 'NONE',  ( 0.000000000000000000, -1.000000000000000000, 0.000000000000000000 ) ) ;
#3730 = DIRECTION ( 'NONE',  ( 1.000000000000000000, 1.360567432138672574E-16, -0.000000000000000000 ) ) ;
#3731 = DIRECTION ( 'NONE',  ( 0.000000000000000000, -1.000000000000000000, 0.000000000000000000 ) ) ;
#3733 = ORIENTED_EDGE ( 'NONE', *, *, #2161, .F. ) ;
#3732 = CIRCLE ( 'NONE', #5847, 2.999999999999999112 ) ;
#3734 = AXIS2_PLACEMENT_3D ( 'NONE', #1601, #2442, #3729 ) ;
#3735 = CARTESIAN_POINT ( 'NONE',  ( 23.00000000000000000, 9.053179648447564176, -25.49999999999999645 ) ) ;
#3736 = DIRECTION ( 'NONE',  ( 0.000000000000000000, -1.000000000000000000, 0.000000000000000000 ) ) ;
#3737 = EDGE_LOOP ( 'NONE', ( #4808, #6628 ) ) ;
#3738 = ORIENTED_EDGE ( 'NONE', *, *, #3362, .F. ) ;
#3739 = AXIS2_PLACEMENT_3D ( 'NONE', #2145, #7902, #5749 ) ;
#3740 = EDGE_CURVE ( 'NONE', #9102, #3785, #1308, .T. ) ;
#3741 = EDGE_LOOP ( 'NONE', ( #543, #5363, #1315, #2766 ) ) ;
#3742 = FACE_OUTER_BOUND ( 'NONE', #588, .T. ) ;
#3743 = VECTOR ( 'NONE', #3534, 1000.000000000000000 ) ;
#3744 = AXIS2_PLACEMENT_3D ( 'NONE', #2817, #4323, #665 ) ;
#3745 = DIRECTION ( 'NONE',  ( -1.541976423090495387E-16, 1.000000000000000000, 0.000000000000000000 ) ) ;
#3746 = AXIS2_PLACEMENT_3D ( 'NONE', #4684, #1842, #3313 ) ;
#3747 = FACE_OUTER_BOUND ( 'NONE', #285, .T. ) ;
#3748 = CARTESIAN_POINT ( 'NONE',  ( -26.25000000000000355, 118.9400000000000119, -25.00000000000000000 ) ) ;
#3749 = ORIENTED_EDGE ( 'NONE', *, *, #6095, .T. ) ;
#3750 = DIRECTION ( 'NONE',  ( 1.000000000000000000, 9.912705577010326782E-17, -0.000000000000000000 ) ) ;
#3751 = CARTESIAN_POINT ( 'NONE',  ( -25.28750544531307298, 105.1409645810044395, -15.78237180137521634 ) ) ;
#3752 = ORIENTED_EDGE ( 'NONE', *, *, #3047, .T. ) ;
#3753 = EDGE_CURVE ( 'NONE', #7848, #2713, #3799, .T. ) ;
#3754 = AXIS2_PLACEMENT_3D ( 'NONE', #5384, #2590, #4102 ) ;
#3755 = PLANE ( 'NONE',  #5530 ) ;
#3756 = VERTEX_POINT ( 'NONE', #6679 ) ;
#3757 = CALENDAR_DATE ( 2026, 29, 4 ) ;
#3758 = DIRECTION ( 'NONE',  ( 0.000000000000000000, 1.000000000000000000, 0.000000000000000000 ) ) ;
#3759 = CARTESIAN_POINT ( 'NONE',  ( -12.08688103937556590, 96.44000000000002615, -11.54289884801876198 ) ) ;
#3760 = EDGE_LOOP ( 'NONE', ( #4857, #2176, #5421, #9134 ) ) ;
#3761 = DIRECTION ( 'NONE',  ( 1.000000000000000000, -3.469446951953614189E-15, 0.000000000000000000 ) ) ;
#3762 = EDGE_CURVE ( 'NONE', #3825, #4219, #8957, .T. ) ;
#3763 = EDGE_CURVE ( 'NONE', #934, #214, #2355, .T. ) ;
#3764 = CIRCLE ( 'NONE', #8416, 2.149999999999999023 ) ;
#3765 = FACE_OUTER_BOUND ( 'NONE', #2421, .T. ) ;
#3766 = DIRECTION ( 'NONE',  ( 1.000000000000000000, 0.000000000000000000, 0.000000000000000000 ) ) ;
#3767 = LINE ( 'NONE', #8001, #6464 ) ;
#3768 = PLANE ( 'NONE',  #6399 ) ;
#3770 = ORIENTED_EDGE ( 'NONE', *, *, #2811, .F. ) ;
#3769 = VECTOR ( 'NONE', #7309, 1000.000000000000000 ) ;
#3771 = FACE_OUTER_BOUND ( 'NONE', #6042, .T. ) ;
#3772 = ORIENTED_EDGE ( 'NONE', *, *, #8942, .F. ) ;
#3773 = DIRECTION ( 'NONE',  ( 0.000000000000000000, 1.000000000000000000, 0.000000000000000000 ) ) ;
#3774 = EDGE_CURVE ( 'NONE', #794, #5736, #6586, .T. ) ;
#3775 = EDGE_LOOP ( 'NONE', ( #428, #6019, #7413, #1940 ) ) ;
#3776 = CARTESIAN_POINT ( 'NONE',  ( 24.00000000000000711, 13.54999999999987281, -20.49999999999977618 ) ) ;
#3777 = AXIS2_PLACEMENT_3D ( 'NONE', #8373, #6225, #3430 ) ;
#3778 = LINE ( 'NONE', #5243, #6596 ) ;
#3779 = CARTESIAN_POINT ( 'NONE',  ( 17.00000000000000000, 44.61832049899870611, -3.000000000000002665 ) ) ;
#3780 = FACE_OUTER_BOUND ( 'NONE', #3688, .T. ) ;
#3781 = EDGE_CURVE ( 'NONE', #9002, #8103, #4767, .T. ) ;
#3782 = LINE ( 'NONE', #3065, #1923 ) ;
#3783 = CARTESIAN_POINT ( 'NONE',  ( -0.000000000000000000, 60.10000000000000853, 0.000000000000000000 ) ) ;
#3784 = ORIENTED_EDGE ( 'NONE', *, *, #3337, .F. ) ;
#3785 = VERTEX_POINT ( 'NONE', #8030 ) ;
#3786 = ORIENTED_EDGE ( 'NONE', *, *, #7708, .F. ) ;
#3787 = DIRECTION ( 'NONE',  ( 1.000000000000000000, 0.000000000000000000, 0.000000000000000000 ) ) ;
#3788 = CARTESIAN_POINT ( 'NONE',  ( -24.61623764195451969, 1.397533019444620273, -7.500000000000000888 ) ) ;
#3789 = DIRECTION ( 'NONE',  ( 0.000000000000000000, -1.000000000000000000, 0.000000000000000000 ) ) ;
#3790 = LINE ( 'NONE', #8825, #3914 ) ;
#3791 = CARTESIAN_POINT ( 'NONE',  ( 13.98768373480797855, 60.21388856614259311, -25.00000000000000000 ) ) ;
#3792 = ADVANCED_FACE ( 'NONE', ( #5837, #5885 ), #1841, .T. ) ;
#3793 = VERTEX_POINT ( 'NONE', #940 ) ;
#3794 = ADVANCED_FACE ( 'NONE', ( #7559 ), #1624, .F. ) ;
#3795 = DIRECTION ( 'NONE',  ( 0.000000000000000000, -1.000000000000000000, 0.000000000000000000 ) ) ;
#3796 = DIRECTION ( 'NONE',  ( 0.000000000000000000, -1.000000000000000000, 0.000000000000000000 ) ) ;
#3797 = VERTEX_POINT ( 'NONE', #2286 ) ;
#3798 = ADVANCED_FACE ( 'NONE', ( #7387 ), #3755, .F. ) ;
#3799 = LINE ( 'NONE', #147, #1163 ) ;
#3800 = ORIENTED_EDGE ( 'NONE', *, *, #4082, .T. ) ;
#3801 = PERSON_AND_ORGANIZATION_ROLE ( 'design_owner' ) ;
#3802 = CARTESIAN_POINT ( 'NONE',  ( -27.99999999999999289, 12.49999999999999822, -2.000000000000000000 ) ) ;
#3803 = DIRECTION ( 'NONE',  ( 0.000000000000000000, 1.000000000000000000, 0.000000000000000000 ) ) ;
#3804 = ORIENTED_EDGE ( 'NONE', *, *, #3027, .T. ) ;
#3805 = LINE ( 'NONE', #3148, #4381 ) ;
#3806 = VERTEX_POINT ( 'NONE', #5394 ) ;
#3807 = CARTESIAN_POINT ( 'NONE',  ( -37.75000000000000711, 113.9403061905773740, -6.699999999999990408 ) ) ;
#3808 = FACE_OUTER_BOUND ( 'NONE', #8149, .T. ) ;
#3809 = CARTESIAN_POINT ( 'NONE',  ( 22.24999999999998579, 111.7903061905773683, -21.59999999999999787 ) ) ;
#3810 = EDGE_CURVE ( 'NONE', #6219, #4077, #5174, .T. ) ;
#3811 = CARTESIAN_POINT ( 'NONE',  ( -26.00000000000000000, 20.30685424949254880, -6.843145750507550140 ) ) ;
#3812 = ORIENTED_EDGE ( 'NONE', *, *, #736, .F. ) ;
#3813 = CARTESIAN_POINT ( 'NONE',  ( -24.00000000000001066, 12.50000000000001066, -12.50000000000000000 ) ) ;
#3814 = EDGE_LOOP ( 'NONE', ( #1892, #5208, #7926, #5529 ) ) ;
#3815 = CARTESIAN_POINT ( 'NONE',  ( -22.25000000000000000, 106.9403061905773740, -14.59999999999999787 ) ) ;
#3816 = AXIS2_PLACEMENT_3D ( 'NONE', #3439, #7031, #6414 ) ;
#3817 = CARTESIAN_POINT ( 'NONE',  ( -18.25639375506120388, 93.35458668067252574, -2.000000000000000000 ) ) ;
#3818 = CARTESIAN_POINT ( 'NONE',  ( 29.99999999999999645, 18.35000000000001208, -12.50000000000000000 ) ) ;
#3819 = EDGE_CURVE ( 'NONE', #222, #5872, #5133, .T. ) ;
#3820 = VECTOR ( 'NONE', #7790, 1000.000000000000000 ) ;
#3821 = FACE_OUTER_BOUND ( 'NONE', #4387, .T. ) ;
#3822 = CARTESIAN_POINT ( 'NONE',  ( -37.75000000000000711, 113.9403061905773598, -22.49999999999999645 ) ) ;
#3823 = DIRECTION ( 'NONE',  ( 1.000000000000000000, 9.912705577010326782E-17, -0.000000000000000000 ) ) ;
#3824 = CARTESIAN_POINT ( 'NONE',  ( -37.75000000000000711, 113.9403061905773598, -22.49999999999999645 ) ) ;
#3825 = VERTEX_POINT ( 'NONE', #241 ) ;
#3826 = VERTEX_POINT ( 'NONE', #4457 ) ;
#3827 = VECTOR ( 'NONE', #7849, 1000.000000000000000 ) ;
#3828 = VERTEX_POINT ( 'NONE', #2557 ) ;
#3829 = CARTESIAN_POINT ( 'NONE',  ( 24.00000000000000355, 12.50000000000000355, -6.500000000000006217 ) ) ;
#3830 = CARTESIAN_POINT ( 'NONE',  ( -25.99999999999999645, 1.043560762610397319, -7.500000000000000000 ) ) ;
#3831 = CARTESIAN_POINT ( 'NONE',  ( 43.45996886322566155, 104.4400000000000261, -34.33678138689327142 ) ) ;
#3832 = DIRECTION ( 'NONE',  ( 0.000000000000000000, -1.000000000000000000, 0.000000000000000000 ) ) ;
#3833 = CARTESIAN_POINT ( 'NONE',  ( -23.41106232120515074, 113.6313487861881555, -23.73327146981819169 ) ) ;
#3834 = ORIENTED_EDGE ( 'NONE', *, *, #8883, .F. ) ;
#3835 = CARTESIAN_POINT ( 'NONE',  ( -22.25000000000000000, 116.0903061905773797, -7.599999999999997868 ) ) ;
#3836 = DIRECTION ( 'NONE',  ( 0.8660254037844394848, -0.4999999999999987232, 0.000000000000000000 ) ) ;
#3837 = EDGE_LOOP ( 'NONE', ( #5024, #1476, #9292, #3582 ) ) ;
#3838 = AXIS2_PLACEMENT_3D ( 'NONE', #8206, #1746, #4631 ) ;
#3839 = AXIS2_PLACEMENT_3D ( 'NONE', #7303, #3104, #909 ) ;
#3840 = DIRECTION ( 'NONE',  ( -0.5877852522924723599, 0.000000000000000000, 0.8090169943749481174 ) ) ;
#3841 = VERTEX_POINT ( 'NONE', #8256 ) ;
#3842 = ADVANCED_FACE ( 'NONE', ( #7335 ), #896, .T. ) ;
#3843 = DIRECTION ( 'NONE',  ( -1.000000000000000000, 0.000000000000000000, 0.000000000000000000 ) ) ;
#3844 = ADVANCED_FACE ( 'NONE', ( #3087 ), #4683, .T. ) ;
#3845 = AXIS2_PLACEMENT_3D ( 'NONE', #7721, #5521, #8288 ) ;
#3846 = AXIS2_PLACEMENT_3D ( 'NONE', #5200, #2170, #2269 ) ;
#3847 = VERTEX_POINT ( 'NONE', #2949 ) ;
#3848 = COORDINATED_UNIVERSAL_TIME_OFFSET ( 8, 0, .AHEAD. ) ;
#3849 = CARTESIAN_POINT ( 'NONE',  ( 29.16381513161574190, 2.851008457111521288, -19.98455304201132776 ) ) ;
#3850 = LINE ( 'NONE', #1034, #7806 ) ;
#3851 = EDGE_LOOP ( 'NONE', ( #3222, #7780, #749, #4425 ) ) ;
#3852 = AXIS2_PLACEMENT_3D ( 'NONE', #6594, #5892, #8751 ) ;
#3853 = AXIS2_PLACEMENT_3D ( 'NONE', #8290, #3251, #8427 ) ;
#3854 = DIRECTION ( 'NONE',  ( -1.734723475976807094E-15, 1.000000000000000000, 0.000000000000000000 ) ) ;
#3855 = VERTEX_POINT ( 'NONE', #4410 ) ;
#3856 =( BOUNDED_CURVE ( )  B_SPLINE_CURVE ( 3, ( #6610, #5949, #7364, #3869 ),
 .UNSPECIFIED., .F., .T. ) 
 B_SPLINE_CURVE_WITH_KNOTS ( ( 4, 4 ),
 ( 0.000000000000000000, 1.047197551196599186 ),
 .UNSPECIFIED. ) 
 CURVE ( )  GEOMETRIC_REPRESENTATION_ITEM ( )  RATIONAL_B_SPLINE_CURVE ( ( 1.000000000000000000, 0.9106836025229588794, 0.9106836025229588794, 1.000000000000000000 ) ) 
 REPRESENTATION_ITEM ( '' )  );
#3857 = EDGE_CURVE ( 'NONE', #2271, #2198, #571, .T. ) ;
#3858 = DIRECTION ( 'NONE',  ( 0.000000000000000000, 1.000000000000000000, 0.000000000000000000 ) ) ;
#3859 = CARTESIAN_POINT ( 'NONE',  ( 23.55000000000000071, 103.9400000000001114, -23.00000000000000000 ) ) ;
#3860 = CIRCLE ( 'NONE', #5825, 2.000000000000001776 ) ;
#3861 = CARTESIAN_POINT ( 'NONE',  ( 24.00000000000000711, 18.15685424949230153, -18.15685424949224469 ) ) ;
#3862 = DIRECTION ( 'NONE',  ( -0.000000000000000000, 1.000000000000000000, -0.000000000000000000 ) ) ;
#3863 = DIRECTION ( 'NONE',  ( 0.000000000000000000, -1.000000000000000000, 0.000000000000000000 ) ) ;
#3864 = EDGE_LOOP ( 'NONE', ( #7308, #6172, #9275, #5716 ) ) ;
#3865 = DIRECTION ( 'NONE',  ( -1.000000000000000000, -0.000000000000000000, -0.000000000000000000 ) ) ;
#3866 = AXIS2_PLACEMENT_3D ( 'NONE', #1283, #3449, #3494 ) ;
#3867 = EDGE_CURVE ( 'NONE', #3533, #7673, #4156, .T. ) ;
#3868 = DIRECTION ( 'NONE',  ( 0.000000000000000000, -1.000000000000000000, 0.000000000000000000 ) ) ;
#3869 = CARTESIAN_POINT ( 'NONE',  ( -22.55000000000001847, 118.9400000000000261, -0.2679491924311194206 ) ) ;
#3870 = CARTESIAN_POINT ( 'NONE',  ( 21.55000000000000071, 108.9309918853872148, -23.00000000000000000 ) ) ;
#3871 = CARTESIAN_POINT ( 'NONE',  ( 24.00000000000000355, 12.50000000000000533, -22.65000000000002345 ) ) ;
#3872 = DIRECTION ( 'NONE',  ( -0.8660254037844397068, -0.4999999999999979461, -0.000000000000000000 ) ) ;
#3873 = CARTESIAN_POINT ( 'NONE',  ( 25.99999999999999645, 20.30685424949253814, -6.843145750507550140 ) ) ;
#3874 = VERTEX_POINT ( 'NONE', #4206 ) ;
#3875 = AXIS2_PLACEMENT_3D ( 'NONE', #8806, #8050, #2352 ) ;
#3876 = DIRECTION ( 'NONE',  ( 0.000000000000000000, -0.000000000000000000, -1.000000000000000000 ) ) ;
#3877 = ORIENTED_EDGE ( 'NONE', *, *, #176, .T. ) ;
#3878 = EDGE_CURVE ( 'NONE', #3975, #1755, #3860, .T. ) ;
#3879 = ADVANCED_FACE ( 'NONE', ( #5583 ), #1742, .T. ) ;
#3880 = ORIENTED_EDGE ( 'NONE', *, *, #8984, .T. ) ;
#3881 = CARTESIAN_POINT ( 'NONE',  ( -10.07906768228851746, 77.01368055568988780, -2.000000000000000000 ) ) ;
#3882 = CARTESIAN_POINT ( 'NONE',  ( -23.94646554102024893, 1.931715076956257438, -7.500000000000000888 ) ) ;
#3883 = AXIS2_PLACEMENT_3D ( 'NONE', #6072, #6685, #899 ) ;
#3884 = CIRCLE ( 'NONE', #5247, 12.50000000000000000 ) ;
#3885 = DIRECTION ( 'NONE',  ( 1.734723475976807292E-15, -1.000000000000000000, 0.000000000000000000 ) ) ;
#3886 = CARTESIAN_POINT ( 'NONE',  ( -23.53962286368314238, 115.3575959985579260, -23.22400412233717049 ) ) ;
#3887 = ORIENTED_EDGE ( 'NONE', *, *, #970, .F. ) ;
#3888 = DIRECTION ( 'NONE',  ( 0.000000000000000000, -1.000000000000000000, 0.000000000000000000 ) ) ;
#3889 = DIRECTION ( 'NONE',  ( -1.000000000000000000, 0.000000000000000000, 0.000000000000000000 ) ) ;
#3890 = ORIENTED_EDGE ( 'NONE', *, *, #2236, .T. ) ;
#3891 = AXIS2_PLACEMENT_3D ( 'NONE', #4610, #5318, #5893 ) ;
#3892 = CARTESIAN_POINT ( 'NONE',  ( 28.00000000000000000, 12.50000000000001776, -8.500000000000007105 ) ) ;
#3893 = AXIS2_PLACEMENT_3D ( 'NONE', #3049, #161, #5894 ) ;
#3894 = ORIENTED_EDGE ( 'NONE', *, *, #2288, .T. ) ;
#3895 = DIRECTION ( 'NONE',  ( 0.5427066596637479812, -0.8399223068573765660, 0.000000000000000000 ) ) ;
#3896 = VECTOR ( 'NONE', #5838, 1000.000000000000000 ) ;
#3897 = ORIENTED_EDGE ( 'NONE', *, *, #5822, .F. ) ;
#3898 = CARTESIAN_POINT ( 'NONE',  ( 29.99999999999999289, 4.282671997157692978, -19.24075549473648650 ) ) ;
#3899 = ADVANCED_FACE ( 'NONE', ( #9097 ), #1974, .F. ) ;
#3900 = EDGE_CURVE ( 'NONE', #380, #3847, #3312, .T. ) ;
#3901 = CARTESIAN_POINT ( 'NONE',  ( -27.00000000000000000, 12.50000000000000888, -12.50000000000000000 ) ) ;
#3902 = ORIENTED_EDGE ( 'NONE', *, *, #4948, .F. ) ;
#3903 = AXIS2_PLACEMENT_3D ( 'NONE', #6828, #2714, #4883 ) ;
#3904 = CIRCLE ( 'NONE', #9160, 3.000000000000002220 ) ;
#3905 = ORIENTED_EDGE ( 'NONE', *, *, #7141, .F. ) ;
#3906 = FACE_BOUND ( 'NONE', #8038, .T. ) ;
#3907 = FACE_OUTER_BOUND ( 'NONE', #5270, .T. ) ;
#3908 = DIRECTION ( 'NONE',  ( 1.000000000000000000, -1.541976423090495387E-16, 0.000000000000000000 ) ) ;
#3909 = CARTESIAN_POINT ( 'NONE',  ( 22.24999999999998579, 109.0903061905773654, -14.59999999999999787 ) ) ;
#3910 = EDGE_CURVE ( 'NONE', #4700, #1274, #1463, .T. ) ;
#3911 = ADVANCED_FACE ( 'NONE', ( #1333 ), #643, .F. ) ;
#3912 = DIRECTION ( 'NONE',  ( -1.000000000000000000, 1.541976423090495387E-16, 0.000000000000000000 ) ) ;
#3913 = ORIENTED_EDGE ( 'NONE', *, *, #1341, .T. ) ;
#3914 = VECTOR ( 'NONE', #3176, 1000.000000000000227 ) ;
#3915 = DIRECTION ( 'NONE',  ( 1.000000000000000000, -0.000000000000000000, -0.000000000000000000 ) ) ;
#3916 = EDGE_CURVE ( 'NONE', #6982, #814, #4617, .T. ) ;
#3917 = DIRECTION ( 'NONE',  ( 0.8090169943749471182, 0.000000000000000000, 0.5877852522924735812 ) ) ;
#3918 = DIRECTION ( 'NONE',  ( 0.000000000000000000, -1.000000000000000000, 0.000000000000000000 ) ) ;
#3919 = AXIS2_PLACEMENT_3D ( 'NONE', #2440, #3107, #3773 ) ;
#3920 = LINE ( 'NONE', #6000, #4447 ) ;
#3921 = LINE ( 'NONE', #3203, #6178 ) ;
#3922 = DIRECTION ( 'NONE',  ( 1.541976423090495387E-16, 1.000000000000000000, 0.000000000000000000 ) ) ;
#3923 = LINE ( 'NONE', #8249, #6249 ) ;
#3924 = ORIENTED_EDGE ( 'NONE', *, *, #8322, .F. ) ;
#3925 = CARTESIAN_POINT ( 'NONE',  ( 24.46670751131398447, 4.295208817813706226, -17.64285462317502962 ) ) ;
#3926 = ORIENTED_EDGE ( 'NONE', *, *, #2006, .T. ) ;
#3927 = AXIS2_PLACEMENT_3D ( 'NONE', #3714, #7295, #3664 ) ;
#3928 = ORIENTED_EDGE ( 'NONE', *, *, #7423, .F. ) ;
#3929 = CARTESIAN_POINT ( 'NONE',  ( 3.499999999999790834, 80.80934643409020168, -9.000000000000000000 ) ) ;
#3930 = FACE_BOUND ( 'NONE', #2778, .T. ) ;
#3931 = CYLINDRICAL_SURFACE ( 'NONE', #2101, 1.000000000000000888 ) ;
#3932 = CARTESIAN_POINT ( 'NONE',  ( -16.57654914134644741, 94.44000000000002615, -2.000000000000001776 ) ) ;
#3933 = CARTESIAN_POINT ( 'NONE',  ( -24.00000000000001066, 12.50000000000001066, -12.50000000000000000 ) ) ;
#3934 = CIRCLE ( 'NONE', #8743, 2.000000000000000000 ) ;
#3935 = VERTEX_POINT ( 'NONE', #9145 ) ;
#3936 = EDGE_CURVE ( 'NONE', #6773, #3633, #1747, .T. ) ;
#3937 = LINE ( 'NONE', #6912, #4440 ) ;
#3938 = CARTESIAN_POINT ( 'NONE',  ( -23.69510612946851680, 107.7289358119193707, -16.60446636762949879 ) ) ;
#3939 = ORIENTED_EDGE ( 'NONE', *, *, #8274, .F. ) ;
#3940 = CARTESIAN_POINT ( 'NONE',  ( -17.75000000000019540, 96.05957188241990252, -15.65739561406607372 ) ) ;
#3941 = EDGE_LOOP ( 'NONE', ( #1205, #3422, #7830, #5027, #4153, #2425, #690, #7274, #3404, #1898, #8081, #7556, #8268, #8807, #3172, #3035, #5219, #4105, #333, #6244, #4859, #5675, #4256, #1364, #8116, #1391, #6349, #5871, #4695, #2988, #6865, #7128, #5953 ) ) ;
#3942 = EDGE_CURVE ( 'NONE', #3963, #6816, #2499, .T. ) ;
#3943 = CARTESIAN_POINT ( 'NONE',  ( 29.90073266445655165, 3.856075336319141567, -19.54799834449041640 ) ) ;
#3944 = CARTESIAN_POINT ( 'NONE',  ( -28.34637176787640200, 2.523079050848597848, -21.76231971947125388 ) ) ;
#3945 = ORIENTED_EDGE ( 'NONE', *, *, #7373, .F. ) ;
#3946 = ORIENTED_EDGE ( 'NONE', *, *, #3448, .F. ) ;
#3947 = CARTESIAN_POINT ( 'NONE',  ( 58.00000000000002132, 18.15685424949230864, -18.15685424949224469 ) ) ;
#3948 = CARTESIAN_POINT ( 'NONE',  ( 12.08688103937515379, 80.80934643409020168, -11.54289884801876198 ) ) ;
#3949 = DIRECTION ( 'NONE',  ( 0.000000000000000000, 1.000000000000000000, 0.000000000000000000 ) ) ;
#3950 = DIRECTION ( 'NONE',  ( -1.000000000000000000, -1.541976423090495387E-16, 0.000000000000000000 ) ) ;
#3951 = CYLINDRICAL_SURFACE ( 'NONE', #1764, 5.000000000000000888 ) ;
#3952 = ORIENTED_EDGE ( 'NONE', *, *, #6355, .T. ) ;
#3953 = LINE ( 'NONE', #3245, #5434 ) ;
#3954 = ADVANCED_FACE ( 'NONE', ( #1934 ), #433, .T. ) ;
#3955 = CARTESIAN_POINT ( 'NONE',  ( 20.25000000000000000, 104.4400000000000261, -15.65739561406608082 ) ) ;
#3956 = EDGE_CURVE ( 'NONE', #3633, #4646, #3539, .T. ) ;
#3957 = CARTESIAN_POINT ( 'NONE',  ( -27.99478144879476460, 18.08852343133674623, -2.000000000000000000 ) ) ;
#3958 = ADVANCED_FACE ( 'NONE', ( #5723 ), #8578, .F. ) ;
#3959 = FACE_OUTER_BOUND ( 'NONE', #1642, .T. ) ;
#3960 = CARTESIAN_POINT ( 'NONE',  ( 29.99999999999999645, 13.82287565553228958, -27.00000000000000355 ) ) ;
#3961 = CARTESIAN_POINT ( 'NONE',  ( 24.00000000000000355, 12.50000000000000355, -18.50000000000000355 ) ) ;
#3962 = FACE_OUTER_BOUND ( 'NONE', #7621, .T. ) ;
#3963 = VERTEX_POINT ( 'NONE', #6730 ) ;
#3964 = DIRECTION ( 'NONE',  ( -1.000000000000000000, -1.892425610156517122E-16, -0.000000000000000000 ) ) ;
#3965 = VERTEX_POINT ( 'NONE', #8173 ) ;
#3966 = ORIENTED_EDGE ( 'NONE', *, *, #1114, .F. ) ;
#3967 = LINE ( 'NONE', #1015, #6550 ) ;
#3968 = EDGE_CURVE ( 'NONE', #8412, #2313, #5084, .T. ) ;
#3969 = DIRECTION ( 'NONE',  ( 9.912705577010326782E-17, -1.000000000000000000, 0.000000000000000000 ) ) ;
#3970 = CARTESIAN_POINT ( 'NONE',  ( 24.00000000000000355, 49.81447292170534524, -128.1790850899541852 ) ) ;
#3971 = VECTOR ( 'NONE', #2115, 1000.000000000000000 ) ;
#3972 = LINE ( 'NONE', #3264, #4518 ) ;
#3973 = DIRECTION ( 'NONE',  ( 1.000000000000000000, -2.312964634635743450E-15, 0.000000000000000000 ) ) ;
#3974 = LINE ( 'NONE', #8398, #547 ) ;
#3975 = VERTEX_POINT ( 'NONE', #1758 ) ;
#3976 = CARTESIAN_POINT ( 'NONE',  ( 8.399223068573764550, 78.09909387501738820, -23.00000000000000000 ) ) ;
#3977 = CARTESIAN_POINT ( 'NONE',  ( -18.25639375506120388, 93.35458668067252574, -23.00000000000000000 ) ) ;
#3978 = ORIENTED_EDGE ( 'NONE', *, *, #8910, .F. ) ;
#3979 = DIRECTION ( 'NONE',  ( 0.000000000000000000, -1.000000000000000000, 0.000000000000000000 ) ) ;
#3980 = AXIS2_PLACEMENT_3D ( 'NONE', #6207, #423, #8487 ) ;
#3981 = CARTESIAN_POINT ( 'NONE',  ( 24.00000000000000711, 20.50000000000001066, -12.50000000000000000 ) ) ;
#3982 = EDGE_CURVE ( 'NONE', #947, #48, #8671, .T. ) ;
#3983 = EDGE_LOOP ( 'NONE', ( #2414, #5162, #7320, #7330, #6631, #979, #2780, #3317, #4176 ) ) ;
#3984 = TOROIDAL_SURFACE ( 'NONE', #6697, 7.000000000000000000, 2.000000000000000000 ) ;
#3985 = VECTOR ( 'NONE', #371, 1000.000000000000000 ) ;
#3986 = CARTESIAN_POINT ( 'NONE',  ( 29.87982461802435807, 3.425277492330011775, -19.04038589002002269 ) ) ;
#3987 = EDGE_LOOP ( 'NONE', ( #8716, #8016 ) ) ;
#3988 = LINE ( 'NONE', #6875, #6916 ) ;
#3989 = VERTEX_POINT ( 'NONE', #8973 ) ;
#3990 = VECTOR ( 'NONE', #5393, 1000.000000000000000 ) ;
#3991 = ORIENTED_EDGE ( 'NONE', *, *, #4080, .T. ) ;
#3992 = AXIS2_PLACEMENT_3D ( 'NONE', #7095, #4869, #5630 ) ;
#3993 = EDGE_CURVE ( 'NONE', #6379, #7463, #2957, .T. ) ;
#3994 = FACE_BOUND ( 'NONE', #2155, .T. ) ;
#3995 = CARTESIAN_POINT ( 'NONE',  ( -30.00000000000000000, 20.30685424949254880, -6.843145750507550140 ) ) ;
#3996 = DIRECTION ( 'NONE',  ( 0.000000000000000000, -1.000000000000000000, 0.000000000000000000 ) ) ;
#3997 = CIRCLE ( 'NONE', #1147, 6.999999999999999112 ) ;
#3998 = DIRECTION ( 'NONE',  ( -1.000000000000000000, -1.892425610156517122E-16, -0.000000000000000000 ) ) ;
#3999 = AXIS2_PLACEMENT_3D ( 'NONE', #3779, #218, #5198 ) ;
#4000 = FACE_OUTER_BOUND ( 'NONE', #1334, .T. ) ;
#4001 = ORIENTED_EDGE ( 'NONE', *, *, #1816, .F. ) ;
#4002 = CYLINDRICAL_SURFACE ( 'NONE', #6047, 0.8999999999999980238 ) ;
#4003 = AXIS2_PLACEMENT_3D ( 'NONE', #4328, #7217, #3666 ) ;
#4004 = DIRECTION ( 'NONE',  ( 0.000000000000000000, 0.000000000000000000, -1.000000000000000000 ) ) ;
#4005 = CARTESIAN_POINT ( 'NONE',  ( -2.053768692359101854E-13, 96.44000000000002615, -11.54289884801876198 ) ) ;
#4006 = DIRECTION ( 'NONE',  ( 1.000000000000000000, 1.982541115402065307E-15, 0.000000000000000000 ) ) ;
#4007 = CARTESIAN_POINT ( 'NONE',  ( -22.25000000000000000, 106.9403061905773598, -14.59999999999999787 ) ) ;
#4008 = ORIENTED_EDGE ( 'NONE', *, *, #6791, .F. ) ;
#4009 = CARTESIAN_POINT ( 'NONE',  ( -26.99999999999999645, 1.043560762610397319, -17.50000000000000000 ) ) ;
#4010 = ORIENTED_EDGE ( 'NONE', *, *, #1480, .F. ) ;
#4011 = VECTOR ( 'NONE', #6858, 1000.000000000000000 ) ;
#4012 = EDGE_CURVE ( 'NONE', #7403, #762, #8374, .T. ) ;
#4013 = LINE ( 'NONE', #1696, #6604 ) ;
#4014 = EDGE_CURVE ( 'NONE', #7284, #1905, #2751, .T. ) ;
#4015 = VERTEX_POINT ( 'NONE', #334 ) ;
#4016 = EDGE_LOOP ( 'NONE', ( #8013, #8797, #6417, #2658 ) ) ;
#4017 = LINE ( 'NONE', #6901, #2793 ) ;
#4018 = DIRECTION ( 'NONE',  ( 0.8399223068573765660, -0.5427066596637478701, 0.000000000000000000 ) ) ;
#4019 = AXIS2_PLACEMENT_3D ( 'NONE', #5735, #1390, #6623 ) ;
#4020 = LINE ( 'NONE', #3354, #6770 ) ;
#4021 = DIRECTION ( 'NONE',  ( -0.000000000000000000, 1.000000000000000000, -0.000000000000000000 ) ) ;
#4022 = CARTESIAN_POINT ( 'NONE',  ( 26.25000000000000355, 102.3196380149609865, -2.000000000000000000 ) ) ;
#4023 = DIRECTION ( 'NONE',  ( 0.000000000000000000, 0.000000000000000000, 1.000000000000000000 ) ) ;
#4025 = EDGE_LOOP ( 'NONE', ( #1118, #845, #2833, #8168 ) ) ;
#4024 = CIRCLE ( 'NONE', #8534, 2.149999999999999023 ) ;
#4026 = CARTESIAN_POINT ( 'NONE',  ( 10.07906768228851213, 77.01368055568988780, -25.00000000000000000 ) ) ;
#4027 = LINE ( 'NONE', #1849, #2004 ) ;
#4028 = ORIENTED_EDGE ( 'NONE', *, *, #8188, .T. ) ;
#4029 = EDGE_CURVE ( 'NONE', #3965, #5237, #8911, .T. ) ;
#4030 = EDGE_LOOP ( 'NONE', ( #8663, #1195, #3555, #8830 ) ) ;
#4031 = CARTESIAN_POINT ( 'NONE',  ( 28.14395739792789186, 12.50000000000000178, -25.49999999999999289 ) ) ;
#4032 = AXIS2_PLACEMENT_3D ( 'NONE', #307, #258, #4525 ) ;
#4033 = ORIENTED_EDGE ( 'NONE', *, *, #4168, .F. ) ;
#4034 = CLOSED_SHELL ( 'NONE', ( #188, #7999, #7927, #1715, #208, #4738, #6277, #481, #6330, #4069, #6878, #5101, #4244, #4366, #4877, #3461, #826, #365, #458, #7227, #3505, #8309, #8860, #4469, #6585, #2104, #7794, #7001, #7995, #3794, #7285, #5409, #7020, #8210, #1959, #3531, #5183, #5924, #5011, #5707, #4277, #7677, #8507, #2234, #561, #585, #4480, #5595, #8224, #6157, #614, #5594, #6235, #6813, #5380, #6020, #4619, #2753, #1976, #2385, #8703, #6248, #3726, #560, #2285, #992, #7077, #4049, #7808, #642, #5469, #1153, #7088, #2864, #5650, #8996, #7587, #7938, #7218, #3435, #3553, #9032, #1279, #6824, #6142, #2374, #5332, #6076, #1625, #6435, #8848, #9202, #894, #6378, #9169, #2405, #953, #2448, #1263, #8390, #2020, #526, #47, #3899, #2242, #4092, #3707, #8745, #7626, #7140, #7338, #1084, #723, #3175, #3154, #1930, #8296, #4467, #119, #3614, #7110, #3292, #2796, #9062, #3188, #763, #5422, #1660, #3792, #7411, #7362, #3911, #2097, #2450, #6380, #806, #704, #2144, #1313, #4750, #6739, #6620, #4109, #2315, #7897, #5936, #1251, #7498, #8223, #8243, #8451, #7047, #7944, #2992, #337, #577, #3153, #9081, #2284, #2870, #2351, #7111, #6670, #9204, #6822, #6298, #1260, #4398, #9023, #6331, #1704, #3405, #5269, #6851, #1808, #3301, #6188, #8358, #4086, #2706, #4230, #5325, #7478, #1312, #8819, #7009, #535, #240, #7192, #1897, #4299, #4713, #3267, #764, #1125, #12, #4736, #5757, #1428, #623, #4099, #6425, #2798, #4847, #4705, #5082, #4485, #7075, #2067, #4773, #7326, #590, #3378, #3954, #3682, #3157, #8160, #1855, #68, #8413, #1771, #2956, #1847, #7153, #1706, #8734, #661, #5071, #8607, #7396, #3798, #7688, #7257, #3958, #6411, #2576, #7427, #8461, #2634, #7531, #5361, #4887, #6035, #2922, #7021, #5235, #7275, #8784, #3200, #5732, #5455, #8655, #157, #4888, #4706, #9144, #7960, #6619, #3879, #3844, #2265, #8423, #2771, #1367, #6728, #8107, #6792, #3625, #7847, #6045, #4482, #1135, #4786, #2220, #3842, #4199, #2084, #8109, #1945, #6531, #8871, #4346, #7033, #4268, #5863, #6651 ) ) ;
#4035 = LINE ( 'NONE', #2213, #4353 ) ;
#4036 = DIRECTION ( 'NONE',  ( -0.000000000000000000, 0.000000000000000000, 1.000000000000000000 ) ) ;
#4037 = ORIENTED_EDGE ( 'NONE', *, *, #5522, .T. ) ;
#4038 = AXIS2_PLACEMENT_3D ( 'NONE', #3339, #1865, #9175 ) ;
#4039 = AXIS2_PLACEMENT_3D ( 'NONE', #3343, #4852, #5475 ) ;
#4040 = CARTESIAN_POINT ( 'NONE',  ( -28.67112269237885158, 2.608496848390243095, -21.66963525091772169 ) ) ;
#4041 = ORIENTED_EDGE ( 'NONE', *, *, #6852, .T. ) ;
#4042 = AXIS2_PLACEMENT_3D ( 'NONE', #8509, #8602, #6358 ) ;
#4043 = ORIENTED_EDGE ( 'NONE', *, *, #4554, .F. ) ;
#4044 = DIRECTION ( 'NONE',  ( -1.734723475976807292E-15, 1.000000000000000000, -0.000000000000000000 ) ) ;
#4045 = AXIS2_PLACEMENT_3D ( 'NONE', #9092, #9047, #1328 ) ;
#4046 = CIRCLE ( 'NONE', #5255, 4.999999999999999112 ) ;
#4047 = LINE ( 'NONE', #4094, #2984 ) ;
#4048 = AXIS2_PLACEMENT_3D ( 'NONE', #7230, #8673, #1470 ) ;
#4049 = ADVANCED_FACE ( 'NONE', ( #1810 ), #8131, .F. ) ;
#4050 = LINE ( 'NONE', #6885, #2525 ) ;
#4051 = EDGE_CURVE ( 'NONE', #3608, #7290, #7569, .T. ) ;
#4052 = VERTEX_POINT ( 'NONE', #980 ) ;
#4053 = CARTESIAN_POINT ( 'NONE',  ( 23.03249467419668051, 17.43859559800263881, -2.526893598322784928 ) ) ;
#4054 = APPROVAL_PERSON_ORGANIZATION ( #6732, #6334, #197 ) ;
#4055 = VECTOR ( 'NONE', #5017, 1000.000000000000000 ) ;
#4056 = CARTESIAN_POINT ( 'NONE',  ( 8.586881039375148461, 96.44000000000002615, -9.000000000000001776 ) ) ;
#4057 = FACE_OUTER_BOUND ( 'NONE', #242, .T. ) ;
#4058 = CARTESIAN_POINT ( 'NONE',  ( -25.99999999999999645, -2.577303450022684544E-15, -3.000000000000000000 ) ) ;
#4059 = CARTESIAN_POINT ( 'NONE',  ( -17.98768373480796257, 67.14209179641811431, -22.99999999999999289 ) ) ;
#4060 = ORIENTED_EDGE ( 'NONE', *, *, #3473, .F. ) ;
#4061 = EDGE_CURVE ( 'NONE', #6329, #6886, #2664, .T. ) ;
#4062 = CARTESIAN_POINT ( 'NONE',  ( 12.08688103937515379, 80.80934643409020168, -11.54289884801876198 ) ) ;
#4063 = VERTEX_POINT ( 'NONE', #8924 ) ;
#4064 = LINE ( 'NONE', #1929, #3743 ) ;
#4065 = ORIENTED_EDGE ( 'NONE', *, *, #3669, .T. ) ;
#4066 = CARTESIAN_POINT ( 'NONE',  ( 23.00000000000000000, 35.00000000000000000, -17.50000000000000000 ) ) ;
#4067 = CARTESIAN_POINT ( 'NONE',  ( -23.84742045213380734, 107.2269976587115821, -12.46555381862422784 ) ) ;
#4068 = DIRECTION ( 'NONE',  ( 0.3090169943749466741, -1.053076637743355759E-16, 0.9510565162951538642 ) ) ;
#4069 = ADVANCED_FACE ( 'NONE', ( #5975 ), #2657, .F. ) ;
#4070 = DIRECTION ( 'NONE',  ( -8.787991997524760300E-17, 3.055260266764806547E-32, -1.000000000000000000 ) ) ;
#4071 = DIRECTION ( 'NONE',  ( -1.000000000000000000, 1.541976423090495387E-16, -0.000000000000000000 ) ) ;
#4072 = CARTESIAN_POINT ( 'NONE',  ( -9.987683734807962566, 67.14209179641811431, -24.99999999999999645 ) ) ;
#4073 = ORIENTED_EDGE ( 'NONE', *, *, #8275, .F. ) ;
#4074 = FACE_OUTER_BOUND ( 'NONE', #3586, .T. ) ;
#4075 = DIRECTION ( 'NONE',  ( -0.000000000000000000, 0.000000000000000000, 1.000000000000000000 ) ) ;
#4076 = VERTEX_POINT ( 'NONE', #5310 ) ;
#4077 = VERTEX_POINT ( 'NONE', #1712 ) ;
#4078 = DIRECTION ( 'NONE',  ( 0.000000000000000000, 0.000000000000000000, 1.000000000000000000 ) ) ;
#4079 =( BOUNDED_CURVE ( )  B_SPLINE_CURVE ( 3, ( #4350, #5816, #787, #2311 ),
 .UNSPECIFIED., .F., .T. ) 
 B_SPLINE_CURVE_WITH_KNOTS ( ( 4, 4 ),
 ( 0.000000000000000000, 1.047197551196595633 ),
 .UNSPECIFIED. ) 
 CURVE ( )  GEOMETRIC_REPRESENTATION_ITEM ( )  RATIONAL_B_SPLINE_CURVE ( ( 1.000000000000000000, 0.9106836025229594345, 0.9106836025229594345, 1.000000000000000000 ) ) 
 REPRESENTATION_ITEM ( '' )  );
#4080 = EDGE_CURVE ( 'NONE', #6819, #1698, #5834, .T. ) ;
#4081 = AXIS2_PLACEMENT_3D ( 'NONE', #447, #2585, #5472 ) ;
#4082 = EDGE_CURVE ( 'NONE', #8550, #7360, #429, .T. ) ;
#4083 = VERTEX_POINT ( 'NONE', #3274 ) ;
#4084 = LINE ( 'NONE', #4741, #2846 ) ;
#4085 = CARTESIAN_POINT ( 'NONE',  ( 28.10596914612448671, 2.499999999865384570, -20.17194210436932167 ) ) ;
#4086 = ADVANCED_FACE ( 'NONE', ( #9022 ), #4596, .T. ) ;
#4087 = EDGE_LOOP ( 'NONE', ( #7881, #1809, #6198, #3492 ) ) ;
#4088 = FACE_OUTER_BOUND ( 'NONE', #3622, .T. ) ;
#4089 = ORIENTED_EDGE ( 'NONE', *, *, #8074, .T. ) ;
#4090 = EDGE_LOOP ( 'NONE', ( #662, #1814, #7867, #5517 ) ) ;
#4091 = LINE ( 'NONE', #3287, #2650 ) ;
#4092 = ADVANCED_FACE ( 'NONE', ( #2708, #8449 ), #6919, .T. ) ;
#4093 = DIRECTION ( 'NONE',  ( -1.000000000000000000, -1.360567432138672574E-16, 0.000000000000000000 ) ) ;
#4094 = CARTESIAN_POINT ( 'NONE',  ( -26.00000000000000000, 16.00685424949231361, -18.15685424949224469 ) ) ;
#4095 = CARTESIAN_POINT ( 'NONE',  ( -23.31393684833121327, 12.50000000000001421, -1.663936848331197371 ) ) ;
#4096 = VERTEX_POINT ( 'NONE', #5547 ) ;
#4097 = DIRECTION ( 'NONE',  ( -0.000000000000000000, 0.000000000000000000, 1.000000000000000000 ) ) ;
#4098 = CARTESIAN_POINT ( 'NONE',  ( -30.00000000000000000, 35.00000000000000000, -2.000000000000001776 ) ) ;
#4099 = ADVANCED_FACE ( 'NONE', ( #1252 ), #5684, .T. ) ;
#4100 = CARTESIAN_POINT ( 'NONE',  ( 5.663118960624426101, 96.44000000000002615, -15.65739561406607372 ) ) ;
#4101 = CARTESIAN_POINT ( 'NONE',  ( -29.67960346863937460, 3.414213562373080713, -24.91421356237309581 ) ) ;
#4102 = DIRECTION ( 'NONE',  ( 0.000000000000000000, -1.000000000000000000, 0.000000000000000000 ) ) ;
#4103 = ORIENTED_EDGE ( 'NONE', *, *, #8367, .T. ) ;
#4104 = DIRECTION ( 'NONE',  ( 0.7071067811865536790, -0.7071067811865414665, 0.000000000000000000 ) ) ;
#4105 = ORIENTED_EDGE ( 'NONE', *, *, #1215, .T. ) ;
#4106 = CYLINDRICAL_SURFACE ( 'NONE', #3583, 0.8999999999999998002 ) ;
#4107 = VERTEX_POINT ( 'NONE', #7665 ) ;
#4108 = DIRECTION ( 'NONE',  ( 1.000000000000000000, -0.000000000000000000, -0.000000000000000000 ) ) ;
#4109 = ADVANCED_FACE ( 'NONE', ( #2612 ), #1603, .F. ) ;
#4110 = DIRECTION ( 'NONE',  ( -1.898094922533725623E-16, -1.000000000000000000, -0.000000000000000000 ) ) ;
#4111 = VERTEX_POINT ( 'NONE', #6251 ) ;
#4112 = DIRECTION ( 'NONE',  ( 1.000000000000000000, 1.360567432138672574E-16, -0.000000000000000000 ) ) ;
#4113 = DIRECTION ( 'NONE',  ( -0.000000000000000000, 1.000000000000000000, -0.000000000000000000 ) ) ;
#4114 = DIRECTION ( 'NONE',  ( 1.000000000000000000, -1.541976423090495387E-16, 0.000000000000000000 ) ) ;
#4115 = ORIENTED_EDGE ( 'NONE', *, *, #7513, .T. ) ;
#4116 = LINE ( 'NONE', #6997, #4145 ) ;
#4117 = CARTESIAN_POINT ( 'NONE',  ( -23.00000000000000000, 9.053179648447564176, -25.50000000000000355 ) ) ;
#4118 = ORIENTED_EDGE ( 'NONE', *, *, #4657, .T. ) ;
#4119 = VECTOR ( 'NONE', #1394, 1000.000000000000227 ) ;
#4120 = VERTEX_POINT ( 'NONE', #1212 ) ;
#4121 = CARTESIAN_POINT ( 'NONE',  ( 23.00000000000000000, 18.33716540796992334, -22.00000000000000711 ) ) ;
#4122 = ORIENTED_EDGE ( 'NONE', *, *, #2402, .F. ) ;
#4123 = CARTESIAN_POINT ( 'NONE',  ( 27.99999999999998934, 1.689189189189157281, -18.77505933142124661 ) ) ;
#4124 = EDGE_LOOP ( 'NONE', ( #5559, #456, #734, #1190 ) ) ;
#4125 = CIRCLE ( 'NONE', #2616, 2.149999999999999023 ) ;
#4126 = CARTESIAN_POINT ( 'NONE',  ( -28.17526321041469828, 2.500000000000001332, -21.78708781050336540 ) ) ;
#4127 = ORIENTED_EDGE ( 'NONE', *, *, #1602, .F. ) ;
#4128 = EDGE_CURVE ( 'NONE', #6642, #3332, #1947, .T. ) ;
#4129 = EDGE_CURVE ( 'NONE', #336, #7656, #500, .T. ) ;
#4130 = VERTEX_POINT ( 'NONE', #2750 ) ;
#4131 = AXIS2_PLACEMENT_3D ( 'NONE', #5688, #3557, #8592 ) ;
#4132 = DIRECTION ( 'NONE',  ( -1.000000000000000000, 0.000000000000000000, 0.000000000000000000 ) ) ;
#4133 = CARTESIAN_POINT ( 'NONE',  ( -25.99999999999999645, 12.49999999999986322, -20.49999999999977618 ) ) ;
#4134 = CARTESIAN_POINT ( 'NONE',  ( -25.99999999999999645, 10.34999999999988596, -20.49999999999977618 ) ) ;
#4135 = CYLINDRICAL_SURFACE ( 'NONE', #3147, 2.149999999999999023 ) ;
#4136 = CARTESIAN_POINT ( 'NONE',  ( 25.99999999999999645, 22.65000000000000924, -12.50000000000000000 ) ) ;
#4137 = EDGE_LOOP ( 'NONE', ( #6614, #3719, #6267, #2593 ) ) ;
#4138 = CIRCLE ( 'NONE', #8940, 0.9000000000000075717 ) ;
#4139 = CARTESIAN_POINT ( 'NONE',  ( 21.55000000000000071, 108.9309918853872148, 0.000000000000000000 ) ) ;
#4140 = EDGE_CURVE ( 'NONE', #6897, #412, #7846, .T. ) ;
#4141 = DIRECTION ( 'NONE',  ( 9.912705577010326782E-17, -1.000000000000000000, -0.000000000000000000 ) ) ;
#4142 = B_SPLINE_CURVE_WITH_KNOTS ( 'NONE', 3,
 ( #4417, #2149, #854, #5140, #108, #7998, #2199, #6406, #5043, #5754 ),
 .UNSPECIFIED., .F., .F.,
 ( 4, 2, 2, 2, 4 ),
 ( 0.000000000000000000, 0.0004043202586623498448, 0.0008086405173246996895, 0.001212960775987049480, 0.001617281034649399379 ),
 .UNSPECIFIED. ) ;
#4143 = CIRCLE ( 'NONE', #852, 1.000000000000000888 ) ;
#4144 = FACE_OUTER_BOUND ( 'NONE', #8312, .T. ) ;
#4145 = VECTOR ( 'NONE', #556, 1000.000000000000000 ) ;
#4146 = DIRECTION ( 'NONE',  ( -1.000000000000000000, -9.912705577010331712E-17, 0.000000000000000000 ) ) ;
#4147 = DIRECTION ( 'NONE',  ( -1.000000000000000000, 0.000000000000000000, 0.000000000000000000 ) ) ;
#4148 = EDGE_LOOP ( 'NONE', ( #865, #7485, #1846, #1730 ) ) ;
#4149 = CARTESIAN_POINT ( 'NONE',  ( -23.25759107883151700, 14.50863127347226467, -1.782642890053768303 ) ) ;
#4150 = VERTEX_POINT ( 'NONE', #1348 ) ;
#4151 = FACE_OUTER_BOUND ( 'NONE', #5932, .T. ) ;
#4152 = EDGE_CURVE ( 'NONE', #7066, #6642, #4927, .T. ) ;
#4153 = ORIENTED_EDGE ( 'NONE', *, *, #2544, .F. ) ;
#4154 = CIRCLE ( 'NONE', #1734, 2.000000000000001776 ) ;
#4155 = LINE ( 'NONE', #8389, #9247 ) ;
#4156 = LINE ( 'NONE', #3353, #7920 ) ;
#4157 = ORIENTED_EDGE ( 'NONE', *, *, #3246, .F. ) ;
#4158 = LINE ( 'NONE', #7042, #8569 ) ;
#4159 = CIRCLE ( 'NONE', #2808, 1.050000000000000488 ) ;
#4160 = CARTESIAN_POINT ( 'NONE',  ( 27.99999999999998934, -5.314665783094429971E-15, -2.000000000000000000 ) ) ;
#4161 = DIRECTION ( 'NONE',  ( -1.000000000000000000, 0.000000000000000000, 0.000000000000000000 ) ) ;
#4162 = ORIENTED_EDGE ( 'NONE', *, *, #7670, .T. ) ;
#4163 = DIRECTION ( 'NONE',  ( 0.000000000000000000, 0.000000000000000000, -1.000000000000000000 ) ) ;
#4164 = CARTESIAN_POINT ( 'NONE',  ( -23.99999999999999645, 4.313272937247765171, -18.50000000000000355 ) ) ;
#4165 = VERTEX_POINT ( 'NONE', #6961 ) ;
#4166 = DIRECTION ( 'NONE',  ( 1.000000000000000000, 0.000000000000000000, -0.000000000000000000 ) ) ;
#4167 = EDGE_CURVE ( 'NONE', #3508, #3580, #7100, .T. ) ;
#4168 = EDGE_CURVE ( 'NONE', #5629, #941, #5204, .T. ) ;
#4169 = AXIS2_PLACEMENT_3D ( 'NONE', #5357, #8881, #1073 ) ;
#4170 = ORIENTED_EDGE ( 'NONE', *, *, #4377, .F. ) ;
#4171 = CARTESIAN_POINT ( 'NONE',  ( 29.99999999999999645, 10.25794506176856302, -25.50000000000000355 ) ) ;
#4172 = EDGE_LOOP ( 'NONE', ( #6208, #2539, #5632, #2302, #3457, #2474 ) ) ;
#4173 = CARTESIAN_POINT ( 'NONE',  ( -23.14536514117947519, 11.77350324901001954, -23.48655078192842893 ) ) ;
#4174 = CARTESIAN_POINT ( 'NONE',  ( -22.25000000000000000, 106.9403061905773740, -14.59999999999999787 ) ) ;
#4175 = ORIENTED_EDGE ( 'NONE', *, *, #243, .F. ) ;
#4176 = ORIENTED_EDGE ( 'NONE', *, *, #6557, .T. ) ;
#4177 = ORIENTED_EDGE ( 'NONE', *, *, #174, .F. ) ;
#4178 = FACE_BOUND ( 'NONE', #7743, .T. ) ;
#4179 = CARTESIAN_POINT ( 'NONE',  ( -16.95237472713315441, 104.4400000000000261, -15.07788693191628582 ) ) ;
#4180 =( NAMED_UNIT ( * ) PLANE_ANGLE_UNIT ( ) SI_UNIT ( $, .RADIAN. ) );
#4181 = EDGE_CURVE ( 'NONE', #964, #6481, #2659, .T. ) ;
#4182 = CIRCLE ( 'NONE', #6447, 1.999999999999998224 ) ;
#4183 = EDGE_CURVE ( 'NONE', #2618, #8639, #8561, .T. ) ;
#4184 = DIRECTION ( 'NONE',  ( 9.912705577010326782E-17, -1.000000000000000000, 0.000000000000000000 ) ) ;
#4185 = ORIENTED_EDGE ( 'NONE', *, *, #8443, .T. ) ;
#4186 = VECTOR ( 'NONE', #3123, 1000.000000000000000 ) ;
#4187 = DIRECTION ( 'NONE',  ( 1.000000000000000000, -0.000000000000000000, -0.000000000000000000 ) ) ;
#4188 = AXIS2_PLACEMENT_3D ( 'NONE', #9254, #2098, #11 ) ;
#4189 = TOROIDAL_SURFACE ( 'NONE', #602, 4.000000000000000000, 2.000000000000000000 ) ;
#4190 = CARTESIAN_POINT ( 'NONE',  ( 23.99333286959872424, 106.8553365275379150, -12.43721174887200220 ) ) ;
#4191 = AXIS2_PLACEMENT_3D ( 'NONE', #7385, #6112, #3979 ) ;
#4192 = DIRECTION ( 'NONE',  ( 1.000000000000000000, 0.000000000000000000, -0.000000000000000000 ) ) ;
#4193 = EDGE_CURVE ( 'NONE', #4284, #1744, #3647, .T. ) ;
#4194 = EDGE_CURVE ( 'NONE', #4641, #3295, #8684, .T. ) ;
#4195 = CARTESIAN_POINT ( 'NONE',  ( 17.98768373480796612, 67.14209179641811431, 0.000000000000000000 ) ) ;
#4196 = FACE_BOUND ( 'NONE', #7788, .T. ) ;
#4197 = ORIENTED_EDGE ( 'NONE', *, *, #3936, .T. ) ;
#4198 = LINE ( 'NONE', #1877, #5694 ) ;
#4199 = ADVANCED_FACE ( 'NONE', ( #5163 ), #8021, .T. ) ;
#4200 = ORIENTED_EDGE ( 'NONE', *, *, #3213, .T. ) ;
#4201 = LINE ( 'NONE', #7084, #332 ) ;
#4202 = ORIENTED_EDGE ( 'NONE', *, *, #6311, .T. ) ;
#4203 = AXIS2_PLACEMENT_3D ( 'NONE', #4059, #4673, #1141 ) ;
#4204 = AXIS2_PLACEMENT_3D ( 'NONE', #6376, #7738, #4824 ) ;
#4205 = CARTESIAN_POINT ( 'NONE',  ( 5.773401785888007787, 57.10000000000000142, -22.00000000000000355 ) ) ;
#4206 = CARTESIAN_POINT ( 'NONE',  ( -10.27340178588798913, 58.89422863405996367, -25.00000000000000000 ) ) ;
#4207 = EDGE_LOOP ( 'NONE', ( #8230, #2343, #8770, #460, #6216, #1546, #756 ) ) ;
#4208 = CARTESIAN_POINT ( 'NONE',  ( -28.21074092151494384, 2.507624693107291858, -20.16731334127020858 ) ) ;
#4209 = SPHERICAL_SURFACE ( 'NONE', #7942, 2.000000000000000000 ) ;
#4210 = LINE ( 'NONE', #3596, #4055 ) ;
#4211 = EDGE_LOOP ( 'NONE', ( #4175, #5056, #731, #6836, #6848 ) ) ;
#4212 = DIRECTION ( 'NONE',  ( 1.000000000000000000, 0.000000000000000000, 0.000000000000000000 ) ) ;
#4213 = CARTESIAN_POINT ( 'NONE',  ( 29.97177438684034456, 4.100921173450909230, -19.86918919900770319 ) ) ;
#4214 = VERTEX_POINT ( 'NONE', #5209 ) ;
#4215 = CIRCLE ( 'NONE', #7680, 6.999999999999999112 ) ;
#4216 = ORIENTED_EDGE ( 'NONE', *, *, #8287, .F. ) ;
#4217 = DIRECTION ( 'NONE',  ( -1.000000000000000000, 0.000000000000000000, 0.000000000000000000 ) ) ;
#4218 = EDGE_CURVE ( 'NONE', #3692, #163, #7334, .T. ) ;
#4219 = VERTEX_POINT ( 'NONE', #1433 ) ;
#4220 = LINE ( 'NONE', #5026, #2165 ) ;
#4221 = AXIS2_PLACEMENT_3D ( 'NONE', #5482, #4242, #4768 ) ;
#4222 = CARTESIAN_POINT ( 'NONE',  ( 23.04566692014305573, 11.05181884155083161, -23.51535444616661863 ) ) ;
#4223 = DIRECTION ( 'NONE',  ( -0.000000000000000000, -0.000000000000000000, -1.000000000000000000 ) ) ;
#4224 = VERTEX_POINT ( 'NONE', #4443 ) ;
#4225 = DIRECTION ( 'NONE',  ( 0.000000000000000000, 1.000000000000000000, 1.835651978244082640E-31 ) ) ;
#4226 = ORIENTED_EDGE ( 'NONE', *, *, #2175, .F. ) ;
#4227 = VERTEX_POINT ( 'NONE', #7190 ) ;
#4228 = CIRCLE ( 'NONE', #3777, 1.049999999999998934 ) ;
#4229 = DIRECTION ( 'NONE',  ( 1.000000000000000000, 9.912705577010326782E-17, -0.000000000000000000 ) ) ;
#4230 = ADVANCED_FACE ( 'NONE', ( #7979 ), #8524, .T. ) ;
#4231 = CARTESIAN_POINT ( 'NONE',  ( 23.00000000000000000, 13.82287565553228958, -22.00000000000000355 ) ) ;
#4232 = CARTESIAN_POINT ( 'NONE',  ( 29.99999999999999645, 20.30685424949230011, -18.15685424949224469 ) ) ;
#4233 = ORIENTED_EDGE ( 'NONE', *, *, #4536, .T. ) ;
#4234 = DIRECTION ( 'NONE',  ( 0.000000000000000000, -1.000000000000000000, 0.000000000000000000 ) ) ;
#4235 = CARTESIAN_POINT ( 'NONE',  ( 24.38007653009868392, 106.1596862681114999, -12.58321640764325089 ) ) ;
#4236 = DIRECTION ( 'NONE',  ( 0.000000000000000000, 0.000000000000000000, -1.000000000000000000 ) ) ;
#4237 = DIRECTION ( 'NONE',  ( 1.000000000000000000, 0.000000000000000000, 0.000000000000000000 ) ) ;
#4238 = DIRECTION ( 'NONE',  ( -1.000000000000000000, -1.360567432138672574E-16, -0.000000000000000000 ) ) ;
#4239 = ORIENTED_EDGE ( 'NONE', *, *, #1736, .T. ) ;
#4240 = FACE_OUTER_BOUND ( 'NONE', #8359, .T. ) ;
#4241 = ORIENTED_EDGE ( 'NONE', *, *, #480, .F. ) ;
#4242 = DIRECTION ( 'NONE',  ( 1.000000000000000000, -0.000000000000000000, -0.000000000000000000 ) ) ;
#4243 = ORIENTED_EDGE ( 'NONE', *, *, #2045, .F. ) ;
#4244 = ADVANCED_FACE ( 'NONE', ( #7324 ), #3551, .F. ) ;
#4245 = EDGE_CURVE ( 'NONE', #2258, #2472, #4259, .T. ) ;
#4246 = DIRECTION ( 'NONE',  ( -1.000000000000000000, 0.000000000000000000, 0.000000000000000000 ) ) ;
#4247 = EDGE_CURVE ( 'NONE', #2160, #6082, #87, .T. ) ;
#4248 = DIRECTION ( 'NONE',  ( 0.000000000000000000, 0.000000000000000000, -1.000000000000000000 ) ) ;
#4249 = ORIENTED_EDGE ( 'NONE', *, *, #5991, .F. ) ;
#4250 = CARTESIAN_POINT ( 'NONE',  ( -29.99999999999999289, 4.500000000000002665, -19.30073525436772641 ) ) ;
#4251 = DIRECTION ( 'NONE',  ( 1.000000000000000000, 1.360567432138672574E-16, 0.000000000000000000 ) ) ;
#4252 = DIRECTION ( 'NONE',  ( -1.000000000000000000, 0.000000000000000000, 0.000000000000000000 ) ) ;
#4253 = ORIENTED_EDGE ( 'NONE', *, *, #5171, .F. ) ;
#4254 = DIRECTION ( 'NONE',  ( 0.4999999999999974465, -0.8660254037844401509, 0.000000000000000000 ) ) ;
#4255 = CARTESIAN_POINT ( 'NONE',  ( 29.43037891027897146, 3.079473499484982391, -21.14391593775272327 ) ) ;
#4256 = ORIENTED_EDGE ( 'NONE', *, *, #293, .T. ) ;
#4257 = EDGE_CURVE ( 'NONE', #3785, #6432, #2132, .T. ) ;
#4258 = ORIENTED_EDGE ( 'NONE', *, *, #1513, .T. ) ;
#4259 = LINE ( 'NONE', #8774, #6433 ) ;
#4260 = ORIENTED_EDGE ( 'NONE', *, *, #2847, .T. ) ;
#4261 = CARTESIAN_POINT ( 'NONE',  ( 16.57654914134644741, 94.44000000000002615, -2.755455298081540045E-15 ) ) ;
#4262 = CARTESIAN_POINT ( 'NONE',  ( -5.773401785888006899, 51.10000000000000853, -3.000000000000002665 ) ) ;
#4263 = CARTESIAN_POINT ( 'NONE',  ( 29.99999999999999645, 13.82287565553229314, -23.00000000000000000 ) ) ;
#4264 = CARTESIAN_POINT ( 'NONE',  ( 24.00000000000000711, 12.49999999999987210, -20.49999999999977618 ) ) ;
#4265 = ORIENTED_EDGE ( 'NONE', *, *, #7421, .T. ) ;
#4266 = FACE_OUTER_BOUND ( 'NONE', #522, .T. ) ;
#4267 = VECTOR ( 'NONE', #8034, 1000.000000000000227 ) ;
#4268 = ADVANCED_FACE ( 'NONE', ( #7932 ), #8589, .T. ) ;
#4269 = ORIENTED_EDGE ( 'NONE', *, *, #1460, .T. ) ;
#4270 = DIRECTION ( 'NONE',  ( -1.000000000000000000, -9.912705577010326782E-17, 0.000000000000000000 ) ) ;
#4271 = DIRECTION ( 'NONE',  ( 0.000000000000000000, -1.000000000000000000, 0.000000000000000000 ) ) ;
#4272 = CIRCLE ( 'NONE', #5038, 3.000000000000000000 ) ;
#4273 = CARTESIAN_POINT ( 'NONE',  ( -22.55000000000001847, 118.9400000000000261, -0.2679491924311194206 ) ) ;
#4274 = CARTESIAN_POINT ( 'NONE',  ( -10.75000000000019895, 80.80934643409020168, -15.65739561406607727 ) ) ;
#4275 = EDGE_LOOP ( 'NONE', ( #6369, #5190, #4127, #6686 ) ) ;
#4276 = LINE ( 'NONE', #7165, #6948 ) ;
#4277 = ADVANCED_FACE ( 'NONE', ( #6573 ), #882, .F. ) ;
#4278 = CIRCLE ( 'NONE', #244, 1.049999999999998934 ) ;
#4279 = CARTESIAN_POINT ( 'NONE',  ( 25.99999999999999645, 12.49999999999987388, -20.49999999999977618 ) ) ;
#4280 = CARTESIAN_POINT ( 'NONE',  ( 24.63509222136526233, 15.91769679268175253, 0.000000000000000000 ) ) ;
#4281 = CIRCLE ( 'NONE', #1429, 12.50000000000000000 ) ;
#4282 = CARTESIAN_POINT ( 'NONE',  ( 22.24999999999998579, 116.0903061905773654, -21.59999999999999787 ) ) ;
#4283 = DIRECTION ( 'NONE',  ( 9.912705577010326782E-17, -1.000000000000000000, 0.000000000000000000 ) ) ;
#4284 = VERTEX_POINT ( 'NONE', #2892 ) ;
#4285 = CIRCLE ( 'NONE', #1430, 2.149999999999997247 ) ;
#4286 = CYLINDRICAL_SURFACE ( 'NONE', #8377, 2.000000000000001776 ) ;
#4287 = ORIENTED_EDGE ( 'NONE', *, *, #5299, .T. ) ;
#4288 = CARTESIAN_POINT ( 'NONE',  ( 25.99999999999999645, 19.20685424949253672, -6.843145750507550140 ) ) ;
#4289 = ORIENTED_EDGE ( 'NONE', *, *, #6888, .T. ) ;
#4290 = AXIS2_PLACEMENT_3D ( 'NONE', #5194, #1733, #5947 ) ;
#4291 = DIRECTION ( 'NONE',  ( -1.898094922533725623E-16, -1.000000000000000000, 0.000000000000000000 ) ) ;
#4292 = AXIS2_PLACEMENT_3D ( 'NONE', #8584, #741, #9288 ) ;
#4293 = EDGE_LOOP ( 'NONE', ( #6723, #5229, #3897, #618, #7435, #7090 ) ) ;
#4294 = CARTESIAN_POINT ( 'NONE',  ( -29.34181962457716608, 2.331803519667599911, -18.85206809379781490 ) ) ;
#4295 = CARTESIAN_POINT ( 'NONE',  ( -25.99999999999999645, 12.49999999999988276, -20.49999999999977618 ) ) ;
#4296 = CARTESIAN_POINT ( 'NONE',  ( 5.773401785888007787, 60.10000000000000853, -3.000000000000002665 ) ) ;
#4297 = EDGE_CURVE ( 'NONE', #879, #8485, #284, .T. ) ;
#4298 = ORIENTED_EDGE ( 'NONE', *, *, #1116, .F. ) ;
#4299 = ADVANCED_FACE ( 'NONE', ( #3742 ), #133, .T. ) ;
#4300 = CARTESIAN_POINT ( 'NONE',  ( 26.00000000000000000, 12.50000000000000355, -25.49999999999999645 ) ) ;
#4301 = CARTESIAN_POINT ( 'NONE',  ( -2.003094741985453220E-13, 80.80934643409020168, -19.77189238011338546 ) ) ;
#4302 = ORIENTED_EDGE ( 'NONE', *, *, #8334, .F. ) ;
#4303 = VECTOR ( 'NONE', #8182, 1000.000000000000000 ) ;
#4304 = CIRCLE ( 'NONE', #8506, 1.049999999999998934 ) ;
#4305 = VERTEX_POINT ( 'NONE', #3025 ) ;
#4306 = CARTESIAN_POINT ( 'NONE',  ( -26.25000000000000355, 102.3196380149609155, 2.380819224798175777E-29 ) ) ;
#4307 = AXIS2_PLACEMENT_3D ( 'NONE', #3384, #2587, #2005 ) ;
#4308 = VERTEX_POINT ( 'NONE', #5914 ) ;
#4309 = CARTESIAN_POINT ( 'NONE',  ( -30.00000000000000000, 49.81447292170534524, -23.00000000000000000 ) ) ;
#4310 = DIRECTION ( 'NONE',  ( 0.5427066596637503126, 0.8399223068573749007, -0.000000000000000000 ) ) ;
#4311 = VERTEX_POINT ( 'NONE', #8632 ) ;
#4312 = EDGE_CURVE ( 'NONE', #3608, #4363, #2365, .T. ) ;
#4313 = CARTESIAN_POINT ( 'NONE',  ( -20.25000000000000000, 113.9403061905773740, -6.699999999999990408 ) ) ;
#4314 = LINE ( 'NONE', #7198, #1123 ) ;
#4315 = ORIENTED_EDGE ( 'NONE', *, *, #426, .F. ) ;
#4316 = DIRECTION ( 'NONE',  ( -1.000000000000000000, 1.541976423090495387E-16, 0.000000000000000000 ) ) ;
#4317 = EDGE_CURVE ( 'NONE', #5823, #2160, #8345, .T. ) ;
#4318 = AXIS2_PLACEMENT_3D ( 'NONE', #7289, #847, #3706 ) ;
#4319 = ORIENTED_EDGE ( 'NONE', *, *, #1231, .T. ) ;
#4320 = CARTESIAN_POINT ( 'NONE',  ( -17.98768373480796257, 67.14209179641811431, 0.000000000000000000 ) ) ;
#4321 = CARTESIAN_POINT ( 'NONE',  ( -25.28728749488985983, 1.133551116643078505, -7.500000000000000888 ) ) ;
#4322 = CARTESIAN_POINT ( 'NONE',  ( 25.99999999999999645, 12.49999999999987388, -20.49999999999977618 ) ) ;
#4323 = DIRECTION ( 'NONE',  ( 0.000000000000000000, -1.000000000000000000, 0.000000000000000000 ) ) ;
#4324 = DIRECTION ( 'NONE',  ( -1.000000000000000000, -1.892425610156517122E-16, -0.000000000000000000 ) ) ;
#4325 = ORIENTED_EDGE ( 'NONE', *, *, #5234, .T. ) ;
#4326 = CARTESIAN_POINT ( 'NONE',  ( 43.45996886322567576, 104.4400000000000261, -34.33678138689331405 ) ) ;
#4327 = B_SPLINE_CURVE_WITH_KNOTS ( 'NONE', 3,
 ( #3735, #2974, #1557, #1474, #127, #177, #692, #3598, #6430, #2843, #7882, #6482, #1425, #4300 ),
 .UNSPECIFIED., .F., .F.,
 ( 4, 2, 2, 2, 2, 2, 4 ),
 ( 0.000000000000000000, 0.001240138206829299351, 0.002480276413658598703, 0.003100345517073245342, 0.003720414620487891549, 0.004340483723902537755, 0.004960552827317184395 ),
 .UNSPECIFIED. ) ;
#4328 = CARTESIAN_POINT ( 'NONE',  ( -29.57029951316431493, 51.21726115183010108, -23.00000000000000000 ) ) ;
#4329 = CIRCLE ( 'NONE', #9287, 4.000000000000000000 ) ;
#4330 = AXIS2_PLACEMENT_3D ( 'NONE', #6509, #2913, #8466 ) ;
#4331 = DIRECTION ( 'NONE',  ( 0.000000000000000000, 1.000000000000000000, 0.000000000000000000 ) ) ;
#4332 = EDGE_CURVE ( 'NONE', #4383, #71, #3452, .T. ) ;
#4333 = CIRCLE ( 'NONE', #5552, 4.000000000000000000 ) ;
#4334 = CARTESIAN_POINT ( 'NONE',  ( 29.41054032824735742, 2.388874424899950277, -18.85816397002136569 ) ) ;
#4335 = ORIENTED_EDGE ( 'NONE', *, *, #6263, .T. ) ;
#4336 = DIRECTION ( 'NONE',  ( -1.000000000000000000, -1.360567432138672574E-16, 0.000000000000000000 ) ) ;
#4337 = ORIENTED_EDGE ( 'NONE', *, *, #8322, .T. ) ;
#4338 = VECTOR ( 'NONE', #708, 1000.000000000000000 ) ;
#4339 = DIRECTION ( 'NONE',  ( 0.000000000000000000, 1.000000000000000000, 0.000000000000000000 ) ) ;
#4340 = AXIS2_PLACEMENT_3D ( 'NONE', #19, #7069, #8603 ) ;
#4341 = ORIENTED_EDGE ( 'NONE', *, *, #1987, .T. ) ;
#4342 = VECTOR ( 'NONE', #2761, 1000.000000000000114 ) ;
#4343 = DIRECTION ( 'NONE',  ( 1.000000000000000000, 0.000000000000000000, 0.000000000000000000 ) ) ;
#4344 = CARTESIAN_POINT ( 'NONE',  ( -28.42093375970071634, 2.540851400657108794, -20.14784976292579444 ) ) ;
#4345 = VECTOR ( 'NONE', #3922, 1000.000000000000000 ) ;
#4346 = ADVANCED_FACE ( 'NONE', ( #1888 ), #4209, .T. ) ;
#4347 = DIRECTION ( 'NONE',  ( -1.000000000000000000, -9.912705577010326782E-17, 0.000000000000000000 ) ) ;
#4348 = CARTESIAN_POINT ( 'NONE',  ( -37.75000000000000711, 106.9403061905773740, -13.69999999999999929 ) ) ;
#4349 = ORIENTED_EDGE ( 'NONE', *, *, #6503, .F. ) ;
#4350 = CARTESIAN_POINT ( 'NONE',  ( 23.54999999999997584, 117.9400000000000972, -23.00000000000000000 ) ) ;
#4351 = CARTESIAN_POINT ( 'NONE',  ( 58.00000000000002132, 11.44999999999987850, -20.49999999999977618 ) ) ;
#4352 = ORIENTED_EDGE ( 'NONE', *, *, #7126, .F. ) ;
#4353 = VECTOR ( 'NONE', #38, 1000.000000000000000 ) ;
#4354 = ORIENTED_EDGE ( 'NONE', *, *, #3209, .T. ) ;
#4355 = EDGE_CURVE ( 'NONE', #3390, #7184, #6242, .T. ) ;
#4356 = DIRECTION ( 'NONE',  ( 0.000000000000000000, 2.029344161882401514E-31, -1.000000000000000000 ) ) ;
#4357 = ORIENTED_EDGE ( 'NONE', *, *, #5315, .T. ) ;
#4358 = CARTESIAN_POINT ( 'NONE',  ( 24.83153414260883451, 105.5798265565317280, -16.27944842496635047 ) ) ;
#4359 = FACE_OUTER_BOUND ( 'NONE', #912, .T. ) ;
#4360 = ORIENTED_EDGE ( 'NONE', *, *, #2691, .F. ) ;
#4361 = CARTESIAN_POINT ( 'NONE',  ( 14.24999999999978861, 80.80934643409020168, -13.11449676604731174 ) ) ;
#4362 = CARTESIAN_POINT ( 'NONE',  ( 23.00000000000000000, 1.043560762610397319, -17.50000000000000000 ) ) ;
#4363 = VERTEX_POINT ( 'NONE', #1938 ) ;
#4364 = VECTOR ( 'NONE', #5915, 1000.000000000000000 ) ;
#4365 = ORIENTED_EDGE ( 'NONE', *, *, #6593, .T. ) ;
#4366 = ADVANCED_FACE ( 'NONE', ( #5586 ), #5627, .F. ) ;
#4367 = EDGE_CURVE ( 'NONE', #6379, #5993, #8397, .T. ) ;
#4368 = CARTESIAN_POINT ( 'NONE',  ( 21.49999999999998579, 52.41254913305866125, -3.000000000000002665 ) ) ;
#4369 = VECTOR ( 'NONE', #1879, 1000.000000000000000 ) ;
#4370 = DIRECTION ( 'NONE',  ( -0.000000000000000000, 1.000000000000000000, -0.000000000000000000 ) ) ;
#4371 = CC_DESIGN_DATE_AND_TIME_ASSIGNMENT ( #103, #8747, ( #4833 ) ) ;
#4372 = DATE_TIME_ROLE ( 'classification_date' ) ;
#4373 = CARTESIAN_POINT ( 'NONE',  ( 58.00000000000002132, 21.55000000000001847, -12.50000000000000000 ) ) ;
#4374 = ORIENTED_EDGE ( 'NONE', *, *, #5876, .T. ) ;
#4375 = CIRCLE ( 'NONE', #3171, 0.8999999999999998002 ) ;
#4376 = CARTESIAN_POINT ( 'NONE',  ( 4.670159431706762732, 104.4400000000000261, -71.34475996974296663 ) ) ;
#4377 = EDGE_CURVE ( 'NONE', #3756, #2258, #613, .T. ) ;
#4378 = CARTESIAN_POINT ( 'NONE',  ( 23.57723099860620408, 108.4015740791000155, -13.01718230270507881 ) ) ;
#4379 =( BOUNDED_CURVE ( )  B_SPLINE_CURVE ( 3, ( #6908, #1845, #7739, #2508 ),
 .UNSPECIFIED., .F., .T. ) 
 B_SPLINE_CURVE_WITH_KNOTS ( ( 4, 4 ),
 ( 4.712388980384687898, 6.283185307179586232 ),
 .UNSPECIFIED. ) 
 CURVE ( )  GEOMETRIC_REPRESENTATION_ITEM ( )  RATIONAL_B_SPLINE_CURVE ( ( 1.000000000000000000, 0.8047378541243646044, 0.8047378541243646044, 1.000000000000000000 ) ) 
 REPRESENTATION_ITEM ( '' )  );
#4380 = PLANE ( 'NONE',  #3427 ) ;
#4381 = VECTOR ( 'NONE', #5933, 1000.000000000000000 ) ;
#4382 = LINE ( 'NONE', #2960, #411 ) ;
#4383 = VERTEX_POINT ( 'NONE', #8483 ) ;
#4384 = FACE_OUTER_BOUND ( 'NONE', #1130, .T. ) ;
#4385 = ORIENTED_EDGE ( 'NONE', *, *, #4140, .F. ) ;
#4386 = PLANE ( 'NONE',  #2107 ) ;
#4387 = EDGE_LOOP ( 'NONE', ( #3187, #8448, #5478, #3506, #4289 ) ) ;
#4388 = EDGE_CURVE ( 'NONE', #3608, #3874, #3904, .T. ) ;
#4389 = PLANE ( 'NONE',  #5057 ) ;
#4390 = CARTESIAN_POINT ( 'NONE',  ( -29.99999999999999289, 4.373129173487709132, -19.48718474989275862 ) ) ;
#4391 = CARTESIAN_POINT ( 'NONE',  ( -26.00000000000000000, 35.00000000000000000, -22.00000000000000355 ) ) ;
#4392 = CARTESIAN_POINT ( 'NONE',  ( 26.25000000000000355, 94.67022964293305165, -25.00000000000000000 ) ) ;
#4393 = ORIENTED_EDGE ( 'NONE', *, *, #8334, .T. ) ;
#4394 = CARTESIAN_POINT ( 'NONE',  ( -27.99999999999999289, 12.49999999999999645, -25.50000000000000355 ) ) ;
#4395 = CARTESIAN_POINT ( 'NONE',  ( -2.053768692359101854E-13, 80.80934643409020168, -11.54289884801876198 ) ) ;
#4396 = ORIENTED_EDGE ( 'NONE', *, *, #5946, .F. ) ;
#4397 = VERTEX_POINT ( 'NONE', #6203 ) ;
#4398 = ADVANCED_FACE ( 'NONE', ( #1844 ), #1286, .T. ) ;
#4399 = EDGE_LOOP ( 'NONE', ( #1180, #320, #7575, #2328, #7511 ) ) ;
#4400 = CARTESIAN_POINT ( 'NONE',  ( -23.67760981612343940, 3.292039969255676102, -17.50000000000000000 ) ) ;
#4401 = CARTESIAN_POINT ( 'NONE',  ( 23.55000000000000071, 108.8796683660668378, -15.53799374804082589 ) ) ;
#4402 = LINE ( 'NONE', #136, #5338 ) ;
#4403 = EDGE_LOOP ( 'NONE', ( #8020, #579 ) ) ;
#4404 = CARTESIAN_POINT ( 'NONE',  ( 29.99999999999999645, 14.65000000000021174, -4.499999999999771738 ) ) ;
#4405 = LINE ( 'NONE', #8691, #2306 ) ;
#4406 = ORIENTED_EDGE ( 'NONE', *, *, #1615, .T. ) ;
#4407 = CARTESIAN_POINT ( 'NONE',  ( 24.03457971532077764, 4.163483851716585527, -18.22973633070123256 ) ) ;
#4408 = B_SPLINE_CURVE_WITH_KNOTS ( 'NONE', 3,
 ( #7093, #5771, #2742, #8625, #2168, #6377, #5628, #9237, #688, #7455, #5199, #4487, #5952, #919 ),
 .UNSPECIFIED., .F., .F.,
 ( 4, 2, 2, 2, 2, 2, 4 ),
 ( 0.000000000000000000, 0.0004632741521417426821, 0.0009265483042834853642, 0.001158185380354360148, 0.001389822456425235039, 0.001621459532496109931, 0.001853096608566984823 ),
 .UNSPECIFIED. ) ;
#4409 = ORIENTED_EDGE ( 'NONE', *, *, #2772, .T. ) ;
#4410 = CARTESIAN_POINT ( 'NONE',  ( 18.25639375506120388, 93.35458668067252574, -2.000000000000000000 ) ) ;
#4411 = ORIENTED_EDGE ( 'NONE', *, *, #4082, .F. ) ;
#4412 = APPLICATION_PROTOCOL_DEFINITION ( 'international standard', 'config_control_design', 1994, #257 ) ;
#4413 = EDGE_CURVE ( 'NONE', #1220, #7876, #6953, .T. ) ;
#4414 = EDGE_CURVE ( 'NONE', #3855, #2447, #1783, .T. ) ;
#4415 = DIRECTION ( 'NONE',  ( -1.000000000000000000, -9.912705577010326782E-17, 0.000000000000000000 ) ) ;
#4416 = ORIENTED_EDGE ( 'NONE', *, *, #2577, .F. ) ;
#4417 = CARTESIAN_POINT ( 'NONE',  ( 28.00000000000000000, 0.6572807176729866807, -16.50000000000000000 ) ) ;
#4418 = TOROIDAL_SURFACE ( 'NONE', #7287, 9.000000000000001776, 3.000000000000000000 ) ;
#4419 = PLANE ( 'NONE',  #417 ) ;
#4420 = CARTESIAN_POINT ( 'NONE',  ( -37.75000000000000711, 106.9403061905773740, -14.59999999999999787 ) ) ;
#4421 = CARTESIAN_POINT ( 'NONE',  ( 16.57654914134644741, 98.44000000000002615, -23.00000000000000000 ) ) ;
#4422 = EDGE_LOOP ( 'NONE', ( #193, #4335 ) ) ;
#4423 = EDGE_CURVE ( 'NONE', #2313, #8412, #5566, .T. ) ;
#4424 = DIRECTION ( 'NONE',  ( -0.8399223068573765660, -0.5427066596637477591, 0.000000000000000000 ) ) ;
#4425 = ORIENTED_EDGE ( 'NONE', *, *, #8111, .F. ) ;
#4426 = DIRECTION ( 'NONE',  ( -1.000000000000000000, 1.541976423090495387E-16, 0.000000000000000000 ) ) ;
#4427 = EDGE_LOOP ( 'NONE', ( #7035, #7745, #3752, #1421, #6205, #6024, #2744, #56, #2890, #1880, #5922 ) ) ;
#4428 = DIRECTION ( 'NONE',  ( 1.000000000000000000, -0.000000000000000000, -0.000000000000000000 ) ) ;
#4429 = CARTESIAN_POINT ( 'NONE',  ( -11.26830527994894027, 71.48374507372808750, -2.000000000000000000 ) ) ;
#4430 = AXIS2_PLACEMENT_3D ( 'NONE', #4361, #2279, #4450 ) ;
#4431 = DIRECTION ( 'NONE',  ( -1.000000000000000000, 0.000000000000000000, 0.000000000000000000 ) ) ;
#4432 = FACE_BOUND ( 'NONE', #3022, .T. ) ;
#4433 = ORIENTED_EDGE ( 'NONE', *, *, #5172, .T. ) ;
#4434 = EDGE_CURVE ( 'NONE', #2530, #189, #2024, .T. ) ;
#4435 = CARTESIAN_POINT ( 'NONE',  ( 24.25353312144070372, 4.155141269180924191, -7.179773925516992783 ) ) ;
#4436 = FACE_OUTER_BOUND ( 'NONE', #7898, .T. ) ;
#4437 = VERTEX_POINT ( 'NONE', #646 ) ;
#4438 = VERTEX_POINT ( 'NONE', #3497 ) ;
#4439 = CIRCLE ( 'NONE', #397, 3.000000000000002220 ) ;
#4440 = VECTOR ( 'NONE', #4688, 1000.000000000000000 ) ;
#4441 = DIRECTION ( 'NONE',  ( 9.912705577010328015E-17, -1.000000000000000000, 0.000000000000000000 ) ) ;
#4442 = EDGE_LOOP ( 'NONE', ( #5296, #5584, #3591, #8686 ) ) ;
#4443 = CARTESIAN_POINT ( 'NONE',  ( 25.99999999999999645, 20.30685424949230011, -18.15685424949224469 ) ) ;
#4444 = AXIS2_PLACEMENT_3D ( 'NONE', #215, #1688, #5242 ) ;
#4445 = CYLINDRICAL_SURFACE ( 'NONE', #5139, 0.9000000000000075717 ) ;
#4446 = DIRECTION ( 'NONE',  ( 0.000000000000000000, 1.000000000000000000, 0.000000000000000000 ) ) ;
#4448 = ORIENTED_EDGE ( 'NONE', *, *, #4602, .F. ) ;
#4447 = VECTOR ( 'NONE', #7454, 1000.000000000000000 ) ;
#4449 = EDGE_CURVE ( 'NONE', #4076, #4015, #7606, .T. ) ;
#4450 = DIRECTION ( 'NONE',  ( -0.3090169943749457304, 0.000000000000000000, -0.9510565162951540863 ) ) ;
#4451 = EDGE_CURVE ( 'NONE', #222, #7972, #5117, .T. ) ;
#4452 = CARTESIAN_POINT ( 'NONE',  ( -30.00000000000000355, 53.27857453684310940, -2.000000000000001776 ) ) ;
#4453 = ORIENTED_EDGE ( 'NONE', *, *, #6680, .F. ) ;
#4454 = AXIS2_PLACEMENT_3D ( 'NONE', #6742, #8799, #5986 ) ;
#4455 = ORIENTED_EDGE ( 'NONE', *, *, #5346, .T. ) ;
#4456 = AXIS2_PLACEMENT_3D ( 'NONE', #2153, #724, #28 ) ;
#4457 = CARTESIAN_POINT ( 'NONE',  ( 28.00000000000000000, 0.6572807176729866807, -16.50000000000000000 ) ) ;
#4458 = EDGE_LOOP ( 'NONE', ( #2991, #1903, #7728, #8090, #378, #8363, #8488 ) ) ;
#4459 = PERSON_AND_ORGANIZATION ( #8923, #2240 ) ;
#4460 = EDGE_CURVE ( 'NONE', #7692, #73, #4656, .T. ) ;
#4461 = CARTESIAN_POINT ( 'NONE',  ( -26.99999999999999645, 1.043560762610397319, -7.500000000000000000 ) ) ;
#4462 = VECTOR ( 'NONE', #2143, 1000.000000000000000 ) ;
#4463 = PLANE ( 'NONE',  #9148 ) ;
#4464 = ORIENTED_EDGE ( 'NONE', *, *, #5444, .T. ) ;
#4465 = DIRECTION ( 'NONE',  ( 0.000000000000000000, 1.000000000000000000, 0.000000000000000000 ) ) ;
#4466 = AXIS2_PLACEMENT_3D ( 'NONE', #5624, #6283, #466 ) ;
#4467 = ADVANCED_FACE ( 'NONE', ( #3356 ), #5061, .F. ) ;
#4468 = CARTESIAN_POINT ( 'NONE',  ( -27.99999999999999289, -2.775557561562890562E-15, 0.000000000000000000 ) ) ;
#4469 = ADVANCED_FACE ( 'NONE', ( #5155 ), #6427, .F. ) ;
#4470 = CARTESIAN_POINT ( 'NONE',  ( -24.00000000000000000, 49.81447292170534524, -25.00000000000000000 ) ) ;
#4471 = DIRECTION ( 'NONE',  ( 1.000000000000000000, 1.360567432138672574E-16, -0.000000000000000000 ) ) ;
#4472 = DIRECTION ( 'NONE',  ( 0.000000000000000000, 0.000000000000000000, -1.000000000000000000 ) ) ;
#4473 = ORIENTED_EDGE ( 'NONE', *, *, #8775, .T. ) ;
#4474 = DIRECTION ( 'NONE',  ( 0.8660254037844397068, 0.4999999999999979461, 0.000000000000000000 ) ) ;
#4475 = ORIENTED_EDGE ( 'NONE', *, *, #6972, .F. ) ;
#4476 = CARTESIAN_POINT ( 'NONE',  ( -0.000000000000000000, 60.10000000000000853, -22.00000000000000355 ) ) ;
#4477 = ORIENTED_EDGE ( 'NONE', *, *, #691, .F. ) ;
#4478 = AXIS2_PLACEMENT_3D ( 'NONE', #3166, #6804, #7368 ) ;
#4479 = B_SPLINE_CURVE_WITH_KNOTS ( 'NONE', 3,
 ( #6976, #6361, #628, #6318, #7074, #1962, #534, #4053, #3341, #1268 ),
 .UNSPECIFIED., .F., .F.,
 ( 4, 2, 2, 2, 4 ),
 ( 0.0006639736928595426279, 0.002172166065292620817, 0.003680358437725698897, 0.005188550810158776977, 0.006696743182591854623 ),
 .UNSPECIFIED. ) ;
#4480 = ADVANCED_FACE ( 'NONE', ( #823 ), #4970, .T. ) ;
#4481 = DIRECTION ( 'NONE',  ( 0.000000000000000000, 0.000000000000000000, 1.000000000000000000 ) ) ;
#4482 = ADVANCED_FACE ( 'NONE', ( #2840 ), #3683, .F. ) ;
#4483 = VECTOR ( 'NONE', #2636, 1000.000000000000000 ) ;
#4484 = CARTESIAN_POINT ( 'NONE',  ( -0.000000000000000000, 12.49999999999999822, 0.000000000000000000 ) ) ;
#4485 = ADVANCED_FACE ( 'NONE', ( #2215 ), #8532, .T. ) ;
#4486 = DIRECTION ( 'NONE',  ( -1.000000000000000000, -1.892425610156517122E-16, -0.000000000000000000 ) ) ;
#4487 = CARTESIAN_POINT ( 'NONE',  ( -24.00601015047709907, 4.226148267526005142, -6.630625250462510500 ) ) ;
#4488 = LINE ( 'NONE', #7367, #2231 ) ;
#4489 = AXIS2_PLACEMENT_3D ( 'NONE', #7766, #5516, #532 ) ;
#4490 = AXIS2_PLACEMENT_3D ( 'NONE', #6753, #1647, #4529 ) ;
#4491 = CARTESIAN_POINT ( 'NONE',  ( 24.46713198008152901, 4.295467861415320776, -7.357529628611754191 ) ) ;
#4492 = DIRECTION ( 'NONE',  ( 0.9444791243466057473, 0.3285714285714280702, 0.000000000000000000 ) ) ;
#4493 = ORIENTED_EDGE ( 'NONE', *, *, #1182, .F. ) ;
#4494 = ORIENTED_EDGE ( 'NONE', *, *, #4926, .F. ) ;
#4495 = EDGE_LOOP ( 'NONE', ( #3894, #7805, #4827, #7852, #5926, #5669 ) ) ;
#4496 = DIRECTION ( 'NONE',  ( 0.000000000000000000, 0.000000000000000000, 1.000000000000000000 ) ) ;
#4497 = CARTESIAN_POINT ( 'NONE',  ( -24.87906706703271098, 1.265187046592040954, -7.500000000000001776 ) ) ;
#4498 = LINE ( 'NONE', #7377, #8421 ) ;
#4499 = AXIS2_PLACEMENT_3D ( 'NONE', #9109, #1294, #4166 ) ;
#4500 = CARTESIAN_POINT ( 'NONE',  ( 11.58728778948667504, 4.828427124746202281, -23.49999999999999289 ) ) ;
#4501 = CARTESIAN_POINT ( 'NONE',  ( -23.43500939178819920, 114.5597655007785960, -23.68157231859267142 ) ) ;
#4502 = ORIENTED_EDGE ( 'NONE', *, *, #2695, .F. ) ;
#4503 = DIRECTION ( 'NONE',  ( 0.000000000000000000, 1.000000000000000000, 0.000000000000000000 ) ) ;
#4504 = CARTESIAN_POINT ( 'NONE',  ( -25.49333738417901429, 104.9734658108850596, -15.47686534175530504 ) ) ;
#4505 = EDGE_LOOP ( 'NONE', ( #1356, #1077, #8563, #8162 ) ) ;
#4506 = DIRECTION ( 'NONE',  ( 1.000000000000000000, 0.000000000000000000, 0.000000000000000000 ) ) ;
#4507 = AXIS2_PLACEMENT_3D ( 'NONE', #3064, #4531, #3018 ) ;
#4508 = ORIENTED_EDGE ( 'NONE', *, *, #904, .T. ) ;
#4509 = EDGE_CURVE ( 'NONE', #4083, #4679, #4918, .T. ) ;
#4510 = DIRECTION ( 'NONE',  ( 0.000000000000000000, -1.000000000000000000, 0.000000000000000000 ) ) ;
#4511 = ORIENTED_EDGE ( 'NONE', *, *, #5835, .T. ) ;
#4512 = DIRECTION ( 'NONE',  ( 1.000000000000000000, 0.000000000000000000, 0.000000000000000000 ) ) ;
#4513 = CARTESIAN_POINT ( 'NONE',  ( 29.87982461799261458, 3.814152125932307680, -20.24420875246030960 ) ) ;
#4514 = DIRECTION ( 'NONE',  ( 1.000000000000000000, -1.541976423090495387E-16, 0.000000000000000000 ) ) ;
#4515 = ORIENTED_EDGE ( 'NONE', *, *, #8571, .T. ) ;
#4516 = CARTESIAN_POINT ( 'NONE',  ( -21.55000000000002913, 118.9400000000000261, -23.00000000000000000 ) ) ;
#4517 = ORIENTED_EDGE ( 'NONE', *, *, #1341, .F. ) ;
#4518 = VECTOR ( 'NONE', #7605, 1000.000000000000000 ) ;
#4519 = EDGE_CURVE ( 'NONE', #2997, #4363, #2167, .T. ) ;
#4520 = DIRECTION ( 'NONE',  ( 1.000000000000000000, -0.000000000000000000, -0.000000000000000000 ) ) ;
#4521 = CARTESIAN_POINT ( 'NONE',  ( -24.00000000000000000, 49.81447292170534524, -128.1790850899541852 ) ) ;
#4522 = DIRECTION ( 'NONE',  ( 1.000000000000000000, 0.000000000000000000, 0.000000000000000000 ) ) ;
#4523 = FACE_OUTER_BOUND ( 'NONE', #5179, .T. ) ;
#4524 = ORIENTED_EDGE ( 'NONE', *, *, #5288, .T. ) ;
#4525 = DIRECTION ( 'NONE',  ( -9.912705577010326782E-17, 1.000000000000000000, 0.000000000000000000 ) ) ;
#4526 = EDGE_LOOP ( 'NONE', ( #4653, #832, #1035, #6637 ) ) ;
#4527 = DIRECTION ( 'NONE',  ( 0.000000000000000000, 0.000000000000000000, 1.000000000000000000 ) ) ;
#4528 = LINE ( 'NONE', #263, #9107 ) ;
#4529 = DIRECTION ( 'NONE',  ( 0.000000000000000000, -1.000000000000000000, 0.000000000000000000 ) ) ;
#4530 = DIRECTION ( 'NONE',  ( 0.000000000000000000, -1.000000000000000000, 0.000000000000000000 ) ) ;
#4531 = DIRECTION ( 'NONE',  ( 1.000000000000000000, 1.360567432138672574E-16, 0.000000000000000000 ) ) ;
#4532 = DIRECTION ( 'NONE',  ( -0.8660254037844397068, -0.4999999999999979461, 0.000000000000000000 ) ) ;
#4533 = CARTESIAN_POINT ( 'NONE',  ( 22.54999999999997229, 118.9400000000000972, -24.73205080756887853 ) ) ;
#4534 = EDGE_LOOP ( 'NONE', ( #8952, #4986, #5604 ) ) ;
#4535 = EDGE_CURVE ( 'NONE', #7470, #1284, #7268, .T. ) ;
#4536 = EDGE_CURVE ( 'NONE', #196, #8382, #7475, .T. ) ;
#4537 = VERTEX_POINT ( 'NONE', #8581 ) ;
#4538 = VERTEX_POINT ( 'NONE', #1423 ) ;
#4539 = FACE_OUTER_BOUND ( 'NONE', #6827, .T. ) ;
#4540 = CARTESIAN_POINT ( 'NONE',  ( -5.773401785888006899, 51.10000000000000853, -25.00000000000000000 ) ) ;
#4541 = DIRECTION ( 'NONE',  ( 0.000000000000000000, -1.000000000000000000, 0.000000000000000000 ) ) ;
#4542 = CARTESIAN_POINT ( 'NONE',  ( 24.00000000000000355, 12.50000000000001599, -12.50000000000000000 ) ) ;
#4543 = ORIENTED_EDGE ( 'NONE', *, *, #7707, .T. ) ;
#4544 = DIRECTION ( 'NONE',  ( -0.8660254037844393737, 0.4999999999999987232, 0.000000000000000000 ) ) ;
#4545 = CARTESIAN_POINT ( 'NONE',  ( -23.62097632411955317, 108.0844155463808818, -16.42516541780151940 ) ) ;
#4546 = EDGE_LOOP ( 'NONE', ( #3070, #5542, #4908, #7046 ) ) ;
#4547 = DIRECTION ( 'NONE',  ( 0.000000000000000000, 0.000000000000000000, 1.000000000000000000 ) ) ;
#4548 = EDGE_CURVE ( 'NONE', #9283, #5836, #4609, .T. ) ;
#4549 = ORIENTED_EDGE ( 'NONE', *, *, #8255, .T. ) ;
#4550 = CARTESIAN_POINT ( 'NONE',  ( 58.00000000000002132, 20.50000000000001776, -12.50000000000000000 ) ) ;
#4551 = ORIENTED_EDGE ( 'NONE', *, *, #2433, .F. ) ;
#4552 = APPROVAL_DATE_TIME ( #7949, #6334 ) ;
#4553 = FACE_OUTER_BOUND ( 'NONE', #1122, .T. ) ;
#4554 = EDGE_CURVE ( 'NONE', #3488, #3226, #8220, .T. ) ;
#4555 = DIRECTION ( 'NONE',  ( -0.8090169943749481174, 0.000000000000000000, -0.5877852522924723599 ) ) ;
#4556 = EDGE_LOOP ( 'NONE', ( #2891, #8827, #3834, #1550 ) ) ;
#4557 = CARTESIAN_POINT ( 'NONE',  ( 23.54999999999997584, 117.9400000000000972, -31.68941159757722303 ) ) ;
#4558 = ORIENTED_EDGE ( 'NONE', *, *, #4193, .F. ) ;
#4559 = FACE_OUTER_BOUND ( 'NONE', #3340, .T. ) ;
#4560 = CARTESIAN_POINT ( 'NONE',  ( -23.55000000000001847, 113.9403061905773455, -21.59999999999999787 ) ) ;
#4561 = FACE_OUTER_BOUND ( 'NONE', #2014, .T. ) ;
#4562 = CARTESIAN_POINT ( 'NONE',  ( 35.10813947400562540, 104.4400000000000261, -45.83208836107561979 ) ) ;
#4563 = EDGE_CURVE ( 'NONE', #8979, #3989, #6574, .T. ) ;
#4564 = DIRECTION ( 'NONE',  ( 0.000000000000000000, 0.000000000000000000, -1.000000000000000000 ) ) ;
#4565 = ORIENTED_EDGE ( 'NONE', *, *, #3491, .F. ) ;
#4566 = DIRECTION ( 'NONE',  ( 0.5877852522924731371, 0.000000000000000000, 0.8090169943749475623 ) ) ;
#4567 = AXIS2_PLACEMENT_3D ( 'NONE', #3144, #8175, #6733 ) ;
#4568 = CARTESIAN_POINT ( 'NONE',  ( 17.74999999999978684, 80.80934643409020168, -15.65739561406607372 ) ) ;
#4569 = CARTESIAN_POINT ( 'NONE',  ( -29.99999999999999645, 1.999999999999998224, -12.50000000000000000 ) ) ;
#4570 = AXIS2_PLACEMENT_3D ( 'NONE', #4301, #7842, #5774 ) ;
#4571 = CARTESIAN_POINT ( 'NONE',  ( -15.58688103937556235, 96.44000000000002615, -9.000000000000000000 ) ) ;
#4572 = CARTESIAN_POINT ( 'NONE',  ( -23.00000000000000000, 44.61832049899870611, 0.000000000000000000 ) ) ;
#4573 = CARTESIAN_POINT ( 'NONE',  ( -24.99999999999999645, 12.50000000000000888, -12.50000000000000000 ) ) ;
#4574 = CARTESIAN_POINT ( 'NONE',  ( 58.00000000000002132, 12.49999999999987921, -20.49999999999977618 ) ) ;
#4575 = VERTEX_POINT ( 'NONE', #9285 ) ;
#4576 = CARTESIAN_POINT ( 'NONE',  ( 5.773401785888007787, 51.10000000000000853, -3.000000000000002665 ) ) ;
#4577 = VERTEX_POINT ( 'NONE', #2266 ) ;
#4578 = CIRCLE ( 'NONE', #1420, 0.8999999999999980238 ) ;
#4579 = VERTEX_POINT ( 'NONE', #8011 ) ;
#4580 = DIRECTION ( 'NONE',  ( -0.3090169943749484505, 0.000000000000000000, -0.9510565162951531981 ) ) ;
#4581 = LINE ( 'NONE', #6667, #7056 ) ;
#4582 = EDGE_CURVE ( 'NONE', #7023, #989, #2125, .T. ) ;
#4583 = CARTESIAN_POINT ( 'NONE',  ( -30.00000000000000000, 18.15685424949254667, -6.843145750507550140 ) ) ;
#4584 = EDGE_CURVE ( 'NONE', #7322, #2792, #4304, .T. ) ;
#4585 = CARTESIAN_POINT ( 'NONE',  ( 25.85649327863727720, 1.043560762610393544, -7.500000000000006217 ) ) ;
#4586 = CARTESIAN_POINT ( 'NONE',  ( 25.99999999999999645, 13.55000000000021210, -4.499999999999771738 ) ) ;
#4587 = ORIENTED_EDGE ( 'NONE', *, *, #8664, .T. ) ;
#4588 = CARTESIAN_POINT ( 'NONE',  ( 26.25000000000000355, 102.3196380149609865, -25.00000000000000000 ) ) ;
#4589 = CARTESIAN_POINT ( 'NONE',  ( -23.55000000000001137, 108.9309918853871579, -15.41220100004840354 ) ) ;
#4590 = VERTEX_POINT ( 'NONE', #172 ) ;
#4591 = VECTOR ( 'NONE', #597, 1000.000000000000114 ) ;
#4592 = VECTOR ( 'NONE', #7580, 1000.000000000000000 ) ;
#4593 = VECTOR ( 'NONE', #1990, 1000.000000000000000 ) ;
#4594 = CYLINDRICAL_SURFACE ( 'NONE', #4191, 2.149999999999999023 ) ;
#4595 = ORIENTED_EDGE ( 'NONE', *, *, #6028, .T. ) ;
#4596 = CYLINDRICAL_SURFACE ( 'NONE', #1017, 1.999999999999999334 ) ;
#4597 = AXIS2_PLACEMENT_3D ( 'NONE', #5722, #36, #6609 ) ;
#4598 = CIRCLE ( 'NONE', #5811, 3.000000000000002220 ) ;
#4599 = EDGE_CURVE ( 'NONE', #2040, #8408, #7879, .T. ) ;
#4600 = ORIENTED_EDGE ( 'NONE', *, *, #6911, .T. ) ;
#4601 = DIRECTION ( 'NONE',  ( 0.000000000000000000, -0.000000000000000000, 1.000000000000000000 ) ) ;
#4602 = EDGE_CURVE ( 'NONE', #2099, #1164, #1003, .T. ) ;
#4603 = DIRECTION ( 'NONE',  ( 0.000000000000000000, 0.000000000000000000, 1.000000000000000000 ) ) ;
#4604 = ORIENTED_EDGE ( 'NONE', *, *, #3590, .F. ) ;
#4605 = VECTOR ( 'NONE', #7674, 1000.000000000000000 ) ;
#4606 = CIRCLE ( 'NONE', #9258, 2.149999999999999023 ) ;
#4607 = ORIENTED_EDGE ( 'NONE', *, *, #2556, .T. ) ;
#4608 = DIRECTION ( 'NONE',  ( 1.000000000000000000, 0.000000000000000000, 0.000000000000000000 ) ) ;
#4609 = CIRCLE ( 'NONE', #7026, 2.149999999999997247 ) ;
#4610 = CARTESIAN_POINT ( 'NONE',  ( -25.99999999999999645, 18.15685424949252891, -6.843145750507550140 ) ) ;
#4611 = AXIS2_PLACEMENT_3D ( 'NONE', #9214, #7900, #7947 ) ;
#4612 = CARTESIAN_POINT ( 'NONE',  ( -30.00000000000000000, 18.15685424949231219, -18.15685424949224469 ) ) ;
#4613 = CARTESIAN_POINT ( 'NONE',  ( -13.42376207875093463, 96.44000000000002615, -15.65739561406607727 ) ) ;
#4614 = CARTESIAN_POINT ( 'NONE',  ( -10.75000000000019895, 96.44000000000002615, -15.65739561406607727 ) ) ;
#4615 = EDGE_LOOP ( 'NONE', ( #6497, #8804, #105, #7599 ) ) ;
#4616 = DIRECTION ( 'NONE',  ( 0.8090169943749474513, 0.000000000000000000, -0.5877852522924730261 ) ) ;
#4617 = CIRCLE ( 'NONE', #2202, 2.000000000000000000 ) ;
#4618 = CARTESIAN_POINT ( 'NONE',  ( -20.25000000000000000, 118.9399999999999835, -4.500000000000000000 ) ) ;
#4619 = ADVANCED_FACE ( 'NONE', ( #40 ), #356, .T. ) ;
#4620 = CYLINDRICAL_SURFACE ( 'NONE', #748, 2.150000000000012790 ) ;
#4621 = DIRECTION ( 'NONE',  ( -0.8399223068573765660, -0.5427066596637478701, 0.000000000000000000 ) ) ;
#4622 = DIRECTION ( 'NONE',  ( 0.000000000000000000, -1.000000000000000000, 0.000000000000000000 ) ) ;
#4623 = CARTESIAN_POINT ( 'NONE',  ( -26.99999999999998934, 55.01062534441197727, -2.000000000000001776 ) ) ;
#4624 = CARTESIAN_POINT ( 'NONE',  ( -13.42376207875093463, 96.44000000000002615, -15.65739561406607372 ) ) ;
#4625 = ORIENTED_EDGE ( 'NONE', *, *, #1406, .F. ) ;
#4626 = AXIS2_PLACEMENT_3D ( 'NONE', #8004, #5147, #1461 ) ;
#4627 = FACE_BOUND ( 'NONE', #5581, .T. ) ;
#4628 = ORIENTED_EDGE ( 'NONE', *, *, #525, .T. ) ;
#4629 = VECTOR ( 'NONE', #3151, 1000.000000000000000 ) ;
#4630 = ORIENTED_EDGE ( 'NONE', *, *, #8798, .T. ) ;
#4631 = DIRECTION ( 'NONE',  ( -0.8399223068573744566, 0.5427066596637510898, 0.000000000000000000 ) ) ;
#4632 = EDGE_CURVE ( 'NONE', #9238, #412, #4154, .T. ) ;
#4633 = CARTESIAN_POINT ( 'NONE',  ( 8.586881039375148461, 96.44000000000002615, -9.000000000000001776 ) ) ;
#4634 = CARTESIAN_POINT ( 'NONE',  ( 58.00000000000002132, 13.54999999999987992, -20.49999999999977618 ) ) ;
#4635 = VECTOR ( 'NONE', #2588, 1000.000000000000000 ) ;
#4636 = CARTESIAN_POINT ( 'NONE',  ( -28.55000000000000782, 108.9309918853871437, -23.00000000000000000 ) ) ;
#4637 = CARTESIAN_POINT ( 'NONE',  ( 17.98768373480796612, 67.14209179641811431, -128.1790850899541852 ) ) ;
#4638 = ORIENTED_EDGE ( 'NONE', *, *, #4051, .T. ) ;
#4639 = DIRECTION ( 'NONE',  ( -0.000000000000000000, 1.000000000000000000, 1.156482317317873204E-16 ) ) ;
#4640 = DIRECTION ( 'NONE',  ( -1.000000000000000000, -1.360567432138672574E-16, -0.000000000000000000 ) ) ;
#4641 = VERTEX_POINT ( 'NONE', #1690 ) ;
#4642 = AXIS2_PLACEMENT_3D ( 'NONE', #2671, #2621, #1223 ) ;
#4643 = DIRECTION ( 'NONE',  ( -0.8660254037844400399, -0.4999999999999978351, 1.549392514930919706E-16 ) ) ;
#4644 = AXIS2_PLACEMENT_3D ( 'NONE', #4576, #844, #8951 ) ;
#4645 = VECTOR ( 'NONE', #6692, 1000.000000000000000 ) ;
#4646 = VERTEX_POINT ( 'NONE', #5291 ) ;
#4647 = CARTESIAN_POINT ( 'NONE',  ( -28.78370773027918972, 1.879168183787893298, -18.79543132717606113 ) ) ;
#4648 = B_SPLINE_CURVE_WITH_KNOTS ( 'NONE', 3,
 ( #6998, #4731, #6957, #1290, #1942, #7703, #6163, #4870, #1109, #4830, #1248, #7610, #5631, #1982, #6864, #4117 ),
 .UNSPECIFIED., .F., .F.,
 ( 4, 2, 2, 2, 2, 2, 2, 4 ),
 ( 0.000000000000000000, 0.0006234333113949183745, 0.001246866622789836749, 0.001870299934184755123, 0.002493733245579673498, 0.003117166556974591655, 0.003740599868369510247, 0.004987466491159351333 ),
 .UNSPECIFIED. ) ;
#4649 = VECTOR ( 'NONE', #3322, 1000.000000000000000 ) ;
#4650 = EDGE_LOOP ( 'NONE', ( #4965, #1509 ) ) ;
#4651 = CARTESIAN_POINT ( 'NONE',  ( -22.25000000000000000, 109.0903061905773512, -14.59999999999999787 ) ) ;
#4652 = CARTESIAN_POINT ( 'NONE',  ( 27.99999999999998934, 4.499999999999972466, -128.1790850899541852 ) ) ;
#4653 = ORIENTED_EDGE ( 'NONE', *, *, #2887, .F. ) ;
#4654 = VECTOR ( 'NONE', #8113, 1000.000000000000000 ) ;
#4655 = EDGE_CURVE ( 'NONE', #7360, #1895, #5244, .T. ) ;
#4656 = CIRCLE ( 'NONE', #2692, 2.149999999999999023 ) ;
#4657 = EDGE_CURVE ( 'NONE', #8792, #5033, #8861, .T. ) ;
#4658 = FACE_OUTER_BOUND ( 'NONE', #728, .T. ) ;
#4659 = ORIENTED_EDGE ( 'NONE', *, *, #2812, .F. ) ;
#4660 = PRODUCT_RELATED_PRODUCT_CATEGORY ( 'detail', '', ( #506 ) ) ;
#4661 = CYLINDRICAL_SURFACE ( 'NONE', #5519, 2.149999999999999023 ) ;
#4662 = DIRECTION ( 'NONE',  ( 1.000000000000000000, 9.912705577010326782E-17, -0.000000000000000000 ) ) ;
#4663 = CARTESIAN_POINT ( 'NONE',  ( -29.26005491797182145, 11.91172087988722517, -25.50000000000000711 ) ) ;
#4664 = DIRECTION ( 'NONE',  ( 1.000000000000000000, -1.898094922533725623E-16, 0.000000000000000000 ) ) ;
#4665 = ORIENTED_EDGE ( 'NONE', *, *, #9252, .T. ) ;
#4666 = AXIS2_PLACEMENT_3D ( 'NONE', #4429, #170, #6703 ) ;
#4667 = CARTESIAN_POINT ( 'NONE',  ( 26.53553264092517239, 104.4400000000000261, -64.24026954858457827 ) ) ;
#4668 = EDGE_CURVE ( 'NONE', #7972, #3158, #6844, .T. ) ;
#4669 = LINE ( 'NONE', #3955, #5964 ) ;
#4670 = LINE ( 'NONE', #4100, #4946 ) ;
#4671 = CIRCLE ( 'NONE', #1806, 2.000000000000004441 ) ;
#4672 = CARTESIAN_POINT ( 'NONE',  ( -20.25000000000000000, 106.9403061905773740, -13.69999999999999929 ) ) ;
#4673 = DIRECTION ( 'NONE',  ( 0.000000000000000000, -0.000000000000000000, -1.000000000000000000 ) ) ;
#4674 = FACE_OUTER_BOUND ( 'NONE', #4148, .T. ) ;
#4675 = DIRECTION ( 'NONE',  ( -1.000000000000000000, -9.912705577010326782E-17, 0.000000000000000000 ) ) ;
#4676 = ORIENTED_EDGE ( 'NONE', *, *, #3095, .T. ) ;
#4677 = DIRECTION ( 'NONE',  ( 0.000000000000000000, -1.000000000000000000, 0.000000000000000000 ) ) ;
#4678 = EDGE_CURVE ( 'NONE', #2099, #2819, #2307, .T. ) ;
#4679 = VERTEX_POINT ( 'NONE', #1093 ) ;
#4680 = AXIS2_PLACEMENT_3D ( 'NONE', #2726, #3296, #8516 ) ;
#4681 = ORIENTED_EDGE ( 'NONE', *, *, #328, .F. ) ;
#4682 = CARTESIAN_POINT ( 'NONE',  ( -5.663118960624838216, 96.44000000000002615, -15.65739561406607727 ) ) ;
#4683 = CYLINDRICAL_SURFACE ( 'NONE', #1455, 1.999999999999999334 ) ;
#4684 = CARTESIAN_POINT ( 'NONE',  ( 58.00000000000002132, 18.15685424949230864, -18.15685424949224469 ) ) ;
#4685 = DIRECTION ( 'NONE',  ( -0.000000000000000000, 0.000000000000000000, 1.000000000000000000 ) ) ;
#4686 = CARTESIAN_POINT ( 'NONE',  ( -28.25000000000000000, 94.08030619057737454, -128.1790850899541852 ) ) ;
#4687 = ORIENTED_EDGE ( 'NONE', *, *, #8008, .T. ) ;
#4688 = DIRECTION ( 'NONE',  ( -2.579370461232904926E-32, 2.602085213965210149E-16, 1.000000000000000000 ) ) ;
#4689 = CARTESIAN_POINT ( 'NONE',  ( 22.24999999999998579, 106.9403061905773740, -13.69999999999999929 ) ) ;
#4690 = VERTEX_POINT ( 'NONE', #5905 ) ;
#4691 = FACE_OUTER_BOUND ( 'NONE', #6760, .T. ) ;
#4692 = EDGE_CURVE ( 'NONE', #7038, #7705, #3920, .T. ) ;
#4693 = ORIENTED_EDGE ( 'NONE', *, *, #1494, .F. ) ;
#4694 = DIRECTION ( 'NONE',  ( -1.000000000000000000, -1.892425610156517122E-16, -0.000000000000000000 ) ) ;
#4695 = ORIENTED_EDGE ( 'NONE', *, *, #1182, .T. ) ;
#4696 = CARTESIAN_POINT ( 'NONE',  ( 29.92357158234361592, 3.931257441865108948, -19.51803119952838372 ) ) ;
#4697 = VERTEX_POINT ( 'NONE', #2443 ) ;
#4698 = B_SPLINE_CURVE_WITH_KNOTS ( 'NONE', 3,
 ( #6551, #8611, #1458, #774, #5851, #3484, #4334, #8712, #2256, #7219, #9271, #5145, #8002, #7078 ),
 .UNSPECIFIED., .F., .F.,
 ( 4, 2, 2, 2, 2, 2, 4 ),
 ( 0.000000000000000000, 0.0004918462937523778843, 0.0009836925875047557687, 0.001967385175009510670, 0.002951077762514266005, 0.003442924056266641070, 0.003934770350019015268 ),
 .UNSPECIFIED. ) ;
#4699 = LINE ( 'NONE', #2574, #5103 ) ;
#4700 = VERTEX_POINT ( 'NONE', #3112 ) ;
#4701 = ORIENTED_EDGE ( 'NONE', *, *, #5258, .T. ) ;
#4702 = CARTESIAN_POINT ( 'NONE',  ( 28.55000000000000071, 108.9309918853872290, -25.00000000000000000 ) ) ;
#4703 = CARTESIAN_POINT ( 'NONE',  ( -26.00000000000000355, 44.61832049899870611, -25.00000000000000000 ) ) ;
#4704 = FACE_OUTER_BOUND ( 'NONE', #4787, .T. ) ;
#4705 = ADVANCED_FACE ( 'NONE', ( #3959 ), #111, .T. ) ;
#4706 = ADVANCED_FACE ( 'NONE', ( #5330 ), #1785, .T. ) ;
#4707 = CARTESIAN_POINT ( 'NONE',  ( -27.00000000000000000, 12.50000000000000888, -7.500000000000000000 ) ) ;
#4708 = CARTESIAN_POINT ( 'NONE',  ( 27.00000000000000000, 12.50000000000001776, -8.500000000000000000 ) ) ;
#4709 = ORIENTED_EDGE ( 'NONE', *, *, #1615, .F. ) ;
#4710 = CARTESIAN_POINT ( 'NONE',  ( 26.25000000000000355, 102.3196380149609865, -2.000000000000000000 ) ) ;
#4711 = CARTESIAN_POINT ( 'NONE',  ( -26.25000000000000355, 102.3196380149609155, -23.00000000000000000 ) ) ;
#4712 = CARTESIAN_POINT ( 'NONE',  ( -23.55000000000001492, 111.7903061905773541, -7.599999999999997868 ) ) ;
#4713 = ADVANCED_FACE ( 'NONE', ( #3821 ), #7503, .T. ) ;
#4714 = DIRECTION ( 'NONE',  ( 0.000000000000000000, -0.000000000000000000, -1.000000000000000000 ) ) ;
#4715 = DIRECTION ( 'NONE',  ( 0.000000000000000000, -1.000000000000000000, 0.000000000000000000 ) ) ;
#4716 = ORIENTED_EDGE ( 'NONE', *, *, #4692, .F. ) ;
#4717 = CARTESIAN_POINT ( 'NONE',  ( 25.99999999999999645, 18.15685424949253957, -6.843145750507550140 ) ) ;
#4718 = VERTEX_POINT ( 'NONE', #4672 ) ;
#4719 = CYLINDRICAL_SURFACE ( 'NONE', #7652, 1.049999999999998934 ) ;
#4720 = VERTEX_POINT ( 'NONE', #6802 ) ;
#4721 = ORIENTED_EDGE ( 'NONE', *, *, #1104, .T. ) ;
#4722 = DIRECTION ( 'NONE',  ( -0.000000000000000000, -0.7071067811865513475, 0.7071067811865437980 ) ) ;
#4723 = DIRECTION ( 'NONE',  ( -0.000000000000000000, 0.000000000000000000, 1.000000000000000000 ) ) ;
#4724 = CYLINDRICAL_SURFACE ( 'NONE', #3746, 1.049999999999998934 ) ;
#4725 = AXIS2_PLACEMENT_3D ( 'NONE', #828, #8628, #742 ) ;
#4726 = CARTESIAN_POINT ( 'NONE',  ( -1.336881039375571234, 80.80934643409020168, -15.65739561406607727 ) ) ;
#4727 = DIRECTION ( 'NONE',  ( -0.5427066596637479812, 0.8399223068573764550, -0.000000000000000000 ) ) ;
#4728 = DIRECTION ( 'NONE',  ( 0.000000000000000000, -1.000000000000000000, 0.000000000000000000 ) ) ;
#4729 = ORIENTED_EDGE ( 'NONE', *, *, #8963, .F. ) ;
#4730 = CARTESIAN_POINT ( 'NONE',  ( 25.99999999999999645, 12.49999999999987388, -20.49999999999977618 ) ) ;
#4731 = CARTESIAN_POINT ( 'NONE',  ( -25.78856394357926973, 12.49999999999999645, -25.50000000000001066 ) ) ;
#4732 = ORIENTED_EDGE ( 'NONE', *, *, #291, .T. ) ;
#4733 = TOROIDAL_SURFACE ( 'NONE', #8783, 4.000000000000000000, 2.000000000000000000 ) ;
#4734 = ORIENTED_EDGE ( 'NONE', *, *, #5758, .F. ) ;
#4735 = CARTESIAN_POINT ( 'NONE',  ( 24.63509222136525523, 15.91769679268174897, -23.00000000000000000 ) ) ;
#4736 = ADVANCED_FACE ( 'NONE', ( #2406 ), #2031, .T. ) ;
#4737 = VERTEX_POINT ( 'NONE', #6088 ) ;
#4738 = ADVANCED_FACE ( 'NONE', ( #3063 ), #2794, .F. ) ;
#4739 = VECTOR ( 'NONE', #3115, 1000.000000000000000 ) ;
#4740 = CIRCLE ( 'NONE', #251, 2.000000000000001776 ) ;
#4741 = CARTESIAN_POINT ( 'NONE',  ( 22.24999999999998579, 111.7903061905773683, -21.59999999999999787 ) ) ;
#4742 = CARTESIAN_POINT ( 'NONE',  ( 28.26931186714958244, 1.706069463259151764, -18.77678475572240302 ) ) ;
#4743 = ORIENTED_EDGE ( 'NONE', *, *, #7247, .F. ) ;
#4744 = CARTESIAN_POINT ( 'NONE',  ( 27.27105660884731364, 1.031135050255347796, -7.528239866187043994 ) ) ;
#4745 = ORIENTED_EDGE ( 'NONE', *, *, #791, .T. ) ;
#4746 = CIRCLE ( 'NONE', #700, 2.000000000000001776 ) ;
#4747 = ORIENTED_EDGE ( 'NONE', *, *, #2470, .F. ) ;
#4748 = CIRCLE ( 'NONE', #5359, 2.149999999999999023 ) ;
#4749 = FACE_OUTER_BOUND ( 'NONE', #4615, .T. ) ;
#4750 = ADVANCED_FACE ( 'NONE', ( #7550 ), #5951, .F. ) ;
#4751 = DIRECTION ( 'NONE',  ( 0.000000000000000000, 1.000000000000000000, 0.000000000000000000 ) ) ;
#4752 = CARTESIAN_POINT ( 'NONE',  ( 43.19558781116748492, 118.9399999999999835, -4.500000000000000000 ) ) ;
#4753 = AXIS2_PLACEMENT_3D ( 'NONE', #2645, #4820, #2598 ) ;
#4754 = AXIS2_PLACEMENT_3D ( 'NONE', #1545, #7170, #3670 ) ;
#4755 = CARTESIAN_POINT ( 'NONE',  ( -25.99999999999999645, 13.82287565553229314, -25.00000000000000000 ) ) ;
#4756 = ORIENTED_EDGE ( 'NONE', *, *, #9077, .F. ) ;
#4757 = CARTESIAN_POINT ( 'NONE',  ( 0.000000000000000000, 83.52616047165487601, -2.000000000000001776 ) ) ;
#4758 = EDGE_CURVE ( 'NONE', #8978, #9184, #7408, .T. ) ;
#4759 = VECTOR ( 'NONE', #1635, 1000.000000000000000 ) ;
#4760 = CARTESIAN_POINT ( 'NONE',  ( 23.00000000000000000, -3.499999999999996891, -21.78708781050336896 ) ) ;
#4761 = LINE ( 'NONE', #7029, #449 ) ;
#4762 = CARTESIAN_POINT ( 'NONE',  ( -29.99144024369463679, 4.289183276247666043, -25.42883055234370104 ) ) ;
#4763 = LINE ( 'NONE', #503, #4267 ) ;
#4764 = VERTEX_POINT ( 'NONE', #453 ) ;
#4765 = DIRECTION ( 'NONE',  ( -0.5427066596637479812, -0.8399223068573764550, 0.000000000000000000 ) ) ;
#4766 = ORIENTED_EDGE ( 'NONE', *, *, #1560, .T. ) ;
#4767 = CIRCLE ( 'NONE', #6269, 4.000000000000000000 ) ;
#4768 = DIRECTION ( 'NONE',  ( 0.000000000000000000, 0.000000000000000000, -1.000000000000000000 ) ) ;
#4769 = ORIENTED_EDGE ( 'NONE', *, *, #2977, .F. ) ;
#4770 = EDGE_CURVE ( 'NONE', #5746, #2088, #8214, .T. ) ;
#4771 = EDGE_CURVE ( 'NONE', #9283, #3304, #6321, .T. ) ;
#4772 = CARTESIAN_POINT ( 'NONE',  ( -28.55000000000000782, 108.9309918853871437, -25.00000000000000000 ) ) ;
#4773 = ADVANCED_FACE ( 'NONE', ( #5572 ), #9113, .T. ) ;
#4774 = CARTESIAN_POINT ( 'NONE',  ( -23.57734342758551449, 108.4005294580305474, -13.01623484220806226 ) ) ;
#4775 = VECTOR ( 'NONE', #7278, 1000.000000000000000 ) ;
#4776 = DIRECTION ( 'NONE',  ( 0.5427066596637479812, -0.8399223068573765660, 0.000000000000000000 ) ) ;
#4777 = CARTESIAN_POINT ( 'NONE',  ( -23.23947308506447129, 12.49999999999974776, -23.41052691493554505 ) ) ;
#4778 = DIRECTION ( 'NONE',  ( 1.000000000000000000, 0.000000000000000000, 0.000000000000000000 ) ) ;
#4779 = PLANE ( 'NONE',  #5800 ) ;
#4781 = EDGE_LOOP ( 'NONE', ( #4453, #7568, #2578, #203 ) ) ;
#4780 = CIRCLE ( 'NONE', #6146, 2.149999999999999023 ) ;
#4782 = CARTESIAN_POINT ( 'NONE',  ( 58.00000000000002132, 17.10685424949254596, -6.843145750507550140 ) ) ;
#4783 = CARTESIAN_POINT ( 'NONE',  ( 26.25000000000000355, 102.3196380149609865, -23.00000000000000000 ) ) ;
#4784 = ORIENTED_EDGE ( 'NONE', *, *, #4194, .F. ) ;
#4785 = CARTESIAN_POINT ( 'NONE',  ( -22.25000000000000000, 113.9403061905773598, -7.599999999999997868 ) ) ;
#4786 = ADVANCED_FACE ( 'NONE', ( #6140 ), #7638, .T. ) ;
#4787 = EDGE_LOOP ( 'NONE', ( #3044, #6850, #8027, #4325 ) ) ;
#4788 = CARTESIAN_POINT ( 'NONE',  ( 23.00000000000000355, 17.99702936279458498, -22.20899266914749504 ) ) ;
#4789 = VECTOR ( 'NONE', #2338, 1000.000000000000000 ) ;
#4790 = VERTEX_POINT ( 'NONE', #1832 ) ;
#4791 = AXIS2_PLACEMENT_3D ( 'NONE', #3005, #8753, #6078 ) ;
#4792 = CARTESIAN_POINT ( 'NONE',  ( 28.65714892091304478, 2.609863541325537994, -21.66805290646854232 ) ) ;
#4793 = ORIENTED_EDGE ( 'NONE', *, *, #343, .T. ) ;
#4794 = AXIS2_PLACEMENT_3D ( 'NONE', #295, #4514, #8748 ) ;
#4795 = AXIS2_PLACEMENT_3D ( 'NONE', #2152, #4236, #773 ) ;
#4796 = CARTESIAN_POINT ( 'NONE',  ( -29.84015472369254951, 3.686988532280179420, -20.41097963293500683 ) ) ;
#4797 = ORIENTED_EDGE ( 'NONE', *, *, #3370, .F. ) ;
#4798 = EDGE_CURVE ( 'NONE', #3841, #1246, #1446, .T. ) ;
#4799 = TOROIDAL_SURFACE ( 'NONE', #8546, 4.000000000000000000, 2.000000000000000000 ) ;
#4800 = ORIENTED_EDGE ( 'NONE', *, *, #174, .T. ) ;
#4801 = DIRECTION ( 'NONE',  ( 0.000000000000000000, 1.000000000000000000, 0.000000000000000000 ) ) ;
#4802 = TOROIDAL_SURFACE ( 'NONE', #757, 7.000000000000000000, 2.000000000000000000 ) ;
#4803 = AXIS2_PLACEMENT_3D ( 'NONE', #3152, #1638, #4522 ) ;
#4804 = DIRECTION ( 'NONE',  ( 0.000000000000000000, 1.000000000000000000, -0.000000000000000000 ) ) ;
#4805 = DIRECTION ( 'NONE',  ( 0.000000000000000000, 0.000000000000000000, 1.000000000000000000 ) ) ;
#4806 = VECTOR ( 'NONE', #6067, 1000.000000000000000 ) ;
#4807 = DIRECTION ( 'NONE',  ( 0.000000000000000000, 1.000000000000000000, 0.000000000000000000 ) ) ;
#4808 = ORIENTED_EDGE ( 'NONE', *, *, #3565, .T. ) ;
#4809 = CARTESIAN_POINT ( 'NONE',  ( 25.99999999999999645, 10.34999999999987708, -20.49999999999977618 ) ) ;
#4810 = EDGE_CURVE ( 'NONE', #9102, #6538, #4813, .T. ) ;
#4811 = DIRECTION ( 'NONE',  ( -9.912705577010326782E-17, 1.000000000000000000, -0.000000000000000000 ) ) ;
#4812 = DIRECTION ( 'NONE',  ( 0.000000000000000000, -1.000000000000000000, 0.000000000000000000 ) ) ;
#4813 = LINE ( 'NONE', #6228, #2489 ) ;
#4814 = CARTESIAN_POINT ( 'NONE',  ( 23.49034943763528105, 114.9778305168193810, -23.48945332926212259 ) ) ;
#4815 = ORIENTED_EDGE ( 'NONE', *, *, #8795, .F. ) ;
#4816 = CARTESIAN_POINT ( 'NONE',  ( 24.34713887604216254, 4.057397047091202857, -17.50000000000000000 ) ) ;
#4817 = ORIENTED_EDGE ( 'NONE', *, *, #2372, .F. ) ;
#4818 = CARTESIAN_POINT ( 'NONE',  ( -16.57654914134644386, 96.44000000000002615, -14.80483366072971307 ) ) ;
#4819 = VERTEX_POINT ( 'NONE', #3302 ) ;
#4820 = DIRECTION ( 'NONE',  ( -1.000000000000000000, 0.000000000000000000, 0.000000000000000000 ) ) ;
#4821 = DIRECTION ( 'NONE',  ( 1.000000000000000000, 0.000000000000000000, 0.000000000000000000 ) ) ;
#4822 = ORIENTED_EDGE ( 'NONE', *, *, #5637, .T. ) ;
#4823 = FACE_OUTER_BOUND ( 'NONE', #3372, .T. ) ;
#4824 = DIRECTION ( 'NONE',  ( -0.8399223068573744566, 0.5427066596637510898, 0.000000000000000000 ) ) ;
#4825 = FACE_OUTER_BOUND ( 'NONE', #1385, .T. ) ;
#4826 = EDGE_CURVE ( 'NONE', #336, #4720, #8659, .T. ) ;
#4827 = ORIENTED_EDGE ( 'NONE', *, *, #3491, .T. ) ;
#4828 = EDGE_CURVE ( 'NONE', #4537, #7673, #9182, .T. ) ;
#4829 = DIRECTION ( 'NONE',  ( 1.000000000000000000, 0.000000000000000000, 0.000000000000000000 ) ) ;
#4830 = CARTESIAN_POINT ( 'NONE',  ( -23.72956373249778395, 11.18905534820573067, -25.50000000000000711 ) ) ;
#4831 = VERTEX_POINT ( 'NONE', #4855 ) ;
#4832 = CIRCLE ( 'NONE', #2413, 6.000000000000000000 ) ;
#4833 = PRODUCT_DEFINITION ( '未知', '', #3602, #2282 ) ;
#4834 = EDGE_LOOP ( 'NONE', ( #6918, #2273 ) ) ;
#4835 = DIRECTION ( 'NONE',  ( 1.000000000000000000, -0.000000000000000000, -0.000000000000000000 ) ) ;
#4836 = AXIS2_PLACEMENT_3D ( 'NONE', #2390, #8794, #4465 ) ;
#4837 = ORIENTED_EDGE ( 'NONE', *, *, #5000, .T. ) ;
#4838 = EDGE_CURVE ( 'NONE', #4700, #6192, #1584, .T. ) ;
#4839 = CARTESIAN_POINT ( 'NONE',  ( 29.05816039569981868, 2.783403234778527580, -20.01808511585751305 ) ) ;
#4840 = ORIENTED_EDGE ( 'NONE', *, *, #2948, .T. ) ;
#4841 = CARTESIAN_POINT ( 'NONE',  ( 24.00000000000002487, 12.50000000000000355, -12.50000000000000000 ) ) ;
#4842 = ORIENTED_EDGE ( 'NONE', *, *, #5522, .F. ) ;
#4843 = EDGE_LOOP ( 'NONE', ( #8839, #6696, #2562, #1307 ) ) ;
#4844 = DIRECTION ( 'NONE',  ( -1.000000000000000000, 1.541976423090495387E-16, -0.000000000000000000 ) ) ;
#4845 = DIRECTION ( 'NONE',  ( -0.000000000000000000, 0.000000000000000000, 1.000000000000000000 ) ) ;
#4846 = CARTESIAN_POINT ( 'NONE',  ( 25.99999999999999645, 18.15685424949253957, -6.843145750507550140 ) ) ;
#4847 = ADVANCED_FACE ( 'NONE', ( #7773 ), #1187, .T. ) ;
#4848 = CARTESIAN_POINT ( 'NONE',  ( -28.07029951316432559, 48.61918494047679928, -3.000000000000000000 ) ) ;
#4849 = VERTEX_POINT ( 'NONE', #5525 ) ;
#4850 = CYLINDRICAL_SURFACE ( 'NONE', #4680, 2.150000000000012790 ) ;
#4851 = LINE ( 'NONE', #6138, #8652 ) ;
#4852 = DIRECTION ( 'NONE',  ( -0.9510565162951540863, 0.000000000000000000, -0.3090169943749457304 ) ) ;
#4853 = EDGE_CURVE ( 'NONE', #8538, #1010, #4606, .T. ) ;
#4854 = EDGE_CURVE ( 'NONE', #9063, #7642, #7618, .T. ) ;
#4855 = CARTESIAN_POINT ( 'NONE',  ( 5.773401785888007787, 57.10000000000000142, -22.00000000000000355 ) ) ;
#4856 = CYLINDRICAL_SURFACE ( 'NONE', #2150, 1.000000000000000888 ) ;
#4857 = ORIENTED_EDGE ( 'NONE', *, *, #4423, .F. ) ;
#4858 = DIRECTION ( 'NONE',  ( 0.8090169943749480064, 0.000000000000000000, -0.5877852522924722489 ) ) ;
#4859 = ORIENTED_EDGE ( 'NONE', *, *, #924, .T. ) ;
#4860 = CYLINDRICAL_SURFACE ( 'NONE', #4045, 2.000000000000000000 ) ;
#4861 = ORIENTED_EDGE ( 'NONE', *, *, #1644, .F. ) ;
#4862 = FACE_OUTER_BOUND ( 'NONE', #3024, .T. ) ;
#4863 = CARTESIAN_POINT ( 'NONE',  ( -25.21531439838509669, 105.2039962093091958, -13.32716977007787662 ) ) ;
#4864 = VERTEX_POINT ( 'NONE', #1921 ) ;
#4865 = CARTESIAN_POINT ( 'NONE',  ( 20.25000000000000355, 106.9403061905773740, -14.59999999999999787 ) ) ;
#4866 = DIRECTION ( 'NONE',  ( -0.000000000000000000, -1.000000000000000000, -0.000000000000000000 ) ) ;
#4867 = CYLINDRICAL_SURFACE ( 'NONE', #7899, 10.00000000000000000 ) ;
#4868 = ORIENTED_EDGE ( 'NONE', *, *, #3753, .F. ) ;
#4869 = DIRECTION ( 'NONE',  ( 0.000000000000000000, 1.000000000000000000, -0.000000000000000000 ) ) ;
#4870 = CARTESIAN_POINT ( 'NONE',  ( -24.14257848452702859, 11.65346342084527365, -25.50000000000000711 ) ) ;
#4871 = ORIENTED_EDGE ( 'NONE', *, *, #8609, .F. ) ;
#4872 = FACE_OUTER_BOUND ( 'NONE', #7891, .T. ) ;
#4873 = CIRCLE ( 'NONE', #5184, 2.150000000000012346 ) ;
#4874 = EDGE_LOOP ( 'NONE', ( #786, #776, #2674, #4269 ) ) ;
#4875 = EDGE_CURVE ( 'NONE', #6572, #3272, #6167, .T. ) ;
#4876 = DIRECTION ( 'NONE',  ( 0.8399223068573765660, 0.5427066596637478701, 0.000000000000000000 ) ) ;
#4877 = ADVANCED_FACE ( 'NONE', ( #6980 ), #3388, .F. ) ;
#4878 = ORIENTED_EDGE ( 'NONE', *, *, #9189, .F. ) ;
#4879 = DIRECTION ( 'NONE',  ( 1.000000000000000000, -1.541976423090495387E-16, 0.000000000000000000 ) ) ;
#4880 = CARTESIAN_POINT ( 'NONE',  ( 28.46506871813332040, 2.553683944160177521, -21.72911309691194148 ) ) ;
#4881 = ORIENTED_EDGE ( 'NONE', *, *, #4758, .F. ) ;
#4882 = AXIS2_PLACEMENT_3D ( 'NONE', #7658, #5590, #8445 ) ;
#4883 = DIRECTION ( 'NONE',  ( -1.000000000000000000, 0.000000000000000000, -0.000000000000000000 ) ) ;
#4884 = DIRECTION ( 'NONE',  ( 1.000000000000000000, -0.000000000000000000, -0.000000000000000000 ) ) ;
#4885 = ORIENTED_EDGE ( 'NONE', *, *, #377, .F. ) ;
#4886 = ORIENTED_EDGE ( 'NONE', *, *, #3199, .F. ) ;
#4887 = ADVANCED_FACE ( 'NONE', ( #2589 ), #8330, .F. ) ;
#4888 = ADVANCED_FACE ( 'NONE', ( #632 ), #8964, .T. ) ;
#4889 = CIRCLE ( 'NONE', #5944, 2.000000000000000000 ) ;
#4890 = DIRECTION ( 'NONE',  ( -0.4999999999999977796, -0.8660254037844398178, 0.000000000000000000 ) ) ;
#4891 = AXIS2_PLACEMENT_3D ( 'NONE', #2898, #2184, #5079 ) ;
#4892 = LINE ( 'NONE', #388, #1623 ) ;
#4893 = EDGE_CURVE ( 'NONE', #4083, #3797, #4382, .T. ) ;
#4894 = CARTESIAN_POINT ( 'NONE',  ( -29.99999999999999645, 1.043560762610397319, -17.50000000000000000 ) ) ;
#4895 = CARTESIAN_POINT ( 'NONE',  ( 26.00000000000000000, 13.82287565553228958, -25.00000000000000000 ) ) ;
#4896 = EDGE_LOOP ( 'NONE', ( #6987, #7055, #7861, #5696, #1669, #3946, #3939 ) ) ;
#4897 = CIRCLE ( 'NONE', #8338, 2.000000000000000000 ) ;
#4898 = AXIS2_PLACEMENT_3D ( 'NONE', #9239, #6206, #6956 ) ;
#4899 = LINE ( 'NONE', #9080, #3471 ) ;
#4900 = DIRECTION ( 'NONE',  ( -1.000000000000000000, -9.912705577010326782E-17, 0.000000000000000000 ) ) ;
#4901 = CIRCLE ( 'NONE', #4290, 2.000000000000001776 ) ;
#4902 = FACE_OUTER_BOUND ( 'NONE', #1548, .T. ) ;
#4903 = CIRCLE ( 'NONE', #8854, 2.149999999999999023 ) ;
#4904 = DIRECTION ( 'NONE',  ( 0.000000000000000000, -0.000000000000000000, -1.000000000000000000 ) ) ;
#4905 = CARTESIAN_POINT ( 'NONE',  ( 9.923762078750520743, 104.4400000000000261, -13.11449676604731174 ) ) ;
#4906 = ORIENTED_EDGE ( 'NONE', *, *, #5045, .F. ) ;
#4907 = CARTESIAN_POINT ( 'NONE',  ( -27.62696998969517281, 0.9536430946264733421, -17.28974990902356978 ) ) ;
#4908 = ORIENTED_EDGE ( 'NONE', *, *, #4810, .F. ) ;
#4909 = CARTESIAN_POINT ( 'NONE',  ( 27.99478144879476460, 18.08852343133674623, -2.000000000000000000 ) ) ;
#4910 = ORIENTED_EDGE ( 'NONE', *, *, #5271, .T. ) ;
#4911 = CIRCLE ( 'NONE', #715, 2.000000000000000000 ) ;
#4912 = AXIS2_PLACEMENT_3D ( 'NONE', #2874, #3631, #4237 ) ;
#4913 = EDGE_CURVE ( 'NONE', #6096, #3826, #8660, .T. ) ;
#4914 = CARTESIAN_POINT ( 'NONE',  ( -8.600545337913084509, 104.4400000000000261, -26.57319390609855247 ) ) ;
#4915 = CARTESIAN_POINT ( 'NONE',  ( -24.52840785915807231, 105.9503721433493126, -12.67867690668287217 ) ) ;
#4916 = ORIENTED_EDGE ( 'NONE', *, *, #1092, .T. ) ;
#4917 = CARTESIAN_POINT ( 'NONE',  ( -29.02147956846806309, 2.775465182609309078, -21.48597391130117984 ) ) ;
#4918 = CIRCLE ( 'NONE', #2041, 2.150000000000012790 ) ;
#4919 = CIRCLE ( 'NONE', #866, 3.000000000000002220 ) ;
#4920 = CARTESIAN_POINT ( 'NONE',  ( 27.99478144879477171, 18.08852343133674978, 0.000000000000000000 ) ) ;
#4921 = PLANE ( 'NONE',  #887 ) ;
#4922 = ORIENTED_EDGE ( 'NONE', *, *, #5578, .T. ) ;
#4923 = CARTESIAN_POINT ( 'NONE',  ( -20.25000000000000000, 113.9403061905773740, -7.599999999999997868 ) ) ;
#4924 = CARTESIAN_POINT ( 'NONE',  ( 28.69370315004787741, 2.500000000000000000, -23.99999999999998934 ) ) ;
#4925 = ORIENTED_EDGE ( 'NONE', *, *, #8321, .F. ) ;
#4926 = EDGE_CURVE ( 'NONE', #6538, #2972, #711, .T. ) ;
#4927 = CIRCLE ( 'NONE', #9276, 0.9000000000000075717 ) ;
#4928 = ORIENTED_EDGE ( 'NONE', *, *, #3009, .T. ) ;
#4929 = DIRECTION ( 'NONE',  ( 1.000000000000000000, 0.000000000000000000, 0.000000000000000000 ) ) ;
#4930 = ORIENTED_EDGE ( 'NONE', *, *, #4312, .F. ) ;
#4931 = CARTESIAN_POINT ( 'NONE',  ( 20.57654914134644741, 94.44000000000002615, -25.00000000000000000 ) ) ;
#4932 = CARTESIAN_POINT ( 'NONE',  ( -27.99999999999999289, 12.49999999999999645, -25.50000000000000355 ) ) ;
#4933 = CARTESIAN_POINT ( 'NONE',  ( 28.72054491040567825, 2.633103608328374978, -21.64268856007083386 ) ) ;
#4934 = ORIENTED_EDGE ( 'NONE', *, *, #62, .F. ) ;
#4935 = CARTESIAN_POINT ( 'NONE',  ( 9.923762078750520743, 80.80934643409020168, -13.11449676604731174 ) ) ;
#4936 = VERTEX_POINT ( 'NONE', #7121 ) ;
#4937 = AXIS2_PLACEMENT_3D ( 'NONE', #7221, #7124, #7963 ) ;
#4938 = ORIENTED_EDGE ( 'NONE', *, *, #3774, .F. ) ;
#4939 = AXIS2_PLACEMENT_3D ( 'NONE', #7924, #5814, #5111 ) ;
#4940 = AXIS2_PLACEMENT_3D ( 'NONE', #8800, #8097, #949 ) ;
#4941 = CYLINDRICAL_SURFACE ( 'NONE', #2196, 2.149999999999999023 ) ;
#4942 = DIRECTION ( 'NONE',  ( 0.000000000000000000, 1.000000000000000000, 0.000000000000000000 ) ) ;
#4943 = LINE ( 'NONE', #1265, #2678 ) ;
#4944 = AXIS2_PLACEMENT_3D ( 'NONE', #7952, #4415, #9217 ) ;
#4945 = DIRECTION ( 'NONE',  ( -1.000000000000000000, 1.541976423090495387E-16, 0.000000000000000000 ) ) ;
#4946 = VECTOR ( 'NONE', #8945, 1000.000000000000000 ) ;
#4947 = EDGE_CURVE ( 'NONE', #5753, #6082, #8056, .T. ) ;
#4948 = EDGE_CURVE ( 'NONE', #3989, #8979, #1149, .T. ) ;
#4949 = PLANE ( 'NONE',  #7798 ) ;
#4950 = EDGE_LOOP ( 'NONE', ( #7109, #7941, #8062, #5611, #8976 ) ) ;
#4951 = VECTOR ( 'NONE', #4991, 1000.000000000000000 ) ;
#4952 = DIRECTION ( 'NONE',  ( 0.000000000000000000, -1.000000000000000000, 0.000000000000000000 ) ) ;
#4953 = EDGE_CURVE ( 'NONE', #976, #7884, #8811, .T. ) ;
#4954 = VECTOR ( 'NONE', #3231, 1000.000000000000000 ) ;
#4955 = VECTOR ( 'NONE', #908, 1000.000000000000000 ) ;
#4956 = CARTESIAN_POINT ( 'NONE',  ( 24.98966240773265568, 105.4144634681975390, -13.06926579460995086 ) ) ;
#4957 = AXIS2_PLACEMENT_3D ( 'NONE', #8831, #3840, #2377 ) ;
#4958 = FACE_BOUND ( 'NONE', #2916, .T. ) ;
#4959 = DIRECTION ( 'NONE',  ( 1.000000000000000000, -2.312964634635742661E-15, 0.000000000000000000 ) ) ;
#4960 = CARTESIAN_POINT ( 'NONE',  ( -27.62691490594732358, 0.9536996868627537483, -7.710102423381528958 ) ) ;
#4961 = ORIENTED_EDGE ( 'NONE', *, *, #9050, .F. ) ;
#4962 = CARTESIAN_POINT ( 'NONE',  ( 28.25000000000000000, 94.08030619057737454, -2.000000000000001776 ) ) ;
#4963 = ORIENTED_EDGE ( 'NONE', *, *, #3669, .F. ) ;
#4964 = CARTESIAN_POINT ( 'NONE',  ( 25.99999999999999645, 18.15685424949253957, -6.843145750507550140 ) ) ;
#4965 = ORIENTED_EDGE ( 'NONE', *, *, #2812, .T. ) ;
#4966 = DIRECTION ( 'NONE',  ( -1.734723475976807094E-15, 1.000000000000000000, 0.000000000000000000 ) ) ;
#4967 = CARTESIAN_POINT ( 'NONE',  ( -23.64263785928942241, 107.9652501842550976, -12.70547956481587093 ) ) ;
#4968 = ORIENTED_EDGE ( 'NONE', *, *, #9244, .F. ) ;
#4969 = CARTESIAN_POINT ( 'NONE',  ( -29.99999999999999289, 4.500000000000003553, -19.30073525436772641 ) ) ;
#4970 = PLANE ( 'NONE',  #568 ) ;
#4971 = DIRECTION ( 'NONE',  ( 0.000000000000000000, 0.000000000000000000, 1.000000000000000000 ) ) ;
#4972 = ORIENTED_EDGE ( 'NONE', *, *, #6762, .T. ) ;
#4973 = EDGE_CURVE ( 'NONE', #8420, #8756, #1882, .T. ) ;
#4974 = DIRECTION ( 'NONE',  ( -1.000000000000000000, -1.892425610156517122E-16, -0.000000000000000000 ) ) ;
#4975 = CARTESIAN_POINT ( 'NONE',  ( 23.31393684833123814, 12.49999999999999822, -12.50000000000000000 ) ) ;
#4976 = EDGE_LOOP ( 'NONE', ( #1666, #8141, #4341, #8118 ) ) ;
#4977 = CIRCLE ( 'NONE', #4666, 2.000000000000001332 ) ;
#4978 = VERTEX_POINT ( 'NONE', #1503 ) ;
#4979 = CARTESIAN_POINT ( 'NONE',  ( 23.25652011264163121, 14.61251483125450257, -23.21597227923605189 ) ) ;
#4980 = ORIENTED_EDGE ( 'NONE', *, *, #6272, .F. ) ;
#4981 = DIRECTION ( 'NONE',  ( -0.8399223068573744566, 0.5427066596637510898, 0.000000000000000000 ) ) ;
#4982 = AXIS2_PLACEMENT_3D ( 'NONE', #4909, #1376, #637 ) ;
#4983 = EDGE_CURVE ( 'NONE', #4150, #8215, #8064, .T. ) ;
#4984 = CARTESIAN_POINT ( 'NONE',  ( 22.99999999999991829, 10.68809468042393540, -23.50827630083013986 ) ) ;
#4985 = DIRECTION ( 'NONE',  ( -1.000000000000000000, -9.912705577010328015E-17, -0.000000000000000000 ) ) ;
#4986 = ORIENTED_EDGE ( 'NONE', *, *, #6888, .F. ) ;
#4987 = DIRECTION ( 'NONE',  ( 1.000000000000000000, -0.000000000000000000, -0.000000000000000000 ) ) ;
#4988 = EDGE_LOOP ( 'NONE', ( #8865, #2553, #1802, #7966, #4681, #4241, #5022, #7687, #8696, #1168 ) ) ;
#4989 = CIRCLE ( 'NONE', #3178, 2.150000000000000799 ) ;
#4990 = CARTESIAN_POINT ( 'NONE',  ( 11.98768373480796434, 67.14209179641811431, -2.000000000000001776 ) ) ;
#4991 = DIRECTION ( 'NONE',  ( -1.000000000000000000, -1.892425610156517122E-16, -0.000000000000000000 ) ) ;
#4992 = LINE ( 'NONE', #2194, #8551 ) ;
#4993 = CARTESIAN_POINT ( 'NONE',  ( 25.99999999999999645, 17.10685424949253886, -6.843145750507550140 ) ) ;
#4994 = DIRECTION ( 'NONE',  ( -0.000000000000000000, -1.000000000000000000, -0.000000000000000000 ) ) ;
#4995 = EDGE_LOOP ( 'NONE', ( #5170, #7534, #4747, #7172, #8365, #2467 ) ) ;
#4996 = FACE_OUTER_BOUND ( 'NONE', #4090, .T. ) ;
#4997 = EDGE_CURVE ( 'NONE', #8674, #8485, #6510, .T. ) ;
#4998 = CARTESIAN_POINT ( 'NONE',  ( -28.25000000000000000, 102.3196380149609155, -22.99999999999999289 ) ) ;
#4999 = ADVANCED_BREP_SHAPE_REPRESENTATION ( 'star102_link2', ( #6978, #6611 ), #1346 ) ;
#5000 = EDGE_CURVE ( 'NONE', #5464, #1267, #4698, .T. ) ;
#5001 = DIRECTION ( 'NONE',  ( 1.000000000000000000, -1.898094922533725623E-16, 0.000000000000000000 ) ) ;
#5002 = B_SPLINE_CURVE_WITH_KNOTS ( 'NONE', 3,
 ( #954, #8187, #7494, #1729 ),
 .UNSPECIFIED., .F., .F.,
 ( 4, 4 ),
 ( 1.734723475976807094E-18, 0.001326724583858544240 ),
 .UNSPECIFIED. ) ;
#5003 = CARTESIAN_POINT ( 'NONE',  ( 58.00000000000002132, 17.10685424949231148, -18.15685424949224469 ) ) ;
#5004 = DIRECTION ( 'NONE',  ( 0.000000000000000000, 0.000000000000000000, -1.000000000000000000 ) ) ;
#5005 = VERTEX_POINT ( 'NONE', #6365 ) ;
#5006 = CARTESIAN_POINT ( 'NONE',  ( -22.25000000000000000, 113.9403061905773598, -7.599999999999997868 ) ) ;
#5007 = ORIENTED_EDGE ( 'NONE', *, *, #5895, .T. ) ;
#5008 = CARTESIAN_POINT ( 'NONE',  ( 25.99999999999999645, 18.15685424949230153, -18.15685424949224469 ) ) ;
#5009 = ORIENTED_EDGE ( 'NONE', *, *, #3661, .T. ) ;
#5010 = DIRECTION ( 'NONE',  ( 0.8660254037844405950, -0.4999999999999966138, 0.000000000000000000 ) ) ;
#5011 = ADVANCED_FACE ( 'NONE', ( #9222 ), #3527, .F. ) ;
#5012 = CARTESIAN_POINT ( 'NONE',  ( -6.423762078750931970, 80.80934643409020168, -15.65739561406607727 ) ) ;
#5013 = EDGE_LOOP ( 'NONE', ( #3120, #6415, #6250, #2079 ) ) ;
#5014 = CARTESIAN_POINT ( 'NONE',  ( -29.98802109973136609, 4.079728675133527105, -19.18901748276604025 ) ) ;
#5015 = EDGE_CURVE ( 'NONE', #934, #7705, #6877, .T. ) ;
#5016 = CARTESIAN_POINT ( 'NONE',  ( 23.00000000000000000, 35.00000000000000000, -25.49999999999999645 ) ) ;
#5017 = DIRECTION ( 'NONE',  ( -1.000000000000000000, 0.000000000000000000, 0.000000000000000000 ) ) ;
#5018 = ORIENTED_EDGE ( 'NONE', *, *, #8468, .F. ) ;
#5019 = DIRECTION ( 'NONE',  ( 0.8660254037844397068, -0.4999999999999979461, -0.000000000000000000 ) ) ;
#5020 = CARTESIAN_POINT ( 'NONE',  ( 2.163118960624425657, 96.44000000000002615, -13.11449676604731351 ) ) ;
#5021 = ORIENTED_EDGE ( 'NONE', *, *, #6402, .T. ) ;
#5022 = ORIENTED_EDGE ( 'NONE', *, *, #7160, .F. ) ;
#5023 = CARTESIAN_POINT ( 'NONE',  ( -25.99999999999999645, 12.49999999999988276, -20.49999999999977618 ) ) ;
#5024 = ORIENTED_EDGE ( 'NONE', *, *, #1431, .F. ) ;
#5025 = CARTESIAN_POINT ( 'NONE',  ( -14.98768373480797500, 61.94593937371147518, -2.000000000000001776 ) ) ;
#5026 = CARTESIAN_POINT ( 'NONE',  ( 23.00000000000000000, 2.500000000000001332, -21.78708781050336896 ) ) ;
#5027 = ORIENTED_EDGE ( 'NONE', *, *, #6909, .T. ) ;
#5028 = DIRECTION ( 'NONE',  ( -1.000000000000000000, -1.892425610156517122E-16, -0.000000000000000000 ) ) ;
#5029 = CARTESIAN_POINT ( 'NONE',  ( 26.25000000000000355, 102.3196380149609865, -23.00000000000000000 ) ) ;
#5030 = VERTEX_POINT ( 'NONE', #7824 ) ;
#5031 = CYLINDRICAL_SURFACE ( 'NONE', #5708, 2.000000000000001776 ) ;
#5032 = VECTOR ( 'NONE', #7332, 1000.000000000000000 ) ;
#5033 = VERTEX_POINT ( 'NONE', #5714 ) ;
#5034 = EDGE_CURVE ( 'NONE', #7322, #1030, #8567, .T. ) ;
#5035 = DIRECTION ( 'NONE',  ( 0.000000000000000000, -1.000000000000000000, 0.000000000000000000 ) ) ;
#5036 = CARTESIAN_POINT ( 'NONE',  ( -24.26589613595097106, 1.644102003987157001, -7.500000000000000000 ) ) ;
#5037 = DIRECTION ( 'NONE',  ( -0.000000000000000000, -1.000000000000000000, -0.000000000000000000 ) ) ;
#5038 = AXIS2_PLACEMENT_3D ( 'NONE', #7986, #2990, #5880 ) ;
#5039 = DIRECTION ( 'NONE',  ( -9.912705577010326782E-17, 1.000000000000000000, -0.000000000000000000 ) ) ;
#5040 = FACE_OUTER_BOUND ( 'NONE', #5251, .T. ) ;
#5041 = CARTESIAN_POINT ( 'NONE',  ( 20.25000000000000355, 113.9403061905773740, -6.699999999999990408 ) ) ;
#5042 = ORIENTED_EDGE ( 'NONE', *, *, #5618, .T. ) ;
#5043 = CARTESIAN_POINT ( 'NONE',  ( 27.13699724128017721, 1.043560762610397985, -17.50000000000000000 ) ) ;
#5044 = AXIS2_PLACEMENT_3D ( 'NONE', #2419, #8826, #278 ) ;
#5045 = EDGE_CURVE ( 'NONE', #8495, #3295, #1593, .T. ) ;
#5046 = LINE ( 'NONE', #5798, #7911 ) ;
#5047 = DIRECTION ( 'NONE',  ( 1.000000000000000000, 0.000000000000000000, 0.000000000000000000 ) ) ;
#5048 = AXIS2_PLACEMENT_3D ( 'NONE', #6861, #1245, #4161 ) ;
#5049 = CARTESIAN_POINT ( 'NONE',  ( -22.99999999999999645, 4.828427124746175636, -23.50000000000000000 ) ) ;
#5050 = ORIENTED_EDGE ( 'NONE', *, *, #8387, .F. ) ;
#5051 = VECTOR ( 'NONE', #3950, 1000.000000000000000 ) ;
#5052 = DIRECTION ( 'NONE',  ( 1.000000000000000000, 1.360567432138672574E-16, 0.000000000000000000 ) ) ;
#5053 = VERTEX_POINT ( 'NONE', #2297 ) ;
#5054 = EDGE_CURVE ( 'NONE', #4052, #1395, #3249, .T. ) ;
#5055 = DIRECTION ( 'NONE',  ( 0.000000000000000000, -1.000000000000000000, 0.000000000000000000 ) ) ;
#5056 = ORIENTED_EDGE ( 'NONE', *, *, #3362, .T. ) ;
#5057 = AXIS2_PLACEMENT_3D ( 'NONE', #5672, #2882, #1551 ) ;
#5058 = CARTESIAN_POINT ( 'NONE',  ( -12.08688103937556946, 96.44000000000002615, -19.77189238011338546 ) ) ;
#5059 = CIRCLE ( 'NONE', #848, 2.000000000000000000 ) ;
#5060 = CARTESIAN_POINT ( 'NONE',  ( -29.23937039259044823, 2.221202318245056873, -18.83730608755137581 ) ) ;
#5061 = CYLINDRICAL_SURFACE ( 'NONE', #5420, 2.149999999999999023 ) ;
#5062 = DIRECTION ( 'NONE',  ( 0.000000000000000000, 1.000000000000000000, 0.000000000000000000 ) ) ;
#5063 = ORIENTED_EDGE ( 'NONE', *, *, #9103, .T. ) ;
#5064 = CARTESIAN_POINT ( 'NONE',  ( -25.99999999999999645, 14.64999999999987956, -20.49999999999977618 ) ) ;
#5065 = DIRECTION ( 'NONE',  ( 0.000000000000000000, 1.000000000000000000, 0.000000000000000000 ) ) ;
#5066 = VERTEX_POINT ( 'NONE', #8755 ) ;
#5067 = AXIS2_PLACEMENT_3D ( 'NONE', #1918, #6890, #2728 ) ;
#5068 = EDGE_CURVE ( 'NONE', #1755, #1220, #8046, .T. ) ;
#5069 = AXIS2_PLACEMENT_3D ( 'NONE', #6273, #7724, #9132 ) ;
#5070 = EDGE_CURVE ( 'NONE', #1115, #541, #4740, .T. ) ;
#5071 = ADVANCED_FACE ( 'NONE', ( #7400 ), #3768, .F. ) ;
#5072 = VERTEX_POINT ( 'NONE', #255 ) ;
#5073 = DIRECTION ( 'NONE',  ( 0.000000000000000000, 1.000000000000000000, 2.029344161882400639E-31 ) ) ;
#5074 = AXIS2_PLACEMENT_3D ( 'NONE', #3947, #2620, #6970 ) ;
#5075 = EDGE_LOOP ( 'NONE', ( #3547, #6731, #6785, #5505 ) ) ;
#5076 = CARTESIAN_POINT ( 'NONE',  ( 24.52840785915810429, 105.9503721433493837, -16.52132309331714310 ) ) ;
#5077 = CARTESIAN_POINT ( 'NONE',  ( -9.923762078750934634, 104.4400000000000261, -13.11449676604731174 ) ) ;
#5078 = EDGE_LOOP ( 'NONE', ( #3361, #6921, #3308, #8347 ) ) ;
#5079 = DIRECTION ( 'NONE',  ( 9.912705577010326782E-17, -1.000000000000000000, 0.000000000000000000 ) ) ;
#5080 = CARTESIAN_POINT ( 'NONE',  ( -11.98768373480796257, 67.14209179641811431, -22.99999999999999289 ) ) ;
#5081 = ORIENTED_EDGE ( 'NONE', *, *, #7540, .T. ) ;
#5082 = ADVANCED_FACE ( 'NONE', ( #8100 ), #7297, .T. ) ;
#5083 = CYLINDRICAL_SURFACE ( 'NONE', #4188, 1.049999999999998934 ) ;
#5084 = CIRCLE ( 'NONE', #2050, 1.050000000000000488 ) ;
#5085 = ORIENTED_EDGE ( 'NONE', *, *, #4434, .F. ) ;
#5086 = DIRECTION ( 'NONE',  ( -9.912705577010326782E-17, 1.000000000000000000, 0.000000000000000000 ) ) ;
#5087 = LINE ( 'NONE', #7948, #3896 ) ;
#5088 = CIRCLE ( 'NONE', #4626, 5.000000000000000888 ) ;
#5089 = EDGE_CURVE ( 'NONE', #6984, #4537, #860, .T. ) ;
#5090 = CARTESIAN_POINT ( 'NONE',  ( -29.99999999999999645, 4.500000000000000000, -25.47284962015125487 ) ) ;
#5091 = VERTEX_POINT ( 'NONE', #3050 ) ;
#5092 = LINE ( 'NONE', #155, #8283 ) ;
#5093 = DIRECTION ( 'NONE',  ( 9.912705577010328015E-17, -1.000000000000000000, 0.000000000000000000 ) ) ;
#5094 = VECTOR ( 'NONE', #8704, 1000.000000000000000 ) ;
#5095 = CIRCLE ( 'NONE', #2973, 6.000000000000001776 ) ;
#5096 = CARTESIAN_POINT ( 'NONE',  ( -12.08688103937556590, 80.80934643409020168, -11.54289884801876198 ) ) ;
#5097 = DIRECTION ( 'NONE',  ( 1.000000000000000000, 9.912705577010326782E-17, -0.000000000000000000 ) ) ;
#5098 = VERTEX_POINT ( 'NONE', #3909 ) ;
#5099 = EDGE_CURVE ( 'NONE', #4120, #4718, #1867, .T. ) ;
#5100 = CARTESIAN_POINT ( 'NONE',  ( 28.25000000000001421, 94.08030619057738875, -0.8284271247461876264 ) ) ;
#5101 = ADVANCED_FACE ( 'NONE', ( #4523 ), #6080, .F. ) ;
#5102 = ORIENTED_EDGE ( 'NONE', *, *, #88, .F. ) ;
#5103 = VECTOR ( 'NONE', #7712, 1000.000000000000000 ) ;
#5104 = DIRECTION ( 'NONE',  ( 1.000000000000000000, 0.000000000000000000, 0.000000000000000000 ) ) ;
#5105 = AXIS2_PLACEMENT_3D ( 'NONE', #2535, #5700, #7763 ) ;
#5106 = VERTEX_POINT ( 'NONE', #5321 ) ;
#5107 = VECTOR ( 'NONE', #4804, 1000.000000000000000 ) ;
#5108 = DIRECTION ( 'NONE',  ( 0.000000000000000000, 0.000000000000000000, 1.000000000000000000 ) ) ;
#5109 = CARTESIAN_POINT ( 'NONE',  ( -28.72054491040562851, 2.633103608328357215, -21.64268856007086939 ) ) ;
#5110 = DIRECTION ( 'NONE',  ( -0.000000000000000000, -0.000000000000000000, -1.000000000000000000 ) ) ;
#5111 = DIRECTION ( 'NONE',  ( 0.000000000000000000, 1.000000000000000000, 0.000000000000000000 ) ) ;
#5112 = ORIENTED_EDGE ( 'NONE', *, *, #2337, .F. ) ;
#5113 = CARTESIAN_POINT ( 'NONE',  ( 24.79465332590348936, 4.602206381906527533, -7.485217647402259367 ) ) ;
#5114 = FACE_OUTER_BOUND ( 'NONE', #7976, .T. ) ;
#5115 = ORIENTED_EDGE ( 'NONE', *, *, #872, .F. ) ;
#5116 = VECTOR ( 'NONE', #8582, 1000.000000000000000 ) ;
#5117 = CIRCLE ( 'NONE', #6315, 5.999999999999998224 ) ;
#5118 = ORIENTED_EDGE ( 'NONE', *, *, #1986, .F. ) ;
#5119 = ORIENTED_EDGE ( 'NONE', *, *, #2544, .T. ) ;
#5120 = DIRECTION ( 'NONE',  ( 0.000000000000000000, 0.000000000000000000, 1.000000000000000000 ) ) ;
#5121 = EDGE_CURVE ( 'NONE', #5091, #6554, #7443, .T. ) ;
#5122 = EDGE_CURVE ( 'NONE', #4107, #3304, #4285, .T. ) ;
#5123 = ORIENTED_EDGE ( 'NONE', *, *, #2660, .T. ) ;
#5124 = CARTESIAN_POINT ( 'NONE',  ( 23.64263785928940109, 107.9652501842551686, -16.49452043518407862 ) ) ;
#5125 = DIRECTION ( 'NONE',  ( 0.000000000000000000, -1.000000000000000000, 0.000000000000000000 ) ) ;
#5126 = EDGE_LOOP ( 'NONE', ( #7116, #6829 ) ) ;
#5127 = CARTESIAN_POINT ( 'NONE',  ( -26.00000000000000000, 20.30685424949254880, -6.843145750507550140 ) ) ;
#5128 = CARTESIAN_POINT ( 'NONE',  ( 10.27340178588798025, 58.89422863405997788, -25.00000000000000000 ) ) ;
#5129 = ORIENTED_EDGE ( 'NONE', *, *, #3519, .T. ) ;
#5130 = AXIS2_PLACEMENT_3D ( 'NONE', #552, #2601, #5489 ) ;
#5131 = CARTESIAN_POINT ( 'NONE',  ( 22.24999999999998579, 113.9403061905773598, -21.59999999999999787 ) ) ;
#5132 = ORIENTED_EDGE ( 'NONE', *, *, #5461, .T. ) ;
#5133 = LINE ( 'NONE', #1154, #7181 ) ;
#5134 = VECTOR ( 'NONE', #3676, 1000.000000000000000 ) ;
#5135 = EDGE_CURVE ( 'NONE', #2568, #8741, #3228, .T. ) ;
#5136 = CARTESIAN_POINT ( 'NONE',  ( 23.54999999999999716, 108.9309918853872148, -2.000000000000001776 ) ) ;
#5137 = DIRECTION ( 'NONE',  ( 1.000000000000000000, 0.000000000000000000, 0.000000000000000000 ) ) ;
#5138 = ORIENTED_EDGE ( 'NONE', *, *, #7757, .T. ) ;
#5139 = AXIS2_PLACEMENT_3D ( 'NONE', #3695, #8634, #2852 ) ;
#5140 = CARTESIAN_POINT ( 'NONE',  ( 27.87898027296416714, 0.8350512156736017433, -16.99390489726157227 ) ) ;
#5141 = CARTESIAN_POINT ( 'NONE',  ( 23.84674082959303476, 107.2288628358012232, -12.46579563344773867 ) ) ;
#5142 = EDGE_CURVE ( 'NONE', #2854, #5066, #6649, .T. ) ;
#5143 = DIRECTION ( 'NONE',  ( 1.000000000000000000, 9.912705577010326782E-17, -0.000000000000000000 ) ) ;
#5144 = CIRCLE ( 'NONE', #1078, 11.15000000000002522 ) ;
#5145 = CARTESIAN_POINT ( 'NONE',  ( 29.99373613174799758, 4.185486534539912817, -19.21620710354323691 ) ) ;
#5146 = ORIENTED_EDGE ( 'NONE', *, *, #1928, .F. ) ;
#5147 = DIRECTION ( 'NONE',  ( -0.000000000000000000, 0.000000000000000000, 1.000000000000000000 ) ) ;
#5148 = EDGE_LOOP ( 'NONE', ( #8938, #8471, #7576, #3708 ) ) ;
#5149 = LINE ( 'NONE', #864, #1071 ) ;
#5150 = ORIENTED_EDGE ( 'NONE', *, *, #7708, .T. ) ;
#5151 = DIRECTION ( 'NONE',  ( 0.000000000000000000, 0.000000000000000000, -1.000000000000000000 ) ) ;
#5152 = EDGE_CURVE ( 'NONE', #3632, #4690, #8803, .T. ) ;
#5153 = EDGE_CURVE ( 'NONE', #608, #2022, #1727, .T. ) ;
#5154 = CARTESIAN_POINT ( 'NONE',  ( 22.99999999999999645, 12.49999999999999822, -12.50000000000000000 ) ) ;
#5155 = FACE_OUTER_BOUND ( 'NONE', #4211, .T. ) ;
#5156 = DIRECTION ( 'NONE',  ( 0.000000000000000000, -1.000000000000000000, 0.000000000000000000 ) ) ;
#5157 = VERTEX_POINT ( 'NONE', #3811 ) ;
#5158 = CARTESIAN_POINT ( 'NONE',  ( -27.99999999999999289, 12.49999999999999822, 0.000000000000000000 ) ) ;
#5159 = FACE_BOUND ( 'NONE', #7701, .T. ) ;
#5160 = VERTEX_POINT ( 'NONE', #6600 ) ;
#5161 = ORIENTED_EDGE ( 'NONE', *, *, #2111, .F. ) ;
#5162 = ORIENTED_EDGE ( 'NONE', *, *, #5927, .T. ) ;
#5163 = FACE_OUTER_BOUND ( 'NONE', #8401, .T. ) ;
#5164 = EDGE_CURVE ( 'NONE', #8575, #383, #7493, .T. ) ;
#5165 = CARTESIAN_POINT ( 'NONE',  ( -37.75000000000000711, 106.9403061905773740, -14.59999999999999787 ) ) ;
#5166 = CARTESIAN_POINT ( 'NONE',  ( -23.45309762442414936, 113.1843278374477677, -23.61865978822660850 ) ) ;
#5167 = ORIENTED_EDGE ( 'NONE', *, *, #8984, .F. ) ;
#5168 = CARTESIAN_POINT ( 'NONE',  ( -23.31393684833120616, 2.886454107512963496, -7.500000000000000000 ) ) ;
#5169 = CARTESIAN_POINT ( 'NONE',  ( 22.24999999999998579, 113.9403061905773598, -21.59999999999999787 ) ) ;
#5170 = ORIENTED_EDGE ( 'NONE', *, *, #7191, .T. ) ;
#5171 = EDGE_CURVE ( 'NONE', #8332, #5746, #7488, .T. ) ;
#5172 = EDGE_CURVE ( 'NONE', #4311, #7767, #6044, .T. ) ;
#5173 = ORIENTED_EDGE ( 'NONE', *, *, #4451, .F. ) ;
#5174 = LINE ( 'NONE', #2246, #1894 ) ;
#5175 = ORIENTED_EDGE ( 'NONE', *, *, #2727, .T. ) ;
#5176 = COORDINATED_UNIVERSAL_TIME_OFFSET ( 8, 0, .AHEAD. ) ;
#5177 = CARTESIAN_POINT ( 'NONE',  ( -27.97536617175445528, 0.7459319885308597353, -8.244639081306113226 ) ) ;
#5178 = FACE_OUTER_BOUND ( 'NONE', #4427, .T. ) ;
#5179 = EDGE_LOOP ( 'NONE', ( #1994, #9257, #8414, #1827 ) ) ;
#5180 = EDGE_CURVE ( 'NONE', #3935, #976, #5950, .T. ) ;
#5181 = DIRECTION ( 'NONE',  ( -0.4999999999999974465, 0.8660254037844401509, 0.000000000000000000 ) ) ;
#5182 = EDGE_CURVE ( 'NONE', #1297, #6984, #5639, .T. ) ;
#5183 = ADVANCED_FACE ( 'NONE', ( #656 ), #7149, .F. ) ;
#5184 = AXIS2_PLACEMENT_3D ( 'NONE', #2942, #5831, #8549 ) ;
#5185 = CARTESIAN_POINT ( 'NONE',  ( -20.25000000000000000, 96.44000000000002615, -128.1790850899541852 ) ) ;
#5186 = PLANE ( 'NONE',  #9142 ) ;
#5187 = CARTESIAN_POINT ( 'NONE',  ( 14.24999999999978861, 80.80934643409020168, -13.11449676604731174 ) ) ;
#5188 = ORIENTED_EDGE ( 'NONE', *, *, #5618, .F. ) ;
#5189 = FACE_OUTER_BOUND ( 'NONE', #2333, .T. ) ;
#5190 = ORIENTED_EDGE ( 'NONE', *, *, #7757, .F. ) ;
#5191 = AXIS2_PLACEMENT_3D ( 'NONE', #4395, #1519, #7186 ) ;
#5192 = DIRECTION ( 'NONE',  ( 9.912705577010326782E-17, -1.000000000000000000, 0.000000000000000000 ) ) ;
#5193 = VERTEX_POINT ( 'NONE', #6 ) ;
#5194 = CARTESIAN_POINT ( 'NONE',  ( 26.00000000000000000, 13.82287565553228958, -27.00000000000000355 ) ) ;
#5195 = AXIS2_PLACEMENT_3D ( 'NONE', #8115, #1607, #1009 ) ;
#5196 = CARTESIAN_POINT ( 'NONE',  ( -27.99999999999998934, 2.499999999999976907, -21.78708781050343291 ) ) ;
#5197 = CIRCLE ( 'NONE', #3681, 5.000000000000000888 ) ;
#5198 = DIRECTION ( 'NONE',  ( 1.000000000000000000, 0.000000000000000000, 0.000000000000000000 ) ) ;
#5199 = CARTESIAN_POINT ( 'NONE',  ( -24.03457971532078830, 4.163483851716602402, -6.770263669298773657 ) ) ;
#5200 = CARTESIAN_POINT ( 'NONE',  ( -21.55000000000000782, 108.9309918853871579, -2.000000000000000000 ) ) ;
#5201 = FACE_BOUND ( 'NONE', #5126, .T. ) ;
#5202 = ORIENTED_EDGE ( 'NONE', *, *, #7423, .T. ) ;
#5203 = EDGE_CURVE ( 'NONE', #7050, #3616, #8548, .T. ) ;
#5205 = ORIENTED_EDGE ( 'NONE', *, *, #5142, .F. ) ;
#5204 = B_SPLINE_CURVE_WITH_KNOTS ( 'NONE', 3,
 ( #1896, #4031, #5686, #5500, #653, #479, #1298, #3326, #6295, #3507, #8542, #9158, #6211, #519, #9111, #5597, #4171, #7053 ),
 .UNSPECIFIED., .F., .F.,
 ( 4, 2, 2, 2, 2, 2, 2, 2, 4 ),
 ( 0.000000000000000000, 0.0004231254936228291881, 0.0008462509872456583761, 0.001269376480868487618, 0.001692501974491316752, 0.002115627468114146103, 0.002538752961736975237, 0.002961878455359804371, 0.003385003948982633504 ),
 .UNSPECIFIED. ) ;
#5206 = AXIS2_PLACEMENT_3D ( 'NONE', #4686, #3316, #4023 ) ;
#5207 = CIRCLE ( 'NONE', #5656, 12.50000000000000178 ) ;
#5208 = ORIENTED_EDGE ( 'NONE', *, *, #8274, .T. ) ;
#5209 = CARTESIAN_POINT ( 'NONE',  ( -27.99999999999999645, 0.6572807176729866807, -8.500000000000000000 ) ) ;
#5210 = CARTESIAN_POINT ( 'NONE',  ( 22.54999999999997584, 118.9400000000000972, -0.2679491924311230844 ) ) ;
#5211 = CARTESIAN_POINT ( 'NONE',  ( 58.00000000000002132, 12.50000000000021672, -4.499999999999771738 ) ) ;
#5212 = AXIS2_PLACEMENT_3D ( 'NONE', #8618, #1378, #5108 ) ;
#5213 = CARTESIAN_POINT ( 'NONE',  ( 25.74737230856522174, 104.7903061905773967, -14.73574166860176859 ) ) ;
#5214 = DIRECTION ( 'NONE',  ( 0.000000000000000000, 0.000000000000000000, -1.000000000000000000 ) ) ;
#5216 = ORIENTED_EDGE ( 'NONE', *, *, #3655, .T. ) ;
#5215 = AXIS2_PLACEMENT_3D ( 'NONE', #70, #813, #2114 ) ;
#5217 = CARTESIAN_POINT ( 'NONE',  ( 20.25000000000000355, 106.9403061905773740, -13.69999999999999929 ) ) ;
#5218 = CARTESIAN_POINT ( 'NONE',  ( -30.00000000000000000, 49.81447292170534524, -2.000000000000001776 ) ) ;
#5219 = ORIENTED_EDGE ( 'NONE', *, *, #238, .T. ) ;
#5220 = VECTOR ( 'NONE', #3716, 1000.000000000000000 ) ;
#5221 = ORIENTED_EDGE ( 'NONE', *, *, #867, .F. ) ;
#5222 = DIRECTION ( 'NONE',  ( 1.541976423090495387E-16, -1.000000000000000000, -0.000000000000000000 ) ) ;
#5223 = EDGE_LOOP ( 'NONE', ( #95, #50, #7755, #4243 ) ) ;
#5224 = APPROVAL_ROLE ( '' ) ;
#5225 = CARTESIAN_POINT ( 'NONE',  ( 29.71613701354505821, 3.440305035218678142, -19.71880792815353445 ) ) ;
#5226 = DIRECTION ( 'NONE',  ( -1.000000000000000000, -1.541976423090495387E-16, -0.000000000000000000 ) ) ;
#5227 = ORIENTED_EDGE ( 'NONE', *, *, #9159, .T. ) ;
#5228 = CARTESIAN_POINT ( 'NONE',  ( -16.57654914134644741, 94.44000000000002615, 0.000000000000000000 ) ) ;
#5229 = ORIENTED_EDGE ( 'NONE', *, *, #3029, .F. ) ;
#5230 = VECTOR ( 'NONE', #3460, 1000.000000000000000 ) ;
#5231 = CARTESIAN_POINT ( 'NONE',  ( -22.99999999999999645, 12.50000000000001066, -12.50000000000000000 ) ) ;
#5232 = CARTESIAN_POINT ( 'NONE',  ( -24.25353312143676732, 4.155141269179096319, -17.82022607448743301 ) ) ;
#5233 = DIRECTION ( 'NONE',  ( 1.000000000000000000, 0.000000000000000000, 0.000000000000000000 ) ) ;
#5234 = EDGE_CURVE ( 'NONE', #6655, #4063, #2932, .T. ) ;
#5235 = ADVANCED_FACE ( 'NONE', ( #7850 ), #8452, .F. ) ;
#5236 = CARTESIAN_POINT ( 'NONE',  ( -29.99999999999999645, 12.49999999999988276, -20.49999999999977618 ) ) ;
#5237 = VERTEX_POINT ( 'NONE', #2093 ) ;
#5238 = DIRECTION ( 'NONE',  ( 0.4999999999999980016, -0.8660254037844398178, 0.000000000000000000 ) ) ;
#5239 = ORIENTED_EDGE ( 'NONE', *, *, #5991, .T. ) ;
#5240 = CARTESIAN_POINT ( 'NONE',  ( 24.00000000000000711, 11.45000000000021068, -4.499999999999771738 ) ) ;
#5241 = AXIS2_PLACEMENT_3D ( 'NONE', #5610, #3379, #6223 ) ;
#5242 = DIRECTION ( 'NONE',  ( 0.000000000000000000, 0.000000000000000000, 1.000000000000000000 ) ) ;
#5243 = CARTESIAN_POINT ( 'NONE',  ( -27.99999999999999645, 49.81447292170534524, -25.00000000000000000 ) ) ;
#5244 = LINE ( 'NONE', #6754, #6265 ) ;
#5245 = DIRECTION ( 'NONE',  ( 0.000000000000000000, 0.000000000000000000, -1.000000000000000000 ) ) ;
#5246 = CIRCLE ( 'NONE', #7644, 4.999999999999999112 ) ;
#5247 = AXIS2_PLACEMENT_3D ( 'NONE', #5154, #1552, #3918 ) ;
#5248 = DIRECTION ( 'NONE',  ( 0.000000000000000000, -1.000000000000000000, 0.000000000000000000 ) ) ;
#5249 = CARTESIAN_POINT ( 'NONE',  ( 24.00000000000000355, 12.50000000000000355, -12.50000000000000000 ) ) ;
#5250 = ORIENTED_EDGE ( 'NONE', *, *, #5070, .T. ) ;
#5251 = EDGE_LOOP ( 'NONE', ( #4349, #1812, #4360, #8078, #6374 ) ) ;
#5252 = ORIENTED_EDGE ( 'NONE', *, *, #2676, .F. ) ;
#5253 = DIRECTION ( 'NONE',  ( -0.8090169943749473402, 0.000000000000000000, -0.5877852522924732481 ) ) ;
#5254 = VECTOR ( 'NONE', #7622, 1000.000000000000000 ) ;
#5255 = AXIS2_PLACEMENT_3D ( 'NONE', #9261, #2051, #7208 ) ;
#5256 = CARTESIAN_POINT ( 'NONE',  ( 24.00000000000000711, 17.10685424949253886, -6.843145750507550140 ) ) ;
#5257 = DIRECTION ( 'NONE',  ( 1.000000000000000000, 0.000000000000000000, 0.000000000000000000 ) ) ;
#5258 = EDGE_CURVE ( 'NONE', #7767, #989, #5197, .T. ) ;
#5259 = LINE ( 'NONE', #7520, #171 ) ;
#5260 = DIRECTION ( 'NONE',  ( 1.000000000000000000, -1.541976423090495387E-16, -0.000000000000000000 ) ) ;
#5261 = VERTEX_POINT ( 'NONE', #4263 ) ;
#5262 = CARTESIAN_POINT ( 'NONE',  ( 25.99999999999999645, 53.27857453684310229, -2.000000000000000000 ) ) ;
#5263 = DIRECTION ( 'NONE',  ( 0.000000000000000000, 1.000000000000000000, 0.000000000000000000 ) ) ;
#5264 = VERTEX_POINT ( 'NONE', #705 ) ;
#5265 = DIRECTION ( 'NONE',  ( -0.000000000000000000, 0.000000000000000000, 1.000000000000000000 ) ) ;
#5266 = APPROVAL_PERSON_ORGANIZATION ( #8836, #8682, #2248 ) ;
#5267 = EDGE_LOOP ( 'NONE', ( #8820, #8225 ) ) ;
#5268 = CARTESIAN_POINT ( 'NONE',  ( -25.99999999999999645, 12.50000000000022027, -4.499999999999771738 ) ) ;
#5269 = ADVANCED_FACE ( 'NONE', ( #6442 ), #990, .T. ) ;
#5270 = EDGE_LOOP ( 'NONE', ( #6403, #1597, #6570, #1347 ) ) ;
#5271 = EDGE_CURVE ( 'NONE', #349, #7848, #1777, .T. ) ;
#5272 = CALENDAR_DATE ( 2026, 29, 4 ) ;
#5273 = CARTESIAN_POINT ( 'NONE',  ( 29.52568126005407123, 3.200121955241826299, -21.00056543312589241 ) ) ;
#5274 = CARTESIAN_POINT ( 'NONE',  ( 23.00000000000000000, 35.00000000000000000, -128.1790850899541852 ) ) ;
#5275 = EDGE_LOOP ( 'NONE', ( #8399, #5356, #1567, #9168, #841 ) ) ;
#5276 = FACE_OUTER_BOUND ( 'NONE', #7791, .T. ) ;
#5277 = VERTEX_POINT ( 'NONE', #6834 ) ;
#5278 = AXIS2_PLACEMENT_3D ( 'NONE', #4500, #7378, #931 ) ;
#5279 = FACE_BOUND ( 'NONE', #8324, .T. ) ;
#5280 = CARTESIAN_POINT ( 'NONE',  ( 20.25000000000000000, 104.4400000000000261, -15.65739561406608082 ) ) ;
#5281 = LINE ( 'NONE', #3667, #8702 ) ;
#5282 = CARTESIAN_POINT ( 'NONE',  ( -25.99999999999999645, 12.49999999999999822, -12.50000000000000000 ) ) ;
#5283 = CIRCLE ( 'NONE', #6939, 2.149999999999999023 ) ;
#5284 = DIRECTION ( 'NONE',  ( 0.000000000000000000, 0.000000000000000000, 1.000000000000000000 ) ) ;
#5285 = ORIENTED_EDGE ( 'NONE', *, *, #6522, .T. ) ;
#5286 = CARTESIAN_POINT ( 'NONE',  ( -16.57654914134644741, 98.44000000000002615, -23.00000000000000000 ) ) ;
#5287 = EDGE_CURVE ( 'NONE', #5775, #4015, #2087, .T. ) ;
#5288 = EDGE_CURVE ( 'NONE', #6525, #7832, #2537, .T. ) ;
#5289 = CARTESIAN_POINT ( 'NONE',  ( 16.57654914134644741, 94.44000000000002615, -2.000000000000000000 ) ) ;
#5290 = CARTESIAN_POINT ( 'NONE',  ( 12.08688103937515734, 80.80934643409020168, -19.77189238011338546 ) ) ;
#5291 = CARTESIAN_POINT ( 'NONE',  ( 11.98768373480796434, 67.14209179641811431, -22.99999999999999289 ) ) ;
#5292 = DIRECTION ( 'NONE',  ( 0.000000000000000000, 1.829999629156732544E-31, -1.000000000000000000 ) ) ;
#5293 = ORIENTED_EDGE ( 'NONE', *, *, #5946, .T. ) ;
#5294 = CARTESIAN_POINT ( 'NONE',  ( 5.773401785888007787, 57.10000000000000142, -3.000000000000000000 ) ) ;
#5295 = CYLINDRICAL_SURFACE ( 'NONE', #5195, 6.000000000000000000 ) ;
#5296 = ORIENTED_EDGE ( 'NONE', *, *, #4519, .F. ) ;
#5297 = CARTESIAN_POINT ( 'NONE',  ( 24.00000000000000355, 4.313272937247758065, -18.50000000000000355 ) ) ;
#5298 = ORIENTED_EDGE ( 'NONE', *, *, #1150, .T. ) ;
#5299 = EDGE_CURVE ( 'NONE', #5157, #196, #1128, .T. ) ;
#5300 = VERTEX_POINT ( 'NONE', #4404 ) ;
#5301 = CARTESIAN_POINT ( 'NONE',  ( -26.00000000000000000, 16.00685424949231361, -18.15685424949224469 ) ) ;
#5302 = EDGE_CURVE ( 'NONE', #1632, #1752, #3652, .T. ) ;
#5303 = CARTESIAN_POINT ( 'NONE',  ( -23.84770110250489950, 2.039167218793121794, -7.499999999999998224 ) ) ;
#5304 = DIRECTION ( 'NONE',  ( 1.000000000000000000, 1.541976423090495387E-16, 0.000000000000000000 ) ) ;
#5305 = CARTESIAN_POINT ( 'NONE',  ( -23.55000000000001492, 112.4104980304255861, -23.11877585063688656 ) ) ;
#5306 = ORIENTED_EDGE ( 'NONE', *, *, #4810, .T. ) ;
#5307 = CARTESIAN_POINT ( 'NONE',  ( -23.55000000000000071, 103.9400000000000261, -2.000000000000001776 ) ) ;
#5308 = DIRECTION ( 'NONE',  ( -1.000000000000000000, -9.912705577010326782E-17, 0.000000000000000000 ) ) ;
#5309 = VERTEX_POINT ( 'NONE', #5168 ) ;
#5310 = CARTESIAN_POINT ( 'NONE',  ( -23.99999999999999645, 12.50000000000001066, -22.65000000000001634 ) ) ;
#5311 = ORIENTED_EDGE ( 'NONE', *, *, #722, .F. ) ;
#5312 = CARTESIAN_POINT ( 'NONE',  ( 29.99999999999999289, 4.500000000000000888, -19.30073525436772641 ) ) ;
#5313 = DIRECTION ( 'NONE',  ( 0.3285714285714290694, -0.9444791243466054143, 0.000000000000000000 ) ) ;
#5314 = VERTEX_POINT ( 'NONE', #138 ) ;
#5315 = EDGE_CURVE ( 'NONE', #6354, #8880, #3699, .T. ) ;
#5316 = ORIENTED_EDGE ( 'NONE', *, *, #9203, .T. ) ;
#5317 = CARTESIAN_POINT ( 'NONE',  ( 6.423762078750519855, 80.80934643409020168, -15.65739561406607727 ) ) ;
#5318 = DIRECTION ( 'NONE',  ( 1.000000000000000000, 9.912705577010326782E-17, -0.000000000000000000 ) ) ;
#5319 = FACE_OUTER_BOUND ( 'NONE', #1259, .T. ) ;
#5320 = B_SPLINE_CURVE_WITH_KNOTS ( 'NONE', 3,
 ( #929, #6059, #1018, #5303, #3882, #7417, #5036, #3788, #4497, #4321, #966, #8164, #1612, #3830 ),
 .UNSPECIFIED., .F., .F.,
 ( 4, 2, 2, 2, 2, 2, 4 ),
 ( 1.077240930865404111E-17, 0.0008582446054989452313, 0.001287366908248412751, 0.001716489210997879837, 0.002574733816496814660, 0.003003856119246286951, 0.003432978421995759675 ),
 .UNSPECIFIED. ) ;
#5321 = CARTESIAN_POINT ( 'NONE',  ( 29.99999999999999645, 14.64999999999987068, -20.49999999999977618 ) ) ;
#5322 = CARTESIAN_POINT ( 'NONE',  ( 25.99999999999999645, 20.50000000000001066, -12.50000000000000000 ) ) ;
#5323 = EDGE_LOOP ( 'NONE', ( #2462, #3284, #2244, #4721, #8725, #1414 ) ) ;
#5324 = DIRECTION ( 'NONE',  ( -1.000000000000000000, 0.000000000000000000, 0.000000000000000000 ) ) ;
#5325 = ADVANCED_FACE ( 'NONE', ( #5919 ), #8637, .T. ) ;
#5326 = AXIS2_PLACEMENT_3D ( 'NONE', #3802, #2522, #6173 ) ;
#5327 = PLANE ( 'NONE',  #2936 ) ;
#5328 = DIRECTION ( 'NONE',  ( 0.9510565162951536422, 0.000000000000000000, -0.3090169943749471737 ) ) ;
#5329 = AXIS2_PLACEMENT_3D ( 'NONE', #475, #3319, #6246 ) ;
#5330 = FACE_OUTER_BOUND ( 'NONE', #3001, .T. ) ;
#5331 = FACE_OUTER_BOUND ( 'NONE', #6008, .T. ) ;
#5332 = ADVANCED_FACE ( 'NONE', ( #8780 ), #6532, .T. ) ;
#5333 = DIRECTION ( 'NONE',  ( -0.000000000000000000, 0.000000000000000000, 1.000000000000000000 ) ) ;
#5334 = CYLINDRICAL_SURFACE ( 'NONE', #2158, 1.050000000000000488 ) ;
#5335 = ORIENTED_EDGE ( 'NONE', *, *, #7829, .F. ) ;
#5336 = CARTESIAN_POINT ( 'NONE',  ( 24.16256616465658880, 4.129377124539835187, -17.94823133350621802 ) ) ;
#5337 = ORIENTED_EDGE ( 'NONE', *, *, #1670, .T. ) ;
#5338 = VECTOR ( 'NONE', #6388, 1000.000000000000000 ) ;
#5339 = ORIENTED_EDGE ( 'NONE', *, *, #1997, .T. ) ;
#5340 = DIRECTION ( 'NONE',  ( 0.000000000000000000, -0.000000000000000000, -1.000000000000000000 ) ) ;
#5341 = CARTESIAN_POINT ( 'NONE',  ( -10.75000000000019895, 104.4400000000000261, -15.65739561406607727 ) ) ;
#5342 = CARTESIAN_POINT ( 'NONE',  ( -27.00000000000000000, 12.50000000000000888, -12.50000000000000000 ) ) ;
#5343 =( BOUNDED_CURVE ( )  B_SPLINE_CURVE ( 3, ( #6353, #2901, #6394, #2806 ),
 .UNSPECIFIED., .F., .T. ) 
 B_SPLINE_CURVE_WITH_KNOTS ( ( 4, 4 ),
 ( 9.912705577010331712E-17, 0.9969179171649323878 ),
 .UNSPECIFIED. ) 
 CURVE ( )  GEOMETRIC_REPRESENTATION_ITEM ( )  RATIONAL_B_SPLINE_CURVE ( ( 1.000000000000000000, 0.9188802227762918884, 0.9188802227762918884, 1.000000000000000000 ) ) 
 REPRESENTATION_ITEM ( '' )  );
#5344 = DIRECTION ( 'NONE',  ( -0.8399223068573744566, -0.5427066596637510898, 0.000000000000000000 ) ) ;
#5345 = CARTESIAN_POINT ( 'NONE',  ( -23.55000000000001492, 112.3085893033692741, -23.00000000000000000 ) ) ;
#5346 = EDGE_CURVE ( 'NONE', #7234, #5091, #549, .T. ) ;
#5347 = ORIENTED_EDGE ( 'NONE', *, *, #8596, .F. ) ;
#5348 = EDGE_CURVE ( 'NONE', #4720, #6379, #2989, .T. ) ;
#5349 = FACE_OUTER_BOUND ( 'NONE', #1767, .T. ) ;
#5350 = FACE_OUTER_BOUND ( 'NONE', #6294, .T. ) ;
#5351 = ORIENTED_EDGE ( 'NONE', *, *, #6345, .F. ) ;
#5352 = CIRCLE ( 'NONE', #1719, 12.50000000000000178 ) ;
#5353 = VECTOR ( 'NONE', #2437, 1000.000000000000000 ) ;
#5354 = CYLINDRICAL_SURFACE ( 'NONE', #7512, 3.000000000000000000 ) ;
#5355 = CC_DESIGN_PERSON_AND_ORGANIZATION_ASSIGNMENT ( #8033, #1579, ( #3602 ) ) ;
#5356 = ORIENTED_EDGE ( 'NONE', *, *, #5580, .F. ) ;
#5357 = CARTESIAN_POINT ( 'NONE',  ( 25.99999999999999645, 18.15685424949253957, -6.843145750507550140 ) ) ;
#5358 = AXIS2_PLACEMENT_3D ( 'NONE', #7781, #641, #7600 ) ;
#5359 = AXIS2_PLACEMENT_3D ( 'NONE', #7841, #1207, #6245 ) ;
#5360 = ORIENTED_EDGE ( 'NONE', *, *, #923, .T. ) ;
#5361 = ADVANCED_FACE ( 'NONE', ( #93 ), #5783, .F. ) ;
#5362 = DIRECTION ( 'NONE',  ( 0.000000000000000000, 0.000000000000000000, 1.000000000000000000 ) ) ;
#5363 = ORIENTED_EDGE ( 'NONE', *, *, #5561, .T. ) ;
#5364 = TOROIDAL_SURFACE ( 'NONE', #1887, 12.00000000000000000, 2.000000000000000000 ) ;
#5365 = AXIS2_PLACEMENT_3D ( 'NONE', #737, #3595, #6479 ) ;
#5366 = ORIENTED_EDGE ( 'NONE', *, *, #525, .F. ) ;
#5367 = CARTESIAN_POINT ( 'NONE',  ( 23.00000000000000000, 12.50000000000000355, -12.50000000000000000 ) ) ;
#5368 = AXIS2_PLACEMENT_3D ( 'NONE', #5813, #124, #687 ) ;
#5369 = CARTESIAN_POINT ( 'NONE',  ( -26.00000000000000000, 22.65000000000001990, -12.50000000000000000 ) ) ;
#5370 = AXIS2_PLACEMENT_3D ( 'NONE', #59, #2192, #5086 ) ;
#5371 = PLANE ( 'NONE',  #5105 ) ;
#5372 = EDGE_CURVE ( 'NONE', #5889, #5416, #4138, .T. ) ;
#5373 = CARTESIAN_POINT ( 'NONE',  ( 39.28405416861564703, 104.4400000000000261, -40.08443487398441363 ) ) ;
#5374 = LINE ( 'NONE', #5992, #5989 ) ;
#5375 = ORIENTED_EDGE ( 'NONE', *, *, #2506, .F. ) ;
#5376 = DIRECTION ( 'NONE',  ( -0.3285714285714290694, 0.9444791243466054143, 0.000000000000000000 ) ) ;
#5377 = VECTOR ( 'NONE', #7797, 1000.000000000000000 ) ;
#5378 = DIRECTION ( 'NONE',  ( -0.000000000000000000, 0.000000000000000000, 1.000000000000000000 ) ) ;
#5379 = DIRECTION ( 'NONE',  ( -1.000000000000000000, 1.541976423090495387E-16, -0.000000000000000000 ) ) ;
#5380 = ADVANCED_FACE ( 'NONE', ( #54 ), #7331, .T. ) ;
#5381 = EDGE_CURVE ( 'NONE', #7131, #3654, #2941, .T. ) ;
#5382 = AXIS2_PLACEMENT_3D ( 'NONE', #5861, #4431, #8672 ) ;
#5383 = DIRECTION ( 'NONE',  ( -1.541976423090495387E-16, 1.000000000000000000, 0.000000000000000000 ) ) ;
#5384 = CARTESIAN_POINT ( 'NONE',  ( -29.99999999999999645, 12.49999999999999822, -12.50000000000000000 ) ) ;
#5385 = CARTESIAN_POINT ( 'NONE',  ( 25.99999999999999645, 18.15685424949230153, -18.15685424949224469 ) ) ;
#5386 = DIRECTION ( 'NONE',  ( 0.000000000000000000, -1.000000000000000000, 0.000000000000000000 ) ) ;
#5387 = ORIENTED_EDGE ( 'NONE', *, *, #7480, .T. ) ;
#5388 = AXIS2_PLACEMENT_3D ( 'NONE', #316, #6052, #9001 ) ;
#5389 = CARTESIAN_POINT ( 'NONE',  ( 24.25529098094718350, 4.162375735627419360, -17.82832108352003075 ) ) ;
#5390 = VERTEX_POINT ( 'NONE', #191 ) ;
#5391 = AXIS2_PLACEMENT_3D ( 'NONE', #3960, #357, #3303 ) ;
#5392 = EDGE_LOOP ( 'NONE', ( #1254, #8431 ) ) ;
#5393 = DIRECTION ( 'NONE',  ( -1.541976423090495387E-16, -1.000000000000000000, 0.000000000000000000 ) ) ;
#5394 = CARTESIAN_POINT ( 'NONE',  ( 23.54999999999997584, 117.9400000000000972, -23.00000000000000000 ) ) ;
#5395 = DIRECTION ( 'NONE',  ( 1.000000000000000000, 0.000000000000000000, 0.000000000000000000 ) ) ;
#5396 = DIRECTION ( 'NONE',  ( 1.000000000000000000, -1.541976423090495387E-16, -0.000000000000000000 ) ) ;
#5397 = VECTOR ( 'NONE', #5794, 1000.000000000000000 ) ;
#5398 = AXIS2_PLACEMENT_3D ( 'NONE', #3861, #6549, #7299 ) ;
#5399 = CARTESIAN_POINT ( 'NONE',  ( 11.58728778948667504, 4.828427124746202281, -25.49999999999999645 ) ) ;
#5400 = CARTESIAN_POINT ( 'NONE',  ( -26.00000000000000000, 18.15685424949231219, -18.15685424949224469 ) ) ;
#5401 = VERTEX_POINT ( 'NONE', #2326 ) ;
#5402 = DIRECTION ( 'NONE',  ( 0.000000000000000000, -1.000000000000000000, 0.000000000000000000 ) ) ;
#5403 = CARTESIAN_POINT ( 'NONE',  ( -23.56093453172319130, 108.5875672093885385, -15.98821714468685506 ) ) ;
#5404 = VERTEX_POINT ( 'NONE', #5217 ) ;
#5405 = AXIS2_PLACEMENT_3D ( 'NONE', #7206, #226, #7376 ) ;
#5406 = AXIS2_PLACEMENT_3D ( 'NONE', #8201, #407, #7596 ) ;
#5407 = CIRCLE ( 'NONE', #7506, 2.000000000000001776 ) ;
#5408 = ORIENTED_EDGE ( 'NONE', *, *, #7756, .T. ) ;
#5409 = ADVANCED_FACE ( 'NONE', ( #8075 ), #7381, .F. ) ;
#5410 = CARTESIAN_POINT ( 'NONE',  ( -29.97521296484558917, 3.869546570700720167, -19.13592604076846015 ) ) ;
#5411 = EDGE_CURVE ( 'NONE', #3272, #6538, #8595, .T. ) ;
#5412 =( BOUNDED_SURFACE ( )  B_SPLINE_SURFACE ( 3, 2, ( 
 ( #5312, #2469, #1813 ),
 ( #6783, #1031, #3898 ),
 ( #8226, #1763, #2335 ),
 ( #7530, #4696, #1075 ),
 ( #7572, #3943, #6825 ),
 ( #379, #3229, #1117 ),
 ( #4513, #245, #3986 ),
 ( #6873, #5225, #6682 ),
 ( #8136, #8087, #3091 ),
 ( #5978, #8837, #2386 ),
 ( #5273, #1674, #7432 ),
 ( #983, #3849, #9116 ),
 ( #7105, #4839, #521 ),
 ( #7751, #617, #9209 ),
 ( #3329, #3511, #1255 ),
 ( #4933, #8360, #1899 ),
 ( #4792, #9026, #2755 ),
 ( #1302, #2662, #3367 ),
 ( #4880, #7710, #566 ),
 ( #5640, #5459, #4742 ),
 ( #5553, #4085, #7668 ),
 ( #8409, #1950, #4123 ) ),
 .UNSPECIFIED., .F., .F., .T. ) 
 B_SPLINE_SURFACE_WITH_KNOTS ( ( 4, 2, 2, 2, 2, 2, 2, 2, 2, 2, 4 ),
 ( 3, 3 ),
 ( -2.222757257750506495E-05, 0.001581738221975885006, 0.002383721119252580137, 0.003185704016529275050, 0.004789669811082665311, 0.006393635605636055139, 0.007997601400189444099, 0.009601567194742834793, 0.01040355009201953014, 0.01120553298929622549, 0.01280949878384961618 ),
 ( 0.000000000000000000, 1.000000000000000000 ),
 .UNSPECIFIED. ) 
 GEOMETRIC_REPRESENTATION_ITEM ( )  RATIONAL_B_SPLINE_SURFACE ( (
 ( 1.000000000000000000, 1.000000000000000000, 1.000000000000000000),
 ( 1.000000000000000000, 0.9999954732293339088, 1.000000000000000000),
 ( 1.000000000000000000, 0.9992946032396922140, 1.000000000000000000),
 ( 1.000000000000000000, 0.9975730854843788409, 1.000000000000000000),
 ( 1.000000000000000000, 0.9968862807437059992, 1.000000000000000000),
 ( 1.000000000000000000, 0.9953307840581337995, 1.000000000000000000),
 ( 1.000000000000000000, 0.9944607324385245084, 1.000000000000000000),
 ( 1.000000000000000000, 0.9916940993391643033, 1.000000000000000000),
 ( 1.000000000000000000, 0.9896289654897363341, 1.000000000000000000),
 ( 1.000000000000000000, 0.9853317000033074979, 1.000000000000000000),
 ( 1.000000000000000000, 0.9830804887625785859, 1.000000000000000000),
 ( 1.000000000000000000, 0.9787630796814612566, 1.000000000000000000),
 ( 1.000000000000000000, 0.9766720173038139219, 1.000000000000000000),
 ( 1.000000000000000000, 0.9729454111516957493, 1.000000000000000000),
 ( 1.000000000000000000, 0.9712912705131515612, 1.000000000000000000),
 ( 1.000000000000000000, 0.9692196463962831077, 1.000000000000000000),
 ( 1.000000000000000000, 0.9685999733953893909, 1.000000000000000000),
 ( 1.000000000000000000, 0.9675366647782046581, 1.000000000000000000),
 ( 1.000000000000000000, 0.9670887776517166357, 1.000000000000000000),
 ( 1.000000000000000000, 0.9660040063131819510, 1.000000000000000000),
 ( 1.000000000000000000, 0.9656251324127985702, 1.000000000000000000),
 ( 1.000000000000000000, 0.9656254099972886307, 1.000000000000000000) ) ) 
 REPRESENTATION_ITEM ( '' )  SURFACE ( )  );
#5413 = AXIS2_PLACEMENT_3D ( 'NONE', #4785, #7410, #8724 ) ;
#5414 = ORIENTED_EDGE ( 'NONE', *, *, #7405, .F. ) ;
#5415 = CARTESIAN_POINT ( 'NONE',  ( 27.99999999999998934, -5.314665783094429971E-15, -23.00000000000000000 ) ) ;
#5416 = VERTEX_POINT ( 'NONE', #4313 ) ;
#5417 = CARTESIAN_POINT ( 'NONE',  ( -29.99999999999999645, 4.500000000000001776, -19.30073525436772641 ) ) ;
#5418 = ORIENTED_EDGE ( 'NONE', *, *, #5808, .T. ) ;
#5419 = TOROIDAL_SURFACE ( 'NONE', #1349, 9.500000000000001776, 3.000000000000000000 ) ;
#5420 = AXIS2_PLACEMENT_3D ( 'NONE', #8624, #1469, #2926 ) ;
#5421 = ORIENTED_EDGE ( 'NONE', *, *, #8086, .F. ) ;
#5422 = ADVANCED_FACE ( 'NONE', ( #7197, #754 ), #3610, .T. ) ;
#5423 = CARTESIAN_POINT ( 'NONE',  ( 23.55000000000000071, 103.9400000000001114, -23.00000000000000000 ) ) ;
#5424 = DIRECTION ( 'NONE',  ( -1.000000000000000000, -9.912705577010326782E-17, 0.000000000000000000 ) ) ;
#5425 = DIRECTION ( 'NONE',  ( 0.000000000000000000, -1.000000000000000000, 0.000000000000000000 ) ) ;
#5426 = CARTESIAN_POINT ( 'NONE',  ( -16.95237472713307980, 104.4400000000000261, -15.07788693191622365 ) ) ;
#5427 = CARTESIAN_POINT ( 'NONE',  ( -29.99999999999999645, 12.49999999999999822, -2.000000000000000000 ) ) ;
#5428 = ORIENTED_EDGE ( 'NONE', *, *, #1513, .F. ) ;
#5429 = CIRCLE ( 'NONE', #6185, 8.000000000000000000 ) ;
#5430 = CARTESIAN_POINT ( 'NONE',  ( 26.00000000000000000, 12.49999999999999822, 0.000000000000000000 ) ) ;
#5431 = EDGE_CURVE ( 'NONE', #976, #4311, #7243, .T. ) ;
#5432 = FACE_OUTER_BOUND ( 'NONE', #4995, .T. ) ;
#5433 = CARTESIAN_POINT ( 'NONE',  ( -22.25000000000000000, 109.0903061905773512, -14.59999999999999787 ) ) ;
#5434 = VECTOR ( 'NONE', #8286, 1000.000000000000000 ) ;
#5435 = DIRECTION ( 'NONE',  ( 1.000000000000000000, 1.734723475976807094E-15, 0.000000000000000000 ) ) ;
#5436 = LINE ( 'NONE', #1786, #8539 ) ;
#5437 = VERTEX_POINT ( 'NONE', #4026 ) ;
#5438 = CARTESIAN_POINT ( 'NONE',  ( 26.25000000000000355, 0.000000000000000000, 0.000000000000000000 ) ) ;
#5439 = ORIENTED_EDGE ( 'NONE', *, *, #480, .T. ) ;
#5440 = DIRECTION ( 'NONE',  ( 1.000000000000000000, -1.541976423090495387E-16, 0.000000000000000000 ) ) ;
#5441 = EDGE_LOOP ( 'NONE', ( #1794, #8024, #7672, #6360, #8692, #126, #2615 ) ) ;
#5442 = CIRCLE ( 'NONE', #6643, 2.149999999999997247 ) ;
#5443 = EDGE_CURVE ( 'NONE', #6886, #6329, #6100, .T. ) ;
#5444 = EDGE_CURVE ( 'NONE', #4227, #3038, #1753, .T. ) ;
#5445 = ORIENTED_EDGE ( 'NONE', *, *, #1512, .T. ) ;
#5446 = CARTESIAN_POINT ( 'NONE',  ( -5.773401785888006899, 60.10000000000000853, -25.00000000000000000 ) ) ;
#5447 = CARTESIAN_POINT ( 'NONE',  ( 16.57654914134644741, 98.44000000000002615, -25.00000000000000000 ) ) ;
#5448 = CARTESIAN_POINT ( 'NONE',  ( 23.54999999999999361, 108.9309918853872148, -31.68941159757722303 ) ) ;
#5449 = DIRECTION ( 'NONE',  ( -0.000000000000000000, 0.000000000000000000, 1.000000000000000000 ) ) ;
#5450 = LINE ( 'NONE', #8304, #7163 ) ;
#5451 = VERTEX_POINT ( 'NONE', #8126 ) ;
#5452 = CARTESIAN_POINT ( 'NONE',  ( 17.00000000000000000, 44.61832049899870611, 0.000000000000000000 ) ) ;
#5453 = CARTESIAN_POINT ( 'NONE',  ( 29.67960346863939591, 3.414213562373116684, -24.91421356237309581 ) ) ;
#5454 = ORIENTED_EDGE ( 'NONE', *, *, #2978, .F. ) ;
#5455 = ADVANCED_FACE ( 'NONE', ( #1068 ), #6064, .T. ) ;
#5456 = EDGE_LOOP ( 'NONE', ( #7345, #6578, #130, #3784, #595 ) ) ;
#5457 = CARTESIAN_POINT ( 'NONE',  ( -29.73844247698082555, 2.945907993687925774, -18.94645514992942026 ) ) ;
#5458 = EDGE_LOOP ( 'NONE', ( #2810, #4709, #3544, #6581 ) ) ;
#5459 = CARTESIAN_POINT ( 'NONE',  ( 28.21074092151681612, 2.507624693106023539, -20.16731334126464148 ) ) ;
#5460 = ORIENTED_EDGE ( 'NONE', *, *, #1944, .T. ) ;
#5461 = EDGE_CURVE ( 'NONE', #6356, #658, #6863, .T. ) ;
#5462 = CARTESIAN_POINT ( 'NONE',  ( 27.51627151935428373, 0.9861813465523513456, -7.633251385249676169 ) ) ;
#5463 = EDGE_LOOP ( 'NONE', ( #1404, #4060, #6514, #3733 ) ) ;
#5464 = VERTEX_POINT ( 'NONE', #2510 ) ;
#5465 = FACE_BOUND ( 'NONE', #1276, .T. ) ;
#5466 = CARTESIAN_POINT ( 'NONE',  ( -21.49999999999998934, 52.41254913305866836, -25.00000000000000000 ) ) ;
#5467 = DIRECTION ( 'NONE',  ( 1.000000000000000000, 1.360567432138672574E-16, 0.000000000000000000 ) ) ;
#5468 = EDGE_CURVE ( 'NONE', #9246, #9002, #1803, .T. ) ;
#5469 = ADVANCED_FACE ( 'NONE', ( #5349 ), #329, .F. ) ;
#5470 = CARTESIAN_POINT ( 'NONE',  ( 58.00000000000002132, 11.44999999999987850, -20.49999999999977618 ) ) ;
#5471 = ORIENTED_EDGE ( 'NONE', *, *, #8086, .T. ) ;
#5472 = DIRECTION ( 'NONE',  ( -0.3090169943749471737, 0.000000000000000000, 0.9510565162951536422 ) ) ;
#5473 = EDGE_CURVE ( 'NONE', #2597, #4438, #2330, .T. ) ;
#5474 = DIRECTION ( 'NONE',  ( -1.000000000000000000, 0.000000000000000000, 0.000000000000000000 ) ) ;
#5475 = DIRECTION ( 'NONE',  ( -0.3090169943749457304, 0.000000000000000000, 0.9510565162951540863 ) ) ;
#5476 = DIRECTION ( 'NONE',  ( 0.000000000000000000, 1.000000000000000000, 0.000000000000000000 ) ) ;
#5477 = DIRECTION ( 'NONE',  ( -0.8660254037844397068, 0.4999999999999979461, -0.000000000000000000 ) ) ;
#5478 = ORIENTED_EDGE ( 'NONE', *, *, #7057, .F. ) ;
#5479 = CARTESIAN_POINT ( 'NONE',  ( 23.67760981612660487, 3.292039969259198617, -17.50000000000000000 ) ) ;
#5480 = EDGE_LOOP ( 'NONE', ( #2584, #5129 ) ) ;
#5481 = AXIS2_PLACEMENT_3D ( 'NONE', #8568, #8612, #2731 ) ;
#5482 = CARTESIAN_POINT ( 'NONE',  ( -37.75000000000000711, 113.9403061905773598, -21.59999999999999787 ) ) ;
#5483 = ORIENTED_EDGE ( 'NONE', *, *, #5099, .F. ) ;
#5484 = EDGE_LOOP ( 'NONE', ( #1913, #5911, #1995, #8617, #437, #8457 ) ) ;
#5485 = LINE ( 'NONE', #1933, #8054 ) ;
#5486 = CARTESIAN_POINT ( 'NONE',  ( -23.80337204531135242, 107.3540660892668654, -12.48621602875682335 ) ) ;
#5487 = DIRECTION ( 'NONE',  ( 1.000000000000000000, 0.000000000000000000, 0.000000000000000000 ) ) ;
#5488 = CIRCLE ( 'NONE', #3980, 2.000000000000000000 ) ;
#5489 = DIRECTION ( 'NONE',  ( -1.000000000000000000, 0.000000000000000000, 0.000000000000000000 ) ) ;
#5490 = DIRECTION ( 'NONE',  ( -0.000000000000000000, 0.000000000000000000, 1.000000000000000000 ) ) ;
#5491 = CARTESIAN_POINT ( 'NONE',  ( -11.58728778948666793, 3.999999999999986233, -25.50000000000000355 ) ) ;
#5492 = ORIENTED_EDGE ( 'NONE', *, *, #5348, .F. ) ;
#5493 = EDGE_CURVE ( 'NONE', #8485, #7611, #3236, .T. ) ;
#5494 = DIRECTION ( 'NONE',  ( 1.000000000000000000, 0.000000000000000000, 0.000000000000000000 ) ) ;
#5495 = LINE ( 'NONE', #9200, #3675 ) ;
#5496 = ORIENTED_EDGE ( 'NONE', *, *, #3072, .T. ) ;
#5497 = FACE_OUTER_BOUND ( 'NONE', #2278, .T. ) ;
#5498 = CIRCLE ( 'NONE', #8489, 6.000000000000000000 ) ;
#5499 = ORIENTED_EDGE ( 'NONE', *, *, #2925, .F. ) ;
#5500 = CARTESIAN_POINT ( 'NONE',  ( 28.55363764444284058, 12.39141745542222495, -25.49999999999998579 ) ) ;
#5501 = ORIENTED_EDGE ( 'NONE', *, *, #3655, .F. ) ;
#5502 = CIRCLE ( 'NONE', #5655, 10.00000000000000000 ) ;
#5503 = EDGE_CURVE ( 'NONE', #4790, #2230, #8169, .T. ) ;
#5504 = CARTESIAN_POINT ( 'NONE',  ( -25.99999999999999645, 12.49999999999986322, -20.49999999999977618 ) ) ;
#5505 = ORIENTED_EDGE ( 'NONE', *, *, #6454, .F. ) ;
#5506 = LINE ( 'NONE', #8272, #1189 ) ;
#5507 = ORIENTED_EDGE ( 'NONE', *, *, #511, .F. ) ;
#5508 = AXIS2_PLACEMENT_3D ( 'NONE', #820, #4428, #7311 ) ;
#5509 = VERTEX_POINT ( 'NONE', #2563 ) ;
#5510 = AXIS2_PLACEMENT_3D ( 'NONE', #3020, #3545, #7973 ) ;
#5511 = DIRECTION ( 'NONE',  ( 0.3090169943749485060, 0.000000000000000000, 0.9510565162951533091 ) ) ;
#5512 = CARTESIAN_POINT ( 'NONE',  ( 16.57654914134644741, 94.44000000000002615, -23.00000000000000000 ) ) ;
#5513 = DIRECTION ( 'NONE',  ( 0.000000000000000000, 1.000000000000000000, 0.000000000000000000 ) ) ;
#5514 = AXIS2_PLACEMENT_3D ( 'NONE', #3342, #4004, #9040 ) ;
#5515 = AXIS2_PLACEMENT_3D ( 'NONE', #1965, #3344, #2730 ) ;
#5516 = DIRECTION ( 'NONE',  ( -0.000000000000000000, 0.000000000000000000, 1.000000000000000000 ) ) ;
#5517 = ORIENTED_EDGE ( 'NONE', *, *, #1997, .F. ) ;
#5518 = DIRECTION ( 'NONE',  ( -1.000000000000000000, -1.892425610156517122E-16, -0.000000000000000000 ) ) ;
#5519 = AXIS2_PLACEMENT_3D ( 'NONE', #6127, #8980, #663 ) ;
#5520 = EDGE_CURVE ( 'NONE', #2224, #7463, #8497, .T. ) ;
#5521 = DIRECTION ( 'NONE',  ( 1.000000000000000000, -0.000000000000000000, -0.000000000000000000 ) ) ;
#5522 = EDGE_CURVE ( 'NONE', #1983, #7709, #6867, .T. ) ;
#5523 = CARTESIAN_POINT ( 'NONE',  ( -3.500000000000209166, 80.80934643409020168, -9.000000000000001776 ) ) ;
#5524 = EDGE_CURVE ( 'NONE', #2140, #1713, #7164, .T. ) ;
#5525 = CARTESIAN_POINT ( 'NONE',  ( 10.74999999999978506, 104.4400000000000261, -15.65739561406608082 ) ) ;
#5526 = CARTESIAN_POINT ( 'NONE',  ( 23.54999999999998650, 112.4105578932698535, -23.11884562150395084 ) ) ;
#5527 = ORIENTED_EDGE ( 'NONE', *, *, #190, .T. ) ;
#5528 = CARTESIAN_POINT ( 'NONE',  ( -27.27105660884731009, 1.031135050255351571, -17.47176013381296755 ) ) ;
#5529 = ORIENTED_EDGE ( 'NONE', *, *, #8492, .T. ) ;
#5530 = AXIS2_PLACEMENT_3D ( 'NONE', #6635, #1797, #414 ) ;
#5531 = PLANE ( 'NONE',  #8133 ) ;
#5532 = EDGE_LOOP ( 'NONE', ( #3444, #4065 ) ) ;
#5533 = DIRECTION ( 'NONE',  ( 0.000000000000000000, -1.000000000000000000, 0.000000000000000000 ) ) ;
#5534 = EDGE_CURVE ( 'NONE', #6572, #3965, #3937, .T. ) ;
#5535 = CARTESIAN_POINT ( 'NONE',  ( -23.62135886097586379, 108.0821200989300337, -12.77335625134296571 ) ) ;
#5536 = AXIS2_PLACEMENT_3D ( 'NONE', #6527, #2934, #49 ) ;
#5537 = DIRECTION ( 'NONE',  ( -1.000000000000000000, -9.912705577010326782E-17, 0.000000000000000000 ) ) ;
#5538 = ORIENTED_EDGE ( 'NONE', *, *, #5778, .T. ) ;
#5539 = FACE_OUTER_BOUND ( 'NONE', #2739, .T. ) ;
#5540 = DIRECTION ( 'NONE',  ( 1.898094922533725623E-16, 1.000000000000000000, 0.000000000000000000 ) ) ;
#5542 = ORIENTED_EDGE ( 'NONE', *, *, #5411, .T. ) ;
#5541 = CIRCLE ( 'NONE', #3875, 12.50000000000000178 ) ;
#5543 = LINE ( 'NONE', #4782, #853 ) ;
#5544 = DIRECTION ( 'NONE',  ( -1.000000000000000000, -1.360567432138672574E-16, 0.000000000000000000 ) ) ;
#5545 = ORIENTED_EDGE ( 'NONE', *, *, #5503, .T. ) ;
#5546 = ORIENTED_EDGE ( 'NONE', *, *, #25, .T. ) ;
#5547 = CARTESIAN_POINT ( 'NONE',  ( 23.31393684833122038, 12.49999999999999822, -1.663936848331191820 ) ) ;
#5548 = AXIS2_PLACEMENT_3D ( 'NONE', #211, #8102, #6695 ) ;
#5549 = EDGE_CURVE ( 'NONE', #2160, #6096, #7462, .T. ) ;
#5550 = CIRCLE ( 'NONE', #1183, 2.999999999999999112 ) ;
#5551 = ORIENTED_EDGE ( 'NONE', *, *, #3186, .T. ) ;
#5552 = AXIS2_PLACEMENT_3D ( 'NONE', #4470, #1082, #8235 ) ;
#5553 = CARTESIAN_POINT ( 'NONE',  ( 28.13543178498525776, 2.499999999999976907, -21.78708781074400846 ) ) ;
#5554 = EDGE_LOOP ( 'NONE', ( #7567, #1209, #6645, #3417 ) ) ;
#5555 = VECTOR ( 'NONE', #8649, 1000.000000000000000 ) ;
#5556 = CARTESIAN_POINT ( 'NONE',  ( -28.82297637398707124, 2.670872232037834415, -21.60159407050173641 ) ) ;
#5557 = ORIENTED_EDGE ( 'NONE', *, *, #24, .F. ) ;
#5558 = AXIS2_PLACEMENT_3D ( 'NONE', #4133, #2721, #9034 ) ;
#5559 = ORIENTED_EDGE ( 'NONE', *, *, #3916, .F. ) ;
#5560 = EDGE_CURVE ( 'NONE', #8103, #7333, #5059, .T. ) ;
#5561 = EDGE_CURVE ( 'NONE', #163, #2732, #974, .T. ) ;
#5562 = CARTESIAN_POINT ( 'NONE',  ( 25.99999999999999645, 20.50000000000001066, -12.50000000000000000 ) ) ;
#5563 = LINE ( 'NONE', #1957, #6009 ) ;
#5564 = DIRECTION ( 'NONE',  ( -0.8090169943749473402, 0.000000000000000000, -0.5877852522924732481 ) ) ;
#5565 = AXIS2_PLACEMENT_3D ( 'NONE', #2861, #8915, #6452 ) ;
#5566 = CIRCLE ( 'NONE', #1492, 1.050000000000000488 ) ;
#5567 = CARTESIAN_POINT ( 'NONE',  ( 21.55000000000000426, 103.9400000000001114, -2.000000000000001776 ) ) ;
#5568 = ORIENTED_EDGE ( 'NONE', *, *, #8329, .T. ) ;
#5569 = FACE_OUTER_BOUND ( 'NONE', #1327, .T. ) ;
#5570 = FACE_OUTER_BOUND ( 'NONE', #4293, .T. ) ;
#5571 = DIRECTION ( 'NONE',  ( 1.000000000000000000, 0.000000000000000000, 0.000000000000000000 ) ) ;
#5572 = FACE_OUTER_BOUND ( 'NONE', #2919, .T. ) ;
#5573 = DIRECTION ( 'NONE',  ( -1.000000000000000000, 0.000000000000000000, 0.000000000000000000 ) ) ;
#5575 = EDGE_LOOP ( 'NONE', ( #1107, #4357, #2805, #1634 ) ) ;
#5574 = CIRCLE ( 'NONE', #8269, 12.50000000000000000 ) ;
#5576 = DIRECTION ( 'NONE',  ( 0.000000000000000000, 1.000000000000000000, 0.000000000000000000 ) ) ;
#5577 = ORIENTED_EDGE ( 'NONE', *, *, #9203, .F. ) ;
#5578 = EDGE_CURVE ( 'NONE', #1713, #2140, #7305, .T. ) ;
#5579 = LINE ( 'NONE', #2594, #3623 ) ;
#5580 = EDGE_CURVE ( 'NONE', #7317, #8667, #2422, .T. ) ;
#5581 = EDGE_LOOP ( 'NONE', ( #7528, #2619 ) ) ;
#5582 = CARTESIAN_POINT ( 'NONE',  ( -23.31393684833120972, 12.49999999999999822, -12.50000000000000000 ) ) ;
#5583 = FACE_OUTER_BOUND ( 'NONE', #7812, .T. ) ;
#5584 = ORIENTED_EDGE ( 'NONE', *, *, #2162, .T. ) ;
#5585 = FACE_BOUND ( 'NONE', #3737, .T. ) ;
#5586 = FACE_OUTER_BOUND ( 'NONE', #2116, .T. ) ;
#5587 = DIRECTION ( 'NONE',  ( 1.000000000000000000, 9.912705577010326782E-17, -0.000000000000000000 ) ) ;
#5588 = VERTEX_POINT ( 'NONE', #4588 ) ;
#5589 = CARTESIAN_POINT ( 'NONE',  ( -10.27340178588798913, 58.89422863405996367, -3.000000000000002665 ) ) ;
#5590 = DIRECTION ( 'NONE',  ( -0.000000000000000000, 0.000000000000000000, 1.000000000000000000 ) ) ;
#5591 = ORIENTED_EDGE ( 'NONE', *, *, #6683, .T. ) ;
#5592 = EDGE_CURVE ( 'NONE', #2088, #3158, #8204, .T. ) ;
#5593 = VECTOR ( 'NONE', #7908, 1000.000000000000000 ) ;
#5594 = ADVANCED_FACE ( 'NONE', ( #1386 ), #8400, .T. ) ;
#5595 = ADVANCED_FACE ( 'NONE', ( #1289 ), #3359, .T. ) ;
#5596 = ORIENTED_EDGE ( 'NONE', *, *, #3763, .T. ) ;
#5597 = CARTESIAN_POINT ( 'NONE',  ( 29.98689853099027403, 10.39951467524476314, -25.50000000000000000 ) ) ;
#5598 = VECTOR ( 'NONE', #1540, 1000.000000000000000 ) ;
#5599 = ORIENTED_EDGE ( 'NONE', *, *, #2427, .F. ) ;
#5600 = CARTESIAN_POINT ( 'NONE',  ( -29.05388312864608125, 12.10363468009087562, -25.50000000000000355 ) ) ;
#5601 = ORIENTED_EDGE ( 'NONE', *, *, #4826, .T. ) ;
#5602 = CARTESIAN_POINT ( 'NONE',  ( 28.00000000000000355, 0.7009795153335924844, -8.370621851582562556 ) ) ;
#5603 = ORIENTED_EDGE ( 'NONE', *, *, #1296, .T. ) ;
#5604 = ORIENTED_EDGE ( 'NONE', *, *, #2402, .T. ) ;
#5605 = DIRECTION ( 'NONE',  ( 1.000000000000000000, 0.000000000000000000, 0.000000000000000000 ) ) ;
#5606 = CARTESIAN_POINT ( 'NONE',  ( -1.336881039375571234, 96.44000000000002615, -15.65739561406607727 ) ) ;
#5607 = DIRECTION ( 'NONE',  ( 1.000000000000000000, -0.000000000000000000, -0.000000000000000000 ) ) ;
#5608 = CARTESIAN_POINT ( 'NONE',  ( -26.00000000000000000, 20.50000000000002132, -12.50000000000000000 ) ) ;
#5609 = EDGE_CURVE ( 'NONE', #5416, #5889, #703, .T. ) ;
#5610 = CARTESIAN_POINT ( 'NONE',  ( 30.00000000000000355, 53.27857453684310940, -128.1790850899541852 ) ) ;
#5611 = ORIENTED_EDGE ( 'NONE', *, *, #6262, .F. ) ;
#5612 = CARTESIAN_POINT ( 'NONE',  ( 24.00000000000000711, 12.50000000000021139, -4.499999999999771738 ) ) ;
#5613 = LINE ( 'NONE', #6226, #8818 ) ;
#5614 = FACE_BOUND ( 'NONE', #1857, .T. ) ;
#5615 = CARTESIAN_POINT ( 'NONE',  ( -22.25000000000000000, 113.9403061905773455, -21.59999999999999787 ) ) ;
#5616 = FACE_BOUND ( 'NONE', #903, .T. ) ;
#5617 = ORIENTED_EDGE ( 'NONE', *, *, #6831, .T. ) ;
#5618 = EDGE_CURVE ( 'NONE', #73, #7692, #256, .T. ) ;
#5619 = LINE ( 'NONE', #1236, #7636 ) ;
#5620 = ORIENTED_EDGE ( 'NONE', *, *, #2433, .T. ) ;
#5621 = LINE ( 'NONE', #5668, #1656 ) ;
#5622 = ORIENTED_EDGE ( 'NONE', *, *, #13, .F. ) ;
#5623 = DIRECTION ( 'NONE',  ( -1.000000000000000000, 0.000000000000000000, -8.019547272036671442E-16 ) ) ;
#5624 = CARTESIAN_POINT ( 'NONE',  ( 13.98768373480797855, 60.21388856614260021, -2.000000000000000000 ) ) ;
#5625 = ORIENTED_EDGE ( 'NONE', *, *, #7487, .F. ) ;
#5626 = FACE_OUTER_BOUND ( 'NONE', #5864, .T. ) ;
#5627 = CYLINDRICAL_SURFACE ( 'NONE', #7071, 2.150000000000000799 ) ;
#5628 = CARTESIAN_POINT ( 'NONE',  ( -24.25529098094718705, 4.162375735627435347, -7.171678916479967469 ) ) ;
#5629 = VERTEX_POINT ( 'NONE', #9153 ) ;
#5630 = DIRECTION ( 'NONE',  ( 0.000000000000000000, 0.000000000000000000, 1.000000000000000000 ) ) ;
#5631 = CARTESIAN_POINT ( 'NONE',  ( -23.30363137078298053, 10.47167563513182031, -25.50000000000000355 ) ) ;
#5632 = ORIENTED_EDGE ( 'NONE', *, *, #5695, .T. ) ;
#5633 = AXIS2_PLACEMENT_3D ( 'NONE', #5415, #1716, #338 ) ;
#5634 = ORIENTED_EDGE ( 'NONE', *, *, #243, .T. ) ;
#5635 = DIRECTION ( 'NONE',  ( 1.000000000000000000, 1.360567432138672574E-16, 0.000000000000000000 ) ) ;
#5636 = EDGE_CURVE ( 'NONE', #4697, #7946, #8048, .T. ) ;
#5637 = EDGE_CURVE ( 'NONE', #5842, #4214, #5207, .T. ) ;
#5638 = VERTEX_POINT ( 'NONE', #2702 ) ;
#5639 = LINE ( 'NONE', #5426, #8946 ) ;
#5640 = CARTESIAN_POINT ( 'NONE',  ( 28.26931186715380662, 2.513744345399013813, -21.77232133010429393 ) ) ;
#5641 = EDGE_CURVE ( 'NONE', #4397, #6082, #6405, .T. ) ;
#5642 = ORIENTED_EDGE ( 'NONE', *, *, #5609, .F. ) ;
#5643 = AXIS2_PLACEMENT_3D ( 'NONE', #3546, #7974, #1343 ) ;
#5644 = DIRECTION ( 'NONE',  ( 0.000000000000000000, 0.000000000000000000, -1.000000000000000000 ) ) ;
#5645 = ORIENTED_EDGE ( 'NONE', *, *, #3615, .F. ) ;
#5646 = EDGE_LOOP ( 'NONE', ( #1256, #1047, #5316, #5685 ) ) ;
#5647 = AXIS2_PLACEMENT_3D ( 'NONE', #178, #3021, #4492 ) ;
#5648 = DIRECTION ( 'NONE',  ( -1.000000000000000000, -9.912705577010326782E-17, 0.000000000000000000 ) ) ;
#5649 = VECTOR ( 'NONE', #798, 1000.000000000000000 ) ;
#5650 = ADVANCED_FACE ( 'NONE', ( #7741 ), #7789, .F. ) ;
#5651 = DIRECTION ( 'NONE',  ( -1.000000000000000000, 0.000000000000000000, 0.000000000000000000 ) ) ;
#5652 = LINE ( 'NONE', #9174, #1191 ) ;
#5653 = FACE_OUTER_BOUND ( 'NONE', #3413, .T. ) ;
#5654 = ORIENTED_EDGE ( 'NONE', *, *, #3810, .F. ) ;
#5655 = AXIS2_PLACEMENT_3D ( 'NONE', #2453, #5340, #3787 ) ;
#5656 = AXIS2_PLACEMENT_3D ( 'NONE', #7137, #649, #1891 ) ;
#5657 = CARTESIAN_POINT ( 'NONE',  ( -22.25000000000000000, 113.9403061905773455, -21.59999999999999787 ) ) ;
#5658 = CARTESIAN_POINT ( 'NONE',  ( 19.99999999999998934, 49.81447292170534524, -22.00000000000000355 ) ) ;
#5659 = EDGE_CURVE ( 'NONE', #515, #1242, #5543, .T. ) ;
#5660 = CIRCLE ( 'NONE', #7461, 2.149999999999999023 ) ;
#5661 = DIRECTION ( 'NONE',  ( 0.000000000000000000, -0.000000000000000000, -1.000000000000000000 ) ) ;
#5662 = VECTOR ( 'NONE', #2205, 1000.000000000000000 ) ;
#5663 = DIRECTION ( 'NONE',  ( 1.000000000000000000, 1.360567432138672574E-16, -0.000000000000000000 ) ) ;
#5664 = FACE_OUTER_BOUND ( 'NONE', #5456, .T. ) ;
#5665 = ORIENTED_EDGE ( 'NONE', *, *, #2897, .T. ) ;
#5666 = CARTESIAN_POINT ( 'NONE',  ( 24.00000000000000355, 12.50000000000001776, -6.500000000000000000 ) ) ;
#5667 = ORIENTED_EDGE ( 'NONE', *, *, #8559, .F. ) ;
#5668 = CARTESIAN_POINT ( 'NONE',  ( 25.99999999999999645, 16.00685424949253743, -6.843145750507550140 ) ) ;
#5669 = ORIENTED_EDGE ( 'NONE', *, *, #5923, .T. ) ;
#5670 = VECTOR ( 'NONE', #26, 1000.000000000000000 ) ;
#5671 = AXIS2_PLACEMENT_3D ( 'NONE', #8519, #1371, #2060 ) ;
#5672 = CARTESIAN_POINT ( 'NONE',  ( 11.58728778948666438, 2.499999999999972911, -128.1790850899541852 ) ) ;
#5673 = EDGE_CURVE ( 'NONE', #7372, #2618, #2605, .T. ) ;
#5674 = CARTESIAN_POINT ( 'NONE',  ( -24.38027652740167994, 106.1594656245364661, -12.58338960068406465 ) ) ;
#5675 = ORIENTED_EDGE ( 'NONE', *, *, #8208, .T. ) ;
#5676 = CARTESIAN_POINT ( 'NONE',  ( -29.97941344952035436, 4.163508753540920537, -19.42682971294156857 ) ) ;
#5677 = AXIS2_PLACEMENT_3D ( 'NONE', #8645, #5648, #5698 ) ;
#5678 = CARTESIAN_POINT ( 'NONE',  ( 13.42376207875052252, 80.80934643409020168, -15.65739561406607727 ) ) ;
#5679 = CARTESIAN_POINT ( 'NONE',  ( 18.57654914134644741, 94.44000000000002615, -2.000000000000000000 ) ) ;
#5680 = VERTEX_POINT ( 'NONE', #9058 ) ;
#5681 = CARTESIAN_POINT ( 'NONE',  ( -17.98768373480796257, 67.14209179641811431, -22.99999999999999289 ) ) ;
#5682 = CYLINDRICAL_SURFACE ( 'NONE', #1858, 2.149999999999999023 ) ;
#5683 = ORIENTED_EDGE ( 'NONE', *, *, #8620, .F. ) ;
#5684 = TOROIDAL_SURFACE ( 'NONE', #8832, 9.000000000000001776, 3.000000000000000000 ) ;
#5685 = ORIENTED_EDGE ( 'NONE', *, *, #1645, .F. ) ;
#5686 = CARTESIAN_POINT ( 'NONE',  ( 28.28313082072986973, 12.47659258171090180, -25.50000000000000000 ) ) ;
#5687 = ORIENTED_EDGE ( 'NONE', *, *, #7925, .T. ) ;
#5688 = CARTESIAN_POINT ( 'NONE',  ( -28.00000000000000000, 12.50000000000000888, -12.50000000000000000 ) ) ;
#5689 = CARTESIAN_POINT ( 'NONE',  ( 23.20136883927791871, 12.13762435023988395, -23.44863116072302489 ) ) ;
#5690 = LINE ( 'NONE', #7244, #3665 ) ;
#5691 = ORIENTED_EDGE ( 'NONE', *, *, #1036, .F. ) ;
#5692 = CARTESIAN_POINT ( 'NONE',  ( -29.99999999999999645, 1.689189189189187479, -18.77505933142118622 ) ) ;
#5693 = EDGE_CURVE ( 'NONE', #7290, #321, #4598, .T. ) ;
#5694 = VECTOR ( 'NONE', #6896, 1000.000000000000000 ) ;
#5695 = EDGE_CURVE ( 'NONE', #1522, #3244, #1139, .T. ) ;
#5696 = ORIENTED_EDGE ( 'NONE', *, *, #8132, .F. ) ;
#5697 = CIRCLE ( 'NONE', #6592, 2.149999999999999023 ) ;
#5698 = DIRECTION ( 'NONE',  ( 0.000000000000000000, -1.000000000000000000, 0.000000000000000000 ) ) ;
#5699 = CARTESIAN_POINT ( 'NONE',  ( 58.00000000000002132, 21.55000000000001847, -12.50000000000000000 ) ) ;
#5700 = DIRECTION ( 'NONE',  ( -0.000000000000000000, 1.000000000000000000, 0.000000000000000000 ) ) ;
#5701 = AXIS2_PLACEMENT_3D ( 'NONE', #8514, #7211, #5137 ) ;
#5702 = CIRCLE ( 'NONE', #3734, 2.149999999999997247 ) ;
#5703 = DIRECTION ( 'NONE',  ( -0.000000000000000000, 0.000000000000000000, 1.000000000000000000 ) ) ;
#5704 = ORIENTED_EDGE ( 'NONE', *, *, #3213, .F. ) ;
#5705 = AXIS2_PLACEMENT_3D ( 'NONE', #7675, #7762, #9073 ) ;
#5706 = DIRECTION ( 'NONE',  ( 0.3090169943749471737, 0.000000000000000000, 0.9510565162951536422 ) ) ;
#5707 = ADVANCED_FACE ( 'NONE', ( #8444 ), #8348, .F. ) ;
#5708 = AXIS2_PLACEMENT_3D ( 'NONE', #1489, #8693, #4225 ) ;
#5709 = VECTOR ( 'NONE', #8511, 1000.000000000000000 ) ;
#5710 = CARTESIAN_POINT ( 'NONE',  ( 25.74737230856521464, 104.7903061905773541, -14.32853844558518297 ) ) ;
#5711 =( BOUNDED_CURVE ( )  B_SPLINE_CURVE ( 3, ( #5210, #8069, #3214, #2558 ),
 .UNSPECIFIED., .F., .T. ) 
 B_SPLINE_CURVE_WITH_KNOTS ( ( 4, 4 ),
 ( 2.094395102393194374, 3.141592653589793116 ),
 .UNSPECIFIED. ) 
 CURVE ( )  GEOMETRIC_REPRESENTATION_ITEM ( )  RATIONAL_B_SPLINE_CURVE ( ( 1.000000000000000000, 0.9106836025229588794, 0.9106836025229588794, 1.000000000000000000 ) ) 
 REPRESENTATION_ITEM ( '' )  );
#5712 = AXIS2_PLACEMENT_3D ( 'NONE', #3970, #6903, #5487 ) ;
#5713 = DIRECTION ( 'NONE',  ( -0.000000000000000000, 1.000000000000000000, -0.000000000000000000 ) ) ;
#5714 = CARTESIAN_POINT ( 'NONE',  ( -15.58688103937556235, 96.44000000000002615, -9.000000000000000000 ) ) ;
#5715 = CARTESIAN_POINT ( 'NONE',  ( -8.773401785887983806, 56.29615242270664766, -22.00000000000000355 ) ) ;
#5716 = ORIENTED_EDGE ( 'NONE', *, *, #1004, .F. ) ;
#5717 = CARTESIAN_POINT ( 'NONE',  ( 22.24999999999998579, 113.9403061905773598, -21.59999999999999787 ) ) ;
#5718 = ORIENTED_EDGE ( 'NONE', *, *, #5287, .F. ) ;
#5719 = FACE_OUTER_BOUND ( 'NONE', #5935, .T. ) ;
#5720 = EDGE_LOOP ( 'NONE', ( #5445, #2801, #8047, #6934 ) ) ;
#5721 = AXIS2_PLACEMENT_3D ( 'NONE', #2360, #6001, #8765 ) ;
#5722 = CARTESIAN_POINT ( 'NONE',  ( -37.75000000000000711, 113.9403061905773598, -21.59999999999999787 ) ) ;
#5723 = FACE_OUTER_BOUND ( 'NONE', #5575, .T. ) ;
#5724 = ORIENTED_EDGE ( 'NONE', *, *, #2523, .F. ) ;
#5725 = CARTESIAN_POINT ( 'NONE',  ( -28.58075232248103248, 2.579550015612019465, -20.12580813820688164 ) ) ;
#5726 = DIRECTION ( 'NONE',  ( 1.000000000000000000, 0.000000000000000000, 0.000000000000000000 ) ) ;
#5727 = CARTESIAN_POINT ( 'NONE',  ( -26.00000000000000000, 18.15685424949231219, -18.15685424949224469 ) ) ;
#5728 = CARTESIAN_POINT ( 'NONE',  ( 24.15323872293545193, 4.115660716807926001, -7.054406223364332540 ) ) ;
#5729 = DIRECTION ( 'NONE',  ( -1.734723475976807292E-15, 1.000000000000000000, -0.000000000000000000 ) ) ;
#5730 = ORIENTED_EDGE ( 'NONE', *, *, #1815, .F. ) ;
#5731 = EDGE_CURVE ( 'NONE', #8252, #4864, #4748, .T. ) ;
#5732 = ADVANCED_FACE ( 'NONE', ( #4074 ), #9104, .F. ) ;
#5733 = VECTOR ( 'NONE', #3061, 1000.000000000000114 ) ;
#5734 = ORIENTED_EDGE ( 'NONE', *, *, #3334, .T. ) ;
#5735 = CARTESIAN_POINT ( 'NONE',  ( 17.98768373480796612, 67.14209179641811431, -22.99999999999999289 ) ) ;
#5736 = VERTEX_POINT ( 'NONE', #1247 ) ;
#5737 = CYLINDRICAL_SURFACE ( 'NONE', #7548, 0.8999999999999998002 ) ;
#5738 = CARTESIAN_POINT ( 'NONE',  ( 27.00000000000000000, 12.50000000000001421, -17.50000000000000000 ) ) ;
#5739 = CIRCLE ( 'NONE', #8882, 2.150000000000012790 ) ;
#5740 = ORIENTED_EDGE ( 'NONE', *, *, #6454, .T. ) ;
#5741 = DIRECTION ( 'NONE',  ( 9.912705577010325549E-17, -1.000000000000000000, 0.000000000000000000 ) ) ;
#5742 = DIRECTION ( 'NONE',  ( -0.8090169943749472292, 6.508371548838544909E-17, -0.5877852522924734702 ) ) ;
#5743 = ORIENTED_EDGE ( 'NONE', *, *, #4183, .F. ) ;
#5744 = EDGE_CURVE ( 'NONE', #3828, #8988, #4116, .T. ) ;
#5745 = CARTESIAN_POINT ( 'NONE',  ( -23.10464074086252850, 16.52735410178172870, -22.79240258280907483 ) ) ;
#5746 = VERTEX_POINT ( 'NONE', #4394 ) ;
#5747 = CIRCLE ( 'NONE', #1521, 12.50000000000000000 ) ;
#5748 = DIRECTION ( 'NONE',  ( 1.000000000000000000, 1.360567432138672574E-16, -0.000000000000000000 ) ) ;
#5749 = DIRECTION ( 'NONE',  ( 0.000000000000000000, 1.000000000000000000, 0.000000000000000000 ) ) ;
#5750 = LINE ( 'NONE', #1449, #7662 ) ;
#5751 = EDGE_CURVE ( 'NONE', #3806, #1946, #4079, .T. ) ;
#5752 = FACE_OUTER_BOUND ( 'NONE', #2642, .T. ) ;
#5753 = VERTEX_POINT ( 'NONE', #3642 ) ;
#5754 = CARTESIAN_POINT ( 'NONE',  ( 27.00000000000000000, 1.043560762610397319, -17.50000000000000000 ) ) ;
#5755 = DIRECTION ( 'NONE',  ( -0.000000000000000000, -0.000000000000000000, -1.000000000000000000 ) ) ;
#5756 = CARTESIAN_POINT ( 'NONE',  ( 22.24999999999998579, 113.9403061905773740, -7.599999999999997868 ) ) ;
#5757 = ADVANCED_FACE ( 'NONE', ( #6615 ), #7318, .T. ) ;
#5758 = EDGE_CURVE ( 'NONE', #636, #937, #2481, .T. ) ;
#5759 = DIRECTION ( 'NONE',  ( 1.000000000000000000, 0.000000000000000000, 0.000000000000000000 ) ) ;
#5760 = LINE ( 'NONE', #2061, #227 ) ;
#5761 = EDGE_LOOP ( 'NONE', ( #524, #4687, #1162, #4517 ) ) ;
#5762 = DIRECTION ( 'NONE',  ( -0.8399223068573744566, 0.5427066596637510898, 0.000000000000000000 ) ) ;
#5763 = EDGE_CURVE ( 'NONE', #1412, #7317, #8352, .T. ) ;
#5764 = ORIENTED_EDGE ( 'NONE', *, *, #2910, .F. ) ;
#5765 = FACE_OUTER_BOUND ( 'NONE', #6740, .T. ) ;
#5766 = ORIENTED_EDGE ( 'NONE', *, *, #7670, .F. ) ;
#5767 = DIRECTION ( 'NONE',  ( -0.000000000000000000, -1.000000000000000000, -0.000000000000000000 ) ) ;
#5768 = CARTESIAN_POINT ( 'NONE',  ( -29.99999999999999289, 4.282671997161800803, -19.24075549472537361 ) ) ;
#5769 = EDGE_CURVE ( 'NONE', #6495, #5638, #1438, .T. ) ;
#5770 = DIRECTION ( 'NONE',  ( 0.000000000000000000, 1.000000000000000000, 0.000000000000000000 ) ) ;
#5771 = CARTESIAN_POINT ( 'NONE',  ( -24.90000653653433460, 4.717543072425771200, -7.500000000000001776 ) ) ;
#5772 = ORIENTED_EDGE ( 'NONE', *, *, #2978, .T. ) ;
#5773 = DIRECTION ( 'NONE',  ( -1.000000000000000000, 0.000000000000000000, 0.000000000000000000 ) ) ;
#5774 = DIRECTION ( 'NONE',  ( -0.3090169943749468962, 0.000000000000000000, -0.9510565162951537532 ) ) ;
#5775 = VERTEX_POINT ( 'NONE', #6523 ) ;
#5776 = ORIENTED_EDGE ( 'NONE', *, *, #8467, .F. ) ;
#5777 = CARTESIAN_POINT ( 'NONE',  ( 23.54999999999998295, 113.9403061905773598, -21.59999999999999787 ) ) ;
#5778 = EDGE_CURVE ( 'NONE', #6383, #6329, #82, .T. ) ;
#5779 = ORIENTED_EDGE ( 'NONE', *, *, #2670, .T. ) ;
#5780 = DIRECTION ( 'NONE',  ( 0.000000000000000000, 0.000000000000000000, -1.000000000000000000 ) ) ;
#5781 = CARTESIAN_POINT ( 'NONE',  ( -37.75000000000000711, 106.9403061905773740, -14.59999999999999787 ) ) ;
#5782 = VERTEX_POINT ( 'NONE', #8675 ) ;
#5783 = PLANE ( 'NONE',  #4430 ) ;
#5784 = DIRECTION ( 'NONE',  ( -8.787991997524760300E-17, 3.055260266764806547E-32, -1.000000000000000000 ) ) ;
#5785 = VERTEX_POINT ( 'NONE', #5158 ) ;
#5786 = FACE_OUTER_BOUND ( 'NONE', #2704, .T. ) ;
#5787 = VECTOR ( 'NONE', #2429, 1000.000000000000000 ) ;
#5788 = ORIENTED_EDGE ( 'NONE', *, *, #8714, .F. ) ;
#5789 = FACE_OUTER_BOUND ( 'NONE', #9029, .T. ) ;
#5790 = EDGE_CURVE ( 'NONE', #4819, #1477, #871, .T. ) ;
#5791 = DIRECTION ( 'NONE',  ( -0.8090169943749471182, 6.508371548838544909E-17, -0.5877852522924735812 ) ) ;
#5792 = CIRCLE ( 'NONE', #6393, 1.999999999999998224 ) ;
#5793 = CARTESIAN_POINT ( 'NONE',  ( 43.19558781116748492, 96.44000000000002615, -23.00000000000000000 ) ) ;
#5794 = DIRECTION ( 'NONE',  ( 1.000000000000000000, 1.734723475976807094E-15, -0.000000000000000000 ) ) ;
#5795 = ORIENTED_EDGE ( 'NONE', *, *, #791, .F. ) ;
#5796 = DIRECTION ( 'NONE',  ( -1.000000000000000000, -1.360567432138672574E-16, 0.000000000000000000 ) ) ;
#5797 = VECTOR ( 'NONE', #3696, 1000.000000000000000 ) ;
#5798 = CARTESIAN_POINT ( 'NONE',  ( 12.94814989366370739, 70.39833175440060131, -24.99999999999999289 ) ) ;
#5799 = DIRECTION ( 'NONE',  ( -0.000000000000000000, -0.000000000000000000, -1.000000000000000000 ) ) ;
#5800 = AXIS2_PLACEMENT_3D ( 'NONE', #9151, #514, #3357 ) ;
#5801 = CARTESIAN_POINT ( 'NONE',  ( 28.00000000000000000, 1.043560762610397319, -16.50000000000000000 ) ) ;
#5802 = ORIENTED_EDGE ( 'NONE', *, *, #5089, .F. ) ;
#5803 = AXIS2_PLACEMENT_3D ( 'NONE', #7985, #1619, #4503 ) ;
#5804 = VERTEX_POINT ( 'NONE', #3686 ) ;
#5805 = FACE_OUTER_BOUND ( 'NONE', #5458, .T. ) ;
#5806 = ORIENTED_EDGE ( 'NONE', *, *, #2815, .F. ) ;
#5807 = EDGE_CURVE ( 'NONE', #1274, #7333, #8060, .T. ) ;
#5808 = EDGE_CURVE ( 'NONE', #496, #934, #7928, .T. ) ;
#5809 = AXIS2_PLACEMENT_3D ( 'NONE', #7225, #782, #4343 ) ;
#5810 = CARTESIAN_POINT ( 'NONE',  ( -25.99999999999999645, 13.54999999999986393, -20.49999999999977618 ) ) ;
#5811 = AXIS2_PLACEMENT_3D ( 'NONE', #5589, #1342, #8486 ) ;
#5812 = CARTESIAN_POINT ( 'NONE',  ( -29.52568126005414939, 3.200121955241891136, -21.00056543312326340 ) ) ;
#5813 = CARTESIAN_POINT ( 'NONE',  ( -20.25000000000000000, 113.9403061905773598, -21.59999999999999787 ) ) ;
#5814 = DIRECTION ( 'NONE',  ( 1.000000000000000000, 9.912705577010326782E-17, -0.000000000000000000 ) ) ;
#5815 = ORIENTED_EDGE ( 'NONE', *, *, #939, .T. ) ;
#5816 = CARTESIAN_POINT ( 'NONE',  ( 23.54999999999997229, 117.9400000000001256, -23.73205080756887497 ) ) ;
#5817 = FACE_OUTER_BOUND ( 'NONE', #4896, .T. ) ;
#5818 = ORIENTED_EDGE ( 'NONE', *, *, #3762, .T. ) ;
#5819 = AXIS2_PLACEMENT_3D ( 'NONE', #3046, #8278, #7536 ) ;
#5820 = AXIS2_PLACEMENT_3D ( 'NONE', #1737, #8153, #3164 ) ;
#5821 = ORIENTED_EDGE ( 'NONE', *, *, #9076, .F. ) ;
#5822 = EDGE_CURVE ( 'NONE', #989, #8526, #4327, .T. ) ;
#5823 = VERTEX_POINT ( 'NONE', #43 ) ;
#5824 = DIRECTION ( 'NONE',  ( 1.000000000000000000, 1.734723475976807292E-15, -8.787991997524760300E-17 ) ) ;
#5825 = AXIS2_PLACEMENT_3D ( 'NONE', #7089, #4248, #3398 ) ;
#5826 = ORIENTED_EDGE ( 'NONE', *, *, #5778, .F. ) ;
#5827 = DIRECTION ( 'NONE',  ( -1.734723475976807292E-15, 1.000000000000000000, -0.000000000000000000 ) ) ;
#5828 = CARTESIAN_POINT ( 'NONE',  ( -25.99999999999999645, 20.50000000000000000, -12.50000000000000000 ) ) ;
#5829 = ORIENTED_EDGE ( 'NONE', *, *, #5015, .F. ) ;
#5830 = CARTESIAN_POINT ( 'NONE',  ( 27.99999999999998934, 2.499999999999974243, -128.1790850899541852 ) ) ;
#5831 = DIRECTION ( 'NONE',  ( -1.000000000000000000, 0.000000000000000000, 0.000000000000000000 ) ) ;
#5832 = EDGE_LOOP ( 'NONE', ( #8746, #5984, #8728, #744 ) ) ;
#5833 = DIRECTION ( 'NONE',  ( 0.000000000000000000, -0.000000000000000000, -1.000000000000000000 ) ) ;
#5834 = CIRCLE ( 'NONE', #1901, 4.000000000000000000 ) ;
#5835 = EDGE_CURVE ( 'NONE', #6219, #5404, #7760, .T. ) ;
#5836 = VERTEX_POINT ( 'NONE', #5064 ) ;
#5837 = FACE_OUTER_BOUND ( 'NONE', #5532, .T. ) ;
#5838 = DIRECTION ( 'NONE',  ( -0.5427066596637477591, -0.8399223068573764550, 0.000000000000000000 ) ) ;
#5839 = PERSON_AND_ORGANIZATION_ROLE ( 'creator' ) ;
#5840 = CIRCLE ( 'NONE', #1614, 6.000000000000000000 ) ;
#5841 = CARTESIAN_POINT ( 'NONE',  ( -23.99999999999999289, 19.45000000000000639, -12.50000000000000000 ) ) ;
#5842 = VERTEX_POINT ( 'NONE', #7232 ) ;
#5843 = CARTESIAN_POINT ( 'NONE',  ( -29.99999999999999645, 12.50000000000022027, -4.499999999999771738 ) ) ;
#5844 = EDGE_CURVE ( 'NONE', #9184, #6897, #7552, .T. ) ;
#5845 = EDGE_CURVE ( 'NONE', #7611, #5509, #4903, .T. ) ;
#5846 = CARTESIAN_POINT ( 'NONE',  ( 23.58866783693174796, 108.3007942474514778, -12.92988405567795240 ) ) ;
#5847 = AXIS2_PLACEMENT_3D ( 'NONE', #3621, #4994, #104 ) ;
#5848 = AXIS2_PLACEMENT_3D ( 'NONE', #2348, #4471, #7351 ) ;
#5849 = CARTESIAN_POINT ( 'NONE',  ( 20.25000000000000000, 104.4400000000000261, -24.99999999999999289 ) ) ;
#5850 = CIRCLE ( 'NONE', #1185, 1.999999999999998224 ) ;
#5851 = CARTESIAN_POINT ( 'NONE',  ( 28.78369572216469763, 1.879162068284428111, -18.79543064681622155 ) ) ;
#5852 = ORIENTED_EDGE ( 'NONE', *, *, #190, .F. ) ;
#5853 = CYLINDRICAL_SURFACE ( 'NONE', #7045, 2.150000000000012790 ) ;
#5854 = EDGE_LOOP ( 'NONE', ( #8929, #8119, #4258, #6665 ) ) ;
#5855 = AXIS2_PLACEMENT_3D ( 'NONE', #9211, #5833, #801 ) ;
#5856 = CARTESIAN_POINT ( 'NONE',  ( -23.00000000000000000, 1.043560762610397319, -17.50000000000000000 ) ) ;
#5857 = AXIS2_PLACEMENT_3D ( 'NONE', #6261, #6883, #1083 ) ;
#5858 = ORIENTED_EDGE ( 'NONE', *, *, #807, .T. ) ;
#5859 = DIRECTION ( 'NONE',  ( 0.000000000000000000, -0.000000000000000000, -1.000000000000000000 ) ) ;
#5860 = CARTESIAN_POINT ( 'NONE',  ( -29.95214785710387773, 4.060524879500474249, -19.91934692885654812 ) ) ;
#5861 = CARTESIAN_POINT ( 'NONE',  ( 20.25000000000000355, 113.9403061905773598, -21.59999999999999787 ) ) ;
#5862 = CARTESIAN_POINT ( 'NONE',  ( -24.99999999999999645, 12.50000000000000888, -6.500000000000000000 ) ) ;
#5863 = ADVANCED_FACE ( 'NONE', ( #8248 ), #4802, .T. ) ;
#5864 = EDGE_LOOP ( 'NONE', ( #7557, #7614, #5112, #7231 ) ) ;
#5865 = EDGE_CURVE ( 'NONE', #914, #4284, #3782, .T. ) ;
#5866 = DIRECTION ( 'NONE',  ( 0.000000000000000000, 1.000000000000000000, 0.000000000000000000 ) ) ;
#5867 = CARTESIAN_POINT ( 'NONE',  ( -24.00000000000000000, 49.81447292170534524, -2.000000000000001776 ) ) ;
#5868 = EDGE_LOOP ( 'NONE', ( #9024, #3470, #4800, #3880 ) ) ;
#5869 = CIRCLE ( 'NONE', #470, 1.000000000000000000 ) ;
#5870 = AXIS2_PLACEMENT_3D ( 'NONE', #4160, #5540, #3402 ) ;
#5871 = ORIENTED_EDGE ( 'NONE', *, *, #88, .T. ) ;
#5872 = VERTEX_POINT ( 'NONE', #4623 ) ;
#5873 = DIRECTION ( 'NONE',  ( 9.912705577010326782E-17, -1.000000000000000000, 0.000000000000000000 ) ) ;
#5874 = CARTESIAN_POINT ( 'NONE',  ( -21.55000000000002558, 117.9399999999999977, -25.00000000000000000 ) ) ;
#5875 = DIRECTION ( 'NONE',  ( 1.000000000000000000, -0.000000000000000000, -0.000000000000000000 ) ) ;
#5876 = EDGE_CURVE ( 'NONE', #9106, #5464, #8293, .T. ) ;
#5877 = ORIENTED_EDGE ( 'NONE', *, *, #839, .F. ) ;
#5878 = EDGE_CURVE ( 'NONE', #6603, #9063, #920, .T. ) ;
#5879 = DIRECTION ( 'NONE',  ( 0.000000000000000000, 0.000000000000000000, -1.000000000000000000 ) ) ;
#5880 = DIRECTION ( 'NONE',  ( 0.000000000000000000, 0.000000000000000000, 1.000000000000000000 ) ) ;
#5881 = ORIENTED_EDGE ( 'NONE', *, *, #217, .F. ) ;
#5882 = AXIS2_PLACEMENT_3D ( 'NONE', #7313, #8764, #8901 ) ;
#5883 = EDGE_CURVE ( 'NONE', #3244, #222, #1835, .T. ) ;
#5884 = ORIENTED_EDGE ( 'NONE', *, *, #2200, .F. ) ;
#5885 = FACE_BOUND ( 'NONE', #962, .T. ) ;
#5886 = AXIS2_PLACEMENT_3D ( 'NONE', #7870, #6474, #1416 ) ;
#5887 = ORIENTED_EDGE ( 'NONE', *, *, #9245, .T. ) ;
#5888 = CARTESIAN_POINT ( 'NONE',  ( 27.99999999999998934, -3.499999999999994227, -21.78708781050336896 ) ) ;
#5889 = VERTEX_POINT ( 'NONE', #6661 ) ;
#5890 = VECTOR ( 'NONE', #2629, 1000.000000000000000 ) ;
#5891 = LINE ( 'NONE', #7214, #7098 ) ;
#5892 = DIRECTION ( 'NONE',  ( -1.000000000000000000, 1.541976423090495387E-16, 0.000000000000000000 ) ) ;
#5893 = DIRECTION ( 'NONE',  ( 0.000000000000000000, -1.000000000000000000, 0.000000000000000000 ) ) ;
#5894 = DIRECTION ( 'NONE',  ( 1.613696256722601693E-15, -1.000000000000000000, 0.000000000000000000 ) ) ;
#5895 = EDGE_CURVE ( 'NONE', #4697, #5314, #8863, .T. ) ;
#5896 = CARTESIAN_POINT ( 'NONE',  ( -29.99999999999999645, 10.11477641198446165, -25.50000000000000355 ) ) ;
#5897 = EDGE_LOOP ( 'NONE', ( #3170, #5625, #8084, #9241 ) ) ;
#5898 = DIRECTION ( 'NONE',  ( 0.000000000000000000, 0.000000000000000000, 1.000000000000000000 ) ) ;
#5899 = ORIENTED_EDGE ( 'NONE', *, *, #7823, .F. ) ;
#5900 = CYLINDRICAL_SURFACE ( 'NONE', #6333, 2.149999999999999023 ) ;
#5901 = ORIENTED_EDGE ( 'NONE', *, *, #8752, .T. ) ;
#5902 = CARTESIAN_POINT ( 'NONE',  ( -27.00000000000000000, 12.50000000000000888, -16.50000000000000000 ) ) ;
#5903 = LINE ( 'NONE', #7450, #3458 ) ;
#5904 = EDGE_CURVE ( 'NONE', #113, #1030, #3593, .T. ) ;
#5905 = CARTESIAN_POINT ( 'NONE',  ( 14.24999999999978861, 104.4400000000000261, -13.11449676604731174 ) ) ;
#5906 = DIRECTION ( 'NONE',  ( -0.5427066596637512008, -0.8399223068573745676, -0.000000000000000000 ) ) ;
#5907 = LINE ( 'NONE', #8766, #6170 ) ;
#5908 = ORIENTED_EDGE ( 'NONE', *, *, #3199, .T. ) ;
#5909 = DIRECTION ( 'NONE',  ( -1.000000000000000000, -1.892425610156517122E-16, -0.000000000000000000 ) ) ;
#5910 = DIRECTION ( 'NONE',  ( -1.000000000000000000, 1.541976423090495387E-16, 0.000000000000000000 ) ) ;
#5911 = ORIENTED_EDGE ( 'NONE', *, *, #8076, .T. ) ;
#5912 = ORIENTED_EDGE ( 'NONE', *, *, #7589, .T. ) ;
#5913 = ORIENTED_EDGE ( 'NONE', *, *, #5122, .T. ) ;
#5914 = CARTESIAN_POINT ( 'NONE',  ( 8.586881039375148461, 104.4400000000000261, -9.000000000000001776 ) ) ;
#5915 = DIRECTION ( 'NONE',  ( -1.000000000000000000, -1.892425610156517122E-16, -0.000000000000000000 ) ) ;
#5916 = CARTESIAN_POINT ( 'NONE',  ( 23.55621953326553353, 108.6711834140157862, -15.88241610688538508 ) ) ;
#5917 = DIRECTION ( 'NONE',  ( 0.8399223068573747897, 0.5427066596637507567, 0.000000000000000000 ) ) ;
#5918 = ORIENTED_EDGE ( 'NONE', *, *, #7540, .F. ) ;
#5919 = FACE_OUTER_BOUND ( 'NONE', #8681, .T. ) ;
#5920 = DIRECTION ( 'NONE',  ( 0.4999999999999987232, 0.8660254037844393737, 0.000000000000000000 ) ) ;
#5921 = ORIENTED_EDGE ( 'NONE', *, *, #8852, .T. ) ;
#5922 = ORIENTED_EDGE ( 'NONE', *, *, #5580, .T. ) ;
#5923 = EDGE_CURVE ( 'NONE', #7884, #5753, #6708, .T. ) ;
#5924 = ADVANCED_FACE ( 'NONE', ( #220 ), #1008, .F. ) ;
#5925 = DIRECTION ( 'NONE',  ( 0.000000000000000000, 0.000000000000000000, 1.000000000000000000 ) ) ;
#5926 = ORIENTED_EDGE ( 'NONE', *, *, #4953, .T. ) ;
#5927 = EDGE_CURVE ( 'NONE', #6926, #6572, #3725, .T. ) ;
#5928 = COORDINATED_UNIVERSAL_TIME_OFFSET ( 8, 0, .AHEAD. ) ;
#5929 = CARTESIAN_POINT ( 'NONE',  ( 20.24999999999995737, 104.4400000000000261, -15.65739561406606661 ) ) ;
#5930 = CIRCLE ( 'NONE', #3215, 9.000000000000001776 ) ;
#5931 = CARTESIAN_POINT ( 'NONE',  ( -16.57654914134644741, 98.44000000000002615, -25.00000000000000000 ) ) ;
#5932 = EDGE_LOOP ( 'NONE', ( #5956, #3468, #1505, #1582 ) ) ;
#5933 = DIRECTION ( 'NONE',  ( 0.000000000000000000, -0.000000000000000000, 1.000000000000000000 ) ) ;
#5934 = VERTEX_POINT ( 'NONE', #6090 ) ;
#5935 = EDGE_LOOP ( 'NONE', ( #2206, #5460, #7679, #6694, #7747 ) ) ;
#5936 = ADVANCED_FACE ( 'NONE', ( #4674 ), #6437, .T. ) ;
#5937 = CARTESIAN_POINT ( 'NONE',  ( 12.08688103937515734, 96.44000000000002615, -19.77189238011338546 ) ) ;
#5938 = CARTESIAN_POINT ( 'NONE',  ( -24.15323872293286911, 4.115660716807703956, -17.94559377664000976 ) ) ;
#5939 = CARTESIAN_POINT ( 'NONE',  ( 24.00000000000000355, 49.81447292170534524, -2.000000000000001776 ) ) ;
#5940 = DIRECTION ( 'NONE',  ( -1.000000000000000000, -1.892425610156517122E-16, -0.000000000000000000 ) ) ;
#5941 = VERTEX_POINT ( 'NONE', #5294 ) ;
#5942 = DIRECTION ( 'NONE',  ( -0.8660254037844399289, 0.4999999999999980571, 0.000000000000000000 ) ) ;
#5943 = VERTEX_POINT ( 'NONE', #8948 ) ;
#5944 = AXIS2_PLACEMENT_3D ( 'NONE', #878, #6759, #1653 ) ;
#5945 = DIRECTION ( 'NONE',  ( 0.9444791243466051922, 0.3285714285714296801, 0.000000000000000000 ) ) ;
#5946 = EDGE_CURVE ( 'NONE', #2040, #1931, #1739, .T. ) ;
#5947 = DIRECTION ( 'NONE',  ( 0.000000000000000000, 0.000000000000000000, 1.000000000000000000 ) ) ;
#5948 = VECTOR ( 'NONE', #8769, 1000.000000000000000 ) ;
#5949 = CARTESIAN_POINT ( 'NONE',  ( -23.55000000000002203, 117.9400000000000404, -1.267949192431121697 ) ) ;
#5950 = CIRCLE ( 'NONE', #6704, 10.15000000000000036 ) ;
#5951 = CYLINDRICAL_SURFACE ( 'NONE', #7169, 5.000000000000000888 ) ;
#5952 = CARTESIAN_POINT ( 'NONE',  ( -23.99999999999999645, 4.266930168246926058, -6.563232600190316290 ) ) ;
#5953 = ORIENTED_EDGE ( 'NONE', *, *, #2337, .T. ) ;
#5954 = CARTESIAN_POINT ( 'NONE',  ( 20.25000000000000000, 118.9400000000000261, -24.99999999999999289 ) ) ;
#5955 = CARTESIAN_POINT ( 'NONE',  ( 24.00000000000000711, 18.15685424949230153, -18.15685424949224469 ) ) ;
#5956 = ORIENTED_EDGE ( 'NONE', *, *, #815, .F. ) ;
#5957 = ORIENTED_EDGE ( 'NONE', *, *, #4913, .T. ) ;
#5958 = CIRCLE ( 'NONE', #3081, 1.999999999999998224 ) ;
#5959 = EDGE_CURVE ( 'NONE', #9093, #4224, #4024, .T. ) ;
#5960 = ORIENTED_EDGE ( 'NONE', *, *, #6668, .T. ) ;
#5961 = CARTESIAN_POINT ( 'NONE',  ( -28.00000000000000000, 16.50000000000001066, -12.50000000000000000 ) ) ;
#5962 = FACE_OUTER_BOUND ( 'NONE', #4399, .T. ) ;
#5963 = DIRECTION ( 'NONE',  ( 0.000000000000000000, -1.000000000000000000, 0.000000000000000000 ) ) ;
#5964 = VECTOR ( 'NONE', #915, 1000.000000000000000 ) ;
#5965 = DIRECTION ( 'NONE',  ( 0.000000000000000000, -0.000000000000000000, -1.000000000000000000 ) ) ;
#5966 = DIRECTION ( 'NONE',  ( -1.000000000000000000, 0.000000000000000000, 0.000000000000000000 ) ) ;
#5968 = VERTEX_POINT ( 'NONE', #1787 ) ;
#5967 = AXIS2_PLACEMENT_3D ( 'NONE', #4195, #4904, #5435 ) ;
#5969 = CARTESIAN_POINT ( 'NONE',  ( 27.00000000000000000, 12.50000000000001421, -16.50000000000000000 ) ) ;
#5970 = CARTESIAN_POINT ( 'NONE',  ( -24.38007653009867681, 106.1596862681114999, -16.61678359235673241 ) ) ;
#5971 = ORIENTED_EDGE ( 'NONE', *, *, #3774, .T. ) ;
#5972 = CARTESIAN_POINT ( 'NONE',  ( -23.99999999999999645, 4.313272937247765171, -6.500000000000000000 ) ) ;
#5973 = AXIS2_PLACEMENT_3D ( 'NONE', #4711, #1136, #5474 ) ;
#5974 = ORIENTED_EDGE ( 'NONE', *, *, #8560, .T. ) ;
#5975 = FACE_OUTER_BOUND ( 'NONE', #2095, .T. ) ;
#5976 = ORIENTED_EDGE ( 'NONE', *, *, #4080, .F. ) ;
#5977 = APPROVAL_DATE_TIME ( #289, #8682 ) ;
#5978 = CARTESIAN_POINT ( 'NONE',  ( 29.60820733274361061, 3.303997789670205520, -20.87779196410549076 ) ) ;
#5979 = EDGE_CURVE ( 'NONE', #3191, #4849, #3253, .T. ) ;
#5980 = EDGE_CURVE ( 'NONE', #3633, #1274, #2363, .T. ) ;
#5981 = FACE_OUTER_BOUND ( 'NONE', #7060, .T. ) ;
#5982 = ORIENTED_EDGE ( 'NONE', *, *, #3956, .F. ) ;
#5983 = DIRECTION ( 'NONE',  ( 1.000000000000000000, 0.000000000000000000, 0.000000000000000000 ) ) ;
#5984 = ORIENTED_EDGE ( 'NONE', *, *, #143, .T. ) ;
#5985 = AXIS2_PLACEMENT_3D ( 'NONE', #4550, #4694, #8311 ) ;
#5986 = DIRECTION ( 'NONE',  ( 2.775557561562890858E-16, 1.000000000000000000, 0.000000000000000000 ) ) ;
#5987 = CYLINDRICAL_SURFACE ( 'NONE', #298, 5.999999999999998224 ) ;
#5988 = CARTESIAN_POINT ( 'NONE',  ( -26.00000000000000000, 16.00685424949254809, -6.843145750507550140 ) ) ;
#5989 = VECTOR ( 'NONE', #5284, 1000.000000000000000 ) ;
#5990 = DIRECTION ( 'NONE',  ( 0.000000000000000000, -1.829999629156732544E-31, 1.000000000000000000 ) ) ;
#5991 = EDGE_CURVE ( 'NONE', #3008, #2383, #3089, .T. ) ;
#5992 = CARTESIAN_POINT ( 'NONE',  ( -22.55000000000001847, 118.9400000000000261, -128.1790850899541852 ) ) ;
#5993 = VERTEX_POINT ( 'NONE', #2549 ) ;
#5994 = DIRECTION ( 'NONE',  ( -1.541976423090495387E-16, 1.000000000000000000, 0.000000000000000000 ) ) ;
#5995 = EDGE_CURVE ( 'NONE', #7470, #375, #134, .T. ) ;
#5996 = CIRCLE ( 'NONE', #1910, 5.999999999999998224 ) ;
#5997 = CIRCLE ( 'NONE', #8096, 1.049999999999998934 ) ;
#5998 = DIRECTION ( 'NONE',  ( -0.3090169943749484505, 0.000000000000000000, 0.9510565162951531981 ) ) ;
#5999 = CARTESIAN_POINT ( 'NONE',  ( 23.54999999999997939, 116.0903061905773654, -21.59999999999999787 ) ) ;
#6000 = CARTESIAN_POINT ( 'NONE',  ( -19.99999999999998934, 49.81447292170534524, -24.99999999999999289 ) ) ;
#6001 = DIRECTION ( 'NONE',  ( 1.000000000000000000, 1.734723475976807292E-15, -8.787991997524760300E-17 ) ) ;
#6002 = VECTOR ( 'NONE', #8315, 1000.000000000000000 ) ;
#6003 = AXIS2_PLACEMENT_3D ( 'NONE', #7772, #27, #5047 ) ;
#6004 = DIRECTION ( 'NONE',  ( -9.912705577010326782E-17, 1.000000000000000000, 0.000000000000000000 ) ) ;
#6005 = DIRECTION ( 'NONE',  ( 1.000000000000000000, -0.000000000000000000, -0.000000000000000000 ) ) ;
#6006 = ORIENTED_EDGE ( 'NONE', *, *, #6940, .F. ) ;
#6007 = FACE_OUTER_BOUND ( 'NONE', #4403, .T. ) ;
#6008 = EDGE_LOOP ( 'NONE', ( #204, #2362, #5617, #3462 ) ) ;
#6009 = VECTOR ( 'NONE', #4093, 1000.000000000000000 ) ;
#6010 = ORIENTED_EDGE ( 'NONE', *, *, #1824, .F. ) ;
#6011 = DIRECTION ( 'NONE',  ( 0.8660254037844399289, 0.4999999999999978351, 0.000000000000000000 ) ) ;
#6012 = VECTOR ( 'NONE', #3872, 1000.000000000000227 ) ;
#6013 = AXIS2_PLACEMENT_3D ( 'NONE', #61, #7159, #3568 ) ;
#6014 = DIRECTION ( 'NONE',  ( -0.000000000000000000, 0.000000000000000000, 1.000000000000000000 ) ) ;
#6015 = CARTESIAN_POINT ( 'NONE',  ( 20.25000000000000000, 104.4400000000000261, -66.28256290493601455 ) ) ;
#6016 =( BOUNDED_CURVE ( )  B_SPLINE_CURVE ( 3, ( #4962, #5100, #2878, #7173 ),
 .UNSPECIFIED., .F., .T. ) 
 B_SPLINE_CURVE_WITH_KNOTS ( ( 4, 4 ),
 ( 3.141592653589792228, 4.712388980384694115 ),
 .UNSPECIFIED. ) 
 CURVE ( )  GEOMETRIC_REPRESENTATION_ITEM ( )  RATIONAL_B_SPLINE_CURVE ( ( 1.000000000000000000, 0.8047378541243637162, 0.8047378541243637162, 1.000000000000000000 ) ) 
 REPRESENTATION_ITEM ( '' )  );
#6017 = DIRECTION ( 'NONE',  ( 1.000000000000000000, 0.000000000000000000, 0.000000000000000000 ) ) ;
#6018 = DIRECTION ( 'NONE',  ( 0.000000000000000000, -1.000000000000000000, 0.000000000000000000 ) ) ;
#6019 = ORIENTED_EDGE ( 'NONE', *, *, #7101, .T. ) ;
#6020 = ADVANCED_FACE ( 'NONE', ( #1326 ), #8381, .T. ) ;
#6021 = CARTESIAN_POINT ( 'NONE',  ( 27.99999999999998934, -5.314665783094429971E-15, 0.000000000000000000 ) ) ;
#6022 = CARTESIAN_POINT ( 'NONE',  ( -24.98966240773260949, 105.4144634681975106, -16.13073420539002711 ) ) ;
#6023 = ORIENTED_EDGE ( 'NONE', *, *, #1541, .F. ) ;
#6024 = ORIENTED_EDGE ( 'NONE', *, *, #8132, .T. ) ;
#6025 = CARTESIAN_POINT ( 'NONE',  ( -28.63339045610537781, 1.808059705224700497, -18.78765799764029509 ) ) ;
#6026 = ORIENTED_EDGE ( 'NONE', *, *, #131, .T. ) ;
#6027 = DATE_AND_TIME ( #5272, #1198 ) ;
#6028 = EDGE_CURVE ( 'NONE', #9176, #237, #1904, .T. ) ;
#6029 = CARTESIAN_POINT ( 'NONE',  ( 28.00000000000000000, 35.00000000000000000, -17.50000000000000000 ) ) ;
#6030 = LINE ( 'NONE', #3759, #3125 ) ;
#6031 = ORIENTED_EDGE ( 'NONE', *, *, #1829, .F. ) ;
#6032 = CARTESIAN_POINT ( 'NONE',  ( -24.99999999999999645, 12.50000000000001066, -18.50000000000000355 ) ) ;
#6033 = VERTEX_POINT ( 'NONE', #459 ) ;
#6034 = VECTOR ( 'NONE', #6337, 1000.000000000000114 ) ;
#6035 = ADVANCED_FACE ( 'NONE', ( #9045 ), #635, .F. ) ;
#6036 = CARTESIAN_POINT ( 'NONE',  ( 22.24999999999998579, 113.9403061905773740, -6.699999999999990408 ) ) ;
#6037 = CARTESIAN_POINT ( 'NONE',  ( -23.99999999999998934, 4.220646418681444523, -18.37361532895409866 ) ) ;
#6038 = LINE ( 'NONE', #8893, #4645 ) ;
#6039 = DIRECTION ( 'NONE',  ( -1.000000000000000000, 1.541976423090495387E-16, 0.000000000000000000 ) ) ;
#6040 = AXIS2_PLACEMENT_3D ( 'NONE', #4476, #5104, #7223 ) ;
#6041 = FACE_OUTER_BOUND ( 'NONE', #9190, .T. ) ;
#6042 = EDGE_LOOP ( 'NONE', ( #7099, #2011, #1389, #7919 ) ) ;
#6043 = DIRECTION ( 'NONE',  ( 1.000000000000000000, -0.000000000000000000, -0.000000000000000000 ) ) ;
#6044 = B_SPLINE_CURVE_WITH_KNOTS ( 'NONE', 3,
 ( #565, #5689, #3464, #4222, #4984, #6301 ),
 .UNSPECIFIED., .F., .F.,
 ( 4, 2, 4 ),
 ( 0.001326724583858544240, 0.002423488807820966921, 0.003520253031783389386 ),
 .UNSPECIFIED. ) ;
#6045 = ADVANCED_FACE ( 'NONE', ( #1143 ), #2013, .F. ) ;
#6046 = DIRECTION ( 'NONE',  ( -0.5877852522924735812, 0.000000000000000000, 0.8090169943749471182 ) ) ;
#6047 = AXIS2_PLACEMENT_3D ( 'NONE', #9178, #4187, #1181 ) ;
#6048 = EDGE_CURVE ( 'NONE', #5033, #3533, #4198, .T. ) ;
#6049 = CARTESIAN_POINT ( 'NONE',  ( -28.00000000000000000, 2.499999999999976463, -20.17194210432892376 ) ) ;
#6050 = CARTESIAN_POINT ( 'NONE',  ( -29.99999999999999645, 13.82287565553229314, -23.00000000000000000 ) ) ;
#6051 = DIRECTION ( 'NONE',  ( -1.000000000000000000, -9.912705577010326782E-17, 0.000000000000000000 ) ) ;
#6052 = DIRECTION ( 'NONE',  ( -0.000000000000000000, 0.000000000000000000, 1.000000000000000000 ) ) ;
#6053 = DIRECTION ( 'NONE',  ( 0.8660254037844399289, 0.4999999999999980571, 0.000000000000000000 ) ) ;
#6054 = ORIENTED_EDGE ( 'NONE', *, *, #815, .T. ) ;
#6055 = CARTESIAN_POINT ( 'NONE',  ( 58.00000000000002132, 20.50000000000001776, -12.50000000000000000 ) ) ;
#6056 = ORIENTED_EDGE ( 'NONE', *, *, #1592, .T. ) ;
#6057 = ORIENTED_EDGE ( 'NONE', *, *, #8930, .F. ) ;
#6058 = DIRECTION ( 'NONE',  ( 0.5427066596637503126, -0.8399223068573747897, 0.000000000000000000 ) ) ;
#6059 = CARTESIAN_POINT ( 'NONE',  ( -23.43096057193652015, 2.621267816512359516, -7.500000000000001776 ) ) ;
#6060 = DIRECTION ( 'NONE',  ( -0.000000000000000000, 0.000000000000000000, 1.000000000000000000 ) ) ;
#6061 = CARTESIAN_POINT ( 'NONE',  ( 24.61623764195452324, 1.397533019444620050, -7.500000000000007105 ) ) ;
#6062 = CYLINDRICAL_SURFACE ( 'NONE', #2329, 6.000000000000000000 ) ;
#6063 = ORIENTED_EDGE ( 'NONE', *, *, #8505, .F. ) ;
#6064 = CYLINDRICAL_SURFACE ( 'NONE', #8041, 2.000000000000000000 ) ;
#6065 = CARTESIAN_POINT ( 'NONE',  ( -25.74737230856512937, 104.7903061905773541, -14.59999999999999432 ) ) ;
#6066 = ORIENTED_EDGE ( 'NONE', *, *, #4061, .F. ) ;
#6067 = DIRECTION ( 'NONE',  ( -0.000000000000000000, 1.000000000000000000, -0.000000000000000000 ) ) ;
#6068 = CARTESIAN_POINT ( 'NONE',  ( -29.41055790643313017, 2.388895982315882627, -18.85816691471197970 ) ) ;
#6069 = EDGE_CURVE ( 'NONE', #1303, #5309, #8147, .T. ) ;
#6070 = EDGE_LOOP ( 'NONE', ( #4115, #6736, #7277, #6392 ) ) ;
#6071 = DIRECTION ( 'NONE',  ( 0.000000000000000000, 0.000000000000000000, 1.000000000000000000 ) ) ;
#6072 = CARTESIAN_POINT ( 'NONE',  ( 28.00000000000000000, 35.00000000000000000, -7.500000000000007105 ) ) ;
#6073 = ORIENTED_EDGE ( 'NONE', *, *, #9068, .T. ) ;
#6074 = ORIENTED_EDGE ( 'NONE', *, *, #238, .F. ) ;
#6075 = EDGE_CURVE ( 'NONE', #1698, #3605, #7082, .T. ) ;
#6076 = ADVANCED_FACE ( 'NONE', ( #3487 ), #8472, .T. ) ;
#6077 = CYLINDRICAL_SURFACE ( 'NONE', #3852, 2.149999999999999023 ) ;
#6078 = DIRECTION ( 'NONE',  ( -1.000000000000000000, 0.000000000000000000, -8.019547272036674401E-16 ) ) ;
#6079 = CARTESIAN_POINT ( 'NONE',  ( 26.25000000000000355, 102.3196380149609865, 0.000000000000000000 ) ) ;
#6080 = CYLINDRICAL_SURFACE ( 'NONE', #7749, 2.149999999999999023 ) ;
#6081 = CARTESIAN_POINT ( 'NONE',  ( -25.99999999999999645, 14.64999999999987956, -20.49999999999977618 ) ) ;
#6082 = VERTEX_POINT ( 'NONE', #2592 ) ;
#6083 = DIRECTION ( 'NONE',  ( 1.000000000000000000, 0.000000000000000000, 0.000000000000000000 ) ) ;
#6084 = CIRCLE ( 'NONE', #381, 3.000000000000001332 ) ;
#6085 = DIRECTION ( 'NONE',  ( 1.000000000000000000, 1.734723475976807292E-15, -0.000000000000000000 ) ) ;
#6086 = DIRECTION ( 'NONE',  ( 1.000000000000000000, 0.000000000000000000, 0.000000000000000000 ) ) ;
#6087 = AXIS2_PLACEMENT_3D ( 'NONE', #4783, #7742, #7049 ) ;
#6088 = CARTESIAN_POINT ( 'NONE',  ( -23.99999999999999289, 21.55000000000000426, -12.50000000000000000 ) ) ;
#6089 = CARTESIAN_POINT ( 'NONE',  ( 23.54999999999997939, 115.5720230777854454, -23.00000000000000000 ) ) ;
#6090 = CARTESIAN_POINT ( 'NONE',  ( -23.55000000000001492, 111.7903061905773541, -21.59999999999999787 ) ) ;
#6091 = LINE ( 'NONE', #3873, #8190 ) ;
#6092 = ORIENTED_EDGE ( 'NONE', *, *, #5731, .F. ) ;
#6093 = EDGE_CURVE ( 'NONE', #7220, #6317, #5619, .T. ) ;
#6094 = FACE_OUTER_BOUND ( 'NONE', #2756, .T. ) ;
#6095 = EDGE_CURVE ( 'NONE', #2713, #6601, #2967, .T. ) ;
#6096 = VERTEX_POINT ( 'NONE', #3391 ) ;
#6097 = VECTOR ( 'NONE', #7379, 1000.000000000000114 ) ;
#6098 = ORIENTED_EDGE ( 'NONE', *, *, #6512, .F. ) ;
#6099 = LINE ( 'NONE', #4682, #6110 ) ;
#6100 = CIRCLE ( 'NONE', #2012, 1.049999999999998934 ) ;
#6101 = CARTESIAN_POINT ( 'NONE',  ( -27.99478144879476460, 18.08852343133674623, -23.00000000000000000 ) ) ;
#6102 = CYLINDRICAL_SURFACE ( 'NONE', #1490, 1.000000000000000000 ) ;
#6103 = DIRECTION ( 'NONE',  ( 0.000000000000000000, -1.000000000000000000, 0.000000000000000000 ) ) ;
#6104 = CARTESIAN_POINT ( 'NONE',  ( 5.773401785888007787, 51.10000000000000853, -22.00000000000000711 ) ) ;
#6105 = CARTESIAN_POINT ( 'NONE',  ( 19.93623836877596034, 92.26917336134502534, 0.000000000000000000 ) ) ;
#6106 = ORIENTED_EDGE ( 'NONE', *, *, #3027, .F. ) ;
#6107 = DIRECTION ( 'NONE',  ( 1.000000000000000000, 0.000000000000000000, 0.000000000000000000 ) ) ;
#6108 = CARTESIAN_POINT ( 'NONE',  ( -24.00000000000000000, 49.81447292170534524, 0.000000000000000000 ) ) ;
#6109 = VERTEX_POINT ( 'NONE', #5666 ) ;
#6110 = VECTOR ( 'NONE', #8822, 1000.000000000000000 ) ;
#6111 = AXIS2_PLACEMENT_3D ( 'NONE', #3220, #1848, #3270 ) ;
#6112 = DIRECTION ( 'NONE',  ( -1.000000000000000000, -1.360567432138672574E-16, 0.000000000000000000 ) ) ;
#6113 = EDGE_CURVE ( 'NONE', #7242, #6481, #1178, .T. ) ;
#6114 = EDGE_LOOP ( 'NONE', ( #7263, #4659, #3259, #3129 ) ) ;
#6115 = CARTESIAN_POINT ( 'NONE',  ( -28.32511276170469472, 1.714014500977089295, -18.77758570498155422 ) ) ;
#6116 = AXIS2_PLACEMENT_3D ( 'NONE', #539, #1233, #1322 ) ;
#6117 = VERTEX_POINT ( 'NONE', #7262 ) ;
#6118 = LINE ( 'NONE', #3189, #5787 ) ;
#6119 = ORIENTED_EDGE ( 'NONE', *, *, #6737, .F. ) ;
#6120 = EDGE_CURVE ( 'NONE', #8955, #8674, #1318, .T. ) ;
#6121 = CARTESIAN_POINT ( 'NONE',  ( 27.13679374135487876, 1.043560762610393988, -7.500000000000007105 ) ) ;
#6122 = ORIENTED_EDGE ( 'NONE', *, *, #7873, .T. ) ;
#6123 = AXIS2_PLACEMENT_3D ( 'NONE', #5367, #4520, #252 ) ;
#6124 = AXIS2_PLACEMENT_3D ( 'NONE', #4058, #1273, #4146 ) ;
#6125 = B_SPLINE_CURVE_WITH_KNOTS ( 'NONE', 3,
 ( #7171, #9223, #5177, #2775, #898, #4960, #2826, #29, #1580, #4461 ),
 .UNSPECIFIED., .F., .F.,
 ( 4, 2, 2, 2, 4 ),
 ( 0.000000000000000000, 0.0004043202586623498990, 0.0008086405173246997979, 0.001212960775987049697, 0.001617281034649399596 ),
 .UNSPECIFIED. ) ;
#6126 = ORIENTED_EDGE ( 'NONE', *, *, #7722, .T. ) ;
#6127 = CARTESIAN_POINT ( 'NONE',  ( 25.99999999999999645, 12.50000000000021316, -4.499999999999771738 ) ) ;
#6128 = AXIS2_PLACEMENT_3D ( 'NONE', #4391, #8722, #5726 ) ;
#6129 = CARTESIAN_POINT ( 'NONE',  ( 22.24999999999998579, 106.9403061905773740, -14.59999999999999787 ) ) ;
#6130 = CIRCLE ( 'NONE', #275, 2.150000000000000799 ) ;
#6131 = DIRECTION ( 'NONE',  ( 0.000000000000000000, -0.000000000000000000, -1.000000000000000000 ) ) ;
#6132 = CARTESIAN_POINT ( 'NONE',  ( -23.20124832207798704, 12.13647821816390326, -23.44875167792202575 ) ) ;
#6133 = EDGE_CURVE ( 'NONE', #8134, #3785, #5840, .T. ) ;
#6134 = CARTESIAN_POINT ( 'NONE',  ( 27.99999999999999289, 13.82287565553229136, -23.00000000000000000 ) ) ;
#6135 = EDGE_CURVE ( 'NONE', #8586, #7317, #5088, .T. ) ;
#6136 = VERTEX_POINT ( 'NONE', #2117 ) ;
#6137 = FACE_OUTER_BOUND ( 'NONE', #1924, .T. ) ;
#6138 = CARTESIAN_POINT ( 'NONE',  ( 17.74999999999978684, 96.44000000000002615, -15.65739561406607372 ) ) ;
#6139 = CARTESIAN_POINT ( 'NONE',  ( 28.25000000000001066, 94.08030619057740296, -23.00000000000000000 ) ) ;
#6140 = FACE_OUTER_BOUND ( 'NONE', #5275, .T. ) ;
#6141 = CYLINDRICAL_SURFACE ( 'NONE', #1320, 1.049999999999998934 ) ;
#6142 = ADVANCED_FACE ( 'NONE', ( #1374 ), #816, .T. ) ;
#6143 = CARTESIAN_POINT ( 'NONE',  ( 10.74999999999978506, 80.80934643409020168, -15.65739561406607727 ) ) ;
#6144 = CARTESIAN_POINT ( 'NONE',  ( -23.99999999999999289, 13.54999999999986393, -20.49999999999977618 ) ) ;
#6145 = EDGE_LOOP ( 'NONE', ( #8760, #4565, #1022, #4010, #2607 ) ) ;
#6146 = AXIS2_PLACEMENT_3D ( 'NONE', #8614, #2156, #3196 ) ;
#6147 = CARTESIAN_POINT ( 'NONE',  ( 58.00000000000002132, 18.15685424949254312, -6.843145750507550140 ) ) ;
#6148 = ORIENTED_EDGE ( 'NONE', *, *, #5876, .F. ) ;
#6149 = AXIS2_PLACEMENT_3D ( 'NONE', #1605, #5906, #1738 ) ;
#6150 = ORIENTED_EDGE ( 'NONE', *, *, #8643, .T. ) ;
#6151 = CARTESIAN_POINT ( 'NONE',  ( -22.25000000000000000, 106.9403061905773598, -14.59999999999999787 ) ) ;
#6152 = CARTESIAN_POINT ( 'NONE',  ( -28.25000000000000000, 94.08030619057737454, -128.1790850899541852 ) ) ;
#6153 = DIRECTION ( 'NONE',  ( -1.000000000000000000, -9.912705577010326782E-17, 0.000000000000000000 ) ) ;
#6154 = EDGE_CURVE ( 'NONE', #5638, #8515, #3672, .T. ) ;
#6155 = DIRECTION ( 'NONE',  ( 0.000000000000000000, -1.000000000000000000, 0.000000000000000000 ) ) ;
#6156 = AXIS2_PLACEMENT_3D ( 'NONE', #944, #8137, #5313 ) ;
#6157 = ADVANCED_FACE ( 'NONE', ( #8715 ), #5853, .F. ) ;
#6158 = VECTOR ( 'NONE', #1964, 1000.000000000000000 ) ;
#6159 = DIRECTION ( 'NONE',  ( 1.000000000000000000, -1.541976423090495387E-16, -0.000000000000000000 ) ) ;
#6160 = DIRECTION ( 'NONE',  ( 1.000000000000000000, -1.541976423090495387E-16, 0.000000000000000000 ) ) ;
#6161 = EDGE_LOOP ( 'NONE', ( #1146, #4837, #1530, #2604, #4549 ) ) ;
#6162 = DIRECTION ( 'NONE',  ( 1.000000000000000000, -1.541976423090495387E-16, -0.000000000000000000 ) ) ;
#6163 = CARTESIAN_POINT ( 'NONE',  ( -24.46099673897651172, 11.92516321685554104, -25.50000000000000355 ) ) ;
#6164 = ORIENTED_EDGE ( 'NONE', *, *, #6839, .T. ) ;
#6165 = FACE_OUTER_BOUND ( 'NONE', #3098, .T. ) ;
#6166 = CIRCLE ( 'NONE', #5857, 2.000000000000000000 ) ;
#6167 = B_SPLINE_CURVE_WITH_KNOTS ( 'NONE', 3,
 ( #502, #3438, #4762, #7685, #7591, #400, #6190, #4101 ),
 .UNSPECIFIED., .F., .F.,
 ( 4, 2, 2, 4 ),
 ( 0.000000000000000000, 0.0003204606551340505836, 0.0006409213102681011673, 0.001281842620536205804 ),
 .UNSPECIFIED. ) ;
#6168 = ORIENTED_EDGE ( 'NONE', *, *, #5592, .F. ) ;
#6169 = DIRECTION ( 'NONE',  ( 0.000000000000000000, -1.000000000000000000, 0.000000000000000000 ) ) ;
#6170 = VECTOR ( 'NONE', #2309, 1000.000000000000000 ) ;
#6171 = EDGE_CURVE ( 'NONE', #73, #8252, #777, .T. ) ;
#6172 = ORIENTED_EDGE ( 'NONE', *, *, #2639, .T. ) ;
#6173 = DIRECTION ( 'NONE',  ( 0.000000000000000000, 0.000000000000000000, -1.000000000000000000 ) ) ;
#6174 = EDGE_CURVE ( 'NONE', #1477, #4397, #6602, .T. ) ;
#6175 = ORIENTED_EDGE ( 'NONE', *, *, #7571, .F. ) ;
#6176 = CARTESIAN_POINT ( 'NONE',  ( -25.99999999999999289, 53.27857453684310229, -23.00000000000000000 ) ) ;
#6177 = ORIENTED_EDGE ( 'NONE', *, *, #406, .T. ) ;
#6178 = VECTOR ( 'NONE', #6274, 1000.000000000000000 ) ;
#6179 = ORIENTED_EDGE ( 'NONE', *, *, #8142, .T. ) ;
#6180 = CYLINDRICAL_SURFACE ( 'NONE', #5074, 1.049999999999998934 ) ;
#6181 = CARTESIAN_POINT ( 'NONE',  ( -19.93623836877595323, 92.26917336134502534, 0.000000000000000000 ) ) ;
#6182 = DIRECTION ( 'NONE',  ( 0.000000000000000000, -2.602085213965210149E-16, -1.000000000000000000 ) ) ;
#6183 = DIRECTION ( 'NONE',  ( 1.000000000000000000, 0.000000000000000000, 0.000000000000000000 ) ) ;
#6184 = ORIENTED_EDGE ( 'NONE', *, *, #4449, .T. ) ;
#6185 = AXIS2_PLACEMENT_3D ( 'NONE', #6720, #5449, #325 ) ;
#6186 = CARTESIAN_POINT ( 'NONE',  ( -21.55000000000002558, 118.9400000000000261, -2.000000000000000000 ) ) ;
#6187 = DIRECTION ( 'NONE',  ( 0.4999999999999977796, 0.8660254037844398178, 0.000000000000000000 ) ) ;
#6188 = ADVANCED_FACE ( 'NONE', ( #6472 ), #582, .T. ) ;
#6189 = DIRECTION ( 'NONE',  ( 0.000000000000000000, 1.000000000000000000, 0.000000000000000000 ) ) ;
#6190 = CARTESIAN_POINT ( 'NONE',  ( -29.76970879342331955, 3.553597524822134091, -25.05359752482229752 ) ) ;
#6191 = CARTESIAN_POINT ( 'NONE',  ( 23.49038183646690925, 112.9026329016995760, -23.48925314190056923 ) ) ;
#6192 = VERTEX_POINT ( 'NONE', #8662 ) ;
#6193 = CARTESIAN_POINT ( 'NONE',  ( -24.44816949192292910, 4.178031629789405343, -7.500000000000000000 ) ) ;
#6194 = ORIENTED_EDGE ( 'NONE', *, *, #8622, .F. ) ;
#6195 = DIRECTION ( 'NONE',  ( -1.360567432138672574E-16, 1.000000000000000000, 0.000000000000000000 ) ) ;
#6196 = EDGE_LOOP ( 'NONE', ( #3286, #4475, #4122, #8631 ) ) ;
#6197 = AXIS2_PLACEMENT_3D ( 'NONE', #7117, #1405, #668 ) ;
#6198 = ORIENTED_EDGE ( 'NONE', *, *, #8899, .F. ) ;
#6199 = CARTESIAN_POINT ( 'NONE',  ( 20.57654914134644741, 94.44000000000002615, -23.00000000000000000 ) ) ;
#6200 = CARTESIAN_POINT ( 'NONE',  ( -25.74737230856512937, 104.7903061905773399, -14.46425833139823069 ) ) ;
#6201 = DIRECTION ( 'NONE',  ( -0.000000000000000000, 0.000000000000000000, 1.000000000000000000 ) ) ;
#6202 = CARTESIAN_POINT ( 'NONE',  ( -28.55000000000000782, 108.9309918853871437, 0.000000000000000000 ) ) ;
#6203 = CARTESIAN_POINT ( 'NONE',  ( 25.00000000000000355, 12.50000000000001776, -7.500000000000007105 ) ) ;
#6204 = CARTESIAN_POINT ( 'NONE',  ( -27.99999999999999289, -3.500000000000002665, -21.78708781050335830 ) ) ;
#6205 = ORIENTED_EDGE ( 'NONE', *, *, #24, .T. ) ;
#6206 = DIRECTION ( 'NONE',  ( -1.000000000000000000, 1.541976423090495387E-16, 0.000000000000000000 ) ) ;
#6207 = CARTESIAN_POINT ( 'NONE',  ( -25.99999999999999645, 13.82287565553229136, -27.00000000000000355 ) ) ;
#6208 = ORIENTED_EDGE ( 'NONE', *, *, #5203, .F. ) ;
#6209 = LINE ( 'NONE', #8447, #7519 ) ;
#6210 = ORIENTED_EDGE ( 'NONE', *, *, #869, .T. ) ;
#6211 = CARTESIAN_POINT ( 'NONE',  ( 29.80157585537031650, 11.08390611978555462, -25.50000000000000000 ) ) ;
#6212 = ORIENTED_EDGE ( 'NONE', *, *, #3377, .F. ) ;
#6213 = CARTESIAN_POINT ( 'NONE',  ( -23.55000000000000782, 106.9403061905773598, -14.59999999999999787 ) ) ;
#6214 = ORIENTED_EDGE ( 'NONE', *, *, #8441, .F. ) ;
#6215 = DIRECTION ( 'NONE',  ( 0.000000000000000000, 0.000000000000000000, 1.000000000000000000 ) ) ;
#6216 = ORIENTED_EDGE ( 'NONE', *, *, #4826, .F. ) ;
#6217 = EDGE_CURVE ( 'NONE', #7876, #6603, #6016, .T. ) ;
#6218 = EDGE_CURVE ( 'NONE', #3085, #914, #2207, .T. ) ;
#6219 = VERTEX_POINT ( 'NONE', #1506 ) ;
#6220 = CARTESIAN_POINT ( 'NONE',  ( 9.524690479923696884, 65.10000000000000853, -2.000000000000001776 ) ) ;
#6221 = CARTESIAN_POINT ( 'NONE',  ( 21.49999999999998934, 52.41254913305866836, -25.00000000000000000 ) ) ;
#6222 = CARTESIAN_POINT ( 'NONE',  ( 25.99999999999999645, 18.15685424949230153, -18.15685424949224469 ) ) ;
#6223 = DIRECTION ( 'NONE',  ( -0.8660254037844397068, 0.4999999999999979461, 0.000000000000000000 ) ) ;
#6224 = EDGE_LOOP ( 'NONE', ( #5740, #3235, #1538, #681, #6177, #424, #900, #1561, #3723, #5545 ) ) ;
#6225 = DIRECTION ( 'NONE',  ( 1.000000000000000000, 9.912705577010326782E-17, -0.000000000000000000 ) ) ;
#6226 = CARTESIAN_POINT ( 'NONE',  ( 14.98768373480797678, 61.94593937371147518, 0.000000000000000000 ) ) ;
#6227 = CARTESIAN_POINT ( 'NONE',  ( 26.00000000000000000, 13.82287565553228958, -22.00000000000000355 ) ) ;
#6228 = CARTESIAN_POINT ( 'NONE',  ( -23.00000000000000000, 19.24999999999999645, -40.75000000000000711 ) ) ;
#6229 = CARTESIAN_POINT ( 'NONE',  ( 23.50965667159333705, 115.1100348539691112, -23.41047469326331765 ) ) ;
#6230 = EDGE_LOOP ( 'NONE', ( #599, #6074, #5683, #7397, #9088 ) ) ;
#6231 = CARTESIAN_POINT ( 'NONE',  ( -27.51627151935427307, 0.9861813465523547872, -17.36674861475033538 ) ) ;
#6232 = ORIENTED_EDGE ( 'NONE', *, *, #1780, .T. ) ;
#6233 = CIRCLE ( 'NONE', #5481, 2.000000000000000000 ) ;
#6234 = CARTESIAN_POINT ( 'NONE',  ( 12.08688103937515379, 104.4400000000000261, -11.54289884801876198 ) ) ;
#6235 = ADVANCED_FACE ( 'NONE', ( #4384 ), #4286, .T. ) ;
#6236 = EDGE_LOOP ( 'NONE', ( #6367, #165, #3674, #7125 ) ) ;
#6237 = CARTESIAN_POINT ( 'NONE',  ( 13.42376207875052252, 80.80934643409020168, -15.65739561406607727 ) ) ;
#6238 = CARTESIAN_POINT ( 'NONE',  ( -25.60939295271163729, 104.8864882858403007, -13.95255823013641461 ) ) ;
#6239 = CARTESIAN_POINT ( 'NONE',  ( 24.63509222136525523, 15.91769679268174897, -2.000000000000000000 ) ) ;
#6240 = AXIS2_PLACEMENT_3D ( 'NONE', #6675, #3836, #5920 ) ;
#6241 = PLANE ( 'NONE',  #7529 ) ;
#6242 = LINE ( 'NONE', #2651, #8233 ) ;
#6243 = DIRECTION ( 'NONE',  ( 0.000000000000000000, 1.000000000000000000, 0.000000000000000000 ) ) ;
#6244 = ORIENTED_EDGE ( 'NONE', *, *, #8172, .T. ) ;
#6245 = DIRECTION ( 'NONE',  ( 0.000000000000000000, -1.000000000000000000, 0.000000000000000000 ) ) ;
#6246 = DIRECTION ( 'NONE',  ( 0.8090169943749473402, 0.000000000000000000, 0.5877852522924732481 ) ) ;
#6247 = ORIENTED_EDGE ( 'NONE', *, *, #1928, .T. ) ;
#6248 = ADVANCED_FACE ( 'NONE', ( #4240 ), #727, .T. ) ;
#6249 = VECTOR ( 'NONE', #5386, 1000.000000000000000 ) ;
#6250 = ORIENTED_EDGE ( 'NONE', *, *, #5865, .T. ) ;
#6251 = CARTESIAN_POINT ( 'NONE',  ( 28.00000000000000000, 0.6572807176729849044, -8.500000000000007105 ) ) ;
#6252 = ORIENTED_EDGE ( 'NONE', *, *, #5904, .F. ) ;
#6253 = AXIS2_PLACEMENT_3D ( 'NONE', #1683, #305, #2349 ) ;
#6254 = CARTESIAN_POINT ( 'NONE',  ( 12.08688103937515734, 80.80934643409020168, -19.77189238011338546 ) ) ;
#6255 = ORIENTED_EDGE ( 'NONE', *, *, #8914, .T. ) ;
#6256 = CARTESIAN_POINT ( 'NONE',  ( 27.87901160377237630, 0.8349464896183227403, -8.006393983570541550 ) ) ;
#6257 = ORIENTED_EDGE ( 'NONE', *, *, #6262, .T. ) ;
#6258 = VERTEX_POINT ( 'NONE', #2828 ) ;
#6259 = DIRECTION ( 'NONE',  ( -1.000000000000000000, -1.360567432138672574E-16, -0.000000000000000000 ) ) ;
#6260 = CARTESIAN_POINT ( 'NONE',  ( -17.98768373480796257, 67.14209179641811431, -2.000000000000001776 ) ) ;
#6261 = CARTESIAN_POINT ( 'NONE',  ( -9.987683734807962566, 67.14209179641811431, -2.000000000000001776 ) ) ;
#6262 = EDGE_CURVE ( 'NONE', #6192, #6773, #8834, .T. ) ;
#6263 = EDGE_CURVE ( 'NONE', #5638, #6495, #4780, .T. ) ;
#6264 = CIRCLE ( 'NONE', #5819, 1.049999999999998934 ) ;
#6265 = VECTOR ( 'NONE', #1006, 1000.000000000000114 ) ;
#6266 = DIRECTION ( 'NONE',  ( 0.000000000000000000, 1.000000000000000000, 0.000000000000000000 ) ) ;
#6267 = ORIENTED_EDGE ( 'NONE', *, *, #5203, .T. ) ;
#6268 = CARTESIAN_POINT ( 'NONE',  ( 58.00000000000002132, 19.20685424949254383, -6.843145750507550140 ) ) ;
#6269 = AXIS2_PLACEMENT_3D ( 'NONE', #9009, #8698, #2332 ) ;
#6270 = DIRECTION ( 'NONE',  ( 0.8660254037844399289, -0.4999999999999978351, -1.549392514930919952E-16 ) ) ;
#6271 = CARTESIAN_POINT ( 'NONE',  ( -24.99999999999999645, 4.836939253778027137, -17.50000000000000000 ) ) ;
#6272 = EDGE_CURVE ( 'NONE', #5836, #4107, #6746, .T. ) ;
#6273 = CARTESIAN_POINT ( 'NONE',  ( -21.54999999999981952, -3.738329090729988365E-14, -2.000000000000000000 ) ) ;
#6274 = DIRECTION ( 'NONE',  ( -1.000000000000000000, 0.000000000000000000, 0.000000000000000000 ) ) ;
#6275 = ORIENTED_EDGE ( 'NONE', *, *, #5731, .T. ) ;
#6276 = CARTESIAN_POINT ( 'NONE',  ( -23.22518106879879340, 15.00572896162241854, -1.854542761398400907 ) ) ;
#6277 = ADVANCED_FACE ( 'NONE', ( #5189 ), #1171, .T. ) ;
#6278 = ORIENTED_EDGE ( 'NONE', *, *, #101, .T. ) ;
#6279 = AXIS2_PLACEMENT_3D ( 'NONE', #8406, #5635, #1985 ) ;
#6280 = DIRECTION ( 'NONE',  ( 1.000000000000000000, -1.541976423090495387E-16, -0.000000000000000000 ) ) ;
#6281 = ORIENTED_EDGE ( 'NONE', *, *, #499, .F. ) ;
#6282 = DIRECTION ( 'NONE',  ( 1.000000000000000000, 0.000000000000000000, 0.000000000000000000 ) ) ;
#6283 = DIRECTION ( 'NONE',  ( -0.8660254037844398178, 0.4999999999999981126, 0.000000000000000000 ) ) ;
#6284 = ORIENTED_EDGE ( 'NONE', *, *, #9216, .F. ) ;
#6285 = DIRECTION ( 'NONE',  ( 0.000000000000000000, -0.000000000000000000, -1.000000000000000000 ) ) ;
#6286 = DIRECTION ( 'NONE',  ( 0.000000000000000000, 1.000000000000000000, 0.000000000000000000 ) ) ;
#6287 = FACE_OUTER_BOUND ( 'NONE', #952, .T. ) ;
#6289 = ORIENTED_EDGE ( 'NONE', *, *, #4451, .T. ) ;
#6288 = AXIS2_PLACEMENT_3D ( 'NONE', #391, #1641, #1087 ) ;
#6290 = CARTESIAN_POINT ( 'NONE',  ( -13.98768373480797678, 60.21388856614259311, -2.000000000000000000 ) ) ;
#6291 = LINE ( 'NONE', #9154, #8932 ) ;
#6292 = ORIENTED_EDGE ( 'NONE', *, *, #691, .T. ) ;
#6293 = LINE ( 'NONE', #477, #4649 ) ;
#6294 = EDGE_LOOP ( 'NONE', ( #7123, #1166, #4200, #4515 ) ) ;
#6295 = CARTESIAN_POINT ( 'NONE',  ( 29.34791091760311943, 11.80057198042904787, -25.49999999999999645 ) ) ;
#6296 = AXIS2_PLACEMENT_3D ( 'NONE', #6504, #5703, #2906 ) ;
#6297 = AXIS2_PLACEMENT_3D ( 'NONE', #3483, #812, #673 ) ;
#6298 = ADVANCED_FACE ( 'NONE', ( #6795 ), #8082, .T. ) ;
#6299 = VERTEX_POINT ( 'NONE', #2483 ) ;
#6300 = VECTOR ( 'NONE', #6832, 1000.000000000000114 ) ;
#6301 = CARTESIAN_POINT ( 'NONE',  ( 23.00000000000000000, 10.31771159413550798, -23.43435491072199284 ) ) ;
#6302 = CARTESIAN_POINT ( 'NONE',  ( 12.08688103937515379, 96.44000000000002615, -11.54289884801876198 ) ) ;
#6303 = EDGE_LOOP ( 'NONE', ( #4511, #6054, #148, #5654 ) ) ;
#6304 = AXIS2_PLACEMENT_3D ( 'NONE', #5274, #2471, #5362 ) ;
#6305 = VECTOR ( 'NONE', #2395, 1000.000000000000227 ) ;
#6306 = CARTESIAN_POINT ( 'NONE',  ( -29.99999999999998579, 4.401449357096725912, -19.44556537875074298 ) ) ;
#6307 = EDGE_LOOP ( 'NONE', ( #1484, #6676, #5921, #5298, #4041, #6179, #7323, #5568, #1860 ) ) ;
#6308 = CIRCLE ( 'NONE', #2382, 4.000000000000000000 ) ;
#6309 = EDGE_LOOP ( 'NONE', ( #8570, #7415, #676, #4630 ) ) ;
#6310 = CYLINDRICAL_SURFACE ( 'NONE', #1306, 2.149999999999999023 ) ;
#6311 = EDGE_CURVE ( 'NONE', #6928, #9243, #5374, .T. ) ;
#6312 = LINE ( 'NONE', #5606, #6300 ) ;
#6313 =( BOUNDED_CURVE ( )  B_SPLINE_CURVE ( 3, ( #8209, #6718, #1749, #8870 ),
 .UNSPECIFIED., .F., .T. ) 
 B_SPLINE_CURVE_WITH_KNOTS ( ( 4, 4 ),
 ( 4.085379840440743315, 4.712388980384689674 ),
 .UNSPECIFIED. ) 
 CURVE ( )  GEOMETRIC_REPRESENTATION_ITEM ( )  RATIONAL_B_SPLINE_CURVE ( ( 1.000000000000000000, 0.9675057496384220634, 0.9675057496384220634, 1.000000000000000000 ) ) 
 REPRESENTATION_ITEM ( '' )  );
#6314 = AXIS2_PLACEMENT_3D ( 'NONE', #8219, #4643, #7526 ) ;
#6315 = AXIS2_PLACEMENT_3D ( 'NONE', #2602, #5490, #4778 ) ;
#6316 = LINE ( 'NONE', #7581, #1032 ) ;
#6317 = VERTEX_POINT ( 'NONE', #3052 ) ;
#6318 = CARTESIAN_POINT ( 'NONE',  ( 23.25759107883152765, 14.50863127347225934, -1.782642890053762308 ) ) ;
#6319 = CARTESIAN_POINT ( 'NONE',  ( -29.99999999999999645, 13.82287565553229136, -23.00000000000000000 ) ) ;
#6320 = DIRECTION ( 'NONE',  ( 1.000000000000000000, -1.898094922533725623E-16, 0.000000000000000000 ) ) ;
#6321 = LINE ( 'NONE', #7030, #7765 ) ;
#6322 = DIRECTION ( 'NONE',  ( -1.000000000000000000, 0.000000000000000000, 0.000000000000000000 ) ) ;
#6324 = ORIENTED_EDGE ( 'NONE', *, *, #2660, .F. ) ;
#6323 = CIRCLE ( 'NONE', #9025, 1.049999999999998934 ) ;
#6325 = CARTESIAN_POINT ( 'NONE',  ( -23.88430092267399019, 3.529349163940750600, -7.500000000000000000 ) ) ;
#6327 = ORIENTED_EDGE ( 'NONE', *, *, #1725, .T. ) ;
#6326 = B_SPLINE_CURVE_WITH_KNOTS ( 'NONE', 3,
 ( #8735, #5213, #135, #3649, #7147, #701, #6626, #51, #6439, #2276, #4358, #5076, #1565, #2986, #6529, #3556, #7194, #1525, #751, #5124, #3, #7981, #1482, #186, #5916, #7328, #4401, #8777 ),
 .UNSPECIFIED., .F., .F.,
 ( 4, 2, 2, 2, 2, 2, 2, 2, 2, 2, 2, 2, 2, 4 ),
 ( 0.006425132699866856374, 0.006826735716704636185, 0.007228338733542415996, 0.007629941750380196674, 0.008031544767217979955, 0.008834750800893518760, 0.009637956834569057565, 0.01044116286824459637, 0.01084276588508234496, 0.01124436890192009354, 0.01164597191875784213, 0.01204757493559559071, 0.01244917795243333930, 0.01285078096927108789 ),
 .UNSPECIFIED. ) ;
#6328 = CARTESIAN_POINT ( 'NONE',  ( -23.00000000000000000, 12.50000000000000888, -7.500000000000000000 ) ) ;
#6329 = VERTEX_POINT ( 'NONE', #3156 ) ;
#6330 = ADVANCED_FACE ( 'NONE', ( #348 ), #287, .F. ) ;
#6331 = ADVANCED_FACE ( 'NONE', ( #2299 ), #7543, .T. ) ;
#6332 = FACE_OUTER_BOUND ( 'NONE', #2653, .T. ) ;
#6333 = AXIS2_PLACEMENT_3D ( 'NONE', #2159, #8574, #8006 ) ;
#6334 = APPROVAL ( #849, '未指定' ) ;
#6335 = DIRECTION ( 'NONE',  ( 0.000000000000000000, 0.000000000000000000, -1.000000000000000000 ) ) ;
#6336 = CARTESIAN_POINT ( 'NONE',  ( 26.00000000000000000, 0.000000000000000000, -3.000000000000000000 ) ) ;
#6337 = DIRECTION ( 'NONE',  ( 0.3090169943749482839, 0.000000000000000000, -0.9510565162951533091 ) ) ;
#6338 = DIRECTION ( 'NONE',  ( -0.000000000000000000, 0.000000000000000000, -1.000000000000000000 ) ) ;
#6339 = DIRECTION ( 'NONE',  ( 1.000000000000000000, -0.000000000000000000, -0.000000000000000000 ) ) ;
#6340 = ORIENTED_EDGE ( 'NONE', *, *, #1602, .T. ) ;
#6341 = DIRECTION ( 'NONE',  ( -1.000000000000000000, -9.912705577010326782E-17, 0.000000000000000000 ) ) ;
#6342 = PLANE ( 'NONE',  #5329 ) ;
#6343 = ORIENTED_EDGE ( 'NONE', *, *, #5381, .F. ) ;
#6344 = AXIS2_PLACEMENT_3D ( 'NONE', #5612, #7768, #7681 ) ;
#6345 = EDGE_CURVE ( 'NONE', #6601, #5842, #1029, .T. ) ;
#6346 = ORIENTED_EDGE ( 'NONE', *, *, #1204, .F. ) ;
#6347 = DIRECTION ( 'NONE',  ( -1.000000000000000000, 0.000000000000000000, 0.000000000000000000 ) ) ;
#6348 = AXIS2_PLACEMENT_3D ( 'NONE', #1105, #5965, #3973 ) ;
#6349 = ORIENTED_EDGE ( 'NONE', *, *, #8505, .T. ) ;
#6350 = DIRECTION ( 'NONE',  ( 0.000000000000000000, 0.000000000000000000, 1.000000000000000000 ) ) ;
#6351 = DIRECTION ( 'NONE',  ( -0.8090169943749481174, -0.000000000000000000, 0.5877852522924723599 ) ) ;
#6352 = ORIENTED_EDGE ( 'NONE', *, *, #2317, .T. ) ;
#6353 = CARTESIAN_POINT ( 'NONE',  ( -27.99999999999999289, 2.499999999999996891, -24.00000000000001421 ) ) ;
#6354 = VERTEX_POINT ( 'NONE', #4614 ) ;
#6355 = EDGE_CURVE ( 'NONE', #7372, #8134, #5541, .T. ) ;
#6356 = VERTEX_POINT ( 'NONE', #998 ) ;
#6357 = CARTESIAN_POINT ( 'NONE',  ( 26.53553264092518305, 104.4400000000000261, -64.24026954858457827 ) ) ;
#6358 = DIRECTION ( 'NONE',  ( 0.000000000000000000, 0.000000000000000000, 1.000000000000000000 ) ) ;
#6359 = CARTESIAN_POINT ( 'NONE',  ( -20.25000000000000000, 118.9400000000000261, -24.99999999999999289 ) ) ;
#6360 = ORIENTED_EDGE ( 'NONE', *, *, #4167, .F. ) ;
#6361 = CARTESIAN_POINT ( 'NONE',  ( 23.31393684833121682, 13.00576307427962597, -1.663936848331192042 ) ) ;
#6362 = EDGE_CURVE ( 'NONE', #489, #5968, #9129, .T. ) ;
#6363 = CARTESIAN_POINT ( 'NONE',  ( 25.28750544531312627, 105.1409645810044395, -13.41762819862476874 ) ) ;
#6364 = CARTESIAN_POINT ( 'NONE',  ( 0.000000000000000000, 1.043560762610393988, -7.500000000000007105 ) ) ;
#6365 = CARTESIAN_POINT ( 'NONE',  ( 25.99999999999999645, 10.34999999999987708, -20.49999999999977618 ) ) ;
#6366 = CARTESIAN_POINT ( 'NONE',  ( 28.25000000000000000, 102.3196380149609865, -2.000000000000001776 ) ) ;
#6367 = ORIENTED_EDGE ( 'NONE', *, *, #2504, .T. ) ;
#6368 = CARTESIAN_POINT ( 'NONE',  ( 0.000000000000000000, 65.10000000000000853, -128.1790850899541852 ) ) ;
#6369 = ORIENTED_EDGE ( 'NONE', *, *, #8035, .F. ) ;
#6370 = CYLINDRICAL_SURFACE ( 'NONE', #7209, 2.149999999999999023 ) ;
#6371 = ORIENTED_EDGE ( 'NONE', *, *, #4770, .F. ) ;
#6372 = DIRECTION ( 'NONE',  ( -0.000000000000000000, -0.000000000000000000, -1.000000000000000000 ) ) ;
#6373 = DIRECTION ( 'NONE',  ( -1.000000000000000000, 1.541976423090495387E-16, 0.000000000000000000 ) ) ;
#6374 = ORIENTED_EDGE ( 'NONE', *, *, #2676, .T. ) ;
#6375 = CARTESIAN_POINT ( 'NONE',  ( -29.74894598794003642, 3.010853537086088938, -18.95973937042511182 ) ) ;
#6376 = CARTESIAN_POINT ( 'NONE',  ( 19.93623836877595679, 92.26917336134502534, -2.000000000000000000 ) ) ;
#6377 = CARTESIAN_POINT ( 'NONE',  ( -24.30734382914754477, 4.190483034696395492, -7.224570353972175951 ) ) ;
#6378 = ADVANCED_FACE ( 'NONE', ( #6041 ), #1595, .T. ) ;
#6379 = VERTEX_POINT ( 'NONE', #2438 ) ;
#6380 = ADVANCED_FACE ( 'NONE', ( #911 ), #3951, .F. ) ;
#6381 = DIRECTION ( 'NONE',  ( 0.000000000000000000, -1.000000000000000000, 0.000000000000000000 ) ) ;
#6382 = DIRECTION ( 'NONE',  ( 1.000000000000000000, 0.000000000000000000, 0.000000000000000000 ) ) ;
#6383 = VERTEX_POINT ( 'NONE', #1684 ) ;
#6384 = AXIS2_PLACEMENT_3D ( 'NONE', #5029, #1486, #3653 ) ;
#6385 = EDGE_LOOP ( 'NONE', ( #7917, #1121, #1741, #8742 ) ) ;
#6386 = CARTESIAN_POINT ( 'NONE',  ( 23.07185403544521662, 16.91220466077733064, -22.66913551370669211 ) ) ;
#6387 = ORIENTED_EDGE ( 'NONE', *, *, #7248, .F. ) ;
#6388 = DIRECTION ( 'NONE',  ( -0.000000000000000000, 1.000000000000000000, -0.000000000000000000 ) ) ;
#6389 = EDGE_CURVE ( 'NONE', #7656, #4311, #5002, .T. ) ;
#6390 = CARTESIAN_POINT ( 'NONE',  ( -12.94814989366370739, 70.39833175440058710, 0.000000000000000000 ) ) ;
#6391 = CARTESIAN_POINT ( 'NONE',  ( -28.25000000000000000, 94.08030619057737454, -2.000000000000001776 ) ) ;
#6392 = ORIENTED_EDGE ( 'NONE', *, *, #9187, .F. ) ;
#6393 = AXIS2_PLACEMENT_3D ( 'NONE', #9059, #2703, #2606 ) ;
#6394 = CARTESIAN_POINT ( 'NONE',  ( -29.30299673260884674, 2.831640453859840534, -24.33164045385985830 ) ) ;
#6395 = ORIENTED_EDGE ( 'NONE', *, *, #6972, .T. ) ;
#6396 = ORIENTED_EDGE ( 'NONE', *, *, #8966, .T. ) ;
#6397 = CIRCLE ( 'NONE', #7000, 2.000000000000001332 ) ;
#6398 = CARTESIAN_POINT ( 'NONE',  ( -22.25000000000000000, 111.7903061905773541, -7.599999999999997868 ) ) ;
#6399 = AXIS2_PLACEMENT_3D ( 'NONE', #8850, #2396, #8146 ) ;
#6400 = CARTESIAN_POINT ( 'NONE',  ( -6.423762078750931970, 80.80934643409020168, -15.65739561406607727 ) ) ;
#6401 = CARTESIAN_POINT ( 'NONE',  ( 20.25000000000000000, 118.9400000000000261, -24.99999999999999289 ) ) ;
#6402 = EDGE_CURVE ( 'NONE', #2432, #6383, #892, .T. ) ;
#6403 = ORIENTED_EDGE ( 'NONE', *, *, #1206, .F. ) ;
#6404 = AXIS2_PLACEMENT_3D ( 'NONE', #6151, #8067, #2367 ) ;
#6405 = CIRCLE ( 'NONE', #4898, 5.000000000000000888 ) ;
#6406 = CARTESIAN_POINT ( 'NONE',  ( 27.27181588347655605, 1.031036805903019271, -17.47153403819156736 ) ) ;
#6407 = DIRECTION ( 'NONE',  ( 1.000000000000000000, -1.541976423090495387E-16, -0.000000000000000000 ) ) ;
#6408 = CIRCLE ( 'NONE', #2340, 0.8999999999999980238 ) ;
#6409 = DIRECTION ( 'NONE',  ( -0.000000000000000000, 1.000000000000000000, -0.000000000000000000 ) ) ;
#6410 = AXIS2_PLACEMENT_3D ( 'NONE', #674, #7914, #6413 ) ;
#6411 = ADVANCED_FACE ( 'NONE', ( #3771 ), #6652, .F. ) ;
#6412 = EDGE_CURVE ( 'NONE', #7984, #1988, #2065, .T. ) ;
#6413 = DIRECTION ( 'NONE',  ( 0.000000000000000000, 0.000000000000000000, 1.000000000000000000 ) ) ;
#6414 = DIRECTION ( 'NONE',  ( 1.898094922533725623E-16, 1.000000000000000000, 0.000000000000000000 ) ) ;
#6415 = ORIENTED_EDGE ( 'NONE', *, *, #6218, .T. ) ;
#6416 = CARTESIAN_POINT ( 'NONE',  ( -23.30193778872828858, 13.50865287323934361, -1.687283226225589239 ) ) ;
#6417 = ORIENTED_EDGE ( 'NONE', *, *, #5865, .F. ) ;
#6418 = LINE ( 'NONE', #2120, #5134 ) ;
#6419 = ORIENTED_EDGE ( 'NONE', *, *, #2999, .F. ) ;
#6420 = AXIS2_PLACEMENT_3D ( 'NONE', #4760, #2911, #6508 ) ;
#6421 = CARTESIAN_POINT ( 'NONE',  ( -20.25000000000000000, 118.9400000000000261, -24.99999999999999289 ) ) ;
#6422 = CARTESIAN_POINT ( 'NONE',  ( 11.98768373480796434, 67.14209179641811431, -128.1790850899541852 ) ) ;
#6423 = ORIENTED_EDGE ( 'NONE', *, *, #1134, .T. ) ;
#6424 = CARTESIAN_POINT ( 'NONE',  ( -28.36831602830597987, 2.531031906285568844, -20.15356914837407487 ) ) ;
#6425 = ADVANCED_FACE ( 'NONE', ( #7631 ), #495, .T. ) ;
#6426 = AXIS2_PLACEMENT_3D ( 'NONE', #4320, #2760, #5605 ) ;
#6427 = CYLINDRICAL_SURFACE ( 'NONE', #3710, 2.149999999999999023 ) ;
#6428 = CARTESIAN_POINT ( 'NONE',  ( 25.99999999999999645, 18.15685424949230153, -18.15685424949224469 ) ) ;
#6429 = VERTEX_POINT ( 'NONE', #2001 ) ;
#6430 = CARTESIAN_POINT ( 'NONE',  ( 24.62661883210230940, 12.04441567849858785, -25.50000000000000000 ) ) ;
#6431 = DIRECTION ( 'NONE',  ( 0.000000000000000000, 0.000000000000000000, -1.000000000000000000 ) ) ;
#6432 = VERTEX_POINT ( 'NONE', #1826 ) ;
#6433 = VECTOR ( 'NONE', #2177, 1000.000000000000227 ) ;
#6434 = ORIENTED_EDGE ( 'NONE', *, *, #7733, .F. ) ;
#6435 = ADVANCED_FACE ( 'NONE', ( #2583 ), #7678, .T. ) ;
#6436 = DIRECTION ( 'NONE',  ( -0.5427066596637479812, 0.8399223068573764550, -0.000000000000000000 ) ) ;
#6437 = TOROIDAL_SURFACE ( 'NONE', #3275, 6.000000000000000888, 1.000000000000000000 ) ;
#6438 = ORIENTED_EDGE ( 'NONE', *, *, #2046, .T. ) ;
#6439 = CARTESIAN_POINT ( 'NONE',  ( 25.21531439838515354, 105.2039962093092100, -15.87283022992213866 ) ) ;
#6440 = CARTESIAN_POINT ( 'NONE',  ( -23.55000000000002558, 117.9399999999999977, -33.26047906222267159 ) ) ;
#6441 = ORIENTED_EDGE ( 'NONE', *, *, #1431, .T. ) ;
#6442 = FACE_OUTER_BOUND ( 'NONE', #8450, .T. ) ;
#6443 = LINE ( 'NONE', #6494, #1119 ) ;
#6444 = ORIENTED_EDGE ( 'NONE', *, *, #9189, .T. ) ;
#6445 = AXIS2_PLACEMENT_3D ( 'NONE', #2982, #5873, #183 ) ;
#6446 = CARTESIAN_POINT ( 'NONE',  ( -23.25651368069558345, 14.61267859236675548, -23.21595866635580663 ) ) ;
#6447 = AXIS2_PLACEMENT_3D ( 'NONE', #6134, #8987, #2538 ) ;
#6448 = ORIENTED_EDGE ( 'NONE', *, *, #5659, .T. ) ;
#6449 = EDGE_CURVE ( 'NONE', #4764, #4579, #292, .T. ) ;
#6450 = EDGE_CURVE ( 'NONE', #5066, #504, #8323, .T. ) ;
#6451 = CARTESIAN_POINT ( 'NONE',  ( -12.94814989366370739, 70.39833175440058710, -2.000000000000000000 ) ) ;
#6452 = DIRECTION ( 'NONE',  ( 0.000000000000000000, 1.000000000000000000, 0.000000000000000000 ) ) ;
#6453 = LINE ( 'NONE', #5699, #4951 ) ;
#6454 = EDGE_CURVE ( 'NONE', #2230, #1297, #3428, .T. ) ;
#6455 = FACE_OUTER_BOUND ( 'NONE', #2661, .T. ) ;
#6456 = AXIS2_PLACEMENT_3D ( 'NONE', #1012, #3876, #6761 ) ;
#6457 = VECTOR ( 'NONE', #8328, 1000.000000000000000 ) ;
#6458 = CARTESIAN_POINT ( 'NONE',  ( -16.57654914134644741, 98.44000000000002615, 0.000000000000000000 ) ) ;
#6459 = VERTEX_POINT ( 'NONE', #4895 ) ;
#6460 = CIRCLE ( 'NONE', #2226, 2.149999999999999023 ) ;
#6461 = DIRECTION ( 'NONE',  ( -9.912705577010326782E-17, 1.000000000000000000, -0.000000000000000000 ) ) ;
#6462 = AXIS2_PLACEMENT_3D ( 'NONE', #5131, #8866, #6195 ) ;
#6463 = EDGE_CURVE ( 'NONE', #6136, #3191, #6316, .T. ) ;
#6464 = VECTOR ( 'NONE', #5143, 1000.000000000000000 ) ;
#6465 = CARTESIAN_POINT ( 'NONE',  ( 23.62097632411954606, 108.0844155463809813, -12.77483458219852253 ) ) ;
#6466 = AXIS2_PLACEMENT_3D ( 'NONE', #235, #3183, #938 ) ;
#6467 = FACE_BOUND ( 'NONE', #2827, .T. ) ;
#6468 = DIRECTION ( 'NONE',  ( 1.000000000000000000, 1.360567432138672574E-16, -0.000000000000000000 ) ) ;
#6469 = CARTESIAN_POINT ( 'NONE',  ( 8.773401785887994464, 56.29615242270664055, -22.00000000000000711 ) ) ;
#6470 = EDGE_LOOP ( 'NONE', ( #6963, #2663, #7081, #6999 ) ) ;
#6471 = CC_DESIGN_APPROVAL ( #8682, ( #3602 ) ) ;
#6472 = FACE_OUTER_BOUND ( 'NONE', #922, .T. ) ;
#6473 = ORIENTED_EDGE ( 'NONE', *, *, #839, .T. ) ;
#6474 = DIRECTION ( 'NONE',  ( -0.5877852522924735812, 0.000000000000000000, 0.8090169943749471182 ) ) ;
#6475 = VERTEX_POINT ( 'NONE', #9124 ) ;
#6476 = EDGE_CURVE ( 'NONE', #4538, #5889, #4050, .T. ) ;
#6477 = DIRECTION ( 'NONE',  ( -0.9510565162951533091, 0.000000000000000000, -0.3090169943749485060 ) ) ;
#6478 = CARTESIAN_POINT ( 'NONE',  ( -29.99999999972991560, 4.327813882088662467, -19.36393644344402531 ) ) ;
#6479 = DIRECTION ( 'NONE',  ( 0.000000000000000000, 1.000000000000000000, 0.000000000000000000 ) ) ;
#6480 = DIRECTION ( 'NONE',  ( 0.000000000000000000, -1.000000000000000000, 0.000000000000000000 ) ) ;
#6481 = VERTEX_POINT ( 'NONE', #4095 ) ;
#6482 = CARTESIAN_POINT ( 'NONE',  ( 25.57957343042398790, 12.46538760051546824, -25.50000000000000000 ) ) ;
#6483 = LINE ( 'NONE', #4351, #3820 ) ;
#6484 = ORIENTED_EDGE ( 'NONE', *, *, #6093, .F. ) ;
#6485 = AXIS2_PLACEMENT_3D ( 'NONE', #5342, #5304, #3745 ) ;
#6486 = VERTEX_POINT ( 'NONE', #6974 ) ;
#6487 = DIRECTION ( 'NONE',  ( 0.9444791243466057473, -0.3285714285714280702, 0.000000000000000000 ) ) ;
#6488 = EDGE_LOOP ( 'NONE', ( #3721, #6419, #1878, #8593 ) ) ;
#6489 = CYLINDRICAL_SURFACE ( 'NONE', #7991, 1.999999999999998224 ) ;
#6490 = CARTESIAN_POINT ( 'NONE',  ( -26.00000000000000000, 44.61832049899870611, -2.999999999999999112 ) ) ;
#6491 = AXIS2_PLACEMENT_3D ( 'NONE', #2399, #5994, #5324 ) ;
#6492 = ORIENTED_EDGE ( 'NONE', *, *, #7247, .T. ) ;
#6493 = DIRECTION ( 'NONE',  ( 1.000000000000000000, 0.000000000000000000, 0.000000000000000000 ) ) ;
#6494 = CARTESIAN_POINT ( 'NONE',  ( -8.600545337913098720, 104.4400000000000261, -26.57319390609855958 ) ) ;
#6495 = VERTEX_POINT ( 'NONE', #4136 ) ;
#6496 = DIRECTION ( 'NONE',  ( -1.541976423090495387E-16, -1.000000000000000000, 0.000000000000000000 ) ) ;
#6497 = ORIENTED_EDGE ( 'NONE', *, *, #6263, .F. ) ;
#6498 = AXIS2_PLACEMENT_3D ( 'NONE', #7819, #7255, #7862 ) ;
#6499 = CARTESIAN_POINT ( 'NONE',  ( -25.99999999999999645, 12.50000000000022027, -4.499999999999771738 ) ) ;
#6500 = CARTESIAN_POINT ( 'NONE',  ( 29.99999999999999645, 12.50000000000021316, -4.499999999999771738 ) ) ;
#6501 = DIRECTION ( 'NONE',  ( 1.000000000000000000, 0.000000000000000000, 0.000000000000000000 ) ) ;
#6502 = EDGE_CURVE ( 'NONE', #1905, #3571, #6933, .T. ) ;
#6503 = EDGE_CURVE ( 'NONE', #3965, #8442, #1177, .T. ) ;
#6504 = CARTESIAN_POINT ( 'NONE',  ( 0.000000000000000000, 83.52616047165487601, -25.00000000000000000 ) ) ;
#6505 = ORIENTED_EDGE ( 'NONE', *, *, #8404, .F. ) ;
#6506 = DIRECTION ( 'NONE',  ( -0.8090169943749475623, -6.508371548838539978E-17, 0.5877852522924731371 ) ) ;
#6507 = CC_DESIGN_PERSON_AND_ORGANIZATION_ASSIGNMENT ( #2289, #3801, ( #506 ) ) ;
#6508 = DIRECTION ( 'NONE',  ( 0.000000000000000000, -3.541727096785982071E-15, 1.000000000000000000 ) ) ;
#6509 = CARTESIAN_POINT ( 'NONE',  ( 29.99999999999999645, 18.15685424949253957, -6.843145750507550140 ) ) ;
#6510 = LINE ( 'NONE', #4282, #420 ) ;
#6511 = ORIENTED_EDGE ( 'NONE', *, *, #1590, .T. ) ;
#6512 = EDGE_CURVE ( 'NONE', #214, #8215, #2625, .T. ) ;
#6513 = DIRECTION ( 'NONE',  ( -1.000000000000000000, -9.912705577010326782E-17, 0.000000000000000000 ) ) ;
#6514 = ORIENTED_EDGE ( 'NONE', *, *, #485, .T. ) ;
#6515 = DIRECTION ( 'NONE',  ( 1.613696256722611948E-15, -1.000000000000000000, 0.000000000000000000 ) ) ;
#6516 = ORIENTED_EDGE ( 'NONE', *, *, #3269, .F. ) ;
#6517 = DIRECTION ( 'NONE',  ( 1.000000000000000000, 8.879806544366683115E-32, -8.019547272036678345E-16 ) ) ;
#6518 = CARTESIAN_POINT ( 'NONE',  ( -29.23937039256212600, 2.924753392249059836, -21.31827437402852254 ) ) ;
#6519 = CARTESIAN_POINT ( 'NONE',  ( 22.24999999999998579, 113.9403061905773740, -7.599999999999997868 ) ) ;
#6520 = CARTESIAN_POINT ( 'NONE',  ( 23.54999999999997939, 115.5720230777854454, -23.00000000000000000 ) ) ;
#6521 = ORIENTED_EDGE ( 'NONE', *, *, #904, .F. ) ;
#6522 = EDGE_CURVE ( 'NONE', #6568, #1744, #7202, .T. ) ;
#6523 = CARTESIAN_POINT ( 'NONE',  ( -22.99999999999999645, 10.31771159413551153, -23.43435491072198218 ) ) ;
#6524 = CARTESIAN_POINT ( 'NONE',  ( 29.84016967561415257, 3.687021705486853040, -20.41093792227272630 ) ) ;
#6525 = VERTEX_POINT ( 'NONE', #8462 ) ;
#6526 = ORIENTED_EDGE ( 'NONE', *, *, #6095, .F. ) ;
#6527 = CARTESIAN_POINT ( 'NONE',  ( 58.00000000000002132, 18.15685424949230864, -18.15685424949224469 ) ) ;
#6528 = ORIENTED_EDGE ( 'NONE', *, *, #1027, .T. ) ;
#6529 = CARTESIAN_POINT ( 'NONE',  ( 23.99398807921645727, 106.8539366882653781, -16.76269514852015874 ) ) ;
#6530 = VERTEX_POINT ( 'NONE', #1129 ) ;
#6531 = ADVANCED_FACE ( 'NONE', ( #4000 ), #8371, .T. ) ;
#6532 = PLANE ( 'NONE',  #7601 ) ;
#6533 = EDGE_CURVE ( 'NONE', #259, #5261, #4182, .T. ) ;
#6534 = LINE ( 'NONE', #2185, #5032 ) ;
#6535 = ORIENTED_EDGE ( 'NONE', *, *, #1906, .T. ) ;
#6536 = CARTESIAN_POINT ( 'NONE',  ( -22.99999999999999645, 18.33716540796991978, -22.00000000000000355 ) ) ;
#6537 = CIRCLE ( 'NONE', #6384, 2.000000000000001776 ) ;
#6538 = VERTEX_POINT ( 'NONE', #444 ) ;
#6539 = CYLINDRICAL_SURFACE ( 'NONE', #2044, 2.999999999999999112 ) ;
#6540 = CARTESIAN_POINT ( 'NONE',  ( 28.00000000000000000, 12.50000000000001599, -12.50000000000000000 ) ) ;
#6541 = TOROIDAL_SURFACE ( 'NONE', #8479, 8.000000000000000000, 2.000000000000000000 ) ;
#6542 = PERSON_AND_ORGANIZATION_ROLE ( 'classification_officer' ) ;
#6543 = CARTESIAN_POINT ( 'NONE',  ( -27.99999999999999645, 0.6572807176729866807, -16.50000000000000000 ) ) ;
#6544 = VERTEX_POINT ( 'NONE', #5427 ) ;
#6545 = CARTESIAN_POINT ( 'NONE',  ( -19.99999999999998934, 49.81447292170534524, -22.00000000000000355 ) ) ;
#6546 = EDGE_CURVE ( 'NONE', #318, #1948, #142, .T. ) ;
#6547 = CARTESIAN_POINT ( 'NONE',  ( 23.56093453172318775, 108.5875672093886521, -13.21178285531320107 ) ) ;
#6548 = EDGE_CURVE ( 'NONE', #1713, #2596, #9037, .T. ) ;
#6549 = DIRECTION ( 'NONE',  ( 1.000000000000000000, -1.541976423090495387E-16, -0.000000000000000000 ) ) ;
#6550 = VECTOR ( 'NONE', #4496, 1000.000000000000000 ) ;
#6551 = CARTESIAN_POINT ( 'NONE',  ( 27.99999999999998934, 1.689189189189192808, -18.77505933142119687 ) ) ;
#6552 = ORIENTED_EDGE ( 'NONE', *, *, #5045, .T. ) ;
#6553 = CARTESIAN_POINT ( 'NONE',  ( 25.99999999999999645, 18.35000000000001208, -12.50000000000000000 ) ) ;
#6554 = VERTEX_POINT ( 'NONE', #7293 ) ;
#6555 = CYLINDRICAL_SURFACE ( 'NONE', #6040, 2.999999999999999112 ) ;
#6556 = CIRCLE ( 'NONE', #8809, 1.999999999999998224 ) ;
#6557 = EDGE_CURVE ( 'NONE', #3158, #8332, #4329, .T. ) ;
#6558 = DIRECTION ( 'NONE',  ( 1.541976423090495387E-16, 1.000000000000000000, 0.000000000000000000 ) ) ;
#6559 = AXIS2_PLACEMENT_3D ( 'NONE', #4923, #4212, #3500 ) ;
#6560 = EDGE_CURVE ( 'NONE', #6354, #504, #7817, .T. ) ;
#6561 = CARTESIAN_POINT ( 'NONE',  ( -28.26931186715289712, 2.513744345398828628, -21.77232133010614845 ) ) ;
#6562 = EDGE_CURVE ( 'NONE', #1905, #608, #448, .T. ) ;
#6563 = DIRECTION ( 'NONE',  ( -1.000000000000000000, -9.912705577010326782E-17, 0.000000000000000000 ) ) ;
#6564 = LINE ( 'NONE', #315, #20 ) ;
#6565 = ORIENTED_EDGE ( 'NONE', *, *, #2255, .T. ) ;
#6566 = CARTESIAN_POINT ( 'NONE',  ( -23.00000000000000000, 44.61832049899870611, -22.00000000000000355 ) ) ;
#6567 = CARTESIAN_POINT ( 'NONE',  ( 29.73879676657567828, 3.479968054332493566, -20.66745931376368972 ) ) ;
#6568 = VERTEX_POINT ( 'NONE', #8604 ) ;
#6569 = CIRCLE ( 'NONE', #1444, 3.000000000000002220 ) ;
#6570 = ORIENTED_EDGE ( 'NONE', *, *, #2764, .T. ) ;
#6571 = LINE ( 'NONE', #2316, #6608 ) ;
#6572 = VERTEX_POINT ( 'NONE', #5090 ) ;
#6573 = FACE_OUTER_BOUND ( 'NONE', #1291, .T. ) ;
#6574 = CIRCLE ( 'NONE', #5382, 0.8999999999999980238 ) ;
#6575 = VECTOR ( 'NONE', #5925, 1000.000000000000000 ) ;
#6576 = DIRECTION ( 'NONE',  ( 0.000000000000000000, 1.000000000000000000, 0.000000000000000000 ) ) ;
#6577 = FACE_OUTER_BOUND ( 'NONE', #8405, .T. ) ;
#6578 = ORIENTED_EDGE ( 'NONE', *, *, #8329, .F. ) ;
#6579 = CARTESIAN_POINT ( 'NONE',  ( 0.000000000000000000, 65.10000000000000853, -128.1790850899541852 ) ) ;
#6580 = CARTESIAN_POINT ( 'NONE',  ( 10.27340178588798913, 58.89422863405996367, -22.00000000000000711 ) ) ;
#6581 = ORIENTED_EDGE ( 'NONE', *, *, #5493, .T. ) ;
#6582 = CARTESIAN_POINT ( 'NONE',  ( 24.00000000000000711, 4.266930168246915400, -18.43676739980969614 ) ) ;
#6583 = AXIS2_PLACEMENT_3D ( 'NONE', #1112, #8267, #3185 ) ;
#6584 = ORIENTED_EDGE ( 'NONE', *, *, #4632, .T. ) ;
#6585 = ADVANCED_FACE ( 'NONE', ( #2197 ), #666, .F. ) ;
#6586 = LINE ( 'NONE', #6902, #3562 ) ;
#6587 = AXIS2_PLACEMENT_3D ( 'NONE', #8895, #6835, #7444 ) ;
#6588 = FACE_OUTER_BOUND ( 'NONE', #4874, .T. ) ;
#6589 = ORIENTED_EDGE ( 'NONE', *, *, #3473, .T. ) ;
#6590 = CARTESIAN_POINT ( 'NONE',  ( 23.00000000000000000, 10.31771159413550798, -23.43435491072199284 ) ) ;
#6591 = AXIS2_PLACEMENT_3D ( 'NONE', #4007, #2547, #401 ) ;
#6592 = AXIS2_PLACEMENT_3D ( 'NONE', #4560, #3101, #8845 ) ;
#6593 = EDGE_CURVE ( 'NONE', #5736, #4219, #7327, .T. ) ;
#6594 = CARTESIAN_POINT ( 'NONE',  ( -26.00000000000000000, 20.50000000000002132, -12.50000000000000000 ) ) ;
#6595 = CIRCLE ( 'NONE', #4944, 1.049999999999998934 ) ;
#6596 = VECTOR ( 'NONE', #8859, 1000.000000000000000 ) ;
#6597 = VERTEX_POINT ( 'NONE', #6458 ) ;
#6598 = DIRECTION ( 'NONE',  ( 1.000000000000000000, -0.000000000000000000, -0.000000000000000000 ) ) ;
#6599 = CIRCLE ( 'NONE', #895, 8.000000000000000000 ) ;
#6600 = CARTESIAN_POINT ( 'NONE',  ( -24.99999999999999645, 17.50000000000001066, -12.50000000000000000 ) ) ;
#6601 = VERTEX_POINT ( 'NONE', #6543 ) ;
#6602 = LINE ( 'NONE', #8572, #3569 ) ;
#6603 = VERTEX_POINT ( 'NONE', #2866 ) ;
#6604 = VECTOR ( 'NONE', #3964, 1000.000000000000000 ) ;
#6605 = DIRECTION ( 'NONE',  ( 1.613696256722601693E-15, -1.000000000000000000, 0.000000000000000000 ) ) ;
#6606 = CIRCLE ( 'NONE', #3136, 2.149999999999999023 ) ;
#6607 = ORIENTED_EDGE ( 'NONE', *, *, #1736, .F. ) ;
#6608 = VECTOR ( 'NONE', #3278, 1000.000000000000000 ) ;
#6609 = DIRECTION ( 'NONE',  ( 0.000000000000000000, 0.000000000000000000, -1.000000000000000000 ) ) ;
#6610 = CARTESIAN_POINT ( 'NONE',  ( -23.55000000000002558, 117.9399999999999977, -2.000000000000001776 ) ) ;
#6611 = AXIS2_PLACEMENT_3D ( 'NONE', #2998, #7292, #4512 ) ;
#6612 = DIRECTION ( 'NONE',  ( 0.000000000000000000, 1.000000000000000000, 0.000000000000000000 ) ) ;
#6613 = CARTESIAN_POINT ( 'NONE',  ( -27.99999999999999645, 1.043560762610397097, -8.500000000000000000 ) ) ;
#6614 = ORIENTED_EDGE ( 'NONE', *, *, #3762, .F. ) ;
#6615 = FACE_OUTER_BOUND ( 'NONE', #8308, .T. ) ;
#6616 = DIRECTION ( 'NONE',  ( 1.000000000000000000, -1.541976423090495387E-16, -0.000000000000000000 ) ) ;
#6617 = ORIENTED_EDGE ( 'NONE', *, *, #939, .F. ) ;
#6618 = VECTOR ( 'NONE', #2407, 1000.000000000000000 ) ;
#6619 = ADVANCED_FACE ( 'NONE', ( #21 ), #3574, .T. ) ;
#6620 = ADVANCED_FACE ( 'NONE', ( #5752 ), #4949, .T. ) ;
#6621 = EDGE_LOOP ( 'NONE', ( #2845, #3597, #7052, #4409, #3770 ) ) ;
#6622 = EDGE_LOOP ( 'NONE', ( #6664, #2016, #699, #1789 ) ) ;
#6623 = DIRECTION ( 'NONE',  ( 1.000000000000000000, 0.000000000000000000, 0.000000000000000000 ) ) ;
#6624 = CARTESIAN_POINT ( 'NONE',  ( -24.99999999999999645, 12.50000000000000888, -7.500000000000000000 ) ) ;
#6625 = DIRECTION ( 'NONE',  ( 1.000000000000000000, -0.000000000000000000, -0.000000000000000000 ) ) ;
#6626 = CARTESIAN_POINT ( 'NONE',  ( 25.42776113235822066, 105.0246137788544729, -15.58273363600247663 ) ) ;
#6627 = DIRECTION ( 'NONE',  ( 0.000000000000000000, 1.000000000000000000, -0.000000000000000000 ) ) ;
#6628 = ORIENTED_EDGE ( 'NONE', *, *, #4012, .T. ) ;
#6629 = DIRECTION ( 'NONE',  ( -9.912705577010326782E-17, 1.000000000000000000, 0.000000000000000000 ) ) ;
#6630 = DIRECTION ( 'NONE',  ( 1.000000000000000000, 0.000000000000000000, 0.000000000000000000 ) ) ;
#6631 = ORIENTED_EDGE ( 'NONE', *, *, #1148, .T. ) ;
#6632 = VECTOR ( 'NONE', #3832, 1000.000000000000000 ) ;
#6633 = EDGE_CURVE ( 'NONE', #4130, #2842, #768, .T. ) ;
#6634 = ORIENTED_EDGE ( 'NONE', *, *, #2977, .T. ) ;
#6635 = CARTESIAN_POINT ( 'NONE',  ( -13.42376207875093463, 80.80934643409020168, -15.65739561406607727 ) ) ;
#6636 = CIRCLE ( 'NONE', #7241, 2.149999999999997247 ) ;
#6637 = ORIENTED_EDGE ( 'NONE', *, *, #1072, .F. ) ;
#6638 = CALENDAR_DATE ( 2026, 29, 4 ) ;
#6639 = CARTESIAN_POINT ( 'NONE',  ( -22.25000000000000000, 111.7903061905773541, -21.59999999999999787 ) ) ;
#6640 = EDGE_CURVE ( 'NONE', #5993, #1417, #3732, .T. ) ;
#6641 = LINE ( 'NONE', #200, #2229 ) ;
#6642 = VERTEX_POINT ( 'NONE', #5041 ) ;
#6643 = AXIS2_PLACEMENT_3D ( 'NONE', #2232, #90, #6576 ) ;
#6644 = ORIENTED_EDGE ( 'NONE', *, *, #1049, .F. ) ;
#6645 = ORIENTED_EDGE ( 'NONE', *, *, #1004, .T. ) ;
#6646 = LINE ( 'NONE', #158, #3396 ) ;
#6647 = PLANE ( 'NONE',  #4791 ) ;
#6648 = DIRECTION ( 'NONE',  ( 0.8660254037844397068, 0.4999999999999979461, 0.000000000000000000 ) ) ;
#6649 = LINE ( 'NONE', #3718, #3082 ) ;
#6650 = ORIENTED_EDGE ( 'NONE', *, *, #1532, .T. ) ;
#6651 = ADVANCED_FACE ( 'NONE', ( #2953 ), #3478, .T. ) ;
#6652 = PLANE ( 'NONE',  #5548 ) ;
#6653 = EDGE_LOOP ( 'NONE', ( #3926, #3991, #9290, #5960, #5496, #3600, #881 ) ) ;
#6654 = CARTESIAN_POINT ( 'NONE',  ( 10.74999999999978506, 80.80934643409020168, -15.65739561406607727 ) ) ;
#6655 = VERTEX_POINT ( 'NONE', #4232 ) ;
#6656 = CARTESIAN_POINT ( 'NONE',  ( -12.94814989366372338, 70.39833175440061552, -23.00000000000000000 ) ) ;
#6657 = CARTESIAN_POINT ( 'NONE',  ( -22.25000000000000000, 113.9403061905773598, -7.599999999999997868 ) ) ;
#6658 = DIRECTION ( 'NONE',  ( -2.579370461232904926E-32, 2.602085213965210149E-16, 1.000000000000000000 ) ) ;
#6659 = DIRECTION ( 'NONE',  ( 0.000000000000000000, 0.000000000000000000, -1.000000000000000000 ) ) ;
#6660 = DIRECTION ( 'NONE',  ( -1.000000000000000000, -9.912705577010326782E-17, 0.000000000000000000 ) ) ;
#6661 = CARTESIAN_POINT ( 'NONE',  ( -20.25000000000000000, 113.9403061905773740, -8.500000000000005329 ) ) ;
#6662 = DIRECTION ( 'NONE',  ( -0.4999999999999977796, 0.8660254037844398178, 0.000000000000000000 ) ) ;
#6663 = ORIENTED_EDGE ( 'NONE', *, *, #7646, .T. ) ;
#6664 = ORIENTED_EDGE ( 'NONE', *, *, #1815, .T. ) ;
#6665 = ORIENTED_EDGE ( 'NONE', *, *, #3210, .T. ) ;
#6666 = CARTESIAN_POINT ( 'NONE',  ( 5.773401785888007787, 57.10000000000000142, 0.000000000000000000 ) ) ;
#6667 = CARTESIAN_POINT ( 'NONE',  ( -2.053768692359101854E-13, 96.44000000000002615, -11.54289884801876198 ) ) ;
#6668 = EDGE_CURVE ( 'NONE', #3605, #5437, #8095, .T. ) ;
#6669 = CARTESIAN_POINT ( 'NONE',  ( -23.55000000000002203, 117.9399999999999977, -23.73205080756888563 ) ) ;
#6670 = ADVANCED_FACE ( 'NONE', ( #1537 ), #7996, .F. ) ;
#6671 = DIRECTION ( 'NONE',  ( 1.000000000000000000, 0.000000000000000000, 0.000000000000000000 ) ) ;
#6672 = CYLINDRICAL_SURFACE ( 'NONE', #7446, 6.000000000000001776 ) ;
#6673 = VERTEX_POINT ( 'NONE', #5841 ) ;
#6674 = DIRECTION ( 'NONE',  ( -1.000000000000000000, 1.541976423090495387E-16, 0.000000000000000000 ) ) ;
#6675 = CARTESIAN_POINT ( 'NONE',  ( 25.99999999999999645, 53.27857453684310229, -23.00000000000000000 ) ) ;
#6676 = ORIENTED_EDGE ( 'NONE', *, *, #3351, .T. ) ;
#6677 = CARTESIAN_POINT ( 'NONE',  ( 5.773401785888007787, 51.10000000000000853, -22.00000000000000711 ) ) ;
#6678 = CARTESIAN_POINT ( 'NONE',  ( -29.99999999999998579, 4.186072168292747087, -19.21426587718588408 ) ) ;
#6679 = CARTESIAN_POINT ( 'NONE',  ( 11.26830527994896336, 71.48374507372810172, -25.00000000000000000 ) ) ;
#6680 = EDGE_CURVE ( 'NONE', #7220, #515, #6595, .T. ) ;
#6681 = ORIENTED_EDGE ( 'NONE', *, *, #5443, .F. ) ;
#6682 = CARTESIAN_POINT ( 'NONE',  ( 29.80798166687671724, 3.168929088071270161, -18.98874397693456828 ) ) ;
#6683 = EDGE_CURVE ( 'NONE', #4737, #9212, #1496, .T. ) ;
#6684 = VECTOR ( 'NONE', #6351, 999.9999999999998863 ) ;
#6685 = DIRECTION ( 'NONE',  ( 0.000000000000000000, 0.000000000000000000, -1.000000000000000000 ) ) ;
#6686 = ORIENTED_EDGE ( 'NONE', *, *, #1825, .F. ) ;
#6687 = FACE_OUTER_BOUND ( 'NONE', #7144, .T. ) ;
#6688 = ORIENTED_EDGE ( 'NONE', *, *, #8227, .T. ) ;
#6689 = CIRCLE ( 'NONE', #3679, 1.999999999999998224 ) ;
#6690 = DIRECTION ( 'NONE',  ( 0.8660254037844399289, -0.4999999999999980571, 0.000000000000000000 ) ) ;
#6691 = CARTESIAN_POINT ( 'NONE',  ( -24.99999999999999645, 12.50000000000000888, -12.50000000000000000 ) ) ;
#6692 = DIRECTION ( 'NONE',  ( -1.000000000000000000, -1.541976423090495387E-16, 0.000000000000000000 ) ) ;
#6693 = CARTESIAN_POINT ( 'NONE',  ( -30.00000000000000355, 10.40123792940916658, -25.50000000000001066 ) ) ;
#6694 = ORIENTED_EDGE ( 'NONE', *, *, #6502, .T. ) ;
#6695 = DIRECTION ( 'NONE',  ( 0.8090169943749473402, 0.000000000000000000, -0.5877852522924732481 ) ) ;
#6696 = ORIENTED_EDGE ( 'NONE', *, *, #2133, .T. ) ;
#6697 = AXIS2_PLACEMENT_3D ( 'NONE', #1483, #1437, #3607 ) ;
#6698 = B_SPLINE_CURVE_WITH_KNOTS ( 'NONE', 3,
 ( #1218, #4126, #3944, #4040, #5556, #3419, #9069, #435, #4796, #3371, #6925, #569, #6306, #5417 ),
 .UNSPECIFIED., .F., .F.,
 ( 4, 2, 2, 2, 2, 2, 4 ),
 ( 0.000000000000000000, 0.0005255395310302797508, 0.001051079062060559502, 0.002102158124121124641, 0.003153237186181689564, 0.003678776717211968122, 0.004204316248242246680 ),
 .UNSPECIFIED. ) ;
#6699 = DIRECTION ( 'NONE',  ( -0.000000000000000000, 0.000000000000000000, 1.000000000000000000 ) ) ;
#6700 = CARTESIAN_POINT ( 'NONE',  ( 18.57654914134644741, 94.44000000000002615, -23.00000000000000000 ) ) ;
#6701 = EDGE_CURVE ( 'NONE', #794, #8586, #9294, .T. ) ;
#6702 = CIRCLE ( 'NONE', #2627, 10.83606315166880840 ) ;
#6703 = DIRECTION ( 'NONE',  ( 0.8399223068573791195, 0.5427066596637438733, 0.000000000000000000 ) ) ;
#6704 = AXIS2_PLACEMENT_3D ( 'NONE', #3558, #3415, #3510 ) ;
#6705 = DIRECTION ( 'NONE',  ( 0.000000000000000000, 1.000000000000000000, -0.000000000000000000 ) ) ;
#6706 = DIRECTION ( 'NONE',  ( 1.000000000000000000, -0.000000000000000000, -0.000000000000000000 ) ) ;
#6707 = ORIENTED_EDGE ( 'NONE', *, *, #4853, .F. ) ;
#6708 = LINE ( 'NONE', #3961, #4345 ) ;
#6709 = CARTESIAN_POINT ( 'NONE',  ( 22.24999999999998579, 113.9403061905773598, -20.69999999999999929 ) ) ;
#6710 = ORIENTED_EDGE ( 'NONE', *, *, #2772, .F. ) ;
#6711 = ORIENTED_EDGE ( 'NONE', *, *, #5549, .T. ) ;
#6712 = VECTOR ( 'NONE', #4141, 1000.000000000000000 ) ;
#6713 = VECTOR ( 'NONE', #5909, 1000.000000000000000 ) ;
#6714 = VERTEX_POINT ( 'NONE', #3041 ) ;
#6715 = CARTESIAN_POINT ( 'NONE',  ( 22.54999999999997584, 118.9400000000000972, -0.2679491924311230844 ) ) ;
#6716 = EDGE_CURVE ( 'NONE', #7832, #4438, #5246, .T. ) ;
#6717 = LINE ( 'NONE', #1063, #4186 ) ;
#6718 = CARTESIAN_POINT ( 'NONE',  ( 17.40583894593559222, 96.30893166001959571, -15.40734797180528126 ) ) ;
#6719 = CIRCLE ( 'NONE', #6420, 5.999999999999998224 ) ;
#6720 = CARTESIAN_POINT ( 'NONE',  ( -17.98768373480796257, 67.14209179641811431, -25.00000000000000000 ) ) ;
#6721 = CARTESIAN_POINT ( 'NONE',  ( -23.50997052723309722, 115.1122992972075849, -23.40901408153305852 ) ) ;
#6723 = ORIENTED_EDGE ( 'NONE', *, *, #8620, .T. ) ;
#6722 = AXIS2_PLACEMENT_3D ( 'NONE', #5615, #8469, #8997 ) ;
#6724 = CARTESIAN_POINT ( 'NONE',  ( 25.99999999999999645, 12.49999999999987388, -20.49999999999977618 ) ) ;
#6725 = CARTESIAN_POINT ( 'NONE',  ( -23.55075865418073278, 108.8174501764674602, -15.65676366217321203 ) ) ;
#6726 = ORIENTED_EDGE ( 'NONE', *, *, #8793, .T. ) ;
#6727 = LINE ( 'NONE', #3892, #4806 ) ;
#6728 = ADVANCED_FACE ( 'NONE', ( #5981 ), #2387, .T. ) ;
#6729 = AXIS2_PLACEMENT_3D ( 'NONE', #7993, #2502, #8744 ) ;
#6730 = CARTESIAN_POINT ( 'NONE',  ( -25.74737230856512937, 104.7903061905773541, -14.59999999999999432 ) ) ;
#6731 = ORIENTED_EDGE ( 'NONE', *, *, #3554, .T. ) ;
#6732 = PERSON_AND_ORGANIZATION ( #8923, #2240 ) ;
#6733 = DIRECTION ( 'NONE',  ( 0.000000000000000000, 0.000000000000000000, -1.000000000000000000 ) ) ;
#6734 = AXIS2_PLACEMENT_3D ( 'NONE', #6990, #9232, #4821 ) ;
#6735 = DIRECTION ( 'NONE',  ( 1.734723475976807292E-15, -1.000000000000000000, 0.000000000000000000 ) ) ;
#6736 = ORIENTED_EDGE ( 'NONE', *, *, #2006, .F. ) ;
#6737 = EDGE_CURVE ( 'NONE', #608, #6568, #2430, .T. ) ;
#6738 = CARTESIAN_POINT ( 'NONE',  ( 29.84899400307059736, 3.713451148670641189, -25.17340326033535547 ) ) ;
#6739 = ADVANCED_FACE ( 'NONE', ( #3000 ), #1675, .T. ) ;
#6740 = EDGE_LOOP ( 'NONE', ( #6521, #1151, #8588, #5063 ) ) ;
#6741 = AXIS2_PLACEMENT_3D ( 'NONE', #5777, #5824, #833 ) ;
#6742 = CARTESIAN_POINT ( 'NONE',  ( 27.99999999999999289, 12.49999999999999822, -12.50000000000000000 ) ) ;
#6743 = CARTESIAN_POINT ( 'NONE',  ( -25.99999999999999645, 19.20685424949229159, -18.15685424949224469 ) ) ;
#6744 = DIRECTION ( 'NONE',  ( 3.304235192336775512E-16, 1.000000000000000000, 0.000000000000000000 ) ) ;
#6745 = CARTESIAN_POINT ( 'NONE',  ( 58.00000000000002132, 17.10685424949231148, -18.15685424949224469 ) ) ;
#6746 = LINE ( 'NONE', #6081, #2057 ) ;
#6747 = VERTEX_POINT ( 'NONE', #6784 ) ;
#6748 = FACE_OUTER_BOUND ( 'NONE', #8174, .T. ) ;
#6749 = EDGE_CURVE ( 'NONE', #5464, #3654, #5996, .T. ) ;
#6750 = AXIS2_PLACEMENT_3D ( 'NONE', #1631, #7484, #8887 ) ;
#6751 = AXIS2_PLACEMENT_3D ( 'NONE', #2110, #5001, #2770 ) ;
#6752 = DIRECTION ( 'NONE',  ( -0.000000000000000000, 0.000000000000000000, 1.000000000000000000 ) ) ;
#6753 = CARTESIAN_POINT ( 'NONE',  ( -26.00000000000000000, 18.15685424949254667, -6.843145750507550140 ) ) ;
#6754 = CARTESIAN_POINT ( 'NONE',  ( -11.73544017240899251, 104.4400000000000261, -55.88986340024111144 ) ) ;
#6755 = CARTESIAN_POINT ( 'NONE',  ( -26.25000000000000355, 102.3196380149609155, -2.000000000000000000 ) ) ;
#6756 = AXIS2_PLACEMENT_3D ( 'NONE', #4652, #850, #3712 ) ;
#6757 = AXIS2_PLACEMENT_3D ( 'NONE', #7717, #1362, #7114 ) ;
#6758 = DIRECTION ( 'NONE',  ( -0.000000000000000000, 1.000000000000000000, -0.000000000000000000 ) ) ;
#6759 = DIRECTION ( 'NONE',  ( 8.019547272036671442E-16, 0.000000000000000000, -1.000000000000000000 ) ) ;
#6760 = EDGE_LOOP ( 'NONE', ( #678, #5118, #9020, #1705 ) ) ;
#6761 = DIRECTION ( 'NONE',  ( 1.000000000000000000, 0.000000000000000000, 0.000000000000000000 ) ) ;
#6762 = EDGE_CURVE ( 'NONE', #2954, #8792, #6030, .T. ) ;
#6763 = ORIENTED_EDGE ( 'NONE', *, *, #176, .F. ) ;
#6764 = AXIS2_PLACEMENT_3D ( 'NONE', #4322, #9215, #4942 ) ;
#6765 = EDGE_LOOP ( 'NONE', ( #6056, #1951 ) ) ;
#6766 = DIRECTION ( 'NONE',  ( -1.000000000000000000, 1.898094922533725623E-16, -0.000000000000000000 ) ) ;
#6767 = LOCAL_TIME ( 15, 29, 41.00000000000000000, #3141 ) ;
#6768 = DIRECTION ( 'NONE',  ( -0.8090169943749478954, -0.000000000000000000, 0.5877852522924723599 ) ) ;
#6769 = DIRECTION ( 'NONE',  ( 0.000000000000000000, 0.000000000000000000, 1.000000000000000000 ) ) ;
#6770 = VECTOR ( 'NONE', #5537, 1000.000000000000000 ) ;
#6771 = CARTESIAN_POINT ( 'NONE',  ( -22.99999999999999645, 12.50000000000001066, -12.50000000000000000 ) ) ;
#6772 = CARTESIAN_POINT ( 'NONE',  ( -23.40400016604824174, 113.7880332616469445, -23.75012225795637733 ) ) ;
#6773 = VERTEX_POINT ( 'NONE', #985 ) ;
#6774 = CARTESIAN_POINT ( 'NONE',  ( 35.10813947400562540, 104.4400000000000261, -45.83208836107560558 ) ) ;
#6775 = FACE_OUTER_BOUND ( 'NONE', #4950, .T. ) ;
#6776 = ORIENTED_EDGE ( 'NONE', *, *, #261, .T. ) ;
#6777 = CARTESIAN_POINT ( 'NONE',  ( 8.399223068573766326, 78.09909387501738820, -22.99999999999999645 ) ) ;
#6778 = EDGE_CURVE ( 'NONE', #4063, #6655, #8383, .T. ) ;
#6779 = EDGE_CURVE ( 'NONE', #2064, #5106, #9137, .T. ) ;
#6780 = CARTESIAN_POINT ( 'NONE',  ( 15.60284603631600397, 104.4400000000000261, -67.79251475916376535 ) ) ;
#6781 = ORIENTED_EDGE ( 'NONE', *, *, #3060, .F. ) ;
#6782 = AXIS2_PLACEMENT_3D ( 'NONE', #9011, #2559, #8481 ) ;
#6783 = CARTESIAN_POINT ( 'NONE',  ( 29.99999999999999289, 4.373129173500234224, -19.48718474989946259 ) ) ;
#6784 = CARTESIAN_POINT ( 'NONE',  ( -2.163118960624837328, 96.44000000000002615, -13.11449676604731174 ) ) ;
#6785 = ORIENTED_EDGE ( 'NONE', *, *, #7199, .T. ) ;
#6786 = ORIENTED_EDGE ( 'NONE', *, *, #3084, .T. ) ;
#6787 = VECTOR ( 'NONE', #6043, 1000.000000000000000 ) ;
#6788 = DIRECTION ( 'NONE',  ( 0.000000000000000000, -0.000000000000000000, -1.000000000000000000 ) ) ;
#6789 = DIRECTION ( 'NONE',  ( -1.734723475976807292E-15, 1.000000000000000000, -0.000000000000000000 ) ) ;
#6790 = DIRECTION ( 'NONE',  ( 0.000000000000000000, 1.000000000000000000, 0.000000000000000000 ) ) ;
#6791 = EDGE_CURVE ( 'NONE', #3855, #6356, #3850, .T. ) ;
#6792 = ADVANCED_FACE ( 'NONE', ( #246, #5178 ), #4463, .T. ) ;
#6793 = CARTESIAN_POINT ( 'NONE',  ( -26.00000000000000000, 18.15685424949231219, -18.15685424949224469 ) ) ;
#6794 = AXIS2_PLACEMENT_3D ( 'NONE', #6186, #3383, #1915 ) ;
#6795 = FACE_OUTER_BOUND ( 'NONE', #6161, .T. ) ;
#6796 = ORIENTED_EDGE ( 'NONE', *, *, #3819, .F. ) ;
#6797 = DIRECTION ( 'NONE',  ( -1.000000000000000000, 0.000000000000000000, 0.000000000000000000 ) ) ;
#6798 = LINE ( 'NONE', #4568, #7167 ) ;
#6799 = AXIS2_PLACEMENT_3D ( 'NONE', #6104, #7561, #8872 ) ;
#6800 = CARTESIAN_POINT ( 'NONE',  ( 25.99999999999999645, 12.50000000000021316, -4.499999999999771738 ) ) ;
#6801 = EDGE_CURVE ( 'NONE', #6117, #9119, #6641, .T. ) ;
#6802 = CARTESIAN_POINT ( 'NONE',  ( 23.00000000000000000, 18.33716540796993044, -3.000000000000002665 ) ) ;
#6803 = CARTESIAN_POINT ( 'NONE',  ( 58.00000000000002132, 18.15685424949254312, -6.843145750507550140 ) ) ;
#6804 = DIRECTION ( 'NONE',  ( -1.000000000000000000, -1.892425610156517122E-16, -0.000000000000000000 ) ) ;
#6805 = CARTESIAN_POINT ( 'NONE',  ( 25.99999999999999645, 14.65000000000021174, -4.499999999999771738 ) ) ;
#6806 = ORIENTED_EDGE ( 'NONE', *, *, #5927, .F. ) ;
#6807 = CARTESIAN_POINT ( 'NONE',  ( 24.79633497013947618, 4.603910184322922206, -17.51433019583398831 ) ) ;
#6808 = ORIENTED_EDGE ( 'NONE', *, *, #1379, .F. ) ;
#6809 = ORIENTED_EDGE ( 'NONE', *, *, #3119, .F. ) ;
#6810 = DIRECTION ( 'NONE',  ( -0.000000000000000000, 0.000000000000000000, 1.000000000000000000 ) ) ;
#6811 = CARTESIAN_POINT ( 'NONE',  ( 0.000000000000000000, 0.000000000000000000, 0.000000000000000000 ) ) ;
#6812 = DIRECTION ( 'NONE',  ( 1.000000000000000000, 0.000000000000000000, 0.000000000000000000 ) ) ;
#6813 = ADVANCED_FACE ( 'NONE', ( #8838 ), #1717, .T. ) ;
#6814 = CARTESIAN_POINT ( 'NONE',  ( 24.15534234869042152, 1.734559614311363962, -7.500000000000007105 ) ) ;
#6815 = CARTESIAN_POINT ( 'NONE',  ( -12.08688103937556946, 96.44000000000002615, -19.77189238011338546 ) ) ;
#6816 = VERTEX_POINT ( 'NONE', #3145 ) ;
#6817 = CARTESIAN_POINT ( 'NONE',  ( -20.25000000000000000, 118.9399999999999835, -4.500000000000000000 ) ) ;
#6818 = DIRECTION ( 'NONE',  ( 0.8399223068573765660, -0.5427066596637477591, 0.000000000000000000 ) ) ;
#6819 = VERTEX_POINT ( 'NONE', #5931 ) ;
#6820 = CARTESIAN_POINT ( 'NONE',  ( -5.773401785888006899, 60.10000000000000853, -3.000000000000000000 ) ) ;
#6821 = CARTESIAN_POINT ( 'NONE',  ( -17.00155164700865384, 96.44000000000002615, -15.11361605560214372 ) ) ;
#6822 = ADVANCED_FACE ( 'NONE', ( #8229 ), #1766, .T. ) ;
#6823 = ORIENTED_EDGE ( 'NONE', *, *, #689, .T. ) ;
#6824 = ADVANCED_FACE ( 'NONE', ( #6588 ), #152, .T. ) ;
#6825 = CARTESIAN_POINT ( 'NONE',  ( 29.93718902156224360, 3.697282358648508183, -19.09911290060059486 ) ) ;
#6826 = CARTESIAN_POINT ( 'NONE',  ( 27.62696998969517281, 0.9536430946264708997, -7.710250090976442650 ) ) ;
#6827 = EDGE_LOOP ( 'NONE', ( #7894, #5293, #6438, #5772, #1497 ) ) ;
#6828 = CARTESIAN_POINT ( 'NONE',  ( -23.00000000000000000, 12.50000000000000888, -7.500000000000000000 ) ) ;
#6829 = ORIENTED_EDGE ( 'NONE', *, *, #5443, .T. ) ;
#6830 = DIRECTION ( 'NONE',  ( 1.000000000000000000, -1.541976423090495387E-16, -0.000000000000000000 ) ) ;
#6831 = EDGE_CURVE ( 'NONE', #2169, #1527, #1581, .T. ) ;
#6832 = DIRECTION ( 'NONE',  ( 0.3090169943749482839, 0.000000000000000000, -0.9510565162951533091 ) ) ;
#6833 = FACE_OUTER_BOUND ( 'NONE', #7222, .T. ) ;
#6834 = CARTESIAN_POINT ( 'NONE',  ( 28.25000000000000000, 94.08030619057737454, -22.99999999999999289 ) ) ;
#6835 = DIRECTION ( 'NONE',  ( -1.000000000000000000, -1.541976423090495387E-16, -0.000000000000000000 ) ) ;
#6836 = ORIENTED_EDGE ( 'NONE', *, *, #7452, .T. ) ;
#6837 = LINE ( 'NONE', #2354, #8577 ) ;
#6838 = AXIS2_PLACEMENT_3D ( 'NONE', #3485, #1411, #4283 ) ;
#6839 = EDGE_CURVE ( 'NONE', #863, #4111, #3323, .T. ) ;
#6840 = EDGE_CURVE ( 'NONE', #6747, #8180, #4699, .T. ) ;
#6841 = CARTESIAN_POINT ( 'NONE',  ( 10.74999999999978506, 96.44000000000002615, -15.65739561406607727 ) ) ;
#6842 = DIRECTION ( 'NONE',  ( -0.5427066596637479812, -0.8399223068573764550, 0.000000000000000000 ) ) ;
#6843 = CIRCLE ( 'NONE', #8032, 0.8999999999999980238 ) ;
#6844 = LINE ( 'NONE', #6050, #2035 ) ;
#6845 = CARTESIAN_POINT ( 'NONE',  ( 23.40414936479012908, 113.6306107381602430, -23.74975342840289017 ) ) ;
#6846 = CARTESIAN_POINT ( 'NONE',  ( -29.57029951316431848, 51.21726115183010819, 0.000000000000000000 ) ) ;
#6847 = CARTESIAN_POINT ( 'NONE',  ( -26.00000000000000000, 18.15685424949231219, -18.15685424949224469 ) ) ;
#6848 = ORIENTED_EDGE ( 'NONE', *, *, #3472, .F. ) ;
#6849 = CARTESIAN_POINT ( 'NONE',  ( 24.05766510564401273, 4.141647365350563881, -18.15660077952677653 ) ) ;
#6850 = ORIENTED_EDGE ( 'NONE', *, *, #7307, .F. ) ;
#6851 = ADVANCED_FACE ( 'NONE', ( #4088 ), #1076, .T. ) ;
#6852 = EDGE_CURVE ( 'NONE', #5261, #2344, #8455, .T. ) ;
#6853 = VECTOR ( 'NONE', #6627, 1000.000000000000000 ) ;
#6854 = VERTEX_POINT ( 'NONE', #2527 ) ;
#6855 = DIRECTION ( 'NONE',  ( -1.000000000000000000, -1.892425610156517122E-16, -0.000000000000000000 ) ) ;
#6856 = VECTOR ( 'NONE', #474, 1000.000000000000000 ) ;
#6857 = EDGE_CURVE ( 'NONE', #8408, #8502, #6966, .T. ) ;
#6858 = DIRECTION ( 'NONE',  ( -2.579370461232904926E-32, 2.602085213965210149E-16, 1.000000000000000000 ) ) ;
#6859 = DIRECTION ( 'NONE',  ( 0.000000000000000000, -1.000000000000000000, 0.000000000000000000 ) ) ;
#6860 = CARTESIAN_POINT ( 'NONE',  ( 23.31393684833123459, 2.886454107512971934, -7.500000000000007105 ) ) ;
#6861 = CARTESIAN_POINT ( 'NONE',  ( -17.00000000000000000, 44.61832049899870611, -25.00000000000000000 ) ) ;
#6862 = ORIENTED_EDGE ( 'NONE', *, *, #1780, .F. ) ;
#6863 = LINE ( 'NONE', #3976, #6856 ) ;
#6864 = CARTESIAN_POINT ( 'NONE',  ( -22.99999999999999645, 9.473901458340574067, -25.50000000000000000 ) ) ;
#6865 = ORIENTED_EDGE ( 'NONE', *, *, #492, .T. ) ;
#6866 = VECTOR ( 'NONE', #8913, 1000.000000000000000 ) ;
#6867 = CIRCLE ( 'NONE', #3538, 8.000000000000000000 ) ;
#6868 = ORIENTED_EDGE ( 'NONE', *, *, #8177, .T. ) ;
#6869 = DIRECTION ( 'NONE',  ( -0.000000000000000000, 0.000000000000000000, 1.000000000000000000 ) ) ;
#6870 = VECTOR ( 'NONE', #2966, 1000.000000000000000 ) ;
#6871 = AXIS2_PLACEMENT_3D ( 'NONE', #5049, #5097, #7961 ) ;
#6872 = ORIENTED_EDGE ( 'NONE', *, *, #3993, .F. ) ;
#6873 = CARTESIAN_POINT ( 'NONE',  ( 29.80798166694020068, 3.635295486824965838, -20.47291271479684838 ) ) ;
#6874 = ORIENTED_EDGE ( 'NONE', *, *, #8540, .F. ) ;
#6875 = CARTESIAN_POINT ( 'NONE',  ( 0.000000000000000000, 12.49999999999999822, 0.000000000000000000 ) ) ;
#6876 = ORIENTED_EDGE ( 'NONE', *, *, #4257, .T. ) ;
#6877 = CIRCLE ( 'NONE', #2800, 6.000000000000000000 ) ;
#6878 = ADVANCED_FACE ( 'NONE', ( #3331 ), #1040, .F. ) ;
#6879 = ORIENTED_EDGE ( 'NONE', *, *, #4893, .T. ) ;
#6880 = DIRECTION ( 'NONE',  ( 0.000000000000000000, 0.000000000000000000, 1.000000000000000000 ) ) ;
#6881 = DIRECTION ( 'NONE',  ( -1.000000000000000000, 0.000000000000000000, 0.000000000000000000 ) ) ;
#6882 = CIRCLE ( 'NONE', #8668, 2.000000000000000000 ) ;
#6883 = DIRECTION ( 'NONE',  ( 0.000000000000000000, -1.000000000000000000, 0.000000000000000000 ) ) ;
#6884 = CARTESIAN_POINT ( 'NONE',  ( -28.68691143708806379, 12.32823046704880987, -25.50000000000000000 ) ) ;
#6885 = CARTESIAN_POINT ( 'NONE',  ( -37.75000000000000711, 113.9403061905773740, -8.500000000000005329 ) ) ;
#6886 = VERTEX_POINT ( 'NONE', #1169 ) ;
#6887 = PLANE ( 'NONE',  #4081 ) ;
#6888 = EDGE_CURVE ( 'NONE', #6432, #3965, #6698, .T. ) ;
#6889 = VECTOR ( 'NONE', #1419, 1000.000000000000000 ) ;
#6890 = DIRECTION ( 'NONE',  ( 1.000000000000000000, -1.541976423090495387E-16, 0.000000000000000000 ) ) ;
#6891 = DIRECTION ( 'NONE',  ( 0.000000000000000000, 0.000000000000000000, -1.000000000000000000 ) ) ;
#6892 = AXIS2_PLACEMENT_3D ( 'NONE', #9100, #7785, #1338 ) ;
#6893 = DIRECTION ( 'NONE',  ( -1.000000000000000000, 1.541976423090495387E-16, 0.000000000000000000 ) ) ;
#6894 = CARTESIAN_POINT ( 'NONE',  ( 23.53962286368309265, 112.5230163825967935, -23.22400412233717404 ) ) ;
#6895 = ORIENTED_EDGE ( 'NONE', *, *, #4367, .T. ) ;
#6896 = DIRECTION ( 'NONE',  ( 0.3090169943749457304, 0.000000000000000000, -0.9510565162951540863 ) ) ;
#6897 = VERTEX_POINT ( 'NONE', #487 ) ;
#6898 = FACE_OUTER_BOUND ( 'NONE', #7200, .T. ) ;
#6899 = ORIENTED_EDGE ( 'NONE', *, *, #6962, .F. ) ;
#6900 = EDGE_LOOP ( 'NONE', ( #2026, #5132, #6122, #797 ) ) ;
#6901 = CARTESIAN_POINT ( 'NONE',  ( 5.663118960624426101, 80.80934643409020168, -15.65739561406607372 ) ) ;
#6902 = CARTESIAN_POINT ( 'NONE',  ( -26.25000000000000355, 0.000000000000000000, 0.000000000000000000 ) ) ;
#6903 = DIRECTION ( 'NONE',  ( 0.000000000000000000, 0.000000000000000000, 1.000000000000000000 ) ) ;
#6904 = FACE_OUTER_BOUND ( 'NONE', #4505, .T. ) ;
#6905 = VECTOR ( 'NONE', #578, 1000.000000000000000 ) ;
#6906 = CIRCLE ( 'NONE', #2832, 2.149999999999999023 ) ;
#6907 = CARTESIAN_POINT ( 'NONE',  ( -24.00000000000001066, 12.50000000000001066, -22.65000000000000213 ) ) ;
#6908 = CARTESIAN_POINT ( 'NONE',  ( 26.25000000000000355, 94.67022964293305165, -25.00000000000000000 ) ) ;
#6909 = EDGE_CURVE ( 'NONE', #2842, #9210, #8411, .T. ) ;
#6910 = EDGE_LOOP ( 'NONE', ( #7740, #7083 ) ) ;
#6911 = EDGE_CURVE ( 'NONE', #2842, #3038, #5506, .T. ) ;
#6912 = CARTESIAN_POINT ( 'NONE',  ( -29.99999999999999645, 4.500000000000000888, -24.99999999999999289 ) ) ;
#6913 = DIRECTION ( 'NONE',  ( 0.9510565162951538642, 0.000000000000000000, -0.3090169943749466741 ) ) ;
#6914 = VERTEX_POINT ( 'NONE', #1993 ) ;
#6915 = CIRCLE ( 'NONE', #5558, 1.050000000000000488 ) ;
#6916 = VECTOR ( 'NONE', #3283, 1000.000000000000000 ) ;
#6917 = AXIS2_PLACEMENT_3D ( 'NONE', #6222, #8280, #3949 ) ;
#6918 = ORIENTED_EDGE ( 'NONE', *, *, #9049, .T. ) ;
#6919 = PLANE ( 'NONE',  #6279 ) ;
#6920 = AXIS2_PLACEMENT_3D ( 'NONE', #415, #6201, #9098 ) ;
#6921 = ORIENTED_EDGE ( 'NONE', *, *, #669, .F. ) ;
#6922 = LOCAL_TIME ( 15, 29, 41.00000000000000000, #2951 ) ;
#6923 = DIRECTION ( 'NONE',  ( 1.000000000000000000, 0.000000000000000000, 0.000000000000000000 ) ) ;
#6924 = ORIENTED_EDGE ( 'NONE', *, *, #4983, .T. ) ;
#6925 = CARTESIAN_POINT ( 'NONE',  ( -29.96226735906543936, 4.099998885823179506, -19.86679498375015740 ) ) ;
#6926 = VERTEX_POINT ( 'NONE', #1952 ) ;
#6927 = CIRCLE ( 'NONE', #4939, 10.14999999999999858 ) ;
#6928 = VERTEX_POINT ( 'NONE', #9166 ) ;
#6929 = CARTESIAN_POINT ( 'NONE',  ( 16.57654914134644741, 96.44000000000002615, -14.80483366073001505 ) ) ;
#6930 = LINE ( 'NONE', #1821, #1044 ) ;
#6931 = CARTESIAN_POINT ( 'NONE',  ( -25.99999999999999645, 18.15685424949252891, -6.843145750507550140 ) ) ;
#6932 = EDGE_CURVE ( 'NONE', #3390, #2298, #2715, .T. ) ;
#6933 = LINE ( 'NONE', #7072, #6905 ) ;
#6934 = ORIENTED_EDGE ( 'NONE', *, *, #3781, .F. ) ;
#6935 = AXIS2_PLACEMENT_3D ( 'NONE', #8438, #1977, #7737 ) ;
#6936 = DIRECTION ( 'NONE',  ( 1.000000000000000000, -1.541976423090495387E-16, -0.000000000000000000 ) ) ;
#6937 = CARTESIAN_POINT ( 'NONE',  ( 26.00000000000000000, 13.82287565553228958, -27.00000000000000355 ) ) ;
#6938 = LINE ( 'NONE', #5523, #6457 ) ;
#6939 = AXIS2_PLACEMENT_3D ( 'NONE', #2964, #9277, #6515 ) ;
#6940 = EDGE_CURVE ( 'NONE', #7481, #9246, #3988, .T. ) ;
#6941 = DIRECTION ( 'NONE',  ( 1.000000000000000000, -1.541976423090495387E-16, 0.000000000000000000 ) ) ;
#6942 = FACE_OUTER_BOUND ( 'NONE', #2837, .T. ) ;
#6943 = ORIENTED_EDGE ( 'NONE', *, *, #2743, .F. ) ;
#6944 = CARTESIAN_POINT ( 'NONE',  ( -28.00000000000000000, 0.7009795153335967033, -16.62937814841744455 ) ) ;
#6945 = ORIENTED_EDGE ( 'NONE', *, *, #5549, .F. ) ;
#6946 = CARTESIAN_POINT ( 'NONE',  ( -22.99999999999999645, 18.33716540796991978, -2.999999999999999112 ) ) ;
#6947 = ORIENTED_EDGE ( 'NONE', *, *, #4167, .T. ) ;
#6948 = VECTOR ( 'NONE', #6461, 1000.000000000000000 ) ;
#6949 = CARTESIAN_POINT ( 'NONE',  ( -27.99999999999999289, 12.49999999999999822, -12.50000000000000000 ) ) ;
#6950 = CARTESIAN_POINT ( 'NONE',  ( -23.55000000000001137, 108.8796683660667810, -13.66200625195907925 ) ) ;
#6951 = FACE_OUTER_BOUND ( 'NONE', #8541, .T. ) ;
#6952 = CARTESIAN_POINT ( 'NONE',  ( -23.30497463552145376, 13.37883431135816359, -23.31852376361846524 ) ) ;
#6953 = LINE ( 'NONE', #553, #3446 ) ;
#6954 = PLANE ( 'NONE',  #5206 ) ;
#6955 = ORIENTED_EDGE ( 'NONE', *, *, #1645, .T. ) ;
#6956 = DIRECTION ( 'NONE',  ( 0.000000000000000000, -1.000000000000000000, 0.000000000000000000 ) ) ;
#6957 = CARTESIAN_POINT ( 'NONE',  ( -25.58347160113510910, 12.46618369823206152, -25.50000000000000355 ) ) ;
#6958 = EDGE_LOOP ( 'NONE', ( #5483, #2431 ) ) ;
#6959 = ORIENTED_EDGE ( 'NONE', *, *, #2416, .T. ) ;
#6960 = EDGE_CURVE ( 'NONE', #2190, #222, #2983, .T. ) ;
#6961 = CARTESIAN_POINT ( 'NONE',  ( 26.00000000000000000, 1.043560762610393988, -7.500000000000007105 ) ) ;
#6962 = EDGE_CURVE ( 'NONE', #2472, #605, #747, .T. ) ;
#6963 = ORIENTED_EDGE ( 'NONE', *, *, #3414, .F. ) ;
#6964 = DIRECTION ( 'NONE',  ( 0.000000000000000000, -1.000000000000000000, 0.000000000000000000 ) ) ;
#6965 = ORIENTED_EDGE ( 'NONE', *, *, #8059, .T. ) ;
#6966 = LINE ( 'NONE', #1120, #5254 ) ;
#6967 = ORIENTED_EDGE ( 'NONE', *, *, #293, .F. ) ;
#6968 = ORIENTED_EDGE ( 'NONE', *, *, #5182, .F. ) ;
#6969 = EDGE_CURVE ( 'NONE', #3580, #5943, #659, .T. ) ;
#6970 = DIRECTION ( 'NONE',  ( 0.000000000000000000, -1.000000000000000000, 0.000000000000000000 ) ) ;
#6971 = CARTESIAN_POINT ( 'NONE',  ( 26.00000000000000000, 44.61832049899870611, -25.00000000000000000 ) ) ;
#6972 = EDGE_CURVE ( 'NONE', #5237, #8134, #7201, .T. ) ;
#6973 = DIRECTION ( 'NONE',  ( -1.000000000000000000, 1.541976423090495387E-16, 0.000000000000000000 ) ) ;
#6974 = CARTESIAN_POINT ( 'NONE',  ( -1.336881039375571234, 96.44000000000002615, -15.65739561406607727 ) ) ;
#6975 = EDGE_LOOP ( 'NONE', ( #7625, #7014 ) ) ;
#6976 = CARTESIAN_POINT ( 'NONE',  ( 23.31393684833122038, 12.49999999999999822, -1.663936848331191820 ) ) ;
#6977 = LINE ( 'NONE', #3248, #559 ) ;
#6978 = MANIFOLD_SOLID_BREP ( '圆角24', #4034 ) ;
#6979 = CARTESIAN_POINT ( 'NONE',  ( 22.24999999999998579, 116.0903061905773654, -21.59999999999999787 ) ) ;
#6980 = FACE_OUTER_BOUND ( 'NONE', #9044, .T. ) ;
#6981 = CARTESIAN_POINT ( 'NONE',  ( 20.25000000000000000, 104.4400000000000261, -4.500000000000002665 ) ) ;
#6982 = VERTEX_POINT ( 'NONE', #3561 ) ;
#6983 = CARTESIAN_POINT ( 'NONE',  ( -23.03249467419667340, 17.43859559800263170, -2.526893598322788037 ) ) ;
#6984 = VERTEX_POINT ( 'NONE', #2187 ) ;
#6985 = CIRCLE ( 'NONE', #2909, 1.050000000000000488 ) ;
#6986 = DIRECTION ( 'NONE',  ( 0.000000000000000000, 0.000000000000000000, -1.000000000000000000 ) ) ;
#6987 = ORIENTED_EDGE ( 'NONE', *, *, #7856, .F. ) ;
#6988 = EDGE_CURVE ( 'NONE', #4150, #496, #758, .T. ) ;
#6989 = CARTESIAN_POINT ( 'NONE',  ( -24.63509222136525523, 15.91769679268174897, -23.00000000000000000 ) ) ;
#6990 = CARTESIAN_POINT ( 'NONE',  ( 17.98768373480796612, 67.14209179641811431, -2.000000000000001776 ) ) ;
#6991 = CIRCLE ( 'NONE', #978, 1.050000000000000488 ) ;
#6992 = ORIENTED_EDGE ( 'NONE', *, *, #2303, .T. ) ;
#6993 = CARTESIAN_POINT ( 'NONE',  ( 25.99999999999999645, 11.45000000000021245, -4.499999999999771738 ) ) ;
#6994 = DIRECTION ( 'NONE',  ( -1.000000000000000000, 1.541976423090495387E-16, 0.000000000000000000 ) ) ;
#6995 = CARTESIAN_POINT ( 'NONE',  ( 0.000000000000000000, 83.52616047165487601, -128.1790850899541852 ) ) ;
#6996 = ORIENTED_EDGE ( 'NONE', *, *, #353, .F. ) ;
#6997 = CARTESIAN_POINT ( 'NONE',  ( 58.00000000000002132, 13.55000000000021743, -4.499999999999771738 ) ) ;
#6998 = CARTESIAN_POINT ( 'NONE',  ( -25.99999999999999645, 12.49999999999999645, -25.50000000000000355 ) ) ;
#6999 = ORIENTED_EDGE ( 'NONE', *, *, #5372, .T. ) ;
#7000 = AXIS2_PLACEMENT_3D ( 'NONE', #8167, #1703, #5917 ) ;
#7001 = ADVANCED_FACE ( 'NONE', ( #3613 ), #2042, .F. ) ;
#7002 = ORIENTED_EDGE ( 'NONE', *, *, #7756, .F. ) ;
#7003 = CARTESIAN_POINT ( 'NONE',  ( 20.25000000000000355, 113.9403061905773740, -7.599999999999997868 ) ) ;
#7004 = VERTEX_POINT ( 'NONE', #8599 ) ;
#7005 = AXIS2_PLACEMENT_3D ( 'NONE', #7655, #6160, #6243 ) ;
#7006 = VECTOR ( 'NONE', #1485, 1000.000000000000000 ) ;
#7007 = CARTESIAN_POINT ( 'NONE',  ( -25.99999999999999645, 12.49999999999999822, 0.000000000000000000 ) ) ;
#7008 = ORIENTED_EDGE ( 'NONE', *, *, #5609, .T. ) ;
#7009 = ADVANCED_FACE ( 'NONE', ( #7063 ), #8641, .T. ) ;
#7010 = DIRECTION ( 'NONE',  ( 0.000000000000000000, 0.000000000000000000, 1.000000000000000000 ) ) ;
#7011 = ORIENTED_EDGE ( 'NONE', *, *, #4668, .F. ) ;
#7012 = B_SPLINE_CURVE_WITH_KNOTS ( 'NONE', 3,
 ( #8934, #6037, #253, #5938, #5232, #8043, #8892, #7350, #159, #1774 ),
 .UNSPECIFIED., .F., .F.,
 ( 4, 2, 2, 2, 4 ),
 ( 0.000000000000000000, 0.0004659843886787400340, 0.0009319687773574800681, 0.001397953166036220102, 0.001863937554714960136 ),
 .UNSPECIFIED. ) ;
#7013 = VECTOR ( 'NONE', #4291, 1000.000000000000000 ) ;
#7014 = ORIENTED_EDGE ( 'NONE', *, *, #1399, .T. ) ;
#7015 = AXIS2_PLACEMENT_3D ( 'NONE', #5681, #2080, #5494 ) ;
#7016 = CARTESIAN_POINT ( 'NONE',  ( -8.773401785887994464, 56.29615242270664055, -22.00000000000000711 ) ) ;
#7017 = DIRECTION ( 'NONE',  ( 1.000000000000000000, 0.000000000000000000, 0.000000000000000000 ) ) ;
#7018 = CARTESIAN_POINT ( 'NONE',  ( -29.99999999999999645, 14.65000000000022240, -4.499999999999771738 ) ) ;
#7019 = CIRCLE ( 'NONE', #8211, 6.999999999999999112 ) ;
#7020 = ADVANCED_FACE ( 'NONE', ( #57 ), #5083, .F. ) ;
#7021 = ADVANCED_FACE ( 'NONE', ( #7754 ), #619, .F. ) ;
#7022 = DIRECTION ( 'NONE',  ( 0.8660254037844399289, 0.4999999999999980571, 0.000000000000000000 ) ) ;
#7023 = VERTEX_POINT ( 'NONE', #2141 ) ;
#7024 = FACE_OUTER_BOUND ( 'NONE', #4976, .T. ) ;
#7025 = CC_DESIGN_PERSON_AND_ORGANIZATION_ASSIGNMENT ( #8135, #3660, ( #3602 ) ) ;
#7026 = AXIS2_PLACEMENT_3D ( 'NONE', #4295, #4347, #79 ) ;
#7027 = AXIS2_PLACEMENT_3D ( 'NONE', #7835, #8436, #1241 ) ;
#7028 = DIRECTION ( 'NONE',  ( 0.3090169943749485060, 0.000000000000000000, -0.9510565162951533091 ) ) ;
#7029 = CARTESIAN_POINT ( 'NONE',  ( 26.25000000000000355, 94.08030619057737454, -25.00000000000000000 ) ) ;
#7030 = CARTESIAN_POINT ( 'NONE',  ( -25.99999999999999645, 10.34999999999988596, -20.49999999999977618 ) ) ;
#7031 = DIRECTION ( 'NONE',  ( 1.000000000000000000, -1.898094922533725623E-16, 0.000000000000000000 ) ) ;
#7032 = VERTEX_POINT ( 'NONE', #7809 ) ;
#7033 = ADVANCED_FACE ( 'NONE', ( #4266 ), #5031, .T. ) ;
#7034 = CARTESIAN_POINT ( 'NONE',  ( 23.00000000000000000, 2.533932570968594256, -17.50000000000000000 ) ) ;
#7035 = ORIENTED_EDGE ( 'NONE', *, *, #2217, .T. ) ;
#7036 = VECTOR ( 'NONE', #4835, 1000.000000000000000 ) ;
#7037 = CARTESIAN_POINT ( 'NONE',  ( 23.54999999999999361, 109.0903061905773654, -14.59999999999999787 ) ) ;
#7038 = VERTEX_POINT ( 'NONE', #1304 ) ;
#7039 = DIRECTION ( 'NONE',  ( 0.000000000000000000, -1.000000000000000000, -1.156482317317873204E-16 ) ) ;
#7040 = DIRECTION ( 'NONE',  ( 0.000000000000000000, -1.000000000000000000, 0.000000000000000000 ) ) ;
#7041 = ORIENTED_EDGE ( 'NONE', *, *, #8186, .F. ) ;
#7042 = CARTESIAN_POINT ( 'NONE',  ( -2.003094741985453220E-13, 96.44000000000002615, -19.77189238011338546 ) ) ;
#7043 = CARTESIAN_POINT ( 'NONE',  ( -25.99999999999999645, 12.50000000000022027, -4.499999999999771738 ) ) ;
#7044 = CYLINDRICAL_SURFACE ( 'NONE', #8496, 2.149999999999999023 ) ;
#7046 = ORIENTED_EDGE ( 'NONE', *, *, #8560, .F. ) ;
#7045 = AXIS2_PLACEMENT_3D ( 'NONE', #5006, #4336, #3720 ) ;
#7047 = ADVANCED_FACE ( 'NONE', ( #1357 ), #3431, .T. ) ;
#7048 = CARTESIAN_POINT ( 'NONE',  ( -26.00000000000000000, 20.50000000000002132, -12.50000000000000000 ) ) ;
#7049 = DIRECTION ( 'NONE',  ( -0.3285714285714274596, -0.9444791243466058583, 0.000000000000000000 ) ) ;
#7050 = VERTEX_POINT ( 'NONE', #8501 ) ;
#7051 = CARTESIAN_POINT ( 'NONE',  ( -22.25000000000000000, 113.9403061905773455, -21.59999999999999787 ) ) ;
#7052 = ORIENTED_EDGE ( 'NONE', *, *, #5153, .T. ) ;
#7053 = CARTESIAN_POINT ( 'NONE',  ( 29.99999999999999645, 10.11477641198445987, -25.49999999999999645 ) ) ;
#7054 = AXIS2_PLACEMENT_3D ( 'NONE', #5322, #7355, #1046 ) ;
#7055 = ORIENTED_EDGE ( 'NONE', *, *, #7969, .F. ) ;
#7056 = VECTOR ( 'NONE', #6768, 1000.000000000000114 ) ;
#7057 = EDGE_CURVE ( 'NONE', #7343, #3272, #5343, .T. ) ;
#7058 = CARTESIAN_POINT ( 'NONE',  ( -28.28673546890512824, 12.47588221342916803, -25.50000000000000355 ) ) ;
#7059 = DIRECTION ( 'NONE',  ( 1.000000000000000000, -0.000000000000000000, -0.000000000000000000 ) ) ;
#7060 = EDGE_LOOP ( 'NONE', ( #4494, #9265, #1235, #6806, #2353 ) ) ;
#7061 = AXIS2_PLACEMENT_3D ( 'NONE', #8295, #5440, #1743 ) ;
#7062 = CIRCLE ( 'NONE', #151, 4.999999999999997335 ) ;
#7063 = FACE_OUTER_BOUND ( 'NONE', #2637, .T. ) ;
#7064 = VERTEX_POINT ( 'NONE', #7896 ) ;
#7065 = CIRCLE ( 'NONE', #4048, 2.150000000000012790 ) ;
#7066 = VERTEX_POINT ( 'NONE', #3513 ) ;
#7067 = DIRECTION ( 'NONE',  ( -1.000000000000000000, -1.734723475976807292E-15, 8.787991997524760300E-17 ) ) ;
#7068 = CARTESIAN_POINT ( 'NONE',  ( 25.99999999999999645, 22.65000000000000924, -12.50000000000000000 ) ) ;
#7069 = DIRECTION ( 'NONE',  ( -0.000000000000000000, 0.000000000000000000, 1.000000000000000000 ) ) ;
#7070 = CIRCLE ( 'NONE', #3728, 2.000000000000000000 ) ;
#7071 = AXIS2_PLACEMENT_3D ( 'NONE', #7043, #6994, #8439 ) ;
#7072 = CARTESIAN_POINT ( 'NONE',  ( -17.75000000000019540, 80.80934643409020168, -15.65739561406607372 ) ) ;
#7073 = ORIENTED_EDGE ( 'NONE', *, *, #8798, .F. ) ;
#7074 = CARTESIAN_POINT ( 'NONE',  ( 23.22518106879879696, 15.00572896162241854, -1.854542761398394246 ) ) ;
#7075 = ADVANCED_FACE ( 'NONE', ( #5786 ), #3135, .T. ) ;
#7076 = CARTESIAN_POINT ( 'NONE',  ( 23.00000000000000000, 4.828427124746203170, -23.49999999999999289 ) ) ;
#7077 = ADVANCED_FACE ( 'NONE', ( #7555 ), #1837, .F. ) ;
#7078 = CARTESIAN_POINT ( 'NONE',  ( 29.99999999999999289, 4.500000000000000888, -19.30073525436772286 ) ) ;
#7079 = FACE_BOUND ( 'NONE', #8130, .T. ) ;
#7081 = ORIENTED_EDGE ( 'NONE', *, *, #6476, .T. ) ;
#7080 = AXIS2_PLACEMENT_3D ( 'NONE', #229, #6159, #4541 ) ;
#7082 = LINE ( 'NONE', #2686, #8983 ) ;
#7083 = ORIENTED_EDGE ( 'NONE', *, *, #5122, .F. ) ;
#7084 = CARTESIAN_POINT ( 'NONE',  ( -10.75000000000019895, 96.44000000000002615, -15.65739561406607727 ) ) ;
#7085 = ORIENTED_EDGE ( 'NONE', *, *, #1757, .F. ) ;
#7086 = LINE ( 'NONE', #4066, #8644 ) ;
#7087 = AXIS2_PLACEMENT_3D ( 'NONE', #7545, #4566, #4616 ) ;
#7088 = ADVANCED_FACE ( 'NONE', ( #3307 ), #4719, .F. ) ;
#7089 = CARTESIAN_POINT ( 'NONE',  ( 26.25000000000000355, 102.3196380149609865, -23.00000000000000000 ) ) ;
#7090 = ORIENTED_EDGE ( 'NONE', *, *, #6389, .F. ) ;
#7091 = CARTESIAN_POINT ( 'NONE',  ( -28.90549605040891024, 2.711697642095713512, -21.55645362461373438 ) ) ;
#7092 = CARTESIAN_POINT ( 'NONE',  ( 23.00000000000000000, 44.61832049899870611, -24.99999999999999289 ) ) ;
#7093 = CARTESIAN_POINT ( 'NONE',  ( -24.99999999999999645, 4.836939253796797900, -7.500000000000000000 ) ) ;
#7094 = ORIENTED_EDGE ( 'NONE', *, *, #8275, .T. ) ;
#7095 = CARTESIAN_POINT ( 'NONE',  ( 26.25000000000000355, 0.000000000000000000, -2.000000000000000000 ) ) ;
#7096 = CARTESIAN_POINT ( 'NONE',  ( 16.57654914134644741, 94.44000000000002615, 0.000000000000000000 ) ) ;
#7097 = ORIENTED_EDGE ( 'NONE', *, *, #7101, .F. ) ;
#7098 = VECTOR ( 'NONE', #5706, 1000.000000000000114 ) ;
#7099 = ORIENTED_EDGE ( 'NONE', *, *, #351, .F. ) ;
#7100 = LINE ( 'NONE', #7746, #1310 ) ;
#7101 = EDGE_CURVE ( 'NONE', #4679, #3197, #7286, .T. ) ;
#7102 = ORIENTED_EDGE ( 'NONE', *, *, #167, .F. ) ;
#7103 = LINE ( 'NONE', #7195, #3827 ) ;
#7104 = CARTESIAN_POINT ( 'NONE',  ( -28.55851398328801238, 12.38944393412109690, -25.50000000000000355 ) ) ;
#7105 = CARTESIAN_POINT ( 'NONE',  ( 29.23937039256198034, 2.924753392248973238, -21.31827437402843017 ) ) ;
#7106 = EDGE_LOOP ( 'NONE', ( #6763, #1373, #7619, #7570 ) ) ;
#7107 = CARTESIAN_POINT ( 'NONE',  ( -23.19828405009533867, 15.38848987662599477, -23.09289345634052282 ) ) ;
#7108 = ORIENTED_EDGE ( 'NONE', *, *, #4973, .F. ) ;
#7109 = ORIENTED_EDGE ( 'NONE', *, *, #3910, .T. ) ;
#7110 = ADVANCED_FACE ( 'NONE', ( #6007, #2497 ), #2449, .T. ) ;
#7111 = ADVANCED_FACE ( 'NONE', ( #1057 ), #7988, .F. ) ;
#7112 = PLANE ( 'NONE',  #5370 ) ;
#7113 = FACE_OUTER_BOUND ( 'NONE', #8931, .T. ) ;
#7114 = DIRECTION ( 'NONE',  ( 0.000000000000000000, 1.000000000000000000, 0.000000000000000000 ) ) ;
#7115 = DIRECTION ( 'NONE',  ( 0.000000000000000000, 0.000000000000000000, 1.000000000000000000 ) ) ;
#7116 = ORIENTED_EDGE ( 'NONE', *, *, #4061, .T. ) ;
#7117 = CARTESIAN_POINT ( 'NONE',  ( 24.00000000000000711, 12.49999999999987210, -20.49999999999977618 ) ) ;
#7118 = EDGE_CURVE ( 'NONE', #2792, #113, #4013, .T. ) ;
#7119 = CARTESIAN_POINT ( 'NONE',  ( 25.21439204797925626, 105.2048392368273539, -13.32608271159807067 ) ) ;
#7120 = LINE ( 'NONE', #3525, #8695 ) ;
#7121 = CARTESIAN_POINT ( 'NONE',  ( 22.24999999999998579, 104.7903061905773683, -14.59999999999999787 ) ) ;
#7122 = CARTESIAN_POINT ( 'NONE',  ( -25.99999999999999645, 17.10685424949252820, -6.843145750507550140 ) ) ;
#7123 = ORIENTED_EDGE ( 'NONE', *, *, #968, .T. ) ;
#7124 = DIRECTION ( 'NONE',  ( -0.000000000000000000, 0.000000000000000000, 1.000000000000000000 ) ) ;
#7125 = ORIENTED_EDGE ( 'NONE', *, *, #2717, .T. ) ;
#7126 = EDGE_CURVE ( 'NONE', #7470, #5941, #8104, .T. ) ;
#7127 = CARTESIAN_POINT ( 'NONE',  ( -20.25000000000000000, 106.9403061905773740, -14.59999999999999787 ) ) ;
#7128 = ORIENTED_EDGE ( 'NONE', *, *, #5164, .T. ) ;
#7129 = CARTESIAN_POINT ( 'NONE',  ( 13.98768373480797855, 60.21388856614259311, -23.00000000000000000 ) ) ;
#7130 = DIRECTION ( 'NONE',  ( -0.000000000000000000, 0.000000000000000000, -1.000000000000000000 ) ) ;
#7131 = VERTEX_POINT ( 'NONE', #1531 ) ;
#7132 = CARTESIAN_POINT ( 'NONE',  ( -28.10596914612585095, 2.499999999863505629, -20.17194210438247381 ) ) ;
#7133 = AXIS2_PLACEMENT_3D ( 'NONE', #2572, #8499, #9066 ) ;
#7134 = DIRECTION ( 'NONE',  ( 0.000000000000000000, -1.000000000000000000, 0.000000000000000000 ) ) ;
#7135 = DIRECTION ( 'NONE',  ( 0.4999999999999987232, -0.8660254037844393737, 0.000000000000000000 ) ) ;
#7136 = ORIENTED_EDGE ( 'NONE', *, *, #5153, .F. ) ;
#7137 = CARTESIAN_POINT ( 'NONE',  ( -28.00000000000000000, 12.49999999999999822, -12.50000000000000000 ) ) ;
#7138 = LINE ( 'NONE', #2929, #679 ) ;
#7139 = ORIENTED_EDGE ( 'NONE', *, *, #9170, .T. ) ;
#7140 = ADVANCED_FACE ( 'NONE', ( #6898, #4627 ), #2551, .T. ) ;
#7141 = EDGE_CURVE ( 'NONE', #3008, #7884, #1113, .T. ) ;
#7142 = B_SPLINE_CURVE_WITH_KNOTS ( 'NONE', 3,
 ( #4589, #8921, #6725, #2511, #5403, #192, #1708, #4545, #2375, #3938, #3034, #8127, #8217, #7472, #3131, #5970, #7524, #1754, #6022, #8876, #3751, #975, #4504, #8170, #1804, #6065 ),
 .UNSPECIFIED., .F., .F.,
 ( 4, 2, 2, 2, 2, 2, 2, 2, 2, 2, 2, 2, 4 ),
 ( 0.000000000000000000, 0.0004015707937416681150, 0.0008031415874833362301, 0.001204712381225004399, 0.001606283174966672460, 0.002007853968708340521, 0.002409424762450008799, 0.003212566349933347956, 0.004015707937416686246, 0.004818849524900026271, 0.005220420318641700620, 0.005621991112383374969, 0.006425132699866709790 ),
 .UNSPECIFIED. ) ;
#7143 = EDGE_CURVE ( 'NONE', #8433, #2530, #8701, .T. ) ;
#7144 = EDGE_LOOP ( 'NONE', ( #7294, #3045, #3689, #6284 ) ) ;
#7145 = DIRECTION ( 'NONE',  ( -1.000000000000000000, -9.912705577010326782E-17, 2.579370461232904926E-32 ) ) ;
#7146 = ORIENTED_EDGE ( 'NONE', *, *, #6969, .T. ) ;
#7147 = CARTESIAN_POINT ( 'NONE',  ( 25.60939295271170835, 104.8864882858403433, -15.24744176986359534 ) ) ;
#7148 = FACE_OUTER_BOUND ( 'NONE', #8276, .T. ) ;
#7149 = CYLINDRICAL_SURFACE ( 'NONE', #1132, 1.049999999999998934 ) ;
#7150 = LINE ( 'NONE', #2899, #1553 ) ;
#7151 = EDGE_LOOP ( 'NONE', ( #2225, #1351, #8239, #8292 ) ) ;
#7152 = AXIS2_PLACEMENT_3D ( 'NONE', #5781, #5875, #2136 ) ;
#7153 = ADVANCED_FACE ( 'NONE', ( #6094 ), #319, .F. ) ;
#7154 = ORIENTED_EDGE ( 'NONE', *, *, #5959, .F. ) ;
#7155 = CIRCLE ( 'NONE', #6404, 2.150000000000000799 ) ;
#7156 = CARTESIAN_POINT ( 'NONE',  ( -25.99999999999999645, 12.50000000000020250, -4.499999999999771738 ) ) ;
#7157 = VECTOR ( 'NONE', #5940, 1000.000000000000000 ) ;
#7158 = CYLINDRICAL_SURFACE ( 'NONE', #1768, 2.149999999999999023 ) ;
#7159 = DIRECTION ( 'NONE',  ( -1.000000000000000000, -9.912705577010326782E-17, 0.000000000000000000 ) ) ;
#7160 = EDGE_CURVE ( 'NONE', #15, #8731, #8251, .T. ) ;
#7161 = CARTESIAN_POINT ( 'NONE',  ( -28.25000000000000355, 94.08030619057740296, -0.8284271247461885146 ) ) ;
#7162 = ORIENTED_EDGE ( 'NONE', *, *, #2717, .F. ) ;
#7163 = VECTOR ( 'NONE', #4728, 1000.000000000000000 ) ;
#7164 = CIRCLE ( 'NONE', #8805, 1.050000000000000488 ) ;
#7165 = CARTESIAN_POINT ( 'NONE',  ( -25.99999999999999645, -2.577303450022684544E-15, 0.000000000000000000 ) ) ;
#7166 = CARTESIAN_POINT ( 'NONE',  ( -29.99999999999999645, 10.34999999999988596, -20.49999999999977618 ) ) ;
#7167 = VECTOR ( 'NONE', #352, 1000.000000000000000 ) ;
#7168 = DIRECTION ( 'NONE',  ( 1.000000000000000000, 1.360567432138672574E-16, 0.000000000000000000 ) ) ;
#7169 = AXIS2_PLACEMENT_3D ( 'NONE', #8813, #1649, #4530 ) ;
#7170 = DIRECTION ( 'NONE',  ( -1.000000000000000000, 1.541976423090495387E-16, 0.000000000000000000 ) ) ;
#7171 = CARTESIAN_POINT ( 'NONE',  ( -27.99999999999999645, 0.6572807176729866807, -8.500000000000000000 ) ) ;
#7172 = ORIENTED_EDGE ( 'NONE', *, *, #5171, .T. ) ;
#7173 = CARTESIAN_POINT ( 'NONE',  ( 26.25000000000000355, 94.67022964293305165, 0.000000000000000000 ) ) ;
#7174 = EDGE_LOOP ( 'NONE', ( #2736, #7525, #3479, #8661 ) ) ;
#7175 = CARTESIAN_POINT ( 'NONE',  ( 28.00000000000000000, 12.49999999999999822, -12.50000000000000000 ) ) ;
#7176 = EDGE_LOOP ( 'NONE', ( #3184, #3499, #8138, #409 ) ) ;
#7177 = CIRCLE ( 'NONE', #6123, 11.15000000000003055 ) ;
#7178 = FACE_OUTER_BOUND ( 'NONE', #7495, .T. ) ;
#7179 = FACE_OUTER_BOUND ( 'NONE', #223, .T. ) ;
#7180 = CARTESIAN_POINT ( 'NONE',  ( -28.84720359260462175, 2.673319474141863328, -20.07454221106245740 ) ) ;
#7181 = VECTOR ( 'NONE', #195, 1000.000000000000000 ) ;
#7182 = DIRECTION ( 'NONE',  ( -0.000000000000000000, 1.000000000000000000, -0.000000000000000000 ) ) ;
#7183 = CARTESIAN_POINT ( 'NONE',  ( -27.99999999999999289, 12.49999999999999822, -12.50000000000000000 ) ) ;
#7184 = VERTEX_POINT ( 'NONE', #7778 ) ;
#7185 = CARTESIAN_POINT ( 'NONE',  ( 24.89991644725548525, 4.717435502235639788, -7.500000000000007105 ) ) ;
#7186 = DIRECTION ( 'NONE',  ( 0.8090169943749478954, 0.000000000000000000, -0.5877852522924723599 ) ) ;
#7187 = ORIENTED_EDGE ( 'NONE', *, *, #5493, .F. ) ;
#7188 = VECTOR ( 'NONE', #7145, 1000.000000000000000 ) ;
#7189 = ORIENTED_EDGE ( 'NONE', *, *, #8583, .F. ) ;
#7190 = CARTESIAN_POINT ( 'NONE',  ( -20.25000000000000000, 104.4400000000000261, -4.500000000000001776 ) ) ;
#7191 = EDGE_CURVE ( 'NONE', #3373, #2972, #4064, .T. ) ;
#7192 = ADVANCED_FACE ( 'NONE', ( #9229 ), #4860, .T. ) ;
#7193 = EDGE_LOOP ( 'NONE', ( #6711, #2376, #8713, #2626 ) ) ;
#7194 = CARTESIAN_POINT ( 'NONE',  ( 23.80337204531134532, 107.3540660892669223, -16.71378397124315995 ) ) ;
#7195 = CARTESIAN_POINT ( 'NONE',  ( 24.00000000000002487, 12.50000000000000355, -2.349999999999999645 ) ) ;
#7196 = EDGE_LOOP ( 'NONE', ( #6484, #890, #6448, #9218 ) ) ;
#7197 = FACE_OUTER_BOUND ( 'NONE', #3019, .T. ) ;
#7198 = CARTESIAN_POINT ( 'NONE',  ( 23.54999999999999361, 108.9309918853872148, -31.68941159757722303 ) ) ;
#7199 = EDGE_CURVE ( 'NONE', #2954, #1297, #7645, .T. ) ;
#7200 = EDGE_LOOP ( 'NONE', ( #4406, #3364 ) ) ;
#7201 = LINE ( 'NONE', #5692, #2677 ) ;
#7202 = CIRCLE ( 'NONE', #4489, 2.000000000000000000 ) ;
#7203 = VECTOR ( 'NONE', #5799, 1000.000000000000000 ) ;
#7204 = VERTEX_POINT ( 'NONE', #7037 ) ;
#7205 = FACE_BOUND ( 'NONE', #3137, .T. ) ;
#7206 = CARTESIAN_POINT ( 'NONE',  ( -24.00000000000001066, 12.50000000000001066, -12.50000000000000000 ) ) ;
#7207 = CARTESIAN_POINT ( 'NONE',  ( 10.27340178588798913, 58.89422863405996367, 0.000000000000000000 ) ) ;
#7208 = DIRECTION ( 'NONE',  ( 0.000000000000000000, 1.000000000000000000, 0.000000000000000000 ) ) ;
#7209 = AXIS2_PLACEMENT_3D ( 'NONE', #4964, #8384, #1194 ) ;
#7210 = CIRCLE ( 'NONE', #457, 1.049999999999998934 ) ;
#7211 = DIRECTION ( 'NONE',  ( -0.000000000000000000, 0.000000000000000000, 1.000000000000000000 ) ) ;
#7212 = ORIENTED_EDGE ( 'NONE', *, *, #8678, .T. ) ;
#7213 = CIRCLE ( 'NONE', #3285, 2.149999999999999023 ) ;
#7214 = CARTESIAN_POINT ( 'NONE',  ( 12.08688103937515734, 96.44000000000002615, -19.77189238011338546 ) ) ;
#7215 = VECTOR ( 'NONE', #8815, 1000.000000000000000 ) ;
#7216 = AXIS2_PLACEMENT_3D ( 'NONE', #8145, #1682, #6744 ) ;
#7217 = DIRECTION ( 'NONE',  ( -0.8660254037844399289, -0.4999999999999980571, 0.000000000000000000 ) ) ;
#7218 = ADVANCED_FACE ( 'NONE', ( #4151 ), #4106, .F. ) ;
#7219 = CARTESIAN_POINT ( 'NONE',  ( 29.94226090100972471, 3.713710761381789016, -19.10229356877286122 ) ) ;
#7220 = VERTEX_POINT ( 'NONE', #2688 ) ;
#7221 = CARTESIAN_POINT ( 'NONE',  ( -17.98768373480796257, 67.14209179641811431, -22.99999999999999289 ) ) ;
#7222 = EDGE_LOOP ( 'NONE', ( #2943, #5912, #4396, #2283, #7931, #2907, #4756, #809, #4625, #8361, #3812, #6809, #6947, #7146, #6726, #7473, #1900, #2666, #2183, #1640, #7840, #1534, #6387, #8476, #7136, #2314 ) ) ;
#7223 = DIRECTION ( 'NONE',  ( 0.000000000000000000, 0.000000000000000000, -1.000000000000000000 ) ) ;
#7224 = ORIENTED_EDGE ( 'NONE', *, *, #5099, .T. ) ;
#7225 = CARTESIAN_POINT ( 'NONE',  ( -17.00000000000000000, 44.61832049899870611, -2.999999999999999112 ) ) ;
#7226 = DIRECTION ( 'NONE',  ( 0.000000000000000000, 0.000000000000000000, 1.000000000000000000 ) ) ;
#7227 = ADVANCED_FACE ( 'NONE', ( #2735 ), #6370, .F. ) ;
#7228 = CARTESIAN_POINT ( 'NONE',  ( -29.98802109968896090, 4.247313123955891889, -19.66467468036737287 ) ) ;
#7229 = CARTESIAN_POINT ( 'NONE',  ( -5.773401785888006899, 57.10000000000000142, -24.99999999999999289 ) ) ;
#7230 = CARTESIAN_POINT ( 'NONE',  ( 23.54999999999998650, 113.9403061905773740, -7.599999999999997868 ) ) ;
#7231 = ORIENTED_EDGE ( 'NONE', *, *, #156, .F. ) ;
#7232 = CARTESIAN_POINT ( 'NONE',  ( -27.99999999999999645, -3.469446951953614189E-15, -12.50000000000000000 ) ) ;
#7233 = DIRECTION ( 'NONE',  ( 1.000000000000000000, -1.541976423090495387E-16, -0.000000000000000000 ) ) ;
#7234 = VERTEX_POINT ( 'NONE', #2779 ) ;
#7235 = AXIS2_PLACEMENT_3D ( 'NONE', #367, #6060, #6812 ) ;
#7236 = ORIENTED_EDGE ( 'NONE', *, *, #7872, .F. ) ;
#7237 = CARTESIAN_POINT ( 'NONE',  ( -22.25000000000000000, 113.9403061905773598, -7.599999999999997868 ) ) ;
#7238 = VERTEX_POINT ( 'NONE', #593 ) ;
#7239 = DIRECTION ( 'NONE',  ( 1.000000000000000000, 0.000000000000000000, 0.000000000000000000 ) ) ;
#7240 = LINE ( 'NONE', #2092, #3069 ) ;
#7241 = AXIS2_PLACEMENT_3D ( 'NONE', #8897, #1048, #1828 ) ;
#7242 = VERTEX_POINT ( 'NONE', #6946 ) ;
#7243 = LINE ( 'NONE', #7939, #5649 ) ;
#7244 = CARTESIAN_POINT ( 'NONE',  ( -11.58728778948666793, 4.828427124746176524, -25.50000000000000355 ) ) ;
#7245 = ORIENTED_EDGE ( 'NONE', *, *, #4355, .F. ) ;
#7246 = CARTESIAN_POINT ( 'NONE',  ( -22.99999999999991829, 17.99754749918758279, -22.20867430621813909 ) ) ;
#7247 = EDGE_CURVE ( 'NONE', #464, #7832, #3443, .T. ) ;
#7248 = EDGE_CURVE ( 'NONE', #2854, #6354, #4201, .T. ) ;
#7249 = EDGE_LOOP ( 'NONE', ( #2684, #3924, #6528, #8350 ) ) ;
#7250 = DIRECTION ( 'NONE',  ( -0.8660254037844400399, 0.4999999999999979461, 0.000000000000000000 ) ) ;
#7251 = CARTESIAN_POINT ( 'NONE',  ( 16.57654914134644741, 98.44000000000002615, -2.000000000000000000 ) ) ;
#7252 = DIRECTION ( 'NONE',  ( -1.000000000000000000, -1.892425610156517122E-16, -0.000000000000000000 ) ) ;
#7253 = ORIENTED_EDGE ( 'NONE', *, *, #4414, .T. ) ;
#7254 = EDGE_CURVE ( 'NONE', #9176, #9027, #5621, .T. ) ;
#7255 = DIRECTION ( 'NONE',  ( -1.000000000000000000, -1.892425610156517122E-16, -0.000000000000000000 ) ) ;
#7256 = EDGE_CURVE ( 'NONE', #8180, #5053, #5579, .T. ) ;
#7257 = ADVANCED_FACE ( 'NONE', ( #1971 ), #5531, .F. ) ;
#7258 = CARTESIAN_POINT ( 'NONE',  ( 23.55075865418072567, 108.8174501764675313, -13.54323633782687253 ) ) ;
#7259 = CARTESIAN_POINT ( 'NONE',  ( 30.00000000000000000, 35.00000000000000000, -128.1790850899541852 ) ) ;
#7260 = DIRECTION ( 'NONE',  ( -9.912705577010326782E-17, 1.000000000000000000, -0.000000000000000000 ) ) ;
#7261 = ORIENTED_EDGE ( 'NONE', *, *, #4332, .T. ) ;
#7262 = CARTESIAN_POINT ( 'NONE',  ( -23.55000000000000782, 108.9309918853871579, -23.00000000000000000 ) ) ;
#7263 = ORIENTED_EDGE ( 'NONE', *, *, #4678, .F. ) ;
#7264 = CARTESIAN_POINT ( 'NONE',  ( -27.99999999999999289, 2.499999999999996891, -24.00000000000001421 ) ) ;
#7265 = VERTEX_POINT ( 'NONE', #6234 ) ;
#7266 = CARTESIAN_POINT ( 'NONE',  ( 20.25000000000004263, 104.4400000000000261, -15.65739561406610747 ) ) ;
#7267 = CARTESIAN_POINT ( 'NONE',  ( -28.90549605042154724, 1.951780416808911678, -18.80388895420333739 ) ) ;
#7268 = LINE ( 'NONE', #2969, #2952 ) ;
#7269 = CARTESIAN_POINT ( 'NONE',  ( -25.99999999999999645, 14.65000000000022240, -4.499999999999771738 ) ) ;
#7270 = ORIENTED_EDGE ( 'NONE', *, *, #9252, .F. ) ;
#7271 =( BOUNDED_CURVE ( )  B_SPLINE_CURVE ( 3, ( #5453, #2564, #4924, #2655 ),
 .UNSPECIFIED., .F., .T. ) 
 B_SPLINE_CURVE_WITH_KNOTS ( ( 4, 4 ),
 ( 2.144674736424839079, 3.141592653589793116 ),
 .UNSPECIFIED. ) 
 CURVE ( )  GEOMETRIC_REPRESENTATION_ITEM ( )  RATIONAL_B_SPLINE_CURVE ( ( 1.000000000000000000, 0.9188802227762883357, 0.9188802227762883357, 1.000000000000000000 ) ) 
 REPRESENTATION_ITEM ( '' )  );
#7272 = DIRECTION ( 'NONE',  ( 1.000000000000000000, -1.541976423090495387E-16, 0.000000000000000000 ) ) ;
#7273 = DIRECTION ( 'NONE',  ( 1.000000000000000000, 9.912705577010326782E-17, -0.000000000000000000 ) ) ;
#7274 = ORIENTED_EDGE ( 'NONE', *, *, #4140, .T. ) ;
#7275 = ADVANCED_FACE ( 'NONE', ( #2015 ), #508, .T. ) ;
#7276 = ORIENTED_EDGE ( 'NONE', *, *, #3615, .T. ) ;
#7277 = ORIENTED_EDGE ( 'NONE', *, *, #5070, .F. ) ;
#7278 = DIRECTION ( 'NONE',  ( -1.000000000000000000, -1.541976423090495387E-16, 0.000000000000000000 ) ) ;
#7279 = FACE_OUTER_BOUND ( 'NONE', #7437, .T. ) ;
#7280 = CARTESIAN_POINT ( 'NONE',  ( -22.25000000000000000, 106.9403061905773740, -13.69999999999999929 ) ) ;
#7281 = ORIENTED_EDGE ( 'NONE', *, *, #8387, .T. ) ;
#7282 = DIRECTION ( 'NONE',  ( 0.8399223068573764550, 0.5427066596637479812, -0.000000000000000000 ) ) ;
#7283 = DIRECTION ( 'NONE',  ( 1.000000000000000000, 9.912705577010326782E-17, -0.000000000000000000 ) ) ;
#7284 = VERTEX_POINT ( 'NONE', #4818 ) ;
#7285 = ADVANCED_FACE ( 'NONE', ( #3490 ), #3349, .F. ) ;
#7286 = LINE ( 'NONE', #7510, #7505 ) ;
#7287 = AXIS2_PLACEMENT_3D ( 'NONE', #1167, #4036, #6923 ) ;
#7288 = ORIENTED_EDGE ( 'NONE', *, *, #1210, .F. ) ;
#7289 = CARTESIAN_POINT ( 'NONE',  ( 16.57654914134644741, 94.44000000000002615, -25.00000000000000000 ) ) ;
#7290 = VERTEX_POINT ( 'NONE', #7691 ) ;
#7291 = AXIS2_PLACEMENT_3D ( 'NONE', #3360, #4075, #9105 ) ;
#7292 = DIRECTION ( 'NONE',  ( 0.000000000000000000, 0.000000000000000000, 1.000000000000000000 ) ) ;
#7293 = CARTESIAN_POINT ( 'NONE',  ( 24.00000000000000711, 17.10685424949230438, -18.15685424949224469 ) ) ;
#7294 = ORIENTED_EDGE ( 'NONE', *, *, #131, .F. ) ;
#7295 = DIRECTION ( 'NONE',  ( 0.5427066596637503126, -0.8399223068573749007, -9.414459830876622050E-16 ) ) ;
#7296 = CIRCLE ( 'NONE', #1714, 1.049999999999998934 ) ;
#7297 = TOROIDAL_SURFACE ( 'NONE', #6253, 5.000000000000000000, 3.000000000000000000 ) ;
#7298 = DIRECTION ( 'NONE',  ( 1.000000000000000000, 0.000000000000000000, 0.000000000000000000 ) ) ;
#7299 = DIRECTION ( 'NONE',  ( 0.000000000000000000, -1.000000000000000000, 0.000000000000000000 ) ) ;
#7300 = EDGE_CURVE ( 'NONE', #4718, #4120, #8426, .T. ) ;
#7301 = EDGE_CURVE ( 'NONE', #8538, #1481, #544, .T. ) ;
#7302 = CIRCLE ( 'NONE', #249, 6.000000000000001776 ) ;
#7303 = CARTESIAN_POINT ( 'NONE',  ( -26.00000000000000000, 18.15685424949231219, -18.15685424949224469 ) ) ;
#7304 = ORIENTED_EDGE ( 'NONE', *, *, #485, .F. ) ;
#7305 = CIRCLE ( 'NONE', #3088, 1.050000000000000488 ) ;
#7306 = CARTESIAN_POINT ( 'NONE',  ( -23.31393684833121327, 12.50000000000001421, -1.663936848331197371 ) ) ;
#7307 = EDGE_CURVE ( 'NONE', #4224, #9093, #7388, .T. ) ;
#7308 = ORIENTED_EDGE ( 'NONE', *, *, #2517, .T. ) ;
#7309 = DIRECTION ( 'NONE',  ( -1.541976423090495387E-16, -1.000000000000000000, -0.000000000000000000 ) ) ;
#7310 = ORIENTED_EDGE ( 'NONE', *, *, #5923, .F. ) ;
#7311 = DIRECTION ( 'NONE',  ( 0.000000000000000000, 0.000000000000000000, 1.000000000000000000 ) ) ;
#7312 = AXIS2_PLACEMENT_3D ( 'NONE', #586, #4714, #4006 ) ;
#7313 = CARTESIAN_POINT ( 'NONE',  ( 25.00000000000000355, 12.50000000000000355, -18.50000000000000355 ) ) ;
#7314 = EDGE_CURVE ( 'NONE', #3197, #3797, #5739, .T. ) ;
#7315 = CARTESIAN_POINT ( 'NONE',  ( -23.99999999999999289, 18.15685424949229443, -18.15685424949224469 ) ) ;
#7316 = CARTESIAN_POINT ( 'NONE',  ( 25.74737230856521819, 104.7903061905773683, -14.60000000000000142 ) ) ;
#7317 = VERTEX_POINT ( 'NONE', #2209 ) ;
#7318 = CYLINDRICAL_SURFACE ( 'NONE', #4292, 3.000000000000002220 ) ;
#7319 = DIRECTION ( 'NONE',  ( 1.000000000000000000, -1.541976423090495387E-16, -0.000000000000000000 ) ) ;
#7320 = ORIENTED_EDGE ( 'NONE', *, *, #5534, .T. ) ;
#7321 = VECTOR ( 'NONE', #209, 1000.000000000000000 ) ;
#7322 = VERTEX_POINT ( 'NONE', #3722 ) ;
#7323 = ORIENTED_EDGE ( 'NONE', *, *, #3900, .T. ) ;
#7324 = FACE_OUTER_BOUND ( 'NONE', #1791, .T. ) ;
#7325 = VECTOR ( 'NONE', #2100, 999.9999999999998863 ) ;
#7326 = ADVANCED_FACE ( 'NONE', ( #779 ), #6555, .T. ) ;
#7327 =( BOUNDED_CURVE ( )  B_SPLINE_CURVE ( 3, ( #3662, #1403, #7161, #2147 ),
 .UNSPECIFIED., .F., .T. ) 
 B_SPLINE_CURVE_WITH_KNOTS ( ( 4, 4 ),
 ( 1.570796326794893449, 3.141592653589794004 ),
 .UNSPECIFIED. ) 
 CURVE ( )  GEOMETRIC_REPRESENTATION_ITEM ( )  RATIONAL_B_SPLINE_CURVE ( ( 1.000000000000000000, 0.8047378541243640493, 0.8047378541243640493, 1.000000000000000000 ) ) 
 REPRESENTATION_ITEM ( '' )  );
#7328 = CARTESIAN_POINT ( 'NONE',  ( 23.55075862948097409, 108.8172838776377063, -15.65711011540629016 ) ) ;
#7329 = CARTESIAN_POINT ( 'NONE',  ( 12.08688103937515379, 96.44000000000002615, -11.54289884801876198 ) ) ;
#7330 = ORIENTED_EDGE ( 'NONE', *, *, #6503, .T. ) ;
#7331 = PLANE ( 'NONE',  #100 ) ;
#7332 = DIRECTION ( 'NONE',  ( 0.000000000000000000, -2.602085213965210149E-16, -1.000000000000000000 ) ) ;
#7333 = VERTEX_POINT ( 'NONE', #3012 ) ;
#7334 = CIRCLE ( 'NONE', #3262, 2.150000000000012346 ) ;
#7335 = FACE_OUTER_BOUND ( 'NONE', #9152, .T. ) ;
#7336 = EDGE_CURVE ( 'NONE', #520, #6816, #5283, .T. ) ;
#7337 = ORIENTED_EDGE ( 'NONE', *, *, #4947, .T. ) ;
#7338 = ADVANCED_FACE ( 'NONE', ( #5805 ), #5900, .F. ) ;
#7339 = CALENDAR_DATE ( 2026, 29, 4 ) ;
#7340 = CARTESIAN_POINT ( 'NONE',  ( 21.54999999999997939, 117.9400000000000972, 0.000000000000000000 ) ) ;
#7341 = AXIS2_PLACEMENT_3D ( 'NONE', #5717, #5052, #2259 ) ;
#7342 = DIRECTION ( 'NONE',  ( -1.000000000000000000, 0.000000000000000000, 0.000000000000000000 ) ) ;
#7343 = VERTEX_POINT ( 'NONE', #7264 ) ;
#7344 = DIRECTION ( 'NONE',  ( 0.000000000000000000, -0.000000000000000000, -1.000000000000000000 ) ) ;
#7345 = ORIENTED_EDGE ( 'NONE', *, *, #9127, .T. ) ;
#7346 = VECTOR ( 'NONE', #6706, 1000.000000000000000 ) ;
#7347 = CARTESIAN_POINT ( 'NONE',  ( 22.24999999999998579, 109.0903061905773654, -14.59999999999999787 ) ) ;
#7348 = AXIS2_PLACEMENT_3D ( 'NONE', #8284, #3294, #6183 ) ;
#7349 = VECTOR ( 'NONE', #5713, 1000.000000000000000 ) ;
#7350 = CARTESIAN_POINT ( 'NONE',  ( -24.79465332589544957, 4.602206381898135135, -17.51478235259947525 ) ) ;
#7351 = DIRECTION ( 'NONE',  ( 0.000000000000000000, 1.000000000000000000, 0.000000000000000000 ) ) ;
#7352 = TOROIDAL_SURFACE ( 'NONE', #8099, 8.000000000000000000, 2.000000000000000000 ) ;
#7353 = DIRECTION ( 'NONE',  ( 0.000000000000000000, 0.000000000000000000, -1.000000000000000000 ) ) ;
#7354 = EDGE_LOOP ( 'NONE', ( #6526, #4868, #4840, #660 ) ) ;
#7355 = DIRECTION ( 'NONE',  ( -1.000000000000000000, 1.541976423090495387E-16, -0.000000000000000000 ) ) ;
#7356 = ORIENTED_EDGE ( 'NONE', *, *, #1687, .F. ) ;
#7357 = AXIS2_PLACEMENT_3D ( 'NONE', #4935, #7943, #2757 ) ;
#7358 = FACE_OUTER_BOUND ( 'NONE', #1239, .T. ) ;
#7359 = CIRCLE ( 'NONE', #759, 2.149999999999999023 ) ;
#7360 = VERTEX_POINT ( 'NONE', #2301 ) ;
#7361 = EDGE_CURVE ( 'NONE', #375, #2224, #8665, .T. ) ;
#7362 = ADVANCED_FACE ( 'NONE', ( #7358, #1508 ), #4386, .T. ) ;
#7363 = LINE ( 'NONE', #956, #8203 ) ;
#7364 = CARTESIAN_POINT ( 'NONE',  ( -23.18397459621559165, 118.3060254037844743, -0.6339745962155596271 ) ) ;
#7365 = DIRECTION ( 'NONE',  ( -9.912705577010325549E-17, 1.000000000000000000, 0.000000000000000000 ) ) ;
#7366 = CARTESIAN_POINT ( 'NONE',  ( 25.00000000000000355, 12.50000000000001776, -6.500000000000000000 ) ) ;
#7367 = CARTESIAN_POINT ( 'NONE',  ( -11.58728778948666793, 12.49999999999999822, -25.50000000000000355 ) ) ;
#7368 = DIRECTION ( 'NONE',  ( 0.000000000000000000, -1.000000000000000000, 0.000000000000000000 ) ) ;
#7369 = CARTESIAN_POINT ( 'NONE',  ( 29.99999999999999645, 10.34999999999987708, -20.49999999999977618 ) ) ;
#7370 = ORIENTED_EDGE ( 'NONE', *, *, #1644, .T. ) ;
#7371 = VECTOR ( 'NONE', #173, 1000.000000000000000 ) ;
#7372 = VERTEX_POINT ( 'NONE', #5856 ) ;
#7373 = EDGE_CURVE ( 'NONE', #6597, #6714, #8052, .T. ) ;
#7374 = VERTEX_POINT ( 'NONE', #913 ) ;
#7375 = DIRECTION ( 'NONE',  ( -0.000000000000000000, 1.000000000000000000, -0.000000000000000000 ) ) ;
#7376 = DIRECTION ( 'NONE',  ( 0.000000000000000000, 0.000000000000000000, -1.000000000000000000 ) ) ;
#7377 = CARTESIAN_POINT ( 'NONE',  ( 30.00000000000000355, 49.81447292170534524, -128.1790850899541852 ) ) ;
#7378 = DIRECTION ( 'NONE',  ( 1.000000000000000000, 9.912705577010325549E-17, 0.000000000000000000 ) ) ;
#7379 = DIRECTION ( 'NONE',  ( 0.3090169943749471737, 0.000000000000000000, -0.9510565162951536422 ) ) ;
#7380 = ORIENTED_EDGE ( 'NONE', *, *, #4218, .T. ) ;
#7381 = CYLINDRICAL_SURFACE ( 'NONE', #3691, 1.049999999999998934 ) ;
#7382 = CARTESIAN_POINT ( 'NONE',  ( 17.98768373480796612, 67.14209179641811431, -2.000000000000001776 ) ) ;
#7383 = ORIENTED_EDGE ( 'NONE', *, *, #3916, .T. ) ;
#7384 = VECTOR ( 'NONE', #3885, 1000.000000000000000 ) ;
#7385 = CARTESIAN_POINT ( 'NONE',  ( -22.25000000000000000, 113.9403061905773455, -21.59999999999999787 ) ) ;
#7386 = EDGE_CURVE ( 'NONE', #5941, #2997, #6418, .T. ) ;
#7387 = FACE_OUTER_BOUND ( 'NONE', #6621, .T. ) ;
#7388 = CIRCLE ( 'NONE', #7684, 2.149999999999999023 ) ;
#7389 = ORIENTED_EDGE ( 'NONE', *, *, #2200, .T. ) ;
#7390 = PLANE ( 'NONE',  #530 ) ;
#7391 = DIRECTION ( 'NONE',  ( -0.000000000000000000, -0.000000000000000000, -1.000000000000000000 ) ) ;
#7392 = ORIENTED_EDGE ( 'NONE', *, *, #8049, .T. ) ;
#7393 = AXIS2_PLACEMENT_3D ( 'NONE', #4261, #795, #2937 ) ;
#7394 = DIRECTION ( 'NONE',  ( 0.7071067811865480168, 0.7071067811865470176, -6.214048734462887340E-17 ) ) ;
#7395 = EDGE_CURVE ( 'NONE', #4111, #591, #1365, .T. ) ;
#7396 = ADVANCED_FACE ( 'NONE', ( #5719 ), #166, .F. ) ;
#7397 = ORIENTED_EDGE ( 'NONE', *, *, #4129, .F. ) ;
#7398 = FACE_OUTER_BOUND ( 'NONE', #8092, .T. ) ;
#7399 = LINE ( 'NONE', #2959, #1629 ) ;
#7400 = FACE_OUTER_BOUND ( 'NONE', #3149, .T. ) ;
#7401 = VERTEX_POINT ( 'NONE', #1549 ) ;
#7402 = CARTESIAN_POINT ( 'NONE',  ( 29.57029951316431493, 51.21726115183010108, -2.000000000000000000 ) ) ;
#7403 = VERTEX_POINT ( 'NONE', #4288 ) ;
#7404 = FACE_OUTER_BOUND ( 'NONE', #8, .T. ) ;
#7405 = EDGE_CURVE ( 'NONE', #5030, #1632, #4832, .T. ) ;
#7406 = CARTESIAN_POINT ( 'NONE',  ( 3.499999999999790834, 80.80934643409020168, -9.000000000000000000 ) ) ;
#7407 = LINE ( 'NONE', #354, #5733 ) ;
#7408 = LINE ( 'NONE', #958, #2341 ) ;
#7409 = CARTESIAN_POINT ( 'NONE',  ( 28.25000000000000000, 94.08030619057737454, -128.1790850899541852 ) ) ;
#7410 = DIRECTION ( 'NONE',  ( -1.000000000000000000, 0.000000000000000000, 0.000000000000000000 ) ) ;
#7411 = ADVANCED_FACE ( 'NONE', ( #5765 ), #2261, .F. ) ;
#7412 = FACE_BOUND ( 'NONE', #8613, .T. ) ;
#7413 = ORIENTED_EDGE ( 'NONE', *, *, #7314, .T. ) ;
#7414 = EDGE_LOOP ( 'NONE', ( #5471, #4162 ) ) ;
#7415 = ORIENTED_EDGE ( 'NONE', *, *, #9159, .F. ) ;
#7416 = PLANE ( 'NONE',  #2781 ) ;
#7417 = CARTESIAN_POINT ( 'NONE',  ( -24.15534234869041441, 1.734559614311359965, -7.500000000000000000 ) ) ;
#7418 = CARTESIAN_POINT ( 'NONE',  ( -30.00000000000000000, 22.65000000000001990, -12.50000000000000000 ) ) ;
#7419 = FACE_OUTER_BOUND ( 'NONE', #9201, .T. ) ;
#7420 = CARTESIAN_POINT ( 'NONE',  ( -23.55000000000001847, 115.4700544878848518, -23.11884562150395084 ) ) ;
#7421 = EDGE_CURVE ( 'NONE', #6082, #3008, #7918, .T. ) ;
#7422 = ORIENTED_EDGE ( 'NONE', *, *, #1116, .T. ) ;
#7423 = EDGE_CURVE ( 'NONE', #2262, #3038, #5149, .T. ) ;
#7424 = DIRECTION ( 'NONE',  ( -0.4999999999999987232, -0.8660254037844393737, 0.000000000000000000 ) ) ;
#7425 = DIRECTION ( 'NONE',  ( 0.000000000000000000, 0.000000000000000000, -1.000000000000000000 ) ) ;
#7426 = ORIENTED_EDGE ( 'NONE', *, *, #1533, .F. ) ;
#7427 = ADVANCED_FACE ( 'NONE', ( #6748 ), #350, .F. ) ;
#7428 = ORIENTED_EDGE ( 'NONE', *, *, #2623, .T. ) ;
#7429 = CARTESIAN_POINT ( 'NONE',  ( 24.00000000000002487, 12.50000000000000355, -12.50000000000000000 ) ) ;
#7430 = ORIENTED_EDGE ( 'NONE', *, *, #1037, .T. ) ;
#7431 = EDGE_CURVE ( 'NONE', #5106, #2064, #6636, .T. ) ;
#7432 = CARTESIAN_POINT ( 'NONE',  ( 29.52568126009659721, 2.578448267155946549, -18.88799884799532336 ) ) ;
#7433 = AXIS2_PLACEMENT_3D ( 'NONE', #8886, #1630, #6071 ) ;
#7434 = DIRECTION ( 'NONE',  ( 1.000000000000000000, 9.912705577010328015E-17, 0.000000000000000000 ) ) ;
#7435 = ORIENTED_EDGE ( 'NONE', *, *, #5172, .F. ) ;
#7436 = CYLINDRICAL_SURFACE ( 'NONE', #46, 1.000000000000000888 ) ;
#7437 = EDGE_LOOP ( 'NONE', ( #621, #5387, #8841, #697 ) ) ;
#7438 = AXIS2_PLACEMENT_3D ( 'NONE', #8264, #5308, #3796 ) ;
#7439 = DIRECTION ( 'NONE',  ( 0.000000000000000000, 0.000000000000000000, -1.000000000000000000 ) ) ;
#7440 = DIRECTION ( 'NONE',  ( 0.000000000000000000, 1.000000000000000000, 0.000000000000000000 ) ) ;
#7441 = CARTESIAN_POINT ( 'NONE',  ( -22.25000000000000000, 113.9403061905773598, -20.69999999999999929 ) ) ;
#7442 = EDGE_CURVE ( 'NONE', #3616, #4219, #6837, .T. ) ;
#7443 = LINE ( 'NONE', #6745, #7157 ) ;
#7444 = DIRECTION ( 'NONE',  ( -2.775557561562890858E-16, 1.000000000000000000, 0.000000000000000000 ) ) ;
#7445 = EDGE_LOOP ( 'NONE', ( #7281, #6278, #1961, #7187, #7915, #8821, #137, #6823, #2451, #6644, #2725 ) ) ;
#7446 = AXIS2_PLACEMENT_3D ( 'NONE', #3177, #932, #7521 ) ;
#7447 = DIRECTION ( 'NONE',  ( -0.9510565162951533091, 0.000000000000000000, -0.3090169943749482839 ) ) ;
#7448 = FACE_OUTER_BOUND ( 'NONE', #652, .T. ) ;
#7449 = AXIS2_PLACEMENT_3D ( 'NONE', #6989, #1281, #8477 ) ;
#7450 = CARTESIAN_POINT ( 'NONE',  ( -26.90714285714286191, 104.2085962636541154, 2.419152688738427370E-29 ) ) ;
#7451 = VECTOR ( 'NONE', #1639, 1000.000000000000000 ) ;
#7452 = EDGE_CURVE ( 'NONE', #3793, #7204, #7834, .T. ) ;
#7453 = EDGE_CURVE ( 'NONE', #5390, #2186, #4375, .T. ) ;
#7454 = DIRECTION ( 'NONE',  ( -0.000000000000000000, -0.000000000000000000, -1.000000000000000000 ) ) ;
#7455 = CARTESIAN_POINT ( 'NONE',  ( -24.05766510564400562, 4.141647365350580756, -6.843399220473226130 ) ) ;
#7456 = DIRECTION ( 'NONE',  ( 0.000000000000000000, 1.000000000000000000, 0.000000000000000000 ) ) ;
#7457 = DIRECTION ( 'NONE',  ( -1.541976423090495387E-16, -1.000000000000000000, 0.000000000000000000 ) ) ;
#7458 = VERTEX_POINT ( 'NONE', #8240 ) ;
#7459 = CARTESIAN_POINT ( 'NONE',  ( 24.90000653653432749, 4.717543072425752548, -17.49999999999999645 ) ) ;
#7460 = VERTEX_POINT ( 'NONE', #5240 ) ;
#7461 = AXIS2_PLACEMENT_3D ( 'NONE', #3201, #6085, #2304 ) ;
#7462 = CIRCLE ( 'NONE', #9108, 1.000000000000000888 ) ;
#7463 = VERTEX_POINT ( 'NONE', #8105 ) ;
#7464 = CARTESIAN_POINT ( 'NONE',  ( -8.586881039375560576, 80.80934643409020168, -9.000000000000001776 ) ) ;
#7465 = DIRECTION ( 'NONE',  ( 1.000000000000000000, 0.000000000000000000, 0.000000000000000000 ) ) ;
#7466 = FACE_OUTER_BOUND ( 'NONE', #7354, .T. ) ;
#7467 = LINE ( 'NONE', #1020, #7384 ) ;
#7468 = DIRECTION ( 'NONE',  ( -1.000000000000000000, -1.892425610156517122E-16, -0.000000000000000000 ) ) ;
#7470 = VERTEX_POINT ( 'NONE', #2486 ) ;
#7469 = AXIS2_PLACEMENT_3D ( 'NONE', #1053, #6658, #918 ) ;
#7471 = DIRECTION ( 'NONE',  ( 1.000000000000000000, 0.000000000000000000, 0.000000000000000000 ) ) ;
#7472 = CARTESIAN_POINT ( 'NONE',  ( -23.99333286959873845, 106.8553365275378724, -16.76278825112798998 ) ) ;
#7473 = ORIENTED_EDGE ( 'NONE', *, *, #1944, .F. ) ;
#7474 = DIRECTION ( 'NONE',  ( 0.000000000000000000, 0.000000000000000000, -1.000000000000000000 ) ) ;
#7475 = CIRCLE ( 'NONE', #8666, 2.149999999999999023 ) ;
#7476 = AXIS2_PLACEMENT_3D ( 'NONE', #1102, #8083, #3969 ) ;
#7477 = ORIENTED_EDGE ( 'NONE', *, *, #1379, .T. ) ;
#7478 = ADVANCED_FACE ( 'NONE', ( #7404 ), #335, .T. ) ;
#7479 = CARTESIAN_POINT ( 'NONE',  ( -8.773401785887994464, 56.29615242270664055, 0.000000000000000000 ) ) ;
#7480 = EDGE_CURVE ( 'NONE', #2186, #4718, #1731, .T. ) ;
#7481 = VERTEX_POINT ( 'NONE', #5430 ) ;
#7482 = CARTESIAN_POINT ( 'NONE',  ( 17.74999999999978684, 96.05957188242018674, -15.65739561406607372 ) ) ;
#7483 = AXIS2_PLACEMENT_3D ( 'NONE', #2089, #6347, #562 ) ;
#7484 = DIRECTION ( 'NONE',  ( 1.000000000000000000, -1.541976423090495387E-16, 0.000000000000000000 ) ) ;
#7485 = ORIENTED_EDGE ( 'NONE', *, *, #343, .F. ) ;
#7486 = ORIENTED_EDGE ( 'NONE', *, *, #1036, .T. ) ;
#7487 = EDGE_CURVE ( 'NONE', #2528, #2597, #7977, .T. ) ;
#7488 = B_SPLINE_CURVE_WITH_KNOTS ( 'NONE', 3,
 ( #5896, #6693, #7803, #9250, #1354, #4663, #5600, #6884, #7104, #7058, #2754, #4932 ),
 .UNSPECIFIED., .F., .F.,
 ( 4, 2, 2, 2, 2, 4 ),
 ( 0.000000000000000000, 0.0008465088406770114506, 0.001693017681354022901, 0.002539526522031034569, 0.002962780942369541703, 0.003386035362708048838 ),
 .UNSPECIFIED. ) ;
#7489 = CARTESIAN_POINT ( 'NONE',  ( 15.58688103937514846, 96.44000000000002615, -9.000000000000000000 ) ) ;
#7490 = CARTESIAN_POINT ( 'NONE',  ( 25.99999999999999645, 12.50000000000021316, -4.499999999999771738 ) ) ;
#7491 = DIRECTION ( 'NONE',  ( 2.579370461232904926E-32, -2.602085213965210149E-16, -1.000000000000000000 ) ) ;
#7492 = AXIS2_PLACEMENT_3D ( 'NONE', #7916, #4424, #862 ) ;
#7493 = LINE ( 'NONE', #162, #8646 ) ;
#7494 = CARTESIAN_POINT ( 'NONE',  ( 23.28556671078363394, 12.93835554870493887, -23.36443328921529528 ) ) ;
#7495 = EDGE_LOOP ( 'NONE', ( #7522, #2946, #64, #5645 ) ) ;
#7496 = DIRECTION ( 'NONE',  ( -0.000000000000000000, 0.000000000000000000, -1.000000000000000000 ) ) ;
#7497 = VECTOR ( 'NONE', #1912, 999.9999999999998863 ) ;
#7498 = ADVANCED_FACE ( 'NONE', ( #213 ), #395, .F. ) ;
#7499 = VECTOR ( 'NONE', #6409, 1000.000000000000000 ) ;
#7500 = DIRECTION ( 'NONE',  ( 1.000000000000000000, 0.000000000000000000, 0.000000000000000000 ) ) ;
#7501 = VECTOR ( 'NONE', #5037, 1000.000000000000000 ) ;
#7502 = CYLINDRICAL_SURFACE ( 'NONE', #5882, 1.000000000000000888 ) ;
#7503 = CYLINDRICAL_SURFACE ( 'NONE', #7469, 2.000000000000000000 ) ;
#7504 = FACE_OUTER_BOUND ( 'NONE', #4275, .T. ) ;
#7505 = VECTOR ( 'NONE', #8159, 1000.000000000000000 ) ;
#7506 = AXIS2_PLACEMENT_3D ( 'NONE', #1775, #4805, #3376 ) ;
#7507 = DIRECTION ( 'NONE',  ( 1.000000000000000000, 9.912705577010326782E-17, -0.000000000000000000 ) ) ;
#7508 = FACE_OUTER_BOUND ( 'NONE', #7827, .T. ) ;
#7509 = EDGE_LOOP ( 'NONE', ( #5551, #7978, #851, #8297 ) ) ;
#7510 = CARTESIAN_POINT ( 'NONE',  ( 22.24999999999998579, 111.7903061905773683, -7.599999999999997868 ) ) ;
#7511 = ORIENTED_EDGE ( 'NONE', *, *, #943, .T. ) ;
#7512 = AXIS2_PLACEMENT_3D ( 'NONE', #8970, #3083, #7474 ) ;
#7513 = EDGE_CURVE ( 'NONE', #6568, #6819, #9177, .T. ) ;
#7514 = EDGE_CURVE ( 'NONE', #937, #7401, #4671, .T. ) ;
#7515 = EDGE_LOOP ( 'NONE', ( #1507, #518, #129, #9140 ) ) ;
#7516 = LINE ( 'NONE', #8120, #846 ) ;
#7517 = CARTESIAN_POINT ( 'NONE',  ( -23.55000000000001137, 109.0903061905773512, -14.59999999999999787 ) ) ;
#7518 = DIRECTION ( 'NONE',  ( 1.000000000000000000, 0.000000000000000000, 0.000000000000000000 ) ) ;
#7519 = VECTOR ( 'NONE', #9061, 1000.000000000000000 ) ;
#7520 = CARTESIAN_POINT ( 'NONE',  ( -0.8027535677998243191, 104.4400000000000261, -59.44210861082027009 ) ) ;
#7521 = DIRECTION ( 'NONE',  ( 0.000000000000000000, 0.000000000000000000, 1.000000000000000000 ) ) ;
#7522 = ORIENTED_EDGE ( 'NONE', *, *, #2595, .F. ) ;
#7523 = CARTESIAN_POINT ( 'NONE',  ( 58.00000000000002132, 12.50000000000021672, -4.499999999999771738 ) ) ;
#7524 = CARTESIAN_POINT ( 'NONE',  ( -24.52823170310163192, 105.9506138798629422, -16.52144122694194550 ) ) ;
#7525 = ORIENTED_EDGE ( 'NONE', *, *, #5807, .F. ) ;
#7526 = DIRECTION ( 'NONE',  ( 0.4999999999999977796, -0.8660254037844398178, 0.000000000000000000 ) ) ;
#7527 = DIRECTION ( 'NONE',  ( 0.000000000000000000, -1.000000000000000000, 0.000000000000000000 ) ) ;
#7528 = ORIENTED_EDGE ( 'NONE', *, *, #6412, .T. ) ;
#7529 = AXIS2_PLACEMENT_3D ( 'NONE', #9099, #2649, #1937 ) ;
#7530 = CARTESIAN_POINT ( 'NONE',  ( 29.95214785710384220, 4.060524879500295725, -19.91934692885522651 ) ) ;
#7531 = ADVANCED_FACE ( 'NONE', ( #6137 ), #1643, .F. ) ;
#7532 = EDGE_CURVE ( 'NONE', #5030, #5160, #3007, .T. ) ;
#7533 = DIRECTION ( 'NONE',  ( -0.8090169943749472292, 0.000000000000000000, -0.5877852522924734702 ) ) ;
#7534 = ORIENTED_EDGE ( 'NONE', *, *, #1479, .T. ) ;
#7535 = ORIENTED_EDGE ( 'NONE', *, *, #8018, .T. ) ;
#7536 = DIRECTION ( 'NONE',  ( 0.000000000000000000, 1.000000000000000000, 0.000000000000000000 ) ) ;
#7537 = CARTESIAN_POINT ( 'NONE',  ( -22.25000000000000000, 116.0903061905773797, -7.599999999999997868 ) ) ;
#7538 = FACE_OUTER_BOUND ( 'NONE', #9048, .T. ) ;
#7539 = DIRECTION ( 'NONE',  ( 1.000000000000000000, -0.000000000000000000, -0.000000000000000000 ) ) ;
#7540 = EDGE_CURVE ( 'NONE', #3756, #792, #8277, .T. ) ;
#7541 = VECTOR ( 'NONE', #2869, 1000.000000000000114 ) ;
#7542 = EDGE_CURVE ( 'NONE', #4849, #8773, #8808, .T. ) ;
#7543 = CYLINDRICAL_SURFACE ( 'NONE', #7933, 2.000000000000000000 ) ;
#7544 = ORIENTED_EDGE ( 'NONE', *, *, #3626, .T. ) ;
#7545 = CARTESIAN_POINT ( 'NONE',  ( 17.74999999999978684, 80.80934643409020168, -15.65739561406607372 ) ) ;
#7546 = EDGE_CURVE ( 'NONE', #9224, #2575, #3953, .T. ) ;
#7547 = DIRECTION ( 'NONE',  ( 1.000000000000000000, 0.000000000000000000, 0.000000000000000000 ) ) ;
#7548 = AXIS2_PLACEMENT_3D ( 'NONE', #5165, #8591, #5780 ) ;
#7549 = CARTESIAN_POINT ( 'NONE',  ( 25.99999999999999645, 20.50000000000001066, -12.50000000000000000 ) ) ;
#7550 = FACE_OUTER_BOUND ( 'NONE', #5148, .T. ) ;
#7551 = CARTESIAN_POINT ( 'NONE',  ( 16.57654914134644741, 96.44000000000002615, -23.00000000000000000 ) ) ;
#7552 = LINE ( 'NONE', #5954, #8954 ) ;
#7553 = FACE_OUTER_BOUND ( 'NONE', #6303, .T. ) ;
#7554 = ORIENTED_EDGE ( 'NONE', *, *, #3377, .T. ) ;
#7555 = FACE_OUTER_BOUND ( 'NONE', #7196, .T. ) ;
#7556 = ORIENTED_EDGE ( 'NONE', *, *, #4377, .T. ) ;
#7557 = ORIENTED_EDGE ( 'NONE', *, *, #3037, .F. ) ;
#7558 = CARTESIAN_POINT ( 'NONE',  ( -23.00000000000000000, 2.533932570968610243, -17.50000000000000000 ) ) ;
#7559 = FACE_OUTER_BOUND ( 'NONE', #3268, .T. ) ;
#7560 = CARTESIAN_POINT ( 'NONE',  ( -37.75000000000000711, 113.9403061905773598, -20.69999999999999929 ) ) ;
#7561 = DIRECTION ( 'NONE',  ( 0.000000000000000000, -0.000000000000000000, -1.000000000000000000 ) ) ;
#7562 = FACE_OUTER_BOUND ( 'NONE', #271, .T. ) ;
#7563 = EDGE_LOOP ( 'NONE', ( #615, #1250, #1655, #2239 ) ) ;
#7564 = EDGE_CURVE ( 'NONE', #1948, #9063, #9031, .T. ) ;
#7565 = DIRECTION ( 'NONE',  ( 0.000000000000000000, 0.000000000000000000, -1.000000000000000000 ) ) ;
#7566 = CARTESIAN_POINT ( 'NONE',  ( 9.524690479923696884, 65.10000000000000853, -128.1790850899541852 ) ) ;
#7567 = ORIENTED_EDGE ( 'NONE', *, *, #2586, .T. ) ;
#7568 = ORIENTED_EDGE ( 'NONE', *, *, #6093, .T. ) ;
#7569 = LINE ( 'NONE', #7479, #8228 ) ;
#7570 = ORIENTED_EDGE ( 'NONE', *, *, #6831, .F. ) ;
#7571 = EDGE_CURVE ( 'NONE', #914, #3366, #3321, .T. ) ;
#7572 = CARTESIAN_POINT ( 'NONE',  ( 29.93718902153867489, 3.998583519050064261, -20.00232800805687106 ) ) ;
#7573 = ORIENTED_EDGE ( 'NONE', *, *, #7643, .T. ) ;
#7574 = DIRECTION ( 'NONE',  ( -1.000000000000000000, 0.000000000000000000, 0.000000000000000000 ) ) ;
#7575 = ORIENTED_EDGE ( 'NONE', *, *, #2693, .T. ) ;
#7576 = ORIENTED_EDGE ( 'NONE', *, *, #4247, .F. ) ;
#7577 = DIRECTION ( 'NONE',  ( 0.000000000000000000, 1.000000000000000000, 0.000000000000000000 ) ) ;
#7578 = FACE_OUTER_BOUND ( 'NONE', #3132, .T. ) ;
#7579 = CARTESIAN_POINT ( 'NONE',  ( 9.923762078750520743, 96.44000000000002615, -13.11449676604731174 ) ) ;
#7580 = DIRECTION ( 'NONE',  ( -1.541976423090495387E-16, 1.000000000000000000, -0.000000000000000000 ) ) ;
#7581 = CARTESIAN_POINT ( 'NONE',  ( 6.423762078750519855, 96.44000000000002615, -15.65739561406607727 ) ) ;
#7582 = ORIENTED_EDGE ( 'NONE', *, *, #4838, .T. ) ;
#7583 = DIRECTION ( 'NONE',  ( 0.9444791243466059694, -0.3285714285714275151, 0.000000000000000000 ) ) ;
#7584 = VECTOR ( 'NONE', #3528, 1000.000000000000227 ) ;
#7585 = EDGE_CURVE ( 'NONE', #769, #5106, #1229, .T. ) ;
#7586 = DIRECTION ( 'NONE',  ( -1.000000000000000000, 0.000000000000000000, 0.000000000000000000 ) ) ;
#7587 = ADVANCED_FACE ( 'NONE', ( #7024 ), #4002, .F. ) ;
#7588 = CARTESIAN_POINT ( 'NONE',  ( -28.00000000000000000, 12.50000000000000888, -12.50000000000000000 ) ) ;
#7589 = EDGE_CURVE ( 'NONE', #1115, #1931, #7633, .T. ) ;
#7590 = VECTOR ( 'NONE', #3501, 999.9999999999998863 ) ;
#7591 = CARTESIAN_POINT ( 'NONE',  ( -29.93660964375249023, 3.991222830348011730, -25.31931081977041131 ) ) ;
#7592 = LINE ( 'NONE', #6981, #4483 ) ;
#7593 = EDGE_LOOP ( 'NONE', ( #7085, #6862, #2142, #6505, #5718, #4878 ) ) ;
#7594 = DIRECTION ( 'NONE',  ( -0.4999999999999977796, -0.8660254037844398178, 0.000000000000000000 ) ) ;
#7595 = EDGE_LOOP ( 'NONE', ( #5205, #9255, #8305, #3077 ) ) ;
#7596 = DIRECTION ( 'NONE',  ( 1.000000000000000000, 9.912705577010326782E-17, 0.000000000000000000 ) ) ;
#7597 = ORIENTED_EDGE ( 'NONE', *, *, #9115, .T. ) ;
#7598 = CIRCLE ( 'NONE', #2008, 2.149999999999997247 ) ;
#7599 = ORIENTED_EDGE ( 'NONE', *, *, #310, .F. ) ;
#7600 = DIRECTION ( 'NONE',  ( 0.000000000000000000, 0.000000000000000000, 1.000000000000000000 ) ) ;
#7601 = AXIS2_PLACEMENT_3D ( 'NONE', #6579, #7282, #8025 ) ;
#7602 = EDGE_CURVE ( 'NONE', #4096, #4720, #4479, .T. ) ;
#7603 = DIRECTION ( 'NONE',  ( -0.5427066596637479812, -0.8399223068573764550, 0.000000000000000000 ) ) ;
#7604 = PLANE ( 'NONE',  #6920 ) ;
#7605 = DIRECTION ( 'NONE',  ( 9.912705577010326782E-17, -1.000000000000000000, -0.000000000000000000 ) ) ;
#7606 = LINE ( 'NONE', #6907, #8711 ) ;
#7607 = CARTESIAN_POINT ( 'NONE',  ( 25.99999999999999645, 53.27857453684310229, -25.00000000000000000 ) ) ;
#7608 = ORIENTED_EDGE ( 'NONE', *, *, #855, .T. ) ;
#7609 = CARTESIAN_POINT ( 'NONE',  ( 43.19558781116748492, 98.44000000000002615, -2.000000000000000000 ) ) ;
#7610 = CARTESIAN_POINT ( 'NONE',  ( -23.39412052663954711, 10.65835895549580670, -25.50000000000000355 ) ) ;
#7611 = VERTEX_POINT ( 'NONE', #7720 ) ;
#7612 = CIRCLE ( 'NONE', #3838, 2.000000000000000000 ) ;
#7613 = AXIS2_PLACEMENT_3D ( 'NONE', #1981, #4974, #516 ) ;
#7614 = ORIENTED_EDGE ( 'NONE', *, *, #5758, .T. ) ;
#7615 = DIRECTION ( 'NONE',  ( -1.000000000000000000, 1.541976423090495387E-16, -0.000000000000000000 ) ) ;
#7616 = EDGE_CURVE ( 'NONE', #9243, #2734, #7844, .T. ) ;
#7617 = CIRCLE ( 'NONE', #8503, 1.999999999999998224 ) ;
#7618 = CIRCLE ( 'NONE', #7312, 6.999999999999999112 ) ;
#7619 = ORIENTED_EDGE ( 'NONE', *, *, #3693, .F. ) ;
#7620 = CARTESIAN_POINT ( 'NONE',  ( -30.00000000000000000, 49.81447292170534524, -25.00000000000000000 ) ) ;
#7621 = EDGE_LOOP ( 'NONE', ( #8051, #7608 ) ) ;
#7622 = DIRECTION ( 'NONE',  ( 1.000000000000000000, -8.879806544366675452E-32, 8.019547272036671442E-16 ) ) ;
#7623 = ORIENTED_EDGE ( 'NONE', *, *, #2293, .T. ) ;
#7624 = AXIS2_PLACEMENT_3D ( 'NONE', #8656, #2203, #5093 ) ;
#7625 = ORIENTED_EDGE ( 'NONE', *, *, #7453, .T. ) ;
#7626 = ADVANCED_FACE ( 'NONE', ( #3480 ), #4850, .F. ) ;
#7627 = LINE ( 'NONE', #6220, #1011 ) ;
#7628 = DIRECTION ( 'NONE',  ( 0.000000000000000000, 0.000000000000000000, 1.000000000000000000 ) ) ;
#7629 = AXIS2_PLACEMENT_3D ( 'NONE', #8300, #8786, #2996 ) ;
#7630 = CYLINDRICAL_SURFACE ( 'NONE', #6917, 2.149999999999999023 ) ;
#7631 = FACE_OUTER_BOUND ( 'NONE', #3851, .T. ) ;
#7632 = EDGE_LOOP ( 'NONE', ( #1099, #3380, #488, #533 ) ) ;
#7633 = LINE ( 'NONE', #8464, #2570 ) ;
#7634 = AXIS2_PLACEMENT_3D ( 'NONE', #5023, #9293, #2849 ) ;
#7635 = CARTESIAN_POINT ( 'NONE',  ( 0.000000000000000000, 83.52616047165487601, -2.000000000000001776 ) ) ;
#7636 = VECTOR ( 'NONE', #542, 1000.000000000000000 ) ;
#7637 = CARTESIAN_POINT ( 'NONE',  ( -11.26830527994895625, 71.48374507372808750, -25.00000000000000000 ) ) ;
#7638 = CYLINDRICAL_SURFACE ( 'NONE', #5069, 2.000000000000001776 ) ;
#7639 = DIRECTION ( 'NONE',  ( 0.000000000000000000, 1.829999629156732544E-31, -1.000000000000000000 ) ) ;
#7640 = ORIENTED_EDGE ( 'NONE', *, *, #1206, .T. ) ;
#7641 = CARTESIAN_POINT ( 'NONE',  ( -27.80757884505156952, 0.8782619262663136084, -17.10383167837259677 ) ) ;
#7642 = VERTEX_POINT ( 'NONE', #4139 ) ;
#7643 = EDGE_CURVE ( 'NONE', #4305, #9212, #4228, .T. ) ;
#7644 = AXIS2_PLACEMENT_3D ( 'NONE', #3901, #5226, #8089 ) ;
#7645 = LINE ( 'NONE', #9188, #9 ) ;
#7646 = EDGE_CURVE ( 'NONE', #5005, #2064, #9219, .T. ) ;
#7647 = ORIENTED_EDGE ( 'NONE', *, *, #198, .F. ) ;
#7648 = DIRECTION ( 'NONE',  ( 0.000000000000000000, 1.000000000000000000, 0.000000000000000000 ) ) ;
#7649 = CARTESIAN_POINT ( 'NONE',  ( -23.55621953326553708, 108.6711834140156725, -13.31758389311453961 ) ) ;
#7650 = CYLINDRICAL_SURFACE ( 'NONE', #3293, 1.999999999999999334 ) ;
#7651 = CARTESIAN_POINT ( 'NONE',  ( -23.28557197120795053, 12.93840557592052498, -23.36442802879207647 ) ) ;
#7652 = AXIS2_PLACEMENT_3D ( 'NONE', #6055, #3118, #4677 ) ;
#7653 = CIRCLE ( 'NONE', #3585, 4.000000000000001776 ) ;
#7654 = CARTESIAN_POINT ( 'NONE',  ( -26.00000000000000000, 20.50000000000002132, -12.50000000000000000 ) ) ;
#7655 = CARTESIAN_POINT ( 'NONE',  ( 29.99999999999999645, 18.15685424949253957, -6.843145750507550140 ) ) ;
#7656 = VERTEX_POINT ( 'NONE', #2767 ) ;
#7657 = DIRECTION ( 'NONE',  ( -1.496165103491749478E-16, 1.000000000000000000, -0.000000000000000000 ) ) ;
#7658 = CARTESIAN_POINT ( 'NONE',  ( -24.00000000000000000, 49.81447292170534524, -22.99999999999999289 ) ) ;
#7659 = ORIENTED_EDGE ( 'NONE', *, *, #2400, .F. ) ;
#7660 = EDGE_CURVE ( 'NONE', #9184, #2262, #4899, .T. ) ;
#7661 = AXIS2_PLACEMENT_3D ( 'NONE', #267, #7507, #1055 ) ;
#7662 = VECTOR ( 'NONE', #6501, 1000.000000000000000 ) ;
#7663 = EDGE_CURVE ( 'NONE', #7403, #5968, #497, .T. ) ;
#7664 = ORIENTED_EDGE ( 'NONE', *, *, #5895, .F. ) ;
#7665 = CARTESIAN_POINT ( 'NONE',  ( -29.99999999999999645, 14.64999999999987956, -20.49999999999977618 ) ) ;
#7666 = TOROIDAL_SURFACE ( 'NONE', #1776, 10.50000000000000000, 2.000000000000000000 ) ;
#7667 = ORIENTED_EDGE ( 'NONE', *, *, #3334, .F. ) ;
#7668 = CARTESIAN_POINT ( 'NONE',  ( 28.13543178498844810, 1.689189189073189157, -18.77505933122145620 ) ) ;
#7669 = EDGE_LOOP ( 'NONE', ( #2371, #6776, #7783, #4411 ) ) ;
#7670 = EDGE_CURVE ( 'NONE', #9030, #7460, #7983, .T. ) ;
#7671 = CARTESIAN_POINT ( 'NONE',  ( 15.58688103937514846, 96.44000000000002615, -9.000000000000000000 ) ) ;
#7672 = ORIENTED_EDGE ( 'NONE', *, *, #1793, .T. ) ;
#7673 = VERTEX_POINT ( 'NONE', #9126 ) ;
#7674 = DIRECTION ( 'NONE',  ( 0.000000000000000000, 0.000000000000000000, 1.000000000000000000 ) ) ;
#7675 = CARTESIAN_POINT ( 'NONE',  ( -16.57654914134644741, 94.44000000000002615, -22.99999999999999289 ) ) ;
#7676 = CARTESIAN_POINT ( 'NONE',  ( 24.00000000000000711, 13.55000000000021032, -4.499999999999771738 ) ) ;
#7677 = ADVANCED_FACE ( 'NONE', ( #5569 ), #9039, .F. ) ;
#7678 = PLANE ( 'NONE',  #5241 ) ;
#7679 = ORIENTED_EDGE ( 'NONE', *, *, #4014, .T. ) ;
#7680 = AXIS2_PLACEMENT_3D ( 'NONE', #6202, #6285, #3355 ) ;
#7681 = DIRECTION ( 'NONE',  ( 0.000000000000000000, -1.000000000000000000, 0.000000000000000000 ) ) ;
#7682 = PLANE ( 'NONE',  #5514 ) ;
#7683 = PLANE ( 'NONE',  #4039 ) ;
#7684 = AXIS2_PLACEMENT_3D ( 'NONE', #5008, #3634, #4339 ) ;
#7685 = CARTESIAN_POINT ( 'NONE',  ( -29.95991466973758222, 4.088888795375656748, -25.36125073195146484 ) ) ;
#7686 = CARTESIAN_POINT ( 'NONE',  ( 23.53940693477579060, 115.3554837172138718, -23.22584019171940639 ) ) ;
#7687 = ORIENTED_EDGE ( 'NONE', *, *, #1869, .F. ) ;
#7688 = ADVANCED_FACE ( 'NONE', ( #1133 ), #6887, .F. ) ;
#7689 = CARTESIAN_POINT ( 'NONE',  ( -23.31393684833120616, 2.886454107512963496, -7.500000000000000000 ) ) ;
#7690 = ORIENTED_EDGE ( 'NONE', *, *, #8762, .F. ) ;
#7691 = CARTESIAN_POINT ( 'NONE',  ( -8.773401785887994464, 56.29615242270664055, -3.000000000000002665 ) ) ;
#7692 = VERTEX_POINT ( 'NONE', #8325 ) ;
#7693 = CIRCLE ( 'NONE', #3630, 4.000000000000000000 ) ;
#7694 = DIRECTION ( 'NONE',  ( -0.000000000000000000, 0.000000000000000000, 1.000000000000000000 ) ) ;
#7695 = CARTESIAN_POINT ( 'NONE',  ( -23.56101599357381460, 108.5864017554680458, -13.21041968310763082 ) ) ;
#7696 = DIRECTION ( 'NONE',  ( 1.000000000000000000, 0.000000000000000000, 0.000000000000000000 ) ) ;
#7697 = EDGE_CURVE ( 'NONE', #947, #2550, #1868, .T. ) ;
#7698 = CARTESIAN_POINT ( 'NONE',  ( -26.00000000000000355, 44.61832049899870611, 0.000000000000000000 ) ) ;
#7699 = CARTESIAN_POINT ( 'NONE',  ( 25.99999999999999645, 12.50000000000021316, -4.499999999999771738 ) ) ;
#7700 = CYLINDRICAL_SURFACE ( 'NONE', #5048, 5.999999999999998224 ) ;
#7701 = EDGE_LOOP ( 'NONE', ( #8912, #5339 ) ) ;
#7702 = DIRECTION ( 'NONE',  ( 0.000000000000000000, 0.000000000000000000, -1.000000000000000000 ) ) ;
#7703 = CARTESIAN_POINT ( 'NONE',  ( -24.63165627301542671, 12.04762755248848194, -25.50000000000000711 ) ) ;
#7704 = ORIENTED_EDGE ( 'NONE', *, *, #4128, .T. ) ;
#7705 = VERTEX_POINT ( 'NONE', #6545 ) ;
#7706 = CARTESIAN_POINT ( 'NONE',  ( 21.55000000000018190, 3.738329090730050843E-14, -25.00000000000000000 ) ) ;
#7707 = EDGE_CURVE ( 'NONE', #1698, #1744, #9036, .T. ) ;
#7708 = EDGE_CURVE ( 'NONE', #1246, #5934, #718, .T. ) ;
#7709 = VERTEX_POINT ( 'NONE', #2251 ) ;
#7710 = CARTESIAN_POINT ( 'NONE',  ( 28.36831602830509524, 2.531031906286212330, -20.15356914837684599 ) ) ;
#7711 = ORIENTED_EDGE ( 'NONE', *, *, #272, .F. ) ;
#7712 = DIRECTION ( 'NONE',  ( -0.000000000000000000, 1.000000000000000000, -0.000000000000000000 ) ) ;
#7713 = ORIENTED_EDGE ( 'NONE', *, *, #5054, .T. ) ;
#7714 = ORIENTED_EDGE ( 'NONE', *, *, #1657, .T. ) ;
#7715 = DIRECTION ( 'NONE',  ( -1.000000000000000000, 0.000000000000000000, -8.673617379884027583E-16 ) ) ;
#7716 = CARTESIAN_POINT ( 'NONE',  ( -21.55000000000001137, 108.9309918853871579, -23.00000000000000000 ) ) ;
#7717 = CARTESIAN_POINT ( 'NONE',  ( -27.00000000000000000, 12.50000000000000888, -12.50000000000000000 ) ) ;
#7718 = DIRECTION ( 'NONE',  ( 0.3090169943749482839, -1.053076637743355143E-16, 0.9510565162951533091 ) ) ;
#7719 = ORIENTED_EDGE ( 'NONE', *, *, #1148, .F. ) ;
#7720 = CARTESIAN_POINT ( 'NONE',  ( 23.54999999999998650, 111.7903061905773683, -21.59999999999999787 ) ) ;
#7721 = CARTESIAN_POINT ( 'NONE',  ( -22.25000000000000000, 113.9403061905773740, -7.599999999999997868 ) ) ;
#7722 = EDGE_CURVE ( 'NONE', #3826, #5823, #4142, .T. ) ;
#7723 = DIRECTION ( 'NONE',  ( 0.000000000000000000, 0.000000000000000000, -1.000000000000000000 ) ) ;
#7724 = DIRECTION ( 'NONE',  ( 1.734723475976807292E-15, -1.000000000000000000, 0.000000000000000000 ) ) ;
#7725 = FACE_OUTER_BOUND ( 'NONE', #7249, .T. ) ;
#7726 = ORIENTED_EDGE ( 'NONE', *, *, #639, .T. ) ;
#7727 = CARTESIAN_POINT ( 'NONE',  ( -22.99999999999999289, 17.90008671797830075, -2.731442041075800020 ) ) ;
#7728 = ORIENTED_EDGE ( 'NONE', *, *, #8441, .T. ) ;
#7729 = CIRCLE ( 'NONE', #967, 6.000000000000001776 ) ;
#7730 = DIRECTION ( 'NONE',  ( -0.000000000000000000, 1.000000000000000000, -0.000000000000000000 ) ) ;
#7731 = VERTEX_POINT ( 'NONE', #3624 ) ;
#7732 = DIRECTION ( 'NONE',  ( -1.000000000000000000, 0.000000000000000000, 0.000000000000000000 ) ) ;
#7733 = EDGE_CURVE ( 'NONE', #6854, #5066, #810, .T. ) ;
#7734 = CARTESIAN_POINT ( 'NONE',  ( -24.83153414260878833, 105.5798265565316996, -12.92055157503366480 ) ) ;
#7735 = TOROIDAL_SURFACE ( 'NONE', #7291, 8.000000000000000000, 2.000000000000000000 ) ;
#7736 = ORIENTED_EDGE ( 'NONE', *, *, #4152, .T. ) ;
#7737 = DIRECTION ( 'NONE',  ( 1.541976423090495387E-16, 1.000000000000000000, 0.000000000000000000 ) ) ;
#7738 = DIRECTION ( 'NONE',  ( 0.5427066596637503126, 0.8399223068573747897, -9.414459830876629938E-16 ) ) ;
#7739 = CARTESIAN_POINT ( 'NONE',  ( 28.25000000000001066, 94.08030619057741717, -24.17157287525380838 ) ) ;
#7740 = ORIENTED_EDGE ( 'NONE', *, *, #8482, .F. ) ;
#7741 = FACE_OUTER_BOUND ( 'NONE', #6470, .T. ) ;
#7742 = DIRECTION ( 'NONE',  ( -0.9444791243466059694, 0.3285714285714275151, 0.000000000000000000 ) ) ;
#7743 = EDGE_LOOP ( 'NONE', ( #446, #861 ) ) ;
#7744 = AXIS2_PLACEMENT_3D ( 'NONE', #3933, #1751, #5214 ) ;
#7745 = ORIENTED_EDGE ( 'NONE', *, *, #3448, .T. ) ;
#7746 = CARTESIAN_POINT ( 'NONE',  ( 16.57654914134644741, 96.44000000000002615, -2.755455298081540045E-15 ) ) ;
#7747 = ORIENTED_EDGE ( 'NONE', *, *, #406, .F. ) ;
#7748 = AXIS2_PLACEMENT_3D ( 'NONE', #2700, #5587, #1203 ) ;
#7749 = AXIS2_PLACEMENT_3D ( 'NONE', #6793, #6039, #1045 ) ;
#7750 = CARTESIAN_POINT ( 'NONE',  ( -22.99999999999999289, 10.68233953707531114, -23.50712768413465525 ) ) ;
#7751 = CARTESIAN_POINT ( 'NONE',  ( 29.02147956846841126, 2.775465182609539561, -21.48597391130110879 ) ) ;
#7752 = ORIENTED_EDGE ( 'NONE', *, *, #2111, .T. ) ;
#7753 = LINE ( 'NONE', #2920, #7811 ) ;
#7754 = FACE_OUTER_BOUND ( 'NONE', #4025, .T. ) ;
#7755 = ORIENTED_EDGE ( 'NONE', *, *, #2392, .T. ) ;
#7756 = EDGE_CURVE ( 'NONE', #7692, #4864, #5092, .T. ) ;
#7757 = EDGE_CURVE ( 'NONE', #7481, #4165, #5747, .T. ) ;
#7758 = CIRCLE ( 'NONE', #5508, 5.000000000000000888 ) ;
#7759 = ORIENTED_EDGE ( 'NONE', *, *, #1058, .F. ) ;
#7760 = CIRCLE ( 'NONE', #3697, 0.8999999999999998002 ) ;
#7761 = FACE_BOUND ( 'NONE', #4650, .T. ) ;
#7762 = DIRECTION ( 'NONE',  ( -0.000000000000000000, 0.000000000000000000, 1.000000000000000000 ) ) ;
#7763 = DIRECTION ( 'NONE',  ( 0.000000000000000000, -0.000000000000000000, 1.000000000000000000 ) ) ;
#7764 = AXIS2_PLACEMENT_3D ( 'NONE', #7076, #8517, #2769 ) ;
#7765 = VECTOR ( 'NONE', #9086, 1000.000000000000000 ) ;
#7766 = CARTESIAN_POINT ( 'NONE',  ( -16.57654914134644741, 94.44000000000002615, -22.99999999999999289 ) ) ;
#7767 = VERTEX_POINT ( 'NONE', #6590 ) ;
#7768 = DIRECTION ( 'NONE',  ( 1.000000000000000000, -1.541976423090495387E-16, -0.000000000000000000 ) ) ;
#7769 = EDGE_CURVE ( 'NONE', #8502, #4690, #8706, .T. ) ;
#7770 = CIRCLE ( 'NONE', #2496, 1.049999999999998934 ) ;
#7771 = DIRECTION ( 'NONE',  ( 9.912705577010326782E-17, -1.000000000000000000, 0.000000000000000000 ) ) ;
#7772 = CARTESIAN_POINT ( 'NONE',  ( 16.57654914134644741, 94.44000000000002615, -25.00000000000000000 ) ) ;
#7773 = FACE_OUTER_BOUND ( 'NONE', #2565, .T. ) ;
#7774 = CARTESIAN_POINT ( 'NONE',  ( 29.99999999999999289, 4.500000000000000888, -19.30073525436772286 ) ) ;
#7775 = ORIENTED_EDGE ( 'NONE', *, *, #1231, .F. ) ;
#7776 = DIRECTION ( 'NONE',  ( 0.000000000000000000, 0.000000000000000000, 1.000000000000000000 ) ) ;
#7777 = VERTEX_POINT ( 'NONE', #3002 ) ;
#7778 = CARTESIAN_POINT ( 'NONE',  ( 15.58688103937514846, 104.4400000000000261, -9.000000000000000000 ) ) ;
#7779 = EDGE_CURVE ( 'NONE', #7234, #4590, #65, .T. ) ;
#7780 = ORIENTED_EDGE ( 'NONE', *, *, #8966, .F. ) ;
#7781 = CARTESIAN_POINT ( 'NONE',  ( 29.99999999999999645, 12.49999999999999822, -12.50000000000000000 ) ) ;
#7782 = CARTESIAN_POINT ( 'NONE',  ( -23.72728783229134564, 107.6048624595253784, -12.55118451385929568 ) ) ;
#7783 = ORIENTED_EDGE ( 'NONE', *, *, #2427, .T. ) ;
#7784 = CARTESIAN_POINT ( 'NONE',  ( -28.26931186714935151, 1.706069463259336505, -18.77678475572281158 ) ) ;
#7785 = DIRECTION ( 'NONE',  ( 0.000000000000000000, -0.000000000000000000, -1.000000000000000000 ) ) ;
#7786 = CARTESIAN_POINT ( 'NONE',  ( -7.381096940474732193, 57.10000000000000142, -128.1790850899541852 ) ) ;
#7788 = EDGE_LOOP ( 'NONE', ( #7843, #963 ) ) ;
#7787 = AXIS2_PLACEMENT_3D ( 'NONE', #6368, #1926, #4765 ) ;
#7789 = CYLINDRICAL_SURFACE ( 'NONE', #7907, 0.9000000000000075717 ) ;
#7790 = DIRECTION ( 'NONE',  ( -1.000000000000000000, -1.892425610156517122E-16, -0.000000000000000000 ) ) ;
#7791 = EDGE_LOOP ( 'NONE', ( #478, #7383, #4769, #7253 ) ) ;
#7792 = EDGE_CURVE ( 'NONE', #3429, #2040, #5891, .T. ) ;
#7793 = AXIS2_PLACEMENT_3D ( 'NONE', #875, #2970, #3731 ) ;
#7794 = ADVANCED_FACE ( 'NONE', ( #3572 ), #2108, .F. ) ;
#7795 = CIRCLE ( 'NONE', #3891, 1.049999999999998934 ) ;
#7796 = EDGE_LOOP ( 'NONE', ( #3913, #331, #6996, #3945 ) ) ;
#7797 = DIRECTION ( 'NONE',  ( 1.734723475976807292E-15, -1.000000000000000000, 0.000000000000000000 ) ) ;
#7798 = AXIS2_PLACEMENT_3D ( 'NONE', #9264, #1363, #7115 ) ;
#7799 = CIRCLE ( 'NONE', #8544, 2.000000000000001776 ) ;
#7800 = ORIENTED_EDGE ( 'NONE', *, *, #8008, .F. ) ;
#7801 = VECTOR ( 'NONE', #2904, 1000.000000000000000 ) ;
#7802 = LINE ( 'NONE', #6440, #393 ) ;
#7803 = CARTESIAN_POINT ( 'NONE',  ( -29.94853330175338968, 10.67931866065940838, -25.50000000000000355 ) ) ;
#7804 = CARTESIAN_POINT ( 'NONE',  ( -21.55000000000001137, 108.9309918853871579, 0.000000000000000000 ) ) ;
#7805 = ORIENTED_EDGE ( 'NONE', *, *, #2484, .T. ) ;
#7806 = VECTOR ( 'NONE', #7391, 1000.000000000000000 ) ;
#7807 = AXIS2_PLACEMENT_3D ( 'NONE', #3291, #1176, #6182 ) ;
#7808 = ADVANCED_FACE ( 'NONE', ( #4996 ), #2955, .F. ) ;
#7809 = CARTESIAN_POINT ( 'NONE',  ( -23.55000000000002558, 117.9399999999999977, -23.00000000000000000 ) ) ;
#7810 = ORIENTED_EDGE ( 'NONE', *, *, #2416, .F. ) ;
#7811 = VECTOR ( 'NONE', #3453, 1000.000000000000000 ) ;
#7812 = EDGE_LOOP ( 'NONE', ( #182, #5887, #5250, #7690 ) ) ;
#7813 = LINE ( 'NONE', #16, #427 ) ;
#7814 = DIRECTION ( 'NONE',  ( 1.000000000000000000, -1.541976423090495387E-16, -0.000000000000000000 ) ) ;
#7815 = EDGE_CURVE ( 'NONE', #9194, #2550, #4989, .T. ) ;
#7816 = EDGE_CURVE ( 'NONE', #2963, #2596, #1665, .T. ) ;
#7817 = LINE ( 'NONE', #4274, #5094 ) ;
#7818 = VERTEX_POINT ( 'NONE', #3522 ) ;
#7819 = CARTESIAN_POINT ( 'NONE',  ( 58.00000000000002132, 18.15685424949230864, -18.15685424949224469 ) ) ;
#7820 = CARTESIAN_POINT ( 'NONE',  ( 24.83126836019011208, 105.5801250899406654, -12.92031710375137088 ) ) ;
#7821 = DIRECTION ( 'NONE',  ( 1.898094922533725623E-16, 1.000000000000000000, 0.000000000000000000 ) ) ;
#7822 = EDGE_CURVE ( 'NONE', #1395, #8420, #4276, .T. ) ;
#7823 = EDGE_CURVE ( 'NONE', #1744, #3085, #770, .T. ) ;
#7824 = CARTESIAN_POINT ( 'NONE',  ( -23.99999999999999645, 18.50000000000001066, -12.50000000000000000 ) ) ;
#7825 = LINE ( 'NONE', #7340, #3971 ) ;
#7827 = EDGE_LOOP ( 'NONE', ( #4734, #5908, #8253 ) ) ;
#7826 = AXIS2_PLACEMENT_3D ( 'NONE', #4636, #3075, #6671 ) ;
#7828 = CARTESIAN_POINT ( 'NONE',  ( 0.000000000000000000, 65.10000000000000853, -2.000000000000001776 ) ) ;
#7829 = EDGE_CURVE ( 'NONE', #7374, #3244, #2873, .T. ) ;
#7830 = ORIENTED_EDGE ( 'NONE', *, *, #6633, .T. ) ;
#7831 = DIRECTION ( 'NONE',  ( 0.9510565162951533091, 0.000000000000000000, -0.3090169943749482839 ) ) ;
#7832 = VERTEX_POINT ( 'NONE', #8140 ) ;
#7833 = DIRECTION ( 'NONE',  ( 1.000000000000000000, -1.541976423090495387E-16, 0.000000000000000000 ) ) ;
#7834 = CIRCLE ( 'NONE', #627, 2.149999999999999023 ) ;
#7835 = CARTESIAN_POINT ( 'NONE',  ( 16.57654914134644741, 94.44000000000002615, -23.00000000000000000 ) ) ;
#7836 = ORIENTED_EDGE ( 'NONE', *, *, #6749, .F. ) ;
#7837 = CARTESIAN_POINT ( 'NONE',  ( -28.65714892091288490, 2.609863541325483371, -21.66805290646762217 ) ) ;
#7838 = DIRECTION ( 'NONE',  ( 0.000000000000000000, 2.029344161882401514E-31, -1.000000000000000000 ) ) ;
#7839 = DIRECTION ( 'NONE',  ( -1.000000000000000000, 1.541976423090495387E-16, 0.000000000000000000 ) ) ;
#7840 = ORIENTED_EDGE ( 'NONE', *, *, #9281, .F. ) ;
#7841 = CARTESIAN_POINT ( 'NONE',  ( -30.00000000000000000, 20.50000000000002132, -12.50000000000000000 ) ) ;
#7842 = DIRECTION ( 'NONE',  ( 0.9510565162951537532, 0.000000000000000000, -0.3090169943749468962 ) ) ;
#7843 = ORIENTED_EDGE ( 'NONE', *, *, #8227, .F. ) ;
#7844 = CIRCLE ( 'NONE', #6794, 1.999999999999998224 ) ;
#7845 = ORIENTED_EDGE ( 'NONE', *, *, #6988, .F. ) ;
#7846 = LINE ( 'NONE', #7706, #5377 ) ;
#7847 = ADVANCED_FACE ( 'NONE', ( #3096 ), #987, .T. ) ;
#7848 = VERTEX_POINT ( 'NONE', #1633 ) ;
#7849 = DIRECTION ( 'NONE',  ( -0.7071067811865456854, 0.000000000000000000, 0.7071067811865493491 ) ) ;
#7850 = FACE_OUTER_BOUND ( 'NONE', #2439, .T. ) ;
#7851 = DIRECTION ( 'NONE',  ( -0.000000000000000000, -1.000000000000000000, 0.000000000000000000 ) ) ;
#7852 = ORIENTED_EDGE ( 'NONE', *, *, #5180, .T. ) ;
#7853 = DIRECTION ( 'NONE',  ( -0.4999999999999987232, 0.8660254037844393737, 0.000000000000000000 ) ) ;
#7854 = ORIENTED_EDGE ( 'NONE', *, *, #640, .T. ) ;
#7855 = FACE_OUTER_BOUND ( 'NONE', #6230, .T. ) ;
#7856 = EDGE_CURVE ( 'NONE', #4130, #6928, #631, .T. ) ;
#7857 = FACE_OUTER_BOUND ( 'NONE', #1936, .T. ) ;
#7858 = PLANE ( 'NONE',  #2533 ) ;
#7859 = DIRECTION ( 'NONE',  ( 0.000000000000000000, -1.000000000000000000, 0.000000000000000000 ) ) ;
#7860 = DIRECTION ( 'NONE',  ( 0.000000000000000000, -1.000000000000000000, -1.734723475976807094E-15 ) ) ;
#7861 = ORIENTED_EDGE ( 'NONE', *, *, #167, .T. ) ;
#7862 = DIRECTION ( 'NONE',  ( 0.000000000000000000, -1.000000000000000000, 0.000000000000000000 ) ) ;
#7863 = DIRECTION ( 'NONE',  ( 1.000000000000000000, 1.734723475976807292E-15, -0.000000000000000000 ) ) ;
#7864 = DIRECTION ( 'NONE',  ( 1.898094922533725623E-16, 1.000000000000000000, 0.000000000000000000 ) ) ;
#7865 = CARTESIAN_POINT ( 'NONE',  ( -17.00000000000000000, 44.61832049899870611, -22.00000000000000355 ) ) ;
#7866 = FACE_OUTER_BOUND ( 'NONE', #3983, .T. ) ;
#7867 = ORIENTED_EDGE ( 'NONE', *, *, #5121, .T. ) ;
#7868 = DIRECTION ( 'NONE',  ( 0.5427066596637479812, -0.8399223068573764550, -0.000000000000000000 ) ) ;
#7869 = ORIENTED_EDGE ( 'NONE', *, *, #7373, .T. ) ;
#7870 = CARTESIAN_POINT ( 'NONE',  ( -17.75000000000019540, 80.80934643409020168, -15.65739561406607372 ) ) ;
#7871 = ORIENTED_EDGE ( 'NONE', *, *, #669, .T. ) ;
#7872 = EDGE_CURVE ( 'NONE', #71, #84, #3392, .T. ) ;
#7873 = EDGE_CURVE ( 'NONE', #658, #3366, #3805, .T. ) ;
#7874 = DIRECTION ( 'NONE',  ( -1.000000000000000000, -9.912705577010326782E-17, 0.000000000000000000 ) ) ;
#7875 = DIRECTION ( 'NONE',  ( -1.000000000000000000, 0.000000000000000000, 0.000000000000000000 ) ) ;
#7876 = VERTEX_POINT ( 'NONE', #297 ) ;
#7877 = CARTESIAN_POINT ( 'NONE',  ( -29.34181962461978443, 3.011072085858481628, -21.22012672358170349 ) ) ;
#7878 = CIRCLE ( 'NONE', #2762, 10.14999999999999858 ) ;
#7879 = LINE ( 'NONE', #5678, #7913 ) ;
#7880 = CYLINDRICAL_SURFACE ( 'NONE', #3601, 2.149999999999999023 ) ;
#7881 = ORIENTED_EDGE ( 'NONE', *, *, #3724, .F. ) ;
#7882 = CARTESIAN_POINT ( 'NONE',  ( 25.17916291648580795, 12.34218886930612769, -25.50000000000000000 ) ) ;
#7883 = PLANE ( 'NONE',  #5191 ) ;
#7884 = VERTEX_POINT ( 'NONE', #902 ) ;
#7885 = CIRCLE ( 'NONE', #8788, 4.000000000000000000 ) ;
#7886 = ORIENTED_EDGE ( 'NONE', *, *, #6680, .T. ) ;
#7887 = CARTESIAN_POINT ( 'NONE',  ( 26.25000000000000355, 102.3196380149609865, -23.00000000000000000 ) ) ;
#7888 = ORIENTED_EDGE ( 'NONE', *, *, #8527, .F. ) ;
#7889 = CARTESIAN_POINT ( 'NONE',  ( 16.57654914134644741, 94.44000000000002615, -2.000000000000000000 ) ) ;
#7890 = DIRECTION ( 'NONE',  ( 0.8660254037844397068, -0.4999999999999979461, -0.000000000000000000 ) ) ;
#7891 = EDGE_LOOP ( 'NONE', ( #3657, #8651, #4910, #2807, #7270, #1300 ) ) ;
#7892 = DIRECTION ( 'NONE',  ( 1.000000000000000000, 9.912705577010328015E-17, 4.357881996052622369E-33 ) ) ;
#7893 = DIRECTION ( 'NONE',  ( 0.000000000000000000, -1.000000000000000000, 0.000000000000000000 ) ) ;
#7894 = ORIENTED_EDGE ( 'NONE', *, *, #4599, .F. ) ;
#7895 = AXIS2_PLACEMENT_3D ( 'NONE', #2987, #4310, #4981 ) ;
#7896 = CARTESIAN_POINT ( 'NONE',  ( 5.773401785888007787, 60.10000000000000853, 0.000000000000000000 ) ) ;
#7897 = ADVANCED_FACE ( 'NONE', ( #6687 ), #7436, .T. ) ;
#7898 = EDGE_LOOP ( 'NONE', ( #1819, #8906, #5375, #707 ) ) ;
#7899 = AXIS2_PLACEMENT_3D ( 'NONE', #6995, #2652, #554 ) ;
#7900 = DIRECTION ( 'NONE',  ( 1.000000000000000000, 9.912705577010326782E-17, -0.000000000000000000 ) ) ;
#7901 = AXIS2_PLACEMENT_3D ( 'NONE', #1823, #4879, #2038 ) ;
#7902 = DIRECTION ( 'NONE',  ( -1.000000000000000000, -9.912705577010326782E-17, 0.000000000000000000 ) ) ;
#7903 = CARTESIAN_POINT ( 'NONE',  ( 1.336881039375164004, 96.44000000000002615, -15.65739561406607727 ) ) ;
#7904 = DIRECTION ( 'NONE',  ( 1.000000000000000000, 1.734723475976805517E-15, 0.000000000000000000 ) ) ;
#7905 = ORIENTED_EDGE ( 'NONE', *, *, #8510, .F. ) ;
#7906 = CIRCLE ( 'NONE', #3845, 0.9000000000000075717 ) ;
#7907 = AXIS2_PLACEMENT_3D ( 'NONE', #2790, #2746, #7702 ) ;
#7908 = DIRECTION ( 'NONE',  ( -1.000000000000000000, -1.892425610156517122E-16, -0.000000000000000000 ) ) ;
#7909 = EDGE_CURVE ( 'NONE', #515, #7220, #2420, .T. ) ;
#7910 = CARTESIAN_POINT ( 'NONE',  ( -23.55000000000001847, 113.9403061905773455, -21.59999999999999787 ) ) ;
#7911 = VECTOR ( 'NONE', #5755, 1000.000000000000000 ) ;
#7912 = CARTESIAN_POINT ( 'NONE',  ( 12.08688103937515734, 104.4400000000000261, -19.77189238011338546 ) ) ;
#7913 = VECTOR ( 'NONE', #7182, 1000.000000000000000 ) ;
#7914 = DIRECTION ( 'NONE',  ( -1.000000000000000000, 0.000000000000000000, 0.000000000000000000 ) ) ;
#7915 = ORIENTED_EDGE ( 'NONE', *, *, #4297, .F. ) ;
#7916 = CARTESIAN_POINT ( 'NONE',  ( -9.524690479923696884, 65.10000000000000853, -128.1790850899541852 ) ) ;
#7917 = ORIENTED_EDGE ( 'NONE', *, *, #120, .F. ) ;
#7918 = LINE ( 'NONE', #1464, #3769 ) ;
#7919 = ORIENTED_EDGE ( 'NONE', *, *, #5503, .F. ) ;
#7920 = VECTOR ( 'NONE', #2738, 1000.000000000000000 ) ;
#7921 = FACE_BOUND ( 'NONE', #3348, .T. ) ;
#7922 = CARTESIAN_POINT ( 'NONE',  ( -29.60820733274403338, 3.303997789670875207, -20.87779196410570393 ) ) ;
#7923 = CARTESIAN_POINT ( 'NONE',  ( -20.25000000000000000, 118.9400000000000261, -128.1790850899541852 ) ) ;
#7924 = CARTESIAN_POINT ( 'NONE',  ( -23.99999999999999645, 12.50000000000001066, -12.50000000000000000 ) ) ;
#7925 = EDGE_CURVE ( 'NONE', #189, #6597, #7693, .T. ) ;
#7926 = ORIENTED_EDGE ( 'NONE', *, *, #2217, .F. ) ;
#7927 = ADVANCED_FACE ( 'NONE', ( #5276 ), #2719, .T. ) ;
#7928 = LINE ( 'NONE', #6566, #1728 ) ;
#7929 = FACE_OUTER_BOUND ( 'NONE', #8965, .T. ) ;
#7930 = ORIENTED_EDGE ( 'NONE', *, *, #4535, .T. ) ;
#7931 = ORIENTED_EDGE ( 'NONE', *, *, #8375, .F. ) ;
#7932 = FACE_OUTER_BOUND ( 'NONE', #2789, .T. ) ;
#7933 = AXIS2_PLACEMENT_3D ( 'NONE', #7402, #5942, #2397 ) ;
#7934 = ORIENTED_EDGE ( 'NONE', *, *, #1225, .T. ) ;
#7935 = CARTESIAN_POINT ( 'NONE',  ( 22.24999999999998579, 113.9403061905773598, -22.49999999999999645 ) ) ;
#7936 = FACE_OUTER_BOUND ( 'NONE', #8003, .T. ) ;
#7937 = VERTEX_POINT ( 'NONE', #202 ) ;
#7938 = ADVANCED_FACE ( 'NONE', ( #2323 ), #4445, .F. ) ;
#7939 = CARTESIAN_POINT ( 'NONE',  ( 24.00000000000002487, 12.50000000000000533, -22.65000000000000213 ) ) ;
#7940 = DIRECTION ( 'NONE',  ( -0.000000000000000000, 1.000000000000000000, -0.000000000000000000 ) ) ;
#7941 = ORIENTED_EDGE ( 'NONE', *, *, #5980, .F. ) ;
#7942 = AXIS2_PLACEMENT_3D ( 'NONE', #4022, #3315, #9236 ) ;
#7943 = DIRECTION ( 'NONE',  ( -0.5877852522924732481, 0.000000000000000000, 0.8090169943749473402 ) ) ;
#7944 = ADVANCED_FACE ( 'NONE', ( #884 ), #8071, .T. ) ;
#7945 = AXIS2_PLACEMENT_3D ( 'NONE', #2681, #5571, #7723 ) ;
#7946 = VERTEX_POINT ( 'NONE', #5025 ) ;
#7947 = DIRECTION ( 'NONE',  ( 0.000000000000000000, 1.000000000000000000, 0.000000000000000000 ) ) ;
#7948 = CARTESIAN_POINT ( 'NONE',  ( 11.26830527994897224, 71.48374507372811593, -25.00000000000000000 ) ) ;
#7949 = DATE_AND_TIME ( #6638, #2685 ) ;
#7950 = AXIS2_PLACEMENT_3D ( 'NONE', #1145, #141, #461 ) ;
#7951 = CIRCLE ( 'NONE', #3744, 1.000000000000000888 ) ;
#7952 = CARTESIAN_POINT ( 'NONE',  ( -23.99999999999999289, 18.15685424949253246, -6.843145750507550140 ) ) ;
#7953 = ORIENTED_EDGE ( 'NONE', *, *, #6960, .F. ) ;
#7954 = AXIS2_PLACEMENT_3D ( 'NONE', #6500, #2193, #2950 ) ;
#7955 = CARTESIAN_POINT ( 'NONE',  ( 26.00000000000000000, 12.49999999999999822, -12.50000000000000000 ) ) ;
#7956 = FACE_OUTER_BOUND ( 'NONE', #3704, .T. ) ;
#7957 = VECTOR ( 'NONE', #6339, 1000.000000000000000 ) ;
#7958 = CARTESIAN_POINT ( 'NONE',  ( -5.663118960624838216, 80.80934643409020168, -15.65739561406607727 ) ) ;
#7959 = VECTOR ( 'NONE', #1515, 1000.000000000000000 ) ;
#7960 = ADVANCED_FACE ( 'NONE', ( #3747 ), #8022, .F. ) ;
#7961 = DIRECTION ( 'NONE',  ( 0.000000000000000000, 1.000000000000000000, 0.000000000000000000 ) ) ;
#7962 = ORIENTED_EDGE ( 'NONE', *, *, #3099, .T. ) ;
#7963 = DIRECTION ( 'NONE',  ( 1.000000000000000000, 0.000000000000000000, 0.000000000000000000 ) ) ;
#7964 = ORIENTED_EDGE ( 'NONE', *, *, #1016, .F. ) ;
#7965 = DIRECTION ( 'NONE',  ( 0.8660254037844397068, -0.4999999999999979461, 0.000000000000000000 ) ) ;
#7966 = ORIENTED_EDGE ( 'NONE', *, *, #2624, .F. ) ;
#7967 = CARTESIAN_POINT ( 'NONE',  ( -25.99999999999999645, 12.49999999999999822, -3.000000000000000000 ) ) ;
#7968 = CARTESIAN_POINT ( 'NONE',  ( -29.81667312088847055, 3.640149406631682183, -19.63568832156272492 ) ) ;
#7969 = EDGE_CURVE ( 'NONE', #4577, #4130, #8687, .T. ) ;
#7970 = DIRECTION ( 'NONE',  ( 0.000000000000000000, 1.000000000000000000, 0.000000000000000000 ) ) ;
#7971 = CARTESIAN_POINT ( 'NONE',  ( -25.99999999999999645, 53.27857453684310940, -2.000000000000000000 ) ) ;
#7972 = VERTEX_POINT ( 'NONE', #4309 ) ;
#7973 = DIRECTION ( 'NONE',  ( 0.000000000000000000, 0.000000000000000000, -1.000000000000000000 ) ) ;
#7974 = DIRECTION ( 'NONE',  ( -0.000000000000000000, 0.000000000000000000, 1.000000000000000000 ) ) ;
#7975 = EDGE_LOOP ( 'NONE', ( #3804, #726 ) ) ;
#7976 = EDGE_LOOP ( 'NONE', ( #5815, #8523, #1193, #4861 ) ) ;
#7977 = CIRCLE ( 'NONE', #3919, 4.000000000000001776 ) ;
#7978 = ORIENTED_EDGE ( 'NONE', *, *, #1215, .F. ) ;
#7979 = FACE_OUTER_BOUND ( 'NONE', #2410, .T. ) ;
#7980 = EDGE_LOOP ( 'NONE', ( #3677, #2047, #3051, #5347 ) ) ;
#7981 = CARTESIAN_POINT ( 'NONE',  ( 23.58881035191416942, 108.2995775500652087, -16.27115162600269471 ) ) ;
#7982 = LINE ( 'NONE', #835, #5797 ) ;
#7983 = CIRCLE ( 'NONE', #6344, 1.050000000000000488 ) ;
#7984 = VERTEX_POINT ( 'NONE', #7935 ) ;
#7985 = CARTESIAN_POINT ( 'NONE',  ( 25.99999999999999645, 18.15685424949230153, -18.15685424949224469 ) ) ;
#7986 = CARTESIAN_POINT ( 'NONE',  ( 26.00000000000000000, 12.49999999999999822, -3.000000000000000000 ) ) ;
#7987 = EDGE_LOOP ( 'NONE', ( #436, #1852, #5546, #6492, #3515, #1445 ) ) ;
#7988 = PLANE ( 'NONE',  #5406 ) ;
#7989 = EDGE_LOOP ( 'NONE', ( #955, #3219 ) ) ;
#7990 = EDGE_CURVE ( 'NONE', #5005, #769, #5442, .T. ) ;
#7991 = AXIS2_PLACEMENT_3D ( 'NONE', #2894, #2180, #2457 ) ;
#7992 = EDGE_CURVE ( 'NONE', #986, #3793, #6326, .T. ) ;
#7993 = CARTESIAN_POINT ( 'NONE',  ( -37.75000000000000711, 113.9403061905773740, -7.599999999999997868 ) ) ;
#7994 = CARTESIAN_POINT ( 'NONE',  ( 29.99999999999999289, 4.499999999999972466, -128.1790850899541852 ) ) ;
#7995 = ADVANCED_FACE ( 'NONE', ( #7279 ), #5737, .F. ) ;
#7996 = CYLINDRICAL_SURFACE ( 'NONE', #3426, 2.000000000000000000 ) ;
#7997 = EDGE_LOOP ( 'NONE', ( #4033, #1570, #9165, #9155 ) ) ;
#7998 = CARTESIAN_POINT ( 'NONE',  ( 27.62691490594733423, 0.9536996868627529711, -17.28989757661847548 ) ) ;
#7999 = ADVANCED_FACE ( 'NONE', ( #3606 ), #6489, .F. ) ;
#8000 = CARTESIAN_POINT ( 'NONE',  ( -20.25000000000000000, 113.9403061905773598, -20.69999999999999929 ) ) ;
#8001 = CARTESIAN_POINT ( 'NONE',  ( 11.58728778948666793, 12.50000000000000178, -25.49999999999999645 ) ) ;
#8002 = CARTESIAN_POINT ( 'NONE',  ( 30.00000000000000000, 4.341937609750289084, -19.25719799817193945 ) ) ;
#8003 = EDGE_LOOP ( 'NONE', ( #5724, #2776, #212, #7714, #5852 ) ) ;
#8004 = CARTESIAN_POINT ( 'NONE',  ( -28.55000000000000782, 108.9309918853871437, -2.000000000000000000 ) ) ;
#8005 = ORIENTED_EDGE ( 'NONE', *, *, #3481, .T. ) ;
#8006 = DIRECTION ( 'NONE',  ( 0.000000000000000000, 1.000000000000000000, 0.000000000000000000 ) ) ;
#8007 = ORIENTED_EDGE ( 'NONE', *, *, #6840, .T. ) ;
#8008 = EDGE_CURVE ( 'NONE', #189, #3085, #3477, .T. ) ;
#8009 = CARTESIAN_POINT ( 'NONE',  ( -28.00000000000000000, 49.81447292170534524, -25.00000000000000000 ) ) ;
#8010 = DIRECTION ( 'NONE',  ( -0.3090169943749471737, 0.000000000000000000, -0.9510565162951536422 ) ) ;
#8011 = CARTESIAN_POINT ( 'NONE',  ( 28.00000000000000000, 12.50000000000001776, -8.500000000000000000 ) ) ;
#8012 = DIRECTION ( 'NONE',  ( 0.000000000000000000, 0.000000000000000000, -1.000000000000000000 ) ) ;
#8013 = ORIENTED_EDGE ( 'NONE', *, *, #7873, .F. ) ;
#8014 = DIRECTION ( 'NONE',  ( -9.912705577010326782E-17, 1.000000000000000000, 0.000000000000000000 ) ) ;
#8015 = LINE ( 'NONE', #3783, #5948 ) ;
#8016 = ORIENTED_EDGE ( 'NONE', *, *, #5904, .T. ) ;
#8017 = ORIENTED_EDGE ( 'NONE', *, *, #4012, .F. ) ;
#8018 = EDGE_CURVE ( 'NONE', #5943, #3085, #3934, .T. ) ;
#8019 = DIRECTION ( 'NONE',  ( -1.000000000000000000, -9.912705577010326782E-17, 0.000000000000000000 ) ) ;
#8020 = ORIENTED_EDGE ( 'NONE', *, *, #2336, .T. ) ;
#8021 = CYLINDRICAL_SURFACE ( 'NONE', #8080, 2.000000000000001776 ) ;
#8022 = CYLINDRICAL_SURFACE ( 'NONE', #7393, 1.999999999999998224 ) ;
#8023 = CARTESIAN_POINT ( 'NONE',  ( 25.99999999999999645, 12.49999999999987388, -20.49999999999977618 ) ) ;
#8024 = ORIENTED_EDGE ( 'NONE', *, *, #3489, .T. ) ;
#8025 = DIRECTION ( 'NONE',  ( -0.5427066596637479812, 0.8399223068573764550, 0.000000000000000000 ) ) ;
#8026 = CARTESIAN_POINT ( 'NONE',  ( -28.00000000000000000, 49.81447292170534524, -2.000000000000000000 ) ) ;
#8027 = ORIENTED_EDGE ( 'NONE', *, *, #8468, .T. ) ;
#8028 = AXIS2_PLACEMENT_3D ( 'NONE', #1441, #8597, #799 ) ;
#8029 = ORIENTED_EDGE ( 'NONE', *, *, #4678, .T. ) ;
#8030 = CARTESIAN_POINT ( 'NONE',  ( -22.99999999999999645, 2.499999999999997780, -21.78708781050335830 ) ) ;
#8031 = ORIENTED_EDGE ( 'NONE', *, *, #8388, .T. ) ;
#8032 = AXIS2_PLACEMENT_3D ( 'NONE', #8781, #3079, #7425 ) ;
#8033 = PERSON_AND_ORGANIZATION ( #8923, #2240 ) ;
#8034 = DIRECTION ( 'NONE',  ( 0.8660254037844397068, 0.4999999999999979461, 0.000000000000000000 ) ) ;
#8035 = EDGE_CURVE ( 'NONE', #4165, #1330, #3056, .T. ) ;
#8036 = EDGE_CURVE ( 'NONE', #4831, #1284, #9191, .T. ) ;
#8037 = DIRECTION ( 'NONE',  ( -0.8660254037844397068, -0.4999999999999979461, 0.000000000000000000 ) ) ;
#8038 = EDGE_LOOP ( 'NONE', ( #4043, #7356 ) ) ;
#8039 = DIRECTION ( 'NONE',  ( -8.787991997524760300E-17, -1.524473602480251670E-31, -1.000000000000000000 ) ) ;
#8040 = AXIS2_PLACEMENT_3D ( 'NONE', #6490, #9248, #2802 ) ;
#8041 = AXIS2_PLACEMENT_3D ( 'NONE', #7609, #7471, #7565 ) ;
#8042 = CARTESIAN_POINT ( 'NONE',  ( -28.55000000000000782, 108.9309918853871437, -23.00000000000000000 ) ) ;
#8043 = CARTESIAN_POINT ( 'NONE',  ( -24.46713198007570611, 4.295467861410797283, -17.64247037139194063 ) ) ;
#8044 = CARTESIAN_POINT ( 'NONE',  ( 29.99999999999999645, 16.00685424949253743, -6.843145750507550140 ) ) ;
#8045 = CIRCLE ( 'NONE', #8802, 2.000000000000001776 ) ;
#8046 = LINE ( 'NONE', #8238, #696 ) ;
#8047 = ORIENTED_EDGE ( 'NONE', *, *, #5560, .F. ) ;
#8048 = CIRCLE ( 'NONE', #1577, 1.999999999999998224 ) ;
#8049 = EDGE_CURVE ( 'NONE', #5775, #2618, #5144, .T. ) ;
#8050 = DIRECTION ( 'NONE',  ( 1.000000000000000000, 9.912705577010326782E-17, -0.000000000000000000 ) ) ;
#8051 = ORIENTED_EDGE ( 'NONE', *, *, #5135, .T. ) ;
#8052 = LINE ( 'NONE', #3584, #2710 ) ;
#8053 = ORIENTED_EDGE ( 'NONE', *, *, #445, .T. ) ;
#8054 = VECTOR ( 'NONE', #8340, 1000.000000000000000 ) ;
#8055 = FACE_OUTER_BOUND ( 'NONE', #1070, .T. ) ;
#8056 = CIRCLE ( 'NONE', #5215, 1.000000000000000888 ) ;
#8057 = DIRECTION ( 'NONE',  ( 1.000000000000000000, 1.541976423090495387E-16, 0.000000000000000000 ) ) ;
#8058 = CARTESIAN_POINT ( 'NONE',  ( -23.99999999999999645, 12.50000000000001243, -2.349999999999985878 ) ) ;
#8059 = EDGE_CURVE ( 'NONE', #1658, #5872, #2723, .T. ) ;
#8060 = LINE ( 'NONE', #1606, #2182 ) ;
#8061 = CARTESIAN_POINT ( 'NONE',  ( -0.000000000000000000, 98.44000000000002615, -25.00000000000000000 ) ) ;
#8062 = ORIENTED_EDGE ( 'NONE', *, *, #3936, .F. ) ;
#8063 = CIRCLE ( 'NONE', #4454, 12.50000000000000178 ) ;
#8064 = CIRCLE ( 'NONE', #1591, 2.999999999999999112 ) ;
#8065 = EDGE_LOOP ( 'NONE', ( #6924, #6098, #22, #115, #7845 ) ) ;
#8066 = ORIENTED_EDGE ( 'NONE', *, *, #3968, .T. ) ;
#8067 = DIRECTION ( 'NONE',  ( -1.000000000000000000, 0.000000000000000000, 0.000000000000000000 ) ) ;
#8068 = CIRCLE ( 'NONE', #6426, 8.000000000000000000 ) ;
#8069 = CARTESIAN_POINT ( 'NONE',  ( 23.18397459621553836, 118.3060254037845453, -0.6339745962155619585 ) ) ;
#8070 = CYLINDRICAL_SURFACE ( 'NONE', #1648, 2.149999999999999023 ) ;
#8071 = CYLINDRICAL_SURFACE ( 'NONE', #8737, 1.000000000000000888 ) ;
#8072 = DIRECTION ( 'NONE',  ( 0.000000000000000000, 0.000000000000000000, -1.000000000000000000 ) ) ;
#8073 = ORIENTED_EDGE ( 'NONE', *, *, #3693, .T. ) ;
#8074 = EDGE_CURVE ( 'NONE', #7463, #7481, #418, .T. ) ;
#8075 = FACE_OUTER_BOUND ( 'NONE', #3466, .T. ) ;
#8076 = EDGE_CURVE ( 'NONE', #6475, #7023, #2418, .T. ) ;
#8077 = DIRECTION ( 'NONE',  ( -1.000000000000000000, 1.541976423090495387E-16, 0.000000000000000000 ) ) ;
#8078 = ORIENTED_EDGE ( 'NONE', *, *, #6345, .T. ) ;
#8079 = CARTESIAN_POINT ( 'NONE',  ( -16.57654914134644741, 96.44000000000002615, -15.65739561406607372 ) ) ;
#8080 = AXIS2_PLACEMENT_3D ( 'NONE', #4306, #4356, #5073 ) ;
#8081 = ORIENTED_EDGE ( 'NONE', *, *, #434, .T. ) ;
#8082 = TOROIDAL_SURFACE ( 'NONE', #732, 10.50000000000000000, 2.000000000000000000 ) ;
#8083 = DIRECTION ( 'NONE',  ( -1.000000000000000000, -9.912705577010326782E-17, 0.000000000000000000 ) ) ;
#8084 = ORIENTED_EDGE ( 'NONE', *, *, #2948, .F. ) ;
#8085 = APPROVAL_DATE_TIME ( #6027, #355 ) ;
#8086 = EDGE_CURVE ( 'NONE', #7460, #9030, #1796, .T. ) ;
#8087 = CARTESIAN_POINT ( 'NONE',  ( 29.63734316203333208, 3.320903290230527993, -19.77006539985382361 ) ) ;
#8088 = AXIS2_PLACEMENT_3D ( 'NONE', #3581, #32, #5762 ) ;
#8089 = DIRECTION ( 'NONE',  ( 0.000000000000000000, 1.000000000000000000, 0.000000000000000000 ) ) ;
#8090 = ORIENTED_EDGE ( 'NONE', *, *, #6135, .T. ) ;
#8091 = DIRECTION ( 'NONE',  ( -1.000000000000000000, 0.000000000000000000, 0.000000000000000000 ) ) ;
#8092 = EDGE_LOOP ( 'NONE', ( #4766, #8179, #780, #2291 ) ) ;
#8093 = EDGE_CURVE ( 'NONE', #7374, #2380, #5429, .T. ) ;
#8094 = CARTESIAN_POINT ( 'NONE',  ( 8.399223068573766326, 78.09909387501738820, -2.000000000000011102 ) ) ;
#8095 = CIRCLE ( 'NONE', #6296, 12.00000000000000000 ) ;
#8096 = AXIS2_PLACEMENT_3D ( 'NONE', #583, #1271, #6189 ) ;
#8097 = DIRECTION ( 'NONE',  ( -0.000000000000000000, -1.000000000000000000, 0.000000000000000000 ) ) ;
#8098 = CARTESIAN_POINT ( 'NONE',  ( -6.423762078750932858, 96.44000000000002615, -15.65739561406607727 ) ) ;
#8099 = AXIS2_PLACEMENT_3D ( 'NONE', #8459, #3336, #8417 ) ;
#8100 = FACE_OUTER_BOUND ( 'NONE', #7593, .T. ) ;
#8101 = VERTEX_POINT ( 'NONE', #2507 ) ;
#8102 = DIRECTION ( 'NONE',  ( 0.5877852522924732481, 0.000000000000000000, 0.8090169943749473402 ) ) ;
#8103 = VERTEX_POINT ( 'NONE', #1616 ) ;
#8104 = CIRCLE ( 'NONE', #4644, 5.999999999999999112 ) ;
#8105 = CARTESIAN_POINT ( 'NONE',  ( 26.00000000000000355, 44.61832049899870611, 0.000000000000000000 ) ) ;
#8106 = AXIS2_PLACEMENT_3D ( 'NONE', #8619, #2164, #7226 ) ;
#8107 = ADVANCED_FACE ( 'NONE', ( #7419 ), #1750, .T. ) ;
#8108 = CARTESIAN_POINT ( 'NONE',  ( -30.00000000000000000, 20.50000000000002132, -12.50000000000000000 ) ) ;
#8109 = ADVANCED_FACE ( 'NONE', ( #971 ), #3311, .T. ) ;
#8110 = FACE_OUTER_BOUND ( 'NONE', #3741, .T. ) ;
#8111 = EDGE_CURVE ( 'NONE', #7290, #7038, #3790, .T. ) ;
#8112 = DIRECTION ( 'NONE',  ( -0.5427066596637479812, 0.8399223068573764550, 0.000000000000000000 ) ) ;
#8113 = DIRECTION ( 'NONE',  ( 0.000000000000000000, 0.000000000000000000, 1.000000000000000000 ) ) ;
#8114 = CARTESIAN_POINT ( 'NONE',  ( 23.54999999999998295, 113.9403061905773598, -21.59999999999999787 ) ) ;
#8115 = CARTESIAN_POINT ( 'NONE',  ( 17.00000000000000000, 44.61832049899870611, -128.1790850899541852 ) ) ;
#8116 = ORIENTED_EDGE ( 'NONE', *, *, #6512, .T. ) ;
#8117 = CIRCLE ( 'NONE', #6149, 2.000000000000000000 ) ;
#8118 = ORIENTED_EDGE ( 'NONE', *, *, #1232, .F. ) ;
#8119 = ORIENTED_EDGE ( 'NONE', *, *, #2175, .T. ) ;
#8120 = CARTESIAN_POINT ( 'NONE',  ( 8.586881039375148461, 80.80934643409020168, -9.000000000000001776 ) ) ;
#8121 = EDGE_CURVE ( 'NONE', #8773, #8408, #5259, .T. ) ;
#8122 = CARTESIAN_POINT ( 'NONE',  ( 28.00000000000000000, 12.49999999999999822, -12.50000000000000000 ) ) ;
#8123 = CARTESIAN_POINT ( 'NONE',  ( 23.43096057193652015, 2.621267816512360849, -7.500000000000007994 ) ) ;
#8124 = DIRECTION ( 'NONE',  ( 0.000000000000000000, -1.000000000000000000, 0.000000000000000000 ) ) ;
#8125 = EDGE_LOOP ( 'NONE', ( #8446, #743, #6617, #7664 ) ) ;
#8126 = CARTESIAN_POINT ( 'NONE',  ( -3.500000000000209166, 96.44000000000002615, -9.000000000000001776 ) ) ;
#8127 = CARTESIAN_POINT ( 'NONE',  ( -23.80270634949874520, 107.3560903265934741, -16.71337557394475226 ) ) ;
#8128 = ORIENTED_EDGE ( 'NONE', *, *, #1172, .F. ) ;
#8129 = CARTESIAN_POINT ( 'NONE',  ( -28.25000000000000000, 102.3196380149609155, -23.00000000000000000 ) ) ;
#8130 = EDGE_LOOP ( 'NONE', ( #273, #3701 ) ) ;
#8131 = CYLINDRICAL_SURFACE ( 'NONE', #5985, 1.049999999999998934 ) ;
#8132 = EDGE_CURVE ( 'NONE', #3168, #6117, #7467, .T. ) ;
#8133 = AXIS2_PLACEMENT_3D ( 'NONE', #8475, #7831, #2066 ) ;
#8134 = VERTEX_POINT ( 'NONE', #1065 ) ;
#8135 = PERSON_AND_ORGANIZATION ( #8923, #2240 ) ;
#8136 = CARTESIAN_POINT ( 'NONE',  ( 29.74894598788970157, 3.521255884488399435, -20.61432291039304943 ) ) ;
#8137 = DIRECTION ( 'NONE',  ( -0.9444791243466051922, -0.3285714285714296801, 0.000000000000000000 ) ) ;
#8138 = ORIENTED_EDGE ( 'NONE', *, *, #5790, .F. ) ;
#8139 = AXIS2_PLACEMENT_3D ( 'NONE', #5657, #2054, #4952 ) ;
#8140 = CARTESIAN_POINT ( 'NONE',  ( -27.00000000000000000, 12.50000000000000888, -7.500000000000000000 ) ) ;
#8141 = ORIENTED_EDGE ( 'NONE', *, *, #4563, .T. ) ;
#8142 = EDGE_CURVE ( 'NONE', #2344, #380, #4498, .T. ) ;
#8143 = CARTESIAN_POINT ( 'NONE',  ( 29.99999999999999289, 4.828427124746204058, -23.49999999999999289 ) ) ;
#8144 = CARTESIAN_POINT ( 'NONE',  ( 29.67960346863939591, 3.414213562373116684, -24.91421356237309581 ) ) ;
#8145 = CARTESIAN_POINT ( 'NONE',  ( 29.99999999999999645, 12.49999999999999822, -12.50000000000000000 ) ) ;
#8146 = DIRECTION ( 'NONE',  ( 0.8090169943749472292, 0.000000000000000000, -0.5877852522924734702 ) ) ;
#8147 = B_SPLINE_CURVE_WITH_KNOTS ( 'NONE', 3,
 ( #505, #6193, #6325, #7689 ),
 .UNSPECIFIED., .F., .F.,
 ( 4, 4 ),
 ( -0.001539126803204827988, 0.001039170881817432944 ),
 .UNSPECIFIED. ) ;
#8148 = DIRECTION ( 'NONE',  ( -1.000000000000000000, -1.541976423090495387E-16, 0.000000000000000000 ) ) ;
#8149 = EDGE_LOOP ( 'NONE', ( #620, #5285, #927, #5976 ) ) ;
#8150 = DIRECTION ( 'NONE',  ( 0.000000000000000000, 0.000000000000000000, 1.000000000000000000 ) ) ;
#8151 = DIRECTION ( 'NONE',  ( -0.8090169943749478954, -6.508371548838533815E-17, 0.5877852522924723599 ) ) ;
#8152 = CARTESIAN_POINT ( 'NONE',  ( -9.987683734807962566, 67.14209179641811431, -22.99999999999999289 ) ) ;
#8153 = DIRECTION ( 'NONE',  ( 1.000000000000000000, 0.000000000000000000, -0.000000000000000000 ) ) ;
#8154 = CARTESIAN_POINT ( 'NONE',  ( 25.99999999999999645, 14.65000000000021174, -4.499999999999771738 ) ) ;
#8155 = CARTESIAN_POINT ( 'NONE',  ( 13.42376207875052252, 96.44000000000002615, -15.65739561406607727 ) ) ;
#8156 = CARTESIAN_POINT ( 'NONE',  ( -28.07029951316432559, 48.61918494047679928, -22.00000000000000355 ) ) ;
#8157 = ORIENTED_EDGE ( 'NONE', *, *, #7421, .F. ) ;
#8158 = EDGE_CURVE ( 'NONE', #7265, #4308, #276, .T. ) ;
#8159 = DIRECTION ( 'NONE',  ( 1.000000000000000000, 1.360567432138672574E-16, -0.000000000000000000 ) ) ;
#8160 = ADVANCED_FACE ( 'NONE', ( #8258 ), #1799, .F. ) ;
#8161 = EDGE_LOOP ( 'NONE', ( #8919, #9157, #3395, #8590 ) ) ;
#8162 = ORIENTED_EDGE ( 'NONE', *, *, #8036, .T. ) ;
#8163 = LINE ( 'NONE', #3829, #3990 ) ;
#8164 = CARTESIAN_POINT ( 'NONE',  ( -25.71086342336971242, 1.055023969689425023, -7.500000000000000888 ) ) ;
#8165 = DIRECTION ( 'NONE',  ( -0.9510565162951533091, 0.000000000000000000, -0.3090169943749482839 ) ) ;
#8166 = DIRECTION ( 'NONE',  ( 0.3090169943749471737, -1.053076637743355513E-16, 0.9510565162951536422 ) ) ;
#8167 = CARTESIAN_POINT ( 'NONE',  ( -10.07906768228852101, 77.01368055568988780, -23.00000000000000000 ) ) ;
#8168 = ORIENTED_EDGE ( 'NONE', *, *, #2745, .F. ) ;
#8169 = LINE ( 'NONE', #6774, #2939 ) ;
#8170 = CARTESIAN_POINT ( 'NONE',  ( -25.66642029208361819, 104.8437233625983396, -15.13502903889714979 ) ) ;
#8171 = ORIENTED_EDGE ( 'NONE', *, *, #4388, .T. ) ;
#8172 = EDGE_CURVE ( 'NONE', #8473, #6914, #775, .T. ) ;
#8173 = CARTESIAN_POINT ( 'NONE',  ( -29.99999999999999645, 4.500000000000001776, -19.30073525436772641 ) ) ;
#8174 = EDGE_LOOP ( 'NONE', ( #3255, #546, #6441, #8339 ) ) ;
#8175 = DIRECTION ( 'NONE',  ( 0.000000000000000000, -1.000000000000000000, 0.000000000000000000 ) ) ;
#8176 = VECTOR ( 'NONE', #725, 1000.000000000000000 ) ;
#8177 = EDGE_CURVE ( 'NONE', #1344, #3508, #6313, .T. ) ;
#8178 = DIRECTION ( 'NONE',  ( 3.520350958453880090E-46, -2.029344161882401514E-31, 1.000000000000000000 ) ) ;
#8179 = ORIENTED_EDGE ( 'NONE', *, *, #1542, .F. ) ;
#8180 = VERTEX_POINT ( 'NONE', #3216 ) ;
#8181 = CIRCLE ( 'NONE', #6240, 2.000000000000000000 ) ;
#8182 = DIRECTION ( 'NONE',  ( 1.000000000000000000, 1.360567432138672574E-16, -0.000000000000000000 ) ) ;
#8183 = FACE_OUTER_BOUND ( 'NONE', #509, .T. ) ;
#8184 = CARTESIAN_POINT ( 'NONE',  ( 28.00000000000000355, 49.81447292170534524, 0.000000000000000000 ) ) ;
#8185 = DIRECTION ( 'NONE',  ( -0.000000000000000000, 1.000000000000000000, -0.000000000000000000 ) ) ;
#8186 = EDGE_CURVE ( 'NONE', #8978, #201, #1019, .T. ) ;
#8187 = CARTESIAN_POINT ( 'NONE',  ( 23.30497173495124130, 13.37890816157402263, -23.31851762471205802 ) ) ;
#8188 = EDGE_CURVE ( 'NONE', #2140, #2963, #3124, .T. ) ;
#8189 = ORIENTED_EDGE ( 'NONE', *, *, #4194, .T. ) ;
#8190 = VECTOR ( 'NONE', #7319, 1000.000000000000000 ) ;
#8191 = CARTESIAN_POINT ( 'NONE',  ( 23.54999999999999716, 106.9403061905773740, -14.59999999999999787 ) ) ;
#8192 = LINE ( 'NONE', #2488, #1435 ) ;
#8193 = CIRCLE ( 'NONE', #7748, 4.999999999999999112 ) ;
#8194 = DIRECTION ( 'NONE',  ( 0.000000000000000000, 0.000000000000000000, -1.000000000000000000 ) ) ;
#8195 = VECTOR ( 'NONE', #1568, 1000.000000000000000 ) ;
#8196 = CARTESIAN_POINT ( 'NONE',  ( 27.99478144879476460, 18.08852343133674623, -23.00000000000000000 ) ) ;
#8197 = CARTESIAN_POINT ( 'NONE',  ( 20.25000000000000000, 104.4400000000000261, -66.28256290493601455 ) ) ;
#8198 = CARTESIAN_POINT ( 'NONE',  ( -26.99999999999998934, 55.01062534441197727, -23.00000000000000000 ) ) ;
#8199 = CARTESIAN_POINT ( 'NONE',  ( 29.99999999999999645, 20.30685424949253814, -6.843145750507550140 ) ) ;
#8200 = ORIENTED_EDGE ( 'NONE', *, *, #7336, .F. ) ;
#8201 = CARTESIAN_POINT ( 'NONE',  ( 11.58728778948666438, 2.500000000000000000, -23.99999999999999289 ) ) ;
#8202 = EDGE_LOOP ( 'NONE', ( #9230, #5042 ) ) ;
#8203 = VECTOR ( 'NONE', #8242, 1000.000000000000000 ) ;
#8204 = CIRCLE ( 'NONE', #1293, 2.000000000000001776 ) ;
#8205 = ORIENTED_EDGE ( 'NONE', *, *, #5473, .T. ) ;
#8206 = CARTESIAN_POINT ( 'NONE',  ( 10.07906768228851213, 77.01368055568988780, -23.00000000000000000 ) ) ;
#8207 = LINE ( 'NONE', #184, #2083 ) ;
#8208 = EDGE_CURVE ( 'NONE', #2707, #3874, #3003, .T. ) ;
#8209 = CARTESIAN_POINT ( 'NONE',  ( 17.74999999999978684, 96.05957188242018674, -15.65739561406607372 ) ) ;
#8210 = ADVANCED_FACE ( 'NONE', ( #2456 ), #8776, .F. ) ;
#8211 = AXIS2_PLACEMENT_3D ( 'NONE', #4702, #1862, #8366 ) ;
#8212 = CARTESIAN_POINT ( 'NONE',  ( 25.28728749488986338, 1.133551116643077172, -7.500000000000007105 ) ) ;
#8213 = FACE_OUTER_BOUND ( 'NONE', #9018, .T. ) ;
#8215 = VERTEX_POINT ( 'NONE', #3074 ) ;
#8214 = CIRCLE ( 'NONE', #3853, 2.000000000000000000 ) ;
#8216 = CARTESIAN_POINT ( 'NONE',  ( -17.98768373480796257, 67.14209179641811431, 0.000000000000000000 ) ) ;
#8217 = CARTESIAN_POINT ( 'NONE',  ( -23.84674082959302766, 107.2288628358011096, -16.73420436655226951 ) ) ;
#8218 = ORIENTED_EDGE ( 'NONE', *, *, #6932, .T. ) ;
#8219 = CARTESIAN_POINT ( 'NONE',  ( -21.49999999999998579, 52.41254913305866125, -3.000000000000000000 ) ) ;
#8220 = CIRCLE ( 'NONE', #5368, 0.8999999999999980238 ) ;
#8221 = VECTOR ( 'NONE', #4110, 1000.000000000000000 ) ;
#8222 = CARTESIAN_POINT ( 'NONE',  ( -27.99999999999999289, 1.689189189189187479, -18.77505933142118622 ) ) ;
#8223 = ADVANCED_FACE ( 'NONE', ( #2417 ), #1214, .F. ) ;
#8224 = ADVANCED_FACE ( 'NONE', ( #1064 ), #8070, .F. ) ;
#8225 = ORIENTED_EDGE ( 'NONE', *, *, #272, .T. ) ;
#8226 = CARTESIAN_POINT ( 'NONE',  ( 29.98802109968901064, 4.247313123956145908, -19.66467468037020083 ) ) ;
#8227 = EDGE_CURVE ( 'NONE', #8382, #196, #3764, .T. ) ;
#8228 = VECTOR ( 'NONE', #239, 1000.000000000000000 ) ;
#8229 = FACE_OUTER_BOUND ( 'NONE', #3023, .T. ) ;
#8230 = ORIENTED_EDGE ( 'NONE', *, *, #5431, .F. ) ;
#8231 = CARTESIAN_POINT ( 'NONE',  ( 12.94814989366370739, 70.39833175440060131, -23.00000000000000000 ) ) ;
#8232 = ORIENTED_EDGE ( 'NONE', *, *, #3575, .F. ) ;
#8233 = VECTOR ( 'NONE', #4113, 1000.000000000000000 ) ;
#8234 = CARTESIAN_POINT ( 'NONE',  ( -23.55000000000001847, 113.9403061905773598, -7.599999999999997868 ) ) ;
#8235 = DIRECTION ( 'NONE',  ( 1.000000000000000000, -1.734723475976807094E-15, 0.000000000000000000 ) ) ;
#8236 = CARTESIAN_POINT ( 'NONE',  ( 25.99999999999999645, 16.00685424949230296, -18.15685424949224469 ) ) ;
#8237 = AXIS2_PLACEMENT_3D ( 'NONE', #3204, #1652, #5248 ) ;
#8238 = CARTESIAN_POINT ( 'NONE',  ( 28.25000000000000000, 102.3196380149609865, -2.000000000000001776 ) ) ;
#8239 = ORIENTED_EDGE ( 'NONE', *, *, #4355, .T. ) ;
#8240 = CARTESIAN_POINT ( 'NONE',  ( -30.00000000000000000, 16.00685424949231361, -18.15685424949224469 ) ) ;
#8241 = AXIS2_PLACEMENT_3D ( 'NONE', #5567, #8419, #1314 ) ;
#8242 = DIRECTION ( 'NONE',  ( -0.000000000000000000, -1.000000000000000000, -0.000000000000000000 ) ) ;
#8243 = ADVANCED_FACE ( 'NONE', ( #7466 ), #3931, .F. ) ;
#8244 = CYLINDRICAL_SURFACE ( 'NONE', #9139, 1.999999999999999334 ) ;
#8245 = CARTESIAN_POINT ( 'NONE',  ( -25.99999999999999645, 12.49999999999999822, -12.50000000000000000 ) ) ;
#8246 = VECTOR ( 'NONE', #2617, 1000.000000000000000 ) ;
#8247 = CIRCLE ( 'NONE', #7216, 10.50000000000000000 ) ;
#8248 = FACE_OUTER_BOUND ( 'NONE', #6622, .T. ) ;
#8249 = CARTESIAN_POINT ( 'NONE',  ( 27.00000000000000000, 1.043560762610390436, -7.500000000000007105 ) ) ;
#8250 = ORIENTED_EDGE ( 'NONE', *, *, #6113, .F. ) ;
#8251 = LINE ( 'NONE', #1790, #2532 ) ;
#8252 = VERTEX_POINT ( 'NONE', #7418 ) ;
#8253 = ORIENTED_EDGE ( 'NONE', *, *, #7514, .F. ) ;
#8254 = LINE ( 'NONE', #6666, #1280 ) ;
#8255 = EDGE_CURVE ( 'NONE', #591, #3826, #5574, .T. ) ;
#8256 = CARTESIAN_POINT ( 'NONE',  ( -22.25000000000000000, 116.0903061905773512, -21.59999999999999787 ) ) ;
#8257 = FACE_OUTER_BOUND ( 'NONE', #3232, .T. ) ;
#8258 = FACE_OUTER_BOUND ( 'NONE', #7669, .T. ) ;
#8259 = CIRCLE ( 'NONE', #4203, 6.000000000000000000 ) ;
#8260 = DIRECTION ( 'NONE',  ( -0.5427066596637512008, 0.8399223068573745676, 0.000000000000000000 ) ) ;
#8261 = DIRECTION ( 'NONE',  ( 0.000000000000000000, -1.000000000000000000, 0.000000000000000000 ) ) ;
#8262 = ORIENTED_EDGE ( 'NONE', *, *, #8540, .T. ) ;
#8263 = DIRECTION ( 'NONE',  ( 0.000000000000000000, 1.000000000000000000, 0.000000000000000000 ) ) ;
#8264 = CARTESIAN_POINT ( 'NONE',  ( -30.00000000000000000, 18.15685424949231219, -18.15685424949224469 ) ) ;
#8265 = ORIENTED_EDGE ( 'NONE', *, *, #2691, .T. ) ;
#8266 = ORIENTED_EDGE ( 'NONE', *, *, #7822, .T. ) ;
#8267 = DIRECTION ( 'NONE',  ( 0.000000000000000000, 1.000000000000000000, -0.000000000000000000 ) ) ;
#8268 = ORIENTED_EDGE ( 'NONE', *, *, #4245, .T. ) ;
#8269 = AXIS2_PLACEMENT_3D ( 'NONE', #8122, #6625, #6769 ) ;
#8270 = CYLINDRICAL_SURFACE ( 'NONE', #5633, 2.000000000000001776 ) ;
#8271 = ORIENTED_EDGE ( 'NONE', *, *, #4973, .T. ) ;
#8272 = CARTESIAN_POINT ( 'NONE',  ( -20.25000000000000000, 118.9400000000000261, -128.1790850899541852 ) ) ;
#8273 = ORIENTED_EDGE ( 'NONE', *, *, #981, .F. ) ;
#8274 = EDGE_CURVE ( 'NONE', #6928, #7032, #8281, .T. ) ;
#8275 = EDGE_CURVE ( 'NONE', #5968, #489, #6323, .T. ) ;
#8276 = EDGE_LOOP ( 'NONE', ( #5351, #3890, #3330, #7212, #7486, #3450 ) ) ;
#8277 = CIRCLE ( 'NONE', #1221, 2.000000000000000000 ) ;
#8278 = DIRECTION ( 'NONE',  ( -1.000000000000000000, -9.912705577010326782E-17, 0.000000000000000000 ) ) ;
#8279 = DIRECTION ( 'NONE',  ( 1.000000000000000000, 0.000000000000000000, 0.000000000000000000 ) ) ;
#8280 = DIRECTION ( 'NONE',  ( 1.000000000000000000, -1.541976423090495387E-16, -0.000000000000000000 ) ) ;
#8281 =( BOUNDED_CURVE ( )  B_SPLINE_CURVE ( 3, ( #3028, #1613, #6669, #8824 ),
 .UNSPECIFIED., .F., .T. ) 
 B_SPLINE_CURVE_WITH_KNOTS ( ( 4, 4 ),
 ( 2.094395102393189489, 3.141592653589793116 ),
 .UNSPECIFIED. ) 
 CURVE ( )  GEOMETRIC_REPRESENTATION_ITEM ( )  RATIONAL_B_SPLINE_CURVE ( ( 1.000000000000000000, 0.9106836025229579912, 0.9106836025229579912, 1.000000000000000000 ) ) 
 REPRESENTATION_ITEM ( '' )  );
#8282 = DIRECTION ( 'NONE',  ( 0.000000000000000000, -1.040834085586084059E-15, 1.000000000000000000 ) ) ;
#8283 = VECTOR ( 'NONE', #2908, 1000.000000000000000 ) ;
#8284 = CARTESIAN_POINT ( 'NONE',  ( 28.55000000000000071, 108.9309918853872290, -2.000000000000000000 ) ) ;
#8285 = EDGE_LOOP ( 'NONE', ( #4315, #4817 ) ) ;
#8286 = DIRECTION ( 'NONE',  ( 1.000000000000000000, 0.000000000000000000, 8.019547272036674401E-16 ) ) ;
#8287 = EDGE_CURVE ( 'NONE', #8890, #3226, #3314, .T. ) ;
#8288 = DIRECTION ( 'NONE',  ( 0.000000000000000000, 0.000000000000000000, 1.000000000000000000 ) ) ;
#8289 = DIRECTION ( 'NONE',  ( 0.5427066596637477591, 0.8399223068573764550, -0.000000000000000000 ) ) ;
#8290 = CARTESIAN_POINT ( 'NONE',  ( -27.99999999999999289, 13.82287565553229136, -27.00000000000000355 ) ) ;
#8291 = PLANE ( 'NONE',  #6591 ) ;
#8292 = ORIENTED_EDGE ( 'NONE', *, *, #790, .F. ) ;
#8293 = LINE ( 'NONE', #1693, #7215 ) ;
#8294 = ORIENTED_EDGE ( 'NONE', *, *, #1480, .T. ) ;
#8295 = CARTESIAN_POINT ( 'NONE',  ( 25.99999999999999645, 12.49999999999987388, -20.49999999999977618 ) ) ;
#8296 = ADVANCED_FACE ( 'NONE', ( #4823, #5585 ), #2698, .T. ) ;
#8297 = ORIENTED_EDGE ( 'NONE', *, *, #2834, .F. ) ;
#8298 = ORIENTED_EDGE ( 'NONE', *, *, #377, .T. ) ;
#8299 = LINE ( 'NONE', #1840, #3381 ) ;
#8300 = CARTESIAN_POINT ( 'NONE',  ( -26.00000000000000000, 44.61832049899870611, -22.00000000000000355 ) ) ;
#8301 = DIRECTION ( 'NONE',  ( 0.8399223068573765660, 0.5427066596637478701, 0.000000000000000000 ) ) ;
#8302 = LINE ( 'NONE', #4726, #1949 ) ;
#8303 = CARTESIAN_POINT ( 'NONE',  ( -10.27340178588798736, 58.89422863405996367, -22.00000000000000355 ) ) ;
#8304 = CARTESIAN_POINT ( 'NONE',  ( -29.99999999999999645, 12.49999999999999645, -25.50000000000000355 ) ) ;
#8305 = ORIENTED_EDGE ( 'NONE', *, *, #6560, .T. ) ;
#8306 = DIRECTION ( 'NONE',  ( 0.000000000000000000, -0.000000000000000000, -1.000000000000000000 ) ) ;
#8307 = CARTESIAN_POINT ( 'NONE',  ( 2.163118960624425657, 80.80934643409020168, -13.11449676604731351 ) ) ;
#8308 = EDGE_LOOP ( 'NONE', ( #2611, #363, #8626, #9278 ) ) ;
#8309 = ADVANCED_FACE ( 'NONE', ( #3400 ), #9055, .F. ) ;
#8310 = ORIENTED_EDGE ( 'NONE', *, *, #7361, .T. ) ;
#8311 = DIRECTION ( 'NONE',  ( 0.000000000000000000, -1.000000000000000000, 0.000000000000000000 ) ) ;
#8312 = EDGE_LOOP ( 'NONE', ( #4732, #7713, #9110, #6473, #7934 ) ) ;
#8313 = DIRECTION ( 'NONE',  ( 0.000000000000000000, 0.000000000000000000, -1.000000000000000000 ) ) ;
#8314 = ORIENTED_EDGE ( 'NONE', *, *, #670, .T. ) ;
#8315 = DIRECTION ( 'NONE',  ( 1.898094922533725623E-16, 1.000000000000000000, -0.000000000000000000 ) ) ;
#8316 = EDGE_LOOP ( 'NONE', ( #7573, #1491 ) ) ;
#8317 = ORIENTED_EDGE ( 'NONE', *, *, #6355, .F. ) ;
#8318 = DIRECTION ( 'NONE',  ( 0.000000000000000000, -1.000000000000000000, 0.000000000000000000 ) ) ;
#8319 = DIRECTION ( 'NONE',  ( 1.000000000000000000, 0.000000000000000000, 0.000000000000000000 ) ) ;
#8320 = DIRECTION ( 'NONE',  ( 0.000000000000000000, 1.000000000000000000, 0.000000000000000000 ) ) ;
#8321 = EDGE_CURVE ( 'NONE', #5404, #6219, #2252, .T. ) ;
#8322 = EDGE_CURVE ( 'NONE', #464, #1303, #3972, .T. ) ;
#8323 = LINE ( 'NONE', #1227, #2218 ) ;
#8324 = EDGE_LOOP ( 'NONE', ( #462, #5642 ) ) ;
#8325 = CARTESIAN_POINT ( 'NONE',  ( -26.00000000000000000, 18.35000000000002274, -12.50000000000000000 ) ) ;
#8326 = TOROIDAL_SURFACE ( 'NONE', #4882, 4.000000000000000000, 2.000000000000000000 ) ;
#8327 = FACE_OUTER_BOUND ( 'NONE', #3042, .T. ) ;
#8328 = DIRECTION ( 'NONE',  ( -0.000000000000000000, 1.000000000000000000, -0.000000000000000000 ) ) ;
#8329 = EDGE_CURVE ( 'NONE', #3847, #2933, #8878, .T. ) ;
#8330 = PLANE ( 'NONE',  #2644 ) ;
#8331 = CARTESIAN_POINT ( 'NONE',  ( 23.54999999999997584, 115.4701143507291334, -23.11877585063688656 ) ) ;
#8332 = VERTEX_POINT ( 'NONE', #1285 ) ;
#8333 = CARTESIAN_POINT ( 'NONE',  ( 23.00000000000000000, 35.00000000000000000, -128.1790850899541852 ) ) ;
#8334 = EDGE_CURVE ( 'NONE', #1412, #794, #4215, .T. ) ;
#8335 = ORIENTED_EDGE ( 'NONE', *, *, #1451, .T. ) ;
#8336 = CARTESIAN_POINT ( 'NONE',  ( 25.99999999999999645, 10.35000000000021281, -4.499999999999771738 ) ) ;
#8337 = EDGE_LOOP ( 'NONE', ( #7800, #5085, #4416, #789 ) ) ;
#8338 = AXIS2_PLACEMENT_3D ( 'NONE', #3881, #6058, #2501 ) ;
#8339 = ORIENTED_EDGE ( 'NONE', *, *, #7542, .F. ) ;
#8340 = DIRECTION ( 'NONE',  ( -0.000000000000000000, 1.000000000000000000, -0.000000000000000000 ) ) ;
#8341 = AXIS2_PLACEMENT_3D ( 'NONE', #8894, #3155, #7353 ) ;
#8342 = CARTESIAN_POINT ( 'NONE',  ( -25.74737230856512937, 104.7903061905773541, -14.59999999999999432 ) ) ;
#8343 = CARTESIAN_POINT ( 'NONE',  ( -23.99999999999999289, 12.50000000000020250, -4.499999999999771738 ) ) ;
#8344 = CARTESIAN_POINT ( 'NONE',  ( 13.42376207875052252, 104.4400000000000261, -15.65739561406607727 ) ) ;
#8345 = LINE ( 'NONE', #1244, #2821 ) ;
#8346 = DIRECTION ( 'NONE',  ( 0.000000000000000000, 1.000000000000000000, 0.000000000000000000 ) ) ;
#8347 = ORIENTED_EDGE ( 'NONE', *, *, #2085, .F. ) ;
#8348 = CYLINDRICAL_SURFACE ( 'NONE', #7613, 1.050000000000000488 ) ;
#8349 = FACE_OUTER_BOUND ( 'NONE', #1836, .T. ) ;
#8350 = ORIENTED_EDGE ( 'NONE', *, *, #2463, .F. ) ;
#8351 = AXIS2_PLACEMENT_3D ( 'NONE', #3588, #6477, #5998 ) ;
#8352 = CIRCLE ( 'NONE', #3846, 2.000000000000000000 ) ;
#8353 = FACE_BOUND ( 'NONE', #3612, .T. ) ;
#8354 = ORIENTED_EDGE ( 'NONE', *, *, #8678, .F. ) ;
#8355 = CARTESIAN_POINT ( 'NONE',  ( 23.19813434813663733, 15.39056328323689549, -23.09287738967786652 ) ) ;
#8356 = AXIS2_PLACEMENT_3D ( 'NONE', #3160, #3868, #1090 ) ;
#8357 = VECTOR ( 'NONE', #314, 1000.000000000000000 ) ;
#8358 = ADVANCED_FACE ( 'NONE', ( #5626 ), #9147, .T. ) ;
#8359 = EDGE_LOOP ( 'NONE', ( #8265, #6395, #8317, #4665, #3749 ) ) ;
#8360 = CARTESIAN_POINT ( 'NONE',  ( 28.58075232248108932, 2.579550015611803193, -20.12580813820592596 ) ) ;
#8361 = ORIENTED_EDGE ( 'NONE', *, *, #6932, .F. ) ;
#8362 = CARTESIAN_POINT ( 'NONE',  ( 27.00000000000000000, 1.043560762610393988, -7.500000000000007105 ) ) ;
#8363 = ORIENTED_EDGE ( 'NONE', *, *, #3942, .F. ) ;
#8364 = AXIS2_PLACEMENT_3D ( 'NONE', #7910, #7863, #9268 ) ;
#8365 = ORIENTED_EDGE ( 'NONE', *, *, #745, .F. ) ;
#8366 = DIRECTION ( 'NONE',  ( 1.000000000000000000, 0.000000000000000000, 0.000000000000000000 ) ) ;
#8367 = EDGE_CURVE ( 'NONE', #5782, #9224, #4158, .T. ) ;
#8368 = DIRECTION ( 'NONE',  ( -1.734723475976807094E-15, 1.000000000000000000, 0.000000000000000000 ) ) ;
#8369 = PRODUCT_DEFINITION_SHAPE ( 'NONE', 'NONE',  #4833 ) ;
#8370 = LINE ( 'NONE', #7579, #9149 ) ;
#8371 = CYLINDRICAL_SURFACE ( 'NONE', #8241, 1.999999999999998224 ) ;
#8372 = ORIENTED_EDGE ( 'NONE', *, *, #984, .F. ) ;
#8373 = CARTESIAN_POINT ( 'NONE',  ( -25.99999999999999645, 20.50000000000000000, -12.50000000000000000 ) ) ;
#8374 = CIRCLE ( 'NONE', #4169, 1.049999999999998934 ) ;
#8375 = EDGE_CURVE ( 'NONE', #3191, #3429, #416, .T. ) ;
#8376 = FACE_BOUND ( 'NONE', #92, .T. ) ;
#8377 = AXIS2_PLACEMENT_3D ( 'NONE', #2063, #2962, #5898 ) ;
#8378 = LINE ( 'NONE', #1872, #2379 ) ;
#8379 = CARTESIAN_POINT ( 'NONE',  ( 23.50997052723306879, 112.7683130839471062, -23.40901408153306207 ) ) ;
#8380 = ORIENTED_EDGE ( 'NONE', *, *, #576, .F. ) ;
#8381 = PLANE ( 'NONE',  #1466 ) ;
#8382 = VERTEX_POINT ( 'NONE', #9195 ) ;
#8383 = CIRCLE ( 'NONE', #6750, 2.149999999999999023 ) ;
#8384 = DIRECTION ( 'NONE',  ( 1.000000000000000000, -1.541976423090495387E-16, -0.000000000000000000 ) ) ;
#8385 = CIRCLE ( 'NONE', #4330, 2.149999999999999023 ) ;
#8386 = ORIENTED_EDGE ( 'NONE', *, *, #2910, .T. ) ;
#8387 = EDGE_CURVE ( 'NONE', #3793, #9238, #2740, .T. ) ;
#8388 = EDGE_CURVE ( 'NONE', #6486, #8550, #8302, .T. ) ;
#8389 = CARTESIAN_POINT ( 'NONE',  ( 20.25000000000000000, 118.9399999999999835, -4.500000000000000000 ) ) ;
#8390 = ADVANCED_FACE ( 'NONE', ( #6904 ), #469, .F. ) ;
#8391 = CARTESIAN_POINT ( 'NONE',  ( -23.55000000000001137, 108.9309918853871579, -13.78779899995159219 ) ) ;
#8392 = FACE_OUTER_BOUND ( 'NONE', #8950, .T. ) ;
#8393 = DIRECTION ( 'NONE',  ( 0.000000000000000000, -0.000000000000000000, -1.000000000000000000 ) ) ;
#8394 = CARTESIAN_POINT ( 'NONE',  ( 10.74999999999978506, 96.44000000000002615, -15.65739561406607727 ) ) ;
#8395 = AXIS2_PLACEMENT_3D ( 'NONE', #6176, #9028, #7853 ) ;
#8396 = CIRCLE ( 'NONE', #4340, 1.999999999999998224 ) ;
#8397 = LINE ( 'NONE', #7092, #2995 ) ;
#8398 = CARTESIAN_POINT ( 'NONE',  ( -2.003094741985453220E-13, 80.80934643409020168, -19.77189238011338546 ) ) ;
#8399 = ORIENTED_EDGE ( 'NONE', *, *, #8492, .F. ) ;
#8400 = CYLINDRICAL_SURFACE ( 'NONE', #3992, 2.000000000000000000 ) ;
#8401 = EDGE_LOOP ( 'NONE', ( #4886, #2520, #9120, #6214 ) ) ;
#8402 = VECTOR ( 'NONE', #4370, 1000.000000000000000 ) ;
#8403 = VECTOR ( 'NONE', #4532, 1000.000000000000227 ) ;
#8404 = EDGE_CURVE ( 'NONE', #4015, #4150, #2378, .T. ) ;
#8405 = EDGE_LOOP ( 'NONE', ( #5982, #2856, #1088, #7422 ) ) ;
#8406 = CARTESIAN_POINT ( 'NONE',  ( 22.24999999999998579, 106.9403061905773740, -14.59999999999999787 ) ) ;
#8407 = CIRCLE ( 'NONE', #2985, 2.149999999999999023 ) ;
#8408 = VERTEX_POINT ( 'NONE', #8344 ) ;
#8409 = CARTESIAN_POINT ( 'NONE',  ( 27.99999999999998579, 2.499999999999976907, -21.78708781050343291 ) ) ;
#8410 = EDGE_LOOP ( 'NONE', ( #2718, #1237, #7428, #4073 ) ) ;
#8411 = LINE ( 'NONE', #523, #8246 ) ;
#8412 = VERTEX_POINT ( 'NONE', #6993 ) ;
#8413 = ADVANCED_FACE ( 'NONE', ( #5539 ), #6241, .F. ) ;
#8414 = ORIENTED_EDGE ( 'NONE', *, *, #1678, .T. ) ;
#8415 = DIRECTION ( 'NONE',  ( 1.613696256722601693E-15, -1.000000000000000000, 0.000000000000000000 ) ) ;
#8416 = AXIS2_PLACEMENT_3D ( 'NONE', #4583, #1662, #5963 ) ;
#8417 = DIRECTION ( 'NONE',  ( 1.000000000000000000, 0.000000000000000000, 0.000000000000000000 ) ) ;
#8418 = CARTESIAN_POINT ( 'NONE',  ( 43.19558781116748492, 98.44000000000002615, -23.00000000000000000 ) ) ;
#8419 = DIRECTION ( 'NONE',  ( -1.734723475976807292E-15, 1.000000000000000000, -0.000000000000000000 ) ) ;
#8420 = VERTEX_POINT ( 'NONE', #7698 ) ;
#8421 = VECTOR ( 'NONE', #228, 1000.000000000000000 ) ;
#8422 = CARTESIAN_POINT ( 'NONE',  ( 25.99999999999999645, 14.64999999999987068, -20.49999999999977618 ) ) ;
#8423 = ADVANCED_FACE ( 'NONE', ( #1243 ), #2809, .F. ) ;
#8424 = FACE_BOUND ( 'NONE', #8316, .T. ) ;
#8425 = CYLINDRICAL_SURFACE ( 'NONE', #7945, 12.50000000000000000 ) ;
#8426 = CIRCLE ( 'NONE', #181, 0.8999999999999998002 ) ;
#8427 = DIRECTION ( 'NONE',  ( 0.000000000000000000, -1.000000000000000000, 0.000000000000000000 ) ) ;
#8428 = CARTESIAN_POINT ( 'NONE',  ( -37.75000000000000711, 106.9403061905773740, -15.49999999999999822 ) ) ;
#8429 = ORIENTED_EDGE ( 'NONE', *, *, #6476, .F. ) ;
#8430 = CARTESIAN_POINT ( 'NONE',  ( -27.13679374135486810, 1.043560762610397541, -17.50000000000000355 ) ) ;
#8431 = ORIENTED_EDGE ( 'NONE', *, *, #6778, .F. ) ;
#8432 = DIRECTION ( 'NONE',  ( -1.000000000000000000, -1.541976423090495387E-16, 0.000000000000000000 ) ) ;
#8433 = VERTEX_POINT ( 'NONE', #8812 ) ;
#8434 = VECTOR ( 'NONE', #8606, 1000.000000000000000 ) ;
#8435 = FACE_OUTER_BOUND ( 'NONE', #2091, .T. ) ;
#8436 = DIRECTION ( 'NONE',  ( -0.000000000000000000, 0.000000000000000000, 1.000000000000000000 ) ) ;
#8437 = EDGE_LOOP ( 'NONE', ( #6006, #5138, #3648, #6164, #9060 ) ) ;
#8438 = CARTESIAN_POINT ( 'NONE',  ( 25.99999999999999645, 18.15685424949253957, -6.843145750507550140 ) ) ;
#8439 = DIRECTION ( 'NONE',  ( 0.000000000000000000, -1.000000000000000000, 0.000000000000000000 ) ) ;
#8440 = DIRECTION ( 'NONE',  ( 0.000000000000000000, 0.000000000000000000, -1.000000000000000000 ) ) ;
#8441 = EDGE_CURVE ( 'NONE', #7401, #8586, #5903, .T. ) ;
#8442 = VERTEX_POINT ( 'NONE', #4569 ) ;
#8443 = EDGE_CURVE ( 'NONE', #1983, #3616, #4977, .T. ) ;
#8444 = FACE_OUTER_BOUND ( 'NONE', #35, .T. ) ;
#8445 = DIRECTION ( 'NONE',  ( 1.000000000000000000, 0.000000000000000000, 0.000000000000000000 ) ) ;
#8446 = ORIENTED_EDGE ( 'NONE', *, *, #5636, .T. ) ;
#8447 = CARTESIAN_POINT ( 'NONE',  ( -20.25000000000000000, 104.4400000000000261, -66.28256290493601455 ) ) ;
#8448 = ORIENTED_EDGE ( 'NONE', *, *, #4875, .T. ) ;
#8449 = FACE_BOUND ( 'NONE', #7989, .T. ) ;
#8450 = EDGE_LOOP ( 'NONE', ( #4253, #2879, #6168, #6371 ) ) ;
#8451 = ADVANCED_FACE ( 'NONE', ( #264 ), #7502, .T. ) ;
#8452 = PLANE ( 'NONE',  #1721 ) ;
#8453 = LINE ( 'NONE', #6254, #4593 ) ;
#8454 = ORIENTED_EDGE ( 'NONE', *, *, #5015, .T. ) ;
#8455 = LINE ( 'NONE', #8977, #6002 ) ;
#8456 = ORIENTED_EDGE ( 'NONE', *, *, #8679, .T. ) ;
#8457 = ORIENTED_EDGE ( 'NONE', *, *, #4168, .T. ) ;
#8458 = PLANE ( 'NONE',  #3401 ) ;
#8459 = CARTESIAN_POINT ( 'NONE',  ( -17.98768373480796257, 67.14209179641811431, -22.99999999999999289 ) ) ;
#8460 = CYLINDRICAL_SURFACE ( 'NONE', #2384, 2.000000000000000000 ) ;
#8461 = ADVANCED_FACE ( 'NONE', ( #1005 ), #3110, .F. ) ;
#8462 = CARTESIAN_POINT ( 'NONE',  ( -26.99999999999999645, 1.043560762610397319, -7.500000000000000000 ) ) ;
#8463 = EDGE_LOOP ( 'NONE', ( #982, #4871, #5538, #6681 ) ) ;
#8464 = CARTESIAN_POINT ( 'NONE',  ( 16.57654914134644741, 96.44000000000002615, -2.755455298081540045E-15 ) ) ;
#8465 = FACE_OUTER_BOUND ( 'NONE', #3442, .T. ) ;
#8466 = DIRECTION ( 'NONE',  ( 0.000000000000000000, 1.000000000000000000, 0.000000000000000000 ) ) ;
#8467 = EDGE_CURVE ( 'NONE', #2668, #8180, #7407, .T. ) ;
#8468 = EDGE_CURVE ( 'NONE', #4224, #6655, #3016, .T. ) ;
#8469 = DIRECTION ( 'NONE',  ( -1.000000000000000000, 0.000000000000000000, 0.000000000000000000 ) ) ;
#8470 = CARTESIAN_POINT ( 'NONE',  ( -24.99999999999999645, 12.50000000000001066, -6.500000000000000000 ) ) ;
#8471 = ORIENTED_EDGE ( 'NONE', *, *, #5641, .T. ) ;
#8472 = PLANE ( 'NONE',  #7787 ) ;
#8473 = VERTEX_POINT ( 'NONE', #2305 ) ;
#8474 = CIRCLE ( 'NONE', #1999, 0.8999999999999998002 ) ;
#8475 = CARTESIAN_POINT ( 'NONE',  ( -10.75000000000019895, 80.80934643409020168, -15.65739561406607727 ) ) ;
#8476 = ORIENTED_EDGE ( 'NONE', *, *, #2317, .F. ) ;
#8477 = DIRECTION ( 'NONE',  ( -0.8399223068573765660, 0.5427066596637478701, 0.000000000000000000 ) ) ;
#8478 = CARTESIAN_POINT ( 'NONE',  ( -25.99999999999999645, 12.49999999999988276, -20.49999999999977618 ) ) ;
#8479 = AXIS2_PLACEMENT_3D ( 'NONE', #7382, #233, #607 ) ;
#8480 = ORIENTED_EDGE ( 'NONE', *, *, #4582, .F. ) ;
#8481 = DIRECTION ( 'NONE',  ( 3.304235192336775512E-16, 1.000000000000000000, 0.000000000000000000 ) ) ;
#8482 = EDGE_CURVE ( 'NONE', #3304, #4107, #5702, .T. ) ;
#8483 = CARTESIAN_POINT ( 'NONE',  ( 23.00000000000000000, 3.414213562373105582, -24.91421356237309581 ) ) ;
#8484 = LINE ( 'NONE', #4348, #7957 ) ;
#8485 = VERTEX_POINT ( 'NONE', #5999 ) ;
#8486 = DIRECTION ( 'NONE',  ( 0.4999999999999977796, -0.8660254037844398178, 0.000000000000000000 ) ) ;
#8487 = DIRECTION ( 'NONE',  ( 0.000000000000000000, 1.000000000000000000, 0.000000000000000000 ) ) ;
#8488 = ORIENTED_EDGE ( 'NONE', *, *, #1657, .F. ) ;
#8489 = AXIS2_PLACEMENT_3D ( 'NONE', #4262, #1352, #8547 ) ;
#8490 = VECTOR ( 'NONE', #838, 1000.000000000000000 ) ;
#8491 = ORIENTED_EDGE ( 'NONE', *, *, #1225, .F. ) ;
#8492 = EDGE_CURVE ( 'NONE', #8667, #9243, #3856, .T. ) ;
#8493 = CARTESIAN_POINT ( 'NONE',  ( -5.773401785888006899, 51.10000000000000853, -3.000000000000002665 ) ) ;
#8494 = EDGE_CURVE ( 'NONE', #5785, #1395, #1052, .T. ) ;
#8495 = VERTEX_POINT ( 'NONE', #957 ) ;
#8496 = AXIS2_PLACEMENT_3D ( 'NONE', #5400, #1801, #8261 ) ;
#8497 = CIRCLE ( 'NONE', #2019, 9.000000000000001776 ) ;
#8498 = DIRECTION ( 'NONE',  ( 0.000000000000000000, -1.000000000000000000, 0.000000000000000000 ) ) ;
#8499 = DIRECTION ( 'NONE',  ( 0.000000000000000000, -1.000000000000000000, 0.000000000000000000 ) ) ;
#8500 = ORIENTED_EDGE ( 'NONE', *, *, #328, .T. ) ;
#8501 = CARTESIAN_POINT ( 'NONE',  ( -12.94814989366370739, 70.39833175440058710, -22.99999999999999289 ) ) ;
#8502 = VERTEX_POINT ( 'NONE', #916 ) ;
#8503 = AXIS2_PLACEMENT_3D ( 'NONE', #7129, #5010, #682 ) ;
#8504 = EDGE_LOOP ( 'NONE', ( #4216, #6106, #3529, #8867 ) ) ;
#8505 = EDGE_CURVE ( 'NONE', #2088, #2867, #3778, .T. ) ;
#8506 = AXIS2_PLACEMENT_3D ( 'NONE', #7315, #874, #6612 ) ;
#8507 = ADVANCED_FACE ( 'NONE', ( #8110 ), #4620, .F. ) ;
#8508 = DIRECTION ( 'NONE',  ( 0.000000000000000000, -1.000000000000000000, 0.000000000000000000 ) ) ;
#8509 = CARTESIAN_POINT ( 'NONE',  ( 27.00000000000000000, 12.50000000000001599, -12.50000000000000000 ) ) ;
#8510 = EDGE_CURVE ( 'NONE', #5157, #3140, #893, .T. ) ;
#8511 = DIRECTION ( 'NONE',  ( 1.000000000000000000, 0.000000000000000000, 0.000000000000000000 ) ) ;
#8512 = TOROIDAL_SURFACE ( 'NONE', #3552, 5.000000000000000000, 3.000000000000000000 ) ;
#8513 = AXIS2_PLACEMENT_3D ( 'NONE', #5282, #347, #951 ) ;
#8514 = CARTESIAN_POINT ( 'NONE',  ( 0.000000000000000000, 83.52616047165487601, -22.99999999999999289 ) ) ;
#8515 = VERTEX_POINT ( 'NONE', #3818 ) ;
#8516 = DIRECTION ( 'NONE',  ( 0.000000000000000000, 1.000000000000000000, 0.000000000000000000 ) ) ;
#8517 = DIRECTION ( 'NONE',  ( -1.000000000000000000, 0.000000000000000000, 0.000000000000000000 ) ) ;
#8518 = PLANE ( 'NONE',  #2068 ) ;
#8519 = CARTESIAN_POINT ( 'NONE',  ( 58.00000000000002132, 12.50000000000021672, -4.499999999999771738 ) ) ;
#8520 = CARTESIAN_POINT ( 'NONE',  ( 14.98768373480797678, 61.94593937371147518, -2.000000000000000000 ) ) ;
#8521 = ORIENTED_EDGE ( 'NONE', *, *, #7992, .F. ) ;
#8522 = CARTESIAN_POINT ( 'NONE',  ( -22.99999999999999645, 18.33716540796991978, -2.999999999999999112 ) ) ;
#8523 = ORIENTED_EDGE ( 'NONE', *, *, #8059, .F. ) ;
#8524 = TOROIDAL_SURFACE ( 'NONE', #4019, 8.000000000000000000, 2.000000000000000000 ) ;
#8525 = DIRECTION ( 'NONE',  ( -0.8090169943749471182, 0.000000000000000000, -0.5877852522924735812 ) ) ;
#8526 = VERTEX_POINT ( 'NONE', #2403 ) ;
#8527 = EDGE_CURVE ( 'NONE', #1522, #2380, #7799, .T. ) ;
#8528 = DIRECTION ( 'NONE',  ( 0.000000000000000000, 0.000000000000000000, 1.000000000000000000 ) ) ;
#8529 = CARTESIAN_POINT ( 'NONE',  ( -24.11467814749093108, 106.6080903125309760, -12.46316540121185668 ) ) ;
#8530 = ORIENTED_EDGE ( 'NONE', *, *, #3037, .T. ) ;
#8531 = CARTESIAN_POINT ( 'NONE',  ( -29.71613701354505110, 3.440305035218814922, -19.71880792815630556 ) ) ;
#8532 = CYLINDRICAL_SURFACE ( 'NONE', #6128, 2.999999999999999112 ) ;
#8533 = DIRECTION ( 'NONE',  ( 0.000000000000000000, -1.000000000000000000, 0.000000000000000000 ) ) ;
#8535 = ORIENTED_EDGE ( 'NONE', *, *, #2336, .F. ) ;
#8534 = AXIS2_PLACEMENT_3D ( 'NONE', #5385, #403, #7456 ) ;
#8536 = DIRECTION ( 'NONE',  ( 0.000000000000000000, 1.000000000000000000, 0.000000000000000000 ) ) ;
#8537 = CARTESIAN_POINT ( 'NONE',  ( 25.99999999999999645, 20.50000000000001066, -12.50000000000000000 ) ) ;
#8538 = VERTEX_POINT ( 'NONE', #3161 ) ;
#8539 = VECTOR ( 'NONE', #5477, 1000.000000000000227 ) ;
#8540 = EDGE_CURVE ( 'NONE', #9106, #1459, #3884, .T. ) ;
#8541 = EDGE_LOOP ( 'NONE', ( #4365, #392, #2062, #432 ) ) ;
#8542 = CARTESIAN_POINT ( 'NONE',  ( 29.60384003105272299, 11.45953405745215292, -25.50000000000000000 ) ) ;
#8543 = AXIS2_PLACEMENT_3D ( 'NONE', #4708, #6266, #1960 ) ;
#8544 = AXIS2_PLACEMENT_3D ( 'NONE', #8152, #1689, #8194 ) ;
#8545 = ORIENTED_EDGE ( 'NONE', *, *, #7856, .T. ) ;
#8546 = AXIS2_PLACEMENT_3D ( 'NONE', #5512, #1126, #8319 ) ;
#8547 = DIRECTION ( 'NONE',  ( 1.000000000000000000, 0.000000000000000000, 0.000000000000000000 ) ) ;
#8548 = LINE ( 'NONE', #6390, #2628 ) ;
#8549 = DIRECTION ( 'NONE',  ( 0.000000000000000000, 0.000000000000000000, 1.000000000000000000 ) ) ;
#8550 = VERTEX_POINT ( 'NONE', #1735 ) ;
#8551 = VECTOR ( 'NONE', #5607, 1000.000000000000000 ) ;
#8552 = DIRECTION ( 'NONE',  ( 0.000000000000000000, -1.000000000000000000, 0.000000000000000000 ) ) ;
#8553 = CIRCLE ( 'NONE', #6466, 6.000000000000000000 ) ;
#8554 = ORIENTED_EDGE ( 'NONE', *, *, #924, .F. ) ;
#8555 = CARTESIAN_POINT ( 'NONE',  ( 27.99999999999998934, 2.500000000000002220, -21.78708781050336896 ) ) ;
#8556 = DIRECTION ( 'NONE',  ( 0.000000000000000000, 0.000000000000000000, -1.000000000000000000 ) ) ;
#8557 = CARTESIAN_POINT ( 'NONE',  ( 23.00000000000000000, 48.08242211413647027, -128.1790850899541852 ) ) ;
#8558 = CIRCLE ( 'NONE', #2993, 1.000000000000000000 ) ;
#8559 = EDGE_CURVE ( 'NONE', #1010, #8538, #6906, .T. ) ;
#8560 = EDGE_CURVE ( 'NONE', #7343, #9102, #398, .T. ) ;
#8561 = B_SPLINE_CURVE_WITH_KNOTS ( 'NONE', 3,
 ( #1524, #4400, #2228, #2320 ),
 .UNSPECIFIED., .F., .F.,
 ( 4, 4 ),
 ( 1.734723475976807094E-18, 0.003050339370324544903 ),
 .UNSPECIFIED. ) ;
#8562 = CARTESIAN_POINT ( 'NONE',  ( 11.58728778948666793, 13.82287565553228781, -27.00000000000000355 ) ) ;
#8563 = ORIENTED_EDGE ( 'NONE', *, *, #2504, .F. ) ;
#8564 = DIRECTION ( 'NONE',  ( 1.000000000000000000, -0.000000000000000000, -0.000000000000000000 ) ) ;
#8565 = CYLINDRICAL_SURFACE ( 'NONE', #3703, 2.149999999999997247 ) ;
#8566 = CARTESIAN_POINT ( 'NONE',  ( -12.08688103937556590, 96.44000000000002615, -11.54289884801876198 ) ) ;
#8567 = LINE ( 'NONE', #5003, #9263 ) ;
#8568 = CARTESIAN_POINT ( 'NONE',  ( -11.26830527994895093, 71.48374507372808750, -23.00000000000000000 ) ) ;
#8570 = ORIENTED_EDGE ( 'NONE', *, *, #7254, .F. ) ;
#8569 = VECTOR ( 'NONE', #3451, 1000.000000000000114 ) ;
#8571 = EDGE_CURVE ( 'NONE', #792, #5277, #3250, .T. ) ;
#8572 = CARTESIAN_POINT ( 'NONE',  ( 25.00000000000000711, 35.00000000000000000, -7.500000000000007105 ) ) ;
#8573 = ORIENTED_EDGE ( 'NONE', *, *, #2577, .T. ) ;
#8574 = DIRECTION ( 'NONE',  ( 1.000000000000000000, 1.360567432138672574E-16, -0.000000000000000000 ) ) ;
#8575 = VERTEX_POINT ( 'NONE', #7637 ) ;
#8576 = LINE ( 'NONE', #2782, #6870 ) ;
#8577 = VECTOR ( 'NONE', #8941, 1000.000000000000000 ) ;
#8578 = PLANE ( 'NONE',  #3567 ) ;
#8579 = ORIENTED_EDGE ( 'NONE', *, *, #745, .T. ) ;
#8580 = CARTESIAN_POINT ( 'NONE',  ( -29.63734316203053609, 3.320903290231669303, -19.77006539985383071 ) ) ;
#8581 = CARTESIAN_POINT ( 'NONE',  ( -15.58688103937556235, 104.4400000000000261, -9.000000000000000000 ) ) ;
#8582 = DIRECTION ( 'NONE',  ( -0.000000000000000000, 1.000000000000000000, -0.000000000000000000 ) ) ;
#8583 = EDGE_CURVE ( 'NONE', #5588, #817, #4761, .T. ) ;
#8584 = CARTESIAN_POINT ( 'NONE',  ( 28.07029951316432559, 48.61918494047679928, -3.000000000000000000 ) ) ;
#8585 = CARTESIAN_POINT ( 'NONE',  ( 28.17526667646962224, 2.499999999999999556, -21.78708781050335119 ) ) ;
#8586 = VERTEX_POINT ( 'NONE', #2490 ) ;
#8587 = VECTOR ( 'NONE', #5518, 1000.000000000000000 ) ;
#8588 = ORIENTED_EDGE ( 'NONE', *, *, #7697, .T. ) ;
#8589 = SPHERICAL_SURFACE ( 'NONE', #3111, 2.000000000000000000 ) ;
#8590 = ORIENTED_EDGE ( 'NONE', *, *, #7816, .F. ) ;
#8591 = DIRECTION ( 'NONE',  ( 1.000000000000000000, -0.000000000000000000, -0.000000000000000000 ) ) ;
#8592 = DIRECTION ( 'NONE',  ( -1.541976423090495387E-16, 1.000000000000000000, 0.000000000000000000 ) ) ;
#8593 = ORIENTED_EDGE ( 'NONE', *, *, #5164, .F. ) ;
#8594 = EDGE_CURVE ( 'NONE', #5091, #7234, #5997, .T. ) ;
#8595 = LINE ( 'NONE', #2138, #2475 ) ;
#8596 = EDGE_CURVE ( 'NONE', #6379, #8908, #2221, .T. ) ;
#8597 = DIRECTION ( 'NONE',  ( 0.000000000000000000, 1.000000000000000000, 0.000000000000000000 ) ) ;
#8598 = ORIENTED_EDGE ( 'NONE', *, *, #4853, .T. ) ;
#8599 = CARTESIAN_POINT ( 'NONE',  ( 23.00000000000000000, 2.500000000000001332, -23.99999999999999289 ) ) ;
#8600 = ORIENTED_EDGE ( 'NONE', *, *, #3269, .T. ) ;
#8601 = FACE_BOUND ( 'NONE', #1442, .T. ) ;
#8602 = DIRECTION ( 'NONE',  ( -1.000000000000000000, 0.000000000000000000, 0.000000000000000000 ) ) ;
#8603 = DIRECTION ( 'NONE',  ( 1.000000000000000000, 0.000000000000000000, 0.000000000000000000 ) ) ;
#8604 = CARTESIAN_POINT ( 'NONE',  ( -16.57654914134644741, 96.44000000000002615, -23.00000000000000000 ) ) ;
#8605 = ORIENTED_EDGE ( 'NONE', *, *, #869, .F. ) ;
#8606 = DIRECTION ( 'NONE',  ( 0.000000000000000000, 0.000000000000000000, 1.000000000000000000 ) ) ;
#8607 = ADVANCED_FACE ( 'NONE', ( #4057 ), #7683, .F. ) ;
#8608 = DIRECTION ( 'NONE',  ( 1.000000000000000000, 9.912705577010326782E-17, 0.000000000000000000 ) ) ;
#8609 = EDGE_CURVE ( 'NONE', #6383, #2432, #9295, .T. ) ;
#8610 = FACE_OUTER_BOUND ( 'NONE', #5761, .T. ) ;
#8611 = CARTESIAN_POINT ( 'NONE',  ( 28.16400402663911606, 1.689189189189188811, -18.77505933142119687 ) ) ;
#8612 = DIRECTION ( 'NONE',  ( -0.5427066596637512008, 0.8399223068573745676, 0.000000000000000000 ) ) ;
#8613 = EDGE_LOOP ( 'NONE', ( #880, #7094 ) ) ;
#8614 = CARTESIAN_POINT ( 'NONE',  ( 25.99999999999999645, 20.50000000000001066, -12.50000000000000000 ) ) ;
#8615 = ORIENTED_EDGE ( 'NONE', *, *, #6940, .T. ) ;
#8616 = CARTESIAN_POINT ( 'NONE',  ( -25.99999999999999645, 12.50000000000022027, -4.499999999999771738 ) ) ;
#8617 = ORIENTED_EDGE ( 'NONE', *, *, #5822, .T. ) ;
#8618 = CARTESIAN_POINT ( 'NONE',  ( -22.25000000000000000, 113.9403061905773740, -7.599999999999997868 ) ) ;
#8619 = CARTESIAN_POINT ( 'NONE',  ( -22.25000000000000000, 106.9403061905773598, -14.59999999999999787 ) ) ;
#8620 = EDGE_CURVE ( 'NONE', #7656, #6459, #5550, .T. ) ;
#8621 = CARTESIAN_POINT ( 'NONE',  ( -29.46243074056294375, 3.107156508178068322, -19.86454600962748884 ) ) ;
#8622 = EDGE_CURVE ( 'NONE', #5451, #2668, #6938, .T. ) ;
#8623 = CIRCLE ( 'NONE', #7433, 2.000000000000000000 ) ;
#8624 = CARTESIAN_POINT ( 'NONE',  ( 25.99999999999999645, 18.15685424949253957, -6.843145750507550140 ) ) ;
#8625 = CARTESIAN_POINT ( 'NONE',  ( -24.57948633105717917, 4.392444270672609008, -7.414435706578106355 ) ) ;
#8626 = ORIENTED_EDGE ( 'NONE', *, *, #5995, .F. ) ;
#8627 = DIRECTION ( 'NONE',  ( 0.000000000000000000, 0.000000000000000000, 1.000000000000000000 ) ) ;
#8628 = DIRECTION ( 'NONE',  ( 0.000000000000000000, -0.000000000000000000, -1.000000000000000000 ) ) ;
#8629 = EDGE_LOOP ( 'NONE', ( #7337, #2339, #7759, #2914 ) ) ;
#8630 = CIRCLE ( 'NONE', #5643, 6.000000000000000000 ) ;
#8631 = ORIENTED_EDGE ( 'NONE', *, *, #4257, .F. ) ;
#8632 = CARTESIAN_POINT ( 'NONE',  ( 23.23947308506739517, 12.50000000002745537, -23.41052691493263893 ) ) ;
#8633 = ORIENTED_EDGE ( 'NONE', *, *, #5524, .F. ) ;
#8634 = DIRECTION ( 'NONE',  ( 1.000000000000000000, -0.000000000000000000, -0.000000000000000000 ) ) ;
#8635 = DIRECTION ( 'NONE',  ( -1.000000000000000000, -1.360567432138672574E-16, -0.000000000000000000 ) ) ;
#8636 = ORIENTED_EDGE ( 'NONE', *, *, #5302, .T. ) ;
#8637 = CYLINDRICAL_SURFACE ( 'NONE', #394, 2.000000000000000000 ) ;
#8638 = CARTESIAN_POINT ( 'NONE',  ( 23.31393684833123459, 2.886454107512971934, -7.500000000000007105 ) ) ;
#8639 = VERTEX_POINT ( 'NONE', #6271 ) ;
#8640 = AXIS2_PLACEMENT_3D ( 'NONE', #4542, #5260, #8124 ) ;
#8641 = CYLINDRICAL_SURFACE ( 'NONE', #2075, 2.000000000000000000 ) ;
#8642 = ORIENTED_EDGE ( 'NONE', *, *, #6701, .T. ) ;
#8643 = EDGE_CURVE ( 'NONE', #2734, #1412, #8378, .T. ) ;
#8644 = VECTOR ( 'NONE', #7648, 1000.000000000000000 ) ;
#8645 = CARTESIAN_POINT ( 'NONE',  ( -25.99999999999999645, 12.49999999999988276, -20.49999999999977618 ) ) ;
#8646 = VECTOR ( 'NONE', #3006, 1000.000000000000000 ) ;
#8647 = CIRCLE ( 'NONE', #3363, 2.999999999999999112 ) ;
#8648 = CARTESIAN_POINT ( 'NONE',  ( -3.500000000000209166, 96.44000000000002615, -9.000000000000001776 ) ) ;
#8649 = DIRECTION ( 'NONE',  ( -1.000000000000000000, 0.000000000000000000, 0.000000000000000000 ) ) ;
#8650 = DIRECTION ( 'NONE',  ( 0.000000000000000000, -1.000000000000000000, 0.000000000000000000 ) ) ;
#8651 = ORIENTED_EDGE ( 'NONE', *, *, #9216, .T. ) ;
#8652 = VECTOR ( 'NONE', #3434, 999.9999999999998863 ) ;
#8653 = AXIS2_PLACEMENT_3D ( 'NONE', #1667, #422, #8828 ) ;
#8654 = CARTESIAN_POINT ( 'NONE',  ( -22.25000000000000000, 111.7903061905773541, -21.59999999999999787 ) ) ;
#8655 = ADVANCED_FACE ( 'NONE', ( #1091 ), #8244, .T. ) ;
#8656 = CARTESIAN_POINT ( 'NONE',  ( -27.99999999999999289, 12.49999999999999822, -12.50000000000000000 ) ) ;
#8657 = AXIS2_PLACEMENT_3D ( 'NONE', #2669, #1081, #8318 ) ;
#8658 = LINE ( 'NONE', #7958, #7499 ) ;
#8659 = CIRCLE ( 'NONE', #6116, 11.15000000000003055 ) ;
#8660 = LINE ( 'NONE', #5801, #5662 ) ;
#8661 = ORIENTED_EDGE ( 'NONE', *, *, #1792, .F. ) ;
#8662 = CARTESIAN_POINT ( 'NONE',  ( 11.26830527994896336, 71.48374507372810172, 0.000000000000000000 ) ) ;
#8663 = ORIENTED_EDGE ( 'NONE', *, *, #3133, .F. ) ;
#8664 = EDGE_CURVE ( 'NONE', #2575, #4641, #4670, .T. ) ;
#8665 = LINE ( 'NONE', #2918, #1955 ) ;
#8666 = AXIS2_PLACEMENT_3D ( 'NONE', #1383, #6563, #7134 ) ;
#8667 = VERTEX_POINT ( 'NONE', #1784 ) ;
#8668 = AXIS2_PLACEMENT_3D ( 'NONE', #1996, #9259, #1360 ) ;
#8669 = CYLINDRICAL_SURFACE ( 'NONE', #4597, 0.8999999999999980238 ) ;
#8670 = CARTESIAN_POINT ( 'NONE',  ( -29.93718902153874240, 3.998583519050277424, -20.00232800805679645 ) ) ;
#8671 = CIRCLE ( 'NONE', #2816, 2.150000000000000799 ) ;
#8672 = DIRECTION ( 'NONE',  ( 0.000000000000000000, 0.000000000000000000, 1.000000000000000000 ) ) ;
#8673 = DIRECTION ( 'NONE',  ( 1.000000000000000000, 1.734723475976807292E-15, -8.787991997524760300E-17 ) ) ;
#8674 = VERTEX_POINT ( 'NONE', #6979 ) ;
#8675 = CARTESIAN_POINT ( 'NONE',  ( -2.007766404533313040E-13, 96.44000000000002615, -19.77189238011338546 ) ) ;
#8676 = DIRECTION ( 'NONE',  ( -1.000000000000000000, 0.000000000000000000, 0.000000000000000000 ) ) ;
#8677 = EDGE_LOOP ( 'NONE', ( #5601, #2424, #6895, #2398 ) ) ;
#8678 = EDGE_CURVE ( 'NONE', #2597, #5193, #7653, .T. ) ;
#8679 = EDGE_CURVE ( 'NONE', #2447, #8433, #1831, .T. ) ;
#8681 = EDGE_LOOP ( 'NONE', ( #8386, #5167, #3116, #1890 ) ) ;
#8680 = B_SPLINE_CURVE_WITH_KNOTS ( 'NONE', 3,
 ( #720, #811, #7258, #3573, #6547, #4378, #5846, #6465, #772, #2871, #8708, #1368, #5141, #4190, #2056, #4235, #3482, #7820, #4956, #7119, #6363, #672, #3524, #2822, #5710, #2393 ),
 .UNSPECIFIED., .F., .F.,
 ( 4, 2, 2, 2, 2, 2, 2, 2, 2, 2, 2, 2, 4 ),
 ( 0.000000000000000000, 0.0004015707937416746745, 0.0008031415874833493489, 0.001204712381225024132, 0.001606283174966698698, 0.002007853968708373481, 0.002409424762450048264, 0.003212566349933396962, 0.004015707937416746094, 0.004818849524900094793, 0.005220420318641781285, 0.005621991112383468644, 0.006425132699866856374 ),
 .UNSPECIFIED. ) ;
#8682 = APPROVAL ( #149, '未指定' ) ;
#8683 = ORIENTED_EDGE ( 'NONE', *, *, #7199, .F. ) ;
#8684 = LINE ( 'NONE', #698, #873 ) ;
#8685 = VECTOR ( 'NONE', #114, 1000.000000000000000 ) ;
#8686 = ORIENTED_EDGE ( 'NONE', *, *, #4312, .T. ) ;
#8687 = LINE ( 'NONE', #5874, #1811 ) ;
#8688 = DIRECTION ( 'NONE',  ( 0.000000000000000000, 0.000000000000000000, -1.000000000000000000 ) ) ;
#8689 = ORIENTED_EDGE ( 'NONE', *, *, #981, .T. ) ;
#8690 = CARTESIAN_POINT ( 'NONE',  ( 29.57029951316431493, 51.21726115183010108, -23.00000000000000000 ) ) ;
#8691 = CARTESIAN_POINT ( 'NONE',  ( 58.00000000000002132, 13.55000000000021743, -4.499999999999771738 ) ) ;
#8692 = ORIENTED_EDGE ( 'NONE', *, *, #8177, .F. ) ;
#8693 = DIRECTION ( 'NONE',  ( 0.000000000000000000, 1.829999629156732544E-31, -1.000000000000000000 ) ) ;
#8694 = VECTOR ( 'NONE', #7252, 1000.000000000000000 ) ;
#8695 = VECTOR ( 'NONE', #7864, 1000.000000000000000 ) ;
#8696 = ORIENTED_EDGE ( 'NONE', *, *, #8664, .F. ) ;
#8697 = AXIS2_PLACEMENT_3D ( 'NONE', #2534, #5424, #1998 ) ;
#8698 = DIRECTION ( 'NONE',  ( -0.000000000000000000, 0.000000000000000000, 1.000000000000000000 ) ) ;
#8699 = LINE ( 'NONE', #7994, #9156 ) ;
#8700 = CALENDAR_DATE ( 2026, 29, 4 ) ;
#8701 = CIRCLE ( 'NONE', #6456, 12.00000000000000000 ) ;
#8702 = VECTOR ( 'NONE', #6648, 1000.000000000000227 ) ;
#8703 = ADVANCED_FACE ( 'NONE', ( #4144 ), #8425, .T. ) ;
#8704 = DIRECTION ( 'NONE',  ( -0.000000000000000000, 1.000000000000000000, -0.000000000000000000 ) ) ;
#8705 = EDGE_LOOP ( 'NONE', ( #4980, #3211, #2994, #1651 ) ) ;
#8706 = LINE ( 'NONE', #4326, #9181 ) ;
#8707 = SECURITY_CLASSIFICATION ( '', '', #8885 ) ;
#8708 = CARTESIAN_POINT ( 'NONE',  ( 23.72685034008368277, 107.6064771508412292, -12.55172047415149983 ) ) ;
#8709 = VECTOR ( 'NONE', #7839, 1000.000000000000000 ) ;
#8710 = DIRECTION ( 'NONE',  ( 0.000000000000000000, -1.000000000000000000, 0.000000000000000000 ) ) ;
#8711 = VECTOR ( 'NONE', #471, 1000.000000000000000 ) ;
#8712 = CARTESIAN_POINT ( 'NONE',  ( 29.73842755291652651, 2.945874336935793814, -18.94644934303967077 ) ) ;
#8713 = ORIENTED_EDGE ( 'NONE', *, *, #6449, .F. ) ;
#8714 = EDGE_CURVE ( 'NONE', #1324, #520, #2545, .T. ) ;
#8715 = FACE_OUTER_BOUND ( 'NONE', #3454, .T. ) ;
#8716 = ORIENTED_EDGE ( 'NONE', *, *, #1824, .T. ) ;
#8717 = DIRECTION ( 'NONE',  ( 1.000000000000000000, -0.000000000000000000, -0.000000000000000000 ) ) ;
#8718 = VERTEX_POINT ( 'NONE', #4712 ) ;
#8719 = CARTESIAN_POINT ( 'NONE',  ( 17.00000000000000000, 44.61832049899870611, -22.00000000000000711 ) ) ;
#8720 = CARTESIAN_POINT ( 'NONE',  ( -28.52700508469407126, 2.565062929293440597, -20.13399552633093492 ) ) ;
#8721 = VECTOR ( 'NONE', #8959, 999.9999999999998863 ) ;
#8722 = DIRECTION ( 'NONE',  ( 9.912705577010326782E-17, -1.000000000000000000, 0.000000000000000000 ) ) ;
#8723 = DIRECTION ( 'NONE',  ( 0.000000000000000000, 1.107270303814984526E-16, -1.000000000000000000 ) ) ;
#8724 = DIRECTION ( 'NONE',  ( 0.000000000000000000, 0.000000000000000000, 1.000000000000000000 ) ) ;
#8725 = ORIENTED_EDGE ( 'NONE', *, *, #4297, .T. ) ;
#8726 = LINE ( 'NONE', #5020, #7590 ) ;
#8727 = ORIENTED_EDGE ( 'NONE', *, *, #468, .T. ) ;
#8728 = ORIENTED_EDGE ( 'NONE', *, *, #5878, .F. ) ;
#8729 = AXIS2_PLACEMENT_3D ( 'NONE', #6654, #7447, #8855 ) ;
#8730 = CARTESIAN_POINT ( 'NONE',  ( -27.99999999999999289, 12.49999999999999822, -12.50000000000000000 ) ) ;
#8731 = VERTEX_POINT ( 'NONE', #4005 ) ;
#8732 = CARTESIAN_POINT ( 'NONE',  ( -27.99999999999999289, 2.499999999999996891, -21.78708781050335830 ) ) ;
#8733 = EDGE_CURVE ( 'NONE', #5736, #1983, #1138, .T. ) ;
#8734 = ADVANCED_FACE ( 'NONE', ( #2007 ), #3576, .F. ) ;
#8735 = CARTESIAN_POINT ( 'NONE',  ( 25.74737230856521819, 104.7903061905773683, -14.60000000000000142 ) ) ;
#8736 = CARTESIAN_POINT ( 'NONE',  ( 58.00000000000002132, 12.49999999999987921, -20.49999999999977618 ) ) ;
#8737 = AXIS2_PLACEMENT_3D ( 'NONE', #834, #1436, #7239 ) ;
#8738 = ORIENTED_EDGE ( 'NONE', *, *, #7585, .F. ) ;
#8739 = DIRECTION ( 'NONE',  ( -0.8660254037844399289, 0.4999999999999980571, 0.000000000000000000 ) ) ;
#8740 = LINE ( 'NONE', #4452, #4119 ) ;
#8741 = VERTEX_POINT ( 'NONE', #2729 ) ;
#8742 = ORIENTED_EDGE ( 'NONE', *, *, #8158, .F. ) ;
#8743 = AXIS2_PLACEMENT_3D ( 'NONE', #3932, #4685, #6017 ) ;
#8744 = DIRECTION ( 'NONE',  ( 0.000000000000000000, 0.000000000000000000, -1.000000000000000000 ) ) ;
#8745 = ADVANCED_FACE ( 'NONE', ( #4902, #6467 ), #8518, .T. ) ;
#8746 = ORIENTED_EDGE ( 'NONE', *, *, #4413, .F. ) ;
#8747 = DATE_TIME_ROLE ( 'creation_date' ) ;
#8748 = DIRECTION ( 'NONE',  ( 0.000000000000000000, 1.000000000000000000, 0.000000000000000000 ) ) ;
#8749 = ORIENTED_EDGE ( 'NONE', *, *, #6075, .F. ) ;
#8750 = CARTESIAN_POINT ( 'NONE',  ( -37.75000000000000711, 113.9403061905773740, -7.599999999999997868 ) ) ;
#8751 = DIRECTION ( 'NONE',  ( 0.000000000000000000, -1.000000000000000000, 0.000000000000000000 ) ) ;
#8752 = EDGE_CURVE ( 'NONE', #7333, #380, #5095, .T. ) ;
#8753 = DIRECTION ( 'NONE',  ( 8.019547272036674401E-16, 0.000000000000000000, -1.000000000000000000 ) ) ;
#8754 = CARTESIAN_POINT ( 'NONE',  ( 28.55000000000000071, 108.9309918853872290, -2.000000000000000000 ) ) ;
#8755 = CARTESIAN_POINT ( 'NONE',  ( -12.08688103937556946, 104.4400000000000261, -19.77189238011338546 ) ) ;
#8756 = VERTEX_POINT ( 'NONE', #2204 ) ;
#8757 = CARTESIAN_POINT ( 'NONE',  ( -23.00000000000000000, 12.50000000000000888, -12.50000000000000000 ) ) ;
#8758 = ORIENTED_EDGE ( 'NONE', *, *, #5142, .T. ) ;
#8759 = DIRECTION ( 'NONE',  ( -1.000000000000000000, -9.912705577010326782E-17, 0.000000000000000000 ) ) ;
#8760 = ORIENTED_EDGE ( 'NONE', *, *, #2113, .F. ) ;
#8761 = CARTESIAN_POINT ( 'NONE',  ( -23.00000000000000000, 4.828427124746175636, -25.50000000000000355 ) ) ;
#8762 = EDGE_CURVE ( 'NONE', #2198, #541, #1033, .T. ) ;
#8763 = EDGE_CURVE ( 'NONE', #8792, #6984, #3629, .T. ) ;
#8764 = DIRECTION ( 'NONE',  ( 1.541976423090495387E-16, 1.000000000000000000, 0.000000000000000000 ) ) ;
#8765 = DIRECTION ( 'NONE',  ( 1.613696256722611948E-15, -1.000000000000000000, 0.000000000000000000 ) ) ;
#8766 = CARTESIAN_POINT ( 'NONE',  ( 14.24999999999978861, 96.44000000000002615, -13.11449676604731174 ) ) ;
#8767 = ORIENTED_EDGE ( 'NONE', *, *, #7532, .T. ) ;
#8768 = CARTESIAN_POINT ( 'NONE',  ( 25.00000000000000355, 4.836939253796808558, -7.500000000000007105 ) ) ;
#8769 = DIRECTION ( 'NONE',  ( 1.000000000000000000, 0.000000000000000000, 0.000000000000000000 ) ) ;
#8770 = ORIENTED_EDGE ( 'NONE', *, *, #2113, .T. ) ;
#8771 = ORIENTED_EDGE ( 'NONE', *, *, #2482, .T. ) ;
#8772 = CARTESIAN_POINT ( 'NONE',  ( 25.99999999999999645, 14.64999999999987068, -20.49999999999977618 ) ) ;
#8773 = VERTEX_POINT ( 'NONE', #7912 ) ;
#8774 = CARTESIAN_POINT ( 'NONE',  ( 25.99999999999999645, 53.27857453684310229, -25.00000000000000000 ) ) ;
#8775 = EDGE_CURVE ( 'NONE', #2867, #7972, #1329, .T. ) ;
#8776 = CYLINDRICAL_SURFACE ( 'NONE', #2404, 1.050000000000000488 ) ;
#8777 = CARTESIAN_POINT ( 'NONE',  ( 23.54999999999999361, 108.9309918853872148, -15.41220100004830229 ) ) ;
#8778 = CYLINDRICAL_SURFACE ( 'NONE', #3374, 1.050000000000000488 ) ;
#8779 = ORIENTED_EDGE ( 'NONE', *, *, #6633, .F. ) ;
#8780 = FACE_OUTER_BOUND ( 'NONE', #5013, .T. ) ;
#8781 = CARTESIAN_POINT ( 'NONE',  ( -20.25000000000000000, 113.9403061905773598, -21.59999999999999787 ) ) ;
#8782 = EDGE_LOOP ( 'NONE', ( #1563, #5667, #8888, #2412 ) ) ;
#8783 = AXIS2_PLACEMENT_3D ( 'NONE', #5867, #788, #3643 ) ;
#8784 = ADVANCED_FACE ( 'NONE', ( #8610 ), #1911, .T. ) ;
#8785 = ORIENTED_EDGE ( 'NONE', *, *, #7585, .T. ) ;
#8786 = DIRECTION ( 'NONE',  ( -0.000000000000000000, 1.000000000000000000, 0.000000000000000000 ) ) ;
#8787 = ORIENTED_EDGE ( 'NONE', *, *, #4655, .T. ) ;
#8788 = AXIS2_PLACEMENT_3D ( 'NONE', #7096, #2081, #6382 ) ;
#8789 = DATE_AND_TIME ( #7339, #6922 ) ;
#8790 = DIRECTION ( 'NONE',  ( -0.000000000000000000, 0.000000000000000000, 1.000000000000000000 ) ) ;
#8791 = DIRECTION ( 'NONE',  ( -0.4999999999999980016, 0.8660254037844398178, 0.000000000000000000 ) ) ;
#8792 = VERTEX_POINT ( 'NONE', #8566 ) ;
#8793 = EDGE_CURVE ( 'NONE', #5943, #7284, #9270, .T. ) ;
#8794 = DIRECTION ( 'NONE',  ( -1.000000000000000000, -9.912705577010326782E-17, 0.000000000000000000 ) ) ;
#8795 = EDGE_CURVE ( 'NONE', #4165, #863, #67, .T. ) ;
#8796 = CIRCLE ( 'NONE', #2931, 2.149999999999999023 ) ;
#8797 = ORIENTED_EDGE ( 'NONE', *, *, #2579, .T. ) ;
#8798 = EDGE_CURVE ( 'NONE', #1980, #9027, #8385, .T. ) ;
#8799 = DIRECTION ( 'NONE',  ( -1.000000000000000000, 1.898094922533725623E-16, -0.000000000000000000 ) ) ;
#8800 = CARTESIAN_POINT ( 'NONE',  ( 26.25000000000000355, 102.3196380149609865, -2.000000000000000000 ) ) ;
#8801 = FACE_OUTER_BOUND ( 'NONE', #3775, .T. ) ;
#8802 = AXIS2_PLACEMENT_3D ( 'NONE', #6199, #548, #3493 ) ;
#8803 = LINE ( 'NONE', #5187, #2174 ) ;
#8804 = ORIENTED_EDGE ( 'NONE', *, *, #6154, .T. ) ;
#8805 = AXIS2_PLACEMENT_3D ( 'NONE', #4730, #8967, #8263 ) ;
#8806 = CARTESIAN_POINT ( 'NONE',  ( -22.99999999999999645, 12.49999999999999822, -12.50000000000000000 ) ) ;
#8807 = ORIENTED_EDGE ( 'NONE', *, *, #6962, .T. ) ;
#8808 = LINE ( 'NONE', #4667, #2566 ) ;
#8809 = AXIS2_PLACEMENT_3D ( 'NONE', #5289, #6752, #7547 ) ;
#8810 = CARTESIAN_POINT ( 'NONE',  ( 21.92984461371476002, 95.35458668067253996, -25.00000000000000000 ) ) ;
#8811 = CIRCLE ( 'NONE', #4754, 10.15000000000000036 ) ;
#8812 = CARTESIAN_POINT ( 'NONE',  ( 10.07906768228851391, 77.01368055568988780, 0.000000000000000000 ) ) ;
#8813 = CARTESIAN_POINT ( 'NONE',  ( 28.00000000000000000, 12.50000000000001599, -12.50000000000000000 ) ) ;
#8814 = DIRECTION ( 'NONE',  ( -0.000000000000000000, -1.000000000000000000, -0.000000000000000000 ) ) ;
#8815 = DIRECTION ( 'NONE',  ( 1.000000000000000000, -0.000000000000000000, -0.000000000000000000 ) ) ;
#8816 = DIRECTION ( 'NONE',  ( -1.000000000000000000, -0.000000000000000000, -0.000000000000000000 ) ) ;
#8817 = ORIENTED_EDGE ( 'NONE', *, *, #1692, .F. ) ;
#8818 = VECTOR ( 'NONE', #1830, 1000.000000000000000 ) ;
#8819 = ADVANCED_FACE ( 'NONE', ( #9221 ), #1473, .T. ) ;
#8820 = ORIENTED_EDGE ( 'NONE', *, *, #4584, .T. ) ;
#8821 = ORIENTED_EDGE ( 'NONE', *, *, #3503, .T. ) ;
#8822 = DIRECTION ( 'NONE',  ( 1.000000000000000000, 0.000000000000000000, 0.000000000000000000 ) ) ;
#8823 = AXIS2_PLACEMENT_3D ( 'NONE', #1907, #6259, #4801 ) ;
#8824 = CARTESIAN_POINT ( 'NONE',  ( -23.55000000000002558, 117.9399999999999977, -23.00000000000000000 ) ) ;
#8825 = CARTESIAN_POINT ( 'NONE',  ( -23.00000000000000000, 48.08242211413647027, -3.000000000000002665 ) ) ;
#8826 = DIRECTION ( 'NONE',  ( 1.000000000000000000, 0.000000000000000000, 0.000000000000000000 ) ) ;
#8827 = ORIENTED_EDGE ( 'NONE', *, *, #7779, .T. ) ;
#8828 = DIRECTION ( 'NONE',  ( -1.000000000000000000, 0.000000000000000000, 0.000000000000000000 ) ) ;
#8829 = PLANE ( 'NONE',  #3062 ) ;
#8830 = ORIENTED_EDGE ( 'NONE', *, *, #8910, .T. ) ;
#8831 = CARTESIAN_POINT ( 'NONE',  ( -12.08688103937556590, 80.80934643409020168, -11.54289884801876198 ) ) ;
#8832 = AXIS2_PLACEMENT_3D ( 'NONE', #8493, #2033, #4929 ) ;
#8833 = DIRECTION ( 'NONE',  ( 1.000000000000000000, 0.000000000000000000, 0.000000000000000000 ) ) ;
#8834 = CIRCLE ( 'NONE', #8088, 2.000000000000000000 ) ;
#8835 = EDGE_LOOP ( 'NONE', ( #8969, #8554, #1305, #7162 ) ) ;
#8836 = PERSON_AND_ORGANIZATION ( #8923, #2240 ) ;
#8837 = CARTESIAN_POINT ( 'NONE',  ( 29.46243074056030053, 3.107156508179405030, -19.86454600962741424 ) ) ;
#8838 = FACE_OUTER_BOUND ( 'NONE', #3121, .T. ) ;
#8839 = ORIENTED_EDGE ( 'NONE', *, *, #4948, .T. ) ;
#8840 = DIRECTION ( 'NONE',  ( 0.8660254037844405950, 0.4999999999999966138, 0.000000000000000000 ) ) ;
#8841 = ORIENTED_EDGE ( 'NONE', *, *, #7300, .T. ) ;
#8842 = CARTESIAN_POINT ( 'NONE',  ( 22.24999999999998579, 104.7903061905773683, -14.59999999999999787 ) ) ;
#8843 = VECTOR ( 'NONE', #7533, 1000.000000000000000 ) ;
#8844 = VECTOR ( 'NONE', #3386, 1000.000000000000000 ) ;
#8845 = DIRECTION ( 'NONE',  ( 1.613696256722611948E-15, -1.000000000000000000, 0.000000000000000000 ) ) ;
#8846 = DIRECTION ( 'NONE',  ( -0.000000000000000000, 0.000000000000000000, 1.000000000000000000 ) ) ;
#8847 = EDGE_CURVE ( 'NONE', #4575, #5053, #8658, .T. ) ;
#8848 = ADVANCED_FACE ( 'NONE', ( #4958, #1502, #1370, #5614, #2058, #630 ), #4380, .T. ) ;
#8849 = VECTOR ( 'NONE', #1401, 1000.000000000000227 ) ;
#8850 = CARTESIAN_POINT ( 'NONE',  ( -15.58688103937556235, 80.80934643409020168, -9.000000000000000000 ) ) ;
#8851 = DIRECTION ( 'NONE',  ( 1.000000000000000000, 0.000000000000000000, 0.000000000000000000 ) ) ;
#8852 = EDGE_CURVE ( 'NONE', #6475, #941, #7120, .T. ) ;
#8853 = ORIENTED_EDGE ( 'NONE', *, *, #1092, .F. ) ;
#8854 = AXIS2_PLACEMENT_3D ( 'NONE', #8114, #358, #1095 ) ;
#8855 = DIRECTION ( 'NONE',  ( -0.3090169943749482839, 0.000000000000000000, 0.9510565162951533091 ) ) ;
#8856 = AXIS2_PLACEMENT_3D ( 'NONE', #4612, #859, #8710 ) ;
#8857 = CIRCLE ( 'NONE', #761, 12.50000000000000000 ) ;
#8858 = LINE ( 'NONE', #396, #6712 ) ;
#8859 = DIRECTION ( 'NONE',  ( -9.912705577010326782E-17, 1.000000000000000000, -0.000000000000000000 ) ) ;
#8860 = ADVANCED_FACE ( 'NONE', ( #8801 ), #1724, .F. ) ;
#8861 = LINE ( 'NONE', #4571, #8357 ) ;
#8862 = CARTESIAN_POINT ( 'NONE',  ( -25.99999999999999645, 10.35000000000021991, -4.499999999999771738 ) ) ;
#8863 = LINE ( 'NONE', #6846, #8403 ) ;
#8864 = FACE_OUTER_BOUND ( 'NONE', #279, .T. ) ;
#8865 = ORIENTED_EDGE ( 'NONE', *, *, #8367, .F. ) ;
#8866 = DIRECTION ( 'NONE',  ( 1.000000000000000000, 1.360567432138672574E-16, 0.000000000000000000 ) ) ;
#8867 = ORIENTED_EDGE ( 'NONE', *, *, #4554, .T. ) ;
#8868 = EDGE_LOOP ( 'NONE', ( #9046, #8535, #8785, #3411 ) ) ;
#8869 = DIRECTION ( 'NONE',  ( -0.4999999999999977796, 0.8660254037844398178, 0.000000000000000000 ) ) ;
#8870 = CARTESIAN_POINT ( 'NONE',  ( 16.57654914134644741, 96.44000000000002615, -14.80483366073001505 ) ) ;
#8871 = ADVANCED_FACE ( 'NONE', ( #4561 ), #1765, .T. ) ;
#8872 = DIRECTION ( 'NONE',  ( 1.000000000000000000, 0.000000000000000000, 0.000000000000000000 ) ) ;
#8873 = CARTESIAN_POINT ( 'NONE',  ( -23.43572208335977791, 113.3299264527366859, -23.66730220754023861 ) ) ;
#8874 = ORIENTED_EDGE ( 'NONE', *, *, #3060, .T. ) ;
#8875 = DIRECTION ( 'NONE',  ( 0.000000000000000000, -0.000000000000000000, -1.000000000000000000 ) ) ;
#8876 = CARTESIAN_POINT ( 'NONE',  ( -25.21439204797920652, 105.2048392368273255, -15.87391728840190730 ) ) ;
#8877 = ORIENTED_EDGE ( 'NONE', *, *, #8494, .T. ) ;
#8878 = CIRCLE ( 'NONE', #6782, 10.50000000000000000 ) ;
#8879 = FACE_OUTER_BOUND ( 'NONE', #2452, .T. ) ;
#8880 = VERTEX_POINT ( 'NONE', #8098 ) ;
#8881 = DIRECTION ( 'NONE',  ( -1.000000000000000000, 1.541976423090495387E-16, -0.000000000000000000 ) ) ;
#8882 = AXIS2_PLACEMENT_3D ( 'NONE', #730, #74, #6605 ) ;
#8883 = EDGE_CURVE ( 'NONE', #6554, #4590, #144, .T. ) ;
#8884 = ORIENTED_EDGE ( 'NONE', *, *, #6548, .F. ) ;
#8885 = SECURITY_CLASSIFICATION_LEVEL ( 'unclassified' ) ;
#8886 = CARTESIAN_POINT ( 'NONE',  ( -16.57654914134644741, 98.44000000000002615, -2.000000000000000000 ) ) ;
#8887 = DIRECTION ( 'NONE',  ( 0.000000000000000000, 1.000000000000000000, 0.000000000000000000 ) ) ;
#8888 = ORIENTED_EDGE ( 'NONE', *, *, #2055, .T. ) ;
#8889 = CARTESIAN_POINT ( 'NONE',  ( 29.99999999999999289, 4.499999999999999112, -25.47284962015124421 ) ) ;
#8890 = VERTEX_POINT ( 'NONE', #7441 ) ;
#8891 = DIRECTION ( 'NONE',  ( -1.000000000000000000, -9.912705577010326782E-17, 0.000000000000000000 ) ) ;
#8892 = CARTESIAN_POINT ( 'NONE',  ( -24.57956382588858446, 4.392584220988753785, -17.58563984513006417 ) ) ;
#8893 = CARTESIAN_POINT ( 'NONE',  ( 28.00000000000000000, 12.50000000000001776, -7.500000000000007105 ) ) ;
#8894 = CARTESIAN_POINT ( 'NONE',  ( -20.25000000000000000, 106.9403061905773740, -14.59999999999999787 ) ) ;
#8895 = CARTESIAN_POINT ( 'NONE',  ( -28.00000000000000000, 12.49999999999999822, -12.50000000000000000 ) ) ;
#8896 = ORIENTED_EDGE ( 'NONE', *, *, #1869, .T. ) ;
#8897 = CARTESIAN_POINT ( 'NONE',  ( 29.99999999999999645, 12.49999999999987388, -20.49999999999977618 ) ) ;
#8898 = EDGE_CURVE ( 'NONE', #2933, #1267, #8247, .T. ) ;
#8899 = EDGE_CURVE ( 'NONE', #7946, #5680, #3432, .T. ) ;
#8900 = CARTESIAN_POINT ( 'NONE',  ( -8.586881039375560576, 96.44000000000002615, -9.000000000000001776 ) ) ;
#8901 = DIRECTION ( 'NONE',  ( -1.000000000000000000, 0.000000000000000000, 0.000000000000000000 ) ) ;
#8902 = CARTESIAN_POINT ( 'NONE',  ( 58.00000000000002132, 13.54999999999987992, -20.49999999999977618 ) ) ;
#8903 = CARTESIAN_POINT ( 'NONE',  ( 23.00000000000000000, 9.053179648447564176, -25.49999999999999645 ) ) ;
#8904 = DIRECTION ( 'NONE',  ( 1.000000000000000000, 0.000000000000000000, 0.000000000000000000 ) ) ;
#8905 = DIRECTION ( 'NONE',  ( 0.000000000000000000, -1.000000000000000000, 0.000000000000000000 ) ) ;
#8906 = ORIENTED_EDGE ( 'NONE', *, *, #8596, .T. ) ;
#8907 = DIRECTION ( 'NONE',  ( -0.9510565162951533091, 0.000000000000000000, -0.3090169943749482284 ) ) ;
#8908 = VERTEX_POINT ( 'NONE', #110 ) ;
#8909 = EDGE_CURVE ( 'NONE', #3140, #8382, #994, .T. ) ;
#8910 = EDGE_CURVE ( 'NONE', #7458, #5072, #301, .T. ) ;
#8911 = B_SPLINE_CURVE_WITH_KNOTS ( 'NONE', 3,
 ( #286, #6678, #5410, #3225, #5457, #6068, #3138, #4647, #6025, #6115, #2515, #8222 ),
 .UNSPECIFIED., .F., .F.,
 ( 4, 2, 2, 2, 2, 4 ),
 ( -9.267041173049898417E-06, 0.0009675892514008708600, 0.001944445543974791584, 0.002921301836548712092, 0.003409729982835676357, 0.003898158129122641490 ),
 .UNSPECIFIED. ) ;
#8912 = ORIENTED_EDGE ( 'NONE', *, *, #8883, .T. ) ;
#8913 = DIRECTION ( 'NONE',  ( -1.000000000000000000, 0.000000000000000000, 0.000000000000000000 ) ) ;
#8914 = EDGE_CURVE ( 'NONE', #6432, #7343, #2254, .T. ) ;
#8915 = DIRECTION ( 'NONE',  ( 1.000000000000000000, -1.541976423090495387E-16, 0.000000000000000000 ) ) ;
#8916 = DIRECTION ( 'NONE',  ( -0.000000000000000000, 0.000000000000000000, 1.000000000000000000 ) ) ;
#8917 = CARTESIAN_POINT ( 'NONE',  ( 23.94646554102024893, 1.931715076956262989, -7.500000000000005329 ) ) ;
#8918 = CARTESIAN_POINT ( 'NONE',  ( -23.40414936479016816, 114.2500016429945333, -23.74975342840288661 ) ) ;
#8919 = ORIENTED_EDGE ( 'NONE', *, *, #8188, .F. ) ;
#8920 = DIRECTION ( 'NONE',  ( -1.000000000000000000, -1.892425610156517122E-16, -0.000000000000000000 ) ) ;
#8921 = CARTESIAN_POINT ( 'NONE',  ( -23.55000000000001137, 108.8797142826806805, -15.53788120749198143 ) ) ;
#8922 = EDGE_LOOP ( 'NONE', ( #45, #1620 ) ) ;
#8923 = PERSON ( '未指定', '未指定', '未指定', ('未指定'), ('未指定'), ('未指定') ) ;
#8924 = CARTESIAN_POINT ( 'NONE',  ( 29.99999999999999645, 16.00685424949230296, -18.15685424949224469 ) ) ;
#8925 = ORIENTED_EDGE ( 'NONE', *, *, #7663, .T. ) ;
#8926 = CARTESIAN_POINT ( 'NONE',  ( -24.99999999999999645, 4.836939253796797900, -7.500000000000000000 ) ) ;
#8927 = CIRCLE ( 'NONE', #1407, 0.8999999999999980238 ) ;
#8928 = DIRECTION ( 'NONE',  ( -1.000000000000000000, -1.734723475976807292E-15, 0.000000000000000000 ) ) ;
#8929 = ORIENTED_EDGE ( 'NONE', *, *, #5381, .T. ) ;
#8930 = EDGE_CURVE ( 'NONE', #2552, #1946, #7399, .T. ) ;
#8931 = EDGE_LOOP ( 'NONE', ( #2829, #6663, #1984, #8738 ) ) ;
#8932 = VECTOR ( 'NONE', #3271, 1000.000000000000227 ) ;
#8933 = DIRECTION ( 'NONE',  ( 1.000000000000000000, -1.898094922533725623E-16, 0.000000000000000000 ) ) ;
#8934 = CARTESIAN_POINT ( 'NONE',  ( -23.99999999999999645, 4.313272937247765171, -18.50000000000000355 ) ) ;
#8935 = LINE ( 'NONE', #8236, #1925 ) ;
#8936 = DIRECTION ( 'NONE',  ( -1.000000000000000000, -9.912705577010326782E-17, 0.000000000000000000 ) ) ;
#8937 = DIRECTION ( 'NONE',  ( 1.898094922533725623E-16, 1.000000000000000000, 0.000000000000000000 ) ) ;
#8938 = ORIENTED_EDGE ( 'NONE', *, *, #8963, .T. ) ;
#8939 = CIRCLE ( 'NONE', #7895, 2.000000000000000000 ) ;
#8940 = AXIS2_PLACEMENT_3D ( 'NONE', #1440, #6493, #5879 ) ;
#8941 = DIRECTION ( 'NONE',  ( -0.5427066596637477591, 0.8399223068573764550, -0.000000000000000000 ) ) ;
#8942 = EDGE_CURVE ( 'NONE', #8526, #5629, #3767, .T. ) ;
#8943 = DIRECTION ( 'NONE',  ( -1.000000000000000000, -9.912705577010326782E-17, 0.000000000000000000 ) ) ;
#8944 = AXIS2_PLACEMENT_3D ( 'NONE', #7464, #3173, #4580 ) ;
#8945 = DIRECTION ( 'NONE',  ( -0.8090169943749478954, -0.000000000000000000, 0.5877852522924724710 ) ) ;
#8946 = VECTOR ( 'NONE', #1989, 999.9999999999998863 ) ;
#8947 = CARTESIAN_POINT ( 'NONE',  ( 23.43500939178816722, 113.3208468803761662, -23.68157231859266432 ) ) ;
#8948 = CARTESIAN_POINT ( 'NONE',  ( -16.57654914134644741, 96.44000000000002615, -2.000000000000000000 ) ) ;
#8949 = CARTESIAN_POINT ( 'NONE',  ( -11.26830527994894027, 71.48374507372808750, 0.000000000000000000 ) ) ;
#8950 = EDGE_LOOP ( 'NONE', ( #1217, #6150, #4393, #5971, #802, #4037, #1170, #5007, #7370, #1377, #8877, #8266, #8271, #6396, #2119, #9205, #2106, #8310, #3563, #4089, #8615, #9051, #2524, #9038, #7582, #6210, #753, #829, #3535 ) ) ;
#8951 = DIRECTION ( 'NONE',  ( 1.000000000000000000, 0.000000000000000000, 0.000000000000000000 ) ) ;
#8952 = ORIENTED_EDGE ( 'NONE', *, *, #4029, .F. ) ;
#8953 = AXIS2_PLACEMENT_3D ( 'NONE', #8719, #5859, #2163 ) ;
#8954 = VECTOR ( 'NONE', #2408, 1000.000000000000000 ) ;
#8955 = VERTEX_POINT ( 'NONE', #3809 ) ;
#8956 = DIRECTION ( 'NONE',  ( 1.000000000000000000, 0.000000000000000000, 0.000000000000000000 ) ) ;
#8957 = LINE ( 'NONE', #6152, #6575 ) ;
#8958 = CARTESIAN_POINT ( 'NONE',  ( 27.00000000000000000, 35.00000000000000000, -8.500000000000007105 ) ) ;
#8959 = DIRECTION ( 'NONE',  ( -0.8090169943749481174, -6.508371548838532583E-17, 0.5877852522924723599 ) ) ;
#8960 = CIRCLE ( 'NONE', #2799, 11.15000000000002522 ) ;
#8961 = DIRECTION ( 'NONE',  ( -1.000000000000000000, -9.912705577010325549E-17, -0.000000000000000000 ) ) ;
#8962 = FACE_OUTER_BOUND ( 'NONE', #4016, .T. ) ;
#8963 = EDGE_CURVE ( 'NONE', #4764, #4397, #6038, .T. ) ;
#8965 = EDGE_LOOP ( 'NONE', ( #555, #5439, #1059, #2287 ) ) ;
#8964 = TOROIDAL_SURFACE ( 'NONE', #4912, 4.000000000000000000, 2.000000000000000000 ) ;
#8966 = EDGE_CURVE ( 'NONE', #8756, #321, #5281, .T. ) ;
#8967 = DIRECTION ( 'NONE',  ( -1.000000000000000000, 1.541976423090495387E-16, -0.000000000000000000 ) ) ;
#8968 = DIRECTION ( 'NONE',  ( -0.000000000000000000, 0.000000000000000000, 1.000000000000000000 ) ) ;
#8969 = ORIENTED_EDGE ( 'NONE', *, *, #1398, .T. ) ;
#8970 = CARTESIAN_POINT ( 'NONE',  ( 0.000000000000000000, 60.10000000000000853, -3.000000000000000000 ) ) ;
#8971 = AXIS2_PLACEMENT_3D ( 'NONE', #3639, #7838, #3542 ) ;
#8972 = CIRCLE ( 'NONE', #4611, 10.14999999999999858 ) ;
#8973 = CARTESIAN_POINT ( 'NONE',  ( 20.25000000000000355, 113.9403061905773598, -22.49999999999999645 ) ) ;
#8974 = ORIENTED_EDGE ( 'NONE', *, *, #8510, .T. ) ;
#8975 = CARTESIAN_POINT ( 'NONE',  ( 23.31393684833123459, 2.886454107512971934, -7.500000000000007105 ) ) ;
#8976 = ORIENTED_EDGE ( 'NONE', *, *, #4838, .F. ) ;
#8977 = CARTESIAN_POINT ( 'NONE',  ( 30.00000000000000355, 49.81447292170534524, -23.00000000000000000 ) ) ;
#8978 = VERTEX_POINT ( 'NONE', #5849 ) ;
#8979 = VERTEX_POINT ( 'NONE', #207 ) ;
#8980 = DIRECTION ( 'NONE',  ( 1.000000000000000000, -1.541976423090495387E-16, -0.000000000000000000 ) ) ;
#8981 = CARTESIAN_POINT ( 'NONE',  ( 20.25000000000000000, 104.4400000000000261, -4.500000000000001776 ) ) ;
#8982 = PLANE ( 'NONE',  #7807 ) ;
#8983 = VECTOR ( 'NONE', #9185, 1000.000000000000000 ) ;
#8984 = EDGE_CURVE ( 'NONE', #7731, #3698, #1544, .T. ) ;
#8985 = CARTESIAN_POINT ( 'NONE',  ( -23.23947308506447129, 12.49999999999974776, -23.41052691493554505 ) ) ;
#8986 = VECTOR ( 'NONE', #2078, 1000.000000000000000 ) ;
#8987 = DIRECTION ( 'NONE',  ( 8.673617379884026597E-16, -1.000000000000000000, 0.000000000000000000 ) ) ;
#8988 = VERTEX_POINT ( 'NONE', #3717 ) ;
#8989 = VECTOR ( 'NONE', #6789, 1000.000000000000000 ) ;
#8990 = CARTESIAN_POINT ( 'NONE',  ( -24.99999999999999645, 18.50000000000001066, -12.50000000000000000 ) ) ;
#8991 = AXIS2_PLACEMENT_3D ( 'NONE', #63, #2818, #7904 ) ;
#8992 = AXIS2_PLACEMENT_3D ( 'NONE', #7549, #5379, #1230 ) ;
#8993 = CARTESIAN_POINT ( 'NONE',  ( 23.54999999999999005, 111.7903061905773683, -7.599999999999997868 ) ) ;
#8994 = VECTOR ( 'NONE', #7814, 1000.000000000000000 ) ;
#8995 = DIRECTION ( 'NONE',  ( 1.000000000000000000, -1.541976423090495387E-16, 0.000000000000000000 ) ) ;
#8996 = ADVANCED_FACE ( 'NONE', ( #5319 ), #254, .F. ) ;
#8997 = DIRECTION ( 'NONE',  ( 0.000000000000000000, 0.000000000000000000, 1.000000000000000000 ) ) ;
#8998 = DIRECTION ( 'NONE',  ( -1.000000000000000000, -1.892425610156517122E-16, -0.000000000000000000 ) ) ;
#8999 = AXIS2_PLACEMENT_3D ( 'NONE', #1443, #4316, #6496 ) ;
#9000 = VECTOR ( 'NONE', #7491, 1000.000000000000000 ) ;
#9001 = DIRECTION ( 'NONE',  ( 1.000000000000000000, 0.000000000000000000, 0.000000000000000000 ) ) ;
#9002 = VERTEX_POINT ( 'NONE', #8184 ) ;
#9003 = DIRECTION ( 'NONE',  ( 0.000000000000000000, -1.000000000000000000, 0.000000000000000000 ) ) ;
#9004 = ORIENTED_EDGE ( 'NONE', *, *, #4798, .F. ) ;
#9005 = AXIS2_PLACEMENT_3D ( 'NONE', #6677, #5265, #4506 ) ;
#9006 = ORIENTED_EDGE ( 'NONE', *, *, #5979, .T. ) ;
#9007 = CARTESIAN_POINT ( 'NONE',  ( -28.00000000000000000, 12.50000000000000888, -16.50000000000000000 ) ) ;
#9008 = CC_DESIGN_APPROVAL ( #355, ( #8707 ) ) ;
#9009 = CARTESIAN_POINT ( 'NONE',  ( 24.00000000000000355, 49.81447292170534524, 0.000000000000000000 ) ) ;
#9010 = LINE ( 'NONE', #2647, #609 ) ;
#9011 = CARTESIAN_POINT ( 'NONE',  ( 29.99999999999999645, 12.49999999999999822, -12.50000000000000000 ) ) ;
#9012 = CIRCLE ( 'NONE', #5391, 4.000000000000000000 ) ;
#9013 = CARTESIAN_POINT ( 'NONE',  ( 24.26589613595097461, 1.644102003987159666, -7.500000000000007105 ) ) ;
#9014 = CARTESIAN_POINT ( 'NONE',  ( -23.99999999999999645, 12.50000000000001066, -6.500000000000000000 ) ) ;
#9015 = ORIENTED_EDGE ( 'NONE', *, *, #3867, .T. ) ;
#9016 = DIRECTION ( 'NONE',  ( -0.8090169943749473402, -6.508371548838541211E-17, 0.5877852522924732481 ) ) ;
#9017 = CARTESIAN_POINT ( 'NONE',  ( 25.99999999999999645, 11.44999999999987317, -20.49999999999977618 ) ) ;
#9018 = EDGE_LOOP ( 'NONE', ( #925, #308, #6026, #5743, #210, #1626 ) ) ;
#9019 = PLANE ( 'NONE',  #4957 ) ;
#9020 = ORIENTED_EDGE ( 'NONE', *, *, #640, .F. ) ;
#9021 = EDGE_CURVE ( 'NONE', #8718, #2732, #1041, .T. ) ;
#9022 = FACE_OUTER_BOUND ( 'NONE', #6488, .T. ) ;
#9023 = ADVANCED_FACE ( 'NONE', ( #2296 ), #4189, .T. ) ;
#9024 = ORIENTED_EDGE ( 'NONE', *, *, #3163, .T. ) ;
#9025 = AXIS2_PLACEMENT_3D ( 'NONE', #969, #5396, #6155 ) ;
#9026 = CARTESIAN_POINT ( 'NONE',  ( 28.52700508469365204, 2.565062929295020666, -20.13399552633279654 ) ) ;
#9027 = VERTEX_POINT ( 'NONE', #8044 ) ;
#9028 = DIRECTION ( 'NONE',  ( 0.8660254037844394848, 0.4999999999999987232, 0.000000000000000000 ) ) ;
#9029 = EDGE_LOOP ( 'NONE', ( #3738, #5821, #1536, #1838, #1578 ) ) ;
#9030 = VERTEX_POINT ( 'NONE', #7676 ) ;
#9031 = CIRCLE ( 'NONE', #926, 2.000000000000003553 ) ;
#9032 = ADVANCED_FACE ( 'NONE', ( #7538 ), #346, .F. ) ;
#9033 = CARTESIAN_POINT ( 'NONE',  ( 25.99999999999999645, 18.15685424949253957, -6.843145750507550140 ) ) ;
#9034 = DIRECTION ( 'NONE',  ( 0.000000000000000000, -1.000000000000000000, 0.000000000000000000 ) ) ;
#9035 = DIRECTION ( 'NONE',  ( 1.000000000000000000, -1.541976423090495387E-16, -0.000000000000000000 ) ) ;
#9036 = CIRCLE ( 'NONE', #3927, 2.000000000000000000 ) ;
#9037 = LINE ( 'NONE', #5470, #592 ) ;
#9038 = ORIENTED_EDGE ( 'NONE', *, *, #1792, .T. ) ;
#9039 = CYLINDRICAL_SURFACE ( 'NONE', #8139, 2.149999999999999023 ) ;
#9040 = DIRECTION ( 'NONE',  ( -1.000000000000000000, 0.000000000000000000, -0.000000000000000000 ) ) ;
#9041 = CARTESIAN_POINT ( 'NONE',  ( -11.58728778948666793, 2.499999999999998668, -24.00000000000001421 ) ) ;
#9042 = DIRECTION ( 'NONE',  ( 0.000000000000000000, -1.000000000000000000, 0.000000000000000000 ) ) ;
#9043 = DIRECTION ( 'NONE',  ( 1.000000000000000000, -0.000000000000000000, -0.000000000000000000 ) ) ;
#9044 = EDGE_LOOP ( 'NONE', ( #7905, #4287, #4233, #570 ) ) ;
#9045 = FACE_OUTER_BOUND ( 'NONE', #6385, .T. ) ;
#9046 = ORIENTED_EDGE ( 'NONE', *, *, #7646, .F. ) ;
#9047 = DIRECTION ( 'NONE',  ( -0.8660254037844399289, -0.4999999999999980571, 0.000000000000000000 ) ) ;
#9048 = EDGE_LOOP ( 'NONE', ( #8853, #4464, #3928, #5123 ) ) ;
#9049 = EDGE_CURVE ( 'NONE', #1242, #6317, #7210, .T. ) ;
#9050 = EDGE_CURVE ( 'NONE', #7709, #5680, #6166, .T. ) ;
#9051 = ORIENTED_EDGE ( 'NONE', *, *, #5468, .T. ) ;
#9052 = CARTESIAN_POINT ( 'NONE',  ( -3.500000000000209166, 104.4400000000000261, -9.000000000000001776 ) ) ;
#9053 = CARTESIAN_POINT ( 'NONE',  ( -25.28864943230716733, 105.1399817386820530, -13.41912122401527263 ) ) ;
#9054 = FACE_OUTER_BOUND ( 'NONE', #5078, .T. ) ;
#9055 = CYLINDRICAL_SURFACE ( 'NONE', #9172, 2.149999999999999023 ) ;
#9056 = PLANE ( 'NONE',  #3526 ) ;
#9057 = ORIENTED_EDGE ( 'NONE', *, *, #4771, .F. ) ;
#9058 = CARTESIAN_POINT ( 'NONE',  ( -11.98768373480796257, 67.14209179641811431, -2.000000000000001776 ) ) ;
#9059 = CARTESIAN_POINT ( 'NONE',  ( 16.57654914134644741, 94.44000000000002615, -2.000000000000000000 ) ) ;
#9060 = ORIENTED_EDGE ( 'NONE', *, *, #3337, .T. ) ;
#9061 = DIRECTION ( 'NONE',  ( -0.000000000000000000, -1.107270303814984526E-16, 1.000000000000000000 ) ) ;
#9062 = ADVANCED_FACE ( 'NONE', ( #4704 ), #7630, .F. ) ;
#9063 = VERTEX_POINT ( 'NONE', #6079 ) ;
#9064 = CARTESIAN_POINT ( 'NONE',  ( 23.10383893667269106, 16.53697725661882600, -22.78959427889077105 ) ) ;
#9065 = ORIENTED_EDGE ( 'NONE', *, *, #8559, .T. ) ;
#9066 = DIRECTION ( 'NONE',  ( 0.000000000000000000, 0.000000000000000000, -1.000000000000000000 ) ) ;
#9067 = EDGE_LOOP ( 'NONE', ( #4745, #638 ) ) ;
#9068 = EDGE_CURVE ( 'NONE', #349, #1632, #1773, .T. ) ;
#9069 = CARTESIAN_POINT ( 'NONE',  ( -29.43035930572808923, 3.079454253804076114, -21.14393803262442617 ) ) ;
#9070 = ORIENTED_EDGE ( 'NONE', *, *, #3635, .T. ) ;
#9071 = EDGE_LOOP ( 'NONE', ( #5788, #5795, #5527, #3636, #8200 ) ) ;
#9072 = CARTESIAN_POINT ( 'NONE',  ( 18.57654914134644741, 94.44000000000002615, -2.755455298081540045E-15 ) ) ;
#9073 = DIRECTION ( 'NONE',  ( 1.000000000000000000, 0.000000000000000000, 0.000000000000000000 ) ) ;
#9074 = CIRCLE ( 'NONE', #7133, 2.000000000000001776 ) ;
#9075 = DIRECTION ( 'NONE',  ( 1.000000000000000000, 0.000000000000000000, 0.000000000000000000 ) ) ;
#9076 = EDGE_CURVE ( 'NONE', #5098, #4936, #7359, .T. ) ;
#9077 = EDGE_CURVE ( 'NONE', #8101, #6136, #8370, .T. ) ;
#9078 = DIRECTION ( 'NONE',  ( -1.000000000000000000, -1.360567432138672574E-16, -0.000000000000000000 ) ) ;
#9079 = ORIENTED_EDGE ( 'NONE', *, *, #6533, .F. ) ;
#9080 = CARTESIAN_POINT ( 'NONE',  ( 20.25000000000000000, 118.9400000000000261, -128.1790850899541852 ) ) ;
#9081 = ADVANCED_FACE ( 'NONE', ( #1127 ), #8982, .T. ) ;
#9082 = CIRCLE ( 'NONE', #4725, 4.000000000000000000 ) ;
#9083 = FACE_OUTER_BOUND ( 'NONE', #8202, .T. ) ;
#9084 = CARTESIAN_POINT ( 'NONE',  ( 17.00000000000000000, 44.61832049899870611, -3.000000000000002665 ) ) ;
#9085 = CIRCLE ( 'NONE', #5044, 2.999999999999999112 ) ;
#9086 = DIRECTION ( 'NONE',  ( -1.000000000000000000, 1.541976423090495387E-16, 0.000000000000000000 ) ) ;
#9087 = CARTESIAN_POINT ( 'NONE',  ( 17.98768373480796612, 67.14209179641811431, -22.99999999999999289 ) ) ;
#9088 = ORIENTED_EDGE ( 'NONE', *, *, #306, .F. ) ;
#9089 = EDGE_CURVE ( 'NONE', #9093, #4063, #8935, .T. ) ;
#9090 = CARTESIAN_POINT ( 'NONE',  ( -23.10653202112444760, 16.48680497205377193, -2.188975597653864291 ) ) ;
#9091 = EDGE_LOOP ( 'NONE', ( #1523, #6092 ) ) ;
#9092 = CARTESIAN_POINT ( 'NONE',  ( -29.57029951316431493, 51.21726115183010108, -2.000000000000000000 ) ) ;
#9093 = VERTEX_POINT ( 'NONE', #3338 ) ;
#9094 = CIRCLE ( 'NONE', #988, 9.000000000000001776 ) ;
#9095 = LINE ( 'NONE', #4914, #4591 ) ;
#9096 = AXIS2_PLACEMENT_3D ( 'NONE', #2711, #3241, #5741 ) ;
#9097 = FACE_OUTER_BOUND ( 'NONE', #4172, .T. ) ;
#9098 = DIRECTION ( 'NONE',  ( 1.000000000000000000, 0.000000000000000000, 0.000000000000000000 ) ) ;
#9099 = CARTESIAN_POINT ( 'NONE',  ( 5.663118960624426101, 80.80934643409020168, -15.65739561406607372 ) ) ;
#9100 = CARTESIAN_POINT ( 'NONE',  ( -5.773401785888006899, 51.10000000000000853, -22.00000000000000711 ) ) ;
#9101 = DIRECTION ( 'NONE',  ( 1.000000000000000000, 0.000000000000000000, 0.000000000000000000 ) ) ;
#9102 = VERTEX_POINT ( 'NONE', #531 ) ;
#9103 = EDGE_CURVE ( 'NONE', #2550, #9194, #2839, .T. ) ;
#9104 = CYLINDRICAL_SURFACE ( 'NONE', #1873, 2.000000000000000000 ) ;
#9105 = DIRECTION ( 'NONE',  ( 1.000000000000000000, 0.000000000000000000, 0.000000000000000000 ) ) ;
#9106 = VERTEX_POINT ( 'NONE', #3239 ) ;
#9107 = VECTOR ( 'NONE', #3109, 1000.000000000000114 ) ;
#9108 = AXIS2_PLACEMENT_3D ( 'NONE', #5969, #3888, #2373 ) ;
#9109 = CARTESIAN_POINT ( 'NONE',  ( -23.00000000000000000, 12.50000000000000888, -17.50000000000000000 ) ) ;
#9110 = ORIENTED_EDGE ( 'NONE', *, *, #8494, .F. ) ;
#9111 = CARTESIAN_POINT ( 'NONE',  ( 29.93619705396144681, 10.67966385174270627, -25.50000000000000000 ) ) ;
#9112 = VECTOR ( 'NONE', #205, 1000.000000000000000 ) ;
#9113 = TOROIDAL_SURFACE ( 'NONE', #5515, 9.000000000000001776, 3.000000000000000000 ) ;
#9114 = ORIENTED_EDGE ( 'NONE', *, *, #4828, .F. ) ;
#9115 = EDGE_CURVE ( 'NONE', #3975, #9238, #7062, .T. ) ;
#9116 = CARTESIAN_POINT ( 'NONE',  ( 29.34181962457769544, 2.331803519666908908, -18.85206809379573301 ) ) ;
#9117 = ORIENTED_EDGE ( 'NONE', *, *, #4181, .F. ) ;
#9118 = CARTESIAN_POINT ( 'NONE',  ( -27.99999999999999645, 35.00000000000000000, -23.00000000000000000 ) ) ;
#9119 = VERTEX_POINT ( 'NONE', #2582 ) ;
#9120 = ORIENTED_EDGE ( 'NONE', *, *, #3590, .T. ) ;
#9121 = DIRECTION ( 'NONE',  ( 8.673617379884043361E-16, 3.017433397865787983E-16, -1.000000000000000000 ) ) ;
#9122 = FACE_OUTER_BOUND ( 'NONE', #3864, .T. ) ;
#9123 = FACE_OUTER_BOUND ( 'NONE', #6070, .T. ) ;
#9124 = CARTESIAN_POINT ( 'NONE',  ( 29.99999999999999289, 4.828427124746202281, -25.49999999999999645 ) ) ;
#9125 = ORIENTED_EDGE ( 'NONE', *, *, #7141, .T. ) ;
#9126 = CARTESIAN_POINT ( 'NONE',  ( -14.25000000000020250, 104.4400000000000261, -13.11449676604731174 ) ) ;
#9127 = EDGE_CURVE ( 'NONE', #591, #2933, #5407, .T. ) ;
#9128 = DIRECTION ( 'NONE',  ( -1.000000000000000000, 1.541976423090495387E-16, 0.000000000000000000 ) ) ;
#9129 = CIRCLE ( 'NONE', #6288, 1.049999999999998934 ) ;
#9130 = EDGE_CURVE ( 'NONE', #2568, #7458, #4047, .T. ) ;
#9131 = DIRECTION ( 'NONE',  ( 0.000000000000000000, 1.000000000000000000, 0.000000000000000000 ) ) ;
#9132 = DIRECTION ( 'NONE',  ( 1.000000000000000000, 1.734723475976805517E-15, 0.000000000000000000 ) ) ;
#9133 = FACE_BOUND ( 'NONE', #6975, .T. ) ;
#9134 = ORIENTED_EDGE ( 'NONE', *, *, #3626, .F. ) ;
#9135 = DIRECTION ( 'NONE',  ( 0.000000000000000000, 0.000000000000000000, 1.000000000000000000 ) ) ;
#9136 = ORIENTED_EDGE ( 'NONE', *, *, #3489, .F. ) ;
#9137 = CIRCLE ( 'NONE', #4794, 2.149999999999997247 ) ;
#9138 = DIRECTION ( 'NONE',  ( 0.000000000000000000, 0.000000000000000000, -1.000000000000000000 ) ) ;
#9139 = AXIS2_PLACEMENT_3D ( 'NONE', #3957, #6842, #3437 ) ;
#9140 = ORIENTED_EDGE ( 'NONE', *, *, #968, .F. ) ;
#9141 = B_SPLINE_CURVE_WITH_KNOTS ( 'NONE', 3,
 ( #3389, #5526, #6894, #8379, #6191, #8947, #6845, #1966, #1922, #1833, #540, #4814, #6229, #7686, #8331, #6089 ),
 .UNSPECIFIED., .F., .F.,
 ( 4, 2, 2, 2, 2, 2, 2, 4 ),
 ( 0.000000000000000000, 0.0004622676944735778582, 0.0009245353889471557163, 0.001849070777894315553, 0.002311338472367895254, 0.002773606166841475172, 0.003235873861315055090, 0.003698141555788635008 ),
 .UNSPECIFIED. ) ;
#9142 = AXIS2_PLACEMENT_3D ( 'NONE', #7490, #3194, #206 ) ;
#9143 = CARTESIAN_POINT ( 'NONE',  ( -21.55000000000002558, 118.9400000000000972, 0.000000000000000000 ) ) ;
#9144 = ADVANCED_FACE ( 'NONE', ( #9123 ), #2672, .T. ) ;
#9145 = CARTESIAN_POINT ( 'NONE',  ( 24.00000000000000355, 12.50000000000000355, -2.349999999999978773 ) ) ;
#9146 = CARTESIAN_POINT ( 'NONE',  ( 5.773401785888007787, 51.10000000000000853, 0.000000000000000000 ) ) ;
#9147 = CYLINDRICAL_SURFACE ( 'NONE', #2555, 2.000000000000001776 ) ;
#9148 = AXIS2_PLACEMENT_3D ( 'NONE', #3092, #8928, #6735 ) ;
#9149 = VECTOR ( 'NONE', #5564, 1000.000000000000114 ) ;
#9150 = DIRECTION ( 'NONE',  ( -0.000000000000000000, 0.000000000000000000, 1.000000000000000000 ) ) ;
#9151 = CARTESIAN_POINT ( 'NONE',  ( -23.00000000000000000, 35.00000000000000000, -25.00000000000000000 ) ) ;
#9152 = EDGE_LOOP ( 'NONE', ( #8273, #8642, #4604 ) ) ;
#9153 = CARTESIAN_POINT ( 'NONE',  ( 27.99999999999999289, 12.50000000000000355, -25.49999999999999645 ) ) ;
#9154 = CARTESIAN_POINT ( 'NONE',  ( 29.57029951316431848, 51.21726115183010819, 0.000000000000000000 ) ) ;
#9155 = ORIENTED_EDGE ( 'NONE', *, *, #1150, .F. ) ;
#9156 = VECTOR ( 'NONE', #3566, 1000.000000000000000 ) ;
#9157 = ORIENTED_EDGE ( 'NONE', *, *, #5578, .F. ) ;
#9158 = CARTESIAN_POINT ( 'NONE',  ( 29.74257451504526628, 11.21210890677293825, -25.50000000000000000 ) ) ;
#9159 = EDGE_CURVE ( 'NONE', #237, #9176, #6606, .T. ) ;
#9160 = AXIS2_PLACEMENT_3D ( 'NONE', #8303, #603, #2699 ) ;
#9161 = ORIENTED_EDGE ( 'NONE', *, *, #3740, .T. ) ;
#9162 = DIRECTION ( 'NONE',  ( 1.000000000000000000, 1.360567432138672574E-16, -0.000000000000000000 ) ) ;
#9163 = CARTESIAN_POINT ( 'NONE',  ( 6.423762078750519855, 80.80934643409020168, -15.65739561406607727 ) ) ;
#9164 = DIRECTION ( 'NONE',  ( 1.613696256722611948E-15, -1.000000000000000000, 0.000000000000000000 ) ) ;
#9165 = ORIENTED_EDGE ( 'NONE', *, *, #6533, .T. ) ;
#9166 = CARTESIAN_POINT ( 'NONE',  ( -22.55000000000001847, 118.9400000000000261, -24.73205080756887853 ) ) ;
#9167 = ORIENTED_EDGE ( 'NONE', *, *, #4913, .F. ) ;
#9168 = ORIENTED_EDGE ( 'NONE', *, *, #8643, .F. ) ;
#9169 = ADVANCED_FACE ( 'NONE', ( #6833, #2478 ), #5371, .F. ) ;
#9170 = EDGE_CURVE ( 'NONE', #7832, #5193, #7951, .T. ) ;
#9171 = CARTESIAN_POINT ( 'NONE',  ( 24.00000000000000355, 12.50000000000000355, -12.50000000000000000 ) ) ;
#9172 = AXIS2_PLACEMENT_3D ( 'NONE', #2023, #4112, #1843 ) ;
#9173 = LINE ( 'NONE', #6971, #5107 ) ;
#9174 = CARTESIAN_POINT ( 'NONE',  ( -24.99999999999999645, 12.50000000000000888, -17.50000000000000000 ) ) ;
#9175 = DIRECTION ( 'NONE',  ( 0.000000000000000000, -1.000000000000000000, 0.000000000000000000 ) ) ;
#9176 = VERTEX_POINT ( 'NONE', #3620 ) ;
#9177 = CIRCLE ( 'NONE', #2868, 2.000000000000001776 ) ;
#9178 = CARTESIAN_POINT ( 'NONE',  ( -37.75000000000000711, 113.9403061905773598, -21.59999999999999787 ) ) ;
#9179 = LINE ( 'NONE', #4098, #2631 ) ;
#9180 = DIRECTION ( 'NONE',  ( 0.5427066596637477591, -0.8399223068573764550, 0.000000000000000000 ) ) ;
#9181 = VECTOR ( 'NONE', #6506, 999.9999999999998863 ) ;
#9182 = LINE ( 'NONE', #2009, #3705 ) ;
#9183 = FACE_BOUND ( 'NONE', #6910, .T. ) ;
#9184 = VERTEX_POINT ( 'NONE', #6401 ) ;
#9185 = DIRECTION ( 'NONE',  ( 0.5427066596637479812, -0.8399223068573764550, 0.000000000000000000 ) ) ;
#9186 = ORIENTED_EDGE ( 'NONE', *, *, #1539, .T. ) ;
#9187 = EDGE_CURVE ( 'NONE', #6568, #1115, #3518, .T. ) ;
#9188 = CARTESIAN_POINT ( 'NONE',  ( -8.586881039375560576, 80.80934643409020168, -9.000000000000001776 ) ) ;
#9189 = EDGE_CURVE ( 'NONE', #3373, #5775, #4046, .T. ) ;
#9190 = EDGE_LOOP ( 'NONE', ( #4638, #654, #1111, #4319 ) ) ;
#9191 = CIRCLE ( 'NONE', #6799, 5.999999999999999112 ) ;
#9192 = CYLINDRICAL_SURFACE ( 'NONE', #7449, 1.999999999999999334 ) ;
#9193 = CARTESIAN_POINT ( 'NONE',  ( -25.42776113235815316, 105.0246137788544871, -13.61726636399754042 ) ) ;
#9194 = VERTEX_POINT ( 'NONE', #7018 ) ;
#9195 = CARTESIAN_POINT ( 'NONE',  ( -30.00000000000000000, 16.00685424949254809, -6.843145750507550140 ) ) ;
#9196 = DIRECTION ( 'NONE',  ( 0.000000000000000000, 1.000000000000000000, 0.000000000000000000 ) ) ;
#9197 = CARTESIAN_POINT ( 'NONE',  ( 27.00000000000000000, 1.043560762610393988, -7.500000000000007105 ) ) ;
#9198 = ORIENTED_EDGE ( 'NONE', *, *, #6113, .T. ) ;
#9199 = DIRECTION ( 'NONE',  ( -1.000000000000000000, -1.892425610156517122E-16, -0.000000000000000000 ) ) ;
#9200 = CARTESIAN_POINT ( 'NONE',  ( -22.25000000000000000, 116.0903061905773512, -21.59999999999999787 ) ) ;
#9201 = EDGE_LOOP ( 'NONE', ( #7236, #3560, #6516, #3399, #2613 ) ) ;
#9202 = ADVANCED_FACE ( 'NONE', ( #6455 ), #7858, .T. ) ;
#9203 = EDGE_CURVE ( 'NONE', #7066, #7238, #4992, .T. ) ;
#9204 = ADVANCED_FACE ( 'NONE', ( #1402 ), #8460, .F. ) ;
#9205 = ORIENTED_EDGE ( 'NONE', *, *, #1986, .T. ) ;
#9206 = CARTESIAN_POINT ( 'NONE',  ( 23.02031579254863303, 17.64185121228560504, -22.37850118798613863 ) ) ;
#9207 = ORIENTED_EDGE ( 'NONE', *, *, #2162, .F. ) ;
#9208 = DIRECTION ( 'NONE',  ( -1.000000000000000000, 0.000000000000000000, -0.000000000000000000 ) ) ;
#9209 = CARTESIAN_POINT ( 'NONE',  ( 29.02147956843991849, 2.031706702255501984, -18.81329046747423206 ) ) ;
#9210 = VERTEX_POINT ( 'NONE', #2000 ) ;
#9211 = CARTESIAN_POINT ( 'NONE',  ( 24.00000000000000355, 49.81447292170534524, -25.00000000000000000 ) ) ;
#9212 = VERTEX_POINT ( 'NONE', #2722 ) ;
#9213 = ORIENTED_EDGE ( 'NONE', *, *, #8036, .F. ) ;
#9214 = CARTESIAN_POINT ( 'NONE',  ( -23.99999999999999645, 12.50000000000001066, -12.50000000000000000 ) ) ;
#9215 = DIRECTION ( 'NONE',  ( 1.000000000000000000, -1.541976423090495387E-16, -0.000000000000000000 ) ) ;
#9216 = EDGE_CURVE ( 'NONE', #8639, #349, #5652, .T. ) ;
#9217 = DIRECTION ( 'NONE',  ( 0.000000000000000000, 1.000000000000000000, 0.000000000000000000 ) ) ;
#9218 = ORIENTED_EDGE ( 'NONE', *, *, #69, .F. ) ;
#9219 = LINE ( 'NONE', #4809, #933 ) ;
#9220 = CARTESIAN_POINT ( 'NONE',  ( 11.58728778948666438, 2.500000000000000000, -23.99999999999999289 ) ) ;
#9221 = FACE_OUTER_BOUND ( 'NONE', #7997, .T. ) ;
#9222 = FACE_OUTER_BOUND ( 'NONE', #7106, .T. ) ;
#9223 = CARTESIAN_POINT ( 'NONE',  ( -27.99999999999999645, 0.7010300192833449628, -8.370472325557665627 ) ) ;
#9224 = VERTEX_POINT ( 'NONE', #7903 ) ;
#9225 = EDGE_CURVE ( 'NONE', #504, #4790, #5750, .T. ) ;
#9226 = CARTESIAN_POINT ( 'NONE',  ( -27.97484916477863237, 0.7464853916816945878, -16.75686067225685960 ) ) ;
#9227 = ORIENTED_EDGE ( 'NONE', *, *, #6546, .T. ) ;
#9228 = AXIS2_PLACEMENT_3D ( 'NONE', #9272, #5004, #6322 ) ;
#9229 = FACE_OUTER_BOUND ( 'NONE', #8125, .T. ) ;
#9230 = ORIENTED_EDGE ( 'NONE', *, *, #4460, .T. ) ;
#9231 = DIRECTION ( 'NONE',  ( 0.000000000000000000, 0.000000000000000000, 1.000000000000000000 ) ) ;
#9232 = DIRECTION ( 'NONE',  ( -0.000000000000000000, 0.000000000000000000, 1.000000000000000000 ) ) ;
#9233 = AXIS2_PLACEMENT_3D ( 'NONE', #4975, #3599, #6431 ) ;
#9234 = EDGE_LOOP ( 'NONE', ( #7752, #3090, #1144, #5806 ) ) ;
#9235 = CARTESIAN_POINT ( 'NONE',  ( -29.92357158235014936, 3.931257441865486424, -19.51803119953387267 ) ) ;
#9236 = DIRECTION ( 'NONE',  ( 0.9444791243466057473, -0.3285714285714280702, 0.000000000000000000 ) ) ;
#9237 = CARTESIAN_POINT ( 'NONE',  ( -24.16256616465658169, 4.129377124539849397, -7.051768666493781090 ) ) ;
#9238 = VERTEX_POINT ( 'NONE', #624 ) ;
#9239 = CARTESIAN_POINT ( 'NONE',  ( 25.00000000000000355, 12.50000000000001599, -12.50000000000000000 ) ) ;
#9240 = CARTESIAN_POINT ( 'NONE',  ( -17.75000000000019540, 96.05957188241990252, -15.65739561406607372 ) ) ;
#9241 = ORIENTED_EDGE ( 'NONE', *, *, #9269, .F. ) ;
#9242 = AXIS2_PLACEMENT_3D ( 'NONE', #5249, #5910, #7457 ) ;
#9243 = VERTEX_POINT ( 'NONE', #4273 ) ;
#9244 = EDGE_CURVE ( 'NONE', #4737, #6673, #3594, .T. ) ;
#9245 = EDGE_CURVE ( 'NONE', #3093, #1115, #8396, .T. ) ;
#9246 = VERTEX_POINT ( 'NONE', #2905 ) ;
#9247 = VECTOR ( 'NONE', #7039, 1000.000000000000000 ) ;
#9248 = DIRECTION ( 'NONE',  ( 0.000000000000000000, -1.000000000000000000, 0.000000000000000000 ) ) ;
#9249 = AXIS2_PLACEMENT_3D ( 'NONE', #3318, #2027, #4163 ) ;
#9250 = CARTESIAN_POINT ( 'NONE',  ( -29.75355695817967216, 11.21680570071324290, -25.50000000000000711 ) ) ;
#9251 = DIRECTION ( 'NONE',  ( 1.000000000000000000, -2.312964634635742267E-15, 0.000000000000000000 ) ) ;
#9252 = EDGE_CURVE ( 'NONE', #7372, #2713, #2146, .T. ) ;
#9253 = ORIENTED_EDGE ( 'NONE', *, *, #6362, .F. ) ;
#9254 = CARTESIAN_POINT ( 'NONE',  ( 58.00000000000002132, 18.15685424949254312, -6.843145750507550140 ) ) ;
#9255 = ORIENTED_EDGE ( 'NONE', *, *, #7248, .T. ) ;
#9256 = VECTOR ( 'NONE', #6517, 1000.000000000000000 ) ;
#9257 = ORIENTED_EDGE ( 'NONE', *, *, #3133, .T. ) ;
#9258 = AXIS2_PLACEMENT_3D ( 'NONE', #2546, #6941, #5476 ) ;
#9259 = DIRECTION ( 'NONE',  ( 0.000000000000000000, 1.000000000000000000, 0.000000000000000000 ) ) ;
#9260 = CARTESIAN_POINT ( 'NONE',  ( -26.25000000000000355, 94.67022964293305165, -25.00000000000000000 ) ) ;
#9261 = CARTESIAN_POINT ( 'NONE',  ( -22.99999999999999645, 13.82287565553229136, -27.00000000000000355 ) ) ;
#9262 = VECTOR ( 'NONE', #300, 1000.000000000000000 ) ;
#9263 = VECTOR ( 'NONE', #1410, 1000.000000000000000 ) ;
#9264 = CARTESIAN_POINT ( 'NONE',  ( 28.00000000000000000, 12.50000000000001599, -12.50000000000000000 ) ) ;
#9265 = ORIENTED_EDGE ( 'NONE', *, *, #5411, .F. ) ;
#9266 = DIRECTION ( 'NONE',  ( 0.000000000000000000, 0.000000000000000000, 1.000000000000000000 ) ) ;
#9267 = CIRCLE ( 'NONE', #5677, 2.149999999999997247 ) ;
#9268 = DIRECTION ( 'NONE',  ( 1.613696256722611948E-15, -1.000000000000000000, 0.000000000000000000 ) ) ;
#9269 = EDGE_CURVE ( 'NONE', #4438, #7848, #1478, .T. ) ;
#9270 = LINE ( 'NONE', #2872, #7203 ) ;
#9271 = CARTESIAN_POINT ( 'NONE',  ( 29.96483770051921525, 3.870623137551726600, -19.13857553536561085 ) ) ;
#9272 = CARTESIAN_POINT ( 'NONE',  ( -5.773401785888006899, 51.10000000000000853, -128.1790850899541852 ) ) ;
#9273 = ORIENTED_EDGE ( 'NONE', *, *, #3635, .F. ) ;
#9274 = DIRECTION ( 'NONE',  ( -1.000000000000000000, 0.000000000000000000, 0.000000000000000000 ) ) ;
#9275 = ORIENTED_EDGE ( 'NONE', *, *, #3857, .F. ) ;
#9276 = AXIS2_PLACEMENT_3D ( 'NONE', #7003, #4217, #4078 ) ;
#9277 = DIRECTION ( 'NONE',  ( 1.000000000000000000, 1.734723475976807292E-15, -0.000000000000000000 ) ) ;
#9278 = ORIENTED_EDGE ( 'NONE', *, *, #1085, .F. ) ;
#9279 = VECTOR ( 'NONE', #7868, 1000.000000000000000 ) ;
#9280 = CARTESIAN_POINT ( 'NONE',  ( -23.99999999999999289, 19.20685424949229514, -18.15685424949224469 ) ) ;
#9281 = EDGE_CURVE ( 'NONE', #8880, #6033, #4943, .T. ) ;
#9282 = DIRECTION ( 'NONE',  ( -0.000000000000000000, 0.000000000000000000, 1.000000000000000000 ) ) ;
#9283 = VERTEX_POINT ( 'NONE', #4134 ) ;
#9284 = CARTESIAN_POINT ( 'NONE',  ( -28.13543178498592923, 2.499999999999976907, -21.78708781074870515 ) ) ;
#9285 = CARTESIAN_POINT ( 'NONE',  ( -5.663118960624838216, 96.44000000000002615, -15.65739561406607727 ) ) ;
#9286 = DIRECTION ( 'NONE',  ( 0.000000000000000000, 1.000000000000000000, 0.000000000000000000 ) ) ;
#9287 = AXIS2_PLACEMENT_3D ( 'NONE', #716, #808, #7860 ) ;
#9288 = DIRECTION ( 'NONE',  ( 0.4999999999999977796, 0.8660254037844398178, 0.000000000000000000 ) ) ;
#9289 = CYLINDRICAL_SURFACE ( 'NONE', #236, 2.000000000000001776 ) ;
#9290 = ORIENTED_EDGE ( 'NONE', *, *, #6075, .T. ) ;
#9291 = AXIS2_PLACEMENT_3D ( 'NONE', #9146, #8393, #7696 ) ;
#9292 = ORIENTED_EDGE ( 'NONE', *, *, #4599, .T. ) ;
#9293 = DIRECTION ( 'NONE',  ( -1.000000000000000000, 1.541976423090495387E-16, 0.000000000000000000 ) ) ;
#9294 = CIRCLE ( 'NONE', #6156, 2.000000000000004441 ) ;
#9295 = CIRCLE ( 'NONE', #8992, 1.049999999999998934 ) ;
ENDSEC;
END-ISO-10303-21;
