ISO-10303-21;
HEADER;
FILE_DESCRIPTION (( 'STEP AP203' ),
    '1' );
FILE_NAME ('按钮模型卡扣版.STEP',
    '2026-07-21T02:12:30',
    ( '' ),
    ( '' ),
    'SwSTEP 2.0',
    'SolidWorks 2021',
    '' );
FILE_SCHEMA (( 'CONFIG_CONTROL_DESIGN' ));
ENDSEC;

DATA;
#1 = CIRCLE ( 'NONE', #1082, 0.5000000000000004441 ) ;
#2 = DIRECTION ( 'NONE',  ( -0.000000000000000000, 1.000000000000000000, 0.000000000000000000 ) ) ;
#3 = EDGE_LOOP ( 'NONE', ( #786, #1298, #1354, #1176 ) ) ;
#4 = LINE ( 'NONE', #588, #964 ) ;
#5 = FACE_OUTER_BOUND ( 'NONE', #1263, .T. ) ;
#6 = EDGE_CURVE ( 'NONE', #1139, #916, #530, .T. ) ;
#7 = FACE_OUTER_BOUND ( 'NONE', #172, .T. ) ;
#8 =( LENGTH_UNIT ( ) NAMED_UNIT ( * ) SI_UNIT ( .MILLI., .METRE. ) );
#9 = DIRECTION ( 'NONE',  ( -0.000000000000000000, 0.000000000000000000, 1.000000000000000000 ) ) ;
#10 = DIRECTION ( 'NONE',  ( 0.7313537016191715701, 0.000000000000000000, 0.6819983600624973663 ) ) ;
#11 = EDGE_LOOP ( 'NONE', ( #1267, #750, #195, #75, #1317, #1166, #1000, #1163 ) ) ;
#12 = DIRECTION ( 'NONE',  ( 1.000000000000000000, -0.000000000000000000, -1.275531967630005245E-16 ) ) ;
#13 = CARTESIAN_POINT ( 'NONE',  ( -10.57478441384266610, -6.074210532870155888, 5.214245806238452019 ) ) ;
#14 = VECTOR ( 'NONE', #236, 1000.000000000000000 ) ;
#15 = LINE ( 'NONE', #163, #676 ) ;
#16 = AXIS2_PLACEMENT_3D ( 'NONE', #614, #1437, #250 ) ;
#17 = VECTOR ( 'NONE', #957, 1000.000000000000000 ) ;
#18 = EDGE_CURVE ( 'NONE', #542, #690, #1311, .T. ) ;
#19 = VECTOR ( 'NONE', #962, 1000.000000000000000 ) ;
#20 = CYLINDRICAL_SURFACE ( 'NONE', #701, 0.5000000000000004441 ) ;
#21 = CARTESIAN_POINT ( 'NONE',  ( 6.173192239858904529, -5.299999999999998934, 14.14003527336863186 ) ) ;
#22 = DIRECTION ( 'NONE',  ( 1.000000000000000000, 0.000000000000000000, 0.000000000000000000 ) ) ;
#23 = EDGE_LOOP ( 'NONE', ( #131, #809, #1411, #1276, #190, #347, #1242, #595 ) ) ;
#24 = CARTESIAN_POINT ( 'NONE',  ( -17.42680776014109156, -5.299999999999998934, 16.94003527336863613 ) ) ;
#25 = CARTESIAN_POINT ( 'NONE',  ( 1.673192239858905861, 5.200000000000000178, 7.540035273368637547 ) ) ;
#26 = ORIENTED_EDGE ( 'NONE', *, *, #555, .F. ) ;
#27 = DIRECTION ( 'NONE',  ( 5.595882180570345426E-17, 0.000000000000000000, 1.000000000000000000 ) ) ;
#28 = ORIENTED_EDGE ( 'NONE', *, *, #124, .F. ) ;
#29 = DIRECTION ( 'NONE',  ( -1.141265444721584004E-16, 0.000000000000000000, 1.000000000000000000 ) ) ;
#30 = VECTOR ( 'NONE', #981, 1000.000000000000000 ) ;
#31 = EDGE_CURVE ( 'NONE', #358, #1139, #4, .T. ) ;
#32 = PLANE ( 'NONE',  #523 ) ;
#33 = VERTEX_POINT ( 'NONE', #1179 ) ;
#34 = DIRECTION ( 'NONE',  ( 1.927470528863119049E-16, 0.000000000000000000, -1.000000000000000000 ) ) ;
#35 = CARTESIAN_POINT ( 'NONE',  ( -11.42680776014109156, 5.200000000000000178, -1.059964726631363652 ) ) ;
#36 = ORIENTED_EDGE ( 'NONE', *, *, #613, .F. ) ;
#37 = DIRECTION ( 'NONE',  ( 0.000000000000000000, -1.000000000000000000, -0.000000000000000000 ) ) ;
#38 = VERTEX_POINT ( 'NONE', #722 ) ;
#39 = CARTESIAN_POINT ( 'NONE',  ( 6.173192239858904529, -5.299999999999998934, 14.14003527336863186 ) ) ;
#40 = FACE_OUTER_BOUND ( 'NONE', #161, .T. ) ;
#41 = DIRECTION ( 'NONE',  ( -0.000000000000000000, -1.000000000000000000, -0.000000000000000000 ) ) ;
#42 = VECTOR ( 'NONE', #1451, 1000.000000000000000 ) ;
#43 = AXIS2_PLACEMENT_3D ( 'NONE', #835, #1083, #464 ) ;
#44 = CARTESIAN_POINT ( 'NONE',  ( -11.42680776014109334, 5.200000000000000178, -14.05996472663136387 ) ) ;
#45 = EDGE_LOOP ( 'NONE', ( #1004, #153, #1283, #566, #1371 ) ) ;
#46 = DIRECTION ( 'NONE',  ( 0.000000000000000000, 0.000000000000000000, -1.000000000000000000 ) ) ;
#47 = DIRECTION ( 'NONE',  ( 1.365923996832131856E-16, 0.000000000000000000, -1.000000000000000000 ) ) ;
#48 = ORIENTED_EDGE ( 'NONE', *, *, #139, .T. ) ;
#49 = EDGE_CURVE ( 'NONE', #1502, #873, #414, .T. ) ;
#50 = LINE ( 'NONE', #67, #176 ) ;
#51 = ORIENTED_EDGE ( 'NONE', *, *, #1533, .F. ) ;
#52 = VERTEX_POINT ( 'NONE', #940 ) ;
#53 = CYLINDRICAL_SURFACE ( 'NONE', #925, 1.000000000000000000 ) ;
#54 = CC_DESIGN_APPROVAL ( #1378, ( #107 ) ) ;
#55 = PERSON_AND_ORGANIZATION_ROLE ( 'design_supplier' ) ;
#56 = APPLICATION_CONTEXT ( 'configuration controlled 3d designs of mechanical parts and assemblies' ) ;
#57 = ORIENTED_EDGE ( 'NONE', *, *, #1290, .F. ) ;
#58 = DIRECTION ( 'NONE',  ( 0.000000000000000000, 1.000000000000000000, 0.000000000000000000 ) ) ;
#59 = DIRECTION ( 'NONE',  ( -1.141265444721584004E-16, -0.000000000000000000, 1.000000000000000000 ) ) ;
#60 = VERTEX_POINT ( 'NONE', #466 ) ;
#62 = EDGE_CURVE ( 'NONE', #440, #1206, #578, .T. ) ;
#61 = VECTOR ( 'NONE', #127, 1000.000000000000000 ) ;
#63 = SECURITY_CLASSIFICATION_LEVEL ( 'unclassified' ) ;
#64 = VECTOR ( 'NONE', #634, 1000.000000000000000 ) ;
#65 = CC_DESIGN_DATE_AND_TIME_ASSIGNMENT ( #1240, #1010, ( #937 ) ) ;
#66 = VECTOR ( 'NONE', #1289, 1000.000000000000000 ) ;
#67 = CARTESIAN_POINT ( 'NONE',  ( 6.573192239858903996, 5.200000000000000178, -14.05996472663136387 ) ) ;
#68 = ORIENTED_EDGE ( 'NONE', *, *, #1181, .T. ) ;
#69 = ORIENTED_EDGE ( 'NONE', *, *, #1533, .T. ) ;
#70 = CARTESIAN_POINT ( 'NONE',  ( 5.558664033460957832, -2.640999180031571303, 5.781034453399870543 ) ) ;
#71 = ORIENTED_EDGE ( 'NONE', *, *, #839, .F. ) ;
#72 = CARTESIAN_POINT ( 'NONE',  ( 4.573192239858905772, 5.200000000000000178, 4.140035273368636304 ) ) ;
#73 = CARTESIAN_POINT ( 'NONE',  ( -14.41227955374314718, -1.959000819969074270, 5.781034453399869655 ) ) ;
#74 = EDGE_CURVE ( 'NONE', #923, #891, #1, .T. ) ;
#75 = ORIENTED_EDGE ( 'NONE', *, *, #148, .T. ) ;
#76 = EDGE_LOOP ( 'NONE', ( #534, #966, #1386, #351, #894, #1331, #1145 ) ) ;
#77 = CARTESIAN_POINT ( 'NONE',  ( -11.42680776014109334, 3.700000000000000178, -11.25996472663136316 ) ) ;
#78 = EDGE_LOOP ( 'NONE', ( #316, #711, #1134, #1126, #193, #397, #336, #1419 ) ) ;
#79 = CLOSED_SHELL ( 'NONE', ( #1448, #1554, #1557, #1264, #1346, #729, #1033, #1447, #576, #331, #1491, #581, #1154, #1452, #166, #444, #1115, #1446, #1117, #707, #380, #234, #349, #430, #1512, #917, #725, #1150, #1009, #985, #948, #774, #694, #105, #1506, #953, #254, #599, #679, #1208, #1022, #98, #830, #334, #1165, #1021, #115 ) ) ;
#80 = APPROVAL_PERSON_ORGANIZATION ( #261, #1378, #1211 ) ;
#81 = LINE ( 'NONE', #943, #698 ) ;
#82 = CARTESIAN_POINT ( 'NONE',  ( -11.42680776014109334, 5.200000000000000178, -14.05996472663136387 ) ) ;
#83 = ORIENTED_EDGE ( 'NONE', *, *, #265, .F. ) ;
#84 = DIRECTION ( 'NONE',  ( 0.000000000000000000, 0.000000000000000000, 1.000000000000000000 ) ) ;
#85 = ORIENTED_EDGE ( 'NONE', *, *, #1268, .T. ) ;
#86 = DIRECTION ( 'NONE',  ( 0.000000000000000000, -1.000000000000000000, -0.000000000000000000 ) ) ;
#87 = DIRECTION ( 'NONE',  ( -1.116090471676254651E-16, -0.000000000000000000, -1.000000000000000000 ) ) ;
#88 = CIRCLE ( 'NONE', #493, 0.5000000000000000000 ) ;
#89 = PLANE ( 'NONE',  #498 ) ;
#90 = CIRCLE ( 'NONE', #16, 0.5000000000000004441 ) ;
#91 = ORIENTED_EDGE ( 'NONE', *, *, #1280, .T. ) ;
#92 = CIRCLE ( 'NONE', #1173, 0.5000000000000000000 ) ;
#93 = DIRECTION ( 'NONE',  ( -0.5504861112736039175, 0.5903240810329802857, 0.5903240810329802857 ) ) ;
#94 = VERTEX_POINT ( 'NONE', #282 ) ;
#95 = DIRECTION ( 'NONE',  ( 1.000000000000000000, 0.000000000000000000, 0.000000000000000000 ) ) ;
#96 = DIRECTION ( 'NONE',  ( 0.000000000000000000, 0.000000000000000000, 1.000000000000000000 ) ) ;
#97 = CC_DESIGN_DATE_AND_TIME_ASSIGNMENT ( #1090, #1334, ( #379 ) ) ;
#98 = ADVANCED_FACE ( 'NONE', ( #497 ), #861, .T. ) ;
#99 = DIRECTION ( 'NONE',  ( 1.000000000000000000, 0.000000000000000000, -1.334402673828313093E-16 ) ) ;
#100 = LINE ( 'NONE', #549, #445 ) ;
#101 = ORIENTED_EDGE ( 'NONE', *, *, #1287, .F. ) ;
#102 = FACE_OUTER_BOUND ( 'NONE', #1444, .T. ) ;
#103 = ORIENTED_EDGE ( 'NONE', *, *, #1359, .F. ) ;
#104 = CARTESIAN_POINT ( 'NONE',  ( -7.626807760141090853, 3.700000000000000178, 7.040035273368635771 ) ) ;
#105 = ADVANCED_FACE ( 'NONE', ( #504 ), #257, .T. ) ;
#106 = CARTESIAN_POINT ( 'NONE',  ( 0.000000000000000000, -5.299999999999998934, 0.000000000000000000 ) ) ;
#107 = PRODUCT_DEFINITION_FORMATION_WITH_SPECIFIED_SOURCE ( '任何', '', #1079, .NOT_KNOWN. ) ;
#108 = DIRECTION ( 'NONE',  ( 0.000000000000000000, 0.000000000000000000, 1.000000000000000000 ) ) ;
#109 = EDGE_CURVE ( 'NONE', #1015, #1139, #1332, .T. ) ;
#110 = ORIENTED_EDGE ( 'NONE', *, *, #1076, .T. ) ;
#111 = DIRECTION ( 'NONE',  ( 0.000000000000000000, 1.000000000000000000, 0.000000000000000000 ) ) ;
#112 = ORIENTED_EDGE ( 'NONE', *, *, #128, .F. ) ;
#113 = DIRECTION ( 'NONE',  ( -1.000000000000000000, 0.000000000000000000, 7.228014483236695816E-17 ) ) ;
#114 = FACE_OUTER_BOUND ( 'NONE', #3, .T. ) ;
#115 = ADVANCED_FACE ( 'NONE', ( #144 ), #388, .T. ) ;
#116 = EDGE_CURVE ( 'NONE', #94, #1059, #1110, .T. ) ;
#117 = DIRECTION ( 'NONE',  ( -1.275531967630005245E-16, 0.000000000000000000, -1.000000000000000000 ) ) ;
#118 = ORIENTED_EDGE ( 'NONE', *, *, #1425, .T. ) ;
#119 = EDGE_CURVE ( 'NONE', #1291, #178, #1207, .T. ) ;
#120 = VECTOR ( 'NONE', #1182, 1000.000000000000114 ) ;
#121 = CARTESIAN_POINT ( 'NONE',  ( -17.42680776014108801, -5.299999999999998934, -1.059964726631363652 ) ) ;
#122 = VERTEX_POINT ( 'NONE', #626 ) ;
#123 = VECTOR ( 'NONE', #545, 1000.000000000000000 ) ;
#124 = EDGE_CURVE ( 'NONE', #647, #1252, #1119, .T. ) ;
#125 = DIRECTION ( 'NONE',  ( -1.000000000000000000, 0.000000000000000000, 2.551063935260010491E-16 ) ) ;
#126 = AXIS2_PLACEMENT_3D ( 'NONE', #1200, #2, #215 ) ;
#127 = DIRECTION ( 'NONE',  ( -1.141265444721583757E-16, 0.000000000000000000, 1.000000000000000000 ) ) ;
#128 = EDGE_CURVE ( 'NONE', #514, #625, #1102, .T. ) ;
#129 = ORIENTED_EDGE ( 'NONE', *, *, #1329, .F. ) ;
#130 = DIRECTION ( 'NONE',  ( -1.000000000000000000, -0.000000000000000000, -0.000000000000000000 ) ) ;
#131 = ORIENTED_EDGE ( 'NONE', *, *, #593, .F. ) ;
#132 = CARTESIAN_POINT ( 'NONE',  ( 5.424340884270542951, -2.300000000000322675, 5.636990511176091623 ) ) ;
#133 = DESIGN_CONTEXT ( 'detailed design', #56, 'design' ) ;
#134 = CARTESIAN_POINT ( 'NONE',  ( 4.573192239858905772, 3.700000000000000178, 4.140035273368636304 ) ) ;
#135 = APPROVAL_ROLE ( '' ) ;
#136 = DIRECTION ( 'NONE',  ( 0.000000000000000000, 0.000000000000000000, 1.000000000000000000 ) ) ;
#137 = ORIENTED_EDGE ( 'NONE', *, *, #1359, .T. ) ;
#138 = LINE ( 'NONE', #751, #888 ) ;
#139 = EDGE_CURVE ( 'NONE', #816, #1186, #1216, .T. ) ;
#140 = CARTESIAN_POINT ( 'NONE',  ( 4.073192239858904884, 3.700000000000000178, 7.540035273368636659 ) ) ;
#141 = CALENDAR_DATE ( 2026, 21, 7 ) ;
#142 = CARTESIAN_POINT ( 'NONE',  ( 6.173192239858905417, -1.300000000000322675, 6.440035273368621915 ) ) ;
#143 = ORIENTED_EDGE ( 'NONE', *, *, #235, .T. ) ;
#144 = FACE_OUTER_BOUND ( 'NONE', #1025, .T. ) ;
#145 = FACE_OUTER_BOUND ( 'NONE', #1224, .T. ) ;
#146 = VECTOR ( 'NONE', #1383, 1000.000000000000000 ) ;
#147 = ORIENTED_EDGE ( 'NONE', *, *, #1368, .F. ) ;
#148 = EDGE_CURVE ( 'NONE', #1362, #1384, #361, .T. ) ;
#149 = CIRCLE ( 'NONE', #126, 0.5000000000000004441 ) ;
#150 = EDGE_CURVE ( 'NONE', #1121, #1291, #1005, .T. ) ;
#151 = DIRECTION ( 'NONE',  ( 0.000000000000000000, 0.000000000000000000, 1.000000000000000000 ) ) ;
#152 = CARTESIAN_POINT ( 'NONE',  ( -0.8268077601410921407, 3.700000000000000178, 0.7400352733686356155 ) ) ;
#153 = ORIENTED_EDGE ( 'NONE', *, *, #1368, .T. ) ;
#154 = PLANE ( 'NONE',  #1087 ) ;
#155 = CARTESIAN_POINT ( 'NONE',  ( -15.42680776014109156, 3.199999999999999734, 0.000000000000000000 ) ) ;
#156 = ORIENTED_EDGE ( 'NONE', *, *, #74, .F. ) ;
#157 = EDGE_CURVE ( 'NONE', #240, #1199, #1482, .T. ) ;
#158 = CARTESIAN_POINT ( 'NONE',  ( -14.41227955374314718, -1.959000819969074270, 5.781034453399869655 ) ) ;
#159 = VECTOR ( 'NONE', #34, 1000.000000000000000 ) ;
#160 = LINE ( 'NONE', #1116, #548 ) ;
#161 = EDGE_LOOP ( 'NONE', ( #735, #103, #328, #57 ) ) ;
#162 = DIRECTION ( 'NONE',  ( 1.000000000000000000, 0.000000000000000000, -1.084202172485504434E-16 ) ) ;
#163 = CARTESIAN_POINT ( 'NONE',  ( 8.573192239858903108, 3.199999999999999734, -14.05996472663136387 ) ) ;
#164 = CARTESIAN_POINT ( 'NONE',  ( -15.02680776014109476, -5.299999999999998934, 14.14003527336863186 ) ) ;
#165 = EDGE_CURVE ( 'NONE', #33, #440, #138, .T. ) ;
#166 = ADVANCED_FACE ( 'NONE', ( #619 ), #154, .T. ) ;
#167 = DIRECTION ( 'NONE',  ( 0.000000000000000000, 0.000000000000000000, 1.000000000000000000 ) ) ;
#168 = EDGE_CURVE ( 'NONE', #762, #418, #1363, .T. ) ;
#169 = EDGE_LOOP ( 'NONE', ( #1505, #1514, #143, #944 ) ) ;
#170 = CARTESIAN_POINT ( 'NONE',  ( -11.42680776014109334, 3.199999999999999734, -12.05996472663136387 ) ) ;
#171 = DIRECTION ( 'NONE',  ( -0.000000000000000000, -1.000000000000000000, -0.000000000000000000 ) ) ;
#172 = EDGE_LOOP ( 'NONE', ( #803, #137, #1034, #878 ) ) ;
#173 = CIRCLE ( 'NONE', #1270, 0.4999999999999995559 ) ;
#174 = VECTOR ( 'NONE', #856, 1000.000000000000114 ) ;
#175 = AXIS2_PLACEMENT_3D ( 'NONE', #1459, #266, #385 ) ;
#176 = VECTOR ( 'NONE', #680, 1000.000000000000000 ) ;
#177 = DIRECTION ( 'NONE',  ( 0.000000000000000000, -1.000000000000000000, 0.000000000000000000 ) ) ;
#178 = VERTEX_POINT ( 'NONE', #512 ) ;
#179 = EDGE_LOOP ( 'NONE', ( #1434, #790, #1310, #503 ) ) ;
#180 = CARTESIAN_POINT ( 'NONE',  ( 5.424340884270543839, -2.300000000000322675, 0.4400352733686219708 ) ) ;
#181 = LINE ( 'NONE', #1019, #123 ) ;
#182 = ORIENTED_EDGE ( 'NONE', *, *, #502, .T. ) ;
#183 = ORIENTED_EDGE ( 'NONE', *, *, #287, .T. ) ;
#184 = DIRECTION ( 'NONE',  ( 1.334402673828313093E-16, 0.000000000000000000, 1.000000000000000000 ) ) ;
#185 = ORIENTED_EDGE ( 'NONE', *, *, #423, .F. ) ;
#186 = ORIENTED_EDGE ( 'NONE', *, *, #488, .F. ) ;
#187 = FACE_OUTER_BOUND ( 'NONE', #732, .T. ) ;
#188 = ORGANIZATION ( '未指定', '未指定', '' ) ;
#189 = DIRECTION ( 'NONE',  ( -0.000000000000000000, -1.000000000000000000, -0.000000000000000000 ) ) ;
#190 = ORIENTED_EDGE ( 'NONE', *, *, #31, .T. ) ;
#191 = EDGE_CURVE ( 'NONE', #675, #1537, #1094, .T. ) ;
#192 = CARTESIAN_POINT ( 'NONE',  ( -14.41227955374314718, -2.640999180031570415, 1.099036093337370623 ) ) ;
#193 = ORIENTED_EDGE ( 'NONE', *, *, #1229, .F. ) ;
#194 = CARTESIAN_POINT ( 'NONE',  ( 5.424340884270542951, -2.428109873273670782, 5.636990511176092511 ) ) ;
#195 = ORIENTED_EDGE ( 'NONE', *, *, #212, .F. ) ;
#196 = AXIS2_PLACEMENT_3D ( 'NONE', #570, #1516, #708 ) ;
#197 = EDGE_CURVE ( 'NONE', #314, #618, #663, .T. ) ;
#198 = APPROVAL_ROLE ( '' ) ;
#199 = VECTOR ( 'NONE', #559, 1000.000000000000000 ) ;
#200 = AXIS2_PLACEMENT_3D ( 'NONE', #795, #785, #552 ) ;
#201 = LINE ( 'NONE', #1040, #677 ) ;
#202 = ORIENTED_EDGE ( 'NONE', *, *, #490, .T. ) ;
#203 = CARTESIAN_POINT ( 'NONE',  ( 5.558664033460958720, -1.959000819969074270, 1.099036093337373510 ) ) ;
#204 = ORIENTED_EDGE ( 'NONE', *, *, #537, .T. ) ;
#205 = CARTESIAN_POINT ( 'NONE',  ( -11.42680776014109334, 5.200000000000000178, -12.05996472663136387 ) ) ;
#206 = CARTESIAN_POINT ( 'NONE',  ( -17.42680776014109156, 3.199999999999999734, 16.94003527336863613 ) ) ;
#207 = PLANE ( 'NONE',  #700 ) ;
#208 = ORIENTED_EDGE ( 'NONE', *, *, #1535, .F. ) ;
#209 = FACE_OUTER_BOUND ( 'NONE', #635, .T. ) ;
#210 = VERTEX_POINT ( 'NONE', #527 ) ;
#211 = CARTESIAN_POINT ( 'NONE',  ( -7.126807760141091741, 5.200000000000000178, 7.040035273368635771 ) ) ;
#212 = EDGE_CURVE ( 'NONE', #1362, #891, #1013, .T. ) ;
#213 = PLANE ( 'NONE',  #1453 ) ;
#214 = ORIENTED_EDGE ( 'NONE', *, *, #1379, .T. ) ;
#215 = DIRECTION ( 'NONE',  ( 0.000000000000000000, 0.000000000000000000, 1.000000000000000000 ) ) ;
#216 = EDGE_CURVE ( 'NONE', #1285, #38, #454, .T. ) ;
#217 = EDGE_LOOP ( 'NONE', ( #356, #819, #476, #980 ) ) ;
#218 = DIRECTION ( 'NONE',  ( -1.000000000000000000, 0.000000000000000000, -0.000000000000000000 ) ) ;
#219 = CARTESIAN_POINT ( 'NONE',  ( -14.41227955374314895, -2.640999180031570859, 14.14003527336863186 ) ) ;
#220 = AXIS2_PLACEMENT_3D ( 'NONE', #733, #241, #125 ) ;
#221 = ORIENTED_EDGE ( 'NONE', *, *, #1049, .T. ) ;
#222 = VECTOR ( 'NONE', #184, 1000.000000000000000 ) ;
#223 = FACE_OUTER_BOUND ( 'NONE', #1074, .T. ) ;
#224 = VECTOR ( 'NONE', #814, 1000.000000000000000 ) ;
#225 = EDGE_LOOP ( 'NONE', ( #112, #666, #326, #939 ) ) ;
#226 = CARTESIAN_POINT ( 'NONE',  ( 0.000000000000000000, 3.199999999999999734, 14.94003527336863613 ) ) ;
#227 = DIRECTION ( 'NONE',  ( 0.7313537016191716811, 0.6819983600624972553, 8.346687075271805953E-17 ) ) ;
#228 = CYLINDRICAL_SURFACE ( 'NONE', #196, 1.000000000000000888 ) ;
#229 = CARTESIAN_POINT ( 'NONE',  ( 6.573192239858903996, 5.200000000000000178, -12.05996472663136387 ) ) ;
#230 = ORIENTED_EDGE ( 'NONE', *, *, #889, .T. ) ;
#231 = CARTESIAN_POINT ( 'NONE',  ( -17.42680776014109156, 3.199999999999999734, 16.94003527336863613 ) ) ;
#232 = ORIENTED_EDGE ( 'NONE', *, *, #933, .T. ) ;
#233 = LINE ( 'NONE', #134, #346 ) ;
#234 = ADVANCED_FACE ( 'NONE', ( #1039 ), #1296, .F. ) ;
#235 = EDGE_CURVE ( 'NONE', #418, #1178, #81, .T. ) ;
#236 = DIRECTION ( 'NONE',  ( -1.000000000000000000, -0.000000000000000000, -0.000000000000000000 ) ) ;
#237 = CYLINDRICAL_SURFACE ( 'NONE', #781, 1.999999999999999112 ) ;
#238 = EDGE_LOOP ( 'NONE', ( #742, #232, #147, #865 ) ) ;
#239 = DIRECTION ( 'NONE',  ( 1.000000000000000000, 0.000000000000000000, -0.000000000000000000 ) ) ;
#240 = VERTEX_POINT ( 'NONE', #1421 ) ;
#241 = DIRECTION ( 'NONE',  ( -2.551063935260010491E-16, 0.000000000000000000, -1.000000000000000000 ) ) ;
#242 = DIRECTION ( 'NONE',  ( 1.445602896647339163E-16, 1.293430319748284574E-32, -1.000000000000000000 ) ) ;
#243 = EDGE_LOOP ( 'NONE', ( #1055, #202, #828, #479, #1344, #366, #68, #784 ) ) ;
#244 = VECTOR ( 'NONE', #508, 1000.000000000000000 ) ;
#245 = CARTESIAN_POINT ( 'NONE',  ( 6.173192239858906305, -1.300000000000322675, 0.4400352733686220819 ) ) ;
#246 = ORIENTED_EDGE ( 'NONE', *, *, #119, .T. ) ;
#247 = CARTESIAN_POINT ( 'NONE',  ( 5.471293309980718611, -2.052694450001499860, 5.687340823367443399 ) ) ;
#248 = DIRECTION ( 'NONE',  ( -0.5504861112736035844, 0.5903240810329805077, -0.5903240810329805077 ) ) ;
#249 = VECTOR ( 'NONE', #1558, 1000.000000000000000 ) ;
#250 = DIRECTION ( 'NONE',  ( 0.000000000000000000, 0.000000000000000000, 1.000000000000000000 ) ) ;
#251 = VECTOR ( 'NONE', #1480, 1000.000000000000000 ) ;
#252 = EDGE_CURVE ( 'NONE', #1519, #1490, #1398, .T. ) ;
#253 = PERSON_AND_ORGANIZATION ( #584, #188 ) ;
#254 = ADVANCED_FACE ( 'NONE', ( #1306 ), #228, .F. ) ;
#255 = DIRECTION ( 'NONE',  ( 0.000000000000000000, -0.000000000000000000, -1.000000000000000000 ) ) ;
#256 = ORIENTED_EDGE ( 'NONE', *, *, #1492, .T. ) ;
#257 = CYLINDRICAL_SURFACE ( 'NONE', #912, 2.000000000000000000 ) ;
#258 = CARTESIAN_POINT ( 'NONE',  ( -15.02680776014109476, -5.299999999999998934, 14.14003527336863186 ) ) ;
#259 = DIRECTION ( 'NONE',  ( -1.000000000000000000, 0.000000000000000000, 0.000000000000000000 ) ) ;
#260 = DIRECTION ( 'NONE',  ( -0.6819983600624972553, 0.7313537016191716811, 0.000000000000000000 ) ) ;
#261 = PERSON_AND_ORGANIZATION ( #584, #188 ) ;
#262 = LINE ( 'NONE', #1449, #1128 ) ;
#263 = ORIENTED_EDGE ( 'NONE', *, *, #285, .F. ) ;
#264 = DIRECTION ( 'NONE',  ( 0.6819983600624972553, 0.7313537016191716811, 0.000000000000000000 ) ) ;
#265 = EDGE_CURVE ( 'NONE', #1502, #843, #322, .T. ) ;
#266 = DIRECTION ( 'NONE',  ( 0.000000000000000000, -1.000000000000000000, -0.000000000000000000 ) ) ;
#267 = CARTESIAN_POINT ( 'NONE',  ( 0.000000000000000000, 0.000000000000000000, 0.000000000000000000 ) ) ;
#268 = CARTESIAN_POINT ( 'NONE',  ( -15.42680776014109156, 5.200000000000000178, 16.94003527336863613 ) ) ;
#269 = EDGE_CURVE ( 'NONE', #1017, #240, #173, .T. ) ;
#270 = EDGE_LOOP ( 'NONE', ( #770, #416, #687, #221, #929 ) ) ;
#271 = DIRECTION ( 'NONE',  ( 1.000000000000000000, -0.000000000000000000, -1.275531967630005245E-16 ) ) ;
#272 = EDGE_CURVE ( 'NONE', #789, #290, #1020, .T. ) ;
#273 = DIRECTION ( 'NONE',  ( -1.365923996832131856E-16, -0.000000000000000000, 1.000000000000000000 ) ) ;
#274 = CIRCLE ( 'NONE', #1146, 0.4999999999999995559 ) ;
#275 = ORIENTED_EDGE ( 'NONE', *, *, #639, .F. ) ;
#276 = VECTOR ( 'NONE', #1461, 1000.000000000000000 ) ;
#277 = EDGE_CURVE ( 'NONE', #883, #1259, #1475, .T. ) ;
#278 = MECHANICAL_CONTEXT ( 'NONE', #813, 'mechanical' ) ;
#279 = CARTESIAN_POINT ( 'NONE',  ( -1.326807760141092585, 5.200000000000000178, 0.7400352733686356155 ) ) ;
#280 = DIRECTION ( 'NONE',  ( 0.6819983600624970332, 0.000000000000000000, 0.7313537016191717921 ) ) ;
#281 = ORIENTED_EDGE ( 'NONE', *, *, #1231, .F. ) ;
#282 = CARTESIAN_POINT ( 'NONE',  ( -17.42680776014109156, 3.199999999999999734, -1.059964726631363208 ) ) ;
#283 = DIRECTION ( 'NONE',  ( -0.000000000000000000, -0.000000000000000000, -1.000000000000000000 ) ) ;
#284 = ORIENTED_EDGE ( 'NONE', *, *, #1278, .T. ) ;
#285 = EDGE_CURVE ( 'NONE', #122, #1257, #1226, .T. ) ;
#286 = EDGE_CURVE ( 'NONE', #931, #1292, #1255, .T. ) ;
#287 = EDGE_CURVE ( 'NONE', #364, #210, #339, .T. ) ;
#288 = DIRECTION ( 'NONE',  ( 0.000000000000000000, 0.000000000000000000, 1.000000000000000000 ) ) ;
#289 = DIRECTION ( 'NONE',  ( 1.000000000000000000, 0.000000000000000000, 0.000000000000000000 ) ) ;
#290 = VERTEX_POINT ( 'NONE', #1143 ) ;
#291 = CARTESIAN_POINT ( 'NONE',  ( 0.000000000000000000, 3.199999999999999734, -12.05996472663136387 ) ) ;
#292 = CARTESIAN_POINT ( 'NONE',  ( 4.573192239858905772, 5.200000000000000178, 4.640035273368635416 ) ) ;
#293 = ORIENTED_EDGE ( 'NONE', *, *, #317, .F. ) ;
#294 = CARTESIAN_POINT ( 'NONE',  ( 4.573192239858905772, 3.700000000000000178, 7.040035273368636659 ) ) ;
#295 = FACE_OUTER_BOUND ( 'NONE', #860, .T. ) ;
#296 = ORIENTED_EDGE ( 'NONE', *, *, #1415, .F. ) ;
#297 = ORIENTED_EDGE ( 'NONE', *, *, #1313, .T. ) ;
#298 = CARTESIAN_POINT ( 'NONE',  ( 1.673192239858905639, 5.200000000000000178, 7.040035273368637547 ) ) ;
#299 = VECTOR ( 'NONE', #248, 1000.000000000000114 ) ;
#300 = VECTOR ( 'NONE', #788, 1000.000000000000000 ) ;
#301 = APPROVAL_STATUS ( 'not_yet_approved' ) ;
#302 = CIRCLE ( 'NONE', #1174, 0.4999999999999995559 ) ;
#303 = DIRECTION ( 'NONE',  ( -0.000000000000000000, 1.000000000000000000, -0.000000000000000000 ) ) ;
#304 = LINE ( 'NONE', #1507, #1304 ) ;
#305 = EDGE_CURVE ( 'NONE', #891, #1358, #100, .T. ) ;
#306 = ORIENTED_EDGE ( 'NONE', *, *, #1396, .T. ) ;
#307 = DIRECTION ( 'NONE',  ( 0.000000000000000000, 1.000000000000000000, 0.000000000000000000 ) ) ;
#308 = LINE ( 'NONE', #1266, #777 ) ;
#309 = EDGE_LOOP ( 'NONE', ( #1545, #281, #333, #1144 ) ) ;
#310 = COORDINATED_UNIVERSAL_TIME_OFFSET ( 8, 0, .AHEAD. ) ;
#311 = CARTESIAN_POINT ( 'NONE',  ( -11.42680776014109334, -5.299999999999998934, -14.05996472663136387 ) ) ;
#312 = AXIS2_PLACEMENT_3D ( 'NONE', #760, #997, #264 ) ;
#313 = ORIENTED_EDGE ( 'NONE', *, *, #975, .F. ) ;
#314 = VERTEX_POINT ( 'NONE', #205 ) ;
#315 = CARTESIAN_POINT ( 'NONE',  ( -11.42680776014109334, -5.299999999999998934, -11.25996472663136316 ) ) ;
#316 = ORIENTED_EDGE ( 'NONE', *, *, #191, .F. ) ;
#317 = EDGE_CURVE ( 'NONE', #1257, #1108, #684, .T. ) ;
#318 = DIRECTION ( 'NONE',  ( 1.000000000000000000, 0.000000000000000000, 0.000000000000000000 ) ) ;
#319 = VERTEX_POINT ( 'NONE', #823 ) ;
#320 = CYLINDRICAL_SURFACE ( 'NONE', #200, 0.5000000000000004441 ) ;
#321 = VERTEX_POINT ( 'NONE', #600 ) ;
#322 = LINE ( 'NONE', #437, #120 ) ;
#323 = CIRCLE ( 'NONE', #1050, 1.000000000000000000 ) ;
#324 = AXIS2_PLACEMENT_3D ( 'NONE', #1372, #1054, #1410 ) ;
#325 = CARTESIAN_POINT ( 'NONE',  ( -14.41227955374314895, -1.959000819969073826, 14.14003527336863186 ) ) ;
#326 = ORIENTED_EDGE ( 'NONE', *, *, #1277, .T. ) ;
#327 = CARTESIAN_POINT ( 'NONE',  ( 6.173192239858906305, -1.300000000000322675, 0.4400352733686220819 ) ) ;
#328 = ORIENTED_EDGE ( 'NONE', *, *, #272, .F. ) ;
#329 = DIRECTION ( 'NONE',  ( 0.000000000000000000, 1.000000000000000000, 0.000000000000000000 ) ) ;
#330 = EDGE_CURVE ( 'NONE', #1259, #409, #724, .T. ) ;
#331 = ADVANCED_FACE ( 'NONE', ( #7 ), #1439, .F. ) ;
#332 = FACE_OUTER_BOUND ( 'NONE', #1246, .T. ) ;
#333 = ORIENTED_EDGE ( 'NONE', *, *, #1508, .T. ) ;
#334 = ADVANCED_FACE ( 'NONE', ( #1071 ), #1188, .T. ) ;
#335 = CARTESIAN_POINT ( 'NONE',  ( -15.42680776014109156, 5.200000000000000178, -1.059964726631363430 ) ) ;
#336 = ORIENTED_EDGE ( 'NONE', *, *, #235, .F. ) ;
#337 = CARTESIAN_POINT ( 'NONE',  ( 5.558664033460957832, -2.640999180031571303, 5.781034453399870543 ) ) ;
#338 = LINE ( 'NONE', #806, #224 ) ;
#339 = LINE ( 'NONE', #219, #567 ) ;
#340 = EDGE_LOOP ( 'NONE', ( #428, #657, #659, #36 ) ) ;
#341 = FACE_OUTER_BOUND ( 'NONE', #217, .T. ) ;
#342 = EDGE_LOOP ( 'NONE', ( #703, #1315, #792, #1118 ) ) ;
#343 = CARTESIAN_POINT ( 'NONE',  ( 6.573192239858905772, 5.200000000000000178, 14.94003527336863613 ) ) ;
#344 = VECTOR ( 'NONE', #303, 1000.000000000000000 ) ;
#345 = FACE_OUTER_BOUND ( 'NONE', #608, .T. ) ;
#346 = VECTOR ( 'NONE', #1326, 1000.000000000000000 ) ;
#347 = ORIENTED_EDGE ( 'NONE', *, *, #6, .T. ) ;
#348 = VECTOR ( 'NONE', #913, 1000.000000000000000 ) ;
#349 = ADVANCED_FACE ( 'NONE', ( #1430 ), #968, .T. ) ;
#350 = LINE ( 'NONE', #231, #399 ) ;
#351 = ORIENTED_EDGE ( 'NONE', *, *, #1492, .F. ) ;
#352 = CC_DESIGN_PERSON_AND_ORGANIZATION_ASSIGNMENT ( #1221, #654, ( #107 ) ) ;
#353 = FACE_OUTER_BOUND ( 'NONE', #1339, .T. ) ;
#354 = CARTESIAN_POINT ( 'NONE',  ( -15.42680776014109156, 5.200000000000000178, 14.94003527336863613 ) ) ;
#355 = CARTESIAN_POINT ( 'NONE',  ( -11.42680776014109334, -5.299999999999998934, -11.25996472663136316 ) ) ;
#356 = ORIENTED_EDGE ( 'NONE', *, *, #787, .F. ) ;
#357 = CARTESIAN_POINT ( 'NONE',  ( 8.573192239858904884, 5.200000000000000178, 14.94003527336863613 ) ) ;
#358 = VERTEX_POINT ( 'NONE', #717 ) ;
#359 = CARTESIAN_POINT ( 'NONE',  ( -14.02680776014109298, 2.700000000000001066, -1.059964726631362764 ) ) ;
#360 = DIRECTION ( 'NONE',  ( 0.000000000000000000, 1.000000000000000000, -0.000000000000000000 ) ) ;
#361 = CIRCLE ( 'NONE', #407, 0.5000000000000004441 ) ;
#362 = EDGE_CURVE ( 'NONE', #587, #463, #924, .T. ) ;
#363 = LINE ( 'NONE', #448, #952 ) ;
#364 = VERTEX_POINT ( 'NONE', #772 ) ;
#365 = CARTESIAN_POINT ( 'NONE',  ( -7.126807760141092629, 3.700000000000000178, 1.240035273368635504 ) ) ;
#366 = ORIENTED_EDGE ( 'NONE', *, *, #362, .T. ) ;
#367 = CARTESIAN_POINT ( 'NONE',  ( 5.173192239858908081, 2.700000000000001066, -11.25996472663136316 ) ) ;
#368 = CARTESIAN_POINT ( 'NONE',  ( -7.126807760141091741, 5.200000000000000178, 7.540035273368636659 ) ) ;
#369 = PERSON_AND_ORGANIZATION_ROLE ( 'creator' ) ;
#370 = AXIS2_PLACEMENT_3D ( 'NONE', #1305, #227, #260 ) ;
#371 = AXIS2_PLACEMENT_3D ( 'NONE', #879, #1367, #27 ) ;
#372 = DIRECTION ( 'NONE',  ( 5.595882180570345426E-17, -0.000000000000000000, 1.000000000000000000 ) ) ;
#373 = ORIENTED_EDGE ( 'NONE', *, *, #539, .F. ) ;
#374 = PLANE ( 'NONE',  #494 ) ;
#375 = AXIS2_PLACEMENT_3D ( 'NONE', #872, #10, #734 ) ;
#376 = EDGE_CURVE ( 'NONE', #597, #1362, #1091, .T. ) ;
#377 =( NAMED_UNIT ( * ) SI_UNIT ( $, .STERADIAN. ) SOLID_ANGLE_UNIT ( ) );
#378 = LINE ( 'NONE', #517, #174 ) ;
#379 = PRODUCT_DEFINITION ( '未知', '', #107, #133 ) ;
#380 = ADVANCED_FACE ( 'NONE', ( #637 ), #1212, .F. ) ;
#381 = DIRECTION ( 'NONE',  ( 1.000000000000000000, 0.000000000000000000, 1.365923996832131856E-16 ) ) ;
#382 = ORIENTED_EDGE ( 'NONE', *, *, #905, .F. ) ;
#383 = CARTESIAN_POINT ( 'NONE',  ( 8.573192239858904884, 5.200000000000000178, 16.94003527336863613 ) ) ;
#384 = FACE_OUTER_BOUND ( 'NONE', #23, .T. ) ;
#385 = DIRECTION ( 'NONE',  ( 0.000000000000000000, 0.000000000000000000, 1.000000000000000000 ) ) ;
#386 = CARTESIAN_POINT ( 'NONE',  ( 4.573192239858905772, 5.200000000000000178, 7.540035273368636659 ) ) ;
#387 = ORIENTED_EDGE ( 'NONE', *, *, #216, .F. ) ;
#388 = CYLINDRICAL_SURFACE ( 'NONE', #1488, 0.5000000000000004441 ) ;
#389 = PLANE ( 'NONE',  #897 ) ;
#390 = CARTESIAN_POINT ( 'NONE',  ( 5.471293309980719499, -2.052694450001500304, 1.192729723369799766 ) ) ;
#391 = LINE ( 'NONE', #1353, #926 ) ;
#392 = VERTEX_POINT ( 'NONE', #279 ) ;
#393 = CARTESIAN_POINT ( 'NONE',  ( 6.173192239858906305, -1.300000000000322675, 0.4400352733686220819 ) ) ;
#394 = DIRECTION ( 'NONE',  ( 0.000000000000000000, 0.000000000000000000, 1.000000000000000000 ) ) ;
#395 = EDGE_CURVE ( 'NONE', #178, #843, #524, .T. ) ;
#396 = VECTOR ( 'NONE', #1356, 1000.000000000000000 ) ;
#397 = ORIENTED_EDGE ( 'NONE', *, *, #1230, .T. ) ;
#398 = EDGE_CURVE ( 'NONE', #364, #1184, #378, .T. ) ;
#399 = VECTOR ( 'NONE', #130, 1000.000000000000000 ) ;
#400 = DATE_AND_TIME ( #1001, #1159 ) ;
#401 = DIRECTION ( 'NONE',  ( -1.000000000000000000, -0.000000000000000000, -0.000000000000000000 ) ) ;
#402 = ORIENTED_EDGE ( 'NONE', *, *, #1051, .T. ) ;
#403 = CARTESIAN_POINT ( 'NONE',  ( -0.8268077601410913635, 3.700000000000000178, 7.540035273368635771 ) ) ;
#404 = CARTESIAN_POINT ( 'NONE',  ( -15.02680776014109476, -5.299999999999998934, 14.14003527336863186 ) ) ;
#405 = ORIENTED_EDGE ( 'NONE', *, *, #934, .T. ) ;
#406 = PERSON_AND_ORGANIZATION_ROLE ( 'classification_officer' ) ;
#407 = AXIS2_PLACEMENT_3D ( 'NONE', #988, #1463, #1345 ) ;
#408 = CARTESIAN_POINT ( 'NONE',  ( 4.073192239858904884, 5.200000000000000178, 7.540035273368636659 ) ) ;
#409 = VERTEX_POINT ( 'NONE', #1478 ) ;
#410 = DIRECTION ( 'NONE',  ( -1.445602896647339163E-16, 0.000000000000000000, 1.000000000000000000 ) ) ;
#411 = LINE ( 'NONE', #404, #1048 ) ;
#412 = ORIENTED_EDGE ( 'NONE', *, *, #999, .F. ) ;
#413 = EDGE_CURVE ( 'NONE', #647, #931, #740, .T. ) ;
#414 =( BOUNDED_CURVE ( )  B_SPLINE_CURVE ( 3, ( #1324, #247, #1202, #132 ),
 .UNSPECIFIED., .F., .F. ) 
 B_SPLINE_CURVE_WITH_KNOTS ( ( 4, 4 ),
 ( 5.532693728822025925, 6.283185307179586232 ),
 .UNSPECIFIED. ) 
 CURVE ( )  GEOMETRIC_REPRESENTATION_ITEM ( )  RATIONAL_B_SPLINE_CURVE ( ( 1.000000000000000000, 0.9536117119880165305, 0.9536117119880165305, 1.000000000000000000 ) ) 
 REPRESENTATION_ITEM ( '' )  );
#415 = CARTESIAN_POINT ( 'NONE',  ( 8.573192239858904884, -5.299999999999998934, 16.94003527336863613 ) ) ;
#416 = ORIENTED_EDGE ( 'NONE', *, *, #744, .T. ) ;
#417 = ORIENTED_EDGE ( 'NONE', *, *, #1313, .F. ) ;
#418 = VERTEX_POINT ( 'NONE', #918 ) ;
#419 = AXIS2_PLACEMENT_3D ( 'NONE', #829, #706, #1070 ) ;
#420 = VECTOR ( 'NONE', #573, 1000.000000000000000 ) ;
#421 = DIRECTION ( 'NONE',  ( 1.334402673828313093E-16, 0.000000000000000000, 1.000000000000000000 ) ) ;
#422 = APPROVAL ( #301, '未指定' ) ;
#423 = EDGE_CURVE ( 'NONE', #958, #1502, #1397, .T. ) ;
#424 = ORIENTED_EDGE ( 'NONE', *, *, #330, .F. ) ;
#425 = VERTEX_POINT ( 'NONE', #337 ) ;
#426 = DIRECTION ( 'NONE',  ( 0.000000000000000000, 0.000000000000000000, 1.000000000000000000 ) ) ;
#427 = LINE ( 'NONE', #1388, #396 ) ;
#428 = ORIENTED_EDGE ( 'NONE', *, *, #1553, .F. ) ;
#429 = SHAPE_DEFINITION_REPRESENTATION ( #881, #1140 ) ;
#430 = ADVANCED_FACE ( 'NONE', ( #1157 ), #1167, .F. ) ;
#431 = LINE ( 'NONE', #44, #222 ) ;
#432 = VECTOR ( 'NONE', #837, 1000.000000000000000 ) ;
#433 = ORIENTED_EDGE ( 'NONE', *, *, #678, .F. ) ;
#434 = CARTESIAN_POINT ( 'NONE',  ( 4.073192239858904884, 3.700000000000000178, 4.140035273368636304 ) ) ;
#435 = CARTESIAN_POINT ( 'NONE',  ( -15.02680776014109476, -5.299999999999998934, 14.14003527336863186 ) ) ;
#436 = ORIENTED_EDGE ( 'NONE', *, *, #305, .F. ) ;
#437 = CARTESIAN_POINT ( 'NONE',  ( 4.223400993304851525, -3.390895123884919204, 4.349140149484025386 ) ) ;
#438 = FACE_BOUND ( 'NONE', #243, .T. ) ;
#439 = ORIENTED_EDGE ( 'NONE', *, *, #560, .F. ) ;
#440 = VERTEX_POINT ( 'NONE', #804 ) ;
#441 = CARTESIAN_POINT ( 'NONE',  ( 4.073192239858904884, 5.200000000000000178, 4.140035273368636304 ) ) ;
#442 = ORIENTED_EDGE ( 'NONE', *, *, #956, .T. ) ;
#443 = EDGE_CURVE ( 'NONE', #38, #319, #88, .T. ) ;
#444 = ADVANCED_FACE ( 'NONE', ( #691 ), #1413, .T. ) ;
#445 = VECTOR ( 'NONE', #583, 1000.000000000000000 ) ;
#446 = CIRCLE ( 'NONE', #175, 0.5000000000000004441 ) ;
#447 = AXIS2_PLACEMENT_3D ( 'NONE', #882, #1361, #289 ) ;
#448 = CARTESIAN_POINT ( 'NONE',  ( 1.173192239858905195, 5.200000000000000178, 4.640035273368635416 ) ) ;
#449 = VERTEX_POINT ( 'NONE', #1295 ) ;
#450 = PLANE ( 'NONE',  #324 ) ;
#451 = ORIENTED_EDGE ( 'NONE', *, *, #1231, .T. ) ;
#452 = DIRECTION ( 'NONE',  ( 0.000000000000000000, 0.000000000000000000, 1.000000000000000000 ) ) ;
#453 = CC_DESIGN_SECURITY_CLASSIFICATION ( #937, ( #107 ) ) ;
#454 = LINE ( 'NONE', #554, #1509 ) ;
#455 = CARTESIAN_POINT ( 'NONE',  ( 6.573192239858904884, 3.199999999999999734, -3.678280932448972449E-16 ) ) ;
#456 = ORIENTED_EDGE ( 'NONE', *, *, #18, .F. ) ;
#457 = DIRECTION ( 'NONE',  ( -1.119176436114069085E-16, -0.000000000000000000, 1.000000000000000000 ) ) ;
#458 = ORIENTED_EDGE ( 'NONE', *, *, #868, .T. ) ;
#459 = LINE ( 'NONE', #140, #471 ) ;
#460 = DIRECTION ( 'NONE',  ( 1.000000000000000000, 0.000000000000000000, 0.000000000000000000 ) ) ;
#461 = DIRECTION ( 'NONE',  ( -0.000000000000000000, 1.000000000000000000, -0.000000000000000000 ) ) ;
#462 = APPROVAL ( #516, '未指定' ) ;
#463 = VERTEX_POINT ( 'NONE', #902 ) ;
#464 = DIRECTION ( 'NONE',  ( -1.275531967630004752E-16, 0.000000000000000000, -1.000000000000000000 ) ) ;
#465 = VERTEX_POINT ( 'NONE', #674 ) ;
#466 = CARTESIAN_POINT ( 'NONE',  ( 5.424340884270543839, -2.300000000000322675, 1.243080035561151764 ) ) ;
#467 = CARTESIAN_POINT ( 'NONE',  ( -7.626807760141090853, 3.700000000000000178, 7.540035273368636659 ) ) ;
#468 = DIRECTION ( 'NONE',  ( -0.000000000000000000, 1.000000000000000000, 0.000000000000000000 ) ) ;
#469 = AXIS2_PLACEMENT_3D ( 'NONE', #1454, #460, #483 ) ;
#470 = DIRECTION ( 'NONE',  ( 1.000000000000000000, 0.000000000000000000, 0.000000000000000000 ) ) ;
#471 = VECTOR ( 'NONE', #1227, 1000.000000000000000 ) ;
#472 = ORIENTED_EDGE ( 'NONE', *, *, #887, .T. ) ;
#473 = VECTOR ( 'NONE', #457, 1000.000000000000000 ) ;
#474 = CARTESIAN_POINT ( 'NONE',  ( -7.626807760141090853, 5.200000000000000178, 7.040035273368635771 ) ) ;
#475 = EDGE_CURVE ( 'NONE', #1178, #883, #1497, .T. ) ;
#476 = ORIENTED_EDGE ( 'NONE', *, *, #212, .T. ) ;
#477 = FACE_OUTER_BOUND ( 'NONE', #644, .T. ) ;
#478 = CARTESIAN_POINT ( 'NONE',  ( -7.126807760141092629, 3.700000000000000178, 0.7400352733686356155 ) ) ;
#479 = ORIENTED_EDGE ( 'NONE', *, *, #1107, .T. ) ;
#480 = DIRECTION ( 'NONE',  ( 1.000000000000000000, 0.000000000000000000, 0.000000000000000000 ) ) ;
#481 = ORIENTED_EDGE ( 'NONE', *, *, #150, .F. ) ;
#482 = DIRECTION ( 'NONE',  ( 2.551063935260010491E-16, -0.000000000000000000, 1.000000000000000000 ) ) ;
#483 = DIRECTION ( 'NONE',  ( 0.000000000000000000, 0.000000000000000000, -1.000000000000000000 ) ) ;
#484 = CARTESIAN_POINT ( 'NONE',  ( -17.42680776014109156, 5.200000000000000178, 16.94003527336863613 ) ) ;
#485 = ORIENTED_EDGE ( 'NONE', *, *, #502, .F. ) ;
#486 = DIRECTION ( 'NONE',  ( 0.000000000000000000, -1.000000000000000000, -0.000000000000000000 ) ) ;
#487 = FACE_BOUND ( 'NONE', #78, .T. ) ;
#488 = EDGE_CURVE ( 'NONE', #629, #826, #308, .T. ) ;
#489 = FACE_OUTER_BOUND ( 'NONE', #45, .T. ) ;
#490 = EDGE_CURVE ( 'NONE', #52, #597, #1476, .T. ) ;
#491 = DIRECTION ( 'NONE',  ( 0.000000000000000000, -1.000000000000000000, -0.000000000000000000 ) ) ;
#492 = CARTESIAN_POINT ( 'NONE',  ( 6.173192239858905417, -1.300000000000322675, 6.440035273368621915 ) ) ;
#493 = AXIS2_PLACEMENT_3D ( 'NONE', #812, #86, #1286 ) ;
#494 = AXIS2_PLACEMENT_3D ( 'NONE', #697, #1532, #580 ) ;
#495 = CARTESIAN_POINT ( 'NONE',  ( 6.173192239858904529, 2.700000000000001066, 14.14003527336863186 ) ) ;
#496 = ORIENTED_EDGE ( 'NONE', *, *, #168, .F. ) ;
#497 = FACE_OUTER_BOUND ( 'NONE', #907, .T. ) ;
#498 = AXIS2_PLACEMENT_3D ( 'NONE', #82, #99, #1422 ) ;
#499 = CARTESIAN_POINT ( 'NONE',  ( 1.673192239858905195, 5.200000000000000178, 4.140035273368636304 ) ) ;
#500 = DIRECTION ( 'NONE',  ( 1.365923996832131856E-16, 0.000000000000000000, -1.000000000000000000 ) ) ;
#501 = CARTESIAN_POINT ( 'NONE',  ( -7.626807760141092629, 3.700000000000000178, 1.240035273368635504 ) ) ;
#502 = EDGE_CURVE ( 'NONE', #1218, #542, #909, .T. ) ;
#503 = ORIENTED_EDGE ( 'NONE', *, *, #216, .T. ) ;
#504 = FACE_OUTER_BOUND ( 'NONE', #1045, .T. ) ;
#505 = CARTESIAN_POINT ( 'NONE',  ( 5.424340884270542951, -2.171890126726975012, 1.243080035561151320 ) ) ;
#506 = EDGE_LOOP ( 'NONE', ( #284, #91, #28, #1539, #611, #85 ) ) ;
#507 = DIRECTION ( 'NONE',  ( -1.000000000000000000, 0.000000000000000000, -1.084202172485503448E-16 ) ) ;
#508 = DIRECTION ( 'NONE',  ( -0.000000000000000000, 1.000000000000000000, -0.000000000000000000 ) ) ;
#509 = EDGE_CURVE ( 'NONE', #990, #923, #181, .T. ) ;
#510 = CARTESIAN_POINT ( 'NONE',  ( -15.02680776014109298, -5.299999999999998934, -1.059964726631363652 ) ) ;
#511 = EDGE_LOOP ( 'NONE', ( #186, #451, #1527, #604 ) ) ;
#512 = CARTESIAN_POINT ( 'NONE',  ( 6.173192239858905417, -3.300000000000322675, 6.440035273368621915 ) ) ;
#513 = LINE ( 'NONE', #745, #1273 ) ;
#514 = VERTEX_POINT ( 'NONE', #1028 ) ;
#515 = FACE_OUTER_BOUND ( 'NONE', #511, .T. ) ;
#516 = APPROVAL_STATUS ( 'not_yet_approved' ) ;
#517 = CARTESIAN_POINT ( 'NONE',  ( -15.67673817565900762, -3.996965041295074794, -0.2569297679261337564 ) ) ;
#518 = CARTESIAN_POINT ( 'NONE',  ( 6.173192239858904529, -5.299999999999998934, 14.14003527336863186 ) ) ;
#519 = ORIENTED_EDGE ( 'NONE', *, *, #49, .T. ) ;
#520 = CARTESIAN_POINT ( 'NONE',  ( -14.77795640455273407, -2.300000000000322675, 14.14003527336863186 ) ) ;
#521 = DIRECTION ( 'NONE',  ( 0.5504861112736035844, -0.5903240810329805077, 0.5903240810329805077 ) ) ;
#522 = VECTOR ( 'NONE', #1445, 1000.000000000000000 ) ;
#523 = AXIS2_PLACEMENT_3D ( 'NONE', #518, #381, #1003 ) ;
#524 = LINE ( 'NONE', #492, #649 ) ;
#525 = DIRECTION ( 'NONE',  ( -0.000000000000000000, 1.000000000000000000, 0.000000000000000000 ) ) ;
#526 = ORIENTED_EDGE ( 'NONE', *, *, #857, .F. ) ;
#527 = CARTESIAN_POINT ( 'NONE',  ( -14.41227955374314718, -2.640999180031571747, 5.781034453399870543 ) ) ;
#528 = CARTESIAN_POINT ( 'NONE',  ( 5.523261824340886861, -2.603034958705457313, 5.743070232073756110 ) ) ;
#529 = VECTOR ( 'NONE', #866, 1000.000000000000000 ) ;
#530 = CIRCLE ( 'NONE', #686, 0.9999999999999991118 ) ;
#531 = CARTESIAN_POINT ( 'NONE',  ( -14.27795640455273229, -2.171890126726973680, 1.243080035561150654 ) ) ;
#532 = VECTOR ( 'NONE', #12, 1000.000000000000000 ) ;
#533 = CARTESIAN_POINT ( 'NONE',  ( 4.573192239858905772, 3.700000000000000178, 7.540035273368636659 ) ) ;
#534 = ORIENTED_EDGE ( 'NONE', *, *, #1379, .F. ) ;
#535 = FACE_OUTER_BOUND ( 'NONE', #801, .T. ) ;
#536 = DIRECTION ( 'NONE',  ( 0.000000000000000000, 0.000000000000000000, 1.000000000000000000 ) ) ;
#537 = EDGE_CURVE ( 'NONE', #1184, #33, #427, .T. ) ;
#538 = CC_DESIGN_PERSON_AND_ORGANIZATION_ASSIGNMENT ( #746, #1204, ( #1079 ) ) ;
#539 = EDGE_CURVE ( 'NONE', #892, #587, #973, .T. ) ;
#540 = APPROVAL_DATE_TIME ( #903, #422 ) ;
#541 = CARTESIAN_POINT ( 'NONE',  ( -17.42680776014109156, 3.199999999999999734, -1.059964726631363208 ) ) ;
#542 = VERTEX_POINT ( 'NONE', #258 ) ;
#543 = ORIENTED_EDGE ( 'NONE', *, *, #661, .F. ) ;
#544 = DIRECTION ( 'NONE',  ( 0.000000000000000000, 1.000000000000000000, 0.000000000000000000 ) ) ;
#545 = DIRECTION ( 'NONE',  ( -0.000000000000000000, 1.000000000000000000, -0.000000000000000000 ) ) ;
#546 = ORIENTED_EDGE ( 'NONE', *, *, #1049, .F. ) ;
#547 = VECTOR ( 'NONE', #47, 1000.000000000000000 ) ;
#548 = VECTOR ( 'NONE', #1092, 1000.000000000000000 ) ;
#549 = CARTESIAN_POINT ( 'NONE',  ( 4.573192239858905772, 3.700000000000000178, 4.640035273368635416 ) ) ;
#550 = ORIENTED_EDGE ( 'NONE', *, *, #165, .T. ) ;
#551 = EDGE_CURVE ( 'NONE', #1292, #321, #323, .T. ) ;
#552 = DIRECTION ( 'NONE',  ( 0.000000000000000000, 0.000000000000000000, 1.000000000000000000 ) ) ;
#553 = ORIENTED_EDGE ( 'NONE', *, *, #1280, .F. ) ;
#554 = CARTESIAN_POINT ( 'NONE',  ( -7.626807760141092629, 5.200000000000000178, 1.240035273368635726 ) ) ;
#555 = EDGE_CURVE ( 'NONE', #1556, #1490, #274, .T. ) ;
#556 = DIRECTION ( 'NONE',  ( 2.551063935260010491E-16, -0.000000000000000000, 1.000000000000000000 ) ) ;
#557 = VECTOR ( 'NONE', #410, 1000.000000000000000 ) ;
#558 = ORIENTED_EDGE ( 'NONE', *, *, #857, .T. ) ;
#559 = DIRECTION ( 'NONE',  ( -0.000000000000000000, 1.000000000000000000, -0.000000000000000000 ) ) ;
#560 = EDGE_CURVE ( 'NONE', #122, #33, #875, .T. ) ;
#561 = ORIENTED_EDGE ( 'NONE', *, *, #1415, .T. ) ;
#562 = CARTESIAN_POINT ( 'NONE',  ( -1.326807760141092141, 3.700000000000000178, 1.240035273368635504 ) ) ;
#563 = FACE_OUTER_BOUND ( 'NONE', #342, .T. ) ;
#564 = ORIENTED_EDGE ( 'NONE', *, *, #157, .T. ) ;
#565 = CARTESIAN_POINT ( 'NONE',  ( 1.173192239858905639, 3.700000000000000178, 7.040035273368637547 ) ) ;
#566 = ORIENTED_EDGE ( 'NONE', *, *, #815, .T. ) ;
#567 = VECTOR ( 'NONE', #1032, 1000.000000000000000 ) ;
#568 = CARTESIAN_POINT ( 'NONE',  ( -7.626807760141092629, 5.200000000000000178, 0.7400352733686356155 ) ) ;
#569 = AXIS2_PLACEMENT_3D ( 'NONE', #960, #360, #838 ) ;
#570 = CARTESIAN_POINT ( 'NONE',  ( -14.02680776014109476, 2.700000000000001066, 14.14003527336863186 ) ) ;
#571 = CIRCLE ( 'NONE', #1275, 0.5000000000000004441 ) ;
#572 = VECTOR ( 'NONE', #1024, 1000.000000000000000 ) ;
#573 = DIRECTION ( 'NONE',  ( 0.5504861112736038065, -0.5903240810329803967, -0.5903240810329802857 ) ) ;
#574 = ORIENTED_EDGE ( 'NONE', *, *, #1209, .T. ) ;
#575 = CARTESIAN_POINT ( 'NONE',  ( -11.42680776014109334, -5.299999999999998934, -14.05996472663136387 ) ) ;
#576 = ADVANCED_FACE ( 'NONE', ( #384 ), #389, .F. ) ;
#577 = ORIENTED_EDGE ( 'NONE', *, *, #197, .F. ) ;
#578 = LINE ( 'NONE', #1078, #1412 ) ;
#579 =( BOUNDED_CURVE ( )  B_SPLINE_CURVE ( 3, ( #989, #505, #390, #628 ),
 .UNSPECIFIED., .F., .F. ) 
 B_SPLINE_CURVE_WITH_KNOTS ( ( 4, 4 ),
 ( 3.141592653589793116, 3.892084231947352535 ),
 .UNSPECIFIED. ) 
 CURVE ( )  GEOMETRIC_REPRESENTATION_ITEM ( )  RATIONAL_B_SPLINE_CURVE ( ( 1.000000000000000000, 0.9536117119880165305, 0.9536117119880165305, 1.000000000000000000 ) ) 
 REPRESENTATION_ITEM ( '' )  );
#580 = DIRECTION ( 'NONE',  ( 0.000000000000000000, -0.000000000000000000, 1.000000000000000000 ) ) ;
#581 = ADVANCED_FACE ( 'NONE', ( #515 ), #1219, .F. ) ;
#582 = CARTESIAN_POINT ( 'NONE',  ( -0.8268077601410913635, 5.200000000000000178, 7.540035273368635771 ) ) ;
#583 = DIRECTION ( 'NONE',  ( 0.000000000000000000, -1.000000000000000000, 0.000000000000000000 ) ) ;
#584 = PERSON ( '未指定', '未指定', '未指定', ('未指定'), ('未指定'), ('未指定') ) ;
#585 = EDGE_LOOP ( 'NONE', ( #382, #1400, #1201, #373 ) ) ;
#586 = PLANE ( 'NONE',  #43 ) ;
#587 = VERTEX_POINT ( 'NONE', #763 ) ;
#588 = CARTESIAN_POINT ( 'NONE',  ( -11.42680776014109156, 3.700000000000000178, -1.059964726631363652 ) ) ;
#589 = CARTESIAN_POINT ( 'NONE',  ( 8.573192239858904884, -5.299999999999998934, 16.94003527336863613 ) ) ;
#590 =( BOUNDED_CURVE ( )  B_SPLINE_CURVE ( 3, ( #1133, #194, #673, #70 ),
 .UNSPECIFIED., .F., .F. ) 
 B_SPLINE_CURVE_WITH_KNOTS ( ( 4, 4 ),
 ( 0.000000000000000000, 0.7504915783575601962 ),
 .UNSPECIFIED. ) 
 CURVE ( )  GEOMETRIC_REPRESENTATION_ITEM ( )  RATIONAL_B_SPLINE_CURVE ( ( 1.000000000000000000, 0.9536117119880165305, 0.9536117119880165305, 1.000000000000000000 ) ) 
 REPRESENTATION_ITEM ( '' )  );
#591 = DIRECTION ( 'NONE',  ( 0.000000000000000000, -1.000000000000000000, 0.000000000000000000 ) ) ;
#592 = CARTESIAN_POINT ( 'NONE',  ( 1.173192239858905195, 5.200000000000000178, 4.140035273368636304 ) ) ;
#593 = EDGE_CURVE ( 'NONE', #94, #1186, #991, .T. ) ;
#594 = FACE_OUTER_BOUND ( 'NONE', #76, .T. ) ;
#595 = ORIENTED_EDGE ( 'NONE', *, *, #1076, .F. ) ;
#596 = FACE_OUTER_BOUND ( 'NONE', #179, .T. ) ;
#597 = VERTEX_POINT ( 'NONE', #294 ) ;
#598 = FACE_OUTER_BOUND ( 'NONE', #1047, .T. ) ;
#599 = ADVANCED_FACE ( 'NONE', ( #489 ), #1467, .T. ) ;
#600 = CARTESIAN_POINT ( 'NONE',  ( 5.173192239858907193, 3.700000000000000178, -11.25996472663136316 ) ) ;
#601 = AXIS2_PLACEMENT_3D ( 'NONE', #106, #591, #1063 ) ;
#602 = DIRECTION ( 'NONE',  ( 1.000000000000000000, 0.000000000000000000, -5.595882180570347891E-17 ) ) ;
#603 = VECTOR ( 'NONE', #521, 1000.000000000000114 ) ;
#604 = ORIENTED_EDGE ( 'NONE', *, *, #1097, .F. ) ;
#605 = CARTESIAN_POINT ( 'NONE',  ( 4.073192239858904884, 3.700000000000000178, 4.640035273368635416 ) ) ;
#606 = EDGE_LOOP ( 'NONE', ( #48, #110, #182, #1521, #808, #672, #256, #561, #1370, #118 ) ) ;
#607 = CYLINDRICAL_SURFACE ( 'NONE', #569, 0.5000000000000000000 ) ;
#608 = EDGE_LOOP ( 'NONE', ( #417, #693, #1012, #1531 ) ) ;
#609 = EDGE_CURVE ( 'NONE', #240, #675, #723, .T. ) ;
#610 = CARTESIAN_POINT ( 'NONE',  ( 8.573192239858904884, -5.299999999999998934, 16.94003527336863613 ) ) ;
#611 = ORIENTED_EDGE ( 'NONE', *, *, #18, .T. ) ;
#612 = DIRECTION ( 'NONE',  ( 0.000000000000000000, -1.000000000000000000, 0.000000000000000000 ) ) ;
#613 = EDGE_CURVE ( 'NONE', #1066, #1017, #1540, .T. ) ;
#614 = CARTESIAN_POINT ( 'NONE',  ( -1.326807760141091475, 5.200000000000000178, 7.040035273368634883 ) ) ;
#615 = VECTOR ( 'NONE', #1109, 1000.000000000000000 ) ;
#616 = COORDINATED_UNIVERSAL_TIME_OFFSET ( 8, 0, .AHEAD. ) ;
#617 = LINE ( 'NONE', #268, #1526 ) ;
#618 = VERTEX_POINT ( 'NONE', #820 ) ;
#619 = FACE_OUTER_BOUND ( 'NONE', #169, .T. ) ;
#620 = CARTESIAN_POINT ( 'NONE',  ( -17.42680776014109156, -5.299999999999998934, 16.94003527336863613 ) ) ;
#621 = CARTESIAN_POINT ( 'NONE',  ( -15.02680776014109476, -5.299999999999998934, 14.14003527336863186 ) ) ;
#622 = AXIS2_PLACEMENT_3D ( 'NONE', #1550, #961, #288 ) ;
#623 = VECTOR ( 'NONE', #1138, 1000.000000000000000 ) ;
#624 = CARTESIAN_POINT ( 'NONE',  ( 1.173192239858905195, 3.700000000000000178, 4.140035273368636304 ) ) ;
#625 = VERTEX_POINT ( 'NONE', #589 ) ;
#626 = CARTESIAN_POINT ( 'NONE',  ( -14.41227955374314718, -1.959000819969072493, 1.099036093337368403 ) ) ;
#627 = AXIS2_PLACEMENT_3D ( 'NONE', #954, #1190, #1432 ) ;
#628 = CARTESIAN_POINT ( 'NONE',  ( 5.558664033460958720, -1.959000819969074270, 1.099036093337373510 ) ) ;
#629 = VERTEX_POINT ( 'NONE', #1172 ) ;
#630 = DIRECTION ( 'NONE',  ( 0.000000000000000000, 0.000000000000000000, 1.000000000000000000 ) ) ;
#631 = FACE_OUTER_BOUND ( 'NONE', #914, .T. ) ;
#632 = EDGE_LOOP ( 'NONE', ( #906, #713, #1380, #1137 ) ) ;
#633 = CARTESIAN_POINT ( 'NONE',  ( -0.8268077601410914745, 5.200000000000000178, 7.040035273368634883 ) ) ;
#634 = DIRECTION ( 'NONE',  ( -0.000000000000000000, 1.000000000000000000, -0.000000000000000000 ) ) ;
#635 = EDGE_LOOP ( 'NONE', ( #553, #963, #1294, #526 ) ) ;
#636 = FACE_BOUND ( 'NONE', #632, .T. ) ;
#637 = FACE_OUTER_BOUND ( 'NONE', #506, .T. ) ;
#638 =( BOUNDED_CURVE ( )  B_SPLINE_CURVE ( 3, ( #343, #1089, #1194, #1548 ),
 .UNSPECIFIED., .F., .F. ) 
 B_SPLINE_CURVE_WITH_KNOTS ( ( 4, 4 ),
 ( 1.570796326794896558, 3.141592653589793116 ),
 .UNSPECIFIED. ) 
 CURVE ( )  GEOMETRIC_REPRESENTATION_ITEM ( )  RATIONAL_B_SPLINE_CURVE ( ( 1.000000000000000000, 0.8047378541243649375, 0.8047378541243649375, 1.000000000000000000 ) ) 
 REPRESENTATION_ITEM ( '' )  );
#639 = EDGE_CURVE ( 'NONE', #990, #587, #233, .T. ) ;
#640 = LINE ( 'NONE', #386, #251 ) ;
#641 = ORIENTED_EDGE ( 'NONE', *, *, #1390, .T. ) ;
#642 = CARTESIAN_POINT ( 'NONE',  ( 6.173192239858906305, -3.300000000000322675, 0.4400352733686220819 ) ) ;
#643 = LINE ( 'NONE', #528, #603 ) ;
#644 = EDGE_LOOP ( 'NONE', ( #1389, #1481, #852, #1450 ) ) ;
#645 = CARTESIAN_POINT ( 'NONE',  ( -17.42680776014109156, 5.200000000000000178, -1.059964726631363208 ) ) ;
#646 = DIRECTION ( 'NONE',  ( -0.7313537016191717921, 0.000000000000000000, 0.6819983600624970332 ) ) ;
#647 = VERTEX_POINT ( 'NONE', #1062 ) ;
#648 = DIRECTION ( 'NONE',  ( -1.000000000000000000, -0.000000000000000000, 1.334402673828313093E-16 ) ) ;
#649 = VECTOR ( 'NONE', #1114, 1000.000000000000000 ) ;
#650 = CARTESIAN_POINT ( 'NONE',  ( 6.173192239858908081, 2.700000000000001066, -11.25996472663136316 ) ) ;
#651 = VECTOR ( 'NONE', #791, 1000.000000000000000 ) ;
#652 = ORIENTED_EDGE ( 'NONE', *, *, #889, .F. ) ;
#653 = AXIS2_PLACEMENT_3D ( 'NONE', #1205, #986, #136 ) ;
#654 = PERSON_AND_ORGANIZATION_ROLE ( 'creator' ) ;
#655 = CARTESIAN_POINT ( 'NONE',  ( -14.27795640455272874, -2.428109873273671226, 1.243080035561150432 ) ) ;
#656 = ORIENTED_EDGE ( 'NONE', *, *, #1438, .F. ) ;
#657 = ORIENTED_EDGE ( 'NONE', *, *, #609, .F. ) ;
#658 = LINE ( 'NONE', #1018, #199 ) ;
#659 = ORIENTED_EDGE ( 'NONE', *, *, #269, .F. ) ;
#660 = EDGE_CURVE ( 'NONE', #1285, #1017, #846, .T. ) ;
#661 = EDGE_CURVE ( 'NONE', #1271, #314, #967, .T. ) ;
#662 = CALENDAR_DATE ( 2026, 21, 7 ) ;
#663 = CIRCLE ( 'NONE', #709, 2.000000000000000000 ) ;
#664 = CARTESIAN_POINT ( 'NONE',  ( 6.573192239858905772, 5.200000000000000178, 14.94003527336863613 ) ) ;
#665 = ORIENTED_EDGE ( 'NONE', *, *, #490, .F. ) ;
#666 = ORIENTED_EDGE ( 'NONE', *, *, #1141, .T. ) ;
#667 = CARTESIAN_POINT ( 'NONE',  ( -1.326807760141091475, 5.200000000000000178, 7.040035273368634883 ) ) ;
#668 = DIRECTION ( 'NONE',  ( -0.000000000000000000, 1.000000000000000000, 0.000000000000000000 ) ) ;
#669 = ORIENTED_EDGE ( 'NONE', *, *, #999, .T. ) ;
#670 = EDGE_CURVE ( 'NONE', #681, #1059, #949, .T. ) ;
#671 = DIRECTION ( 'NONE',  ( 0.000000000000000000, -0.000000000000000000, -1.000000000000000000 ) ) ;
#672 = ORIENTED_EDGE ( 'NONE', *, *, #993, .T. ) ;
#673 = CARTESIAN_POINT ( 'NONE',  ( 5.471293309980718611, -2.547305549999145047, 5.687340823367443399 ) ) ;
#674 = CARTESIAN_POINT ( 'NONE',  ( 5.558664033460958720, -2.640999180031570859, 1.099036093337373288 ) ) ;
#675 = VERTEX_POINT ( 'NONE', #1303 ) ;
#676 = VECTOR ( 'NONE', #761, 1000.000000000000000 ) ;
#677 = VECTOR ( 'NONE', #421, 1000.000000000000000 ) ;
#678 = EDGE_CURVE ( 'NONE', #418, #1537, #90, .T. ) ;
#679 = ADVANCED_FACE ( 'NONE', ( #353 ), #1420, .T. ) ;
#680 = DIRECTION ( 'NONE',  ( -5.595882180570345426E-17, 0.000000000000000000, -1.000000000000000000 ) ) ;
#681 = VERTEX_POINT ( 'NONE', #1312 ) ;
#682 = CARTESIAN_POINT ( 'NONE',  ( 6.173192239858908081, -5.299999999999998934, -11.25996472663136316 ) ) ;
#683 = ORIENTED_EDGE ( 'NONE', *, *, #277, .T. ) ;
#684 = LINE ( 'NONE', #1158, #61 ) ;
#685 = LINE ( 'NONE', #533, #348 ) ;
#686 = AXIS2_PLACEMENT_3D ( 'NONE', #359, #947, #95 ) ;
#687 = ORIENTED_EDGE ( 'NONE', *, *, #1547, .T. ) ;
#688 = LOCAL_TIME ( 10, 12, 30.00000000000000000, #1099 ) ;
#689 = DIRECTION ( 'NONE',  ( 0.000000000000000000, 0.000000000000000000, 1.000000000000000000 ) ) ;
#690 = VERTEX_POINT ( 'NONE', #716 ) ;
#691 = FACE_OUTER_BOUND ( 'NONE', #1132, .T. ) ;
#692 = FACE_OUTER_BOUND ( 'NONE', #309, .T. ) ;
#693 = ORIENTED_EDGE ( 'NONE', *, *, #317, .T. ) ;
#694 = ADVANCED_FACE ( 'NONE', ( #114 ), #1318, .T. ) ;
#695 = FACE_OUTER_BOUND ( 'NONE', #270, .T. ) ;
#696 = ORIENTED_EDGE ( 'NONE', *, *, #1181, .F. ) ;
#697 = CARTESIAN_POINT ( 'NONE',  ( 0.000000000000000000, 5.200000000000000178, 0.000000000000000000 ) ) ;
#698 = VECTOR ( 'NONE', #87, 1000.000000000000000 ) ;
#699 = AXIS2_PLACEMENT_3D ( 'NONE', #226, #853, #96 ) ;
#700 = AXIS2_PLACEMENT_3D ( 'NONE', #1011, #1058, #1175 ) ;
#701 = AXIS2_PLACEMENT_3D ( 'NONE', #1198, #855, #507 ) ;
#702 = CARTESIAN_POINT ( 'NONE',  ( -7.126807760141091741, 5.200000000000000178, 7.040035273368635771 ) ) ;
#703 = ORIENTED_EDGE ( 'NONE', *, *, #157, .F. ) ;
#704 = DIRECTION ( 'NONE',  ( -1.000000000000000000, 0.000000000000000000, 0.000000000000000000 ) ) ;
#705 = ORIENTED_EDGE ( 'NONE', *, *, #756, .T. ) ;
#706 = DIRECTION ( 'NONE',  ( -0.7313537016191716811, -0.6819983600624972553, -1.057247029534428310E-16 ) ) ;
#707 = ADVANCED_FACE ( 'NONE', ( #598 ), #1333, .T. ) ;
#708 = DIRECTION ( 'NONE',  ( -1.000000000000000000, 0.000000000000000000, 0.000000000000000000 ) ) ;
#709 = AXIS2_PLACEMENT_3D ( 'NONE', #170, #648, #46 ) ;
#710 = CARTESIAN_POINT ( 'NONE',  ( -14.27795640455273052, -2.300000000000322675, 5.636990511176090735 ) ) ;
#711 = ORIENTED_EDGE ( 'NONE', *, *, #1553, .T. ) ;
#712 = CARTESIAN_POINT ( 'NONE',  ( 4.073192239858904884, 5.200000000000000178, 7.040035273368636659 ) ) ;
#713 = ORIENTED_EDGE ( 'NONE', *, *, #62, .F. ) ;
#714 = CARTESIAN_POINT ( 'NONE',  ( -15.02680776014109476, -5.299999999999998934, 14.14003527336863186 ) ) ;
#715 = EDGE_CURVE ( 'NONE', #1336, #514, #638, .T. ) ;
#716 = CARTESIAN_POINT ( 'NONE',  ( -15.02680776014109476, 2.700000000000001066, 14.14003527336863186 ) ) ;
#717 = CARTESIAN_POINT ( 'NONE',  ( -11.42680776014109156, 3.700000000000000178, -1.059964726631363652 ) ) ;
#718 = CYLINDRICAL_SURFACE ( 'NONE', #901, 0.5000000000000000000 ) ;
#719 = ORIENTED_EDGE ( 'NONE', *, *, #252, .T. ) ;
#720 = DIRECTION ( 'NONE',  ( 1.000000000000000000, 0.000000000000000000, -2.551063935260010491E-16 ) ) ;
#721 = ORIENTED_EDGE ( 'NONE', *, *, #1508, .F. ) ;
#722 = CARTESIAN_POINT ( 'NONE',  ( -7.626807760141092629, 5.200000000000000178, 1.240035273368635504 ) ) ;
#723 = LINE ( 'NONE', #368, #42 ) ;
#724 = LINE ( 'NONE', #1196, #14 ) ;
#725 = ADVANCED_FACE ( 'NONE', ( #477 ), #607, .F. ) ;
#726 = CARTESIAN_POINT ( 'NONE',  ( 1.673192239858905639, 5.200000000000000178, 7.540035273368637547 ) ) ;
#727 = VECTOR ( 'NONE', #908, 1000.000000000000000 ) ;
#728 = EDGE_LOOP ( 'NONE', ( #458, #996, #275, #794 ) ) ;
#729 = ADVANCED_FACE ( 'NONE', ( #5, #487, #974 ), #374, .T. ) ;
#730 = AXIS2_PLACEMENT_3D ( 'NONE', #827, #965, #239 ) ;
#731 = DIRECTION ( 'NONE',  ( -2.551063935260010491E-16, 0.000000000000000000, -1.000000000000000000 ) ) ;
#732 = EDGE_LOOP ( 'NONE', ( #955, #1235, #776, #1308 ) ) ;
#733 = CARTESIAN_POINT ( 'NONE',  ( 4.573192239858905772, 5.200000000000000178, 7.540035273368636659 ) ) ;
#734 = DIRECTION ( 'NONE',  ( 0.6819983600624973663, 0.000000000000000000, -0.7313537016191715701 ) ) ;
#735 = ORIENTED_EDGE ( 'NONE', *, *, #116, .F. ) ;
#736 = DIRECTION ( 'NONE',  ( -7.228014483236695816E-17, 0.000000000000000000, -1.000000000000000000 ) ) ;
#737 = CARTESIAN_POINT ( 'NONE',  ( 4.573192239858905772, 3.700000000000000178, 4.140035273368636304 ) ) ;
#738 =( BOUNDED_CURVE ( )  B_SPLINE_CURVE ( 3, ( #935, #1314, #1161, #229 ),
 .UNSPECIFIED., .F., .F. ) 
 B_SPLINE_CURVE_WITH_KNOTS ( ( 4, 4 ),
 ( 0.000000000000000000, 1.570796326794896558 ),
 .UNSPECIFIED. ) 
 CURVE ( )  GEOMETRIC_REPRESENTATION_ITEM ( )  RATIONAL_B_SPLINE_CURVE ( ( 1.000000000000000000, 0.8047378541243649375, 0.8047378541243649375, 1.000000000000000000 ) ) 
 REPRESENTATION_ITEM ( '' )  );
#739 = APPROVAL_STATUS ( 'not_yet_approved' ) ;
#740 = LINE ( 'NONE', #21, #1247 ) ;
#741 = FACE_BOUND ( 'NONE', #1193, .T. ) ;
#742 = ORIENTED_EDGE ( 'NONE', *, *, #1008, .F. ) ;
#743 = DIRECTION ( 'NONE',  ( 1.000000000000000000, 0.000000000000000000, 0.000000000000000000 ) ) ;
#744 = EDGE_CURVE ( 'NONE', #210, #1108, #858, .T. ) ;
#745 = CARTESIAN_POINT ( 'NONE',  ( 4.573192239858905772, 5.200000000000000178, 4.140035273368636304 ) ) ;
#746 = PERSON_AND_ORGANIZATION ( #584, #188 ) ;
#747 =( BOUNDED_CURVE ( )  B_SPLINE_CURVE ( 3, ( #710, #1183, #863, #158 ),
 .UNSPECIFIED., .F., .F. ) 
 B_SPLINE_CURVE_WITH_KNOTS ( ( 4, 4 ),
 ( 3.141592653589793116, 3.892084231947354311 ),
 .UNSPECIFIED. ) 
 CURVE ( )  GEOMETRIC_REPRESENTATION_ITEM ( )  RATIONAL_B_SPLINE_CURVE ( ( 1.000000000000000000, 0.9536117119880165305, 0.9536117119880165305, 1.000000000000000000 ) ) 
 REPRESENTATION_ITEM ( '' )  );
#748 = VECTOR ( 'NONE', #1164, 1000.000000000000000 ) ;
#749 = DIRECTION ( 'NONE',  ( 0.000000000000000000, -0.000000000000000000, 1.000000000000000000 ) ) ;
#750 = ORIENTED_EDGE ( 'NONE', *, *, #74, .T. ) ;
#751 = CARTESIAN_POINT ( 'NONE',  ( -15.02680776014109476, -1.300000000000322675, 14.14003527336863186 ) ) ;
#752 = DIRECTION ( 'NONE',  ( -0.000000000000000000, -0.000000000000000000, 1.000000000000000000 ) ) ;
#753 = VECTOR ( 'NONE', #1262, 1000.000000000000000 ) ;
#754 = CARTESIAN_POINT ( 'NONE',  ( 6.173192239858905417, -1.300000000000322675, 6.440035273368621915 ) ) ;
#755 = ORIENTED_EDGE ( 'NONE', *, *, #286, .F. ) ;
#756 = EDGE_CURVE ( 'NONE', #1384, #52, #459, .T. ) ;
#757 = DIRECTION ( 'NONE',  ( -1.000000000000000000, 0.000000000000000000, -1.141265444721584004E-16 ) ) ;
#758 = CARTESIAN_POINT ( 'NONE',  ( -1.326807760141091475, 3.700000000000000178, 7.540035273368635771 ) ) ;
#759 = EDGE_LOOP ( 'NONE', ( #156, #1152, #971, #436 ) ) ;
#760 = CARTESIAN_POINT ( 'NONE',  ( -15.02680776014109476, -3.300000000000322675, 14.14003527336863186 ) ) ;
#761 = DIRECTION ( 'NONE',  ( 1.000000000000000000, -0.000000000000000000, -0.000000000000000000 ) ) ;
#762 = VERTEX_POINT ( 'NONE', #769 ) ;
#763 = CARTESIAN_POINT ( 'NONE',  ( 1.673192239858905195, 3.700000000000000178, 4.140035273368636304 ) ) ;
#764 =( GEOMETRIC_REPRESENTATION_CONTEXT ( 3 ) GLOBAL_UNCERTAINTY_ASSIGNED_CONTEXT ( ( #885 ) ) GLOBAL_UNIT_ASSIGNED_CONTEXT ( ( #8, #1341, #377 ) ) REPRESENTATION_CONTEXT ( 'NONE', 'WORKASPACE' ) );
#765 = PERSON_AND_ORGANIZATION ( #584, #188 ) ;
#766 = CARTESIAN_POINT ( 'NONE',  ( 6.573192239858903996, 5.200000000000000178, -12.05996472663136387 ) ) ;
#767 = ORIENTED_EDGE ( 'NONE', *, *, #286, .T. ) ;
#768 = CARTESIAN_POINT ( 'NONE',  ( -0.8268077601410913635, 5.200000000000000178, 7.540035273368635771 ) ) ;
#769 = CARTESIAN_POINT ( 'NONE',  ( -0.8268077601410914745, 3.700000000000000178, 7.040035273368634883 ) ) ;
#770 = ORIENTED_EDGE ( 'NONE', *, *, #934, .F. ) ;
#771 = CARTESIAN_POINT ( 'NONE',  ( 6.173192239858906305, -1.300000000000322675, 0.4400352733686220819 ) ) ;
#772 = CARTESIAN_POINT ( 'NONE',  ( -14.41227955374314718, -2.640999180031570415, 1.099036093337370623 ) ) ;
#773 = CARTESIAN_POINT ( 'NONE',  ( -14.27795640455273052, -2.300000000000322675, 1.243080035561151764 ) ) ;
#774 = ADVANCED_FACE ( 'NONE', ( #40 ), #1007, .T. ) ;
#775 = ORIENTED_EDGE ( 'NONE', *, *, #551, .T. ) ;
#776 = ORIENTED_EDGE ( 'NONE', *, *, #265, .T. ) ;
#777 = VECTOR ( 'NONE', #189, 1000.000000000000000 ) ;
#778 = DIRECTION ( 'NONE',  ( 1.445602896647338917E-16, 0.000000000000000000, -1.000000000000000000 ) ) ;
#779 = AXIS2_PLACEMENT_3D ( 'NONE', #365, #945, #1309 ) ;
#780 = ORIENTED_EDGE ( 'NONE', *, *, #1472, .T. ) ;
#781 = AXIS2_PLACEMENT_3D ( 'NONE', #455, #928, #602 ) ;
#782 = COORDINATED_UNIVERSAL_TIME_OFFSET ( 8, 0, .AHEAD. ) ;
#783 = PLANE ( 'NONE',  #1029 ) ;
#784 = ORIENTED_EDGE ( 'NONE', *, *, #1287, .T. ) ;
#785 = DIRECTION ( 'NONE',  ( 0.000000000000000000, 1.000000000000000000, 0.000000000000000000 ) ) ;
#786 = ORIENTED_EDGE ( 'NONE', *, *, #272, .T. ) ;
#787 = EDGE_CURVE ( 'NONE', #597, #1358, #1245, .T. ) ;
#788 = DIRECTION ( 'NONE',  ( -1.000000000000000000, 0.000000000000000000, 0.000000000000000000 ) ) ;
#789 = VERTEX_POINT ( 'NONE', #1237 ) ;
#790 = ORIENTED_EDGE ( 'NONE', *, *, #613, .T. ) ;
#791 = DIRECTION ( 'NONE',  ( -1.000000000000000000, -0.000000000000000000, -0.000000000000000000 ) ) ;
#792 = ORIENTED_EDGE ( 'NONE', *, *, #191, .T. ) ;
#793 = LINE ( 'NONE', #1151, #753 ) ;
#794 = ORIENTED_EDGE ( 'NONE', *, *, #509, .T. ) ;
#795 = CARTESIAN_POINT ( 'NONE',  ( 1.673192239858905195, 5.200000000000000178, 4.640035273368635416 ) ) ;
#796 = ORIENTED_EDGE ( 'NONE', *, *, #1278, .F. ) ;
#797 = VECTOR ( 'NONE', #59, 1000.000000000000000 ) ;
#798 = AXIS2_PLACEMENT_3D ( 'NONE', #712, #111, #844 ) ;
#799 = DIRECTION ( 'NONE',  ( -1.445602896647339163E-16, 1.293430319748284574E-32, 1.000000000000000000 ) ) ;
#800 = DIRECTION ( 'NONE',  ( 1.141265444721583757E-16, 2.194893355835843366E-32, -1.000000000000000000 ) ) ;
#801 = EDGE_LOOP ( 'NONE', ( #26, #71, #101, #412 ) ) ;
#802 = DIRECTION ( 'NONE',  ( 1.000000000000000000, 0.000000000000000000, 0.000000000000000000 ) ) ;
#803 = ORIENTED_EDGE ( 'NONE', *, *, #1277, .F. ) ;
#804 = CARTESIAN_POINT ( 'NONE',  ( -15.02680776014109298, -1.300000000000322675, 6.440035273368619251 ) ) ;
#805 = DIRECTION ( 'NONE',  ( -0.000000000000000000, 1.000000000000000000, -0.000000000000000000 ) ) ;
#806 = CARTESIAN_POINT ( 'NONE',  ( -11.42680776014109334, 5.200000000000000178, -14.05996472663136387 ) ) ;
#807 = VECTOR ( 'NONE', #271, 1000.000000000000000 ) ;
#808 = ORIENTED_EDGE ( 'NONE', *, *, #413, .T. ) ;
#809 = ORIENTED_EDGE ( 'NONE', *, *, #116, .T. ) ;
#810 = CARTESIAN_POINT ( 'NONE',  ( 1.673192239858905639, 3.700000000000000178, 7.540035273368637547 ) ) ;
#811 = ORIENTED_EDGE ( 'NONE', *, *, #841, .T. ) ;
#812 = CARTESIAN_POINT ( 'NONE',  ( -7.126807760141092629, 5.200000000000000178, 1.240035273368635504 ) ) ;
#813 = APPLICATION_CONTEXT ( 'configuration controlled 3d designs of mechanical parts and assemblies' ) ;
#814 = DIRECTION ( 'NONE',  ( -0.000000000000000000, -1.000000000000000000, -0.000000000000000000 ) ) ;
#815 = EDGE_CURVE ( 'NONE', #958, #1121, #1465, .T. ) ;
#816 = VERTEX_POINT ( 'NONE', #620 ) ;
#817 = PLANE ( 'NONE',  #876 ) ;
#818 = EDGE_CURVE ( 'NONE', #60, #958, #579, .T. ) ;
#819 = ORIENTED_EDGE ( 'NONE', *, *, #376, .T. ) ;
#820 = CARTESIAN_POINT ( 'NONE',  ( -11.42680776014109334, 3.199999999999999734, -14.05996472663136387 ) ) ;
#821 = AXIS2_PLACEMENT_3D ( 'NONE', #211, #329, #1406 ) ;
#822 = VECTOR ( 'NONE', #1187, 1000.000000000000000 ) ;
#823 = CARTESIAN_POINT ( 'NONE',  ( -7.126807760141092629, 5.200000000000000178, 0.7400352733686356155 ) ) ;
#824 = CIRCLE ( 'NONE', #779, 0.5000000000000000000 ) ;
#825 = CYLINDRICAL_SURFACE ( 'NONE', #1376, 0.5000000000000004441 ) ;
#826 = VERTEX_POINT ( 'NONE', #1095 ) ;
#827 = CARTESIAN_POINT ( 'NONE',  ( -11.42680776014109334, 5.200000000000000178, -14.05996472663136387 ) ) ;
#828 = ORIENTED_EDGE ( 'NONE', *, *, #787, .T. ) ;
#829 = CARTESIAN_POINT ( 'NONE',  ( 6.173192239858906305, -3.300000000000322675, 0.4400352733686220819 ) ) ;
#830 = ADVANCED_FACE ( 'NONE', ( #1103 ), #1483, .T. ) ;
#831 = CARTESIAN_POINT ( 'NONE',  ( -17.42680776014109156, 4.371572875253809443, 16.94003527336863613 ) ) ;
#832 = CARTESIAN_POINT ( 'NONE',  ( 1.173192239858905639, 5.200000000000000178, 7.040035273368637547 ) ) ;
#833 = ORIENTED_EDGE ( 'NONE', *, *, #1268, .F. ) ;
#834 = VECTOR ( 'NONE', #1458, 1000.000000000000000 ) ;
#835 = CARTESIAN_POINT ( 'NONE',  ( 1.173192239858905195, 5.200000000000000178, 4.140035273368636304 ) ) ;
#836 = ORIENTED_EDGE ( 'NONE', *, *, #818, .F. ) ;
#837 = DIRECTION ( 'NONE',  ( -0.000000000000000000, 1.000000000000000000, -0.000000000000000000 ) ) ;
#838 = DIRECTION ( 'NONE',  ( 0.000000000000000000, 0.000000000000000000, 1.000000000000000000 ) ) ;
#839 = EDGE_CURVE ( 'NONE', #1104, #1556, #1210, .T. ) ;
#840 = EDGE_CURVE ( 'NONE', #681, #358, #869, .T. ) ;
#841 = EDGE_CURVE ( 'NONE', #321, #1300, #1347, .T. ) ;
#842 = LINE ( 'NONE', #1320, #978 ) ;
#843 = VERTEX_POINT ( 'NONE', #754 ) ;
#844 = DIRECTION ( 'NONE',  ( 0.000000000000000000, 0.000000000000000000, 1.000000000000000000 ) ) ;
#845 = ORIENTED_EDGE ( 'NONE', *, *, #1433, .T. ) ;
#846 = LINE ( 'NONE', #467, #1375 ) ;
#847 = VECTOR ( 'NONE', #799, 1000.000000000000000 ) ;
#848 = CALENDAR_DATE ( 2026, 21, 7 ) ;
#849 = VECTOR ( 'NONE', #1265, 1000.000000000000000 ) ;
#850 = CIRCLE ( 'NONE', #1328, 1.000000000000000000 ) ;
#851 = DIRECTION ( 'NONE',  ( -0.000000000000000000, -1.000000000000000000, -0.000000000000000000 ) ) ;
#852 = ORIENTED_EDGE ( 'NONE', *, *, #277, .F. ) ;
#853 = DIRECTION ( 'NONE',  ( -1.000000000000000000, 0.000000000000000000, 0.000000000000000000 ) ) ;
#854 = EDGE_CURVE ( 'NONE', #542, #647, #411, .T. ) ;
#855 = DIRECTION ( 'NONE',  ( 1.445602896647338917E-16, 0.000000000000000000, -1.000000000000000000 ) ) ;
#856 = DIRECTION ( 'NONE',  ( -0.5504861112736035844, -0.5903240810329805077, -0.5903240810329805077 ) ) ;
#857 = EDGE_CURVE ( 'NONE', #1252, #1292, #877, .T. ) ;
#858 =( BOUNDED_CURVE ( )  B_SPLINE_CURVE ( 3, ( #941, #893, #886, #1357 ),
 .UNSPECIFIED., .F., .F. ) 
 B_SPLINE_CURVE_WITH_KNOTS ( ( 4, 4 ),
 ( 2.391101075232230144, 3.141592653589793116 ),
 .UNSPECIFIED. ) 
 CURVE ( )  GEOMETRIC_REPRESENTATION_ITEM ( )  RATIONAL_B_SPLINE_CURVE ( ( 1.000000000000000000, 0.9536117119880161974, 0.9536117119880161974, 1.000000000000000000 ) ) 
 REPRESENTATION_ITEM ( '' )  );
#859 = CARTESIAN_POINT ( 'NONE',  ( -15.02680776014109476, 3.700000000000000178, 14.14003527336863186 ) ) ;
#860 = EDGE_LOOP ( 'NONE', ( #1153, #811, #796, #1037, #1030, #129 ) ) ;
#861 = PLANE ( 'NONE',  #312 ) ;
#862 = CARTESIAN_POINT ( 'NONE',  ( 6.173192239858906305, -1.300000000000322675, 0.4400352733686220819 ) ) ;
#863 = CARTESIAN_POINT ( 'NONE',  ( -14.32490883026290973, -2.052694450001499860, 5.687340823367443399 ) ) ;
#864 = LINE ( 'NONE', #152, #1006 ) ;
#865 = ORIENTED_EDGE ( 'NONE', *, *, #1541, .F. ) ;
#866 = DIRECTION ( 'NONE',  ( -0.000000000000000000, 1.000000000000000000, -0.000000000000000000 ) ) ;
#867 = DIRECTION ( 'NONE',  ( 7.228014483236695816E-17, -0.000000000000000000, 1.000000000000000000 ) ) ;
#868 = EDGE_CURVE ( 'NONE', #923, #892, #513, .T. ) ;
#869 = LINE ( 'NONE', #35, #950 ) ;
#870 = VECTOR ( 'NONE', #1288, 1000.000000000000000 ) ;
#871 = VECTOR ( 'NONE', #41, 1000.000000000000000 ) ;
#872 = CARTESIAN_POINT ( 'NONE',  ( -15.02680776014109298, -5.299999999999998934, 6.440035273368619251 ) ) ;
#873 = VERTEX_POINT ( 'NONE', #998 ) ;
#874 = CARTESIAN_POINT ( 'NONE',  ( -0.8268077601410921407, 5.200000000000000178, 0.7400352733686356155 ) ) ;
#875 = LINE ( 'NONE', #13, #299 ) ;
#876 = AXIS2_PLACEMENT_3D ( 'NONE', #1299, #704, #1060 ) ;
#877 = LINE ( 'NONE', #650, #547 ) ;
#878 = ORIENTED_EDGE ( 'NONE', *, *, #139, .F. ) ;
#879 = CARTESIAN_POINT ( 'NONE',  ( 8.573192239858904884, 5.200000000000000178, 16.94003527336863613 ) ) ;
#880 = APPROVAL_DATE_TIME ( #400, #462 ) ;
#881 = PRODUCT_DEFINITION_SHAPE ( 'NONE', 'NONE',  #379 ) ;
#882 = CARTESIAN_POINT ( 'NONE',  ( -14.02680776014109476, 2.700000000000001066, 14.14003527336863186 ) ) ;
#883 = VERTEX_POINT ( 'NONE', #1473 ) ;
#884 = CARTESIAN_POINT ( 'NONE',  ( -14.02680776014109298, 3.700000000000000178, -1.059964726631362764 ) ) ;
#885 = UNCERTAINTY_MEASURE_WITH_UNIT (LENGTH_MEASURE( 1.000000000000000082E-05 ), #8, 'distance_accuracy_value', 'NONE');
#886 = CARTESIAN_POINT ( 'NONE',  ( -14.27795640455273052, -2.428109873273671671, 5.636990511176090735 ) ) ;
#887 = EDGE_CURVE ( 'NONE', #618, #629, #15, .T. ) ;
#888 = VECTOR ( 'NONE', #1225, 1000.000000000000000 ) ;
#889 = EDGE_CURVE ( 'NONE', #425, #178, #643, .T. ) ;
#890 = LINE ( 'NONE', #1016, #572 ) ;
#891 = VERTEX_POINT ( 'NONE', #292 ) ;
#892 = VERTEX_POINT ( 'NONE', #499 ) ;
#893 = CARTESIAN_POINT ( 'NONE',  ( -14.32490883026290795, -2.547305549999145935, 5.687340823367442511 ) ) ;
#894 = ORIENTED_EDGE ( 'NONE', *, *, #959, .T. ) ;
#895 = CARTESIAN_POINT ( 'NONE',  ( 5.173192239858903640, 3.700000000000000178, 14.14003527336863186 ) ) ;
#896 = ORIENTED_EDGE ( 'NONE', *, *, #1261, .T. ) ;
#897 = AXIS2_PLACEMENT_3D ( 'NONE', #1086, #867, #1096 ) ;
#898 = CARTESIAN_POINT ( 'NONE',  ( -14.02680776014109476, 3.700000000000000178, 14.14003527336863186 ) ) ;
#899 = AXIS2_PLACEMENT_3D ( 'NONE', #1258, #778, #1525 ) ;
#900 = EDGE_LOOP ( 'NONE', ( #83, #519, #1069, #230, #1077 ) ) ;
#901 = AXIS2_PLACEMENT_3D ( 'NONE', #1408, #1073, #108 ) ;
#902 = CARTESIAN_POINT ( 'NONE',  ( 1.173192239858905195, 3.700000000000000178, 4.640035273368635416 ) ) ;
#903 = DATE_AND_TIME ( #662, #1068 ) ;
#904 = FACE_BOUND ( 'NONE', #1543, .T. ) ;
#905 = EDGE_CURVE ( 'NONE', #1519, #892, #446, .T. ) ;
#906 = ORIENTED_EDGE ( 'NONE', *, *, #1433, .F. ) ;
#907 = EDGE_LOOP ( 'NONE', ( #1404, #183, #405, #845 ) ) ;
#908 = DIRECTION ( 'NONE',  ( -0.5504861112736038065, -0.5903240810329803967, 0.5903240810329802857 ) ) ;
#909 = LINE ( 'NONE', #435, #797 ) ;
#910 = ORIENTED_EDGE ( 'NONE', *, *, #109, .F. ) ;
#911 = VECTOR ( 'NONE', #919, 1000.000000000000000 ) ;
#912 = AXIS2_PLACEMENT_3D ( 'NONE', #291, #1355, #1236 ) ;
#913 = DIRECTION ( 'NONE',  ( 1.000000000000000000, -0.000000000000000000, -2.551063935260010491E-16 ) ) ;
#914 = EDGE_LOOP ( 'NONE', ( #1366, #558, #755, #1239 ) ) ;
#915 = LINE ( 'NONE', #180, #623 ) ;
#916 = VERTEX_POINT ( 'NONE', #1217 ) ;
#917 = ADVANCED_FACE ( 'NONE', ( #145 ), #1254, .F. ) ;
#918 = CARTESIAN_POINT ( 'NONE',  ( -0.8268077601410914745, 5.200000000000000178, 7.040035273368634883 ) ) ;
#919 = DIRECTION ( 'NONE',  ( -0.000000000000000000, -0.000000000000000000, -1.000000000000000000 ) ) ;
#920 = LINE ( 'NONE', #325, #1249 ) ;
#921 = ORIENTED_EDGE ( 'NONE', *, *, #1503, .T. ) ;
#922 = LINE ( 'NONE', #1027, #727 ) ;
#923 = VERTEX_POINT ( 'NONE', #441 ) ;
#924 = CIRCLE ( 'NONE', #622, 0.5000000000000004441 ) ;
#925 = AXIS2_PLACEMENT_3D ( 'NONE', #1147, #1511, #802 ) ;
#926 = VECTOR ( 'NONE', #401, 1000.000000000000000 ) ;
#927 = CARTESIAN_POINT ( 'NONE',  ( 5.558664033460958720, -1.959000819969074270, 0.4400352733686219708 ) ) ;
#928 = DIRECTION ( 'NONE',  ( 5.595882180570345426E-17, 0.000000000000000000, 1.000000000000000000 ) ) ;
#929 = ORIENTED_EDGE ( 'NONE', *, *, #62, .T. ) ;
#930 = LINE ( 'NONE', #1185, #1222 ) ;
#931 = VERTEX_POINT ( 'NONE', #682 ) ;
#932 = DIRECTION ( 'NONE',  ( 1.000000000000000000, 0.000000000000000000, -0.000000000000000000 ) ) ;
#933 = EDGE_CURVE ( 'NONE', #873, #60, #915, .T. ) ;
#934 = EDGE_CURVE ( 'NONE', #210, #1206, #922, .T. ) ;
#935 = CARTESIAN_POINT ( 'NONE',  ( 8.573192239858903108, 3.199999999999999734, -14.05996472663136387 ) ) ;
#936 = ORIENTED_EDGE ( 'NONE', *, *, #443, .F. ) ;
#937 = SECURITY_CLASSIFICATION ( '', '', #63 ) ;
#938 = CARTESIAN_POINT ( 'NONE',  ( -11.42680776014109334, 3.700000000000000178, -11.25996472663136316 ) ) ;
#939 = ORIENTED_EDGE ( 'NONE', *, *, #1425, .F. ) ;
#940 = CARTESIAN_POINT ( 'NONE',  ( 4.073192239858904884, 3.700000000000000178, 7.540035273368636659 ) ) ;
#941 = CARTESIAN_POINT ( 'NONE',  ( -14.41227955374314718, -2.640999180031571747, 5.781034453399870543 ) ) ;
#942 = PERSON_AND_ORGANIZATION ( #584, #188 ) ;
#943 = CARTESIAN_POINT ( 'NONE',  ( -0.8268077601410921407, 5.200000000000000178, 0.7400352733686356155 ) ) ;
#944 = ORIENTED_EDGE ( 'NONE', *, *, #475, .T. ) ;
#945 = DIRECTION ( 'NONE',  ( -0.000000000000000000, 1.000000000000000000, 0.000000000000000000 ) ) ;
#946 = EDGE_LOOP ( 'NONE', ( #546, #1462, #1323, #550 ) ) ;
#947 = DIRECTION ( 'NONE',  ( 7.228014483236695816E-17, -0.000000000000000000, 1.000000000000000000 ) ) ;
#948 = ADVANCED_FACE ( 'NONE', ( #535 ), #1155, .F. ) ;
#949 = LINE ( 'NONE', #1428, #822 ) ;
#950 = VECTOR ( 'NONE', #171, 1000.000000000000000 ) ;
#951 =( BOUNDED_CURVE ( )  B_SPLINE_CURVE ( 3, ( #1136, #1142, #1517, #1399 ),
 .UNSPECIFIED., .F., .F. ) 
 B_SPLINE_CURVE_WITH_KNOTS ( ( 4, 4 ),
 ( 2.391101075232233253, 3.141592653589793116 ),
 .UNSPECIFIED. ) 
 CURVE ( )  GEOMETRIC_REPRESENTATION_ITEM ( )  RATIONAL_B_SPLINE_CURVE ( ( 1.000000000000000000, 0.9536117119880165305, 0.9536117119880165305, 1.000000000000000000 ) ) 
 REPRESENTATION_ITEM ( '' )  );
#952 = VECTOR ( 'NONE', #461, 1000.000000000000000 ) ;
#953 = ADVANCED_FACE ( 'NONE', ( #209 ), #53, .F. ) ;
#954 = CARTESIAN_POINT ( 'NONE',  ( -17.42680776014109156, 5.200000000000000178, 16.94003527336863613 ) ) ;
#955 = ORIENTED_EDGE ( 'NONE', *, *, #815, .F. ) ;
#956 = EDGE_CURVE ( 'NONE', #321, #1041, #1402, .T. ) ;
#957 = DIRECTION ( 'NONE',  ( 1.000000000000000000, 0.000000000000000000, 0.000000000000000000 ) ) ;
#958 = VERTEX_POINT ( 'NONE', #203 ) ;
#959 = EDGE_CURVE ( 'NONE', #1495, #1041, #658, .T. ) ;
#960 = CARTESIAN_POINT ( 'NONE',  ( -1.326807760141092141, 5.200000000000000178, 1.240035273368635504 ) ) ;
#961 = DIRECTION ( 'NONE',  ( -0.000000000000000000, 1.000000000000000000, 0.000000000000000000 ) ) ;
#962 = DIRECTION ( 'NONE',  ( 0.000000000000000000, -1.000000000000000000, 0.000000000000000000 ) ) ;
#963 = ORIENTED_EDGE ( 'NONE', *, *, #841, .F. ) ;
#964 = VECTOR ( 'NONE', #113, 1000.000000000000000 ) ;
#965 = DIRECTION ( 'NONE',  ( 0.000000000000000000, 0.000000000000000000, 1.000000000000000000 ) ) ;
#966 = ORIENTED_EDGE ( 'NONE', *, *, #197, .T. ) ;
#967 = LINE ( 'NONE', #1080, #522 ) ;
#968 = PLANE ( 'NONE',  #601 ) ;
#969 = PERSON_AND_ORGANIZATION ( #584, #188 ) ;
#970 = CARTESIAN_POINT ( 'NONE',  ( -1.326807760141092141, 5.200000000000000178, 1.240035273368635504 ) ) ;
#971 = ORIENTED_EDGE ( 'NONE', *, *, #1107, .F. ) ;
#972 = DIRECTION ( 'NONE',  ( 0.000000000000000000, 0.000000000000000000, 1.000000000000000000 ) ) ;
#973 = LINE ( 'NONE', #1471, #1002 ) ;
#974 = FACE_BOUND ( 'NONE', #11, .T. ) ;
#975 = EDGE_CURVE ( 'NONE', #843, #1121, #1496, .T. ) ;
#976 = AXIS2_PLACEMENT_3D ( 'NONE', #1014, #1489, #1111 ) ;
#977 = AXIS2_PLACEMENT_3D ( 'NONE', #142, #646, #280 ) ;
#978 = VECTOR ( 'NONE', #242, 1000.000000000000000 ) ;
#979 = CARTESIAN_POINT ( 'NONE',  ( -15.02680776014109298, -3.300000000000322675, 6.440035273368619251 ) ) ;
#980 = ORIENTED_EDGE ( 'NONE', *, *, #305, .T. ) ;
#981 = DIRECTION ( 'NONE',  ( 1.141265444721584004E-16, 0.000000000000000000, -1.000000000000000000 ) ) ;
#982 = DIRECTION ( 'NONE',  ( 0.000000000000000000, -1.000000000000000000, -0.000000000000000000 ) ) ;
#983 = DIRECTION ( 'NONE',  ( 0.5504861112736039175, 0.5903240810329802857, -0.5903240810329802857 ) ) ;
#984 = DATE_AND_TIME ( #141, #688 ) ;
#985 = ADVANCED_FACE ( 'NONE', ( #1520 ), #1284, .F. ) ;
#986 = DIRECTION ( 'NONE',  ( -0.000000000000000000, 1.000000000000000000, 0.000000000000000000 ) ) ;
#987 = ORIENTED_EDGE ( 'NONE', *, *, #285, .T. ) ;
#988 = CARTESIAN_POINT ( 'NONE',  ( 4.073192239858904884, 5.200000000000000178, 7.040035273368636659 ) ) ;
#989 = CARTESIAN_POINT ( 'NONE',  ( 5.424340884270543839, -2.300000000000322675, 1.243080035561151764 ) ) ;
#990 = VERTEX_POINT ( 'NONE', #434 ) ;
#991 = LINE ( 'NONE', #645, #871 ) ;
#992 = LOCAL_TIME ( 10, 12, 30.00000000000000000, #310 ) ;
#993 = EDGE_CURVE ( 'NONE', #931, #1495, #1387, .T. ) ;
#994 = PLANE ( 'NONE',  #1455 ) ;
#995 = FACE_OUTER_BOUND ( 'NONE', #900, .T. ) ;
#996 = ORIENTED_EDGE ( 'NONE', *, *, #539, .T. ) ;
#997 = DIRECTION ( 'NONE',  ( 0.7313537016191716811, -0.6819983600624972553, 8.346687075271805953E-17 ) ) ;
#998 = CARTESIAN_POINT ( 'NONE',  ( 5.424340884270542951, -2.300000000000322675, 5.636990511176091623 ) ) ;
#999 = EDGE_CURVE ( 'NONE', #1490, #449, #1382, .T. ) ;
#1000 = ORIENTED_EDGE ( 'NONE', *, *, #252, .F. ) ;
#1001 = CALENDAR_DATE ( 2026, 21, 7 ) ;
#1002 = VECTOR ( 'NONE', #1464, 1000.000000000000000 ) ;
#1003 = DIRECTION ( 'NONE',  ( 1.365923996832131856E-16, 0.000000000000000000, -1.000000000000000000 ) ) ;
#1004 = ORIENTED_EDGE ( 'NONE', *, *, #1472, .F. ) ;
#1005 = LINE ( 'NONE', #393, #1414 ) ;
#1006 = VECTOR ( 'NONE', #1125, 1000.000000000000000 ) ;
#1007 = CYLINDRICAL_SURFACE ( 'NONE', #1349, 2.000000000000000000 ) ;
#1008 = EDGE_CURVE ( 'NONE', #873, #425, #590, .T. ) ;
#1009 = ADVANCED_FACE ( 'NONE', ( #1393 ), #320, .F. ) ;
#1010 = DATE_TIME_ROLE ( 'classification_date' ) ;
#1011 = CARTESIAN_POINT ( 'NONE',  ( 4.573192239858905772, 5.200000000000000178, 4.140035273368636304 ) ) ;
#1012 = ORIENTED_EDGE ( 'NONE', *, *, #744, .F. ) ;
#1013 = LINE ( 'NONE', #72, #911 ) ;
#1014 = CARTESIAN_POINT ( 'NONE',  ( -15.02680776014109298, -5.299999999999998934, 0.4400352733686194728 ) ) ;
#1015 = VERTEX_POINT ( 'NONE', #898 ) ;
#1016 = CARTESIAN_POINT ( 'NONE',  ( -15.02680776014109298, -5.299999999999998934, -1.059964726631363652 ) ) ;
#1017 = VERTEX_POINT ( 'NONE', #1274 ) ;
#1018 = CARTESIAN_POINT ( 'NONE',  ( -11.42680776014109334, -5.299999999999998934, -11.25996472663136316 ) ) ;
#1019 = CARTESIAN_POINT ( 'NONE',  ( 4.073192239858904884, 5.200000000000000178, 4.140035273368636304 ) ) ;
#1020 =( BOUNDED_CURVE ( )  B_SPLINE_CURVE ( 3, ( #354, #1160, #831, #206 ),
 .UNSPECIFIED., .F., .F. ) 
 B_SPLINE_CURVE_WITH_KNOTS ( ( 4, 4 ),
 ( 4.712388980384689674, 6.283185307179586232 ),
 .UNSPECIFIED. ) 
 CURVE ( )  GEOMETRIC_REPRESENTATION_ITEM ( )  RATIONAL_B_SPLINE_CURVE ( ( 1.000000000000000000, 0.8047378541243649375, 0.8047378541243649375, 1.000000000000000000 ) ) 
 REPRESENTATION_ITEM ( '' )  );
#1021 = ADVANCED_FACE ( 'NONE', ( #1046 ), #1035, .T. ) ;
#1022 = ADVANCED_FACE ( 'NONE', ( #187 ), #450, .T. ) ;
#1023 = CC_DESIGN_APPROVAL ( #422, ( #937 ) ) ;
#1024 = DIRECTION ( 'NONE',  ( -0.000000000000000000, 1.000000000000000000, -0.000000000000000000 ) ) ;
#1025 = EDGE_LOOP ( 'NONE', ( #293, #263, #656, #1228 ) ) ;
#1026 = AXIS2_PLACEMENT_3D ( 'NONE', #298, #58, #84 ) ;
#1027 = CARTESIAN_POINT ( 'NONE',  ( -17.52903985988546864, -5.983315408985558470, 9.123350682353855490 ) ) ;
#1028 = CARTESIAN_POINT ( 'NONE',  ( 8.573192239858904884, 3.199999999999999734, 16.94003527336863613 ) ) ;
#1029 = AXIS2_PLACEMENT_3D ( 'NONE', #1485, #525, #1131 ) ;
#1030 = ORIENTED_EDGE ( 'NONE', *, *, #31, .F. ) ;
#1031 = CARTESIAN_POINT ( 'NONE',  ( 6.173192239858906305, -3.300000000000323119, 0.4400352733686212492 ) ) ;
#1032 = DIRECTION ( 'NONE',  ( -1.141265444721583757E-16, 2.194893355835843366E-32, 1.000000000000000000 ) ) ;
#1033 = ADVANCED_FACE ( 'NONE', ( #223 ), #1192, .F. ) ;
#1034 = ORIENTED_EDGE ( 'NONE', *, *, #593, .T. ) ;
#1035 = CYLINDRICAL_SURFACE ( 'NONE', #899, 0.5000000000000004441 ) ;
#1036 = CARTESIAN_POINT ( 'NONE',  ( -0.8268077601410920296, 3.700000000000000178, 1.240035273368635504 ) ) ;
#1037 = ORIENTED_EDGE ( 'NONE', *, *, #109, .T. ) ;
#1038 = APPROVAL_PERSON_ORGANIZATION ( #253, #462, #135 ) ;
#1039 = FACE_OUTER_BOUND ( 'NONE', #1191, .T. ) ;
#1040 = CARTESIAN_POINT ( 'NONE',  ( -11.42680776014109334, 3.700000000000000178, -14.05996472663136387 ) ) ;
#1041 = VERTEX_POINT ( 'NONE', #938 ) ;
#1042 = DIRECTION ( 'NONE',  ( 1.445602896647339163E-16, -0.000000000000000000, -1.000000000000000000 ) ) ;
#1043 = ORIENTED_EDGE ( 'NONE', *, *, #488, .T. ) ;
#1044 = PLANE ( 'NONE',  #627 ) ;
#1045 = EDGE_LOOP ( 'NONE', ( #577, #543, #721, #1466 ) ) ;
#1046 = FACE_OUTER_BOUND ( 'NONE', #1373, .T. ) ;
#1047 = EDGE_LOOP ( 'NONE', ( #1251, #705, #1105, #1469 ) ) ;
#1048 = VECTOR ( 'NONE', #1120, 1000.000000000000000 ) ;
#1049 = EDGE_CURVE ( 'NONE', #1436, #440, #930, .T. ) ;
#1050 = AXIS2_PLACEMENT_3D ( 'NONE', #367, #752, #1325 ) ;
#1051 = EDGE_CURVE ( 'NONE', #916, #690, #1538, .T. ) ;
#1052 = CARTESIAN_POINT ( 'NONE',  ( 1.173192239858905195, 5.200000000000000178, 4.640035273368635416 ) ) ;
#1053 = ORIENTED_EDGE ( 'NONE', *, *, #756, .F. ) ;
#1054 = DIRECTION ( 'NONE',  ( -0.7313537016191716811, 0.6819983600624972553, -1.057247029534428310E-16 ) ) ;
#1055 = ORIENTED_EDGE ( 'NONE', *, *, #1394, .T. ) ;
#1056 = CALENDAR_DATE ( 2026, 21, 7 ) ;
#1057 = DIRECTION ( 'NONE',  ( 0.000000000000000000, 0.000000000000000000, -1.000000000000000000 ) ) ;
#1058 = DIRECTION ( 'NONE',  ( 0.000000000000000000, -0.000000000000000000, 1.000000000000000000 ) ) ;
#1059 = VERTEX_POINT ( 'NONE', #335 ) ;
#1060 = DIRECTION ( 'NONE',  ( 0.000000000000000000, 0.000000000000000000, 1.000000000000000000 ) ) ;
#1061 = ORIENTED_EDGE ( 'NONE', *, *, #49, .F. ) ;
#1062 = CARTESIAN_POINT ( 'NONE',  ( 6.173192239858904529, -5.299999999999998934, 14.14003527336863186 ) ) ;
#1063 = DIRECTION ( 'NONE',  ( 0.000000000000000000, -0.000000000000000000, -1.000000000000000000 ) ) ;
#1064 = CARTESIAN_POINT ( 'NONE',  ( -7.126807760141091741, 3.700000000000000178, 7.040035273368635771 ) ) ;
#1065 = CARTESIAN_POINT ( 'NONE',  ( 6.173192239858906305, -3.300000000000322675, 0.4400352733686220819 ) ) ;
#1066 = VERTEX_POINT ( 'NONE', #474 ) ;
#1067 = CARTESIAN_POINT ( 'NONE',  ( -15.02680776014109476, 2.700000000000001066, 14.14003527336863186 ) ) ;
#1068 = LOCAL_TIME ( 10, 12, 30.00000000000000000, #782 ) ;
#1069 = ORIENTED_EDGE ( 'NONE', *, *, #1008, .T. ) ;
#1070 = DIRECTION ( 'NONE',  ( 0.6819983600624972553, -0.7313537016191716811, 0.000000000000000000 ) ) ;
#1071 = FACE_OUTER_BOUND ( 'NONE', #946, .T. ) ;
#1072 = VECTOR ( 'NONE', #480, 1000.000000000000000 ) ;
#1073 = DIRECTION ( 'NONE',  ( -0.000000000000000000, 1.000000000000000000, 0.000000000000000000 ) ) ;
#1074 = EDGE_LOOP ( 'NONE', ( #208, #472, #1043, #296 ) ) ;
#1075 = FACE_OUTER_BOUND ( 'NONE', #1171, .T. ) ;
#1076 = EDGE_CURVE ( 'NONE', #1186, #1218, #1530, .T. ) ;
#1077 = ORIENTED_EDGE ( 'NONE', *, *, #395, .T. ) ;
#1078 = CARTESIAN_POINT ( 'NONE',  ( -15.02680776014109298, -5.299999999999998934, 6.440035273368619251 ) ) ;
#1079 = PRODUCT ( '按钮模型卡扣版', '按钮模型卡扣版', '', ( #278 ) ) ;
#1080 = CARTESIAN_POINT ( 'NONE',  ( -11.42680776014109334, 5.200000000000000178, -12.05996472663136387 ) ) ;
#1081 = DIRECTION ( 'NONE',  ( 1.000000000000000000, 0.000000000000000000, 0.000000000000000000 ) ) ;
#1082 = AXIS2_PLACEMENT_3D ( 'NONE', #1085, #486, #972 ) ;
#1083 = DIRECTION ( 'NONE',  ( 1.000000000000000000, 0.000000000000000000, -1.275531967630004752E-16 ) ) ;
#1084 = EDGE_LOOP ( 'NONE', ( #306, #402, #456, #485 ) ) ;
#1085 = CARTESIAN_POINT ( 'NONE',  ( 4.073192239858904884, 5.200000000000000178, 4.640035273368635416 ) ) ;
#1086 = CARTESIAN_POINT ( 'NONE',  ( -11.42680776014109156, 5.200000000000000178, -1.059964726631363652 ) ) ;
#1087 = AXIS2_PLACEMENT_3D ( 'NONE', #874, #1244, #1127 ) ;
#1088 = EDGE_CURVE ( 'NONE', #789, #1336, #1177, .T. ) ;
#1089 = CARTESIAN_POINT ( 'NONE',  ( 7.744765115112714149, 5.199999999999998401, 16.11160814862244806 ) ) ;
#1090 = DATE_AND_TIME ( #848, #1238 ) ;
#1091 = LINE ( 'NONE', #1342, #244 ) ;
#1092 = DIRECTION ( 'NONE',  ( 0.000000000000000000, 1.000000000000000000, -0.000000000000000000 ) ) ;
#1093 = VERTEX_POINT ( 'NONE', #575 ) ;
#1094 = LINE ( 'NONE', #768, #532 ) ;
#1095 = CARTESIAN_POINT ( 'NONE',  ( 8.573192239858908437, -5.299999999999998934, -14.05996472663136387 ) ) ;
#1096 = DIRECTION ( 'NONE',  ( 1.000000000000000000, 0.000000000000000000, -7.228014483236695816E-17 ) ) ;
#1097 = EDGE_CURVE ( 'NONE', #826, #625, #1322, .T. ) ;
#1098 = AXIS2_PLACEMENT_3D ( 'NONE', #667, #544, #426 ) ;
#1099 = COORDINATED_UNIVERSAL_TIME_OFFSET ( 8, 0, .AHEAD. ) ;
#1100 = LINE ( 'NONE', #484, #1253 ) ;
#1101 = ORIENTED_EDGE ( 'NONE', *, *, #1162, .T. ) ;
#1102 = LINE ( 'NONE', #383, #834 ) ;
#1103 = FACE_OUTER_BOUND ( 'NONE', #1552, .T. ) ;
#1104 = VERTEX_POINT ( 'NONE', #810 ) ;
#1105 = ORIENTED_EDGE ( 'NONE', *, *, #1394, .F. ) ;
#1106 = CARTESIAN_POINT ( 'NONE',  ( -15.02680776014109298, -3.300000000000322675, 0.4400352733686194728 ) ) ;
#1107 = EDGE_CURVE ( 'NONE', #1358, #990, #571, .T. ) ;
#1108 = VERTEX_POINT ( 'NONE', #1418 ) ;
#1109 = DIRECTION ( 'NONE',  ( -0.000000000000000000, 1.000000000000000000, -0.000000000000000000 ) ) ;
#1110 = CIRCLE ( 'NONE', #1440, 2.000000000000000000 ) ;
#1111 = DIRECTION ( 'NONE',  ( -0.6819983600624970332, 0.000000000000000000, -0.7313537016191717921 ) ) ;
#1112 = APPROVAL_PERSON_ORGANIZATION ( #942, #422, #198 ) ;
#1113 = FACE_OUTER_BOUND ( 'NONE', #238, .T. ) ;
#1114 = DIRECTION ( 'NONE',  ( -0.000000000000000000, 1.000000000000000000, -0.000000000000000000 ) ) ;
#1115 = ADVANCED_FACE ( 'NONE', ( #341 ), #817, .T. ) ;
#1116 = CARTESIAN_POINT ( 'NONE',  ( -1.326807760141092141, 5.200000000000000178, 0.7400352733686356155 ) ) ;
#1117 = ADVANCED_FACE ( 'NONE', ( #102 ), #586, .T. ) ;
#1118 = ORIENTED_EDGE ( 'NONE', *, *, #1405, .T. ) ;
#1119 = LINE ( 'NONE', #39, #529 ) ;
#1120 = DIRECTION ( 'NONE',  ( 1.000000000000000000, 0.000000000000000000, 0.000000000000000000 ) ) ;
#1121 = VERTEX_POINT ( 'NONE', #245 ) ;
#1122 = AXIS2_PLACEMENT_3D ( 'NONE', #562, #1431, #1484 ) ;
#1123 = EDGE_CURVE ( 'NONE', #409, #1285, #824, .T. ) ;
#1124 = VECTOR ( 'NONE', #1042, 1000.000000000000000 ) ;
#1125 = DIRECTION ( 'NONE',  ( -1.116090471676254651E-16, -0.000000000000000000, -1.000000000000000000 ) ) ;
#1126 = ORIENTED_EDGE ( 'NONE', *, *, #443, .T. ) ;
#1127 = DIRECTION ( 'NONE',  ( 1.116090471676254651E-16, 0.000000000000000000, 1.000000000000000000 ) ) ;
#1128 = VECTOR ( 'NONE', #372, 1000.000000000000000 ) ;
#1129 = DIRECTION ( 'NONE',  ( 0.000000000000000000, 0.000000000000000000, -1.000000000000000000 ) ) ;
#1130 = CARTESIAN_POINT ( 'NONE',  ( -14.41227955374314718, -1.959000819969072493, 1.099036093337368403 ) ) ;
#1131 = DIRECTION ( 'NONE',  ( 0.000000000000000000, -0.000000000000000000, 1.000000000000000000 ) ) ;
#1132 = EDGE_LOOP ( 'NONE', ( #1423, #69, #424, #574 ) ) ;
#1133 = CARTESIAN_POINT ( 'NONE',  ( 5.424340884270542951, -2.300000000000322675, 5.636990511176091623 ) ) ;
#1134 = ORIENTED_EDGE ( 'NONE', *, *, #1319, .F. ) ;
#1135 = PERSON_AND_ORGANIZATION ( #584, #188 ) ;
#1136 = CARTESIAN_POINT ( 'NONE',  ( 5.558664033460958720, -2.640999180031570859, 1.099036093337373288 ) ) ;
#1137 = ORIENTED_EDGE ( 'NONE', *, *, #537, .F. ) ;
#1138 = DIRECTION ( 'NONE',  ( 1.445602896647338917E-16, 0.000000000000000000, -1.000000000000000000 ) ) ;
#1139 = VERTEX_POINT ( 'NONE', #1424 ) ;
#1140 = ADVANCED_BREP_SHAPE_REPRESENTATION ( '按钮模型卡扣版', ( #1243, #1365 ), #764 ) ;
#1141 = EDGE_CURVE ( 'NONE', #514, #290, #350, .T. ) ;
#1142 = CARTESIAN_POINT ( 'NONE',  ( 5.471293309980719499, -2.547305549999145047, 1.192729723369799544 ) ) ;
#1143 = CARTESIAN_POINT ( 'NONE',  ( -17.42680776014109156, 3.199999999999999734, 16.94003527336863613 ) ) ;
#1144 = ORIENTED_EDGE ( 'NONE', *, *, #1390, .F. ) ;
#1145 = ORIENTED_EDGE ( 'NONE', *, *, #840, .F. ) ;
#1146 = AXIS2_PLACEMENT_3D ( 'NONE', #1203, #982, #394 ) ;
#1147 = CARTESIAN_POINT ( 'NONE',  ( 5.173192239858904529, 2.700000000000001066, 14.14003527336863186 ) ) ;
#1148 = VECTOR ( 'NONE', #671, 1000.000000000000000 ) ;
#1149 = ORIENTED_EDGE ( 'NONE', *, *, #1541, .T. ) ;
#1150 = ADVANCED_FACE ( 'NONE', ( #1075 ), #1555, .F. ) ;
#1151 = CARTESIAN_POINT ( 'NONE',  ( -15.02680776014109476, -3.300000000000322675, 14.14003527336863186 ) ) ;
#1152 = ORIENTED_EDGE ( 'NONE', *, *, #509, .F. ) ;
#1153 = ORIENTED_EDGE ( 'NONE', *, *, #956, .F. ) ;
#1154 = ADVANCED_FACE ( 'NONE', ( #596 ), #1435, .T. ) ;
#1155 = CYLINDRICAL_SURFACE ( 'NONE', #1026, 0.4999999999999995559 ) ;
#1156 = ORIENTED_EDGE ( 'NONE', *, *, #933, .F. ) ;
#1157 = FACE_OUTER_BOUND ( 'NONE', #340, .T. ) ;
#1158 = CARTESIAN_POINT ( 'NONE',  ( -14.27795640455273229, -2.300000000000322675, 14.14003527336863186 ) ) ;
#1159 = LOCAL_TIME ( 10, 12, 30.00000000000000000, #1477 ) ;
#1160 = CARTESIAN_POINT ( 'NONE',  ( -16.59838063539489639, 5.199999999999998401, 16.11160814862244806 ) ) ;
#1161 = CARTESIAN_POINT ( 'NONE',  ( 7.744765115112711484, 5.199999999999998401, -13.23153760188517403 ) ) ;
#1162 = EDGE_CURVE ( 'NONE', #1199, #762, #149, .T. ) ;
#1163 = ORIENTED_EDGE ( 'NONE', *, *, #905, .T. ) ;
#1164 = DIRECTION ( 'NONE',  ( -1.000000000000000000, -0.000000000000000000, -0.000000000000000000 ) ) ;
#1165 = ADVANCED_FACE ( 'NONE', ( #695 ), #1170, .T. ) ;
#1166 = ORIENTED_EDGE ( 'NONE', *, *, #555, .T. ) ;
#1167 = CYLINDRICAL_SURFACE ( 'NONE', #821, 0.4999999999999995559 ) ;
#1168 = DIRECTION ( 'NONE',  ( -1.141265444721583757E-16, 0.000000000000000000, 1.000000000000000000 ) ) ;
#1169 = ORIENTED_EDGE ( 'NONE', *, *, #1290, .T. ) ;
#1170 = PLANE ( 'NONE',  #375 ) ;
#1171 = EDGE_LOOP ( 'NONE', ( #1282, #1272, #665, #1053 ) ) ;
#1172 = CARTESIAN_POINT ( 'NONE',  ( 8.573192239858903108, 3.199999999999999734, -14.05996472663136387 ) ) ;
#1173 = AXIS2_PLACEMENT_3D ( 'NONE', #970, #37, #167 ) ;
#1174 = AXIS2_PLACEMENT_3D ( 'NONE', #702, #491, #151 ) ;
#1175 = DIRECTION ( 'NONE',  ( 1.000000000000000000, 0.000000000000000000, -0.000000000000000000 ) ) ;
#1176 = ORIENTED_EDGE ( 'NONE', *, *, #1088, .F. ) ;
#1177 = LINE ( 'NONE', #357, #1072 ) ;
#1178 = VERTEX_POINT ( 'NONE', #1213 ) ;
#1179 = CARTESIAN_POINT ( 'NONE',  ( -15.02680776014109298, -1.300000000000322675, 0.4400352733686194728 ) ) ;
#1180 = DIRECTION ( 'NONE',  ( -0.6819983600624973663, 0.000000000000000000, 0.7313537016191715701 ) ) ;
#1181 = EDGE_CURVE ( 'NONE', #463, #449, #1241, .T. ) ;
#1182 = DIRECTION ( 'NONE',  ( 0.5504861112736035844, 0.5903240810329805077, 0.5903240810329805077 ) ) ;
#1183 = CARTESIAN_POINT ( 'NONE',  ( -14.27795640455272874, -2.171890126726974124, 5.636990511176090735 ) ) ;
#1184 = VERTEX_POINT ( 'NONE', #1106 ) ;
#1185 = CARTESIAN_POINT ( 'NONE',  ( -13.72694692910516245, -2.693930082589941932, 5.046105190779002214 ) ) ;
#1186 = VERTEX_POINT ( 'NONE', #1468 ) ;
#1187 = DIRECTION ( 'NONE',  ( -1.000000000000000000, 0.000000000000000000, 7.228014483236695816E-17 ) ) ;
#1188 = PLANE ( 'NONE',  #370 ) ;
#1189 = EDGE_CURVE ( 'NONE', #1556, #1384, #640, .T. ) ;
#1190 = DIRECTION ( 'NONE',  ( 0.000000000000000000, 0.000000000000000000, -1.000000000000000000 ) ) ;
#1191 = EDGE_LOOP ( 'NONE', ( #767, #775, #442, #1457, #1392 ) ) ;
#1192 = PLANE ( 'NONE',  #730 ) ;
#1193 = EDGE_LOOP ( 'NONE', ( #481, #313, #1501, #1417 ) ) ;
#1194 = CARTESIAN_POINT ( 'NONE',  ( 8.573192239858904884, 4.371572875253809443, 16.94003527336863613 ) ) ;
#1195 = VECTOR ( 'NONE', #283, 1000.000000000000000 ) ;
#1196 = CARTESIAN_POINT ( 'NONE',  ( -7.626807760141092629, 3.700000000000000178, 0.7400352733686356155 ) ) ;
#1197 = VECTOR ( 'NONE', #1335, 1000.000000000000000 ) ;
#1198 = CARTESIAN_POINT ( 'NONE',  ( 5.924340884270543839, -2.300000000000322675, 0.4400352733686220263 ) ) ;
#1199 = VERTEX_POINT ( 'NONE', #758 ) ;
#1200 = CARTESIAN_POINT ( 'NONE',  ( -1.326807760141091475, 3.700000000000000178, 7.040035273368634883 ) ) ;
#1201 = ORIENTED_EDGE ( 'NONE', *, *, #362, .F. ) ;
#1202 = CARTESIAN_POINT ( 'NONE',  ( 5.424340884270542951, -2.171890126726975012, 5.636990511176092511 ) ) ;
#1203 = CARTESIAN_POINT ( 'NONE',  ( 1.673192239858905639, 5.200000000000000178, 7.040035273368637547 ) ) ;
#1204 = PERSON_AND_ORGANIZATION_ROLE ( 'design_owner' ) ;
#1205 = CARTESIAN_POINT ( 'NONE',  ( 1.673192239858905639, 3.700000000000000178, 7.040035273368637547 ) ) ;
#1206 = VERTEX_POINT ( 'NONE', #979 ) ;
#1207 = LINE ( 'NONE', #642, #557 ) ;
#1208 = ADVANCED_FACE ( 'NONE', ( #995 ), #1234, .T. ) ;
#1209 = EDGE_CURVE ( 'NONE', #1259, #392, #160, .T. ) ;
#1210 = LINE ( 'NONE', #25, #64 ) ;
#1211 = APPROVAL_ROLE ( '' ) ;
#1212 = PLANE ( 'NONE',  #1327 ) ;
#1213 = CARTESIAN_POINT ( 'NONE',  ( -0.8268077601410920296, 5.200000000000000178, 1.240035273368635504 ) ) ;
#1214 =( BOUNDED_CURVE ( )  B_SPLINE_CURVE ( 3, ( #773, #655, #1250, #192 ),
 .UNSPECIFIED., .F., .F. ) 
 B_SPLINE_CURVE_WITH_KNOTS ( ( 4, 4 ),
 ( 0.000000000000000000, 0.7504915783575609733 ),
 .UNSPECIFIED. ) 
 CURVE ( )  GEOMETRIC_REPRESENTATION_ITEM ( )  RATIONAL_B_SPLINE_CURVE ( ( 1.000000000000000000, 0.9536117119880165305, 0.9536117119880165305, 1.000000000000000000 ) ) 
 REPRESENTATION_ITEM ( '' )  );
#1215 = ORIENTED_EDGE ( 'NONE', *, *, #1123, .T. ) ;
#1216 = LINE ( 'NONE', #24, #159 ) ;
#1217 = CARTESIAN_POINT ( 'NONE',  ( -15.02680776014109298, 2.700000000000001066, -1.059964726631363652 ) ) ;
#1218 = VERTEX_POINT ( 'NONE', #510 ) ;
#1219 = PLANE ( 'NONE',  #371 ) ;
#1220 = AXIS2_PLACEMENT_3D ( 'NONE', #568, #452, #932 ) ;
#1221 = PERSON_AND_ORGANIZATION ( #584, #188 ) ;
#1222 = VECTOR ( 'NONE', #93, 1000.000000000000000 ) ;
#1223 = CARTESIAN_POINT ( 'NONE',  ( -1.326807760141092585, 3.700000000000000178, 0.7400352733686356155 ) ) ;
#1224 = EDGE_LOOP ( 'NONE', ( #433, #496, #1498, #1381 ) ) ;
#1225 = DIRECTION ( 'NONE',  ( -1.141265444721584004E-16, 0.000000000000000000, 1.000000000000000000 ) ) ;
#1226 =( BOUNDED_CURVE ( )  B_SPLINE_CURVE ( 3, ( #1130, #1374, #531, #1493 ),
 .UNSPECIFIED., .F., .F. ) 
 B_SPLINE_CURVE_WITH_KNOTS ( ( 4, 4 ),
 ( 5.532693728822020596, 6.283185307179586232 ),
 .UNSPECIFIED. ) 
 CURVE ( )  GEOMETRIC_REPRESENTATION_ITEM ( )  RATIONAL_B_SPLINE_CURVE ( ( 1.000000000000000000, 0.9536117119880158643, 0.9536117119880158643, 1.000000000000000000 ) ) 
 REPRESENTATION_ITEM ( '' )  );
#1227 = DIRECTION ( 'NONE',  ( 0.000000000000000000, -1.000000000000000000, 0.000000000000000000 ) ) ;
#1228 = ORIENTED_EDGE ( 'NONE', *, *, #1547, .F. ) ;
#1229 = EDGE_CURVE ( 'NONE', #392, #319, #391, .T. ) ;
#1230 = EDGE_CURVE ( 'NONE', #392, #1178, #92, .T. ) ;
#1231 = EDGE_CURVE ( 'NONE', #629, #514, #262, .T. ) ;
#1232 = APPLICATION_PROTOCOL_DEFINITION ( 'international standard', 'config_control_design', 1994, #56 ) ;
#1233 = AXIS2_PLACEMENT_3D ( 'NONE', #1407, #1057, #218 ) ;
#1234 = PLANE ( 'NONE',  #977 ) ;
#1235 = ORIENTED_EDGE ( 'NONE', *, *, #423, .T. ) ;
#1236 = DIRECTION ( 'NONE',  ( 0.000000000000000000, 0.000000000000000000, -1.000000000000000000 ) ) ;
#1237 = CARTESIAN_POINT ( 'NONE',  ( -15.42680776014109156, 5.200000000000000178, 14.94003527336863613 ) ) ;
#1238 = LOCAL_TIME ( 10, 12, 30.00000000000000000, #616 ) ;
#1239 = ORIENTED_EDGE ( 'NONE', *, *, #413, .F. ) ;
#1240 = DATE_AND_TIME ( #1056, #992 ) ;
#1241 = LINE ( 'NONE', #624, #1197 ) ;
#1242 = ORIENTED_EDGE ( 'NONE', *, *, #1396, .F. ) ;
#1243 = MANIFOLD_SOLID_BREP ( '圆角5', #79 ) ;
#1244 = DIRECTION ( 'NONE',  ( -1.000000000000000000, 0.000000000000000000, 1.116090471676254651E-16 ) ) ;
#1245 = LINE ( 'NONE', #737, #1195 ) ;
#1246 = EDGE_LOOP ( 'NONE', ( #936, #387, #1474, #51 ) ) ;
#1247 = VECTOR ( 'NONE', #500, 1000.000000000000000 ) ;
#1248 = CARTESIAN_POINT ( 'NONE',  ( 6.173192239858908081, -5.299999999999998934, -11.25996472663136316 ) ) ;
#1249 = VECTOR ( 'NONE', #800, 1000.000000000000000 ) ;
#1250 = CARTESIAN_POINT ( 'NONE',  ( -14.32490883026290973, -2.547305549999145047, 1.192729723369798212 ) ) ;
#1251 = ORIENTED_EDGE ( 'NONE', *, *, #1189, .T. ) ;
#1252 = VERTEX_POINT ( 'NONE', #495 ) ;
#1253 = VECTOR ( 'NONE', #851, 1000.000000000000000 ) ;
#1254 = CYLINDRICAL_SURFACE ( 'NONE', #1098, 0.5000000000000004441 ) ;
#1255 = LINE ( 'NONE', #1248, #344 ) ;
#1256 = LINE ( 'NONE', #541, #1148 ) ;
#1257 = VERTEX_POINT ( 'NONE', #1456 ) ;
#1258 = CARTESIAN_POINT ( 'NONE',  ( 5.924340884270543839, -2.300000000000322675, 0.4400352733686220263 ) ) ;
#1259 = VERTEX_POINT ( 'NONE', #1223 ) ;
#1260 = CC_DESIGN_PERSON_AND_ORGANIZATION_ASSIGNMENT ( #765, #406, ( #937 ) ) ;
#1261 = EDGE_CURVE ( 'NONE', #762, #883, #864, .T. ) ;
#1262 = DIRECTION ( 'NONE',  ( 1.141265444721584004E-16, 0.000000000000000000, -1.000000000000000000 ) ) ;
#1263 = EDGE_LOOP ( 'NONE', ( #1409, #1169, #1486, #641, #1510, #214 ) ) ;
#1264 = ADVANCED_FACE ( 'NONE', ( #631, #741 ), #32, .F. ) ;
#1265 = DIRECTION ( 'NONE',  ( 0.000000000000000000, -1.000000000000000000, 0.000000000000000000 ) ) ;
#1266 = CARTESIAN_POINT ( 'NONE',  ( 8.573192239858903108, 5.200000000000000178, -14.05996472663136387 ) ) ;
#1267 = ORIENTED_EDGE ( 'NONE', *, *, #868, .F. ) ;
#1268 = EDGE_CURVE ( 'NONE', #690, #1015, #1352, .T. ) ;
#1269 = CARTESIAN_POINT ( 'NONE',  ( 4.573192239858905772, 3.700000000000000178, 4.640035273368635416 ) ) ;
#1270 = AXIS2_PLACEMENT_3D ( 'NONE', #1064, #468, #1279 ) ;
#1271 = VERTEX_POINT ( 'NONE', #766 ) ;
#1272 = ORIENTED_EDGE ( 'NONE', *, *, #376, .F. ) ;
#1273 = VECTOR ( 'NONE', #259, 1000.000000000000000 ) ;
#1274 = CARTESIAN_POINT ( 'NONE',  ( -7.626807760141090853, 3.700000000000000178, 7.040035273368635771 ) ) ;
#1275 = AXIS2_PLACEMENT_3D ( 'NONE', #605, #1443, #1293 ) ;
#1276 = ORIENTED_EDGE ( 'NONE', *, *, #840, .T. ) ;
#1277 = EDGE_CURVE ( 'NONE', #290, #816, #1100, .T. ) ;
#1278 = EDGE_CURVE ( 'NONE', #1015, #1300, #1330, .T. ) ;
#1279 = DIRECTION ( 'NONE',  ( 0.000000000000000000, 0.000000000000000000, 1.000000000000000000 ) ) ;
#1280 = EDGE_CURVE ( 'NONE', #1300, #1252, #850, .T. ) ;
#1281 = FACE_OUTER_BOUND ( 'NONE', #728, .T. ) ;
#1282 = ORIENTED_EDGE ( 'NONE', *, *, #148, .F. ) ;
#1283 = ORIENTED_EDGE ( 'NONE', *, *, #818, .T. ) ;
#1284 = CYLINDRICAL_SURFACE ( 'NONE', #1524, 0.5000000000000004441 ) ;
#1285 = VERTEX_POINT ( 'NONE', #501 ) ;
#1286 = DIRECTION ( 'NONE',  ( 0.000000000000000000, 0.000000000000000000, 1.000000000000000000 ) ) ;
#1287 = EDGE_CURVE ( 'NONE', #449, #1104, #1499, .T. ) ;
#1288 = DIRECTION ( 'NONE',  ( 1.275531967630004752E-16, 0.000000000000000000, 1.000000000000000000 ) ) ;
#1289 = DIRECTION ( 'NONE',  ( 0.000000000000000000, 0.000000000000000000, -1.000000000000000000 ) ) ;
#1290 = EDGE_CURVE ( 'NONE', #1059, #789, #617, .T. ) ;
#1291 = VERTEX_POINT ( 'NONE', #1031 ) ;
#1292 = VERTEX_POINT ( 'NONE', #1377 ) ;
#1293 = DIRECTION ( 'NONE',  ( 0.000000000000000000, 0.000000000000000000, 1.000000000000000000 ) ) ;
#1294 = ORIENTED_EDGE ( 'NONE', *, *, #551, .F. ) ;
#1295 = CARTESIAN_POINT ( 'NONE',  ( 1.173192239858905639, 3.700000000000000178, 7.040035273368637547 ) ) ;
#1296 = PLANE ( 'NONE',  #1233 ) ;
#1297 = LINE ( 'NONE', #355, #66 ) ;
#1298 = ORIENTED_EDGE ( 'NONE', *, *, #1141, .F. ) ;
#1299 = CARTESIAN_POINT ( 'NONE',  ( 4.573192239858905772, 5.200000000000000178, 4.140035273368636304 ) ) ;
#1300 = VERTEX_POINT ( 'NONE', #895 ) ;
#1301 = VECTOR ( 'NONE', #273, 1000.000000000000000 ) ;
#1302 = CC_DESIGN_PERSON_AND_ORGANIZATION_ASSIGNMENT ( #1135, #55, ( #107 ) ) ;
#1303 = CARTESIAN_POINT ( 'NONE',  ( -7.126807760141091741, 5.200000000000000178, 7.540035273368636659 ) ) ;
#1304 = VECTOR ( 'NONE', #556, 1000.000000000000000 ) ;
#1305 = CARTESIAN_POINT ( 'NONE',  ( -15.02680776014109476, -1.300000000000322675, 14.14003527336863186 ) ) ;
#1306 = FACE_OUTER_BOUND ( 'NONE', #1518, .T. ) ;
#1307 = CARTESIAN_POINT ( 'NONE',  ( -14.77795640455273407, -2.300000000000322675, 14.14003527336863186 ) ) ;
#1308 = ORIENTED_EDGE ( 'NONE', *, *, #975, .T. ) ;
#1309 = DIRECTION ( 'NONE',  ( 0.000000000000000000, 0.000000000000000000, 1.000000000000000000 ) ) ;
#1310 = ORIENTED_EDGE ( 'NONE', *, *, #660, .F. ) ;
#1311 = LINE ( 'NONE', #714, #432 ) ;
#1312 = CARTESIAN_POINT ( 'NONE',  ( -11.42680776014109156, 5.200000000000000178, -1.059964726631363652 ) ) ;
#1313 = EDGE_CURVE ( 'NONE', #1257, #364, #1214, .T. ) ;
#1314 = CARTESIAN_POINT ( 'NONE',  ( 8.573192239858903108, 4.371572875253809443, -14.05996472663136210 ) ) ;
#1315 = ORIENTED_EDGE ( 'NONE', *, *, #609, .T. ) ;
#1316 = CARTESIAN_POINT ( 'NONE',  ( -7.626807760141090853, 5.200000000000000178, 7.540035273368636659 ) ) ;
#1317 = ORIENTED_EDGE ( 'NONE', *, *, #1189, .F. ) ;
#1318 = CYLINDRICAL_SURFACE ( 'NONE', #699, 2.000000000000000000 ) ;
#1319 = EDGE_CURVE ( 'NONE', #38, #1066, #304, .T. ) ;
#1320 = CARTESIAN_POINT ( 'NONE',  ( 5.558664033460958720, -2.640999180031570859, 0.4400352733686219708 ) ) ;
#1321 = ORIENTED_EDGE ( 'NONE', *, *, #660, .T. ) ;
#1322 = LINE ( 'NONE', #610, #473 ) ;
#1323 = ORIENTED_EDGE ( 'NONE', *, *, #560, .T. ) ;
#1324 = CARTESIAN_POINT ( 'NONE',  ( 5.558664033460957832, -1.959000819969073826, 5.781034453399870543 ) ) ;
#1325 = DIRECTION ( 'NONE',  ( -1.000000000000000000, 0.000000000000000000, 0.000000000000000000 ) ) ;
#1326 = DIRECTION ( 'NONE',  ( -1.000000000000000000, 0.000000000000000000, 0.000000000000000000 ) ) ;
#1327 = AXIS2_PLACEMENT_3D ( 'NONE', #164, #9, #1351 ) ;
#1328 = AXIS2_PLACEMENT_3D ( 'NONE', #1343, #255, #22 ) ;
#1329 = EDGE_CURVE ( 'NONE', #1041, #358, #201, .T. ) ;
#1330 = LINE ( 'NONE', #859, #276 ) ;
#1331 = ORIENTED_EDGE ( 'NONE', *, *, #1329, .T. ) ;
#1332 = LINE ( 'NONE', #884, #30 ) ;
#1333 = PLANE ( 'NONE',  #220 ) ;
#1334 = DATE_TIME_ROLE ( 'creation_date' ) ;
#1335 = DIRECTION ( 'NONE',  ( 1.275531967630004752E-16, 0.000000000000000000, 1.000000000000000000 ) ) ;
#1336 = VERTEX_POINT ( 'NONE', #664 ) ;
#1337 = DIRECTION ( 'NONE',  ( 0.000000000000000000, -1.000000000000000000, 0.000000000000000000 ) ) ;
#1338 = DIRECTION ( 'NONE',  ( -1.000000000000000000, 0.000000000000000000, 0.000000000000000000 ) ) ;
#1339 = EDGE_LOOP ( 'NONE', ( #652, #1149, #780, #246 ) ) ;
#1340 = DIRECTION ( 'NONE',  ( -0.7313537016191715701, 0.000000000000000000, -0.6819983600624973663 ) ) ;
#1341 =( NAMED_UNIT ( * ) PLANE_ANGLE_UNIT ( ) SI_UNIT ( $, .RADIAN. ) );
#1342 = CARTESIAN_POINT ( 'NONE',  ( 4.573192239858905772, 5.200000000000000178, 7.040035273368636659 ) ) ;
#1343 = CARTESIAN_POINT ( 'NONE',  ( 5.173192239858904529, 2.700000000000001066, 14.14003527336863186 ) ) ;
#1344 = ORIENTED_EDGE ( 'NONE', *, *, #639, .T. ) ;
#1345 = DIRECTION ( 'NONE',  ( 0.000000000000000000, 0.000000000000000000, 1.000000000000000000 ) ) ;
#1346 = ADVANCED_FACE ( 'NONE', ( #438, #904, #295 ), #783, .F. ) ;
#1347 = LINE ( 'NONE', #1364, #1301 ) ;
#1348 = PRODUCT_RELATED_PRODUCT_CATEGORY ( 'detail', '', ( #1079 ) ) ;
#1349 = AXIS2_PLACEMENT_3D ( 'NONE', #155, #1129, #1338 ) ;
#1350 = APPLICATION_PROTOCOL_DEFINITION ( 'international standard', 'config_control_design', 1994, #813 ) ;
#1351 = DIRECTION ( 'NONE',  ( 1.000000000000000000, 0.000000000000000000, 0.000000000000000000 ) ) ;
#1352 = CIRCLE ( 'NONE', #447, 1.000000000000000888 ) ;
#1353 = CARTESIAN_POINT ( 'NONE',  ( -7.626807760141092629, 5.200000000000000178, 0.7400352733686356155 ) ) ;
#1354 = ORIENTED_EDGE ( 'NONE', *, *, #715, .F. ) ;
#1355 = DIRECTION ( 'NONE',  ( 1.000000000000000000, 0.000000000000000000, -0.000000000000000000 ) ) ;
#1356 = DIRECTION ( 'NONE',  ( 0.000000000000000000, 1.000000000000000000, 0.000000000000000000 ) ) ;
#1357 = CARTESIAN_POINT ( 'NONE',  ( -14.27795640455273052, -2.300000000000322675, 5.636990511176090735 ) ) ;
#1358 = VERTEX_POINT ( 'NONE', #1269 ) ;
#1359 = EDGE_CURVE ( 'NONE', #290, #94, #1256, .T. ) ;
#1360 = FACE_OUTER_BOUND ( 'NONE', #1084, .T. ) ;
#1361 = DIRECTION ( 'NONE',  ( 0.000000000000000000, -0.000000000000000000, -1.000000000000000000 ) ) ;
#1362 = VERTEX_POINT ( 'NONE', #1391 ) ;
#1363 = LINE ( 'NONE', #633, #615 ) ;
#1364 = CARTESIAN_POINT ( 'NONE',  ( 5.173192239858904529, 3.700000000000000178, 14.14003527336863186 ) ) ;
#1365 = AXIS2_PLACEMENT_3D ( 'NONE', #267, #630, #1081 ) ;
#1366 = ORIENTED_EDGE ( 'NONE', *, *, #124, .T. ) ;
#1367 = DIRECTION ( 'NONE',  ( -1.000000000000000000, 0.000000000000000000, 5.595882180570345426E-17 ) ) ;
#1368 = EDGE_CURVE ( 'NONE', #465, #60, #951, .T. ) ;
#1369 = CARTESIAN_POINT ( 'NONE',  ( -1.326807760141091475, 3.700000000000000178, 7.540035273368635771 ) ) ;
#1370 = ORIENTED_EDGE ( 'NONE', *, *, #1097, .T. ) ;
#1371 = ORIENTED_EDGE ( 'NONE', *, *, #150, .T. ) ;
#1372 = CARTESIAN_POINT ( 'NONE',  ( 6.173192239858906305, -1.300000000000322675, 0.4400352733686220819 ) ) ;
#1373 = EDGE_LOOP ( 'NONE', ( #1156, #1061, #185, #836 ) ) ;
#1374 = CARTESIAN_POINT ( 'NONE',  ( -14.32490883026290973, -2.052694450001498971, 1.192729723369798212 ) ) ;
#1375 = VECTOR ( 'NONE', #482, 1000.000000000000000 ) ;
#1376 = AXIS2_PLACEMENT_3D ( 'NONE', #1307, #1168, #470 ) ;
#1377 = CARTESIAN_POINT ( 'NONE',  ( 6.173192239858908081, 2.700000000000001066, -11.25996472663136316 ) ) ;
#1378 = APPROVAL ( #739, '未指定' ) ;
#1379 = EDGE_CURVE ( 'NONE', #314, #681, #431, .T. ) ;
#1380 = ORIENTED_EDGE ( 'NONE', *, *, #165, .F. ) ;
#1381 = ORIENTED_EDGE ( 'NONE', *, *, #1405, .F. ) ;
#1382 = LINE ( 'NONE', #565, #849 ) ;
#1383 = DIRECTION ( 'NONE',  ( 0.000000000000000000, -1.000000000000000000, 0.000000000000000000 ) ) ;
#1384 = VERTEX_POINT ( 'NONE', #408 ) ;
#1385 = LINE ( 'NONE', #1369, #1429 ) ;
#1386 = ORIENTED_EDGE ( 'NONE', *, *, #1535, .T. ) ;
#1387 = LINE ( 'NONE', #315, #651 ) ;
#1388 = CARTESIAN_POINT ( 'NONE',  ( -15.02680776014109298, -5.299999999999998934, 0.4400352733686194728 ) ) ;
#1389 = ORIENTED_EDGE ( 'NONE', *, *, #1230, .F. ) ;
#1390 = EDGE_CURVE ( 'NONE', #1336, #1271, #50, .T. ) ;
#1391 = CARTESIAN_POINT ( 'NONE',  ( 4.573192239858905772, 5.200000000000000178, 7.040035273368636659 ) ) ;
#1392 = ORIENTED_EDGE ( 'NONE', *, *, #993, .F. ) ;
#1393 = FACE_OUTER_BOUND ( 'NONE', #585, .T. ) ;
#1394 = EDGE_CURVE ( 'NONE', #1104, #52, #685, .T. ) ;
#1395 = ORIENTED_EDGE ( 'NONE', *, *, #1051, .F. ) ;
#1396 = EDGE_CURVE ( 'NONE', #1218, #916, #890, .T. ) ;
#1397 = LINE ( 'NONE', #927, #847 ) ;
#1398 = LINE ( 'NONE', #592, #870 ) ;
#1399 = CARTESIAN_POINT ( 'NONE',  ( 5.424340884270543839, -2.300000000000322675, 1.243080035561151764 ) ) ;
#1400 = ORIENTED_EDGE ( 'NONE', *, *, #1503, .F. ) ;
#1401 = VECTOR ( 'NONE', #983, 1000.000000000000000 ) ;
#1402 = LINE ( 'NONE', #77, #748 ) ;
#1403 = VECTOR ( 'NONE', #1544, 1000.000000000000000 ) ;
#1404 = ORIENTED_EDGE ( 'NONE', *, *, #398, .F. ) ;
#1405 = EDGE_CURVE ( 'NONE', #1537, #1199, #1385, .T. ) ;
#1406 = DIRECTION ( 'NONE',  ( 0.000000000000000000, 0.000000000000000000, 1.000000000000000000 ) ) ;
#1407 = CARTESIAN_POINT ( 'NONE',  ( -11.42680776014109334, -5.299999999999998934, -11.25996472663136316 ) ) ;
#1408 = CARTESIAN_POINT ( 'NONE',  ( -7.126807760141092629, 5.200000000000000178, 1.240035273368635504 ) ) ;
#1409 = ORIENTED_EDGE ( 'NONE', *, *, #670, .T. ) ;
#1410 = DIRECTION ( 'NONE',  ( -0.6819983600624972553, -0.7313537016191716811, 0.000000000000000000 ) ) ;
#1411 = ORIENTED_EDGE ( 'NONE', *, *, #670, .F. ) ;
#1412 = VECTOR ( 'NONE', #612, 1000.000000000000000 ) ;
#1413 = PLANE ( 'NONE',  #1220 ) ;
#1414 = VECTOR ( 'NONE', #1337, 1000.000000000000000 ) ;
#1415 = EDGE_CURVE ( 'NONE', #1093, #826, #1500, .T. ) ;
#1416 = LINE ( 'NONE', #1065, #420 ) ;
#1417 = ORIENTED_EDGE ( 'NONE', *, *, #119, .F. ) ;
#1418 = CARTESIAN_POINT ( 'NONE',  ( -14.27795640455273052, -2.300000000000322675, 5.636990511176090735 ) ) ;
#1419 = ORIENTED_EDGE ( 'NONE', *, *, #678, .T. ) ;
#1420 = PLANE ( 'NONE',  #419 ) ;
#1421 = CARTESIAN_POINT ( 'NONE',  ( -7.126807760141091741, 3.700000000000000178, 7.540035273368636659 ) ) ;
#1422 = DIRECTION ( 'NONE',  ( -1.334402673828313093E-16, 0.000000000000000000, -1.000000000000000000 ) ) ;
#1423 = ORIENTED_EDGE ( 'NONE', *, *, #1229, .T. ) ;
#1424 = CARTESIAN_POINT ( 'NONE',  ( -14.02680776014109298, 3.700000000000000178, -1.059964726631363430 ) ) ;
#1425 = EDGE_CURVE ( 'NONE', #625, #816, #1494, .T. ) ;
#1426 = ORIENTED_EDGE ( 'NONE', *, *, #330, .T. ) ;
#1427 = AXIS2_PLACEMENT_3D ( 'NONE', #771, #1340, #1180 ) ;
#1428 = CARTESIAN_POINT ( 'NONE',  ( -11.42680776014109156, 5.200000000000000178, -1.059964726631363652 ) ) ;
#1429 = VECTOR ( 'NONE', #177, 1000.000000000000000 ) ;
#1430 = FACE_OUTER_BOUND ( 'NONE', #606, .T. ) ;
#1431 = DIRECTION ( 'NONE',  ( -0.000000000000000000, 1.000000000000000000, 0.000000000000000000 ) ) ;
#1432 = DIRECTION ( 'NONE',  ( -1.000000000000000000, 0.000000000000000000, -0.000000000000000000 ) ) ;
#1433 = EDGE_CURVE ( 'NONE', #1206, #1184, #793, .T. ) ;
#1434 = ORIENTED_EDGE ( 'NONE', *, *, #1319, .T. ) ;
#1435 = PLANE ( 'NONE',  #1479 ) ;
#1436 = VERTEX_POINT ( 'NONE', #73 ) ;
#1437 = DIRECTION ( 'NONE',  ( 0.000000000000000000, -1.000000000000000000, -0.000000000000000000 ) ) ;
#1438 = EDGE_CURVE ( 'NONE', #1436, #122, #920, .T. ) ;
#1439 = PLANE ( 'NONE',  #469 ) ;
#1440 = AXIS2_PLACEMENT_3D ( 'NONE', #1487, #736, #162 ) ;
#1441 = CARTESIAN_POINT ( 'NONE',  ( -1.326807760141091475, 5.200000000000000178, 7.540035273368635771 ) ) ;
#1442 = ORIENTED_EDGE ( 'NONE', *, *, #269, .T. ) ;
#1443 = DIRECTION ( 'NONE',  ( -0.000000000000000000, 1.000000000000000000, 0.000000000000000000 ) ) ;
#1444 = EDGE_LOOP ( 'NONE', ( #696, #921, #719, #669 ) ) ;
#1445 = DIRECTION ( 'NONE',  ( -1.000000000000000000, -0.000000000000000000, 0.000000000000000000 ) ) ;
#1446 = ADVANCED_FACE ( 'NONE', ( #1281 ), #207, .T. ) ;
#1447 = ADVANCED_FACE ( 'NONE', ( #594 ), #89, .F. ) ;
#1448 = ADVANCED_FACE ( 'NONE', ( #345 ), #825, .T. ) ;
#1449 = CARTESIAN_POINT ( 'NONE',  ( 8.573192239858904884, 3.199999999999999734, 16.94003527336863613 ) ) ;
#1450 = ORIENTED_EDGE ( 'NONE', *, *, #475, .F. ) ;
#1451 = DIRECTION ( 'NONE',  ( -0.000000000000000000, 1.000000000000000000, -0.000000000000000000 ) ) ;
#1452 = ADVANCED_FACE ( 'NONE', ( #563 ), #213, .T. ) ;
#1453 = AXIS2_PLACEMENT_3D ( 'NONE', #582, #117, #1536 ) ;
#1454 = CARTESIAN_POINT ( 'NONE',  ( -17.42680776014109156, 5.200000000000000178, -1.059964726631363208 ) ) ;
#1455 = AXIS2_PLACEMENT_3D ( 'NONE', #621, #757, #29 ) ;
#1456 = CARTESIAN_POINT ( 'NONE',  ( -14.27795640455273052, -2.300000000000322675, 1.243080035561151764 ) ) ;
#1457 = ORIENTED_EDGE ( 'NONE', *, *, #959, .F. ) ;
#1458 = DIRECTION ( 'NONE',  ( -0.000000000000000000, -1.000000000000000000, -0.000000000000000000 ) ) ;
#1459 = CARTESIAN_POINT ( 'NONE',  ( 1.673192239858905195, 5.200000000000000178, 4.640035273368635416 ) ) ;
#1460 = APPROVAL_DATE_TIME ( #984, #1378 ) ;
#1461 = DIRECTION ( 'NONE',  ( 1.000000000000000000, 0.000000000000000000, 0.000000000000000000 ) ) ;
#1462 = ORIENTED_EDGE ( 'NONE', *, *, #1438, .T. ) ;
#1463 = DIRECTION ( 'NONE',  ( 0.000000000000000000, -1.000000000000000000, -0.000000000000000000 ) ) ;
#1464 = DIRECTION ( 'NONE',  ( 0.000000000000000000, -1.000000000000000000, 0.000000000000000000 ) ) ;
#1465 = LINE ( 'NONE', #862, #1401 ) ;
#1466 = ORIENTED_EDGE ( 'NONE', *, *, #887, .F. ) ;
#1467 = PLANE ( 'NONE',  #1427 ) ;
#1468 = CARTESIAN_POINT ( 'NONE',  ( -17.42680776014108801, -5.299999999999998934, -1.059964726631363652 ) ) ;
#1469 = ORIENTED_EDGE ( 'NONE', *, *, #839, .T. ) ;
#1470 = DIRECTION ( 'NONE',  ( -1.141265444721583757E-16, 0.000000000000000000, 1.000000000000000000 ) ) ;
#1471 = CARTESIAN_POINT ( 'NONE',  ( 1.673192239858905195, 3.700000000000000178, 4.140035273368636304 ) ) ;
#1472 = EDGE_CURVE ( 'NONE', #465, #1291, #1416, .T. ) ;
#1473 = CARTESIAN_POINT ( 'NONE',  ( -0.8268077601410920296, 3.700000000000000178, 1.240035273368635504 ) ) ;
#1474 = ORIENTED_EDGE ( 'NONE', *, *, #1123, .F. ) ;
#1475 = CIRCLE ( 'NONE', #1122, 0.5000000000000000000 ) ;
#1476 = CIRCLE ( 'NONE', #1546, 0.5000000000000004441 ) ;
#1477 = COORDINATED_UNIVERSAL_TIME_OFFSET ( 8, 0, .AHEAD. ) ;
#1478 = CARTESIAN_POINT ( 'NONE',  ( -7.126807760141092629, 3.700000000000000178, 0.7400352733686356155 ) ) ;
#1479 = AXIS2_PLACEMENT_3D ( 'NONE', #1316, #720, #731 ) ;
#1480 = DIRECTION ( 'NONE',  ( 1.000000000000000000, -0.000000000000000000, -2.551063935260010491E-16 ) ) ;
#1481 = ORIENTED_EDGE ( 'NONE', *, *, #1209, .F. ) ;
#1482 = LINE ( 'NONE', #403, #807 ) ;
#1483 = PLANE ( 'NONE',  #976 ) ;
#1484 = DIRECTION ( 'NONE',  ( 0.000000000000000000, 0.000000000000000000, 1.000000000000000000 ) ) ;
#1485 = CARTESIAN_POINT ( 'NONE',  ( 0.000000000000000000, 3.700000000000000178, 0.000000000000000000 ) ) ;
#1486 = ORIENTED_EDGE ( 'NONE', *, *, #1088, .T. ) ;
#1487 = CARTESIAN_POINT ( 'NONE',  ( -15.42680776014109156, 3.199999999999999734, -1.059964726631363430 ) ) ;
#1488 = AXIS2_PLACEMENT_3D ( 'NONE', #520, #1470, #743 ) ;
#1489 = DIRECTION ( 'NONE',  ( 0.7313537016191717921, 0.000000000000000000, -0.6819983600624970332 ) ) ;
#1490 = VERTEX_POINT ( 'NONE', #832 ) ;
#1491 = ADVANCED_FACE ( 'NONE', ( #1542 ), #1044, .F. ) ;
#1492 = EDGE_CURVE ( 'NONE', #1495, #1093, #1297, .T. ) ;
#1493 = CARTESIAN_POINT ( 'NONE',  ( -14.27795640455273052, -2.300000000000322675, 1.243080035561151764 ) ) ;
#1494 = LINE ( 'NONE', #415, #300 ) ;
#1495 = VERTEX_POINT ( 'NONE', #1528 ) ;
#1496 = LINE ( 'NONE', #327, #1124 ) ;
#1497 = LINE ( 'NONE', #1036, #146 ) ;
#1498 = ORIENTED_EDGE ( 'NONE', *, *, #1162, .F. ) ;
#1499 = CIRCLE ( 'NONE', #653, 0.4999999999999995559 ) ;
#1500 = LINE ( 'NONE', #311, #1549 ) ;
#1501 = ORIENTED_EDGE ( 'NONE', *, *, #395, .F. ) ;
#1502 = VERTEX_POINT ( 'NONE', #1522 ) ;
#1503 = EDGE_CURVE ( 'NONE', #463, #1519, #363, .T. ) ;
#1504 = CARTESIAN_POINT ( 'NONE',  ( 4.073192239858904884, 5.200000000000000178, 4.640035273368635416 ) ) ;
#1505 = ORIENTED_EDGE ( 'NONE', *, *, #1261, .F. ) ;
#1506 = ADVANCED_FACE ( 'NONE', ( #692 ), #237, .T. ) ;
#1507 = CARTESIAN_POINT ( 'NONE',  ( -7.626807760141090853, 5.200000000000000178, 7.540035273368636659 ) ) ;
#1508 = EDGE_CURVE ( 'NONE', #629, #1271, #738, .T. ) ;
#1509 = VECTOR ( 'NONE', #805, 1000.000000000000000 ) ;
#1510 = ORIENTED_EDGE ( 'NONE', *, *, #661, .T. ) ;
#1511 = DIRECTION ( 'NONE',  ( -1.365923996832131856E-16, -0.000000000000000000, 1.000000000000000000 ) ) ;
#1512 = ADVANCED_FACE ( 'NONE', ( #332 ), #718, .F. ) ;
#1513 = CARTESIAN_POINT ( 'NONE',  ( 4.073192239858904884, 3.700000000000000178, 7.040035273368636659 ) ) ;
#1514 = ORIENTED_EDGE ( 'NONE', *, *, #168, .T. ) ;
#1515 = CC_DESIGN_APPROVAL ( #462, ( #379 ) ) ;
#1516 = DIRECTION ( 'NONE',  ( 1.141265444721584004E-16, 0.000000000000000000, -1.000000000000000000 ) ) ;
#1517 = CARTESIAN_POINT ( 'NONE',  ( 5.424340884270542951, -2.428109873273670782, 1.243080035561151320 ) ) ;
#1518 = EDGE_LOOP ( 'NONE', ( #1529, #910, #833, #1395 ) ) ;
#1519 = VERTEX_POINT ( 'NONE', #1052 ) ;
#1520 = FACE_OUTER_BOUND ( 'NONE', #759, .T. ) ;
#1521 = ORIENTED_EDGE ( 'NONE', *, *, #854, .T. ) ;
#1522 = CARTESIAN_POINT ( 'NONE',  ( 5.558664033460957832, -1.959000819969073826, 5.781034453399870543 ) ) ;
#1523 = ORIENTED_EDGE ( 'NONE', *, *, #398, .T. ) ;
#1524 = AXIS2_PLACEMENT_3D ( 'NONE', #1504, #307, #689 ) ;
#1525 = DIRECTION ( 'NONE',  ( -1.000000000000000000, 0.000000000000000000, -1.084202172485503448E-16 ) ) ;
#1526 = VECTOR ( 'NONE', #749, 1000.000000000000000 ) ;
#1527 = ORIENTED_EDGE ( 'NONE', *, *, #128, .T. ) ;
#1528 = CARTESIAN_POINT ( 'NONE',  ( -11.42680776014109334, -5.299999999999998934, -11.25996472663136316 ) ) ;
#1529 = ORIENTED_EDGE ( 'NONE', *, *, #6, .F. ) ;
#1530 = LINE ( 'NONE', #121, #17 ) ;
#1531 = ORIENTED_EDGE ( 'NONE', *, *, #287, .F. ) ;
#1532 = DIRECTION ( 'NONE',  ( -0.000000000000000000, 1.000000000000000000, 0.000000000000000000 ) ) ;
#1533 = EDGE_CURVE ( 'NONE', #319, #409, #1551, .T. ) ;
#1534 = CC_DESIGN_PERSON_AND_ORGANIZATION_ASSIGNMENT ( #969, #369, ( #379 ) ) ;
#1535 = EDGE_CURVE ( 'NONE', #618, #1093, #338, .T. ) ;
#1536 = DIRECTION ( 'NONE',  ( -1.000000000000000000, 0.000000000000000000, 1.275531967630005245E-16 ) ) ;
#1537 = VERTEX_POINT ( 'NONE', #1441 ) ;
#1538 = LINE ( 'NONE', #1067, #1403 ) ;
#1539 = ORIENTED_EDGE ( 'NONE', *, *, #854, .F. ) ;
#1540 = LINE ( 'NONE', #104, #249 ) ;
#1541 = EDGE_CURVE ( 'NONE', #425, #465, #842, .T. ) ;
#1542 = FACE_OUTER_BOUND ( 'NONE', #225, .T. ) ;
#1543 = EDGE_LOOP ( 'NONE', ( #1426, #1215, #1321, #1442, #564, #1101, #896, #683 ) ) ;
#1544 = DIRECTION ( 'NONE',  ( -1.141265444721584004E-16, 0.000000000000000000, 1.000000000000000000 ) ) ;
#1545 = ORIENTED_EDGE ( 'NONE', *, *, #715, .T. ) ;
#1546 = AXIS2_PLACEMENT_3D ( 'NONE', #1513, #668, #536 ) ;
#1547 = EDGE_CURVE ( 'NONE', #1108, #1436, #747, .T. ) ;
#1548 = CARTESIAN_POINT ( 'NONE',  ( 8.573192239858904884, 3.199999999999999734, 16.94003527336863613 ) ) ;
#1549 = VECTOR ( 'NONE', #318, 1000.000000000000000 ) ;
#1550 = CARTESIAN_POINT ( 'NONE',  ( 1.673192239858905195, 3.700000000000000178, 4.640035273368635416 ) ) ;
#1551 = LINE ( 'NONE', #478, #19 ) ;
#1552 = EDGE_LOOP ( 'NONE', ( #439, #987, #297, #1523, #204 ) ) ;
#1553 = EDGE_CURVE ( 'NONE', #675, #1066, #302, .T. ) ;
#1554 = ADVANCED_FACE ( 'NONE', ( #1113 ), #20, .T. ) ;
#1555 = CYLINDRICAL_SURFACE ( 'NONE', #798, 0.5000000000000004441 ) ;
#1556 = VERTEX_POINT ( 'NONE', #726 ) ;
#1557 = ADVANCED_FACE ( 'NONE', ( #1360, #636 ), #994, .F. ) ;
#1558 = DIRECTION ( 'NONE',  ( 0.000000000000000000, -1.000000000000000000, 0.000000000000000000 ) ) ;
ENDSEC;
END-ISO-10303-21;
